ISO-10303-21;
HEADER;
/* Generated by software containing ST-Developer
 * from STEP Tools, Inc. (www.steptools.com) 
 */

FILE_DESCRIPTION(
/* description */ (''),
/* implementation_level */ '2;1');

FILE_NAME(
/* name */ 'ESPHome-Indoor-Multi-Sensor-Corner-Corner-Mount-25.step',
/* time_stamp */ '2025-10-01T00:42:25-05:00',
/* author */ (''),
/* organization */ (''),
/* preprocessor_version */ 'ST-DEVELOPER v20.1',
/* originating_system */ 'Autodesk Translation Framework v14.17.0.0',
/* authorisation */ '');

FILE_SCHEMA (('AUTOMOTIVE_DESIGN { 1 0 10303 214 3 1 1 }'));
ENDSEC;

DATA;
#10=MECHANICAL_DESIGN_GEOMETRIC_PRESENTATION_REPRESENTATION('',(#13),#4380);
#11=SHAPE_REPRESENTATION_RELATIONSHIP('SRR','None',#4386,#12);
#12=ADVANCED_BREP_SHAPE_REPRESENTATION('',(#14),#4379);
#13=STYLED_ITEM('',(#4396),#14);
#14=MANIFOLD_SOLID_BREP('Corner Mount',#2106);
#15=CYLINDRICAL_SURFACE('',#2132,1.7);
#16=CYLINDRICAL_SURFACE('',#2135,3.15);
#17=CYLINDRICAL_SURFACE('',#2140,3.15);
#18=CYLINDRICAL_SURFACE('',#2143,3.15);
#19=CYLINDRICAL_SURFACE('',#2169,0.5);
#20=CYLINDRICAL_SURFACE('',#2176,0.5);
#21=CYLINDRICAL_SURFACE('',#2184,0.5);
#22=CYLINDRICAL_SURFACE('',#2185,0.5);
#23=CYLINDRICAL_SURFACE('',#2192,0.5);
#24=CYLINDRICAL_SURFACE('',#2193,3.);
#25=CYLINDRICAL_SURFACE('',#2194,0.5);
#26=CYLINDRICAL_SURFACE('',#2195,0.5);
#27=CYLINDRICAL_SURFACE('',#2196,3.);
#28=CYLINDRICAL_SURFACE('',#2197,1.);
#29=CYLINDRICAL_SURFACE('',#2198,0.5);
#30=CYLINDRICAL_SURFACE('',#2199,1.);
#31=CYLINDRICAL_SURFACE('',#2200,0.5);
#32=CYLINDRICAL_SURFACE('',#2202,0.5);
#33=CYLINDRICAL_SURFACE('',#2203,0.5);
#34=CYLINDRICAL_SURFACE('',#2205,0.5);
#35=CYLINDRICAL_SURFACE('',#2207,0.5);
#36=CYLINDRICAL_SURFACE('',#2209,0.5);
#37=CYLINDRICAL_SURFACE('',#2213,0.5);
#38=CYLINDRICAL_SURFACE('',#2216,0.5);
#39=CYLINDRICAL_SURFACE('',#2218,0.5);
#40=CONICAL_SURFACE('',#2128,2.425,0.785398163397448);
#41=CIRCLE('',#2126,3.15);
#42=CIRCLE('',#2127,3.15);
#43=CIRCLE('',#2129,3.15);
#44=CIRCLE('',#2130,1.7);
#45=CIRCLE('',#2131,3.15);
#46=CIRCLE('',#2144,3.15);
#47=CIRCLE('',#2146,3.15);
#48=CIRCLE('',#2155,0.500000000000005);
#49=CIRCLE('',#2157,0.499999999999998);
#50=CIRCLE('',#2158,0.499999999999999);
#51=CIRCLE('',#2160,0.499999999999998);
#52=CIRCLE('',#2163,0.499999999999998);
#53=CIRCLE('',#2165,0.499999999999999);
#54=CIRCLE('',#2167,0.499999999999998);
#55=CIRCLE('',#2168,0.5);
#56=CIRCLE('',#2173,0.499999999999998);
#57=CIRCLE('',#2175,0.499999999999999);
#58=CIRCLE('',#2178,0.499999999999998);
#59=CIRCLE('',#2180,0.499999999999999);
#60=CIRCLE('',#2182,0.499999999999998);
#61=CIRCLE('',#2183,0.500000000000001);
#62=CIRCLE('',#2189,0.499999999999999);
#63=CIRCLE('',#2191,0.499999999999998);
#64=ELLIPSE('',#2123,3.21689891473289,2.5);
#65=ELLIPSE('',#2124,3.21689891473289,2.5);
#66=ELLIPSE('',#2133,1.8318618009518,1.7);
#67=ELLIPSE('',#2136,3.42528868899044,3.15);
#68=ELLIPSE('',#2137,8.45555089721907,3.15);
#69=ELLIPSE('',#2138,3.39433216058715,3.15);
#70=ELLIPSE('',#2139,8.45555089721907,3.15);
#71=ELLIPSE('',#2141,8.01966334906332,3.15);
#72=ELLIPSE('',#2142,8.45555089721883,3.15);
#73=ELLIPSE('',#2145,3.39433216058713,3.15);
#74=ELLIPSE('',#2149,0.744554032971081,0.5);
#75=ELLIPSE('',#2151,0.551688959481246,0.5);
#76=ELLIPSE('',#2152,0.551688959481246,0.5);
#77=ELLIPSE('',#2154,0.55168895948124,0.499999999999995);
#78=ELLIPSE('',#2156,1.02682067958018,1.);
#79=ELLIPSE('',#2159,1.02682067958018,1.);
#80=ELLIPSE('',#2161,0.551688959481247,0.500000000000001);
#81=ELLIPSE('',#2162,1.02682067958018,1.);
#82=ELLIPSE('',#2164,0.551688959481248,0.500000000000002);
#83=ELLIPSE('',#2166,3.61917651235881,3.);
#84=ELLIPSE('',#2170,0.502549133220635,0.5);
#85=ELLIPSE('',#2171,2.61752616645425,0.5);
#86=ELLIPSE('',#2172,1.02682067958018,1.);
#87=ELLIPSE('',#2174,0.551688959481247,0.500000000000001);
#88=ELLIPSE('',#2177,3.21854279144111,3.);
#89=ELLIPSE('',#2179,2.75844479740623,2.5);
#90=ELLIPSE('',#2181,3.6191765123588,3.);
#91=ELLIPSE('',#2186,2.61752616645424,0.5);
#92=ELLIPSE('',#2187,0.502549133220615,0.5);
#93=ELLIPSE('',#2188,2.75844479740623,2.5);
#94=ELLIPSE('',#2190,3.2185427914411,3.);
#95=ELLIPSE('',#2201,0.707106781186547,0.5);
#96=ELLIPSE('',#2204,0.70710678118655,0.5);
#97=ELLIPSE('',#2206,0.535907582118605,0.5);
#98=ELLIPSE('',#2208,0.535907582118631,0.5);
#99=ELLIPSE('',#2210,0.74455403297129,0.5);
#100=ELLIPSE('',#2211,0.535907582118605,0.5);
#101=ELLIPSE('',#2212,0.744554032971297,0.5);
#102=ELLIPSE('',#2214,0.744554032971081,0.5);
#103=ELLIPSE('',#2215,0.535907582118635,0.5);
#104=ELLIPSE('',#2217,0.551688959481246,0.5);
#105=ELLIPSE('',#2219,0.551688959481246,0.5);
#106=FACE_BOUND('',#448,.T.);
#107=FACE_BOUND('',#450,.T.);
#108=FACE_BOUND('',#451,.T.);
#109=FACE_BOUND('',#452,.T.);
#110=FACE_BOUND('',#501,.T.);
#111=B_SPLINE_CURVE_WITH_KNOTS('',3,(#2662,#2663,#2664,#2665,#2666),
 .UNSPECIFIED.,.F.,.F.,(4,1,4),(0.,0.0174329186032306,0.0347586914789602),
 .UNSPECIFIED.);
#112=B_SPLINE_CURVE_WITH_KNOTS('',3,(#2668,#2669,#2670,#2671,#2672),
 .UNSPECIFIED.,.F.,.F.,(4,1,4),(-0.0347586914789602,-0.0174329186032306,
0.),.UNSPECIFIED.);
#113=B_SPLINE_CURVE_WITH_KNOTS('',3,(#2685,#2686,#2687,#2688,#2689),
 .UNSPECIFIED.,.F.,.F.,(4,1,4),(0.,0.0298508207915464,0.0624941270341838),
 .UNSPECIFIED.);
#114=B_SPLINE_CURVE_WITH_KNOTS('',3,(#2691,#2692,#2693,#2694,#2695),
 .UNSPECIFIED.,.F.,.F.,(4,1,4),(-0.0624941270341838,-0.0298508207915464,
0.),.UNSPECIFIED.);
#115=B_SPLINE_CURVE_WITH_KNOTS('',3,(#2708,#2709,#2710,#2711,#2712),
 .UNSPECIFIED.,.F.,.F.,(4,1,4),(0.,0.0391969573445985,0.0883892108205327),
 .UNSPECIFIED.);
#116=B_SPLINE_CURVE_WITH_KNOTS('',3,(#2714,#2715,#2716,#2717,#2718),
 .UNSPECIFIED.,.F.,.F.,(4,1,4),(-0.0883892108205327,-0.0391969573445985,
0.),.UNSPECIFIED.);
#117=B_SPLINE_CURVE_WITH_KNOTS('',3,(#2731,#2732,#2733,#2734,#2735),
 .UNSPECIFIED.,.F.,.F.,(4,1,4),(0.,0.0726748430374796,0.122434798060576),
 .UNSPECIFIED.);
#118=B_SPLINE_CURVE_WITH_KNOTS('',3,(#2737,#2738,#2739,#2740,#2741),
 .UNSPECIFIED.,.F.,.F.,(4,1,4),(-0.122434798060576,-0.0726748430374796,
0.),.UNSPECIFIED.);
#119=B_SPLINE_CURVE_WITH_KNOTS('',3,(#2754,#2755,#2756,#2757,#2758),
 .UNSPECIFIED.,.F.,.F.,(4,1,4),(0.,0.0349136680666714,0.0641638670849451),
 .UNSPECIFIED.);
#120=B_SPLINE_CURVE_WITH_KNOTS('',3,(#2760,#2761,#2762,#2763,#2764),
 .UNSPECIFIED.,.F.,.F.,(4,1,4),(-0.0641638670849451,-0.0349136680666714,
0.),.UNSPECIFIED.);
#121=B_SPLINE_CURVE_WITH_KNOTS('',3,(#2777,#2778,#2779,#2780,#2781),
 .UNSPECIFIED.,.F.,.F.,(4,1,4),(0.,0.0274112309811656,0.0546900708699319),
 .UNSPECIFIED.);
#122=B_SPLINE_CURVE_WITH_KNOTS('',3,(#2783,#2784,#2785,#2786,#2787),
 .UNSPECIFIED.,.F.,.F.,(4,1,4),(-0.0546900708699319,-0.0274112309811656,
0.),.UNSPECIFIED.);
#123=B_SPLINE_CURVE_WITH_KNOTS('',3,(#2800,#2801,#2802,#2803,#2804),
 .UNSPECIFIED.,.F.,.F.,(4,1,4),(0.,0.0283617924014306,0.059161431182813),
 .UNSPECIFIED.);
#124=B_SPLINE_CURVE_WITH_KNOTS('',3,(#2806,#2807,#2808,#2809,#2810),
 .UNSPECIFIED.,.F.,.F.,(4,1,4),(-0.059161431182813,-0.0283617924014306,
0.),.UNSPECIFIED.);
#125=B_SPLINE_CURVE_WITH_KNOTS('',3,(#2823,#2824,#2825,#2826,#2827),
 .UNSPECIFIED.,.F.,.F.,(4,1,4),(0.,0.0323639987270278,0.0618815078462281),
 .UNSPECIFIED.);
#126=B_SPLINE_CURVE_WITH_KNOTS('',3,(#2829,#2830,#2831,#2832,#2833),
 .UNSPECIFIED.,.F.,.F.,(4,1,4),(-0.0618815078462281,-0.0323639987270278,
0.),.UNSPECIFIED.);
#127=B_SPLINE_CURVE_WITH_KNOTS('',3,(#2846,#2847,#2848,#2849,#2850),
 .UNSPECIFIED.,.F.,.F.,(4,1,4),(0.,0.0300142973731808,0.0640267996970583),
 .UNSPECIFIED.);
#128=B_SPLINE_CURVE_WITH_KNOTS('',3,(#2852,#2853,#2854,#2855,#2856),
 .UNSPECIFIED.,.F.,.F.,(4,1,4),(-0.0640267996970583,-0.0300142973731808,
0.),.UNSPECIFIED.);
#129=B_SPLINE_CURVE_WITH_KNOTS('',3,(#2875,#2876,#2877,#2878,#2879),
 .UNSPECIFIED.,.F.,.F.,(4,1,4),(0.,0.051270066892123,0.096333734577419),
 .UNSPECIFIED.);
#130=B_SPLINE_CURVE_WITH_KNOTS('',3,(#2881,#2882,#2883,#2884,#2885),
 .UNSPECIFIED.,.F.,.F.,(4,1,4),(-0.096333734577419,-0.051270066892123,0.),
 .UNSPECIFIED.);
#131=B_SPLINE_CURVE_WITH_KNOTS('',3,(#2898,#2899,#2900,#2901,#2902),
 .UNSPECIFIED.,.F.,.F.,(4,1,4),(0.,0.0454275095529595,0.0971871919607434),
 .UNSPECIFIED.);
#132=B_SPLINE_CURVE_WITH_KNOTS('',3,(#2904,#2905,#2906,#2907,#2908),
 .UNSPECIFIED.,.F.,.F.,(4,1,4),(-0.0971871919607434,-0.0454275095529595,
0.),.UNSPECIFIED.);
#133=B_SPLINE_CURVE_WITH_KNOTS('',3,(#2921,#2922,#2923,#2924,#2925),
 .UNSPECIFIED.,.F.,.F.,(4,1,4),(0.,0.0521827788913967,0.0984268845903019),
 .UNSPECIFIED.);
#134=B_SPLINE_CURVE_WITH_KNOTS('',3,(#2927,#2928,#2929,#2930,#2931),
 .UNSPECIFIED.,.F.,.F.,(4,1,4),(-0.0984268845903019,-0.0521827788913967,
0.),.UNSPECIFIED.);
#135=B_SPLINE_CURVE_WITH_KNOTS('',3,(#2944,#2945,#2946,#2947,#2948),
 .UNSPECIFIED.,.F.,.F.,(4,1,4),(0.,0.0437167884007065,0.0879040170456243),
 .UNSPECIFIED.);
#136=B_SPLINE_CURVE_WITH_KNOTS('',3,(#2950,#2951,#2952,#2953,#2954),
 .UNSPECIFIED.,.F.,.F.,(4,1,4),(-0.0879040170456243,-0.0437167884007065,
0.),.UNSPECIFIED.);
#137=B_SPLINE_CURVE_WITH_KNOTS('',3,(#2967,#2968,#2969,#2970,#2971),
 .UNSPECIFIED.,.F.,.F.,(4,1,4),(0.,0.0239325673114596,0.0484619801052511),
 .UNSPECIFIED.);
#138=B_SPLINE_CURVE_WITH_KNOTS('',3,(#2973,#2974,#2975,#2976,#2977),
 .UNSPECIFIED.,.F.,.F.,(4,1,4),(-0.0484619801052511,-0.0239325673114596,
0.),.UNSPECIFIED.);
#139=B_SPLINE_CURVE_WITH_KNOTS('',3,(#2990,#2991,#2992,#2993,#2994),
 .UNSPECIFIED.,.F.,.F.,(4,1,4),(0.,0.0271546480597139,0.0589136210400615),
 .UNSPECIFIED.);
#140=B_SPLINE_CURVE_WITH_KNOTS('',3,(#2996,#2997,#2998,#2999,#3000),
 .UNSPECIFIED.,.F.,.F.,(4,1,4),(-0.0589136210400615,-0.0271546480597139,
0.),.UNSPECIFIED.);
#141=B_SPLINE_CURVE_WITH_KNOTS('',3,(#3013,#3014,#3015,#3016,#3017),
 .UNSPECIFIED.,.F.,.F.,(4,1,4),(0.,0.0429522513826867,0.103438449811848),
 .UNSPECIFIED.);
#142=B_SPLINE_CURVE_WITH_KNOTS('',3,(#3019,#3020,#3021,#3022,#3023),
 .UNSPECIFIED.,.F.,.F.,(4,1,4),(-0.103438449811848,-0.0429522513826867,
0.),.UNSPECIFIED.);
#143=B_SPLINE_CURVE_WITH_KNOTS('',3,(#3036,#3037,#3038,#3039,#3040),
 .UNSPECIFIED.,.F.,.F.,(4,1,4),(0.,0.0478179138263924,0.0758800303921076),
 .UNSPECIFIED.);
#144=B_SPLINE_CURVE_WITH_KNOTS('',3,(#3042,#3043,#3044,#3045,#3046),
 .UNSPECIFIED.,.F.,.F.,(4,1,4),(-0.0758800303921076,-0.0478179138263924,
0.),.UNSPECIFIED.);
#145=B_SPLINE_CURVE_WITH_KNOTS('',3,(#3059,#3060,#3061,#3062,#3063),
 .UNSPECIFIED.,.F.,.F.,(4,1,4),(0.,0.0175314429265839,0.0337763837654484),
 .UNSPECIFIED.);
#146=B_SPLINE_CURVE_WITH_KNOTS('',3,(#3065,#3066,#3067,#3068,#3069),
 .UNSPECIFIED.,.F.,.F.,(4,1,4),(-0.0337763837654484,-0.0175314429265839,
0.),.UNSPECIFIED.);
#147=B_SPLINE_CURVE_WITH_KNOTS('',3,(#3095,#3096,#3097,#3098,#3099),
 .UNSPECIFIED.,.F.,.F.,(4,1,4),(0.,0.0343261737707978,0.0634917308262914),
 .UNSPECIFIED.);
#148=B_SPLINE_CURVE_WITH_KNOTS('',3,(#3101,#3102,#3103,#3104,#3105),
 .UNSPECIFIED.,.F.,.F.,(4,1,4),(-0.0634917308262914,-0.0343261737707978,
0.),.UNSPECIFIED.);
#149=B_SPLINE_CURVE_WITH_KNOTS('',3,(#3118,#3119,#3120,#3121,#3122),
 .UNSPECIFIED.,.F.,.F.,(4,1,4),(0.,0.027060677373724,0.0547881591214127),
 .UNSPECIFIED.);
#150=B_SPLINE_CURVE_WITH_KNOTS('',3,(#3124,#3125,#3126,#3127,#3128),
 .UNSPECIFIED.,.F.,.F.,(4,1,4),(-0.0547881591214127,-0.027060677373724,
0.),.UNSPECIFIED.);
#151=B_SPLINE_CURVE_WITH_KNOTS('',3,(#3141,#3142,#3143,#3144,#3145),
 .UNSPECIFIED.,.F.,.F.,(4,1,4),(0.,0.0334175850302903,0.0672799942644297),
 .UNSPECIFIED.);
#152=B_SPLINE_CURVE_WITH_KNOTS('',3,(#3147,#3148,#3149,#3150,#3151),
 .UNSPECIFIED.,.F.,.F.,(4,1,4),(-0.0672799942644297,-0.0334175850302903,
0.),.UNSPECIFIED.);
#153=B_SPLINE_CURVE_WITH_KNOTS('',3,(#3164,#3165,#3166,#3167,#3168),
 .UNSPECIFIED.,.F.,.F.,(4,1,4),(0.,0.0361486195771875,0.076455201435235),
 .UNSPECIFIED.);
#154=B_SPLINE_CURVE_WITH_KNOTS('',3,(#3170,#3171,#3172,#3173,#3174),
 .UNSPECIFIED.,.F.,.F.,(4,1,4),(-0.076455201435235,-0.0361486195771875,
0.),.UNSPECIFIED.);
#155=B_SPLINE_CURVE_WITH_KNOTS('',3,(#3187,#3188,#3189,#3190,#3191),
 .UNSPECIFIED.,.F.,.F.,(4,1,4),(0.,0.0380455802268202,0.0717803301722756),
 .UNSPECIFIED.);
#156=B_SPLINE_CURVE_WITH_KNOTS('',3,(#3193,#3194,#3195,#3196,#3197),
 .UNSPECIFIED.,.F.,.F.,(4,1,4),(-0.0717803301722756,-0.0380455802268202,
0.),.UNSPECIFIED.);
#157=B_SPLINE_CURVE_WITH_KNOTS('',3,(#3210,#3211,#3212,#3213,#3214),
 .UNSPECIFIED.,.F.,.F.,(4,1,4),(0.,0.0327770845856526,0.0678561240630536),
 .UNSPECIFIED.);
#158=B_SPLINE_CURVE_WITH_KNOTS('',3,(#3216,#3217,#3218,#3219,#3220),
 .UNSPECIFIED.,.F.,.F.,(4,1,4),(-0.0678561240630536,-0.0327770845856526,
0.),.UNSPECIFIED.);
#159=B_SPLINE_CURVE_WITH_KNOTS('',3,(#3233,#3234,#3235,#3236,#3237),
 .UNSPECIFIED.,.F.,.F.,(4,1,4),(0.,0.0227386772685221,0.0445508607090737),
 .UNSPECIFIED.);
#160=B_SPLINE_CURVE_WITH_KNOTS('',3,(#3239,#3240,#3241,#3242,#3243),
 .UNSPECIFIED.,.F.,.F.,(4,1,4),(-0.0445508607090737,-0.0227386772685221,
0.),.UNSPECIFIED.);
#161=B_SPLINE_CURVE_WITH_KNOTS('',3,(#3256,#3257,#3258,#3259,#3260),
 .UNSPECIFIED.,.F.,.F.,(4,1,4),(0.,0.0210734226936744,0.0413445169282112),
 .UNSPECIFIED.);
#162=B_SPLINE_CURVE_WITH_KNOTS('',3,(#3262,#3263,#3264,#3265,#3266),
 .UNSPECIFIED.,.F.,.F.,(4,1,4),(-0.0413445169282112,-0.0210734226936744,
0.),.UNSPECIFIED.);
#163=B_SPLINE_CURVE_WITH_KNOTS('',3,(#3315,#3316,#3317,#3318,#3319),
 .UNSPECIFIED.,.F.,.F.,(4,1,4),(0.,0.0414281134357108,0.0806105534718932),
 .UNSPECIFIED.);
#164=B_SPLINE_CURVE_WITH_KNOTS('',3,(#3321,#3322,#3323,#3324,#3325),
 .UNSPECIFIED.,.F.,.F.,(4,1,4),(-0.0806105534718932,-0.0414281134357108,
0.),.UNSPECIFIED.);
#165=B_SPLINE_CURVE_WITH_KNOTS('',3,(#3338,#3339,#3340,#3341,#3342),
 .UNSPECIFIED.,.F.,.F.,(4,1,4),(0.,0.0491394058925876,0.0976110964132659),
 .UNSPECIFIED.);
#166=B_SPLINE_CURVE_WITH_KNOTS('',3,(#3344,#3345,#3346,#3347,#3348),
 .UNSPECIFIED.,.F.,.F.,(4,1,4),(-0.0976110964132659,-0.0491394058925876,
0.),.UNSPECIFIED.);
#167=B_SPLINE_CURVE_WITH_KNOTS('',3,(#3361,#3362,#3363,#3364,#3365),
 .UNSPECIFIED.,.F.,.F.,(4,1,4),(0.,0.0494944692023969,0.102112333857667),
 .UNSPECIFIED.);
#168=B_SPLINE_CURVE_WITH_KNOTS('',3,(#3367,#3368,#3369,#3370,#3371),
 .UNSPECIFIED.,.F.,.F.,(4,1,4),(-0.102112333857667,-0.0494944692023969,
0.),.UNSPECIFIED.);
#169=B_SPLINE_CURVE_WITH_KNOTS('',3,(#3384,#3385,#3386,#3387,#3388),
 .UNSPECIFIED.,.F.,.F.,(4,1,4),(0.,0.0512287281721018,0.100562132266298),
 .UNSPECIFIED.);
#170=B_SPLINE_CURVE_WITH_KNOTS('',3,(#3390,#3391,#3392,#3393,#3394),
 .UNSPECIFIED.,.F.,.F.,(4,1,4),(-0.100562132266298,-0.0512287281721018,
0.),.UNSPECIFIED.);
#171=B_SPLINE_CURVE_WITH_KNOTS('',3,(#3407,#3408,#3409,#3410,#3411),
 .UNSPECIFIED.,.F.,.F.,(4,1,4),(0.,0.0582828694943456,0.119057917597388),
 .UNSPECIFIED.);
#172=B_SPLINE_CURVE_WITH_KNOTS('',3,(#3413,#3414,#3415,#3416,#3417),
 .UNSPECIFIED.,.F.,.F.,(4,1,4),(-0.119057917597388,-0.0582828694943456,
0.),.UNSPECIFIED.);
#173=B_SPLINE_CURVE_WITH_KNOTS('',3,(#3430,#3431,#3432,#3433,#3434),
 .UNSPECIFIED.,.F.,.F.,(4,1,4),(0.,0.0501420464300408,0.0958352903106849),
 .UNSPECIFIED.);
#174=B_SPLINE_CURVE_WITH_KNOTS('',3,(#3436,#3437,#3438,#3439,#3440),
 .UNSPECIFIED.,.F.,.F.,(4,1,4),(-0.0958352903106849,-0.0501420464300408,
0.),.UNSPECIFIED.);
#175=B_SPLINE_CURVE_WITH_KNOTS('',3,(#3452,#3453,#3454,#3455,#3456),
 .UNSPECIFIED.,.F.,.F.,(4,1,4),(0.,0.0447013776407505,0.0918358586927863),
 .UNSPECIFIED.);
#176=B_SPLINE_CURVE_WITH_KNOTS('',3,(#3457,#3458,#3459,#3460,#3461),
 .UNSPECIFIED.,.F.,.F.,(4,1,4),(-0.0918358586927863,-0.0447013776407505,
0.),.UNSPECIFIED.);
#177=B_SPLINE_CURVE_WITH_KNOTS('',3,(#3475,#3476,#3477,#3478,#3479),
 .UNSPECIFIED.,.F.,.F.,(4,1,4),(0.,0.0180203907925692,0.0360413429038029),
 .UNSPECIFIED.);
#178=B_SPLINE_CURVE_WITH_KNOTS('',3,(#3483,#3484,#3485,#3486,#3487),
 .UNSPECIFIED.,.F.,.F.,(4,1,4),(-0.0360413429038029,-0.0180203907925692,
0.),.UNSPECIFIED.);
#179=B_SPLINE_CURVE_WITH_KNOTS('',3,(#3500,#3501,#3502,#3503,#3504),
 .UNSPECIFIED.,.F.,.F.,(4,1,4),(0.,0.0180209186071566,0.0360413442583126),
 .UNSPECIFIED.);
#180=B_SPLINE_CURVE_WITH_KNOTS('',3,(#3506,#3507,#3508,#3509,#3510),
 .UNSPECIFIED.,.F.,.F.,(4,1,4),(-0.0360413442583126,-0.0180209186071566,
0.),.UNSPECIFIED.);
#181=B_SPLINE_CURVE_WITH_KNOTS('',3,(#3523,#3524,#3525,#3526,#3527),
 .UNSPECIFIED.,.F.,.F.,(4,1,4),(0.,0.0178192982724583,0.035783845186075),
 .UNSPECIFIED.);
#182=B_SPLINE_CURVE_WITH_KNOTS('',3,(#3529,#3530,#3531,#3532,#3533),
 .UNSPECIFIED.,.F.,.F.,(4,1,4),(-0.035783845186075,-0.0178192982724583,
0.),.UNSPECIFIED.);
#183=B_SPLINE_CURVE_WITH_KNOTS('',3,(#3546,#3547,#3548,#3549,#3550),
 .UNSPECIFIED.,.F.,.F.,(4,1,4),(0.,0.018020909751772,0.0360412936065206),
 .UNSPECIFIED.);
#184=B_SPLINE_CURVE_WITH_KNOTS('',3,(#3552,#3553,#3554,#3555,#3556),
 .UNSPECIFIED.,.F.,.F.,(4,1,4),(-0.0360412936065206,-0.018020909751772,
0.),.UNSPECIFIED.);
#185=B_SPLINE_CURVE_WITH_KNOTS('',3,(#3569,#3570,#3571,#3572,#3573),
 .UNSPECIFIED.,.F.,.F.,(4,1,4),(0.,0.0180203907925692,0.0360413429038029),
 .UNSPECIFIED.);
#186=B_SPLINE_CURVE_WITH_KNOTS('',3,(#3575,#3576,#3577,#3578,#3579),
 .UNSPECIFIED.,.F.,.F.,(4,1,4),(-0.0360413429038029,-0.0180203907925692,
0.),.UNSPECIFIED.);
#187=B_SPLINE_CURVE_WITH_KNOTS('',3,(#3592,#3593,#3594,#3595,#3596),
 .UNSPECIFIED.,.F.,.F.,(4,1,4),(0.,0.0179644316582271,0.0357838469802785),
 .UNSPECIFIED.);
#188=B_SPLINE_CURVE_WITH_KNOTS('',3,(#3598,#3599,#3600,#3601,#3602),
 .UNSPECIFIED.,.F.,.F.,(4,1,4),(-0.0357838469802785,-0.0179644316582271,
0.),.UNSPECIFIED.);
#189=B_SPLINE_CURVE_WITH_KNOTS('',3,(#3615,#3616,#3617,#3618,#3619),
 .UNSPECIFIED.,.F.,.F.,(4,1,4),(0.,0.0180204312352848,0.0360413163384992),
 .UNSPECIFIED.);
#190=B_SPLINE_CURVE_WITH_KNOTS('',3,(#3621,#3622,#3623,#3624,#3625),
 .UNSPECIFIED.,.F.,.F.,(4,1,4),(-0.0360413163384992,-0.0180204312352848,
0.),.UNSPECIFIED.);
#191=B_SPLINE_CURVE_WITH_KNOTS('',3,(#3637,#3638,#3639,#3640,#3641),
 .UNSPECIFIED.,.F.,.F.,(4,1,4),(0.,0.0180209521112337,0.0360413429038029),
 .UNSPECIFIED.);
#192=B_SPLINE_CURVE_WITH_KNOTS('',3,(#3642,#3643,#3644,#3645,#3646),
 .UNSPECIFIED.,.F.,.F.,(4,1,4),(-0.0360413429038029,-0.0180209521112337,
0.),.UNSPECIFIED.);
#193=B_SPLINE_CURVE_WITH_KNOTS('',3,(#3659,#3660,#3661,#3662,#3663),
 .UNSPECIFIED.,.F.,.F.,(4,1,4),(0.,0.0295856740775549,0.0591577065269372),
 .UNSPECIFIED.);
#194=B_SPLINE_CURVE_WITH_KNOTS('',3,(#3667,#3668,#3669,#3670,#3671),
 .UNSPECIFIED.,.F.,.F.,(4,1,4),(-0.0591577065269372,-0.0295856740775549,
0.),.UNSPECIFIED.);
#195=B_SPLINE_CURVE_WITH_KNOTS('',3,(#3684,#3685,#3686,#3687,#3688),
 .UNSPECIFIED.,.F.,.F.,(4,1,4),(0.,0.0295425674952458,0.0589544317227594),
 .UNSPECIFIED.);
#196=B_SPLINE_CURVE_WITH_KNOTS('',3,(#3690,#3691,#3692,#3693,#3694),
 .UNSPECIFIED.,.F.,.F.,(4,1,4),(-0.0589544317227594,-0.0295425674952458,
0.),.UNSPECIFIED.);
#197=B_SPLINE_CURVE_WITH_KNOTS('',3,(#3707,#3708,#3709,#3710,#3711),
 .UNSPECIFIED.,.F.,.F.,(4,1,4),(0.,0.0297804201807127,0.0593512154869866),
 .UNSPECIFIED.);
#198=B_SPLINE_CURVE_WITH_KNOTS('',3,(#3713,#3714,#3715,#3716,#3717),
 .UNSPECIFIED.,.F.,.F.,(4,1,4),(-0.0593512154869866,-0.0297804201807127,
0.),.UNSPECIFIED.);
#199=B_SPLINE_CURVE_WITH_KNOTS('',3,(#3730,#3731,#3732,#3733,#3734),
 .UNSPECIFIED.,.F.,.F.,(4,1,4),(0.,0.029514401387632,0.059093687980423),
 .UNSPECIFIED.);
#200=B_SPLINE_CURVE_WITH_KNOTS('',3,(#3736,#3737,#3738,#3739,#3740),
 .UNSPECIFIED.,.F.,.F.,(4,1,4),(-0.059093687980423,-0.029514401387632,0.),
 .UNSPECIFIED.);
#201=B_SPLINE_CURVE_WITH_KNOTS('',3,(#3753,#3754,#3755,#3756,#3757),
 .UNSPECIFIED.,.F.,.F.,(4,1,4),(0.,0.0296191905866559,0.0592756748949813),
 .UNSPECIFIED.);
#202=B_SPLINE_CURVE_WITH_KNOTS('',3,(#3759,#3760,#3761,#3762,#3763),
 .UNSPECIFIED.,.F.,.F.,(4,1,4),(-0.0592756748949813,-0.0296191905866559,
0.),.UNSPECIFIED.);
#203=B_SPLINE_CURVE_WITH_KNOTS('',3,(#3776,#3777,#3778,#3779,#3780),
 .UNSPECIFIED.,.F.,.F.,(4,1,4),(0.,0.0296565838744748,0.0592757744611307),
 .UNSPECIFIED.);
#204=B_SPLINE_CURVE_WITH_KNOTS('',3,(#3782,#3783,#3784,#3785,#3786),
 .UNSPECIFIED.,.F.,.F.,(4,1,4),(-0.0592757744611307,-0.0296565838744748,
0.),.UNSPECIFIED.);
#205=B_SPLINE_CURVE_WITH_KNOTS('',3,(#3799,#3800,#3801,#3802,#3803),
 .UNSPECIFIED.,.F.,.F.,(4,1,4),(0.,0.0294118698261099,0.0589544373213557),
 .UNSPECIFIED.);
#206=B_SPLINE_CURVE_WITH_KNOTS('',3,(#3805,#3806,#3807,#3808,#3809),
 .UNSPECIFIED.,.F.,.F.,(4,1,4),(-0.0589544373213557,-0.0294118698261099,
0.),.UNSPECIFIED.);
#207=B_SPLINE_CURVE_WITH_KNOTS('',3,(#3821,#3822,#3823,#3824,#3825),
 .UNSPECIFIED.,.F.,.F.,(4,1,4),(0.,0.0296283905709578,0.0594150672693246),
 .UNSPECIFIED.);
#208=B_SPLINE_CURVE_WITH_KNOTS('',3,(#3826,#3827,#3828,#3829,#3830),
 .UNSPECIFIED.,.F.,.F.,(4,1,4),(-0.0594150672693246,-0.0296283905709578,
0.),.UNSPECIFIED.);
#209=B_SPLINE_CURVE_WITH_KNOTS('',3,(#3865,#3866,#3867,#3868,#3869,#3870),
 .UNSPECIFIED.,.F.,.F.,(4,2,4),(-0.290928861114607,-0.258414043862263,-0.204472827875025),
 .UNSPECIFIED.);
#210=B_SPLINE_CURVE_WITH_KNOTS('',3,(#3873,#3874,#3875,#3876,#3877,#3878,
#3879,#3880,#3881,#3882,#3883,#3884,#3885,#3886,#3887,#3888,#3889,#3890,
#3891,#3892,#3893),.UNSPECIFIED.,.F.,.F.,(4,2,2,2,3,2,2,2,2,4),(-0.204472827875025,
-0.193564662505224,-0.128715281148186,-0.0643576405740929,0.,0.0650489471480747,
0.130097894296149,0.194253139420483,0.258408384544818,0.29098572341115),
 .UNSPECIFIED.);
#211=B_SPLINE_SURFACE_WITH_KNOTS('',3,1,((#2651,#2652),(#2653,#2654),(#2655,
#2656),(#2657,#2658),(#2659,#2660)),.UNSPECIFIED.,.F.,.F.,.F.,(4,1,4),(2,
2),(-0.0347586914789602,-0.0174329186032306,0.),(0.,0.0499999999999998),
 .UNSPECIFIED.);
#212=B_SPLINE_SURFACE_WITH_KNOTS('',3,1,((#2674,#2675),(#2676,#2677),(#2678,
#2679),(#2680,#2681),(#2682,#2683)),.UNSPECIFIED.,.F.,.F.,.F.,(4,1,4),(2,
2),(-0.0624941270341838,-0.0298508207915464,0.),(0.,0.0499999999999998),
 .UNSPECIFIED.);
#213=B_SPLINE_SURFACE_WITH_KNOTS('',3,1,((#2697,#2698),(#2699,#2700),(#2701,
#2702),(#2703,#2704),(#2705,#2706)),.UNSPECIFIED.,.F.,.F.,.F.,(4,1,4),(2,
2),(-0.0883892108205327,-0.0391969573445985,0.),(0.,0.0499999999999998),
 .UNSPECIFIED.);
#214=B_SPLINE_SURFACE_WITH_KNOTS('',3,1,((#2720,#2721),(#2722,#2723),(#2724,
#2725),(#2726,#2727),(#2728,#2729)),.UNSPECIFIED.,.F.,.F.,.F.,(4,1,4),(2,
2),(-0.122434798060576,-0.0726748430374796,0.),(0.,0.0499999999999998),
 .UNSPECIFIED.);
#215=B_SPLINE_SURFACE_WITH_KNOTS('',3,1,((#2743,#2744),(#2745,#2746),(#2747,
#2748),(#2749,#2750),(#2751,#2752)),.UNSPECIFIED.,.F.,.F.,.F.,(4,1,4),(2,
2),(-0.0641638670849451,-0.0349136680666714,0.),(0.,0.0499999999999998),
 .UNSPECIFIED.);
#216=B_SPLINE_SURFACE_WITH_KNOTS('',3,1,((#2766,#2767),(#2768,#2769),(#2770,
#2771),(#2772,#2773),(#2774,#2775)),.UNSPECIFIED.,.F.,.F.,.F.,(4,1,4),(2,
2),(-0.0546900708699319,-0.0274112309811656,0.),(0.,0.0499999999999998),
 .UNSPECIFIED.);
#217=B_SPLINE_SURFACE_WITH_KNOTS('',3,1,((#2789,#2790),(#2791,#2792),(#2793,
#2794),(#2795,#2796),(#2797,#2798)),.UNSPECIFIED.,.F.,.F.,.F.,(4,1,4),(2,
2),(-0.059161431182813,-0.0283617924014306,0.),(0.,0.0499999999999998),
 .UNSPECIFIED.);
#218=B_SPLINE_SURFACE_WITH_KNOTS('',3,1,((#2812,#2813),(#2814,#2815),(#2816,
#2817),(#2818,#2819),(#2820,#2821)),.UNSPECIFIED.,.F.,.F.,.F.,(4,1,4),(2,
2),(-0.0618815078462281,-0.0323639987270278,0.),(0.,0.0499999999999998),
 .UNSPECIFIED.);
#219=B_SPLINE_SURFACE_WITH_KNOTS('',3,1,((#2835,#2836),(#2837,#2838),(#2839,
#2840),(#2841,#2842),(#2843,#2844)),.UNSPECIFIED.,.F.,.F.,.F.,(4,1,4),(2,
2),(-0.0640267996970583,-0.0300142973731808,0.),(0.,0.0499999999999998),
 .UNSPECIFIED.);
#220=B_SPLINE_SURFACE_WITH_KNOTS('',3,1,((#2864,#2865),(#2866,#2867),(#2868,
#2869),(#2870,#2871),(#2872,#2873)),.UNSPECIFIED.,.F.,.F.,.F.,(4,1,4),(2,
2),(-0.096333734577419,-0.051270066892123,0.),(0.,0.0499999999999998),
 .UNSPECIFIED.);
#221=B_SPLINE_SURFACE_WITH_KNOTS('',3,1,((#2887,#2888),(#2889,#2890),(#2891,
#2892),(#2893,#2894),(#2895,#2896)),.UNSPECIFIED.,.F.,.F.,.F.,(4,1,4),(2,
2),(-0.0971871919607434,-0.0454275095529595,0.),(0.,0.0499999999999998),
 .UNSPECIFIED.);
#222=B_SPLINE_SURFACE_WITH_KNOTS('',3,1,((#2910,#2911),(#2912,#2913),(#2914,
#2915),(#2916,#2917),(#2918,#2919)),.UNSPECIFIED.,.F.,.F.,.F.,(4,1,4),(2,
2),(-0.0984268845903019,-0.0521827788913967,0.),(0.,0.0499999999999998),
 .UNSPECIFIED.);
#223=B_SPLINE_SURFACE_WITH_KNOTS('',3,1,((#2933,#2934),(#2935,#2936),(#2937,
#2938),(#2939,#2940),(#2941,#2942)),.UNSPECIFIED.,.F.,.F.,.F.,(4,1,4),(2,
2),(-0.0879040170456243,-0.0437167884007065,0.),(0.,0.0499999999999998),
 .UNSPECIFIED.);
#224=B_SPLINE_SURFACE_WITH_KNOTS('',3,1,((#2956,#2957),(#2958,#2959),(#2960,
#2961),(#2962,#2963),(#2964,#2965)),.UNSPECIFIED.,.F.,.F.,.F.,(4,1,4),(2,
2),(-0.0484619801052511,-0.0239325673114596,0.),(0.,0.0499999999999998),
 .UNSPECIFIED.);
#225=B_SPLINE_SURFACE_WITH_KNOTS('',3,1,((#2979,#2980),(#2981,#2982),(#2983,
#2984),(#2985,#2986),(#2987,#2988)),.UNSPECIFIED.,.F.,.F.,.F.,(4,1,4),(2,
2),(-0.0589136210400615,-0.0271546480597139,0.),(0.,0.0499999999999998),
 .UNSPECIFIED.);
#226=B_SPLINE_SURFACE_WITH_KNOTS('',3,1,((#3002,#3003),(#3004,#3005),(#3006,
#3007),(#3008,#3009),(#3010,#3011)),.UNSPECIFIED.,.F.,.F.,.F.,(4,1,4),(2,
2),(-0.103438449811848,-0.0429522513826867,0.),(0.,0.0499999999999998),
 .UNSPECIFIED.);
#227=B_SPLINE_SURFACE_WITH_KNOTS('',3,1,((#3025,#3026),(#3027,#3028),(#3029,
#3030),(#3031,#3032),(#3033,#3034)),.UNSPECIFIED.,.F.,.F.,.F.,(4,1,4),(2,
2),(-0.0758800303921076,-0.0478179138263924,0.),(0.,0.0499999999999998),
 .UNSPECIFIED.);
#228=B_SPLINE_SURFACE_WITH_KNOTS('',3,1,((#3048,#3049),(#3050,#3051),(#3052,
#3053),(#3054,#3055),(#3056,#3057)),.UNSPECIFIED.,.F.,.F.,.F.,(4,1,4),(2,
2),(-0.0337763837654484,-0.0175314429265839,0.),(0.,0.0499999999999998),
 .UNSPECIFIED.);
#229=B_SPLINE_SURFACE_WITH_KNOTS('',3,1,((#3084,#3085),(#3086,#3087),(#3088,
#3089),(#3090,#3091),(#3092,#3093)),.UNSPECIFIED.,.F.,.F.,.F.,(4,1,4),(2,
2),(-0.0634917308262914,-0.0343261737707978,0.),(0.,0.0499999999999998),
 .UNSPECIFIED.);
#230=B_SPLINE_SURFACE_WITH_KNOTS('',3,1,((#3107,#3108),(#3109,#3110),(#3111,
#3112),(#3113,#3114),(#3115,#3116)),.UNSPECIFIED.,.F.,.F.,.F.,(4,1,4),(2,
2),(-0.0547881591214127,-0.027060677373724,0.),(0.,0.0499999999999998),
 .UNSPECIFIED.);
#231=B_SPLINE_SURFACE_WITH_KNOTS('',3,1,((#3130,#3131),(#3132,#3133),(#3134,
#3135),(#3136,#3137),(#3138,#3139)),.UNSPECIFIED.,.F.,.F.,.F.,(4,1,4),(2,
2),(-0.0672799942644297,-0.0334175850302903,0.),(0.,0.0499999999999998),
 .UNSPECIFIED.);
#232=B_SPLINE_SURFACE_WITH_KNOTS('',3,1,((#3153,#3154),(#3155,#3156),(#3157,
#3158),(#3159,#3160),(#3161,#3162)),.UNSPECIFIED.,.F.,.F.,.F.,(4,1,4),(2,
2),(-0.076455201435235,-0.0361486195771875,0.),(0.,0.0499999999999998),
 .UNSPECIFIED.);
#233=B_SPLINE_SURFACE_WITH_KNOTS('',3,1,((#3176,#3177),(#3178,#3179),(#3180,
#3181),(#3182,#3183),(#3184,#3185)),.UNSPECIFIED.,.F.,.F.,.F.,(4,1,4),(2,
2),(-0.0717803301722756,-0.0380455802268202,0.),(0.,0.0499999999999998),
 .UNSPECIFIED.);
#234=B_SPLINE_SURFACE_WITH_KNOTS('',3,1,((#3199,#3200),(#3201,#3202),(#3203,
#3204),(#3205,#3206),(#3207,#3208)),.UNSPECIFIED.,.F.,.F.,.F.,(4,1,4),(2,
2),(-0.0678561240630536,-0.0327770845856526,0.),(0.,0.0499999999999998),
 .UNSPECIFIED.);
#235=B_SPLINE_SURFACE_WITH_KNOTS('',3,1,((#3222,#3223),(#3224,#3225),(#3226,
#3227),(#3228,#3229),(#3230,#3231)),.UNSPECIFIED.,.F.,.F.,.F.,(4,1,4),(2,
2),(-0.0445508607090737,-0.0227386772685221,0.),(0.,0.0499999999999998),
 .UNSPECIFIED.);
#236=B_SPLINE_SURFACE_WITH_KNOTS('',3,1,((#3245,#3246),(#3247,#3248),(#3249,
#3250),(#3251,#3252),(#3253,#3254)),.UNSPECIFIED.,.F.,.F.,.F.,(4,1,4),(2,
2),(-0.0413445169282112,-0.0210734226936744,0.),(0.,0.0499999999999998),
 .UNSPECIFIED.);
#237=B_SPLINE_SURFACE_WITH_KNOTS('',3,1,((#3304,#3305),(#3306,#3307),(#3308,
#3309),(#3310,#3311),(#3312,#3313)),.UNSPECIFIED.,.F.,.F.,.F.,(4,1,4),(2,
2),(-0.0806105534718932,-0.0414281134357108,0.),(0.,0.0499999999999998),
 .UNSPECIFIED.);
#238=B_SPLINE_SURFACE_WITH_KNOTS('',3,1,((#3327,#3328),(#3329,#3330),(#3331,
#3332),(#3333,#3334),(#3335,#3336)),.UNSPECIFIED.,.F.,.F.,.F.,(4,1,4),(2,
2),(-0.0976110964132659,-0.0491394058925876,0.),(0.,0.0499999999999998),
 .UNSPECIFIED.);
#239=B_SPLINE_SURFACE_WITH_KNOTS('',3,1,((#3350,#3351),(#3352,#3353),(#3354,
#3355),(#3356,#3357),(#3358,#3359)),.UNSPECIFIED.,.F.,.F.,.F.,(4,1,4),(2,
2),(-0.102112333857667,-0.0494944692023969,0.),(0.,0.0499999999999998),
 .UNSPECIFIED.);
#240=B_SPLINE_SURFACE_WITH_KNOTS('',3,1,((#3373,#3374),(#3375,#3376),(#3377,
#3378),(#3379,#3380),(#3381,#3382)),.UNSPECIFIED.,.F.,.F.,.F.,(4,1,4),(2,
2),(-0.100562132266298,-0.0512287281721018,0.),(0.,0.0499999999999998),
 .UNSPECIFIED.);
#241=B_SPLINE_SURFACE_WITH_KNOTS('',3,1,((#3396,#3397),(#3398,#3399),(#3400,
#3401),(#3402,#3403),(#3404,#3405)),.UNSPECIFIED.,.F.,.F.,.F.,(4,1,4),(2,
2),(-0.119057917597388,-0.0582828694943456,0.),(0.,0.0499999999999998),
 .UNSPECIFIED.);
#242=B_SPLINE_SURFACE_WITH_KNOTS('',3,1,((#3419,#3420),(#3421,#3422),(#3423,
#3424),(#3425,#3426),(#3427,#3428)),.UNSPECIFIED.,.F.,.F.,.F.,(4,1,4),(2,
2),(-0.0958352903106849,-0.0501420464300408,0.),(0.,0.0499999999999998),
 .UNSPECIFIED.);
#243=B_SPLINE_SURFACE_WITH_KNOTS('',3,1,((#3442,#3443),(#3444,#3445),(#3446,
#3447),(#3448,#3449),(#3450,#3451)),.UNSPECIFIED.,.F.,.F.,.F.,(4,1,4),(2,
2),(-0.0918358586927863,-0.0447013776407505,0.),(0.,0.0499999999999998),
 .UNSPECIFIED.);
#244=B_SPLINE_SURFACE_WITH_KNOTS('',3,1,((#3463,#3464),(#3465,#3466),(#3467,
#3468),(#3469,#3470),(#3471,#3472)),.UNSPECIFIED.,.F.,.F.,.F.,(4,1,4),(2,
2),(-0.0360413429038029,-0.0180203907925692,0.),(0.,0.0499999999999998),
 .UNSPECIFIED.);
#245=B_SPLINE_SURFACE_WITH_KNOTS('',3,1,((#3489,#3490),(#3491,#3492),(#3493,
#3494),(#3495,#3496),(#3497,#3498)),.UNSPECIFIED.,.F.,.F.,.F.,(4,1,4),(2,
2),(-0.0360413442583126,-0.0180209186071566,0.),(0.,0.0499999999999998),
 .UNSPECIFIED.);
#246=B_SPLINE_SURFACE_WITH_KNOTS('',3,1,((#3512,#3513),(#3514,#3515),(#3516,
#3517),(#3518,#3519),(#3520,#3521)),.UNSPECIFIED.,.F.,.F.,.F.,(4,1,4),(2,
2),(-0.035783845186075,-0.0178192982724583,0.),(0.,0.0499999999999998),
 .UNSPECIFIED.);
#247=B_SPLINE_SURFACE_WITH_KNOTS('',3,1,((#3535,#3536),(#3537,#3538),(#3539,
#3540),(#3541,#3542),(#3543,#3544)),.UNSPECIFIED.,.F.,.F.,.F.,(4,1,4),(2,
2),(-0.0360412936065206,-0.018020909751772,0.),(0.,0.0499999999999998),
 .UNSPECIFIED.);
#248=B_SPLINE_SURFACE_WITH_KNOTS('',3,1,((#3558,#3559),(#3560,#3561),(#3562,
#3563),(#3564,#3565),(#3566,#3567)),.UNSPECIFIED.,.F.,.F.,.F.,(4,1,4),(2,
2),(-0.0360413429038029,-0.0180203907925692,0.),(0.,0.0499999999999998),
 .UNSPECIFIED.);
#249=B_SPLINE_SURFACE_WITH_KNOTS('',3,1,((#3581,#3582),(#3583,#3584),(#3585,
#3586),(#3587,#3588),(#3589,#3590)),.UNSPECIFIED.,.F.,.F.,.F.,(4,1,4),(2,
2),(-0.0357838469802785,-0.0179644316582271,0.),(0.,0.0499999999999998),
 .UNSPECIFIED.);
#250=B_SPLINE_SURFACE_WITH_KNOTS('',3,1,((#3604,#3605),(#3606,#3607),(#3608,
#3609),(#3610,#3611),(#3612,#3613)),.UNSPECIFIED.,.F.,.F.,.F.,(4,1,4),(2,
2),(-0.0360413163384992,-0.0180204312352848,0.),(0.,0.0499999999999998),
 .UNSPECIFIED.);
#251=B_SPLINE_SURFACE_WITH_KNOTS('',3,1,((#3627,#3628),(#3629,#3630),(#3631,
#3632),(#3633,#3634),(#3635,#3636)),.UNSPECIFIED.,.F.,.F.,.F.,(4,1,4),(2,
2),(-0.0360413429038029,-0.0180209521112337,0.),(0.,0.0499999999999998),
 .UNSPECIFIED.);
#252=B_SPLINE_SURFACE_WITH_KNOTS('',3,1,((#3647,#3648),(#3649,#3650),(#3651,
#3652),(#3653,#3654),(#3655,#3656)),.UNSPECIFIED.,.F.,.F.,.F.,(4,1,4),(2,
2),(-0.0591577065269372,-0.0295856740775549,0.),(0.,0.0499999999999998),
 .UNSPECIFIED.);
#253=B_SPLINE_SURFACE_WITH_KNOTS('',3,1,((#3673,#3674),(#3675,#3676),(#3677,
#3678),(#3679,#3680),(#3681,#3682)),.UNSPECIFIED.,.F.,.F.,.F.,(4,1,4),(2,
2),(-0.0589544317227594,-0.0295425674952458,0.),(0.,0.0499999999999998),
 .UNSPECIFIED.);
#254=B_SPLINE_SURFACE_WITH_KNOTS('',3,1,((#3696,#3697),(#3698,#3699),(#3700,
#3701),(#3702,#3703),(#3704,#3705)),.UNSPECIFIED.,.F.,.F.,.F.,(4,1,4),(2,
2),(-0.0593512154869866,-0.0297804201807127,0.),(0.,0.0499999999999998),
 .UNSPECIFIED.);
#255=B_SPLINE_SURFACE_WITH_KNOTS('',3,1,((#3719,#3720),(#3721,#3722),(#3723,
#3724),(#3725,#3726),(#3727,#3728)),.UNSPECIFIED.,.F.,.F.,.F.,(4,1,4),(2,
2),(-0.059093687980423,-0.029514401387632,0.),(0.,0.0499999999999998),
 .UNSPECIFIED.);
#256=B_SPLINE_SURFACE_WITH_KNOTS('',3,1,((#3742,#3743),(#3744,#3745),(#3746,
#3747),(#3748,#3749),(#3750,#3751)),.UNSPECIFIED.,.F.,.F.,.F.,(4,1,4),(2,
2),(-0.0592756748949813,-0.0296191905866559,0.),(0.,0.0499999999999998),
 .UNSPECIFIED.);
#257=B_SPLINE_SURFACE_WITH_KNOTS('',3,1,((#3765,#3766),(#3767,#3768),(#3769,
#3770),(#3771,#3772),(#3773,#3774)),.UNSPECIFIED.,.F.,.F.,.F.,(4,1,4),(2,
2),(-0.0592757744611307,-0.0296565838744748,0.),(0.,0.0499999999999998),
 .UNSPECIFIED.);
#258=B_SPLINE_SURFACE_WITH_KNOTS('',3,1,((#3788,#3789),(#3790,#3791),(#3792,
#3793),(#3794,#3795),(#3796,#3797)),.UNSPECIFIED.,.F.,.F.,.F.,(4,1,4),(2,
2),(-0.0589544373213557,-0.0294118698261099,0.),(0.,0.0499999999999998),
 .UNSPECIFIED.);
#259=B_SPLINE_SURFACE_WITH_KNOTS('',3,1,((#3811,#3812),(#3813,#3814),(#3815,
#3816),(#3817,#3818),(#3819,#3820)),.UNSPECIFIED.,.F.,.F.,.F.,(4,1,4),(2,
2),(-0.0594150672693246,-0.0296283905709578,0.),(0.,0.0499999999999998),
 .UNSPECIFIED.);
#260=B_SPLINE_SURFACE_WITH_KNOTS('',3,3,((#3961,#3962,#3963,#3964,#3965,
#3966,#3967),(#3968,#3969,#3970,#3971,#3972,#3973,#3974),(#3975,#3976,#3977,
#3978,#3979,#3980,#3981),(#3982,#3983,#3984,#3985,#3986,#3987,#3988),(#3989,
#3990,#3991,#3992,#3993,#3994,#3995),(#3996,#3997,#3998,#3999,#4000,#4001,
#4002)),.UNSPECIFIED.,.F.,.F.,.F.,(4,1,1,4),(4,1,1,1,4),(0.,0.285714285714286,
0.571428571428571,1.),(-2.35619449019235,-1.85129567086542,-1.34639685153849,
-0.673198425769252,-1.17128407900166E-14),.UNSPECIFIED.);
#261=B_SPLINE_SURFACE_WITH_KNOTS('',3,3,((#4010,#4011,#4012,#4013,#4014,
#4015,#4016),(#4017,#4018,#4019,#4020,#4021,#4022,#4023),(#4024,#4025,#4026,
#4027,#4028,#4029,#4030),(#4031,#4032,#4033,#4034,#4035,#4036,#4037),(#4038,
#4039,#4040,#4041,#4042,#4043,#4044),(#4045,#4046,#4047,#4048,#4049,#4050,
#4051)),.UNSPECIFIED.,.F.,.F.,.F.,(4,1,1,4),(4,1,1,1,4),(0.,0.285714285714286,
0.571428571428571,1.),(4.63797051416753E-15,0.504898819326933,1.00979763865386,
1.6829960644231,2.35619449019234),.UNSPECIFIED.);
#262=B_SPLINE_SURFACE_WITH_KNOTS('',3,3,((#4059,#4060,#4061,#4062,#4063,
#4064,#4065),(#4066,#4067,#4068,#4069,#4070,#4071,#4072),(#4073,#4074,#4075,
#4076,#4077,#4078,#4079),(#4080,#4081,#4082,#4083,#4084,#4085,#4086),(#4087,
#4088,#4089,#4090,#4091,#4092,#4093),(#4094,#4095,#4096,#4097,#4098,#4099,
#4100)),.UNSPECIFIED.,.F.,.F.,.F.,(4,1,1,4),(4,1,1,1,4),(0.,0.285714285714286,
0.571428571428571,1.),(7.15347994558041E-15,0.504898819326936,1.00979763865386,
1.6829960644231,2.35619449019234),.UNSPECIFIED.);
#263=B_SPLINE_SURFACE_WITH_KNOTS('',3,3,((#4108,#4109,#4110,#4111),(#4112,
#4113,#4114,#4115),(#4116,#4117,#4118,#4119),(#4120,#4121,#4122,#4123),
(#4124,#4125,#4126,#4127),(#4128,#4129,#4130,#4131)),.UNSPECIFIED.,.F.,
 .F.,.F.,(4,1,1,4),(4,4),(0.,0.285714285714286,0.571428571428571,1.),(-8.37451672965377E-15,
0.78539816339744),.UNSPECIFIED.);
#264=B_SPLINE_SURFACE_WITH_KNOTS('',3,3,((#4142,#4143,#4144,#4145,#4146,
#4147,#4148),(#4149,#4150,#4151,#4152,#4153,#4154,#4155),(#4156,#4157,#4158,
#4159,#4160,#4161,#4162),(#4163,#4164,#4165,#4166,#4167,#4168,#4169),(#4170,
#4171,#4172,#4173,#4174,#4175,#4176),(#4177,#4178,#4179,#4180,#4181,#4182,
#4183)),.UNSPECIFIED.,.F.,.F.,.F.,(4,1,1,4),(4,1,1,1,4),(0.,0.285714285714286,
0.571428571428571,1.),(-2.35619449019234,-1.6829960644231,-1.00979763865386,
-0.504898819326923,8.85620942347753E-15),.UNSPECIFIED.);
#265=B_SPLINE_SURFACE_WITH_KNOTS('',3,3,((#4193,#4194,#4195,#4196),(#4197,
#4198,#4199,#4200),(#4201,#4202,#4203,#4204),(#4205,#4206,#4207,#4208),
(#4209,#4210,#4211,#4212)),.UNSPECIFIED.,.F.,.F.,.F.,(4,1,4),(4,4),(0.,
0.5,1.),(-0.785398163397443,4.62853735379974E-15),.UNSPECIFIED.);
#266=B_SPLINE_SURFACE_WITH_KNOTS('',3,3,((#4220,#4221,#4222,#4223),(#4224,
#4225,#4226,#4227),(#4228,#4229,#4230,#4231),(#4232,#4233,#4234,#4235),
(#4236,#4237,#4238,#4239),(#4240,#4241,#4242,#4243)),.UNSPECIFIED.,.F.,
 .F.,.F.,(4,1,1,4),(4,4),(0.,0.285714285714286,0.571428571428571,1.),(-0.785398163397455,
-1.07454313910317E-14),.UNSPECIFIED.);
#267=B_SPLINE_SURFACE_WITH_KNOTS('',3,3,((#4255,#4256,#4257,#4258),(#4259,
#4260,#4261,#4262),(#4263,#4264,#4265,#4266),(#4267,#4268,#4269,#4270),
(#4271,#4272,#4273,#4274)),.UNSPECIFIED.,.F.,.F.,.F.,(4,1,4),(4,4),(0.,
0.5,1.),(4.40947183775423E-15,0.785398163397453),.UNSPECIFIED.);
#268=FACE_OUTER_BOUND('',#385,.T.);
#269=FACE_OUTER_BOUND('',#386,.T.);
#270=FACE_OUTER_BOUND('',#387,.T.);
#271=FACE_OUTER_BOUND('',#388,.T.);
#272=FACE_OUTER_BOUND('',#389,.T.);
#273=FACE_OUTER_BOUND('',#390,.T.);
#274=FACE_OUTER_BOUND('',#391,.T.);
#275=FACE_OUTER_BOUND('',#392,.T.);
#276=FACE_OUTER_BOUND('',#393,.T.);
#277=FACE_OUTER_BOUND('',#394,.T.);
#278=FACE_OUTER_BOUND('',#395,.T.);
#279=FACE_OUTER_BOUND('',#396,.T.);
#280=FACE_OUTER_BOUND('',#397,.T.);
#281=FACE_OUTER_BOUND('',#398,.T.);
#282=FACE_OUTER_BOUND('',#399,.T.);
#283=FACE_OUTER_BOUND('',#400,.T.);
#284=FACE_OUTER_BOUND('',#401,.T.);
#285=FACE_OUTER_BOUND('',#402,.T.);
#286=FACE_OUTER_BOUND('',#403,.T.);
#287=FACE_OUTER_BOUND('',#404,.T.);
#288=FACE_OUTER_BOUND('',#405,.T.);
#289=FACE_OUTER_BOUND('',#406,.T.);
#290=FACE_OUTER_BOUND('',#407,.T.);
#291=FACE_OUTER_BOUND('',#408,.T.);
#292=FACE_OUTER_BOUND('',#409,.T.);
#293=FACE_OUTER_BOUND('',#410,.T.);
#294=FACE_OUTER_BOUND('',#411,.T.);
#295=FACE_OUTER_BOUND('',#412,.T.);
#296=FACE_OUTER_BOUND('',#413,.T.);
#297=FACE_OUTER_BOUND('',#414,.T.);
#298=FACE_OUTER_BOUND('',#415,.T.);
#299=FACE_OUTER_BOUND('',#416,.T.);
#300=FACE_OUTER_BOUND('',#417,.T.);
#301=FACE_OUTER_BOUND('',#418,.T.);
#302=FACE_OUTER_BOUND('',#419,.T.);
#303=FACE_OUTER_BOUND('',#420,.T.);
#304=FACE_OUTER_BOUND('',#421,.T.);
#305=FACE_OUTER_BOUND('',#422,.T.);
#306=FACE_OUTER_BOUND('',#423,.T.);
#307=FACE_OUTER_BOUND('',#424,.T.);
#308=FACE_OUTER_BOUND('',#425,.T.);
#309=FACE_OUTER_BOUND('',#426,.T.);
#310=FACE_OUTER_BOUND('',#427,.T.);
#311=FACE_OUTER_BOUND('',#428,.T.);
#312=FACE_OUTER_BOUND('',#429,.T.);
#313=FACE_OUTER_BOUND('',#430,.T.);
#314=FACE_OUTER_BOUND('',#431,.T.);
#315=FACE_OUTER_BOUND('',#432,.T.);
#316=FACE_OUTER_BOUND('',#433,.T.);
#317=FACE_OUTER_BOUND('',#434,.T.);
#318=FACE_OUTER_BOUND('',#435,.T.);
#319=FACE_OUTER_BOUND('',#436,.T.);
#320=FACE_OUTER_BOUND('',#437,.T.);
#321=FACE_OUTER_BOUND('',#438,.T.);
#322=FACE_OUTER_BOUND('',#439,.T.);
#323=FACE_OUTER_BOUND('',#440,.T.);
#324=FACE_OUTER_BOUND('',#441,.T.);
#325=FACE_OUTER_BOUND('',#442,.T.);
#326=FACE_OUTER_BOUND('',#443,.T.);
#327=FACE_OUTER_BOUND('',#444,.T.);
#328=FACE_OUTER_BOUND('',#445,.T.);
#329=FACE_OUTER_BOUND('',#446,.T.);
#330=FACE_OUTER_BOUND('',#447,.T.);
#331=FACE_OUTER_BOUND('',#449,.T.);
#332=FACE_OUTER_BOUND('',#453,.T.);
#333=FACE_OUTER_BOUND('',#454,.T.);
#334=FACE_OUTER_BOUND('',#455,.T.);
#335=FACE_OUTER_BOUND('',#456,.T.);
#336=FACE_OUTER_BOUND('',#457,.T.);
#337=FACE_OUTER_BOUND('',#458,.T.);
#338=FACE_OUTER_BOUND('',#459,.T.);
#339=FACE_OUTER_BOUND('',#460,.T.);
#340=FACE_OUTER_BOUND('',#461,.T.);
#341=FACE_OUTER_BOUND('',#462,.T.);
#342=FACE_OUTER_BOUND('',#463,.T.);
#343=FACE_OUTER_BOUND('',#464,.T.);
#344=FACE_OUTER_BOUND('',#465,.T.);
#345=FACE_OUTER_BOUND('',#466,.T.);
#346=FACE_OUTER_BOUND('',#467,.T.);
#347=FACE_OUTER_BOUND('',#468,.T.);
#348=FACE_OUTER_BOUND('',#469,.T.);
#349=FACE_OUTER_BOUND('',#470,.T.);
#350=FACE_OUTER_BOUND('',#471,.T.);
#351=FACE_OUTER_BOUND('',#472,.T.);
#352=FACE_OUTER_BOUND('',#473,.T.);
#353=FACE_OUTER_BOUND('',#474,.T.);
#354=FACE_OUTER_BOUND('',#475,.T.);
#355=FACE_OUTER_BOUND('',#476,.T.);
#356=FACE_OUTER_BOUND('',#477,.T.);
#357=FACE_OUTER_BOUND('',#478,.T.);
#358=FACE_OUTER_BOUND('',#479,.T.);
#359=FACE_OUTER_BOUND('',#480,.T.);
#360=FACE_OUTER_BOUND('',#481,.T.);
#361=FACE_OUTER_BOUND('',#482,.T.);
#362=FACE_OUTER_BOUND('',#483,.T.);
#363=FACE_OUTER_BOUND('',#484,.T.);
#364=FACE_OUTER_BOUND('',#485,.T.);
#365=FACE_OUTER_BOUND('',#486,.T.);
#366=FACE_OUTER_BOUND('',#487,.T.);
#367=FACE_OUTER_BOUND('',#488,.T.);
#368=FACE_OUTER_BOUND('',#489,.T.);
#369=FACE_OUTER_BOUND('',#490,.T.);
#370=FACE_OUTER_BOUND('',#491,.T.);
#371=FACE_OUTER_BOUND('',#492,.T.);
#372=FACE_OUTER_BOUND('',#493,.T.);
#373=FACE_OUTER_BOUND('',#494,.T.);
#374=FACE_OUTER_BOUND('',#495,.T.);
#375=FACE_OUTER_BOUND('',#496,.T.);
#376=FACE_OUTER_BOUND('',#497,.T.);
#377=FACE_OUTER_BOUND('',#498,.T.);
#378=FACE_OUTER_BOUND('',#499,.T.);
#379=FACE_OUTER_BOUND('',#500,.T.);
#380=FACE_OUTER_BOUND('',#502,.T.);
#381=FACE_OUTER_BOUND('',#503,.T.);
#382=FACE_OUTER_BOUND('',#504,.T.);
#383=FACE_OUTER_BOUND('',#505,.T.);
#384=FACE_OUTER_BOUND('',#506,.T.);
#385=EDGE_LOOP('',(#1325,#1326,#1327,#1328));
#386=EDGE_LOOP('',(#1329,#1330,#1331,#1332));
#387=EDGE_LOOP('',(#1333,#1334,#1335,#1336));
#388=EDGE_LOOP('',(#1337,#1338,#1339,#1340));
#389=EDGE_LOOP('',(#1341,#1342,#1343,#1344));
#390=EDGE_LOOP('',(#1345,#1346,#1347,#1348));
#391=EDGE_LOOP('',(#1349,#1350,#1351,#1352));
#392=EDGE_LOOP('',(#1353,#1354,#1355,#1356));
#393=EDGE_LOOP('',(#1357,#1358,#1359,#1360));
#394=EDGE_LOOP('',(#1361,#1362,#1363,#1364));
#395=EDGE_LOOP('',(#1365,#1366,#1367,#1368));
#396=EDGE_LOOP('',(#1369,#1370,#1371,#1372));
#397=EDGE_LOOP('',(#1373,#1374,#1375,#1376));
#398=EDGE_LOOP('',(#1377,#1378,#1379,#1380));
#399=EDGE_LOOP('',(#1381,#1382,#1383,#1384));
#400=EDGE_LOOP('',(#1385,#1386,#1387,#1388));
#401=EDGE_LOOP('',(#1389,#1390,#1391,#1392));
#402=EDGE_LOOP('',(#1393,#1394,#1395,#1396));
#403=EDGE_LOOP('',(#1397,#1398,#1399,#1400));
#404=EDGE_LOOP('',(#1401,#1402,#1403,#1404));
#405=EDGE_LOOP('',(#1405,#1406,#1407,#1408));
#406=EDGE_LOOP('',(#1409,#1410,#1411,#1412));
#407=EDGE_LOOP('',(#1413,#1414,#1415,#1416,#1417,#1418,#1419,#1420,#1421,
#1422,#1423,#1424,#1425,#1426,#1427,#1428,#1429,#1430,#1431,#1432,#1433,
#1434));
#408=EDGE_LOOP('',(#1435,#1436,#1437,#1438));
#409=EDGE_LOOP('',(#1439,#1440,#1441,#1442));
#410=EDGE_LOOP('',(#1443,#1444,#1445,#1446));
#411=EDGE_LOOP('',(#1447,#1448,#1449,#1450));
#412=EDGE_LOOP('',(#1451,#1452,#1453,#1454));
#413=EDGE_LOOP('',(#1455,#1456,#1457,#1458));
#414=EDGE_LOOP('',(#1459,#1460,#1461,#1462));
#415=EDGE_LOOP('',(#1463,#1464,#1465,#1466));
#416=EDGE_LOOP('',(#1467,#1468,#1469,#1470));
#417=EDGE_LOOP('',(#1471,#1472,#1473,#1474));
#418=EDGE_LOOP('',(#1475,#1476,#1477,#1478));
#419=EDGE_LOOP('',(#1479,#1480,#1481,#1482));
#420=EDGE_LOOP('',(#1483,#1484,#1485,#1486));
#421=EDGE_LOOP('',(#1487,#1488,#1489,#1490));
#422=EDGE_LOOP('',(#1491,#1492,#1493,#1494));
#423=EDGE_LOOP('',(#1495,#1496,#1497,#1498));
#424=EDGE_LOOP('',(#1499,#1500,#1501,#1502));
#425=EDGE_LOOP('',(#1503,#1504,#1505,#1506));
#426=EDGE_LOOP('',(#1507,#1508,#1509,#1510));
#427=EDGE_LOOP('',(#1511,#1512,#1513,#1514));
#428=EDGE_LOOP('',(#1515,#1516,#1517,#1518));
#429=EDGE_LOOP('',(#1519,#1520,#1521,#1522));
#430=EDGE_LOOP('',(#1523,#1524,#1525,#1526,#1527,#1528,#1529,#1530,#1531,
#1532,#1533,#1534,#1535,#1536,#1537,#1538,#1539,#1540,#1541,#1542,#1543,
#1544));
#431=EDGE_LOOP('',(#1545,#1546,#1547,#1548));
#432=EDGE_LOOP('',(#1549,#1550,#1551,#1552));
#433=EDGE_LOOP('',(#1553,#1554,#1555,#1556));
#434=EDGE_LOOP('',(#1557,#1558,#1559,#1560));
#435=EDGE_LOOP('',(#1561,#1562,#1563,#1564));
#436=EDGE_LOOP('',(#1565,#1566,#1567,#1568));
#437=EDGE_LOOP('',(#1569,#1570,#1571,#1572));
#438=EDGE_LOOP('',(#1573,#1574,#1575,#1576));
#439=EDGE_LOOP('',(#1577,#1578,#1579,#1580));
#440=EDGE_LOOP('',(#1581,#1582,#1583,#1584));
#441=EDGE_LOOP('',(#1585,#1586,#1587,#1588));
#442=EDGE_LOOP('',(#1589,#1590,#1591,#1592));
#443=EDGE_LOOP('',(#1593,#1594,#1595,#1596));
#444=EDGE_LOOP('',(#1597,#1598,#1599,#1600));
#445=EDGE_LOOP('',(#1601,#1602,#1603,#1604));
#446=EDGE_LOOP('',(#1605,#1606,#1607,#1608));
#447=EDGE_LOOP('',(#1609,#1610,#1611,#1612,#1613,#1614,#1615,#1616));
#448=EDGE_LOOP('',(#1617,#1618,#1619,#1620,#1621,#1622,#1623,#1624));
#449=EDGE_LOOP('',(#1625,#1626,#1627,#1628,#1629,#1630,#1631,#1632));
#450=EDGE_LOOP('',(#1633,#1634,#1635,#1636,#1637,#1638,#1639,#1640,#1641,
#1642,#1643,#1644,#1645,#1646,#1647,#1648,#1649,#1650,#1651,#1652,#1653,
#1654));
#451=EDGE_LOOP('',(#1655,#1656,#1657,#1658,#1659,#1660,#1661,#1662,#1663,
#1664,#1665,#1666,#1667,#1668,#1669,#1670,#1671,#1672,#1673,#1674,#1675,
#1676));
#452=EDGE_LOOP('',(#1677,#1678,#1679,#1680,#1681,#1682,#1683,#1684));
#453=EDGE_LOOP('',(#1685,#1686));
#454=EDGE_LOOP('',(#1687,#1688,#1689,#1690,#1691,#1692));
#455=EDGE_LOOP('',(#1693,#1694,#1695,#1696,#1697,#1698));
#456=EDGE_LOOP('',(#1699,#1700,#1701,#1702,#1703,#1704));
#457=EDGE_LOOP('',(#1705,#1706,#1707,#1708));
#458=EDGE_LOOP('',(#1709,#1710));
#459=EDGE_LOOP('',(#1711,#1712,#1713,#1714,#1715,#1716));
#460=EDGE_LOOP('',(#1717,#1718,#1719,#1720));
#461=EDGE_LOOP('',(#1721,#1722,#1723,#1724,#1725,#1726,#1727));
#462=EDGE_LOOP('',(#1728,#1729,#1730,#1731,#1732,#1733,#1734,#1735,#1736,
#1737,#1738,#1739));
#463=EDGE_LOOP('',(#1740,#1741,#1742,#1743));
#464=EDGE_LOOP('',(#1744,#1745,#1746,#1747));
#465=EDGE_LOOP('',(#1748,#1749,#1750,#1751));
#466=EDGE_LOOP('',(#1752,#1753,#1754,#1755));
#467=EDGE_LOOP('',(#1756,#1757,#1758,#1759));
#468=EDGE_LOOP('',(#1760,#1761,#1762,#1763,#1764));
#469=EDGE_LOOP('',(#1765,#1766,#1767,#1768));
#470=EDGE_LOOP('',(#1769,#1770,#1771,#1772));
#471=EDGE_LOOP('',(#1773,#1774,#1775,#1776));
#472=EDGE_LOOP('',(#1777,#1778,#1779,#1780));
#473=EDGE_LOOP('',(#1781,#1782,#1783,#1784));
#474=EDGE_LOOP('',(#1785,#1786,#1787,#1788,#1789));
#475=EDGE_LOOP('',(#1790,#1791,#1792,#1793));
#476=EDGE_LOOP('',(#1794,#1795,#1796,#1797));
#477=EDGE_LOOP('',(#1798,#1799,#1800,#1801));
#478=EDGE_LOOP('',(#1802,#1803,#1804,#1805));
#479=EDGE_LOOP('',(#1806,#1807,#1808,#1809));
#480=EDGE_LOOP('',(#1810,#1811,#1812,#1813,#1814,#1815,#1816));
#481=EDGE_LOOP('',(#1817,#1818,#1819,#1820));
#482=EDGE_LOOP('',(#1821,#1822,#1823,#1824));
#483=EDGE_LOOP('',(#1825,#1826,#1827,#1828));
#484=EDGE_LOOP('',(#1829,#1830,#1831,#1832));
#485=EDGE_LOOP('',(#1833,#1834,#1835,#1836));
#486=EDGE_LOOP('',(#1837,#1838,#1839,#1840));
#487=EDGE_LOOP('',(#1841,#1842,#1843,#1844,#1845));
#488=EDGE_LOOP('',(#1846,#1847,#1848,#1849,#1850));
#489=EDGE_LOOP('',(#1851,#1852,#1853,#1854,#1855,#1856));
#490=EDGE_LOOP('',(#1857,#1858,#1859,#1860,#1861,#1862));
#491=EDGE_LOOP('',(#1863,#1864,#1865,#1866));
#492=EDGE_LOOP('',(#1867,#1868,#1869,#1870));
#493=EDGE_LOOP('',(#1871,#1872,#1873,#1874,#1875,#1876,#1877,#1878));
#494=EDGE_LOOP('',(#1879,#1880,#1881,#1882,#1883,#1884,#1885,#1886));
#495=EDGE_LOOP('',(#1887,#1888,#1889,#1890,#1891,#1892,#1893,#1894));
#496=EDGE_LOOP('',(#1895,#1896,#1897,#1898,#1899));
#497=EDGE_LOOP('',(#1900,#1901,#1902,#1903,#1904,#1905,#1906,#1907));
#498=EDGE_LOOP('',(#1908,#1909,#1910,#1911,#1912));
#499=EDGE_LOOP('',(#1913,#1914,#1915,#1916,#1917));
#500=EDGE_LOOP('',(#1918,#1919,#1920,#1921,#1922,#1923));
#501=EDGE_LOOP('',(#1924));
#502=EDGE_LOOP('',(#1925,#1926,#1927,#1928,#1929));
#503=EDGE_LOOP('',(#1930,#1931,#1932,#1933,#1934,#1935));
#504=EDGE_LOOP('',(#1936,#1937,#1938,#1939,#1940,#1941,#1942,#1943));
#505=EDGE_LOOP('',(#1944,#1945,#1946,#1947,#1948,#1949));
#506=EDGE_LOOP('',(#1950,#1951,#1952,#1953,#1954));
#507=LINE('',#2639,#657);
#508=LINE('',#2641,#658);
#509=LINE('',#2643,#659);
#510=LINE('',#2644,#660);
#511=LINE('',#2647,#661);
#512=LINE('',#2649,#662);
#513=LINE('',#2650,#663);
#514=LINE('',#2673,#664);
#515=LINE('',#2696,#665);
#516=LINE('',#2719,#666);
#517=LINE('',#2742,#667);
#518=LINE('',#2765,#668);
#519=LINE('',#2788,#669);
#520=LINE('',#2811,#670);
#521=LINE('',#2834,#671);
#522=LINE('',#2857,#672);
#523=LINE('',#2860,#673);
#524=LINE('',#2862,#674);
#525=LINE('',#2863,#675);
#526=LINE('',#2886,#676);
#527=LINE('',#2909,#677);
#528=LINE('',#2932,#678);
#529=LINE('',#2955,#679);
#530=LINE('',#2978,#680);
#531=LINE('',#3001,#681);
#532=LINE('',#3024,#682);
#533=LINE('',#3047,#683);
#534=LINE('',#3070,#684);
#535=LINE('',#3072,#685);
#536=LINE('',#3073,#686);
#537=LINE('',#3078,#687);
#538=LINE('',#3080,#688);
#539=LINE('',#3082,#689);
#540=LINE('',#3083,#690);
#541=LINE('',#3106,#691);
#542=LINE('',#3129,#692);
#543=LINE('',#3152,#693);
#544=LINE('',#3175,#694);
#545=LINE('',#3198,#695);
#546=LINE('',#3221,#696);
#547=LINE('',#3244,#697);
#548=LINE('',#3267,#698);
#549=LINE('',#3270,#699);
#550=LINE('',#3272,#700);
#551=LINE('',#3273,#701);
#552=LINE('',#3276,#702);
#553=LINE('',#3278,#703);
#554=LINE('',#3279,#704);
#555=LINE('',#3282,#705);
#556=LINE('',#3284,#706);
#557=LINE('',#3285,#707);
#558=LINE('',#3288,#708);
#559=LINE('',#3290,#709);
#560=LINE('',#3291,#710);
#561=LINE('',#3294,#711);
#562=LINE('',#3296,#712);
#563=LINE('',#3297,#713);
#564=LINE('',#3300,#714);
#565=LINE('',#3302,#715);
#566=LINE('',#3303,#716);
#567=LINE('',#3326,#717);
#568=LINE('',#3349,#718);
#569=LINE('',#3372,#719);
#570=LINE('',#3395,#720);
#571=LINE('',#3418,#721);
#572=LINE('',#3441,#722);
#573=LINE('',#3481,#723);
#574=LINE('',#3488,#724);
#575=LINE('',#3511,#725);
#576=LINE('',#3534,#726);
#577=LINE('',#3557,#727);
#578=LINE('',#3580,#728);
#579=LINE('',#3603,#729);
#580=LINE('',#3626,#730);
#581=LINE('',#3665,#731);
#582=LINE('',#3672,#732);
#583=LINE('',#3695,#733);
#584=LINE('',#3718,#734);
#585=LINE('',#3741,#735);
#586=LINE('',#3764,#736);
#587=LINE('',#3787,#737);
#588=LINE('',#3810,#738);
#589=LINE('',#3835,#739);
#590=LINE('',#3839,#740);
#591=LINE('',#3843,#741);
#592=LINE('',#3845,#742);
#593=LINE('',#3847,#743);
#594=LINE('',#3848,#744);
#595=LINE('',#3858,#745);
#596=LINE('',#3863,#746);
#597=LINE('',#3896,#747);
#598=LINE('',#3898,#748);
#599=LINE('',#3900,#749);
#600=LINE('',#3902,#750);
#601=LINE('',#3903,#751);
#602=LINE('',#3922,#752);
#603=LINE('',#3928,#753);
#604=LINE('',#3932,#754);
#605=LINE('',#3934,#755);
#606=LINE('',#3936,#756);
#607=LINE('',#3937,#757);
#608=LINE('',#3940,#758);
#609=LINE('',#3941,#759);
#610=LINE('',#3945,#760);
#611=LINE('',#3947,#761);
#612=LINE('',#3949,#762);
#613=LINE('',#3951,#763);
#614=LINE('',#3953,#764);
#615=LINE('',#3956,#765);
#616=LINE('',#3959,#766);
#617=LINE('',#3960,#767);
#618=LINE('',#4138,#768);
#619=LINE('',#4192,#769);
#620=LINE('',#4251,#770);
#621=LINE('',#4283,#771);
#622=LINE('',#4285,#772);
#623=LINE('',#4287,#773);
#624=LINE('',#4288,#774);
#625=LINE('',#4290,#775);
#626=LINE('',#4291,#776);
#627=LINE('',#4293,#777);
#628=LINE('',#4295,#778);
#629=LINE('',#4297,#779);
#630=LINE('',#4298,#780);
#631=LINE('',#4300,#781);
#632=LINE('',#4303,#782);
#633=LINE('',#4306,#783);
#634=LINE('',#4307,#784);
#635=LINE('',#4310,#785);
#636=LINE('',#4314,#786);
#637=LINE('',#4316,#787);
#638=LINE('',#4320,#788);
#639=LINE('',#4325,#789);
#640=LINE('',#4328,#790);
#641=LINE('',#4334,#791);
#642=LINE('',#4336,#792);
#643=LINE('',#4341,#793);
#644=LINE('',#4344,#794);
#645=LINE('',#4347,#795);
#646=LINE('',#4349,#796);
#647=LINE('',#4358,#797);
#648=LINE('',#4360,#798);
#649=LINE('',#4361,#799);
#650=LINE('',#4364,#800);
#651=LINE('',#4365,#801);
#652=LINE('',#4368,#802);
#653=LINE('',#4369,#803);
#654=LINE('',#4371,#804);
#655=LINE('',#4373,#805);
#656=LINE('',#4375,#806);
#657=VECTOR('',#2237,10.);
#658=VECTOR('',#2238,10.);
#659=VECTOR('',#2239,10.);
#660=VECTOR('',#2240,10.);
#661=VECTOR('',#2243,10.);
#662=VECTOR('',#2244,10.);
#663=VECTOR('',#2245,10.);
#664=VECTOR('',#2246,10.);
#665=VECTOR('',#2247,10.);
#666=VECTOR('',#2248,10.);
#667=VECTOR('',#2249,10.);
#668=VECTOR('',#2250,10.);
#669=VECTOR('',#2251,10.);
#670=VECTOR('',#2252,10.);
#671=VECTOR('',#2253,10.);
#672=VECTOR('',#2254,10.);
#673=VECTOR('',#2257,10.);
#674=VECTOR('',#2258,10.);
#675=VECTOR('',#2259,10.);
#676=VECTOR('',#2260,10.);
#677=VECTOR('',#2261,10.);
#678=VECTOR('',#2262,10.);
#679=VECTOR('',#2263,10.);
#680=VECTOR('',#2264,10.);
#681=VECTOR('',#2265,10.);
#682=VECTOR('',#2266,10.);
#683=VECTOR('',#2267,10.);
#684=VECTOR('',#2268,10.);
#685=VECTOR('',#2271,10.);
#686=VECTOR('',#2272,10.);
#687=VECTOR('',#2277,10.);
#688=VECTOR('',#2278,10.);
#689=VECTOR('',#2279,10.);
#690=VECTOR('',#2280,10.);
#691=VECTOR('',#2281,10.);
#692=VECTOR('',#2282,10.);
#693=VECTOR('',#2283,10.);
#694=VECTOR('',#2284,10.);
#695=VECTOR('',#2285,10.);
#696=VECTOR('',#2286,10.);
#697=VECTOR('',#2287,10.);
#698=VECTOR('',#2288,10.);
#699=VECTOR('',#2291,10.);
#700=VECTOR('',#2292,10.);
#701=VECTOR('',#2293,10.);
#702=VECTOR('',#2296,10.);
#703=VECTOR('',#2297,10.);
#704=VECTOR('',#2298,10.);
#705=VECTOR('',#2301,10.);
#706=VECTOR('',#2302,10.);
#707=VECTOR('',#2303,10.);
#708=VECTOR('',#2306,10.);
#709=VECTOR('',#2307,10.);
#710=VECTOR('',#2308,10.);
#711=VECTOR('',#2311,10.);
#712=VECTOR('',#2312,10.);
#713=VECTOR('',#2313,10.);
#714=VECTOR('',#2316,10.);
#715=VECTOR('',#2317,10.);
#716=VECTOR('',#2318,10.);
#717=VECTOR('',#2319,10.);
#718=VECTOR('',#2320,10.);
#719=VECTOR('',#2321,10.);
#720=VECTOR('',#2322,10.);
#721=VECTOR('',#2323,10.);
#722=VECTOR('',#2324,10.);
#723=VECTOR('',#2327,10.);
#724=VECTOR('',#2328,10.);
#725=VECTOR('',#2329,10.);
#726=VECTOR('',#2330,10.);
#727=VECTOR('',#2331,10.);
#728=VECTOR('',#2332,10.);
#729=VECTOR('',#2333,10.);
#730=VECTOR('',#2334,10.);
#731=VECTOR('',#2335,10.);
#732=VECTOR('',#2336,10.);
#733=VECTOR('',#2337,10.);
#734=VECTOR('',#2338,10.);
#735=VECTOR('',#2339,10.);
#736=VECTOR('',#2340,10.);
#737=VECTOR('',#2341,10.);
#738=VECTOR('',#2342,10.);
#739=VECTOR('',#2347,10.);
#740=VECTOR('',#2350,10.);
#741=VECTOR('',#2353,10.);
#742=VECTOR('',#2354,10.);
#743=VECTOR('',#2355,10.);
#744=VECTOR('',#2356,10.);
#745=VECTOR('',#2367,2.425);
#746=VECTOR('',#2374,1.7);
#747=VECTOR('',#2379,10.);
#748=VECTOR('',#2380,10.);
#749=VECTOR('',#2381,10.);
#750=VECTOR('',#2382,10.);
#751=VECTOR('',#2383,10.);
#752=VECTOR('',#2404,3.15);
#753=VECTOR('',#2413,10.);
#754=VECTOR('',#2416,10.);
#755=VECTOR('',#2417,10.);
#756=VECTOR('',#2418,10.);
#757=VECTOR('',#2419,10.);
#758=VECTOR('',#2422,10.);
#759=VECTOR('',#2423,10.);
#760=VECTOR('',#2426,10.);
#761=VECTOR('',#2427,10.);
#762=VECTOR('',#2428,10.);
#763=VECTOR('',#2429,10.);
#764=VECTOR('',#2430,10.);
#765=VECTOR('',#2433,10.);
#766=VECTOR('',#2436,10.);
#767=VECTOR('',#2437,10.);
#768=VECTOR('',#2470,10.);
#769=VECTOR('',#2485,10.);
#770=VECTOR('',#2504,10.);
#771=VECTOR('',#2519,10.);
#772=VECTOR('',#2522,10.);
#773=VECTOR('',#2525,10.);
#774=VECTOR('',#2526,10.);
#775=VECTOR('',#2529,10.);
#776=VECTOR('',#2530,10.);
#777=VECTOR('',#2533,10.);
#778=VECTOR('',#2536,10.);
#779=VECTOR('',#2539,10.);
#780=VECTOR('',#2540,10.);
#781=VECTOR('',#2543,10.);
#782=VECTOR('',#2546,10.);
#783=VECTOR('',#2551,10.);
#784=VECTOR('',#2552,10.);
#785=VECTOR('',#2555,10.);
#786=VECTOR('',#2560,10.);
#787=VECTOR('',#2561,10.);
#788=VECTOR('',#2566,10.);
#789=VECTOR('',#2571,10.);
#790=VECTOR('',#2574,10.);
#791=VECTOR('',#2581,10.);
#792=VECTOR('',#2582,10.);
#793=VECTOR('',#2589,10.);
#794=VECTOR('',#2592,10.);
#795=VECTOR('',#2595,10.);
#796=VECTOR('',#2598,10.);
#797=VECTOR('',#2613,10.);
#798=VECTOR('',#2614,10.);
#799=VECTOR('',#2615,10.);
#800=VECTOR('',#2618,10.);
#801=VECTOR('',#2619,10.);
#802=VECTOR('',#2622,10.);
#803=VECTOR('',#2623,10.);
#804=VECTOR('',#2626,10.);
#805=VECTOR('',#2629,10.);
#806=VECTOR('',#2632,10.);
#807=VERTEX_POINT('',#2637);
#808=VERTEX_POINT('',#2638);
#809=VERTEX_POINT('',#2640);
#810=VERTEX_POINT('',#2642);
#811=VERTEX_POINT('',#2646);
#812=VERTEX_POINT('',#2648);
#813=VERTEX_POINT('',#2661);
#814=VERTEX_POINT('',#2667);
#815=VERTEX_POINT('',#2684);
#816=VERTEX_POINT('',#2690);
#817=VERTEX_POINT('',#2707);
#818=VERTEX_POINT('',#2713);
#819=VERTEX_POINT('',#2730);
#820=VERTEX_POINT('',#2736);
#821=VERTEX_POINT('',#2753);
#822=VERTEX_POINT('',#2759);
#823=VERTEX_POINT('',#2776);
#824=VERTEX_POINT('',#2782);
#825=VERTEX_POINT('',#2799);
#826=VERTEX_POINT('',#2805);
#827=VERTEX_POINT('',#2822);
#828=VERTEX_POINT('',#2828);
#829=VERTEX_POINT('',#2845);
#830=VERTEX_POINT('',#2851);
#831=VERTEX_POINT('',#2859);
#832=VERTEX_POINT('',#2861);
#833=VERTEX_POINT('',#2874);
#834=VERTEX_POINT('',#2880);
#835=VERTEX_POINT('',#2897);
#836=VERTEX_POINT('',#2903);
#837=VERTEX_POINT('',#2920);
#838=VERTEX_POINT('',#2926);
#839=VERTEX_POINT('',#2943);
#840=VERTEX_POINT('',#2949);
#841=VERTEX_POINT('',#2966);
#842=VERTEX_POINT('',#2972);
#843=VERTEX_POINT('',#2989);
#844=VERTEX_POINT('',#2995);
#845=VERTEX_POINT('',#3012);
#846=VERTEX_POINT('',#3018);
#847=VERTEX_POINT('',#3035);
#848=VERTEX_POINT('',#3041);
#849=VERTEX_POINT('',#3058);
#850=VERTEX_POINT('',#3064);
#851=VERTEX_POINT('',#3076);
#852=VERTEX_POINT('',#3077);
#853=VERTEX_POINT('',#3079);
#854=VERTEX_POINT('',#3081);
#855=VERTEX_POINT('',#3094);
#856=VERTEX_POINT('',#3100);
#857=VERTEX_POINT('',#3117);
#858=VERTEX_POINT('',#3123);
#859=VERTEX_POINT('',#3140);
#860=VERTEX_POINT('',#3146);
#861=VERTEX_POINT('',#3163);
#862=VERTEX_POINT('',#3169);
#863=VERTEX_POINT('',#3186);
#864=VERTEX_POINT('',#3192);
#865=VERTEX_POINT('',#3209);
#866=VERTEX_POINT('',#3215);
#867=VERTEX_POINT('',#3232);
#868=VERTEX_POINT('',#3238);
#869=VERTEX_POINT('',#3255);
#870=VERTEX_POINT('',#3261);
#871=VERTEX_POINT('',#3269);
#872=VERTEX_POINT('',#3271);
#873=VERTEX_POINT('',#3275);
#874=VERTEX_POINT('',#3277);
#875=VERTEX_POINT('',#3281);
#876=VERTEX_POINT('',#3283);
#877=VERTEX_POINT('',#3287);
#878=VERTEX_POINT('',#3289);
#879=VERTEX_POINT('',#3293);
#880=VERTEX_POINT('',#3295);
#881=VERTEX_POINT('',#3299);
#882=VERTEX_POINT('',#3301);
#883=VERTEX_POINT('',#3314);
#884=VERTEX_POINT('',#3320);
#885=VERTEX_POINT('',#3337);
#886=VERTEX_POINT('',#3343);
#887=VERTEX_POINT('',#3360);
#888=VERTEX_POINT('',#3366);
#889=VERTEX_POINT('',#3383);
#890=VERTEX_POINT('',#3389);
#891=VERTEX_POINT('',#3406);
#892=VERTEX_POINT('',#3412);
#893=VERTEX_POINT('',#3429);
#894=VERTEX_POINT('',#3435);
#895=VERTEX_POINT('',#3473);
#896=VERTEX_POINT('',#3474);
#897=VERTEX_POINT('',#3480);
#898=VERTEX_POINT('',#3482);
#899=VERTEX_POINT('',#3499);
#900=VERTEX_POINT('',#3505);
#901=VERTEX_POINT('',#3522);
#902=VERTEX_POINT('',#3528);
#903=VERTEX_POINT('',#3545);
#904=VERTEX_POINT('',#3551);
#905=VERTEX_POINT('',#3568);
#906=VERTEX_POINT('',#3574);
#907=VERTEX_POINT('',#3591);
#908=VERTEX_POINT('',#3597);
#909=VERTEX_POINT('',#3614);
#910=VERTEX_POINT('',#3620);
#911=VERTEX_POINT('',#3657);
#912=VERTEX_POINT('',#3658);
#913=VERTEX_POINT('',#3664);
#914=VERTEX_POINT('',#3666);
#915=VERTEX_POINT('',#3683);
#916=VERTEX_POINT('',#3689);
#917=VERTEX_POINT('',#3706);
#918=VERTEX_POINT('',#3712);
#919=VERTEX_POINT('',#3729);
#920=VERTEX_POINT('',#3735);
#921=VERTEX_POINT('',#3752);
#922=VERTEX_POINT('',#3758);
#923=VERTEX_POINT('',#3775);
#924=VERTEX_POINT('',#3781);
#925=VERTEX_POINT('',#3798);
#926=VERTEX_POINT('',#3804);
#927=VERTEX_POINT('',#3833);
#928=VERTEX_POINT('',#3834);
#929=VERTEX_POINT('',#3836);
#930=VERTEX_POINT('',#3838);
#931=VERTEX_POINT('',#3840);
#932=VERTEX_POINT('',#3842);
#933=VERTEX_POINT('',#3844);
#934=VERTEX_POINT('',#3846);
#935=VERTEX_POINT('',#3850);
#936=VERTEX_POINT('',#3851);
#937=VERTEX_POINT('',#3855);
#938=VERTEX_POINT('',#3857);
#939=VERTEX_POINT('',#3862);
#940=VERTEX_POINT('',#3864);
#941=VERTEX_POINT('',#3871);
#942=VERTEX_POINT('',#3895);
#943=VERTEX_POINT('',#3897);
#944=VERTEX_POINT('',#3899);
#945=VERTEX_POINT('',#3901);
#946=VERTEX_POINT('',#3905);
#947=VERTEX_POINT('',#3906);
#948=VERTEX_POINT('',#3908);
#949=VERTEX_POINT('',#3910);
#950=VERTEX_POINT('',#3914);
#951=VERTEX_POINT('',#3915);
#952=VERTEX_POINT('',#3919);
#953=VERTEX_POINT('',#3921);
#954=VERTEX_POINT('',#3927);
#955=VERTEX_POINT('',#3929);
#956=VERTEX_POINT('',#3931);
#957=VERTEX_POINT('',#3933);
#958=VERTEX_POINT('',#3935);
#959=VERTEX_POINT('',#3939);
#960=VERTEX_POINT('',#3942);
#961=VERTEX_POINT('',#3944);
#962=VERTEX_POINT('',#3946);
#963=VERTEX_POINT('',#3948);
#964=VERTEX_POINT('',#3950);
#965=VERTEX_POINT('',#3952);
#966=VERTEX_POINT('',#3954);
#967=VERTEX_POINT('',#3958);
#968=VERTEX_POINT('',#4003);
#969=VERTEX_POINT('',#4004);
#970=VERTEX_POINT('',#4006);
#971=VERTEX_POINT('',#4052);
#972=VERTEX_POINT('',#4054);
#973=VERTEX_POINT('',#4056);
#974=VERTEX_POINT('',#4101);
#975=VERTEX_POINT('',#4103);
#976=VERTEX_POINT('',#4105);
#977=VERTEX_POINT('',#4132);
#978=VERTEX_POINT('',#4137);
#979=VERTEX_POINT('',#4139);
#980=VERTEX_POINT('',#4184);
#981=VERTEX_POINT('',#4186);
#982=VERTEX_POINT('',#4188);
#983=VERTEX_POINT('',#4213);
#984=VERTEX_POINT('',#4215);
#985=VERTEX_POINT('',#4217);
#986=VERTEX_POINT('',#4244);
#987=VERTEX_POINT('',#4250);
#988=VERTEX_POINT('',#4252);
#989=VERTEX_POINT('',#4275);
#990=VERTEX_POINT('',#4276);
#991=VERTEX_POINT('',#4279);
#992=VERTEX_POINT('',#4302);
#993=VERTEX_POINT('',#4309);
#994=VERTEX_POINT('',#4313);
#995=VERTEX_POINT('',#4315);
#996=VERTEX_POINT('',#4319);
#997=VERTEX_POINT('',#4323);
#998=VERTEX_POINT('',#4324);
#999=VERTEX_POINT('',#4327);
#1000=VERTEX_POINT('',#4329);
#1001=VERTEX_POINT('',#4333);
#1002=VERTEX_POINT('',#4335);
#1003=VERTEX_POINT('',#4337);
#1004=VERTEX_POINT('',#4342);
#1005=VERTEX_POINT('',#4346);
#1006=VERTEX_POINT('',#4357);
#1007=VERTEX_POINT('',#4359);
#1008=VERTEX_POINT('',#4363);
#1009=VERTEX_POINT('',#4367);
#1010=EDGE_CURVE('',#807,#808,#507,.T.);
#1011=EDGE_CURVE('',#807,#809,#508,.T.);
#1012=EDGE_CURVE('',#810,#809,#509,.T.);
#1013=EDGE_CURVE('',#808,#810,#510,.T.);
#1014=EDGE_CURVE('',#808,#811,#511,.T.);
#1015=EDGE_CURVE('',#812,#810,#512,.T.);
#1016=EDGE_CURVE('',#811,#812,#513,.T.);
#1017=EDGE_CURVE('',#811,#813,#111,.T.);
#1018=EDGE_CURVE('',#814,#812,#112,.T.);
#1019=EDGE_CURVE('',#813,#814,#514,.T.);
#1020=EDGE_CURVE('',#813,#815,#113,.T.);
#1021=EDGE_CURVE('',#816,#814,#114,.T.);
#1022=EDGE_CURVE('',#815,#816,#515,.T.);
#1023=EDGE_CURVE('',#815,#817,#115,.T.);
#1024=EDGE_CURVE('',#818,#816,#116,.T.);
#1025=EDGE_CURVE('',#817,#818,#516,.T.);
#1026=EDGE_CURVE('',#817,#819,#117,.T.);
#1027=EDGE_CURVE('',#820,#818,#118,.T.);
#1028=EDGE_CURVE('',#819,#820,#517,.T.);
#1029=EDGE_CURVE('',#819,#821,#119,.T.);
#1030=EDGE_CURVE('',#822,#820,#120,.T.);
#1031=EDGE_CURVE('',#821,#822,#518,.T.);
#1032=EDGE_CURVE('',#821,#823,#121,.T.);
#1033=EDGE_CURVE('',#824,#822,#122,.T.);
#1034=EDGE_CURVE('',#823,#824,#519,.T.);
#1035=EDGE_CURVE('',#823,#825,#123,.T.);
#1036=EDGE_CURVE('',#826,#824,#124,.T.);
#1037=EDGE_CURVE('',#825,#826,#520,.T.);
#1038=EDGE_CURVE('',#825,#827,#125,.T.);
#1039=EDGE_CURVE('',#828,#826,#126,.T.);
#1040=EDGE_CURVE('',#827,#828,#521,.T.);
#1041=EDGE_CURVE('',#827,#829,#127,.T.);
#1042=EDGE_CURVE('',#830,#828,#128,.T.);
#1043=EDGE_CURVE('',#829,#830,#522,.T.);
#1044=EDGE_CURVE('',#829,#831,#523,.T.);
#1045=EDGE_CURVE('',#832,#830,#524,.T.);
#1046=EDGE_CURVE('',#831,#832,#525,.T.);
#1047=EDGE_CURVE('',#831,#833,#129,.T.);
#1048=EDGE_CURVE('',#834,#832,#130,.T.);
#1049=EDGE_CURVE('',#833,#834,#526,.T.);
#1050=EDGE_CURVE('',#833,#835,#131,.T.);
#1051=EDGE_CURVE('',#836,#834,#132,.T.);
#1052=EDGE_CURVE('',#835,#836,#527,.T.);
#1053=EDGE_CURVE('',#835,#837,#133,.T.);
#1054=EDGE_CURVE('',#838,#836,#134,.T.);
#1055=EDGE_CURVE('',#837,#838,#528,.T.);
#1056=EDGE_CURVE('',#837,#839,#135,.T.);
#1057=EDGE_CURVE('',#840,#838,#136,.T.);
#1058=EDGE_CURVE('',#839,#840,#529,.T.);
#1059=EDGE_CURVE('',#839,#841,#137,.T.);
#1060=EDGE_CURVE('',#842,#840,#138,.T.);
#1061=EDGE_CURVE('',#841,#842,#530,.T.);
#1062=EDGE_CURVE('',#841,#843,#139,.T.);
#1063=EDGE_CURVE('',#844,#842,#140,.T.);
#1064=EDGE_CURVE('',#843,#844,#531,.T.);
#1065=EDGE_CURVE('',#843,#845,#141,.T.);
#1066=EDGE_CURVE('',#846,#844,#142,.T.);
#1067=EDGE_CURVE('',#845,#846,#532,.T.);
#1068=EDGE_CURVE('',#845,#847,#143,.T.);
#1069=EDGE_CURVE('',#848,#846,#144,.T.);
#1070=EDGE_CURVE('',#847,#848,#533,.T.);
#1071=EDGE_CURVE('',#847,#849,#145,.T.);
#1072=EDGE_CURVE('',#850,#848,#146,.T.);
#1073=EDGE_CURVE('',#849,#850,#534,.T.);
#1074=EDGE_CURVE('',#849,#807,#535,.T.);
#1075=EDGE_CURVE('',#809,#850,#536,.T.);
#1076=EDGE_CURVE('',#851,#852,#537,.T.);
#1077=EDGE_CURVE('',#851,#853,#538,.T.);
#1078=EDGE_CURVE('',#854,#853,#539,.T.);
#1079=EDGE_CURVE('',#852,#854,#540,.T.);
#1080=EDGE_CURVE('',#852,#855,#147,.T.);
#1081=EDGE_CURVE('',#856,#854,#148,.T.);
#1082=EDGE_CURVE('',#855,#856,#541,.T.);
#1083=EDGE_CURVE('',#855,#857,#149,.T.);
#1084=EDGE_CURVE('',#858,#856,#150,.T.);
#1085=EDGE_CURVE('',#857,#858,#542,.T.);
#1086=EDGE_CURVE('',#857,#859,#151,.T.);
#1087=EDGE_CURVE('',#860,#858,#152,.T.);
#1088=EDGE_CURVE('',#859,#860,#543,.T.);
#1089=EDGE_CURVE('',#859,#861,#153,.T.);
#1090=EDGE_CURVE('',#862,#860,#154,.T.);
#1091=EDGE_CURVE('',#861,#862,#544,.T.);
#1092=EDGE_CURVE('',#861,#863,#155,.T.);
#1093=EDGE_CURVE('',#864,#862,#156,.T.);
#1094=EDGE_CURVE('',#863,#864,#545,.T.);
#1095=EDGE_CURVE('',#863,#865,#157,.T.);
#1096=EDGE_CURVE('',#866,#864,#158,.T.);
#1097=EDGE_CURVE('',#865,#866,#546,.T.);
#1098=EDGE_CURVE('',#865,#867,#159,.T.);
#1099=EDGE_CURVE('',#868,#866,#160,.T.);
#1100=EDGE_CURVE('',#867,#868,#547,.T.);
#1101=EDGE_CURVE('',#867,#869,#161,.T.);
#1102=EDGE_CURVE('',#870,#868,#162,.T.);
#1103=EDGE_CURVE('',#869,#870,#548,.T.);
#1104=EDGE_CURVE('',#869,#871,#549,.T.);
#1105=EDGE_CURVE('',#872,#870,#550,.T.);
#1106=EDGE_CURVE('',#871,#872,#551,.T.);
#1107=EDGE_CURVE('',#871,#873,#552,.T.);
#1108=EDGE_CURVE('',#874,#872,#553,.T.);
#1109=EDGE_CURVE('',#873,#874,#554,.T.);
#1110=EDGE_CURVE('',#873,#875,#555,.T.);
#1111=EDGE_CURVE('',#876,#874,#556,.T.);
#1112=EDGE_CURVE('',#875,#876,#557,.T.);
#1113=EDGE_CURVE('',#875,#877,#558,.T.);
#1114=EDGE_CURVE('',#878,#876,#559,.T.);
#1115=EDGE_CURVE('',#877,#878,#560,.T.);
#1116=EDGE_CURVE('',#877,#879,#561,.T.);
#1117=EDGE_CURVE('',#880,#878,#562,.T.);
#1118=EDGE_CURVE('',#879,#880,#563,.T.);
#1119=EDGE_CURVE('',#879,#881,#564,.T.);
#1120=EDGE_CURVE('',#882,#880,#565,.T.);
#1121=EDGE_CURVE('',#881,#882,#566,.T.);
#1122=EDGE_CURVE('',#881,#883,#163,.T.);
#1123=EDGE_CURVE('',#884,#882,#164,.T.);
#1124=EDGE_CURVE('',#883,#884,#567,.T.);
#1125=EDGE_CURVE('',#883,#885,#165,.T.);
#1126=EDGE_CURVE('',#886,#884,#166,.T.);
#1127=EDGE_CURVE('',#885,#886,#568,.T.);
#1128=EDGE_CURVE('',#885,#887,#167,.T.);
#1129=EDGE_CURVE('',#888,#886,#168,.T.);
#1130=EDGE_CURVE('',#887,#888,#569,.T.);
#1131=EDGE_CURVE('',#887,#889,#169,.T.);
#1132=EDGE_CURVE('',#890,#888,#170,.T.);
#1133=EDGE_CURVE('',#889,#890,#570,.T.);
#1134=EDGE_CURVE('',#889,#891,#171,.T.);
#1135=EDGE_CURVE('',#892,#890,#172,.T.);
#1136=EDGE_CURVE('',#891,#892,#571,.T.);
#1137=EDGE_CURVE('',#891,#893,#173,.T.);
#1138=EDGE_CURVE('',#894,#892,#174,.T.);
#1139=EDGE_CURVE('',#893,#894,#572,.T.);
#1140=EDGE_CURVE('',#893,#851,#175,.T.);
#1141=EDGE_CURVE('',#853,#894,#176,.T.);
#1142=EDGE_CURVE('',#895,#896,#177,.T.);
#1143=EDGE_CURVE('',#895,#897,#573,.T.);
#1144=EDGE_CURVE('',#898,#897,#178,.T.);
#1145=EDGE_CURVE('',#896,#898,#574,.T.);
#1146=EDGE_CURVE('',#896,#899,#179,.T.);
#1147=EDGE_CURVE('',#900,#898,#180,.T.);
#1148=EDGE_CURVE('',#899,#900,#575,.T.);
#1149=EDGE_CURVE('',#899,#901,#181,.T.);
#1150=EDGE_CURVE('',#902,#900,#182,.T.);
#1151=EDGE_CURVE('',#901,#902,#576,.T.);
#1152=EDGE_CURVE('',#901,#903,#183,.T.);
#1153=EDGE_CURVE('',#904,#902,#184,.T.);
#1154=EDGE_CURVE('',#903,#904,#577,.T.);
#1155=EDGE_CURVE('',#903,#905,#185,.T.);
#1156=EDGE_CURVE('',#906,#904,#186,.T.);
#1157=EDGE_CURVE('',#905,#906,#578,.T.);
#1158=EDGE_CURVE('',#905,#907,#187,.T.);
#1159=EDGE_CURVE('',#908,#906,#188,.T.);
#1160=EDGE_CURVE('',#907,#908,#579,.T.);
#1161=EDGE_CURVE('',#907,#909,#189,.T.);
#1162=EDGE_CURVE('',#910,#908,#190,.T.);
#1163=EDGE_CURVE('',#909,#910,#580,.T.);
#1164=EDGE_CURVE('',#909,#895,#191,.T.);
#1165=EDGE_CURVE('',#897,#910,#192,.T.);
#1166=EDGE_CURVE('',#911,#912,#193,.T.);
#1167=EDGE_CURVE('',#911,#913,#581,.T.);
#1168=EDGE_CURVE('',#914,#913,#194,.T.);
#1169=EDGE_CURVE('',#912,#914,#582,.T.);
#1170=EDGE_CURVE('',#912,#915,#195,.T.);
#1171=EDGE_CURVE('',#916,#914,#196,.T.);
#1172=EDGE_CURVE('',#915,#916,#583,.T.);
#1173=EDGE_CURVE('',#915,#917,#197,.T.);
#1174=EDGE_CURVE('',#918,#916,#198,.T.);
#1175=EDGE_CURVE('',#917,#918,#584,.T.);
#1176=EDGE_CURVE('',#917,#919,#199,.T.);
#1177=EDGE_CURVE('',#920,#918,#200,.T.);
#1178=EDGE_CURVE('',#919,#920,#585,.T.);
#1179=EDGE_CURVE('',#919,#921,#201,.T.);
#1180=EDGE_CURVE('',#922,#920,#202,.T.);
#1181=EDGE_CURVE('',#921,#922,#586,.T.);
#1182=EDGE_CURVE('',#921,#923,#203,.T.);
#1183=EDGE_CURVE('',#924,#922,#204,.T.);
#1184=EDGE_CURVE('',#923,#924,#587,.T.);
#1185=EDGE_CURVE('',#923,#925,#205,.T.);
#1186=EDGE_CURVE('',#926,#924,#206,.T.);
#1187=EDGE_CURVE('',#925,#926,#588,.T.);
#1188=EDGE_CURVE('',#925,#911,#207,.T.);
#1189=EDGE_CURVE('',#913,#926,#208,.T.);
#1190=EDGE_CURVE('',#927,#928,#589,.T.);
#1191=EDGE_CURVE('',#929,#927,#64,.T.);
#1192=EDGE_CURVE('',#930,#929,#590,.T.);
#1193=EDGE_CURVE('',#931,#930,#65,.T.);
#1194=EDGE_CURVE('',#932,#931,#591,.T.);
#1195=EDGE_CURVE('',#932,#933,#592,.T.);
#1196=EDGE_CURVE('',#933,#934,#593,.T.);
#1197=EDGE_CURVE('',#934,#928,#594,.T.);
#1198=EDGE_CURVE('',#935,#936,#41,.T.);
#1199=EDGE_CURVE('',#936,#935,#42,.T.);
#1200=EDGE_CURVE('',#937,#935,#43,.T.);
#1201=EDGE_CURVE('',#937,#938,#595,.T.);
#1202=EDGE_CURVE('',#938,#938,#44,.T.);
#1203=EDGE_CURVE('',#936,#937,#45,.T.);
#1204=EDGE_CURVE('',#938,#939,#596,.T.);
#1205=EDGE_CURVE('',#940,#939,#209,.T.);
#1206=EDGE_CURVE('',#941,#940,#66,.T.);
#1207=EDGE_CURVE('',#939,#941,#210,.T.);
#1208=EDGE_CURVE('',#942,#940,#597,.T.);
#1209=EDGE_CURVE('',#943,#942,#598,.T.);
#1210=EDGE_CURVE('',#944,#943,#599,.T.);
#1211=EDGE_CURVE('',#945,#944,#600,.T.);
#1212=EDGE_CURVE('',#941,#945,#601,.T.);
#1213=EDGE_CURVE('',#946,#947,#67,.T.);
#1214=EDGE_CURVE('',#948,#946,#68,.T.);
#1215=EDGE_CURVE('',#949,#948,#69,.T.);
#1216=EDGE_CURVE('',#947,#949,#70,.T.);
#1217=EDGE_CURVE('',#950,#951,#71,.T.);
#1218=EDGE_CURVE('',#951,#950,#72,.T.);
#1219=EDGE_CURVE('',#936,#952,#46,.T.);
#1220=EDGE_CURVE('',#952,#953,#602,.T.);
#1221=EDGE_CURVE('',#953,#953,#73,.T.);
#1222=EDGE_CURVE('',#952,#935,#47,.T.);
#1223=EDGE_CURVE('',#950,#954,#603,.T.);
#1224=EDGE_CURVE('',#955,#954,#74,.T.);
#1225=EDGE_CURVE('',#956,#955,#604,.T.);
#1226=EDGE_CURVE('',#957,#956,#605,.T.);
#1227=EDGE_CURVE('',#958,#957,#606,.F.);
#1228=EDGE_CURVE('',#958,#951,#607,.T.);
#1229=EDGE_CURVE('',#948,#959,#608,.T.);
#1230=EDGE_CURVE('',#959,#957,#609,.T.);
#1231=EDGE_CURVE('',#960,#956,#75,.T.);
#1232=EDGE_CURVE('',#961,#960,#610,.T.);
#1233=EDGE_CURVE('',#962,#961,#611,.T.);
#1234=EDGE_CURVE('',#963,#962,#612,.T.);
#1235=EDGE_CURVE('',#964,#963,#613,.T.);
#1236=EDGE_CURVE('',#965,#964,#614,.T.);
#1237=EDGE_CURVE('',#966,#965,#76,.T.);
#1238=EDGE_CURVE('',#966,#949,#615,.T.);
#1239=EDGE_CURVE('',#946,#967,#616,.T.);
#1240=EDGE_CURVE('',#959,#967,#617,.F.);
#1241=EDGE_CURVE('',#968,#969,#77,.T.);
#1242=EDGE_CURVE('',#970,#969,#48,.T.);
#1243=EDGE_CURVE('',#961,#970,#78,.F.);
#1244=EDGE_CURVE('',#968,#961,#49,.T.);
#1245=EDGE_CURVE('',#964,#971,#50,.T.);
#1246=EDGE_CURVE('',#972,#964,#79,.F.);
#1247=EDGE_CURVE('',#973,#972,#51,.T.);
#1248=EDGE_CURVE('',#973,#971,#80,.T.);
#1249=EDGE_CURVE('',#974,#962,#81,.F.);
#1250=EDGE_CURVE('',#975,#974,#52,.T.);
#1251=EDGE_CURVE('',#975,#976,#82,.T.);
#1252=EDGE_CURVE('',#962,#976,#53,.T.);
#1253=EDGE_CURVE('',#977,#942,#83,.F.);
#1254=EDGE_CURVE('',#931,#977,#54,.T.);
#1255=EDGE_CURVE('',#942,#930,#55,.T.);
#1256=EDGE_CURVE('',#977,#978,#618,.T.);
#1257=EDGE_CURVE('',#978,#979,#84,.T.);
#1258=EDGE_CURVE('',#979,#932,#85,.T.);
#1259=EDGE_CURVE('',#963,#980,#86,.F.);
#1260=EDGE_CURVE('',#981,#963,#56,.T.);
#1261=EDGE_CURVE('',#981,#982,#87,.T.);
#1262=EDGE_CURVE('',#980,#982,#57,.T.);
#1263=EDGE_CURVE('',#976,#981,#619,.T.);
#1264=EDGE_CURVE('',#945,#983,#88,.F.);
#1265=EDGE_CURVE('',#984,#945,#58,.T.);
#1266=EDGE_CURVE('',#984,#985,#89,.T.);
#1267=EDGE_CURVE('',#983,#985,#59,.T.);
#1268=EDGE_CURVE('',#943,#986,#90,.F.);
#1269=EDGE_CURVE('',#929,#943,#60,.T.);
#1270=EDGE_CURVE('',#986,#927,#61,.T.);
#1271=EDGE_CURVE('',#987,#986,#620,.T.);
#1272=EDGE_CURVE('',#928,#988,#91,.T.);
#1273=EDGE_CURVE('',#988,#987,#92,.T.);
#1274=EDGE_CURVE('',#989,#990,#93,.T.);
#1275=EDGE_CURVE('',#944,#990,#62,.T.);
#1276=EDGE_CURVE('',#991,#944,#94,.F.);
#1277=EDGE_CURVE('',#989,#991,#63,.T.);
#1278=EDGE_CURVE('',#990,#984,#621,.T.);
#1279=EDGE_CURVE('',#986,#991,#622,.T.);
#1280=EDGE_CURVE('',#991,#980,#623,.T.);
#1281=EDGE_CURVE('',#982,#989,#624,.T.);
#1282=EDGE_CURVE('',#974,#983,#625,.T.);
#1283=EDGE_CURVE('',#985,#975,#626,.T.);
#1284=EDGE_CURVE('',#983,#977,#627,.T.);
#1285=EDGE_CURVE('',#980,#972,#628,.T.);
#1286=EDGE_CURVE('',#988,#973,#629,.T.);
#1287=EDGE_CURVE('',#972,#987,#630,.T.);
#1288=EDGE_CURVE('',#970,#974,#631,.T.);
#1289=EDGE_CURVE('',#971,#992,#632,.T.);
#1290=EDGE_CURVE('',#992,#965,#95,.T.);
#1291=EDGE_CURVE('',#978,#970,#633,.T.);
#1292=EDGE_CURVE('',#969,#979,#634,.T.);
#1293=EDGE_CURVE('',#993,#968,#635,.T.);
#1294=EDGE_CURVE('',#960,#993,#96,.T.);
#1295=EDGE_CURVE('',#994,#966,#636,.T.);
#1296=EDGE_CURVE('',#992,#995,#637,.T.);
#1297=EDGE_CURVE('',#995,#994,#97,.T.);
#1298=EDGE_CURVE('',#996,#993,#638,.T.);
#1299=EDGE_CURVE('',#955,#996,#98,.T.);
#1300=EDGE_CURVE('',#997,#998,#639,.T.);
#1301=EDGE_CURVE('',#998,#994,#99,.T.);
#1302=EDGE_CURVE('',#995,#999,#640,.T.);
#1303=EDGE_CURVE('',#999,#1000,#100,.T.);
#1304=EDGE_CURVE('',#1000,#997,#101,.T.);
#1305=EDGE_CURVE('',#1001,#996,#641,.T.);
#1306=EDGE_CURVE('',#954,#1002,#642,.T.);
#1307=EDGE_CURVE('',#1002,#1003,#102,.T.);
#1308=EDGE_CURVE('',#1003,#1001,#103,.T.);
#1309=EDGE_CURVE('',#999,#934,#643,.T.);
#1310=EDGE_CURVE('',#934,#1004,#104,.F.);
#1311=EDGE_CURVE('',#1004,#1000,#644,.T.);
#1312=EDGE_CURVE('',#1003,#1005,#645,.T.);
#1313=EDGE_CURVE('',#933,#1005,#105,.T.);
#1314=EDGE_CURVE('',#933,#1001,#646,.T.);
#1315=EDGE_CURVE('',#1006,#1004,#647,.T.);
#1316=EDGE_CURVE('',#1007,#1006,#648,.F.);
#1317=EDGE_CURVE('',#1007,#997,#649,.T.);
#1318=EDGE_CURVE('',#1008,#1005,#650,.T.);
#1319=EDGE_CURVE('',#1006,#1008,#651,.F.);
#1320=EDGE_CURVE('',#1009,#1002,#652,.T.);
#1321=EDGE_CURVE('',#1008,#1009,#653,.F.);
#1322=EDGE_CURVE('',#1009,#958,#654,.F.);
#1323=EDGE_CURVE('',#967,#1007,#655,.F.);
#1324=EDGE_CURVE('',#998,#947,#656,.T.);
#1325=ORIENTED_EDGE('',*,*,#1010,.F.);
#1326=ORIENTED_EDGE('',*,*,#1011,.T.);
#1327=ORIENTED_EDGE('',*,*,#1012,.F.);
#1328=ORIENTED_EDGE('',*,*,#1013,.F.);
#1329=ORIENTED_EDGE('',*,*,#1014,.F.);
#1330=ORIENTED_EDGE('',*,*,#1013,.T.);
#1331=ORIENTED_EDGE('',*,*,#1015,.F.);
#1332=ORIENTED_EDGE('',*,*,#1016,.F.);
#1333=ORIENTED_EDGE('',*,*,#1017,.F.);
#1334=ORIENTED_EDGE('',*,*,#1016,.T.);
#1335=ORIENTED_EDGE('',*,*,#1018,.F.);
#1336=ORIENTED_EDGE('',*,*,#1019,.F.);
#1337=ORIENTED_EDGE('',*,*,#1020,.F.);
#1338=ORIENTED_EDGE('',*,*,#1019,.T.);
#1339=ORIENTED_EDGE('',*,*,#1021,.F.);
#1340=ORIENTED_EDGE('',*,*,#1022,.F.);
#1341=ORIENTED_EDGE('',*,*,#1023,.F.);
#1342=ORIENTED_EDGE('',*,*,#1022,.T.);
#1343=ORIENTED_EDGE('',*,*,#1024,.F.);
#1344=ORIENTED_EDGE('',*,*,#1025,.F.);
#1345=ORIENTED_EDGE('',*,*,#1026,.F.);
#1346=ORIENTED_EDGE('',*,*,#1025,.T.);
#1347=ORIENTED_EDGE('',*,*,#1027,.F.);
#1348=ORIENTED_EDGE('',*,*,#1028,.F.);
#1349=ORIENTED_EDGE('',*,*,#1029,.F.);
#1350=ORIENTED_EDGE('',*,*,#1028,.T.);
#1351=ORIENTED_EDGE('',*,*,#1030,.F.);
#1352=ORIENTED_EDGE('',*,*,#1031,.F.);
#1353=ORIENTED_EDGE('',*,*,#1032,.F.);
#1354=ORIENTED_EDGE('',*,*,#1031,.T.);
#1355=ORIENTED_EDGE('',*,*,#1033,.F.);
#1356=ORIENTED_EDGE('',*,*,#1034,.F.);
#1357=ORIENTED_EDGE('',*,*,#1035,.F.);
#1358=ORIENTED_EDGE('',*,*,#1034,.T.);
#1359=ORIENTED_EDGE('',*,*,#1036,.F.);
#1360=ORIENTED_EDGE('',*,*,#1037,.F.);
#1361=ORIENTED_EDGE('',*,*,#1038,.F.);
#1362=ORIENTED_EDGE('',*,*,#1037,.T.);
#1363=ORIENTED_EDGE('',*,*,#1039,.F.);
#1364=ORIENTED_EDGE('',*,*,#1040,.F.);
#1365=ORIENTED_EDGE('',*,*,#1041,.F.);
#1366=ORIENTED_EDGE('',*,*,#1040,.T.);
#1367=ORIENTED_EDGE('',*,*,#1042,.F.);
#1368=ORIENTED_EDGE('',*,*,#1043,.F.);
#1369=ORIENTED_EDGE('',*,*,#1044,.F.);
#1370=ORIENTED_EDGE('',*,*,#1043,.T.);
#1371=ORIENTED_EDGE('',*,*,#1045,.F.);
#1372=ORIENTED_EDGE('',*,*,#1046,.F.);
#1373=ORIENTED_EDGE('',*,*,#1047,.F.);
#1374=ORIENTED_EDGE('',*,*,#1046,.T.);
#1375=ORIENTED_EDGE('',*,*,#1048,.F.);
#1376=ORIENTED_EDGE('',*,*,#1049,.F.);
#1377=ORIENTED_EDGE('',*,*,#1050,.F.);
#1378=ORIENTED_EDGE('',*,*,#1049,.T.);
#1379=ORIENTED_EDGE('',*,*,#1051,.F.);
#1380=ORIENTED_EDGE('',*,*,#1052,.F.);
#1381=ORIENTED_EDGE('',*,*,#1053,.F.);
#1382=ORIENTED_EDGE('',*,*,#1052,.T.);
#1383=ORIENTED_EDGE('',*,*,#1054,.F.);
#1384=ORIENTED_EDGE('',*,*,#1055,.F.);
#1385=ORIENTED_EDGE('',*,*,#1056,.F.);
#1386=ORIENTED_EDGE('',*,*,#1055,.T.);
#1387=ORIENTED_EDGE('',*,*,#1057,.F.);
#1388=ORIENTED_EDGE('',*,*,#1058,.F.);
#1389=ORIENTED_EDGE('',*,*,#1059,.F.);
#1390=ORIENTED_EDGE('',*,*,#1058,.T.);
#1391=ORIENTED_EDGE('',*,*,#1060,.F.);
#1392=ORIENTED_EDGE('',*,*,#1061,.F.);
#1393=ORIENTED_EDGE('',*,*,#1062,.F.);
#1394=ORIENTED_EDGE('',*,*,#1061,.T.);
#1395=ORIENTED_EDGE('',*,*,#1063,.F.);
#1396=ORIENTED_EDGE('',*,*,#1064,.F.);
#1397=ORIENTED_EDGE('',*,*,#1065,.F.);
#1398=ORIENTED_EDGE('',*,*,#1064,.T.);
#1399=ORIENTED_EDGE('',*,*,#1066,.F.);
#1400=ORIENTED_EDGE('',*,*,#1067,.F.);
#1401=ORIENTED_EDGE('',*,*,#1068,.F.);
#1402=ORIENTED_EDGE('',*,*,#1067,.T.);
#1403=ORIENTED_EDGE('',*,*,#1069,.F.);
#1404=ORIENTED_EDGE('',*,*,#1070,.F.);
#1405=ORIENTED_EDGE('',*,*,#1071,.F.);
#1406=ORIENTED_EDGE('',*,*,#1070,.T.);
#1407=ORIENTED_EDGE('',*,*,#1072,.F.);
#1408=ORIENTED_EDGE('',*,*,#1073,.F.);
#1409=ORIENTED_EDGE('',*,*,#1074,.F.);
#1410=ORIENTED_EDGE('',*,*,#1073,.T.);
#1411=ORIENTED_EDGE('',*,*,#1075,.F.);
#1412=ORIENTED_EDGE('',*,*,#1011,.F.);
#1413=ORIENTED_EDGE('',*,*,#1075,.T.);
#1414=ORIENTED_EDGE('',*,*,#1072,.T.);
#1415=ORIENTED_EDGE('',*,*,#1069,.T.);
#1416=ORIENTED_EDGE('',*,*,#1066,.T.);
#1417=ORIENTED_EDGE('',*,*,#1063,.T.);
#1418=ORIENTED_EDGE('',*,*,#1060,.T.);
#1419=ORIENTED_EDGE('',*,*,#1057,.T.);
#1420=ORIENTED_EDGE('',*,*,#1054,.T.);
#1421=ORIENTED_EDGE('',*,*,#1051,.T.);
#1422=ORIENTED_EDGE('',*,*,#1048,.T.);
#1423=ORIENTED_EDGE('',*,*,#1045,.T.);
#1424=ORIENTED_EDGE('',*,*,#1042,.T.);
#1425=ORIENTED_EDGE('',*,*,#1039,.T.);
#1426=ORIENTED_EDGE('',*,*,#1036,.T.);
#1427=ORIENTED_EDGE('',*,*,#1033,.T.);
#1428=ORIENTED_EDGE('',*,*,#1030,.T.);
#1429=ORIENTED_EDGE('',*,*,#1027,.T.);
#1430=ORIENTED_EDGE('',*,*,#1024,.T.);
#1431=ORIENTED_EDGE('',*,*,#1021,.T.);
#1432=ORIENTED_EDGE('',*,*,#1018,.T.);
#1433=ORIENTED_EDGE('',*,*,#1015,.T.);
#1434=ORIENTED_EDGE('',*,*,#1012,.T.);
#1435=ORIENTED_EDGE('',*,*,#1076,.F.);
#1436=ORIENTED_EDGE('',*,*,#1077,.T.);
#1437=ORIENTED_EDGE('',*,*,#1078,.F.);
#1438=ORIENTED_EDGE('',*,*,#1079,.F.);
#1439=ORIENTED_EDGE('',*,*,#1080,.F.);
#1440=ORIENTED_EDGE('',*,*,#1079,.T.);
#1441=ORIENTED_EDGE('',*,*,#1081,.F.);
#1442=ORIENTED_EDGE('',*,*,#1082,.F.);
#1443=ORIENTED_EDGE('',*,*,#1083,.F.);
#1444=ORIENTED_EDGE('',*,*,#1082,.T.);
#1445=ORIENTED_EDGE('',*,*,#1084,.F.);
#1446=ORIENTED_EDGE('',*,*,#1085,.F.);
#1447=ORIENTED_EDGE('',*,*,#1086,.F.);
#1448=ORIENTED_EDGE('',*,*,#1085,.T.);
#1449=ORIENTED_EDGE('',*,*,#1087,.F.);
#1450=ORIENTED_EDGE('',*,*,#1088,.F.);
#1451=ORIENTED_EDGE('',*,*,#1089,.F.);
#1452=ORIENTED_EDGE('',*,*,#1088,.T.);
#1453=ORIENTED_EDGE('',*,*,#1090,.F.);
#1454=ORIENTED_EDGE('',*,*,#1091,.F.);
#1455=ORIENTED_EDGE('',*,*,#1092,.F.);
#1456=ORIENTED_EDGE('',*,*,#1091,.T.);
#1457=ORIENTED_EDGE('',*,*,#1093,.F.);
#1458=ORIENTED_EDGE('',*,*,#1094,.F.);
#1459=ORIENTED_EDGE('',*,*,#1095,.F.);
#1460=ORIENTED_EDGE('',*,*,#1094,.T.);
#1461=ORIENTED_EDGE('',*,*,#1096,.F.);
#1462=ORIENTED_EDGE('',*,*,#1097,.F.);
#1463=ORIENTED_EDGE('',*,*,#1098,.F.);
#1464=ORIENTED_EDGE('',*,*,#1097,.T.);
#1465=ORIENTED_EDGE('',*,*,#1099,.F.);
#1466=ORIENTED_EDGE('',*,*,#1100,.F.);
#1467=ORIENTED_EDGE('',*,*,#1101,.F.);
#1468=ORIENTED_EDGE('',*,*,#1100,.T.);
#1469=ORIENTED_EDGE('',*,*,#1102,.F.);
#1470=ORIENTED_EDGE('',*,*,#1103,.F.);
#1471=ORIENTED_EDGE('',*,*,#1104,.F.);
#1472=ORIENTED_EDGE('',*,*,#1103,.T.);
#1473=ORIENTED_EDGE('',*,*,#1105,.F.);
#1474=ORIENTED_EDGE('',*,*,#1106,.F.);
#1475=ORIENTED_EDGE('',*,*,#1107,.F.);
#1476=ORIENTED_EDGE('',*,*,#1106,.T.);
#1477=ORIENTED_EDGE('',*,*,#1108,.F.);
#1478=ORIENTED_EDGE('',*,*,#1109,.F.);
#1479=ORIENTED_EDGE('',*,*,#1110,.F.);
#1480=ORIENTED_EDGE('',*,*,#1109,.T.);
#1481=ORIENTED_EDGE('',*,*,#1111,.F.);
#1482=ORIENTED_EDGE('',*,*,#1112,.F.);
#1483=ORIENTED_EDGE('',*,*,#1113,.F.);
#1484=ORIENTED_EDGE('',*,*,#1112,.T.);
#1485=ORIENTED_EDGE('',*,*,#1114,.F.);
#1486=ORIENTED_EDGE('',*,*,#1115,.F.);
#1487=ORIENTED_EDGE('',*,*,#1116,.F.);
#1488=ORIENTED_EDGE('',*,*,#1115,.T.);
#1489=ORIENTED_EDGE('',*,*,#1117,.F.);
#1490=ORIENTED_EDGE('',*,*,#1118,.F.);
#1491=ORIENTED_EDGE('',*,*,#1119,.F.);
#1492=ORIENTED_EDGE('',*,*,#1118,.T.);
#1493=ORIENTED_EDGE('',*,*,#1120,.F.);
#1494=ORIENTED_EDGE('',*,*,#1121,.F.);
#1495=ORIENTED_EDGE('',*,*,#1122,.F.);
#1496=ORIENTED_EDGE('',*,*,#1121,.T.);
#1497=ORIENTED_EDGE('',*,*,#1123,.F.);
#1498=ORIENTED_EDGE('',*,*,#1124,.F.);
#1499=ORIENTED_EDGE('',*,*,#1125,.F.);
#1500=ORIENTED_EDGE('',*,*,#1124,.T.);
#1501=ORIENTED_EDGE('',*,*,#1126,.F.);
#1502=ORIENTED_EDGE('',*,*,#1127,.F.);
#1503=ORIENTED_EDGE('',*,*,#1128,.F.);
#1504=ORIENTED_EDGE('',*,*,#1127,.T.);
#1505=ORIENTED_EDGE('',*,*,#1129,.F.);
#1506=ORIENTED_EDGE('',*,*,#1130,.F.);
#1507=ORIENTED_EDGE('',*,*,#1131,.F.);
#1508=ORIENTED_EDGE('',*,*,#1130,.T.);
#1509=ORIENTED_EDGE('',*,*,#1132,.F.);
#1510=ORIENTED_EDGE('',*,*,#1133,.F.);
#1511=ORIENTED_EDGE('',*,*,#1134,.F.);
#1512=ORIENTED_EDGE('',*,*,#1133,.T.);
#1513=ORIENTED_EDGE('',*,*,#1135,.F.);
#1514=ORIENTED_EDGE('',*,*,#1136,.F.);
#1515=ORIENTED_EDGE('',*,*,#1137,.F.);
#1516=ORIENTED_EDGE('',*,*,#1136,.T.);
#1517=ORIENTED_EDGE('',*,*,#1138,.F.);
#1518=ORIENTED_EDGE('',*,*,#1139,.F.);
#1519=ORIENTED_EDGE('',*,*,#1140,.F.);
#1520=ORIENTED_EDGE('',*,*,#1139,.T.);
#1521=ORIENTED_EDGE('',*,*,#1141,.F.);
#1522=ORIENTED_EDGE('',*,*,#1077,.F.);
#1523=ORIENTED_EDGE('',*,*,#1141,.T.);
#1524=ORIENTED_EDGE('',*,*,#1138,.T.);
#1525=ORIENTED_EDGE('',*,*,#1135,.T.);
#1526=ORIENTED_EDGE('',*,*,#1132,.T.);
#1527=ORIENTED_EDGE('',*,*,#1129,.T.);
#1528=ORIENTED_EDGE('',*,*,#1126,.T.);
#1529=ORIENTED_EDGE('',*,*,#1123,.T.);
#1530=ORIENTED_EDGE('',*,*,#1120,.T.);
#1531=ORIENTED_EDGE('',*,*,#1117,.T.);
#1532=ORIENTED_EDGE('',*,*,#1114,.T.);
#1533=ORIENTED_EDGE('',*,*,#1111,.T.);
#1534=ORIENTED_EDGE('',*,*,#1108,.T.);
#1535=ORIENTED_EDGE('',*,*,#1105,.T.);
#1536=ORIENTED_EDGE('',*,*,#1102,.T.);
#1537=ORIENTED_EDGE('',*,*,#1099,.T.);
#1538=ORIENTED_EDGE('',*,*,#1096,.T.);
#1539=ORIENTED_EDGE('',*,*,#1093,.T.);
#1540=ORIENTED_EDGE('',*,*,#1090,.T.);
#1541=ORIENTED_EDGE('',*,*,#1087,.T.);
#1542=ORIENTED_EDGE('',*,*,#1084,.T.);
#1543=ORIENTED_EDGE('',*,*,#1081,.T.);
#1544=ORIENTED_EDGE('',*,*,#1078,.T.);
#1545=ORIENTED_EDGE('',*,*,#1142,.F.);
#1546=ORIENTED_EDGE('',*,*,#1143,.T.);
#1547=ORIENTED_EDGE('',*,*,#1144,.F.);
#1548=ORIENTED_EDGE('',*,*,#1145,.F.);
#1549=ORIENTED_EDGE('',*,*,#1146,.F.);
#1550=ORIENTED_EDGE('',*,*,#1145,.T.);
#1551=ORIENTED_EDGE('',*,*,#1147,.F.);
#1552=ORIENTED_EDGE('',*,*,#1148,.F.);
#1553=ORIENTED_EDGE('',*,*,#1149,.F.);
#1554=ORIENTED_EDGE('',*,*,#1148,.T.);
#1555=ORIENTED_EDGE('',*,*,#1150,.F.);
#1556=ORIENTED_EDGE('',*,*,#1151,.F.);
#1557=ORIENTED_EDGE('',*,*,#1152,.F.);
#1558=ORIENTED_EDGE('',*,*,#1151,.T.);
#1559=ORIENTED_EDGE('',*,*,#1153,.F.);
#1560=ORIENTED_EDGE('',*,*,#1154,.F.);
#1561=ORIENTED_EDGE('',*,*,#1155,.F.);
#1562=ORIENTED_EDGE('',*,*,#1154,.T.);
#1563=ORIENTED_EDGE('',*,*,#1156,.F.);
#1564=ORIENTED_EDGE('',*,*,#1157,.F.);
#1565=ORIENTED_EDGE('',*,*,#1158,.F.);
#1566=ORIENTED_EDGE('',*,*,#1157,.T.);
#1567=ORIENTED_EDGE('',*,*,#1159,.F.);
#1568=ORIENTED_EDGE('',*,*,#1160,.F.);
#1569=ORIENTED_EDGE('',*,*,#1161,.F.);
#1570=ORIENTED_EDGE('',*,*,#1160,.T.);
#1571=ORIENTED_EDGE('',*,*,#1162,.F.);
#1572=ORIENTED_EDGE('',*,*,#1163,.F.);
#1573=ORIENTED_EDGE('',*,*,#1164,.F.);
#1574=ORIENTED_EDGE('',*,*,#1163,.T.);
#1575=ORIENTED_EDGE('',*,*,#1165,.F.);
#1576=ORIENTED_EDGE('',*,*,#1143,.F.);
#1577=ORIENTED_EDGE('',*,*,#1166,.F.);
#1578=ORIENTED_EDGE('',*,*,#1167,.T.);
#1579=ORIENTED_EDGE('',*,*,#1168,.F.);
#1580=ORIENTED_EDGE('',*,*,#1169,.F.);
#1581=ORIENTED_EDGE('',*,*,#1170,.F.);
#1582=ORIENTED_EDGE('',*,*,#1169,.T.);
#1583=ORIENTED_EDGE('',*,*,#1171,.F.);
#1584=ORIENTED_EDGE('',*,*,#1172,.F.);
#1585=ORIENTED_EDGE('',*,*,#1173,.F.);
#1586=ORIENTED_EDGE('',*,*,#1172,.T.);
#1587=ORIENTED_EDGE('',*,*,#1174,.F.);
#1588=ORIENTED_EDGE('',*,*,#1175,.F.);
#1589=ORIENTED_EDGE('',*,*,#1176,.F.);
#1590=ORIENTED_EDGE('',*,*,#1175,.T.);
#1591=ORIENTED_EDGE('',*,*,#1177,.F.);
#1592=ORIENTED_EDGE('',*,*,#1178,.F.);
#1593=ORIENTED_EDGE('',*,*,#1179,.F.);
#1594=ORIENTED_EDGE('',*,*,#1178,.T.);
#1595=ORIENTED_EDGE('',*,*,#1180,.F.);
#1596=ORIENTED_EDGE('',*,*,#1181,.F.);
#1597=ORIENTED_EDGE('',*,*,#1182,.F.);
#1598=ORIENTED_EDGE('',*,*,#1181,.T.);
#1599=ORIENTED_EDGE('',*,*,#1183,.F.);
#1600=ORIENTED_EDGE('',*,*,#1184,.F.);
#1601=ORIENTED_EDGE('',*,*,#1185,.F.);
#1602=ORIENTED_EDGE('',*,*,#1184,.T.);
#1603=ORIENTED_EDGE('',*,*,#1186,.F.);
#1604=ORIENTED_EDGE('',*,*,#1187,.F.);
#1605=ORIENTED_EDGE('',*,*,#1188,.F.);
#1606=ORIENTED_EDGE('',*,*,#1187,.T.);
#1607=ORIENTED_EDGE('',*,*,#1189,.F.);
#1608=ORIENTED_EDGE('',*,*,#1167,.F.);
#1609=ORIENTED_EDGE('',*,*,#1189,.T.);
#1610=ORIENTED_EDGE('',*,*,#1186,.T.);
#1611=ORIENTED_EDGE('',*,*,#1183,.T.);
#1612=ORIENTED_EDGE('',*,*,#1180,.T.);
#1613=ORIENTED_EDGE('',*,*,#1177,.T.);
#1614=ORIENTED_EDGE('',*,*,#1174,.T.);
#1615=ORIENTED_EDGE('',*,*,#1171,.T.);
#1616=ORIENTED_EDGE('',*,*,#1168,.T.);
#1617=ORIENTED_EDGE('',*,*,#1165,.T.);
#1618=ORIENTED_EDGE('',*,*,#1162,.T.);
#1619=ORIENTED_EDGE('',*,*,#1159,.T.);
#1620=ORIENTED_EDGE('',*,*,#1156,.T.);
#1621=ORIENTED_EDGE('',*,*,#1153,.T.);
#1622=ORIENTED_EDGE('',*,*,#1150,.T.);
#1623=ORIENTED_EDGE('',*,*,#1147,.T.);
#1624=ORIENTED_EDGE('',*,*,#1144,.T.);
#1625=ORIENTED_EDGE('',*,*,#1190,.F.);
#1626=ORIENTED_EDGE('',*,*,#1191,.F.);
#1627=ORIENTED_EDGE('',*,*,#1192,.F.);
#1628=ORIENTED_EDGE('',*,*,#1193,.F.);
#1629=ORIENTED_EDGE('',*,*,#1194,.F.);
#1630=ORIENTED_EDGE('',*,*,#1195,.T.);
#1631=ORIENTED_EDGE('',*,*,#1196,.T.);
#1632=ORIENTED_EDGE('',*,*,#1197,.T.);
#1633=ORIENTED_EDGE('',*,*,#1010,.T.);
#1634=ORIENTED_EDGE('',*,*,#1014,.T.);
#1635=ORIENTED_EDGE('',*,*,#1017,.T.);
#1636=ORIENTED_EDGE('',*,*,#1020,.T.);
#1637=ORIENTED_EDGE('',*,*,#1023,.T.);
#1638=ORIENTED_EDGE('',*,*,#1026,.T.);
#1639=ORIENTED_EDGE('',*,*,#1029,.T.);
#1640=ORIENTED_EDGE('',*,*,#1032,.T.);
#1641=ORIENTED_EDGE('',*,*,#1035,.T.);
#1642=ORIENTED_EDGE('',*,*,#1038,.T.);
#1643=ORIENTED_EDGE('',*,*,#1041,.T.);
#1644=ORIENTED_EDGE('',*,*,#1044,.T.);
#1645=ORIENTED_EDGE('',*,*,#1047,.T.);
#1646=ORIENTED_EDGE('',*,*,#1050,.T.);
#1647=ORIENTED_EDGE('',*,*,#1053,.T.);
#1648=ORIENTED_EDGE('',*,*,#1056,.T.);
#1649=ORIENTED_EDGE('',*,*,#1059,.T.);
#1650=ORIENTED_EDGE('',*,*,#1062,.T.);
#1651=ORIENTED_EDGE('',*,*,#1065,.T.);
#1652=ORIENTED_EDGE('',*,*,#1068,.T.);
#1653=ORIENTED_EDGE('',*,*,#1071,.T.);
#1654=ORIENTED_EDGE('',*,*,#1074,.T.);
#1655=ORIENTED_EDGE('',*,*,#1076,.T.);
#1656=ORIENTED_EDGE('',*,*,#1080,.T.);
#1657=ORIENTED_EDGE('',*,*,#1083,.T.);
#1658=ORIENTED_EDGE('',*,*,#1086,.T.);
#1659=ORIENTED_EDGE('',*,*,#1089,.T.);
#1660=ORIENTED_EDGE('',*,*,#1092,.T.);
#1661=ORIENTED_EDGE('',*,*,#1095,.T.);
#1662=ORIENTED_EDGE('',*,*,#1098,.T.);
#1663=ORIENTED_EDGE('',*,*,#1101,.T.);
#1664=ORIENTED_EDGE('',*,*,#1104,.T.);
#1665=ORIENTED_EDGE('',*,*,#1107,.T.);
#1666=ORIENTED_EDGE('',*,*,#1110,.T.);
#1667=ORIENTED_EDGE('',*,*,#1113,.T.);
#1668=ORIENTED_EDGE('',*,*,#1116,.T.);
#1669=ORIENTED_EDGE('',*,*,#1119,.T.);
#1670=ORIENTED_EDGE('',*,*,#1122,.T.);
#1671=ORIENTED_EDGE('',*,*,#1125,.T.);
#1672=ORIENTED_EDGE('',*,*,#1128,.T.);
#1673=ORIENTED_EDGE('',*,*,#1131,.T.);
#1674=ORIENTED_EDGE('',*,*,#1134,.T.);
#1675=ORIENTED_EDGE('',*,*,#1137,.T.);
#1676=ORIENTED_EDGE('',*,*,#1140,.T.);
#1677=ORIENTED_EDGE('',*,*,#1166,.T.);
#1678=ORIENTED_EDGE('',*,*,#1170,.T.);
#1679=ORIENTED_EDGE('',*,*,#1173,.T.);
#1680=ORIENTED_EDGE('',*,*,#1176,.T.);
#1681=ORIENTED_EDGE('',*,*,#1179,.T.);
#1682=ORIENTED_EDGE('',*,*,#1182,.T.);
#1683=ORIENTED_EDGE('',*,*,#1185,.T.);
#1684=ORIENTED_EDGE('',*,*,#1188,.T.);
#1685=ORIENTED_EDGE('',*,*,#1198,.F.);
#1686=ORIENTED_EDGE('',*,*,#1199,.F.);
#1687=ORIENTED_EDGE('',*,*,#1199,.T.);
#1688=ORIENTED_EDGE('',*,*,#1200,.F.);
#1689=ORIENTED_EDGE('',*,*,#1201,.T.);
#1690=ORIENTED_EDGE('',*,*,#1202,.T.);
#1691=ORIENTED_EDGE('',*,*,#1201,.F.);
#1692=ORIENTED_EDGE('',*,*,#1203,.F.);
#1693=ORIENTED_EDGE('',*,*,#1202,.F.);
#1694=ORIENTED_EDGE('',*,*,#1204,.T.);
#1695=ORIENTED_EDGE('',*,*,#1205,.F.);
#1696=ORIENTED_EDGE('',*,*,#1206,.F.);
#1697=ORIENTED_EDGE('',*,*,#1207,.F.);
#1698=ORIENTED_EDGE('',*,*,#1204,.F.);
#1699=ORIENTED_EDGE('',*,*,#1206,.T.);
#1700=ORIENTED_EDGE('',*,*,#1208,.F.);
#1701=ORIENTED_EDGE('',*,*,#1209,.F.);
#1702=ORIENTED_EDGE('',*,*,#1210,.F.);
#1703=ORIENTED_EDGE('',*,*,#1211,.F.);
#1704=ORIENTED_EDGE('',*,*,#1212,.F.);
#1705=ORIENTED_EDGE('',*,*,#1213,.F.);
#1706=ORIENTED_EDGE('',*,*,#1214,.F.);
#1707=ORIENTED_EDGE('',*,*,#1215,.F.);
#1708=ORIENTED_EDGE('',*,*,#1216,.F.);
#1709=ORIENTED_EDGE('',*,*,#1217,.F.);
#1710=ORIENTED_EDGE('',*,*,#1218,.F.);
#1711=ORIENTED_EDGE('',*,*,#1219,.T.);
#1712=ORIENTED_EDGE('',*,*,#1220,.T.);
#1713=ORIENTED_EDGE('',*,*,#1221,.F.);
#1714=ORIENTED_EDGE('',*,*,#1220,.F.);
#1715=ORIENTED_EDGE('',*,*,#1222,.T.);
#1716=ORIENTED_EDGE('',*,*,#1198,.T.);
#1717=ORIENTED_EDGE('',*,*,#1203,.T.);
#1718=ORIENTED_EDGE('',*,*,#1200,.T.);
#1719=ORIENTED_EDGE('',*,*,#1222,.F.);
#1720=ORIENTED_EDGE('',*,*,#1219,.F.);
#1721=ORIENTED_EDGE('',*,*,#1218,.T.);
#1722=ORIENTED_EDGE('',*,*,#1223,.T.);
#1723=ORIENTED_EDGE('',*,*,#1224,.F.);
#1724=ORIENTED_EDGE('',*,*,#1225,.F.);
#1725=ORIENTED_EDGE('',*,*,#1226,.F.);
#1726=ORIENTED_EDGE('',*,*,#1227,.F.);
#1727=ORIENTED_EDGE('',*,*,#1228,.T.);
#1728=ORIENTED_EDGE('',*,*,#1215,.T.);
#1729=ORIENTED_EDGE('',*,*,#1229,.T.);
#1730=ORIENTED_EDGE('',*,*,#1230,.T.);
#1731=ORIENTED_EDGE('',*,*,#1226,.T.);
#1732=ORIENTED_EDGE('',*,*,#1231,.F.);
#1733=ORIENTED_EDGE('',*,*,#1232,.F.);
#1734=ORIENTED_EDGE('',*,*,#1233,.F.);
#1735=ORIENTED_EDGE('',*,*,#1234,.F.);
#1736=ORIENTED_EDGE('',*,*,#1235,.F.);
#1737=ORIENTED_EDGE('',*,*,#1236,.F.);
#1738=ORIENTED_EDGE('',*,*,#1237,.F.);
#1739=ORIENTED_EDGE('',*,*,#1238,.T.);
#1740=ORIENTED_EDGE('',*,*,#1214,.T.);
#1741=ORIENTED_EDGE('',*,*,#1239,.T.);
#1742=ORIENTED_EDGE('',*,*,#1240,.F.);
#1743=ORIENTED_EDGE('',*,*,#1229,.F.);
#1744=ORIENTED_EDGE('',*,*,#1241,.T.);
#1745=ORIENTED_EDGE('',*,*,#1242,.F.);
#1746=ORIENTED_EDGE('',*,*,#1243,.F.);
#1747=ORIENTED_EDGE('',*,*,#1244,.F.);
#1748=ORIENTED_EDGE('',*,*,#1245,.F.);
#1749=ORIENTED_EDGE('',*,*,#1246,.F.);
#1750=ORIENTED_EDGE('',*,*,#1247,.F.);
#1751=ORIENTED_EDGE('',*,*,#1248,.T.);
#1752=ORIENTED_EDGE('',*,*,#1249,.F.);
#1753=ORIENTED_EDGE('',*,*,#1250,.F.);
#1754=ORIENTED_EDGE('',*,*,#1251,.T.);
#1755=ORIENTED_EDGE('',*,*,#1252,.F.);
#1756=ORIENTED_EDGE('',*,*,#1253,.F.);
#1757=ORIENTED_EDGE('',*,*,#1254,.F.);
#1758=ORIENTED_EDGE('',*,*,#1193,.T.);
#1759=ORIENTED_EDGE('',*,*,#1255,.F.);
#1760=ORIENTED_EDGE('',*,*,#1194,.T.);
#1761=ORIENTED_EDGE('',*,*,#1254,.T.);
#1762=ORIENTED_EDGE('',*,*,#1256,.T.);
#1763=ORIENTED_EDGE('',*,*,#1257,.T.);
#1764=ORIENTED_EDGE('',*,*,#1258,.T.);
#1765=ORIENTED_EDGE('',*,*,#1259,.F.);
#1766=ORIENTED_EDGE('',*,*,#1260,.F.);
#1767=ORIENTED_EDGE('',*,*,#1261,.T.);
#1768=ORIENTED_EDGE('',*,*,#1262,.F.);
#1769=ORIENTED_EDGE('',*,*,#1260,.T.);
#1770=ORIENTED_EDGE('',*,*,#1234,.T.);
#1771=ORIENTED_EDGE('',*,*,#1252,.T.);
#1772=ORIENTED_EDGE('',*,*,#1263,.T.);
#1773=ORIENTED_EDGE('',*,*,#1264,.F.);
#1774=ORIENTED_EDGE('',*,*,#1265,.F.);
#1775=ORIENTED_EDGE('',*,*,#1266,.T.);
#1776=ORIENTED_EDGE('',*,*,#1267,.F.);
#1777=ORIENTED_EDGE('',*,*,#1268,.F.);
#1778=ORIENTED_EDGE('',*,*,#1269,.F.);
#1779=ORIENTED_EDGE('',*,*,#1191,.T.);
#1780=ORIENTED_EDGE('',*,*,#1270,.F.);
#1781=ORIENTED_EDGE('',*,*,#1269,.T.);
#1782=ORIENTED_EDGE('',*,*,#1209,.T.);
#1783=ORIENTED_EDGE('',*,*,#1255,.T.);
#1784=ORIENTED_EDGE('',*,*,#1192,.T.);
#1785=ORIENTED_EDGE('',*,*,#1271,.T.);
#1786=ORIENTED_EDGE('',*,*,#1270,.T.);
#1787=ORIENTED_EDGE('',*,*,#1190,.T.);
#1788=ORIENTED_EDGE('',*,*,#1272,.T.);
#1789=ORIENTED_EDGE('',*,*,#1273,.T.);
#1790=ORIENTED_EDGE('',*,*,#1274,.T.);
#1791=ORIENTED_EDGE('',*,*,#1275,.F.);
#1792=ORIENTED_EDGE('',*,*,#1276,.F.);
#1793=ORIENTED_EDGE('',*,*,#1277,.F.);
#1794=ORIENTED_EDGE('',*,*,#1265,.T.);
#1795=ORIENTED_EDGE('',*,*,#1211,.T.);
#1796=ORIENTED_EDGE('',*,*,#1275,.T.);
#1797=ORIENTED_EDGE('',*,*,#1278,.T.);
#1798=ORIENTED_EDGE('',*,*,#1268,.T.);
#1799=ORIENTED_EDGE('',*,*,#1279,.T.);
#1800=ORIENTED_EDGE('',*,*,#1276,.T.);
#1801=ORIENTED_EDGE('',*,*,#1210,.T.);
#1802=ORIENTED_EDGE('',*,*,#1277,.T.);
#1803=ORIENTED_EDGE('',*,*,#1280,.T.);
#1804=ORIENTED_EDGE('',*,*,#1262,.T.);
#1805=ORIENTED_EDGE('',*,*,#1281,.T.);
#1806=ORIENTED_EDGE('',*,*,#1250,.T.);
#1807=ORIENTED_EDGE('',*,*,#1282,.T.);
#1808=ORIENTED_EDGE('',*,*,#1267,.T.);
#1809=ORIENTED_EDGE('',*,*,#1283,.T.);
#1810=ORIENTED_EDGE('',*,*,#1205,.T.);
#1811=ORIENTED_EDGE('',*,*,#1207,.T.);
#1812=ORIENTED_EDGE('',*,*,#1212,.T.);
#1813=ORIENTED_EDGE('',*,*,#1264,.T.);
#1814=ORIENTED_EDGE('',*,*,#1284,.T.);
#1815=ORIENTED_EDGE('',*,*,#1253,.T.);
#1816=ORIENTED_EDGE('',*,*,#1208,.T.);
#1817=ORIENTED_EDGE('',*,*,#1259,.T.);
#1818=ORIENTED_EDGE('',*,*,#1285,.T.);
#1819=ORIENTED_EDGE('',*,*,#1246,.T.);
#1820=ORIENTED_EDGE('',*,*,#1235,.T.);
#1821=ORIENTED_EDGE('',*,*,#1286,.T.);
#1822=ORIENTED_EDGE('',*,*,#1247,.T.);
#1823=ORIENTED_EDGE('',*,*,#1287,.T.);
#1824=ORIENTED_EDGE('',*,*,#1273,.F.);
#1825=ORIENTED_EDGE('',*,*,#1243,.T.);
#1826=ORIENTED_EDGE('',*,*,#1288,.T.);
#1827=ORIENTED_EDGE('',*,*,#1249,.T.);
#1828=ORIENTED_EDGE('',*,*,#1233,.T.);
#1829=ORIENTED_EDGE('',*,*,#1236,.T.);
#1830=ORIENTED_EDGE('',*,*,#1245,.T.);
#1831=ORIENTED_EDGE('',*,*,#1289,.T.);
#1832=ORIENTED_EDGE('',*,*,#1290,.T.);
#1833=ORIENTED_EDGE('',*,*,#1291,.T.);
#1834=ORIENTED_EDGE('',*,*,#1242,.T.);
#1835=ORIENTED_EDGE('',*,*,#1292,.T.);
#1836=ORIENTED_EDGE('',*,*,#1257,.F.);
#1837=ORIENTED_EDGE('',*,*,#1293,.T.);
#1838=ORIENTED_EDGE('',*,*,#1244,.T.);
#1839=ORIENTED_EDGE('',*,*,#1232,.T.);
#1840=ORIENTED_EDGE('',*,*,#1294,.T.);
#1841=ORIENTED_EDGE('',*,*,#1295,.T.);
#1842=ORIENTED_EDGE('',*,*,#1237,.T.);
#1843=ORIENTED_EDGE('',*,*,#1290,.F.);
#1844=ORIENTED_EDGE('',*,*,#1296,.T.);
#1845=ORIENTED_EDGE('',*,*,#1297,.T.);
#1846=ORIENTED_EDGE('',*,*,#1298,.T.);
#1847=ORIENTED_EDGE('',*,*,#1294,.F.);
#1848=ORIENTED_EDGE('',*,*,#1231,.T.);
#1849=ORIENTED_EDGE('',*,*,#1225,.T.);
#1850=ORIENTED_EDGE('',*,*,#1299,.T.);
#1851=ORIENTED_EDGE('',*,*,#1300,.T.);
#1852=ORIENTED_EDGE('',*,*,#1301,.T.);
#1853=ORIENTED_EDGE('',*,*,#1297,.F.);
#1854=ORIENTED_EDGE('',*,*,#1302,.T.);
#1855=ORIENTED_EDGE('',*,*,#1303,.T.);
#1856=ORIENTED_EDGE('',*,*,#1304,.T.);
#1857=ORIENTED_EDGE('',*,*,#1305,.T.);
#1858=ORIENTED_EDGE('',*,*,#1299,.F.);
#1859=ORIENTED_EDGE('',*,*,#1224,.T.);
#1860=ORIENTED_EDGE('',*,*,#1306,.T.);
#1861=ORIENTED_EDGE('',*,*,#1307,.T.);
#1862=ORIENTED_EDGE('',*,*,#1308,.T.);
#1863=ORIENTED_EDGE('',*,*,#1309,.T.);
#1864=ORIENTED_EDGE('',*,*,#1310,.T.);
#1865=ORIENTED_EDGE('',*,*,#1311,.T.);
#1866=ORIENTED_EDGE('',*,*,#1303,.F.);
#1867=ORIENTED_EDGE('',*,*,#1312,.T.);
#1868=ORIENTED_EDGE('',*,*,#1313,.F.);
#1869=ORIENTED_EDGE('',*,*,#1314,.T.);
#1870=ORIENTED_EDGE('',*,*,#1308,.F.);
#1871=ORIENTED_EDGE('',*,*,#1309,.F.);
#1872=ORIENTED_EDGE('',*,*,#1302,.F.);
#1873=ORIENTED_EDGE('',*,*,#1296,.F.);
#1874=ORIENTED_EDGE('',*,*,#1289,.F.);
#1875=ORIENTED_EDGE('',*,*,#1248,.F.);
#1876=ORIENTED_EDGE('',*,*,#1286,.F.);
#1877=ORIENTED_EDGE('',*,*,#1272,.F.);
#1878=ORIENTED_EDGE('',*,*,#1197,.F.);
#1879=ORIENTED_EDGE('',*,*,#1142,.T.);
#1880=ORIENTED_EDGE('',*,*,#1146,.T.);
#1881=ORIENTED_EDGE('',*,*,#1149,.T.);
#1882=ORIENTED_EDGE('',*,*,#1152,.T.);
#1883=ORIENTED_EDGE('',*,*,#1155,.T.);
#1884=ORIENTED_EDGE('',*,*,#1158,.T.);
#1885=ORIENTED_EDGE('',*,*,#1161,.T.);
#1886=ORIENTED_EDGE('',*,*,#1164,.T.);
#1887=ORIENTED_EDGE('',*,*,#1292,.F.);
#1888=ORIENTED_EDGE('',*,*,#1241,.F.);
#1889=ORIENTED_EDGE('',*,*,#1293,.F.);
#1890=ORIENTED_EDGE('',*,*,#1298,.F.);
#1891=ORIENTED_EDGE('',*,*,#1305,.F.);
#1892=ORIENTED_EDGE('',*,*,#1314,.F.);
#1893=ORIENTED_EDGE('',*,*,#1195,.F.);
#1894=ORIENTED_EDGE('',*,*,#1258,.F.);
#1895=ORIENTED_EDGE('',*,*,#1271,.F.);
#1896=ORIENTED_EDGE('',*,*,#1287,.F.);
#1897=ORIENTED_EDGE('',*,*,#1285,.F.);
#1898=ORIENTED_EDGE('',*,*,#1280,.F.);
#1899=ORIENTED_EDGE('',*,*,#1279,.F.);
#1900=ORIENTED_EDGE('',*,*,#1274,.F.);
#1901=ORIENTED_EDGE('',*,*,#1281,.F.);
#1902=ORIENTED_EDGE('',*,*,#1261,.F.);
#1903=ORIENTED_EDGE('',*,*,#1263,.F.);
#1904=ORIENTED_EDGE('',*,*,#1251,.F.);
#1905=ORIENTED_EDGE('',*,*,#1283,.F.);
#1906=ORIENTED_EDGE('',*,*,#1266,.F.);
#1907=ORIENTED_EDGE('',*,*,#1278,.F.);
#1908=ORIENTED_EDGE('',*,*,#1282,.F.);
#1909=ORIENTED_EDGE('',*,*,#1288,.F.);
#1910=ORIENTED_EDGE('',*,*,#1291,.F.);
#1911=ORIENTED_EDGE('',*,*,#1256,.F.);
#1912=ORIENTED_EDGE('',*,*,#1284,.F.);
#1913=ORIENTED_EDGE('',*,*,#1311,.F.);
#1914=ORIENTED_EDGE('',*,*,#1315,.F.);
#1915=ORIENTED_EDGE('',*,*,#1316,.F.);
#1916=ORIENTED_EDGE('',*,*,#1317,.T.);
#1917=ORIENTED_EDGE('',*,*,#1304,.F.);
#1918=ORIENTED_EDGE('',*,*,#1196,.F.);
#1919=ORIENTED_EDGE('',*,*,#1313,.T.);
#1920=ORIENTED_EDGE('',*,*,#1318,.F.);
#1921=ORIENTED_EDGE('',*,*,#1319,.F.);
#1922=ORIENTED_EDGE('',*,*,#1315,.T.);
#1923=ORIENTED_EDGE('',*,*,#1310,.F.);
#1924=ORIENTED_EDGE('',*,*,#1221,.T.);
#1925=ORIENTED_EDGE('',*,*,#1312,.F.);
#1926=ORIENTED_EDGE('',*,*,#1307,.F.);
#1927=ORIENTED_EDGE('',*,*,#1320,.F.);
#1928=ORIENTED_EDGE('',*,*,#1321,.F.);
#1929=ORIENTED_EDGE('',*,*,#1318,.T.);
#1930=ORIENTED_EDGE('',*,*,#1217,.T.);
#1931=ORIENTED_EDGE('',*,*,#1228,.F.);
#1932=ORIENTED_EDGE('',*,*,#1322,.F.);
#1933=ORIENTED_EDGE('',*,*,#1320,.T.);
#1934=ORIENTED_EDGE('',*,*,#1306,.F.);
#1935=ORIENTED_EDGE('',*,*,#1223,.F.);
#1936=ORIENTED_EDGE('',*,*,#1316,.T.);
#1937=ORIENTED_EDGE('',*,*,#1319,.T.);
#1938=ORIENTED_EDGE('',*,*,#1321,.T.);
#1939=ORIENTED_EDGE('',*,*,#1322,.T.);
#1940=ORIENTED_EDGE('',*,*,#1227,.T.);
#1941=ORIENTED_EDGE('',*,*,#1230,.F.);
#1942=ORIENTED_EDGE('',*,*,#1240,.T.);
#1943=ORIENTED_EDGE('',*,*,#1323,.T.);
#1944=ORIENTED_EDGE('',*,*,#1213,.T.);
#1945=ORIENTED_EDGE('',*,*,#1324,.F.);
#1946=ORIENTED_EDGE('',*,*,#1300,.F.);
#1947=ORIENTED_EDGE('',*,*,#1317,.F.);
#1948=ORIENTED_EDGE('',*,*,#1323,.F.);
#1949=ORIENTED_EDGE('',*,*,#1239,.F.);
#1950=ORIENTED_EDGE('',*,*,#1216,.T.);
#1951=ORIENTED_EDGE('',*,*,#1238,.F.);
#1952=ORIENTED_EDGE('',*,*,#1295,.F.);
#1953=ORIENTED_EDGE('',*,*,#1301,.F.);
#1954=ORIENTED_EDGE('',*,*,#1324,.T.);
#1955=PLANE('',#2108);
#1956=PLANE('',#2109);
#1957=PLANE('',#2110);
#1958=PLANE('',#2111);
#1959=PLANE('',#2112);
#1960=PLANE('',#2113);
#1961=PLANE('',#2114);
#1962=PLANE('',#2115);
#1963=PLANE('',#2116);
#1964=PLANE('',#2117);
#1965=PLANE('',#2118);
#1966=PLANE('',#2119);
#1967=PLANE('',#2120);
#1968=PLANE('',#2121);
#1969=PLANE('',#2122);
#1970=PLANE('',#2125);
#1971=PLANE('',#2134);
#1972=PLANE('',#2147);
#1973=PLANE('',#2148);
#1974=PLANE('',#2150);
#1975=PLANE('',#2153);
#1976=PLANE('',#2220);
#1977=PLANE('',#2221);
#1978=PLANE('',#2222);
#1979=PLANE('',#2223);
#1980=PLANE('',#2224);
#1981=PLANE('',#2225);
#1982=PLANE('',#2226);
#1983=PLANE('',#2227);
#1984=PLANE('',#2228);
#1985=PLANE('',#2229);
#1986=PLANE('',#2230);
#1987=PLANE('',#2231);
#1988=PLANE('',#2232);
#1989=ADVANCED_FACE('',(#268),#1955,.T.);
#1990=ADVANCED_FACE('',(#269),#1956,.T.);
#1991=ADVANCED_FACE('',(#270),#211,.T.);
#1992=ADVANCED_FACE('',(#271),#212,.T.);
#1993=ADVANCED_FACE('',(#272),#213,.T.);
#1994=ADVANCED_FACE('',(#273),#214,.T.);
#1995=ADVANCED_FACE('',(#274),#215,.T.);
#1996=ADVANCED_FACE('',(#275),#216,.T.);
#1997=ADVANCED_FACE('',(#276),#217,.T.);
#1998=ADVANCED_FACE('',(#277),#218,.T.);
#1999=ADVANCED_FACE('',(#278),#219,.T.);
#2000=ADVANCED_FACE('',(#279),#1957,.T.);
#2001=ADVANCED_FACE('',(#280),#220,.T.);
#2002=ADVANCED_FACE('',(#281),#221,.T.);
#2003=ADVANCED_FACE('',(#282),#222,.T.);
#2004=ADVANCED_FACE('',(#283),#223,.T.);
#2005=ADVANCED_FACE('',(#284),#224,.T.);
#2006=ADVANCED_FACE('',(#285),#225,.T.);
#2007=ADVANCED_FACE('',(#286),#226,.T.);
#2008=ADVANCED_FACE('',(#287),#227,.T.);
#2009=ADVANCED_FACE('',(#288),#228,.T.);
#2010=ADVANCED_FACE('',(#289),#1958,.T.);
#2011=ADVANCED_FACE('',(#290),#1959,.T.);
#2012=ADVANCED_FACE('',(#291),#1960,.T.);
#2013=ADVANCED_FACE('',(#292),#229,.T.);
#2014=ADVANCED_FACE('',(#293),#230,.T.);
#2015=ADVANCED_FACE('',(#294),#231,.T.);
#2016=ADVANCED_FACE('',(#295),#232,.T.);
#2017=ADVANCED_FACE('',(#296),#233,.T.);
#2018=ADVANCED_FACE('',(#297),#234,.T.);
#2019=ADVANCED_FACE('',(#298),#235,.T.);
#2020=ADVANCED_FACE('',(#299),#236,.T.);
#2021=ADVANCED_FACE('',(#300),#1961,.T.);
#2022=ADVANCED_FACE('',(#301),#1962,.T.);
#2023=ADVANCED_FACE('',(#302),#1963,.T.);
#2024=ADVANCED_FACE('',(#303),#1964,.T.);
#2025=ADVANCED_FACE('',(#304),#1965,.T.);
#2026=ADVANCED_FACE('',(#305),#1966,.T.);
#2027=ADVANCED_FACE('',(#306),#237,.T.);
#2028=ADVANCED_FACE('',(#307),#238,.T.);
#2029=ADVANCED_FACE('',(#308),#239,.T.);
#2030=ADVANCED_FACE('',(#309),#240,.T.);
#2031=ADVANCED_FACE('',(#310),#241,.T.);
#2032=ADVANCED_FACE('',(#311),#242,.T.);
#2033=ADVANCED_FACE('',(#312),#243,.T.);
#2034=ADVANCED_FACE('',(#313),#1967,.T.);
#2035=ADVANCED_FACE('',(#314),#244,.T.);
#2036=ADVANCED_FACE('',(#315),#245,.T.);
#2037=ADVANCED_FACE('',(#316),#246,.T.);
#2038=ADVANCED_FACE('',(#317),#247,.T.);
#2039=ADVANCED_FACE('',(#318),#248,.T.);
#2040=ADVANCED_FACE('',(#319),#249,.T.);
#2041=ADVANCED_FACE('',(#320),#250,.T.);
#2042=ADVANCED_FACE('',(#321),#251,.T.);
#2043=ADVANCED_FACE('',(#322),#252,.T.);
#2044=ADVANCED_FACE('',(#323),#253,.T.);
#2045=ADVANCED_FACE('',(#324),#254,.T.);
#2046=ADVANCED_FACE('',(#325),#255,.T.);
#2047=ADVANCED_FACE('',(#326),#256,.T.);
#2048=ADVANCED_FACE('',(#327),#257,.T.);
#2049=ADVANCED_FACE('',(#328),#258,.T.);
#2050=ADVANCED_FACE('',(#329),#259,.T.);
#2051=ADVANCED_FACE('',(#330,#106),#1968,.T.);
#2052=ADVANCED_FACE('',(#331,#107,#108,#109),#1969,.F.);
#2053=ADVANCED_FACE('',(#332),#1970,.T.);
#2054=ADVANCED_FACE('',(#333),#40,.F.);
#2055=ADVANCED_FACE('',(#334),#15,.F.);
#2056=ADVANCED_FACE('',(#335),#1971,.T.);
#2057=ADVANCED_FACE('',(#336),#16,.F.);
#2058=ADVANCED_FACE('',(#337),#17,.F.);
#2059=ADVANCED_FACE('',(#338),#18,.F.);
#2060=ADVANCED_FACE('',(#339),#1972,.F.);
#2061=ADVANCED_FACE('',(#340),#1973,.F.);
#2062=ADVANCED_FACE('',(#341),#1974,.T.);
#2063=ADVANCED_FACE('',(#342),#1975,.F.);
#2064=ADVANCED_FACE('',(#343),#260,.F.);
#2065=ADVANCED_FACE('',(#344),#261,.F.);
#2066=ADVANCED_FACE('',(#345),#262,.F.);
#2067=ADVANCED_FACE('',(#346),#263,.F.);
#2068=ADVANCED_FACE('',(#347),#19,.T.);
#2069=ADVANCED_FACE('',(#348),#264,.F.);
#2070=ADVANCED_FACE('',(#349),#20,.T.);
#2071=ADVANCED_FACE('',(#350),#265,.F.);
#2072=ADVANCED_FACE('',(#351),#266,.F.);
#2073=ADVANCED_FACE('',(#352),#21,.T.);
#2074=ADVANCED_FACE('',(#353),#22,.T.);
#2075=ADVANCED_FACE('',(#354),#267,.F.);
#2076=ADVANCED_FACE('',(#355),#23,.T.);
#2077=ADVANCED_FACE('',(#356),#24,.T.);
#2078=ADVANCED_FACE('',(#357),#25,.T.);
#2079=ADVANCED_FACE('',(#358),#26,.T.);
#2080=ADVANCED_FACE('',(#359),#27,.T.);
#2081=ADVANCED_FACE('',(#360),#28,.T.);
#2082=ADVANCED_FACE('',(#361),#29,.T.);
#2083=ADVANCED_FACE('',(#362),#30,.T.);
#2084=ADVANCED_FACE('',(#363),#31,.T.);
#2085=ADVANCED_FACE('',(#364),#32,.T.);
#2086=ADVANCED_FACE('',(#365),#33,.T.);
#2087=ADVANCED_FACE('',(#366),#34,.T.);
#2088=ADVANCED_FACE('',(#367),#35,.T.);
#2089=ADVANCED_FACE('',(#368),#36,.T.);
#2090=ADVANCED_FACE('',(#369),#37,.T.);
#2091=ADVANCED_FACE('',(#370),#38,.T.);
#2092=ADVANCED_FACE('',(#371),#39,.T.);
#2093=ADVANCED_FACE('',(#372),#1976,.F.);
#2094=ADVANCED_FACE('',(#373),#1977,.F.);
#2095=ADVANCED_FACE('',(#374),#1978,.F.);
#2096=ADVANCED_FACE('',(#375),#1979,.T.);
#2097=ADVANCED_FACE('',(#376),#1980,.T.);
#2098=ADVANCED_FACE('',(#377),#1981,.T.);
#2099=ADVANCED_FACE('',(#378),#1982,.F.);
#2100=ADVANCED_FACE('',(#379,#110),#1983,.F.);
#2101=ADVANCED_FACE('',(#380),#1984,.F.);
#2102=ADVANCED_FACE('',(#381),#1985,.F.);
#2103=ADVANCED_FACE('',(#382),#1986,.F.);
#2104=ADVANCED_FACE('',(#383),#1987,.F.);
#2105=ADVANCED_FACE('',(#384),#1988,.F.);
#2106=CLOSED_SHELL('',(#1989,#1990,#1991,#1992,#1993,#1994,#1995,#1996,
#1997,#1998,#1999,#2000,#2001,#2002,#2003,#2004,#2005,#2006,#2007,#2008,
#2009,#2010,#2011,#2012,#2013,#2014,#2015,#2016,#2017,#2018,#2019,#2020,
#2021,#2022,#2023,#2024,#2025,#2026,#2027,#2028,#2029,#2030,#2031,#2032,
#2033,#2034,#2035,#2036,#2037,#2038,#2039,#2040,#2041,#2042,#2043,#2044,
#2045,#2046,#2047,#2048,#2049,#2050,#2051,#2052,#2053,#2054,#2055,#2056,
#2057,#2058,#2059,#2060,#2061,#2062,#2063,#2064,#2065,#2066,#2067,#2068,
#2069,#2070,#2071,#2072,#2073,#2074,#2075,#2076,#2077,#2078,#2079,#2080,
#2081,#2082,#2083,#2084,#2085,#2086,#2087,#2088,#2089,#2090,#2091,#2092,
#2093,#2094,#2095,#2096,#2097,#2098,#2099,#2100,#2101,#2102,#2103,#2104,
#2105));
#2107=AXIS2_PLACEMENT_3D('',#2635,#2233,#2234);
#2108=AXIS2_PLACEMENT_3D('',#2636,#2235,#2236);
#2109=AXIS2_PLACEMENT_3D('',#2645,#2241,#2242);
#2110=AXIS2_PLACEMENT_3D('',#2858,#2255,#2256);
#2111=AXIS2_PLACEMENT_3D('',#3071,#2269,#2270);
#2112=AXIS2_PLACEMENT_3D('',#3074,#2273,#2274);
#2113=AXIS2_PLACEMENT_3D('',#3075,#2275,#2276);
#2114=AXIS2_PLACEMENT_3D('',#3268,#2289,#2290);
#2115=AXIS2_PLACEMENT_3D('',#3274,#2294,#2295);
#2116=AXIS2_PLACEMENT_3D('',#3280,#2299,#2300);
#2117=AXIS2_PLACEMENT_3D('',#3286,#2304,#2305);
#2118=AXIS2_PLACEMENT_3D('',#3292,#2309,#2310);
#2119=AXIS2_PLACEMENT_3D('',#3298,#2314,#2315);
#2120=AXIS2_PLACEMENT_3D('',#3462,#2325,#2326);
#2121=AXIS2_PLACEMENT_3D('',#3831,#2343,#2344);
#2122=AXIS2_PLACEMENT_3D('',#3832,#2345,#2346);
#2123=AXIS2_PLACEMENT_3D('',#3837,#2348,#2349);
#2124=AXIS2_PLACEMENT_3D('',#3841,#2351,#2352);
#2125=AXIS2_PLACEMENT_3D('',#3849,#2357,#2358);
#2126=AXIS2_PLACEMENT_3D('',#3852,#2359,#2360);
#2127=AXIS2_PLACEMENT_3D('',#3853,#2361,#2362);
#2128=AXIS2_PLACEMENT_3D('',#3854,#2363,#2364);
#2129=AXIS2_PLACEMENT_3D('',#3856,#2365,#2366);
#2130=AXIS2_PLACEMENT_3D('',#3859,#2368,#2369);
#2131=AXIS2_PLACEMENT_3D('',#3860,#2370,#2371);
#2132=AXIS2_PLACEMENT_3D('',#3861,#2372,#2373);
#2133=AXIS2_PLACEMENT_3D('',#3872,#2375,#2376);
#2134=AXIS2_PLACEMENT_3D('',#3894,#2377,#2378);
#2135=AXIS2_PLACEMENT_3D('',#3904,#2384,#2385);
#2136=AXIS2_PLACEMENT_3D('',#3907,#2386,#2387);
#2137=AXIS2_PLACEMENT_3D('',#3909,#2388,#2389);
#2138=AXIS2_PLACEMENT_3D('',#3911,#2390,#2391);
#2139=AXIS2_PLACEMENT_3D('',#3912,#2392,#2393);
#2140=AXIS2_PLACEMENT_3D('',#3913,#2394,#2395);
#2141=AXIS2_PLACEMENT_3D('',#3916,#2396,#2397);
#2142=AXIS2_PLACEMENT_3D('',#3917,#2398,#2399);
#2143=AXIS2_PLACEMENT_3D('',#3918,#2400,#2401);
#2144=AXIS2_PLACEMENT_3D('',#3920,#2402,#2403);
#2145=AXIS2_PLACEMENT_3D('',#3923,#2405,#2406);
#2146=AXIS2_PLACEMENT_3D('',#3924,#2407,#2408);
#2147=AXIS2_PLACEMENT_3D('',#3925,#2409,#2410);
#2148=AXIS2_PLACEMENT_3D('',#3926,#2411,#2412);
#2149=AXIS2_PLACEMENT_3D('',#3930,#2414,#2415);
#2150=AXIS2_PLACEMENT_3D('',#3938,#2420,#2421);
#2151=AXIS2_PLACEMENT_3D('',#3943,#2424,#2425);
#2152=AXIS2_PLACEMENT_3D('',#3955,#2431,#2432);
#2153=AXIS2_PLACEMENT_3D('',#3957,#2434,#2435);
#2154=AXIS2_PLACEMENT_3D('',#4005,#2438,#2439);
#2155=AXIS2_PLACEMENT_3D('',#4007,#2440,#2441);
#2156=AXIS2_PLACEMENT_3D('',#4008,#2442,#2443);
#2157=AXIS2_PLACEMENT_3D('',#4009,#2444,#2445);
#2158=AXIS2_PLACEMENT_3D('',#4053,#2446,#2447);
#2159=AXIS2_PLACEMENT_3D('',#4055,#2448,#2449);
#2160=AXIS2_PLACEMENT_3D('',#4057,#2450,#2451);
#2161=AXIS2_PLACEMENT_3D('',#4058,#2452,#2453);
#2162=AXIS2_PLACEMENT_3D('',#4102,#2454,#2455);
#2163=AXIS2_PLACEMENT_3D('',#4104,#2456,#2457);
#2164=AXIS2_PLACEMENT_3D('',#4106,#2458,#2459);
#2165=AXIS2_PLACEMENT_3D('',#4107,#2460,#2461);
#2166=AXIS2_PLACEMENT_3D('',#4133,#2462,#2463);
#2167=AXIS2_PLACEMENT_3D('',#4134,#2464,#2465);
#2168=AXIS2_PLACEMENT_3D('',#4135,#2466,#2467);
#2169=AXIS2_PLACEMENT_3D('',#4136,#2468,#2469);
#2170=AXIS2_PLACEMENT_3D('',#4140,#2471,#2472);
#2171=AXIS2_PLACEMENT_3D('',#4141,#2473,#2474);
#2172=AXIS2_PLACEMENT_3D('',#4185,#2475,#2476);
#2173=AXIS2_PLACEMENT_3D('',#4187,#2477,#2478);
#2174=AXIS2_PLACEMENT_3D('',#4189,#2479,#2480);
#2175=AXIS2_PLACEMENT_3D('',#4190,#2481,#2482);
#2176=AXIS2_PLACEMENT_3D('',#4191,#2483,#2484);
#2177=AXIS2_PLACEMENT_3D('',#4214,#2486,#2487);
#2178=AXIS2_PLACEMENT_3D('',#4216,#2488,#2489);
#2179=AXIS2_PLACEMENT_3D('',#4218,#2490,#2491);
#2180=AXIS2_PLACEMENT_3D('',#4219,#2492,#2493);
#2181=AXIS2_PLACEMENT_3D('',#4245,#2494,#2495);
#2182=AXIS2_PLACEMENT_3D('',#4246,#2496,#2497);
#2183=AXIS2_PLACEMENT_3D('',#4247,#2498,#2499);
#2184=AXIS2_PLACEMENT_3D('',#4248,#2500,#2501);
#2185=AXIS2_PLACEMENT_3D('',#4249,#2502,#2503);
#2186=AXIS2_PLACEMENT_3D('',#4253,#2505,#2506);
#2187=AXIS2_PLACEMENT_3D('',#4254,#2507,#2508);
#2188=AXIS2_PLACEMENT_3D('',#4277,#2509,#2510);
#2189=AXIS2_PLACEMENT_3D('',#4278,#2511,#2512);
#2190=AXIS2_PLACEMENT_3D('',#4280,#2513,#2514);
#2191=AXIS2_PLACEMENT_3D('',#4281,#2515,#2516);
#2192=AXIS2_PLACEMENT_3D('',#4282,#2517,#2518);
#2193=AXIS2_PLACEMENT_3D('',#4284,#2520,#2521);
#2194=AXIS2_PLACEMENT_3D('',#4286,#2523,#2524);
#2195=AXIS2_PLACEMENT_3D('',#4289,#2527,#2528);
#2196=AXIS2_PLACEMENT_3D('',#4292,#2531,#2532);
#2197=AXIS2_PLACEMENT_3D('',#4294,#2534,#2535);
#2198=AXIS2_PLACEMENT_3D('',#4296,#2537,#2538);
#2199=AXIS2_PLACEMENT_3D('',#4299,#2541,#2542);
#2200=AXIS2_PLACEMENT_3D('',#4301,#2544,#2545);
#2201=AXIS2_PLACEMENT_3D('',#4304,#2547,#2548);
#2202=AXIS2_PLACEMENT_3D('',#4305,#2549,#2550);
#2203=AXIS2_PLACEMENT_3D('',#4308,#2553,#2554);
#2204=AXIS2_PLACEMENT_3D('',#4311,#2556,#2557);
#2205=AXIS2_PLACEMENT_3D('',#4312,#2558,#2559);
#2206=AXIS2_PLACEMENT_3D('',#4317,#2562,#2563);
#2207=AXIS2_PLACEMENT_3D('',#4318,#2564,#2565);
#2208=AXIS2_PLACEMENT_3D('',#4321,#2567,#2568);
#2209=AXIS2_PLACEMENT_3D('',#4322,#2569,#2570);
#2210=AXIS2_PLACEMENT_3D('',#4326,#2572,#2573);
#2211=AXIS2_PLACEMENT_3D('',#4330,#2575,#2576);
#2212=AXIS2_PLACEMENT_3D('',#4331,#2577,#2578);
#2213=AXIS2_PLACEMENT_3D('',#4332,#2579,#2580);
#2214=AXIS2_PLACEMENT_3D('',#4338,#2583,#2584);
#2215=AXIS2_PLACEMENT_3D('',#4339,#2585,#2586);
#2216=AXIS2_PLACEMENT_3D('',#4340,#2587,#2588);
#2217=AXIS2_PLACEMENT_3D('',#4343,#2590,#2591);
#2218=AXIS2_PLACEMENT_3D('',#4345,#2593,#2594);
#2219=AXIS2_PLACEMENT_3D('',#4348,#2596,#2597);
#2220=AXIS2_PLACEMENT_3D('',#4350,#2599,#2600);
#2221=AXIS2_PLACEMENT_3D('',#4351,#2601,#2602);
#2222=AXIS2_PLACEMENT_3D('',#4352,#2603,#2604);
#2223=AXIS2_PLACEMENT_3D('',#4353,#2605,#2606);
#2224=AXIS2_PLACEMENT_3D('',#4354,#2607,#2608);
#2225=AXIS2_PLACEMENT_3D('',#4355,#2609,#2610);
#2226=AXIS2_PLACEMENT_3D('',#4356,#2611,#2612);
#2227=AXIS2_PLACEMENT_3D('',#4362,#2616,#2617);
#2228=AXIS2_PLACEMENT_3D('',#4366,#2620,#2621);
#2229=AXIS2_PLACEMENT_3D('',#4370,#2624,#2625);
#2230=AXIS2_PLACEMENT_3D('',#4372,#2627,#2628);
#2231=AXIS2_PLACEMENT_3D('',#4374,#2630,#2631);
#2232=AXIS2_PLACEMENT_3D('',#4376,#2633,#2634);
#2233=DIRECTION('axis',(0.,0.,1.));
#2234=DIRECTION('refdir',(1.,0.,0.));
#2235=DIRECTION('center_axis',(0.707106781186532,-0.707106781186564,-5.64825963778048E-15));
#2236=DIRECTION('ref_axis',(0.686102687806102,0.686102687806069,0.241921895599657));
#2237=DIRECTION('',(-0.686102687806102,-0.686102687806069,-0.241921895599657));
#2238=DIRECTION('',(-0.171064612896022,-0.171064612896022,0.970295726275999));
#2239=DIRECTION('',(0.686102687806102,0.686102687806069,0.241921895599657));
#2240=DIRECTION('',(-0.171064612896022,-0.171064612896022,0.970295726275999));
#2241=DIRECTION('center_axis',(-0.686102687806078,-0.686102687806092,-0.241921895599658));
#2242=DIRECTION('ref_axis',(0.707106781186555,-0.70710678118654,-4.06345534272868E-16));
#2243=DIRECTION('',(-0.707106781186555,0.70710678118654,4.02455846426619E-16));
#2244=DIRECTION('',(0.707106781186555,-0.70710678118654,-4.25971690006416E-16));
#2245=DIRECTION('',(-0.171064612896022,-0.171064612896022,0.970295726275999));
#2246=DIRECTION('',(-0.171064612896022,-0.171064612896022,0.970295726275999));
#2247=DIRECTION('',(-0.171064612896022,-0.171064612896022,0.970295726275999));
#2248=DIRECTION('',(-0.171064612896022,-0.171064612896022,0.970295726275999));
#2249=DIRECTION('',(-0.171064612896022,-0.171064612896022,0.970295726275999));
#2250=DIRECTION('',(-0.171064612896022,-0.171064612896022,0.970295726275999));
#2251=DIRECTION('',(-0.171064612896022,-0.171064612896022,0.970295726275999));
#2252=DIRECTION('',(-0.171064612896022,-0.171064612896022,0.970295726275999));
#2253=DIRECTION('',(-0.171064612896022,-0.171064612896022,0.970295726275999));
#2254=DIRECTION('',(-0.171064612896022,-0.171064612896022,0.970295726275999));
#2255=DIRECTION('center_axis',(-0.754754358588179,-0.610270870897054,-0.240656024912526));
#2256=DIRECTION('ref_axis',(0.6333109476449,-0.773502658269049,-0.0247160118917521));
#2257=DIRECTION('',(-0.6333109476449,0.773502658269049,0.0247160118917521));
#2258=DIRECTION('',(0.6333109476449,-0.773502658269049,-0.0247160118917521));
#2259=DIRECTION('',(-0.171064612896022,-0.171064612896022,0.970295726275999));
#2260=DIRECTION('',(-0.171064612896022,-0.171064612896022,0.970295726275999));
#2261=DIRECTION('',(-0.171064612896022,-0.171064612896022,0.970295726275999));
#2262=DIRECTION('',(-0.171064612896022,-0.171064612896022,0.970295726275999));
#2263=DIRECTION('',(-0.171064612896022,-0.171064612896022,0.970295726275999));
#2264=DIRECTION('',(-0.171064612896022,-0.171064612896022,0.970295726275999));
#2265=DIRECTION('',(-0.171064612896022,-0.171064612896022,0.970295726275999));
#2266=DIRECTION('',(-0.171064612896022,-0.171064612896022,0.970295726275999));
#2267=DIRECTION('',(-0.171064612896022,-0.171064612896022,0.970295726275999));
#2268=DIRECTION('',(-0.171064612896022,-0.171064612896022,0.970295726275999));
#2269=DIRECTION('center_axis',(0.686102687806077,0.686102687806093,0.241921895599658));
#2270=DIRECTION('ref_axis',(-0.707106781186556,0.707106781186539,0.));
#2271=DIRECTION('',(0.707106781186556,-0.707106781186539,1.38777878078145E-17));
#2272=DIRECTION('',(-0.707106781186556,0.707106781186539,1.96261557335479E-17));
#2273=DIRECTION('center_axis',(-0.171064612896019,-0.171064612896023,0.970295726275999));
#2274=DIRECTION('ref_axis',(0.707106781186556,-0.707106781186539,-1.96261557335478E-17));
#2275=DIRECTION('center_axis',(0.624009836305426,0.743304763883078,0.241059644450905));
#2276=DIRECTION('ref_axis',(-0.762462210479188,0.646710852084187,-0.0204071406065271));
#2277=DIRECTION('',(0.762462210479188,-0.646710852084187,0.0204071406065271));
#2278=DIRECTION('',(-0.171064612896022,-0.171064612896022,0.970295726275999));
#2279=DIRECTION('',(-0.762462210479188,0.646710852084187,-0.0204071406065271));
#2280=DIRECTION('',(-0.171064612896022,-0.171064612896022,0.970295726275999));
#2281=DIRECTION('',(-0.171064612896022,-0.171064612896022,0.970295726275999));
#2282=DIRECTION('',(-0.171064612896022,-0.171064612896022,0.970295726275999));
#2283=DIRECTION('',(-0.171064612896022,-0.171064612896022,0.970295726275999));
#2284=DIRECTION('',(-0.171064612896022,-0.171064612896022,0.970295726275999));
#2285=DIRECTION('',(-0.171064612896022,-0.171064612896022,0.970295726275999));
#2286=DIRECTION('',(-0.171064612896022,-0.171064612896022,0.970295726275999));
#2287=DIRECTION('',(-0.171064612896022,-0.171064612896022,0.970295726275999));
#2288=DIRECTION('',(-0.171064612896022,-0.171064612896022,0.970295726275999));
#2289=DIRECTION('center_axis',(-0.771641968520821,-0.589082126961115,-0.239897728443354));
#2290=DIRECTION('ref_axis',(0.612621882266743,-0.789758916321748,-0.0312295286267727));
#2291=DIRECTION('',(-0.612621882266743,0.789758916321748,0.0312295286267728));
#2292=DIRECTION('',(0.612621882266743,-0.789758916321748,-0.0312295286267727));
#2293=DIRECTION('',(-0.171064612896022,-0.171064612896022,0.970295726275999));
#2294=DIRECTION('center_axis',(-0.56771564952092,0.822003101571856,0.0448312647076791));
#2295=DIRECTION('ref_axis',(-0.805255139383646,-0.543183025527293,-0.237731700190027));
#2296=DIRECTION('',(0.805255139383646,0.543183025527293,0.237731700190027));
#2297=DIRECTION('',(-0.805255139383646,-0.543183025527293,-0.237731700190027));
#2298=DIRECTION('',(-0.171064612896022,-0.171064612896022,0.970295726275999));
#2299=DIRECTION('center_axis',(0.686102687806079,0.686102687806092,0.241921895599658));
#2300=DIRECTION('ref_axis',(-0.707106781186554,0.707106781186541,5.40122051308079E-16));
#2301=DIRECTION('',(0.707106781186554,-0.707106781186541,-5.55111512312578E-16));
#2302=DIRECTION('',(-0.707106781186554,0.707106781186541,5.4012205130808E-16));
#2303=DIRECTION('',(-0.171064612896022,-0.171064612896022,0.970295726275999));
#2304=DIRECTION('center_axis',(0.707106781186531,-0.707106781186564,-5.67601521339611E-15));
#2305=DIRECTION('ref_axis',(0.686102687806102,0.686102687806069,0.241921895599657));
#2306=DIRECTION('',(-0.686102687806102,-0.686102687806069,-0.241921895599657));
#2307=DIRECTION('',(0.686102687806102,0.686102687806069,0.241921895599657));
#2308=DIRECTION('',(-0.171064612896022,-0.171064612896022,0.970295726275999));
#2309=DIRECTION('center_axis',(-0.686102687806077,-0.686102687806093,-0.241921895599658));
#2310=DIRECTION('ref_axis',(0.707106781186556,-0.707106781186539,0.));
#2311=DIRECTION('',(-0.707106781186556,0.707106781186539,-1.38777878078145E-17));
#2312=DIRECTION('',(0.707106781186556,-0.707106781186539,-4.62223186652937E-31));
#2313=DIRECTION('',(-0.171064612896022,-0.171064612896022,0.970295726275999));
#2314=DIRECTION('center_axis',(0.558423838854148,-0.828191296316369,-0.0475604132152924));
#2315=DIRECTION('ref_axis',(0.811726379030601,0.533700360614969,0.237200781333708));
#2316=DIRECTION('',(-0.811726379030601,-0.533700360614969,-0.237200781333708));
#2317=DIRECTION('',(0.811726379030601,0.533700360614969,0.237200781333708));
#2318=DIRECTION('',(-0.171064612896022,-0.171064612896022,0.970295726275999));
#2319=DIRECTION('',(-0.171064612896022,-0.171064612896022,0.970295726275999));
#2320=DIRECTION('',(-0.171064612896022,-0.171064612896022,0.970295726275999));
#2321=DIRECTION('',(-0.171064612896022,-0.171064612896022,0.970295726275999));
#2322=DIRECTION('',(-0.171064612896022,-0.171064612896022,0.970295726275999));
#2323=DIRECTION('',(-0.171064612896022,-0.171064612896022,0.970295726275999));
#2324=DIRECTION('',(-0.171064612896022,-0.171064612896022,0.970295726275999));
#2325=DIRECTION('center_axis',(-0.171064612896019,-0.171064612896023,0.970295726275999));
#2326=DIRECTION('ref_axis',(0.707106781186556,-0.707106781186539,-3.33006502340056E-31));
#2327=DIRECTION('',(-0.171064612896022,-0.171064612896022,0.970295726275999));
#2328=DIRECTION('',(-0.171064612896022,-0.171064612896022,0.970295726275999));
#2329=DIRECTION('',(-0.171064612896022,-0.171064612896022,0.970295726275999));
#2330=DIRECTION('',(-0.171064612896022,-0.171064612896022,0.970295726275999));
#2331=DIRECTION('',(-0.171064612896022,-0.171064612896022,0.970295726275999));
#2332=DIRECTION('',(-0.171064612896022,-0.171064612896022,0.970295726275999));
#2333=DIRECTION('',(-0.171064612896022,-0.171064612896022,0.970295726275999));
#2334=DIRECTION('',(-0.171064612896022,-0.171064612896022,0.970295726275999));
#2335=DIRECTION('',(-0.171064612896022,-0.171064612896022,0.970295726275999));
#2336=DIRECTION('',(-0.171064612896022,-0.171064612896022,0.970295726275999));
#2337=DIRECTION('',(-0.171064612896022,-0.171064612896022,0.970295726275999));
#2338=DIRECTION('',(-0.171064612896022,-0.171064612896022,0.970295726275999));
#2339=DIRECTION('',(-0.171064612896022,-0.171064612896022,0.970295726275999));
#2340=DIRECTION('',(-0.171064612896022,-0.171064612896022,0.970295726275999));
#2341=DIRECTION('',(-0.171064612896022,-0.171064612896022,0.970295726275999));
#2342=DIRECTION('',(-0.171064612896022,-0.171064612896022,0.970295726275999));
#2343=DIRECTION('center_axis',(-0.171064612896019,-0.171064612896023,0.970295726275999));
#2344=DIRECTION('ref_axis',(0.707106781186556,-0.707106781186539,-3.33006502340056E-31));
#2345=DIRECTION('center_axis',(0.171064612896019,0.171064612896023,-0.970295726275999));
#2346=DIRECTION('ref_axis',(0.686102687806085,0.686102687806086,0.241921895599657));
#2347=DIRECTION('',(-0.107840770349909,-0.975644251616012,-0.191020057949341));
#2348=DIRECTION('center_axis',(0.171064612896019,0.171064612896023,-0.970295726275999));
#2349=DIRECTION('ref_axis',(0.686102687806082,0.686102687806088,0.241921895599657));
#2350=DIRECTION('',(0.707106781186543,-0.707106781186552,-4.56201979690666E-15));
#2351=DIRECTION('center_axis',(0.171064612896019,0.171064612896023,-0.970295726275999));
#2352=DIRECTION('ref_axis',(0.686102687806083,0.686102687806088,0.241921895599657));
#2353=DIRECTION('',(0.975644251616014,0.107840770349901,0.191020057949336));
#2354=DIRECTION('',(0.707106781186548,-0.707106781186547,-2.66453525910037E-15));
#2355=DIRECTION('',(0.707106781186548,-0.707106781186547,-2.66453525910037E-15));
#2356=DIRECTION('',(0.707106781186548,-0.707106781186547,-2.66453525910037E-15));
#2357=DIRECTION('center_axis',(0.331303030804991,0.858148977996967,-0.39219718681065));
#2358=DIRECTION('ref_axis',(0.222794089153174,0.332766235698518,0.916312952117041));
#2359=DIRECTION('center_axis',(0.331303030804991,0.858148977996967,-0.39219718681065));
#2360=DIRECTION('ref_axis',(0.222794089153174,0.332766235698518,0.916312952117041));
#2361=DIRECTION('center_axis',(-0.331303030804991,-0.858148977996967,0.39219718681065));
#2362=DIRECTION('ref_axis',(0.,-0.415672541127539,-0.909514342136821));
#2363=DIRECTION('center_axis',(-0.331303030804991,-0.858148977996967,0.39219718681065));
#2364=DIRECTION('ref_axis',(0.,-0.41567254112754,-0.909514342136821));
#2365=DIRECTION('center_axis',(0.331303030804991,0.858148977996967,-0.39219718681065));
#2366=DIRECTION('ref_axis',(0.,-0.41567254112754,-0.909514342136821));
#2367=DIRECTION('',(0.234266619709865,0.312878089025634,-0.920449049267466));
#2368=DIRECTION('center_axis',(0.331303030804991,0.858148977996967,-0.39219718681065));
#2369=DIRECTION('ref_axis',(0.,-0.415672541127539,-0.909514342136821));
#2370=DIRECTION('center_axis',(0.331303030804991,0.858148977996967,-0.39219718681065));
#2371=DIRECTION('ref_axis',(0.,-0.41567254112754,-0.909514342136821));
#2372=DIRECTION('center_axis',(0.331303030804991,0.858148977996967,-0.39219718681065));
#2373=DIRECTION('ref_axis',(0.,-0.415672541127539,-0.909514342136821));
#2374=DIRECTION('',(0.331303030804991,0.858148977996967,-0.39219718681065));
#2375=DIRECTION('center_axis',(-0.640856382055791,-0.640856382055786,0.422618261740699));
#2376=DIRECTION('ref_axis',(0.707106781186543,-0.707106781186552,-4.31819640889077E-15));
#2377=DIRECTION('center_axis',(0.640856382055791,0.640856382055786,-0.422618261740699));
#2378=DIRECTION('ref_axis',(-0.707106781186545,0.70710678118655,-1.84950574461824E-15));
#2379=DIRECTION('',(-0.29883623873012,-0.29883623873012,-0.90630778703665));
#2380=DIRECTION('',(-0.707106781186543,0.707106781186552,4.53796513161708E-15));
#2381=DIRECTION('',(0.29883623873012,0.29883623873012,0.90630778703665));
#2382=DIRECTION('',(0.707106781186544,-0.707106781186551,-2.59381180156237E-16));
#2383=DIRECTION('',(-0.29883623873012,-0.29883623873012,-0.90630778703665));
#2384=DIRECTION('center_axis',(-0.331303030804991,-0.858148977996967,0.39219718681065));
#2385=DIRECTION('ref_axis',(0.222794089153174,0.332766235698518,0.91631295211704));
#2386=DIRECTION('center_axis',(0.0468461064819276,-0.953153893518337,0.298836238730041));
#2387=DIRECTION('ref_axis',(-0.953153893518314,0.0468461064814207,0.298836238730194));
#2388=DIRECTION('center_axis',(0.707106781186553,-0.707106781186542,-3.52495810318487E-15));
#2389=DIRECTION('ref_axis',(-0.640856382055783,-0.640856382055796,0.422618261740697));
#2390=DIRECTION('center_axis',(0.640856382055791,0.640856382055786,-0.422618261740699));
#2391=DIRECTION('ref_axis',(-0.707106781186543,0.707106781186552,4.13962437694417E-15));
#2392=DIRECTION('center_axis',(0.707106781186553,-0.707106781186542,-3.52495810318487E-15));
#2393=DIRECTION('ref_axis',(-0.640856382055783,-0.640856382055796,0.422618261740697));
#2394=DIRECTION('center_axis',(-0.331303030804991,-0.858148977996967,0.39219718681065));
#2395=DIRECTION('ref_axis',(0.222794089153174,0.332766235698518,0.91631295211704));
#2396=DIRECTION('center_axis',(-0.953153893518325,0.0468461064816783,0.298836238730119));
#2397=DIRECTION('ref_axis',(-0.0468461064816709,0.953153893518326,-0.298836238730119));
#2398=DIRECTION('center_axis',(-0.707106781186546,0.707106781186549,-1.36002320516582E-15));
#2399=DIRECTION('ref_axis',(-0.640856382055791,-0.640856382055787,0.422618261740697));
#2400=DIRECTION('center_axis',(-0.331303030804991,-0.858148977996967,0.39219718681065));
#2401=DIRECTION('ref_axis',(0.222794089153174,0.332766235698518,0.91631295211704));
#2402=DIRECTION('center_axis',(0.331303030804991,0.858148977996967,-0.39219718681065));
#2403=DIRECTION('ref_axis',(0.222794089153174,0.332766235698518,0.916312952117041));
#2404=DIRECTION('',(-0.331303030804991,-0.858148977996967,0.39219718681065));
#2405=DIRECTION('center_axis',(0.640856382055779,0.640856382055798,-0.422618261740699));
#2406=DIRECTION('ref_axis',(-0.707106781186554,0.707106781186541,1.1744267676812E-14));
#2407=DIRECTION('center_axis',(0.331303030804991,0.858148977996967,-0.39219718681065));
#2408=DIRECTION('ref_axis',(0.222794089153174,0.332766235698518,0.916312952117041));
#2409=DIRECTION('center_axis',(0.331303030804991,0.858148977996967,-0.39219718681065));
#2410=DIRECTION('ref_axis',(0.222794089153174,0.332766235698518,0.916312952117041));
#2411=DIRECTION('center_axis',(-0.707106781186546,0.707106781186549,-1.36002320516582E-15));
#2412=DIRECTION('ref_axis',(-0.640856382055791,-0.640856382055787,0.422618261740699));
#2413=DIRECTION('',(0.29883623873012,0.29883623873012,0.90630778703665));
#2414=DIRECTION('center_axis',(-0.707106781186546,0.707106781186549,-1.36002320516582E-15));
#2415=DIRECTION('ref_axis',(0.707106781186549,0.707106781186546,3.63461683462391E-15));
#2416=DIRECTION('',(0.707106781186549,0.707106781186546,-9.46633086265214E-30));
#2417=DIRECTION('',(0.29883623873012,0.29883623873012,0.90630778703665));
#2418=DIRECTION('',(0.707106781186549,0.707106781186546,-6.40949485492072E-31));
#2419=DIRECTION('',(0.29883623873012,0.29883623873012,0.90630778703665));
#2420=DIRECTION('center_axis',(-0.640856382055791,-0.640856382055786,0.422618261740699));
#2421=DIRECTION('ref_axis',(0.707106781186545,-0.70710678118655,1.72712351690937E-15));
#2422=DIRECTION('',(-0.29883623873012,-0.29883623873012,-0.90630778703665));
#2423=DIRECTION('',(-0.707106781186544,0.707106781186551,2.30098036191742E-16));
#2424=DIRECTION('center_axis',(0.640856382055791,0.640856382055786,-0.422618261740699));
#2425=DIRECTION('ref_axis',(0.298836238730117,0.298836238730122,0.90630778703665));
#2426=DIRECTION('',(0.707106781186544,-0.707106781186551,-2.65783327942309E-15));
#2427=DIRECTION('',(0.29883623873012,0.29883623873012,0.90630778703665));
#2428=DIRECTION('',(-0.707106781186544,0.707106781186551,2.35921153915658E-16));
#2429=DIRECTION('',(-0.29883623873012,-0.29883623873012,-0.90630778703665));
#2430=DIRECTION('',(0.707106781186544,-0.707106781186551,-2.65783327942309E-15));
#2431=DIRECTION('center_axis',(0.640856382055791,0.640856382055786,-0.422618261740699));
#2432=DIRECTION('ref_axis',(0.298836238730101,0.298836238730139,0.90630778703665));
#2433=DIRECTION('',(-0.29883623873012,-0.29883623873012,-0.90630778703665));
#2434=DIRECTION('center_axis',(0.707106781186553,-0.707106781186542,-3.52495810318487E-15));
#2435=DIRECTION('ref_axis',(0.640856382055782,0.640856382055795,-0.422618261740699));
#2436=DIRECTION('',(-0.29883623873012,-0.29883623873012,-0.90630778703665));
#2437=DIRECTION('',(-0.707106781186542,-0.707106781186553,-1.79958894003543E-30));
#2438=DIRECTION('center_axis',(-1.88411095042053E-15,1.88411095042053E-15,
-1.));
#2439=DIRECTION('ref_axis',(-0.707106781186544,-0.707106781186551,-1.20647944342787E-29));
#2440=DIRECTION('center_axis',(0.998794395056482,0.0490892697415328,0.));
#2441=DIRECTION('ref_axis',(-0.0468461064816722,0.953153893518327,-0.298836238730115));
#2442=DIRECTION('center_axis',(0.145515300126361,0.145515300126362,0.978596236891533));
#2443=DIRECTION('ref_axis',(-0.691972035149636,-0.691972035149644,0.205789710971492));
#2444=DIRECTION('center_axis',(0.707106781186541,-0.707106781186554,-1.57009245868377E-15));
#2445=DIRECTION('ref_axis',(2.22044604925032E-15,0.,1.));
#2446=DIRECTION('center_axis',(-0.707106781186541,0.707106781186554,1.5700924586838E-15));
#2447=DIRECTION('ref_axis',(-0.640856382055795,-0.640856382055784,0.422618261740695));
#2448=DIRECTION('center_axis',(0.145515300126361,0.145515300126362,0.978596236891533));
#2449=DIRECTION('ref_axis',(-0.691972035149634,-0.691972035149646,0.205789710971492));
#2450=DIRECTION('center_axis',(0.0490892697415409,0.998794395056481,2.21776906851653E-15));
#2451=DIRECTION('ref_axis',(0.,-2.22044604925032E-15,1.));
#2452=DIRECTION('center_axis',(-1.88411095042053E-15,1.88411095042053E-15,
-1.));
#2453=DIRECTION('ref_axis',(-0.707106781186543,-0.707106781186552,-1.27350607917385E-29));
#2454=DIRECTION('center_axis',(-0.145515300126356,-0.145515300126356,-0.978596236891535));
#2455=DIRECTION('ref_axis',(-0.691972035149642,-0.691972035149641,0.205789710971484));
#2456=DIRECTION('center_axis',(0.998794395056482,0.0490892697415265,0.));
#2457=DIRECTION('ref_axis',(0.,0.,-1.));
#2458=DIRECTION('center_axis',(1.62703881728889E-16,-1.62703881728889E-16,
1.));
#2459=DIRECTION('ref_axis',(-0.707106781186547,-0.707106781186548,-1.53602706917898E-31));
#2460=DIRECTION('center_axis',(0.707106781186545,-0.70710678118655,0.));
#2461=DIRECTION('ref_axis',(-0.640856382055792,-0.640856382055787,0.422618261740696));
#2462=DIRECTION('center_axis',(-0.110765376278391,-0.110765376278396,0.987654829804326));
#2463=DIRECTION('ref_axis',(0.698377427626282,0.698377427626287,0.156645897374264));
#2464=DIRECTION('center_axis',(-0.975644251616015,-0.107840770349896,-0.191020057949334));
#2465=DIRECTION('ref_axis',(-0.171064612896018,-0.171064612896022,0.970295726276));
#2466=DIRECTION('center_axis',(0.707106781186542,-0.707106781186553,-1.95315052353101E-15));
#2467=DIRECTION('ref_axis',(0.640856382055795,0.640856382055786,-0.422618261740695));
#2468=DIRECTION('center_axis',(0.975644251616014,0.107840770349901,0.191020057949336));
#2469=DIRECTION('ref_axis',(-0.206831089745902,0.742324097922571,0.637319255913364));
#2470=DIRECTION('',(-0.975644251616014,-0.107840770349901,-0.191020057949336));
#2471=DIRECTION('center_axis',(0.992252430482599,0.0788650556239519,0.0959969645499613));
#2472=DIRECTION('ref_axis',(0.11506761711673,-0.292023900174857,-0.949463788260375));
#2473=DIRECTION('center_axis',(1.88411095042053E-15,-1.88411095042053E-15,
1.));
#2474=DIRECTION('ref_axis',(-0.993946652594348,-0.109863787466527,1.66116493528926E-15));
#2475=DIRECTION('center_axis',(-0.145515300126356,-0.145515300126356,-0.978596236891535));
#2476=DIRECTION('ref_axis',(-0.691972035149641,-0.691972035149642,0.205789710971484));
#2477=DIRECTION('center_axis',(-0.707106781186548,0.707106781186548,0.));
#2478=DIRECTION('ref_axis',(0.,0.,-1.));
#2479=DIRECTION('center_axis',(1.62703881728889E-16,-1.62703881728889E-16,
1.));
#2480=DIRECTION('ref_axis',(-0.707106781186547,-0.707106781186548,-2.09458236706225E-31));
#2481=DIRECTION('center_axis',(0.0490892697415388,0.998794395056481,2.21776906851653E-15));
#2482=DIRECTION('ref_axis',(0.953153893518325,-0.0468461064816773,-0.298836238730118));
#2483=DIRECTION('center_axis',(0.707106781186544,-0.707106781186551,-2.30098036191742E-16));
#2484=DIRECTION('ref_axis',(-0.59636781052902,-0.596367810529016,-0.537299608346825));
#2485=DIRECTION('',(0.707106781186544,-0.707106781186551,-2.30098036191742E-16));
#2486=DIRECTION('center_axis',(-0.0464241518746924,-0.0464241518746924,
-0.997842470656281));
#2487=DIRECTION('ref_axis',(0.705581177556994,0.705581177556996,-0.0656536652028583));
#2488=DIRECTION('center_axis',(0.707106781186543,-0.707106781186552,0.));
#2489=DIRECTION('ref_axis',(0.,0.,-1.));
#2490=DIRECTION('center_axis',(1.62703881728889E-16,-1.62703881728889E-16,
1.));
#2491=DIRECTION('ref_axis',(0.707106781186547,0.707106781186548,2.01079907237976E-31));
#2492=DIRECTION('center_axis',(-0.998794395056482,-0.0490892697415312,0.));
#2493=DIRECTION('ref_axis',(-0.0468461064816706,0.953153893518326,-0.298836238730119));
#2494=DIRECTION('center_axis',(-0.110765376278391,-0.110765376278397,0.987654829804326));
#2495=DIRECTION('ref_axis',(0.698377427626281,0.698377427626287,0.156645897374264));
#2496=DIRECTION('center_axis',(-0.707106781186548,0.707106781186548,0.));
#2497=DIRECTION('ref_axis',(-0.171064612896022,-0.171064612896022,0.970295726275999));
#2498=DIRECTION('center_axis',(-0.107840770349904,-0.975644251616015,-0.19102005794933));
#2499=DIRECTION('ref_axis',(0.953153893518326,-0.0468461064816771,-0.298836238730117));
#2500=DIRECTION('center_axis',(0.707106781186543,-0.707106781186552,-4.55363093486087E-15));
#2501=DIRECTION('ref_axis',(0.545620975443716,0.545620975443706,0.636078220277747));
#2502=DIRECTION('center_axis',(-0.107840770349909,-0.975644251616012,-0.191020057949341));
#2503=DIRECTION('ref_axis',(0.742324097922546,-0.20683108974591,0.637319255913391));
#2504=DIRECTION('',(0.107840770349909,0.975644251616012,0.191020057949341));
#2505=DIRECTION('center_axis',(1.88411095042053E-15,-1.88411095042053E-15,
1.));
#2506=DIRECTION('ref_axis',(-0.109863787466534,-0.993946652594347,-1.66116493528929E-15));
#2507=DIRECTION('center_axis',(0.0788650556242771,0.992252430482543,0.09599696455027));
#2508=DIRECTION('ref_axis',(0.292023900172809,-0.115067617117023,0.94946378826097));
#2509=DIRECTION('center_axis',(1.62703881728889E-16,-1.62703881728889E-16,
1.));
#2510=DIRECTION('ref_axis',(0.707106781186547,0.707106781186548,2.01079907237976E-31));
#2511=DIRECTION('center_axis',(-0.707106781186545,0.70710678118655,0.));
#2512=DIRECTION('ref_axis',(0.640856382055792,0.640856382055787,-0.422618261740696));
#2513=DIRECTION('center_axis',(-0.0464241518746913,-0.0464241518746935,
-0.997842470656281));
#2514=DIRECTION('ref_axis',(0.705581177556994,0.705581177556996,-0.0656536652028584));
#2515=DIRECTION('center_axis',(-0.0490892697415381,-0.998794395056481,0.));
#2516=DIRECTION('ref_axis',(0.,0.,-1.));
#2517=DIRECTION('center_axis',(-0.707106781186544,0.707106781186551,2.30098036191742E-16));
#2518=DIRECTION('ref_axis',(0.379928196590916,0.379928196590916,-0.843391445812885));
#2519=DIRECTION('',(-0.707106781186544,0.707106781186551,2.30098036191742E-16));
#2520=DIRECTION('center_axis',(0.29883623873012,0.29883623873012,0.90630778703665));
#2521=DIRECTION('ref_axis',(0.862672144733676,0.321476044587475,-0.39044836208773));
#2522=DIRECTION('',(-0.29883623873012,-0.29883623873012,-0.90630778703665));
#2523=DIRECTION('center_axis',(0.0490892697415393,0.998794395056481,1.54520710386562E-16));
#2524=DIRECTION('ref_axis',(0.59138571482835,-0.0290657346699069,-0.805864826980965));
#2525=DIRECTION('',(-0.0490892697415393,-0.998794395056481,-1.55236682995369E-16));
#2526=DIRECTION('',(0.0490892697415393,0.998794395056481,1.54520710386562E-16));
#2527=DIRECTION('center_axis',(-0.998794395056482,-0.049089269741532,1.54520710386563E-16));
#2528=DIRECTION('ref_axis',(-0.0290657346699036,0.591385714828349,-0.805864826980965));
#2529=DIRECTION('',(0.998794395056482,0.049089269741532,-1.5523668299537E-16));
#2530=DIRECTION('',(-0.998794395056482,-0.049089269741532,1.54520710386563E-16));
#2531=DIRECTION('center_axis',(0.29883623873012,0.29883623873012,0.90630778703665));
#2532=DIRECTION('ref_axis',(0.321476044587481,0.862672144733673,-0.390448362087732));
#2533=DIRECTION('',(0.29883623873012,0.29883623873012,0.90630778703665));
#2534=DIRECTION('center_axis',(-0.29883623873012,-0.29883623873012,-0.90630778703665));
#2535=DIRECTION('ref_axis',(0.408036362500001,-0.89852660237637,0.161729006983118));
#2536=DIRECTION('',(0.29883623873012,0.29883623873012,0.90630778703665));
#2537=DIRECTION('center_axis',(-0.0490892697415398,-0.998794395056481,-1.78934982627638E-15));
#2538=DIRECTION('ref_axis',(0.804893272361755,-0.0395593158668907,0.592099552976465));
#2539=DIRECTION('',(-0.0490892697415398,-0.998794395056481,-1.78934982627638E-15));
#2540=DIRECTION('',(0.0490892697415398,0.998794395056481,1.7892220016883E-15));
#2541=DIRECTION('center_axis',(0.29883623873012,0.29883623873012,0.90630778703665));
#2542=DIRECTION('ref_axis',(-0.898526602376369,0.408036362500012,0.161729006983094));
#2543=DIRECTION('',(-0.29883623873012,-0.29883623873012,-0.90630778703665));
#2544=DIRECTION('center_axis',(-0.707106781186544,0.707106781186551,2.66453525910038E-15));
#2545=DIRECTION('ref_axis',(-0.379928196590919,-0.379928196590919,0.843391445812882));
#2546=DIRECTION('',(-0.707106781186544,0.707106781186551,2.66453525910038E-15));
#2547=DIRECTION('center_axis',(-5.19721604892364E-15,-1.,0.));
#2548=DIRECTION('ref_axis',(1.,-5.19721604892364E-15,-3.76822190084106E-15));
#2549=DIRECTION('center_axis',(0.998794395056482,0.0490892697415315,-1.7893498262764E-15));
#2550=DIRECTION('ref_axis',(-0.0395593158668783,0.804893272361746,0.592099552976478));
#2551=DIRECTION('',(-0.998794395056482,-0.0490892697415314,1.78714840873312E-15));
#2552=DIRECTION('',(0.998794395056482,0.0490892697415314,-1.7893498262764E-15));
#2553=DIRECTION('center_axis',(-0.707106781186544,0.707106781186551,2.66453525910038E-15));
#2554=DIRECTION('ref_axis',(-0.379928196590919,-0.379928196590919,0.843391445812882));
#2555=DIRECTION('',(-0.707106781186544,0.707106781186551,2.66453525910038E-15));
#2556=DIRECTION('center_axis',(-1.,1.73240534964121E-15,0.));
#2557=DIRECTION('ref_axis',(-1.73240534964121E-15,-1.,-3.76822190084105E-15));
#2558=DIRECTION('center_axis',(0.707106781186542,0.707106781186553,1.83410160463885E-29));
#2559=DIRECTION('ref_axis',(-0.500000000000001,0.499999999999994,0.707106781186551));
#2560=DIRECTION('',(-0.707106781186542,-0.707106781186553,-1.83410160463885E-29));
#2561=DIRECTION('',(0.707106781186542,0.707106781186553,1.83410160463885E-29));
#2562=DIRECTION('center_axis',(-0.914205374693676,-0.405251197260655,0.));
#2563=DIRECTION('ref_axis',(0.405251197260655,-0.914205374693676,-5.09635538730167E-29));
#2564=DIRECTION('center_axis',(-0.707106781186549,-0.707106781186546,9.46633086265214E-30));
#2565=DIRECTION('ref_axis',(0.499999999999999,-0.499999999999999,0.707106781186549));
#2566=DIRECTION('',(-0.707106781186549,-0.707106781186546,9.46633086265214E-30));
#2567=DIRECTION('center_axis',(-0.40525119726054,-0.914205374693728,8.99838419911128E-16));
#2568=DIRECTION('ref_axis',(0.914205374693728,-0.40525119726054,2.33281849229839E-15));
#2569=DIRECTION('center_axis',(0.998794395056469,0.0490892697417986,-1.78934982627587E-15));
#2570=DIRECTION('ref_axis',(-0.0395593158670943,0.804893272361708,0.592099552976515));
#2571=DIRECTION('',(-0.998794395056468,-0.0490892697417986,1.78922200168788E-15));
#2572=DIRECTION('center_axis',(0.707106781186553,-0.707106781186542,-3.52495810318487E-15));
#2573=DIRECTION('ref_axis',(0.707106781186542,0.707106781186553,7.45562427614953E-16));
#2574=DIRECTION('',(0.998794395056468,0.0490892697417986,-1.78934982627587E-15));
#2575=DIRECTION('center_axis',(-0.914205374693681,-0.405251197260645,-8.99838419911362E-16));
#2576=DIRECTION('ref_axis',(-0.405251197260645,0.914205374693681,7.30482364394689E-15));
#2577=DIRECTION('center_axis',(-0.707106781186547,0.707106781186548,-4.44089209850063E-16));
#2578=DIRECTION('ref_axis',(0.707106781186548,0.707106781186547,-2.70266380010418E-15));
#2579=DIRECTION('center_axis',(-0.0490892697415398,-0.998794395056481,-1.78934982627638E-15));
#2580=DIRECTION('ref_axis',(0.804893272361757,-0.0395593158668886,0.592099552976462));
#2581=DIRECTION('',(-0.0490892697415398,-0.998794395056481,-1.78934982627638E-15));
#2582=DIRECTION('',(0.0490892697415398,0.998794395056481,1.7892220016883E-15));
#2583=DIRECTION('center_axis',(0.707106781186546,-0.707106781186549,1.36002320516582E-15));
#2584=DIRECTION('ref_axis',(0.707106781186549,0.707106781186546,3.63461683462391E-15));
#2585=DIRECTION('center_axis',(-0.40525119726054,-0.914205374693728,8.99838419911144E-16));
#2586=DIRECTION('ref_axis',(-0.914205374693728,0.40525119726054,7.30482364394489E-15));
#2587=DIRECTION('center_axis',(0.707106781186548,0.707106781186547,-4.33873497871556E-30));
#2588=DIRECTION('ref_axis',(-0.500000000000005,0.500000000000005,0.707106781186541));
#2589=DIRECTION('',(0.707106781186548,0.707106781186547,-4.33873497871556E-30));
#2590=DIRECTION('center_axis',(0.640856382055779,0.640856382055798,-0.422618261740699));
#2591=DIRECTION('ref_axis',(0.298836238730142,0.298836238730098,0.90630778703665));
#2592=DIRECTION('',(-0.707106781186548,-0.707106781186547,4.33873497871556E-30));
#2593=DIRECTION('center_axis',(-0.707106781186549,-0.707106781186546,9.46633086265214E-30));
#2594=DIRECTION('ref_axis',(0.499999999999999,-0.499999999999999,0.707106781186549));
#2595=DIRECTION('',(0.707106781186549,0.707106781186546,-9.46633086265214E-30));
#2596=DIRECTION('center_axis',(0.640856382055779,0.640856382055798,-0.422618261740699));
#2597=DIRECTION('ref_axis',(0.298836238730144,0.298836238730095,0.90630778703665));
#2598=DIRECTION('',(-0.707106781186549,-0.707106781186546,9.46633086265214E-30));
#2599=DIRECTION('center_axis',(-1.88411095042053E-15,1.88411095042053E-15,
-1.));
#2600=DIRECTION('ref_axis',(0.707106781186547,0.707106781186548,3.25555771324533E-32));
#2601=DIRECTION('center_axis',(0.171064612896019,0.171064612896023,-0.970295726275999));
#2602=DIRECTION('ref_axis',(0.686102687806085,0.686102687806086,0.241921895599657));
#2603=DIRECTION('center_axis',(-1.88411095042053E-15,1.88411095042053E-15,
-1.));
#2604=DIRECTION('ref_axis',(0.707106781186547,0.707106781186548,3.25555771324533E-32));
#2605=DIRECTION('center_axis',(0.953153893518325,-0.0468461064816784,-0.298836238730119));
#2606=DIRECTION('ref_axis',(-0.0468461064816717,0.953153893518325,-0.298836238730121));
#2607=DIRECTION('center_axis',(-1.62703881728889E-16,1.62703881728889E-16,
-1.));
#2608=DIRECTION('ref_axis',(-1.,0.,1.62703881728889E-16));
#2609=DIRECTION('center_axis',(-0.0468461064816714,0.953153893518325,-0.298836238730121));
#2610=DIRECTION('ref_axis',(-0.953153893518325,0.0468461064816786,0.298836238730119));
#2611=DIRECTION('center_axis',(0.707106781186547,-0.707106781186548,4.44089209850063E-16));
#2612=DIRECTION('ref_axis',(0.640856382055789,0.640856382055788,-0.422618261740699));
#2613=DIRECTION('',(0.29883623873012,0.29883623873012,0.90630778703665));
#2614=DIRECTION('',(-0.707106781186548,-0.707106781186547,1.4791141972894E-31));
#2615=DIRECTION('',(0.29883623873012,0.29883623873012,0.90630778703665));
#2616=DIRECTION('center_axis',(0.640856382055779,0.640856382055798,-0.422618261740699));
#2617=DIRECTION('ref_axis',(-0.707106781186556,0.707106781186539,5.62304495773532E-15));
#2618=DIRECTION('',(0.29883623873012,0.29883623873012,0.90630778703665));
#2619=DIRECTION('',(0.707106781186558,-0.707106781186537,-2.30098036191742E-16));
#2620=DIRECTION('center_axis',(-0.707106781186546,0.707106781186549,-1.36002320516582E-15));
#2621=DIRECTION('ref_axis',(-0.640856382055791,-0.640856382055787,0.422618261740699));
#2622=DIRECTION('',(0.29883623873012,0.29883623873012,0.90630778703665));
#2623=DIRECTION('',(0.707106781186549,0.707106781186546,-6.40949485492072E-31));
#2624=DIRECTION('center_axis',(-0.953153893518325,0.0468461064816783,0.298836238730119));
#2625=DIRECTION('ref_axis',(0.0468461064816717,-0.953153893518325,0.298836238730121));
#2626=DIRECTION('',(0.0490892697415393,0.998794395056481,1.54520710386562E-16));
#2627=DIRECTION('center_axis',(-1.62703881728889E-16,1.62703881728889E-16,
-1.));
#2628=DIRECTION('ref_axis',(-1.,0.,1.62703881728889E-16));
#2629=DIRECTION('',(-0.998794395056468,-0.0490892697417991,1.54520710386517E-16));
#2630=DIRECTION('center_axis',(0.0468461064819276,-0.953153893518337,0.298836238730041));
#2631=DIRECTION('ref_axis',(0.953153893518312,-0.0468461064814224,-0.298836238730199));
#2632=DIRECTION('',(-0.29883623873012,-0.29883623873012,-0.90630778703665));
#2633=DIRECTION('center_axis',(0.707106781186553,-0.707106781186542,-3.52495810318487E-15));
#2634=DIRECTION('ref_axis',(0.640856382055782,0.640856382055795,-0.422618261740699));
#2635=CARTESIAN_POINT('',(0.,0.,0.));
#2636=CARTESIAN_POINT('Origin',(11.1718730925708,12.6761842821568,44.0838436614222));
#2637=CARTESIAN_POINT('',(11.4957362189567,13.0000474085426,44.1980387853338));
#2638=CARTESIAN_POINT('',(11.1718730925708,12.6761842821568,44.0838436614222));
#2639=CARTESIAN_POINT('',(10.4857705887922,11.9900817783782,43.8419218307112));
#2640=CARTESIAN_POINT('',(11.4102039125087,12.9145151020946,44.6831866484718));
#2641=CARTESIAN_POINT('',(11.4957362189567,13.0000474085426,44.1980387853338));
#2642=CARTESIAN_POINT('',(11.0863407861228,12.5906519757087,44.5689915245601));
#2643=CARTESIAN_POINT('',(11.4102039125087,12.9145151020946,44.6831866484718));
#2644=CARTESIAN_POINT('',(11.1718730925708,12.6761842821568,44.0838436614222));
#2645=CARTESIAN_POINT('Origin',(9.30233245863123,14.5457249160963,44.0838436614222));
#2646=CARTESIAN_POINT('',(9.30233245863124,14.5457249160963,44.0838436614222));
#2647=CARTESIAN_POINT('',(17.4367610114477,6.41129636327996,44.0838436614222));
#2648=CARTESIAN_POINT('',(9.21680015218323,14.4601926096483,44.5689915245601));
#2649=CARTESIAN_POINT('',(11.0863407861228,12.5906519757087,44.5689915245601));
#2650=CARTESIAN_POINT('',(9.30233245863124,14.5457249160963,44.0838436614222));
#2651=CARTESIAN_POINT('Ctrl Pts',(9.57685422325609,14.7392134639002,44.1663545916045));
#2652=CARTESIAN_POINT('Ctrl Pts',(9.49132191680808,14.6536811574522,44.6515024547425));
#2653=CARTESIAN_POINT('Ctrl Pts',(9.52618146370661,14.7141004377632,44.1529934422761));
#2654=CARTESIAN_POINT('Ctrl Pts',(9.4406491572586,14.6285681313152,44.6381413054141));
#2655=CARTESIAN_POINT('Ctrl Pts',(9.42452257505552,14.6637190819727,44.1261885158442));
#2656=CARTESIAN_POINT('Ctrl Pts',(9.33899026860751,14.5781867755247,44.6113363789822));
#2657=CARTESIAN_POINT('Ctrl Pts',(9.34314611336213,14.5851370493135,44.097987589905));
#2658=CARTESIAN_POINT('Ctrl Pts',(9.25761380691412,14.4996047428655,44.583135453043));
#2659=CARTESIAN_POINT('Ctrl Pts',(9.30233245863124,14.5457249160963,44.0838436614222));
#2660=CARTESIAN_POINT('Ctrl Pts',(9.21680015218323,14.4601926096483,44.5689915245601));
#2661=CARTESIAN_POINT('',(9.57685422325609,14.7392134639002,44.1663545916045));
#2662=CARTESIAN_POINT('Ctrl Pts',(9.30233245863124,14.5457249160963,44.0838436614222));
#2663=CARTESIAN_POINT('Ctrl Pts',(9.34314611336213,14.5851370493135,44.097987589905));
#2664=CARTESIAN_POINT('Ctrl Pts',(9.42452257505552,14.6637190819727,44.1261885158442));
#2665=CARTESIAN_POINT('Ctrl Pts',(9.52618146370661,14.7141004377632,44.1529934422761));
#2666=CARTESIAN_POINT('Ctrl Pts',(9.57685422325609,14.7392134639002,44.1663545916045));
#2667=CARTESIAN_POINT('',(9.49132191680808,14.6536811574522,44.6515024547425));
#2668=CARTESIAN_POINT('Ctrl Pts',(9.49132191680808,14.6536811574522,44.6515024547425));
#2669=CARTESIAN_POINT('Ctrl Pts',(9.4406491572586,14.6285681313152,44.6381413054141));
#2670=CARTESIAN_POINT('Ctrl Pts',(9.3389902686075,14.5781867755247,44.6113363789822));
#2671=CARTESIAN_POINT('Ctrl Pts',(9.25761380691411,14.4996047428655,44.583135453043));
#2672=CARTESIAN_POINT('Ctrl Pts',(9.21680015218322,14.4601926096483,44.5689915245601));
#2673=CARTESIAN_POINT('',(9.57685422325609,14.7392134639002,44.1663545916045));
#2674=CARTESIAN_POINT('Ctrl Pts',(10.1705299011278,14.8756329246554,44.2950714754207));
#2675=CARTESIAN_POINT('Ctrl Pts',(10.0849975946798,14.7901006182074,44.7802193385587));
#2676=CARTESIAN_POINT('Ctrl Pts',(10.063658755492,14.865242198632,44.2743980290274));
#2677=CARTESIAN_POINT('Ctrl Pts',(9.97812644904399,14.779709892184,44.7595458921654));
#2678=CARTESIAN_POINT('Ctrl Pts',(9.85905880161443,14.8453496256415,44.2348196549639));
#2679=CARTESIAN_POINT('Ctrl Pts',(9.77352649516642,14.7598173191935,44.7199675181019));
#2680=CARTESIAN_POINT('Ctrl Pts',(9.66807782014443,14.7735223418436,44.1884861579213));
#2681=CARTESIAN_POINT('Ctrl Pts',(9.58254551369642,14.6879900353956,44.6736340210593));
#2682=CARTESIAN_POINT('Ctrl Pts',(9.57685422325609,14.7392134639002,44.1663545916045));
#2683=CARTESIAN_POINT('Ctrl Pts',(9.49132191680808,14.6536811574522,44.6515024547425));
#2684=CARTESIAN_POINT('',(10.1705299011278,14.8756329246554,44.2950714754207));
#2685=CARTESIAN_POINT('Ctrl Pts',(9.57685422325609,14.7392134639002,44.1663545916045));
#2686=CARTESIAN_POINT('Ctrl Pts',(9.66807782014443,14.7735223418436,44.1884861579213));
#2687=CARTESIAN_POINT('Ctrl Pts',(9.85905880161443,14.8453496256415,44.2348196549639));
#2688=CARTESIAN_POINT('Ctrl Pts',(10.063658755492,14.865242198632,44.2743980290274));
#2689=CARTESIAN_POINT('Ctrl Pts',(10.1705299011278,14.8756329246554,44.2950714754207));
#2690=CARTESIAN_POINT('',(10.0849975946798,14.7901006182074,44.7802193385587));
#2691=CARTESIAN_POINT('Ctrl Pts',(10.0849975946798,14.7901006182074,44.7802193385587));
#2692=CARTESIAN_POINT('Ctrl Pts',(9.97812644904398,14.779709892184,44.7595458921654));
#2693=CARTESIAN_POINT('Ctrl Pts',(9.77352649516642,14.7598173191935,44.7199675181019));
#2694=CARTESIAN_POINT('Ctrl Pts',(9.58254551369641,14.6879900353956,44.6736340210593));
#2695=CARTESIAN_POINT('Ctrl Pts',(9.49132191680808,14.6536811574522,44.6515024547425));
#2696=CARTESIAN_POINT('',(10.1705299011278,14.8756329246554,44.2950714754207));
#2697=CARTESIAN_POINT('Ctrl Pts',(11.0404843291388,14.8368642095448,44.4416107812958));
#2698=CARTESIAN_POINT('Ctrl Pts',(10.9549520226908,14.7513319030968,44.9267586444338));
#2699=CARTESIAN_POINT('Ctrl Pts',(10.8791922900414,14.8542214936319,44.4162348649835));
#2700=CARTESIAN_POINT('Ctrl Pts',(10.7936599835934,14.7686891871839,44.9013827281215));
#2701=CARTESIAN_POINT('Ctrl Pts',(10.5893808860074,14.8854092627224,44.3706391246342));
#2702=CARTESIAN_POINT('Ctrl Pts',(10.5038485795594,14.7998769562744,44.8557869877722));
#2703=CARTESIAN_POINT('Ctrl Pts',(10.29920908653,14.8786364062374,44.3182873299718));
#2704=CARTESIAN_POINT('Ctrl Pts',(10.213676780082,14.7931040997894,44.8034351931098));
#2705=CARTESIAN_POINT('Ctrl Pts',(10.1705299011278,14.8756329246554,44.2950714754207));
#2706=CARTESIAN_POINT('Ctrl Pts',(10.0849975946798,14.7901006182074,44.7802193385587));
#2707=CARTESIAN_POINT('',(11.0404843291388,14.8368642095448,44.4416107812958));
#2708=CARTESIAN_POINT('Ctrl Pts',(10.1705299011278,14.8756329246554,44.2950714754207));
#2709=CARTESIAN_POINT('Ctrl Pts',(10.29920908653,14.8786364062374,44.3182873299718));
#2710=CARTESIAN_POINT('Ctrl Pts',(10.5893808860074,14.8854092627224,44.3706391246342));
#2711=CARTESIAN_POINT('Ctrl Pts',(10.8791922900414,14.8542214936319,44.4162348649835));
#2712=CARTESIAN_POINT('Ctrl Pts',(11.0404843291388,14.8368642095448,44.4416107812958));
#2713=CARTESIAN_POINT('',(10.9549520226908,14.7513319030968,44.9267586444338));
#2714=CARTESIAN_POINT('Ctrl Pts',(10.9549520226908,14.7513319030968,44.9267586444338));
#2715=CARTESIAN_POINT('Ctrl Pts',(10.7936599835934,14.7686891871839,44.9013827281215));
#2716=CARTESIAN_POINT('Ctrl Pts',(10.5038485795594,14.7998769562744,44.8557869877722));
#2717=CARTESIAN_POINT('Ctrl Pts',(10.213676780082,14.7931040997894,44.8034351931098));
#2718=CARTESIAN_POINT('Ctrl Pts',(10.0849975946798,14.7901006182074,44.7802193385587));
#2719=CARTESIAN_POINT('',(11.0404843291388,14.8368642095448,44.4416107812958));
#2720=CARTESIAN_POINT('Ctrl Pts',(12.2449328123253,14.7949528320628,44.6465678418899));
#2721=CARTESIAN_POINT('Ctrl Pts',(12.1594005058773,14.7094205256148,45.1317157050279));
#2722=CARTESIAN_POINT('Ctrl Pts',(12.0818481923396,14.7860005086006,44.6162374669972));
#2723=CARTESIAN_POINT('Ctrl Pts',(11.9963158858916,14.7004682021526,45.1013853301352));
#2724=CARTESIAN_POINT('Ctrl Pts',(11.6805770797458,14.7639732395897,44.5416093182506));
#2725=CARTESIAN_POINT('Ctrl Pts',(11.5950447732977,14.6784409331416,45.0267571813886));
#2726=CARTESIAN_POINT('Ctrl Pts',(11.2789074020223,14.809713630155,44.4788584433604));
#2727=CARTESIAN_POINT('Ctrl Pts',(11.1933750955743,14.724181323707,44.9640063064984));
#2728=CARTESIAN_POINT('Ctrl Pts',(11.0404843291388,14.8368642095448,44.4416107812958));
#2729=CARTESIAN_POINT('Ctrl Pts',(10.9549520226908,14.7513319030968,44.9267586444338));
#2730=CARTESIAN_POINT('',(12.2449328123253,14.7949528320628,44.6465678418899));
#2731=CARTESIAN_POINT('Ctrl Pts',(11.0404843291388,14.8368642095448,44.4416107812958));
#2732=CARTESIAN_POINT('Ctrl Pts',(11.2789074020223,14.809713630155,44.4788584433604));
#2733=CARTESIAN_POINT('Ctrl Pts',(11.6805770797458,14.7639732395897,44.5416093182506));
#2734=CARTESIAN_POINT('Ctrl Pts',(12.0818481923396,14.7860005086006,44.6162374669972));
#2735=CARTESIAN_POINT('Ctrl Pts',(12.2449328123253,14.7949528320628,44.6465678418899));
#2736=CARTESIAN_POINT('',(12.1594005058773,14.7094205256148,45.1317157050279));
#2737=CARTESIAN_POINT('Ctrl Pts',(12.1594005058773,14.7094205256148,45.1317157050279));
#2738=CARTESIAN_POINT('Ctrl Pts',(11.9963158858916,14.7004682021526,45.1013853301352));
#2739=CARTESIAN_POINT('Ctrl Pts',(11.5950447732977,14.6784409331416,45.0267571813886));
#2740=CARTESIAN_POINT('Ctrl Pts',(11.1933750955743,14.724181323707,44.9640063064984));
#2741=CARTESIAN_POINT('Ctrl Pts',(10.9549520226908,14.7513319030968,44.9267586444338));
#2742=CARTESIAN_POINT('',(12.2449328123253,14.7949528320628,44.6465678418899));
#2743=CARTESIAN_POINT('Ctrl Pts',(12.8122951487486,15.0381839870761,44.7894767077888));
#2744=CARTESIAN_POINT('Ctrl Pts',(12.7267628423006,14.9526516806281,45.2746245709268));
#2745=CARTESIAN_POINT('Ctrl Pts',(12.7361681531214,14.9797508252572,44.7657535472911));
#2746=CARTESIAN_POINT('Ctrl Pts',(12.6506358466734,14.8942185188092,45.2509014104291));
#2747=CARTESIAN_POINT('Ctrl Pts',(12.5691743345171,14.8515705819037,44.7137139110458));
#2748=CARTESIAN_POINT('Ctrl Pts',(12.4836420280691,14.7660382754557,45.1988617741838));
#2749=CARTESIAN_POINT('Ctrl Pts',(12.3591914165782,14.8149042097551,44.6702292659141));
#2750=CARTESIAN_POINT('Ctrl Pts',(12.2736591101302,14.7293719033071,45.1553771290521));
#2751=CARTESIAN_POINT('Ctrl Pts',(12.2449328123253,14.7949528320628,44.6465678418899));
#2752=CARTESIAN_POINT('Ctrl Pts',(12.1594005058773,14.7094205256148,45.1317157050279));
#2753=CARTESIAN_POINT('',(12.8122951487486,15.0381839870761,44.7894767077888));
#2754=CARTESIAN_POINT('Ctrl Pts',(12.2449328123253,14.7949528320628,44.6465678418899));
#2755=CARTESIAN_POINT('Ctrl Pts',(12.3591914165782,14.8149042097551,44.6702292659141));
#2756=CARTESIAN_POINT('Ctrl Pts',(12.5691743345171,14.8515705819037,44.7137139110458));
#2757=CARTESIAN_POINT('Ctrl Pts',(12.7361681531214,14.9797508252572,44.7657535472911));
#2758=CARTESIAN_POINT('Ctrl Pts',(12.8122951487486,15.0381839870761,44.7894767077888));
#2759=CARTESIAN_POINT('',(12.7267628423006,14.9526516806281,45.2746245709268));
#2760=CARTESIAN_POINT('Ctrl Pts',(12.7267628423006,14.9526516806281,45.2746245709268));
#2761=CARTESIAN_POINT('Ctrl Pts',(12.6506358466734,14.8942185188092,45.2509014104291));
#2762=CARTESIAN_POINT('Ctrl Pts',(12.4836420280691,14.7660382754557,45.1988617741838));
#2763=CARTESIAN_POINT('Ctrl Pts',(12.2736591101302,14.7293719033071,45.1553771290521));
#2764=CARTESIAN_POINT('Ctrl Pts',(12.1594005058773,14.7094205256148,45.1317157050279));
#2765=CARTESIAN_POINT('',(12.8122951487486,15.0381839870761,44.7894767077888));
#2766=CARTESIAN_POINT('Ctrl Pts',(13.0026034228637,15.5236820446658,44.9086223923416));
#2767=CARTESIAN_POINT('Ctrl Pts',(12.9170711164157,15.4381497382177,45.3937702554796));
#2768=CARTESIAN_POINT('Ctrl Pts',(12.9970933551783,15.4320751006041,44.8915005154022));
#2769=CARTESIAN_POINT('Ctrl Pts',(12.9115610487302,15.3465427941561,45.3766483785402));
#2770=CARTESIAN_POINT('Ctrl Pts',(12.9860464780587,15.2484166208689,44.8571736647347));
#2771=CARTESIAN_POINT('Ctrl Pts',(12.9005141716107,15.1628843144209,45.3423215278727));
#2772=CARTESIAN_POINT('Ctrl Pts',(12.8703056517933,15.1083745340558,44.8120787479724));
#2773=CARTESIAN_POINT('Ctrl Pts',(12.7847733453453,15.0228422276078,45.2972266111104));
#2774=CARTESIAN_POINT('Ctrl Pts',(12.8122951487486,15.0381839870761,44.7894767077888));
#2775=CARTESIAN_POINT('Ctrl Pts',(12.7267628423006,14.9526516806281,45.2746245709268));
#2776=CARTESIAN_POINT('',(13.0026034228637,15.5236820446658,44.9086223923416));
#2777=CARTESIAN_POINT('Ctrl Pts',(12.8122951487486,15.0381839870761,44.7894767077888));
#2778=CARTESIAN_POINT('Ctrl Pts',(12.8703056517933,15.1083745340558,44.8120787479724));
#2779=CARTESIAN_POINT('Ctrl Pts',(12.9860464780587,15.2484166208689,44.8571736647347));
#2780=CARTESIAN_POINT('Ctrl Pts',(12.9970933551783,15.4320751006041,44.8915005154022));
#2781=CARTESIAN_POINT('Ctrl Pts',(13.0026034228637,15.5236820446658,44.9086223923416));
#2782=CARTESIAN_POINT('',(12.9170711164157,15.4381497382177,45.3937702554796));
#2783=CARTESIAN_POINT('Ctrl Pts',(12.9170711164157,15.4381497382177,45.3937702554796));
#2784=CARTESIAN_POINT('Ctrl Pts',(12.9115610487302,15.3465427941561,45.3766483785402));
#2785=CARTESIAN_POINT('Ctrl Pts',(12.9005141716107,15.1628843144209,45.3423215278727));
#2786=CARTESIAN_POINT('Ctrl Pts',(12.7847733453453,15.0228422276078,45.2972266111104));
#2787=CARTESIAN_POINT('Ctrl Pts',(12.7267628423006,14.9526516806281,45.2746245709268));
#2788=CARTESIAN_POINT('',(13.0026034228637,15.5236820446658,44.9086223923416));
#2789=CARTESIAN_POINT('Ctrl Pts',(12.7552931758205,16.0461822998,44.9571388094834));
#2790=CARTESIAN_POINT('Ctrl Pts',(12.6697608693724,15.960649993352,45.4422866726214));
#2791=CARTESIAN_POINT('Ctrl Pts',(12.8248172324939,15.967203775458,44.955471972448));
#2792=CARTESIAN_POINT('Ctrl Pts',(12.7392849260459,15.88167146901,45.440619835586));
#2793=CARTESIAN_POINT('Ctrl Pts',(12.9583623926704,15.8154980179345,44.9522702315035));
#2794=CARTESIAN_POINT('Ctrl Pts',(12.8728300862224,15.7299657114865,45.4374180946415));
#2795=CARTESIAN_POINT('Ctrl Pts',(12.9882671717228,15.6182446500445,44.9227664206621));
#2796=CARTESIAN_POINT('Ctrl Pts',(12.9027348652748,15.5327123435965,45.4079142838001));
#2797=CARTESIAN_POINT('Ctrl Pts',(13.0026034228637,15.5236820446658,44.9086223923416));
#2798=CARTESIAN_POINT('Ctrl Pts',(12.9170711164157,15.4381497382177,45.3937702554796));
#2799=CARTESIAN_POINT('',(12.7552931758205,16.0461822998,44.9571388094834));
#2800=CARTESIAN_POINT('Ctrl Pts',(13.0026034228637,15.5236820446658,44.9086223923416));
#2801=CARTESIAN_POINT('Ctrl Pts',(12.9882671717228,15.6182446500445,44.9227664206621));
#2802=CARTESIAN_POINT('Ctrl Pts',(12.9583623926704,15.8154980179345,44.9522702315035));
#2803=CARTESIAN_POINT('Ctrl Pts',(12.8248172324939,15.967203775458,44.955471972448));
#2804=CARTESIAN_POINT('Ctrl Pts',(12.7552931758205,16.0461822998,44.9571388094834));
#2805=CARTESIAN_POINT('',(12.6697608693724,15.960649993352,45.4422866726214));
#2806=CARTESIAN_POINT('Ctrl Pts',(12.6697608693724,15.960649993352,45.4422866726214));
#2807=CARTESIAN_POINT('Ctrl Pts',(12.7392849260459,15.88167146901,45.440619835586));
#2808=CARTESIAN_POINT('Ctrl Pts',(12.8728300862224,15.7299657114865,45.4374180946415));
#2809=CARTESIAN_POINT('Ctrl Pts',(12.9027348652748,15.5327123435965,45.4079142838001));
#2810=CARTESIAN_POINT('Ctrl Pts',(12.9170711164157,15.4381497382177,45.3937702554796));
#2811=CARTESIAN_POINT('',(12.7552931758205,16.0461822998,44.9571388094834));
#2812=CARTESIAN_POINT('Ctrl Pts',(12.207968592629,16.3014685821712,44.9056520126979));
#2813=CARTESIAN_POINT('Ctrl Pts',(12.122436286181,16.2159362757232,45.3907998758359));
#2814=CARTESIAN_POINT('Ctrl Pts',(12.3066469877572,16.287918745743,44.920660307124));
#2815=CARTESIAN_POINT('Ctrl Pts',(12.2211146813092,16.202386439295,45.405808170262));
#2816=CARTESIAN_POINT('Ctrl Pts',(12.5135197241292,16.2595124088172,44.952124204892));
#2817=CARTESIAN_POINT('Ctrl Pts',(12.4279874176812,16.1739801023692,45.43727206803));
#2818=CARTESIAN_POINT('Ctrl Pts',(12.6722679370874,16.1194400669627,44.9554167893838));
#2819=CARTESIAN_POINT('Ctrl Pts',(12.5867356306394,16.0339077605146,45.4405646525218));
#2820=CARTESIAN_POINT('Ctrl Pts',(12.7552931758205,16.0461822998,44.9571388094834));
#2821=CARTESIAN_POINT('Ctrl Pts',(12.6697608693724,15.960649993352,45.4422866726214));
#2822=CARTESIAN_POINT('',(12.207968592629,16.3014685821712,44.9056520126979));
#2823=CARTESIAN_POINT('Ctrl Pts',(12.7552931758205,16.0461822998,44.9571388094834));
#2824=CARTESIAN_POINT('Ctrl Pts',(12.6722679370874,16.1194400669627,44.9554167893838));
#2825=CARTESIAN_POINT('Ctrl Pts',(12.5135197241292,16.2595124088172,44.952124204892));
#2826=CARTESIAN_POINT('Ctrl Pts',(12.3066469877572,16.287918745743,44.920660307124));
#2827=CARTESIAN_POINT('Ctrl Pts',(12.207968592629,16.3014685821712,44.9056520126979));
#2828=CARTESIAN_POINT('',(12.122436286181,16.2159362757232,45.3907998758359));
#2829=CARTESIAN_POINT('Ctrl Pts',(12.122436286181,16.2159362757232,45.3907998758359));
#2830=CARTESIAN_POINT('Ctrl Pts',(12.2211146813092,16.202386439295,45.405808170262));
#2831=CARTESIAN_POINT('Ctrl Pts',(12.4279874176812,16.1739801023692,45.43727206803));
#2832=CARTESIAN_POINT('Ctrl Pts',(12.5867356306394,16.0339077605146,45.4405646525218));
#2833=CARTESIAN_POINT('Ctrl Pts',(12.6697608693724,15.960649993352,45.4422866726214));
#2834=CARTESIAN_POINT('',(12.207968592629,16.3014685821712,44.9056520126979));
#2835=CARTESIAN_POINT('Ctrl Pts',(11.6511897542508,16.0495260979547,44.7630732130144));
#2836=CARTESIAN_POINT('Ctrl Pts',(11.5656574478027,15.9639937915067,45.2482210761524));
#2837=CARTESIAN_POINT('Ctrl Pts',(11.7359722101222,16.1240890542289,44.7911660516277));
#2838=CARTESIAN_POINT('Ctrl Pts',(11.6504399036742,16.0385567477809,45.2763139147657));
#2839=CARTESIAN_POINT('Ctrl Pts',(11.8955708561793,16.2644500138764,44.844049386517));
#2840=CARTESIAN_POINT('Ctrl Pts',(11.8100385497313,16.1789177074283,45.329197249655));
#2841=CARTESIAN_POINT('Ctrl Pts',(12.1082632632292,16.2896536804767,44.8859908262723));
#2842=CARTESIAN_POINT('Ctrl Pts',(12.0227309567812,16.2041213740287,45.3711386894103));
#2843=CARTESIAN_POINT('Ctrl Pts',(12.207968592629,16.3014685821712,44.9056520126979));
#2844=CARTESIAN_POINT('Ctrl Pts',(12.122436286181,16.2159362757232,45.3907998758359));
#2845=CARTESIAN_POINT('',(11.6511897542508,16.0495260979547,44.7630732130144));
#2846=CARTESIAN_POINT('Ctrl Pts',(12.207968592629,16.3014685821712,44.9056520126979));
#2847=CARTESIAN_POINT('Ctrl Pts',(12.1082632632292,16.2896536804767,44.8859908262723));
#2848=CARTESIAN_POINT('Ctrl Pts',(11.8955708561793,16.2644500138764,44.844049386517));
#2849=CARTESIAN_POINT('Ctrl Pts',(11.7359722101222,16.1240890542289,44.7911660516277));
#2850=CARTESIAN_POINT('Ctrl Pts',(11.6511897542508,16.0495260979547,44.7630732130144));
#2851=CARTESIAN_POINT('',(11.5656574478027,15.9639937915067,45.2482210761524));
#2852=CARTESIAN_POINT('Ctrl Pts',(11.5656574478027,15.9639937915067,45.2482210761524));
#2853=CARTESIAN_POINT('Ctrl Pts',(11.6504399036742,16.0385567477809,45.2763139147657));
#2854=CARTESIAN_POINT('Ctrl Pts',(11.8100385497313,16.1789177074283,45.329197249655));
#2855=CARTESIAN_POINT('Ctrl Pts',(12.0227309567812,16.2041213740287,45.3711386894103));
#2856=CARTESIAN_POINT('Ctrl Pts',(12.122436286181,16.2159362757232,45.3907998758359));
#2857=CARTESIAN_POINT('',(11.6511897542508,16.0495260979547,44.7630732130144));
#2858=CARTESIAN_POINT('Origin',(11.3298286496298,16.4420247111761,44.77561486402));
#2859=CARTESIAN_POINT('',(11.3298286496298,16.4420247111761,44.77561486402));
#2860=CARTESIAN_POINT('',(18.7051891006233,7.43403118800941,44.4877791692628));
#2861=CARTESIAN_POINT('',(11.2442963431818,16.3564924047281,45.260762727158));
#2862=CARTESIAN_POINT('',(11.5656574478027,15.9639937915067,45.2482210761524));
#2863=CARTESIAN_POINT('',(11.3298286496298,16.4420247111761,44.77561486402));
#2864=CARTESIAN_POINT('Ctrl Pts',(12.1963538708933,16.7567566482392,44.9838722983749));
#2865=CARTESIAN_POINT('Ctrl Pts',(12.1108215644453,16.6712243417912,45.4690201615129));
#2866=CARTESIAN_POINT('Ctrl Pts',(12.0456625352143,16.7492364766121,44.9559793689101));
#2867=CARTESIAN_POINT('Ctrl Pts',(11.9601302287663,16.663704170164,45.4411272320481));
#2868=CARTESIAN_POINT('Ctrl Pts',(11.7235258810078,16.7331604167901,44.8963519528193));
#2869=CARTESIAN_POINT('Ctrl Pts',(11.6379935745598,16.6476281103421,45.3814998159573));
#2870=CARTESIAN_POINT('Ctrl Pts',(11.4665790800864,16.5431504745569,44.8175527989341));
#2871=CARTESIAN_POINT('Ctrl Pts',(11.3810467736384,16.4576181681089,45.302700662072));
#2872=CARTESIAN_POINT('Ctrl Pts',(11.3298286496298,16.4420247111761,44.77561486402));
#2873=CARTESIAN_POINT('Ctrl Pts',(11.2442963431818,16.3564924047281,45.260762727158));
#2874=CARTESIAN_POINT('',(12.1963538708933,16.7567566482392,44.9838722983749));
#2875=CARTESIAN_POINT('Ctrl Pts',(11.3298286496298,16.4420247111761,44.77561486402));
#2876=CARTESIAN_POINT('Ctrl Pts',(11.4665790800864,16.5431504745569,44.8175527989341));
#2877=CARTESIAN_POINT('Ctrl Pts',(11.7235258810078,16.7331604167901,44.8963519528193));
#2878=CARTESIAN_POINT('Ctrl Pts',(12.0456625352143,16.7492364766121,44.9559793689101));
#2879=CARTESIAN_POINT('Ctrl Pts',(12.1963538708933,16.7567566482392,44.9838722983749));
#2880=CARTESIAN_POINT('',(12.1108215644453,16.6712243417912,45.4690201615129));
#2881=CARTESIAN_POINT('Ctrl Pts',(12.1108215644453,16.6712243417912,45.4690201615129));
#2882=CARTESIAN_POINT('Ctrl Pts',(11.9601302287663,16.663704170164,45.4411272320481));
#2883=CARTESIAN_POINT('Ctrl Pts',(11.6379935745598,16.6476281103421,45.3814998159573));
#2884=CARTESIAN_POINT('Ctrl Pts',(11.3810467736384,16.4576181681089,45.302700662072));
#2885=CARTESIAN_POINT('Ctrl Pts',(11.2442963431818,16.3564924047281,45.260762727158));
#2886=CARTESIAN_POINT('',(12.1963538708933,16.7567566482392,44.9838722983749));
#2887=CARTESIAN_POINT('Ctrl Pts',(13.0419442006084,16.3173991486633,45.055491764432));
#2888=CARTESIAN_POINT('Ctrl Pts',(12.9564118941604,16.2318668422153,45.54063962757));
#2889=CARTESIAN_POINT('Ctrl Pts',(12.9113611541697,16.4359282009901,45.0533666269293));
#2890=CARTESIAN_POINT('Ctrl Pts',(12.8258288477217,16.3503958945421,45.5385144900673));
#2891=CARTESIAN_POINT('Ctrl Pts',(12.666170322026,16.6584857057031,45.0493763368656));
#2892=CARTESIAN_POINT('Ctrl Pts',(12.580638015578,16.5729533992551,45.5345242000036));
#2893=CARTESIAN_POINT('Ctrl Pts',(12.3460059831611,16.7254540957432,45.0047375058374));
#2894=CARTESIAN_POINT('Ctrl Pts',(12.2604736767131,16.6399217892951,45.4898853689754));
#2895=CARTESIAN_POINT('Ctrl Pts',(12.1963538708933,16.7567566482392,44.9838722983749));
#2896=CARTESIAN_POINT('Ctrl Pts',(12.1108215644453,16.6712243417912,45.4690201615129));
#2897=CARTESIAN_POINT('',(13.0419442006084,16.3173991486633,45.055491764432));
#2898=CARTESIAN_POINT('Ctrl Pts',(12.1963538708933,16.7567566482392,44.9838722983749));
#2899=CARTESIAN_POINT('Ctrl Pts',(12.3460059831611,16.7254540957432,45.0047375058374));
#2900=CARTESIAN_POINT('Ctrl Pts',(12.666170322026,16.6584857057031,45.0493763368656));
#2901=CARTESIAN_POINT('Ctrl Pts',(12.9113611541697,16.4359282009901,45.0533666269293));
#2902=CARTESIAN_POINT('Ctrl Pts',(13.0419442006084,16.3173991486633,45.055491764432));
#2903=CARTESIAN_POINT('',(12.9564118941604,16.2318668422153,45.54063962757));
#2904=CARTESIAN_POINT('Ctrl Pts',(12.9564118941604,16.2318668422153,45.54063962757));
#2905=CARTESIAN_POINT('Ctrl Pts',(12.8258288477217,16.3503958945421,45.5385144900673));
#2906=CARTESIAN_POINT('Ctrl Pts',(12.580638015578,16.5729533992551,45.5345242000036));
#2907=CARTESIAN_POINT('Ctrl Pts',(12.2604736767131,16.6399217892951,45.4898853689754));
#2908=CARTESIAN_POINT('Ctrl Pts',(12.1108215644453,16.6712243417912,45.4690201615129));
#2909=CARTESIAN_POINT('',(13.0419442006084,16.3173991486633,45.055491764432));
#2910=CARTESIAN_POINT('Ctrl Pts',(13.4673181316639,15.453967970852,44.9782616053029));
#2911=CARTESIAN_POINT('Ctrl Pts',(13.3817858252159,15.368435664404,45.4634094684409));
#2912=CARTESIAN_POINT('Ctrl Pts',(13.441284867944,15.60764269918,45.0007649897262));
#2913=CARTESIAN_POINT('Ctrl Pts',(13.355752561496,15.522110392732,45.4859128528642));
#2914=CARTESIAN_POINT('Ctrl Pts',(13.3858751458846,15.9347270815243,45.048661645701));
#2915=CARTESIAN_POINT('Ctrl Pts',(13.3003428394365,15.8491947750762,45.533809508839));
#2916=CARTESIAN_POINT('Ctrl Pts',(13.1611083502145,16.1848120927878,45.0531252856331));
#2917=CARTESIAN_POINT('Ctrl Pts',(13.0755760437665,16.0992797863398,45.5382731487711));
#2918=CARTESIAN_POINT('Ctrl Pts',(13.0419442006084,16.3173991486633,45.055491764432));
#2919=CARTESIAN_POINT('Ctrl Pts',(12.9564118941604,16.2318668422153,45.54063962757));
#2920=CARTESIAN_POINT('',(13.4673181316639,15.453967970852,44.9782616053029));
#2921=CARTESIAN_POINT('Ctrl Pts',(13.0419442006084,16.3173991486633,45.055491764432));
#2922=CARTESIAN_POINT('Ctrl Pts',(13.1611083502145,16.1848120927878,45.0531252856331));
#2923=CARTESIAN_POINT('Ctrl Pts',(13.3858751458846,15.9347270815243,45.048661645701));
#2924=CARTESIAN_POINT('Ctrl Pts',(13.441284867944,15.60764269918,45.0007649897262));
#2925=CARTESIAN_POINT('Ctrl Pts',(13.4673181316639,15.453967970852,44.9782616053029));
#2926=CARTESIAN_POINT('',(13.3817858252159,15.368435664404,45.4634094684409));
#2927=CARTESIAN_POINT('Ctrl Pts',(13.3817858252159,15.368435664404,45.4634094684409));
#2928=CARTESIAN_POINT('Ctrl Pts',(13.355752561496,15.522110392732,45.4859128528642));
#2929=CARTESIAN_POINT('Ctrl Pts',(13.3003428394365,15.8491947750762,45.533809508839));
#2930=CARTESIAN_POINT('Ctrl Pts',(13.0755760437665,16.0992797863398,45.5382731487711));
#2931=CARTESIAN_POINT('Ctrl Pts',(12.9564118941604,16.2318668422153,45.54063962757));
#2932=CARTESIAN_POINT('',(13.4673181316639,15.453967970852,44.9782616053029));
#2933=CARTESIAN_POINT('Ctrl Pts',(13.1617367412516,14.6737658617367,44.7868363222622));
#2934=CARTESIAN_POINT('Ctrl Pts',(13.0762044348036,14.5882335552887,45.2719841854002));
#2935=CARTESIAN_POINT('Ctrl Pts',(13.2554506904857,14.7868289157017,44.8232914225478));
#2936=CARTESIAN_POINT('Ctrl Pts',(13.1699183840377,14.7012966092537,45.3084392856858));
#2937=CARTESIAN_POINT('Ctrl Pts',(13.4418808614541,15.0117512954879,44.8958135031394));
#2938=CARTESIAN_POINT('Ctrl Pts',(13.3563485550061,14.9262189890399,45.3809613662774));
#2939=CARTESIAN_POINT('Ctrl Pts',(13.4588693476325,15.307089270645,44.9508771334932));
#2940=CARTESIAN_POINT('Ctrl Pts',(13.3733370411845,15.221556964197,45.4360249966312));
#2941=CARTESIAN_POINT('Ctrl Pts',(13.4673181316639,15.453967970852,44.9782616053029));
#2942=CARTESIAN_POINT('Ctrl Pts',(13.3817858252159,15.368435664404,45.4634094684409));
#2943=CARTESIAN_POINT('',(13.1617367412516,14.6737658617367,44.7868363222622));
#2944=CARTESIAN_POINT('Ctrl Pts',(13.4673181316639,15.453967970852,44.9782616053029));
#2945=CARTESIAN_POINT('Ctrl Pts',(13.4588693476325,15.307089270645,44.9508771334932));
#2946=CARTESIAN_POINT('Ctrl Pts',(13.4418808614541,15.0117512954879,44.8958135031394));
#2947=CARTESIAN_POINT('Ctrl Pts',(13.2554506904857,14.7868289157017,44.8232914225478));
#2948=CARTESIAN_POINT('Ctrl Pts',(13.1617367412516,14.6737658617367,44.7868363222622));
#2949=CARTESIAN_POINT('',(13.0762044348036,14.5882335552887,45.2719841854002));
#2950=CARTESIAN_POINT('Ctrl Pts',(13.0762044348035,14.5882335552887,45.2719841854002));
#2951=CARTESIAN_POINT('Ctrl Pts',(13.1699183840377,14.7012966092537,45.3084392856858));
#2952=CARTESIAN_POINT('Ctrl Pts',(13.3563485550061,14.9262189890399,45.3809613662774));
#2953=CARTESIAN_POINT('Ctrl Pts',(13.3733370411845,15.221556964197,45.4360249966312));
#2954=CARTESIAN_POINT('Ctrl Pts',(13.3817858252159,15.368435664404,45.4634094684409));
#2955=CARTESIAN_POINT('',(13.1617367412516,14.6737658617367,44.7868363222622));
#2956=CARTESIAN_POINT('Ctrl Pts',(12.7684174988682,14.4193592602974,44.6726412704489));
#2957=CARTESIAN_POINT('Ctrl Pts',(12.6828851924202,14.3338269538494,45.1577891335869));
#2958=CARTESIAN_POINT('Ctrl Pts',(12.8416032260966,14.4520310032781,44.6913041035143));
#2959=CARTESIAN_POINT('Ctrl Pts',(12.7560709196486,14.3664986968301,45.1764519666523));
#2960=CARTESIAN_POINT('Ctrl Pts',(12.9861939379392,14.51657952597,44.7281756687785));
#2961=CARTESIAN_POINT('Ctrl Pts',(12.9006616314911,14.431047219522,45.2133235319165));
#2962=CARTESIAN_POINT('Ctrl Pts',(13.1037048851764,14.621802382505,44.7674439772842));
#2963=CARTESIAN_POINT('Ctrl Pts',(13.0181725787283,14.536270076057,45.2525918404222));
#2964=CARTESIAN_POINT('Ctrl Pts',(13.1617367412516,14.6737658617367,44.7868363222622));
#2965=CARTESIAN_POINT('Ctrl Pts',(13.0762044348036,14.5882335552887,45.2719841854002));
#2966=CARTESIAN_POINT('',(12.7684174988682,14.4193592602974,44.6726412704489));
#2967=CARTESIAN_POINT('Ctrl Pts',(13.1617367412516,14.6737658617367,44.7868363222622));
#2968=CARTESIAN_POINT('Ctrl Pts',(13.1037048851764,14.621802382505,44.7674439772842));
#2969=CARTESIAN_POINT('Ctrl Pts',(12.9861939379392,14.51657952597,44.7281756687785));
#2970=CARTESIAN_POINT('Ctrl Pts',(12.8416032260966,14.4520310032781,44.6913041035143));
#2971=CARTESIAN_POINT('Ctrl Pts',(12.7684174988682,14.4193592602974,44.6726412704489));
#2972=CARTESIAN_POINT('',(12.6828851924202,14.3338269538494,45.1577891335869));
#2973=CARTESIAN_POINT('Ctrl Pts',(12.6828851924202,14.3338269538494,45.1577891335869));
#2974=CARTESIAN_POINT('Ctrl Pts',(12.7560709196486,14.3664986968301,45.1764519666523));
#2975=CARTESIAN_POINT('Ctrl Pts',(12.9006616314911,14.431047219522,45.2133235319165));
#2976=CARTESIAN_POINT('Ctrl Pts',(13.0181725787283,14.536270076057,45.2525918404222));
#2977=CARTESIAN_POINT('Ctrl Pts',(13.0762044348035,14.5882335552887,45.2719841854002));
#2978=CARTESIAN_POINT('',(12.7684174988682,14.4193592602974,44.6726412704489));
#2979=CARTESIAN_POINT('Ctrl Pts',(12.2027649949954,14.3148219389908,44.5544857845424));
#2980=CARTESIAN_POINT('Ctrl Pts',(12.1172326885474,14.2292896325428,45.0396336476804));
#2981=CARTESIAN_POINT('Ctrl Pts',(12.3070596419217,14.3215709210468,44.5740629452905));
#2982=CARTESIAN_POINT('Ctrl Pts',(12.2215273354737,14.2360386145988,45.0592108084285));
#2983=CARTESIAN_POINT('Ctrl Pts',(12.5005285966428,14.3340904370746,44.6103790261053));
#2984=CARTESIAN_POINT('Ctrl Pts',(12.4149962901948,14.2485581306266,45.0955268892433));
#2985=CARTESIAN_POINT('Ctrl Pts',(12.6838982104577,14.3924568384258,44.6529974533925));
#2986=CARTESIAN_POINT('Ctrl Pts',(12.5983659040097,14.3069245319778,45.1381453165305));
#2987=CARTESIAN_POINT('Ctrl Pts',(12.7684174988682,14.4193592602974,44.6726412704489));
#2988=CARTESIAN_POINT('Ctrl Pts',(12.6828851924202,14.3338269538494,45.1577891335869));
#2989=CARTESIAN_POINT('',(12.2027649949954,14.3148219389908,44.5544857845424));
#2990=CARTESIAN_POINT('Ctrl Pts',(12.7684174988682,14.4193592602974,44.6726412704489));
#2991=CARTESIAN_POINT('Ctrl Pts',(12.6838982104577,14.3924568384258,44.6529974533925));
#2992=CARTESIAN_POINT('Ctrl Pts',(12.5005285966428,14.3340904370746,44.6103790261053));
#2993=CARTESIAN_POINT('Ctrl Pts',(12.3070596419217,14.3215709210468,44.5740629452905));
#2994=CARTESIAN_POINT('Ctrl Pts',(12.2027649949954,14.3148219389908,44.5544857845424));
#2995=CARTESIAN_POINT('',(12.1172326885474,14.2292896325428,45.0396336476804));
#2996=CARTESIAN_POINT('Ctrl Pts',(12.1172326885474,14.2292896325428,45.0396336476804));
#2997=CARTESIAN_POINT('Ctrl Pts',(12.2215273354737,14.2360386145988,45.0592108084285));
#2998=CARTESIAN_POINT('Ctrl Pts',(12.4149962901948,14.2485581306266,45.0955268892433));
#2999=CARTESIAN_POINT('Ctrl Pts',(12.5983659040097,14.3069245319778,45.1381453165305));
#3000=CARTESIAN_POINT('Ctrl Pts',(12.6828851924202,14.3338269538494,45.1577891335869));
#3001=CARTESIAN_POINT('',(12.2027649949954,14.3148219389908,44.5544857845424));
#3002=CARTESIAN_POINT('Ctrl Pts',(11.1843837702975,14.3672302910565,44.3841832973213));
#3003=CARTESIAN_POINT('Ctrl Pts',(11.0988514638495,14.2816979846085,44.8693311604593));
#3004=CARTESIAN_POINT('Ctrl Pts',(11.3827404739465,14.3478721230195,44.4157410115049));
#3005=CARTESIAN_POINT('Ctrl Pts',(11.2972081674984,14.2623398165714,44.9008888746429));
#3006=CARTESIAN_POINT('Ctrl Pts',(11.7219535583869,14.3147673992155,44.4697083812443));
#3007=CARTESIAN_POINT('Ctrl Pts',(11.6364212519389,14.2292350927675,44.9548562443823));
#3008=CARTESIAN_POINT('Ctrl Pts',(12.0616909136203,14.3148059365663,44.5296113880929));
#3009=CARTESIAN_POINT('Ctrl Pts',(11.9761586071723,14.2292736301183,45.0147592512309));
#3010=CARTESIAN_POINT('Ctrl Pts',(12.2027649949954,14.3148219389908,44.5544857845424));
#3011=CARTESIAN_POINT('Ctrl Pts',(12.1172326885474,14.2292896325428,45.0396336476804));
#3012=CARTESIAN_POINT('',(11.1843837702975,14.3672302910565,44.3841832973213));
#3013=CARTESIAN_POINT('Ctrl Pts',(12.2027649949954,14.3148219389908,44.5544857845424));
#3014=CARTESIAN_POINT('Ctrl Pts',(12.0616909136203,14.3148059365663,44.5296113880929));
#3015=CARTESIAN_POINT('Ctrl Pts',(11.7219535583869,14.3147673992155,44.4697083812443));
#3016=CARTESIAN_POINT('Ctrl Pts',(11.3827404739465,14.3478721230195,44.4157410115049));
#3017=CARTESIAN_POINT('Ctrl Pts',(11.1843837702975,14.3672302910565,44.3841832973213));
#3018=CARTESIAN_POINT('',(11.0988514638495,14.2816979846085,44.8693311604593));
#3019=CARTESIAN_POINT('Ctrl Pts',(11.0988514638495,14.2816979846085,44.8693311604593));
#3020=CARTESIAN_POINT('Ctrl Pts',(11.2972081674984,14.2623398165714,44.9008888746429));
#3021=CARTESIAN_POINT('Ctrl Pts',(11.6364212519389,14.2292350927675,44.9548562443823));
#3022=CARTESIAN_POINT('Ctrl Pts',(11.9761586071723,14.2292736301183,45.0147592512309));
#3023=CARTESIAN_POINT('Ctrl Pts',(12.1172326885474,14.2292896325428,45.0396336476804));
#3024=CARTESIAN_POINT('',(11.1843837702975,14.3672302910565,44.3841832973213));
#3025=CARTESIAN_POINT('Ctrl Pts',(10.4376877481826,14.4231434486303,44.2623972272419));
#3026=CARTESIAN_POINT('Ctrl Pts',(10.3521554417346,14.3376111421822,44.7475450903799));
#3027=CARTESIAN_POINT('Ctrl Pts',(10.5298659144301,14.4195800114469,44.2780201388077));
#3028=CARTESIAN_POINT('Ctrl Pts',(10.4443336079821,14.3340477049989,44.7631680019457));
#3029=CARTESIAN_POINT('Ctrl Pts',(10.779115896696,14.40994446877,44.3202645290926));
#3030=CARTESIAN_POINT('Ctrl Pts',(10.693583590248,14.324412162322,44.8054123922306));
#3031=CARTESIAN_POINT('Ctrl Pts',(11.0277193699398,14.3837423105729,44.35947421933));
#3032=CARTESIAN_POINT('Ctrl Pts',(10.9421870634918,14.2982100041249,44.844622082468));
#3033=CARTESIAN_POINT('Ctrl Pts',(11.1843837702975,14.3672302910565,44.3841832973213));
#3034=CARTESIAN_POINT('Ctrl Pts',(11.0988514638495,14.2816979846085,44.8693311604593));
#3035=CARTESIAN_POINT('',(10.4376877481826,14.4231434486303,44.2623972272419));
#3036=CARTESIAN_POINT('Ctrl Pts',(11.1843837702975,14.3672302910565,44.3841832973213));
#3037=CARTESIAN_POINT('Ctrl Pts',(11.0277193699398,14.3837423105729,44.35947421933));
#3038=CARTESIAN_POINT('Ctrl Pts',(10.779115896696,14.40994446877,44.3202645290926));
#3039=CARTESIAN_POINT('Ctrl Pts',(10.5298659144301,14.4195800114469,44.2780201388077));
#3040=CARTESIAN_POINT('Ctrl Pts',(10.4376877481826,14.4231434486303,44.2623972272419));
#3041=CARTESIAN_POINT('',(10.3521554417346,14.3376111421822,44.7475450903799));
#3042=CARTESIAN_POINT('Ctrl Pts',(10.3521554417346,14.3376111421822,44.7475450903799));
#3043=CARTESIAN_POINT('Ctrl Pts',(10.4443336079821,14.3340477049989,44.7631680019457));
#3044=CARTESIAN_POINT('Ctrl Pts',(10.693583590248,14.324412162322,44.8054123922306));
#3045=CARTESIAN_POINT('Ctrl Pts',(10.9421870634918,14.2982100041249,44.844622082468));
#3046=CARTESIAN_POINT('Ctrl Pts',(11.0988514638495,14.2816979846085,44.8693311604593));
#3047=CARTESIAN_POINT('',(10.4376877481826,14.4231434486303,44.2623972272419));
#3048=CARTESIAN_POINT('Ctrl Pts',(10.1085333916825,14.3872502358169,44.1980387853338));
#3049=CARTESIAN_POINT('Ctrl Pts',(10.0230010852345,14.3017179293688,44.6831866484718));
#3050=CARTESIAN_POINT('Ctrl Pts',(10.1607100687287,14.3972166755024,44.2089947113674));
#3051=CARTESIAN_POINT('Ctrl Pts',(10.0751777622806,14.3116843690544,44.6941425745054));
#3052=CARTESIAN_POINT('Ctrl Pts',(10.2691955033632,14.417938837247,44.2317742072049));
#3053=CARTESIAN_POINT('Ctrl Pts',(10.1836631969152,14.332406530799,44.7169220703429));
#3054=CARTESIAN_POINT('Ctrl Pts',(10.3801153978402,14.4213650777012,44.2519336047766));
#3055=CARTESIAN_POINT('Ctrl Pts',(10.2945830913921,14.3358327712532,44.7370814679146));
#3056=CARTESIAN_POINT('Ctrl Pts',(10.4376877481826,14.4231434486303,44.2623972272419));
#3057=CARTESIAN_POINT('Ctrl Pts',(10.3521554417346,14.3376111421822,44.7475450903799));
#3058=CARTESIAN_POINT('',(10.1085333916825,14.3872502358169,44.1980387853338));
#3059=CARTESIAN_POINT('Ctrl Pts',(10.4376877481826,14.4231434486303,44.2623972272419));
#3060=CARTESIAN_POINT('Ctrl Pts',(10.3801153978402,14.4213650777012,44.2519336047766));
#3061=CARTESIAN_POINT('Ctrl Pts',(10.2691955033632,14.417938837247,44.2317742072049));
#3062=CARTESIAN_POINT('Ctrl Pts',(10.1607100687287,14.3972166755024,44.2089947113674));
#3063=CARTESIAN_POINT('Ctrl Pts',(10.1085333916825,14.3872502358169,44.1980387853338));
#3064=CARTESIAN_POINT('',(10.0230010852345,14.3017179293688,44.6831866484718));
#3065=CARTESIAN_POINT('Ctrl Pts',(10.0230010852345,14.3017179293688,44.6831866484718));
#3066=CARTESIAN_POINT('Ctrl Pts',(10.0751777622806,14.3116843690544,44.6941425745054));
#3067=CARTESIAN_POINT('Ctrl Pts',(10.1836631969152,14.332406530799,44.7169220703429));
#3068=CARTESIAN_POINT('Ctrl Pts',(10.2945830913921,14.3358327712532,44.7370814679146));
#3069=CARTESIAN_POINT('Ctrl Pts',(10.3521554417346,14.3376111421822,44.7475450903799));
#3070=CARTESIAN_POINT('',(10.1085333916825,14.3872502358169,44.1980387853338));
#3071=CARTESIAN_POINT('Origin',(11.4957362189567,13.0000474085426,44.1980387853338));
#3072=CARTESIAN_POINT('',(18.6953944548034,5.8003891726961,44.1980387853338));
#3073=CARTESIAN_POINT('',(10.0230010852345,14.3017179293688,44.6831866484718));
#3074=CARTESIAN_POINT('Origin',(13.3855984660157,13.0358048834606,45.0528352869201));
#3075=CARTESIAN_POINT('Origin',(12.6577009263843,12.6879884666375,44.3478784649696));
#3076=CARTESIAN_POINT('',(12.2631004798399,13.0226835997341,44.3373170670598));
#3077=CARTESIAN_POINT('',(12.6577009263843,12.6879884666375,44.3478784649696));
#3078=CARTESIAN_POINT('',(19.897957655855,6.54689382027909,44.5416624126524));
#3079=CARTESIAN_POINT('',(12.1775681733919,12.9371512932861,44.8224649301978));
#3080=CARTESIAN_POINT('',(12.2631004798399,13.0226835997341,44.3373170670598));
#3081=CARTESIAN_POINT('',(12.5721686199363,12.6024561601894,44.8330263281076));
#3082=CARTESIAN_POINT('',(12.1775681733919,12.9371512932861,44.8224649301978));
#3083=CARTESIAN_POINT('',(12.6577009263843,12.6879884666375,44.3478784649696));
#3084=CARTESIAN_POINT('Ctrl Pts',(12.457363973543,12.1114285135006,44.210910358358));
#3085=CARTESIAN_POINT('Ctrl Pts',(12.3718316670949,12.0258962070526,44.696058221496));
#3086=CARTESIAN_POINT('Ctrl Pts',(12.463965701104,12.2083285058009,44.2291578690526));
#3087=CARTESIAN_POINT('Ctrl Pts',(12.3784333946559,12.1227961993529,44.7143057321907));
#3088=CARTESIAN_POINT('Ctrl Pts',(12.4783372801722,12.419274184517,44.2688816444315));
#3089=CARTESIAN_POINT('Ctrl Pts',(12.3928049737241,12.333741878069,44.7540295075695));
#3090=CARTESIAN_POINT('Ctrl Pts',(12.5947587920848,12.5936914851109,44.3201569696022));
#3091=CARTESIAN_POINT('Ctrl Pts',(12.5092264856368,12.5081591786628,44.8053048327402));
#3092=CARTESIAN_POINT('Ctrl Pts',(12.6577009263843,12.6879884666375,44.3478784649696));
#3093=CARTESIAN_POINT('Ctrl Pts',(12.5721686199363,12.6024561601894,44.8330263281076));
#3094=CARTESIAN_POINT('',(12.457363973543,12.1114285135006,44.210910358358));
#3095=CARTESIAN_POINT('Ctrl Pts',(12.6577009263843,12.6879884666375,44.3478784649696));
#3096=CARTESIAN_POINT('Ctrl Pts',(12.5947587920848,12.5936914851109,44.3201569696022));
#3097=CARTESIAN_POINT('Ctrl Pts',(12.4783372801722,12.419274184517,44.2688816444315));
#3098=CARTESIAN_POINT('Ctrl Pts',(12.463965701104,12.2083285058009,44.2291578690526));
#3099=CARTESIAN_POINT('Ctrl Pts',(12.457363973543,12.1114285135006,44.210910358358));
#3100=CARTESIAN_POINT('',(12.3718316670949,12.0258962070526,44.696058221496));
#3101=CARTESIAN_POINT('Ctrl Pts',(12.3718316670949,12.0258962070526,44.696058221496));
#3102=CARTESIAN_POINT('Ctrl Pts',(12.3784333946559,12.1227961993529,44.7143057321907));
#3103=CARTESIAN_POINT('Ctrl Pts',(12.3928049737241,12.333741878069,44.7540295075695));
#3104=CARTESIAN_POINT('Ctrl Pts',(12.5092264856368,12.5081591786628,44.8053048327402));
#3105=CARTESIAN_POINT('Ctrl Pts',(12.5721686199363,12.6024561601894,44.8330263281076));
#3106=CARTESIAN_POINT('',(12.457363973543,12.1114285135006,44.210910358358));
#3107=CARTESIAN_POINT('Ctrl Pts',(12.683221932006,11.6253570797831,44.1650343267428));
#3108=CARTESIAN_POINT('Ctrl Pts',(12.5976896255579,11.5398247733351,44.6501821898808));
#3109=CARTESIAN_POINT('Ctrl Pts',(12.6217575201805,11.6971260366519,44.1668510337128));
#3110=CARTESIAN_POINT('Ctrl Pts',(12.5362252137325,11.6115937302038,44.6519988968508));
#3111=CARTESIAN_POINT('Ctrl Pts',(12.500306823502,11.8389380145547,44.1704407585734));
#3112=CARTESIAN_POINT('Ctrl Pts',(12.414774517054,11.7534057081067,44.6555886217114));
#3113=CARTESIAN_POINT('Ctrl Pts',(12.4715616415613,12.0213383204675,44.1975303907237));
#3114=CARTESIAN_POINT('Ctrl Pts',(12.3860293351133,11.9358060140195,44.6826782538617));
#3115=CARTESIAN_POINT('Ctrl Pts',(12.457363973543,12.1114285135006,44.210910358358));
#3116=CARTESIAN_POINT('Ctrl Pts',(12.3718316670949,12.0258962070526,44.696058221496));
#3117=CARTESIAN_POINT('',(12.683221932006,11.6253570797831,44.1650343267428));
#3118=CARTESIAN_POINT('Ctrl Pts',(12.457363973543,12.1114285135006,44.210910358358));
#3119=CARTESIAN_POINT('Ctrl Pts',(12.4715616415613,12.0213383204675,44.1975303907237));
#3120=CARTESIAN_POINT('Ctrl Pts',(12.500306823502,11.8389380145547,44.1704407585734));
#3121=CARTESIAN_POINT('Ctrl Pts',(12.6217575201805,11.6971260366519,44.1668510337128));
#3122=CARTESIAN_POINT('Ctrl Pts',(12.683221932006,11.6253570797831,44.1650343267428));
#3123=CARTESIAN_POINT('',(12.5976896255579,11.5398247733351,44.6501821898808));
#3124=CARTESIAN_POINT('Ctrl Pts',(12.5976896255579,11.5398247733351,44.6501821898808));
#3125=CARTESIAN_POINT('Ctrl Pts',(12.5362252137325,11.6115937302038,44.6519988968508));
#3126=CARTESIAN_POINT('Ctrl Pts',(12.414774517054,11.7534057081067,44.6555886217114));
#3127=CARTESIAN_POINT('Ctrl Pts',(12.3860293351133,11.9358060140195,44.6826782538617));
#3128=CARTESIAN_POINT('Ctrl Pts',(12.3718316670949,12.0258962070526,44.696058221496));
#3129=CARTESIAN_POINT('',(12.683221932006,11.6253570797831,44.1650343267428));
#3130=CARTESIAN_POINT('Ctrl Pts',(13.291138497752,11.3843602521924,44.2297228348664));
#3131=CARTESIAN_POINT('Ctrl Pts',(13.205606191304,11.2988279457444,44.7148706980044));
#3132=CARTESIAN_POINT('Ctrl Pts',(13.1768137645382,11.3916679712284,44.2108555724351));
#3133=CARTESIAN_POINT('Ctrl Pts',(13.0912814580901,11.3061356647803,44.6960034355731));
#3134=CARTESIAN_POINT('Ctrl Pts',(12.9496660934518,11.4061874134638,44.1733688921641));
#3135=CARTESIAN_POINT('Ctrl Pts',(12.8641337870038,11.3206551070158,44.6585167553021));
#3136=CARTESIAN_POINT('Ctrl Pts',(12.7716443199452,11.5526232463426,44.1678002427719));
#3137=CARTESIAN_POINT('Ctrl Pts',(12.6861120134972,11.4670909398946,44.6529481059099));
#3138=CARTESIAN_POINT('Ctrl Pts',(12.683221932006,11.6253570797831,44.1650343267428));
#3139=CARTESIAN_POINT('Ctrl Pts',(12.5976896255579,11.5398247733351,44.6501821898808));
#3140=CARTESIAN_POINT('',(13.291138497752,11.3843602521924,44.2297228348664));
#3141=CARTESIAN_POINT('Ctrl Pts',(12.683221932006,11.6253570797831,44.1650343267428));
#3142=CARTESIAN_POINT('Ctrl Pts',(12.7716443199452,11.5526232463426,44.1678002427719));
#3143=CARTESIAN_POINT('Ctrl Pts',(12.9496660934518,11.4061874134638,44.1733688921641));
#3144=CARTESIAN_POINT('Ctrl Pts',(13.1768137645382,11.3916679712284,44.2108555724351));
#3145=CARTESIAN_POINT('Ctrl Pts',(13.291138497752,11.3843602521924,44.2297228348664));
#3146=CARTESIAN_POINT('',(13.205606191304,11.2988279457444,44.7148706980044));
#3147=CARTESIAN_POINT('Ctrl Pts',(13.205606191304,11.2988279457444,44.7148706980044));
#3148=CARTESIAN_POINT('Ctrl Pts',(13.0912814580901,11.3061356647803,44.6960034355731));
#3149=CARTESIAN_POINT('Ctrl Pts',(12.8641337870038,11.3206551070158,44.6585167553021));
#3150=CARTESIAN_POINT('Ctrl Pts',(12.6861120134972,11.4670909398946,44.6529481059099));
#3151=CARTESIAN_POINT('Ctrl Pts',(12.5976896255579,11.5398247733351,44.6501821898808));
#3152=CARTESIAN_POINT('',(13.291138497752,11.3843602521924,44.2297228348664));
#3153=CARTESIAN_POINT('Ctrl Pts',(13.9515105069197,11.697448973126,44.4013454427525));
#3154=CARTESIAN_POINT('Ctrl Pts',(13.8659782004717,11.611916666678,44.8864933058905));
#3155=CARTESIAN_POINT('Ctrl Pts',(13.8517720081393,11.6087621397545,44.3681257699955));
#3156=CARTESIAN_POINT('Ctrl Pts',(13.7662397016913,11.5232298333065,44.8532736331335));
#3157=CARTESIAN_POINT('Ctrl Pts',(13.6625838740038,11.4405372643743,44.3051133125961));
#3158=CARTESIAN_POINT('Ctrl Pts',(13.5770515675557,11.3550049579263,44.7902611757341));
#3159=CARTESIAN_POINT('Ctrl Pts',(13.4103816768831,11.4023944665209,44.2539250482077));
#3160=CARTESIAN_POINT('Ctrl Pts',(13.3248493704351,11.3168621600729,44.7390729113457));
#3161=CARTESIAN_POINT('Ctrl Pts',(13.291138497752,11.3843602521924,44.2297228348664));
#3162=CARTESIAN_POINT('Ctrl Pts',(13.205606191304,11.2988279457444,44.7148706980044));
#3163=CARTESIAN_POINT('',(13.9515105069197,11.697448973126,44.4013454427525));
#3164=CARTESIAN_POINT('Ctrl Pts',(13.291138497752,11.3843602521924,44.2297228348664));
#3165=CARTESIAN_POINT('Ctrl Pts',(13.4103816768831,11.4023944665209,44.2539250482077));
#3166=CARTESIAN_POINT('Ctrl Pts',(13.6625838740038,11.4405372643743,44.3051133125961));
#3167=CARTESIAN_POINT('Ctrl Pts',(13.8517720081393,11.6087621397545,44.3681257699955));
#3168=CARTESIAN_POINT('Ctrl Pts',(13.9515105069197,11.697448973126,44.4013454427525));
#3169=CARTESIAN_POINT('',(13.8659782004717,11.611916666678,44.8864933058905));
#3170=CARTESIAN_POINT('Ctrl Pts',(13.8659782004717,11.611916666678,44.8864933058905));
#3171=CARTESIAN_POINT('Ctrl Pts',(13.7662397016913,11.5232298333065,44.8532736331335));
#3172=CARTESIAN_POINT('Ctrl Pts',(13.5770515675557,11.3550049579262,44.7902611757341));
#3173=CARTESIAN_POINT('Ctrl Pts',(13.3248493704351,11.3168621600729,44.7390729113457));
#3174=CARTESIAN_POINT('Ctrl Pts',(13.205606191304,11.2988279457444,44.7148706980044));
#3175=CARTESIAN_POINT('',(13.9515105069197,11.697448973126,44.4013454427525));
#3176=CARTESIAN_POINT('Ctrl Pts',(14.2395284222422,12.3192429546717,44.5617466644948));
#3177=CARTESIAN_POINT('Ctrl Pts',(14.1539961157942,12.2337106482237,45.0468945276328));
#3178=CARTESIAN_POINT('Ctrl Pts',(14.2249562063075,12.2074140220365,44.5394619496762));
#3179=CARTESIAN_POINT('Ctrl Pts',(14.1394238998595,12.1218817155885,45.0246098128142));
#3180=CARTESIAN_POINT('Ctrl Pts',(14.193949648594,11.9694659797256,44.492044844464));
#3181=CARTESIAN_POINT('Ctrl Pts',(14.108417342146,11.8839336732776,44.977192707602));
#3182=CARTESIAN_POINT('Ctrl Pts',(14.0354955864075,11.791680332648,44.4327652721152));
#3183=CARTESIAN_POINT('Ctrl Pts',(13.9499632799595,11.7061480262,44.9179131352532));
#3184=CARTESIAN_POINT('Ctrl Pts',(13.9515105069197,11.697448973126,44.4013454427525));
#3185=CARTESIAN_POINT('Ctrl Pts',(13.8659782004717,11.611916666678,44.8864933058905));
#3186=CARTESIAN_POINT('',(14.2395284222422,12.3192429546717,44.5617466644948));
#3187=CARTESIAN_POINT('Ctrl Pts',(13.9515105069197,11.697448973126,44.4013454427525));
#3188=CARTESIAN_POINT('Ctrl Pts',(14.0354955864075,11.791680332648,44.4327652721152));
#3189=CARTESIAN_POINT('Ctrl Pts',(14.193949648594,11.9694659797256,44.492044844464));
#3190=CARTESIAN_POINT('Ctrl Pts',(14.2249562063075,12.2074140220365,44.5394619496762));
#3191=CARTESIAN_POINT('Ctrl Pts',(14.2395284222422,12.3192429546717,44.5617466644948));
#3192=CARTESIAN_POINT('',(14.1539961157942,12.2337106482237,45.0468945276328));
#3193=CARTESIAN_POINT('Ctrl Pts',(14.1539961157942,12.2337106482237,45.0468945276328));
#3194=CARTESIAN_POINT('Ctrl Pts',(14.1394238998595,12.1218817155885,45.0246098128142));
#3195=CARTESIAN_POINT('Ctrl Pts',(14.108417342146,11.8839336732775,44.977192707602));
#3196=CARTESIAN_POINT('Ctrl Pts',(13.9499632799595,11.7061480262,44.9179131352532));
#3197=CARTESIAN_POINT('Ctrl Pts',(13.8659782004717,11.611916666678,44.8864933058905));
#3198=CARTESIAN_POINT('',(14.2395284222422,12.3192429546717,44.5617466644948));
#3199=CARTESIAN_POINT('Ctrl Pts',(13.9691412427424,12.9228532868684,44.6204944133309));
#3200=CARTESIAN_POINT('Ctrl Pts',(13.8836089362944,12.8373209804204,45.1056422764689));
#3201=CARTESIAN_POINT('Ctrl Pts',(14.0479057336146,12.8321877830586,44.6183962466421));
#3202=CARTESIAN_POINT('Ctrl Pts',(13.9623734271666,12.7466554766105,45.1035441097801));
#3203=CARTESIAN_POINT('Ctrl Pts',(14.2002660360635,12.6568064223824,44.6143375990489));
#3204=CARTESIAN_POINT('Ctrl Pts',(14.1147337296155,12.5712741159344,45.0994854621869));
#3205=CARTESIAN_POINT('Ctrl Pts',(14.2267403320074,12.4291902224052,44.5788759753203));
#3206=CARTESIAN_POINT('Ctrl Pts',(14.1412080255594,12.3436579159572,45.0640238384583));
#3207=CARTESIAN_POINT('Ctrl Pts',(14.2395284222422,12.3192429546717,44.5617466644948));
#3208=CARTESIAN_POINT('Ctrl Pts',(14.1539961157942,12.2337106482237,45.0468945276328));
#3209=CARTESIAN_POINT('',(13.9691412427424,12.9228532868684,44.6204944133309));
#3210=CARTESIAN_POINT('Ctrl Pts',(14.2395284222422,12.3192429546717,44.5617466644948));
#3211=CARTESIAN_POINT('Ctrl Pts',(14.2267403320074,12.4291902224052,44.5788759753203));
#3212=CARTESIAN_POINT('Ctrl Pts',(14.2002660360635,12.6568064223824,44.6143375990489));
#3213=CARTESIAN_POINT('Ctrl Pts',(14.0479057336146,12.8321877830586,44.6183962466421));
#3214=CARTESIAN_POINT('Ctrl Pts',(13.9691412427424,12.9228532868684,44.6204944133309));
#3215=CARTESIAN_POINT('',(13.8836089362944,12.8373209804204,45.1056422764689));
#3216=CARTESIAN_POINT('Ctrl Pts',(13.8836089362944,12.8373209804204,45.1056422764689));
#3217=CARTESIAN_POINT('Ctrl Pts',(13.9623734271666,12.7466554766105,45.1035441097801));
#3218=CARTESIAN_POINT('Ctrl Pts',(14.1147337296155,12.5712741159344,45.0994854621869));
#3219=CARTESIAN_POINT('Ctrl Pts',(14.1412080255594,12.3436579159572,45.0640238384583));
#3220=CARTESIAN_POINT('Ctrl Pts',(14.1539961157942,12.2337106482237,45.0468945276328));
#3221=CARTESIAN_POINT('',(13.9691412427424,12.9228532868684,44.6204944133309));
#3222=CARTESIAN_POINT('Ctrl Pts',(13.5922879709798,13.1518154438536,44.594420984772));
#3223=CARTESIAN_POINT('Ctrl Pts',(13.5067556645318,13.0662831374055,45.07956884791));
#3224=CARTESIAN_POINT('Ctrl Pts',(13.6607966571173,13.1264364951253,44.6020248231012));
#3225=CARTESIAN_POINT('Ctrl Pts',(13.5752643506693,13.0409041886773,45.0871726862392));
#3226=CARTESIAN_POINT('Ctrl Pts',(13.8007240028501,13.0746006019962,44.6175554802309));
#3227=CARTESIAN_POINT('Ctrl Pts',(13.7151916964021,12.9890682955482,45.1027033433689));
#3228=CARTESIAN_POINT('Ctrl Pts',(13.9122291969851,12.9741321829459,44.6195012804713));
#3229=CARTESIAN_POINT('Ctrl Pts',(13.8266968905371,12.8885998764979,45.1046491436093));
#3230=CARTESIAN_POINT('Ctrl Pts',(13.9691412427424,12.9228532868684,44.6204944133309));
#3231=CARTESIAN_POINT('Ctrl Pts',(13.8836089362944,12.8373209804204,45.1056422764689));
#3232=CARTESIAN_POINT('',(13.5922879709798,13.1518154438536,44.594420984772));
#3233=CARTESIAN_POINT('Ctrl Pts',(13.9691412427424,12.9228532868684,44.6204944133309));
#3234=CARTESIAN_POINT('Ctrl Pts',(13.9122291969851,12.9741321829459,44.6195012804713));
#3235=CARTESIAN_POINT('Ctrl Pts',(13.8007240028501,13.0746006019962,44.6175554802309));
#3236=CARTESIAN_POINT('Ctrl Pts',(13.6607966571173,13.1264364951253,44.6020248231012));
#3237=CARTESIAN_POINT('Ctrl Pts',(13.5922879709798,13.1518154438536,44.594420984772));
#3238=CARTESIAN_POINT('',(13.5067556645318,13.0662831374055,45.07956884791));
#3239=CARTESIAN_POINT('Ctrl Pts',(13.5067556645318,13.0662831374055,45.07956884791));
#3240=CARTESIAN_POINT('Ctrl Pts',(13.5752643506693,13.0409041886773,45.0871726862392));
#3241=CARTESIAN_POINT('Ctrl Pts',(13.7151916964021,12.9890682955482,45.1027033433689));
#3242=CARTESIAN_POINT('Ctrl Pts',(13.8266968905371,12.8885998764979,45.1046491436093));
#3243=CARTESIAN_POINT('Ctrl Pts',(13.8836089362944,12.8373209804204,45.1056422764689));
#3244=CARTESIAN_POINT('',(13.5922879709798,13.1518154438536,44.594420984772));
#3245=CARTESIAN_POINT('Ctrl Pts',(13.1881756197228,13.1721589463279,44.526761952808));
#3246=CARTESIAN_POINT('Ctrl Pts',(13.1026433132748,13.0866266398799,45.011909815946));
#3247=CARTESIAN_POINT('Ctrl Pts',(13.2544426009063,13.1813092250198,44.5400581304752));
#3248=CARTESIAN_POINT('Ctrl Pts',(13.1689102944583,13.0957769185718,45.0252059936132));
#3249=CARTESIAN_POINT('Ctrl Pts',(13.3895994056464,13.1999719497793,44.5671767475701));
#3250=CARTESIAN_POINT('Ctrl Pts',(13.3040670991984,13.1144396433313,45.0523246107081));
#3251=CARTESIAN_POINT('Ctrl Pts',(13.5238566539847,13.1680739491963,44.5852228386941));
#3252=CARTESIAN_POINT('Ctrl Pts',(13.4383243475367,13.0825416427483,45.0703707018321));
#3253=CARTESIAN_POINT('Ctrl Pts',(13.5922879709798,13.1518154438536,44.594420984772));
#3254=CARTESIAN_POINT('Ctrl Pts',(13.5067556645318,13.0662831374055,45.07956884791));
#3255=CARTESIAN_POINT('',(13.1881756197228,13.1721589463279,44.526761952808));
#3256=CARTESIAN_POINT('Ctrl Pts',(13.5922879709798,13.1518154438536,44.594420984772));
#3257=CARTESIAN_POINT('Ctrl Pts',(13.5238566539847,13.1680739491963,44.5852228386941));
#3258=CARTESIAN_POINT('Ctrl Pts',(13.3895994056464,13.1999719497793,44.5671767475701));
#3259=CARTESIAN_POINT('Ctrl Pts',(13.2544426009063,13.1813092250198,44.5400581304752));
#3260=CARTESIAN_POINT('Ctrl Pts',(13.1881756197228,13.1721589463279,44.526761952808));
#3261=CARTESIAN_POINT('',(13.1026433132748,13.0866266398799,45.011909815946));
#3262=CARTESIAN_POINT('Ctrl Pts',(13.1026433132748,13.0866266398799,45.011909815946));
#3263=CARTESIAN_POINT('Ctrl Pts',(13.1689102944583,13.0957769185718,45.0252059936132));
#3264=CARTESIAN_POINT('Ctrl Pts',(13.3040670991984,13.1144396433313,45.0523246107081));
#3265=CARTESIAN_POINT('Ctrl Pts',(13.4383243475367,13.0825416427483,45.0703707018321));
#3266=CARTESIAN_POINT('Ctrl Pts',(13.5067556645318,13.0662831374055,45.07956884791));
#3267=CARTESIAN_POINT('',(13.1881756197228,13.1721589463279,44.526761952808));
#3268=CARTESIAN_POINT('Origin',(12.9033002164137,13.5394048712885,44.5412840011061));
#3269=CARTESIAN_POINT('',(12.9033002164137,13.5394048712885,44.5412840011061));
#3270=CARTESIAN_POINT('',(19.0561114623117,5.60753419779373,44.2276331170927));
#3271=CARTESIAN_POINT('',(12.8177679099657,13.4538725648405,45.0264318642441));
#3272=CARTESIAN_POINT('',(13.1026433132748,13.0866266398799,45.011909815946));
#3273=CARTESIAN_POINT('',(12.9033002164137,13.5394048712885,44.5412840011061));
#3274=CARTESIAN_POINT('Origin',(14.5869142312159,14.675082881466,45.0383294748041));
#3275=CARTESIAN_POINT('',(14.5869142312159,14.675082881466,45.0383294748041));
#3276=CARTESIAN_POINT('',(13.6792475384258,14.0628183751662,44.7703632917531));
#3277=CARTESIAN_POINT('',(14.5013819247679,14.589550575018,45.5234773379421));
#3278=CARTESIAN_POINT('',(12.8177679099657,13.4538725648405,45.0264318642441));
#3279=CARTESIAN_POINT('',(14.5869142312159,14.675082881466,45.0383294748041));
#3280=CARTESIAN_POINT('Origin',(15.9934101998645,13.2685869128174,45.0383294748041));
#3281=CARTESIAN_POINT('',(15.9934101998645,13.2685869128174,45.0383294748041));
#3282=CARTESIAN_POINT('',(22.135784816553,7.12621229612913,45.0383294748041));
#3283=CARTESIAN_POINT('',(15.9078778934165,13.1830546063694,45.5234773379421));
#3284=CARTESIAN_POINT('',(14.5013819247679,14.589550575018,45.5234773379421));
#3285=CARTESIAN_POINT('',(15.9934101998645,13.2685869128174,45.0383294748041));
#3286=CARTESIAN_POINT('Origin',(15.671419446795,12.9465961597479,44.9247945554216));
#3287=CARTESIAN_POINT('',(15.671419446795,12.9465961597479,44.9247945554216));
#3288=CARTESIAN_POINT('',(13.7928273850625,11.0680040980156,44.2623972777109));
#3289=CARTESIAN_POINT('',(15.585887140347,12.8610638532999,45.4099424185596));
#3290=CARTESIAN_POINT('',(15.9078778934165,13.1830546063694,45.5234773379421));
#3291=CARTESIAN_POINT('',(15.671419446795,12.9465961597479,44.9247945554216));
#3292=CARTESIAN_POINT('Origin',(14.5427496029714,14.0752660035715,44.9247945554216));
#3293=CARTESIAN_POINT('',(14.5427496029714,14.0752660035715,44.9247945554216));
#3294=CARTESIAN_POINT('',(21.2494591415716,7.36855646497138,44.9247945554216));
#3295=CARTESIAN_POINT('',(14.4572172965234,13.9897336971234,45.4099424185596));
#3296=CARTESIAN_POINT('',(15.585887140347,12.8610638532999,45.4099424185596));
#3297=CARTESIAN_POINT('',(14.5427496029714,14.0752660035715,44.9247945554216));
#3298=CARTESIAN_POINT('Origin',(13.6527476118963,13.4901003666581,44.6647202580658));
#3299=CARTESIAN_POINT('',(13.6527476118963,13.4901003666581,44.6647202580658));
#3300=CARTESIAN_POINT('',(13.4321415850844,13.3450545493668,44.6002552815928));
#3301=CARTESIAN_POINT('',(13.5672153054483,13.4045680602101,45.1498681212038));
#3302=CARTESIAN_POINT('',(14.4572172965234,13.9897336971234,45.4099424185596));
#3303=CARTESIAN_POINT('',(13.6527476118963,13.4901003666581,44.6647202580658));
#3304=CARTESIAN_POINT('Ctrl Pts',(14.359404911372,13.127898415032,44.7254482599978));
#3305=CARTESIAN_POINT('Ctrl Pts',(14.273872604924,13.042366108584,45.2105961231358));
#3306=CARTESIAN_POINT('Ctrl Pts',(14.2581381683106,13.2132786489385,44.7226474442616));
#3307=CARTESIAN_POINT('Ctrl Pts',(14.1726058618625,13.1277463424905,45.2077953073996));
#3308=CARTESIAN_POINT('Ctrl Pts',(14.0498007549452,13.3889325363535,44.716885288907));
#3309=CARTESIAN_POINT('Ctrl Pts',(13.9642684484972,13.3034002299054,45.2020331520449));
#3310=CARTESIAN_POINT('Ctrl Pts',(13.7875340944682,13.4557572157854,44.6824285702739));
#3311=CARTESIAN_POINT('Ctrl Pts',(13.7020017880201,13.3702249093374,45.1675764334119));
#3312=CARTESIAN_POINT('Ctrl Pts',(13.6527476118963,13.4901003666581,44.6647202580658));
#3313=CARTESIAN_POINT('Ctrl Pts',(13.5672153054483,13.4045680602101,45.1498681212038));
#3314=CARTESIAN_POINT('',(14.359404911372,13.127898415032,44.7254482599978));
#3315=CARTESIAN_POINT('Ctrl Pts',(13.6527476118963,13.4901003666581,44.6647202580658));
#3316=CARTESIAN_POINT('Ctrl Pts',(13.7875340944682,13.4557572157854,44.6824285702739));
#3317=CARTESIAN_POINT('Ctrl Pts',(14.0498007549452,13.3889325363535,44.716885288907));
#3318=CARTESIAN_POINT('Ctrl Pts',(14.2581381683106,13.2132786489385,44.7226474442616));
#3319=CARTESIAN_POINT('Ctrl Pts',(14.359404911372,13.127898415032,44.7254482599978));
#3320=CARTESIAN_POINT('',(14.273872604924,13.042366108584,45.2105961231358));
#3321=CARTESIAN_POINT('Ctrl Pts',(14.273872604924,13.042366108584,45.2105961231358));
#3322=CARTESIAN_POINT('Ctrl Pts',(14.1726058618625,13.1277463424905,45.2077953073996));
#3323=CARTESIAN_POINT('Ctrl Pts',(13.9642684484972,13.3034002299054,45.2020331520449));
#3324=CARTESIAN_POINT('Ctrl Pts',(13.7020017880201,13.3702249093374,45.1675764334119));
#3325=CARTESIAN_POINT('Ctrl Pts',(13.5672153054483,13.4045680602101,45.1498681212038));
#3326=CARTESIAN_POINT('',(14.359404911372,13.127898415032,44.7254482599978));
#3327=CARTESIAN_POINT('Ctrl Pts',(14.7355330443293,12.2538077218713,44.6376567029589));
#3328=CARTESIAN_POINT('Ctrl Pts',(14.6500007378813,12.1682754154233,45.1228045660969));
#3329=CARTESIAN_POINT('Ctrl Pts',(14.7180197440741,12.4165581735994,44.6632622337492));
#3330=CARTESIAN_POINT('Ctrl Pts',(14.6324874376261,12.3310258671514,45.1484100968872));
#3331=CARTESIAN_POINT('Ctrl Pts',(14.6827518914088,12.7443010244116,44.7148260209378));
#3332=CARTESIAN_POINT('Ctrl Pts',(14.5972195849608,12.6587687179636,45.1999738840758));
#3333=CARTESIAN_POINT('Ctrl Pts',(14.467677648068,12.9994508282718,44.7218914032344));
#3334=CARTESIAN_POINT('Ctrl Pts',(14.38214534162,12.9139185218238,45.2070392663724));
#3335=CARTESIAN_POINT('Ctrl Pts',(14.359404911372,13.127898415032,44.7254482599978));
#3336=CARTESIAN_POINT('Ctrl Pts',(14.273872604924,13.042366108584,45.2105961231358));
#3337=CARTESIAN_POINT('',(14.7355330443293,12.2538077218713,44.6376567029589));
#3338=CARTESIAN_POINT('Ctrl Pts',(14.359404911372,13.127898415032,44.7254482599978));
#3339=CARTESIAN_POINT('Ctrl Pts',(14.467677648068,12.9994508282718,44.7218914032344));
#3340=CARTESIAN_POINT('Ctrl Pts',(14.6827518914088,12.7443010244116,44.7148260209378));
#3341=CARTESIAN_POINT('Ctrl Pts',(14.7180197440741,12.4165581735994,44.6632622337492));
#3342=CARTESIAN_POINT('Ctrl Pts',(14.7355330443293,12.2538077218713,44.6376567029589));
#3343=CARTESIAN_POINT('',(14.6500007378813,12.1682754154233,45.1228045660969));
#3344=CARTESIAN_POINT('Ctrl Pts',(14.6500007378813,12.1682754154233,45.1228045660969));
#3345=CARTESIAN_POINT('Ctrl Pts',(14.6324874376261,12.3310258671514,45.1484100968872));
#3346=CARTESIAN_POINT('Ctrl Pts',(14.5972195849608,12.6587687179636,45.1999738840758));
#3347=CARTESIAN_POINT('Ctrl Pts',(14.38214534162,12.9139185218238,45.2070392663724));
#3348=CARTESIAN_POINT('Ctrl Pts',(14.273872604924,13.042366108584,45.2105961231358));
#3349=CARTESIAN_POINT('',(14.7355330443293,12.2538077218713,44.6376567029589));
#3350=CARTESIAN_POINT('Ctrl Pts',(14.3499694849258,11.3588961264658,44.411906984859));
#3351=CARTESIAN_POINT('Ctrl Pts',(14.2644371784778,11.2733638200178,44.897054847997));
#3352=CARTESIAN_POINT('Ctrl Pts',(14.4638475269659,11.4912776783411,44.4553229259626));
#3353=CARTESIAN_POINT('Ctrl Pts',(14.3783152205179,11.4057453718931,44.9404707891006));
#3354=CARTESIAN_POINT('Ctrl Pts',(14.6848438126199,11.748182615671,44.5395776387253));
#3355=CARTESIAN_POINT('Ctrl Pts',(14.5993115061719,11.6626503092229,45.0247255018633));
#3356=CARTESIAN_POINT('Ctrl Pts',(14.7189847327292,12.0887383071638,44.6056372214704));
#3357=CARTESIAN_POINT('Ctrl Pts',(14.6334524262812,12.0032060007158,45.0907850846084));
#3358=CARTESIAN_POINT('Ctrl Pts',(14.7355330443293,12.2538077218713,44.6376567029589));
#3359=CARTESIAN_POINT('Ctrl Pts',(14.6500007378813,12.1682754154233,45.1228045660969));
#3360=CARTESIAN_POINT('',(14.3499694849258,11.3588961264658,44.411906984859));
#3361=CARTESIAN_POINT('Ctrl Pts',(14.7355330443293,12.2538077218713,44.6376567029589));
#3362=CARTESIAN_POINT('Ctrl Pts',(14.7189847327292,12.0887383071638,44.6056372214704));
#3363=CARTESIAN_POINT('Ctrl Pts',(14.6848438126199,11.748182615671,44.5395776387253));
#3364=CARTESIAN_POINT('Ctrl Pts',(14.4638475269659,11.4912776783411,44.4553229259626));
#3365=CARTESIAN_POINT('Ctrl Pts',(14.3499694849258,11.3588961264658,44.411906984859));
#3366=CARTESIAN_POINT('',(14.2644371784778,11.2733638200178,44.897054847997));
#3367=CARTESIAN_POINT('Ctrl Pts',(14.2644371784778,11.2733638200178,44.897054847997));
#3368=CARTESIAN_POINT('Ctrl Pts',(14.3783152205179,11.4057453718931,44.9404707891006));
#3369=CARTESIAN_POINT('Ctrl Pts',(14.5993115061719,11.6626503092229,45.0247255018633));
#3370=CARTESIAN_POINT('Ctrl Pts',(14.6334524262812,12.0032060007158,45.0907850846084));
#3371=CARTESIAN_POINT('Ctrl Pts',(14.6500007378813,12.1682754154233,45.1228045660969));
#3372=CARTESIAN_POINT('',(14.3499694849258,11.3588961264658,44.411906984859));
#3373=CARTESIAN_POINT('Ctrl Pts',(13.4821835895599,10.9387181916553,44.1848370018974));
#3374=CARTESIAN_POINT('Ctrl Pts',(13.3966512831119,10.8531858852073,44.6699848650354));
#3375=CARTESIAN_POINT('Ctrl Pts',(13.6432767921851,10.9692727017117,44.2186247852447));
#3376=CARTESIAN_POINT('Ctrl Pts',(13.5577444857371,10.8837403952637,44.7037726483827));
#3377=CARTESIAN_POINT('Ctrl Pts',(13.9716521850256,11.0315555856528,44.2874984338475));
#3378=CARTESIAN_POINT('Ctrl Pts',(13.8861198785776,10.9460232792048,44.7726462969855));
#3379=CARTESIAN_POINT('Ctrl Pts',(14.2222891090229,11.24842017596,44.3699196621464));
#3380=CARTESIAN_POINT('Ctrl Pts',(14.1367568025749,11.162887869512,44.8550675252844));
#3381=CARTESIAN_POINT('Ctrl Pts',(14.3499694849258,11.3588961264658,44.411906984859));
#3382=CARTESIAN_POINT('Ctrl Pts',(14.2644371784778,11.2733638200178,44.897054847997));
#3383=CARTESIAN_POINT('',(13.4821835895599,10.9387181916553,44.1848370018974));
#3384=CARTESIAN_POINT('Ctrl Pts',(14.3499694849258,11.3588961264658,44.411906984859));
#3385=CARTESIAN_POINT('Ctrl Pts',(14.2222891090229,11.24842017596,44.3699196621464));
#3386=CARTESIAN_POINT('Ctrl Pts',(13.9716521850256,11.0315555856528,44.2874984338475));
#3387=CARTESIAN_POINT('Ctrl Pts',(13.6432767921851,10.9692727017117,44.2186247852447));
#3388=CARTESIAN_POINT('Ctrl Pts',(13.4821835895599,10.9387181916553,44.1848370018974));
#3389=CARTESIAN_POINT('',(13.3966512831119,10.8531858852073,44.6699848650354));
#3390=CARTESIAN_POINT('Ctrl Pts',(13.3966512831119,10.8531858852073,44.6699848650354));
#3391=CARTESIAN_POINT('Ctrl Pts',(13.557744485737,10.8837403952637,44.7037726483827));
#3392=CARTESIAN_POINT('Ctrl Pts',(13.8861198785776,10.9460232792048,44.7726462969855));
#3393=CARTESIAN_POINT('Ctrl Pts',(14.1367568025749,11.162887869512,44.8550675252844));
#3394=CARTESIAN_POINT('Ctrl Pts',(14.2644371784778,11.2733638200178,44.897054847997));
#3395=CARTESIAN_POINT('',(13.4821835895599,10.9387181916553,44.1848370018974));
#3396=CARTESIAN_POINT('Ctrl Pts',(12.4061601640222,11.3482953117993,44.067341504225));
#3397=CARTESIAN_POINT('Ctrl Pts',(12.3206278575742,11.2627630053513,44.552489367363));
#3398=CARTESIAN_POINT('Ctrl Pts',(12.5664881304289,11.2133367279725,44.0718141649747));
#3399=CARTESIAN_POINT('Ctrl Pts',(12.4809558239809,11.1278044215245,44.5569620281127));
#3400=CARTESIAN_POINT('Ctrl Pts',(12.8805695570804,10.9489537541398,44.0805760778253));
#3401=CARTESIAN_POINT('Ctrl Pts',(12.7950372506324,10.8634214476917,44.5657239409633));
#3402=CARTESIAN_POINT('Ctrl Pts',(13.2844637490427,10.9420820988662,44.1505717551332));
#3403=CARTESIAN_POINT('Ctrl Pts',(13.1989314425947,10.8565497924182,44.6357196182712));
#3404=CARTESIAN_POINT('Ctrl Pts',(13.4821835895599,10.9387181916553,44.1848370018974));
#3405=CARTESIAN_POINT('Ctrl Pts',(13.3966512831119,10.8531858852073,44.6699848650354));
#3406=CARTESIAN_POINT('',(12.4061601640222,11.3482953117993,44.067341504225));
#3407=CARTESIAN_POINT('Ctrl Pts',(13.4821835895599,10.9387181916553,44.1848370018974));
#3408=CARTESIAN_POINT('Ctrl Pts',(13.2844637490427,10.9420820988662,44.1505717551332));
#3409=CARTESIAN_POINT('Ctrl Pts',(12.8805695570804,10.9489537541398,44.0805760778253));
#3410=CARTESIAN_POINT('Ctrl Pts',(12.5664881304289,11.2133367279725,44.0718141649747));
#3411=CARTESIAN_POINT('Ctrl Pts',(12.4061601640222,11.3482953117993,44.067341504225));
#3412=CARTESIAN_POINT('',(12.3206278575742,11.2627630053513,44.552489367363));
#3413=CARTESIAN_POINT('Ctrl Pts',(12.3206278575742,11.2627630053513,44.552489367363));
#3414=CARTESIAN_POINT('Ctrl Pts',(12.4809558239809,11.1278044215245,44.5569620281127));
#3415=CARTESIAN_POINT('Ctrl Pts',(12.7950372506324,10.8634214476917,44.5657239409633));
#3416=CARTESIAN_POINT('Ctrl Pts',(13.1989314425947,10.8565497924182,44.6357196182712));
#3417=CARTESIAN_POINT('Ctrl Pts',(13.3966512831119,10.8531858852073,44.6699848650354));
#3418=CARTESIAN_POINT('',(12.4061601640222,11.3482953117993,44.067341504225));
#3419=CARTESIAN_POINT('Ctrl Pts',(11.9858960626865,12.1878966072688,44.1412712895934));
#3420=CARTESIAN_POINT('Ctrl Pts',(11.9003637562385,12.1023643008208,44.6264191527314));
#3421=CARTESIAN_POINT('Ctrl Pts',(12.0147864160435,12.0367714363455,44.11972110527));
#3422=CARTESIAN_POINT('Ctrl Pts',(11.9292541095955,11.9512391298975,44.604868968408));
#3423=CARTESIAN_POINT('Ctrl Pts',(12.0753799560508,11.7198071895848,44.0745225595885));
#3424=CARTESIAN_POINT('Ctrl Pts',(11.9898476496028,11.6342748831368,44.5596704227265));
#3425=CARTESIAN_POINT('Ctrl Pts',(12.2925398109142,11.4759066673779,44.0698081392486));
#3426=CARTESIAN_POINT('Ctrl Pts',(12.2070075044662,11.3903743609298,44.5549560023866));
#3427=CARTESIAN_POINT('Ctrl Pts',(12.4061601640222,11.3482953117993,44.067341504225));
#3428=CARTESIAN_POINT('Ctrl Pts',(12.3206278575742,11.2627630053513,44.552489367363));
#3429=CARTESIAN_POINT('',(11.9858960626865,12.1878966072688,44.1412712895934));
#3430=CARTESIAN_POINT('Ctrl Pts',(12.4061601640222,11.3482953117993,44.067341504225));
#3431=CARTESIAN_POINT('Ctrl Pts',(12.2925398109142,11.4759066673779,44.0698081392486));
#3432=CARTESIAN_POINT('Ctrl Pts',(12.0753799560508,11.7198071895848,44.0745225595885));
#3433=CARTESIAN_POINT('Ctrl Pts',(12.0147864160435,12.0367714363455,44.11972110527));
#3434=CARTESIAN_POINT('Ctrl Pts',(11.9858960626865,12.1878966072688,44.1412712895934));
#3435=CARTESIAN_POINT('',(11.9003637562385,12.1023643008208,44.6264191527314));
#3436=CARTESIAN_POINT('Ctrl Pts',(11.9003637562385,12.1023643008208,44.6264191527314));
#3437=CARTESIAN_POINT('Ctrl Pts',(11.9292541095955,11.9512391298975,44.604868968408));
#3438=CARTESIAN_POINT('Ctrl Pts',(11.9898476496028,11.6342748831368,44.5596704227265));
#3439=CARTESIAN_POINT('Ctrl Pts',(12.2070075044662,11.3903743609298,44.5549560023866));
#3440=CARTESIAN_POINT('Ctrl Pts',(12.3206278575742,11.2627630053513,44.552489367363));
#3441=CARTESIAN_POINT('',(11.9858960626865,12.1878966072688,44.1412712895934));
#3442=CARTESIAN_POINT('Ctrl Pts',(12.2631004798399,13.0226835997341,44.3373170670598));
#3443=CARTESIAN_POINT('Ctrl Pts',(12.1775681733919,12.9371512932861,44.8224649301978));
#3444=CARTESIAN_POINT('Ctrl Pts',(12.1735111027247,12.8947451044605,44.2989665721781));
#3445=CARTESIAN_POINT('Ctrl Pts',(12.0879787962767,12.8092127980125,44.7841144353161));
#3446=CARTESIAN_POINT('Ctrl Pts',(11.9989569930052,12.6454723573958,44.2242452524532));
#3447=CARTESIAN_POINT('Ctrl Pts',(11.9134246865571,12.5599400509478,44.7093931155912));
#3448=CARTESIAN_POINT('Ctrl Pts',(11.9901721238856,12.337703846341,44.1684364098767));
#3449=CARTESIAN_POINT('Ctrl Pts',(11.9046398174375,12.252171539893,44.6535842730147));
#3450=CARTESIAN_POINT('Ctrl Pts',(11.9858960626865,12.1878966072688,44.1412712895934));
#3451=CARTESIAN_POINT('Ctrl Pts',(11.9003637562385,12.1023643008208,44.6264191527314));
#3452=CARTESIAN_POINT('Ctrl Pts',(11.9858960626865,12.1878966072688,44.1412712895934));
#3453=CARTESIAN_POINT('Ctrl Pts',(11.9901721238856,12.337703846341,44.1684364098767));
#3454=CARTESIAN_POINT('Ctrl Pts',(11.9989569930052,12.6454723573958,44.2242452524532));
#3455=CARTESIAN_POINT('Ctrl Pts',(12.1735111027247,12.8947451044605,44.2989665721781));
#3456=CARTESIAN_POINT('Ctrl Pts',(12.2631004798399,13.0226835997341,44.3373170670598));
#3457=CARTESIAN_POINT('Ctrl Pts',(12.1775681733919,12.9371512932861,44.8224649301978));
#3458=CARTESIAN_POINT('Ctrl Pts',(12.0879787962767,12.8092127980125,44.7841144353161));
#3459=CARTESIAN_POINT('Ctrl Pts',(11.9134246865571,12.5599400509478,44.7093931155912));
#3460=CARTESIAN_POINT('Ctrl Pts',(11.9046398174375,12.252171539893,44.6535842730147));
#3461=CARTESIAN_POINT('Ctrl Pts',(11.9003637562385,12.1023643008208,44.6264191527314));
#3462=CARTESIAN_POINT('Origin',(13.3855984660157,13.0358048834606,45.0528352869201));
#3463=CARTESIAN_POINT('Ctrl Pts',(16.1794789917655,11.7664738028582,44.806308859103));
#3464=CARTESIAN_POINT('Ctrl Pts',(16.0939466853175,11.6809414964102,45.291456722241));
#3465=CARTESIAN_POINT('Ctrl Pts',(16.184111058845,11.826816417237,44.8177639943064));
#3466=CARTESIAN_POINT('Ctrl Pts',(16.098578752397,11.741284110789,45.3029118574444));
#3467=CARTESIAN_POINT('Ctrl Pts',(16.1933750487241,11.9474997664359,44.8406739079072));
#3468=CARTESIAN_POINT('Ctrl Pts',(16.107842742276,11.8619674599879,45.3258217710452));
#3469=CARTESIAN_POINT('Ctrl Pts',(16.2695819184787,12.0396242115484,44.8703509748428));
#3470=CARTESIAN_POINT('Ctrl Pts',(16.1840496120306,11.9540919051004,45.3554988379808));
#3471=CARTESIAN_POINT('Ctrl Pts',(16.3076847599216,12.0856857167179,44.8851892772108));
#3472=CARTESIAN_POINT('Ctrl Pts',(16.2221524534736,12.0001534102699,45.3703371403488));
#3473=CARTESIAN_POINT('',(16.3076847599216,12.0856857167179,44.8851892772108));
#3474=CARTESIAN_POINT('',(16.1794789917655,11.7664738028582,44.806308859103));
#3475=CARTESIAN_POINT('Ctrl Pts',(16.3076847599216,12.0856857167179,44.8851892772108));
#3476=CARTESIAN_POINT('Ctrl Pts',(16.2695819184787,12.0396242115484,44.8703509748428));
#3477=CARTESIAN_POINT('Ctrl Pts',(16.1933750487241,11.9474997664359,44.8406739079072));
#3478=CARTESIAN_POINT('Ctrl Pts',(16.184111058845,11.826816417237,44.8177639943064));
#3479=CARTESIAN_POINT('Ctrl Pts',(16.1794789917655,11.7664738028582,44.806308859103));
#3480=CARTESIAN_POINT('',(16.2221524534736,12.0001534102699,45.3703371403488));
#3481=CARTESIAN_POINT('',(16.3076847599216,12.0856857167179,44.8851892772108));
#3482=CARTESIAN_POINT('',(16.0939466853175,11.6809414964102,45.291456722241));
#3483=CARTESIAN_POINT('Ctrl Pts',(16.0939466853175,11.6809414964102,45.291456722241));
#3484=CARTESIAN_POINT('Ctrl Pts',(16.098578752397,11.741284110789,45.3029118574444));
#3485=CARTESIAN_POINT('Ctrl Pts',(16.107842742276,11.8619674599879,45.3258217710452));
#3486=CARTESIAN_POINT('Ctrl Pts',(16.1840496120306,11.9540919051004,45.3554988379808));
#3487=CARTESIAN_POINT('Ctrl Pts',(16.2221524534736,12.0001534102699,45.3703371403488));
#3488=CARTESIAN_POINT('',(16.1794789917655,11.7664738028582,44.806308859103));
#3489=CARTESIAN_POINT('Ctrl Pts',(16.3173705640888,11.4432501926154,44.7736345388258));
#3490=CARTESIAN_POINT('Ctrl Pts',(16.2318382576408,11.3577178861674,45.2587824019638));
#3491=CARTESIAN_POINT('Ctrl Pts',(16.2778612637923,11.4904819302756,44.7749960162831));
#3492=CARTESIAN_POINT('Ctrl Pts',(16.1923289573443,11.4049496238276,45.2601438794211));
#3493=CARTESIAN_POINT('Ctrl Pts',(16.1988415824066,11.5849466976392,44.7777190084415));
#3494=CARTESIAN_POINT('Ctrl Pts',(16.1133092759586,11.4994143911912,45.2628668715795));
#3495=CARTESIAN_POINT('Ctrl Pts',(16.1859332474972,11.7059642160456,44.7967788219856));
#3496=CARTESIAN_POINT('Ctrl Pts',(16.1004009410492,11.6204319095976,45.2819266851236));
#3497=CARTESIAN_POINT('Ctrl Pts',(16.1794789917655,11.7664738028582,44.806308859103));
#3498=CARTESIAN_POINT('Ctrl Pts',(16.0939466853175,11.6809414964102,45.291456722241));
#3499=CARTESIAN_POINT('',(16.3173705640888,11.4432501926154,44.7736345388258));
#3500=CARTESIAN_POINT('Ctrl Pts',(16.1794789917655,11.7664738028582,44.806308859103));
#3501=CARTESIAN_POINT('Ctrl Pts',(16.1859332474972,11.7059642160456,44.7967788219856));
#3502=CARTESIAN_POINT('Ctrl Pts',(16.1988415824066,11.5849466976392,44.7777190084415));
#3503=CARTESIAN_POINT('Ctrl Pts',(16.2778612637923,11.4904819302756,44.7749960162831));
#3504=CARTESIAN_POINT('Ctrl Pts',(16.3173705640888,11.4432501926154,44.7736345388258));
#3505=CARTESIAN_POINT('',(16.2318382576408,11.3577178861674,45.2587824019638));
#3506=CARTESIAN_POINT('Ctrl Pts',(16.2318382576408,11.3577178861674,45.2587824019638));
#3507=CARTESIAN_POINT('Ctrl Pts',(16.1923289573443,11.4049496238276,45.2601438794211));
#3508=CARTESIAN_POINT('Ctrl Pts',(16.1133092759586,11.4994143911912,45.2628668715795));
#3509=CARTESIAN_POINT('Ctrl Pts',(16.1004009410492,11.6204319095976,45.2819266851236));
#3510=CARTESIAN_POINT('Ctrl Pts',(16.0939466853175,11.6809414964102,45.291456722241));
#3511=CARTESIAN_POINT('',(16.3173705640888,11.4432501926154,44.7736345388258));
#3512=CARTESIAN_POINT('Ctrl Pts',(16.6386638486698,11.3072889459538,44.806308859103));
#3513=CARTESIAN_POINT('Ctrl Pts',(16.5531315422218,11.2217566395058,45.291456722241));
#3514=CARTESIAN_POINT('Ctrl Pts',(16.5783251452457,11.313572778406,44.7967789031035));
#3515=CARTESIAN_POINT('Ctrl Pts',(16.4927928387977,11.2280404719579,45.2819267662415));
#3516=CARTESIAN_POINT('Ctrl Pts',(16.4581355945469,11.3260896366781,44.7777960435992));
#3517=CARTESIAN_POINT('Ctrl Pts',(16.3726032880989,11.2405573302301,45.2629439067372));
#3518=CARTESIAN_POINT('Ctrl Pts',(16.3641650970625,11.4043024974372,44.7750179482686));
#3519=CARTESIAN_POINT('Ctrl Pts',(16.2786327906145,11.3187701909892,45.2601658114066));
#3520=CARTESIAN_POINT('Ctrl Pts',(16.3173705640888,11.4432501926154,44.7736345388258));
#3521=CARTESIAN_POINT('Ctrl Pts',(16.2318382576408,11.3577178861674,45.2587824019638));
#3522=CARTESIAN_POINT('',(16.6386638486698,11.3072889459538,44.806308859103));
#3523=CARTESIAN_POINT('Ctrl Pts',(16.3173705640888,11.4432501926154,44.7736345388258));
#3524=CARTESIAN_POINT('Ctrl Pts',(16.3641650970625,11.4043024974372,44.7750179482686));
#3525=CARTESIAN_POINT('Ctrl Pts',(16.4581355945469,11.3260896366781,44.7777960435992));
#3526=CARTESIAN_POINT('Ctrl Pts',(16.5783251452457,11.313572778406,44.7967789031035));
#3527=CARTESIAN_POINT('Ctrl Pts',(16.6386638486698,11.3072889459538,44.806308859103));
#3528=CARTESIAN_POINT('',(16.5531315422218,11.2217566395058,45.291456722241));
#3529=CARTESIAN_POINT('Ctrl Pts',(16.5531315422218,11.2217566395058,45.291456722241));
#3530=CARTESIAN_POINT('Ctrl Pts',(16.4927928387977,11.2280404719579,45.2819267662415));
#3531=CARTESIAN_POINT('Ctrl Pts',(16.3726032880989,11.2405573302301,45.2629439067372));
#3532=CARTESIAN_POINT('Ctrl Pts',(16.2786327906145,11.3187701909892,45.2601658114066));
#3533=CARTESIAN_POINT('Ctrl Pts',(16.2318382576408,11.3577178861674,45.2587824019638));
#3534=CARTESIAN_POINT('',(16.6386638486698,11.3072889459538,44.806308859103));
#3535=CARTESIAN_POINT('Ctrl Pts',(16.9578757625295,11.43549471411,44.8851892772108));
#3536=CARTESIAN_POINT('Ctrl Pts',(16.8723434560815,11.349962407662,45.3703371403488));
#3537=CARTESIAN_POINT('Ctrl Pts',(16.911813968952,11.3973923959025,44.8703510162432));
#3538=CARTESIAN_POINT('Ctrl Pts',(16.826281662504,11.3118600894545,45.3554988793812));
#3539=CARTESIAN_POINT('Ctrl Pts',(16.8196890375549,11.3211866475303,44.8406740612763));
#3540=CARTESIAN_POINT('Ctrl Pts',(16.7341567311069,11.2356543410823,45.3258219244143));
#3541=CARTESIAN_POINT('Ctrl Pts',(16.6990061652801,11.3119215582099,44.8177640379248));
#3542=CARTESIAN_POINT('Ctrl Pts',(16.6134738588321,11.2263892517619,45.3029119010628));
#3543=CARTESIAN_POINT('Ctrl Pts',(16.6386638486698,11.3072889459538,44.806308859103));
#3544=CARTESIAN_POINT('Ctrl Pts',(16.5531315422218,11.2217566395058,45.291456722241));
#3545=CARTESIAN_POINT('',(16.9578757625295,11.43549471411,44.8851892772108));
#3546=CARTESIAN_POINT('Ctrl Pts',(16.6386638486698,11.3072889459538,44.806308859103));
#3547=CARTESIAN_POINT('Ctrl Pts',(16.6990061652801,11.3119215582099,44.8177640379248));
#3548=CARTESIAN_POINT('Ctrl Pts',(16.8196890375549,11.3211866475303,44.8406740612763));
#3549=CARTESIAN_POINT('Ctrl Pts',(16.911813968952,11.3973923959025,44.8703510162432));
#3550=CARTESIAN_POINT('Ctrl Pts',(16.9578757625295,11.43549471411,44.8851892772108));
#3551=CARTESIAN_POINT('',(16.8723434560815,11.349962407662,45.3703371403488));
#3552=CARTESIAN_POINT('Ctrl Pts',(16.8723434560815,11.349962407662,45.3703371403488));
#3553=CARTESIAN_POINT('Ctrl Pts',(16.826281662504,11.3118600894545,45.3554988793812));
#3554=CARTESIAN_POINT('Ctrl Pts',(16.7341567311069,11.2356543410823,45.3258219244143));
#3555=CARTESIAN_POINT('Ctrl Pts',(16.6134738588321,11.2263892517619,45.3029119010628));
#3556=CARTESIAN_POINT('Ctrl Pts',(16.5531315422218,11.2217566395058,45.291456722241));
#3557=CARTESIAN_POINT('',(16.9578757625295,11.43549471411,44.8851892772108));
#3558=CARTESIAN_POINT('Ctrl Pts',(17.0860815306857,11.7547066279697,44.9640696953187));
#3559=CARTESIAN_POINT('Ctrl Pts',(17.0005492242377,11.6691743215217,45.4492175584567));
#3560=CARTESIAN_POINT('Ctrl Pts',(17.0814494636061,11.6943640135909,44.9526145601153));
#3561=CARTESIAN_POINT('Ctrl Pts',(16.9959171571581,11.6088317071429,45.4377624232533));
#3562=CARTESIAN_POINT('Ctrl Pts',(17.0721854737271,11.573680664392,44.9297046465145));
#3563=CARTESIAN_POINT('Ctrl Pts',(16.9866531672791,11.488148357944,45.4148525096525));
#3564=CARTESIAN_POINT('Ctrl Pts',(16.9959786039725,11.4815562192795,44.9000275795789));
#3565=CARTESIAN_POINT('Ctrl Pts',(16.9104462975245,11.3960239128314,45.3851754427169));
#3566=CARTESIAN_POINT('Ctrl Pts',(16.9578757625295,11.43549471411,44.8851892772108));
#3567=CARTESIAN_POINT('Ctrl Pts',(16.8723434560815,11.349962407662,45.3703371403488));
#3568=CARTESIAN_POINT('',(17.0860815306857,11.7547066279697,44.9640696953187));
#3569=CARTESIAN_POINT('Ctrl Pts',(16.9578757625295,11.43549471411,44.8851892772108));
#3570=CARTESIAN_POINT('Ctrl Pts',(16.9959786039725,11.4815562192795,44.9000275795789));
#3571=CARTESIAN_POINT('Ctrl Pts',(17.0721854737271,11.573680664392,44.9297046465145));
#3572=CARTESIAN_POINT('Ctrl Pts',(17.0814494636061,11.6943640135909,44.9526145601153));
#3573=CARTESIAN_POINT('Ctrl Pts',(17.0860815306857,11.7547066279697,44.9640696953187));
#3574=CARTESIAN_POINT('',(17.0005492242377,11.6691743215217,45.4492175584567));
#3575=CARTESIAN_POINT('Ctrl Pts',(17.0005492242377,11.6691743215217,45.4492175584567));
#3576=CARTESIAN_POINT('Ctrl Pts',(16.9959171571581,11.6088317071429,45.4377624232533));
#3577=CARTESIAN_POINT('Ctrl Pts',(16.9866531672791,11.488148357944,45.4148525096525));
#3578=CARTESIAN_POINT('Ctrl Pts',(16.9104462975245,11.3960239128314,45.3851754427169));
#3579=CARTESIAN_POINT('Ctrl Pts',(16.8723434560815,11.349962407662,45.3703371403488));
#3580=CARTESIAN_POINT('',(17.0860815306857,11.7547066279697,44.9640696953187));
#3581=CARTESIAN_POINT('Ctrl Pts',(16.9501200795496,12.0759997080762,44.9967439434975));
#3582=CARTESIAN_POINT('Ctrl Pts',(16.8645877731016,11.9904674016282,45.4818918066355));
#3583=CARTESIAN_POINT('Ctrl Pts',(16.9890681757762,12.029204938494,44.9953605630458));
#3584=CARTESIAN_POINT('Ctrl Pts',(16.9035358693282,11.943672632046,45.4805084261838));
#3585=CARTESIAN_POINT('Ctrl Pts',(17.0672813320641,11.9352345784152,44.9925825440421));
#3586=CARTESIAN_POINT('Ctrl Pts',(16.9817490256161,11.8497022719672,45.4777304071801));
#3587=CARTESIAN_POINT('Ctrl Pts',(17.0797978897608,11.8150449701516,44.9735996213972));
#3588=CARTESIAN_POINT('Ctrl Pts',(16.9942655833128,11.7295126637036,45.4587474845352));
#3589=CARTESIAN_POINT('Ctrl Pts',(17.0860815306857,11.7547066279697,44.9640696953187));
#3590=CARTESIAN_POINT('Ctrl Pts',(17.0005492242377,11.6691743215217,45.4492175584567));
#3591=CARTESIAN_POINT('',(16.9501200795496,12.0759997080762,44.9967439434975));
#3592=CARTESIAN_POINT('Ctrl Pts',(17.0860815306857,11.7547066279697,44.9640696953187));
#3593=CARTESIAN_POINT('Ctrl Pts',(17.0797978897608,11.8150449701516,44.9735996213972));
#3594=CARTESIAN_POINT('Ctrl Pts',(17.0672813320641,11.9352345784152,44.9925825440421));
#3595=CARTESIAN_POINT('Ctrl Pts',(16.9890681757762,12.029204938494,44.9953605630458));
#3596=CARTESIAN_POINT('Ctrl Pts',(16.9501200795496,12.0759997080762,44.9967439434975));
#3597=CARTESIAN_POINT('',(16.8645877731016,11.9904674016282,45.4818918066355));
#3598=CARTESIAN_POINT('Ctrl Pts',(16.8645877731016,11.9904674016282,45.4818918066355));
#3599=CARTESIAN_POINT('Ctrl Pts',(16.9035358693282,11.943672632046,45.4805084261838));
#3600=CARTESIAN_POINT('Ctrl Pts',(16.9817490256161,11.8497022719672,45.4777304071801));
#3601=CARTESIAN_POINT('Ctrl Pts',(16.9942655833128,11.7295126637036,45.4587474845352));
#3602=CARTESIAN_POINT('Ctrl Pts',(17.0005492242377,11.6691743215217,45.4492175584567));
#3603=CARTESIAN_POINT('',(16.9501200795496,12.0759997080762,44.9967439434975));
#3604=CARTESIAN_POINT('Ctrl Pts',(16.6268966737813,12.2138914848741,44.9640696953187));
#3605=CARTESIAN_POINT('Ctrl Pts',(16.5413643673333,12.128359178426,45.4492175584567));
#3606=CARTESIAN_POINT('Ctrl Pts',(16.687406097571,12.2074370172935,44.9735996663456));
#3607=CARTESIAN_POINT('Ctrl Pts',(16.601873791123,12.1219047108455,45.4587475294836));
#3608=CARTESIAN_POINT('Ctrl Pts',(16.8084234211804,12.1945282446925,44.992659368381));
#3609=CARTESIAN_POINT('Ctrl Pts',(16.7228911147323,12.1089959382445,45.477807231519));
#3610=CARTESIAN_POINT('Ctrl Pts',(16.9028882566248,12.115508888585,44.9953824298892));
#3611=CARTESIAN_POINT('Ctrl Pts',(16.8173559501768,12.029976582137,45.4805302930272));
#3612=CARTESIAN_POINT('Ctrl Pts',(16.9501200795496,12.0759997080762,44.9967439434975));
#3613=CARTESIAN_POINT('Ctrl Pts',(16.8645877731016,11.9904674016282,45.4818918066355));
#3614=CARTESIAN_POINT('',(16.6268966737813,12.2138914848741,44.9640696953187));
#3615=CARTESIAN_POINT('Ctrl Pts',(16.9501200795496,12.0759997080762,44.9967439434975));
#3616=CARTESIAN_POINT('Ctrl Pts',(16.9028882566248,12.115508888585,44.9953824298892));
#3617=CARTESIAN_POINT('Ctrl Pts',(16.8084234211804,12.1945282446925,44.992659368381));
#3618=CARTESIAN_POINT('Ctrl Pts',(16.687406097571,12.2074370172935,44.9735996663456));
#3619=CARTESIAN_POINT('Ctrl Pts',(16.6268966737813,12.2138914848741,44.9640696953187));
#3620=CARTESIAN_POINT('',(16.5413643673333,12.128359178426,45.4492175584567));
#3621=CARTESIAN_POINT('Ctrl Pts',(16.5413643673333,12.128359178426,45.4492175584567));
#3622=CARTESIAN_POINT('Ctrl Pts',(16.601873791123,12.1219047108455,45.4587475294836));
#3623=CARTESIAN_POINT('Ctrl Pts',(16.7228911147323,12.1089959382445,45.477807231519));
#3624=CARTESIAN_POINT('Ctrl Pts',(16.8173559501768,12.029976582137,45.4805302930272));
#3625=CARTESIAN_POINT('Ctrl Pts',(16.8645877731016,11.9904674016282,45.4818918066355));
#3626=CARTESIAN_POINT('',(16.6268966737813,12.2138914848741,44.9640696953187));
#3627=CARTESIAN_POINT('Ctrl Pts',(16.3076847599216,12.0856857167179,44.8851892772108));
#3628=CARTESIAN_POINT('Ctrl Pts',(16.2221524534736,12.0001534102699,45.3703371403488));
#3629=CARTESIAN_POINT('Ctrl Pts',(16.3537462650911,12.1237885581609,44.9000275795789));
#3630=CARTESIAN_POINT('Ctrl Pts',(16.2682139586431,12.0382562517129,45.3851754427169));
#3631=CARTESIAN_POINT('Ctrl Pts',(16.4458707102036,12.1999954279155,44.9297046465145));
#3632=CARTESIAN_POINT('Ctrl Pts',(16.3603384037556,12.1144631214675,45.4148525096525));
#3633=CARTESIAN_POINT('Ctrl Pts',(16.5665540594026,12.2092594177945,44.9526145601153));
#3634=CARTESIAN_POINT('Ctrl Pts',(16.4810217529546,12.1237271113465,45.4377624232533));
#3635=CARTESIAN_POINT('Ctrl Pts',(16.6268966737813,12.2138914848741,44.9640696953187));
#3636=CARTESIAN_POINT('Ctrl Pts',(16.5413643673333,12.128359178426,45.4492175584567));
#3637=CARTESIAN_POINT('Ctrl Pts',(16.6268966737813,12.2138914848741,44.9640696953187));
#3638=CARTESIAN_POINT('Ctrl Pts',(16.5665540594026,12.2092594177945,44.9526145601153));
#3639=CARTESIAN_POINT('Ctrl Pts',(16.4458707102036,12.1999954279155,44.9297046465145));
#3640=CARTESIAN_POINT('Ctrl Pts',(16.3537462650911,12.1237885581609,44.9000275795789));
#3641=CARTESIAN_POINT('Ctrl Pts',(16.3076847599216,12.0856857167179,44.8851892772108));
#3642=CARTESIAN_POINT('Ctrl Pts',(16.2221524534736,12.0001534102699,45.3703371403488));
#3643=CARTESIAN_POINT('Ctrl Pts',(16.2682139586431,12.0382562517129,45.3851754427169));
#3644=CARTESIAN_POINT('Ctrl Pts',(16.3603384037556,12.1144631214675,45.4148525096525));
#3645=CARTESIAN_POINT('Ctrl Pts',(16.4810217529546,12.1237271113465,45.4377624232533));
#3646=CARTESIAN_POINT('Ctrl Pts',(16.5413643673333,12.128359178426,45.4492175584567));
#3647=CARTESIAN_POINT('Ctrl Pts',(16.6215477208351,12.5056626410641,45.0145663655563));
#3648=CARTESIAN_POINT('Ctrl Pts',(16.5360154143871,12.4201303346161,45.4997142286943));
#3649=CARTESIAN_POINT('Ctrl Pts',(16.522479838131,12.4983196457962,44.9958059658603));
#3650=CARTESIAN_POINT('Ctrl Pts',(16.436947531683,12.4127873393482,45.4809538289983));
#3651=CARTESIAN_POINT('Ctrl Pts',(16.3242983725425,12.4836302679242,44.9582765122646));
#3652=CARTESIAN_POINT('Ctrl Pts',(16.2387660660944,12.3980979614762,45.4434243754026));
#3653=CARTESIAN_POINT('Ctrl Pts',(16.17303473309,12.3585430401122,44.9095554338842));
#3654=CARTESIAN_POINT('Ctrl Pts',(16.087502426642,12.2730107336642,45.3947032970222));
#3655=CARTESIAN_POINT('Ctrl Pts',(16.0973854728438,12.2959850037957,44.8851892772108));
#3656=CARTESIAN_POINT('Ctrl Pts',(16.0118531663958,12.2104526973477,45.3703371403488));
#3657=CARTESIAN_POINT('',(16.0973854728438,12.2959850037957,44.8851892772108));
#3658=CARTESIAN_POINT('',(16.6215477208351,12.5056626410641,45.0145663655563));
#3659=CARTESIAN_POINT('Ctrl Pts',(16.0973854728438,12.2959850037957,44.8851892772108));
#3660=CARTESIAN_POINT('Ctrl Pts',(16.17303473309,12.3585430401122,44.9095554338842));
#3661=CARTESIAN_POINT('Ctrl Pts',(16.3242983725425,12.4836302679242,44.9582765122646));
#3662=CARTESIAN_POINT('Ctrl Pts',(16.522479838131,12.4983196457962,44.9958059658603));
#3663=CARTESIAN_POINT('Ctrl Pts',(16.6215477208351,12.5056626410641,45.0145663655563));
#3664=CARTESIAN_POINT('',(16.0118531663958,12.2104526973477,45.3703371403488));
#3665=CARTESIAN_POINT('',(16.0973854728438,12.2959850037957,44.8851892772108));
#3666=CARTESIAN_POINT('',(16.5360154143871,12.4201303346161,45.4997142286943));
#3667=CARTESIAN_POINT('Ctrl Pts',(16.5360154143871,12.4201303346161,45.4997142286943));
#3668=CARTESIAN_POINT('Ctrl Pts',(16.436947531683,12.4127873393482,45.4809538289983));
#3669=CARTESIAN_POINT('Ctrl Pts',(16.2387660660944,12.3980979614762,45.4434243754026));
#3670=CARTESIAN_POINT('Ctrl Pts',(16.087502426642,12.2730107336642,45.3947032970222));
#3671=CARTESIAN_POINT('Ctrl Pts',(16.0118531663958,12.2104526973477,45.3703371403488));
#3672=CARTESIAN_POINT('',(16.6215477208351,12.5056626410641,45.0145663655563));
#3673=CARTESIAN_POINT('Ctrl Pts',(17.1503709274735,12.2801095214497,45.0680333433392));
#3674=CARTESIAN_POINT('Ctrl Pts',(17.0648386210255,12.1945772150017,45.5531812064772));
#3675=CARTESIAN_POINT('Ctrl Pts',(17.0732361844094,12.3444963233153,45.0657858619093));
#3676=CARTESIAN_POINT('Ctrl Pts',(16.9877038779614,12.2589640168673,45.5509337250473));
#3677=CARTESIAN_POINT('Ctrl Pts',(16.9186239195,12.4735560553019,45.0612809114756));
#3678=CARTESIAN_POINT('Ctrl Pts',(16.833091613052,12.3880237488539,45.5464287746136));
#3679=CARTESIAN_POINT('Ctrl Pts',(16.7207193732961,12.49494463949,45.0301608787943));
#3680=CARTESIAN_POINT('Ctrl Pts',(16.6351870668481,12.409412333042,45.5153087419323));
#3681=CARTESIAN_POINT('Ctrl Pts',(16.6215477208351,12.5056626410641,45.0145663655563));
#3682=CARTESIAN_POINT('Ctrl Pts',(16.5360154143871,12.4201303346161,45.4997142286943));
#3683=CARTESIAN_POINT('',(17.1503709274735,12.2801095214497,45.0680333433392));
#3684=CARTESIAN_POINT('Ctrl Pts',(16.6215477208351,12.5056626410641,45.0145663655563));
#3685=CARTESIAN_POINT('Ctrl Pts',(16.7207193732961,12.49494463949,45.0301608787943));
#3686=CARTESIAN_POINT('Ctrl Pts',(16.9186239195,12.4735560553019,45.0612809114756));
#3687=CARTESIAN_POINT('Ctrl Pts',(17.0732361844094,12.3444963233153,45.0657858619093));
#3688=CARTESIAN_POINT('Ctrl Pts',(17.1503709274735,12.2801095214497,45.0680333433392));
#3689=CARTESIAN_POINT('',(17.0648386210255,12.1945772150017,45.5531812064772));
#3690=CARTESIAN_POINT('Ctrl Pts',(17.0648386210255,12.1945772150017,45.5531812064772));
#3691=CARTESIAN_POINT('Ctrl Pts',(16.9877038779614,12.2589640168673,45.5509337250473));
#3692=CARTESIAN_POINT('Ctrl Pts',(16.833091613052,12.3880237488539,45.5464287746136));
#3693=CARTESIAN_POINT('Ctrl Pts',(16.6351870668481,12.409412333042,45.5153087419323));
#3694=CARTESIAN_POINT('Ctrl Pts',(16.5360154143871,12.4201303346161,45.4997142286943));
#3695=CARTESIAN_POINT('',(17.1503709274735,12.2801095214497,45.0680333433392));
#3696=CARTESIAN_POINT('Ctrl Pts',(17.3788178497067,11.7483925121925,45.0145663655563));
#3697=CARTESIAN_POINT('Ctrl Pts',(17.2932855432587,11.6628602057445,45.4997142286943));
#3698=CARTESIAN_POINT('Ctrl Pts',(17.3680078695878,11.8476559535387,45.030160845357));
#3699=CARTESIAN_POINT('Ctrl Pts',(17.2824755631398,11.7621236470907,45.515308708495));
#3700=CARTESIAN_POINT('Ctrl Pts',(17.3463112783126,12.0468865063966,45.0614603529109));
#3701=CARTESIAN_POINT('Ctrl Pts',(17.2607789718646,11.9613541999485,45.5466082160489));
#3702=CARTESIAN_POINT('Ctrl Pts',(17.2158379856581,12.2021856806937,45.0658371936183));
#3703=CARTESIAN_POINT('Ctrl Pts',(17.1303056792101,12.1166533742456,45.5509850567563));
#3704=CARTESIAN_POINT('Ctrl Pts',(17.1503709274735,12.2801095214497,45.0680333433392));
#3705=CARTESIAN_POINT('Ctrl Pts',(17.0648386210255,12.1945772150017,45.5531812064772));
#3706=CARTESIAN_POINT('',(17.3788178497067,11.7483925121925,45.0145663655563));
#3707=CARTESIAN_POINT('Ctrl Pts',(17.1503709274735,12.2801095214497,45.0680333433392));
#3708=CARTESIAN_POINT('Ctrl Pts',(17.2158379856581,12.2021856806937,45.0658371936183));
#3709=CARTESIAN_POINT('Ctrl Pts',(17.3463112783126,12.0468865063966,45.0614603529109));
#3710=CARTESIAN_POINT('Ctrl Pts',(17.3680078695878,11.8476559535387,45.030160845357));
#3711=CARTESIAN_POINT('Ctrl Pts',(17.3788178497067,11.7483925121925,45.0145663655563));
#3712=CARTESIAN_POINT('',(17.2932855432587,11.6628602057445,45.4997142286943));
#3713=CARTESIAN_POINT('Ctrl Pts',(17.2932855432587,11.6628602057445,45.4997142286943));
#3714=CARTESIAN_POINT('Ctrl Pts',(17.2824755631398,11.7621236470907,45.515308708495));
#3715=CARTESIAN_POINT('Ctrl Pts',(17.2607789718646,11.9613541999485,45.5466082160489));
#3716=CARTESIAN_POINT('Ctrl Pts',(17.1303056792101,12.1166533742456,45.5509850567563));
#3717=CARTESIAN_POINT('Ctrl Pts',(17.0648386210255,12.1945772150017,45.5531812064772));
#3718=CARTESIAN_POINT('',(17.3788178497067,11.7483925121925,45.0145663655563));
#3719=CARTESIAN_POINT('Ctrl Pts',(17.1681750496074,11.2251954270322,44.8851892772108));
#3720=CARTESIAN_POINT('Ctrl Pts',(17.0826427431593,11.1396631205842,45.3703371403488));
#3721=CARTESIAN_POINT('Ctrl Pts',(17.2307738102463,11.3007599908432,44.9095476815338));
#3722=CARTESIAN_POINT('Ctrl Pts',(17.1452415037983,11.2152276843952,45.3946955446718));
#3723=CARTESIAN_POINT('Ctrl Pts',(17.3558340147092,11.4517233598283,44.9582110575164));
#3724=CARTESIAN_POINT('Ctrl Pts',(17.2703017082612,11.3661910533803,45.4433589206544));
#3725=CARTESIAN_POINT('Ctrl Pts',(17.3711621815123,11.6495752088893,44.9957950186773));
#3726=CARTESIAN_POINT('Ctrl Pts',(17.2856298750643,11.5640429024413,45.4809428818153));
#3727=CARTESIAN_POINT('Ctrl Pts',(17.3788178497067,11.7483925121925,45.0145663655563));
#3728=CARTESIAN_POINT('Ctrl Pts',(17.2932855432587,11.6628602057445,45.4997142286943));
#3729=CARTESIAN_POINT('',(17.1681750496074,11.2251954270322,44.8851892772108));
#3730=CARTESIAN_POINT('Ctrl Pts',(17.3788178497067,11.7483925121925,45.0145663655563));
#3731=CARTESIAN_POINT('Ctrl Pts',(17.3711621815123,11.6495752088893,44.9957950186773));
#3732=CARTESIAN_POINT('Ctrl Pts',(17.3558340147092,11.4517233598283,44.9582110575164));
#3733=CARTESIAN_POINT('Ctrl Pts',(17.2307738102463,11.3007599908432,44.9095476815338));
#3734=CARTESIAN_POINT('Ctrl Pts',(17.1681750496074,11.2251954270322,44.8851892772108));
#3735=CARTESIAN_POINT('',(17.0826427431593,11.1396631205842,45.3703371403488));
#3736=CARTESIAN_POINT('Ctrl Pts',(17.0826427431593,11.1396631205842,45.3703371403488));
#3737=CARTESIAN_POINT('Ctrl Pts',(17.1452415037983,11.2152276843952,45.3946955446718));
#3738=CARTESIAN_POINT('Ctrl Pts',(17.2703017082612,11.3661910533803,45.4433589206544));
#3739=CARTESIAN_POINT('Ctrl Pts',(17.2856298750643,11.5640429024413,45.4809428818153));
#3740=CARTESIAN_POINT('Ctrl Pts',(17.2932855432587,11.6628602057445,45.4997142286943));
#3741=CARTESIAN_POINT('',(17.1681750496074,11.2251954270322,44.8851892772108));
#3742=CARTESIAN_POINT('Ctrl Pts',(16.6430777646067,11.0145810668804,44.7554821947483));
#3743=CARTESIAN_POINT('Ctrl Pts',(16.5575454581587,10.9290487604324,45.2406300578863));
#3744=CARTESIAN_POINT('Ctrl Pts',(16.7423873083986,11.0221664346383,44.7743279303005));
#3745=CARTESIAN_POINT('Ctrl Pts',(16.6568550019506,10.9366341281903,45.2594757934385));
#3746=CARTESIAN_POINT('Ctrl Pts',(16.9408815119115,11.0373276313769,44.8119957024523));
#3747=CARTESIAN_POINT('Ctrl Pts',(16.8553492054635,10.9517953249289,45.2971435655903));
#3748=CARTESIAN_POINT('Ctrl Pts',(17.0924423222372,11.1625991002988,44.8608016544978));
#3749=CARTESIAN_POINT('Ctrl Pts',(17.0069100157892,11.0770667938508,45.3459495176358));
#3750=CARTESIAN_POINT('Ctrl Pts',(17.1681750496074,11.2251954270322,44.8851892772108));
#3751=CARTESIAN_POINT('Ctrl Pts',(17.0826427431593,11.1396631205842,45.3703371403488));
#3752=CARTESIAN_POINT('',(16.6430777646067,11.0145810668804,44.7554821947483));
#3753=CARTESIAN_POINT('Ctrl Pts',(17.1681750496074,11.2251954270322,44.8851892772108));
#3754=CARTESIAN_POINT('Ctrl Pts',(17.0924423222372,11.1625991002988,44.8608016544978));
#3755=CARTESIAN_POINT('Ctrl Pts',(16.9408815119115,11.0373276313769,44.8119957024523));
#3756=CARTESIAN_POINT('Ctrl Pts',(16.7423873083986,11.0221664346383,44.7743279303005));
#3757=CARTESIAN_POINT('Ctrl Pts',(16.6430777646067,11.0145810668804,44.7554821947483));
#3758=CARTESIAN_POINT('',(16.5575454581587,10.9290487604324,45.2406300578863));
#3759=CARTESIAN_POINT('Ctrl Pts',(16.5575454581587,10.9290487604324,45.2406300578863));
#3760=CARTESIAN_POINT('Ctrl Pts',(16.6568550019506,10.9366341281903,45.2594757934385));
#3761=CARTESIAN_POINT('Ctrl Pts',(16.8553492054635,10.9517953249289,45.2971435655903));
#3762=CARTESIAN_POINT('Ctrl Pts',(17.0069100157892,11.0770667938508,45.3459495176358));
#3763=CARTESIAN_POINT('Ctrl Pts',(17.0826427431593,11.1396631205842,45.3703371403488));
#3764=CARTESIAN_POINT('',(16.6430777646067,11.0145810668804,44.7554821947483));
#3765=CARTESIAN_POINT('Ctrl Pts',(16.111388786348,11.2411273803242,44.7016850786516));
#3766=CARTESIAN_POINT('Ctrl Pts',(16.0258564799,11.1555950738762,45.1868329417896));
#3767=CARTESIAN_POINT('Ctrl Pts',(16.1890437876906,11.1762185555441,44.7039322489735));
#3768=CARTESIAN_POINT('Ctrl Pts',(16.1035114812426,11.0906862490961,45.1890801121115));
#3769=CARTESIAN_POINT('Ctrl Pts',(16.3444518273499,11.0463189606531,44.7084294265986));
#3770=CARTESIAN_POINT('Ctrl Pts',(16.2589195209018,10.9607866542051,45.1935772897366));
#3771=CARTESIAN_POINT('Ctrl Pts',(16.5434939312181,11.0251648130701,44.7397913439571));
#3772=CARTESIAN_POINT('Ctrl Pts',(16.45796162477,10.939632506622,45.2249392070951));
#3773=CARTESIAN_POINT('Ctrl Pts',(16.6430777646067,11.0145810668804,44.7554821947483));
#3774=CARTESIAN_POINT('Ctrl Pts',(16.5575454581587,10.9290487604324,45.2406300578863));
#3775=CARTESIAN_POINT('',(16.111388786348,11.2411273803242,44.7016850786516));
#3776=CARTESIAN_POINT('Ctrl Pts',(16.6430777646067,11.0145810668804,44.7554821947483));
#3777=CARTESIAN_POINT('Ctrl Pts',(16.5434939312181,11.0251648130701,44.7397913439571));
#3778=CARTESIAN_POINT('Ctrl Pts',(16.3444518273499,11.0463189606531,44.7084294265986));
#3779=CARTESIAN_POINT('Ctrl Pts',(16.1890437876906,11.1762185555441,44.7039322489735));
#3780=CARTESIAN_POINT('Ctrl Pts',(16.111388786348,11.2411273803242,44.7016850786516));
#3781=CARTESIAN_POINT('',(16.0258564799,11.1555950738762,45.1868329417896));
#3782=CARTESIAN_POINT('Ctrl Pts',(16.0258564799,11.1555950738762,45.1868329417896));
#3783=CARTESIAN_POINT('Ctrl Pts',(16.1035114812426,11.0906862490961,45.1890801121115));
#3784=CARTESIAN_POINT('Ctrl Pts',(16.2589195209018,10.9607866542051,45.1935772897366));
#3785=CARTESIAN_POINT('Ctrl Pts',(16.4579616247701,10.939632506622,45.2249392070951));
#3786=CARTESIAN_POINT('Ctrl Pts',(16.5575454581587,10.9290487604324,45.2406300578863));
#3787=CARTESIAN_POINT('',(16.111388786348,11.2411273803242,44.7016850786516));
#3788=CARTESIAN_POINT('Ctrl Pts',(15.8858358712081,11.7699507914372,44.7551521285329));
#3789=CARTESIAN_POINT('Ctrl Pts',(15.8003035647601,11.6844184849892,45.2402999916709));
#3790=CARTESIAN_POINT('Ctrl Pts',(15.8965538934478,11.6707791526063,44.7395576213413));
#3791=CARTESIAN_POINT('Ctrl Pts',(15.8110215869998,11.5852468461583,45.2247054844793));
#3792=CARTESIAN_POINT('Ctrl Pts',(15.9179425209069,11.4728746148083,44.7084375977707));
#3793=CARTESIAN_POINT('Ctrl Pts',(15.8324102144589,11.3873423083603,45.1935854609087));
#3794=CARTESIAN_POINT('Ctrl Pts',(16.047002069723,11.3182622036889,44.7039325892667));
#3795=CARTESIAN_POINT('Ctrl Pts',(15.961469763275,11.2327298972409,45.1890804524047));
#3796=CARTESIAN_POINT('Ctrl Pts',(16.111388786348,11.2411273803242,44.7016850786516));
#3797=CARTESIAN_POINT('Ctrl Pts',(16.0258564799,11.1555950738762,45.1868329417896));
#3798=CARTESIAN_POINT('',(15.8858358712081,11.7699507914372,44.7551521285329));
#3799=CARTESIAN_POINT('Ctrl Pts',(16.111388786348,11.2411273803242,44.7016850786516));
#3800=CARTESIAN_POINT('Ctrl Pts',(16.047002069723,11.3182622036889,44.7039325892667));
#3801=CARTESIAN_POINT('Ctrl Pts',(15.9179425209069,11.4728746148083,44.7084375977707));
#3802=CARTESIAN_POINT('Ctrl Pts',(15.8965538934478,11.6707791526063,44.7395576213413));
#3803=CARTESIAN_POINT('Ctrl Pts',(15.8858358712081,11.7699507914372,44.7551521285329));
#3804=CARTESIAN_POINT('',(15.8003035647601,11.6844184849892,45.2402999916709));
#3805=CARTESIAN_POINT('Ctrl Pts',(15.8003035647601,11.6844184849892,45.2402999916709));
#3806=CARTESIAN_POINT('Ctrl Pts',(15.8110215869998,11.5852468461583,45.2247054844793));
#3807=CARTESIAN_POINT('Ctrl Pts',(15.8324102144589,11.3873423083603,45.1935854609087));
#3808=CARTESIAN_POINT('Ctrl Pts',(15.961469763275,11.2327298972409,45.1890804524047));
#3809=CARTESIAN_POINT('Ctrl Pts',(16.0258564799,11.1555950738762,45.1868329417896));
#3810=CARTESIAN_POINT('',(15.8858358712081,11.7699507914372,44.7551521285329));
#3811=CARTESIAN_POINT('Ctrl Pts',(16.0973854728438,12.2959850037957,44.8851892772108));
#3812=CARTESIAN_POINT('Ctrl Pts',(16.0118531663958,12.2104526973477,45.3703371403488));
#3813=CARTESIAN_POINT('Ctrl Pts',(16.0342793162118,12.2199157273524,44.8606524365973));
#3814=CARTESIAN_POINT('Ctrl Pts',(15.9487470097638,12.1343834209043,45.3458002997353));
#3815=CARTESIAN_POINT('Ctrl Pts',(15.9084023484867,12.0681814059046,44.8117091439166));
#3816=CARTESIAN_POINT('Ctrl Pts',(15.8228700420387,11.9826490994566,45.2968570070546));
#3817=CARTESIAN_POINT('Ctrl Pts',(15.8933446587017,11.8691842819145,44.7739709545529));
#3818=CARTESIAN_POINT('Ctrl Pts',(15.8078123522537,11.7836519754664,45.2591188176909));
#3819=CARTESIAN_POINT('Ctrl Pts',(15.8858358712081,11.7699507914372,44.7551521285329));
#3820=CARTESIAN_POINT('Ctrl Pts',(15.8003035647601,11.6844184849892,45.2402999916709));
#3821=CARTESIAN_POINT('Ctrl Pts',(15.8858358712081,11.7699507914372,44.7551521285329));
#3822=CARTESIAN_POINT('Ctrl Pts',(15.8933446587017,11.8691842819145,44.7739709545529));
#3823=CARTESIAN_POINT('Ctrl Pts',(15.9084023484867,12.0681814059046,44.8117091439166));
#3824=CARTESIAN_POINT('Ctrl Pts',(16.0342793162118,12.2199157273524,44.8606524365973));
#3825=CARTESIAN_POINT('Ctrl Pts',(16.0973854728438,12.2959850037957,44.8851892772108));
#3826=CARTESIAN_POINT('Ctrl Pts',(16.0118531663958,12.2104526973477,45.3703371403488));
#3827=CARTESIAN_POINT('Ctrl Pts',(15.9487470097638,12.1343834209043,45.3458002997353));
#3828=CARTESIAN_POINT('Ctrl Pts',(15.8228700420387,11.9826490994566,45.2968570070546));
#3829=CARTESIAN_POINT('Ctrl Pts',(15.8078123522537,11.7836519754664,45.2591188176909));
#3830=CARTESIAN_POINT('Ctrl Pts',(15.8003035647601,11.6844184849892,45.2402999916709));
#3831=CARTESIAN_POINT('Origin',(13.3855984660157,13.0358048834606,45.0528352869201));
#3832=CARTESIAN_POINT('Origin',(24.1989845567067,-3.09533719709397,43.6));
#3833=CARTESIAN_POINT('',(23.0700278194363,13.8421057580784,46.38706017362));
#3834=CARTESIAN_POINT('',(21.4965872113592,-0.392939851746492,43.6));
#3835=CARTESIAN_POINT('',(21.2028390308846,-3.05050361703475,43.079679213393));
#3836=CARTESIAN_POINT('',(22.4664791768214,15.7385571154635,46.6150008894503));
#3837=CARTESIAN_POINT('Origin',(20.2593561850227,13.5314341236648,45.8367626060456));
#3838=CARTESIAN_POINT('',(15.7385571154636,22.4664791768214,46.6150008894503));
#3839=CARTESIAN_POINT('',(28.0474189281523,10.1576173641326,46.6150008894502));
#3840=CARTESIAN_POINT('',(13.8421057580785,23.0700278194363,46.3870601736201));
#3841=CARTESIAN_POINT('Origin',(13.5314341236649,20.2593561850227,45.8367626060457));
#3842=CARTESIAN_POINT('',(-0.392939851746683,21.4965872113593,43.6000000000001));
#3843=CARTESIAN_POINT('',(16.8856840766235,23.4064433007437,46.982958223364));
#3844=CARTESIAN_POINT('',(6.83951307857734,14.2641342810353,43.6000000000001));
#3845=CARTESIAN_POINT('',(24.1989845567067,-3.09533719709397,43.6));
#3846=CARTESIAN_POINT('',(14.2641342810358,6.83951307857689,43.6000000000001));
#3847=CARTESIAN_POINT('',(24.1989845567067,-3.09533719709397,43.6));
#3848=CARTESIAN_POINT('',(24.1989845567067,-3.09533719709397,43.6));
#3849=CARTESIAN_POINT('Origin',(7.89556477392725,9.92924883031198,35.4820523755999));
#3850=CARTESIAN_POINT('',(8.5717578628988,10.9883293981939,38.3705833616137));
#3851=CARTESIAN_POINT('',(7.24096567499398,8.86108665502827,32.5918915518794));
#3852=CARTESIAN_POINT('Origin',(7.89556477392725,9.92924883031198,35.4820523755999));
#3853=CARTESIAN_POINT('Origin',(7.91715876396563,9.92016722291018,35.4804225378932));
#3854=CARTESIAN_POINT('Origin',(8.15735346129925,10.542325231958,35.1960795774554));
#3855=CARTESIAN_POINT('',(7.91715876396563,11.2295357274619,38.3453927156242));
#3856=CARTESIAN_POINT('Origin',(7.91715876396563,9.92016722291018,35.4804225378932));
#3857=CARTESIAN_POINT('',(8.39754815863287,11.8711265609226,36.4579109986503));
#3858=CARTESIAN_POINT('',(8.15735346129925,11.5503311441923,37.4016518571372));
#3859=CARTESIAN_POINT('Origin',(8.39754815863287,11.1644832410058,34.9117366170177));
#3860=CARTESIAN_POINT('Origin',(7.91715876396563,9.92016722291018,35.4804225378932));
#3861=CARTESIAN_POINT('Origin',(11.5161275918055,19.2423017471538,31.2199560813431));
#3862=CARTESIAN_POINT('',(11.2139562068936,19.1662535700729,33.1238415494349));
#3863=CARTESIAN_POINT('',(11.5161275918055,19.9489450670706,32.7661304629757));
#3864=CARTESIAN_POINT('',(11.9254359949563,18.6533580563141,33.1229520998478));
#3865=CARTESIAN_POINT('Ctrl Pts',(11.9254359949563,18.6533580563141,33.1229520998478));
#3866=CARTESIAN_POINT('Ctrl Pts',(11.8527488699602,18.7375542560347,33.1404044076545));
#3867=CARTESIAN_POINT('Ctrl Pts',(11.7732597811488,18.814848068787,33.1518585301565));
#3868=CARTESIAN_POINT('Ctrl Pts',(11.5504278860201,18.9971077696981,33.1652363716474));
#3869=CARTESIAN_POINT('Ctrl Pts',(11.3865087096976,19.0957706082952,33.1560541605736));
#3870=CARTESIAN_POINT('Ctrl Pts',(11.213956206892,19.1662535700734,33.1238415494346));
#3871=CARTESIAN_POINT('',(10.926714182425,17.6546362437828,30.0940378034195));
#3872=CARTESIAN_POINT('Origin',(11.1879148721795,18.3921573665596,31.6084949516337));
#3873=CARTESIAN_POINT('Ctrl Pts',(11.213956206892,19.1662535700734,33.1238415494346));
#3874=CARTESIAN_POINT('Ctrl Pts',(11.1790620874116,19.1805068602294,33.1173274120934));
#3875=CARTESIAN_POINT('Ctrl Pts',(11.1438339772592,19.1936682624732,33.1099005736425));
#3876=CARTESIAN_POINT('Ctrl Pts',(10.8979804057366,19.2773365022643,33.0519775950916));
#3877=CARTESIAN_POINT('Ctrl Pts',(10.6809646648129,19.3075878747286,32.9680634785711));
#3878=CARTESIAN_POINT('Ctrl Pts',(10.3056019726839,19.3088154091824,32.7568875292138));
#3879=CARTESIAN_POINT('Ctrl Pts',(10.1220833537295,19.2807387503423,32.6163974569544));
#3880=CARTESIAN_POINT('Ctrl Pts',(9.82670112385769,19.1889237215054,32.2826628723997));
#3881=CARTESIAN_POINT('Ctrl Pts',(9.71532593200137,19.1263719365855,32.0886612862452));
#3882=CARTESIAN_POINT('Ctrl Pts',(9.65121794785901,19.0622639524432,31.8942351835532));
#3883=CARTESIAN_POINT('Ctrl Pts',(9.58642133886206,18.9974673434462,31.6977206257571));
#3884=CARTESIAN_POINT('Ctrl Pts',(9.56189946026783,18.9230902134761,31.4764854876828));
#3885=CARTESIAN_POINT('Ctrl Pts',(9.6096153955019,18.7631472099854,31.0482893155516));
#3886=CARTESIAN_POINT('Ctrl Pts',(9.68123340111529,18.676236481282,30.84176294414));
#3887=CARTESIAN_POINT('Ctrl Pts',(9.87807989698029,18.492901174191,30.5054216937818));
#3888=CARTESIAN_POINT('Ctrl Pts',(10.0157075580452,18.3844858835015,30.3530711450079));
#3889=CARTESIAN_POINT('Ctrl Pts',(10.3309371638828,18.1398278031317,30.1428296689651));
#3890=CARTESIAN_POINT('Ctrl Pts',(10.5080590220468,18.0025969580793,30.085370371459));
#3891=CARTESIAN_POINT('Ctrl Pts',(10.7573777127575,17.7986730540338,30.0704023799013));
#3892=CARTESIAN_POINT('Ctrl Pts',(10.8426252742735,17.727230743272,30.0766077351615));
#3893=CARTESIAN_POINT('Ctrl Pts',(10.926714182425,17.6546362437828,30.0940378034195));
#3894=CARTESIAN_POINT('Origin',(22.6178283253565,14.132546951118,42.4815093927989));
#3895=CARTESIAN_POINT('',(16.1445176129395,22.8724396742973,45.918543895442));
#3896=CARTESIAN_POINT('',(15.0112266075584,21.7391486689162,42.4815093927988));
#3897=CARTESIAN_POINT('',(22.8724396742973,16.1445176129394,45.9185438954419));
#3898=CARTESIAN_POINT('',(28.4533794256282,10.5635778616085,45.9185438954419));
#3899=CARTESIAN_POINT('',(17.257198034203,10.5292759728451,28.8886908691297));
#3900=CARTESIAN_POINT('',(21.7391486689162,15.0112266075583,42.4815093927989));
#3901=CARTESIAN_POINT('',(10.5292759728452,17.257198034203,28.8886908691297));
#3902=CARTESIAN_POINT('',(16.0145573470837,11.7719166599644,28.8886908691297));
#3903=CARTESIAN_POINT('',(15.0112266075584,21.7391486689162,42.4815093927988));
#3904=CARTESIAN_POINT('Origin',(7.89556477392725,9.92924883031198,35.4820523755999));
#3905=CARTESIAN_POINT('',(8.40615038965722,3.80995631194394,36.0384783130185));
#3906=CARTESIAN_POINT('',(9.10649804698822,4.51030396927494,38.1624862250749));
#3907=CARTESIAN_POINT('Origin',(5.72580126724103,4.30907586891857,38.0506227303566));
#3908=CARTESIAN_POINT('',(7.56340012315154,2.96720604543825,35.8487946651589));
#3909=CARTESIAN_POINT('Origin',(3.72641678787647,-0.869777289836904,40.4174980536953));
#3910=CARTESIAN_POINT('',(8.6675355493827,4.07134147166941,39.1974063964157));
#3911=CARTESIAN_POINT('Origin',(6.17141819008398,5.46332340473699,37.5231005307873));
#3912=CARTESIAN_POINT('Origin',(3.72641678787647,-0.869777289836904,40.4174980536953));
#3913=CARTESIAN_POINT('Origin',(7.89556477392725,9.92924883031198,35.4820523755999));
#3914=CARTESIAN_POINT('',(4.31301327001252,8.90920734772434,37.564144813029));
#3915=CARTESIAN_POINT('',(4.00724701120816,8.60344108891998,36.6368197250642));
#3916=CARTESIAN_POINT('Origin',(4.5308321744428,1.21383854727039,39.4652295191396));
#3917=CARTESIAN_POINT('Origin',(9.50697953579209,14.1031736135039,33.574456375488));
#3918=CARTESIAN_POINT('Origin',(7.89556477392725,9.92924883031198,35.4820523755999));
#3919=CARTESIAN_POINT('',(7.19376339309475,8.88103518786165,32.5956665764312));
#3920=CARTESIAN_POINT('Origin',(7.89556477392725,9.92924883031198,35.4820523755999));
#3921=CARTESIAN_POINT('',(6.68401535808839,7.56067372236648,33.1991073141328));
#3922=CARTESIAN_POINT('',(7.19376339309475,8.88103518786165,32.5956665764312));
#3923=CARTESIAN_POINT('Origin',(7.42092100381885,8.69981526539267,36.0439366146948));
#3924=CARTESIAN_POINT('Origin',(7.89556477392725,9.92924883031198,35.4820523755999));
#3925=CARTESIAN_POINT('Origin',(7.89556477392725,9.92924883031198,35.4820523755999));
#3926=CARTESIAN_POINT('Origin',(7.74595763265608,12.3421517103679,47.975546795428));
#3927=CARTESIAN_POINT('',(6.08907943259399,10.6852735103058,42.950581880635));
#3928=CARTESIAN_POINT('',(7.74595763265608,12.3421517103679,47.975546795428));
#3929=CARTESIAN_POINT('',(6.11313721176784,10.7093312894797,43.1000000000001));
#3930=CARTESIAN_POINT('Origin',(5.5866580060942,10.182852083806,43.1000000000001));
#3931=CARTESIAN_POINT('',(5.35814095686561,9.95433503457743,43.1000000000001));
#3932=CARTESIAN_POINT('',(6.63448162156098,11.2306756992728,43.1000000000001));
#3933=CARTESIAN_POINT('',(1.26949754757788,5.86569162528971,30.7));
#3934=CARTESIAN_POINT('',(7.10510125060032,11.7012953283121,48.3981650571686));
#3935=CARTESIAN_POINT('',(2.04970355628776,6.64589763399958,30.7));
#3936=CARTESIAN_POINT('',(4.7889289270945,9.3851230048063,30.7));
#3937=CARTESIAN_POINT('',(7.74595763265608,12.3421517103679,47.975546795428));
#3938=CARTESIAN_POINT('Origin',(-4.7389373342747,23.5453339131873,48.3981650571686));
#3939=CARTESIAN_POINT('',(5.86569162529023,1.26949754757694,30.7));
#3940=CARTESIAN_POINT('',(11.7012953283129,7.10510125059957,48.3981650571687));
#3941=CARTESIAN_POINT('',(-3.50347322543147,10.6386623982992,30.7));
#3942=CARTESIAN_POINT('',(5.39469057062727,10.0571350474699,43.3113091308704));
#3943=CARTESIAN_POINT('Origin',(5.00458756627234,10.3078884251707,43.1000000000001));
#3944=CARTESIAN_POINT('',(-4.70911603349581,20.1609416515931,43.3113091308705));
#3945=CARTESIAN_POINT('',(7.47842543563322,7.97340018246389,43.3113091308704));
#3946=CARTESIAN_POINT('',(-9.3253263343045,15.5447313507844,29.3113091308704));
#3947=CARTESIAN_POINT('',(-3.03183055308816,21.8382271320007,48.3981650571686));
#3948=CARTESIAN_POINT('',(15.5447313507842,-9.32532633430455,29.3113091308704));
#3949=CARTESIAN_POINT('',(-3.96136530362561,10.1807703201054,29.3113091308704));
#3950=CARTESIAN_POINT('',(20.1609416515929,-4.70911603349589,43.3113091308704));
#3951=CARTESIAN_POINT('',(21.8382271320006,-3.03183055308819,48.3981650571687));
#3952=CARTESIAN_POINT('',(10.0571350474706,5.39469057062652,43.3113091308704));
#3953=CARTESIAN_POINT('',(7.47842543563322,7.97340018246389,43.3113091308704));
#3954=CARTESIAN_POINT('',(9.95433503457814,5.35814095686485,43.1000000000001));
#3955=CARTESIAN_POINT('Origin',(10.3078884251714,5.00458756627158,43.1000000000001));
#3956=CARTESIAN_POINT('',(11.7012953283129,7.10510125059957,48.3981650571687));
#3957=CARTESIAN_POINT('Origin',(11.7012953283127,7.10510125059939,48.3981650571688));
#3958=CARTESIAN_POINT('',(6.64589763400011,2.04970355628683,30.7));
#3959=CARTESIAN_POINT('',(12.3421517103685,7.74595763265518,47.9755467954281));
#3960=CARTESIAN_POINT('',(9.70555119583483,5.1093571181216,30.7));
#3961=CARTESIAN_POINT('Ctrl Pts',(-3.99616341161319,21.8738942734757,42.950581880635));
#3962=CARTESIAN_POINT('Ctrl Pts',(-4.16487054318245,21.8734867483487,42.9757288913195));
#3963=CARTESIAN_POINT('Ctrl Pts',(-4.5020165769362,21.7854818027859,43.0389479902922));
#3964=CARTESIAN_POINT('Ctrl Pts',(-4.92584370848991,21.3861962940516,43.1613431910644));
#3965=CARTESIAN_POINT('Ctrl Pts',(-5.0734319624286,20.7480142657765,43.2781856579943));
#3966=CARTESIAN_POINT('Ctrl Pts',(-4.86779042414433,20.3196160422416,43.3113091308704));
#3967=CARTESIAN_POINT('Ctrl Pts',(-4.70911603349582,20.1609416515931,43.3113091308704));
#3968=CARTESIAN_POINT('Ctrl Pts',(-3.99747269157445,21.9005335266924,43.0357544243016));
#3969=CARTESIAN_POINT('Ctrl Pts',(-4.17040978674717,21.8946583832608,43.0599184996597));
#3970=CARTESIAN_POINT('Ctrl Pts',(-4.50934928945826,21.7921310643002,43.1196429548715));
#3971=CARTESIAN_POINT('Ctrl Pts',(-4.91893233813181,21.3783507955406,43.2304990645267));
#3972=CARTESIAN_POINT('Ctrl Pts',(-5.05034026636146,20.7472653172858,43.332134010987));
#3973=CARTESIAN_POINT('Ctrl Pts',(-4.84765303488076,20.3317661728692,43.3602697770522));
#3974=CARTESIAN_POINT('Ctrl Pts',(-4.69297227355022,20.1770854115387,43.3602697770522));
#3975=CARTESIAN_POINT('Ctrl Pts',(-3.99778699882027,21.906928576305,43.2201687903436));
#3976=CARTESIAN_POINT('Ctrl Pts',(-4.17137781650704,21.8924810657537,43.2390719200317));
#3977=CARTESIAN_POINT('Ctrl Pts',(-4.50175742209398,21.7707298648313,43.2847667278282));
#3978=CARTESIAN_POINT('Ctrl Pts',(-4.87803302568296,21.349178641116,43.3641152911189));
#3979=CARTESIAN_POINT('Ctrl Pts',(-4.98431503689516,20.7486527782188,43.4324450160036));
#3980=CARTESIAN_POINT('Ctrl Pts',(-4.79323522563223,20.364582922086,43.45065132655));
#3981=CARTESIAN_POINT('Ctrl Pts',(-4.64935499431755,20.2207026907713,43.45065132655));
#3982=CARTESIAN_POINT('Ctrl Pts',(-3.99018397419776,21.7522337026917,43.5051092462656));
#3983=CARTESIAN_POINT('Ctrl Pts',(-4.13765577900241,21.735160463186,43.5107345979344));
#3984=CARTESIAN_POINT('Ctrl Pts',(-4.41503544736074,21.6218073811687,43.5238968088475));
#3985=CARTESIAN_POINT('Ctrl Pts',(-4.7254114488745,21.25897479674,43.5452048047502));
#3986=CARTESIAN_POINT('Ctrl Pts',(-4.81301257500366,20.7596122912948,43.5621405722437));
#3987=CARTESIAN_POINT('Ctrl Pts',(-4.65853457780279,20.4458165738399,43.5664343929688));
#3988=CARTESIAN_POINT('Ctrl Pts',(-4.54138784452589,20.328669840563,43.5664343929688));
#3989=CARTESIAN_POINT('Ctrl Pts',(-3.97931225189583,21.5310323004923,43.6000000000001));
#3990=CARTESIAN_POINT('Ctrl Pts',(-4.09007811333465,21.5217698373285,43.599875384803));
#3991=CARTESIAN_POINT('Ctrl Pts',(-4.30603976779681,21.4450718141801,43.600053787055));
#3992=CARTESIAN_POINT('Ctrl Pts',(-4.5674124348163,21.1712940687261,43.5998176999367));
#3993=CARTESIAN_POINT('Ctrl Pts',(-4.65829920356832,20.7725544379519,43.5999352221303));
#3994=CARTESIAN_POINT('Ctrl Pts',(-4.53951603268361,20.5175998618127,43.6000000000001));
#3995=CARTESIAN_POINT('Ctrl Pts',(-4.44598692797988,20.424070757109,43.6000000000001));
#3996=CARTESIAN_POINT('Ctrl Pts',(-3.97274035837235,21.3973173267165,43.6000000000001));
#3997=CARTESIAN_POINT('Ctrl Pts',(-4.06123977736256,21.3929677109475,43.6000000000001));
#3998=CARTESIAN_POINT('Ctrl Pts',(-4.24023538909247,21.338542643313,43.6000000000001));
#3999=CARTESIAN_POINT('Ctrl Pts',(-4.47232759724698,21.1187212465682,43.6000000000001));
#4000=CARTESIAN_POINT('Ctrl Pts',(-4.56538491705254,20.7803670395944,43.6000000000001));
#4001=CARTESIAN_POINT('Ctrl Pts',(-4.46802503779217,20.5607070379452,43.6000000000001));
#4002=CARTESIAN_POINT('Ctrl Pts',(-4.38868784246791,20.481369842621,43.6000000000001));
#4003=CARTESIAN_POINT('',(-4.38868784246791,20.4813698426209,43.6000000000001));
#4004=CARTESIAN_POINT('',(-3.97274035837235,21.3973173267165,43.6000000000001));
#4005=CARTESIAN_POINT('Origin',(-3.99858483811297,20.8714728469759,43.6000000000001));
#4006=CARTESIAN_POINT('',(-3.99616341161318,21.8738942734757,42.9505818806351));
#4007=CARTESIAN_POINT('Origin',(-3.97274035837235,21.3973173267165,43.1000000000001));
#4008=CARTESIAN_POINT('Origin',(-3.99858483811297,20.8714728469759,43.1000000000001));
#4009=CARTESIAN_POINT('Origin',(-4.38868784246791,20.4813698426209,43.1000000000001));
#4010=CARTESIAN_POINT('Ctrl Pts',(20.1609416515928,-4.70911603349583,43.3113091308704));
#4011=CARTESIAN_POINT('Ctrl Pts',(20.2799474445792,-4.82812182648223,43.3113091308704));
#4012=CARTESIAN_POINT('Ctrl Pts',(20.5794235657654,-5.00399332237695,43.2929293706912));
#4013=CARTESIAN_POINT('Ctrl Pts',(21.1600075280762,-5.01998634365825,43.2089758287345));
#4014=CARTESIAN_POINT('Ctrl Pts',(21.7151321039521,-4.67090524359911,43.0745222560051));
#4015=CARTESIAN_POINT('Ctrl Pts',(21.8733509066396,-4.22110625370554,42.9841112282143));
#4016=CARTESIAN_POINT('Ctrl Pts',(21.8738942734755,-3.9961634116132,42.9505818806349));
#4017=CARTESIAN_POINT('Ctrl Pts',(20.1770854115384,-4.69297227355024,43.3602697770521));
#4018=CARTESIAN_POINT('Ctrl Pts',(20.2930959825363,-4.80898284454815,43.3602697770521));
#4019=CARTESIAN_POINT('Ctrl Pts',(20.5840013815443,-4.98158619695048,43.3446032511132));
#4020=CARTESIAN_POINT('Ctrl Pts',(21.1527544553259,-5.00552814898337,43.2722165705724));
#4021=CARTESIAN_POINT('Ctrl Pts',(21.7138083579588,-4.67645929258454,43.152864406272));
#4022=CARTESIAN_POINT('Ctrl Pts',(21.8927000021168,-4.22805548513808,43.0679731914456));
#4023=CARTESIAN_POINT('Ctrl Pts',(21.9005335266922,-3.99747269157446,43.0357544243015));
#4024=CARTESIAN_POINT('Ctrl Pts',(20.2207026907711,-4.64935499431758,43.45065132655));
#4025=CARTESIAN_POINT('Ctrl Pts',(20.3286128642571,-4.75726516780359,43.45065132655));
#4026=CARTESIAN_POINT('Ctrl Pts',(20.5980637463512,-4.91918886322717,43.4404475478593));
#4027=CARTESIAN_POINT('Ctrl Pts',(21.1318612114895,-4.95179126941825,43.392462133692));
#4028=CARTESIAN_POINT('Ctrl Pts',(21.6829902815529,-4.66067109717849,43.3096704646243));
#4029=CARTESIAN_POINT('Ctrl Pts',(21.8876652289031,-4.22924142240265,43.2453729632609));
#4030=CARTESIAN_POINT('Ctrl Pts',(21.9069285763049,-3.99778699882029,43.2201687903436));
#4031=CARTESIAN_POINT('Ctrl Pts',(20.3286698405627,-4.54138784452592,43.5664343929688));
#4032=CARTESIAN_POINT('Ctrl Pts',(20.4165298905204,-4.6292478944836,43.5664343929688));
#4033=CARTESIAN_POINT('Ctrl Pts',(20.6365748304168,-4.76051206229618,43.5640161375817));
#4034=CARTESIAN_POINT('Ctrl Pts',(21.0771918799251,-4.78567545165862,43.5523185907229));
#4035=CARTESIAN_POINT('Ctrl Pts',(21.5427335118675,-4.54712549593072,43.5309396894406));
#4036=CARTESIAN_POINT('Ctrl Pts',(21.7294693833506,-4.18681304727068,43.5126097151572));
#4037=CARTESIAN_POINT('Ctrl Pts',(21.7522337026915,-3.99018397419781,43.5051092462655));
#4038=CARTESIAN_POINT('Ctrl Pts',(20.4240707571088,-4.44598692797993,43.6));
#4039=CARTESIAN_POINT('Ctrl Pts',(20.4942175856366,-4.51613375650774,43.6));
#4040=CARTESIAN_POINT('Ctrl Pts',(20.6722026398532,-4.61842632653799,43.5999191506648));
#4041=CARTESIAN_POINT('Ctrl Pts',(21.0275280737558,-4.62428926366737,43.5998820237074));
#4042=CARTESIAN_POINT('Ctrl Pts',(21.3896224318555,-4.41201726914065,43.5999828000289));
#4043=CARTESIAN_POINT('Ctrl Pts',(21.518682349607,-4.12700006714768,43.5998338464039));
#4044=CARTESIAN_POINT('Ctrl Pts',(21.5310323004921,-3.97931225189592,43.6));
#4045=CARTESIAN_POINT('Ctrl Pts',(20.4813698426207,-4.38868784246798,43.6));
#4046=CARTESIAN_POINT('Ctrl Pts',(20.5408727391139,-4.44819073896117,43.6));
#4047=CARTESIAN_POINT('Ctrl Pts',(20.6936409725022,-4.53309631411334,43.6));
#4048=CARTESIAN_POINT('Ctrl Pts',(20.9977739252708,-4.52725185314078,43.6));
#4049=CARTESIAN_POINT('Ctrl Pts',(21.2975028549021,-4.33054466141786,43.6));
#4050=CARTESIAN_POINT('Ctrl Pts',(21.3915178390242,-4.09073958369273,43.6));
#4051=CARTESIAN_POINT('Ctrl Pts',(21.3973173267163,-3.97274035837246,43.6));
#4052=CARTESIAN_POINT('',(20.4813698426208,-4.388687842468,43.6));
#4053=CARTESIAN_POINT('Origin',(20.4813698426208,-4.388687842468,43.1));
#4054=CARTESIAN_POINT('',(21.8738942734755,-3.99616341161328,42.950581880635));
#4055=CARTESIAN_POINT('Origin',(20.8714728469757,-3.99858483811306,43.1));
#4056=CARTESIAN_POINT('',(21.3973173267163,-3.97274035837244,43.6));
#4057=CARTESIAN_POINT('Origin',(21.3973173267163,-3.97274035837244,43.1));
#4058=CARTESIAN_POINT('Origin',(20.8714728469757,-3.99858483811306,43.6));
#4059=CARTESIAN_POINT('Ctrl Pts',(-9.32532633430451,15.5447313507844,29.3113091308704));
#4060=CARTESIAN_POINT('Ctrl Pts',(-9.44433212729089,15.6637371437708,29.3113091308704));
#4061=CARTESIAN_POINT('Ctrl Pts',(-9.62028687286875,15.9631736332755,29.292947642904));
#4062=CARTESIAN_POINT('Ctrl Pts',(-9.63619624440483,16.5438093974926,29.208973959558));
#4063=CARTESIAN_POINT('Ctrl Pts',(-9.28712814101789,17.0989448113661,29.0745207078192));
#4064=CARTESIAN_POINT('Ctrl Pts',(-8.83731655451424,17.2571406058311,28.9841112282143));
#4065=CARTESIAN_POINT('Ctrl Pts',(-8.6123737124219,17.257683972667,28.950581880635));
#4066=CARTESIAN_POINT('Ctrl Pts',(-9.35388837113134,15.5161693139576,29.2246864491642));
#4067=CARTESIAN_POINT('Ctrl Pts',(-9.47822347935342,15.6405044221797,29.2246864491642));
#4068=CARTESIAN_POINT('Ctrl Pts',(-9.65772079658853,15.956893388112,29.2063051246688));
#4069=CARTESIAN_POINT('Ctrl Pts',(-9.65267293072126,16.5542375262005,29.1248548327721));
#4070=CARTESIAN_POINT('Ctrl Pts',(-9.27998201920845,17.0975101164083,29.0011583189372));
#4071=CARTESIAN_POINT('Ctrl Pts',(-8.8325660351003,17.2423765907111,28.9220565229459));
#4072=CARTESIAN_POINT('Ctrl Pts',(-8.61148841746639,17.2396713266409,28.8929908187635));
#4073=CARTESIAN_POINT('Ctrl Pts',(-9.37468040419573,15.4953772808932,29.028351003174));
#4074=CARTESIAN_POINT('Ctrl Pts',(-9.50287998915668,15.6235768658541,29.028351003174));
#4075=CARTESIAN_POINT('Ctrl Pts',(-9.6809699247154,15.9556537600988,29.0130168119759));
#4076=CARTESIAN_POINT('Ctrl Pts',(-9.64224882108997,16.5581934401212,28.9483767819392));
#4077=CARTESIAN_POINT('Ctrl Pts',(-9.24652992939474,17.0665189018567,28.8576200744408));
#4078=CARTESIAN_POINT('Ctrl Pts',(-8.81716439309176,17.1891509263823,28.8039427581611));
#4079=CARTESIAN_POINT('Ctrl Pts',(-8.60868173634718,17.1825652139337,28.7845255063705));
#4080=CARTESIAN_POINT('Ctrl Pts',(-9.27359611169936,15.5964615733895,28.7096328818969));
#4081=CARTESIAN_POINT('Ctrl Pts',(-9.38300345881224,15.7058689205024,28.7096328818969));
#4082=CARTESIAN_POINT('Ctrl Pts',(-9.53084162552397,15.9928985291224,28.7048182061215));
#4083=CARTESIAN_POINT('Ctrl Pts',(-9.4794387019095,16.5055588990968,28.685358074474));
#4084=CARTESIAN_POINT('Ctrl Pts',(-9.1317321630238,16.9262338871326,28.6603402931292));
#4085=CARTESIAN_POINT('Ctrl Pts',(-8.77323448886185,17.0268359765306,28.6468984859844));
#4086=CARTESIAN_POINT('Ctrl Pts',(-8.60078888268287,17.0219733362704,28.6421051486838));
#4087=CARTESIAN_POINT('Ctrl Pts',(-9.10627344841314,15.7637842366757,28.6));
#4088=CARTESIAN_POINT('Ctrl Pts',(-9.18466594926817,15.8421767375307,28.6));
#4089=CARTESIAN_POINT('Ctrl Pts',(-9.29330924127263,16.0455924335391,28.5998679558688));
#4090=CARTESIAN_POINT('Ctrl Pts',(-9.26989269102696,16.4284253401147,28.6000471386144));
#4091=CARTESIAN_POINT('Ctrl Pts',(-9.0161605482996,16.7733406739963,28.6001100263983));
#4092=CARTESIAN_POINT('Ctrl Pts',(-8.73184239737037,16.8697551992983,28.5999476342655));
#4093=CARTESIAN_POINT('Ctrl Pts',(-8.59339437202829,16.8715209902718,28.6));
#4094=CARTESIAN_POINT('Ctrl Pts',(-9.00489814327659,15.8651595418123,28.6));
#4095=CARTESIAN_POINT('Ctrl Pts',(-9.06440103976978,15.9246624383054,28.6));
#4096=CARTESIAN_POINT('Ctrl Pts',(-9.14935125220556,16.077407843411,28.6));
#4097=CARTESIAN_POINT('Ctrl Pts',(-9.14346164575723,16.3815700177359,28.6));
#4098=CARTESIAN_POINT('Ctrl Pts',(-8.9467610052904,16.6813043134461,28.6));
#4099=CARTESIAN_POINT('Ctrl Pts',(-8.70694988450132,16.7753075382158,28.6));
#4100=CARTESIAN_POINT('Ctrl Pts',(-8.58895065918104,16.7811070259078,28.6));
#4101=CARTESIAN_POINT('',(-8.61237371242187,17.257683972667,28.9505818806349));
#4102=CARTESIAN_POINT('Origin',(-8.61479513892166,16.2552625461672,29.1));
#4103=CARTESIAN_POINT('',(-8.58895065918104,16.7811070259078,28.6));
#4104=CARTESIAN_POINT('Origin',(-8.58895065918104,16.7811070259078,29.1));
#4105=CARTESIAN_POINT('',(-9.0048981432766,15.8651595418123,28.6));
#4106=CARTESIAN_POINT('Origin',(-8.61479513892166,16.2552625461672,28.6));
#4107=CARTESIAN_POINT('Origin',(-9.0048981432766,15.8651595418123,29.1));
#4108=CARTESIAN_POINT('Ctrl Pts',(16.1445176129395,22.8724396742973,45.918543895442));
#4109=CARTESIAN_POINT('Ctrl Pts',(15.5891572456697,23.4278000415671,45.918543895442));
#4110=CARTESIAN_POINT('Ctrl Pts',(14.7648146773803,23.7073385753407,45.8574441852395));
#4111=CARTESIAN_POINT('Ctrl Pts',(13.9042150112857,23.6321370726435,45.752494191117));
#4112=CARTESIAN_POINT('Ctrl Pts',(16.1765567672931,22.9044788286509,46.0157119470949));
#4113=CARTESIAN_POINT('Ctrl Pts',(15.6050615988626,23.4759739970814,46.0157119470949));
#4114=CARTESIAN_POINT('Ctrl Pts',(14.7528708333636,23.7496587644306,45.95201414068));
#4115=CARTESIAN_POINT('Ctrl Pts',(13.8834794427511,23.6594824428571,45.8429642320169));
#4116=CARTESIAN_POINT('Ctrl Pts',(16.1945778345186,22.9224998958765,46.2390968561323));
#4117=CARTESIAN_POINT('Ctrl Pts',(15.6042871071434,23.5127906232517,46.2390968561323));
#4118=CARTESIAN_POINT('Ctrl Pts',(14.7176318528068,23.7722123389817,46.1644471231144));
#4119=CARTESIAN_POINT('Ctrl Pts',(13.8448880887767,23.6588268095643,46.0404415915757));
#4120=CARTESIAN_POINT('Ctrl Pts',(16.053991104359,22.7819131657168,46.5819681863798));
#4121=CARTESIAN_POINT('Ctrl Pts',(15.4899807623495,23.3459235077262,46.5819681863798));
#4122=CARTESIAN_POINT('Ctrl Pts',(14.6389016866574,23.5839443383189,46.4864143167929));
#4123=CARTESIAN_POINT('Ctrl Pts',(13.8085365897348,23.465944867791,46.3350005445428));
#4124=CARTESIAN_POINT('Ctrl Pts',(15.8488958916965,22.5768179530544,46.653906677722));
#4125=CARTESIAN_POINT('Ctrl Pts',(15.3475832747629,23.078130569988,46.653906677722));
#4126=CARTESIAN_POINT('Ctrl Pts',(14.5926918508584,23.3066834588765,46.5615179469482));
#4127=CARTESIAN_POINT('Ctrl Pts',(13.8221759056364,23.212169743079,46.4086063477245));
#4128=CARTESIAN_POINT('Ctrl Pts',(15.7385571154636,22.4664791768214,46.6150008894503));
#4129=CARTESIAN_POINT('Ctrl Pts',(15.2757568094054,22.9292794828796,46.6150008894503));
#4130=CARTESIAN_POINT('Ctrl Pts',(14.5779378712724,23.1513614631324,46.5311277399184));
#4131=CARTESIAN_POINT('Ctrl Pts',(13.8421057580785,23.0700278194364,46.3870601736201));
#4132=CARTESIAN_POINT('',(13.9042150112857,23.6321370726435,45.752494191117));
#4133=CARTESIAN_POINT('Origin',(13.6169664301129,20.3448884914707,45.3516147429077));
#4134=CARTESIAN_POINT('Origin',(13.9276380645265,23.1555601258843,45.9019123104821));
#4135=CARTESIAN_POINT('Origin',(15.8240894219116,22.5520114832694,46.1298530263123));
#4136=CARTESIAN_POINT('Origin',(16.9712163830715,23.4919756071917,46.497810360226));
#4137=CARTESIAN_POINT('',(-0.406688611091612,22.0503116598621,42.9505818806351));
#4138=CARTESIAN_POINT('',(16.9477933298307,23.9685525539509,46.3483922408609));
#4139=CARTESIAN_POINT('',(-0.431450586947308,21.5713664900707,43.6000000000001));
#4140=CARTESIAN_POINT('Origin',(-0.383265557850869,21.5737347131029,43.1000000000001));
#4141=CARTESIAN_POINT('Origin',(2.17050879990481,21.8560107513043,43.6000000000001));
#4142=CARTESIAN_POINT('Ctrl Pts',(17.2576839726668,-8.61237371242165,28.9505818806349));
#4143=CARTESIAN_POINT('Ctrl Pts',(17.257140605831,-8.83731655451399,28.9841112282142));
#4144=CARTESIAN_POINT('Ctrl Pts',(17.0989448113661,-9.28712814101785,29.0745207078191));
#4145=CARTESIAN_POINT('Ctrl Pts',(16.5438093974924,-9.63619624440487,29.208973959558));
#4146=CARTESIAN_POINT('Ctrl Pts',(15.9631736332751,-9.62028687286874,29.292947642904));
#4147=CARTESIAN_POINT('Ctrl Pts',(15.6637371437703,-9.44433212729075,29.3113091308704));
#4148=CARTESIAN_POINT('Ctrl Pts',(15.544731350784,-9.32532633430433,29.3113091308704));
#4149=CARTESIAN_POINT('Ctrl Pts',(17.2396713266407,-8.61148841746614,28.8929908187634));
#4150=CARTESIAN_POINT('Ctrl Pts',(17.242376590711,-8.83256603510005,28.9220565229458));
#4151=CARTESIAN_POINT('Ctrl Pts',(17.0975101164082,-9.2799820192084,29.0011583189372));
#4152=CARTESIAN_POINT('Ctrl Pts',(16.5542375262002,-9.65267293072132,29.1248548327721));
#4153=CARTESIAN_POINT('Ctrl Pts',(15.9568933881117,-9.65772079658852,29.2063051246689));
#4154=CARTESIAN_POINT('Ctrl Pts',(15.6405044221792,-9.47822347935328,29.2246864491642));
#4155=CARTESIAN_POINT('Ctrl Pts',(15.5161693139572,-9.35388837113116,29.2246864491642));
#4156=CARTESIAN_POINT('Ctrl Pts',(17.1825652139335,-8.60868173634694,28.7845255063705));
#4157=CARTESIAN_POINT('Ctrl Pts',(17.1891509263822,-8.81716439309152,28.803942758161));
#4158=CARTESIAN_POINT('Ctrl Pts',(17.0665189018566,-9.24652992939469,28.8576200744407));
#4159=CARTESIAN_POINT('Ctrl Pts',(16.558193440121,-9.64224882109003,28.9483767819392));
#4160=CARTESIAN_POINT('Ctrl Pts',(15.9556537600985,-9.68096992471542,29.013016811976));
#4161=CARTESIAN_POINT('Ctrl Pts',(15.6235768658537,-9.50287998915657,29.028351003174));
#4162=CARTESIAN_POINT('Ctrl Pts',(15.4953772808928,-9.37468040419558,29.0283510031739));
#4163=CARTESIAN_POINT('Ctrl Pts',(17.0219733362702,-8.6007888826827,28.6421051486838));
#4164=CARTESIAN_POINT('Ctrl Pts',(17.0268359765305,-8.77323448886169,28.6468984859844));
#4165=CARTESIAN_POINT('Ctrl Pts',(16.9262338871325,-9.13173216302379,28.6603402931291));
#4166=CARTESIAN_POINT('Ctrl Pts',(16.5055588990966,-9.47943870190957,28.685358074474));
#4167=CARTESIAN_POINT('Ctrl Pts',(15.9928985291222,-9.53084162552403,28.7048182061215));
#4168=CARTESIAN_POINT('Ctrl Pts',(15.7058689205021,-9.38300345881223,28.7096328818969));
#4169=CARTESIAN_POINT('Ctrl Pts',(15.5964615733893,-9.27359611169933,28.7096328818969));
#4170=CARTESIAN_POINT('Ctrl Pts',(16.8715209902716,-8.5933943720282,28.6));
#4171=CARTESIAN_POINT('Ctrl Pts',(16.8697551992982,-8.7318423973703,28.5999476342655));
#4172=CARTESIAN_POINT('Ctrl Pts',(16.7733406739962,-9.01616054829964,28.6001100263983));
#4173=CARTESIAN_POINT('Ctrl Pts',(16.4284253401145,-9.26989269102702,28.6000471386143));
#4174=CARTESIAN_POINT('Ctrl Pts',(16.045592433539,-9.2933092412727,28.5998679558688));
#4175=CARTESIAN_POINT('Ctrl Pts',(15.8421767375306,-9.18466594926827,28.6));
#4176=CARTESIAN_POINT('Ctrl Pts',(15.7637842366756,-9.10627344841324,28.6));
#4177=CARTESIAN_POINT('Ctrl Pts',(16.7811070259077,-8.58895065918101,28.6));
#4178=CARTESIAN_POINT('Ctrl Pts',(16.7753075382156,-8.70694988450131,28.6));
#4179=CARTESIAN_POINT('Ctrl Pts',(16.6813043134459,-8.94676100529047,28.6));
#4180=CARTESIAN_POINT('Ctrl Pts',(16.3815700177358,-9.14346164575729,28.6));
#4181=CARTESIAN_POINT('Ctrl Pts',(16.0774078434109,-9.14935125220564,28.6));
#4182=CARTESIAN_POINT('Ctrl Pts',(15.9246624383054,-9.06440103976992,28.6));
#4183=CARTESIAN_POINT('Ctrl Pts',(15.8651595418122,-9.00489814327675,28.6));
#4184=CARTESIAN_POINT('',(17.2576839726668,-8.61237371242194,28.9505818806349));
#4185=CARTESIAN_POINT('Origin',(16.255262546167,-8.61479513892172,29.1));
#4186=CARTESIAN_POINT('',(15.8651595418121,-9.00489814327666,28.6));
#4187=CARTESIAN_POINT('Origin',(15.8651595418121,-9.00489814327666,29.1));
#4188=CARTESIAN_POINT('',(16.7811070259077,-8.5889506591811,28.6));
#4189=CARTESIAN_POINT('Origin',(16.255262546167,-8.61479513892172,28.6));
#4190=CARTESIAN_POINT('Origin',(16.7811070259077,-8.5889506591811,29.1));
#4191=CARTESIAN_POINT('Origin',(-3.64093711259771,10.5011985111333,29.1));
#4192=CARTESIAN_POINT('',(-3.64093711259771,10.5011985111333,28.6));
#4193=CARTESIAN_POINT('Ctrl Pts',(8.36413210550489,18.0920541668627,28.9505818806349));
#4194=CARTESIAN_POINT('Ctrl Pts',(9.17722847277391,18.1197523707343,28.9114643084591));
#4195=CARTESIAN_POINT('Ctrl Pts',(9.97391560557539,17.8125584014728,28.8886908691297));
#4196=CARTESIAN_POINT('Ctrl Pts',(10.5292759728452,17.257198034203,28.8886908691297));
#4197=CARTESIAN_POINT('Ctrl Pts',(8.36568137167703,18.060532036317,28.8497975223599));
#4198=CARTESIAN_POINT('Ctrl Pts',(9.17097889882354,18.0815001230703,28.8198109185707));
#4199=CARTESIAN_POINT('Ctrl Pts',(9.95377685944664,17.776193987792,28.8030097383116));
#4200=CARTESIAN_POINT('Ctrl Pts',(10.5010243929404,17.2289464542982,28.8030097383116));
#4201=CARTESIAN_POINT('Ctrl Pts',(8.37202365558754,17.931488812512,28.6693798127773));
#4202=CARTESIAN_POINT('Ctrl Pts',(9.14366124240124,17.9490651128483,28.6600579592187));
#4203=CARTESIAN_POINT('Ctrl Pts',(9.88854900097971,17.657811475252,28.6552013568109));
#4204=CARTESIAN_POINT('Ctrl Pts',(10.4092192074369,17.1371412687948,28.6552013568109));
#4205=CARTESIAN_POINT('Ctrl Pts',(8.38237082709061,17.7209601785282,28.6));
#4206=CARTESIAN_POINT('Ctrl Pts',(9.09853592368778,17.7492953874143,28.6001145731271));
#4207=CARTESIAN_POINT('Ctrl Pts',(9.7935785521064,17.4857369390806,28.6));
#4208=CARTESIAN_POINT('Ctrl Pts',(10.2756967149146,17.0036187762724,28.6));
#4209=CARTESIAN_POINT('Ctrl Pts',(8.38755515874572,17.6154772201036,28.6));
#4210=CARTESIAN_POINT('Ctrl Pts',(9.07588397311401,17.649307564974,28.6));
#4211=CARTESIAN_POINT('Ctrl Pts',(9.74604747575913,17.3995701492333,28.6));
#4212=CARTESIAN_POINT('Ctrl Pts',(10.2088477818173,16.9367698431751,28.6));
#4213=CARTESIAN_POINT('',(8.36413210550488,18.0920541668627,28.9505818806349));
#4214=CARTESIAN_POINT('Origin',(8.25833276004259,14.9862548214004,29.1));
#4215=CARTESIAN_POINT('',(10.2088477818173,16.9367698431751,28.6));
#4216=CARTESIAN_POINT('Origin',(10.2088477818173,16.9367698431751,29.1));
#4217=CARTESIAN_POINT('',(8.38755515874572,17.6154772201036,28.6));
#4218=CARTESIAN_POINT('Origin',(8.25833276004259,14.9862548214004,28.6));
#4219=CARTESIAN_POINT('Origin',(8.38755515874572,17.6154772201036,29.1));
#4220=CARTESIAN_POINT('Ctrl Pts',(23.6321370726435,13.9042150112856,45.752494191117));
#4221=CARTESIAN_POINT('Ctrl Pts',(23.7073385753407,14.7648146773803,45.8574441852394));
#4222=CARTESIAN_POINT('Ctrl Pts',(23.4278000415671,15.5891572456696,45.9185438954419));
#4223=CARTESIAN_POINT('Ctrl Pts',(22.8724396742973,16.1445176129394,45.9185438954419));
#4224=CARTESIAN_POINT('Ctrl Pts',(23.659482442857,13.8834794427511,45.8429642320168));
#4225=CARTESIAN_POINT('Ctrl Pts',(23.7496587644305,14.7528708333635,45.95201414068));
#4226=CARTESIAN_POINT('Ctrl Pts',(23.4759739970814,15.6050615988625,46.0157119470949));
#4227=CARTESIAN_POINT('Ctrl Pts',(22.9044788286509,16.176556767293,46.0157119470949));
#4228=CARTESIAN_POINT('Ctrl Pts',(23.6588268095642,13.8448880887766,46.0404415915756));
#4229=CARTESIAN_POINT('Ctrl Pts',(23.7722123389816,14.7176318528067,46.1644471231144));
#4230=CARTESIAN_POINT('Ctrl Pts',(23.5127906232516,15.6042871071434,46.2390968561322));
#4231=CARTESIAN_POINT('Ctrl Pts',(22.9224998958764,16.1945778345186,46.2390968561322));
#4232=CARTESIAN_POINT('Ctrl Pts',(23.465944867791,13.8085365897347,46.3350005445428));
#4233=CARTESIAN_POINT('Ctrl Pts',(23.5839443383189,14.6389016866573,46.4864143167929));
#4234=CARTESIAN_POINT('Ctrl Pts',(23.3459235077262,15.4899807623495,46.5819681863798));
#4235=CARTESIAN_POINT('Ctrl Pts',(22.7819131657168,16.0539911043589,46.5819681863798));
#4236=CARTESIAN_POINT('Ctrl Pts',(23.2121697430789,13.8221759056364,46.4086063477245));
#4237=CARTESIAN_POINT('Ctrl Pts',(23.3066834588764,14.5926918508583,46.5615179469481));
#4238=CARTESIAN_POINT('Ctrl Pts',(23.078130569988,15.3475832747628,46.6539066777219));
#4239=CARTESIAN_POINT('Ctrl Pts',(22.5768179530543,15.8488958916964,46.6539066777219));
#4240=CARTESIAN_POINT('Ctrl Pts',(23.0700278194363,13.8421057580784,46.38706017362));
#4241=CARTESIAN_POINT('Ctrl Pts',(23.1513614631323,14.5779378712723,46.5311277399184));
#4242=CARTESIAN_POINT('Ctrl Pts',(22.9292794828796,15.2757568094054,46.6150008894503));
#4243=CARTESIAN_POINT('Ctrl Pts',(22.4664791768214,15.7385571154635,46.6150008894503));
#4244=CARTESIAN_POINT('',(23.6321370726435,13.9042150112856,45.752494191117));
#4245=CARTESIAN_POINT('Origin',(20.3448884914707,13.6169664301128,45.3516147429076));
#4246=CARTESIAN_POINT('Origin',(22.5520114832694,15.8240894219115,46.1298530263123));
#4247=CARTESIAN_POINT('Origin',(23.1555601258843,13.9276380645264,45.901912310482));
#4248=CARTESIAN_POINT('Origin',(28.1329512346003,10.2431496705806,46.1298530263122));
#4249=CARTESIAN_POINT('Origin',(21.2883713373326,-2.96497131058674,42.594531350255));
#4250=CARTESIAN_POINT('',(22.0503116598619,-0.40668861109143,42.950581880635));
#4251=CARTESIAN_POINT('',(21.7649482840918,-2.98839436382758,42.44511323089));
#4252=CARTESIAN_POINT('',(21.5713664900705,-0.431450586947176,43.6));
#4253=CARTESIAN_POINT('Origin',(21.8560107513042,2.17050879990498,43.6));
#4254=CARTESIAN_POINT('Origin',(21.5737347131027,-0.383265557850581,43.1));
#4255=CARTESIAN_POINT('Ctrl Pts',(17.257198034203,10.5292759728451,28.8886908691297));
#4256=CARTESIAN_POINT('Ctrl Pts',(17.8125584014728,9.97391560557535,28.8886908691297));
#4257=CARTESIAN_POINT('Ctrl Pts',(18.1197523707343,9.17722847277385,28.9114643084591));
#4258=CARTESIAN_POINT('Ctrl Pts',(18.0920541668627,8.36413210550483,28.9505818806349));
#4259=CARTESIAN_POINT('Ctrl Pts',(17.2289464542982,10.5010243929403,28.8030097383116));
#4260=CARTESIAN_POINT('Ctrl Pts',(17.776193987792,9.9537768594466,28.8030097383116));
#4261=CARTESIAN_POINT('Ctrl Pts',(18.0815001230703,9.17097889882348,28.8198109185707));
#4262=CARTESIAN_POINT('Ctrl Pts',(18.060532036317,8.36568137167697,28.84979752236));
#4263=CARTESIAN_POINT('Ctrl Pts',(17.1371412687947,10.4092192074369,28.6552013568109));
#4264=CARTESIAN_POINT('Ctrl Pts',(17.6578114752519,9.88854900097967,28.6552013568109));
#4265=CARTESIAN_POINT('Ctrl Pts',(17.9490651128482,9.14366124240119,28.6600579592187));
#4266=CARTESIAN_POINT('Ctrl Pts',(17.931488812512,8.37202365558749,28.6693798127773));
#4267=CARTESIAN_POINT('Ctrl Pts',(17.0036187762724,10.2756967149145,28.6));
#4268=CARTESIAN_POINT('Ctrl Pts',(17.4857369390806,9.79357855210636,28.6));
#4269=CARTESIAN_POINT('Ctrl Pts',(17.7492953874143,9.09853592368773,28.6001145731271));
#4270=CARTESIAN_POINT('Ctrl Pts',(17.7209601785281,8.38237082709055,28.6));
#4271=CARTESIAN_POINT('Ctrl Pts',(16.9367698431751,10.2088477818173,28.6));
#4272=CARTESIAN_POINT('Ctrl Pts',(17.3995701492333,9.74604747575909,28.6));
#4273=CARTESIAN_POINT('Ctrl Pts',(17.6493075649739,9.07588397311395,28.6));
#4274=CARTESIAN_POINT('Ctrl Pts',(17.6154772201035,8.38755515874567,28.6));
#4275=CARTESIAN_POINT('',(17.6154772201035,8.38755515874567,28.6));
#4276=CARTESIAN_POINT('',(16.9367698431751,10.2088477818173,28.6));
#4277=CARTESIAN_POINT('Origin',(14.9862548214004,8.25833276004256,28.6));
#4278=CARTESIAN_POINT('Origin',(16.9367698431751,10.2088477818173,29.1));
#4279=CARTESIAN_POINT('',(18.0920541668627,8.36413210550483,28.9505818806349));
#4280=CARTESIAN_POINT('Origin',(14.9862548214004,8.25833276004256,29.1));
#4281=CARTESIAN_POINT('Origin',(17.6154772201035,8.38755515874567,29.1));
#4282=CARTESIAN_POINT('Origin',(15.6941291560558,11.4514884689366,29.1));
#4283=CARTESIAN_POINT('',(15.6941291560558,11.4514884689366,28.6));
#4284=CARTESIAN_POINT('Origin',(19.8165795227488,13.088657461391,43.749364178021));
#4285=CARTESIAN_POINT('',(22.6760412033038,12.9481191419459,42.8528554618306));
#4286=CARTESIAN_POINT('Origin',(17.1730170511234,-0.614956777975409,29.1));
#4287=CARTESIAN_POINT('',(17.6495939978825,-0.638379831216248,28.9505818806349));
#4288=CARTESIAN_POINT('',(17.1730170511234,-0.614956777975409,28.6));
#4289=CARTESIAN_POINT('Origin',(8.77530968461583,17.6345347825089,29.1));
#4290=CARTESIAN_POINT('',(8.751886631375,18.1111117292681,28.9505818806349));
#4291=CARTESIAN_POINT('',(8.77530968461583,17.6345347825089,28.6));
#4292=CARTESIAN_POINT('Origin',(13.088657461391,19.8165795227488,43.749364178021));
#4293=CARTESIAN_POINT('',(12.948119141946,22.6760412033038,42.8528554618306));
#4294=CARTESIAN_POINT('Origin',(22.4790835140563,-2.3909741710324,47.975546795428));
#4295=CARTESIAN_POINT('',(23.4322374075747,-2.43782027751408,47.6767105566979));
#4296=CARTESIAN_POINT('Origin',(21.3357733856087,-5.22494361483989,43.1));
#4297=CARTESIAN_POINT('',(21.3357733856087,-5.22494361483989,43.6));
#4298=CARTESIAN_POINT('',(21.8123503323679,-5.24836666808073,42.950581880635));
#4299=CARTESIAN_POINT('Origin',(-2.39097417103237,22.4790835140565,47.9755467954279));
#4300=CARTESIAN_POINT('',(-2.43782027751404,23.4322374075748,47.6767105566978));
#4301=CARTESIAN_POINT('Origin',(7.79885362666111,8.29382837349178,43.1000000000001));
#4302=CARTESIAN_POINT('',(10.6979914295263,5.39469057062651,43.6000000000001));
#4303=CARTESIAN_POINT('',(7.79885362666111,8.29382837349178,43.6000000000001));
#4304=CARTESIAN_POINT('Origin',(10.6979914295263,5.39469057062651,43.1000000000001));
#4305=CARTESIAN_POINT('Origin',(17.1104758997521,22.4335262752615,43.1000000000001));
#4306=CARTESIAN_POINT('',(17.0870528465113,22.9101032220207,42.950581880635));
#4307=CARTESIAN_POINT('',(17.1104758997521,22.4335262752615,43.6000000000001));
#4308=CARTESIAN_POINT('Origin',(7.79885362666111,8.29382837349178,43.1000000000001));
#4309=CARTESIAN_POINT('',(5.39469057062727,10.6979914295256,43.6000000000001));
#4310=CARTESIAN_POINT('',(7.79885362666111,8.29382837349178,43.6000000000001));
#4311=CARTESIAN_POINT('Origin',(5.39469057062727,10.6979914295256,43.1000000000001));
#4312=CARTESIAN_POINT('Origin',(11.2638008988388,5.96050003993893,43.1000000000001));
#4313=CARTESIAN_POINT('',(10.7093312894802,6.11313721176691,43.1000000000001));
#4314=CARTESIAN_POINT('',(10.9102475082455,6.31405343053221,43.1000000000001));
#4315=CARTESIAN_POINT('',(10.9265084787548,5.62320761985499,43.6000000000001));
#4316=CARTESIAN_POINT('',(11.2638008988388,5.96050003993893,43.6000000000001));
#4317=CARTESIAN_POINT('Origin',(10.9265084787548,5.62320761985499,43.1000000000001));
#4318=CARTESIAN_POINT('Origin',(6.2809282309677,11.5842290898661,43.1000000000001));
#4319=CARTESIAN_POINT('',(5.62320761985587,10.9265084787542,43.6000000000001));
#4320=CARTESIAN_POINT('',(6.2809282309677,11.5842290898661,43.6000000000001));
#4321=CARTESIAN_POINT('Origin',(5.62320761985587,10.9265084787542,43.1000000000001));
#4322=CARTESIAN_POINT('Origin',(16.6621604661505,5.90510644602775,43.1));
#4323=CARTESIAN_POINT('',(12.916242695151,6.19872827387865,42.950581880635));
#4324=CARTESIAN_POINT('',(10.6852735103063,6.08907943259306,42.950581880635));
#4325=CARTESIAN_POINT('',(16.6387374129095,6.38168339278691,42.950581880635));
#4326=CARTESIAN_POINT('Origin',(10.1828520838064,5.58665800609312,43.1000000000001));
#4327=CARTESIAN_POINT('',(13.1574776635995,5.73285646114057,43.6000000000001));
#4328=CARTESIAN_POINT('',(16.6621604661505,5.90510644602775,43.6000000000001));
#4329=CARTESIAN_POINT('',(12.9403004743249,6.2227860530525,43.1000000000001));
#4330=CARTESIAN_POINT('Origin',(13.1574776635995,5.73285646114058,43.1000000000001));
#4331=CARTESIAN_POINT('Origin',(12.4138212686511,5.6963068473787,43.1000000000001));
#4332=CARTESIAN_POINT('Origin',(5.31831961612273,4.72310739228567,43.1000000000001));
#4333=CARTESIAN_POINT('',(5.73285646114087,13.1574776635989,43.6000000000001));
#4334=CARTESIAN_POINT('',(5.31831961612273,4.72310739228567,43.6000000000001));
#4335=CARTESIAN_POINT('',(6.198728273879,12.9162426951505,42.950581880635));
#4336=CARTESIAN_POINT('',(5.79489656288189,4.69968433904483,42.950581880635));
#4337=CARTESIAN_POINT('',(6.22278605305285,12.9403004743243,43.1000000000001));
#4338=CARTESIAN_POINT('Origin',(5.6963068473792,12.4138212686507,43.1000000000001));
#4339=CARTESIAN_POINT('Origin',(5.73285646114087,13.1574776635989,43.1000000000001));
#4340=CARTESIAN_POINT('Origin',(13.1255315481882,5.7009103457293,43.1000000000001));
#4341=CARTESIAN_POINT('',(13.1255315481882,5.7009103457293,43.6000000000001));
#4342=CARTESIAN_POINT('',(13.7457162368423,7.02820181556997,43.1000000000001));
#4343=CARTESIAN_POINT('Origin',(14.0992696274356,6.6746484249767,43.1000000000001));
#4344=CARTESIAN_POINT('',(12.7719781575949,6.05446373632257,43.1000000000001));
#4345=CARTESIAN_POINT('Origin',(6.02133853675762,13.4459597392156,43.1000000000001));
#4346=CARTESIAN_POINT('',(7.02820181557033,13.7457162368418,43.1000000000001));
#4347=CARTESIAN_POINT('',(6.3748919273509,13.0924063486224,43.1000000000001));
#4348=CARTESIAN_POINT('Origin',(6.67464842497705,14.0992696274351,43.1000000000001));
#4349=CARTESIAN_POINT('',(6.02133853675762,13.4459597392156,43.6000000000001));
#4350=CARTESIAN_POINT('Origin',(21.4682635262221,-5.82605822757859,43.6));
#4351=CARTESIAN_POINT('Origin',(24.1989845567067,-3.09533719709397,43.6));
#4352=CARTESIAN_POINT('Origin',(21.4682635262221,-5.82605822757859,43.6));
#4353=CARTESIAN_POINT('Origin',(23.5453339131871,-4.73893733427474,48.3981650571687));
#4354=CARTESIAN_POINT('Origin',(3.85061042789113,3.85061042789119,28.6));
#4355=CARTESIAN_POINT('Origin',(14.132546951118,22.6178283253566,42.4815093927988));
#4356=CARTESIAN_POINT('Origin',(14.3640964552319,7.64658203395958,47.3416194028169));
#4357=CARTESIAN_POINT('',(9.65707282755466,2.93955840628229,30.7));
#4358=CARTESIAN_POINT('',(15.0049528372877,8.28743841601537,46.9190011410762));
#4359=CARTESIAN_POINT('',(8.87686681884478,2.15935239757242,30.7));
#4360=CARTESIAN_POINT('',(11.5672818451843,4.84976742391189,30.7));
#4361=CARTESIAN_POINT('',(14.3640964552319,7.64658203395958,47.3416194028169));
#4362=CARTESIAN_POINT('Origin',(15.0049528372877,8.28743841601537,46.9190011410762));
#4363=CARTESIAN_POINT('',(2.93955840628265,9.6570728275541,30.7));
#4364=CARTESIAN_POINT('',(8.28743841601574,15.0049528372872,46.9190011410762));
#4365=CARTESIAN_POINT('',(4.61893701160074,7.97769422223605,30.7));
#4366=CARTESIAN_POINT('Origin',(8.28743841601574,15.0049528372872,46.9190011410762));
#4367=CARTESIAN_POINT('',(2.15935239757277,8.87686681884422,30.7));
#4368=CARTESIAN_POINT('',(7.64658203395995,14.3640964552314,47.3416194028169));
#4369=CARTESIAN_POINT('',(4.52933923288442,11.2468536541559,30.7));
#4370=CARTESIAN_POINT('Origin',(7.64658203395995,14.3640964552314,47.3416194028169));
#4371=CARTESIAN_POINT('',(2.15352263543946,8.75825161487172,30.7));
#4372=CARTESIAN_POINT('Origin',(4.77085364244495,4.77085364244423,30.7));
#4373=CARTESIAN_POINT('',(9.76435159300814,2.20297096380214,30.7));
#4374=CARTESIAN_POINT('Origin',(12.3421517103685,7.74595763265518,47.9755467954281));
#4375=CARTESIAN_POINT('',(12.3421517103685,7.74595763265518,47.9755467954281));
#4376=CARTESIAN_POINT('Origin',(11.7012953283127,7.10510125059939,48.3981650571688));
#4377=UNCERTAINTY_MEASURE_WITH_UNIT(LENGTH_MEASURE(0.01),#4381,
'DISTANCE_ACCURACY_VALUE',
'Maximum model space distance between geometric entities at asserted c
onnectivities');
#4378=UNCERTAINTY_MEASURE_WITH_UNIT(LENGTH_MEASURE(0.01),#4381,
'DISTANCE_ACCURACY_VALUE',
'Maximum model space distance between geometric entities at asserted c
onnectivities');
#4379=(
GEOMETRIC_REPRESENTATION_CONTEXT(3)
GLOBAL_UNCERTAINTY_ASSIGNED_CONTEXT((#4377))
GLOBAL_UNIT_ASSIGNED_CONTEXT((#4381,#4382,#4383))
REPRESENTATION_CONTEXT('','3D')
);
#4380=(
GEOMETRIC_REPRESENTATION_CONTEXT(3)
GLOBAL_UNCERTAINTY_ASSIGNED_CONTEXT((#4378))
GLOBAL_UNIT_ASSIGNED_CONTEXT((#4381,#4382,#4383))
REPRESENTATION_CONTEXT('','3D')
);
#4381=(
LENGTH_UNIT()
NAMED_UNIT(*)
SI_UNIT(.MILLI.,.METRE.)
);
#4382=(
NAMED_UNIT(*)
PLANE_ANGLE_UNIT()
SI_UNIT($,.RADIAN.)
);
#4383=(
NAMED_UNIT(*)
SI_UNIT($,.STERADIAN.)
SOLID_ANGLE_UNIT()
);
#4384=SHAPE_DEFINITION_REPRESENTATION(#4385,#4386);
#4385=PRODUCT_DEFINITION_SHAPE('',$,#4388);
#4386=SHAPE_REPRESENTATION('',(#2107),#4379);
#4387=PRODUCT_DEFINITION_CONTEXT('part definition',#4392,'design');
#4388=PRODUCT_DEFINITION('ESPHome Multi-Sensor-Enclosure',
'ESPHome Multi-Sensor-Enclosure v123',#4389,#4387);
#4389=PRODUCT_DEFINITION_FORMATION('',$,#4394);
#4390=PRODUCT_RELATED_PRODUCT_CATEGORY(
'ESPHome Multi-Sensor-Enclosure v123',
'ESPHome Multi-Sensor-Enclosure v123',(#4394));
#4391=APPLICATION_PROTOCOL_DEFINITION('international standard',
'automotive_design',2009,#4392);
#4392=APPLICATION_CONTEXT(
'Core Data for Automotive Mechanical Design Process');
#4393=PRODUCT_CONTEXT('part definition',#4392,'mechanical');
#4394=PRODUCT('ESPHome Multi-Sensor-Enclosure',
'ESPHome Multi-Sensor-Enclosure v123',$,(#4393));
#4395=PRESENTATION_STYLE_ASSIGNMENT((#4397));
#4396=PRESENTATION_STYLE_ASSIGNMENT((#4398));
#4397=SURFACE_STYLE_USAGE(.BOTH.,#4399);
#4398=SURFACE_STYLE_USAGE(.BOTH.,#4400);
#4399=SURFACE_SIDE_STYLE('',(#4401));
#4400=SURFACE_SIDE_STYLE('',(#4402));
#4401=SURFACE_STYLE_FILL_AREA(#4403);
#4402=SURFACE_STYLE_FILL_AREA(#4404);
#4403=FILL_AREA_STYLE('Steel - Satin',(#4405));
#4404=FILL_AREA_STYLE('Plastic - Matte (White)',(#4406));
#4405=FILL_AREA_STYLE_COLOUR('Steel - Satin',#4407);
#4406=FILL_AREA_STYLE_COLOUR('Plastic - Matte (White)',#4408);
#4407=COLOUR_RGB('Steel - Satin',0.627450980392157,0.627450980392157,0.627450980392157);
#4408=COLOUR_RGB('Plastic - Matte (White)',0.964705882352941,0.964705882352941,
0.952941176470588);
ENDSEC;
END-ISO-10303-21;
