ISO-10303-21;
HEADER;
/* Generated by software containing ST-Developer
 * from STEP Tools, Inc. (www.steptools.com) 
 */

FILE_DESCRIPTION(
/* description */ (''),
/* implementation_level */ '2;1');

FILE_NAME(
/* name */ 'ESPHome-Indoor-Multi-Sensor-Corner-Back-Mount-25.step',
/* time_stamp */ '2025-10-02T13:35:39-05:00',
/* author */ (''),
/* organization */ (''),
/* preprocessor_version */ 'ST-DEVELOPER v20.1',
/* originating_system */ 'Autodesk Translation Framework v14.17.0.0',
/* authorisation */ '');

FILE_SCHEMA (('AUTOMOTIVE_DESIGN { 1 0 10303 214 3 1 1 }'));
ENDSEC;

DATA;
#10=MECHANICAL_DESIGN_GEOMETRIC_PRESENTATION_REPRESENTATION('',(#13),#7010);
#11=SHAPE_REPRESENTATION_RELATIONSHIP('SRR','None',#7016,#12);
#12=ADVANCED_BREP_SHAPE_REPRESENTATION('',(#14),#7009);
#13=STYLED_ITEM('',(#7026),#14);
#14=MANIFOLD_SOLID_BREP('Back Mount',#3651);
#15=SPHERICAL_SURFACE('',#3769,0.499999999999998);
#16=SPHERICAL_SURFACE('',#3773,0.500000000000001);
#17=SPHERICAL_SURFACE('',#3788,0.5);
#18=SPHERICAL_SURFACE('',#3824,0.499999999999994);
#19=SPHERICAL_SURFACE('',#3828,0.499999999999994);
#20=SPHERICAL_SURFACE('',#3832,0.499999999999989);
#21=SPHERICAL_SURFACE('',#3840,0.499999999999998);
#22=CONICAL_SURFACE('',#3760,2.1,0.785398163397448);
#23=CONICAL_SURFACE('',#3893,2.1,0.785398163397448);
#24=CONICAL_SURFACE('',#3897,2.1,0.785398163397448);
#25=CONICAL_SURFACE('',#3899,2.1,0.785398163397448);
#26=CONICAL_SURFACE('',#3933,2.1,0.785398163397448);
#27=CONICAL_SURFACE('',#3937,2.1,0.785398163397448);
#28=ELLIPSE('',#3692,2.12132034355964,1.5);
#29=ELLIPSE('',#3693,2.12132034355964,1.5);
#30=ELLIPSE('',#3695,2.12132034355964,1.5);
#31=ELLIPSE('',#3697,2.12132034355965,1.5);
#32=ELLIPSE('',#3702,0.551688959481246,0.5);
#33=ELLIPSE('',#3703,0.535907582118633,0.5);
#34=ELLIPSE('',#3705,0.535907582118635,0.5);
#35=ELLIPSE('',#3706,0.744554032971066,0.5);
#36=ELLIPSE('',#3707,0.744554032971101,0.5);
#37=ELLIPSE('',#3709,0.707106781186532,0.5);
#38=ELLIPSE('',#3710,0.551688959481246,0.5);
#39=ELLIPSE('',#3712,0.707106781186537,0.5);
#40=ELLIPSE('',#3714,0.551688959481246,0.5);
#41=ELLIPSE('',#3715,0.535907582118631,0.5);
#42=ELLIPSE('',#3717,0.744554032971085,0.5);
#43=ELLIPSE('',#3718,0.744554032971077,0.5);
#44=ELLIPSE('',#3719,0.535907582118634,0.5);
#45=ELLIPSE('',#3721,0.551688959481246,0.5);
#46=ELLIPSE('',#3723,0.780206008709862,0.5);
#47=ELLIPSE('',#3724,0.780206008709899,0.5);
#48=ELLIPSE('',#3731,0.780206008709884,0.5);
#49=ELLIPSE('',#3732,0.780206008709876,0.5);
#50=ELLIPSE('',#3740,0.707106781186549,0.5);
#51=ELLIPSE('',#3742,0.707106781186547,0.5);
#52=ELLIPSE('',#3749,0.707106781186538,0.5);
#53=ELLIPSE('',#3750,0.551688959481246,0.5);
#54=ELLIPSE('',#3752,0.707106781186548,0.5);
#55=ELLIPSE('',#3754,0.551688959481246,0.5);
#56=ELLIPSE('',#3778,0.535907582118634,0.5);
#57=ELLIPSE('',#3779,0.707106781186535,0.5);
#58=ELLIPSE('',#3784,1.10337791896249,1.);
#59=ELLIPSE('',#3786,0.683697909938298,0.500000000000001);
#60=ELLIPSE('',#3799,0.707106781186548,0.5);
#61=ELLIPSE('',#3800,0.683697909938298,0.5);
#62=ELLIPSE('',#3802,1.10337791896249,0.999999999999994);
#63=ELLIPSE('',#3805,0.535907582118629,0.5);
#64=ELLIPSE('',#3812,1.10337791896249,0.999999999999994);
#65=ELLIPSE('',#3814,0.683697909938296,0.500000000000002);
#66=ELLIPSE('',#3817,0.707106781186547,0.5);
#67=ELLIPSE('',#3818,0.683697909938297,0.500000000000001);
#68=ELLIPSE('',#3820,1.10337791896249,1.);
#69=ELLIPSE('',#3823,0.707106781186543,0.5);
#70=ELLIPSE('',#3847,0.70710678118655,0.5);
#71=ELLIPSE('',#3859,0.707106781186549,0.5);
#72=ELLIPSE('',#3861,0.707106781186547,0.5);
#73=ELLIPSE('',#3870,0.535907582118632,0.5);
#74=ELLIPSE('',#3876,0.535907582118633,0.5);
#75=ELLIPSE('',#3881,0.707106781186543,0.5);
#76=ELLIPSE('',#3886,0.707106781186545,0.5);
#77=ELLIPSE('',#3889,0.707106781186543,0.5);
#78=CYLINDRICAL_SURFACE('',#3674,0.5);
#79=CYLINDRICAL_SURFACE('',#3677,10.82778699091);
#80=CYLINDRICAL_SURFACE('',#3689,4.);
#81=CYLINDRICAL_SURFACE('',#3691,1.5);
#82=CYLINDRICAL_SURFACE('',#3694,1.5);
#83=CYLINDRICAL_SURFACE('',#3696,1.5);
#84=CYLINDRICAL_SURFACE('',#3698,1.5);
#85=CYLINDRICAL_SURFACE('',#3701,0.5);
#86=CYLINDRICAL_SURFACE('',#3704,0.5);
#87=CYLINDRICAL_SURFACE('',#3708,0.5);
#88=CYLINDRICAL_SURFACE('',#3711,0.5);
#89=CYLINDRICAL_SURFACE('',#3713,0.5);
#90=CYLINDRICAL_SURFACE('',#3716,0.5);
#91=CYLINDRICAL_SURFACE('',#3720,0.5);
#92=CYLINDRICAL_SURFACE('',#3739,0.5);
#93=CYLINDRICAL_SURFACE('',#3741,0.5);
#94=CYLINDRICAL_SURFACE('',#3747,0.5);
#95=CYLINDRICAL_SURFACE('',#3748,0.5);
#96=CYLINDRICAL_SURFACE('',#3751,0.5);
#97=CYLINDRICAL_SURFACE('',#3753,0.5);
#98=CYLINDRICAL_SURFACE('',#3777,0.5);
#99=CYLINDRICAL_SURFACE('',#3792,0.5);
#100=CYLINDRICAL_SURFACE('',#3798,0.5);
#101=CYLINDRICAL_SURFACE('',#3804,0.5);
#102=CYLINDRICAL_SURFACE('',#3810,0.5);
#103=CYLINDRICAL_SURFACE('',#3811,0.5);
#104=CYLINDRICAL_SURFACE('',#3816,0.5);
#105=CYLINDRICAL_SURFACE('',#3822,0.5);
#106=CYLINDRICAL_SURFACE('',#3836,0.5);
#107=CYLINDRICAL_SURFACE('',#3844,0.5);
#108=CYLINDRICAL_SURFACE('',#3848,0.5);
#109=CYLINDRICAL_SURFACE('',#3858,0.5);
#110=CYLINDRICAL_SURFACE('',#3860,0.5);
#111=CYLINDRICAL_SURFACE('',#3862,0.5);
#112=CYLINDRICAL_SURFACE('',#3863,0.5);
#113=CYLINDRICAL_SURFACE('',#3864,0.5);
#114=CYLINDRICAL_SURFACE('',#3865,0.5);
#115=CYLINDRICAL_SURFACE('',#3866,0.5);
#116=CYLINDRICAL_SURFACE('',#3867,0.5);
#117=CYLINDRICAL_SURFACE('',#3868,0.5);
#118=CYLINDRICAL_SURFACE('',#3869,0.5);
#119=CYLINDRICAL_SURFACE('',#3871,0.5);
#120=CYLINDRICAL_SURFACE('',#3872,0.5);
#121=CYLINDRICAL_SURFACE('',#3873,0.5);
#122=CYLINDRICAL_SURFACE('',#3874,0.5);
#123=CYLINDRICAL_SURFACE('',#3875,0.5);
#124=CYLINDRICAL_SURFACE('',#3877,0.5);
#125=CYLINDRICAL_SURFACE('',#3878,0.5);
#126=CYLINDRICAL_SURFACE('',#3879,0.5);
#127=CYLINDRICAL_SURFACE('',#3882,0.5);
#128=CYLINDRICAL_SURFACE('',#3883,0.5);
#129=CYLINDRICAL_SURFACE('',#3884,0.5);
#130=CYLINDRICAL_SURFACE('',#3885,0.5);
#131=CYLINDRICAL_SURFACE('',#3887,0.5);
#132=CYLINDRICAL_SURFACE('',#3888,0.5);
#133=CYLINDRICAL_SURFACE('',#3890,0.5);
#134=CYLINDRICAL_SURFACE('',#3891,0.5);
#135=CYLINDRICAL_SURFACE('',#3892,0.5);
#136=CYLINDRICAL_SURFACE('',#3927,1.45);
#137=CYLINDRICAL_SURFACE('',#3929,1.45);
#138=CYLINDRICAL_SURFACE('',#3931,1.45);
#139=CYLINDRICAL_SURFACE('',#3935,1.45);
#140=CYLINDRICAL_SURFACE('',#3939,1.45);
#141=CYLINDRICAL_SURFACE('',#3941,1.45);
#142=CIRCLE('',#3669,1.);
#143=CIRCLE('',#3670,10.82778699091);
#144=CIRCLE('',#3671,10.82778699091);
#145=CIRCLE('',#3672,1.);
#146=CIRCLE('',#3673,11.82778699091);
#147=CIRCLE('',#3675,0.500000000000001);
#148=CIRCLE('',#3676,0.499999999999998);
#149=CIRCLE('',#3678,10.82778699091);
#150=CIRCLE('',#3680,5.5);
#151=CIRCLE('',#3681,1.5);
#152=CIRCLE('',#3682,4.);
#153=CIRCLE('',#3683,4.);
#154=CIRCLE('',#3685,2.75000000000001);
#155=CIRCLE('',#3686,2.75000000000001);
#156=CIRCLE('',#3687,2.75);
#157=CIRCLE('',#3688,2.75);
#158=CIRCLE('',#3690,4.);
#159=CIRCLE('',#3726,0.5);
#160=CIRCLE('',#3729,0.5);
#161=CIRCLE('',#3734,0.5);
#162=CIRCLE('',#3736,0.499999999999994);
#163=CIRCLE('',#3737,1.);
#164=CIRCLE('',#3738,0.499999999999998);
#165=CIRCLE('',#3744,0.999999999999992);
#166=CIRCLE('',#3745,0.5);
#167=CIRCLE('',#3746,0.500000000000004);
#168=CIRCLE('',#3756,2.75);
#169=CIRCLE('',#3757,2.75);
#170=CIRCLE('',#3758,2.75000000000001);
#171=CIRCLE('',#3759,2.75000000000001);
#172=CIRCLE('',#3761,1.45);
#173=CIRCLE('',#3764,0.5);
#174=CIRCLE('',#3765,1.);
#175=CIRCLE('',#3766,0.999999999999992);
#176=CIRCLE('',#3767,1.);
#177=CIRCLE('',#3770,0.500000000000001);
#178=CIRCLE('',#3771,0.499999999999998);
#179=CIRCLE('',#3772,0.499999999999999);
#180=CIRCLE('',#3774,0.499999999999999);
#181=CIRCLE('',#3775,0.500000000000001);
#182=CIRCLE('',#3776,0.499999999999998);
#183=CIRCLE('',#3781,0.499999999999999);
#184=CIRCLE('',#3782,0.499999999999997);
#185=CIRCLE('',#3783,0.499999999999994);
#186=CIRCLE('',#3785,0.5);
#187=CIRCLE('',#3787,0.499999999999999);
#188=CIRCLE('',#3789,0.499999999999999);
#189=CIRCLE('',#3790,0.5);
#190=CIRCLE('',#3791,0.499999999999998);
#191=CIRCLE('',#3794,0.999999999999996);
#192=CIRCLE('',#3795,0.499999999999999);
#193=CIRCLE('',#3796,0.499999999999998);
#194=CIRCLE('',#3797,0.499999999999998);
#195=CIRCLE('',#3801,0.499999999999999);
#196=CIRCLE('',#3803,0.499999999999994);
#197=CIRCLE('',#3807,0.5);
#198=CIRCLE('',#3808,0.499999999999994);
#199=CIRCLE('',#3809,0.500000000000004);
#200=CIRCLE('',#3813,0.499999999999994);
#201=CIRCLE('',#3815,0.499999999999997);
#202=CIRCLE('',#3819,0.5);
#203=CIRCLE('',#3821,0.500000000000001);
#204=CIRCLE('',#3825,0.500000000000001);
#205=CIRCLE('',#3826,0.499999999999994);
#206=CIRCLE('',#3827,0.499999999999998);
#207=CIRCLE('',#3829,0.499999999999997);
#208=CIRCLE('',#3830,0.499999999999994);
#209=CIRCLE('',#3831,0.499999999999998);
#210=CIRCLE('',#3833,0.499999999999996);
#211=CIRCLE('',#3834,0.499999999999989);
#212=CIRCLE('',#3835,0.499999999999996);
#213=CIRCLE('',#3837,0.5);
#214=CIRCLE('',#3838,0.5);
#215=CIRCLE('',#3839,0.5);
#216=CIRCLE('',#3841,0.499999999999989);
#217=CIRCLE('',#3842,0.499999999999998);
#218=CIRCLE('',#3843,0.499999999999997);
#219=CIRCLE('',#3845,0.5);
#220=CIRCLE('',#3846,0.5);
#221=CIRCLE('',#3850,0.499999999999999);
#222=CIRCLE('',#3851,0.499999999999997);
#223=CIRCLE('',#3852,0.500000000000007);
#224=CIRCLE('',#3854,0.999999999999988);
#225=CIRCLE('',#3855,0.499999999999999);
#226=CIRCLE('',#3856,0.499999999999998);
#227=CIRCLE('',#3857,0.499999999999998);
#228=CIRCLE('',#3880,0.5);
#229=CIRCLE('',#3894,2.75);
#230=CIRCLE('',#3895,1.45);
#231=CIRCLE('',#3896,2.75);
#232=CIRCLE('',#3898,1.45);
#233=CIRCLE('',#3900,2.75000000000001);
#234=CIRCLE('',#3901,1.45);
#235=CIRCLE('',#3902,2.75000000000001);
#236=CIRCLE('',#3928,1.45);
#237=CIRCLE('',#3930,1.45);
#238=CIRCLE('',#3932,1.45);
#239=CIRCLE('',#3934,1.45);
#240=CIRCLE('',#3936,1.45);
#241=CIRCLE('',#3938,1.45);
#242=CIRCLE('',#3940,1.45);
#243=CIRCLE('',#3942,1.45);
#244=TOROIDAL_SURFACE('',#3668,11.82778699091,1.);
#245=TOROIDAL_SURFACE('',#3679,5.5,1.5);
#246=TOROIDAL_SURFACE('',#3735,1.,0.499999999999998);
#247=TOROIDAL_SURFACE('',#3743,0.999999999999992,0.500000000000004);
#248=TOROIDAL_SURFACE('',#3780,0.999999999999992,0.499999999999994);
#249=TOROIDAL_SURFACE('',#3793,0.999999999999996,0.499999999999998);
#250=TOROIDAL_SURFACE('',#3806,0.999999999999992,0.500000000000004);
#251=TOROIDAL_SURFACE('',#3849,1.00000000000001,0.500000000000007);
#252=TOROIDAL_SURFACE('',#3853,0.999999999999988,0.499999999999998);
#253=FACE_BOUND('',#708,.T.);
#254=FACE_BOUND('',#710,.T.);
#255=FACE_BOUND('',#711,.T.);
#256=FACE_BOUND('',#712,.T.);
#257=FACE_BOUND('',#719,.T.);
#258=FACE_BOUND('',#720,.T.);
#259=FACE_BOUND('',#848,.T.);
#260=FACE_BOUND('',#849,.T.);
#261=FACE_BOUND('',#850,.T.);
#262=FACE_BOUND('',#851,.T.);
#263=FACE_BOUND('',#852,.T.);
#264=FACE_BOUND('',#853,.T.);
#265=FACE_BOUND('',#854,.T.);
#266=FACE_BOUND('',#855,.T.);
#267=FACE_BOUND('',#856,.T.);
#268=B_SPLINE_CURVE_WITH_KNOTS('',3,(#4840,#4841,#4842,#4843,#4844),
 .UNSPECIFIED.,.F.,.F.,(4,1,4),(0.,0.0492946165260086,0.0999231017675709),
 .UNSPECIFIED.);
#269=B_SPLINE_CURVE_WITH_KNOTS('',3,(#4846,#4847,#4848,#4849,#4850),
 .UNSPECIFIED.,.F.,.F.,(4,1,4),(-0.0999231017675709,-0.0492946165260086,
0.),.UNSPECIFIED.);
#270=B_SPLINE_CURVE_WITH_KNOTS('',3,(#4863,#4864,#4865,#4866,#4867),
 .UNSPECIFIED.,.F.,.F.,(4,1,4),(0.,0.0632165909605164,0.150254729798233),
 .UNSPECIFIED.);
#271=B_SPLINE_CURVE_WITH_KNOTS('',3,(#4869,#4870,#4871,#4872,#4873),
 .UNSPECIFIED.,.F.,.F.,(4,1,4),(-0.150254729798233,-0.0632165909605164,
0.),.UNSPECIFIED.);
#272=B_SPLINE_CURVE_WITH_KNOTS('',3,(#4886,#4887,#4888,#4889,#4890),
 .UNSPECIFIED.,.F.,.F.,(4,1,4),(0.,0.0512092320962699,0.0834819377222029),
 .UNSPECIFIED.);
#273=B_SPLINE_CURVE_WITH_KNOTS('',3,(#4892,#4893,#4894,#4895,#4896),
 .UNSPECIFIED.,.F.,.F.,(4,1,4),(-0.0834819377222029,-0.0512092320962699,
0.),.UNSPECIFIED.);
#274=B_SPLINE_CURVE_WITH_KNOTS('',3,(#4909,#4910,#4911,#4912,#4913),
 .UNSPECIFIED.,.F.,.F.,(4,1,4),(0.,0.0210092761731768,0.0387348135456027),
 .UNSPECIFIED.);
#275=B_SPLINE_CURVE_WITH_KNOTS('',3,(#4915,#4916,#4917,#4918,#4919),
 .UNSPECIFIED.,.F.,.F.,(4,1,4),(-0.0387348135456027,-0.0210092761731768,
0.),.UNSPECIFIED.);
#276=B_SPLINE_CURVE_WITH_KNOTS('',3,(#4932,#4933,#4934,#4935,#4936),
 .UNSPECIFIED.,.F.,.F.,(4,1,4),(0.,0.0172838832223119,0.0348004078045775),
 .UNSPECIFIED.);
#277=B_SPLINE_CURVE_WITH_KNOTS('',3,(#4938,#4939,#4940,#4941,#4942),
 .UNSPECIFIED.,.F.,.F.,(4,1,4),(-0.0348004078045775,-0.0172838832223119,
0.),.UNSPECIFIED.);
#278=B_SPLINE_CURVE_WITH_KNOTS('',3,(#4955,#4956,#4957,#4958,#4959),
 .UNSPECIFIED.,.F.,.F.,(4,1,4),(0.,0.0180807004936309,0.0370834111838033),
 .UNSPECIFIED.);
#279=B_SPLINE_CURVE_WITH_KNOTS('',3,(#4961,#4962,#4963,#4964,#4965),
 .UNSPECIFIED.,.F.,.F.,(4,1,4),(-0.0370834111838033,-0.0180807004936309,
0.),.UNSPECIFIED.);
#280=B_SPLINE_CURVE_WITH_KNOTS('',3,(#4978,#4979,#4980,#4981,#4982),
 .UNSPECIFIED.,.F.,.F.,(4,1,4),(0.,0.019625088565087,0.0380440033889371),
 .UNSPECIFIED.);
#281=B_SPLINE_CURVE_WITH_KNOTS('',3,(#4984,#4985,#4986,#4987,#4988),
 .UNSPECIFIED.,.F.,.F.,(4,1,4),(-0.0380440033889371,-0.019625088565087,
0.),.UNSPECIFIED.);
#282=B_SPLINE_CURVE_WITH_KNOTS('',3,(#5001,#5002,#5003,#5004,#5005),
 .UNSPECIFIED.,.F.,.F.,(4,1,4),(0.,0.0216601949768653,0.0511847676533141),
 .UNSPECIFIED.);
#283=B_SPLINE_CURVE_WITH_KNOTS('',3,(#5007,#5008,#5009,#5010,#5011),
 .UNSPECIFIED.,.F.,.F.,(4,1,4),(-0.0511847676533141,-0.0216601949768653,
0.),.UNSPECIFIED.);
#284=B_SPLINE_CURVE_WITH_KNOTS('',3,(#5030,#5031,#5032,#5033,#5034),
 .UNSPECIFIED.,.F.,.F.,(4,1,4),(0.,0.0427979010497149,0.0775555269293418),
 .UNSPECIFIED.);
#285=B_SPLINE_CURVE_WITH_KNOTS('',3,(#5036,#5037,#5038,#5039,#5040),
 .UNSPECIFIED.,.F.,.F.,(4,1,4),(-0.0775555269293418,-0.0427979010497149,
0.),.UNSPECIFIED.);
#286=B_SPLINE_CURVE_WITH_KNOTS('',3,(#5053,#5054,#5055,#5056,#5057),
 .UNSPECIFIED.,.F.,.F.,(4,1,4),(0.,0.0313670108930517,0.0643627743403579),
 .UNSPECIFIED.);
#287=B_SPLINE_CURVE_WITH_KNOTS('',3,(#5059,#5060,#5061,#5062,#5063),
 .UNSPECIFIED.,.F.,.F.,(4,1,4),(-0.0643627743403579,-0.0313670108930517,
0.),.UNSPECIFIED.);
#288=B_SPLINE_CURVE_WITH_KNOTS('',3,(#5076,#5077,#5078,#5079,#5080),
 .UNSPECIFIED.,.F.,.F.,(4,1,4),(0.,0.0393305025049064,0.0895558626736136),
 .UNSPECIFIED.);
#289=B_SPLINE_CURVE_WITH_KNOTS('',3,(#5082,#5083,#5084,#5085,#5086),
 .UNSPECIFIED.,.F.,.F.,(4,1,4),(-0.0895558626736136,-0.0393305025049064,
0.),.UNSPECIFIED.);
#290=B_SPLINE_CURVE_WITH_KNOTS('',3,(#5099,#5100,#5101,#5102,#5103),
 .UNSPECIFIED.,.F.,.F.,(4,1,4),(0.,0.052255704542596,0.092640326802862),
 .UNSPECIFIED.);
#291=B_SPLINE_CURVE_WITH_KNOTS('',3,(#5105,#5106,#5107,#5108,#5109),
 .UNSPECIFIED.,.F.,.F.,(4,1,4),(-0.092640326802862,-0.052255704542596,0.),
 .UNSPECIFIED.);
#292=B_SPLINE_CURVE_WITH_KNOTS('',3,(#5122,#5123,#5124,#5125,#5126),
 .UNSPECIFIED.,.F.,.F.,(4,1,4),(0.,0.0337003771927935,0.0664557795104595),
 .UNSPECIFIED.);
#293=B_SPLINE_CURVE_WITH_KNOTS('',3,(#5128,#5129,#5130,#5131,#5132),
 .UNSPECIFIED.,.F.,.F.,(4,1,4),(-0.0664557795104595,-0.0337003771927935,
0.),.UNSPECIFIED.);
#294=B_SPLINE_CURVE_WITH_KNOTS('',3,(#5145,#5146,#5147,#5148,#5149),
 .UNSPECIFIED.,.F.,.F.,(4,1,4),(0.,0.032539761978024,0.0655798903550198),
 .UNSPECIFIED.);
#295=B_SPLINE_CURVE_WITH_KNOTS('',3,(#5151,#5152,#5153,#5154,#5155),
 .UNSPECIFIED.,.F.,.F.,(4,1,4),(-0.0655798903550198,-0.032539761978024,
0.),.UNSPECIFIED.);
#296=B_SPLINE_CURVE_WITH_KNOTS('',3,(#5168,#5169,#5170,#5171,#5172),
 .UNSPECIFIED.,.F.,.F.,(4,1,4),(0.,0.0361424091629511,0.0738425709003614),
 .UNSPECIFIED.);
#297=B_SPLINE_CURVE_WITH_KNOTS('',3,(#5174,#5175,#5176,#5177,#5178),
 .UNSPECIFIED.,.F.,.F.,(4,1,4),(-0.0738425709003614,-0.0361424091629511,
0.),.UNSPECIFIED.);
#298=B_SPLINE_CURVE_WITH_KNOTS('',3,(#5191,#5192,#5193,#5194,#5195),
 .UNSPECIFIED.,.F.,.F.,(4,1,4),(0.,0.0461610723230509,0.107282847565304),
 .UNSPECIFIED.);
#299=B_SPLINE_CURVE_WITH_KNOTS('',3,(#5197,#5198,#5199,#5200,#5201),
 .UNSPECIFIED.,.F.,.F.,(4,1,4),(-0.107282847565304,-0.0461610723230509,
0.),.UNSPECIFIED.);
#300=B_SPLINE_CURVE_WITH_KNOTS('',3,(#5214,#5215,#5216,#5217,#5218),
 .UNSPECIFIED.,.F.,.F.,(4,1,4),(0.,0.0342446519150265,0.0554044932707141),
 .UNSPECIFIED.);
#301=B_SPLINE_CURVE_WITH_KNOTS('',3,(#5220,#5221,#5222,#5223,#5224),
 .UNSPECIFIED.,.F.,.F.,(4,1,4),(-0.0554044932707141,-0.0342446519150265,
0.),.UNSPECIFIED.);
#302=B_SPLINE_CURVE_WITH_KNOTS('',3,(#5237,#5238,#5239,#5240,#5241),
 .UNSPECIFIED.,.F.,.F.,(4,1,4),(0.,0.0163182980115123,0.0360282474206099),
 .UNSPECIFIED.);
#303=B_SPLINE_CURVE_WITH_KNOTS('',3,(#5243,#5244,#5245,#5246,#5247),
 .UNSPECIFIED.,.F.,.F.,(4,1,4),(-0.0360282474206099,-0.0163182980115123,
0.),.UNSPECIFIED.);
#304=B_SPLINE_CURVE_WITH_KNOTS('',3,(#5297,#5298,#5299,#5300,#5301),
 .UNSPECIFIED.,.F.,.F.,(4,1,4),(0.,0.0199707741465064,0.0390162010969872),
 .UNSPECIFIED.);
#305=B_SPLINE_CURVE_WITH_KNOTS('',3,(#5303,#5304,#5305,#5306,#5307),
 .UNSPECIFIED.,.F.,.F.,(4,1,4),(-0.0390162010969872,-0.0199707741465064,
0.),.UNSPECIFIED.);
#306=B_SPLINE_CURVE_WITH_KNOTS('',3,(#5320,#5321,#5322,#5323,#5324),
 .UNSPECIFIED.,.F.,.F.,(4,1,4),(0.,0.0183368924829348,0.0362078949469828),
 .UNSPECIFIED.);
#307=B_SPLINE_CURVE_WITH_KNOTS('',3,(#5326,#5327,#5328,#5329,#5330),
 .UNSPECIFIED.,.F.,.F.,(4,1,4),(-0.0362078949469828,-0.0183368924829348,
0.),.UNSPECIFIED.);
#308=B_SPLINE_CURVE_WITH_KNOTS('',3,(#5343,#5344,#5345,#5346,#5347),
 .UNSPECIFIED.,.F.,.F.,(4,1,4),(0.,0.0551174106412063,0.106042745910606),
 .UNSPECIFIED.);
#309=B_SPLINE_CURVE_WITH_KNOTS('',3,(#5349,#5350,#5351,#5352,#5353),
 .UNSPECIFIED.,.F.,.F.,(4,1,4),(-0.106042745910606,-0.0551174106412063,
0.),.UNSPECIFIED.);
#310=B_SPLINE_CURVE_WITH_KNOTS('',3,(#5366,#5367,#5368,#5369,#5370),
 .UNSPECIFIED.,.F.,.F.,(4,1,4),(0.,0.0496654872921134,0.100933696623549),
 .UNSPECIFIED.);
#311=B_SPLINE_CURVE_WITH_KNOTS('',3,(#5372,#5373,#5374,#5375,#5376),
 .UNSPECIFIED.,.F.,.F.,(4,1,4),(-0.100933696623549,-0.0496654872921134,
0.),.UNSPECIFIED.);
#312=B_SPLINE_CURVE_WITH_KNOTS('',3,(#5389,#5390,#5391,#5392,#5393),
 .UNSPECIFIED.,.F.,.F.,(4,1,4),(0.,0.0382976223526628,0.0775397963359397),
 .UNSPECIFIED.);
#313=B_SPLINE_CURVE_WITH_KNOTS('',3,(#5395,#5396,#5397,#5398,#5399),
 .UNSPECIFIED.,.F.,.F.,(4,1,4),(-0.0775397963359397,-0.0382976223526628,
0.),.UNSPECIFIED.);
#314=B_SPLINE_CURVE_WITH_KNOTS('',3,(#5412,#5413,#5414,#5415,#5416),
 .UNSPECIFIED.,.F.,.F.,(4,1,4),(0.,0.0391689832339834,0.0780517091930779),
 .UNSPECIFIED.);
#315=B_SPLINE_CURVE_WITH_KNOTS('',3,(#5418,#5419,#5420,#5421,#5422),
 .UNSPECIFIED.,.F.,.F.,(4,1,4),(-0.0780517091930779,-0.0391689832339834,
0.),.UNSPECIFIED.);
#316=B_SPLINE_CURVE_WITH_KNOTS('',3,(#5435,#5436,#5437,#5438,#5439),
 .UNSPECIFIED.,.F.,.F.,(4,1,4),(0.,0.0426828097818667,0.0930735292503809),
 .UNSPECIFIED.);
#317=B_SPLINE_CURVE_WITH_KNOTS('',3,(#5441,#5442,#5443,#5444,#5445),
 .UNSPECIFIED.,.F.,.F.,(4,1,4),(-0.0930735292503809,-0.0426828097818667,
0.),.UNSPECIFIED.);
#318=B_SPLINE_CURVE_WITH_KNOTS('',3,(#5458,#5459,#5460,#5461,#5462),
 .UNSPECIFIED.,.F.,.F.,(4,1,4),(0.,0.0367805384060544,0.0683570068650464),
 .UNSPECIFIED.);
#319=B_SPLINE_CURVE_WITH_KNOTS('',3,(#5464,#5465,#5466,#5467,#5468),
 .UNSPECIFIED.,.F.,.F.,(4,1,4),(-0.0683570068650464,-0.0367805384060544,
0.),.UNSPECIFIED.);
#320=B_SPLINE_CURVE_WITH_KNOTS('',3,(#5481,#5482,#5483,#5484,#5485),
 .UNSPECIFIED.,.F.,.F.,(4,1,4),(0.,0.0277466511661313,0.0532258670961034),
 .UNSPECIFIED.);
#321=B_SPLINE_CURVE_WITH_KNOTS('',3,(#5487,#5488,#5489,#5490,#5491),
 .UNSPECIFIED.,.F.,.F.,(4,1,4),(-0.0532258670961034,-0.0277466511661313,
0.),.UNSPECIFIED.);
#322=B_SPLINE_CURVE_WITH_KNOTS('',3,(#5504,#5505,#5506,#5507,#5508),
 .UNSPECIFIED.,.F.,.F.,(4,1,4),(0.,0.0239195802438924,0.0466906016034972),
 .UNSPECIFIED.);
#323=B_SPLINE_CURVE_WITH_KNOTS('',3,(#5510,#5511,#5512,#5513,#5514),
 .UNSPECIFIED.,.F.,.F.,(4,1,4),(-0.0466906016034972,-0.0239195802438924,
0.),.UNSPECIFIED.);
#324=B_SPLINE_CURVE_WITH_KNOTS('',3,(#5527,#5528,#5529,#5530,#5531),
 .UNSPECIFIED.,.F.,.F.,(4,1,4),(0.,0.0239547820398039,0.0513342771401797),
 .UNSPECIFIED.);
#325=B_SPLINE_CURVE_WITH_KNOTS('',3,(#5533,#5534,#5535,#5536,#5537),
 .UNSPECIFIED.,.F.,.F.,(4,1,4),(-0.0513342771401797,-0.0239547820398039,
0.),.UNSPECIFIED.);
#326=B_SPLINE_CURVE_WITH_KNOTS('',3,(#5556,#5557,#5558,#5559,#5560),
 .UNSPECIFIED.,.F.,.F.,(4,1,4),(0.,0.024731460279633,0.0459392690323358),
 .UNSPECIFIED.);
#327=B_SPLINE_CURVE_WITH_KNOTS('',3,(#5562,#5563,#5564,#5565,#5566),
 .UNSPECIFIED.,.F.,.F.,(4,1,4),(-0.0459392690323358,-0.024731460279633,
0.),.UNSPECIFIED.);
#328=B_SPLINE_CURVE_WITH_KNOTS('',3,(#5579,#5580,#5581,#5582,#5583),
 .UNSPECIFIED.,.F.,.F.,(4,1,4),(0.,0.0195272612183204,0.0391485779781434),
 .UNSPECIFIED.);
#329=B_SPLINE_CURVE_WITH_KNOTS('',3,(#5585,#5586,#5587,#5588,#5589),
 .UNSPECIFIED.,.F.,.F.,(4,1,4),(-0.0391485779781434,-0.0195272612183204,
0.),.UNSPECIFIED.);
#330=B_SPLINE_CURVE_WITH_KNOTS('',3,(#5602,#5603,#5604,#5605,#5606),
 .UNSPECIFIED.,.F.,.F.,(4,1,4),(0.,0.0216321828589288,0.0432777301811023),
 .UNSPECIFIED.);
#331=B_SPLINE_CURVE_WITH_KNOTS('',3,(#5608,#5609,#5610,#5611,#5612),
 .UNSPECIFIED.,.F.,.F.,(4,1,4),(-0.0432777301811023,-0.0216321828589288,
0.),.UNSPECIFIED.);
#332=B_SPLINE_CURVE_WITH_KNOTS('',3,(#5625,#5626,#5627,#5628,#5629),
 .UNSPECIFIED.,.F.,.F.,(4,1,4),(0.,0.0246969381755458,0.0555237467788943),
 .UNSPECIFIED.);
#333=B_SPLINE_CURVE_WITH_KNOTS('',3,(#5631,#5632,#5633,#5634,#5635),
 .UNSPECIFIED.,.F.,.F.,(4,1,4),(-0.0555237467788943,-0.0246969381755458,
0.),.UNSPECIFIED.);
#334=B_SPLINE_CURVE_WITH_KNOTS('',3,(#5648,#5649,#5650,#5651,#5652),
 .UNSPECIFIED.,.F.,.F.,(4,1,4),(0.,0.0312033098777359,0.0554951410500272),
 .UNSPECIFIED.);
#335=B_SPLINE_CURVE_WITH_KNOTS('',3,(#5654,#5655,#5656,#5657,#5658),
 .UNSPECIFIED.,.F.,.F.,(4,1,4),(-0.0554951410500272,-0.0312033098777359,
0.),.UNSPECIFIED.);
#336=B_SPLINE_CURVE_WITH_KNOTS('',3,(#5671,#5672,#5673,#5674,#5675),
 .UNSPECIFIED.,.F.,.F.,(4,1,4),(0.,0.0217436418149727,0.0449708558796444),
 .UNSPECIFIED.);
#337=B_SPLINE_CURVE_WITH_KNOTS('',3,(#5677,#5678,#5679,#5680,#5681),
 .UNSPECIFIED.,.F.,.F.,(4,1,4),(-0.0449708558796444,-0.0217436418149727,
0.),.UNSPECIFIED.);
#338=B_SPLINE_CURVE_WITH_KNOTS('',3,(#5694,#5695,#5696,#5697,#5698),
 .UNSPECIFIED.,.F.,.F.,(4,1,4),(0.,0.0159484347216551,0.0323401821462351),
 .UNSPECIFIED.);
#339=B_SPLINE_CURVE_WITH_KNOTS('',3,(#5700,#5701,#5702,#5703,#5704),
 .UNSPECIFIED.,.F.,.F.,(4,1,4),(-0.0323401821462351,-0.0159484347216551,
0.),.UNSPECIFIED.);
#340=B_SPLINE_CURVE_WITH_KNOTS('',3,(#5717,#5718,#5719,#5720,#5721),
 .UNSPECIFIED.,.F.,.F.,(4,1,4),(0.,0.0142282076831894,0.0322679070950457),
 .UNSPECIFIED.);
#341=B_SPLINE_CURVE_WITH_KNOTS('',3,(#5723,#5724,#5725,#5726,#5727),
 .UNSPECIFIED.,.F.,.F.,(4,1,4),(-0.0322679070950457,-0.0142282076831894,
0.),.UNSPECIFIED.);
#342=B_SPLINE_CURVE_WITH_KNOTS('',3,(#5751,#5752,#5753,#5754,#5755),
 .UNSPECIFIED.,.F.,.F.,(4,1,4),(0.,0.0108298045012395,0.0216704179603303),
 .UNSPECIFIED.);
#343=B_SPLINE_CURVE_WITH_KNOTS('',3,(#5759,#5760,#5761,#5762,#5763),
 .UNSPECIFIED.,.F.,.F.,(4,1,4),(-0.0216704179603303,-0.0108298045012395,
0.),.UNSPECIFIED.);
#344=B_SPLINE_CURVE_WITH_KNOTS('',3,(#5776,#5777,#5778,#5779,#5780),
 .UNSPECIFIED.,.F.,.F.,(4,1,4),(0.,0.0108133107000671,0.0216161460632643),
 .UNSPECIFIED.);
#345=B_SPLINE_CURVE_WITH_KNOTS('',3,(#5782,#5783,#5784,#5785,#5786),
 .UNSPECIFIED.,.F.,.F.,(4,1,4),(-0.0216161460632643,-0.0108133107000671,
0.),.UNSPECIFIED.);
#346=B_SPLINE_CURVE_WITH_KNOTS('',3,(#5799,#5800,#5801,#5802,#5803),
 .UNSPECIFIED.,.F.,.F.,(4,1,4),(0.,0.0108360797231884,0.0217339410595607),
 .UNSPECIFIED.);
#347=B_SPLINE_CURVE_WITH_KNOTS('',3,(#5805,#5806,#5807,#5808,#5809),
 .UNSPECIFIED.,.F.,.F.,(4,1,4),(-0.0217339410595607,-0.0108360797231884,
0.),.UNSPECIFIED.);
#348=B_SPLINE_CURVE_WITH_KNOTS('',3,(#5822,#5823,#5824,#5825,#5826),
 .UNSPECIFIED.,.F.,.F.,(4,1,4),(0.,0.0108977695582695,0.0217339607177278),
 .UNSPECIFIED.);
#349=B_SPLINE_CURVE_WITH_KNOTS('',3,(#5828,#5829,#5830,#5831,#5832),
 .UNSPECIFIED.,.F.,.F.,(4,1,4),(-0.0217339607177278,-0.0108977695582695,
0.),.UNSPECIFIED.);
#350=B_SPLINE_CURVE_WITH_KNOTS('',3,(#5845,#5846,#5847,#5848,#5849),
 .UNSPECIFIED.,.F.,.F.,(4,1,4),(0.,0.0108026541413722,0.0216160443642204),
 .UNSPECIFIED.);
#351=B_SPLINE_CURVE_WITH_KNOTS('',3,(#5851,#5852,#5853,#5854,#5855),
 .UNSPECIFIED.,.F.,.F.,(4,1,4),(-0.0216160443642204,-0.0108026541413722,
0.),.UNSPECIFIED.);
#352=B_SPLINE_CURVE_WITH_KNOTS('',3,(#5868,#5869,#5870,#5871,#5872),
 .UNSPECIFIED.,.F.,.F.,(4,1,4),(0.,0.0108405718270613,0.021670259194912),
 .UNSPECIFIED.);
#353=B_SPLINE_CURVE_WITH_KNOTS('',3,(#5874,#5875,#5876,#5877,#5878),
 .UNSPECIFIED.,.F.,.F.,(4,1,4),(-0.021670259194912,-0.0108405718270613,
0.),.UNSPECIFIED.);
#354=B_SPLINE_CURVE_WITH_KNOTS('',3,(#5891,#5892,#5893,#5894,#5895),
 .UNSPECIFIED.,.F.,.F.,(4,1,4),(0.,0.010796423324529,0.021551994166054),
 .UNSPECIFIED.);
#355=B_SPLINE_CURVE_WITH_KNOTS('',3,(#5897,#5898,#5899,#5900,#5901),
 .UNSPECIFIED.,.F.,.F.,(4,1,4),(-0.021551994166054,-0.010796423324529,0.),
 .UNSPECIFIED.);
#356=B_SPLINE_CURVE_WITH_KNOTS('',3,(#5913,#5914,#5915,#5916,#5917),
 .UNSPECIFIED.,.F.,.F.,(4,1,4),(0.,0.0107557857423744,0.0215520333862946),
 .UNSPECIFIED.);
#357=B_SPLINE_CURVE_WITH_KNOTS('',3,(#5918,#5919,#5920,#5921,#5922),
 .UNSPECIFIED.,.F.,.F.,(4,1,4),(-0.0215520333862946,-0.0107557857423744,
0.),.UNSPECIFIED.);
#358=B_SPLINE_CURVE_WITH_KNOTS('',3,(#5935,#5936,#5937,#5938,#5939),
 .UNSPECIFIED.,.F.,.F.,(4,1,4),(0.,0.0304216722708698,0.0609582375856448),
 .UNSPECIFIED.);
#359=B_SPLINE_CURVE_WITH_KNOTS('',3,(#5943,#5944,#5945,#5946,#5947),
 .UNSPECIFIED.,.F.,.F.,(4,1,4),(-0.0609582375856448,-0.0304216722708698,
0.),.UNSPECIFIED.);
#360=B_SPLINE_CURVE_WITH_KNOTS('',3,(#5960,#5961,#5962,#5963,#5964),
 .UNSPECIFIED.,.F.,.F.,(4,1,4),(0.,0.0305930774102826,0.061215675794136),
 .UNSPECIFIED.);
#361=B_SPLINE_CURVE_WITH_KNOTS('',3,(#5966,#5967,#5968,#5969,#5970),
 .UNSPECIFIED.,.F.,.F.,(4,1,4),(-0.061215675794136,-0.0305930774102826,
0.),.UNSPECIFIED.);
#362=B_SPLINE_CURVE_WITH_KNOTS('',3,(#5983,#5984,#5985,#5986,#5987),
 .UNSPECIFIED.,.F.,.F.,(4,1,4),(0.,0.0304216722708698,0.06095797342484),
 .UNSPECIFIED.);
#363=B_SPLINE_CURVE_WITH_KNOTS('',3,(#5989,#5990,#5991,#5992,#5993),
 .UNSPECIFIED.,.F.,.F.,(4,1,4),(-0.06095797342484,-0.0304216722708698,0.),
 .UNSPECIFIED.);
#364=B_SPLINE_CURVE_WITH_KNOTS('',3,(#6006,#6007,#6008,#6009,#6010),
 .UNSPECIFIED.,.F.,.F.,(4,1,4),(0.,0.030536565314775,0.0609582375856448),
 .UNSPECIFIED.);
#365=B_SPLINE_CURVE_WITH_KNOTS('',3,(#6012,#6013,#6014,#6015,#6016),
 .UNSPECIFIED.,.F.,.F.,(4,1,4),(-0.0609582375856448,-0.030536565314775,
0.),.UNSPECIFIED.);
#366=B_SPLINE_CURVE_WITH_KNOTS('',3,(#6029,#6030,#6031,#6032,#6033),
 .UNSPECIFIED.,.F.,.F.,(4,1,4),(0.,0.0305892244494653,0.0610976169144268),
 .UNSPECIFIED.);
#367=B_SPLINE_CURVE_WITH_KNOTS('',3,(#6035,#6036,#6037,#6038,#6039),
 .UNSPECIFIED.,.F.,.F.,(4,1,4),(-0.0610976169144268,-0.0305892244494653,
0.),.UNSPECIFIED.);
#368=B_SPLINE_CURVE_WITH_KNOTS('',3,(#6052,#6053,#6054,#6055,#6056),
 .UNSPECIFIED.,.F.,.F.,(4,1,4),(0.,0.0304788082061628,0.0608940661771376),
 .UNSPECIFIED.);
#369=B_SPLINE_CURVE_WITH_KNOTS('',3,(#6058,#6059,#6060,#6061,#6062),
 .UNSPECIFIED.,.F.,.F.,(4,1,4),(-0.0608940661771376,-0.0304788082061628,
0.),.UNSPECIFIED.);
#370=B_SPLINE_CURVE_WITH_KNOTS('',3,(#6075,#6076,#6077,#6078,#6079),
 .UNSPECIFIED.,.F.,.F.,(4,1,4),(0.,0.0306162261793239,0.0611519175409689),
 .UNSPECIFIED.);
#371=B_SPLINE_CURVE_WITH_KNOTS('',3,(#6081,#6082,#6083,#6084,#6085),
 .UNSPECIFIED.,.F.,.F.,(4,1,4),(-0.0611519175409689,-0.0306162261793239,
0.),.UNSPECIFIED.);
#372=B_SPLINE_CURVE_WITH_KNOTS('',3,(#6097,#6098,#6099,#6100,#6101),
 .UNSPECIFIED.,.F.,.F.,(4,1,4),(0.,0.0305083924649614,0.0610976169144268),
 .UNSPECIFIED.);
#373=B_SPLINE_CURVE_WITH_KNOTS('',3,(#6102,#6103,#6104,#6105,#6106),
 .UNSPECIFIED.,.F.,.F.,(4,1,4),(-0.0610976169144268,-0.0305083924649614,
0.),.UNSPECIFIED.);
#374=B_SPLINE_CURVE_WITH_KNOTS('',3,(#6164,#6165,#6166,#6167),
 .UNSPECIFIED.,.F.,.F.,(4,4),(-3.14159265358955,3.14159265358955),
 .UNSPECIFIED.);
#375=B_SPLINE_CURVE_WITH_KNOTS('',3,(#6168,#6169,#6170,#6171),
 .UNSPECIFIED.,.F.,.F.,(4,4),(-3.14159265358955,3.14159265358955),
 .UNSPECIFIED.);
#376=B_SPLINE_CURVE_WITH_KNOTS('',3,(#6359,#6360,#6361,#6362,#6363,#6364,
#6365,#6366,#6367,#6368,#6369),.UNSPECIFIED.,.F.,.F.,(4,2,3,2,4),(0.469623464505075,
0.484645648543827,0.540368755586013,0.596091862628199,0.611114046666952),
 .UNSPECIFIED.);
#377=B_SPLINE_CURVE_WITH_KNOTS('',3,(#6391,#6392,#6393,#6394,#6395,#6396,
#6397,#6398,#6399,#6400,#6401),.UNSPECIFIED.,.F.,.F.,(4,2,3,2,4),(0.46962346450528,
0.484645648544145,0.540368755586369,0.596091862628592,0.611114046667457),
 .UNSPECIFIED.);
#378=B_SPLINE_CURVE_WITH_KNOTS('',3,(#6609,#6610,#6611,#6612,#6613,#6614,
#6615,#6616,#6617,#6618,#6619),.UNSPECIFIED.,.F.,.F.,(4,2,3,2,4),(0.46962346450528,
0.484645648544145,0.540368755586369,0.596091862628592,0.611114046667457),
 .UNSPECIFIED.);
#379=B_SPLINE_CURVE_WITH_KNOTS('',3,(#6661,#6662,#6663,#6664,#6665,#6666,
#6667,#6668,#6669,#6670,#6671),.UNSPECIFIED.,.F.,.F.,(4,2,3,2,4),(0.469623464505075,
0.484645648543827,0.540368755586013,0.596091862628199,0.61111404666695),
 .UNSPECIFIED.);
#380=B_SPLINE_CURVE_WITH_KNOTS('',3,(#6777,#6778,#6779,#6780,#6781,#6782,
#6783,#6784,#6785,#6786,#6787),.UNSPECIFIED.,.F.,.F.,(4,2,3,2,4),(0.46962346450528,
0.484645648544145,0.540368755586368,0.596091862628592,0.611114046667456),
 .UNSPECIFIED.);
#381=B_SPLINE_CURVE_WITH_KNOTS('',3,(#6794,#6795,#6796,#6797,#6798,#6799,
#6800,#6801,#6802,#6803,#6804),.UNSPECIFIED.,.F.,.F.,(4,2,3,2,4),(0.469623464505077,
0.484645648543833,0.540368755586019,0.596091862628206,0.611114046666958),
 .UNSPECIFIED.);
#382=B_SPLINE_SURFACE_WITH_KNOTS('',3,1,((#4829,#4830),(#4831,#4832),(#4833,
#4834),(#4835,#4836),(#4837,#4838)),.UNSPECIFIED.,.F.,.F.,.F.,(4,1,4),(2,
2),(-0.0999231017675709,-0.0492946165260086,0.),(0.,0.0499999999999998),
 .UNSPECIFIED.);
#383=B_SPLINE_SURFACE_WITH_KNOTS('',3,1,((#4852,#4853),(#4854,#4855),(#4856,
#4857),(#4858,#4859),(#4860,#4861)),.UNSPECIFIED.,.F.,.F.,.F.,(4,1,4),(2,
2),(-0.150254729798233,-0.0632165909605164,0.),(0.,0.0499999999999998),
 .UNSPECIFIED.);
#384=B_SPLINE_SURFACE_WITH_KNOTS('',3,1,((#4875,#4876),(#4877,#4878),(#4879,
#4880),(#4881,#4882),(#4883,#4884)),.UNSPECIFIED.,.F.,.F.,.F.,(4,1,4),(2,
2),(-0.0834819377222029,-0.0512092320962699,0.),(0.,0.0499999999999998),
 .UNSPECIFIED.);
#385=B_SPLINE_SURFACE_WITH_KNOTS('',3,1,((#4898,#4899),(#4900,#4901),(#4902,
#4903),(#4904,#4905),(#4906,#4907)),.UNSPECIFIED.,.F.,.F.,.F.,(4,1,4),(2,
2),(-0.0387348135456027,-0.0210092761731768,0.),(0.,0.0499999999999998),
 .UNSPECIFIED.);
#386=B_SPLINE_SURFACE_WITH_KNOTS('',3,1,((#4921,#4922),(#4923,#4924),(#4925,
#4926),(#4927,#4928),(#4929,#4930)),.UNSPECIFIED.,.F.,.F.,.F.,(4,1,4),(2,
2),(-0.0348004078045775,-0.0172838832223119,0.),(0.,0.0499999999999998),
 .UNSPECIFIED.);
#387=B_SPLINE_SURFACE_WITH_KNOTS('',3,1,((#4944,#4945),(#4946,#4947),(#4948,
#4949),(#4950,#4951),(#4952,#4953)),.UNSPECIFIED.,.F.,.F.,.F.,(4,1,4),(2,
2),(-0.0370834111838033,-0.0180807004936309,0.),(0.,0.0499999999999998),
 .UNSPECIFIED.);
#388=B_SPLINE_SURFACE_WITH_KNOTS('',3,1,((#4967,#4968),(#4969,#4970),(#4971,
#4972),(#4973,#4974),(#4975,#4976)),.UNSPECIFIED.,.F.,.F.,.F.,(4,1,4),(2,
2),(-0.0380440033889371,-0.019625088565087,0.),(0.,0.0499999999999998),
 .UNSPECIFIED.);
#389=B_SPLINE_SURFACE_WITH_KNOTS('',3,1,((#4990,#4991),(#4992,#4993),(#4994,
#4995),(#4996,#4997),(#4998,#4999)),.UNSPECIFIED.,.F.,.F.,.F.,(4,1,4),(2,
2),(-0.0511847676533141,-0.0216601949768653,0.),(0.,0.0499999999999998),
 .UNSPECIFIED.);
#390=B_SPLINE_SURFACE_WITH_KNOTS('',3,1,((#5019,#5020),(#5021,#5022),(#5023,
#5024),(#5025,#5026),(#5027,#5028)),.UNSPECIFIED.,.F.,.F.,.F.,(4,1,4),(2,
2),(-0.0775555269293418,-0.0427979010497149,0.),(0.,0.0499999999999998),
 .UNSPECIFIED.);
#391=B_SPLINE_SURFACE_WITH_KNOTS('',3,1,((#5042,#5043),(#5044,#5045),(#5046,
#5047),(#5048,#5049),(#5050,#5051)),.UNSPECIFIED.,.F.,.F.,.F.,(4,1,4),(2,
2),(-0.0643627743403579,-0.0313670108930517,0.),(0.,0.0499999999999998),
 .UNSPECIFIED.);
#392=B_SPLINE_SURFACE_WITH_KNOTS('',3,1,((#5065,#5066),(#5067,#5068),(#5069,
#5070),(#5071,#5072),(#5073,#5074)),.UNSPECIFIED.,.F.,.F.,.F.,(4,1,4),(2,
2),(-0.0895558626736136,-0.0393305025049064,0.),(0.,0.0499999999999998),
 .UNSPECIFIED.);
#393=B_SPLINE_SURFACE_WITH_KNOTS('',3,1,((#5088,#5089),(#5090,#5091),(#5092,
#5093),(#5094,#5095),(#5096,#5097)),.UNSPECIFIED.,.F.,.F.,.F.,(4,1,4),(2,
2),(-0.092640326802862,-0.052255704542596,0.),(0.,0.0499999999999998),
 .UNSPECIFIED.);
#394=B_SPLINE_SURFACE_WITH_KNOTS('',3,1,((#5111,#5112),(#5113,#5114),(#5115,
#5116),(#5117,#5118),(#5119,#5120)),.UNSPECIFIED.,.F.,.F.,.F.,(4,1,4),(2,
2),(-0.0664557795104595,-0.0337003771927935,0.),(0.,0.0499999999999998),
 .UNSPECIFIED.);
#395=B_SPLINE_SURFACE_WITH_KNOTS('',3,1,((#5134,#5135),(#5136,#5137),(#5138,
#5139),(#5140,#5141),(#5142,#5143)),.UNSPECIFIED.,.F.,.F.,.F.,(4,1,4),(2,
2),(-0.0655798903550198,-0.032539761978024,0.),(0.,0.0499999999999998),
 .UNSPECIFIED.);
#396=B_SPLINE_SURFACE_WITH_KNOTS('',3,1,((#5157,#5158),(#5159,#5160),(#5161,
#5162),(#5163,#5164),(#5165,#5166)),.UNSPECIFIED.,.F.,.F.,.F.,(4,1,4),(2,
2),(-0.0738425709003614,-0.0361424091629511,0.),(0.,0.0499999999999998),
 .UNSPECIFIED.);
#397=B_SPLINE_SURFACE_WITH_KNOTS('',3,1,((#5180,#5181),(#5182,#5183),(#5184,
#5185),(#5186,#5187),(#5188,#5189)),.UNSPECIFIED.,.F.,.F.,.F.,(4,1,4),(2,
2),(-0.107282847565304,-0.0461610723230509,0.),(0.,0.0499999999999998),
 .UNSPECIFIED.);
#398=B_SPLINE_SURFACE_WITH_KNOTS('',3,1,((#5203,#5204),(#5205,#5206),(#5207,
#5208),(#5209,#5210),(#5211,#5212)),.UNSPECIFIED.,.F.,.F.,.F.,(4,1,4),(2,
2),(-0.0554044932707141,-0.0342446519150265,0.),(0.,0.0499999999999998),
 .UNSPECIFIED.);
#399=B_SPLINE_SURFACE_WITH_KNOTS('',3,1,((#5226,#5227),(#5228,#5229),(#5230,
#5231),(#5232,#5233),(#5234,#5235)),.UNSPECIFIED.,.F.,.F.,.F.,(4,1,4),(2,
2),(-0.0360282474206099,-0.0163182980115123,0.),(0.,0.0499999999999998),
 .UNSPECIFIED.);
#400=B_SPLINE_SURFACE_WITH_KNOTS('',3,1,((#5286,#5287),(#5288,#5289),(#5290,
#5291),(#5292,#5293),(#5294,#5295)),.UNSPECIFIED.,.F.,.F.,.F.,(4,1,4),(2,
2),(-0.0390162010969872,-0.0199707741465064,0.),(0.,0.0499999999999998),
 .UNSPECIFIED.);
#401=B_SPLINE_SURFACE_WITH_KNOTS('',3,1,((#5309,#5310),(#5311,#5312),(#5313,
#5314),(#5315,#5316),(#5317,#5318)),.UNSPECIFIED.,.F.,.F.,.F.,(4,1,4),(2,
2),(-0.0362078949469828,-0.0183368924829348,0.),(0.,0.0499999999999998),
 .UNSPECIFIED.);
#402=B_SPLINE_SURFACE_WITH_KNOTS('',3,1,((#5332,#5333),(#5334,#5335),(#5336,
#5337),(#5338,#5339),(#5340,#5341)),.UNSPECIFIED.,.F.,.F.,.F.,(4,1,4),(2,
2),(-0.106042745910606,-0.0551174106412063,0.),(0.,0.0499999999999998),
 .UNSPECIFIED.);
#403=B_SPLINE_SURFACE_WITH_KNOTS('',3,1,((#5355,#5356),(#5357,#5358),(#5359,
#5360),(#5361,#5362),(#5363,#5364)),.UNSPECIFIED.,.F.,.F.,.F.,(4,1,4),(2,
2),(-0.100933696623549,-0.0496654872921134,0.),(0.,0.0499999999999998),
 .UNSPECIFIED.);
#404=B_SPLINE_SURFACE_WITH_KNOTS('',3,1,((#5378,#5379),(#5380,#5381),(#5382,
#5383),(#5384,#5385),(#5386,#5387)),.UNSPECIFIED.,.F.,.F.,.F.,(4,1,4),(2,
2),(-0.0775397963359397,-0.0382976223526628,0.),(0.,0.0499999999999998),
 .UNSPECIFIED.);
#405=B_SPLINE_SURFACE_WITH_KNOTS('',3,1,((#5401,#5402),(#5403,#5404),(#5405,
#5406),(#5407,#5408),(#5409,#5410)),.UNSPECIFIED.,.F.,.F.,.F.,(4,1,4),(2,
2),(-0.0780517091930779,-0.0391689832339834,0.),(0.,0.0499999999999998),
 .UNSPECIFIED.);
#406=B_SPLINE_SURFACE_WITH_KNOTS('',3,1,((#5424,#5425),(#5426,#5427),(#5428,
#5429),(#5430,#5431),(#5432,#5433)),.UNSPECIFIED.,.F.,.F.,.F.,(4,1,4),(2,
2),(-0.0930735292503809,-0.0426828097818667,0.),(0.,0.0499999999999998),
 .UNSPECIFIED.);
#407=B_SPLINE_SURFACE_WITH_KNOTS('',3,1,((#5447,#5448),(#5449,#5450),(#5451,
#5452),(#5453,#5454),(#5455,#5456)),.UNSPECIFIED.,.F.,.F.,.F.,(4,1,4),(2,
2),(-0.0683570068650464,-0.0367805384060544,0.),(0.,0.0499999999999998),
 .UNSPECIFIED.);
#408=B_SPLINE_SURFACE_WITH_KNOTS('',3,1,((#5470,#5471),(#5472,#5473),(#5474,
#5475),(#5476,#5477),(#5478,#5479)),.UNSPECIFIED.,.F.,.F.,.F.,(4,1,4),(2,
2),(-0.0532258670961034,-0.0277466511661313,0.),(0.,0.0499999999999998),
 .UNSPECIFIED.);
#409=B_SPLINE_SURFACE_WITH_KNOTS('',3,1,((#5493,#5494),(#5495,#5496),(#5497,
#5498),(#5499,#5500),(#5501,#5502)),.UNSPECIFIED.,.F.,.F.,.F.,(4,1,4),(2,
2),(-0.0466906016034972,-0.0239195802438924,0.),(0.,0.0499999999999998),
 .UNSPECIFIED.);
#410=B_SPLINE_SURFACE_WITH_KNOTS('',3,1,((#5516,#5517),(#5518,#5519),(#5520,
#5521),(#5522,#5523),(#5524,#5525)),.UNSPECIFIED.,.F.,.F.,.F.,(4,1,4),(2,
2),(-0.0513342771401797,-0.0239547820398039,0.),(0.,0.0499999999999998),
 .UNSPECIFIED.);
#411=B_SPLINE_SURFACE_WITH_KNOTS('',3,1,((#5545,#5546),(#5547,#5548),(#5549,
#5550),(#5551,#5552),(#5553,#5554)),.UNSPECIFIED.,.F.,.F.,.F.,(4,1,4),(2,
2),(-0.0459392690323358,-0.024731460279633,0.),(0.,0.0499999999999998),
 .UNSPECIFIED.);
#412=B_SPLINE_SURFACE_WITH_KNOTS('',3,1,((#5568,#5569),(#5570,#5571),(#5572,
#5573),(#5574,#5575),(#5576,#5577)),.UNSPECIFIED.,.F.,.F.,.F.,(4,1,4),(2,
2),(-0.0391485779781434,-0.0195272612183204,0.),(0.,0.0499999999999998),
 .UNSPECIFIED.);
#413=B_SPLINE_SURFACE_WITH_KNOTS('',3,1,((#5591,#5592),(#5593,#5594),(#5595,
#5596),(#5597,#5598),(#5599,#5600)),.UNSPECIFIED.,.F.,.F.,.F.,(4,1,4),(2,
2),(-0.0432777301811023,-0.0216321828589288,0.),(0.,0.0499999999999998),
 .UNSPECIFIED.);
#414=B_SPLINE_SURFACE_WITH_KNOTS('',3,1,((#5614,#5615),(#5616,#5617),(#5618,
#5619),(#5620,#5621),(#5622,#5623)),.UNSPECIFIED.,.F.,.F.,.F.,(4,1,4),(2,
2),(-0.0555237467788943,-0.0246969381755458,0.),(0.,0.0499999999999998),
 .UNSPECIFIED.);
#415=B_SPLINE_SURFACE_WITH_KNOTS('',3,1,((#5637,#5638),(#5639,#5640),(#5641,
#5642),(#5643,#5644),(#5645,#5646)),.UNSPECIFIED.,.F.,.F.,.F.,(4,1,4),(2,
2),(-0.0554951410500272,-0.0312033098777359,0.),(0.,0.0499999999999998),
 .UNSPECIFIED.);
#416=B_SPLINE_SURFACE_WITH_KNOTS('',3,1,((#5660,#5661),(#5662,#5663),(#5664,
#5665),(#5666,#5667),(#5668,#5669)),.UNSPECIFIED.,.F.,.F.,.F.,(4,1,4),(2,
2),(-0.0449708558796444,-0.0217436418149727,0.),(0.,0.0499999999999998),
 .UNSPECIFIED.);
#417=B_SPLINE_SURFACE_WITH_KNOTS('',3,1,((#5683,#5684),(#5685,#5686),(#5687,
#5688),(#5689,#5690),(#5691,#5692)),.UNSPECIFIED.,.F.,.F.,.F.,(4,1,4),(2,
2),(-0.0323401821462351,-0.0159484347216551,0.),(0.,0.0499999999999998),
 .UNSPECIFIED.);
#418=B_SPLINE_SURFACE_WITH_KNOTS('',3,1,((#5706,#5707),(#5708,#5709),(#5710,
#5711),(#5712,#5713),(#5714,#5715)),.UNSPECIFIED.,.F.,.F.,.F.,(4,1,4),(2,
2),(-0.0322679070950457,-0.0142282076831894,0.),(0.,0.0499999999999998),
 .UNSPECIFIED.);
#419=B_SPLINE_SURFACE_WITH_KNOTS('',3,1,((#5739,#5740),(#5741,#5742),(#5743,
#5744),(#5745,#5746),(#5747,#5748)),.UNSPECIFIED.,.F.,.F.,.F.,(4,1,4),(2,
2),(-0.0216704179603303,-0.0108298045012395,0.),(0.,0.0499999999999998),
 .UNSPECIFIED.);
#420=B_SPLINE_SURFACE_WITH_KNOTS('',3,1,((#5765,#5766),(#5767,#5768),(#5769,
#5770),(#5771,#5772),(#5773,#5774)),.UNSPECIFIED.,.F.,.F.,.F.,(4,1,4),(2,
2),(-0.0216161460632643,-0.0108133107000671,0.),(0.,0.0499999999999998),
 .UNSPECIFIED.);
#421=B_SPLINE_SURFACE_WITH_KNOTS('',3,1,((#5788,#5789),(#5790,#5791),(#5792,
#5793),(#5794,#5795),(#5796,#5797)),.UNSPECIFIED.,.F.,.F.,.F.,(4,1,4),(2,
2),(-0.0217339410595607,-0.0108360797231884,0.),(0.,0.0499999999999998),
 .UNSPECIFIED.);
#422=B_SPLINE_SURFACE_WITH_KNOTS('',3,1,((#5811,#5812),(#5813,#5814),(#5815,
#5816),(#5817,#5818),(#5819,#5820)),.UNSPECIFIED.,.F.,.F.,.F.,(4,1,4),(2,
2),(-0.0217339607177278,-0.0108977695582695,0.),(0.,0.0499999999999998),
 .UNSPECIFIED.);
#423=B_SPLINE_SURFACE_WITH_KNOTS('',3,1,((#5834,#5835),(#5836,#5837),(#5838,
#5839),(#5840,#5841),(#5842,#5843)),.UNSPECIFIED.,.F.,.F.,.F.,(4,1,4),(2,
2),(-0.0216160443642204,-0.0108026541413722,0.),(0.,0.0499999999999998),
 .UNSPECIFIED.);
#424=B_SPLINE_SURFACE_WITH_KNOTS('',3,1,((#5857,#5858),(#5859,#5860),(#5861,
#5862),(#5863,#5864),(#5865,#5866)),.UNSPECIFIED.,.F.,.F.,.F.,(4,1,4),(2,
2),(-0.021670259194912,-0.0108405718270613,0.),(0.,0.0499999999999998),
 .UNSPECIFIED.);
#425=B_SPLINE_SURFACE_WITH_KNOTS('',3,1,((#5880,#5881),(#5882,#5883),(#5884,
#5885),(#5886,#5887),(#5888,#5889)),.UNSPECIFIED.,.F.,.F.,.F.,(4,1,4),(2,
2),(-0.021551994166054,-0.010796423324529,0.),(0.,0.0499999999999998),
 .UNSPECIFIED.);
#426=B_SPLINE_SURFACE_WITH_KNOTS('',3,1,((#5903,#5904),(#5905,#5906),(#5907,
#5908),(#5909,#5910),(#5911,#5912)),.UNSPECIFIED.,.F.,.F.,.F.,(4,1,4),(2,
2),(-0.0215520333862946,-0.0107557857423744,0.),(0.,0.0499999999999998),
 .UNSPECIFIED.);
#427=B_SPLINE_SURFACE_WITH_KNOTS('',3,1,((#5923,#5924),(#5925,#5926),(#5927,
#5928),(#5929,#5930),(#5931,#5932)),.UNSPECIFIED.,.F.,.F.,.F.,(4,1,4),(2,
2),(-0.0609582375856448,-0.0304216722708698,0.),(0.,0.0499999999999998),
 .UNSPECIFIED.);
#428=B_SPLINE_SURFACE_WITH_KNOTS('',3,1,((#5949,#5950),(#5951,#5952),(#5953,
#5954),(#5955,#5956),(#5957,#5958)),.UNSPECIFIED.,.F.,.F.,.F.,(4,1,4),(2,
2),(-0.061215675794136,-0.0305930774102826,0.),(0.,0.0499999999999998),
 .UNSPECIFIED.);
#429=B_SPLINE_SURFACE_WITH_KNOTS('',3,1,((#5972,#5973),(#5974,#5975),(#5976,
#5977),(#5978,#5979),(#5980,#5981)),.UNSPECIFIED.,.F.,.F.,.F.,(4,1,4),(2,
2),(-0.06095797342484,-0.0304216722708698,0.),(0.,0.0499999999999998),
 .UNSPECIFIED.);
#430=B_SPLINE_SURFACE_WITH_KNOTS('',3,1,((#5995,#5996),(#5997,#5998),(#5999,
#6000),(#6001,#6002),(#6003,#6004)),.UNSPECIFIED.,.F.,.F.,.F.,(4,1,4),(2,
2),(-0.0609582375856448,-0.030536565314775,0.),(0.,0.0499999999999998),
 .UNSPECIFIED.);
#431=B_SPLINE_SURFACE_WITH_KNOTS('',3,1,((#6018,#6019),(#6020,#6021),(#6022,
#6023),(#6024,#6025),(#6026,#6027)),.UNSPECIFIED.,.F.,.F.,.F.,(4,1,4),(2,
2),(-0.0610976169144268,-0.0305892244494653,0.),(0.,0.0499999999999998),
 .UNSPECIFIED.);
#432=B_SPLINE_SURFACE_WITH_KNOTS('',3,1,((#6041,#6042),(#6043,#6044),(#6045,
#6046),(#6047,#6048),(#6049,#6050)),.UNSPECIFIED.,.F.,.F.,.F.,(4,1,4),(2,
2),(-0.0608940661771376,-0.0304788082061628,0.),(0.,0.0499999999999998),
 .UNSPECIFIED.);
#433=B_SPLINE_SURFACE_WITH_KNOTS('',3,1,((#6064,#6065),(#6066,#6067),(#6068,
#6069),(#6070,#6071),(#6072,#6073)),.UNSPECIFIED.,.F.,.F.,.F.,(4,1,4),(2,
2),(-0.0611519175409689,-0.0306162261793239,0.),(0.,0.0499999999999998),
 .UNSPECIFIED.);
#434=B_SPLINE_SURFACE_WITH_KNOTS('',3,1,((#6087,#6088),(#6089,#6090),(#6091,
#6092),(#6093,#6094),(#6095,#6096)),.UNSPECIFIED.,.F.,.F.,.F.,(4,1,4),(2,
2),(-0.0610976169144268,-0.0305083924649614,0.),(0.,0.0499999999999998),
 .UNSPECIFIED.);
#435=B_SPLINE_SURFACE_WITH_KNOTS('',3,3,((#6144,#6145,#6146,#6147),(#6148,
#6149,#6150,#6151),(#6152,#6153,#6154,#6155),(#6156,#6157,#6158,#6159),
(#6160,#6161,#6162,#6163)),.UNSPECIFIED.,.F.,.F.,.F.,(4,1,4),(4,4),(0.,
0.571428571428571,1.),(-3.14159265358955,3.14159265358955),
 .UNSPECIFIED.);
#436=B_SPLINE_SURFACE_WITH_KNOTS('',3,3,((#6491,#6492,#6493,#6494,#6495),
(#6496,#6497,#6498,#6499,#6500),(#6501,#6502,#6503,#6504,#6505),(#6506,
#6507,#6508,#6509,#6510),(#6511,#6512,#6513,#6514,#6515),(#6516,#6517,#6518,
#6519,#6520)),.UNSPECIFIED.,.F.,.F.,.F.,(4,1,1,4),(4,1,4),(0.,0.285714285714286,
0.571428571428571,1.),(-1.5707963267949,-0.897597901025659,-7.85310600619216E-15),
 .UNSPECIFIED.);
#437=B_SPLINE_SURFACE_WITH_KNOTS('',3,3,((#6554,#6555,#6556,#6557,#6558,
#6559),(#6560,#6561,#6562,#6563,#6564,#6565),(#6566,#6567,#6568,#6569,#6570,
#6571),(#6572,#6573,#6574,#6575,#6576,#6577),(#6578,#6579,#6580,#6581,#6582,
#6583),(#6584,#6585,#6586,#6587,#6588,#6589)),.UNSPECIFIED.,.F.,.F.,.F.,
(4,1,1,4),(4,1,1,4),(0.,0.285714285714286,0.571428571428571,1.),(-5.22754303715497E-15,
0.673198425769234,1.12199737628206,1.57079632679489),.UNSPECIFIED.);
#438=B_SPLINE_SURFACE_WITH_KNOTS('',3,3,((#6625,#6626,#6627,#6628,#6629),
(#6630,#6631,#6632,#6633,#6634),(#6635,#6636,#6637,#6638,#6639),(#6640,
#6641,#6642,#6643,#6644),(#6645,#6646,#6647,#6648,#6649)),.UNSPECIFIED.,
 .F.,.F.,.F.,(4,1,4),(4,1,4),(0.,0.5,1.),(-6.40668808312978E-15,0.673198425769235,
1.57079632679489),.UNSPECIFIED.);
#439=B_SPLINE_SURFACE_WITH_KNOTS('',3,3,((#6678,#6679,#6680,#6681,#6682),
(#6683,#6684,#6685,#6686,#6687),(#6688,#6689,#6690,#6691,#6692),(#6693,
#6694,#6695,#6696,#6697),(#6698,#6699,#6700,#6701,#6702)),.UNSPECIFIED.,
 .F.,.F.,.F.,(4,1,4),(4,1,4),(0.,0.5,1.),(-1.5707963267949,-0.89759790102566,
-6.54032452167355E-15),.UNSPECIFIED.);
#440=FACE_OUTER_BOUND('',#641,.T.);
#441=FACE_OUTER_BOUND('',#642,.T.);
#442=FACE_OUTER_BOUND('',#643,.T.);
#443=FACE_OUTER_BOUND('',#644,.T.);
#444=FACE_OUTER_BOUND('',#645,.T.);
#445=FACE_OUTER_BOUND('',#646,.T.);
#446=FACE_OUTER_BOUND('',#647,.T.);
#447=FACE_OUTER_BOUND('',#648,.T.);
#448=FACE_OUTER_BOUND('',#649,.T.);
#449=FACE_OUTER_BOUND('',#650,.T.);
#450=FACE_OUTER_BOUND('',#651,.T.);
#451=FACE_OUTER_BOUND('',#652,.T.);
#452=FACE_OUTER_BOUND('',#653,.T.);
#453=FACE_OUTER_BOUND('',#654,.T.);
#454=FACE_OUTER_BOUND('',#655,.T.);
#455=FACE_OUTER_BOUND('',#656,.T.);
#456=FACE_OUTER_BOUND('',#657,.T.);
#457=FACE_OUTER_BOUND('',#658,.T.);
#458=FACE_OUTER_BOUND('',#659,.T.);
#459=FACE_OUTER_BOUND('',#660,.T.);
#460=FACE_OUTER_BOUND('',#661,.T.);
#461=FACE_OUTER_BOUND('',#662,.T.);
#462=FACE_OUTER_BOUND('',#663,.T.);
#463=FACE_OUTER_BOUND('',#664,.T.);
#464=FACE_OUTER_BOUND('',#665,.T.);
#465=FACE_OUTER_BOUND('',#666,.T.);
#466=FACE_OUTER_BOUND('',#667,.T.);
#467=FACE_OUTER_BOUND('',#668,.T.);
#468=FACE_OUTER_BOUND('',#669,.T.);
#469=FACE_OUTER_BOUND('',#670,.T.);
#470=FACE_OUTER_BOUND('',#671,.T.);
#471=FACE_OUTER_BOUND('',#672,.T.);
#472=FACE_OUTER_BOUND('',#673,.T.);
#473=FACE_OUTER_BOUND('',#674,.T.);
#474=FACE_OUTER_BOUND('',#675,.T.);
#475=FACE_OUTER_BOUND('',#676,.T.);
#476=FACE_OUTER_BOUND('',#677,.T.);
#477=FACE_OUTER_BOUND('',#678,.T.);
#478=FACE_OUTER_BOUND('',#679,.T.);
#479=FACE_OUTER_BOUND('',#680,.T.);
#480=FACE_OUTER_BOUND('',#681,.T.);
#481=FACE_OUTER_BOUND('',#682,.T.);
#482=FACE_OUTER_BOUND('',#683,.T.);
#483=FACE_OUTER_BOUND('',#684,.T.);
#484=FACE_OUTER_BOUND('',#685,.T.);
#485=FACE_OUTER_BOUND('',#686,.T.);
#486=FACE_OUTER_BOUND('',#687,.T.);
#487=FACE_OUTER_BOUND('',#688,.T.);
#488=FACE_OUTER_BOUND('',#689,.T.);
#489=FACE_OUTER_BOUND('',#690,.T.);
#490=FACE_OUTER_BOUND('',#691,.T.);
#491=FACE_OUTER_BOUND('',#692,.T.);
#492=FACE_OUTER_BOUND('',#693,.T.);
#493=FACE_OUTER_BOUND('',#694,.T.);
#494=FACE_OUTER_BOUND('',#695,.T.);
#495=FACE_OUTER_BOUND('',#696,.T.);
#496=FACE_OUTER_BOUND('',#697,.T.);
#497=FACE_OUTER_BOUND('',#698,.T.);
#498=FACE_OUTER_BOUND('',#699,.T.);
#499=FACE_OUTER_BOUND('',#700,.T.);
#500=FACE_OUTER_BOUND('',#701,.T.);
#501=FACE_OUTER_BOUND('',#702,.T.);
#502=FACE_OUTER_BOUND('',#703,.T.);
#503=FACE_OUTER_BOUND('',#704,.T.);
#504=FACE_OUTER_BOUND('',#705,.T.);
#505=FACE_OUTER_BOUND('',#706,.T.);
#506=FACE_OUTER_BOUND('',#707,.T.);
#507=FACE_OUTER_BOUND('',#709,.T.);
#508=FACE_OUTER_BOUND('',#713,.T.);
#509=FACE_OUTER_BOUND('',#714,.T.);
#510=FACE_OUTER_BOUND('',#715,.T.);
#511=FACE_OUTER_BOUND('',#716,.T.);
#512=FACE_OUTER_BOUND('',#717,.T.);
#513=FACE_OUTER_BOUND('',#718,.T.);
#514=FACE_OUTER_BOUND('',#721,.T.);
#515=FACE_OUTER_BOUND('',#722,.T.);
#516=FACE_OUTER_BOUND('',#723,.T.);
#517=FACE_OUTER_BOUND('',#724,.T.);
#518=FACE_OUTER_BOUND('',#725,.T.);
#519=FACE_OUTER_BOUND('',#726,.T.);
#520=FACE_OUTER_BOUND('',#727,.T.);
#521=FACE_OUTER_BOUND('',#728,.T.);
#522=FACE_OUTER_BOUND('',#729,.T.);
#523=FACE_OUTER_BOUND('',#730,.T.);
#524=FACE_OUTER_BOUND('',#731,.T.);
#525=FACE_OUTER_BOUND('',#732,.T.);
#526=FACE_OUTER_BOUND('',#733,.T.);
#527=FACE_OUTER_BOUND('',#734,.T.);
#528=FACE_OUTER_BOUND('',#735,.T.);
#529=FACE_OUTER_BOUND('',#736,.T.);
#530=FACE_OUTER_BOUND('',#737,.T.);
#531=FACE_OUTER_BOUND('',#738,.T.);
#532=FACE_OUTER_BOUND('',#739,.T.);
#533=FACE_OUTER_BOUND('',#740,.T.);
#534=FACE_OUTER_BOUND('',#741,.T.);
#535=FACE_OUTER_BOUND('',#742,.T.);
#536=FACE_OUTER_BOUND('',#743,.T.);
#537=FACE_OUTER_BOUND('',#744,.T.);
#538=FACE_OUTER_BOUND('',#745,.T.);
#539=FACE_OUTER_BOUND('',#746,.T.);
#540=FACE_OUTER_BOUND('',#747,.T.);
#541=FACE_OUTER_BOUND('',#748,.T.);
#542=FACE_OUTER_BOUND('',#749,.T.);
#543=FACE_OUTER_BOUND('',#750,.T.);
#544=FACE_OUTER_BOUND('',#751,.T.);
#545=FACE_OUTER_BOUND('',#752,.T.);
#546=FACE_OUTER_BOUND('',#753,.T.);
#547=FACE_OUTER_BOUND('',#754,.T.);
#548=FACE_OUTER_BOUND('',#755,.T.);
#549=FACE_OUTER_BOUND('',#756,.T.);
#550=FACE_OUTER_BOUND('',#757,.T.);
#551=FACE_OUTER_BOUND('',#758,.T.);
#552=FACE_OUTER_BOUND('',#759,.T.);
#553=FACE_OUTER_BOUND('',#760,.T.);
#554=FACE_OUTER_BOUND('',#761,.T.);
#555=FACE_OUTER_BOUND('',#762,.T.);
#556=FACE_OUTER_BOUND('',#763,.T.);
#557=FACE_OUTER_BOUND('',#764,.T.);
#558=FACE_OUTER_BOUND('',#765,.T.);
#559=FACE_OUTER_BOUND('',#766,.T.);
#560=FACE_OUTER_BOUND('',#767,.T.);
#561=FACE_OUTER_BOUND('',#768,.T.);
#562=FACE_OUTER_BOUND('',#769,.T.);
#563=FACE_OUTER_BOUND('',#770,.T.);
#564=FACE_OUTER_BOUND('',#771,.T.);
#565=FACE_OUTER_BOUND('',#772,.T.);
#566=FACE_OUTER_BOUND('',#773,.T.);
#567=FACE_OUTER_BOUND('',#774,.T.);
#568=FACE_OUTER_BOUND('',#775,.T.);
#569=FACE_OUTER_BOUND('',#776,.T.);
#570=FACE_OUTER_BOUND('',#777,.T.);
#571=FACE_OUTER_BOUND('',#778,.T.);
#572=FACE_OUTER_BOUND('',#779,.T.);
#573=FACE_OUTER_BOUND('',#780,.T.);
#574=FACE_OUTER_BOUND('',#781,.T.);
#575=FACE_OUTER_BOUND('',#782,.T.);
#576=FACE_OUTER_BOUND('',#783,.T.);
#577=FACE_OUTER_BOUND('',#784,.T.);
#578=FACE_OUTER_BOUND('',#785,.T.);
#579=FACE_OUTER_BOUND('',#786,.T.);
#580=FACE_OUTER_BOUND('',#787,.T.);
#581=FACE_OUTER_BOUND('',#788,.T.);
#582=FACE_OUTER_BOUND('',#789,.T.);
#583=FACE_OUTER_BOUND('',#790,.T.);
#584=FACE_OUTER_BOUND('',#791,.T.);
#585=FACE_OUTER_BOUND('',#792,.T.);
#586=FACE_OUTER_BOUND('',#793,.T.);
#587=FACE_OUTER_BOUND('',#794,.T.);
#588=FACE_OUTER_BOUND('',#795,.T.);
#589=FACE_OUTER_BOUND('',#796,.T.);
#590=FACE_OUTER_BOUND('',#797,.T.);
#591=FACE_OUTER_BOUND('',#798,.T.);
#592=FACE_OUTER_BOUND('',#799,.T.);
#593=FACE_OUTER_BOUND('',#800,.T.);
#594=FACE_OUTER_BOUND('',#801,.T.);
#595=FACE_OUTER_BOUND('',#802,.T.);
#596=FACE_OUTER_BOUND('',#803,.T.);
#597=FACE_OUTER_BOUND('',#804,.T.);
#598=FACE_OUTER_BOUND('',#805,.T.);
#599=FACE_OUTER_BOUND('',#806,.T.);
#600=FACE_OUTER_BOUND('',#807,.T.);
#601=FACE_OUTER_BOUND('',#808,.T.);
#602=FACE_OUTER_BOUND('',#809,.T.);
#603=FACE_OUTER_BOUND('',#810,.T.);
#604=FACE_OUTER_BOUND('',#811,.T.);
#605=FACE_OUTER_BOUND('',#812,.T.);
#606=FACE_OUTER_BOUND('',#813,.T.);
#607=FACE_OUTER_BOUND('',#814,.T.);
#608=FACE_OUTER_BOUND('',#815,.T.);
#609=FACE_OUTER_BOUND('',#816,.T.);
#610=FACE_OUTER_BOUND('',#817,.T.);
#611=FACE_OUTER_BOUND('',#818,.T.);
#612=FACE_OUTER_BOUND('',#819,.T.);
#613=FACE_OUTER_BOUND('',#820,.T.);
#614=FACE_OUTER_BOUND('',#821,.T.);
#615=FACE_OUTER_BOUND('',#822,.T.);
#616=FACE_OUTER_BOUND('',#823,.T.);
#617=FACE_OUTER_BOUND('',#824,.T.);
#618=FACE_OUTER_BOUND('',#825,.T.);
#619=FACE_OUTER_BOUND('',#826,.T.);
#620=FACE_OUTER_BOUND('',#827,.T.);
#621=FACE_OUTER_BOUND('',#828,.T.);
#622=FACE_OUTER_BOUND('',#829,.T.);
#623=FACE_OUTER_BOUND('',#830,.T.);
#624=FACE_OUTER_BOUND('',#831,.T.);
#625=FACE_OUTER_BOUND('',#832,.T.);
#626=FACE_OUTER_BOUND('',#833,.T.);
#627=FACE_OUTER_BOUND('',#834,.T.);
#628=FACE_OUTER_BOUND('',#835,.T.);
#629=FACE_OUTER_BOUND('',#836,.T.);
#630=FACE_OUTER_BOUND('',#837,.T.);
#631=FACE_OUTER_BOUND('',#838,.T.);
#632=FACE_OUTER_BOUND('',#839,.T.);
#633=FACE_OUTER_BOUND('',#840,.T.);
#634=FACE_OUTER_BOUND('',#841,.T.);
#635=FACE_OUTER_BOUND('',#842,.T.);
#636=FACE_OUTER_BOUND('',#843,.T.);
#637=FACE_OUTER_BOUND('',#844,.T.);
#638=FACE_OUTER_BOUND('',#845,.T.);
#639=FACE_OUTER_BOUND('',#846,.T.);
#640=FACE_OUTER_BOUND('',#847,.T.);
#641=EDGE_LOOP('',(#2303,#2304,#2305,#2306));
#642=EDGE_LOOP('',(#2307,#2308,#2309,#2310));
#643=EDGE_LOOP('',(#2311,#2312,#2313,#2314));
#644=EDGE_LOOP('',(#2315,#2316,#2317,#2318));
#645=EDGE_LOOP('',(#2319,#2320,#2321,#2322));
#646=EDGE_LOOP('',(#2323,#2324,#2325,#2326));
#647=EDGE_LOOP('',(#2327,#2328,#2329,#2330));
#648=EDGE_LOOP('',(#2331,#2332,#2333,#2334));
#649=EDGE_LOOP('',(#2335,#2336,#2337,#2338));
#650=EDGE_LOOP('',(#2339,#2340,#2341,#2342));
#651=EDGE_LOOP('',(#2343,#2344,#2345,#2346));
#652=EDGE_LOOP('',(#2347,#2348,#2349,#2350));
#653=EDGE_LOOP('',(#2351,#2352,#2353,#2354));
#654=EDGE_LOOP('',(#2355,#2356,#2357,#2358));
#655=EDGE_LOOP('',(#2359,#2360,#2361,#2362));
#656=EDGE_LOOP('',(#2363,#2364,#2365,#2366));
#657=EDGE_LOOP('',(#2367,#2368,#2369,#2370));
#658=EDGE_LOOP('',(#2371,#2372,#2373,#2374));
#659=EDGE_LOOP('',(#2375,#2376,#2377,#2378));
#660=EDGE_LOOP('',(#2379,#2380,#2381,#2382));
#661=EDGE_LOOP('',(#2383,#2384,#2385,#2386));
#662=EDGE_LOOP('',(#2387,#2388,#2389,#2390));
#663=EDGE_LOOP('',(#2391,#2392,#2393,#2394,#2395,#2396,#2397,#2398,#2399,
#2400,#2401,#2402,#2403,#2404,#2405,#2406,#2407,#2408,#2409,#2410,#2411,
#2412));
#664=EDGE_LOOP('',(#2413,#2414,#2415,#2416));
#665=EDGE_LOOP('',(#2417,#2418,#2419,#2420));
#666=EDGE_LOOP('',(#2421,#2422,#2423,#2424));
#667=EDGE_LOOP('',(#2425,#2426,#2427,#2428));
#668=EDGE_LOOP('',(#2429,#2430,#2431,#2432));
#669=EDGE_LOOP('',(#2433,#2434,#2435,#2436));
#670=EDGE_LOOP('',(#2437,#2438,#2439,#2440));
#671=EDGE_LOOP('',(#2441,#2442,#2443,#2444));
#672=EDGE_LOOP('',(#2445,#2446,#2447,#2448));
#673=EDGE_LOOP('',(#2449,#2450,#2451,#2452));
#674=EDGE_LOOP('',(#2453,#2454,#2455,#2456));
#675=EDGE_LOOP('',(#2457,#2458,#2459,#2460));
#676=EDGE_LOOP('',(#2461,#2462,#2463,#2464));
#677=EDGE_LOOP('',(#2465,#2466,#2467,#2468));
#678=EDGE_LOOP('',(#2469,#2470,#2471,#2472));
#679=EDGE_LOOP('',(#2473,#2474,#2475,#2476));
#680=EDGE_LOOP('',(#2477,#2478,#2479,#2480));
#681=EDGE_LOOP('',(#2481,#2482,#2483,#2484));
#682=EDGE_LOOP('',(#2485,#2486,#2487,#2488));
#683=EDGE_LOOP('',(#2489,#2490,#2491,#2492));
#684=EDGE_LOOP('',(#2493,#2494,#2495,#2496));
#685=EDGE_LOOP('',(#2497,#2498,#2499,#2500));
#686=EDGE_LOOP('',(#2501,#2502,#2503,#2504));
#687=EDGE_LOOP('',(#2505,#2506,#2507,#2508));
#688=EDGE_LOOP('',(#2509,#2510,#2511,#2512));
#689=EDGE_LOOP('',(#2513,#2514,#2515,#2516));
#690=EDGE_LOOP('',(#2517,#2518,#2519,#2520,#2521,#2522,#2523,#2524,#2525,
#2526,#2527,#2528,#2529,#2530,#2531,#2532,#2533,#2534,#2535,#2536,#2537,
#2538,#2539,#2540,#2541,#2542));
#691=EDGE_LOOP('',(#2543,#2544,#2545,#2546));
#692=EDGE_LOOP('',(#2547,#2548,#2549,#2550));
#693=EDGE_LOOP('',(#2551,#2552,#2553,#2554));
#694=EDGE_LOOP('',(#2555,#2556,#2557,#2558));
#695=EDGE_LOOP('',(#2559,#2560,#2561,#2562));
#696=EDGE_LOOP('',(#2563,#2564,#2565,#2566));
#697=EDGE_LOOP('',(#2567,#2568,#2569,#2570));
#698=EDGE_LOOP('',(#2571,#2572,#2573,#2574));
#699=EDGE_LOOP('',(#2575,#2576,#2577,#2578));
#700=EDGE_LOOP('',(#2579,#2580,#2581,#2582));
#701=EDGE_LOOP('',(#2583,#2584,#2585,#2586));
#702=EDGE_LOOP('',(#2587,#2588,#2589,#2590));
#703=EDGE_LOOP('',(#2591,#2592,#2593,#2594));
#704=EDGE_LOOP('',(#2595,#2596,#2597,#2598));
#705=EDGE_LOOP('',(#2599,#2600,#2601,#2602));
#706=EDGE_LOOP('',(#2603,#2604,#2605,#2606));
#707=EDGE_LOOP('',(#2607,#2608,#2609,#2610,#2611,#2612,#2613,#2614));
#708=EDGE_LOOP('',(#2615,#2616,#2617,#2618,#2619,#2620,#2621,#2622));
#709=EDGE_LOOP('',(#2623,#2624,#2625,#2626,#2627,#2628,#2629,#2630,#2631,
#2632,#2633,#2634));
#710=EDGE_LOOP('',(#2635,#2636,#2637,#2638,#2639,#2640,#2641,#2642,#2643,
#2644,#2645,#2646,#2647,#2648,#2649,#2650,#2651,#2652,#2653,#2654,#2655,
#2656));
#711=EDGE_LOOP('',(#2657,#2658,#2659,#2660,#2661,#2662,#2663,#2664,#2665,
#2666,#2667,#2668,#2669,#2670,#2671,#2672,#2673,#2674,#2675,#2676,#2677,
#2678,#2679,#2680,#2681,#2682));
#712=EDGE_LOOP('',(#2683,#2684,#2685,#2686,#2687,#2688,#2689,#2690));
#713=EDGE_LOOP('',(#2691,#2692,#2693,#2694,#2695));
#714=EDGE_LOOP('',(#2696,#2697,#2698,#2699));
#715=EDGE_LOOP('',(#2700,#2701,#2702,#2703,#2704,#2705));
#716=EDGE_LOOP('',(#2706,#2707,#2708,#2709,#2710,#2711));
#717=EDGE_LOOP('',(#2712,#2713,#2714,#2715,#2716));
#718=EDGE_LOOP('',(#2717,#2718,#2719,#2720,#2721,#2722,#2723,#2724,#2725,
#2726));
#719=EDGE_LOOP('',(#2727,#2728,#2729,#2730));
#720=EDGE_LOOP('',(#2731));
#721=EDGE_LOOP('',(#2732,#2733,#2734,#2735,#2736));
#722=EDGE_LOOP('',(#2737,#2738,#2739,#2740));
#723=EDGE_LOOP('',(#2741,#2742,#2743,#2744));
#724=EDGE_LOOP('',(#2745,#2746,#2747,#2748));
#725=EDGE_LOOP('',(#2749,#2750,#2751,#2752));
#726=EDGE_LOOP('',(#2753,#2754,#2755,#2756));
#727=EDGE_LOOP('',(#2757,#2758,#2759,#2760));
#728=EDGE_LOOP('',(#2761,#2762,#2763,#2764));
#729=EDGE_LOOP('',(#2765,#2766,#2767,#2768,#2769,#2770));
#730=EDGE_LOOP('',(#2771,#2772,#2773,#2774,#2775));
#731=EDGE_LOOP('',(#2776,#2777,#2778,#2779));
#732=EDGE_LOOP('',(#2780,#2781,#2782,#2783));
#733=EDGE_LOOP('',(#2784,#2785,#2786,#2787,#2788,#2789));
#734=EDGE_LOOP('',(#2790,#2791,#2792,#2793,#2794));
#735=EDGE_LOOP('',(#2795,#2796,#2797,#2798,#2799,#2800));
#736=EDGE_LOOP('',(#2801,#2802,#2803,#2804,#2805,#2806));
#737=EDGE_LOOP('',(#2807,#2808,#2809,#2810,#2811,#2812));
#738=EDGE_LOOP('',(#2813,#2814,#2815,#2816,#2817,#2818));
#739=EDGE_LOOP('',(#2819,#2820,#2821,#2822,#2823,#2824));
#740=EDGE_LOOP('',(#2825,#2826,#2827,#2828,#2829,#2830));
#741=EDGE_LOOP('',(#2831,#2832,#2833,#2834));
#742=EDGE_LOOP('',(#2835,#2836,#2837,#2838,#2839,#2840));
#743=EDGE_LOOP('',(#2841,#2842,#2843,#2844));
#744=EDGE_LOOP('',(#2845,#2846,#2847,#2848));
#745=EDGE_LOOP('',(#2849,#2850,#2851,#2852,#2853,#2854));
#746=EDGE_LOOP('',(#2855,#2856,#2857,#2858,#2859));
#747=EDGE_LOOP('',(#2860,#2861,#2862,#2863));
#748=EDGE_LOOP('',(#2864,#2865,#2866,#2867,#2868));
#749=EDGE_LOOP('',(#2869,#2870,#2871,#2872,#2873,#2874,#2875,#2876,#2877,
#2878,#2879,#2880));
#750=EDGE_LOOP('',(#2881,#2882,#2883,#2884,#2885,#2886));
#751=EDGE_LOOP('',(#2887,#2888,#2889,#2890));
#752=EDGE_LOOP('',(#2891,#2892,#2893,#2894,#2895,#2896,#2897,#2898,#2899,
#2900,#2901,#2902,#2903,#2904,#2905,#2906,#2907));
#753=EDGE_LOOP('',(#2908,#2909,#2910,#2911));
#754=EDGE_LOOP('',(#2912,#2913,#2914));
#755=EDGE_LOOP('',(#2915,#2916,#2917));
#756=EDGE_LOOP('',(#2918,#2919,#2920,#2921,#2922));
#757=EDGE_LOOP('',(#2923,#2924,#2925,#2926));
#758=EDGE_LOOP('',(#2927,#2928,#2929,#2930));
#759=EDGE_LOOP('',(#2931,#2932,#2933));
#760=EDGE_LOOP('',(#2934,#2935,#2936,#2937));
#761=EDGE_LOOP('',(#2938,#2939,#2940,#2941));
#762=EDGE_LOOP('',(#2942,#2943,#2944,#2945));
#763=EDGE_LOOP('',(#2946,#2947,#2948,#2949));
#764=EDGE_LOOP('',(#2950,#2951,#2952,#2953));
#765=EDGE_LOOP('',(#2954,#2955,#2956,#2957));
#766=EDGE_LOOP('',(#2958,#2959,#2960,#2961,#2962,#2963));
#767=EDGE_LOOP('',(#2964,#2965,#2966,#2967));
#768=EDGE_LOOP('',(#2968,#2969,#2970,#2971));
#769=EDGE_LOOP('',(#2972,#2973,#2974,#2975,#2976,#2977));
#770=EDGE_LOOP('',(#2978,#2979,#2980,#2981));
#771=EDGE_LOOP('',(#2982,#2983,#2984,#2985,#2986));
#772=EDGE_LOOP('',(#2987,#2988,#2989));
#773=EDGE_LOOP('',(#2990,#2991,#2992));
#774=EDGE_LOOP('',(#2993,#2994,#2995));
#775=EDGE_LOOP('',(#2996,#2997,#2998,#2999,#3000,#3001,#3002,#3003,#3004));
#776=EDGE_LOOP('',(#3005,#3006,#3007));
#777=EDGE_LOOP('',(#3008,#3009,#3010,#3011,#3012,#3013,#3014,#3015,#3016));
#778=EDGE_LOOP('',(#3017,#3018,#3019,#3020));
#779=EDGE_LOOP('',(#3021,#3022,#3023,#3024));
#780=EDGE_LOOP('',(#3025,#3026,#3027,#3028));
#781=EDGE_LOOP('',(#3029,#3030,#3031,#3032,#3033,#3034));
#782=EDGE_LOOP('',(#3035,#3036,#3037,#3038));
#783=EDGE_LOOP('',(#3039,#3040,#3041,#3042,#3043,#3044));
#784=EDGE_LOOP('',(#3045,#3046,#3047,#3048));
#785=EDGE_LOOP('',(#3049,#3050,#3051,#3052));
#786=EDGE_LOOP('',(#3053,#3054,#3055,#3056));
#787=EDGE_LOOP('',(#3057,#3058,#3059,#3060));
#788=EDGE_LOOP('',(#3061,#3062,#3063,#3064));
#789=EDGE_LOOP('',(#3065,#3066,#3067,#3068));
#790=EDGE_LOOP('',(#3069,#3070,#3071,#3072,#3073));
#791=EDGE_LOOP('',(#3074,#3075,#3076,#3077));
#792=EDGE_LOOP('',(#3078,#3079,#3080,#3081));
#793=EDGE_LOOP('',(#3082,#3083,#3084,#3085));
#794=EDGE_LOOP('',(#3086,#3087,#3088,#3089));
#795=EDGE_LOOP('',(#3090,#3091,#3092,#3093));
#796=EDGE_LOOP('',(#3094,#3095,#3096,#3097));
#797=EDGE_LOOP('',(#3098,#3099,#3100,#3101));
#798=EDGE_LOOP('',(#3102,#3103,#3104,#3105,#3106));
#799=EDGE_LOOP('',(#3107,#3108,#3109,#3110));
#800=EDGE_LOOP('',(#3111,#3112,#3113,#3114));
#801=EDGE_LOOP('',(#3115,#3116,#3117,#3118));
#802=EDGE_LOOP('',(#3119,#3120,#3121,#3122,#3123));
#803=EDGE_LOOP('',(#3124,#3125,#3126,#3127));
#804=EDGE_LOOP('',(#3128,#3129,#3130,#3131,#3132));
#805=EDGE_LOOP('',(#3133,#3134,#3135,#3136));
#806=EDGE_LOOP('',(#3137,#3138,#3139,#3140));
#807=EDGE_LOOP('',(#3141,#3142,#3143,#3144,#3145,#3146));
#808=EDGE_LOOP('',(#3147,#3148,#3149,#3150,#3151,#3152));
#809=EDGE_LOOP('',(#3153,#3154,#3155,#3156,#3157,#3158));
#810=EDGE_LOOP('',(#3159,#3160,#3161,#3162,#3163,#3164));
#811=EDGE_LOOP('',(#3165,#3166,#3167,#3168));
#812=EDGE_LOOP('',(#3169,#3170,#3171,#3172));
#813=EDGE_LOOP('',(#3173,#3174,#3175,#3176,#3177,#3178,#3179,#3180,#3181,
#3182,#3183,#3184,#3185,#3186,#3187,#3188));
#814=EDGE_LOOP('',(#3189,#3190,#3191,#3192));
#815=EDGE_LOOP('',(#3193,#3194,#3195,#3196));
#816=EDGE_LOOP('',(#3197,#3198,#3199,#3200,#3201,#3202,#3203,#3204));
#817=EDGE_LOOP('',(#3205,#3206,#3207,#3208));
#818=EDGE_LOOP('',(#3209,#3210,#3211,#3212));
#819=EDGE_LOOP('',(#3213,#3214,#3215,#3216));
#820=EDGE_LOOP('',(#3217,#3218,#3219,#3220));
#821=EDGE_LOOP('',(#3221,#3222,#3223,#3224));
#822=EDGE_LOOP('',(#3225,#3226,#3227,#3228,#3229,#3230));
#823=EDGE_LOOP('',(#3231,#3232,#3233,#3234));
#824=EDGE_LOOP('',(#3235,#3236,#3237,#3238,#3239,#3240));
#825=EDGE_LOOP('',(#3241,#3242,#3243,#3244));
#826=EDGE_LOOP('',(#3245,#3246,#3247,#3248,#3249,#3250));
#827=EDGE_LOOP('',(#3251,#3252,#3253,#3254));
#828=EDGE_LOOP('',(#3255,#3256,#3257,#3258));
#829=EDGE_LOOP('',(#3259,#3260,#3261,#3262,#3263,#3264));
#830=EDGE_LOOP('',(#3265,#3266,#3267,#3268));
#831=EDGE_LOOP('',(#3269,#3270,#3271,#3272));
#832=EDGE_LOOP('',(#3273,#3274,#3275,#3276,#3277,#3278,#3279,#3280));
#833=EDGE_LOOP('',(#3281,#3282,#3283,#3284,#3285,#3286));
#834=EDGE_LOOP('',(#3287,#3288,#3289,#3290,#3291,#3292,#3293,#3294,#3295,
#3296,#3297,#3298,#3299,#3300,#3301,#3302,#3303,#3304,#3305,#3306,#3307,
#3308,#3309,#3310,#3311,#3312,#3313,#3314,#3315,#3316,#3317,#3318));
#835=EDGE_LOOP('',(#3319,#3320,#3321,#3322));
#836=EDGE_LOOP('',(#3323,#3324,#3325,#3326));
#837=EDGE_LOOP('',(#3327,#3328,#3329,#3330));
#838=EDGE_LOOP('',(#3331,#3332,#3333,#3334,#3335,#3336));
#839=EDGE_LOOP('',(#3337,#3338,#3339,#3340));
#840=EDGE_LOOP('',(#3341,#3342,#3343,#3344,#3345,#3346));
#841=EDGE_LOOP('',(#3347,#3348,#3349,#3350));
#842=EDGE_LOOP('',(#3351,#3352,#3353,#3354));
#843=EDGE_LOOP('',(#3355,#3356,#3357,#3358,#3359,#3360,#3361));
#844=EDGE_LOOP('',(#3362,#3363,#3364,#3365,#3366,#3367,#3368));
#845=EDGE_LOOP('',(#3369,#3370,#3371,#3372));
#846=EDGE_LOOP('',(#3373,#3374,#3375,#3376));
#847=EDGE_LOOP('',(#3377,#3378,#3379,#3380));
#848=EDGE_LOOP('',(#3381));
#849=EDGE_LOOP('',(#3382));
#850=EDGE_LOOP('',(#3383));
#851=EDGE_LOOP('',(#3384));
#852=EDGE_LOOP('',(#3385));
#853=EDGE_LOOP('',(#3386));
#854=EDGE_LOOP('',(#3387));
#855=EDGE_LOOP('',(#3388,#3389,#3390,#3391));
#856=EDGE_LOOP('',(#3392));
#857=LINE('',#4823,#1136);
#858=LINE('',#4825,#1137);
#859=LINE('',#4827,#1138);
#860=LINE('',#4828,#1139);
#861=LINE('',#4851,#1140);
#862=LINE('',#4874,#1141);
#863=LINE('',#4897,#1142);
#864=LINE('',#4920,#1143);
#865=LINE('',#4943,#1144);
#866=LINE('',#4966,#1145);
#867=LINE('',#4989,#1146);
#868=LINE('',#5012,#1147);
#869=LINE('',#5015,#1148);
#870=LINE('',#5017,#1149);
#871=LINE('',#5018,#1150);
#872=LINE('',#5041,#1151);
#873=LINE('',#5064,#1152);
#874=LINE('',#5087,#1153);
#875=LINE('',#5110,#1154);
#876=LINE('',#5133,#1155);
#877=LINE('',#5156,#1156);
#878=LINE('',#5179,#1157);
#879=LINE('',#5202,#1158);
#880=LINE('',#5225,#1159);
#881=LINE('',#5248,#1160);
#882=LINE('',#5251,#1161);
#883=LINE('',#5253,#1162);
#884=LINE('',#5254,#1163);
#885=LINE('',#5256,#1164);
#886=LINE('',#5257,#1165);
#887=LINE('',#5262,#1166);
#888=LINE('',#5264,#1167);
#889=LINE('',#5266,#1168);
#890=LINE('',#5267,#1169);
#891=LINE('',#5270,#1170);
#892=LINE('',#5272,#1171);
#893=LINE('',#5273,#1172);
#894=LINE('',#5276,#1173);
#895=LINE('',#5278,#1174);
#896=LINE('',#5279,#1175);
#897=LINE('',#5282,#1176);
#898=LINE('',#5284,#1177);
#899=LINE('',#5285,#1178);
#900=LINE('',#5308,#1179);
#901=LINE('',#5331,#1180);
#902=LINE('',#5354,#1181);
#903=LINE('',#5377,#1182);
#904=LINE('',#5400,#1183);
#905=LINE('',#5423,#1184);
#906=LINE('',#5446,#1185);
#907=LINE('',#5469,#1186);
#908=LINE('',#5492,#1187);
#909=LINE('',#5515,#1188);
#910=LINE('',#5538,#1189);
#911=LINE('',#5541,#1190);
#912=LINE('',#5543,#1191);
#913=LINE('',#5544,#1192);
#914=LINE('',#5567,#1193);
#915=LINE('',#5590,#1194);
#916=LINE('',#5613,#1195);
#917=LINE('',#5636,#1196);
#918=LINE('',#5659,#1197);
#919=LINE('',#5682,#1198);
#920=LINE('',#5705,#1199);
#921=LINE('',#5728,#1200);
#922=LINE('',#5731,#1201);
#923=LINE('',#5733,#1202);
#924=LINE('',#5734,#1203);
#925=LINE('',#5736,#1204);
#926=LINE('',#5737,#1205);
#927=LINE('',#5757,#1206);
#928=LINE('',#5764,#1207);
#929=LINE('',#5787,#1208);
#930=LINE('',#5810,#1209);
#931=LINE('',#5833,#1210);
#932=LINE('',#5856,#1211);
#933=LINE('',#5879,#1212);
#934=LINE('',#5902,#1213);
#935=LINE('',#5941,#1214);
#936=LINE('',#5948,#1215);
#937=LINE('',#5971,#1216);
#938=LINE('',#5994,#1217);
#939=LINE('',#6017,#1218);
#940=LINE('',#6040,#1219);
#941=LINE('',#6063,#1220);
#942=LINE('',#6086,#1221);
#943=LINE('',#6111,#1222);
#944=LINE('',#6113,#1223);
#945=LINE('',#6115,#1224);
#946=LINE('',#6117,#1225);
#947=LINE('',#6119,#1226);
#948=LINE('',#6121,#1227);
#949=LINE('',#6123,#1228);
#950=LINE('',#6125,#1229);
#951=LINE('',#6127,#1230);
#952=LINE('',#6129,#1231);
#953=LINE('',#6131,#1232);
#954=LINE('',#6132,#1233);
#955=LINE('',#6174,#1234);
#956=LINE('',#6178,#1235);
#957=LINE('',#6181,#1236);
#958=LINE('',#6185,#1237);
#959=LINE('',#6197,#1238);
#960=LINE('',#6199,#1239);
#961=LINE('',#6201,#1240);
#962=LINE('',#6207,#1241);
#963=LINE('',#6209,#1242);
#964=LINE('',#6211,#1243);
#965=LINE('',#6217,#1244);
#966=LINE('',#6219,#1245);
#967=LINE('',#6221,#1246);
#968=LINE('',#6222,#1247);
#969=LINE('',#6226,#1248);
#970=LINE('',#6231,#1249);
#971=LINE('',#6235,#1250);
#972=LINE('',#6239,#1251);
#973=LINE('',#6242,#1252);
#974=LINE('',#6245,#1253);
#975=LINE('',#6247,#1254);
#976=LINE('',#6248,#1255);
#977=LINE('',#6251,#1256);
#978=LINE('',#6252,#1257);
#979=LINE('',#6256,#1258);
#980=LINE('',#6260,#1259);
#981=LINE('',#6264,#1260);
#982=LINE('',#6270,#1261);
#983=LINE('',#6274,#1262);
#984=LINE('',#6279,#1263);
#985=LINE('',#6282,#1264);
#986=LINE('',#6285,#1265);
#987=LINE('',#6289,#1266);
#988=LINE('',#6293,#1267);
#989=LINE('',#6297,#1268);
#990=LINE('',#6301,#1269);
#991=LINE('',#6306,#1270);
#992=LINE('',#6308,#1271);
#993=LINE('',#6312,#1272);
#994=LINE('',#6316,#1273);
#995=LINE('',#6319,#1274);
#996=LINE('',#6322,#1275);
#997=LINE('',#6325,#1276);
#998=LINE('',#6328,#1277);
#999=LINE('',#6329,#1278);
#1000=LINE('',#6332,#1279);
#1001=LINE('',#6334,#1280);
#1002=LINE('',#6338,#1281);
#1003=LINE('',#6342,#1282);
#1004=LINE('',#6346,#1283);
#1005=LINE('',#6349,#1284);
#1006=LINE('',#6371,#1285);
#1007=LINE('',#6374,#1286);
#1008=LINE('',#6375,#1287);
#1009=LINE('',#6378,#1288);
#1010=LINE('',#6381,#1289);
#1011=LINE('',#6402,#1290);
#1012=LINE('',#6403,#1291);
#1013=LINE('',#6404,#1292);
#1014=LINE('',#6407,#1293);
#1015=LINE('',#6409,#1294);
#1016=LINE('',#6415,#1295);
#1017=LINE('',#6417,#1296);
#1018=LINE('',#6420,#1297);
#1019=LINE('',#6422,#1298);
#1020=LINE('',#6433,#1299);
#1021=LINE('',#6437,#1300);
#1022=LINE('',#6439,#1301);
#1023=LINE('',#6440,#1302);
#1024=LINE('',#6443,#1303);
#1025=LINE('',#6447,#1304);
#1026=LINE('',#6451,#1305);
#1027=LINE('',#6455,#1306);
#1028=LINE('',#6457,#1307);
#1029=LINE('',#6459,#1308);
#1030=LINE('',#6463,#1309);
#1031=LINE('',#6465,#1310);
#1032=LINE('',#6466,#1311);
#1033=LINE('',#6537,#1312);
#1034=LINE('',#6538,#1313);
#1035=LINE('',#6550,#1314);
#1036=LINE('',#6552,#1315);
#1037=LINE('',#6620,#1316);
#1038=LINE('',#6621,#1317);
#1039=LINE('',#6623,#1318);
#1040=LINE('',#6624,#1319);
#1041=LINE('',#6672,#1320);
#1042=LINE('',#6674,#1321);
#1043=LINE('',#6677,#1322);
#1044=LINE('',#6714,#1323);
#1045=LINE('',#6738,#1324);
#1046=LINE('',#6742,#1325);
#1047=LINE('',#6744,#1326);
#1048=LINE('',#6756,#1327);
#1049=LINE('',#6759,#1328);
#1050=LINE('',#6761,#1329);
#1051=LINE('',#6763,#1330);
#1052=LINE('',#6764,#1331);
#1053=LINE('',#6792,#1332);
#1054=LINE('',#6805,#1333);
#1055=LINE('',#6808,#1334);
#1056=LINE('',#6811,#1335);
#1057=LINE('',#6813,#1336);
#1058=LINE('',#6814,#1337);
#1059=LINE('',#6816,#1338);
#1060=LINE('',#6817,#1339);
#1061=LINE('',#6821,#1340);
#1062=LINE('',#6823,#1341);
#1063=LINE('',#6824,#1342);
#1064=LINE('',#6826,#1343);
#1065=LINE('',#6827,#1344);
#1066=LINE('',#6829,#1345);
#1067=LINE('',#6830,#1346);
#1068=LINE('',#6834,#1347);
#1069=LINE('',#6835,#1348);
#1070=LINE('',#6837,#1349);
#1071=LINE('',#6838,#1350);
#1072=LINE('',#6841,#1351);
#1073=LINE('',#6843,#1352);
#1074=LINE('',#6848,#1353);
#1075=LINE('',#6849,#1354);
#1076=LINE('',#6851,#1355);
#1077=LINE('',#6852,#1356);
#1078=LINE('',#6854,#1357);
#1079=LINE('',#6855,#1358);
#1080=LINE('',#6859,#1359);
#1081=LINE('',#6860,#1360);
#1082=LINE('',#6862,#1361);
#1083=LINE('',#6864,#1362);
#1084=LINE('',#6867,#1363);
#1085=LINE('',#6869,#1364);
#1086=LINE('',#6870,#1365);
#1087=LINE('',#6876,#1366);
#1088=LINE('',#6881,#1367);
#1089=LINE('',#6887,#1368);
#1090=LINE('',#6891,#1369);
#1091=LINE('',#6894,#1370);
#1092=LINE('',#6895,#1371);
#1093=LINE('',#6897,#1372);
#1094=LINE('',#6898,#1373);
#1095=LINE('',#6908,#1374);
#1096=LINE('',#6910,#1375);
#1097=LINE('',#6912,#1376);
#1098=LINE('',#6913,#1377);
#1099=LINE('',#6916,#1378);
#1100=LINE('',#6918,#1379);
#1101=LINE('',#6919,#1380);
#1102=LINE('',#6922,#1381);
#1103=LINE('',#6923,#1382);
#1104=LINE('',#6924,#1383);
#1105=LINE('',#6928,#1384);
#1106=LINE('',#6930,#1385);
#1107=LINE('',#6932,#1386);
#1108=LINE('',#6933,#1387);
#1109=LINE('',#6936,#1388);
#1110=LINE('',#6937,#1389);
#1111=LINE('',#6939,#1390);
#1112=LINE('',#6940,#1391);
#1113=LINE('',#6943,#1392);
#1114=LINE('',#6944,#1393);
#1115=LINE('',#6947,#1394);
#1116=LINE('',#6948,#1395);
#1117=LINE('',#6949,#1396);
#1118=LINE('',#6952,#1397);
#1119=LINE('',#6954,#1398);
#1120=LINE('',#6956,#1399);
#1121=LINE('',#6957,#1400);
#1122=LINE('',#6959,#1401);
#1123=LINE('',#6962,#1402);
#1124=LINE('',#6964,#1403);
#1125=LINE('',#6968,#1404);
#1126=LINE('',#6972,#1405);
#1127=LINE('',#6976,#1406);
#1128=LINE('',#6980,#1407);
#1129=LINE('',#6984,#1408);
#1130=LINE('',#6988,#1409);
#1131=LINE('',#6992,#1410);
#1132=LINE('',#6996,#1411);
#1133=LINE('',#7002,#1412);
#1134=LINE('',#7003,#1413);
#1135=LINE('',#7005,#1414);
#1136=VECTOR('',#3952,10.);
#1137=VECTOR('',#3953,10.);
#1138=VECTOR('',#3954,10.);
#1139=VECTOR('',#3955,10.);
#1140=VECTOR('',#3956,10.);
#1141=VECTOR('',#3957,10.);
#1142=VECTOR('',#3958,10.);
#1143=VECTOR('',#3959,10.);
#1144=VECTOR('',#3960,10.);
#1145=VECTOR('',#3961,10.);
#1146=VECTOR('',#3962,10.);
#1147=VECTOR('',#3963,10.);
#1148=VECTOR('',#3966,10.);
#1149=VECTOR('',#3967,10.);
#1150=VECTOR('',#3968,10.);
#1151=VECTOR('',#3969,10.);
#1152=VECTOR('',#3970,10.);
#1153=VECTOR('',#3971,10.);
#1154=VECTOR('',#3972,10.);
#1155=VECTOR('',#3973,10.);
#1156=VECTOR('',#3974,10.);
#1157=VECTOR('',#3975,10.);
#1158=VECTOR('',#3976,10.);
#1159=VECTOR('',#3977,10.);
#1160=VECTOR('',#3978,10.);
#1161=VECTOR('',#3981,10.);
#1162=VECTOR('',#3982,10.);
#1163=VECTOR('',#3983,10.);
#1164=VECTOR('',#3986,10.);
#1165=VECTOR('',#3987,10.);
#1166=VECTOR('',#3992,10.);
#1167=VECTOR('',#3993,10.);
#1168=VECTOR('',#3994,10.);
#1169=VECTOR('',#3995,10.);
#1170=VECTOR('',#3998,10.);
#1171=VECTOR('',#3999,10.);
#1172=VECTOR('',#4000,10.);
#1173=VECTOR('',#4003,10.);
#1174=VECTOR('',#4004,10.);
#1175=VECTOR('',#4005,10.);
#1176=VECTOR('',#4008,10.);
#1177=VECTOR('',#4009,10.);
#1178=VECTOR('',#4010,10.);
#1179=VECTOR('',#4011,10.);
#1180=VECTOR('',#4012,10.);
#1181=VECTOR('',#4013,10.);
#1182=VECTOR('',#4014,10.);
#1183=VECTOR('',#4015,10.);
#1184=VECTOR('',#4016,10.);
#1185=VECTOR('',#4017,10.);
#1186=VECTOR('',#4018,10.);
#1187=VECTOR('',#4019,10.);
#1188=VECTOR('',#4020,10.);
#1189=VECTOR('',#4021,10.);
#1190=VECTOR('',#4024,10.);
#1191=VECTOR('',#4025,10.);
#1192=VECTOR('',#4026,10.);
#1193=VECTOR('',#4027,10.);
#1194=VECTOR('',#4028,10.);
#1195=VECTOR('',#4029,10.);
#1196=VECTOR('',#4030,10.);
#1197=VECTOR('',#4031,10.);
#1198=VECTOR('',#4032,10.);
#1199=VECTOR('',#4033,10.);
#1200=VECTOR('',#4034,10.);
#1201=VECTOR('',#4037,10.);
#1202=VECTOR('',#4038,10.);
#1203=VECTOR('',#4039,10.);
#1204=VECTOR('',#4042,10.);
#1205=VECTOR('',#4043,10.);
#1206=VECTOR('',#4046,10.);
#1207=VECTOR('',#4047,10.);
#1208=VECTOR('',#4048,10.);
#1209=VECTOR('',#4049,10.);
#1210=VECTOR('',#4050,10.);
#1211=VECTOR('',#4051,10.);
#1212=VECTOR('',#4052,10.);
#1213=VECTOR('',#4053,10.);
#1214=VECTOR('',#4054,10.);
#1215=VECTOR('',#4055,10.);
#1216=VECTOR('',#4056,10.);
#1217=VECTOR('',#4057,10.);
#1218=VECTOR('',#4058,10.);
#1219=VECTOR('',#4059,10.);
#1220=VECTOR('',#4060,10.);
#1221=VECTOR('',#4061,10.);
#1222=VECTOR('',#4066,10.);
#1223=VECTOR('',#4067,10.);
#1224=VECTOR('',#4068,10.);
#1225=VECTOR('',#4069,10.);
#1226=VECTOR('',#4070,10.);
#1227=VECTOR('',#4071,10.);
#1228=VECTOR('',#4072,10.);
#1229=VECTOR('',#4073,10.);
#1230=VECTOR('',#4074,10.);
#1231=VECTOR('',#4075,10.);
#1232=VECTOR('',#4076,10.);
#1233=VECTOR('',#4077,10.);
#1234=VECTOR('',#4092,10.);
#1235=VECTOR('',#4095,10.);
#1236=VECTOR('',#4098,10.);
#1237=VECTOR('',#4103,10.82778699091);
#1238=VECTOR('',#4116,10.);
#1239=VECTOR('',#4117,10.);
#1240=VECTOR('',#4118,10.);
#1241=VECTOR('',#4123,10.);
#1242=VECTOR('',#4124,10.);
#1243=VECTOR('',#4125,10.);
#1244=VECTOR('',#4130,10.);
#1245=VECTOR('',#4131,10.);
#1246=VECTOR('',#4132,10.);
#1247=VECTOR('',#4133,10.);
#1248=VECTOR('',#4138,4.);
#1249=VECTOR('',#4143,10.);
#1250=VECTOR('',#4148,10.);
#1251=VECTOR('',#4153,10.);
#1252=VECTOR('',#4158,10.);
#1253=VECTOR('',#4161,10.);
#1254=VECTOR('',#4162,10.);
#1255=VECTOR('',#4163,10.);
#1256=VECTOR('',#4166,10.);
#1257=VECTOR('',#4167,10.);
#1258=VECTOR('',#4170,10.);
#1259=VECTOR('',#4173,10.);
#1260=VECTOR('',#4178,10.);
#1261=VECTOR('',#4183,10.);
#1262=VECTOR('',#4188,10.);
#1263=VECTOR('',#4193,10.);
#1264=VECTOR('',#4196,10.);
#1265=VECTOR('',#4199,10.);
#1266=VECTOR('',#4202,10.);
#1267=VECTOR('',#4205,10.);
#1268=VECTOR('',#4210,10.);
#1269=VECTOR('',#4213,10.);
#1270=VECTOR('',#4220,10.);
#1271=VECTOR('',#4221,10.);
#1272=VECTOR('',#4226,10.);
#1273=VECTOR('',#4229,10.);
#1274=VECTOR('',#4232,10.);
#1275=VECTOR('',#4235,10.);
#1276=VECTOR('',#4238,10.);
#1277=VECTOR('',#4241,10.);
#1278=VECTOR('',#4242,10.);
#1279=VECTOR('',#4245,10.);
#1280=VECTOR('',#4246,10.);
#1281=VECTOR('',#4251,10.);
#1282=VECTOR('',#4254,10.);
#1283=VECTOR('',#4259,10.);
#1284=VECTOR('',#4262,10.);
#1285=VECTOR('',#4273,10.);
#1286=VECTOR('',#4276,10.);
#1287=VECTOR('',#4277,10.);
#1288=VECTOR('',#4280,10.);
#1289=VECTOR('',#4283,10.);
#1290=VECTOR('',#4294,10.);
#1291=VECTOR('',#4295,10.);
#1292=VECTOR('',#4296,10.);
#1293=VECTOR('',#4299,10.);
#1294=VECTOR('',#4300,10.);
#1295=VECTOR('',#4307,10.);
#1296=VECTOR('',#4308,10.);
#1297=VECTOR('',#4313,10.);
#1298=VECTOR('',#4314,10.);
#1299=VECTOR('',#4329,2.1);
#1300=VECTOR('',#4334,10.);
#1301=VECTOR('',#4335,10.);
#1302=VECTOR('',#4336,10.);
#1303=VECTOR('',#4339,10.);
#1304=VECTOR('',#4342,10.);
#1305=VECTOR('',#4345,10.);
#1306=VECTOR('',#4348,10.);
#1307=VECTOR('',#4349,10.);
#1308=VECTOR('',#4350,10.);
#1309=VECTOR('',#4353,10.);
#1310=VECTOR('',#4354,10.);
#1311=VECTOR('',#4355,10.);
#1312=VECTOR('',#4406,10.);
#1313=VECTOR('',#4407,10.);
#1314=VECTOR('',#4420,10.);
#1315=VECTOR('',#4421,10.);
#1316=VECTOR('',#4446,10.);
#1317=VECTOR('',#4447,10.);
#1318=VECTOR('',#4450,10.);
#1319=VECTOR('',#4451,10.);
#1320=VECTOR('',#4462,10.);
#1321=VECTOR('',#4463,10.);
#1322=VECTOR('',#4466,10.);
#1323=VECTOR('',#4479,10.);
#1324=VECTOR('',#4508,10.);
#1325=VECTOR('',#4511,10.);
#1326=VECTOR('',#4514,10.);
#1327=VECTOR('',#4527,10.);
#1328=VECTOR('',#4530,10.);
#1329=VECTOR('',#4533,10.);
#1330=VECTOR('',#4536,10.);
#1331=VECTOR('',#4537,10.);
#1332=VECTOR('',#4564,10.);
#1333=VECTOR('',#4567,10.);
#1334=VECTOR('',#4572,10.);
#1335=VECTOR('',#4577,10.);
#1336=VECTOR('',#4580,10.);
#1337=VECTOR('',#4581,10.);
#1338=VECTOR('',#4584,10.);
#1339=VECTOR('',#4585,10.);
#1340=VECTOR('',#4592,10.);
#1341=VECTOR('',#4595,10.);
#1342=VECTOR('',#4596,10.);
#1343=VECTOR('',#4599,10.);
#1344=VECTOR('',#4600,10.);
#1345=VECTOR('',#4603,10.);
#1346=VECTOR('',#4604,10.);
#1347=VECTOR('',#4611,10.);
#1348=VECTOR('',#4612,10.);
#1349=VECTOR('',#4615,10.);
#1350=VECTOR('',#4616,10.);
#1351=VECTOR('',#4619,10.);
#1352=VECTOR('',#4620,10.);
#1353=VECTOR('',#4627,10.);
#1354=VECTOR('',#4628,10.);
#1355=VECTOR('',#4631,10.);
#1356=VECTOR('',#4632,10.);
#1357=VECTOR('',#4635,10.);
#1358=VECTOR('',#4636,10.);
#1359=VECTOR('',#4643,10.);
#1360=VECTOR('',#4644,10.);
#1361=VECTOR('',#4647,10.);
#1362=VECTOR('',#4648,10.);
#1363=VECTOR('',#4653,10.);
#1364=VECTOR('',#4656,10.);
#1365=VECTOR('',#4657,10.);
#1366=VECTOR('',#4664,2.1);
#1367=VECTOR('',#4671,2.1);
#1368=VECTOR('',#4678,2.1);
#1369=VECTOR('',#4685,10.);
#1370=VECTOR('',#4688,10.);
#1371=VECTOR('',#4689,10.);
#1372=VECTOR('',#4692,10.);
#1373=VECTOR('',#4693,10.);
#1374=VECTOR('',#4708,10.);
#1375=VECTOR('',#4709,10.);
#1376=VECTOR('',#4710,10.);
#1377=VECTOR('',#4711,10.);
#1378=VECTOR('',#4714,10.);
#1379=VECTOR('',#4715,10.);
#1380=VECTOR('',#4716,10.);
#1381=VECTOR('',#4719,10.);
#1382=VECTOR('',#4720,10.);
#1383=VECTOR('',#4721,10.);
#1384=VECTOR('',#4724,10.);
#1385=VECTOR('',#4725,10.);
#1386=VECTOR('',#4726,10.);
#1387=VECTOR('',#4727,10.);
#1388=VECTOR('',#4730,10.);
#1389=VECTOR('',#4731,10.);
#1390=VECTOR('',#4732,10.);
#1391=VECTOR('',#4733,10.);
#1392=VECTOR('',#4736,10.);
#1393=VECTOR('',#4737,10.);
#1394=VECTOR('',#4740,10.);
#1395=VECTOR('',#4741,10.);
#1396=VECTOR('',#4742,10.);
#1397=VECTOR('',#4747,10.);
#1398=VECTOR('',#4750,10.);
#1399=VECTOR('',#4751,10.);
#1400=VECTOR('',#4752,10.);
#1401=VECTOR('',#4755,10.);
#1402=VECTOR('',#4760,10.);
#1403=VECTOR('',#4763,10.);
#1404=VECTOR('',#4768,1.45);
#1405=VECTOR('',#4773,1.45);
#1406=VECTOR('',#4778,1.45);
#1407=VECTOR('',#4783,2.1);
#1408=VECTOR('',#4788,1.45);
#1409=VECTOR('',#4793,2.1);
#1410=VECTOR('',#4798,1.45);
#1411=VECTOR('',#4803,1.45);
#1412=VECTOR('',#4812,10.);
#1413=VECTOR('',#4813,10.);
#1414=VECTOR('',#4816,10.);
#1415=VERTEX_POINT('',#4821);
#1416=VERTEX_POINT('',#4822);
#1417=VERTEX_POINT('',#4824);
#1418=VERTEX_POINT('',#4826);
#1419=VERTEX_POINT('',#4839);
#1420=VERTEX_POINT('',#4845);
#1421=VERTEX_POINT('',#4862);
#1422=VERTEX_POINT('',#4868);
#1423=VERTEX_POINT('',#4885);
#1424=VERTEX_POINT('',#4891);
#1425=VERTEX_POINT('',#4908);
#1426=VERTEX_POINT('',#4914);
#1427=VERTEX_POINT('',#4931);
#1428=VERTEX_POINT('',#4937);
#1429=VERTEX_POINT('',#4954);
#1430=VERTEX_POINT('',#4960);
#1431=VERTEX_POINT('',#4977);
#1432=VERTEX_POINT('',#4983);
#1433=VERTEX_POINT('',#5000);
#1434=VERTEX_POINT('',#5006);
#1435=VERTEX_POINT('',#5014);
#1436=VERTEX_POINT('',#5016);
#1437=VERTEX_POINT('',#5029);
#1438=VERTEX_POINT('',#5035);
#1439=VERTEX_POINT('',#5052);
#1440=VERTEX_POINT('',#5058);
#1441=VERTEX_POINT('',#5075);
#1442=VERTEX_POINT('',#5081);
#1443=VERTEX_POINT('',#5098);
#1444=VERTEX_POINT('',#5104);
#1445=VERTEX_POINT('',#5121);
#1446=VERTEX_POINT('',#5127);
#1447=VERTEX_POINT('',#5144);
#1448=VERTEX_POINT('',#5150);
#1449=VERTEX_POINT('',#5167);
#1450=VERTEX_POINT('',#5173);
#1451=VERTEX_POINT('',#5190);
#1452=VERTEX_POINT('',#5196);
#1453=VERTEX_POINT('',#5213);
#1454=VERTEX_POINT('',#5219);
#1455=VERTEX_POINT('',#5236);
#1456=VERTEX_POINT('',#5242);
#1457=VERTEX_POINT('',#5250);
#1458=VERTEX_POINT('',#5252);
#1459=VERTEX_POINT('',#5260);
#1460=VERTEX_POINT('',#5261);
#1461=VERTEX_POINT('',#5263);
#1462=VERTEX_POINT('',#5265);
#1463=VERTEX_POINT('',#5269);
#1464=VERTEX_POINT('',#5271);
#1465=VERTEX_POINT('',#5275);
#1466=VERTEX_POINT('',#5277);
#1467=VERTEX_POINT('',#5281);
#1468=VERTEX_POINT('',#5283);
#1469=VERTEX_POINT('',#5296);
#1470=VERTEX_POINT('',#5302);
#1471=VERTEX_POINT('',#5319);
#1472=VERTEX_POINT('',#5325);
#1473=VERTEX_POINT('',#5342);
#1474=VERTEX_POINT('',#5348);
#1475=VERTEX_POINT('',#5365);
#1476=VERTEX_POINT('',#5371);
#1477=VERTEX_POINT('',#5388);
#1478=VERTEX_POINT('',#5394);
#1479=VERTEX_POINT('',#5411);
#1480=VERTEX_POINT('',#5417);
#1481=VERTEX_POINT('',#5434);
#1482=VERTEX_POINT('',#5440);
#1483=VERTEX_POINT('',#5457);
#1484=VERTEX_POINT('',#5463);
#1485=VERTEX_POINT('',#5480);
#1486=VERTEX_POINT('',#5486);
#1487=VERTEX_POINT('',#5503);
#1488=VERTEX_POINT('',#5509);
#1489=VERTEX_POINT('',#5526);
#1490=VERTEX_POINT('',#5532);
#1491=VERTEX_POINT('',#5540);
#1492=VERTEX_POINT('',#5542);
#1493=VERTEX_POINT('',#5555);
#1494=VERTEX_POINT('',#5561);
#1495=VERTEX_POINT('',#5578);
#1496=VERTEX_POINT('',#5584);
#1497=VERTEX_POINT('',#5601);
#1498=VERTEX_POINT('',#5607);
#1499=VERTEX_POINT('',#5624);
#1500=VERTEX_POINT('',#5630);
#1501=VERTEX_POINT('',#5647);
#1502=VERTEX_POINT('',#5653);
#1503=VERTEX_POINT('',#5670);
#1504=VERTEX_POINT('',#5676);
#1505=VERTEX_POINT('',#5693);
#1506=VERTEX_POINT('',#5699);
#1507=VERTEX_POINT('',#5716);
#1508=VERTEX_POINT('',#5722);
#1509=VERTEX_POINT('',#5730);
#1510=VERTEX_POINT('',#5732);
#1511=VERTEX_POINT('',#5749);
#1512=VERTEX_POINT('',#5750);
#1513=VERTEX_POINT('',#5756);
#1514=VERTEX_POINT('',#5758);
#1515=VERTEX_POINT('',#5775);
#1516=VERTEX_POINT('',#5781);
#1517=VERTEX_POINT('',#5798);
#1518=VERTEX_POINT('',#5804);
#1519=VERTEX_POINT('',#5821);
#1520=VERTEX_POINT('',#5827);
#1521=VERTEX_POINT('',#5844);
#1522=VERTEX_POINT('',#5850);
#1523=VERTEX_POINT('',#5867);
#1524=VERTEX_POINT('',#5873);
#1525=VERTEX_POINT('',#5890);
#1526=VERTEX_POINT('',#5896);
#1527=VERTEX_POINT('',#5933);
#1528=VERTEX_POINT('',#5934);
#1529=VERTEX_POINT('',#5940);
#1530=VERTEX_POINT('',#5942);
#1531=VERTEX_POINT('',#5959);
#1532=VERTEX_POINT('',#5965);
#1533=VERTEX_POINT('',#5982);
#1534=VERTEX_POINT('',#5988);
#1535=VERTEX_POINT('',#6005);
#1536=VERTEX_POINT('',#6011);
#1537=VERTEX_POINT('',#6028);
#1538=VERTEX_POINT('',#6034);
#1539=VERTEX_POINT('',#6051);
#1540=VERTEX_POINT('',#6057);
#1541=VERTEX_POINT('',#6074);
#1542=VERTEX_POINT('',#6080);
#1543=VERTEX_POINT('',#6109);
#1544=VERTEX_POINT('',#6110);
#1545=VERTEX_POINT('',#6112);
#1546=VERTEX_POINT('',#6114);
#1547=VERTEX_POINT('',#6116);
#1548=VERTEX_POINT('',#6118);
#1549=VERTEX_POINT('',#6120);
#1550=VERTEX_POINT('',#6122);
#1551=VERTEX_POINT('',#6124);
#1552=VERTEX_POINT('',#6126);
#1553=VERTEX_POINT('',#6128);
#1554=VERTEX_POINT('',#6130);
#1555=VERTEX_POINT('',#6134);
#1556=VERTEX_POINT('',#6135);
#1557=VERTEX_POINT('',#6137);
#1558=VERTEX_POINT('',#6139);
#1559=VERTEX_POINT('',#6141);
#1560=VERTEX_POINT('',#6173);
#1561=VERTEX_POINT('',#6175);
#1562=VERTEX_POINT('',#6177);
#1563=VERTEX_POINT('',#6179);
#1564=VERTEX_POINT('',#6183);
#1565=VERTEX_POINT('',#6187);
#1566=VERTEX_POINT('',#6189);
#1567=VERTEX_POINT('',#6191);
#1568=VERTEX_POINT('',#6195);
#1569=VERTEX_POINT('',#6196);
#1570=VERTEX_POINT('',#6198);
#1571=VERTEX_POINT('',#6200);
#1572=VERTEX_POINT('',#6202);
#1573=VERTEX_POINT('',#6204);
#1574=VERTEX_POINT('',#6206);
#1575=VERTEX_POINT('',#6208);
#1576=VERTEX_POINT('',#6210);
#1577=VERTEX_POINT('',#6212);
#1578=VERTEX_POINT('',#6215);
#1579=VERTEX_POINT('',#6216);
#1580=VERTEX_POINT('',#6218);
#1581=VERTEX_POINT('',#6220);
#1582=VERTEX_POINT('',#6224);
#1583=VERTEX_POINT('',#6228);
#1584=VERTEX_POINT('',#6230);
#1585=VERTEX_POINT('',#6234);
#1586=VERTEX_POINT('',#6238);
#1587=VERTEX_POINT('',#6244);
#1588=VERTEX_POINT('',#6246);
#1589=VERTEX_POINT('',#6250);
#1590=VERTEX_POINT('',#6254);
#1591=VERTEX_POINT('',#6255);
#1592=VERTEX_POINT('',#6257);
#1593=VERTEX_POINT('',#6259);
#1594=VERTEX_POINT('',#6263);
#1595=VERTEX_POINT('',#6265);
#1596=VERTEX_POINT('',#6267);
#1597=VERTEX_POINT('',#6269);
#1598=VERTEX_POINT('',#6273);
#1599=VERTEX_POINT('',#6275);
#1600=VERTEX_POINT('',#6277);
#1601=VERTEX_POINT('',#6281);
#1602=VERTEX_POINT('',#6283);
#1603=VERTEX_POINT('',#6287);
#1604=VERTEX_POINT('',#6288);
#1605=VERTEX_POINT('',#6290);
#1606=VERTEX_POINT('',#6292);
#1607=VERTEX_POINT('',#6296);
#1608=VERTEX_POINT('',#6298);
#1609=VERTEX_POINT('',#6300);
#1610=VERTEX_POINT('',#6302);
#1611=VERTEX_POINT('',#6307);
#1612=VERTEX_POINT('',#6311);
#1613=VERTEX_POINT('',#6313);
#1614=VERTEX_POINT('',#6315);
#1615=VERTEX_POINT('',#6317);
#1616=VERTEX_POINT('',#6321);
#1617=VERTEX_POINT('',#6323);
#1618=VERTEX_POINT('',#6327);
#1619=VERTEX_POINT('',#6331);
#1620=VERTEX_POINT('',#6333);
#1621=VERTEX_POINT('',#6337);
#1622=VERTEX_POINT('',#6339);
#1623=VERTEX_POINT('',#6341);
#1624=VERTEX_POINT('',#6345);
#1625=VERTEX_POINT('',#6347);
#1626=VERTEX_POINT('',#6351);
#1627=VERTEX_POINT('',#6353);
#1628=VERTEX_POINT('',#6357);
#1629=VERTEX_POINT('',#6358);
#1630=VERTEX_POINT('',#6370);
#1631=VERTEX_POINT('',#6372);
#1632=VERTEX_POINT('',#6377);
#1633=VERTEX_POINT('',#6379);
#1634=VERTEX_POINT('',#6383);
#1635=VERTEX_POINT('',#6384);
#1636=VERTEX_POINT('',#6389);
#1637=VERTEX_POINT('',#6390);
#1638=VERTEX_POINT('',#6406);
#1639=VERTEX_POINT('',#6408);
#1640=VERTEX_POINT('',#6410);
#1641=VERTEX_POINT('',#6414);
#1642=VERTEX_POINT('',#6416);
#1643=VERTEX_POINT('',#6421);
#1644=VERTEX_POINT('',#6425);
#1645=VERTEX_POINT('',#6428);
#1646=VERTEX_POINT('',#6432);
#1647=VERTEX_POINT('',#6436);
#1648=VERTEX_POINT('',#6438);
#1649=VERTEX_POINT('',#6442);
#1650=VERTEX_POINT('',#6444);
#1651=VERTEX_POINT('',#6446);
#1652=VERTEX_POINT('',#6448);
#1653=VERTEX_POINT('',#6450);
#1654=VERTEX_POINT('',#6452);
#1655=VERTEX_POINT('',#6454);
#1656=VERTEX_POINT('',#6456);
#1657=VERTEX_POINT('',#6458);
#1658=VERTEX_POINT('',#6460);
#1659=VERTEX_POINT('',#6462);
#1660=VERTEX_POINT('',#6464);
#1661=VERTEX_POINT('',#6469);
#1662=VERTEX_POINT('',#6470);
#1663=VERTEX_POINT('',#6472);
#1664=VERTEX_POINT('',#6476);
#1665=VERTEX_POINT('',#6477);
#1666=VERTEX_POINT('',#6479);
#1667=VERTEX_POINT('',#6486);
#1668=VERTEX_POINT('',#6487);
#1669=VERTEX_POINT('',#6521);
#1670=VERTEX_POINT('',#6522);
#1671=VERTEX_POINT('',#6524);
#1672=VERTEX_POINT('',#6526);
#1673=VERTEX_POINT('',#6530);
#1674=VERTEX_POINT('',#6531);
#1675=VERTEX_POINT('',#6533);
#1676=VERTEX_POINT('',#6540);
#1677=VERTEX_POINT('',#6541);
#1678=VERTEX_POINT('',#6543);
#1679=VERTEX_POINT('',#6545);
#1680=VERTEX_POINT('',#6549);
#1681=VERTEX_POINT('',#6551);
#1682=VERTEX_POINT('',#6590);
#1683=VERTEX_POINT('',#6591);
#1684=VERTEX_POINT('',#6593);
#1685=VERTEX_POINT('',#6595);
#1686=VERTEX_POINT('',#6601);
#1687=VERTEX_POINT('',#6603);
#1688=VERTEX_POINT('',#6607);
#1689=VERTEX_POINT('',#6608);
#1690=VERTEX_POINT('',#6650);
#1691=VERTEX_POINT('',#6651);
#1692=VERTEX_POINT('',#6653);
#1693=VERTEX_POINT('',#6655);
#1694=VERTEX_POINT('',#6659);
#1695=VERTEX_POINT('',#6660);
#1696=VERTEX_POINT('',#6673);
#1697=VERTEX_POINT('',#6675);
#1698=VERTEX_POINT('',#6703);
#1699=VERTEX_POINT('',#6704);
#1700=VERTEX_POINT('',#6706);
#1701=VERTEX_POINT('',#6708);
#1702=VERTEX_POINT('',#6712);
#1703=VERTEX_POINT('',#6716);
#1704=VERTEX_POINT('',#6717);
#1705=VERTEX_POINT('',#6722);
#1706=VERTEX_POINT('',#6723);
#1707=VERTEX_POINT('',#6725);
#1708=VERTEX_POINT('',#6729);
#1709=VERTEX_POINT('',#6734);
#1710=VERTEX_POINT('',#6735);
#1711=VERTEX_POINT('',#6737);
#1712=VERTEX_POINT('',#6739);
#1713=VERTEX_POINT('',#6741);
#1714=VERTEX_POINT('',#6746);
#1715=VERTEX_POINT('',#6748);
#1716=VERTEX_POINT('',#6752);
#1717=VERTEX_POINT('',#6753);
#1718=VERTEX_POINT('',#6755);
#1719=VERTEX_POINT('',#6757);
#1720=VERTEX_POINT('',#6770);
#1721=VERTEX_POINT('',#6771);
#1722=VERTEX_POINT('',#6790);
#1723=VERTEX_POINT('',#6840);
#1724=VERTEX_POINT('',#6842);
#1725=VERTEX_POINT('',#6844);
#1726=VERTEX_POINT('',#6863);
#1727=VERTEX_POINT('',#6873);
#1728=VERTEX_POINT('',#6875);
#1729=VERTEX_POINT('',#6880);
#1730=VERTEX_POINT('',#6884);
#1731=VERTEX_POINT('',#6886);
#1732=VERTEX_POINT('',#6893);
#1733=VERTEX_POINT('',#6906);
#1734=VERTEX_POINT('',#6907);
#1735=VERTEX_POINT('',#6909);
#1736=VERTEX_POINT('',#6911);
#1737=VERTEX_POINT('',#6915);
#1738=VERTEX_POINT('',#6917);
#1739=VERTEX_POINT('',#6921);
#1740=VERTEX_POINT('',#6926);
#1741=VERTEX_POINT('',#6927);
#1742=VERTEX_POINT('',#6929);
#1743=VERTEX_POINT('',#6931);
#1744=VERTEX_POINT('',#6935);
#1745=VERTEX_POINT('',#6938);
#1746=VERTEX_POINT('',#6942);
#1747=VERTEX_POINT('',#6946);
#1748=VERTEX_POINT('',#6955);
#1749=VERTEX_POINT('',#6967);
#1750=VERTEX_POINT('',#6971);
#1751=VERTEX_POINT('',#6975);
#1752=VERTEX_POINT('',#6979);
#1753=VERTEX_POINT('',#6983);
#1754=VERTEX_POINT('',#6987);
#1755=VERTEX_POINT('',#6991);
#1756=VERTEX_POINT('',#6995);
#1757=VERTEX_POINT('',#7001);
#1758=EDGE_CURVE('',#1415,#1416,#857,.T.);
#1759=EDGE_CURVE('',#1415,#1417,#858,.T.);
#1760=EDGE_CURVE('',#1418,#1417,#859,.T.);
#1761=EDGE_CURVE('',#1416,#1418,#860,.T.);
#1762=EDGE_CURVE('',#1416,#1419,#268,.T.);
#1763=EDGE_CURVE('',#1420,#1418,#269,.T.);
#1764=EDGE_CURVE('',#1419,#1420,#861,.T.);
#1765=EDGE_CURVE('',#1419,#1421,#270,.T.);
#1766=EDGE_CURVE('',#1422,#1420,#271,.T.);
#1767=EDGE_CURVE('',#1421,#1422,#862,.T.);
#1768=EDGE_CURVE('',#1421,#1423,#272,.T.);
#1769=EDGE_CURVE('',#1424,#1422,#273,.T.);
#1770=EDGE_CURVE('',#1423,#1424,#863,.T.);
#1771=EDGE_CURVE('',#1423,#1425,#274,.T.);
#1772=EDGE_CURVE('',#1426,#1424,#275,.T.);
#1773=EDGE_CURVE('',#1425,#1426,#864,.T.);
#1774=EDGE_CURVE('',#1425,#1427,#276,.T.);
#1775=EDGE_CURVE('',#1428,#1426,#277,.T.);
#1776=EDGE_CURVE('',#1427,#1428,#865,.T.);
#1777=EDGE_CURVE('',#1427,#1429,#278,.T.);
#1778=EDGE_CURVE('',#1430,#1428,#279,.T.);
#1779=EDGE_CURVE('',#1429,#1430,#866,.T.);
#1780=EDGE_CURVE('',#1429,#1431,#280,.T.);
#1781=EDGE_CURVE('',#1432,#1430,#281,.T.);
#1782=EDGE_CURVE('',#1431,#1432,#867,.T.);
#1783=EDGE_CURVE('',#1431,#1433,#282,.T.);
#1784=EDGE_CURVE('',#1434,#1432,#283,.T.);
#1785=EDGE_CURVE('',#1433,#1434,#868,.T.);
#1786=EDGE_CURVE('',#1433,#1435,#869,.T.);
#1787=EDGE_CURVE('',#1436,#1434,#870,.T.);
#1788=EDGE_CURVE('',#1435,#1436,#871,.T.);
#1789=EDGE_CURVE('',#1435,#1437,#284,.T.);
#1790=EDGE_CURVE('',#1438,#1436,#285,.T.);
#1791=EDGE_CURVE('',#1437,#1438,#872,.T.);
#1792=EDGE_CURVE('',#1437,#1439,#286,.T.);
#1793=EDGE_CURVE('',#1440,#1438,#287,.T.);
#1794=EDGE_CURVE('',#1439,#1440,#873,.T.);
#1795=EDGE_CURVE('',#1439,#1441,#288,.T.);
#1796=EDGE_CURVE('',#1442,#1440,#289,.T.);
#1797=EDGE_CURVE('',#1441,#1442,#874,.T.);
#1798=EDGE_CURVE('',#1441,#1443,#290,.T.);
#1799=EDGE_CURVE('',#1444,#1442,#291,.T.);
#1800=EDGE_CURVE('',#1443,#1444,#875,.T.);
#1801=EDGE_CURVE('',#1443,#1445,#292,.T.);
#1802=EDGE_CURVE('',#1446,#1444,#293,.T.);
#1803=EDGE_CURVE('',#1445,#1446,#876,.T.);
#1804=EDGE_CURVE('',#1445,#1447,#294,.T.);
#1805=EDGE_CURVE('',#1448,#1446,#295,.T.);
#1806=EDGE_CURVE('',#1447,#1448,#877,.T.);
#1807=EDGE_CURVE('',#1447,#1449,#296,.T.);
#1808=EDGE_CURVE('',#1450,#1448,#297,.T.);
#1809=EDGE_CURVE('',#1449,#1450,#878,.T.);
#1810=EDGE_CURVE('',#1449,#1451,#298,.T.);
#1811=EDGE_CURVE('',#1452,#1450,#299,.T.);
#1812=EDGE_CURVE('',#1451,#1452,#879,.T.);
#1813=EDGE_CURVE('',#1451,#1453,#300,.T.);
#1814=EDGE_CURVE('',#1454,#1452,#301,.T.);
#1815=EDGE_CURVE('',#1453,#1454,#880,.T.);
#1816=EDGE_CURVE('',#1453,#1455,#302,.T.);
#1817=EDGE_CURVE('',#1456,#1454,#303,.T.);
#1818=EDGE_CURVE('',#1455,#1456,#881,.T.);
#1819=EDGE_CURVE('',#1455,#1457,#882,.T.);
#1820=EDGE_CURVE('',#1458,#1456,#883,.T.);
#1821=EDGE_CURVE('',#1457,#1458,#884,.T.);
#1822=EDGE_CURVE('',#1457,#1415,#885,.T.);
#1823=EDGE_CURVE('',#1417,#1458,#886,.T.);
#1824=EDGE_CURVE('',#1459,#1460,#887,.T.);
#1825=EDGE_CURVE('',#1459,#1461,#888,.T.);
#1826=EDGE_CURVE('',#1462,#1461,#889,.T.);
#1827=EDGE_CURVE('',#1460,#1462,#890,.T.);
#1828=EDGE_CURVE('',#1460,#1463,#891,.T.);
#1829=EDGE_CURVE('',#1464,#1462,#892,.T.);
#1830=EDGE_CURVE('',#1463,#1464,#893,.T.);
#1831=EDGE_CURVE('',#1463,#1465,#894,.T.);
#1832=EDGE_CURVE('',#1466,#1464,#895,.T.);
#1833=EDGE_CURVE('',#1465,#1466,#896,.T.);
#1834=EDGE_CURVE('',#1465,#1467,#897,.T.);
#1835=EDGE_CURVE('',#1468,#1466,#898,.T.);
#1836=EDGE_CURVE('',#1467,#1468,#899,.T.);
#1837=EDGE_CURVE('',#1467,#1469,#304,.T.);
#1838=EDGE_CURVE('',#1470,#1468,#305,.T.);
#1839=EDGE_CURVE('',#1469,#1470,#900,.T.);
#1840=EDGE_CURVE('',#1469,#1471,#306,.T.);
#1841=EDGE_CURVE('',#1472,#1470,#307,.T.);
#1842=EDGE_CURVE('',#1471,#1472,#901,.T.);
#1843=EDGE_CURVE('',#1471,#1473,#308,.T.);
#1844=EDGE_CURVE('',#1474,#1472,#309,.T.);
#1845=EDGE_CURVE('',#1473,#1474,#902,.T.);
#1846=EDGE_CURVE('',#1473,#1475,#310,.T.);
#1847=EDGE_CURVE('',#1476,#1474,#311,.T.);
#1848=EDGE_CURVE('',#1475,#1476,#903,.T.);
#1849=EDGE_CURVE('',#1475,#1477,#312,.T.);
#1850=EDGE_CURVE('',#1478,#1476,#313,.T.);
#1851=EDGE_CURVE('',#1477,#1478,#904,.T.);
#1852=EDGE_CURVE('',#1477,#1479,#314,.T.);
#1853=EDGE_CURVE('',#1480,#1478,#315,.T.);
#1854=EDGE_CURVE('',#1479,#1480,#905,.T.);
#1855=EDGE_CURVE('',#1479,#1481,#316,.T.);
#1856=EDGE_CURVE('',#1482,#1480,#317,.T.);
#1857=EDGE_CURVE('',#1481,#1482,#906,.T.);
#1858=EDGE_CURVE('',#1481,#1483,#318,.T.);
#1859=EDGE_CURVE('',#1484,#1482,#319,.T.);
#1860=EDGE_CURVE('',#1483,#1484,#907,.T.);
#1861=EDGE_CURVE('',#1483,#1485,#320,.T.);
#1862=EDGE_CURVE('',#1486,#1484,#321,.T.);
#1863=EDGE_CURVE('',#1485,#1486,#908,.T.);
#1864=EDGE_CURVE('',#1485,#1487,#322,.T.);
#1865=EDGE_CURVE('',#1488,#1486,#323,.T.);
#1866=EDGE_CURVE('',#1487,#1488,#909,.T.);
#1867=EDGE_CURVE('',#1487,#1489,#324,.T.);
#1868=EDGE_CURVE('',#1490,#1488,#325,.T.);
#1869=EDGE_CURVE('',#1489,#1490,#910,.T.);
#1870=EDGE_CURVE('',#1489,#1491,#911,.T.);
#1871=EDGE_CURVE('',#1492,#1490,#912,.T.);
#1872=EDGE_CURVE('',#1491,#1492,#913,.T.);
#1873=EDGE_CURVE('',#1491,#1493,#326,.T.);
#1874=EDGE_CURVE('',#1494,#1492,#327,.T.);
#1875=EDGE_CURVE('',#1493,#1494,#914,.T.);
#1876=EDGE_CURVE('',#1493,#1495,#328,.T.);
#1877=EDGE_CURVE('',#1496,#1494,#329,.T.);
#1878=EDGE_CURVE('',#1495,#1496,#915,.T.);
#1879=EDGE_CURVE('',#1495,#1497,#330,.T.);
#1880=EDGE_CURVE('',#1498,#1496,#331,.T.);
#1881=EDGE_CURVE('',#1497,#1498,#916,.T.);
#1882=EDGE_CURVE('',#1497,#1499,#332,.T.);
#1883=EDGE_CURVE('',#1500,#1498,#333,.T.);
#1884=EDGE_CURVE('',#1499,#1500,#917,.T.);
#1885=EDGE_CURVE('',#1499,#1501,#334,.T.);
#1886=EDGE_CURVE('',#1502,#1500,#335,.T.);
#1887=EDGE_CURVE('',#1501,#1502,#918,.T.);
#1888=EDGE_CURVE('',#1501,#1503,#336,.T.);
#1889=EDGE_CURVE('',#1504,#1502,#337,.T.);
#1890=EDGE_CURVE('',#1503,#1504,#919,.T.);
#1891=EDGE_CURVE('',#1503,#1505,#338,.T.);
#1892=EDGE_CURVE('',#1506,#1504,#339,.T.);
#1893=EDGE_CURVE('',#1505,#1506,#920,.T.);
#1894=EDGE_CURVE('',#1505,#1507,#340,.T.);
#1895=EDGE_CURVE('',#1508,#1506,#341,.T.);
#1896=EDGE_CURVE('',#1507,#1508,#921,.T.);
#1897=EDGE_CURVE('',#1507,#1509,#922,.T.);
#1898=EDGE_CURVE('',#1510,#1508,#923,.T.);
#1899=EDGE_CURVE('',#1509,#1510,#924,.T.);
#1900=EDGE_CURVE('',#1509,#1459,#925,.T.);
#1901=EDGE_CURVE('',#1461,#1510,#926,.T.);
#1902=EDGE_CURVE('',#1511,#1512,#342,.T.);
#1903=EDGE_CURVE('',#1511,#1513,#927,.T.);
#1904=EDGE_CURVE('',#1514,#1513,#343,.T.);
#1905=EDGE_CURVE('',#1512,#1514,#928,.T.);
#1906=EDGE_CURVE('',#1512,#1515,#344,.T.);
#1907=EDGE_CURVE('',#1516,#1514,#345,.T.);
#1908=EDGE_CURVE('',#1515,#1516,#929,.T.);
#1909=EDGE_CURVE('',#1515,#1517,#346,.T.);
#1910=EDGE_CURVE('',#1518,#1516,#347,.T.);
#1911=EDGE_CURVE('',#1517,#1518,#930,.T.);
#1912=EDGE_CURVE('',#1517,#1519,#348,.T.);
#1913=EDGE_CURVE('',#1520,#1518,#349,.T.);
#1914=EDGE_CURVE('',#1519,#1520,#931,.T.);
#1915=EDGE_CURVE('',#1519,#1521,#350,.T.);
#1916=EDGE_CURVE('',#1522,#1520,#351,.T.);
#1917=EDGE_CURVE('',#1521,#1522,#932,.T.);
#1918=EDGE_CURVE('',#1521,#1523,#352,.T.);
#1919=EDGE_CURVE('',#1524,#1522,#353,.T.);
#1920=EDGE_CURVE('',#1523,#1524,#933,.T.);
#1921=EDGE_CURVE('',#1523,#1525,#354,.T.);
#1922=EDGE_CURVE('',#1526,#1524,#355,.T.);
#1923=EDGE_CURVE('',#1525,#1526,#934,.T.);
#1924=EDGE_CURVE('',#1525,#1511,#356,.T.);
#1925=EDGE_CURVE('',#1513,#1526,#357,.T.);
#1926=EDGE_CURVE('',#1527,#1528,#358,.T.);
#1927=EDGE_CURVE('',#1527,#1529,#935,.T.);
#1928=EDGE_CURVE('',#1530,#1529,#359,.T.);
#1929=EDGE_CURVE('',#1528,#1530,#936,.T.);
#1930=EDGE_CURVE('',#1528,#1531,#360,.T.);
#1931=EDGE_CURVE('',#1532,#1530,#361,.T.);
#1932=EDGE_CURVE('',#1531,#1532,#937,.T.);
#1933=EDGE_CURVE('',#1531,#1533,#362,.T.);
#1934=EDGE_CURVE('',#1534,#1532,#363,.T.);
#1935=EDGE_CURVE('',#1533,#1534,#938,.T.);
#1936=EDGE_CURVE('',#1533,#1535,#364,.T.);
#1937=EDGE_CURVE('',#1536,#1534,#365,.T.);
#1938=EDGE_CURVE('',#1535,#1536,#939,.T.);
#1939=EDGE_CURVE('',#1535,#1537,#366,.T.);
#1940=EDGE_CURVE('',#1538,#1536,#367,.T.);
#1941=EDGE_CURVE('',#1537,#1538,#940,.T.);
#1942=EDGE_CURVE('',#1537,#1539,#368,.T.);
#1943=EDGE_CURVE('',#1540,#1538,#369,.T.);
#1944=EDGE_CURVE('',#1539,#1540,#941,.T.);
#1945=EDGE_CURVE('',#1539,#1541,#370,.T.);
#1946=EDGE_CURVE('',#1542,#1540,#371,.T.);
#1947=EDGE_CURVE('',#1541,#1542,#942,.T.);
#1948=EDGE_CURVE('',#1541,#1527,#372,.T.);
#1949=EDGE_CURVE('',#1529,#1542,#373,.T.);
#1950=EDGE_CURVE('',#1543,#1544,#943,.T.);
#1951=EDGE_CURVE('',#1545,#1543,#944,.T.);
#1952=EDGE_CURVE('',#1546,#1545,#945,.T.);
#1953=EDGE_CURVE('',#1547,#1546,#946,.T.);
#1954=EDGE_CURVE('',#1548,#1547,#947,.T.);
#1955=EDGE_CURVE('',#1549,#1548,#948,.T.);
#1956=EDGE_CURVE('',#1550,#1549,#949,.T.);
#1957=EDGE_CURVE('',#1551,#1550,#950,.T.);
#1958=EDGE_CURVE('',#1552,#1551,#951,.T.);
#1959=EDGE_CURVE('',#1553,#1552,#952,.T.);
#1960=EDGE_CURVE('',#1554,#1553,#953,.T.);
#1961=EDGE_CURVE('',#1544,#1554,#954,.T.);
#1962=EDGE_CURVE('',#1555,#1556,#142,.T.);
#1963=EDGE_CURVE('',#1556,#1557,#143,.T.);
#1964=EDGE_CURVE('',#1557,#1558,#144,.T.);
#1965=EDGE_CURVE('',#1558,#1559,#145,.T.);
#1966=EDGE_CURVE('',#1559,#1555,#146,.T.);
#1967=EDGE_CURVE('',#1555,#1559,#374,.T.);
#1968=EDGE_CURVE('',#1558,#1556,#375,.T.);
#1969=EDGE_CURVE('',#1555,#1560,#955,.T.);
#1970=EDGE_CURVE('',#1560,#1561,#147,.F.);
#1971=EDGE_CURVE('',#1561,#1562,#956,.T.);
#1972=EDGE_CURVE('',#1562,#1563,#148,.F.);
#1973=EDGE_CURVE('',#1563,#1559,#957,.T.);
#1974=EDGE_CURVE('',#1564,#1564,#149,.T.);
#1975=EDGE_CURVE('',#1564,#1557,#958,.T.);
#1976=EDGE_CURVE('',#1565,#1565,#150,.T.);
#1977=EDGE_CURVE('',#1565,#1566,#151,.T.);
#1978=EDGE_CURVE('',#1566,#1567,#152,.T.);
#1979=EDGE_CURVE('',#1567,#1566,#153,.T.);
#1980=EDGE_CURVE('',#1568,#1569,#959,.T.);
#1981=EDGE_CURVE('',#1570,#1568,#960,.T.);
#1982=EDGE_CURVE('',#1571,#1570,#961,.T.);
#1983=EDGE_CURVE('',#1571,#1572,#154,.T.);
#1984=EDGE_CURVE('',#1572,#1573,#155,.T.);
#1985=EDGE_CURVE('',#1574,#1573,#962,.T.);
#1986=EDGE_CURVE('',#1575,#1574,#963,.T.);
#1987=EDGE_CURVE('',#1576,#1575,#964,.T.);
#1988=EDGE_CURVE('',#1576,#1577,#156,.T.);
#1989=EDGE_CURVE('',#1577,#1569,#157,.T.);
#1990=EDGE_CURVE('',#1578,#1579,#965,.T.);
#1991=EDGE_CURVE('',#1580,#1578,#966,.T.);
#1992=EDGE_CURVE('',#1581,#1580,#967,.T.);
#1993=EDGE_CURVE('',#1579,#1581,#968,.T.);
#1994=EDGE_CURVE('',#1582,#1582,#158,.T.);
#1995=EDGE_CURVE('',#1582,#1567,#969,.T.);
#1996=EDGE_CURVE('',#1579,#1583,#28,.T.);
#1997=EDGE_CURVE('',#1583,#1584,#970,.T.);
#1998=EDGE_CURVE('',#1584,#1578,#29,.T.);
#1999=EDGE_CURVE('',#1584,#1585,#971,.T.);
#2000=EDGE_CURVE('',#1585,#1580,#30,.T.);
#2001=EDGE_CURVE('',#1585,#1586,#972,.T.);
#2002=EDGE_CURVE('',#1586,#1581,#31,.T.);
#2003=EDGE_CURVE('',#1586,#1583,#973,.T.);
#2004=EDGE_CURVE('',#1587,#1584,#974,.T.);
#2005=EDGE_CURVE('',#1588,#1587,#975,.T.);
#2006=EDGE_CURVE('',#1588,#1585,#976,.T.);
#2007=EDGE_CURVE('',#1589,#1583,#977,.T.);
#2008=EDGE_CURVE('',#1587,#1589,#978,.T.);
#2009=EDGE_CURVE('',#1590,#1591,#979,.T.);
#2010=EDGE_CURVE('',#1591,#1592,#32,.F.);
#2011=EDGE_CURVE('',#1592,#1593,#980,.T.);
#2012=EDGE_CURVE('',#1593,#1590,#33,.T.);
#2013=EDGE_CURVE('',#1593,#1594,#981,.T.);
#2014=EDGE_CURVE('',#1594,#1595,#34,.T.);
#2015=EDGE_CURVE('',#1595,#1596,#35,.T.);
#2016=EDGE_CURVE('',#1596,#1597,#982,.T.);
#2017=EDGE_CURVE('',#1597,#1590,#36,.T.);
#2018=EDGE_CURVE('',#1594,#1598,#983,.T.);
#2019=EDGE_CURVE('',#1598,#1599,#37,.T.);
#2020=EDGE_CURVE('',#1599,#1600,#38,.T.);
#2021=EDGE_CURVE('',#1600,#1595,#984,.T.);
#2022=EDGE_CURVE('',#1598,#1601,#985,.T.);
#2023=EDGE_CURVE('',#1601,#1602,#39,.T.);
#2024=EDGE_CURVE('',#1602,#1599,#986,.T.);
#2025=EDGE_CURVE('',#1603,#1604,#987,.T.);
#2026=EDGE_CURVE('',#1604,#1605,#40,.F.);
#2027=EDGE_CURVE('',#1605,#1606,#988,.T.);
#2028=EDGE_CURVE('',#1606,#1603,#41,.T.);
#2029=EDGE_CURVE('',#1607,#1603,#989,.T.);
#2030=EDGE_CURVE('',#1606,#1608,#42,.T.);
#2031=EDGE_CURVE('',#1608,#1609,#990,.T.);
#2032=EDGE_CURVE('',#1609,#1610,#43,.T.);
#2033=EDGE_CURVE('',#1610,#1607,#44,.T.);
#2034=EDGE_CURVE('',#1601,#1607,#991,.T.);
#2035=EDGE_CURVE('',#1610,#1611,#992,.T.);
#2036=EDGE_CURVE('',#1611,#1602,#45,.T.);
#2037=EDGE_CURVE('',#1612,#1596,#993,.T.);
#2038=EDGE_CURVE('',#1613,#1612,#46,.T.);
#2039=EDGE_CURVE('',#1614,#1613,#994,.T.);
#2040=EDGE_CURVE('',#1615,#1614,#47,.T.);
#2041=EDGE_CURVE('',#1615,#1597,#995,.T.);
#2042=EDGE_CURVE('',#1616,#1600,#996,.T.);
#2043=EDGE_CURVE('',#1617,#1616,#159,.T.);
#2044=EDGE_CURVE('',#1612,#1617,#997,.T.);
#2045=EDGE_CURVE('',#1618,#1611,#998,.T.);
#2046=EDGE_CURVE('',#1616,#1618,#999,.T.);
#2047=EDGE_CURVE('',#1619,#1609,#1000,.T.);
#2048=EDGE_CURVE('',#1620,#1619,#1001,.T.);
#2049=EDGE_CURVE('',#1618,#1620,#160,.T.);
#2050=EDGE_CURVE('',#1621,#1608,#1002,.T.);
#2051=EDGE_CURVE('',#1622,#1621,#48,.T.);
#2052=EDGE_CURVE('',#1623,#1622,#1003,.T.);
#2053=EDGE_CURVE('',#1619,#1623,#49,.T.);
#2054=EDGE_CURVE('',#1624,#1605,#1004,.T.);
#2055=EDGE_CURVE('',#1625,#1624,#161,.T.);
#2056=EDGE_CURVE('',#1621,#1625,#1005,.T.);
#2057=EDGE_CURVE('',#1626,#1560,#162,.T.);
#2058=EDGE_CURVE('',#1626,#1627,#163,.T.);
#2059=EDGE_CURVE('',#1561,#1627,#164,.T.);
#2060=EDGE_CURVE('',#1628,#1629,#376,.T.);
#2061=EDGE_CURVE('',#1629,#1630,#1006,.T.);
#2062=EDGE_CURVE('',#1630,#1631,#50,.T.);
#2063=EDGE_CURVE('',#1631,#1626,#1007,.T.);
#2064=EDGE_CURVE('',#1560,#1628,#1008,.T.);
#2065=EDGE_CURVE('',#1630,#1632,#1009,.T.);
#2066=EDGE_CURVE('',#1632,#1633,#51,.T.);
#2067=EDGE_CURVE('',#1633,#1631,#1010,.T.);
#2068=EDGE_CURVE('',#1634,#1635,#165,.T.);
#2069=EDGE_CURVE('',#1563,#1635,#166,.T.);
#2070=EDGE_CURVE('',#1634,#1562,#167,.T.);
#2071=EDGE_CURVE('',#1636,#1637,#377,.T.);
#2072=EDGE_CURVE('',#1637,#1563,#1011,.T.);
#2073=EDGE_CURVE('',#1635,#1633,#1012,.T.);
#2074=EDGE_CURVE('',#1632,#1636,#1013,.T.);
#2075=EDGE_CURVE('',#1638,#1634,#1014,.T.);
#2076=EDGE_CURVE('',#1562,#1639,#1015,.T.);
#2077=EDGE_CURVE('',#1639,#1640,#52,.T.);
#2078=EDGE_CURVE('',#1640,#1638,#53,.T.);
#2079=EDGE_CURVE('',#1641,#1640,#1016,.T.);
#2080=EDGE_CURVE('',#1639,#1642,#1017,.T.);
#2081=EDGE_CURVE('',#1642,#1641,#54,.T.);
#2082=EDGE_CURVE('',#1642,#1561,#1018,.T.);
#2083=EDGE_CURVE('',#1627,#1643,#1019,.T.);
#2084=EDGE_CURVE('',#1643,#1641,#55,.T.);
#2085=EDGE_CURVE('',#1637,#1644,#168,.T.);
#2086=EDGE_CURVE('',#1644,#1636,#169,.T.);
#2087=EDGE_CURVE('',#1629,#1645,#170,.T.);
#2088=EDGE_CURVE('',#1645,#1628,#171,.T.);
#2089=EDGE_CURVE('',#1644,#1646,#1020,.T.);
#2090=EDGE_CURVE('',#1646,#1646,#172,.T.);
#2091=EDGE_CURVE('',#1647,#1633,#1021,.T.);
#2092=EDGE_CURVE('',#1648,#1647,#1022,.T.);
#2093=EDGE_CURVE('',#1648,#1631,#1023,.T.);
#2094=EDGE_CURVE('',#1638,#1649,#1024,.T.);
#2095=EDGE_CURVE('',#1650,#1649,#173,.T.);
#2096=EDGE_CURVE('',#1651,#1650,#1025,.T.);
#2097=EDGE_CURVE('',#1652,#1651,#174,.T.);
#2098=EDGE_CURVE('',#1653,#1652,#1026,.T.);
#2099=EDGE_CURVE('',#1654,#1653,#175,.T.);
#2100=EDGE_CURVE('',#1655,#1654,#1027,.T.);
#2101=EDGE_CURVE('',#1656,#1655,#1028,.T.);
#2102=EDGE_CURVE('',#1657,#1656,#1029,.T.);
#2103=EDGE_CURVE('',#1658,#1657,#176,.T.);
#2104=EDGE_CURVE('',#1659,#1658,#1030,.T.);
#2105=EDGE_CURVE('',#1660,#1659,#1031,.T.);
#2106=EDGE_CURVE('',#1647,#1660,#1032,.T.);
#2107=EDGE_CURVE('',#1661,#1662,#177,.F.);
#2108=EDGE_CURVE('',#1663,#1661,#178,.F.);
#2109=EDGE_CURVE('',#1662,#1663,#179,.F.);
#2110=EDGE_CURVE('',#1664,#1665,#180,.F.);
#2111=EDGE_CURVE('',#1666,#1664,#181,.F.);
#2112=EDGE_CURVE('',#1665,#1666,#182,.F.);
#2113=EDGE_CURVE('',#1548,#1613,#56,.T.);
#2114=EDGE_CURVE('',#1617,#1549,#57,.T.);
#2115=EDGE_CURVE('',#1667,#1668,#183,.F.);
#2116=EDGE_CURVE('',#1652,#1667,#184,.T.);
#2117=EDGE_CURVE('',#1668,#1651,#185,.T.);
#2118=EDGE_CURVE('',#1669,#1670,#58,.T.);
#2119=EDGE_CURVE('',#1671,#1670,#186,.T.);
#2120=EDGE_CURVE('',#1672,#1671,#59,.F.);
#2121=EDGE_CURVE('',#1669,#1672,#187,.T.);
#2122=EDGE_CURVE('',#1673,#1674,#188,.F.);
#2123=EDGE_CURVE('',#1675,#1673,#189,.F.);
#2124=EDGE_CURVE('',#1674,#1675,#190,.F.);
#2125=EDGE_CURVE('',#1673,#1661,#1033,.T.);
#2126=EDGE_CURVE('',#1662,#1675,#1034,.T.);
#2127=EDGE_CURVE('',#1676,#1677,#191,.T.);
#2128=EDGE_CURVE('',#1678,#1677,#192,.T.);
#2129=EDGE_CURVE('',#1679,#1678,#193,.F.);
#2130=EDGE_CURVE('',#1676,#1679,#194,.T.);
#2131=EDGE_CURVE('',#1680,#1666,#1035,.T.);
#2132=EDGE_CURVE('',#1664,#1681,#1036,.T.);
#2133=EDGE_CURVE('',#1681,#1680,#60,.T.);
#2134=EDGE_CURVE('',#1682,#1683,#61,.F.);
#2135=EDGE_CURVE('',#1684,#1682,#195,.T.);
#2136=EDGE_CURVE('',#1684,#1685,#62,.T.);
#2137=EDGE_CURVE('',#1683,#1685,#196,.T.);
#2138=EDGE_CURVE('',#1547,#1614,#63,.T.);
#2139=EDGE_CURVE('',#1686,#1653,#197,.T.);
#2140=EDGE_CURVE('',#1687,#1686,#198,.F.);
#2141=EDGE_CURVE('',#1654,#1687,#199,.T.);
#2142=EDGE_CURVE('',#1688,#1689,#378,.T.);
#2143=EDGE_CURVE('',#1689,#1686,#1037,.T.);
#2144=EDGE_CURVE('',#1667,#1688,#1038,.T.);
#2145=EDGE_CURVE('',#1686,#1673,#1039,.T.);
#2146=EDGE_CURVE('',#1674,#1687,#1040,.T.);
#2147=EDGE_CURVE('',#1690,#1691,#64,.T.);
#2148=EDGE_CURVE('',#1692,#1691,#200,.T.);
#2149=EDGE_CURVE('',#1693,#1692,#65,.F.);
#2150=EDGE_CURVE('',#1690,#1693,#201,.T.);
#2151=EDGE_CURVE('',#1694,#1695,#379,.T.);
#2152=EDGE_CURVE('',#1695,#1678,#1041,.T.);
#2153=EDGE_CURVE('',#1677,#1696,#1042,.T.);
#2154=EDGE_CURVE('',#1696,#1697,#66,.T.);
#2155=EDGE_CURVE('',#1697,#1694,#1043,.T.);
#2156=EDGE_CURVE('',#1698,#1699,#67,.F.);
#2157=EDGE_CURVE('',#1700,#1698,#202,.T.);
#2158=EDGE_CURVE('',#1700,#1701,#68,.T.);
#2159=EDGE_CURVE('',#1699,#1701,#203,.T.);
#2160=EDGE_CURVE('',#1546,#1702,#69,.T.);
#2161=EDGE_CURVE('',#1702,#1615,#1044,.T.);
#2162=EDGE_CURVE('',#1703,#1704,#204,.F.);
#2163=EDGE_CURVE('',#1655,#1703,#205,.F.);
#2164=EDGE_CURVE('',#1704,#1655,#206,.F.);
#2165=EDGE_CURVE('',#1705,#1706,#207,.F.);
#2166=EDGE_CURVE('',#1707,#1705,#208,.F.);
#2167=EDGE_CURVE('',#1706,#1707,#209,.F.);
#2168=EDGE_CURVE('',#1708,#1656,#210,.F.);
#2169=EDGE_CURVE('',#1545,#1708,#211,.F.);
#2170=EDGE_CURVE('',#1656,#1545,#212,.F.);
#2171=EDGE_CURVE('',#1709,#1710,#213,.T.);
#2172=EDGE_CURVE('',#1709,#1711,#1045,.F.);
#2173=EDGE_CURVE('',#1712,#1711,#214,.T.);
#2174=EDGE_CURVE('',#1712,#1713,#1046,.T.);
#2175=EDGE_CURVE('',#1713,#1702,#215,.T.);
#2176=EDGE_CURVE('',#1708,#1710,#1047,.T.);
#2177=EDGE_CURVE('',#1554,#1714,#216,.F.);
#2178=EDGE_CURVE('',#1715,#1554,#217,.F.);
#2179=EDGE_CURVE('',#1714,#1715,#218,.F.);
#2180=EDGE_CURVE('',#1716,#1717,#219,.T.);
#2181=EDGE_CURVE('',#1716,#1718,#1048,.F.);
#2182=EDGE_CURVE('',#1719,#1718,#220,.T.);
#2183=EDGE_CURVE('',#1719,#1715,#1049,.T.);
#2184=EDGE_CURVE('',#1553,#1625,#70,.T.);
#2185=EDGE_CURVE('',#1624,#1717,#1050,.T.);
#2186=EDGE_CURVE('',#1705,#1714,#1051,.T.);
#2187=EDGE_CURVE('',#1715,#1707,#1052,.T.);
#2188=EDGE_CURVE('',#1568,#1543,#221,.F.);
#2189=EDGE_CURVE('',#1658,#1568,#222,.T.);
#2190=EDGE_CURVE('',#1543,#1657,#223,.T.);
#2191=EDGE_CURVE('',#1720,#1721,#224,.T.);
#2192=EDGE_CURVE('',#1570,#1721,#225,.T.);
#2193=EDGE_CURVE('',#1544,#1570,#226,.F.);
#2194=EDGE_CURVE('',#1720,#1544,#227,.T.);
#2195=EDGE_CURVE('',#1569,#1576,#380,.T.);
#2196=EDGE_CURVE('',#1575,#1659,#71,.T.);
#2197=EDGE_CURVE('',#1574,#1722,#72,.T.);
#2198=EDGE_CURVE('',#1722,#1659,#1053,.T.);
#2199=EDGE_CURVE('',#1573,#1571,#381,.T.);
#2200=EDGE_CURVE('',#1721,#1722,#1054,.T.);
#2201=EDGE_CURVE('',#1714,#1720,#1055,.T.);
#2202=EDGE_CURVE('',#1703,#1708,#1056,.T.);
#2203=EDGE_CURVE('',#1698,#1706,#1057,.T.);
#2204=EDGE_CURVE('',#1707,#1700,#1058,.T.);
#2205=EDGE_CURVE('',#1696,#1705,#1059,.T.);
#2206=EDGE_CURVE('',#1706,#1697,#1060,.T.);
#2207=EDGE_CURVE('',#1552,#1622,#73,.T.);
#2208=EDGE_CURVE('',#1687,#1704,#1061,.T.);
#2209=EDGE_CURVE('',#1704,#1692,#1062,.T.);
#2210=EDGE_CURVE('',#1691,#1703,#1063,.T.);
#2211=EDGE_CURVE('',#1682,#1699,#1064,.T.);
#2212=EDGE_CURVE('',#1701,#1684,#1065,.T.);
#2213=EDGE_CURVE('',#1681,#1698,#1066,.T.);
#2214=EDGE_CURVE('',#1699,#1680,#1067,.T.);
#2215=EDGE_CURVE('',#1551,#1623,#74,.T.);
#2216=EDGE_CURVE('',#1692,#1674,#1068,.T.);
#2217=EDGE_CURVE('',#1675,#1693,#1069,.T.);
#2218=EDGE_CURVE('',#1693,#1671,#1070,.T.);
#2219=EDGE_CURVE('',#1670,#1690,#1071,.T.);
#2220=EDGE_CURVE('',#1723,#1683,#1072,.T.);
#2221=EDGE_CURVE('',#1685,#1724,#1073,.T.);
#2222=EDGE_CURVE('',#1724,#1725,#228,.T.);
#2223=EDGE_CURVE('',#1725,#1723,#75,.T.);
#2224=EDGE_CURVE('',#1683,#1665,#1074,.T.);
#2225=EDGE_CURVE('',#1666,#1682,#1075,.T.);
#2226=EDGE_CURVE('',#1725,#1676,#1076,.T.);
#2227=EDGE_CURVE('',#1679,#1723,#1077,.T.);
#2228=EDGE_CURVE('',#1678,#1664,#1078,.T.);
#2229=EDGE_CURVE('',#1665,#1679,#1079,.T.);
#2230=EDGE_CURVE('',#1550,#1620,#76,.T.);
#2231=EDGE_CURVE('',#1671,#1662,#1080,.T.);
#2232=EDGE_CURVE('',#1663,#1672,#1081,.T.);
#2233=EDGE_CURVE('',#1649,#1669,#1082,.T.);
#2234=EDGE_CURVE('',#1672,#1726,#1083,.T.);
#2235=EDGE_CURVE('',#1726,#1650,#77,.T.);
#2236=EDGE_CURVE('',#1726,#1668,#1084,.T.);
#2237=EDGE_CURVE('',#1661,#1667,#1085,.T.);
#2238=EDGE_CURVE('',#1668,#1663,#1086,.T.);
#2239=EDGE_CURVE('',#1727,#1688,#229,.T.);
#2240=EDGE_CURVE('',#1727,#1728,#1087,.T.);
#2241=EDGE_CURVE('',#1728,#1728,#230,.T.);
#2242=EDGE_CURVE('',#1689,#1727,#231,.T.);
#2243=EDGE_CURVE('',#1572,#1729,#1088,.T.);
#2244=EDGE_CURVE('',#1729,#1729,#232,.T.);
#2245=EDGE_CURVE('',#1730,#1694,#233,.T.);
#2246=EDGE_CURVE('',#1730,#1731,#1089,.T.);
#2247=EDGE_CURVE('',#1731,#1731,#234,.T.);
#2248=EDGE_CURVE('',#1695,#1730,#235,.T.);
#2249=EDGE_CURVE('',#1697,#1681,#1090,.T.);
#2250=EDGE_CURVE('',#1732,#1722,#1091,.T.);
#2251=EDGE_CURVE('',#1660,#1732,#1092,.T.);
#2252=EDGE_CURVE('',#1732,#1648,#1093,.T.);
#2253=EDGE_CURVE('',#1724,#1643,#1094,.T.);
#2254=EDGE_CURVE('',#1733,#1734,#1095,.T.);
#2255=EDGE_CURVE('',#1734,#1735,#1096,.T.);
#2256=EDGE_CURVE('',#1735,#1736,#1097,.T.);
#2257=EDGE_CURVE('',#1736,#1733,#1098,.T.);
#2258=EDGE_CURVE('',#1737,#1736,#1099,.F.);
#2259=EDGE_CURVE('',#1738,#1737,#1100,.T.);
#2260=EDGE_CURVE('',#1733,#1738,#1101,.F.);
#2261=EDGE_CURVE('',#1739,#1735,#1102,.T.);
#2262=EDGE_CURVE('',#1739,#1709,#1103,.T.);
#2263=EDGE_CURVE('',#1737,#1710,#1104,.T.);
#2264=EDGE_CURVE('',#1740,#1741,#1105,.T.);
#2265=EDGE_CURVE('',#1741,#1742,#1106,.T.);
#2266=EDGE_CURVE('',#1742,#1743,#1107,.T.);
#2267=EDGE_CURVE('',#1743,#1740,#1108,.T.);
#2268=EDGE_CURVE('',#1744,#1742,#1109,.T.);
#2269=EDGE_CURVE('',#1744,#1716,#1110,.T.);
#2270=EDGE_CURVE('',#1745,#1717,#1111,.T.);
#2271=EDGE_CURVE('',#1745,#1743,#1112,.F.);
#2272=EDGE_CURVE('',#1746,#1741,#1113,.T.);
#2273=EDGE_CURVE('',#1746,#1744,#1114,.T.);
#2274=EDGE_CURVE('',#1740,#1747,#1115,.F.);
#2275=EDGE_CURVE('',#1719,#1747,#1116,.T.);
#2276=EDGE_CURVE('',#1718,#1746,#1117,.T.);
#2277=EDGE_CURVE('',#1747,#1745,#1118,.T.);
#2278=EDGE_CURVE('',#1712,#1738,#1119,.T.);
#2279=EDGE_CURVE('',#1711,#1748,#1120,.T.);
#2280=EDGE_CURVE('',#1748,#1734,#1121,.T.);
#2281=EDGE_CURVE('',#1748,#1739,#1122,.T.);
#2282=EDGE_CURVE('',#1604,#1592,#1123,.T.);
#2283=EDGE_CURVE('',#1713,#1591,#1124,.T.);
#2284=EDGE_CURVE('',#1728,#1749,#1125,.T.);
#2285=EDGE_CURVE('',#1749,#1749,#236,.T.);
#2286=EDGE_CURVE('',#1731,#1750,#1126,.T.);
#2287=EDGE_CURVE('',#1750,#1750,#237,.T.);
#2288=EDGE_CURVE('',#1729,#1751,#1127,.T.);
#2289=EDGE_CURVE('',#1751,#1751,#238,.T.);
#2290=EDGE_CURVE('',#1577,#1752,#1128,.T.);
#2291=EDGE_CURVE('',#1752,#1752,#239,.T.);
#2292=EDGE_CURVE('',#1752,#1753,#1129,.T.);
#2293=EDGE_CURVE('',#1753,#1753,#240,.T.);
#2294=EDGE_CURVE('',#1645,#1754,#1130,.T.);
#2295=EDGE_CURVE('',#1754,#1754,#241,.T.);
#2296=EDGE_CURVE('',#1754,#1755,#1131,.T.);
#2297=EDGE_CURVE('',#1755,#1755,#242,.T.);
#2298=EDGE_CURVE('',#1646,#1756,#1132,.T.);
#2299=EDGE_CURVE('',#1756,#1756,#243,.T.);
#2300=EDGE_CURVE('',#1757,#1588,#1133,.T.);
#2301=EDGE_CURVE('',#1757,#1586,#1134,.T.);
#2302=EDGE_CURVE('',#1589,#1757,#1135,.T.);
#2303=ORIENTED_EDGE('',*,*,#1758,.F.);
#2304=ORIENTED_EDGE('',*,*,#1759,.T.);
#2305=ORIENTED_EDGE('',*,*,#1760,.F.);
#2306=ORIENTED_EDGE('',*,*,#1761,.F.);
#2307=ORIENTED_EDGE('',*,*,#1762,.F.);
#2308=ORIENTED_EDGE('',*,*,#1761,.T.);
#2309=ORIENTED_EDGE('',*,*,#1763,.F.);
#2310=ORIENTED_EDGE('',*,*,#1764,.F.);
#2311=ORIENTED_EDGE('',*,*,#1765,.F.);
#2312=ORIENTED_EDGE('',*,*,#1764,.T.);
#2313=ORIENTED_EDGE('',*,*,#1766,.F.);
#2314=ORIENTED_EDGE('',*,*,#1767,.F.);
#2315=ORIENTED_EDGE('',*,*,#1768,.F.);
#2316=ORIENTED_EDGE('',*,*,#1767,.T.);
#2317=ORIENTED_EDGE('',*,*,#1769,.F.);
#2318=ORIENTED_EDGE('',*,*,#1770,.F.);
#2319=ORIENTED_EDGE('',*,*,#1771,.F.);
#2320=ORIENTED_EDGE('',*,*,#1770,.T.);
#2321=ORIENTED_EDGE('',*,*,#1772,.F.);
#2322=ORIENTED_EDGE('',*,*,#1773,.F.);
#2323=ORIENTED_EDGE('',*,*,#1774,.F.);
#2324=ORIENTED_EDGE('',*,*,#1773,.T.);
#2325=ORIENTED_EDGE('',*,*,#1775,.F.);
#2326=ORIENTED_EDGE('',*,*,#1776,.F.);
#2327=ORIENTED_EDGE('',*,*,#1777,.F.);
#2328=ORIENTED_EDGE('',*,*,#1776,.T.);
#2329=ORIENTED_EDGE('',*,*,#1778,.F.);
#2330=ORIENTED_EDGE('',*,*,#1779,.F.);
#2331=ORIENTED_EDGE('',*,*,#1780,.F.);
#2332=ORIENTED_EDGE('',*,*,#1779,.T.);
#2333=ORIENTED_EDGE('',*,*,#1781,.F.);
#2334=ORIENTED_EDGE('',*,*,#1782,.F.);
#2335=ORIENTED_EDGE('',*,*,#1783,.F.);
#2336=ORIENTED_EDGE('',*,*,#1782,.T.);
#2337=ORIENTED_EDGE('',*,*,#1784,.F.);
#2338=ORIENTED_EDGE('',*,*,#1785,.F.);
#2339=ORIENTED_EDGE('',*,*,#1786,.F.);
#2340=ORIENTED_EDGE('',*,*,#1785,.T.);
#2341=ORIENTED_EDGE('',*,*,#1787,.F.);
#2342=ORIENTED_EDGE('',*,*,#1788,.F.);
#2343=ORIENTED_EDGE('',*,*,#1789,.F.);
#2344=ORIENTED_EDGE('',*,*,#1788,.T.);
#2345=ORIENTED_EDGE('',*,*,#1790,.F.);
#2346=ORIENTED_EDGE('',*,*,#1791,.F.);
#2347=ORIENTED_EDGE('',*,*,#1792,.F.);
#2348=ORIENTED_EDGE('',*,*,#1791,.T.);
#2349=ORIENTED_EDGE('',*,*,#1793,.F.);
#2350=ORIENTED_EDGE('',*,*,#1794,.F.);
#2351=ORIENTED_EDGE('',*,*,#1795,.F.);
#2352=ORIENTED_EDGE('',*,*,#1794,.T.);
#2353=ORIENTED_EDGE('',*,*,#1796,.F.);
#2354=ORIENTED_EDGE('',*,*,#1797,.F.);
#2355=ORIENTED_EDGE('',*,*,#1798,.F.);
#2356=ORIENTED_EDGE('',*,*,#1797,.T.);
#2357=ORIENTED_EDGE('',*,*,#1799,.F.);
#2358=ORIENTED_EDGE('',*,*,#1800,.F.);
#2359=ORIENTED_EDGE('',*,*,#1801,.F.);
#2360=ORIENTED_EDGE('',*,*,#1800,.T.);
#2361=ORIENTED_EDGE('',*,*,#1802,.F.);
#2362=ORIENTED_EDGE('',*,*,#1803,.F.);
#2363=ORIENTED_EDGE('',*,*,#1804,.F.);
#2364=ORIENTED_EDGE('',*,*,#1803,.T.);
#2365=ORIENTED_EDGE('',*,*,#1805,.F.);
#2366=ORIENTED_EDGE('',*,*,#1806,.F.);
#2367=ORIENTED_EDGE('',*,*,#1807,.F.);
#2368=ORIENTED_EDGE('',*,*,#1806,.T.);
#2369=ORIENTED_EDGE('',*,*,#1808,.F.);
#2370=ORIENTED_EDGE('',*,*,#1809,.F.);
#2371=ORIENTED_EDGE('',*,*,#1810,.F.);
#2372=ORIENTED_EDGE('',*,*,#1809,.T.);
#2373=ORIENTED_EDGE('',*,*,#1811,.F.);
#2374=ORIENTED_EDGE('',*,*,#1812,.F.);
#2375=ORIENTED_EDGE('',*,*,#1813,.F.);
#2376=ORIENTED_EDGE('',*,*,#1812,.T.);
#2377=ORIENTED_EDGE('',*,*,#1814,.F.);
#2378=ORIENTED_EDGE('',*,*,#1815,.F.);
#2379=ORIENTED_EDGE('',*,*,#1816,.F.);
#2380=ORIENTED_EDGE('',*,*,#1815,.T.);
#2381=ORIENTED_EDGE('',*,*,#1817,.F.);
#2382=ORIENTED_EDGE('',*,*,#1818,.F.);
#2383=ORIENTED_EDGE('',*,*,#1819,.F.);
#2384=ORIENTED_EDGE('',*,*,#1818,.T.);
#2385=ORIENTED_EDGE('',*,*,#1820,.F.);
#2386=ORIENTED_EDGE('',*,*,#1821,.F.);
#2387=ORIENTED_EDGE('',*,*,#1822,.F.);
#2388=ORIENTED_EDGE('',*,*,#1821,.T.);
#2389=ORIENTED_EDGE('',*,*,#1823,.F.);
#2390=ORIENTED_EDGE('',*,*,#1759,.F.);
#2391=ORIENTED_EDGE('',*,*,#1823,.T.);
#2392=ORIENTED_EDGE('',*,*,#1820,.T.);
#2393=ORIENTED_EDGE('',*,*,#1817,.T.);
#2394=ORIENTED_EDGE('',*,*,#1814,.T.);
#2395=ORIENTED_EDGE('',*,*,#1811,.T.);
#2396=ORIENTED_EDGE('',*,*,#1808,.T.);
#2397=ORIENTED_EDGE('',*,*,#1805,.T.);
#2398=ORIENTED_EDGE('',*,*,#1802,.T.);
#2399=ORIENTED_EDGE('',*,*,#1799,.T.);
#2400=ORIENTED_EDGE('',*,*,#1796,.T.);
#2401=ORIENTED_EDGE('',*,*,#1793,.T.);
#2402=ORIENTED_EDGE('',*,*,#1790,.T.);
#2403=ORIENTED_EDGE('',*,*,#1787,.T.);
#2404=ORIENTED_EDGE('',*,*,#1784,.T.);
#2405=ORIENTED_EDGE('',*,*,#1781,.T.);
#2406=ORIENTED_EDGE('',*,*,#1778,.T.);
#2407=ORIENTED_EDGE('',*,*,#1775,.T.);
#2408=ORIENTED_EDGE('',*,*,#1772,.T.);
#2409=ORIENTED_EDGE('',*,*,#1769,.T.);
#2410=ORIENTED_EDGE('',*,*,#1766,.T.);
#2411=ORIENTED_EDGE('',*,*,#1763,.T.);
#2412=ORIENTED_EDGE('',*,*,#1760,.T.);
#2413=ORIENTED_EDGE('',*,*,#1824,.F.);
#2414=ORIENTED_EDGE('',*,*,#1825,.T.);
#2415=ORIENTED_EDGE('',*,*,#1826,.F.);
#2416=ORIENTED_EDGE('',*,*,#1827,.F.);
#2417=ORIENTED_EDGE('',*,*,#1828,.F.);
#2418=ORIENTED_EDGE('',*,*,#1827,.T.);
#2419=ORIENTED_EDGE('',*,*,#1829,.F.);
#2420=ORIENTED_EDGE('',*,*,#1830,.F.);
#2421=ORIENTED_EDGE('',*,*,#1831,.F.);
#2422=ORIENTED_EDGE('',*,*,#1830,.T.);
#2423=ORIENTED_EDGE('',*,*,#1832,.F.);
#2424=ORIENTED_EDGE('',*,*,#1833,.F.);
#2425=ORIENTED_EDGE('',*,*,#1834,.F.);
#2426=ORIENTED_EDGE('',*,*,#1833,.T.);
#2427=ORIENTED_EDGE('',*,*,#1835,.F.);
#2428=ORIENTED_EDGE('',*,*,#1836,.F.);
#2429=ORIENTED_EDGE('',*,*,#1837,.F.);
#2430=ORIENTED_EDGE('',*,*,#1836,.T.);
#2431=ORIENTED_EDGE('',*,*,#1838,.F.);
#2432=ORIENTED_EDGE('',*,*,#1839,.F.);
#2433=ORIENTED_EDGE('',*,*,#1840,.F.);
#2434=ORIENTED_EDGE('',*,*,#1839,.T.);
#2435=ORIENTED_EDGE('',*,*,#1841,.F.);
#2436=ORIENTED_EDGE('',*,*,#1842,.F.);
#2437=ORIENTED_EDGE('',*,*,#1843,.F.);
#2438=ORIENTED_EDGE('',*,*,#1842,.T.);
#2439=ORIENTED_EDGE('',*,*,#1844,.F.);
#2440=ORIENTED_EDGE('',*,*,#1845,.F.);
#2441=ORIENTED_EDGE('',*,*,#1846,.F.);
#2442=ORIENTED_EDGE('',*,*,#1845,.T.);
#2443=ORIENTED_EDGE('',*,*,#1847,.F.);
#2444=ORIENTED_EDGE('',*,*,#1848,.F.);
#2445=ORIENTED_EDGE('',*,*,#1849,.F.);
#2446=ORIENTED_EDGE('',*,*,#1848,.T.);
#2447=ORIENTED_EDGE('',*,*,#1850,.F.);
#2448=ORIENTED_EDGE('',*,*,#1851,.F.);
#2449=ORIENTED_EDGE('',*,*,#1852,.F.);
#2450=ORIENTED_EDGE('',*,*,#1851,.T.);
#2451=ORIENTED_EDGE('',*,*,#1853,.F.);
#2452=ORIENTED_EDGE('',*,*,#1854,.F.);
#2453=ORIENTED_EDGE('',*,*,#1855,.F.);
#2454=ORIENTED_EDGE('',*,*,#1854,.T.);
#2455=ORIENTED_EDGE('',*,*,#1856,.F.);
#2456=ORIENTED_EDGE('',*,*,#1857,.F.);
#2457=ORIENTED_EDGE('',*,*,#1858,.F.);
#2458=ORIENTED_EDGE('',*,*,#1857,.T.);
#2459=ORIENTED_EDGE('',*,*,#1859,.F.);
#2460=ORIENTED_EDGE('',*,*,#1860,.F.);
#2461=ORIENTED_EDGE('',*,*,#1861,.F.);
#2462=ORIENTED_EDGE('',*,*,#1860,.T.);
#2463=ORIENTED_EDGE('',*,*,#1862,.F.);
#2464=ORIENTED_EDGE('',*,*,#1863,.F.);
#2465=ORIENTED_EDGE('',*,*,#1864,.F.);
#2466=ORIENTED_EDGE('',*,*,#1863,.T.);
#2467=ORIENTED_EDGE('',*,*,#1865,.F.);
#2468=ORIENTED_EDGE('',*,*,#1866,.F.);
#2469=ORIENTED_EDGE('',*,*,#1867,.F.);
#2470=ORIENTED_EDGE('',*,*,#1866,.T.);
#2471=ORIENTED_EDGE('',*,*,#1868,.F.);
#2472=ORIENTED_EDGE('',*,*,#1869,.F.);
#2473=ORIENTED_EDGE('',*,*,#1870,.F.);
#2474=ORIENTED_EDGE('',*,*,#1869,.T.);
#2475=ORIENTED_EDGE('',*,*,#1871,.F.);
#2476=ORIENTED_EDGE('',*,*,#1872,.F.);
#2477=ORIENTED_EDGE('',*,*,#1873,.F.);
#2478=ORIENTED_EDGE('',*,*,#1872,.T.);
#2479=ORIENTED_EDGE('',*,*,#1874,.F.);
#2480=ORIENTED_EDGE('',*,*,#1875,.F.);
#2481=ORIENTED_EDGE('',*,*,#1876,.F.);
#2482=ORIENTED_EDGE('',*,*,#1875,.T.);
#2483=ORIENTED_EDGE('',*,*,#1877,.F.);
#2484=ORIENTED_EDGE('',*,*,#1878,.F.);
#2485=ORIENTED_EDGE('',*,*,#1879,.F.);
#2486=ORIENTED_EDGE('',*,*,#1878,.T.);
#2487=ORIENTED_EDGE('',*,*,#1880,.F.);
#2488=ORIENTED_EDGE('',*,*,#1881,.F.);
#2489=ORIENTED_EDGE('',*,*,#1882,.F.);
#2490=ORIENTED_EDGE('',*,*,#1881,.T.);
#2491=ORIENTED_EDGE('',*,*,#1883,.F.);
#2492=ORIENTED_EDGE('',*,*,#1884,.F.);
#2493=ORIENTED_EDGE('',*,*,#1885,.F.);
#2494=ORIENTED_EDGE('',*,*,#1884,.T.);
#2495=ORIENTED_EDGE('',*,*,#1886,.F.);
#2496=ORIENTED_EDGE('',*,*,#1887,.F.);
#2497=ORIENTED_EDGE('',*,*,#1888,.F.);
#2498=ORIENTED_EDGE('',*,*,#1887,.T.);
#2499=ORIENTED_EDGE('',*,*,#1889,.F.);
#2500=ORIENTED_EDGE('',*,*,#1890,.F.);
#2501=ORIENTED_EDGE('',*,*,#1891,.F.);
#2502=ORIENTED_EDGE('',*,*,#1890,.T.);
#2503=ORIENTED_EDGE('',*,*,#1892,.F.);
#2504=ORIENTED_EDGE('',*,*,#1893,.F.);
#2505=ORIENTED_EDGE('',*,*,#1894,.F.);
#2506=ORIENTED_EDGE('',*,*,#1893,.T.);
#2507=ORIENTED_EDGE('',*,*,#1895,.F.);
#2508=ORIENTED_EDGE('',*,*,#1896,.F.);
#2509=ORIENTED_EDGE('',*,*,#1897,.F.);
#2510=ORIENTED_EDGE('',*,*,#1896,.T.);
#2511=ORIENTED_EDGE('',*,*,#1898,.F.);
#2512=ORIENTED_EDGE('',*,*,#1899,.F.);
#2513=ORIENTED_EDGE('',*,*,#1900,.F.);
#2514=ORIENTED_EDGE('',*,*,#1899,.T.);
#2515=ORIENTED_EDGE('',*,*,#1901,.F.);
#2516=ORIENTED_EDGE('',*,*,#1825,.F.);
#2517=ORIENTED_EDGE('',*,*,#1901,.T.);
#2518=ORIENTED_EDGE('',*,*,#1898,.T.);
#2519=ORIENTED_EDGE('',*,*,#1895,.T.);
#2520=ORIENTED_EDGE('',*,*,#1892,.T.);
#2521=ORIENTED_EDGE('',*,*,#1889,.T.);
#2522=ORIENTED_EDGE('',*,*,#1886,.T.);
#2523=ORIENTED_EDGE('',*,*,#1883,.T.);
#2524=ORIENTED_EDGE('',*,*,#1880,.T.);
#2525=ORIENTED_EDGE('',*,*,#1877,.T.);
#2526=ORIENTED_EDGE('',*,*,#1874,.T.);
#2527=ORIENTED_EDGE('',*,*,#1871,.T.);
#2528=ORIENTED_EDGE('',*,*,#1868,.T.);
#2529=ORIENTED_EDGE('',*,*,#1865,.T.);
#2530=ORIENTED_EDGE('',*,*,#1862,.T.);
#2531=ORIENTED_EDGE('',*,*,#1859,.T.);
#2532=ORIENTED_EDGE('',*,*,#1856,.T.);
#2533=ORIENTED_EDGE('',*,*,#1853,.T.);
#2534=ORIENTED_EDGE('',*,*,#1850,.T.);
#2535=ORIENTED_EDGE('',*,*,#1847,.T.);
#2536=ORIENTED_EDGE('',*,*,#1844,.T.);
#2537=ORIENTED_EDGE('',*,*,#1841,.T.);
#2538=ORIENTED_EDGE('',*,*,#1838,.T.);
#2539=ORIENTED_EDGE('',*,*,#1835,.T.);
#2540=ORIENTED_EDGE('',*,*,#1832,.T.);
#2541=ORIENTED_EDGE('',*,*,#1829,.T.);
#2542=ORIENTED_EDGE('',*,*,#1826,.T.);
#2543=ORIENTED_EDGE('',*,*,#1902,.F.);
#2544=ORIENTED_EDGE('',*,*,#1903,.T.);
#2545=ORIENTED_EDGE('',*,*,#1904,.F.);
#2546=ORIENTED_EDGE('',*,*,#1905,.F.);
#2547=ORIENTED_EDGE('',*,*,#1906,.F.);
#2548=ORIENTED_EDGE('',*,*,#1905,.T.);
#2549=ORIENTED_EDGE('',*,*,#1907,.F.);
#2550=ORIENTED_EDGE('',*,*,#1908,.F.);
#2551=ORIENTED_EDGE('',*,*,#1909,.F.);
#2552=ORIENTED_EDGE('',*,*,#1908,.T.);
#2553=ORIENTED_EDGE('',*,*,#1910,.F.);
#2554=ORIENTED_EDGE('',*,*,#1911,.F.);
#2555=ORIENTED_EDGE('',*,*,#1912,.F.);
#2556=ORIENTED_EDGE('',*,*,#1911,.T.);
#2557=ORIENTED_EDGE('',*,*,#1913,.F.);
#2558=ORIENTED_EDGE('',*,*,#1914,.F.);
#2559=ORIENTED_EDGE('',*,*,#1915,.F.);
#2560=ORIENTED_EDGE('',*,*,#1914,.T.);
#2561=ORIENTED_EDGE('',*,*,#1916,.F.);
#2562=ORIENTED_EDGE('',*,*,#1917,.F.);
#2563=ORIENTED_EDGE('',*,*,#1918,.F.);
#2564=ORIENTED_EDGE('',*,*,#1917,.T.);
#2565=ORIENTED_EDGE('',*,*,#1919,.F.);
#2566=ORIENTED_EDGE('',*,*,#1920,.F.);
#2567=ORIENTED_EDGE('',*,*,#1921,.F.);
#2568=ORIENTED_EDGE('',*,*,#1920,.T.);
#2569=ORIENTED_EDGE('',*,*,#1922,.F.);
#2570=ORIENTED_EDGE('',*,*,#1923,.F.);
#2571=ORIENTED_EDGE('',*,*,#1924,.F.);
#2572=ORIENTED_EDGE('',*,*,#1923,.T.);
#2573=ORIENTED_EDGE('',*,*,#1925,.F.);
#2574=ORIENTED_EDGE('',*,*,#1903,.F.);
#2575=ORIENTED_EDGE('',*,*,#1926,.F.);
#2576=ORIENTED_EDGE('',*,*,#1927,.T.);
#2577=ORIENTED_EDGE('',*,*,#1928,.F.);
#2578=ORIENTED_EDGE('',*,*,#1929,.F.);
#2579=ORIENTED_EDGE('',*,*,#1930,.F.);
#2580=ORIENTED_EDGE('',*,*,#1929,.T.);
#2581=ORIENTED_EDGE('',*,*,#1931,.F.);
#2582=ORIENTED_EDGE('',*,*,#1932,.F.);
#2583=ORIENTED_EDGE('',*,*,#1933,.F.);
#2584=ORIENTED_EDGE('',*,*,#1932,.T.);
#2585=ORIENTED_EDGE('',*,*,#1934,.F.);
#2586=ORIENTED_EDGE('',*,*,#1935,.F.);
#2587=ORIENTED_EDGE('',*,*,#1936,.F.);
#2588=ORIENTED_EDGE('',*,*,#1935,.T.);
#2589=ORIENTED_EDGE('',*,*,#1937,.F.);
#2590=ORIENTED_EDGE('',*,*,#1938,.F.);
#2591=ORIENTED_EDGE('',*,*,#1939,.F.);
#2592=ORIENTED_EDGE('',*,*,#1938,.T.);
#2593=ORIENTED_EDGE('',*,*,#1940,.F.);
#2594=ORIENTED_EDGE('',*,*,#1941,.F.);
#2595=ORIENTED_EDGE('',*,*,#1942,.F.);
#2596=ORIENTED_EDGE('',*,*,#1941,.T.);
#2597=ORIENTED_EDGE('',*,*,#1943,.F.);
#2598=ORIENTED_EDGE('',*,*,#1944,.F.);
#2599=ORIENTED_EDGE('',*,*,#1945,.F.);
#2600=ORIENTED_EDGE('',*,*,#1944,.T.);
#2601=ORIENTED_EDGE('',*,*,#1946,.F.);
#2602=ORIENTED_EDGE('',*,*,#1947,.F.);
#2603=ORIENTED_EDGE('',*,*,#1948,.F.);
#2604=ORIENTED_EDGE('',*,*,#1947,.T.);
#2605=ORIENTED_EDGE('',*,*,#1949,.F.);
#2606=ORIENTED_EDGE('',*,*,#1927,.F.);
#2607=ORIENTED_EDGE('',*,*,#1949,.T.);
#2608=ORIENTED_EDGE('',*,*,#1946,.T.);
#2609=ORIENTED_EDGE('',*,*,#1943,.T.);
#2610=ORIENTED_EDGE('',*,*,#1940,.T.);
#2611=ORIENTED_EDGE('',*,*,#1937,.T.);
#2612=ORIENTED_EDGE('',*,*,#1934,.T.);
#2613=ORIENTED_EDGE('',*,*,#1931,.T.);
#2614=ORIENTED_EDGE('',*,*,#1928,.T.);
#2615=ORIENTED_EDGE('',*,*,#1925,.T.);
#2616=ORIENTED_EDGE('',*,*,#1922,.T.);
#2617=ORIENTED_EDGE('',*,*,#1919,.T.);
#2618=ORIENTED_EDGE('',*,*,#1916,.T.);
#2619=ORIENTED_EDGE('',*,*,#1913,.T.);
#2620=ORIENTED_EDGE('',*,*,#1910,.T.);
#2621=ORIENTED_EDGE('',*,*,#1907,.T.);
#2622=ORIENTED_EDGE('',*,*,#1904,.T.);
#2623=ORIENTED_EDGE('',*,*,#1950,.F.);
#2624=ORIENTED_EDGE('',*,*,#1951,.F.);
#2625=ORIENTED_EDGE('',*,*,#1952,.F.);
#2626=ORIENTED_EDGE('',*,*,#1953,.F.);
#2627=ORIENTED_EDGE('',*,*,#1954,.F.);
#2628=ORIENTED_EDGE('',*,*,#1955,.F.);
#2629=ORIENTED_EDGE('',*,*,#1956,.F.);
#2630=ORIENTED_EDGE('',*,*,#1957,.F.);
#2631=ORIENTED_EDGE('',*,*,#1958,.F.);
#2632=ORIENTED_EDGE('',*,*,#1959,.F.);
#2633=ORIENTED_EDGE('',*,*,#1960,.F.);
#2634=ORIENTED_EDGE('',*,*,#1961,.F.);
#2635=ORIENTED_EDGE('',*,*,#1758,.T.);
#2636=ORIENTED_EDGE('',*,*,#1762,.T.);
#2637=ORIENTED_EDGE('',*,*,#1765,.T.);
#2638=ORIENTED_EDGE('',*,*,#1768,.T.);
#2639=ORIENTED_EDGE('',*,*,#1771,.T.);
#2640=ORIENTED_EDGE('',*,*,#1774,.T.);
#2641=ORIENTED_EDGE('',*,*,#1777,.T.);
#2642=ORIENTED_EDGE('',*,*,#1780,.T.);
#2643=ORIENTED_EDGE('',*,*,#1783,.T.);
#2644=ORIENTED_EDGE('',*,*,#1786,.T.);
#2645=ORIENTED_EDGE('',*,*,#1789,.T.);
#2646=ORIENTED_EDGE('',*,*,#1792,.T.);
#2647=ORIENTED_EDGE('',*,*,#1795,.T.);
#2648=ORIENTED_EDGE('',*,*,#1798,.T.);
#2649=ORIENTED_EDGE('',*,*,#1801,.T.);
#2650=ORIENTED_EDGE('',*,*,#1804,.T.);
#2651=ORIENTED_EDGE('',*,*,#1807,.T.);
#2652=ORIENTED_EDGE('',*,*,#1810,.T.);
#2653=ORIENTED_EDGE('',*,*,#1813,.T.);
#2654=ORIENTED_EDGE('',*,*,#1816,.T.);
#2655=ORIENTED_EDGE('',*,*,#1819,.T.);
#2656=ORIENTED_EDGE('',*,*,#1822,.T.);
#2657=ORIENTED_EDGE('',*,*,#1824,.T.);
#2658=ORIENTED_EDGE('',*,*,#1828,.T.);
#2659=ORIENTED_EDGE('',*,*,#1831,.T.);
#2660=ORIENTED_EDGE('',*,*,#1834,.T.);
#2661=ORIENTED_EDGE('',*,*,#1837,.T.);
#2662=ORIENTED_EDGE('',*,*,#1840,.T.);
#2663=ORIENTED_EDGE('',*,*,#1843,.T.);
#2664=ORIENTED_EDGE('',*,*,#1846,.T.);
#2665=ORIENTED_EDGE('',*,*,#1849,.T.);
#2666=ORIENTED_EDGE('',*,*,#1852,.T.);
#2667=ORIENTED_EDGE('',*,*,#1855,.T.);
#2668=ORIENTED_EDGE('',*,*,#1858,.T.);
#2669=ORIENTED_EDGE('',*,*,#1861,.T.);
#2670=ORIENTED_EDGE('',*,*,#1864,.T.);
#2671=ORIENTED_EDGE('',*,*,#1867,.T.);
#2672=ORIENTED_EDGE('',*,*,#1870,.T.);
#2673=ORIENTED_EDGE('',*,*,#1873,.T.);
#2674=ORIENTED_EDGE('',*,*,#1876,.T.);
#2675=ORIENTED_EDGE('',*,*,#1879,.T.);
#2676=ORIENTED_EDGE('',*,*,#1882,.T.);
#2677=ORIENTED_EDGE('',*,*,#1885,.T.);
#2678=ORIENTED_EDGE('',*,*,#1888,.T.);
#2679=ORIENTED_EDGE('',*,*,#1891,.T.);
#2680=ORIENTED_EDGE('',*,*,#1894,.T.);
#2681=ORIENTED_EDGE('',*,*,#1897,.T.);
#2682=ORIENTED_EDGE('',*,*,#1900,.T.);
#2683=ORIENTED_EDGE('',*,*,#1926,.T.);
#2684=ORIENTED_EDGE('',*,*,#1930,.T.);
#2685=ORIENTED_EDGE('',*,*,#1933,.T.);
#2686=ORIENTED_EDGE('',*,*,#1936,.T.);
#2687=ORIENTED_EDGE('',*,*,#1939,.T.);
#2688=ORIENTED_EDGE('',*,*,#1942,.T.);
#2689=ORIENTED_EDGE('',*,*,#1945,.T.);
#2690=ORIENTED_EDGE('',*,*,#1948,.T.);
#2691=ORIENTED_EDGE('',*,*,#1962,.T.);
#2692=ORIENTED_EDGE('',*,*,#1963,.T.);
#2693=ORIENTED_EDGE('',*,*,#1964,.T.);
#2694=ORIENTED_EDGE('',*,*,#1965,.T.);
#2695=ORIENTED_EDGE('',*,*,#1966,.T.);
#2696=ORIENTED_EDGE('',*,*,#1962,.F.);
#2697=ORIENTED_EDGE('',*,*,#1967,.T.);
#2698=ORIENTED_EDGE('',*,*,#1965,.F.);
#2699=ORIENTED_EDGE('',*,*,#1968,.T.);
#2700=ORIENTED_EDGE('',*,*,#1967,.F.);
#2701=ORIENTED_EDGE('',*,*,#1969,.T.);
#2702=ORIENTED_EDGE('',*,*,#1970,.T.);
#2703=ORIENTED_EDGE('',*,*,#1971,.T.);
#2704=ORIENTED_EDGE('',*,*,#1972,.T.);
#2705=ORIENTED_EDGE('',*,*,#1973,.T.);
#2706=ORIENTED_EDGE('',*,*,#1974,.F.);
#2707=ORIENTED_EDGE('',*,*,#1975,.T.);
#2708=ORIENTED_EDGE('',*,*,#1963,.F.);
#2709=ORIENTED_EDGE('',*,*,#1968,.F.);
#2710=ORIENTED_EDGE('',*,*,#1964,.F.);
#2711=ORIENTED_EDGE('',*,*,#1975,.F.);
#2712=ORIENTED_EDGE('',*,*,#1976,.T.);
#2713=ORIENTED_EDGE('',*,*,#1977,.T.);
#2714=ORIENTED_EDGE('',*,*,#1978,.T.);
#2715=ORIENTED_EDGE('',*,*,#1979,.T.);
#2716=ORIENTED_EDGE('',*,*,#1977,.F.);
#2717=ORIENTED_EDGE('',*,*,#1980,.F.);
#2718=ORIENTED_EDGE('',*,*,#1981,.F.);
#2719=ORIENTED_EDGE('',*,*,#1982,.F.);
#2720=ORIENTED_EDGE('',*,*,#1983,.T.);
#2721=ORIENTED_EDGE('',*,*,#1984,.T.);
#2722=ORIENTED_EDGE('',*,*,#1985,.F.);
#2723=ORIENTED_EDGE('',*,*,#1986,.F.);
#2724=ORIENTED_EDGE('',*,*,#1987,.F.);
#2725=ORIENTED_EDGE('',*,*,#1988,.T.);
#2726=ORIENTED_EDGE('',*,*,#1989,.T.);
#2727=ORIENTED_EDGE('',*,*,#1990,.F.);
#2728=ORIENTED_EDGE('',*,*,#1991,.F.);
#2729=ORIENTED_EDGE('',*,*,#1992,.F.);
#2730=ORIENTED_EDGE('',*,*,#1993,.F.);
#2731=ORIENTED_EDGE('',*,*,#1976,.F.);
#2732=ORIENTED_EDGE('',*,*,#1994,.F.);
#2733=ORIENTED_EDGE('',*,*,#1995,.T.);
#2734=ORIENTED_EDGE('',*,*,#1978,.F.);
#2735=ORIENTED_EDGE('',*,*,#1979,.F.);
#2736=ORIENTED_EDGE('',*,*,#1995,.F.);
#2737=ORIENTED_EDGE('',*,*,#1990,.T.);
#2738=ORIENTED_EDGE('',*,*,#1996,.T.);
#2739=ORIENTED_EDGE('',*,*,#1997,.T.);
#2740=ORIENTED_EDGE('',*,*,#1998,.T.);
#2741=ORIENTED_EDGE('',*,*,#1999,.T.);
#2742=ORIENTED_EDGE('',*,*,#2000,.T.);
#2743=ORIENTED_EDGE('',*,*,#1991,.T.);
#2744=ORIENTED_EDGE('',*,*,#1998,.F.);
#2745=ORIENTED_EDGE('',*,*,#1992,.T.);
#2746=ORIENTED_EDGE('',*,*,#2000,.F.);
#2747=ORIENTED_EDGE('',*,*,#2001,.T.);
#2748=ORIENTED_EDGE('',*,*,#2002,.T.);
#2749=ORIENTED_EDGE('',*,*,#1993,.T.);
#2750=ORIENTED_EDGE('',*,*,#2002,.F.);
#2751=ORIENTED_EDGE('',*,*,#2003,.T.);
#2752=ORIENTED_EDGE('',*,*,#1996,.F.);
#2753=ORIENTED_EDGE('',*,*,#1999,.F.);
#2754=ORIENTED_EDGE('',*,*,#2004,.F.);
#2755=ORIENTED_EDGE('',*,*,#2005,.F.);
#2756=ORIENTED_EDGE('',*,*,#2006,.T.);
#2757=ORIENTED_EDGE('',*,*,#1997,.F.);
#2758=ORIENTED_EDGE('',*,*,#2007,.F.);
#2759=ORIENTED_EDGE('',*,*,#2008,.F.);
#2760=ORIENTED_EDGE('',*,*,#2004,.T.);
#2761=ORIENTED_EDGE('',*,*,#2009,.T.);
#2762=ORIENTED_EDGE('',*,*,#2010,.T.);
#2763=ORIENTED_EDGE('',*,*,#2011,.T.);
#2764=ORIENTED_EDGE('',*,*,#2012,.T.);
#2765=ORIENTED_EDGE('',*,*,#2013,.T.);
#2766=ORIENTED_EDGE('',*,*,#2014,.T.);
#2767=ORIENTED_EDGE('',*,*,#2015,.T.);
#2768=ORIENTED_EDGE('',*,*,#2016,.T.);
#2769=ORIENTED_EDGE('',*,*,#2017,.T.);
#2770=ORIENTED_EDGE('',*,*,#2012,.F.);
#2771=ORIENTED_EDGE('',*,*,#2018,.T.);
#2772=ORIENTED_EDGE('',*,*,#2019,.T.);
#2773=ORIENTED_EDGE('',*,*,#2020,.T.);
#2774=ORIENTED_EDGE('',*,*,#2021,.T.);
#2775=ORIENTED_EDGE('',*,*,#2014,.F.);
#2776=ORIENTED_EDGE('',*,*,#2022,.T.);
#2777=ORIENTED_EDGE('',*,*,#2023,.T.);
#2778=ORIENTED_EDGE('',*,*,#2024,.T.);
#2779=ORIENTED_EDGE('',*,*,#2019,.F.);
#2780=ORIENTED_EDGE('',*,*,#2025,.T.);
#2781=ORIENTED_EDGE('',*,*,#2026,.T.);
#2782=ORIENTED_EDGE('',*,*,#2027,.T.);
#2783=ORIENTED_EDGE('',*,*,#2028,.T.);
#2784=ORIENTED_EDGE('',*,*,#2029,.T.);
#2785=ORIENTED_EDGE('',*,*,#2028,.F.);
#2786=ORIENTED_EDGE('',*,*,#2030,.T.);
#2787=ORIENTED_EDGE('',*,*,#2031,.T.);
#2788=ORIENTED_EDGE('',*,*,#2032,.T.);
#2789=ORIENTED_EDGE('',*,*,#2033,.T.);
#2790=ORIENTED_EDGE('',*,*,#2034,.T.);
#2791=ORIENTED_EDGE('',*,*,#2033,.F.);
#2792=ORIENTED_EDGE('',*,*,#2035,.T.);
#2793=ORIENTED_EDGE('',*,*,#2036,.T.);
#2794=ORIENTED_EDGE('',*,*,#2023,.F.);
#2795=ORIENTED_EDGE('',*,*,#2016,.F.);
#2796=ORIENTED_EDGE('',*,*,#2037,.F.);
#2797=ORIENTED_EDGE('',*,*,#2038,.F.);
#2798=ORIENTED_EDGE('',*,*,#2039,.F.);
#2799=ORIENTED_EDGE('',*,*,#2040,.F.);
#2800=ORIENTED_EDGE('',*,*,#2041,.T.);
#2801=ORIENTED_EDGE('',*,*,#2015,.F.);
#2802=ORIENTED_EDGE('',*,*,#2021,.F.);
#2803=ORIENTED_EDGE('',*,*,#2042,.F.);
#2804=ORIENTED_EDGE('',*,*,#2043,.F.);
#2805=ORIENTED_EDGE('',*,*,#2044,.F.);
#2806=ORIENTED_EDGE('',*,*,#2037,.T.);
#2807=ORIENTED_EDGE('',*,*,#2020,.F.);
#2808=ORIENTED_EDGE('',*,*,#2024,.F.);
#2809=ORIENTED_EDGE('',*,*,#2036,.F.);
#2810=ORIENTED_EDGE('',*,*,#2045,.F.);
#2811=ORIENTED_EDGE('',*,*,#2046,.F.);
#2812=ORIENTED_EDGE('',*,*,#2042,.T.);
#2813=ORIENTED_EDGE('',*,*,#2035,.F.);
#2814=ORIENTED_EDGE('',*,*,#2032,.F.);
#2815=ORIENTED_EDGE('',*,*,#2047,.F.);
#2816=ORIENTED_EDGE('',*,*,#2048,.F.);
#2817=ORIENTED_EDGE('',*,*,#2049,.F.);
#2818=ORIENTED_EDGE('',*,*,#2045,.T.);
#2819=ORIENTED_EDGE('',*,*,#2031,.F.);
#2820=ORIENTED_EDGE('',*,*,#2050,.F.);
#2821=ORIENTED_EDGE('',*,*,#2051,.F.);
#2822=ORIENTED_EDGE('',*,*,#2052,.F.);
#2823=ORIENTED_EDGE('',*,*,#2053,.F.);
#2824=ORIENTED_EDGE('',*,*,#2047,.T.);
#2825=ORIENTED_EDGE('',*,*,#2027,.F.);
#2826=ORIENTED_EDGE('',*,*,#2054,.F.);
#2827=ORIENTED_EDGE('',*,*,#2055,.F.);
#2828=ORIENTED_EDGE('',*,*,#2056,.F.);
#2829=ORIENTED_EDGE('',*,*,#2050,.T.);
#2830=ORIENTED_EDGE('',*,*,#2030,.F.);
#2831=ORIENTED_EDGE('',*,*,#1970,.F.);
#2832=ORIENTED_EDGE('',*,*,#2057,.F.);
#2833=ORIENTED_EDGE('',*,*,#2058,.T.);
#2834=ORIENTED_EDGE('',*,*,#2059,.F.);
#2835=ORIENTED_EDGE('',*,*,#2060,.T.);
#2836=ORIENTED_EDGE('',*,*,#2061,.T.);
#2837=ORIENTED_EDGE('',*,*,#2062,.T.);
#2838=ORIENTED_EDGE('',*,*,#2063,.T.);
#2839=ORIENTED_EDGE('',*,*,#2057,.T.);
#2840=ORIENTED_EDGE('',*,*,#2064,.T.);
#2841=ORIENTED_EDGE('',*,*,#2065,.T.);
#2842=ORIENTED_EDGE('',*,*,#2066,.T.);
#2843=ORIENTED_EDGE('',*,*,#2067,.T.);
#2844=ORIENTED_EDGE('',*,*,#2062,.F.);
#2845=ORIENTED_EDGE('',*,*,#2068,.T.);
#2846=ORIENTED_EDGE('',*,*,#2069,.F.);
#2847=ORIENTED_EDGE('',*,*,#1972,.F.);
#2848=ORIENTED_EDGE('',*,*,#2070,.F.);
#2849=ORIENTED_EDGE('',*,*,#2071,.T.);
#2850=ORIENTED_EDGE('',*,*,#2072,.T.);
#2851=ORIENTED_EDGE('',*,*,#2069,.T.);
#2852=ORIENTED_EDGE('',*,*,#2073,.T.);
#2853=ORIENTED_EDGE('',*,*,#2066,.F.);
#2854=ORIENTED_EDGE('',*,*,#2074,.T.);
#2855=ORIENTED_EDGE('',*,*,#2075,.T.);
#2856=ORIENTED_EDGE('',*,*,#2070,.T.);
#2857=ORIENTED_EDGE('',*,*,#2076,.T.);
#2858=ORIENTED_EDGE('',*,*,#2077,.T.);
#2859=ORIENTED_EDGE('',*,*,#2078,.T.);
#2860=ORIENTED_EDGE('',*,*,#2079,.T.);
#2861=ORIENTED_EDGE('',*,*,#2077,.F.);
#2862=ORIENTED_EDGE('',*,*,#2080,.T.);
#2863=ORIENTED_EDGE('',*,*,#2081,.T.);
#2864=ORIENTED_EDGE('',*,*,#2082,.T.);
#2865=ORIENTED_EDGE('',*,*,#2059,.T.);
#2866=ORIENTED_EDGE('',*,*,#2083,.T.);
#2867=ORIENTED_EDGE('',*,*,#2084,.T.);
#2868=ORIENTED_EDGE('',*,*,#2081,.F.);
#2869=ORIENTED_EDGE('',*,*,#1966,.F.);
#2870=ORIENTED_EDGE('',*,*,#1973,.F.);
#2871=ORIENTED_EDGE('',*,*,#2072,.F.);
#2872=ORIENTED_EDGE('',*,*,#2085,.T.);
#2873=ORIENTED_EDGE('',*,*,#2086,.T.);
#2874=ORIENTED_EDGE('',*,*,#2074,.F.);
#2875=ORIENTED_EDGE('',*,*,#2065,.F.);
#2876=ORIENTED_EDGE('',*,*,#2061,.F.);
#2877=ORIENTED_EDGE('',*,*,#2087,.T.);
#2878=ORIENTED_EDGE('',*,*,#2088,.T.);
#2879=ORIENTED_EDGE('',*,*,#2064,.F.);
#2880=ORIENTED_EDGE('',*,*,#1969,.F.);
#2881=ORIENTED_EDGE('',*,*,#2071,.F.);
#2882=ORIENTED_EDGE('',*,*,#2086,.F.);
#2883=ORIENTED_EDGE('',*,*,#2089,.T.);
#2884=ORIENTED_EDGE('',*,*,#2090,.T.);
#2885=ORIENTED_EDGE('',*,*,#2089,.F.);
#2886=ORIENTED_EDGE('',*,*,#2085,.F.);
#2887=ORIENTED_EDGE('',*,*,#2067,.F.);
#2888=ORIENTED_EDGE('',*,*,#2091,.F.);
#2889=ORIENTED_EDGE('',*,*,#2092,.F.);
#2890=ORIENTED_EDGE('',*,*,#2093,.T.);
#2891=ORIENTED_EDGE('',*,*,#2073,.F.);
#2892=ORIENTED_EDGE('',*,*,#2068,.F.);
#2893=ORIENTED_EDGE('',*,*,#2075,.F.);
#2894=ORIENTED_EDGE('',*,*,#2094,.T.);
#2895=ORIENTED_EDGE('',*,*,#2095,.F.);
#2896=ORIENTED_EDGE('',*,*,#2096,.F.);
#2897=ORIENTED_EDGE('',*,*,#2097,.F.);
#2898=ORIENTED_EDGE('',*,*,#2098,.F.);
#2899=ORIENTED_EDGE('',*,*,#2099,.F.);
#2900=ORIENTED_EDGE('',*,*,#2100,.F.);
#2901=ORIENTED_EDGE('',*,*,#2101,.F.);
#2902=ORIENTED_EDGE('',*,*,#2102,.F.);
#2903=ORIENTED_EDGE('',*,*,#2103,.F.);
#2904=ORIENTED_EDGE('',*,*,#2104,.F.);
#2905=ORIENTED_EDGE('',*,*,#2105,.F.);
#2906=ORIENTED_EDGE('',*,*,#2106,.F.);
#2907=ORIENTED_EDGE('',*,*,#2091,.T.);
#2908=ORIENTED_EDGE('',*,*,#1971,.F.);
#2909=ORIENTED_EDGE('',*,*,#2082,.F.);
#2910=ORIENTED_EDGE('',*,*,#2080,.F.);
#2911=ORIENTED_EDGE('',*,*,#2076,.F.);
#2912=ORIENTED_EDGE('',*,*,#2107,.F.);
#2913=ORIENTED_EDGE('',*,*,#2108,.F.);
#2914=ORIENTED_EDGE('',*,*,#2109,.F.);
#2915=ORIENTED_EDGE('',*,*,#2110,.F.);
#2916=ORIENTED_EDGE('',*,*,#2111,.F.);
#2917=ORIENTED_EDGE('',*,*,#2112,.F.);
#2918=ORIENTED_EDGE('',*,*,#1955,.T.);
#2919=ORIENTED_EDGE('',*,*,#2113,.T.);
#2920=ORIENTED_EDGE('',*,*,#2038,.T.);
#2921=ORIENTED_EDGE('',*,*,#2044,.T.);
#2922=ORIENTED_EDGE('',*,*,#2114,.T.);
#2923=ORIENTED_EDGE('',*,*,#2115,.F.);
#2924=ORIENTED_EDGE('',*,*,#2116,.F.);
#2925=ORIENTED_EDGE('',*,*,#2097,.T.);
#2926=ORIENTED_EDGE('',*,*,#2117,.F.);
#2927=ORIENTED_EDGE('',*,*,#2118,.T.);
#2928=ORIENTED_EDGE('',*,*,#2119,.F.);
#2929=ORIENTED_EDGE('',*,*,#2120,.F.);
#2930=ORIENTED_EDGE('',*,*,#2121,.F.);
#2931=ORIENTED_EDGE('',*,*,#2122,.F.);
#2932=ORIENTED_EDGE('',*,*,#2123,.F.);
#2933=ORIENTED_EDGE('',*,*,#2124,.F.);
#2934=ORIENTED_EDGE('',*,*,#2123,.T.);
#2935=ORIENTED_EDGE('',*,*,#2125,.T.);
#2936=ORIENTED_EDGE('',*,*,#2107,.T.);
#2937=ORIENTED_EDGE('',*,*,#2126,.T.);
#2938=ORIENTED_EDGE('',*,*,#2127,.T.);
#2939=ORIENTED_EDGE('',*,*,#2128,.F.);
#2940=ORIENTED_EDGE('',*,*,#2129,.F.);
#2941=ORIENTED_EDGE('',*,*,#2130,.F.);
#2942=ORIENTED_EDGE('',*,*,#2131,.T.);
#2943=ORIENTED_EDGE('',*,*,#2111,.T.);
#2944=ORIENTED_EDGE('',*,*,#2132,.T.);
#2945=ORIENTED_EDGE('',*,*,#2133,.T.);
#2946=ORIENTED_EDGE('',*,*,#2134,.F.);
#2947=ORIENTED_EDGE('',*,*,#2135,.F.);
#2948=ORIENTED_EDGE('',*,*,#2136,.T.);
#2949=ORIENTED_EDGE('',*,*,#2137,.F.);
#2950=ORIENTED_EDGE('',*,*,#1954,.T.);
#2951=ORIENTED_EDGE('',*,*,#2138,.T.);
#2952=ORIENTED_EDGE('',*,*,#2039,.T.);
#2953=ORIENTED_EDGE('',*,*,#2113,.F.);
#2954=ORIENTED_EDGE('',*,*,#2099,.T.);
#2955=ORIENTED_EDGE('',*,*,#2139,.F.);
#2956=ORIENTED_EDGE('',*,*,#2140,.F.);
#2957=ORIENTED_EDGE('',*,*,#2141,.F.);
#2958=ORIENTED_EDGE('',*,*,#2142,.T.);
#2959=ORIENTED_EDGE('',*,*,#2143,.T.);
#2960=ORIENTED_EDGE('',*,*,#2139,.T.);
#2961=ORIENTED_EDGE('',*,*,#2098,.T.);
#2962=ORIENTED_EDGE('',*,*,#2116,.T.);
#2963=ORIENTED_EDGE('',*,*,#2144,.T.);
#2964=ORIENTED_EDGE('',*,*,#2140,.T.);
#2965=ORIENTED_EDGE('',*,*,#2145,.T.);
#2966=ORIENTED_EDGE('',*,*,#2122,.T.);
#2967=ORIENTED_EDGE('',*,*,#2146,.T.);
#2968=ORIENTED_EDGE('',*,*,#2147,.T.);
#2969=ORIENTED_EDGE('',*,*,#2148,.F.);
#2970=ORIENTED_EDGE('',*,*,#2149,.F.);
#2971=ORIENTED_EDGE('',*,*,#2150,.F.);
#2972=ORIENTED_EDGE('',*,*,#2151,.T.);
#2973=ORIENTED_EDGE('',*,*,#2152,.T.);
#2974=ORIENTED_EDGE('',*,*,#2128,.T.);
#2975=ORIENTED_EDGE('',*,*,#2153,.T.);
#2976=ORIENTED_EDGE('',*,*,#2154,.T.);
#2977=ORIENTED_EDGE('',*,*,#2155,.T.);
#2978=ORIENTED_EDGE('',*,*,#2156,.F.);
#2979=ORIENTED_EDGE('',*,*,#2157,.F.);
#2980=ORIENTED_EDGE('',*,*,#2158,.T.);
#2981=ORIENTED_EDGE('',*,*,#2159,.F.);
#2982=ORIENTED_EDGE('',*,*,#1953,.T.);
#2983=ORIENTED_EDGE('',*,*,#2160,.T.);
#2984=ORIENTED_EDGE('',*,*,#2161,.T.);
#2985=ORIENTED_EDGE('',*,*,#2040,.T.);
#2986=ORIENTED_EDGE('',*,*,#2138,.F.);
#2987=ORIENTED_EDGE('',*,*,#2162,.F.);
#2988=ORIENTED_EDGE('',*,*,#2163,.F.);
#2989=ORIENTED_EDGE('',*,*,#2164,.F.);
#2990=ORIENTED_EDGE('',*,*,#2165,.F.);
#2991=ORIENTED_EDGE('',*,*,#2166,.F.);
#2992=ORIENTED_EDGE('',*,*,#2167,.F.);
#2993=ORIENTED_EDGE('',*,*,#2168,.F.);
#2994=ORIENTED_EDGE('',*,*,#2169,.F.);
#2995=ORIENTED_EDGE('',*,*,#2170,.F.);
#2996=ORIENTED_EDGE('',*,*,#2171,.F.);
#2997=ORIENTED_EDGE('',*,*,#2172,.T.);
#2998=ORIENTED_EDGE('',*,*,#2173,.F.);
#2999=ORIENTED_EDGE('',*,*,#2174,.T.);
#3000=ORIENTED_EDGE('',*,*,#2175,.T.);
#3001=ORIENTED_EDGE('',*,*,#2160,.F.);
#3002=ORIENTED_EDGE('',*,*,#1952,.T.);
#3003=ORIENTED_EDGE('',*,*,#2169,.T.);
#3004=ORIENTED_EDGE('',*,*,#2176,.T.);
#3005=ORIENTED_EDGE('',*,*,#2177,.F.);
#3006=ORIENTED_EDGE('',*,*,#2178,.F.);
#3007=ORIENTED_EDGE('',*,*,#2179,.F.);
#3008=ORIENTED_EDGE('',*,*,#2180,.F.);
#3009=ORIENTED_EDGE('',*,*,#2181,.T.);
#3010=ORIENTED_EDGE('',*,*,#2182,.F.);
#3011=ORIENTED_EDGE('',*,*,#2183,.T.);
#3012=ORIENTED_EDGE('',*,*,#2178,.T.);
#3013=ORIENTED_EDGE('',*,*,#1960,.T.);
#3014=ORIENTED_EDGE('',*,*,#2184,.T.);
#3015=ORIENTED_EDGE('',*,*,#2055,.T.);
#3016=ORIENTED_EDGE('',*,*,#2185,.T.);
#3017=ORIENTED_EDGE('',*,*,#2166,.T.);
#3018=ORIENTED_EDGE('',*,*,#2186,.T.);
#3019=ORIENTED_EDGE('',*,*,#2179,.T.);
#3020=ORIENTED_EDGE('',*,*,#2187,.T.);
#3021=ORIENTED_EDGE('',*,*,#2188,.F.);
#3022=ORIENTED_EDGE('',*,*,#2189,.F.);
#3023=ORIENTED_EDGE('',*,*,#2103,.T.);
#3024=ORIENTED_EDGE('',*,*,#2190,.F.);
#3025=ORIENTED_EDGE('',*,*,#2191,.T.);
#3026=ORIENTED_EDGE('',*,*,#2192,.F.);
#3027=ORIENTED_EDGE('',*,*,#2193,.F.);
#3028=ORIENTED_EDGE('',*,*,#2194,.F.);
#3029=ORIENTED_EDGE('',*,*,#2195,.T.);
#3030=ORIENTED_EDGE('',*,*,#1987,.T.);
#3031=ORIENTED_EDGE('',*,*,#2196,.T.);
#3032=ORIENTED_EDGE('',*,*,#2104,.T.);
#3033=ORIENTED_EDGE('',*,*,#2189,.T.);
#3034=ORIENTED_EDGE('',*,*,#1980,.T.);
#3035=ORIENTED_EDGE('',*,*,#1986,.T.);
#3036=ORIENTED_EDGE('',*,*,#2197,.T.);
#3037=ORIENTED_EDGE('',*,*,#2198,.T.);
#3038=ORIENTED_EDGE('',*,*,#2196,.F.);
#3039=ORIENTED_EDGE('',*,*,#2199,.T.);
#3040=ORIENTED_EDGE('',*,*,#1982,.T.);
#3041=ORIENTED_EDGE('',*,*,#2192,.T.);
#3042=ORIENTED_EDGE('',*,*,#2200,.T.);
#3043=ORIENTED_EDGE('',*,*,#2197,.F.);
#3044=ORIENTED_EDGE('',*,*,#1985,.T.);
#3045=ORIENTED_EDGE('',*,*,#2193,.T.);
#3046=ORIENTED_EDGE('',*,*,#1981,.T.);
#3047=ORIENTED_EDGE('',*,*,#2188,.T.);
#3048=ORIENTED_EDGE('',*,*,#1950,.T.);
#3049=ORIENTED_EDGE('',*,*,#2177,.T.);
#3050=ORIENTED_EDGE('',*,*,#2201,.T.);
#3051=ORIENTED_EDGE('',*,*,#2194,.T.);
#3052=ORIENTED_EDGE('',*,*,#1961,.T.);
#3053=ORIENTED_EDGE('',*,*,#2170,.T.);
#3054=ORIENTED_EDGE('',*,*,#1951,.T.);
#3055=ORIENTED_EDGE('',*,*,#2190,.T.);
#3056=ORIENTED_EDGE('',*,*,#2102,.T.);
#3057=ORIENTED_EDGE('',*,*,#2168,.T.);
#3058=ORIENTED_EDGE('',*,*,#2101,.T.);
#3059=ORIENTED_EDGE('',*,*,#2163,.T.);
#3060=ORIENTED_EDGE('',*,*,#2202,.T.);
#3061=ORIENTED_EDGE('',*,*,#2157,.T.);
#3062=ORIENTED_EDGE('',*,*,#2203,.T.);
#3063=ORIENTED_EDGE('',*,*,#2167,.T.);
#3064=ORIENTED_EDGE('',*,*,#2204,.T.);
#3065=ORIENTED_EDGE('',*,*,#2205,.T.);
#3066=ORIENTED_EDGE('',*,*,#2165,.T.);
#3067=ORIENTED_EDGE('',*,*,#2206,.T.);
#3068=ORIENTED_EDGE('',*,*,#2154,.F.);
#3069=ORIENTED_EDGE('',*,*,#2056,.T.);
#3070=ORIENTED_EDGE('',*,*,#2184,.F.);
#3071=ORIENTED_EDGE('',*,*,#1959,.T.);
#3072=ORIENTED_EDGE('',*,*,#2207,.T.);
#3073=ORIENTED_EDGE('',*,*,#2051,.T.);
#3074=ORIENTED_EDGE('',*,*,#2164,.T.);
#3075=ORIENTED_EDGE('',*,*,#2100,.T.);
#3076=ORIENTED_EDGE('',*,*,#2141,.T.);
#3077=ORIENTED_EDGE('',*,*,#2208,.T.);
#3078=ORIENTED_EDGE('',*,*,#2162,.T.);
#3079=ORIENTED_EDGE('',*,*,#2209,.T.);
#3080=ORIENTED_EDGE('',*,*,#2148,.T.);
#3081=ORIENTED_EDGE('',*,*,#2210,.T.);
#3082=ORIENTED_EDGE('',*,*,#2135,.T.);
#3083=ORIENTED_EDGE('',*,*,#2211,.T.);
#3084=ORIENTED_EDGE('',*,*,#2159,.T.);
#3085=ORIENTED_EDGE('',*,*,#2212,.T.);
#3086=ORIENTED_EDGE('',*,*,#2213,.T.);
#3087=ORIENTED_EDGE('',*,*,#2156,.T.);
#3088=ORIENTED_EDGE('',*,*,#2214,.T.);
#3089=ORIENTED_EDGE('',*,*,#2133,.F.);
#3090=ORIENTED_EDGE('',*,*,#2052,.T.);
#3091=ORIENTED_EDGE('',*,*,#2207,.F.);
#3092=ORIENTED_EDGE('',*,*,#1958,.T.);
#3093=ORIENTED_EDGE('',*,*,#2215,.T.);
#3094=ORIENTED_EDGE('',*,*,#2149,.T.);
#3095=ORIENTED_EDGE('',*,*,#2216,.T.);
#3096=ORIENTED_EDGE('',*,*,#2124,.T.);
#3097=ORIENTED_EDGE('',*,*,#2217,.T.);
#3098=ORIENTED_EDGE('',*,*,#2150,.T.);
#3099=ORIENTED_EDGE('',*,*,#2218,.T.);
#3100=ORIENTED_EDGE('',*,*,#2119,.T.);
#3101=ORIENTED_EDGE('',*,*,#2219,.T.);
#3102=ORIENTED_EDGE('',*,*,#2220,.T.);
#3103=ORIENTED_EDGE('',*,*,#2137,.T.);
#3104=ORIENTED_EDGE('',*,*,#2221,.T.);
#3105=ORIENTED_EDGE('',*,*,#2222,.T.);
#3106=ORIENTED_EDGE('',*,*,#2223,.T.);
#3107=ORIENTED_EDGE('',*,*,#2134,.T.);
#3108=ORIENTED_EDGE('',*,*,#2224,.T.);
#3109=ORIENTED_EDGE('',*,*,#2112,.T.);
#3110=ORIENTED_EDGE('',*,*,#2225,.T.);
#3111=ORIENTED_EDGE('',*,*,#2226,.T.);
#3112=ORIENTED_EDGE('',*,*,#2130,.T.);
#3113=ORIENTED_EDGE('',*,*,#2227,.T.);
#3114=ORIENTED_EDGE('',*,*,#2223,.F.);
#3115=ORIENTED_EDGE('',*,*,#2129,.T.);
#3116=ORIENTED_EDGE('',*,*,#2228,.T.);
#3117=ORIENTED_EDGE('',*,*,#2110,.T.);
#3118=ORIENTED_EDGE('',*,*,#2229,.T.);
#3119=ORIENTED_EDGE('',*,*,#2048,.T.);
#3120=ORIENTED_EDGE('',*,*,#2053,.T.);
#3121=ORIENTED_EDGE('',*,*,#2215,.F.);
#3122=ORIENTED_EDGE('',*,*,#1957,.T.);
#3123=ORIENTED_EDGE('',*,*,#2230,.T.);
#3124=ORIENTED_EDGE('',*,*,#2120,.T.);
#3125=ORIENTED_EDGE('',*,*,#2231,.T.);
#3126=ORIENTED_EDGE('',*,*,#2109,.T.);
#3127=ORIENTED_EDGE('',*,*,#2232,.T.);
#3128=ORIENTED_EDGE('',*,*,#2233,.T.);
#3129=ORIENTED_EDGE('',*,*,#2121,.T.);
#3130=ORIENTED_EDGE('',*,*,#2234,.T.);
#3131=ORIENTED_EDGE('',*,*,#2235,.T.);
#3132=ORIENTED_EDGE('',*,*,#2095,.T.);
#3133=ORIENTED_EDGE('',*,*,#2236,.T.);
#3134=ORIENTED_EDGE('',*,*,#2117,.T.);
#3135=ORIENTED_EDGE('',*,*,#2096,.T.);
#3136=ORIENTED_EDGE('',*,*,#2235,.F.);
#3137=ORIENTED_EDGE('',*,*,#2108,.T.);
#3138=ORIENTED_EDGE('',*,*,#2237,.T.);
#3139=ORIENTED_EDGE('',*,*,#2115,.T.);
#3140=ORIENTED_EDGE('',*,*,#2238,.T.);
#3141=ORIENTED_EDGE('',*,*,#1956,.T.);
#3142=ORIENTED_EDGE('',*,*,#2114,.F.);
#3143=ORIENTED_EDGE('',*,*,#2043,.T.);
#3144=ORIENTED_EDGE('',*,*,#2046,.T.);
#3145=ORIENTED_EDGE('',*,*,#2049,.T.);
#3146=ORIENTED_EDGE('',*,*,#2230,.F.);
#3147=ORIENTED_EDGE('',*,*,#2142,.F.);
#3148=ORIENTED_EDGE('',*,*,#2239,.F.);
#3149=ORIENTED_EDGE('',*,*,#2240,.T.);
#3150=ORIENTED_EDGE('',*,*,#2241,.T.);
#3151=ORIENTED_EDGE('',*,*,#2240,.F.);
#3152=ORIENTED_EDGE('',*,*,#2242,.F.);
#3153=ORIENTED_EDGE('',*,*,#2199,.F.);
#3154=ORIENTED_EDGE('',*,*,#1984,.F.);
#3155=ORIENTED_EDGE('',*,*,#2243,.T.);
#3156=ORIENTED_EDGE('',*,*,#2244,.T.);
#3157=ORIENTED_EDGE('',*,*,#2243,.F.);
#3158=ORIENTED_EDGE('',*,*,#1983,.F.);
#3159=ORIENTED_EDGE('',*,*,#2151,.F.);
#3160=ORIENTED_EDGE('',*,*,#2245,.F.);
#3161=ORIENTED_EDGE('',*,*,#2246,.T.);
#3162=ORIENTED_EDGE('',*,*,#2247,.T.);
#3163=ORIENTED_EDGE('',*,*,#2246,.F.);
#3164=ORIENTED_EDGE('',*,*,#2248,.F.);
#3165=ORIENTED_EDGE('',*,*,#2206,.F.);
#3166=ORIENTED_EDGE('',*,*,#2203,.F.);
#3167=ORIENTED_EDGE('',*,*,#2213,.F.);
#3168=ORIENTED_EDGE('',*,*,#2249,.F.);
#3169=ORIENTED_EDGE('',*,*,#2198,.F.);
#3170=ORIENTED_EDGE('',*,*,#2250,.F.);
#3171=ORIENTED_EDGE('',*,*,#2251,.F.);
#3172=ORIENTED_EDGE('',*,*,#2105,.T.);
#3173=ORIENTED_EDGE('',*,*,#2063,.F.);
#3174=ORIENTED_EDGE('',*,*,#2093,.F.);
#3175=ORIENTED_EDGE('',*,*,#2252,.F.);
#3176=ORIENTED_EDGE('',*,*,#2250,.T.);
#3177=ORIENTED_EDGE('',*,*,#2200,.F.);
#3178=ORIENTED_EDGE('',*,*,#2191,.F.);
#3179=ORIENTED_EDGE('',*,*,#2201,.F.);
#3180=ORIENTED_EDGE('',*,*,#2186,.F.);
#3181=ORIENTED_EDGE('',*,*,#2205,.F.);
#3182=ORIENTED_EDGE('',*,*,#2153,.F.);
#3183=ORIENTED_EDGE('',*,*,#2127,.F.);
#3184=ORIENTED_EDGE('',*,*,#2226,.F.);
#3185=ORIENTED_EDGE('',*,*,#2222,.F.);
#3186=ORIENTED_EDGE('',*,*,#2253,.T.);
#3187=ORIENTED_EDGE('',*,*,#2083,.F.);
#3188=ORIENTED_EDGE('',*,*,#2058,.F.);
#3189=ORIENTED_EDGE('',*,*,#2126,.F.);
#3190=ORIENTED_EDGE('',*,*,#2231,.F.);
#3191=ORIENTED_EDGE('',*,*,#2218,.F.);
#3192=ORIENTED_EDGE('',*,*,#2217,.F.);
#3193=ORIENTED_EDGE('',*,*,#2146,.F.);
#3194=ORIENTED_EDGE('',*,*,#2216,.F.);
#3195=ORIENTED_EDGE('',*,*,#2209,.F.);
#3196=ORIENTED_EDGE('',*,*,#2208,.F.);
#3197=ORIENTED_EDGE('',*,*,#1902,.T.);
#3198=ORIENTED_EDGE('',*,*,#1906,.T.);
#3199=ORIENTED_EDGE('',*,*,#1909,.T.);
#3200=ORIENTED_EDGE('',*,*,#1912,.T.);
#3201=ORIENTED_EDGE('',*,*,#1915,.T.);
#3202=ORIENTED_EDGE('',*,*,#1918,.T.);
#3203=ORIENTED_EDGE('',*,*,#1921,.T.);
#3204=ORIENTED_EDGE('',*,*,#1924,.T.);
#3205=ORIENTED_EDGE('',*,*,#2211,.F.);
#3206=ORIENTED_EDGE('',*,*,#2225,.F.);
#3207=ORIENTED_EDGE('',*,*,#2131,.F.);
#3208=ORIENTED_EDGE('',*,*,#2214,.F.);
#3209=ORIENTED_EDGE('',*,*,#2220,.F.);
#3210=ORIENTED_EDGE('',*,*,#2227,.F.);
#3211=ORIENTED_EDGE('',*,*,#2229,.F.);
#3212=ORIENTED_EDGE('',*,*,#2224,.F.);
#3213=ORIENTED_EDGE('',*,*,#2232,.F.);
#3214=ORIENTED_EDGE('',*,*,#2238,.F.);
#3215=ORIENTED_EDGE('',*,*,#2236,.F.);
#3216=ORIENTED_EDGE('',*,*,#2234,.F.);
#3217=ORIENTED_EDGE('',*,*,#2254,.T.);
#3218=ORIENTED_EDGE('',*,*,#2255,.T.);
#3219=ORIENTED_EDGE('',*,*,#2256,.T.);
#3220=ORIENTED_EDGE('',*,*,#2257,.T.);
#3221=ORIENTED_EDGE('',*,*,#2257,.F.);
#3222=ORIENTED_EDGE('',*,*,#2258,.F.);
#3223=ORIENTED_EDGE('',*,*,#2259,.F.);
#3224=ORIENTED_EDGE('',*,*,#2260,.F.);
#3225=ORIENTED_EDGE('',*,*,#2256,.F.);
#3226=ORIENTED_EDGE('',*,*,#2261,.F.);
#3227=ORIENTED_EDGE('',*,*,#2262,.T.);
#3228=ORIENTED_EDGE('',*,*,#2171,.T.);
#3229=ORIENTED_EDGE('',*,*,#2263,.F.);
#3230=ORIENTED_EDGE('',*,*,#2258,.T.);
#3231=ORIENTED_EDGE('',*,*,#2264,.T.);
#3232=ORIENTED_EDGE('',*,*,#2265,.T.);
#3233=ORIENTED_EDGE('',*,*,#2266,.T.);
#3234=ORIENTED_EDGE('',*,*,#2267,.T.);
#3235=ORIENTED_EDGE('',*,*,#2266,.F.);
#3236=ORIENTED_EDGE('',*,*,#2268,.F.);
#3237=ORIENTED_EDGE('',*,*,#2269,.T.);
#3238=ORIENTED_EDGE('',*,*,#2180,.T.);
#3239=ORIENTED_EDGE('',*,*,#2270,.F.);
#3240=ORIENTED_EDGE('',*,*,#2271,.T.);
#3241=ORIENTED_EDGE('',*,*,#2265,.F.);
#3242=ORIENTED_EDGE('',*,*,#2272,.F.);
#3243=ORIENTED_EDGE('',*,*,#2273,.T.);
#3244=ORIENTED_EDGE('',*,*,#2268,.T.);
#3245=ORIENTED_EDGE('',*,*,#2264,.F.);
#3246=ORIENTED_EDGE('',*,*,#2274,.T.);
#3247=ORIENTED_EDGE('',*,*,#2275,.F.);
#3248=ORIENTED_EDGE('',*,*,#2182,.T.);
#3249=ORIENTED_EDGE('',*,*,#2276,.T.);
#3250=ORIENTED_EDGE('',*,*,#2272,.T.);
#3251=ORIENTED_EDGE('',*,*,#2276,.F.);
#3252=ORIENTED_EDGE('',*,*,#2181,.F.);
#3253=ORIENTED_EDGE('',*,*,#2269,.F.);
#3254=ORIENTED_EDGE('',*,*,#2273,.F.);
#3255=ORIENTED_EDGE('',*,*,#2267,.F.);
#3256=ORIENTED_EDGE('',*,*,#2271,.F.);
#3257=ORIENTED_EDGE('',*,*,#2277,.F.);
#3258=ORIENTED_EDGE('',*,*,#2274,.F.);
#3259=ORIENTED_EDGE('',*,*,#2254,.F.);
#3260=ORIENTED_EDGE('',*,*,#2260,.T.);
#3261=ORIENTED_EDGE('',*,*,#2278,.F.);
#3262=ORIENTED_EDGE('',*,*,#2173,.T.);
#3263=ORIENTED_EDGE('',*,*,#2279,.T.);
#3264=ORIENTED_EDGE('',*,*,#2280,.T.);
#3265=ORIENTED_EDGE('',*,*,#2255,.F.);
#3266=ORIENTED_EDGE('',*,*,#2280,.F.);
#3267=ORIENTED_EDGE('',*,*,#2281,.T.);
#3268=ORIENTED_EDGE('',*,*,#2261,.T.);
#3269=ORIENTED_EDGE('',*,*,#2262,.F.);
#3270=ORIENTED_EDGE('',*,*,#2281,.F.);
#3271=ORIENTED_EDGE('',*,*,#2279,.F.);
#3272=ORIENTED_EDGE('',*,*,#2172,.F.);
#3273=ORIENTED_EDGE('',*,*,#2011,.F.);
#3274=ORIENTED_EDGE('',*,*,#2282,.F.);
#3275=ORIENTED_EDGE('',*,*,#2025,.F.);
#3276=ORIENTED_EDGE('',*,*,#2029,.F.);
#3277=ORIENTED_EDGE('',*,*,#2034,.F.);
#3278=ORIENTED_EDGE('',*,*,#2022,.F.);
#3279=ORIENTED_EDGE('',*,*,#2018,.F.);
#3280=ORIENTED_EDGE('',*,*,#2013,.F.);
#3281=ORIENTED_EDGE('',*,*,#2009,.F.);
#3282=ORIENTED_EDGE('',*,*,#2017,.F.);
#3283=ORIENTED_EDGE('',*,*,#2041,.F.);
#3284=ORIENTED_EDGE('',*,*,#2161,.F.);
#3285=ORIENTED_EDGE('',*,*,#2175,.F.);
#3286=ORIENTED_EDGE('',*,*,#2283,.T.);
#3287=ORIENTED_EDGE('',*,*,#2084,.F.);
#3288=ORIENTED_EDGE('',*,*,#2253,.F.);
#3289=ORIENTED_EDGE('',*,*,#2221,.F.);
#3290=ORIENTED_EDGE('',*,*,#2136,.F.);
#3291=ORIENTED_EDGE('',*,*,#2212,.F.);
#3292=ORIENTED_EDGE('',*,*,#2158,.F.);
#3293=ORIENTED_EDGE('',*,*,#2204,.F.);
#3294=ORIENTED_EDGE('',*,*,#2187,.F.);
#3295=ORIENTED_EDGE('',*,*,#2183,.F.);
#3296=ORIENTED_EDGE('',*,*,#2275,.T.);
#3297=ORIENTED_EDGE('',*,*,#2277,.T.);
#3298=ORIENTED_EDGE('',*,*,#2270,.T.);
#3299=ORIENTED_EDGE('',*,*,#2185,.F.);
#3300=ORIENTED_EDGE('',*,*,#2054,.T.);
#3301=ORIENTED_EDGE('',*,*,#2026,.F.);
#3302=ORIENTED_EDGE('',*,*,#2282,.T.);
#3303=ORIENTED_EDGE('',*,*,#2010,.F.);
#3304=ORIENTED_EDGE('',*,*,#2283,.F.);
#3305=ORIENTED_EDGE('',*,*,#2174,.F.);
#3306=ORIENTED_EDGE('',*,*,#2278,.T.);
#3307=ORIENTED_EDGE('',*,*,#2259,.T.);
#3308=ORIENTED_EDGE('',*,*,#2263,.T.);
#3309=ORIENTED_EDGE('',*,*,#2176,.F.);
#3310=ORIENTED_EDGE('',*,*,#2202,.F.);
#3311=ORIENTED_EDGE('',*,*,#2210,.F.);
#3312=ORIENTED_EDGE('',*,*,#2147,.F.);
#3313=ORIENTED_EDGE('',*,*,#2219,.F.);
#3314=ORIENTED_EDGE('',*,*,#2118,.F.);
#3315=ORIENTED_EDGE('',*,*,#2233,.F.);
#3316=ORIENTED_EDGE('',*,*,#2094,.F.);
#3317=ORIENTED_EDGE('',*,*,#2078,.F.);
#3318=ORIENTED_EDGE('',*,*,#2079,.F.);
#3319=ORIENTED_EDGE('',*,*,#2241,.F.);
#3320=ORIENTED_EDGE('',*,*,#2284,.T.);
#3321=ORIENTED_EDGE('',*,*,#2285,.F.);
#3322=ORIENTED_EDGE('',*,*,#2284,.F.);
#3323=ORIENTED_EDGE('',*,*,#2247,.F.);
#3324=ORIENTED_EDGE('',*,*,#2286,.T.);
#3325=ORIENTED_EDGE('',*,*,#2287,.F.);
#3326=ORIENTED_EDGE('',*,*,#2286,.F.);
#3327=ORIENTED_EDGE('',*,*,#2244,.F.);
#3328=ORIENTED_EDGE('',*,*,#2288,.T.);
#3329=ORIENTED_EDGE('',*,*,#2289,.F.);
#3330=ORIENTED_EDGE('',*,*,#2288,.F.);
#3331=ORIENTED_EDGE('',*,*,#2195,.F.);
#3332=ORIENTED_EDGE('',*,*,#1989,.F.);
#3333=ORIENTED_EDGE('',*,*,#2290,.T.);
#3334=ORIENTED_EDGE('',*,*,#2291,.T.);
#3335=ORIENTED_EDGE('',*,*,#2290,.F.);
#3336=ORIENTED_EDGE('',*,*,#1988,.F.);
#3337=ORIENTED_EDGE('',*,*,#2291,.F.);
#3338=ORIENTED_EDGE('',*,*,#2292,.T.);
#3339=ORIENTED_EDGE('',*,*,#2293,.F.);
#3340=ORIENTED_EDGE('',*,*,#2292,.F.);
#3341=ORIENTED_EDGE('',*,*,#2060,.F.);
#3342=ORIENTED_EDGE('',*,*,#2088,.F.);
#3343=ORIENTED_EDGE('',*,*,#2294,.T.);
#3344=ORIENTED_EDGE('',*,*,#2295,.T.);
#3345=ORIENTED_EDGE('',*,*,#2294,.F.);
#3346=ORIENTED_EDGE('',*,*,#2087,.F.);
#3347=ORIENTED_EDGE('',*,*,#2295,.F.);
#3348=ORIENTED_EDGE('',*,*,#2296,.T.);
#3349=ORIENTED_EDGE('',*,*,#2297,.F.);
#3350=ORIENTED_EDGE('',*,*,#2296,.F.);
#3351=ORIENTED_EDGE('',*,*,#2090,.F.);
#3352=ORIENTED_EDGE('',*,*,#2298,.T.);
#3353=ORIENTED_EDGE('',*,*,#2299,.F.);
#3354=ORIENTED_EDGE('',*,*,#2298,.F.);
#3355=ORIENTED_EDGE('',*,*,#2152,.F.);
#3356=ORIENTED_EDGE('',*,*,#2248,.T.);
#3357=ORIENTED_EDGE('',*,*,#2245,.T.);
#3358=ORIENTED_EDGE('',*,*,#2155,.F.);
#3359=ORIENTED_EDGE('',*,*,#2249,.T.);
#3360=ORIENTED_EDGE('',*,*,#2132,.F.);
#3361=ORIENTED_EDGE('',*,*,#2228,.F.);
#3362=ORIENTED_EDGE('',*,*,#2143,.F.);
#3363=ORIENTED_EDGE('',*,*,#2242,.T.);
#3364=ORIENTED_EDGE('',*,*,#2239,.T.);
#3365=ORIENTED_EDGE('',*,*,#2144,.F.);
#3366=ORIENTED_EDGE('',*,*,#2237,.F.);
#3367=ORIENTED_EDGE('',*,*,#2125,.F.);
#3368=ORIENTED_EDGE('',*,*,#2145,.F.);
#3369=ORIENTED_EDGE('',*,*,#2001,.F.);
#3370=ORIENTED_EDGE('',*,*,#2006,.F.);
#3371=ORIENTED_EDGE('',*,*,#2300,.F.);
#3372=ORIENTED_EDGE('',*,*,#2301,.T.);
#3373=ORIENTED_EDGE('',*,*,#2003,.F.);
#3374=ORIENTED_EDGE('',*,*,#2301,.F.);
#3375=ORIENTED_EDGE('',*,*,#2302,.F.);
#3376=ORIENTED_EDGE('',*,*,#2007,.T.);
#3377=ORIENTED_EDGE('',*,*,#2251,.T.);
#3378=ORIENTED_EDGE('',*,*,#2252,.T.);
#3379=ORIENTED_EDGE('',*,*,#2092,.T.);
#3380=ORIENTED_EDGE('',*,*,#2106,.T.);
#3381=ORIENTED_EDGE('',*,*,#2285,.T.);
#3382=ORIENTED_EDGE('',*,*,#2287,.T.);
#3383=ORIENTED_EDGE('',*,*,#2289,.T.);
#3384=ORIENTED_EDGE('',*,*,#2293,.T.);
#3385=ORIENTED_EDGE('',*,*,#2297,.T.);
#3386=ORIENTED_EDGE('',*,*,#2299,.T.);
#3387=ORIENTED_EDGE('',*,*,#1994,.T.);
#3388=ORIENTED_EDGE('',*,*,#2008,.T.);
#3389=ORIENTED_EDGE('',*,*,#2302,.T.);
#3390=ORIENTED_EDGE('',*,*,#2300,.T.);
#3391=ORIENTED_EDGE('',*,*,#2005,.T.);
#3392=ORIENTED_EDGE('',*,*,#1974,.T.);
#3393=PLANE('',#3653);
#3394=PLANE('',#3654);
#3395=PLANE('',#3655);
#3396=PLANE('',#3656);
#3397=PLANE('',#3657);
#3398=PLANE('',#3658);
#3399=PLANE('',#3659);
#3400=PLANE('',#3660);
#3401=PLANE('',#3661);
#3402=PLANE('',#3662);
#3403=PLANE('',#3663);
#3404=PLANE('',#3664);
#3405=PLANE('',#3665);
#3406=PLANE('',#3666);
#3407=PLANE('',#3667);
#3408=PLANE('',#3684);
#3409=PLANE('',#3699);
#3410=PLANE('',#3700);
#3411=PLANE('',#3722);
#3412=PLANE('',#3725);
#3413=PLANE('',#3727);
#3414=PLANE('',#3728);
#3415=PLANE('',#3730);
#3416=PLANE('',#3733);
#3417=PLANE('',#3755);
#3418=PLANE('',#3762);
#3419=PLANE('',#3763);
#3420=PLANE('',#3768);
#3421=PLANE('',#3903);
#3422=PLANE('',#3904);
#3423=PLANE('',#3905);
#3424=PLANE('',#3906);
#3425=PLANE('',#3907);
#3426=PLANE('',#3908);
#3427=PLANE('',#3909);
#3428=PLANE('',#3910);
#3429=PLANE('',#3911);
#3430=PLANE('',#3912);
#3431=PLANE('',#3913);
#3432=PLANE('',#3914);
#3433=PLANE('',#3915);
#3434=PLANE('',#3916);
#3435=PLANE('',#3917);
#3436=PLANE('',#3918);
#3437=PLANE('',#3919);
#3438=PLANE('',#3920);
#3439=PLANE('',#3921);
#3440=PLANE('',#3922);
#3441=PLANE('',#3923);
#3442=PLANE('',#3924);
#3443=PLANE('',#3925);
#3444=PLANE('',#3926);
#3445=PLANE('',#3943);
#3446=PLANE('',#3944);
#3447=PLANE('',#3945);
#3448=PLANE('',#3946);
#3449=PLANE('',#3947);
#3450=ADVANCED_FACE('',(#440),#3393,.T.);
#3451=ADVANCED_FACE('',(#441),#382,.T.);
#3452=ADVANCED_FACE('',(#442),#383,.T.);
#3453=ADVANCED_FACE('',(#443),#384,.T.);
#3454=ADVANCED_FACE('',(#444),#385,.T.);
#3455=ADVANCED_FACE('',(#445),#386,.T.);
#3456=ADVANCED_FACE('',(#446),#387,.T.);
#3457=ADVANCED_FACE('',(#447),#388,.T.);
#3458=ADVANCED_FACE('',(#448),#389,.T.);
#3459=ADVANCED_FACE('',(#449),#3394,.T.);
#3460=ADVANCED_FACE('',(#450),#390,.T.);
#3461=ADVANCED_FACE('',(#451),#391,.T.);
#3462=ADVANCED_FACE('',(#452),#392,.T.);
#3463=ADVANCED_FACE('',(#453),#393,.T.);
#3464=ADVANCED_FACE('',(#454),#394,.T.);
#3465=ADVANCED_FACE('',(#455),#395,.T.);
#3466=ADVANCED_FACE('',(#456),#396,.T.);
#3467=ADVANCED_FACE('',(#457),#397,.T.);
#3468=ADVANCED_FACE('',(#458),#398,.T.);
#3469=ADVANCED_FACE('',(#459),#399,.T.);
#3470=ADVANCED_FACE('',(#460),#3395,.T.);
#3471=ADVANCED_FACE('',(#461),#3396,.T.);
#3472=ADVANCED_FACE('',(#462),#3397,.T.);
#3473=ADVANCED_FACE('',(#463),#3398,.T.);
#3474=ADVANCED_FACE('',(#464),#3399,.T.);
#3475=ADVANCED_FACE('',(#465),#3400,.T.);
#3476=ADVANCED_FACE('',(#466),#3401,.T.);
#3477=ADVANCED_FACE('',(#467),#400,.T.);
#3478=ADVANCED_FACE('',(#468),#401,.T.);
#3479=ADVANCED_FACE('',(#469),#402,.T.);
#3480=ADVANCED_FACE('',(#470),#403,.T.);
#3481=ADVANCED_FACE('',(#471),#404,.T.);
#3482=ADVANCED_FACE('',(#472),#405,.T.);
#3483=ADVANCED_FACE('',(#473),#406,.T.);
#3484=ADVANCED_FACE('',(#474),#407,.T.);
#3485=ADVANCED_FACE('',(#475),#408,.T.);
#3486=ADVANCED_FACE('',(#476),#409,.T.);
#3487=ADVANCED_FACE('',(#477),#410,.T.);
#3488=ADVANCED_FACE('',(#478),#3402,.T.);
#3489=ADVANCED_FACE('',(#479),#411,.T.);
#3490=ADVANCED_FACE('',(#480),#412,.T.);
#3491=ADVANCED_FACE('',(#481),#413,.T.);
#3492=ADVANCED_FACE('',(#482),#414,.T.);
#3493=ADVANCED_FACE('',(#483),#415,.T.);
#3494=ADVANCED_FACE('',(#484),#416,.T.);
#3495=ADVANCED_FACE('',(#485),#417,.T.);
#3496=ADVANCED_FACE('',(#486),#418,.T.);
#3497=ADVANCED_FACE('',(#487),#3403,.T.);
#3498=ADVANCED_FACE('',(#488),#3404,.T.);
#3499=ADVANCED_FACE('',(#489),#3405,.T.);
#3500=ADVANCED_FACE('',(#490),#419,.T.);
#3501=ADVANCED_FACE('',(#491),#420,.T.);
#3502=ADVANCED_FACE('',(#492),#421,.T.);
#3503=ADVANCED_FACE('',(#493),#422,.T.);
#3504=ADVANCED_FACE('',(#494),#423,.T.);
#3505=ADVANCED_FACE('',(#495),#424,.T.);
#3506=ADVANCED_FACE('',(#496),#425,.T.);
#3507=ADVANCED_FACE('',(#497),#426,.T.);
#3508=ADVANCED_FACE('',(#498),#427,.T.);
#3509=ADVANCED_FACE('',(#499),#428,.T.);
#3510=ADVANCED_FACE('',(#500),#429,.T.);
#3511=ADVANCED_FACE('',(#501),#430,.T.);
#3512=ADVANCED_FACE('',(#502),#431,.T.);
#3513=ADVANCED_FACE('',(#503),#432,.T.);
#3514=ADVANCED_FACE('',(#504),#433,.T.);
#3515=ADVANCED_FACE('',(#505),#434,.T.);
#3516=ADVANCED_FACE('',(#506,#253),#3406,.T.);
#3517=ADVANCED_FACE('',(#507,#254,#255,#256),#3407,.T.);
#3518=ADVANCED_FACE('',(#508),#244,.T.);
#3519=ADVANCED_FACE('',(#509),#435,.F.);
#3520=ADVANCED_FACE('',(#510),#78,.F.);
#3521=ADVANCED_FACE('',(#511),#79,.F.);
#3522=ADVANCED_FACE('',(#512),#245,.T.);
#3523=ADVANCED_FACE('',(#513,#257,#258),#3408,.T.);
#3524=ADVANCED_FACE('',(#514),#80,.F.);
#3525=ADVANCED_FACE('',(#515),#81,.T.);
#3526=ADVANCED_FACE('',(#516),#82,.T.);
#3527=ADVANCED_FACE('',(#517),#83,.T.);
#3528=ADVANCED_FACE('',(#518),#84,.T.);
#3529=ADVANCED_FACE('',(#519),#3409,.F.);
#3530=ADVANCED_FACE('',(#520),#3410,.F.);
#3531=ADVANCED_FACE('',(#521),#85,.T.);
#3532=ADVANCED_FACE('',(#522),#86,.T.);
#3533=ADVANCED_FACE('',(#523),#87,.T.);
#3534=ADVANCED_FACE('',(#524),#88,.T.);
#3535=ADVANCED_FACE('',(#525),#89,.T.);
#3536=ADVANCED_FACE('',(#526),#90,.T.);
#3537=ADVANCED_FACE('',(#527),#91,.T.);
#3538=ADVANCED_FACE('',(#528),#3411,.F.);
#3539=ADVANCED_FACE('',(#529),#3412,.F.);
#3540=ADVANCED_FACE('',(#530),#3413,.F.);
#3541=ADVANCED_FACE('',(#531),#3414,.F.);
#3542=ADVANCED_FACE('',(#532),#3415,.F.);
#3543=ADVANCED_FACE('',(#533),#3416,.F.);
#3544=ADVANCED_FACE('',(#534),#246,.T.);
#3545=ADVANCED_FACE('',(#535),#92,.T.);
#3546=ADVANCED_FACE('',(#536),#93,.T.);
#3547=ADVANCED_FACE('',(#537),#247,.T.);
#3548=ADVANCED_FACE('',(#538),#94,.T.);
#3549=ADVANCED_FACE('',(#539),#95,.T.);
#3550=ADVANCED_FACE('',(#540),#96,.T.);
#3551=ADVANCED_FACE('',(#541),#97,.T.);
#3552=ADVANCED_FACE('',(#542),#3417,.T.);
#3553=ADVANCED_FACE('',(#543),#22,.F.);
#3554=ADVANCED_FACE('',(#544),#3418,.T.);
#3555=ADVANCED_FACE('',(#545),#3419,.T.);
#3556=ADVANCED_FACE('',(#546),#3420,.T.);
#3557=ADVANCED_FACE('',(#547),#15,.F.);
#3558=ADVANCED_FACE('',(#548),#16,.F.);
#3559=ADVANCED_FACE('',(#549),#98,.T.);
#3560=ADVANCED_FACE('',(#550),#248,.T.);
#3561=ADVANCED_FACE('',(#551),#436,.F.);
#3562=ADVANCED_FACE('',(#552),#17,.F.);
#3563=ADVANCED_FACE('',(#553),#99,.F.);
#3564=ADVANCED_FACE('',(#554),#249,.T.);
#3565=ADVANCED_FACE('',(#555),#100,.F.);
#3566=ADVANCED_FACE('',(#556),#437,.F.);
#3567=ADVANCED_FACE('',(#557),#101,.T.);
#3568=ADVANCED_FACE('',(#558),#250,.T.);
#3569=ADVANCED_FACE('',(#559),#102,.T.);
#3570=ADVANCED_FACE('',(#560),#103,.F.);
#3571=ADVANCED_FACE('',(#561),#438,.F.);
#3572=ADVANCED_FACE('',(#562),#104,.T.);
#3573=ADVANCED_FACE('',(#563),#439,.F.);
#3574=ADVANCED_FACE('',(#564),#105,.T.);
#3575=ADVANCED_FACE('',(#565),#18,.T.);
#3576=ADVANCED_FACE('',(#566),#19,.T.);
#3577=ADVANCED_FACE('',(#567),#20,.T.);
#3578=ADVANCED_FACE('',(#568),#106,.T.);
#3579=ADVANCED_FACE('',(#569),#21,.T.);
#3580=ADVANCED_FACE('',(#570),#107,.T.);
#3581=ADVANCED_FACE('',(#571),#108,.T.);
#3582=ADVANCED_FACE('',(#572),#251,.T.);
#3583=ADVANCED_FACE('',(#573),#252,.T.);
#3584=ADVANCED_FACE('',(#574),#109,.T.);
#3585=ADVANCED_FACE('',(#575),#110,.T.);
#3586=ADVANCED_FACE('',(#576),#111,.T.);
#3587=ADVANCED_FACE('',(#577),#112,.F.);
#3588=ADVANCED_FACE('',(#578),#113,.T.);
#3589=ADVANCED_FACE('',(#579),#114,.T.);
#3590=ADVANCED_FACE('',(#580),#115,.T.);
#3591=ADVANCED_FACE('',(#581),#116,.T.);
#3592=ADVANCED_FACE('',(#582),#117,.T.);
#3593=ADVANCED_FACE('',(#583),#118,.T.);
#3594=ADVANCED_FACE('',(#584),#119,.T.);
#3595=ADVANCED_FACE('',(#585),#120,.T.);
#3596=ADVANCED_FACE('',(#586),#121,.T.);
#3597=ADVANCED_FACE('',(#587),#122,.F.);
#3598=ADVANCED_FACE('',(#588),#123,.T.);
#3599=ADVANCED_FACE('',(#589),#124,.F.);
#3600=ADVANCED_FACE('',(#590),#125,.T.);
#3601=ADVANCED_FACE('',(#591),#126,.T.);
#3602=ADVANCED_FACE('',(#592),#127,.F.);
#3603=ADVANCED_FACE('',(#593),#128,.T.);
#3604=ADVANCED_FACE('',(#594),#129,.F.);
#3605=ADVANCED_FACE('',(#595),#130,.T.);
#3606=ADVANCED_FACE('',(#596),#131,.F.);
#3607=ADVANCED_FACE('',(#597),#132,.T.);
#3608=ADVANCED_FACE('',(#598),#133,.T.);
#3609=ADVANCED_FACE('',(#599),#134,.F.);
#3610=ADVANCED_FACE('',(#600),#135,.T.);
#3611=ADVANCED_FACE('',(#601),#23,.F.);
#3612=ADVANCED_FACE('',(#602),#24,.F.);
#3613=ADVANCED_FACE('',(#603),#25,.F.);
#3614=ADVANCED_FACE('',(#604),#3421,.T.);
#3615=ADVANCED_FACE('',(#605),#3422,.T.);
#3616=ADVANCED_FACE('',(#606),#3423,.T.);
#3617=ADVANCED_FACE('',(#607),#3424,.T.);
#3618=ADVANCED_FACE('',(#608),#3425,.T.);
#3619=ADVANCED_FACE('',(#609),#3426,.T.);
#3620=ADVANCED_FACE('',(#610),#3427,.T.);
#3621=ADVANCED_FACE('',(#611),#3428,.T.);
#3622=ADVANCED_FACE('',(#612),#3429,.T.);
#3623=ADVANCED_FACE('',(#613),#3430,.T.);
#3624=ADVANCED_FACE('',(#614),#3431,.T.);
#3625=ADVANCED_FACE('',(#615),#3432,.T.);
#3626=ADVANCED_FACE('',(#616),#3433,.T.);
#3627=ADVANCED_FACE('',(#617),#3434,.T.);
#3628=ADVANCED_FACE('',(#618),#3435,.T.);
#3629=ADVANCED_FACE('',(#619),#3436,.T.);
#3630=ADVANCED_FACE('',(#620),#3437,.T.);
#3631=ADVANCED_FACE('',(#621),#3438,.T.);
#3632=ADVANCED_FACE('',(#622),#3439,.T.);
#3633=ADVANCED_FACE('',(#623),#3440,.T.);
#3634=ADVANCED_FACE('',(#624),#3441,.T.);
#3635=ADVANCED_FACE('',(#625),#3442,.T.);
#3636=ADVANCED_FACE('',(#626),#3443,.F.);
#3637=ADVANCED_FACE('',(#627),#3444,.F.);
#3638=ADVANCED_FACE('',(#628),#136,.F.);
#3639=ADVANCED_FACE('',(#629),#137,.F.);
#3640=ADVANCED_FACE('',(#630),#138,.F.);
#3641=ADVANCED_FACE('',(#631),#26,.F.);
#3642=ADVANCED_FACE('',(#632),#139,.F.);
#3643=ADVANCED_FACE('',(#633),#27,.F.);
#3644=ADVANCED_FACE('',(#634),#140,.F.);
#3645=ADVANCED_FACE('',(#635),#141,.F.);
#3646=ADVANCED_FACE('',(#636),#3445,.T.);
#3647=ADVANCED_FACE('',(#637),#3446,.T.);
#3648=ADVANCED_FACE('',(#638),#3447,.F.);
#3649=ADVANCED_FACE('',(#639),#3448,.F.);
#3650=ADVANCED_FACE('',(#640,#259,#260,#261,#262,#263,#264,#265,#266,#267),
#3449,.T.);
#3651=CLOSED_SHELL('',(#3450,#3451,#3452,#3453,#3454,#3455,#3456,#3457,
#3458,#3459,#3460,#3461,#3462,#3463,#3464,#3465,#3466,#3467,#3468,#3469,
#3470,#3471,#3472,#3473,#3474,#3475,#3476,#3477,#3478,#3479,#3480,#3481,
#3482,#3483,#3484,#3485,#3486,#3487,#3488,#3489,#3490,#3491,#3492,#3493,
#3494,#3495,#3496,#3497,#3498,#3499,#3500,#3501,#3502,#3503,#3504,#3505,
#3506,#3507,#3508,#3509,#3510,#3511,#3512,#3513,#3514,#3515,#3516,#3517,
#3518,#3519,#3520,#3521,#3522,#3523,#3524,#3525,#3526,#3527,#3528,#3529,
#3530,#3531,#3532,#3533,#3534,#3535,#3536,#3537,#3538,#3539,#3540,#3541,
#3542,#3543,#3544,#3545,#3546,#3547,#3548,#3549,#3550,#3551,#3552,#3553,
#3554,#3555,#3556,#3557,#3558,#3559,#3560,#3561,#3562,#3563,#3564,#3565,
#3566,#3567,#3568,#3569,#3570,#3571,#3572,#3573,#3574,#3575,#3576,#3577,
#3578,#3579,#3580,#3581,#3582,#3583,#3584,#3585,#3586,#3587,#3588,#3589,
#3590,#3591,#3592,#3593,#3594,#3595,#3596,#3597,#3598,#3599,#3600,#3601,
#3602,#3603,#3604,#3605,#3606,#3607,#3608,#3609,#3610,#3611,#3612,#3613,
#3614,#3615,#3616,#3617,#3618,#3619,#3620,#3621,#3622,#3623,#3624,#3625,
#3626,#3627,#3628,#3629,#3630,#3631,#3632,#3633,#3634,#3635,#3636,#3637,
#3638,#3639,#3640,#3641,#3642,#3643,#3644,#3645,#3646,#3647,#3648,#3649,
#3650));
#3652=AXIS2_PLACEMENT_3D('',#4819,#3948,#3949);
#3653=AXIS2_PLACEMENT_3D('',#4820,#3950,#3951);
#3654=AXIS2_PLACEMENT_3D('',#5013,#3964,#3965);
#3655=AXIS2_PLACEMENT_3D('',#5249,#3979,#3980);
#3656=AXIS2_PLACEMENT_3D('',#5255,#3984,#3985);
#3657=AXIS2_PLACEMENT_3D('',#5258,#3988,#3989);
#3658=AXIS2_PLACEMENT_3D('',#5259,#3990,#3991);
#3659=AXIS2_PLACEMENT_3D('',#5268,#3996,#3997);
#3660=AXIS2_PLACEMENT_3D('',#5274,#4001,#4002);
#3661=AXIS2_PLACEMENT_3D('',#5280,#4006,#4007);
#3662=AXIS2_PLACEMENT_3D('',#5539,#4022,#4023);
#3663=AXIS2_PLACEMENT_3D('',#5729,#4035,#4036);
#3664=AXIS2_PLACEMENT_3D('',#5735,#4040,#4041);
#3665=AXIS2_PLACEMENT_3D('',#5738,#4044,#4045);
#3666=AXIS2_PLACEMENT_3D('',#6107,#4062,#4063);
#3667=AXIS2_PLACEMENT_3D('',#6108,#4064,#4065);
#3668=AXIS2_PLACEMENT_3D('',#6133,#4078,#4079);
#3669=AXIS2_PLACEMENT_3D('',#6136,#4080,#4081);
#3670=AXIS2_PLACEMENT_3D('',#6138,#4082,#4083);
#3671=AXIS2_PLACEMENT_3D('',#6140,#4084,#4085);
#3672=AXIS2_PLACEMENT_3D('',#6142,#4086,#4087);
#3673=AXIS2_PLACEMENT_3D('',#6143,#4088,#4089);
#3674=AXIS2_PLACEMENT_3D('',#6172,#4090,#4091);
#3675=AXIS2_PLACEMENT_3D('',#6176,#4093,#4094);
#3676=AXIS2_PLACEMENT_3D('',#6180,#4096,#4097);
#3677=AXIS2_PLACEMENT_3D('',#6182,#4099,#4100);
#3678=AXIS2_PLACEMENT_3D('',#6184,#4101,#4102);
#3679=AXIS2_PLACEMENT_3D('',#6186,#4104,#4105);
#3680=AXIS2_PLACEMENT_3D('',#6188,#4106,#4107);
#3681=AXIS2_PLACEMENT_3D('',#6190,#4108,#4109);
#3682=AXIS2_PLACEMENT_3D('',#6192,#4110,#4111);
#3683=AXIS2_PLACEMENT_3D('',#6193,#4112,#4113);
#3684=AXIS2_PLACEMENT_3D('',#6194,#4114,#4115);
#3685=AXIS2_PLACEMENT_3D('',#6203,#4119,#4120);
#3686=AXIS2_PLACEMENT_3D('',#6205,#4121,#4122);
#3687=AXIS2_PLACEMENT_3D('',#6213,#4126,#4127);
#3688=AXIS2_PLACEMENT_3D('',#6214,#4128,#4129);
#3689=AXIS2_PLACEMENT_3D('',#6223,#4134,#4135);
#3690=AXIS2_PLACEMENT_3D('',#6225,#4136,#4137);
#3691=AXIS2_PLACEMENT_3D('',#6227,#4139,#4140);
#3692=AXIS2_PLACEMENT_3D('',#6229,#4141,#4142);
#3693=AXIS2_PLACEMENT_3D('',#6232,#4144,#4145);
#3694=AXIS2_PLACEMENT_3D('',#6233,#4146,#4147);
#3695=AXIS2_PLACEMENT_3D('',#6236,#4149,#4150);
#3696=AXIS2_PLACEMENT_3D('',#6237,#4151,#4152);
#3697=AXIS2_PLACEMENT_3D('',#6240,#4154,#4155);
#3698=AXIS2_PLACEMENT_3D('',#6241,#4156,#4157);
#3699=AXIS2_PLACEMENT_3D('',#6243,#4159,#4160);
#3700=AXIS2_PLACEMENT_3D('',#6249,#4164,#4165);
#3701=AXIS2_PLACEMENT_3D('',#6253,#4168,#4169);
#3702=AXIS2_PLACEMENT_3D('',#6258,#4171,#4172);
#3703=AXIS2_PLACEMENT_3D('',#6261,#4174,#4175);
#3704=AXIS2_PLACEMENT_3D('',#6262,#4176,#4177);
#3705=AXIS2_PLACEMENT_3D('',#6266,#4179,#4180);
#3706=AXIS2_PLACEMENT_3D('',#6268,#4181,#4182);
#3707=AXIS2_PLACEMENT_3D('',#6271,#4184,#4185);
#3708=AXIS2_PLACEMENT_3D('',#6272,#4186,#4187);
#3709=AXIS2_PLACEMENT_3D('',#6276,#4189,#4190);
#3710=AXIS2_PLACEMENT_3D('',#6278,#4191,#4192);
#3711=AXIS2_PLACEMENT_3D('',#6280,#4194,#4195);
#3712=AXIS2_PLACEMENT_3D('',#6284,#4197,#4198);
#3713=AXIS2_PLACEMENT_3D('',#6286,#4200,#4201);
#3714=AXIS2_PLACEMENT_3D('',#6291,#4203,#4204);
#3715=AXIS2_PLACEMENT_3D('',#6294,#4206,#4207);
#3716=AXIS2_PLACEMENT_3D('',#6295,#4208,#4209);
#3717=AXIS2_PLACEMENT_3D('',#6299,#4211,#4212);
#3718=AXIS2_PLACEMENT_3D('',#6303,#4214,#4215);
#3719=AXIS2_PLACEMENT_3D('',#6304,#4216,#4217);
#3720=AXIS2_PLACEMENT_3D('',#6305,#4218,#4219);
#3721=AXIS2_PLACEMENT_3D('',#6309,#4222,#4223);
#3722=AXIS2_PLACEMENT_3D('',#6310,#4224,#4225);
#3723=AXIS2_PLACEMENT_3D('',#6314,#4227,#4228);
#3724=AXIS2_PLACEMENT_3D('',#6318,#4230,#4231);
#3725=AXIS2_PLACEMENT_3D('',#6320,#4233,#4234);
#3726=AXIS2_PLACEMENT_3D('',#6324,#4236,#4237);
#3727=AXIS2_PLACEMENT_3D('',#6326,#4239,#4240);
#3728=AXIS2_PLACEMENT_3D('',#6330,#4243,#4244);
#3729=AXIS2_PLACEMENT_3D('',#6335,#4247,#4248);
#3730=AXIS2_PLACEMENT_3D('',#6336,#4249,#4250);
#3731=AXIS2_PLACEMENT_3D('',#6340,#4252,#4253);
#3732=AXIS2_PLACEMENT_3D('',#6343,#4255,#4256);
#3733=AXIS2_PLACEMENT_3D('',#6344,#4257,#4258);
#3734=AXIS2_PLACEMENT_3D('',#6348,#4260,#4261);
#3735=AXIS2_PLACEMENT_3D('',#6350,#4263,#4264);
#3736=AXIS2_PLACEMENT_3D('',#6352,#4265,#4266);
#3737=AXIS2_PLACEMENT_3D('',#6354,#4267,#4268);
#3738=AXIS2_PLACEMENT_3D('',#6355,#4269,#4270);
#3739=AXIS2_PLACEMENT_3D('',#6356,#4271,#4272);
#3740=AXIS2_PLACEMENT_3D('',#6373,#4274,#4275);
#3741=AXIS2_PLACEMENT_3D('',#6376,#4278,#4279);
#3742=AXIS2_PLACEMENT_3D('',#6380,#4281,#4282);
#3743=AXIS2_PLACEMENT_3D('',#6382,#4284,#4285);
#3744=AXIS2_PLACEMENT_3D('',#6385,#4286,#4287);
#3745=AXIS2_PLACEMENT_3D('',#6386,#4288,#4289);
#3746=AXIS2_PLACEMENT_3D('',#6387,#4290,#4291);
#3747=AXIS2_PLACEMENT_3D('',#6388,#4292,#4293);
#3748=AXIS2_PLACEMENT_3D('',#6405,#4297,#4298);
#3749=AXIS2_PLACEMENT_3D('',#6411,#4301,#4302);
#3750=AXIS2_PLACEMENT_3D('',#6412,#4303,#4304);
#3751=AXIS2_PLACEMENT_3D('',#6413,#4305,#4306);
#3752=AXIS2_PLACEMENT_3D('',#6418,#4309,#4310);
#3753=AXIS2_PLACEMENT_3D('',#6419,#4311,#4312);
#3754=AXIS2_PLACEMENT_3D('',#6423,#4315,#4316);
#3755=AXIS2_PLACEMENT_3D('',#6424,#4317,#4318);
#3756=AXIS2_PLACEMENT_3D('',#6426,#4319,#4320);
#3757=AXIS2_PLACEMENT_3D('',#6427,#4321,#4322);
#3758=AXIS2_PLACEMENT_3D('',#6429,#4323,#4324);
#3759=AXIS2_PLACEMENT_3D('',#6430,#4325,#4326);
#3760=AXIS2_PLACEMENT_3D('',#6431,#4327,#4328);
#3761=AXIS2_PLACEMENT_3D('',#6434,#4330,#4331);
#3762=AXIS2_PLACEMENT_3D('',#6435,#4332,#4333);
#3763=AXIS2_PLACEMENT_3D('',#6441,#4337,#4338);
#3764=AXIS2_PLACEMENT_3D('',#6445,#4340,#4341);
#3765=AXIS2_PLACEMENT_3D('',#6449,#4343,#4344);
#3766=AXIS2_PLACEMENT_3D('',#6453,#4346,#4347);
#3767=AXIS2_PLACEMENT_3D('',#6461,#4351,#4352);
#3768=AXIS2_PLACEMENT_3D('',#6467,#4356,#4357);
#3769=AXIS2_PLACEMENT_3D('',#6468,#4358,#4359);
#3770=AXIS2_PLACEMENT_3D('',#6471,#4360,#4361);
#3771=AXIS2_PLACEMENT_3D('',#6473,#4362,#4363);
#3772=AXIS2_PLACEMENT_3D('',#6474,#4364,#4365);
#3773=AXIS2_PLACEMENT_3D('',#6475,#4366,#4367);
#3774=AXIS2_PLACEMENT_3D('',#6478,#4368,#4369);
#3775=AXIS2_PLACEMENT_3D('',#6480,#4370,#4371);
#3776=AXIS2_PLACEMENT_3D('',#6481,#4372,#4373);
#3777=AXIS2_PLACEMENT_3D('',#6482,#4374,#4375);
#3778=AXIS2_PLACEMENT_3D('',#6483,#4376,#4377);
#3779=AXIS2_PLACEMENT_3D('',#6484,#4378,#4379);
#3780=AXIS2_PLACEMENT_3D('',#6485,#4380,#4381);
#3781=AXIS2_PLACEMENT_3D('',#6488,#4382,#4383);
#3782=AXIS2_PLACEMENT_3D('',#6489,#4384,#4385);
#3783=AXIS2_PLACEMENT_3D('',#6490,#4386,#4387);
#3784=AXIS2_PLACEMENT_3D('',#6523,#4388,#4389);
#3785=AXIS2_PLACEMENT_3D('',#6525,#4390,#4391);
#3786=AXIS2_PLACEMENT_3D('',#6527,#4392,#4393);
#3787=AXIS2_PLACEMENT_3D('',#6528,#4394,#4395);
#3788=AXIS2_PLACEMENT_3D('',#6529,#4396,#4397);
#3789=AXIS2_PLACEMENT_3D('',#6532,#4398,#4399);
#3790=AXIS2_PLACEMENT_3D('',#6534,#4400,#4401);
#3791=AXIS2_PLACEMENT_3D('',#6535,#4402,#4403);
#3792=AXIS2_PLACEMENT_3D('',#6536,#4404,#4405);
#3793=AXIS2_PLACEMENT_3D('',#6539,#4408,#4409);
#3794=AXIS2_PLACEMENT_3D('',#6542,#4410,#4411);
#3795=AXIS2_PLACEMENT_3D('',#6544,#4412,#4413);
#3796=AXIS2_PLACEMENT_3D('',#6546,#4414,#4415);
#3797=AXIS2_PLACEMENT_3D('',#6547,#4416,#4417);
#3798=AXIS2_PLACEMENT_3D('',#6548,#4418,#4419);
#3799=AXIS2_PLACEMENT_3D('',#6553,#4422,#4423);
#3800=AXIS2_PLACEMENT_3D('',#6592,#4424,#4425);
#3801=AXIS2_PLACEMENT_3D('',#6594,#4426,#4427);
#3802=AXIS2_PLACEMENT_3D('',#6596,#4428,#4429);
#3803=AXIS2_PLACEMENT_3D('',#6597,#4430,#4431);
#3804=AXIS2_PLACEMENT_3D('',#6598,#4432,#4433);
#3805=AXIS2_PLACEMENT_3D('',#6599,#4434,#4435);
#3806=AXIS2_PLACEMENT_3D('',#6600,#4436,#4437);
#3807=AXIS2_PLACEMENT_3D('',#6602,#4438,#4439);
#3808=AXIS2_PLACEMENT_3D('',#6604,#4440,#4441);
#3809=AXIS2_PLACEMENT_3D('',#6605,#4442,#4443);
#3810=AXIS2_PLACEMENT_3D('',#6606,#4444,#4445);
#3811=AXIS2_PLACEMENT_3D('',#6622,#4448,#4449);
#3812=AXIS2_PLACEMENT_3D('',#6652,#4452,#4453);
#3813=AXIS2_PLACEMENT_3D('',#6654,#4454,#4455);
#3814=AXIS2_PLACEMENT_3D('',#6656,#4456,#4457);
#3815=AXIS2_PLACEMENT_3D('',#6657,#4458,#4459);
#3816=AXIS2_PLACEMENT_3D('',#6658,#4460,#4461);
#3817=AXIS2_PLACEMENT_3D('',#6676,#4464,#4465);
#3818=AXIS2_PLACEMENT_3D('',#6705,#4467,#4468);
#3819=AXIS2_PLACEMENT_3D('',#6707,#4469,#4470);
#3820=AXIS2_PLACEMENT_3D('',#6709,#4471,#4472);
#3821=AXIS2_PLACEMENT_3D('',#6710,#4473,#4474);
#3822=AXIS2_PLACEMENT_3D('',#6711,#4475,#4476);
#3823=AXIS2_PLACEMENT_3D('',#6713,#4477,#4478);
#3824=AXIS2_PLACEMENT_3D('',#6715,#4480,#4481);
#3825=AXIS2_PLACEMENT_3D('',#6718,#4482,#4483);
#3826=AXIS2_PLACEMENT_3D('',#6719,#4484,#4485);
#3827=AXIS2_PLACEMENT_3D('',#6720,#4486,#4487);
#3828=AXIS2_PLACEMENT_3D('',#6721,#4488,#4489);
#3829=AXIS2_PLACEMENT_3D('',#6724,#4490,#4491);
#3830=AXIS2_PLACEMENT_3D('',#6726,#4492,#4493);
#3831=AXIS2_PLACEMENT_3D('',#6727,#4494,#4495);
#3832=AXIS2_PLACEMENT_3D('',#6728,#4496,#4497);
#3833=AXIS2_PLACEMENT_3D('',#6730,#4498,#4499);
#3834=AXIS2_PLACEMENT_3D('',#6731,#4500,#4501);
#3835=AXIS2_PLACEMENT_3D('',#6732,#4502,#4503);
#3836=AXIS2_PLACEMENT_3D('',#6733,#4504,#4505);
#3837=AXIS2_PLACEMENT_3D('',#6736,#4506,#4507);
#3838=AXIS2_PLACEMENT_3D('',#6740,#4509,#4510);
#3839=AXIS2_PLACEMENT_3D('',#6743,#4512,#4513);
#3840=AXIS2_PLACEMENT_3D('',#6745,#4515,#4516);
#3841=AXIS2_PLACEMENT_3D('',#6747,#4517,#4518);
#3842=AXIS2_PLACEMENT_3D('',#6749,#4519,#4520);
#3843=AXIS2_PLACEMENT_3D('',#6750,#4521,#4522);
#3844=AXIS2_PLACEMENT_3D('',#6751,#4523,#4524);
#3845=AXIS2_PLACEMENT_3D('',#6754,#4525,#4526);
#3846=AXIS2_PLACEMENT_3D('',#6758,#4528,#4529);
#3847=AXIS2_PLACEMENT_3D('',#6760,#4531,#4532);
#3848=AXIS2_PLACEMENT_3D('',#6762,#4534,#4535);
#3849=AXIS2_PLACEMENT_3D('',#6765,#4538,#4539);
#3850=AXIS2_PLACEMENT_3D('',#6766,#4540,#4541);
#3851=AXIS2_PLACEMENT_3D('',#6767,#4542,#4543);
#3852=AXIS2_PLACEMENT_3D('',#6768,#4544,#4545);
#3853=AXIS2_PLACEMENT_3D('',#6769,#4546,#4547);
#3854=AXIS2_PLACEMENT_3D('',#6772,#4548,#4549);
#3855=AXIS2_PLACEMENT_3D('',#6773,#4550,#4551);
#3856=AXIS2_PLACEMENT_3D('',#6774,#4552,#4553);
#3857=AXIS2_PLACEMENT_3D('',#6775,#4554,#4555);
#3858=AXIS2_PLACEMENT_3D('',#6776,#4556,#4557);
#3859=AXIS2_PLACEMENT_3D('',#6788,#4558,#4559);
#3860=AXIS2_PLACEMENT_3D('',#6789,#4560,#4561);
#3861=AXIS2_PLACEMENT_3D('',#6791,#4562,#4563);
#3862=AXIS2_PLACEMENT_3D('',#6793,#4565,#4566);
#3863=AXIS2_PLACEMENT_3D('',#6806,#4568,#4569);
#3864=AXIS2_PLACEMENT_3D('',#6807,#4570,#4571);
#3865=AXIS2_PLACEMENT_3D('',#6809,#4573,#4574);
#3866=AXIS2_PLACEMENT_3D('',#6810,#4575,#4576);
#3867=AXIS2_PLACEMENT_3D('',#6812,#4578,#4579);
#3868=AXIS2_PLACEMENT_3D('',#6815,#4582,#4583);
#3869=AXIS2_PLACEMENT_3D('',#6818,#4586,#4587);
#3870=AXIS2_PLACEMENT_3D('',#6819,#4588,#4589);
#3871=AXIS2_PLACEMENT_3D('',#6820,#4590,#4591);
#3872=AXIS2_PLACEMENT_3D('',#6822,#4593,#4594);
#3873=AXIS2_PLACEMENT_3D('',#6825,#4597,#4598);
#3874=AXIS2_PLACEMENT_3D('',#6828,#4601,#4602);
#3875=AXIS2_PLACEMENT_3D('',#6831,#4605,#4606);
#3876=AXIS2_PLACEMENT_3D('',#6832,#4607,#4608);
#3877=AXIS2_PLACEMENT_3D('',#6833,#4609,#4610);
#3878=AXIS2_PLACEMENT_3D('',#6836,#4613,#4614);
#3879=AXIS2_PLACEMENT_3D('',#6839,#4617,#4618);
#3880=AXIS2_PLACEMENT_3D('',#6845,#4621,#4622);
#3881=AXIS2_PLACEMENT_3D('',#6846,#4623,#4624);
#3882=AXIS2_PLACEMENT_3D('',#6847,#4625,#4626);
#3883=AXIS2_PLACEMENT_3D('',#6850,#4629,#4630);
#3884=AXIS2_PLACEMENT_3D('',#6853,#4633,#4634);
#3885=AXIS2_PLACEMENT_3D('',#6856,#4637,#4638);
#3886=AXIS2_PLACEMENT_3D('',#6857,#4639,#4640);
#3887=AXIS2_PLACEMENT_3D('',#6858,#4641,#4642);
#3888=AXIS2_PLACEMENT_3D('',#6861,#4645,#4646);
#3889=AXIS2_PLACEMENT_3D('',#6865,#4649,#4650);
#3890=AXIS2_PLACEMENT_3D('',#6866,#4651,#4652);
#3891=AXIS2_PLACEMENT_3D('',#6868,#4654,#4655);
#3892=AXIS2_PLACEMENT_3D('',#6871,#4658,#4659);
#3893=AXIS2_PLACEMENT_3D('',#6872,#4660,#4661);
#3894=AXIS2_PLACEMENT_3D('',#6874,#4662,#4663);
#3895=AXIS2_PLACEMENT_3D('',#6877,#4665,#4666);
#3896=AXIS2_PLACEMENT_3D('',#6878,#4667,#4668);
#3897=AXIS2_PLACEMENT_3D('',#6879,#4669,#4670);
#3898=AXIS2_PLACEMENT_3D('',#6882,#4672,#4673);
#3899=AXIS2_PLACEMENT_3D('',#6883,#4674,#4675);
#3900=AXIS2_PLACEMENT_3D('',#6885,#4676,#4677);
#3901=AXIS2_PLACEMENT_3D('',#6888,#4679,#4680);
#3902=AXIS2_PLACEMENT_3D('',#6889,#4681,#4682);
#3903=AXIS2_PLACEMENT_3D('',#6890,#4683,#4684);
#3904=AXIS2_PLACEMENT_3D('',#6892,#4686,#4687);
#3905=AXIS2_PLACEMENT_3D('',#6896,#4690,#4691);
#3906=AXIS2_PLACEMENT_3D('',#6899,#4694,#4695);
#3907=AXIS2_PLACEMENT_3D('',#6900,#4696,#4697);
#3908=AXIS2_PLACEMENT_3D('',#6901,#4698,#4699);
#3909=AXIS2_PLACEMENT_3D('',#6902,#4700,#4701);
#3910=AXIS2_PLACEMENT_3D('',#6903,#4702,#4703);
#3911=AXIS2_PLACEMENT_3D('',#6904,#4704,#4705);
#3912=AXIS2_PLACEMENT_3D('',#6905,#4706,#4707);
#3913=AXIS2_PLACEMENT_3D('',#6914,#4712,#4713);
#3914=AXIS2_PLACEMENT_3D('',#6920,#4717,#4718);
#3915=AXIS2_PLACEMENT_3D('',#6925,#4722,#4723);
#3916=AXIS2_PLACEMENT_3D('',#6934,#4728,#4729);
#3917=AXIS2_PLACEMENT_3D('',#6941,#4734,#4735);
#3918=AXIS2_PLACEMENT_3D('',#6945,#4738,#4739);
#3919=AXIS2_PLACEMENT_3D('',#6950,#4743,#4744);
#3920=AXIS2_PLACEMENT_3D('',#6951,#4745,#4746);
#3921=AXIS2_PLACEMENT_3D('',#6953,#4748,#4749);
#3922=AXIS2_PLACEMENT_3D('',#6958,#4753,#4754);
#3923=AXIS2_PLACEMENT_3D('',#6960,#4756,#4757);
#3924=AXIS2_PLACEMENT_3D('',#6961,#4758,#4759);
#3925=AXIS2_PLACEMENT_3D('',#6963,#4761,#4762);
#3926=AXIS2_PLACEMENT_3D('',#6965,#4764,#4765);
#3927=AXIS2_PLACEMENT_3D('',#6966,#4766,#4767);
#3928=AXIS2_PLACEMENT_3D('',#6969,#4769,#4770);
#3929=AXIS2_PLACEMENT_3D('',#6970,#4771,#4772);
#3930=AXIS2_PLACEMENT_3D('',#6973,#4774,#4775);
#3931=AXIS2_PLACEMENT_3D('',#6974,#4776,#4777);
#3932=AXIS2_PLACEMENT_3D('',#6977,#4779,#4780);
#3933=AXIS2_PLACEMENT_3D('',#6978,#4781,#4782);
#3934=AXIS2_PLACEMENT_3D('',#6981,#4784,#4785);
#3935=AXIS2_PLACEMENT_3D('',#6982,#4786,#4787);
#3936=AXIS2_PLACEMENT_3D('',#6985,#4789,#4790);
#3937=AXIS2_PLACEMENT_3D('',#6986,#4791,#4792);
#3938=AXIS2_PLACEMENT_3D('',#6989,#4794,#4795);
#3939=AXIS2_PLACEMENT_3D('',#6990,#4796,#4797);
#3940=AXIS2_PLACEMENT_3D('',#6993,#4799,#4800);
#3941=AXIS2_PLACEMENT_3D('',#6994,#4801,#4802);
#3942=AXIS2_PLACEMENT_3D('',#6997,#4804,#4805);
#3943=AXIS2_PLACEMENT_3D('',#6998,#4806,#4807);
#3944=AXIS2_PLACEMENT_3D('',#6999,#4808,#4809);
#3945=AXIS2_PLACEMENT_3D('',#7000,#4810,#4811);
#3946=AXIS2_PLACEMENT_3D('',#7004,#4814,#4815);
#3947=AXIS2_PLACEMENT_3D('',#7006,#4817,#4818);
#3948=DIRECTION('axis',(0.,0.,1.));
#3949=DIRECTION('refdir',(1.,0.,0.));
#3950=DIRECTION('center_axis',(0.707029700327878,0.707183853643641,0.));
#3951=DIRECTION('ref_axis',(-0.707183853643641,0.707029700327878,0.));
#3952=DIRECTION('',(0.707183853643641,-0.707029700327878,0.));
#3953=DIRECTION('',(0.,0.,1.));
#3954=DIRECTION('',(-0.707183853643641,0.707029700327878,0.));
#3955=DIRECTION('',(0.,0.,1.));
#3956=DIRECTION('',(0.,0.,1.));
#3957=DIRECTION('',(0.,0.,1.));
#3958=DIRECTION('',(0.,0.,1.));
#3959=DIRECTION('',(0.,0.,1.));
#3960=DIRECTION('',(0.,0.,1.));
#3961=DIRECTION('',(0.,0.,1.));
#3962=DIRECTION('',(0.,0.,1.));
#3963=DIRECTION('',(0.,0.,1.));
#3964=DIRECTION('center_axis',(0.761740996440499,0.647881666928333,0.));
#3965=DIRECTION('ref_axis',(-0.647881666928333,0.761740996440499,0.));
#3966=DIRECTION('',(0.647881666928333,-0.761740996440499,0.));
#3967=DIRECTION('',(-0.647881666928333,0.761740996440499,0.));
#3968=DIRECTION('',(0.,0.,1.));
#3969=DIRECTION('',(0.,0.,1.));
#3970=DIRECTION('',(0.,0.,1.));
#3971=DIRECTION('',(0.,0.,1.));
#3972=DIRECTION('',(0.,0.,1.));
#3973=DIRECTION('',(0.,0.,1.));
#3974=DIRECTION('',(0.,0.,1.));
#3975=DIRECTION('',(0.,0.,1.));
#3976=DIRECTION('',(0.,0.,1.));
#3977=DIRECTION('',(0.,0.,1.));
#3978=DIRECTION('',(0.,0.,1.));
#3979=DIRECTION('center_axis',(-0.707029700327878,-0.707183853643641,0.));
#3980=DIRECTION('ref_axis',(0.707183853643641,-0.707029700327878,0.));
#3981=DIRECTION('',(-0.707183853643641,0.707029700327878,0.));
#3982=DIRECTION('',(0.707183853643641,-0.707029700327878,0.));
#3983=DIRECTION('',(0.,0.,1.));
#3984=DIRECTION('center_axis',(-0.707183853643641,0.707029700327878,0.));
#3985=DIRECTION('ref_axis',(-0.707029700327878,-0.707183853643641,0.));
#3986=DIRECTION('',(0.707029700327878,0.707183853643641,0.));
#3987=DIRECTION('',(-0.707029700327878,-0.707183853643641,0.));
#3988=DIRECTION('center_axis',(0.,0.,1.));
#3989=DIRECTION('ref_axis',(-1.,0.,0.));
#3990=DIRECTION('center_axis',(-0.707029700327878,-0.707183853643641,0.));
#3991=DIRECTION('ref_axis',(0.707183853643641,-0.707029700327878,0.));
#3992=DIRECTION('',(-0.707183853643641,0.707029700327878,0.));
#3993=DIRECTION('',(0.,0.,1.));
#3994=DIRECTION('',(0.707183853643641,-0.707029700327878,0.));
#3995=DIRECTION('',(0.,0.,1.));
#3996=DIRECTION('center_axis',(-0.707183853643641,0.707029700327878,0.));
#3997=DIRECTION('ref_axis',(-0.707029700327878,-0.707183853643641,0.));
#3998=DIRECTION('',(0.707029700327878,0.707183853643641,0.));
#3999=DIRECTION('',(-0.707029700327878,-0.707183853643641,0.));
#4000=DIRECTION('',(0.,0.,1.));
#4001=DIRECTION('center_axis',(0.707029700327878,0.707183853643641,0.));
#4002=DIRECTION('ref_axis',(-0.707183853643641,0.707029700327878,0.));
#4003=DIRECTION('',(0.707183853643641,-0.707029700327878,0.));
#4004=DIRECTION('',(-0.707183853643641,0.707029700327878,0.));
#4005=DIRECTION('',(0.,0.,1.));
#4006=DIRECTION('center_axis',(-0.58731507498574,0.809358389524996,0.));
#4007=DIRECTION('ref_axis',(-0.809358389524996,-0.58731507498574,0.));
#4008=DIRECTION('',(0.809358389524996,0.58731507498574,0.));
#4009=DIRECTION('',(-0.809358389524996,-0.58731507498574,0.));
#4010=DIRECTION('',(0.,0.,1.));
#4011=DIRECTION('',(0.,0.,1.));
#4012=DIRECTION('',(0.,0.,1.));
#4013=DIRECTION('',(0.,0.,1.));
#4014=DIRECTION('',(0.,0.,1.));
#4015=DIRECTION('',(0.,0.,1.));
#4016=DIRECTION('',(0.,0.,1.));
#4017=DIRECTION('',(0.,0.,1.));
#4018=DIRECTION('',(0.,0.,1.));
#4019=DIRECTION('',(0.,0.,1.));
#4020=DIRECTION('',(0.,0.,1.));
#4021=DIRECTION('',(0.,0.,1.));
#4022=DIRECTION('center_axis',(-0.6260652509517,-0.779770672410027,0.));
#4023=DIRECTION('ref_axis',(0.779770672410027,-0.6260652509517,0.));
#4024=DIRECTION('',(-0.779770672410027,0.6260652509517,0.));
#4025=DIRECTION('',(0.779770672410027,-0.6260652509517,0.));
#4026=DIRECTION('',(0.,0.,1.));
#4027=DIRECTION('',(0.,0.,1.));
#4028=DIRECTION('',(0.,0.,1.));
#4029=DIRECTION('',(0.,0.,1.));
#4030=DIRECTION('',(0.,0.,1.));
#4031=DIRECTION('',(0.,0.,1.));
#4032=DIRECTION('',(0.,0.,1.));
#4033=DIRECTION('',(0.,0.,1.));
#4034=DIRECTION('',(0.,0.,1.));
#4035=DIRECTION('center_axis',(0.800660156637929,0.599118780854455,0.));
#4036=DIRECTION('ref_axis',(-0.599118780854454,0.800660156637928,0.));
#4037=DIRECTION('',(0.599118780854454,-0.800660156637928,0.));
#4038=DIRECTION('',(-0.599118780854454,0.800660156637928,0.));
#4039=DIRECTION('',(0.,0.,1.));
#4040=DIRECTION('center_axis',(0.583669704893515,-0.811991179502288,0.));
#4041=DIRECTION('ref_axis',(0.811991179502288,0.583669704893515,0.));
#4042=DIRECTION('',(-0.811991179502288,-0.583669704893515,0.));
#4043=DIRECTION('',(0.811991179502288,0.583669704893515,0.));
#4044=DIRECTION('center_axis',(0.,0.,1.));
#4045=DIRECTION('ref_axis',(-1.,0.,0.));
#4046=DIRECTION('',(0.,0.,1.));
#4047=DIRECTION('',(0.,0.,1.));
#4048=DIRECTION('',(0.,0.,1.));
#4049=DIRECTION('',(0.,0.,1.));
#4050=DIRECTION('',(0.,0.,1.));
#4051=DIRECTION('',(0.,0.,1.));
#4052=DIRECTION('',(0.,0.,1.));
#4053=DIRECTION('',(0.,0.,1.));
#4054=DIRECTION('',(0.,0.,1.));
#4055=DIRECTION('',(0.,0.,1.));
#4056=DIRECTION('',(0.,0.,1.));
#4057=DIRECTION('',(0.,0.,1.));
#4058=DIRECTION('',(0.,0.,1.));
#4059=DIRECTION('',(0.,0.,1.));
#4060=DIRECTION('',(0.,0.,1.));
#4061=DIRECTION('',(0.,0.,1.));
#4062=DIRECTION('center_axis',(0.,0.,1.));
#4063=DIRECTION('ref_axis',(-1.,0.,0.));
#4064=DIRECTION('center_axis',(0.,0.,1.));
#4065=DIRECTION('ref_axis',(0.707106781186548,-0.707106781186547,0.));
#4066=DIRECTION('',(-0.707106781186548,0.707106781186547,0.));
#4067=DIRECTION('',(-0.707106781186547,-0.707106781186548,0.));
#4068=DIRECTION('',(0.707106781186545,-0.70710678118655,0.));
#4069=DIRECTION('',(-0.707106781186549,-0.707106781186546,0.));
#4070=DIRECTION('',(-0.99879439505648,-0.0490892697415595,0.));
#4071=DIRECTION('',(-0.707106781186519,-0.707106781186576,0.));
#4072=DIRECTION('',(0.707106781186548,-0.707106781186548,0.));
#4073=DIRECTION('',(0.707106781186554,0.707106781186541,0.));
#4074=DIRECTION('',(0.0490892697415417,0.998794395056481,0.));
#4075=DIRECTION('',(0.707106781186547,0.707106781186548,0.));
#4076=DIRECTION('',(0.707106781186545,-0.70710678118655,0.));
#4077=DIRECTION('',(0.707106781186547,0.707106781186548,0.));
#4078=DIRECTION('center_axis',(-0.707106781186547,-0.707106781186548,0.));
#4079=DIRECTION('ref_axis',(-4.15431790532304E-16,4.15431790532304E-16,
-1.));
#4080=DIRECTION('center_axis',(-0.705445576963277,0.705445576963279,-0.0685060280989664));
#4081=DIRECTION('ref_axis',(0.707106781186549,0.707106781186546,0.));
#4082=DIRECTION('center_axis',(-0.707106781186547,-0.707106781186548,0.));
#4083=DIRECTION('ref_axis',(-0.707106781186548,0.707106781186547,0.));
#4084=DIRECTION('center_axis',(-0.707106781186547,-0.707106781186548,0.));
#4085=DIRECTION('ref_axis',(-0.707106781186548,0.707106781186547,0.));
#4086=DIRECTION('center_axis',(0.705445576963279,-0.705445576963277,-0.0685060280989664));
#4087=DIRECTION('ref_axis',(-0.0484410770209353,0.0484410770209353,-0.99765070245758));
#4088=DIRECTION('center_axis',(0.707106781186547,0.707106781186548,0.));
#4089=DIRECTION('ref_axis',(-0.707106781186548,0.707106781186547,0.));
#4090=DIRECTION('center_axis',(0.707106781186548,-0.707106781186547,-2.30098036191742E-16));
#4091=DIRECTION('ref_axis',(-0.5,-0.500000000000005,0.707106781186544));
#4092=DIRECTION('',(-0.707106781186548,0.707106781186547,2.30098036191742E-16));
#4093=DIRECTION('center_axis',(0.70710678118655,-0.707106781186545,0.));
#4094=DIRECTION('ref_axis',(-0.707106781186545,-0.70710678118655,0.));
#4095=DIRECTION('',(0.707106781186548,-0.707106781186547,-2.30098036191742E-16));
#4096=DIRECTION('center_axis',(-0.70710678118656,0.707106781186535,0.));
#4097=DIRECTION('ref_axis',(0.,0.,1.));
#4098=DIRECTION('',(-0.707106781186548,0.707106781186547,2.30098036191742E-16));
#4099=DIRECTION('center_axis',(0.707106781186547,0.707106781186548,0.));
#4100=DIRECTION('ref_axis',(-0.707106781186548,0.707106781186547,0.));
#4101=DIRECTION('center_axis',(0.707106781186547,0.707106781186548,0.));
#4102=DIRECTION('ref_axis',(-0.707106781186548,0.707106781186547,0.));
#4103=DIRECTION('',(0.707106781186547,0.707106781186548,0.));
#4104=DIRECTION('center_axis',(-0.707106781186547,-0.707106781186548,0.));
#4105=DIRECTION('ref_axis',(0.,0.,1.));
#4106=DIRECTION('center_axis',(0.707106781186547,0.707106781186548,0.));
#4107=DIRECTION('ref_axis',(-0.707106781186548,0.707106781186547,0.));
#4108=DIRECTION('center_axis',(0.707106781186548,-0.707106781186547,1.12149461334555E-16));
#4109=DIRECTION('ref_axis',(1.58603289232165E-16,0.,-1.));
#4110=DIRECTION('center_axis',(-0.707106781186547,-0.707106781186548,0.));
#4111=DIRECTION('ref_axis',(-0.707106781186548,0.707106781186547,0.));
#4112=DIRECTION('center_axis',(-0.707106781186547,-0.707106781186548,0.));
#4113=DIRECTION('ref_axis',(-0.707106781186548,0.707106781186547,0.));
#4114=DIRECTION('center_axis',(0.707106781186547,0.707106781186548,0.));
#4115=DIRECTION('ref_axis',(0.,0.,-1.));
#4116=DIRECTION('',(-2.52426440302858E-17,2.52426440302858E-17,1.));
#4117=DIRECTION('',(0.707106781186548,-0.707106781186547,0.));
#4118=DIRECTION('',(0.,0.,-1.));
#4119=DIRECTION('center_axis',(-0.707106781186547,-0.707106781186548,0.));
#4120=DIRECTION('ref_axis',(0.,0.,1.));
#4121=DIRECTION('center_axis',(-0.707106781186547,-0.707106781186548,0.));
#4122=DIRECTION('ref_axis',(0.,0.,1.));
#4123=DIRECTION('',(0.,0.,-1.));
#4124=DIRECTION('',(-0.707106781186548,0.707106781186547,0.));
#4125=DIRECTION('',(-2.52426440302858E-17,2.52426440302858E-17,1.));
#4126=DIRECTION('center_axis',(-0.707106781186547,-0.707106781186548,0.));
#4127=DIRECTION('ref_axis',(0.,0.,1.));
#4128=DIRECTION('center_axis',(-0.707106781186547,-0.707106781186548,0.));
#4129=DIRECTION('ref_axis',(0.,0.,1.));
#4130=DIRECTION('',(0.707106781186548,-0.707106781186547,0.));
#4131=DIRECTION('',(0.,0.,1.));
#4132=DIRECTION('',(-0.707106781186548,0.707106781186547,3.94745964311167E-15));
#4133=DIRECTION('',(1.52647877927589E-16,-1.52647877927589E-16,-1.));
#4134=DIRECTION('center_axis',(0.707106781186547,0.707106781186548,0.));
#4135=DIRECTION('ref_axis',(-0.707106781186548,0.707106781186547,0.));
#4136=DIRECTION('center_axis',(0.707106781186547,0.707106781186548,0.));
#4137=DIRECTION('ref_axis',(-0.707106781186548,0.707106781186547,0.));
#4138=DIRECTION('',(0.707106781186547,0.707106781186548,0.));
#4139=DIRECTION('center_axis',(-0.707106781186548,0.707106781186547,0.));
#4140=DIRECTION('ref_axis',(0.499999999999999,0.5,-0.707106781186549));
#4141=DIRECTION('center_axis',(-0.500000000000001,0.500000000000001,0.707106781186547));
#4142=DIRECTION('ref_axis',(0.5,-0.499999999999999,0.707106781186548));
#4143=DIRECTION('',(-0.707106781186548,0.707106781186547,0.));
#4144=DIRECTION('center_axis',(0.500000000000001,-0.5,0.707106781186547));
#4145=DIRECTION('ref_axis',(0.5,-0.5,-0.707106781186548));
#4146=DIRECTION('center_axis',(0.,0.,-1.));
#4147=DIRECTION('ref_axis',(1.,-1.57009245868377E-15,0.));
#4148=DIRECTION('',(0.,0.,-1.));
#4149=DIRECTION('center_axis',(-0.5,0.499999999999998,0.70710678118655));
#4150=DIRECTION('ref_axis',(0.500000000000002,-0.5,0.707106781186546));
#4151=DIRECTION('center_axis',(0.707106781186548,-0.707106781186547,-3.94745964311167E-15));
#4152=DIRECTION('ref_axis',(0.500000000000001,0.499999999999997,0.707106781186549));
#4153=DIRECTION('',(0.707106781186548,-0.707106781186547,-3.94745964311167E-15));
#4154=DIRECTION('center_axis',(-0.500000000000001,0.499999999999999,-0.707106781186547));
#4155=DIRECTION('ref_axis',(-0.5,0.5,0.707106781186548));
#4156=DIRECTION('center_axis',(-1.52647877927589E-16,1.52647877927589E-16,
1.));
#4157=DIRECTION('ref_axis',(0.,1.,0.));
#4158=DIRECTION('',(-1.52647877927589E-16,1.52647877927589E-16,1.));
#4159=DIRECTION('center_axis',(-0.707106781186548,0.707106781186548,0.));
#4160=DIRECTION('ref_axis',(0.,0.,1.));
#4161=DIRECTION('',(0.707106781186548,0.707106781186548,0.));
#4162=DIRECTION('',(0.,0.,1.));
#4163=DIRECTION('',(0.707106781186547,0.707106781186547,0.));
#4164=DIRECTION('center_axis',(0.,0.,1.));
#4165=DIRECTION('ref_axis',(0.707106781186548,-0.707106781186547,0.));
#4166=DIRECTION('',(0.707106781186548,0.707106781186548,0.));
#4167=DIRECTION('',(0.707106781186548,-0.707106781186547,0.));
#4168=DIRECTION('center_axis',(0.707106781186549,0.707106781186546,-3.92523114670947E-17));
#4169=DIRECTION('ref_axis',(0.499999999999996,-0.500000000000002,-0.707106781186549));
#4170=DIRECTION('',(-0.707106781186549,-0.707106781186546,3.92523114670947E-17));
#4171=DIRECTION('center_axis',(-0.640856382055791,-0.640856382055787,0.4226182617407));
#4172=DIRECTION('ref_axis',(-0.298836238730119,-0.298836238730121,-0.90630778703665));
#4173=DIRECTION('',(0.707106781186549,0.707106781186546,-3.92523114670947E-17));
#4174=DIRECTION('center_axis',(-0.914205374693735,-0.405251197260524,1.34975762986664E-15));
#4175=DIRECTION('ref_axis',(0.405251197260524,-0.914205374693735,-3.39015868332884E-15));
#4176=DIRECTION('center_axis',(0.99879439505648,0.0490892697415594,-1.57245712263014E-16));
#4177=DIRECTION('ref_axis',(0.039559315866901,-0.804893272361743,-0.592099552976481));
#4178=DIRECTION('',(0.99879439505648,0.0490892697415594,-1.57245712263014E-16));
#4179=DIRECTION('center_axis',(-0.91420537469372,-0.405251197260558,6.98966955723734E-15));
#4180=DIRECTION('ref_axis',(-0.405251197260558,0.91420537469372,-1.76836870846963E-14));
#4181=DIRECTION('center_axis',(-0.707106781186576,0.707106781186519,1.89015469942433E-14));
#4182=DIRECTION('ref_axis',(-0.707106781186519,-0.707106781186576,-1.67285569696155E-14));
#4183=DIRECTION('',(-0.99879439505648,-0.0490892697415594,1.59791926718539E-16));
#4184=DIRECTION('center_axis',(0.707106781186546,-0.707106781186549,9.43689570931383E-16));
#4185=DIRECTION('ref_axis',(-0.707106781186549,-0.707106781186546,1.11834364142271E-15));
#4186=DIRECTION('center_axis',(0.707106781186519,0.707106781186576,-3.92523114670866E-17));
#4187=DIRECTION('ref_axis',(0.500000000000015,-0.499999999999977,-0.707106781186553));
#4188=DIRECTION('',(0.707106781186519,0.707106781186576,-3.92523114670866E-17));
#4189=DIRECTION('center_axis',(1.93245719207035E-14,-1.,-4.44089209850056E-15));
#4190=DIRECTION('ref_axis',(-1.,-1.93245719207035E-14,4.496403249732E-15));
#4191=DIRECTION('center_axis',(-0.640856382055789,-0.640856382055789,0.4226182617407));
#4192=DIRECTION('ref_axis',(-0.298836238730052,-0.298836238730188,-0.90630778703665));
#4193=DIRECTION('',(-0.707106781186519,-0.707106781186576,3.92523114670866E-17));
#4194=DIRECTION('center_axis',(-0.707106781186547,0.707106781186548,1.90845724724648E-16));
#4195=DIRECTION('ref_axis',(0.379928196590916,0.379928196590915,-0.843391445812885));
#4196=DIRECTION('',(-0.707106781186547,0.707106781186548,1.90845724724648E-16));
#4197=DIRECTION('center_axis',(1.,-1.43593724032024E-14,1.11022302462515E-15));
#4198=DIRECTION('ref_axis',(-1.43593724032024E-14,-1.,-1.38011963685171E-15));
#4199=DIRECTION('',(0.707106781186547,-0.707106781186548,-2.03679548450808E-16));
#4200=DIRECTION('center_axis',(-0.707106781186547,-0.707106781186548,3.92523114670943E-17));
#4201=DIRECTION('ref_axis',(-0.500000000000001,0.499999999999994,-0.707106781186551));
#4202=DIRECTION('',(-0.707106781186547,-0.707106781186548,3.92523114670943E-17));
#4203=DIRECTION('center_axis',(-0.640856382055791,-0.640856382055787,0.4226182617407));
#4204=DIRECTION('ref_axis',(-0.298836238730114,-0.298836238730126,-0.90630778703665));
#4205=DIRECTION('',(0.707106781186547,0.707106781186548,-3.92523114670943E-17));
#4206=DIRECTION('center_axis',(-0.405251197260537,-0.914205374693729,-4.50980663483976E-15));
#4207=DIRECTION('ref_axis',(0.914205374693729,-0.405251197260537,-1.1800679550571E-14));
#4208=DIRECTION('center_axis',(-0.0490892697415418,-0.998794395056481,-9.90764836736482E-17));
#4209=DIRECTION('ref_axis',(-0.80489327236175,0.0395593158668939,-0.592099552976471));
#4210=DIRECTION('',(-0.0490892697415418,-0.998794395056481,-9.90764836736482E-17));
#4211=DIRECTION('center_axis',(-0.707106781186548,0.707106781186547,5.55111512312578E-17));
#4212=DIRECTION('ref_axis',(-0.707106781186547,-0.707106781186548,-4.65976517259473E-17));
#4213=DIRECTION('',(0.0490892697415418,0.998794395056481,9.85230186051831E-17));
#4214=DIRECTION('center_axis',(0.707106781186541,-0.707106781186554,4.32986979603811E-15));
#4215=DIRECTION('ref_axis',(-0.707106781186554,-0.707106781186541,-4.05399570015746E-15));
#4216=DIRECTION('center_axis',(-0.40525119726054,-0.914205374693728,0.));
#4217=DIRECTION('ref_axis',(-0.914205374693728,0.40525119726054,2.7530043594523E-16));
#4218=DIRECTION('center_axis',(-0.707106781186554,-0.707106781186541,3.92523114670961E-17));
#4219=DIRECTION('ref_axis',(-0.499999999999993,0.500000000000005,-0.707106781186549));
#4220=DIRECTION('',(-0.707106781186554,-0.707106781186541,3.92523114670961E-17));
#4221=DIRECTION('',(0.707106781186554,0.707106781186541,-3.92523114670961E-17));
#4222=DIRECTION('center_axis',(-0.640856382055789,-0.640856382055789,0.4226182617407));
#4223=DIRECTION('ref_axis',(-0.298836238730134,-0.298836238730106,-0.90630778703665));
#4224=DIRECTION('center_axis',(-0.0468461064816978,0.953153893518326,-0.298836238730113));
#4225=DIRECTION('ref_axis',(0.953153893518323,-0.046846106481653,-0.298836238730129));
#4226=DIRECTION('',(-0.29883623873012,-0.29883623873012,-0.90630778703665));
#4227=DIRECTION('center_axis',(-0.0468461064816978,0.953153893518326,-0.298836238730113));
#4228=DIRECTION('ref_axis',(0.960226719179062,0.125409589700099,0.249473611000979));
#4229=DIRECTION('',(0.99879439505648,0.0490892697415595,0.));
#4230=DIRECTION('center_axis',(0.0468461064816978,-0.953153893518326,0.298836238730113));
#4231=DIRECTION('ref_axis',(0.960226719179068,0.125409589700094,0.249473611000959));
#4232=DIRECTION('',(-0.29883623873012,-0.29883623873012,-0.90630778703665));
#4233=DIRECTION('center_axis',(-0.707106781186576,0.707106781186519,1.89015469942433E-14));
#4234=DIRECTION('ref_axis',(0.640856382055758,0.640856382055822,-0.422618261740695));
#4235=DIRECTION('',(-0.29883623873012,-0.29883623873012,-0.90630778703665));
#4236=DIRECTION('center_axis',(-0.707106781186576,0.707106781186519,1.89015469942433E-14));
#4237=DIRECTION('ref_axis',(0.596367810529014,0.59636781052901,0.537299608346837));
#4238=DIRECTION('',(0.707106781186519,0.707106781186576,0.));
#4239=DIRECTION('center_axis',(-0.640856382055789,-0.640856382055789,0.4226182617407));
#4240=DIRECTION('ref_axis',(-0.707106781186548,0.707106781186548,-1.85374429149739E-16));
#4241=DIRECTION('',(-0.29883623873012,-0.29883623873012,-0.90630778703665));
#4242=DIRECTION('',(-0.707106781186548,0.707106781186548,0.));
#4243=DIRECTION('center_axis',(0.707106781186541,-0.707106781186554,4.32986979603811E-15));
#4244=DIRECTION('ref_axis',(-0.640856382055796,-0.640856382055782,0.422618261740699));
#4245=DIRECTION('',(-0.29883623873012,-0.29883623873012,-0.90630778703665));
#4246=DIRECTION('',(-0.707106781186554,-0.707106781186541,0.));
#4247=DIRECTION('center_axis',(0.707106781186541,-0.707106781186554,4.32986979603811E-15));
#4248=DIRECTION('ref_axis',(0.596367810529014,0.59636781052901,0.537299608346837));
#4249=DIRECTION('center_axis',(0.953153893518325,-0.0468461064816807,-0.298836238730118));
#4250=DIRECTION('ref_axis',(0.0468461064816695,-0.953153893518325,0.298836238730122));
#4251=DIRECTION('',(-0.29883623873012,-0.29883623873012,-0.90630778703665));
#4252=DIRECTION('center_axis',(-0.953153893518325,0.0468461064816807,0.298836238730118));
#4253=DIRECTION('ref_axis',(0.125409589700082,0.960226719179066,0.249473611000972));
#4254=DIRECTION('',(-0.0490892697415417,-0.998794395056481,0.));
#4255=DIRECTION('center_axis',(0.953153893518325,-0.0468461064816807,-0.298836238730118));
#4256=DIRECTION('ref_axis',(0.125409589700083,0.960226719179065,0.249473611000976));
#4257=DIRECTION('center_axis',(0.707106781186548,-0.707106781186547,-5.55111512312578E-17));
#4258=DIRECTION('ref_axis',(-0.640856382055788,-0.640856382055789,0.422618261740699));
#4259=DIRECTION('',(-0.29883623873012,-0.29883623873012,-0.90630778703665));
#4260=DIRECTION('center_axis',(-0.707106781186548,0.707106781186547,5.55111512312578E-17));
#4261=DIRECTION('ref_axis',(0.596367810529024,0.596367810529021,0.537299608346814));
#4262=DIRECTION('',(-0.707106781186547,-0.707106781186548,0.));
#4263=DIRECTION('center_axis',(0.707106781186549,-0.707106781186546,0.));
#4264=DIRECTION('ref_axis',(0.,0.,-1.));
#4265=DIRECTION('center_axis',(0.,0.,-1.));
#4266=DIRECTION('ref_axis',(-0.707106781186546,0.707106781186549,0.));
#4267=DIRECTION('center_axis',(-0.707106781186548,0.707106781186547,0.));
#4268=DIRECTION('ref_axis',(-0.499999999999997,-0.500000000000001,0.707106781186549));
#4269=DIRECTION('center_axis',(0.707106781186546,0.707106781186549,3.92523114670946E-16));
#4270=DIRECTION('ref_axis',(0.,5.5511151231258E-16,-1.));
#4271=DIRECTION('center_axis',(0.,0.,1.));
#4272=DIRECTION('ref_axis',(1.25607396694703E-14,1.,0.));
#4273=DIRECTION('',(0.,0.,-1.));
#4274=DIRECTION('center_axis',(-0.500000000000001,0.500000000000001,0.707106781186546));
#4275=DIRECTION('ref_axis',(-0.499999999999999,0.499999999999999,-0.707106781186549));
#4276=DIRECTION('',(0.,0.,1.));
#4277=DIRECTION('',(0.,0.,-1.));
#4278=DIRECTION('center_axis',(-0.707106781186548,0.707106781186547,0.));
#4279=DIRECTION('ref_axis',(0.5,0.5,-0.707106781186547));
#4280=DIRECTION('',(0.707106781186548,-0.707106781186547,0.));
#4281=DIRECTION('center_axis',(-0.500000000000003,0.499999999999999,-0.707106781186547));
#4282=DIRECTION('ref_axis',(0.499999999999998,-0.500000000000001,-0.707106781186548));
#4283=DIRECTION('',(-0.707106781186548,0.707106781186547,0.));
#4284=DIRECTION('center_axis',(0.707106781186546,-0.707106781186549,0.));
#4285=DIRECTION('ref_axis',(0.,0.,-1.));
#4286=DIRECTION('center_axis',(0.707106781186548,-0.707106781186547,3.56984895377864E-17));
#4287=DIRECTION('ref_axis',(-0.500000000000001,-0.500000000000004,0.707106781186544));
#4288=DIRECTION('center_axis',(0.,0.,-1.));
#4289=DIRECTION('ref_axis',(0.707106781186549,0.707106781186546,0.));
#4290=DIRECTION('center_axis',(0.707106781186549,0.707106781186546,-7.85046229341899E-16));
#4291=DIRECTION('ref_axis',(0.707106781186546,-0.707106781186549,0.));
#4292=DIRECTION('center_axis',(2.52426440302858E-17,-2.52426440302858E-17,
-1.));
#4293=DIRECTION('ref_axis',(1.,0.,0.));
#4294=DIRECTION('',(-2.52426440302858E-17,2.52426440302858E-17,1.));
#4295=DIRECTION('',(2.52426440302858E-17,-2.52426440302858E-17,-1.));
#4296=DIRECTION('',(-2.52426440302858E-17,2.52426440302858E-17,1.));
#4297=DIRECTION('center_axis',(0.707106781186547,0.707106781186548,0.));
#4298=DIRECTION('ref_axis',(0.500000000000001,-0.500000000000009,-0.707106781186541));
#4299=DIRECTION('',(-0.707106781186547,-0.707106781186548,0.));
#4300=DIRECTION('',(0.707106781186547,0.707106781186548,0.));
#4301=DIRECTION('center_axis',(-1.38592427971297E-14,-1.,0.));
#4302=DIRECTION('ref_axis',(-1.,1.38592427971297E-14,0.));
#4303=DIRECTION('center_axis',(-0.640856382055791,-0.640856382055787,0.4226182617407));
#4304=DIRECTION('ref_axis',(-0.298836238730116,-0.298836238730124,-0.90630778703665));
#4305=DIRECTION('center_axis',(0.707106781186545,-0.70710678118655,-2.30098036191742E-16));
#4306=DIRECTION('ref_axis',(0.379928196590919,0.379928196590918,-0.843391445812883));
#4307=DIRECTION('',(0.707106781186545,-0.70710678118655,-2.59381180156237E-16));
#4308=DIRECTION('',(-0.707106781186545,0.70710678118655,2.30098036191742E-16));
#4309=DIRECTION('center_axis',(1.,-2.53674457359099E-15,1.3322676295502E-14));
#4310=DIRECTION('ref_axis',(2.53674457359081E-15,1.,1.36480840589598E-14));
#4311=DIRECTION('center_axis',(0.707106781186547,0.707106781186548,0.));
#4312=DIRECTION('ref_axis',(-0.500000000000001,0.499999999999999,-0.707106781186548));
#4313=DIRECTION('',(-0.707106781186547,-0.707106781186548,0.));
#4314=DIRECTION('',(0.707106781186547,0.707106781186548,0.));
#4315=DIRECTION('center_axis',(-0.640856382055791,-0.640856382055787,0.4226182617407));
#4316=DIRECTION('ref_axis',(-0.298836238730116,-0.298836238730124,-0.90630778703665));
#4317=DIRECTION('center_axis',(0.707106781186547,0.707106781186548,0.));
#4318=DIRECTION('ref_axis',(0.,0.,-1.));
#4319=DIRECTION('center_axis',(-0.707106781186547,-0.707106781186548,0.));
#4320=DIRECTION('ref_axis',(0.,0.,1.));
#4321=DIRECTION('center_axis',(-0.707106781186547,-0.707106781186548,0.));
#4322=DIRECTION('ref_axis',(0.,0.,1.));
#4323=DIRECTION('center_axis',(-0.707106781186547,-0.707106781186548,0.));
#4324=DIRECTION('ref_axis',(0.,0.,1.));
#4325=DIRECTION('center_axis',(-0.707106781186547,-0.707106781186548,0.));
#4326=DIRECTION('ref_axis',(0.,0.,1.));
#4327=DIRECTION('center_axis',(0.707106781186547,0.707106781186548,0.));
#4328=DIRECTION('ref_axis',(0.,0.,1.));
#4329=DIRECTION('',(-0.5,-0.5,0.707106781186547));
#4330=DIRECTION('center_axis',(-0.707106781186547,-0.707106781186548,0.));
#4331=DIRECTION('ref_axis',(0.,0.,1.));
#4332=DIRECTION('center_axis',(0.,0.,-1.));
#4333=DIRECTION('ref_axis',(-0.707106781186548,0.707106781186547,0.));
#4334=DIRECTION('',(0.707106781186547,0.707106781186547,0.));
#4335=DIRECTION('',(0.707106781186548,-0.707106781186547,0.));
#4336=DIRECTION('',(0.707106781186547,0.707106781186547,0.));
#4337=DIRECTION('center_axis',(0.707106781186548,-0.707106781186547,3.56984895377864E-17));
#4338=DIRECTION('ref_axis',(1.23259516440783E-32,-5.04852880605715E-17,
-1.));
#4339=DIRECTION('',(0.29883623873012,0.29883623873012,0.90630778703665));
#4340=DIRECTION('center_axis',(-0.707106781186548,0.707106781186547,-3.56984895377864E-17));
#4341=DIRECTION('ref_axis',(0.596367810529025,0.596367810529021,0.537299608346813));
#4342=DIRECTION('',(0.707106781186547,0.707106781186548,0.));
#4343=DIRECTION('center_axis',(0.707106781186548,-0.707106781186547,3.56984895377864E-17));
#4344=DIRECTION('ref_axis',(-0.500000000000001,-0.500000000000004,-0.707106781186544));
#4345=DIRECTION('',(2.52426440302858E-17,-2.52426440302858E-17,-1.));
#4346=DIRECTION('center_axis',(0.707106781186548,-0.707106781186547,3.56984895377864E-17));
#4347=DIRECTION('ref_axis',(-0.500000000000003,-0.500000000000007,0.70710678118654));
#4348=DIRECTION('',(-0.707106781186547,-0.707106781186548,0.));
#4349=DIRECTION('',(-0.29883623873012,-0.29883623873012,-0.90630778703665));
#4350=DIRECTION('',(0.707106781186547,0.707106781186548,0.));
#4351=DIRECTION('center_axis',(0.707106781186548,-0.707106781186547,3.56984895377864E-17));
#4352=DIRECTION('ref_axis',(-0.500000000000001,-0.500000000000004,-0.707106781186544));
#4353=DIRECTION('',(2.52426440302858E-17,-2.52426440302858E-17,-1.));
#4354=DIRECTION('',(0.707106781186547,0.707106781186547,0.));
#4355=DIRECTION('',(-2.52426440302858E-17,2.52426440302858E-17,1.));
#4356=DIRECTION('center_axis',(-1.62703881728889E-16,1.62703881728889E-16,
-1.));
#4357=DIRECTION('ref_axis',(-0.707106781186548,0.707106781186547,2.30098036191742E-16));
#4358=DIRECTION('center_axis',(0.577350269189625,3.5527136788005E-15,-0.816496580927727));
#4359=DIRECTION('ref_axis',(-0.816496580927726,-3.55271367880052E-15,-0.577350269189625));
#4360=DIRECTION('center_axis',(0.,0.,1.));
#4361=DIRECTION('ref_axis',(-0.707106781186546,-0.707106781186549,0.));
#4362=DIRECTION('center_axis',(0.707106781186551,-0.707106781186544,0.));
#4363=DIRECTION('ref_axis',(0.,0.,-1.));
#4364=DIRECTION('center_axis',(0.707106781186548,0.707106781186548,0.));
#4365=DIRECTION('ref_axis',(-0.707106781186548,0.707106781186548,0.));
#4366=DIRECTION('center_axis',(-1.,-3.55271367880049E-15,0.));
#4367=DIRECTION('ref_axis',(3.55271367880049E-15,-0.816496580927725,-0.577350269189628));
#4368=DIRECTION('center_axis',(-0.707106781186548,0.707106781186548,-3.14018491736756E-15));
#4369=DIRECTION('ref_axis',(-0.707106781186548,-0.707106781186548,0.));
#4370=DIRECTION('center_axis',(0.,0.,1.));
#4371=DIRECTION('ref_axis',(0.707106781186549,-0.707106781186546,0.));
#4372=DIRECTION('center_axis',(0.707106781186548,0.707106781186548,0.));
#4373=DIRECTION('ref_axis',(0.,0.,-1.));
#4374=DIRECTION('center_axis',(0.707106781186519,0.707106781186576,0.));
#4375=DIRECTION('ref_axis',(0.500000000000034,-0.499999999999993,0.707106781186528));
#4376=DIRECTION('center_axis',(0.914205374693719,0.405251197260559,4.05988742488423E-15));
#4377=DIRECTION('ref_axis',(0.405251197260559,-0.914205374693719,1.05252012493028E-14));
#4378=DIRECTION('center_axis',(2.35513868802571E-14,-1.,2.22044604925046E-15));
#4379=DIRECTION('ref_axis',(-1.,-2.35513868802572E-14,-2.22044604925054E-15));
#4380=DIRECTION('center_axis',(-0.707106781186548,0.707106781186547,0.));
#4381=DIRECTION('ref_axis',(0.,0.,1.));
#4382=DIRECTION('center_axis',(-0.707106781186548,0.707106781186548,3.14018491736756E-15));
#4383=DIRECTION('ref_axis',(-0.707106781186548,-0.707106781186548,0.));
#4384=DIRECTION('center_axis',(0.,0.,1.));
#4385=DIRECTION('ref_axis',(0.707106781186545,-0.70710678118655,0.));
#4386=DIRECTION('center_axis',(0.707106781186547,0.707106781186548,0.));
#4387=DIRECTION('ref_axis',(0.,0.,1.));
#4388=DIRECTION('center_axis',(0.640856382055791,0.640856382055787,-0.4226182617407));
#4389=DIRECTION('ref_axis',(-0.298836238730115,-0.298836238730125,-0.90630778703665));
#4390=DIRECTION('center_axis',(0.298836238730125,0.298836238730124,0.906307787036647));
#4391=DIRECTION('ref_axis',(0.707106781186546,-0.707106781186549,0.));
#4392=DIRECTION('center_axis',(-0.517119308767791,-0.517119308767782,0.68203756568026));
#4393=DIRECTION('ref_axis',(-0.482273387716473,-0.482273387716481,-0.731317139824403));
#4394=DIRECTION('center_axis',(0.707106781186545,-0.70710678118655,0.));
#4395=DIRECTION('ref_axis',(0.640856382055792,0.640856382055788,-0.422618261740696));
#4396=DIRECTION('center_axis',(-0.577350269189629,-3.55271367880052E-15,
-0.816496580927724));
#4397=DIRECTION('ref_axis',(-0.816496580927727,-3.55271367880051E-15,0.577350269189624));
#4398=DIRECTION('center_axis',(0.707106781186548,-0.707106781186548,0.));
#4399=DIRECTION('ref_axis',(-0.707106781186548,-0.707106781186548,0.));
#4400=DIRECTION('center_axis',(-6.28036983473507E-15,-6.28036983473509E-15,
-1.));
#4401=DIRECTION('ref_axis',(-0.707106781186549,0.707106781186546,0.));
#4402=DIRECTION('center_axis',(0.707106781186548,0.707106781186548,0.));
#4403=DIRECTION('ref_axis',(0.,0.,1.));
#4404=DIRECTION('center_axis',(0.,0.,1.));
#4405=DIRECTION('ref_axis',(-1.,-6.28036983473509E-15,0.));
#4406=DIRECTION('',(0.,0.,-1.));
#4407=DIRECTION('',(0.,0.,1.));
#4408=DIRECTION('center_axis',(-0.707106781186548,0.707106781186547,0.));
#4409=DIRECTION('ref_axis',(0.,0.,1.));
#4410=DIRECTION('center_axis',(-0.707106781186548,0.707106781186547,0.));
#4411=DIRECTION('ref_axis',(-0.5,-0.5,-0.707106781186547));
#4412=DIRECTION('center_axis',(0.,0.,1.));
#4413=DIRECTION('ref_axis',(0.707106781186547,0.707106781186548,0.));
#4414=DIRECTION('center_axis',(0.707106781186548,-0.707106781186547,0.));
#4415=DIRECTION('ref_axis',(0.,0.,-1.));
#4416=DIRECTION('center_axis',(0.707106781186547,0.707106781186548,3.14018491736757E-15));
#4417=DIRECTION('ref_axis',(-0.707106781186548,0.707106781186547,0.));
#4418=DIRECTION('center_axis',(0.,0.,-1.));
#4419=DIRECTION('ref_axis',(6.28036983473511E-15,-1.,0.));
#4420=DIRECTION('',(0.,0.,-1.));
#4421=DIRECTION('',(0.,0.,1.));
#4422=DIRECTION('center_axis',(0.499999999999999,0.500000000000002,0.707106781186547));
#4423=DIRECTION('ref_axis',(-0.499999999999998,-0.500000000000001,0.707106781186548));
#4424=DIRECTION('center_axis',(-0.517119308767794,-0.517119308767777,0.68203756568026));
#4425=DIRECTION('ref_axis',(-0.482273387716474,-0.48227338771648,-0.731317139824402));
#4426=DIRECTION('center_axis',(0.298836238730118,0.298836238730116,0.906307787036652));
#4427=DIRECTION('ref_axis',(0.640856382055791,0.640856382055789,-0.422618261740695));
#4428=DIRECTION('center_axis',(0.640856382055791,0.640856382055787,-0.4226182617407));
#4429=DIRECTION('ref_axis',(-0.298836238730116,-0.298836238730124,-0.90630778703665));
#4430=DIRECTION('center_axis',(-0.707106781186545,0.70710678118655,0.));
#4431=DIRECTION('ref_axis',(0.,0.,1.));
#4432=DIRECTION('center_axis',(0.99879439505648,0.0490892697415595,0.));
#4433=DIRECTION('ref_axis',(0.0290657346699175,-0.591385714828358,0.805864826980958));
#4434=DIRECTION('center_axis',(0.914205374693731,0.405251197260533,0.));
#4435=DIRECTION('ref_axis',(-0.405251197260533,0.914205374693731,0.));
#4436=DIRECTION('center_axis',(0.707106781186546,-0.707106781186549,0.));
#4437=DIRECTION('ref_axis',(0.,0.,-1.));
#4438=DIRECTION('center_axis',(0.,0.,-1.));
#4439=DIRECTION('ref_axis',(0.707106781186549,0.707106781186546,0.));
#4440=DIRECTION('center_axis',(-0.707106781186561,0.707106781186534,0.));
#4441=DIRECTION('ref_axis',(0.,0.,1.));
#4442=DIRECTION('center_axis',(0.707106781186549,0.707106781186546,-1.17756934401284E-15));
#4443=DIRECTION('ref_axis',(0.707106781186546,-0.70710678118655,0.));
#4444=DIRECTION('center_axis',(2.52426440302858E-17,-2.52426440302858E-17,
-1.));
#4445=DIRECTION('ref_axis',(1.,0.,0.));
#4446=DIRECTION('',(-2.52426440302858E-17,2.52426440302858E-17,1.));
#4447=DIRECTION('',(-2.52426440302858E-17,2.52426440302858E-17,1.));
#4448=DIRECTION('center_axis',(0.707106781186548,-0.707106781186547,3.10551895000049E-16));
#4449=DIRECTION('ref_axis',(-0.500000000000005,-0.500000000000005,0.707106781186541));
#4450=DIRECTION('',(-0.707106781186548,0.707106781186547,-3.10551895000049E-16));
#4451=DIRECTION('',(0.707106781186548,-0.707106781186547,3.10551895000049E-16));
#4452=DIRECTION('center_axis',(0.640856382055791,0.640856382055787,-0.4226182617407));
#4453=DIRECTION('ref_axis',(0.298836238730116,0.298836238730124,0.90630778703665));
#4454=DIRECTION('center_axis',(0.707106781186546,-0.707106781186549,0.));
#4455=DIRECTION('ref_axis',(0.,0.,-1.));
#4456=DIRECTION('center_axis',(-0.517119308767793,-0.517119308767781,0.682037565680258));
#4457=DIRECTION('ref_axis',(0.482273387716472,0.482273387716479,0.731317139824405));
#4458=DIRECTION('center_axis',(-0.298836238730118,-0.298836238730118,-0.906307787036651));
#4459=DIRECTION('ref_axis',(0.640856382055792,0.640856382055787,-0.422618261740697));
#4460=DIRECTION('center_axis',(0.,0.,1.));
#4461=DIRECTION('ref_axis',(1.25607396694703E-14,1.,0.));
#4462=DIRECTION('',(0.,0.,-1.));
#4463=DIRECTION('',(0.,0.,1.));
#4464=DIRECTION('center_axis',(-0.500000000000002,-0.499999999999997,-0.707106781186549));
#4465=DIRECTION('ref_axis',(0.500000000000003,0.499999999999998,-0.707106781186546));
#4466=DIRECTION('',(0.,0.,-1.));
#4467=DIRECTION('center_axis',(-0.517119308767794,-0.51711930876778,0.682037565680258));
#4468=DIRECTION('ref_axis',(0.482273387716472,0.48227338771648,0.731317139824404));
#4469=DIRECTION('center_axis',(-0.707106781186545,0.70710678118655,3.92523114670944E-16));
#4470=DIRECTION('ref_axis',(0.64085638205579,0.640856382055785,-0.422618261740703));
#4471=DIRECTION('center_axis',(0.640856382055791,0.640856382055787,-0.4226182617407));
#4472=DIRECTION('ref_axis',(0.298836238730115,0.298836238730125,0.90630778703665));
#4473=DIRECTION('center_axis',(-0.298836238730117,-0.298836238730117,-0.906307787036652));
#4474=DIRECTION('ref_axis',(-0.707106781186548,0.707106781186548,0.));
#4475=DIRECTION('center_axis',(0.707106781186549,0.707106781186546,0.));
#4476=DIRECTION('ref_axis',(0.500000000000006,-0.500000000000007,0.707106781186539));
#4477=DIRECTION('center_axis',(7.85046229341885E-15,1.,2.22044604925036E-15));
#4478=DIRECTION('ref_axis',(-1.,7.85046229341885E-15,2.22044604925038E-15));
#4479=DIRECTION('',(0.707106781186549,0.707106781186546,0.));
#4480=DIRECTION('center_axis',(-0.0232376104487034,-0.999429115926429,0.0245245937611716));
#4481=DIRECTION('ref_axis',(0.687411027289792,-0.0337852369906746,-0.725482348042926));
#4482=DIRECTION('center_axis',(0.70710678118654,-0.707106781186555,-1.88411095042055E-14));
#4483=DIRECTION('ref_axis',(0.640856382055789,0.640856382055786,-0.422618261740703));
#4484=DIRECTION('center_axis',(-0.298836238730132,-0.29883623873013,-0.906307787036642));
#4485=DIRECTION('ref_axis',(0.707106781186545,-0.70710678118655,0.));
#4486=DIRECTION('center_axis',(0.707106781186543,0.707106781186552,0.));
#4487=DIRECTION('ref_axis',(0.,0.,-1.));
#4488=DIRECTION('center_axis',(-0.0319776243421049,-0.726268600147627,-0.68666684205737));
#4489=DIRECTION('ref_axis',(-0.033785236990673,0.687411027289789,-0.725482348042929));
#4490=DIRECTION('center_axis',(0.707106781186545,0.70710678118655,-3.14018491736757E-15));
#4491=DIRECTION('ref_axis',(-0.70710678118655,0.707106781186545,0.));
#4492=DIRECTION('center_axis',(-0.298836238730112,-0.298836238730128,-0.90630778703665));
#4493=DIRECTION('ref_axis',(0.640856382055793,0.640856382055784,-0.4226182617407));
#4494=DIRECTION('center_axis',(-0.707106781186552,0.707106781186543,0.));
#4495=DIRECTION('ref_axis',(0.,0.,-1.));
#4496=DIRECTION('center_axis',(0.392861379603419,-0.0193085567258309,-0.919394972823576));
#4497=DIRECTION('ref_axis',(0.918286545699295,-0.0451324278199624,0.39333558693148));
#4498=DIRECTION('center_axis',(0.298836238730146,0.298836238730091,0.906307787036651));
#4499=DIRECTION('ref_axis',(0.64085638205579,0.640856382055788,-0.422618261740698));
#4500=DIRECTION('center_axis',(0.707106781186538,-0.707106781186557,0.));
#4501=DIRECTION('ref_axis',(0.,0.,1.));
#4502=DIRECTION('center_axis',(0.707106781186552,0.707106781186543,-9.42055475210246E-15));
#4503=DIRECTION('ref_axis',(0.707106781186543,-0.707106781186552,0.));
#4504=DIRECTION('center_axis',(-0.707106781186545,0.70710678118655,0.));
#4505=DIRECTION('ref_axis',(0.596367810529024,0.596367810529021,0.537299608346814));
#4506=DIRECTION('center_axis',(-0.707106781186605,0.70710678118649,3.76073640142011E-14));
#4507=DIRECTION('ref_axis',(0.596367810529024,0.596367810529021,0.537299608346814));
#4508=DIRECTION('',(0.707106781186545,-0.70710678118655,0.));
#4509=DIRECTION('center_axis',(0.707106781186491,-0.707106781186604,3.75461142356763E-14));
#4510=DIRECTION('ref_axis',(0.596367810529024,0.596367810529021,0.537299608346814));
#4511=DIRECTION('',(-0.707106781186545,0.70710678118655,2.34600262405793E-17));
#4512=DIRECTION('center_axis',(0.707106781186546,-0.707106781186549,9.43689570931383E-16));
#4513=DIRECTION('ref_axis',(0.596367810529024,0.596367810529021,0.537299608346814));
#4514=DIRECTION('',(-0.707106781186545,0.70710678118655,2.34600262405793E-17));
#4515=DIRECTION('center_axis',(-0.998981012812094,-0.0414867757347397,-0.0177702976918682));
#4516=DIRECTION('ref_axis',(-0.0451324278199421,0.918286545699287,0.393335586931502));
#4517=DIRECTION('center_axis',(0.707106781186554,0.707106781186541,0.));
#4518=DIRECTION('ref_axis',(0.,0.,1.));
#4519=DIRECTION('center_axis',(-0.707106781186546,0.707106781186549,1.5700924586838E-15));
#4520=DIRECTION('ref_axis',(0.640856382055791,0.640856382055788,-0.422618261740697));
#4521=DIRECTION('center_axis',(0.298836238730119,0.298836238730117,0.906307787036651));
#4522=DIRECTION('ref_axis',(-0.707106781186545,0.70710678118655,0.));
#4523=DIRECTION('center_axis',(-0.707106781186545,0.70710678118655,0.));
#4524=DIRECTION('ref_axis',(0.596367810529024,0.596367810529021,0.537299608346814));
#4525=DIRECTION('center_axis',(-0.707106781186557,0.707106781186538,6.33935207731239E-15));
#4526=DIRECTION('ref_axis',(0.596367810529024,0.596367810529021,0.537299608346814));
#4527=DIRECTION('',(0.707106781186545,-0.70710678118655,0.));
#4528=DIRECTION('center_axis',(0.707106781186553,-0.707106781186542,-3.24623826181214E-15));
#4529=DIRECTION('ref_axis',(0.596367810529024,0.596367810529021,0.537299608346814));
#4530=DIRECTION('',(-0.707106781186545,0.70710678118655,2.34600262405793E-17));
#4531=DIRECTION('center_axis',(-1.,-2.78904447747373E-29,-2.22044604925036E-15));
#4532=DIRECTION('ref_axis',(3.28208254323688E-29,-1.,-2.22044604925035E-15));
#4533=DIRECTION('',(-0.707106781186545,0.70710678118655,2.34600262405793E-17));
#4534=DIRECTION('center_axis',(-0.29883623873012,-0.29883623873012,-0.90630778703665));
#4535=DIRECTION('ref_axis',(-0.0468461064816704,0.953153893518325,-0.29883623873012));
#4536=DIRECTION('',(0.29883623873012,0.29883623873012,0.90630778703665));
#4537=DIRECTION('',(-0.29883623873012,-0.29883623873012,-0.90630778703665));
#4538=DIRECTION('center_axis',(-0.707106781186547,0.707106781186548,0.));
#4539=DIRECTION('ref_axis',(0.,0.,1.));
#4540=DIRECTION('center_axis',(-0.707106781186548,0.707106781186548,0.));
#4541=DIRECTION('ref_axis',(-0.707106781186548,-0.707106781186548,0.));
#4542=DIRECTION('center_axis',(0.,0.,1.));
#4543=DIRECTION('ref_axis',(0.707106781186545,-0.70710678118655,0.));
#4544=DIRECTION('center_axis',(0.707106781186548,0.707106781186547,0.));
#4545=DIRECTION('ref_axis',(0.,0.,1.));
#4546=DIRECTION('center_axis',(-0.707106781186548,0.707106781186547,0.));
#4547=DIRECTION('ref_axis',(0.,0.,1.));
#4548=DIRECTION('center_axis',(-0.707106781186548,0.707106781186547,0.));
#4549=DIRECTION('ref_axis',(-0.499999999999996,-0.5,-0.70710678118655));
#4550=DIRECTION('center_axis',(0.,0.,1.));
#4551=DIRECTION('ref_axis',(0.707106781186547,0.707106781186548,0.));
#4552=DIRECTION('center_axis',(0.707106781186548,-0.707106781186547,0.));
#4553=DIRECTION('ref_axis',(0.,0.,-1.));
#4554=DIRECTION('center_axis',(0.707106781186547,0.707106781186548,-1.96261557335476E-15));
#4555=DIRECTION('ref_axis',(-0.707106781186548,0.707106781186547,0.));
#4556=DIRECTION('center_axis',(2.52426440302858E-17,-2.52426440302858E-17,
-1.));
#4557=DIRECTION('ref_axis',(1.,0.,0.));
#4558=DIRECTION('center_axis',(0.499999999999998,-0.500000000000004,-0.707106781186546));
#4559=DIRECTION('ref_axis',(0.499999999999996,-0.500000000000003,0.707106781186549));
#4560=DIRECTION('center_axis',(0.707106781186548,-0.707106781186547,0.));
#4561=DIRECTION('ref_axis',(0.500000000000005,0.500000000000005,0.707106781186541));
#4562=DIRECTION('center_axis',(0.500000000000013,-0.499999999999988,0.707106781186547));
#4563=DIRECTION('ref_axis',(-0.499999999999988,0.500000000000012,0.707106781186548));
#4564=DIRECTION('',(0.707106781186548,-0.707106781186547,0.));
#4565=DIRECTION('center_axis',(0.,0.,1.));
#4566=DIRECTION('ref_axis',(1.25607396694703E-14,1.,0.));
#4567=DIRECTION('',(0.,0.,1.));
#4568=DIRECTION('center_axis',(-0.707106781186548,0.707106781186547,0.));
#4569=DIRECTION('ref_axis',(-0.500000000000004,-0.500000000000006,-0.70710678118654));
#4570=DIRECTION('center_axis',(0.707106781186547,0.707106781186548,0.));
#4571=DIRECTION('ref_axis',(-0.500000000000005,0.500000000000004,0.707106781186541));
#4572=DIRECTION('',(-0.707106781186547,-0.707106781186548,0.));
#4573=DIRECTION('center_axis',(0.707106781186547,0.707106781186548,0.));
#4574=DIRECTION('ref_axis',(0.499999999999996,-0.499999999999996,0.707106781186553));
#4575=DIRECTION('center_axis',(0.29883623873012,0.29883623873012,0.90630778703665));
#4576=DIRECTION('ref_axis',(0.953153893518325,-0.0468461064816735,-0.29883623873012));
#4577=DIRECTION('',(0.29883623873012,0.29883623873012,0.90630778703665));
#4578=DIRECTION('center_axis',(0.707106781186545,-0.70710678118655,3.10551895000038E-16));
#4579=DIRECTION('ref_axis',(0.379928196590918,0.379928196590915,-0.843391445812885));
#4580=DIRECTION('',(-0.707106781186545,0.70710678118655,-3.10551895000038E-16));
#4581=DIRECTION('',(0.707106781186545,-0.70710678118655,3.02005455116528E-16));
#4582=DIRECTION('center_axis',(0.707106781186547,0.707106781186548,0.));
#4583=DIRECTION('ref_axis',(-0.500000000000001,0.5,-0.707106781186547));
#4584=DIRECTION('',(0.707106781186547,0.707106781186548,0.));
#4585=DIRECTION('',(-0.707106781186547,-0.707106781186548,0.));
#4586=DIRECTION('center_axis',(-0.707106781186547,-0.707106781186548,0.));
#4587=DIRECTION('ref_axis',(-0.500000000000005,0.500000000000005,0.707106781186541));
#4588=DIRECTION('center_axis',(-0.405251197260531,-0.914205374693732,-4.95972584479532E-15));
#4589=DIRECTION('ref_axis',(0.914205374693732,-0.405251197260531,-1.28580197416014E-14));
#4590=DIRECTION('center_axis',(0.707106781186547,0.707106781186548,0.));
#4591=DIRECTION('ref_axis',(0.500000000000001,-0.500000000000009,-0.707106781186541));
#4592=DIRECTION('',(0.707106781186547,0.707106781186548,0.));
#4593=DIRECTION('center_axis',(0.707106781186545,-0.70710678118655,3.10551895000049E-16));
#4594=DIRECTION('ref_axis',(0.37992819659092,0.379928196590915,-0.843391445812884));
#4595=DIRECTION('',(-0.707106781186545,0.70710678118655,-3.10551895000049E-16));
#4596=DIRECTION('',(0.707106781186545,-0.70710678118655,3.02005455116536E-16));
#4597=DIRECTION('center_axis',(-0.29883623873012,-0.29883623873012,-0.90630778703665));
#4598=DIRECTION('ref_axis',(-0.0468461064816756,0.953153893518326,-0.298836238730118));
#4599=DIRECTION('',(0.29883623873012,0.29883623873012,0.90630778703665));
#4600=DIRECTION('',(-0.29883623873012,-0.29883623873012,-0.90630778703665));
#4601=DIRECTION('center_axis',(0.707106781186547,0.707106781186548,0.));
#4602=DIRECTION('ref_axis',(0.5,-0.5,0.707106781186547));
#4603=DIRECTION('',(0.707106781186547,0.707106781186548,0.));
#4604=DIRECTION('',(-0.707106781186547,-0.707106781186548,0.));
#4605=DIRECTION('center_axis',(-0.0490892697415417,-0.998794395056481,0.));
#4606=DIRECTION('ref_axis',(-0.591385714828346,0.0290657346699088,0.805864826980968));
#4607=DIRECTION('center_axis',(-0.405251197260536,-0.914205374693729,0.));
#4608=DIRECTION('ref_axis',(-0.914205374693729,0.405251197260536,0.));
#4609=DIRECTION('center_axis',(0.707106781186547,0.707106781186548,0.));
#4610=DIRECTION('ref_axis',(-0.5,0.5,0.707106781186547));
#4611=DIRECTION('',(-0.707106781186547,-0.707106781186548,0.));
#4612=DIRECTION('',(0.707106781186547,0.707106781186548,0.));
#4613=DIRECTION('center_axis',(0.29883623873012,0.29883623873012,0.90630778703665));
#4614=DIRECTION('ref_axis',(0.953153893518326,-0.0468461064816809,-0.298836238730117));
#4615=DIRECTION('',(-0.29883623873012,-0.29883623873012,-0.90630778703665));
#4616=DIRECTION('',(0.29883623873012,0.29883623873012,0.90630778703665));
#4617=DIRECTION('center_axis',(-0.707106781186545,0.70710678118655,3.10511372565166E-16));
#4618=DIRECTION('ref_axis',(0.596367810529025,0.596367810529021,0.537299608346813));
#4619=DIRECTION('',(0.707106781186545,-0.70710678118655,-3.10511372565166E-16));
#4620=DIRECTION('',(-0.707106781186545,0.70710678118655,3.25432196480145E-16));
#4621=DIRECTION('center_axis',(0.707106781186548,-0.707106781186547,0.));
#4622=DIRECTION('ref_axis',(0.596367810529025,0.596367810529021,0.537299608346813));
#4623=DIRECTION('center_axis',(1.,-9.4205547521027E-15,-4.44089209850068E-15));
#4624=DIRECTION('ref_axis',(-9.42055475210268E-15,-1.,4.00176270414799E-15));
#4625=DIRECTION('center_axis',(0.707106781186547,0.707106781186548,0.));
#4626=DIRECTION('ref_axis',(0.5,-0.5,-0.707106781186547));
#4627=DIRECTION('',(-0.707106781186547,-0.707106781186548,0.));
#4628=DIRECTION('',(0.707106781186547,0.707106781186548,0.));
#4629=DIRECTION('center_axis',(0.707106781186547,0.707106781186548,0.));
#4630=DIRECTION('ref_axis',(-0.500000000000001,0.5,0.707106781186547));
#4631=DIRECTION('',(-0.707106781186547,-0.707106781186548,0.));
#4632=DIRECTION('',(0.707106781186547,0.707106781186548,0.));
#4633=DIRECTION('center_axis',(-0.707106781186548,0.707106781186547,3.10511372565166E-16));
#4634=DIRECTION('ref_axis',(-0.5,-0.500000000000002,-0.707106781186547));
#4635=DIRECTION('',(0.707106781186548,-0.707106781186547,-3.10511372565166E-16));
#4636=DIRECTION('',(-0.707106781186548,0.707106781186547,3.10511372565166E-16));
#4637=DIRECTION('center_axis',(-0.707106781186554,-0.707106781186541,0.));
#4638=DIRECTION('ref_axis',(-0.499999999999992,0.5,0.707106781186553));
#4639=DIRECTION('center_axis',(-1.,4.71027737605136E-15,0.));
#4640=DIRECTION('ref_axis',(4.71027737605136E-15,1.,0.));
#4641=DIRECTION('center_axis',(0.707106781186547,0.707106781186548,0.));
#4642=DIRECTION('ref_axis',(-0.5,0.5,-0.707106781186547));
#4643=DIRECTION('',(-0.707106781186547,-0.707106781186548,0.));
#4644=DIRECTION('',(0.707106781186547,0.707106781186548,0.));
#4645=DIRECTION('center_axis',(-0.707106781186545,0.70710678118655,3.10551884660018E-16));
#4646=DIRECTION('ref_axis',(0.596367810529025,0.596367810529021,0.537299608346813));
#4647=DIRECTION('',(-0.707106781186545,0.70710678118655,3.25465472863878E-16));
#4648=DIRECTION('',(0.707106781186545,-0.70710678118655,-3.10551884660018E-16));
#4649=DIRECTION('center_axis',(-3.14018491736758E-15,1.,-4.44089209850068E-15));
#4650=DIRECTION('ref_axis',(1.,3.14018491736755E-15,-4.88007878560746E-15));
#4651=DIRECTION('center_axis',(0.707106781186547,0.707106781186548,0.));
#4652=DIRECTION('ref_axis',(0.5,-0.5,0.707106781186547));
#4653=DIRECTION('',(-0.707106781186547,-0.707106781186548,0.));
#4654=DIRECTION('center_axis',(-0.707106781186548,0.707106781186547,3.10551884660018E-16));
#4655=DIRECTION('ref_axis',(-0.5,-0.5,-0.707106781186547));
#4656=DIRECTION('',(0.707106781186548,-0.707106781186547,-3.10551884660018E-16));
#4657=DIRECTION('',(-0.707106781186548,0.707106781186547,3.10551884660018E-16));
#4658=DIRECTION('center_axis',(-0.707106781186548,0.707106781186548,0.));
#4659=DIRECTION('ref_axis',(0.596367810529014,0.59636781052901,0.537299608346837));
#4660=DIRECTION('center_axis',(0.707106781186547,0.707106781186548,0.));
#4661=DIRECTION('ref_axis',(0.,0.,1.));
#4662=DIRECTION('center_axis',(-0.707106781186547,-0.707106781186548,0.));
#4663=DIRECTION('ref_axis',(0.,0.,1.));
#4664=DIRECTION('',(-0.5,-0.5,0.707106781186547));
#4665=DIRECTION('center_axis',(-0.707106781186547,-0.707106781186548,0.));
#4666=DIRECTION('ref_axis',(0.,0.,1.));
#4667=DIRECTION('center_axis',(-0.707106781186547,-0.707106781186548,0.));
#4668=DIRECTION('ref_axis',(0.,0.,1.));
#4669=DIRECTION('center_axis',(0.707106781186547,0.707106781186548,0.));
#4670=DIRECTION('ref_axis',(0.,0.,1.));
#4671=DIRECTION('',(-0.5,-0.5,0.707106781186547));
#4672=DIRECTION('center_axis',(-0.707106781186547,-0.707106781186548,0.));
#4673=DIRECTION('ref_axis',(0.,0.,1.));
#4674=DIRECTION('center_axis',(0.707106781186547,0.707106781186548,0.));
#4675=DIRECTION('ref_axis',(0.,0.,1.));
#4676=DIRECTION('center_axis',(-0.707106781186547,-0.707106781186548,0.));
#4677=DIRECTION('ref_axis',(0.,0.,1.));
#4678=DIRECTION('',(-0.5,-0.5,0.707106781186547));
#4679=DIRECTION('center_axis',(-0.707106781186547,-0.707106781186548,0.));
#4680=DIRECTION('ref_axis',(0.,0.,1.));
#4681=DIRECTION('center_axis',(-0.707106781186547,-0.707106781186548,0.));
#4682=DIRECTION('ref_axis',(0.,0.,1.));
#4683=DIRECTION('center_axis',(2.1959335086486E-16,-2.1959335086486E-16,
-1.));
#4684=DIRECTION('ref_axis',(-0.707106781186548,0.707106781186547,-3.10551895000038E-16));
#4685=DIRECTION('',(0.707106781186548,-0.707106781186547,3.10551895000038E-16));
#4686=DIRECTION('center_axis',(0.,0.,1.));
#4687=DIRECTION('ref_axis',(0.707106781186548,-0.707106781186547,0.));
#4688=DIRECTION('',(0.707106781186547,0.707106781186547,0.));
#4689=DIRECTION('',(-0.707106781186548,0.707106781186547,0.));
#4690=DIRECTION('center_axis',(-0.707106781186548,0.707106781186547,0.));
#4691=DIRECTION('ref_axis',(0.,0.,1.));
#4692=DIRECTION('',(0.,0.,-1.));
#4693=DIRECTION('',(-0.29883623873012,-0.29883623873012,-0.90630778703665));
#4694=DIRECTION('center_axis',(0.707106781186548,-0.707106781186547,0.));
#4695=DIRECTION('ref_axis',(0.,0.,-1.));
#4696=DIRECTION('center_axis',(2.19593350864867E-16,-2.19593350864867E-16,
-1.));
#4697=DIRECTION('ref_axis',(-0.707106781186548,0.707106781186547,-3.10551895000049E-16));
#4698=DIRECTION('center_axis',(0.,0.,1.));
#4699=DIRECTION('ref_axis',(0.707106781186548,-0.707106781186547,0.));
#4700=DIRECTION('center_axis',(-0.707106781186548,0.707106781186547,0.));
#4701=DIRECTION('ref_axis',(0.,0.,1.));
#4702=DIRECTION('center_axis',(2.19564697176371E-16,-2.19564697176371E-16,
1.));
#4703=DIRECTION('ref_axis',(0.707106781186548,-0.707106781186547,-3.10511372565166E-16));
#4704=DIRECTION('center_axis',(2.19593343553361E-16,-2.19593343553361E-16,
1.));
#4705=DIRECTION('ref_axis',(0.707106781186548,-0.707106781186547,-3.10551884660018E-16));
#4706=DIRECTION('center_axis',(0.597787396050237,0.597787396050247,-0.534135243404648));
#4707=DIRECTION('ref_axis',(-0.666290929770973,0.,-0.745691891403502));
#4708=DIRECTION('',(0.377690652682161,0.377690652682146,0.845399042909949));
#4709=DIRECTION('',(0.707106781186554,-0.707106781186541,3.25465481357107E-16));
#4710=DIRECTION('',(-0.377690652682145,-0.377690652682162,-0.845399042909949));
#4711=DIRECTION('',(-0.707106781186554,0.707106781186541,-3.10551895000038E-16));
#4712=DIRECTION('center_axis',(2.1959335086486E-16,-2.1959335086486E-16,
-1.));
#4713=DIRECTION('ref_axis',(-1.,0.,-2.1959335086486E-16));
#4714=DIRECTION('',(-0.70710678118649,-0.707106781186605,2.51202894506316E-29));
#4715=DIRECTION('',(0.707106781186545,-0.70710678118655,3.10551895000038E-16));
#4716=DIRECTION('',(0.707106781186604,0.707106781186491,2.487377041775E-29));
#4717=DIRECTION('center_axis',(0.707106781186605,-0.70710678118649,-3.76073640142011E-14));
#4718=DIRECTION('ref_axis',(-0.70710678118649,-0.707106781186605,0.));
#4719=DIRECTION('',(-0.29883623873012,-0.29883623873012,-0.90630778703665));
#4720=DIRECTION('',(-0.70710678118649,-0.707106781186605,0.));
#4721=DIRECTION('',(0.29883623873012,0.29883623873012,0.90630778703665));
#4722=DIRECTION('center_axis',(0.597787396050191,0.597787396050294,-0.534135243404647));
#4723=DIRECTION('ref_axis',(-0.666290929771002,0.,-0.745691891403476));
#4724=DIRECTION('',(0.377690652682152,0.377690652682154,0.845399042909949));
#4725=DIRECTION('',(0.707106781186609,-0.707106781186487,3.02005455116528E-16));
#4726=DIRECTION('',(-0.377690652682152,-0.377690652682155,-0.845399042909949));
#4727=DIRECTION('',(-0.707106781186609,0.707106781186487,-3.10551895000039E-16));
#4728=DIRECTION('center_axis',(0.707106781186557,-0.707106781186538,-6.33935207731239E-15));
#4729=DIRECTION('ref_axis',(-0.707106781186538,-0.707106781186557,0.));
#4730=DIRECTION('',(-0.29883623873012,-0.29883623873012,-0.90630778703665));
#4731=DIRECTION('',(-0.707106781186538,-0.707106781186557,0.));
#4732=DIRECTION('',(0.29883623873012,0.29883623873012,0.90630778703665));
#4733=DIRECTION('',(-0.707106781186538,-0.707106781186557,4.2647792688511E-30));
#4734=DIRECTION('center_axis',(0.640856382055733,0.640856382055844,-0.422618261740699));
#4735=DIRECTION('ref_axis',(0.707106781186609,-0.707106781186487,0.));
#4736=DIRECTION('',(-0.29883623873012,-0.29883623873012,-0.90630778703665));
#4737=DIRECTION('',(0.707106781186609,-0.707106781186487,0.));
#4738=DIRECTION('center_axis',(-0.707106781186553,0.707106781186542,3.24623826181214E-15));
#4739=DIRECTION('ref_axis',(0.707106781186542,0.707106781186553,0.));
#4740=DIRECTION('',(0.707106781186542,0.707106781186553,-2.14471558606963E-30));
#4741=DIRECTION('',(-0.29883623873012,-0.29883623873012,-0.90630778703665));
#4742=DIRECTION('',(0.707106781186542,0.707106781186553,0.));
#4743=DIRECTION('center_axis',(0.,0.,1.));
#4744=DIRECTION('ref_axis',(1.,0.,0.));
#4745=DIRECTION('center_axis',(2.1959335086486E-16,-2.1959335086486E-16,
-1.));
#4746=DIRECTION('ref_axis',(-1.,0.,-2.1959335086486E-16));
#4747=DIRECTION('',(0.707106781186545,-0.70710678118655,3.10551895000038E-16));
#4748=DIRECTION('center_axis',(-0.707106781186491,0.707106781186604,-3.75461142356763E-14));
#4749=DIRECTION('ref_axis',(0.707106781186604,0.707106781186491,0.));
#4750=DIRECTION('',(-0.29883623873012,-0.29883623873012,-0.90630778703665));
#4751=DIRECTION('',(0.707106781186604,0.707106781186491,0.));
#4752=DIRECTION('',(-0.29883623873012,-0.29883623873012,-0.90630778703665));
#4753=DIRECTION('center_axis',(0.640856382055783,0.640856382055794,-0.4226182617407));
#4754=DIRECTION('ref_axis',(0.707106781186553,-0.707106781186542,0.));
#4755=DIRECTION('',(0.707106781186553,-0.707106781186542,0.));
#4756=DIRECTION('center_axis',(0.,0.,1.));
#4757=DIRECTION('ref_axis',(1.,0.,0.));
#4758=DIRECTION('center_axis',(-1.62703881728889E-16,1.07192730497631E-16,
-1.));
#4759=DIRECTION('ref_axis',(-1.,-6.93889390390723E-17,1.62703881728889E-16));
#4760=DIRECTION('',(0.707106781186545,-0.70710678118655,-2.69350347658837E-16));
#4761=DIRECTION('center_axis',(-0.707106781186546,0.707106781186549,-9.43689570931383E-16));
#4762=DIRECTION('ref_axis',(0.64085638205579,0.640856382055787,-0.422618261740699));
#4763=DIRECTION('',(-0.29883623873012,-0.29883623873012,-0.90630778703665));
#4764=DIRECTION('center_axis',(-0.640856382055791,-0.640856382055787,0.4226182617407));
#4765=DIRECTION('ref_axis',(-0.707106781186546,0.707106781186549,-1.33535014138117E-15));
#4766=DIRECTION('center_axis',(-0.707106781186547,-0.707106781186548,0.));
#4767=DIRECTION('ref_axis',(0.,0.,1.));
#4768=DIRECTION('',(-0.707106781186547,-0.707106781186548,0.));
#4769=DIRECTION('center_axis',(0.707106781186547,0.707106781186548,0.));
#4770=DIRECTION('ref_axis',(0.,0.,1.));
#4771=DIRECTION('center_axis',(-0.707106781186547,-0.707106781186548,0.));
#4772=DIRECTION('ref_axis',(0.,0.,1.));
#4773=DIRECTION('',(-0.707106781186547,-0.707106781186548,0.));
#4774=DIRECTION('center_axis',(0.707106781186547,0.707106781186548,0.));
#4775=DIRECTION('ref_axis',(0.,0.,1.));
#4776=DIRECTION('center_axis',(-0.707106781186547,-0.707106781186548,0.));
#4777=DIRECTION('ref_axis',(0.,0.,1.));
#4778=DIRECTION('',(-0.707106781186547,-0.707106781186548,0.));
#4779=DIRECTION('center_axis',(0.707106781186547,0.707106781186548,0.));
#4780=DIRECTION('ref_axis',(0.,0.,1.));
#4781=DIRECTION('center_axis',(0.707106781186547,0.707106781186548,0.));
#4782=DIRECTION('ref_axis',(0.,0.,1.));
#4783=DIRECTION('',(-0.5,-0.5,0.707106781186547));
#4784=DIRECTION('center_axis',(-0.707106781186547,-0.707106781186548,0.));
#4785=DIRECTION('ref_axis',(0.,0.,1.));
#4786=DIRECTION('center_axis',(-0.707106781186547,-0.707106781186548,0.));
#4787=DIRECTION('ref_axis',(0.,0.,1.));
#4788=DIRECTION('',(-0.707106781186547,-0.707106781186548,0.));
#4789=DIRECTION('center_axis',(0.707106781186547,0.707106781186548,0.));
#4790=DIRECTION('ref_axis',(0.,0.,1.));
#4791=DIRECTION('center_axis',(0.707106781186547,0.707106781186548,0.));
#4792=DIRECTION('ref_axis',(0.,0.,1.));
#4793=DIRECTION('',(-0.5,-0.5,0.707106781186547));
#4794=DIRECTION('center_axis',(-0.707106781186547,-0.707106781186548,0.));
#4795=DIRECTION('ref_axis',(0.,0.,1.));
#4796=DIRECTION('center_axis',(-0.707106781186547,-0.707106781186548,0.));
#4797=DIRECTION('ref_axis',(0.,0.,1.));
#4798=DIRECTION('',(-0.707106781186547,-0.707106781186548,0.));
#4799=DIRECTION('center_axis',(0.707106781186547,0.707106781186548,0.));
#4800=DIRECTION('ref_axis',(0.,0.,1.));
#4801=DIRECTION('center_axis',(-0.707106781186547,-0.707106781186548,0.));
#4802=DIRECTION('ref_axis',(0.,0.,1.));
#4803=DIRECTION('',(-0.707106781186547,-0.707106781186548,0.));
#4804=DIRECTION('center_axis',(0.707106781186547,0.707106781186548,0.));
#4805=DIRECTION('ref_axis',(0.,0.,1.));
#4806=DIRECTION('center_axis',(0.707106781186547,0.707106781186548,0.));
#4807=DIRECTION('ref_axis',(0.,0.,-1.));
#4808=DIRECTION('center_axis',(0.707106781186547,0.707106781186548,0.));
#4809=DIRECTION('ref_axis',(0.,0.,-1.));
#4810=DIRECTION('center_axis',(-2.79127548210449E-15,2.79127548210449E-15,
-1.));
#4811=DIRECTION('ref_axis',(-0.707106781186548,0.707106781186547,3.94745964311167E-15));
#4812=DIRECTION('',(-0.707106781186548,0.707106781186547,3.94745964311167E-15));
#4813=DIRECTION('',(0.707106781186548,0.707106781186548,0.));
#4814=DIRECTION('center_axis',(0.707106781186548,-0.707106781186548,2.15876699232669E-16));
#4815=DIRECTION('ref_axis',(1.52647877927589E-16,-1.52647877927589E-16,
-1.));
#4816=DIRECTION('',(1.52647877927589E-16,-1.52647877927589E-16,-1.));
#4817=DIRECTION('center_axis',(-0.707106781186547,-0.707106781186548,0.));
#4818=DIRECTION('ref_axis',(0.,0.,1.));
#4819=CARTESIAN_POINT('',(0.,0.,0.));
#4820=CARTESIAN_POINT('Origin',(-3.4480570774327,-9.94898975075252,43.6));
#4821=CARTESIAN_POINT('',(-5.80597925856977,-7.59158155409157,43.6));
#4822=CARTESIAN_POINT('',(-3.4480570774327,-9.94898975075252,43.6));
#4823=CARTESIAN_POINT('',(-11.898054652976,-1.50083412216226,43.6));
#4824=CARTESIAN_POINT('',(-5.80597925856977,-7.59158155409157,44.1));
#4825=CARTESIAN_POINT('',(-5.80597925856977,-7.59158155409157,43.6));
#4826=CARTESIAN_POINT('',(-3.4480570774327,-9.94898975075252,44.1));
#4827=CARTESIAN_POINT('',(-5.80597925856977,-7.59158155409157,44.1));
#4828=CARTESIAN_POINT('',(-3.4480570774327,-9.94898975075252,43.6));
#4829=CARTESIAN_POINT('Ctrl Pts',(-4.35094781501096,-10.3600401743311,43.6));
#4830=CARTESIAN_POINT('Ctrl Pts',(-4.35094781501096,-10.3600401743311,44.1));
#4831=CARTESIAN_POINT('Ctrl Pts',(-4.18592051404941,-10.3180377099979,43.6));
#4832=CARTESIAN_POINT('Ctrl Pts',(-4.18592051404941,-10.3180377099979,44.1));
#4833=CARTESIAN_POINT('Ctrl Pts',(-3.86021375609031,-10.235139387087,43.6));
#4834=CARTESIAN_POINT('Ctrl Pts',(-3.86021375609031,-10.235139387087,44.1));
#4835=CARTESIAN_POINT('Ctrl Pts',(-3.58421453685107,-10.0435203249596,43.6));
#4836=CARTESIAN_POINT('Ctrl Pts',(-3.58421453685107,-10.0435203249596,44.1));
#4837=CARTESIAN_POINT('Ctrl Pts',(-3.4480570774327,-9.94898975075252,43.6));
#4838=CARTESIAN_POINT('Ctrl Pts',(-3.4480570774327,-9.94898975075252,44.1));
#4839=CARTESIAN_POINT('',(-4.35094781501096,-10.3600401743311,43.6));
#4840=CARTESIAN_POINT('Ctrl Pts',(-3.4480570774327,-9.94898975075252,43.6));
#4841=CARTESIAN_POINT('Ctrl Pts',(-3.58421453685107,-10.0435203249596,43.6));
#4842=CARTESIAN_POINT('Ctrl Pts',(-3.86021375609031,-10.235139387087,43.6));
#4843=CARTESIAN_POINT('Ctrl Pts',(-4.18592051404941,-10.3180377099979,43.6));
#4844=CARTESIAN_POINT('Ctrl Pts',(-4.35094781501096,-10.3600401743311,43.6));
#4845=CARTESIAN_POINT('',(-4.35094781501096,-10.3600401743311,44.1));
#4846=CARTESIAN_POINT('Ctrl Pts',(-4.35094781501096,-10.3600401743311,44.1));
#4847=CARTESIAN_POINT('Ctrl Pts',(-4.18592051404941,-10.3180377099979,44.1));
#4848=CARTESIAN_POINT('Ctrl Pts',(-3.86021375609031,-10.235139387087,44.1));
#4849=CARTESIAN_POINT('Ctrl Pts',(-3.58421453685107,-10.0435203249596,44.1));
#4850=CARTESIAN_POINT('Ctrl Pts',(-3.4480570774327,-9.94898975075252,44.1));
#4851=CARTESIAN_POINT('',(-4.35094781501096,-10.3600401743311,43.6));
#4852=CARTESIAN_POINT('Ctrl Pts',(-5.84812839933749,-10.3158277971663,43.6));
#4853=CARTESIAN_POINT('Ctrl Pts',(-5.84812839933749,-10.3158277971663,44.1));
#4854=CARTESIAN_POINT('Ctrl Pts',(-5.55959170905622,-10.3574035231858,43.6));
#4855=CARTESIAN_POINT('Ctrl Pts',(-5.55959170905622,-10.3574035231858,44.1));
#4856=CARTESIAN_POINT('Ctrl Pts',(-5.06148819933019,-10.4291760767198,43.6));
#4857=CARTESIAN_POINT('Ctrl Pts',(-5.06148819933019,-10.4291760767198,44.1));
#4858=CARTESIAN_POINT('Ctrl Pts',(-4.56136456175138,-10.3805138194393,43.6));
#4859=CARTESIAN_POINT('Ctrl Pts',(-4.56136456175138,-10.3805138194393,44.1));
#4860=CARTESIAN_POINT('Ctrl Pts',(-4.35094781501096,-10.3600401743311,43.6));
#4861=CARTESIAN_POINT('Ctrl Pts',(-4.35094781501096,-10.3600401743311,44.1));
#4862=CARTESIAN_POINT('',(-5.84812839933749,-10.3158277971663,43.6));
#4863=CARTESIAN_POINT('Ctrl Pts',(-4.35094781501096,-10.3600401743311,43.6));
#4864=CARTESIAN_POINT('Ctrl Pts',(-4.56136456175138,-10.3805138194393,43.6));
#4865=CARTESIAN_POINT('Ctrl Pts',(-5.06148819933019,-10.4291760767198,43.6));
#4866=CARTESIAN_POINT('Ctrl Pts',(-5.55959170905622,-10.3574035231858,43.6));
#4867=CARTESIAN_POINT('Ctrl Pts',(-5.84812839933749,-10.3158277971663,43.6));
#4868=CARTESIAN_POINT('',(-5.84812839933749,-10.3158277971663,44.1));
#4869=CARTESIAN_POINT('Ctrl Pts',(-5.84812839933749,-10.3158277971663,44.1));
#4870=CARTESIAN_POINT('Ctrl Pts',(-5.55959170905622,-10.3574035231858,44.1));
#4871=CARTESIAN_POINT('Ctrl Pts',(-5.06148819933019,-10.4291760767198,44.1));
#4872=CARTESIAN_POINT('Ctrl Pts',(-4.56136456175138,-10.3805138194393,44.1));
#4873=CARTESIAN_POINT('Ctrl Pts',(-4.35094781501096,-10.3600401743311,44.1));
#4874=CARTESIAN_POINT('',(-5.84812839933749,-10.3158277971663,43.6));
#4875=CARTESIAN_POINT('Ctrl Pts',(-6.67968296430463,-10.2638266197934,43.6));
#4876=CARTESIAN_POINT('Ctrl Pts',(-6.67968296430463,-10.2638266197934,44.1));
#4877=CARTESIAN_POINT('Ctrl Pts',(-6.57199408704885,-10.259373770638,43.6));
#4878=CARTESIAN_POINT('Ctrl Pts',(-6.57199408704885,-10.259373770638,44.1));
#4879=CARTESIAN_POINT('Ctrl Pts',(-6.29342816051502,-10.2478552918286,43.6));
#4880=CARTESIAN_POINT('Ctrl Pts',(-6.29342816051502,-10.2478552918286,44.1));
#4881=CARTESIAN_POINT('Ctrl Pts',(-6.01743020919842,-10.2899848276034,43.6));
#4882=CARTESIAN_POINT('Ctrl Pts',(-6.01743020919842,-10.2899848276034,44.1));
#4883=CARTESIAN_POINT('Ctrl Pts',(-5.84812839933749,-10.3158277971663,43.6));
#4884=CARTESIAN_POINT('Ctrl Pts',(-5.84812839933749,-10.3158277971663,44.1));
#4885=CARTESIAN_POINT('',(-6.67968296430463,-10.2638266197934,43.6));
#4886=CARTESIAN_POINT('Ctrl Pts',(-5.84812839933749,-10.3158277971663,43.6));
#4887=CARTESIAN_POINT('Ctrl Pts',(-6.01743020919842,-10.2899848276034,43.6));
#4888=CARTESIAN_POINT('Ctrl Pts',(-6.29342816051502,-10.2478552918286,43.6));
#4889=CARTESIAN_POINT('Ctrl Pts',(-6.57199408704885,-10.259373770638,43.6));
#4890=CARTESIAN_POINT('Ctrl Pts',(-6.67968296430463,-10.2638266197934,43.6));
#4891=CARTESIAN_POINT('',(-6.67968296430463,-10.2638266197934,44.1));
#4892=CARTESIAN_POINT('Ctrl Pts',(-6.67968296430463,-10.2638266197934,44.1));
#4893=CARTESIAN_POINT('Ctrl Pts',(-6.57199408704885,-10.259373770638,44.1));
#4894=CARTESIAN_POINT('Ctrl Pts',(-6.29342816051502,-10.2478552918286,44.1));
#4895=CARTESIAN_POINT('Ctrl Pts',(-6.01743020919842,-10.2899848276034,44.1));
#4896=CARTESIAN_POINT('Ctrl Pts',(-5.84812839933749,-10.3158277971663,44.1));
#4897=CARTESIAN_POINT('',(-6.67968296430463,-10.2638266197934,43.6));
#4898=CARTESIAN_POINT('Ctrl Pts',(-7.02887954147113,-10.4201418266764,43.6));
#4899=CARTESIAN_POINT('Ctrl Pts',(-7.02887954147113,-10.4201418266764,44.1));
#4900=CARTESIAN_POINT('Ctrl Pts',(-6.98163025764053,-10.3833290692107,43.6));
#4901=CARTESIAN_POINT('Ctrl Pts',(-6.98163025764053,-10.3833290692107,44.1));
#4902=CARTESIAN_POINT('Ctrl Pts',(-6.8783785388978,-10.3028838185773,43.6));
#4903=CARTESIAN_POINT('Ctrl Pts',(-6.8783785388978,-10.3028838185773,44.1));
#4904=CARTESIAN_POINT('Ctrl Pts',(-6.74955515117141,-10.2775612583102,43.6));
#4905=CARTESIAN_POINT('Ctrl Pts',(-6.74955515117141,-10.2775612583102,44.1));
#4906=CARTESIAN_POINT('Ctrl Pts',(-6.67968296430463,-10.2638266197934,43.6));
#4907=CARTESIAN_POINT('Ctrl Pts',(-6.67968296430463,-10.2638266197934,44.1));
#4908=CARTESIAN_POINT('',(-7.02887954147113,-10.4201418266764,43.6));
#4909=CARTESIAN_POINT('Ctrl Pts',(-6.67968296430463,-10.2638266197934,43.6));
#4910=CARTESIAN_POINT('Ctrl Pts',(-6.74955515117141,-10.2775612583102,43.6));
#4911=CARTESIAN_POINT('Ctrl Pts',(-6.8783785388978,-10.3028838185773,43.6));
#4912=CARTESIAN_POINT('Ctrl Pts',(-6.98163025764053,-10.3833290692107,43.6));
#4913=CARTESIAN_POINT('Ctrl Pts',(-7.02887954147113,-10.4201418266764,43.6));
#4914=CARTESIAN_POINT('',(-7.02887954147113,-10.4201418266764,44.1));
#4915=CARTESIAN_POINT('Ctrl Pts',(-7.02887954147113,-10.4201418266764,44.1));
#4916=CARTESIAN_POINT('Ctrl Pts',(-6.98163025764053,-10.3833290692107,44.1));
#4917=CARTESIAN_POINT('Ctrl Pts',(-6.8783785388978,-10.3028838185773,44.1));
#4918=CARTESIAN_POINT('Ctrl Pts',(-6.74955515117141,-10.2775612583102,44.1));
#4919=CARTESIAN_POINT('Ctrl Pts',(-6.67968296430463,-10.2638266197934,44.1));
#4920=CARTESIAN_POINT('',(-7.02887954147113,-10.4201418266764,43.6));
#4921=CARTESIAN_POINT('Ctrl Pts',(-7.15425215558566,-10.7365687450398,43.6));
#4922=CARTESIAN_POINT('Ctrl Pts',(-7.15425215558566,-10.7365687450398,44.1));
#4923=CARTESIAN_POINT('Ctrl Pts',(-7.15014337407596,-10.6767440079099,43.6));
#4924=CARTESIAN_POINT('Ctrl Pts',(-7.15014337407596,-10.6767440079099,44.1));
#4925=CARTESIAN_POINT('Ctrl Pts',(-7.14198038081517,-10.5578890810009,43.6));
#4926=CARTESIAN_POINT('Ctrl Pts',(-7.14198038081517,-10.5578890810009,44.1));
#4927=CARTESIAN_POINT('Ctrl Pts',(-7.06641142797715,-10.4658524893542,43.6));
#4928=CARTESIAN_POINT('Ctrl Pts',(-7.06641142797715,-10.4658524893542,44.1));
#4929=CARTESIAN_POINT('Ctrl Pts',(-7.02887954147113,-10.4201418266764,43.6));
#4930=CARTESIAN_POINT('Ctrl Pts',(-7.02887954147113,-10.4201418266764,44.1));
#4931=CARTESIAN_POINT('',(-7.15425215558566,-10.7365687450398,43.6));
#4932=CARTESIAN_POINT('Ctrl Pts',(-7.02887954147113,-10.4201418266764,43.6));
#4933=CARTESIAN_POINT('Ctrl Pts',(-7.06641142797715,-10.4658524893542,43.6));
#4934=CARTESIAN_POINT('Ctrl Pts',(-7.14198038081517,-10.5578890810009,43.6));
#4935=CARTESIAN_POINT('Ctrl Pts',(-7.15014337407596,-10.6767440079099,43.6));
#4936=CARTESIAN_POINT('Ctrl Pts',(-7.15425215558566,-10.7365687450398,43.6));
#4937=CARTESIAN_POINT('',(-7.15425215558566,-10.7365687450398,44.1));
#4938=CARTESIAN_POINT('Ctrl Pts',(-7.15425215558566,-10.7365687450398,44.1));
#4939=CARTESIAN_POINT('Ctrl Pts',(-7.15014337407596,-10.6767440079099,44.1));
#4940=CARTESIAN_POINT('Ctrl Pts',(-7.14198038081517,-10.5578890810009,44.1));
#4941=CARTESIAN_POINT('Ctrl Pts',(-7.06641142797715,-10.4658524893542,44.1));
#4942=CARTESIAN_POINT('Ctrl Pts',(-7.02887954147113,-10.4201418266764,44.1));
#4943=CARTESIAN_POINT('',(-7.15425215558566,-10.7365687450398,43.6));
#4944=CARTESIAN_POINT('Ctrl Pts',(-7.0056559294913,-11.0684008189706,43.6));
#4945=CARTESIAN_POINT('Ctrl Pts',(-7.0056559294913,-11.0684008189706,44.1));
#4946=CARTESIAN_POINT('Ctrl Pts',(-7.04800242587852,-11.0192158593227,43.6));
#4947=CARTESIAN_POINT('Ctrl Pts',(-7.04800242587852,-11.0192158593227,44.1));
#4948=CARTESIAN_POINT('Ctrl Pts',(-7.13064076960349,-10.9232323908366,43.6));
#4949=CARTESIAN_POINT('Ctrl Pts',(-7.13064076960349,-10.9232323908366,44.1));
#4950=CARTESIAN_POINT('Ctrl Pts',(-7.14651324009873,-10.7977499980333,43.6));
#4951=CARTESIAN_POINT('Ctrl Pts',(-7.14651324009873,-10.7977499980333,44.1));
#4952=CARTESIAN_POINT('Ctrl Pts',(-7.15425215558566,-10.7365687450398,43.6));
#4953=CARTESIAN_POINT('Ctrl Pts',(-7.15425215558566,-10.7365687450398,44.1));
#4954=CARTESIAN_POINT('',(-7.0056559294913,-11.0684008189706,43.6));
#4955=CARTESIAN_POINT('Ctrl Pts',(-7.15425215558566,-10.7365687450398,43.6));
#4956=CARTESIAN_POINT('Ctrl Pts',(-7.14651324009873,-10.7977499980333,43.6));
#4957=CARTESIAN_POINT('Ctrl Pts',(-7.13064076960349,-10.9232323908366,43.6));
#4958=CARTESIAN_POINT('Ctrl Pts',(-7.04800242587852,-11.0192158593227,43.6));
#4959=CARTESIAN_POINT('Ctrl Pts',(-7.0056559294913,-11.0684008189706,43.6));
#4960=CARTESIAN_POINT('',(-7.0056559294913,-11.0684008189706,44.1));
#4961=CARTESIAN_POINT('Ctrl Pts',(-7.0056559294913,-11.0684008189706,44.1));
#4962=CARTESIAN_POINT('Ctrl Pts',(-7.04800242587852,-11.0192158593227,44.1));
#4963=CARTESIAN_POINT('Ctrl Pts',(-7.13064076960349,-10.9232323908366,44.1));
#4964=CARTESIAN_POINT('Ctrl Pts',(-7.14651324009873,-10.7977499980333,44.1));
#4965=CARTESIAN_POINT('Ctrl Pts',(-7.15425215558566,-10.7365687450398,44.1));
#4966=CARTESIAN_POINT('',(-7.0056559294913,-11.0684008189706,43.6));
#4967=CARTESIAN_POINT('Ctrl Pts',(-6.66510890235403,-11.2198183993959,43.6));
#4968=CARTESIAN_POINT('Ctrl Pts',(-6.66510890235403,-11.2198183993959,44.1));
#4969=CARTESIAN_POINT('Ctrl Pts',(-6.72755193857589,-11.2125149353122,43.6));
#4970=CARTESIAN_POINT('Ctrl Pts',(-6.72755193857589,-11.2125149353122,44.1));
#4971=CARTESIAN_POINT('Ctrl Pts',(-6.8565271308909,-11.1974297353964,43.6));
#4972=CARTESIAN_POINT('Ctrl Pts',(-6.8565271308909,-11.1974297353964,44.1));
#4973=CARTESIAN_POINT('Ctrl Pts',(-6.95490663240732,-11.1123100227835,43.6));
#4974=CARTESIAN_POINT('Ctrl Pts',(-6.95490663240732,-11.1123100227835,44.1));
#4975=CARTESIAN_POINT('Ctrl Pts',(-7.0056559294913,-11.0684008189706,43.6));
#4976=CARTESIAN_POINT('Ctrl Pts',(-7.0056559294913,-11.0684008189706,44.1));
#4977=CARTESIAN_POINT('',(-6.66510890235403,-11.2198183993959,43.6));
#4978=CARTESIAN_POINT('Ctrl Pts',(-7.0056559294913,-11.0684008189706,43.6));
#4979=CARTESIAN_POINT('Ctrl Pts',(-6.95490663240732,-11.1123100227835,43.6));
#4980=CARTESIAN_POINT('Ctrl Pts',(-6.8565271308909,-11.1974297353964,43.6));
#4981=CARTESIAN_POINT('Ctrl Pts',(-6.72755193857589,-11.2125149353122,43.6));
#4982=CARTESIAN_POINT('Ctrl Pts',(-6.66510890235403,-11.2198183993959,43.6));
#4983=CARTESIAN_POINT('',(-6.66510890235403,-11.2198183993959,44.1));
#4984=CARTESIAN_POINT('Ctrl Pts',(-6.66510890235403,-11.2198183993959,44.1));
#4985=CARTESIAN_POINT('Ctrl Pts',(-6.72755193857589,-11.2125149353122,44.1));
#4986=CARTESIAN_POINT('Ctrl Pts',(-6.8565271308909,-11.1974297353964,44.1));
#4987=CARTESIAN_POINT('Ctrl Pts',(-6.95490663240732,-11.1123100227835,44.1));
#4988=CARTESIAN_POINT('Ctrl Pts',(-7.0056559294913,-11.0684008189706,44.1));
#4989=CARTESIAN_POINT('',(-6.66510890235403,-11.2198183993959,43.6));
#4990=CARTESIAN_POINT('Ctrl Pts',(-6.20305180010987,-11.0142920308974,43.6));
#4991=CARTESIAN_POINT('Ctrl Pts',(-6.20305180010987,-11.0142920308974,44.1));
#4992=CARTESIAN_POINT('Ctrl Pts',(-6.28348463597755,-11.0740237076961,43.6));
#4993=CARTESIAN_POINT('Ctrl Pts',(-6.28348463597755,-11.0740237076961,44.1));
#4994=CARTESIAN_POINT('Ctrl Pts',(-6.42292563858582,-11.1775765019056,43.6));
#4995=CARTESIAN_POINT('Ctrl Pts',(-6.42292563858582,-11.1775765019056,44.1));
#4996=CARTESIAN_POINT('Ctrl Pts',(-6.59309655552938,-11.207257918852,43.6));
#4997=CARTESIAN_POINT('Ctrl Pts',(-6.59309655552938,-11.207257918852,44.1));
#4998=CARTESIAN_POINT('Ctrl Pts',(-6.66510890235403,-11.2198183993959,43.6));
#4999=CARTESIAN_POINT('Ctrl Pts',(-6.66510890235403,-11.2198183993959,44.1));
#5000=CARTESIAN_POINT('',(-6.20305180010987,-11.0142920308974,43.6));
#5001=CARTESIAN_POINT('Ctrl Pts',(-6.66510890235403,-11.2198183993959,43.6));
#5002=CARTESIAN_POINT('Ctrl Pts',(-6.59309655552938,-11.207257918852,43.6));
#5003=CARTESIAN_POINT('Ctrl Pts',(-6.42292563858582,-11.1775765019056,43.6));
#5004=CARTESIAN_POINT('Ctrl Pts',(-6.28348463597755,-11.0740237076961,43.6));
#5005=CARTESIAN_POINT('Ctrl Pts',(-6.20305180010987,-11.0142920308974,43.6));
#5006=CARTESIAN_POINT('',(-6.20305180010987,-11.0142920308974,44.1));
#5007=CARTESIAN_POINT('Ctrl Pts',(-6.20305180010987,-11.0142920308974,44.1));
#5008=CARTESIAN_POINT('Ctrl Pts',(-6.28348463597755,-11.0740237076961,44.1));
#5009=CARTESIAN_POINT('Ctrl Pts',(-6.42292563858582,-11.1775765019056,44.1));
#5010=CARTESIAN_POINT('Ctrl Pts',(-6.59309655552938,-11.207257918852,44.1));
#5011=CARTESIAN_POINT('Ctrl Pts',(-6.66510890235403,-11.2198183993959,44.1));
#5012=CARTESIAN_POINT('',(-6.20305180010987,-11.0142920308974,43.6));
#5013=CARTESIAN_POINT('Origin',(-5.47945361451294,-11.8650560377451,43.6));
#5014=CARTESIAN_POINT('',(-5.47945361451294,-11.8650560377451,43.6));
#5015=CARTESIAN_POINT('',(-13.0639078363817,-2.94770274418021,43.6));
#5016=CARTESIAN_POINT('',(-5.47945361451294,-11.8650560377451,44.1));
#5017=CARTESIAN_POINT('',(-6.20305180010987,-11.0142920308974,44.1));
#5018=CARTESIAN_POINT('',(-5.47945361451294,-11.8650560377451,43.6));
#5019=CARTESIAN_POINT('Ctrl Pts',(-6.16722882661716,-12.2133788281383,43.6));
#5020=CARTESIAN_POINT('Ctrl Pts',(-6.16722882661716,-12.2133788281383,44.1));
#5021=CARTESIAN_POINT('Ctrl Pts',(-6.05579669090223,-12.178992462693,43.6));
#5022=CARTESIAN_POINT('Ctrl Pts',(-6.05579669090223,-12.178992462693,44.1));
#5023=CARTESIAN_POINT('Ctrl Pts',(-5.80715548531002,-12.1022653381039,43.6));
#5024=CARTESIAN_POINT('Ctrl Pts',(-5.80715548531002,-12.1022653381039,44.1));
#5025=CARTESIAN_POINT('Ctrl Pts',(-5.5959850044009,-11.9494081026202,43.6));
#5026=CARTESIAN_POINT('Ctrl Pts',(-5.5959850044009,-11.9494081026202,44.1));
#5027=CARTESIAN_POINT('Ctrl Pts',(-5.47945361451294,-11.8650560377451,43.6));
#5028=CARTESIAN_POINT('Ctrl Pts',(-5.47945361451294,-11.8650560377451,44.1));
#5029=CARTESIAN_POINT('',(-6.16722882661716,-12.2133788281383,43.6));
#5030=CARTESIAN_POINT('Ctrl Pts',(-5.47945361451294,-11.8650560377451,43.6));
#5031=CARTESIAN_POINT('Ctrl Pts',(-5.5959850044009,-11.9494081026202,43.6));
#5032=CARTESIAN_POINT('Ctrl Pts',(-5.80715548531002,-12.1022653381039,43.6));
#5033=CARTESIAN_POINT('Ctrl Pts',(-6.05579669090223,-12.178992462693,43.6));
#5034=CARTESIAN_POINT('Ctrl Pts',(-6.16722882661716,-12.2133788281383,43.6));
#5035=CARTESIAN_POINT('',(-6.16722882661716,-12.2133788281383,44.1));
#5036=CARTESIAN_POINT('Ctrl Pts',(-6.16722882661716,-12.2133788281383,44.1));
#5037=CARTESIAN_POINT('Ctrl Pts',(-6.05579669090223,-12.178992462693,44.1));
#5038=CARTESIAN_POINT('Ctrl Pts',(-5.80715548531002,-12.1022653381039,44.1));
#5039=CARTESIAN_POINT('Ctrl Pts',(-5.5959850044009,-11.9494081026202,44.1));
#5040=CARTESIAN_POINT('Ctrl Pts',(-5.47945361451294,-11.8650560377451,44.1));
#5041=CARTESIAN_POINT('',(-6.16722882661716,-12.2133788281383,43.6));
#5042=CARTESIAN_POINT('Ctrl Pts',(-6.80102690014788,-12.1507439396935,43.6));
#5043=CARTESIAN_POINT('Ctrl Pts',(-6.80102690014788,-12.1507439396935,44.1));
#5044=CARTESIAN_POINT('Ctrl Pts',(-6.69495720873142,-12.1849648725562,43.6));
#5045=CARTESIAN_POINT('Ctrl Pts',(-6.69495720873142,-12.1849648725562,44.1));
#5046=CARTESIAN_POINT('Ctrl Pts',(-6.48805368840853,-12.2517175083325,43.6));
#5047=CARTESIAN_POINT('Ctrl Pts',(-6.48805368840853,-12.2517175083325,44.1));
#5048=CARTESIAN_POINT('Ctrl Pts',(-6.27235093579181,-12.2259409559686,43.6));
#5049=CARTESIAN_POINT('Ctrl Pts',(-6.27235093579181,-12.2259409559686,44.1));
#5050=CARTESIAN_POINT('Ctrl Pts',(-6.16722882661716,-12.2133788281383,43.6));
#5051=CARTESIAN_POINT('Ctrl Pts',(-6.16722882661716,-12.2133788281383,44.1));
#5052=CARTESIAN_POINT('',(-6.80102690014788,-12.1507439396935,43.6));
#5053=CARTESIAN_POINT('Ctrl Pts',(-6.16722882661716,-12.2133788281383,43.6));
#5054=CARTESIAN_POINT('Ctrl Pts',(-6.27235093579181,-12.2259409559686,43.6));
#5055=CARTESIAN_POINT('Ctrl Pts',(-6.48805368840853,-12.2517175083325,43.6));
#5056=CARTESIAN_POINT('Ctrl Pts',(-6.69495720873142,-12.1849648725562,43.6));
#5057=CARTESIAN_POINT('Ctrl Pts',(-6.80102690014788,-12.1507439396935,43.6));
#5058=CARTESIAN_POINT('',(-6.80102690014788,-12.1507439396935,44.1));
#5059=CARTESIAN_POINT('Ctrl Pts',(-6.80102690014788,-12.1507439396935,44.1));
#5060=CARTESIAN_POINT('Ctrl Pts',(-6.69495720873142,-12.1849648725562,44.1));
#5061=CARTESIAN_POINT('Ctrl Pts',(-6.48805368840853,-12.2517175083325,44.1));
#5062=CARTESIAN_POINT('Ctrl Pts',(-6.27235093579181,-12.2259409559686,44.1));
#5063=CARTESIAN_POINT('Ctrl Pts',(-6.16722882661716,-12.2133788281383,44.1));
#5064=CARTESIAN_POINT('',(-6.80102690014788,-12.1507439396935,43.6));
#5065=CARTESIAN_POINT('Ctrl Pts',(-7.52266111571232,-11.6279686031702,43.6));
#5066=CARTESIAN_POINT('Ctrl Pts',(-7.52266111571232,-11.6279686031702,44.1));
#5067=CARTESIAN_POINT('Ctrl Pts',(-7.40171633533173,-11.7454735004539,43.6));
#5068=CARTESIAN_POINT('Ctrl Pts',(-7.40171633533173,-11.7454735004539,44.1));
#5069=CARTESIAN_POINT('Ctrl Pts',(-7.18606205019624,-11.9549941969559,43.6));
#5070=CARTESIAN_POINT('Ctrl Pts',(-7.18606205019624,-11.9549941969559,44.1));
#5071=CARTESIAN_POINT('Ctrl Pts',(-6.91852285026238,-12.0910096478899,43.6));
#5072=CARTESIAN_POINT('Ctrl Pts',(-6.91852285026238,-12.0910096478899,44.1));
#5073=CARTESIAN_POINT('Ctrl Pts',(-6.80102690014788,-12.1507439396935,43.6));
#5074=CARTESIAN_POINT('Ctrl Pts',(-6.80102690014788,-12.1507439396935,44.1));
#5075=CARTESIAN_POINT('',(-7.52266111571232,-11.6279686031702,43.6));
#5076=CARTESIAN_POINT('Ctrl Pts',(-6.80102690014788,-12.1507439396935,43.6));
#5077=CARTESIAN_POINT('Ctrl Pts',(-6.91852285026238,-12.0910096478899,43.6));
#5078=CARTESIAN_POINT('Ctrl Pts',(-7.18606205019624,-11.9549941969559,43.6));
#5079=CARTESIAN_POINT('Ctrl Pts',(-7.40171633533173,-11.7454735004539,43.6));
#5080=CARTESIAN_POINT('Ctrl Pts',(-7.52266111571232,-11.6279686031702,43.6));
#5081=CARTESIAN_POINT('',(-7.52266111571232,-11.6279686031702,44.1));
#5082=CARTESIAN_POINT('Ctrl Pts',(-7.52266111571232,-11.6279686031702,44.1));
#5083=CARTESIAN_POINT('Ctrl Pts',(-7.40171633533173,-11.7454735004539,44.1));
#5084=CARTESIAN_POINT('Ctrl Pts',(-7.18606205019624,-11.9549941969559,44.1));
#5085=CARTESIAN_POINT('Ctrl Pts',(-6.91852285026238,-12.0910096478899,44.1));
#5086=CARTESIAN_POINT('Ctrl Pts',(-6.80102690014788,-12.1507439396935,44.1));
#5087=CARTESIAN_POINT('',(-7.52266111571232,-11.6279686031702,43.6));
#5088=CARTESIAN_POINT('Ctrl Pts',(-8.073570517769,-10.8881236543901,43.6));
#5089=CARTESIAN_POINT('Ctrl Pts',(-8.073570517769,-10.8881236543901,44.1));
#5090=CARTESIAN_POINT('Ctrl Pts',(-8.00941712057878,-11.00717503169,43.6));
#5091=CARTESIAN_POINT('Ctrl Pts',(-8.00941712057878,-11.00717503169,44.1));
#5092=CARTESIAN_POINT('Ctrl Pts',(-7.86225239924216,-11.2802730051788,43.6));
#5093=CARTESIAN_POINT('Ctrl Pts',(-7.86225239924216,-11.2802730051788,44.1));
#5094=CARTESIAN_POINT('Ctrl Pts',(-7.64513225320723,-11.5025747033464,43.6));
#5095=CARTESIAN_POINT('Ctrl Pts',(-7.64513225320723,-11.5025747033464,44.1));
#5096=CARTESIAN_POINT('Ctrl Pts',(-7.52266111571232,-11.6279686031702,43.6));
#5097=CARTESIAN_POINT('Ctrl Pts',(-7.52266111571232,-11.6279686031702,44.1));
#5098=CARTESIAN_POINT('',(-8.073570517769,-10.8881236543901,43.6));
#5099=CARTESIAN_POINT('Ctrl Pts',(-7.52266111571232,-11.6279686031702,43.6));
#5100=CARTESIAN_POINT('Ctrl Pts',(-7.64513225320723,-11.5025747033464,43.6));
#5101=CARTESIAN_POINT('Ctrl Pts',(-7.86225239924216,-11.2802730051788,43.6));
#5102=CARTESIAN_POINT('Ctrl Pts',(-8.00941712057878,-11.00717503169,43.6));
#5103=CARTESIAN_POINT('Ctrl Pts',(-8.073570517769,-10.8881236543901,43.6));
#5104=CARTESIAN_POINT('',(-8.073570517769,-10.8881236543901,44.1));
#5105=CARTESIAN_POINT('Ctrl Pts',(-8.073570517769,-10.8881236543901,44.1));
#5106=CARTESIAN_POINT('Ctrl Pts',(-8.00941712057878,-11.00717503169,44.1));
#5107=CARTESIAN_POINT('Ctrl Pts',(-7.86225239924216,-11.2802730051788,44.1));
#5108=CARTESIAN_POINT('Ctrl Pts',(-7.64513225320723,-11.5025747033464,44.1));
#5109=CARTESIAN_POINT('Ctrl Pts',(-7.52266111571232,-11.6279686031702,44.1));
#5110=CARTESIAN_POINT('',(-8.073570517769,-10.8881236543901,43.6));
#5111=CARTESIAN_POINT('Ctrl Pts',(-8.14599288227834,-10.2350461073255,43.6));
#5112=CARTESIAN_POINT('Ctrl Pts',(-8.14599288227834,-10.2350461073255,44.1));
#5113=CARTESIAN_POINT('Ctrl Pts',(-8.15856693679615,-10.3450052150925,43.6));
#5114=CARTESIAN_POINT('Ctrl Pts',(-8.15856693679615,-10.3450052150925,44.1));
#5115=CARTESIAN_POINT('Ctrl Pts',(-8.18407780020989,-10.5680956888429,43.6));
#5116=CARTESIAN_POINT('Ctrl Pts',(-8.18407780020989,-10.5680956888429,44.1));
#5117=CARTESIAN_POINT('Ctrl Pts',(-8.11075382455105,-10.7804411762861,43.6));
#5118=CARTESIAN_POINT('Ctrl Pts',(-8.11075382455105,-10.7804411762861,44.1));
#5119=CARTESIAN_POINT('Ctrl Pts',(-8.073570517769,-10.8881236543901,43.6));
#5120=CARTESIAN_POINT('Ctrl Pts',(-8.073570517769,-10.8881236543901,44.1));
#5121=CARTESIAN_POINT('',(-8.14599288227834,-10.2350461073255,43.6));
#5122=CARTESIAN_POINT('Ctrl Pts',(-8.073570517769,-10.8881236543901,43.6));
#5123=CARTESIAN_POINT('Ctrl Pts',(-8.11075382455105,-10.7804411762861,43.6));
#5124=CARTESIAN_POINT('Ctrl Pts',(-8.18407780020989,-10.5680956888429,43.6));
#5125=CARTESIAN_POINT('Ctrl Pts',(-8.15856693679615,-10.3450052150925,43.6));
#5126=CARTESIAN_POINT('Ctrl Pts',(-8.14599288227834,-10.2350461073255,43.6));
#5127=CARTESIAN_POINT('',(-8.14599288227834,-10.2350461073255,44.1));
#5128=CARTESIAN_POINT('Ctrl Pts',(-8.14599288227834,-10.2350461073255,44.1));
#5129=CARTESIAN_POINT('Ctrl Pts',(-8.15856693679615,-10.3450052150925,44.1));
#5130=CARTESIAN_POINT('Ctrl Pts',(-8.18407780020989,-10.5680956888429,44.1));
#5131=CARTESIAN_POINT('Ctrl Pts',(-8.11075382455105,-10.7804411762861,44.1));
#5132=CARTESIAN_POINT('Ctrl Pts',(-8.073570517769,-10.8881236543901,44.1));
#5133=CARTESIAN_POINT('',(-8.14599288227834,-10.2350461073255,43.6));
#5134=CARTESIAN_POINT('Ctrl Pts',(-7.8392886652231,-9.66392477158283,43.6));
#5135=CARTESIAN_POINT('Ctrl Pts',(-7.8392886652231,-9.66392477158283,44.1));
#5136=CARTESIAN_POINT('Ctrl Pts',(-7.91275264861808,-9.74807975285742,43.6));
#5137=CARTESIAN_POINT('Ctrl Pts',(-7.91275264861808,-9.74807975285742,44.1));
#5138=CARTESIAN_POINT('Ctrl Pts',(-8.0585680619577,-9.91511525531807,43.6));
#5139=CARTESIAN_POINT('Ctrl Pts',(-8.0585680619577,-9.91511525531807,44.1));
#5140=CARTESIAN_POINT('Ctrl Pts',(-8.11699988468242,-10.1289463248027,43.6));
#5141=CARTESIAN_POINT('Ctrl Pts',(-8.11699988468242,-10.1289463248027,44.1));
#5142=CARTESIAN_POINT('Ctrl Pts',(-8.14599288227834,-10.2350461073255,43.6));
#5143=CARTESIAN_POINT('Ctrl Pts',(-8.14599288227834,-10.2350461073255,44.1));
#5144=CARTESIAN_POINT('',(-7.8392886652231,-9.66392477158283,43.6));
#5145=CARTESIAN_POINT('Ctrl Pts',(-8.14599288227834,-10.2350461073255,43.6));
#5146=CARTESIAN_POINT('Ctrl Pts',(-8.11699988468242,-10.1289463248027,43.6));
#5147=CARTESIAN_POINT('Ctrl Pts',(-8.0585680619577,-9.91511525531807,43.6));
#5148=CARTESIAN_POINT('Ctrl Pts',(-7.91275264861808,-9.74807975285742,43.6));
#5149=CARTESIAN_POINT('Ctrl Pts',(-7.8392886652231,-9.66392477158283,43.6));
#5150=CARTESIAN_POINT('',(-7.8392886652231,-9.66392477158283,44.1));
#5151=CARTESIAN_POINT('Ctrl Pts',(-7.8392886652231,-9.66392477158283,44.1));
#5152=CARTESIAN_POINT('Ctrl Pts',(-7.91275264861808,-9.74807975285742,44.1));
#5153=CARTESIAN_POINT('Ctrl Pts',(-8.0585680619577,-9.91511525531807,44.1));
#5154=CARTESIAN_POINT('Ctrl Pts',(-8.11699988468242,-10.1289463248027,44.1));
#5155=CARTESIAN_POINT('Ctrl Pts',(-8.14599288227834,-10.2350461073255,44.1));
#5156=CARTESIAN_POINT('',(-7.8392886652231,-9.66392477158283,43.6));
#5157=CARTESIAN_POINT('Ctrl Pts',(-7.19395785930454,-9.32139568816276,43.6));
#5158=CARTESIAN_POINT('Ctrl Pts',(-7.19395785930454,-9.32139568816276,44.1));
#5159=CARTESIAN_POINT('Ctrl Pts',(-7.31660006385527,-9.3557181160491,43.6));
#5160=CARTESIAN_POINT('Ctrl Pts',(-7.31660006385527,-9.3557181160491,44.1));
#5161=CARTESIAN_POINT('Ctrl Pts',(-7.55681695597347,-9.42294478558762,43.6));
#5162=CARTESIAN_POINT('Ctrl Pts',(-7.55681695597347,-9.42294478558762,44.1));
#5163=CARTESIAN_POINT('Ctrl Pts',(-7.74646500796753,-9.58473580188072,43.6));
#5164=CARTESIAN_POINT('Ctrl Pts',(-7.74646500796753,-9.58473580188072,44.1));
#5165=CARTESIAN_POINT('Ctrl Pts',(-7.8392886652231,-9.66392477158283,43.6));
#5166=CARTESIAN_POINT('Ctrl Pts',(-7.8392886652231,-9.66392477158283,44.1));
#5167=CARTESIAN_POINT('',(-7.19395785930454,-9.32139568816276,43.6));
#5168=CARTESIAN_POINT('Ctrl Pts',(-7.8392886652231,-9.66392477158283,43.6));
#5169=CARTESIAN_POINT('Ctrl Pts',(-7.74646500796753,-9.58473580188072,43.6));
#5170=CARTESIAN_POINT('Ctrl Pts',(-7.55681695597347,-9.42294478558762,43.6));
#5171=CARTESIAN_POINT('Ctrl Pts',(-7.31660006385527,-9.3557181160491,43.6));
#5172=CARTESIAN_POINT('Ctrl Pts',(-7.19395785930454,-9.32139568816276,43.6));
#5173=CARTESIAN_POINT('',(-7.19395785930454,-9.32139568816276,44.1));
#5174=CARTESIAN_POINT('Ctrl Pts',(-7.19395785930454,-9.32139568816276,44.1));
#5175=CARTESIAN_POINT('Ctrl Pts',(-7.31660006385527,-9.3557181160491,44.1));
#5176=CARTESIAN_POINT('Ctrl Pts',(-7.55681695597347,-9.42294478558762,44.1));
#5177=CARTESIAN_POINT('Ctrl Pts',(-7.74646500796753,-9.58473580188072,44.1));
#5178=CARTESIAN_POINT('Ctrl Pts',(-7.8392886652231,-9.66392477158283,44.1));
#5179=CARTESIAN_POINT('',(-7.19395785930454,-9.32139568816276,43.6));
#5180=CARTESIAN_POINT('Ctrl Pts',(-6.12605925417779,-9.35504228177103,43.6));
#5181=CARTESIAN_POINT('Ctrl Pts',(-6.12605925417779,-9.35504228177103,44.1));
#5182=CARTESIAN_POINT('Ctrl Pts',(-6.3283643528383,-9.32203237199944,43.6));
#5183=CARTESIAN_POINT('Ctrl Pts',(-6.3283643528383,-9.32203237199944,44.1));
#5184=CARTESIAN_POINT('Ctrl Pts',(-6.68345657611319,-9.26409234810233,43.6));
#5185=CARTESIAN_POINT('Ctrl Pts',(-6.68345657611319,-9.26409234810233,44.1));
#5186=CARTESIAN_POINT('Ctrl Pts',(-7.04038196870196,-9.30415692349351,43.6));
#5187=CARTESIAN_POINT('Ctrl Pts',(-7.04038196870196,-9.30415692349351,44.1));
#5188=CARTESIAN_POINT('Ctrl Pts',(-7.19395785930454,-9.32139568816276,43.6));
#5189=CARTESIAN_POINT('Ctrl Pts',(-7.19395785930454,-9.32139568816276,44.1));
#5190=CARTESIAN_POINT('',(-6.12605925417779,-9.35504228177103,43.6));
#5191=CARTESIAN_POINT('Ctrl Pts',(-7.19395785930454,-9.32139568816276,43.6));
#5192=CARTESIAN_POINT('Ctrl Pts',(-7.04038196870196,-9.30415692349351,43.6));
#5193=CARTESIAN_POINT('Ctrl Pts',(-6.68345657611319,-9.26409234810233,43.6));
#5194=CARTESIAN_POINT('Ctrl Pts',(-6.3283643528383,-9.32203237199944,43.6));
#5195=CARTESIAN_POINT('Ctrl Pts',(-6.12605925417779,-9.35504228177103,43.6));
#5196=CARTESIAN_POINT('',(-6.12605925417779,-9.35504228177103,44.1));
#5197=CARTESIAN_POINT('Ctrl Pts',(-6.12605925417779,-9.35504228177103,44.1));
#5198=CARTESIAN_POINT('Ctrl Pts',(-6.3283643528383,-9.32203237199944,44.1));
#5199=CARTESIAN_POINT('Ctrl Pts',(-6.68345657611319,-9.26409234810233,44.1));
#5200=CARTESIAN_POINT('Ctrl Pts',(-7.04038196870196,-9.30415692349351,44.1));
#5201=CARTESIAN_POINT('Ctrl Pts',(-7.19395785930454,-9.32139568816276,44.1));
#5202=CARTESIAN_POINT('',(-6.12605925417779,-9.35504228177103,43.6));
#5203=CARTESIAN_POINT('Ctrl Pts',(-5.57907842528796,-9.44276822324117,43.6));
#5204=CARTESIAN_POINT('Ctrl Pts',(-5.57907842528796,-9.44276822324117,44.1));
#5205=CARTESIAN_POINT('Ctrl Pts',(-5.64900824698559,-9.43349591868051,43.6));
#5206=CARTESIAN_POINT('Ctrl Pts',(-5.64900824698559,-9.43349591868051,44.1));
#5207=CARTESIAN_POINT('Ctrl Pts',(-5.83211105340752,-9.40921750718397,43.6));
#5208=CARTESIAN_POINT('Ctrl Pts',(-5.83211105340752,-9.40921750718397,44.1));
#5209=CARTESIAN_POINT('Ctrl Pts',(-6.01377537466538,-9.37573641926493,43.6));
#5210=CARTESIAN_POINT('Ctrl Pts',(-6.01377537466538,-9.37573641926493,44.1));
#5211=CARTESIAN_POINT('Ctrl Pts',(-6.12605925417779,-9.35504228177103,43.6));
#5212=CARTESIAN_POINT('Ctrl Pts',(-6.12605925417779,-9.35504228177103,44.1));
#5213=CARTESIAN_POINT('',(-5.57907842528796,-9.44276822324117,43.6));
#5214=CARTESIAN_POINT('Ctrl Pts',(-6.12605925417779,-9.35504228177103,43.6));
#5215=CARTESIAN_POINT('Ctrl Pts',(-6.01377537466538,-9.37573641926493,43.6));
#5216=CARTESIAN_POINT('Ctrl Pts',(-5.83211105340752,-9.40921750718397,43.6));
#5217=CARTESIAN_POINT('Ctrl Pts',(-5.64900824698559,-9.43349591868051,43.6));
#5218=CARTESIAN_POINT('Ctrl Pts',(-5.57907842528796,-9.44276822324117,43.6));
#5219=CARTESIAN_POINT('',(-5.57907842528796,-9.44276822324117,44.1));
#5220=CARTESIAN_POINT('Ctrl Pts',(-5.57907842528796,-9.44276822324117,44.1));
#5221=CARTESIAN_POINT('Ctrl Pts',(-5.64900824698559,-9.43349591868051,44.1));
#5222=CARTESIAN_POINT('Ctrl Pts',(-5.83211105340752,-9.40921750718397,44.1));
#5223=CARTESIAN_POINT('Ctrl Pts',(-6.01377537466538,-9.37573641926493,44.1));
#5224=CARTESIAN_POINT('Ctrl Pts',(-6.12605925417779,-9.35504228177103,44.1));
#5225=CARTESIAN_POINT('',(-5.57907842528796,-9.44276822324117,43.6));
#5226=CARTESIAN_POINT('Ctrl Pts',(-5.21925339973346,-9.45912876160738,43.6));
#5227=CARTESIAN_POINT('Ctrl Pts',(-5.21925339973346,-9.45912876160738,44.1));
#5228=CARTESIAN_POINT('Ctrl Pts',(-5.28496910711301,-9.45823417379136,43.6));
#5229=CARTESIAN_POINT('Ctrl Pts',(-5.28496910711301,-9.45823417379136,44.1));
#5230=CARTESIAN_POINT('Ctrl Pts',(-5.40509228529824,-9.45659893716512,43.6));
#5231=CARTESIAN_POINT('Ctrl Pts',(-5.40509228529824,-9.45659893716512,44.1));
#5232=CARTESIAN_POINT('Ctrl Pts',(-5.52484069749164,-9.44707975344168,43.6));
#5233=CARTESIAN_POINT('Ctrl Pts',(-5.52484069749164,-9.44707975344168,44.1));
#5234=CARTESIAN_POINT('Ctrl Pts',(-5.57907842528796,-9.44276822324117,43.6));
#5235=CARTESIAN_POINT('Ctrl Pts',(-5.57907842528796,-9.44276822324117,44.1));
#5236=CARTESIAN_POINT('',(-5.21925339973346,-9.45912876160738,43.6));
#5237=CARTESIAN_POINT('Ctrl Pts',(-5.57907842528796,-9.44276822324117,43.6));
#5238=CARTESIAN_POINT('Ctrl Pts',(-5.52484069749164,-9.44707975344168,43.6));
#5239=CARTESIAN_POINT('Ctrl Pts',(-5.40509228529824,-9.45659893716512,43.6));
#5240=CARTESIAN_POINT('Ctrl Pts',(-5.28496910711301,-9.45823417379136,43.6));
#5241=CARTESIAN_POINT('Ctrl Pts',(-5.21925339973346,-9.45912876160738,43.6));
#5242=CARTESIAN_POINT('',(-5.21925339973346,-9.45912876160738,44.1));
#5243=CARTESIAN_POINT('Ctrl Pts',(-5.21925339973346,-9.45912876160738,44.1));
#5244=CARTESIAN_POINT('Ctrl Pts',(-5.28496910711301,-9.45823417379136,44.1));
#5245=CARTESIAN_POINT('Ctrl Pts',(-5.40509228529824,-9.45659893716512,44.1));
#5246=CARTESIAN_POINT('Ctrl Pts',(-5.52484069749164,-9.44707975344168,44.1));
#5247=CARTESIAN_POINT('Ctrl Pts',(-5.57907842528796,-9.44276822324117,44.1));
#5248=CARTESIAN_POINT('',(-5.21925339973346,-9.45912876160738,43.6));
#5249=CARTESIAN_POINT('Origin',(-6.44645386551332,-8.23219580337869,43.6));
#5250=CARTESIAN_POINT('',(-6.44645386551332,-8.23219580337869,43.6));
#5251=CARTESIAN_POINT('',(-13.7174903504881,-0.962744273118903,43.6));
#5252=CARTESIAN_POINT('',(-6.44645386551332,-8.23219580337869,44.1));
#5253=CARTESIAN_POINT('',(-5.21925339973346,-9.45912876160738,44.1));
#5254=CARTESIAN_POINT('',(-6.44645386551332,-8.23219580337869,43.6));
#5255=CARTESIAN_POINT('Origin',(-5.80597925856977,-7.59158155409157,43.6));
#5256=CARTESIAN_POINT('',(-8.21845384943069,-10.0045821355257,43.6));
#5257=CARTESIAN_POINT('',(-6.44645386551332,-8.23219580337869,44.1));
#5258=CARTESIAN_POINT('Origin',(-7.97595648769862,-8.85401665615817,44.1));
#5259=CARTESIAN_POINT('Origin',(-11.1541043815437,-7.90086004718141,43.6));
#5260=CARTESIAN_POINT('',(-9.28821935950924,-9.76633833995943,43.6));
#5261=CARTESIAN_POINT('',(-11.1541043815437,-7.90086004718141,43.6));
#5262=CARTESIAN_POINT('',(-17.1651377267584,-1.89113699873971,43.6));
#5263=CARTESIAN_POINT('',(-9.28821935950924,-9.76633833995943,44.1));
#5264=CARTESIAN_POINT('',(-9.28821935950924,-9.76633833995943,43.6));
#5265=CARTESIAN_POINT('',(-11.1541043815437,-7.90086004718141,44.1));
#5266=CARTESIAN_POINT('',(-9.28821935950924,-9.76633833995943,44.1));
#5267=CARTESIAN_POINT('',(-11.1541043815437,-7.90086004718141,43.6));
#5268=CARTESIAN_POINT('Origin',(-10.527134049226,-7.27375301685011,43.6));
#5269=CARTESIAN_POINT('',(-10.527134049226,-7.27375301685011,43.6));
#5270=CARTESIAN_POINT('',(-11.8390343845189,-8.58593938508693,43.6));
#5271=CARTESIAN_POINT('',(-10.527134049226,-7.27375301685011,44.1));
#5272=CARTESIAN_POINT('',(-11.1541043815437,-7.90086004718141,44.1));
#5273=CARTESIAN_POINT('',(-10.527134049226,-7.27375301685011,43.6));
#5274=CARTESIAN_POINT('Origin',(-9.26327194491538,-8.53733962203412,43.6));
#5275=CARTESIAN_POINT('',(-9.26327194491538,-8.53733962203412,43.6));
#5276=CARTESIAN_POINT('',(-15.9062363422854,-1.89582327100041,43.6));
#5277=CARTESIAN_POINT('',(-9.26327194491538,-8.53733962203412,44.1));
#5278=CARTESIAN_POINT('',(-10.527134049226,-7.2737530168501,44.1));
#5279=CARTESIAN_POINT('',(-9.26327194491538,-8.53733962203412,43.6));
#5280=CARTESIAN_POINT('Origin',(-8.77132605534486,-8.18035655895424,43.6));
#5281=CARTESIAN_POINT('',(-8.77132605534486,-8.18035655895424,43.6));
#5282=CARTESIAN_POINT('',(-11.6949322771632,-10.3018864394362,43.6));
#5283=CARTESIAN_POINT('',(-8.77132605534486,-8.18035655895424,44.1));
#5284=CARTESIAN_POINT('',(-9.26327194491539,-8.53733962203412,44.1));
#5285=CARTESIAN_POINT('',(-8.77132605534486,-8.18035655895424,43.6));
#5286=CARTESIAN_POINT('Ctrl Pts',(-9.12345123970902,-8.01350564309632,43.6));
#5287=CARTESIAN_POINT('Ctrl Pts',(-9.12345123970902,-8.01350564309632,44.1));
#5288=CARTESIAN_POINT('Ctrl Pts',(-9.0682551364736,-8.0450716718858,43.6));
#5289=CARTESIAN_POINT('Ctrl Pts',(-9.0682551364736,-8.0450716718858,44.1));
#5290=CARTESIAN_POINT('Ctrl Pts',(-8.95518115450395,-8.10973740662023,43.6));
#5291=CARTESIAN_POINT('Ctrl Pts',(-8.95518115450395,-8.10973740662023,44.1));
#5292=CARTESIAN_POINT('Ctrl Pts',(-8.83357248594811,-8.15644756657315,43.6));
#5293=CARTESIAN_POINT('Ctrl Pts',(-8.83357248594811,-8.15644756657315,44.1));
#5294=CARTESIAN_POINT('Ctrl Pts',(-8.77132605534486,-8.18035655895424,43.6));
#5295=CARTESIAN_POINT('Ctrl Pts',(-8.77132605534486,-8.18035655895424,44.1));
#5296=CARTESIAN_POINT('',(-9.12345123970902,-8.01350564309632,43.6));
#5297=CARTESIAN_POINT('Ctrl Pts',(-8.77132605534486,-8.18035655895424,43.6));
#5298=CARTESIAN_POINT('Ctrl Pts',(-8.83357248594811,-8.15644756657315,43.6));
#5299=CARTESIAN_POINT('Ctrl Pts',(-8.95518115450395,-8.10973740662023,43.6));
#5300=CARTESIAN_POINT('Ctrl Pts',(-9.0682551364736,-8.0450716718858,43.6));
#5301=CARTESIAN_POINT('Ctrl Pts',(-9.12345123970902,-8.01350564309632,43.6));
#5302=CARTESIAN_POINT('',(-9.12345123970902,-8.01350564309632,44.1));
#5303=CARTESIAN_POINT('Ctrl Pts',(-9.12345123970902,-8.01350564309632,44.1));
#5304=CARTESIAN_POINT('Ctrl Pts',(-9.0682551364736,-8.0450716718858,44.1));
#5305=CARTESIAN_POINT('Ctrl Pts',(-8.95518115450395,-8.10973740662023,44.1));
#5306=CARTESIAN_POINT('Ctrl Pts',(-8.83357248594811,-8.15644756657315,44.1));
#5307=CARTESIAN_POINT('Ctrl Pts',(-8.77132605534486,-8.18035655895424,44.1));
#5308=CARTESIAN_POINT('',(-9.12345123970902,-8.01350564309632,43.6));
#5309=CARTESIAN_POINT('Ctrl Pts',(-9.40805399955658,-7.79069742537071,43.6));
#5310=CARTESIAN_POINT('Ctrl Pts',(-9.40805399955658,-7.79069742537071,44.1));
#5311=CARTESIAN_POINT('Ctrl Pts',(-9.36450694192635,-7.83153283486478,43.6));
#5312=CARTESIAN_POINT('Ctrl Pts',(-9.36450694192635,-7.83153283486478,44.1));
#5313=CARTESIAN_POINT('Ctrl Pts',(-9.27627757196808,-7.91426821694829,43.6));
#5314=CARTESIAN_POINT('Ctrl Pts',(-9.27627757196808,-7.91426821694829,44.1));
#5315=CARTESIAN_POINT('Ctrl Pts',(-9.17482846850098,-7.98014395815259,43.6));
#5316=CARTESIAN_POINT('Ctrl Pts',(-9.17482846850098,-7.98014395815259,44.1));
#5317=CARTESIAN_POINT('Ctrl Pts',(-9.12345123970902,-8.01350564309632,43.6));
#5318=CARTESIAN_POINT('Ctrl Pts',(-9.12345123970902,-8.01350564309632,44.1));
#5319=CARTESIAN_POINT('',(-9.40805399955658,-7.79069742537071,43.6));
#5320=CARTESIAN_POINT('Ctrl Pts',(-9.12345123970902,-8.01350564309632,43.6));
#5321=CARTESIAN_POINT('Ctrl Pts',(-9.17482846850098,-7.98014395815259,43.6));
#5322=CARTESIAN_POINT('Ctrl Pts',(-9.27627757196808,-7.91426821694829,43.6));
#5323=CARTESIAN_POINT('Ctrl Pts',(-9.36450694192635,-7.83153283486478,43.6));
#5324=CARTESIAN_POINT('Ctrl Pts',(-9.40805399955658,-7.79069742537071,43.6));
#5325=CARTESIAN_POINT('',(-9.40805399955658,-7.79069742537071,44.1));
#5326=CARTESIAN_POINT('Ctrl Pts',(-9.40805399955658,-7.79069742537071,44.1));
#5327=CARTESIAN_POINT('Ctrl Pts',(-9.36450694192635,-7.83153283486478,44.1));
#5328=CARTESIAN_POINT('Ctrl Pts',(-9.27627757196808,-7.91426821694829,44.1));
#5329=CARTESIAN_POINT('Ctrl Pts',(-9.17482846850098,-7.98014395815259,44.1));
#5330=CARTESIAN_POINT('Ctrl Pts',(-9.12345123970902,-8.01350564309632,44.1));
#5331=CARTESIAN_POINT('',(-9.40805399955658,-7.79069742537071,43.6));
#5332=CARTESIAN_POINT('Ctrl Pts',(-9.84033083082449,-6.84536375308099,43.6));
#5333=CARTESIAN_POINT('Ctrl Pts',(-9.84033083082449,-6.84536375308099,44.1));
#5334=CARTESIAN_POINT('Ctrl Pts',(-9.81773964727546,-7.01755478723119,43.6));
#5335=CARTESIAN_POINT('Ctrl Pts',(-9.81773964727546,-7.01755478723119,44.1));
#5336=CARTESIAN_POINT('Ctrl Pts',(-9.77069761752276,-7.37611128933136,43.6));
#5337=CARTESIAN_POINT('Ctrl Pts',(-9.77069761752276,-7.37611128933136,44.1));
#5338=CARTESIAN_POINT('Ctrl Pts',(-9.53207955050861,-7.6489073278978,43.6));
#5339=CARTESIAN_POINT('Ctrl Pts',(-9.53207955050861,-7.6489073278978,44.1));
#5340=CARTESIAN_POINT('Ctrl Pts',(-9.40805399955658,-7.79069742537071,43.6));
#5341=CARTESIAN_POINT('Ctrl Pts',(-9.40805399955658,-7.79069742537071,44.1));
#5342=CARTESIAN_POINT('',(-9.84033083082449,-6.84536375308099,43.6));
#5343=CARTESIAN_POINT('Ctrl Pts',(-9.40805399955658,-7.79069742537071,43.6));
#5344=CARTESIAN_POINT('Ctrl Pts',(-9.53207955050861,-7.6489073278978,43.6));
#5345=CARTESIAN_POINT('Ctrl Pts',(-9.77069761752276,-7.37611128933136,43.6));
#5346=CARTESIAN_POINT('Ctrl Pts',(-9.81773964727546,-7.01755478723119,43.6));
#5347=CARTESIAN_POINT('Ctrl Pts',(-9.84033083082449,-6.84536375308099,43.6));
#5348=CARTESIAN_POINT('',(-9.84033083082449,-6.84536375308099,44.1));
#5349=CARTESIAN_POINT('Ctrl Pts',(-9.84033083082449,-6.84536375308099,44.1));
#5350=CARTESIAN_POINT('Ctrl Pts',(-9.81773964727546,-7.01755478723119,44.1));
#5351=CARTESIAN_POINT('Ctrl Pts',(-9.77069761752276,-7.37611128933136,44.1));
#5352=CARTESIAN_POINT('Ctrl Pts',(-9.53207955050861,-7.6489073278978,44.1));
#5353=CARTESIAN_POINT('Ctrl Pts',(-9.40805399955658,-7.79069742537071,44.1));
#5354=CARTESIAN_POINT('',(-9.84033083082449,-6.84536375308099,43.6));
#5355=CARTESIAN_POINT('Ctrl Pts',(-9.4584190699663,-5.93466822794661,43.6));
#5356=CARTESIAN_POINT('Ctrl Pts',(-9.4584190699663,-5.93466822794661,44.1));
#5357=CARTESIAN_POINT('Ctrl Pts',(-9.57176691139304,-6.06863605098551,43.6));
#5358=CARTESIAN_POINT('Ctrl Pts',(-9.57176691139304,-6.06863605098551,44.1));
#5359=CARTESIAN_POINT('Ctrl Pts',(-9.79491916868254,-6.33238365957685,43.6));
#5360=CARTESIAN_POINT('Ctrl Pts',(-9.79491916868254,-6.33238365957685,44.1));
#5361=CARTESIAN_POINT('Ctrl Pts',(-9.82535470498912,-6.67619015165361,43.6));
#5362=CARTESIAN_POINT('Ctrl Pts',(-9.82535470498912,-6.67619015165361,44.1));
#5363=CARTESIAN_POINT('Ctrl Pts',(-9.84033083082449,-6.84536375308099,43.6));
#5364=CARTESIAN_POINT('Ctrl Pts',(-9.84033083082449,-6.84536375308099,44.1));
#5365=CARTESIAN_POINT('',(-9.4584190699663,-5.93466822794661,43.6));
#5366=CARTESIAN_POINT('Ctrl Pts',(-9.84033083082449,-6.84536375308099,43.6));
#5367=CARTESIAN_POINT('Ctrl Pts',(-9.82535470498912,-6.67619015165361,43.6));
#5368=CARTESIAN_POINT('Ctrl Pts',(-9.79491916868254,-6.33238365957685,43.6));
#5369=CARTESIAN_POINT('Ctrl Pts',(-9.57176691139304,-6.06863605098551,43.6));
#5370=CARTESIAN_POINT('Ctrl Pts',(-9.4584190699663,-5.93466822794661,43.6));
#5371=CARTESIAN_POINT('',(-9.4584190699663,-5.93466822794661,44.1));
#5372=CARTESIAN_POINT('Ctrl Pts',(-9.4584190699663,-5.93466822794661,44.1));
#5373=CARTESIAN_POINT('Ctrl Pts',(-9.57176691139304,-6.06863605098551,44.1));
#5374=CARTESIAN_POINT('Ctrl Pts',(-9.79491916868254,-6.33238365957685,44.1));
#5375=CARTESIAN_POINT('Ctrl Pts',(-9.82535470498912,-6.67619015165361,44.1));
#5376=CARTESIAN_POINT('Ctrl Pts',(-9.84033083082449,-6.84536375308099,44.1));
#5377=CARTESIAN_POINT('',(-9.4584190699663,-5.93466822794661,43.6));
#5378=CARTESIAN_POINT('Ctrl Pts',(-8.79572944168944,-5.54390313423745,43.6));
#5379=CARTESIAN_POINT('Ctrl Pts',(-8.79572944168944,-5.54390313423745,44.1));
#5380=CARTESIAN_POINT('Ctrl Pts',(-8.91995870225243,-5.58880857201499,43.6));
#5381=CARTESIAN_POINT('Ctrl Pts',(-8.91995870225243,-5.58880857201499,44.1));
#5382=CARTESIAN_POINT('Ctrl Pts',(-9.1654270488105,-5.67753858226189,43.6));
#5383=CARTESIAN_POINT('Ctrl Pts',(-9.1654270488105,-5.67753858226189,44.1));
#5384=CARTESIAN_POINT('Ctrl Pts',(-9.36155142645697,-5.84965723428333,43.6));
#5385=CARTESIAN_POINT('Ctrl Pts',(-9.36155142645697,-5.84965723428333,44.1));
#5386=CARTESIAN_POINT('Ctrl Pts',(-9.4584190699663,-5.93466822794661,43.6));
#5387=CARTESIAN_POINT('Ctrl Pts',(-9.4584190699663,-5.93466822794661,44.1));
#5388=CARTESIAN_POINT('',(-8.79572944168944,-5.54390313423745,43.6));
#5389=CARTESIAN_POINT('Ctrl Pts',(-9.4584190699663,-5.93466822794661,43.6));
#5390=CARTESIAN_POINT('Ctrl Pts',(-9.36155142645697,-5.84965723428333,43.6));
#5391=CARTESIAN_POINT('Ctrl Pts',(-9.1654270488105,-5.67753858226189,43.6));
#5392=CARTESIAN_POINT('Ctrl Pts',(-8.91995870225243,-5.58880857201499,43.6));
#5393=CARTESIAN_POINT('Ctrl Pts',(-8.79572944168944,-5.54390313423745,43.6));
#5394=CARTESIAN_POINT('',(-8.79572944168944,-5.54390313423745,44.1));
#5395=CARTESIAN_POINT('Ctrl Pts',(-8.79572944168944,-5.54390313423745,44.1));
#5396=CARTESIAN_POINT('Ctrl Pts',(-8.91995870225243,-5.58880857201499,44.1));
#5397=CARTESIAN_POINT('Ctrl Pts',(-9.1654270488105,-5.67753858226189,44.1));
#5398=CARTESIAN_POINT('Ctrl Pts',(-9.36155142645697,-5.84965723428333,44.1));
#5399=CARTESIAN_POINT('Ctrl Pts',(-9.4584190699663,-5.93466822794661,44.1));
#5400=CARTESIAN_POINT('',(-8.79572944168944,-5.54390313423745,43.6));
#5401=CARTESIAN_POINT('Ctrl Pts',(-8.02398988288626,-5.5438185909533,43.6));
#5402=CARTESIAN_POINT('Ctrl Pts',(-8.02398988288626,-5.5438185909533,44.1));
#5403=CARTESIAN_POINT('Ctrl Pts',(-8.15212845349942,-5.5147223980144,43.6));
#5404=CARTESIAN_POINT('Ctrl Pts',(-8.15212845349942,-5.5147223980144,44.1));
#5405=CARTESIAN_POINT('Ctrl Pts',(-8.40934895960378,-5.45631580398387,43.6));
#5406=CARTESIAN_POINT('Ctrl Pts',(-8.40934895960378,-5.45631580398387,44.1));
#5407=CARTESIAN_POINT('Ctrl Pts',(-8.66662142917562,-5.51463606031749,43.6));
#5408=CARTESIAN_POINT('Ctrl Pts',(-8.66662142917562,-5.51463606031749,44.1));
#5409=CARTESIAN_POINT('Ctrl Pts',(-8.79572944168944,-5.54390313423745,43.6));
#5410=CARTESIAN_POINT('Ctrl Pts',(-8.79572944168944,-5.54390313423745,44.1));
#5411=CARTESIAN_POINT('',(-8.02398988288626,-5.5438185909533,43.6));
#5412=CARTESIAN_POINT('Ctrl Pts',(-8.79572944168944,-5.54390313423745,43.6));
#5413=CARTESIAN_POINT('Ctrl Pts',(-8.66662142917562,-5.51463606031749,43.6));
#5414=CARTESIAN_POINT('Ctrl Pts',(-8.40934895960378,-5.45631580398387,43.6));
#5415=CARTESIAN_POINT('Ctrl Pts',(-8.15212845349942,-5.5147223980144,43.6));
#5416=CARTESIAN_POINT('Ctrl Pts',(-8.02398988288626,-5.5438185909533,43.6));
#5417=CARTESIAN_POINT('',(-8.02398988288626,-5.5438185909533,44.1));
#5418=CARTESIAN_POINT('Ctrl Pts',(-8.02398988288626,-5.5438185909533,44.1));
#5419=CARTESIAN_POINT('Ctrl Pts',(-8.15212845349942,-5.5147223980144,44.1));
#5420=CARTESIAN_POINT('Ctrl Pts',(-8.40934895960378,-5.45631580398387,44.1));
#5421=CARTESIAN_POINT('Ctrl Pts',(-8.66662142917562,-5.51463606031749,44.1));
#5422=CARTESIAN_POINT('Ctrl Pts',(-8.79572944168944,-5.54390313423745,44.1));
#5423=CARTESIAN_POINT('',(-8.02398988288626,-5.5438185909533,43.6));
#5424=CARTESIAN_POINT('Ctrl Pts',(-7.25123122075197,-6.05018775150752,43.6));
#5425=CARTESIAN_POINT('Ctrl Pts',(-7.25123122075197,-6.05018775150752,44.1));
#5426=CARTESIAN_POINT('Ctrl Pts',(-7.3746272073675,-5.9337394497809,43.6));
#5427=CARTESIAN_POINT('Ctrl Pts',(-7.3746272073675,-5.9337394497809,44.1));
#5428=CARTESIAN_POINT('Ctrl Pts',(-7.60254417483244,-5.71865511418848,43.6));
#5429=CARTESIAN_POINT('Ctrl Pts',(-7.60254417483244,-5.71865511418848,44.1));
#5430=CARTESIAN_POINT('Ctrl Pts',(-7.89148419572293,-5.598788503352,43.6));
#5431=CARTESIAN_POINT('Ctrl Pts',(-7.89148419572293,-5.598788503352,44.1));
#5432=CARTESIAN_POINT('Ctrl Pts',(-8.02398988288626,-5.5438185909533,43.6));
#5433=CARTESIAN_POINT('Ctrl Pts',(-8.02398988288626,-5.5438185909533,44.1));
#5434=CARTESIAN_POINT('',(-7.25123122075197,-6.05018775150752,43.6));
#5435=CARTESIAN_POINT('Ctrl Pts',(-8.02398988288626,-5.5438185909533,43.6));
#5436=CARTESIAN_POINT('Ctrl Pts',(-7.89148419572293,-5.598788503352,43.6));
#5437=CARTESIAN_POINT('Ctrl Pts',(-7.60254417483244,-5.71865511418848,43.6));
#5438=CARTESIAN_POINT('Ctrl Pts',(-7.3746272073675,-5.9337394497809,43.6));
#5439=CARTESIAN_POINT('Ctrl Pts',(-7.25123122075197,-6.05018775150752,43.6));
#5440=CARTESIAN_POINT('',(-7.25123122075197,-6.05018775150752,44.1));
#5441=CARTESIAN_POINT('Ctrl Pts',(-7.25123122075197,-6.05018775150752,44.1));
#5442=CARTESIAN_POINT('Ctrl Pts',(-7.3746272073675,-5.9337394497809,44.1));
#5443=CARTESIAN_POINT('Ctrl Pts',(-7.60254417483244,-5.71865511418848,44.1));
#5444=CARTESIAN_POINT('Ctrl Pts',(-7.89148419572293,-5.598788503352,44.1));
#5445=CARTESIAN_POINT('Ctrl Pts',(-8.02398988288626,-5.5438185909533,44.1));
#5446=CARTESIAN_POINT('',(-7.25123122075197,-6.05018775150752,43.6));
#5447=CARTESIAN_POINT('Ctrl Pts',(-6.8247861568272,-6.58264225670431,43.6));
#5448=CARTESIAN_POINT('Ctrl Pts',(-6.8247861568272,-6.58264225670431,44.1));
#5449=CARTESIAN_POINT('Ctrl Pts',(-6.88232664903521,-6.49421519465043,43.6));
#5450=CARTESIAN_POINT('Ctrl Pts',(-6.88232664903521,-6.49421519465043,44.1));
#5451=CARTESIAN_POINT('Ctrl Pts',(-7.00689079483222,-6.30278754036026,43.6));
#5452=CARTESIAN_POINT('Ctrl Pts',(-7.00689079483222,-6.30278754036026,44.1));
#5453=CARTESIAN_POINT('Ctrl Pts',(-7.16575297987694,-6.13855538660213,43.6));
#5454=CARTESIAN_POINT('Ctrl Pts',(-7.16575297987694,-6.13855538660213,44.1));
#5455=CARTESIAN_POINT('Ctrl Pts',(-7.25123122075197,-6.05018775150752,43.6));
#5456=CARTESIAN_POINT('Ctrl Pts',(-7.25123122075197,-6.05018775150752,44.1));
#5457=CARTESIAN_POINT('',(-6.8247861568272,-6.58264225670431,43.6));
#5458=CARTESIAN_POINT('Ctrl Pts',(-7.25123122075197,-6.05018775150752,43.6));
#5459=CARTESIAN_POINT('Ctrl Pts',(-7.16575297987694,-6.13855538660213,43.6));
#5460=CARTESIAN_POINT('Ctrl Pts',(-7.00689079483222,-6.30278754036026,43.6));
#5461=CARTESIAN_POINT('Ctrl Pts',(-6.88232664903521,-6.49421519465043,43.6));
#5462=CARTESIAN_POINT('Ctrl Pts',(-6.8247861568272,-6.58264225670431,43.6));
#5463=CARTESIAN_POINT('',(-6.8247861568272,-6.58264225670431,44.1));
#5464=CARTESIAN_POINT('Ctrl Pts',(-6.8247861568272,-6.58264225670431,44.1));
#5465=CARTESIAN_POINT('Ctrl Pts',(-6.88232664903521,-6.49421519465043,44.1));
#5466=CARTESIAN_POINT('Ctrl Pts',(-7.00689079483222,-6.30278754036026,44.1));
#5467=CARTESIAN_POINT('Ctrl Pts',(-7.16575297987694,-6.13855538660213,44.1));
#5468=CARTESIAN_POINT('Ctrl Pts',(-7.25123122075197,-6.05018775150752,44.1));
#5469=CARTESIAN_POINT('',(-6.8247861568272,-6.58264225670431,43.6));
#5470=CARTESIAN_POINT('Ctrl Pts',(-6.64337316725807,-7.08039446771761,43.6));
#5471=CARTESIAN_POINT('Ctrl Pts',(-6.64337316725807,-7.08039446771761,44.1));
#5472=CARTESIAN_POINT('Ctrl Pts',(-6.66059307457573,-6.99675031942786,43.6));
#5473=CARTESIAN_POINT('Ctrl Pts',(-6.66059307457573,-6.99675031942786,44.1));
#5474=CARTESIAN_POINT('Ctrl Pts',(-6.69656531566887,-6.82201839940046,43.6));
#5475=CARTESIAN_POINT('Ctrl Pts',(-6.69656531566887,-6.82201839940046,44.1));
#5476=CARTESIAN_POINT('Ctrl Pts',(-6.78084904052897,-6.66466868334173,43.6));
#5477=CARTESIAN_POINT('Ctrl Pts',(-6.78084904052897,-6.66466868334173,44.1));
#5478=CARTESIAN_POINT('Ctrl Pts',(-6.8247861568272,-6.58264225670431,43.6));
#5479=CARTESIAN_POINT('Ctrl Pts',(-6.8247861568272,-6.58264225670431,44.1));
#5480=CARTESIAN_POINT('',(-6.64337316725807,-7.08039446771761,43.6));
#5481=CARTESIAN_POINT('Ctrl Pts',(-6.8247861568272,-6.58264225670431,43.6));
#5482=CARTESIAN_POINT('Ctrl Pts',(-6.78084904052897,-6.66466868334173,43.6));
#5483=CARTESIAN_POINT('Ctrl Pts',(-6.69656531566887,-6.82201839940046,43.6));
#5484=CARTESIAN_POINT('Ctrl Pts',(-6.66059307457573,-6.99675031942786,43.6));
#5485=CARTESIAN_POINT('Ctrl Pts',(-6.64337316725807,-7.08039446771761,43.6));
#5486=CARTESIAN_POINT('',(-6.64337316725807,-7.08039446771761,44.1));
#5487=CARTESIAN_POINT('Ctrl Pts',(-6.64337316725807,-7.08039446771761,44.1));
#5488=CARTESIAN_POINT('Ctrl Pts',(-6.66059307457573,-6.99675031942786,44.1));
#5489=CARTESIAN_POINT('Ctrl Pts',(-6.69656531566887,-6.82201839940046,44.1));
#5490=CARTESIAN_POINT('Ctrl Pts',(-6.78084904052897,-6.66466868334173,44.1));
#5491=CARTESIAN_POINT('Ctrl Pts',(-6.8247861568272,-6.58264225670431,44.1));
#5492=CARTESIAN_POINT('',(-6.64337316725807,-7.08039446771761,43.6));
#5493=CARTESIAN_POINT('Ctrl Pts',(-6.65489853718359,-7.54536903185702,43.6));
#5494=CARTESIAN_POINT('Ctrl Pts',(-6.65489853718359,-7.54536903185702,44.1));
#5495=CARTESIAN_POINT('Ctrl Pts',(-6.64298758015198,-7.47005010891356,43.6));
#5496=CARTESIAN_POINT('Ctrl Pts',(-6.64298758015198,-7.47005010891356,44.1));
#5497=CARTESIAN_POINT('Ctrl Pts',(-6.61856488339646,-7.31561321437022,43.6));
#5498=CARTESIAN_POINT('Ctrl Pts',(-6.61856488339646,-7.31561321437022,44.1));
#5499=CARTESIAN_POINT('Ctrl Pts',(-6.63496922718858,-7.16007608782142,43.6));
#5500=CARTESIAN_POINT('Ctrl Pts',(-6.63496922718858,-7.16007608782142,44.1));
#5501=CARTESIAN_POINT('Ctrl Pts',(-6.64337316725807,-7.08039446771761,43.6));
#5502=CARTESIAN_POINT('Ctrl Pts',(-6.64337316725807,-7.08039446771761,44.1));
#5503=CARTESIAN_POINT('',(-6.65489853718359,-7.54536903185702,43.6));
#5504=CARTESIAN_POINT('Ctrl Pts',(-6.64337316725807,-7.08039446771761,43.6));
#5505=CARTESIAN_POINT('Ctrl Pts',(-6.63496922718858,-7.16007608782142,43.6));
#5506=CARTESIAN_POINT('Ctrl Pts',(-6.61856488339646,-7.31561321437022,43.6));
#5507=CARTESIAN_POINT('Ctrl Pts',(-6.64298758015198,-7.47005010891356,43.6));
#5508=CARTESIAN_POINT('Ctrl Pts',(-6.65489853718359,-7.54536903185702,43.6));
#5509=CARTESIAN_POINT('',(-6.65489853718359,-7.54536903185702,44.1));
#5510=CARTESIAN_POINT('Ctrl Pts',(-6.65489853718359,-7.54536903185702,44.1));
#5511=CARTESIAN_POINT('Ctrl Pts',(-6.64298758015198,-7.47005010891356,44.1));
#5512=CARTESIAN_POINT('Ctrl Pts',(-6.61856488339646,-7.31561321437022,44.1));
#5513=CARTESIAN_POINT('Ctrl Pts',(-6.63496922718858,-7.16007608782142,44.1));
#5514=CARTESIAN_POINT('Ctrl Pts',(-6.64337316725807,-7.08039446771761,44.1));
#5515=CARTESIAN_POINT('',(-6.65489853718359,-7.54536903185702,43.6));
#5516=CARTESIAN_POINT('Ctrl Pts',(-6.84199377108503,-8.02193878709372,43.6));
#5517=CARTESIAN_POINT('Ctrl Pts',(-6.84199377108503,-8.02193878709372,44.1));
#5518=CARTESIAN_POINT('Ctrl Pts',(-6.7996201148252,-7.94073706845334,43.6));
#5519=CARTESIAN_POINT('Ctrl Pts',(-6.7996201148252,-7.94073706845334,44.1));
#5520=CARTESIAN_POINT('Ctrl Pts',(-6.72017303203896,-7.78849059664433,43.6));
#5521=CARTESIAN_POINT('Ctrl Pts',(-6.72017303203896,-7.78849059664433,44.1));
#5522=CARTESIAN_POINT('Ctrl Pts',(-6.6756669770346,-7.62272322059423,43.6));
#5523=CARTESIAN_POINT('Ctrl Pts',(-6.6756669770346,-7.62272322059423,44.1));
#5524=CARTESIAN_POINT('Ctrl Pts',(-6.65489853718359,-7.54536903185702,43.6));
#5525=CARTESIAN_POINT('Ctrl Pts',(-6.65489853718359,-7.54536903185702,44.1));
#5526=CARTESIAN_POINT('',(-6.84199377108503,-8.02193878709372,43.6));
#5527=CARTESIAN_POINT('Ctrl Pts',(-6.65489853718359,-7.54536903185702,43.6));
#5528=CARTESIAN_POINT('Ctrl Pts',(-6.6756669770346,-7.62272322059423,43.6));
#5529=CARTESIAN_POINT('Ctrl Pts',(-6.72017303203896,-7.78849059664433,43.6));
#5530=CARTESIAN_POINT('Ctrl Pts',(-6.7996201148252,-7.94073706845334,43.6));
#5531=CARTESIAN_POINT('Ctrl Pts',(-6.84199377108503,-8.02193878709372,43.6));
#5532=CARTESIAN_POINT('',(-6.84199377108503,-8.02193878709372,44.1));
#5533=CARTESIAN_POINT('Ctrl Pts',(-6.84199377108503,-8.02193878709372,44.1));
#5534=CARTESIAN_POINT('Ctrl Pts',(-6.7996201148252,-7.94073706845334,44.1));
#5535=CARTESIAN_POINT('Ctrl Pts',(-6.72017303203896,-7.78849059664433,44.1));
#5536=CARTESIAN_POINT('Ctrl Pts',(-6.6756669770346,-7.62272322059423,44.1));
#5537=CARTESIAN_POINT('Ctrl Pts',(-6.65489853718359,-7.54536903185702,44.1));
#5538=CARTESIAN_POINT('',(-6.84199377108503,-8.02193878709372,43.6));
#5539=CARTESIAN_POINT('Origin',(-7.72378301839284,-7.31396447370227,43.6));
#5540=CARTESIAN_POINT('',(-7.72378301839284,-7.31396447370227,43.6));
#5541=CARTESIAN_POINT('',(-15.3318076862554,-1.20560461680901,43.6));
#5542=CARTESIAN_POINT('',(-7.72378301839284,-7.31396447370227,44.1));
#5543=CARTESIAN_POINT('',(-6.84199377108503,-8.02193878709372,44.1));
#5544=CARTESIAN_POINT('',(-7.72378301839284,-7.31396447370227,43.6));
#5545=CARTESIAN_POINT('Ctrl Pts',(-7.56851741190502,-6.88852484434421,43.6));
#5546=CARTESIAN_POINT('Ctrl Pts',(-7.56851741190502,-6.88852484434421,44.1));
#5547=CARTESIAN_POINT('Ctrl Pts',(-7.57514653905395,-6.96003833594747,43.6));
#5548=CARTESIAN_POINT('Ctrl Pts',(-7.57514653905395,-6.96003833594747,44.1));
#5549=CARTESIAN_POINT('Ctrl Pts',(-7.58950621473261,-7.11494719845714,43.6));
#5550=CARTESIAN_POINT('Ctrl Pts',(-7.58950621473261,-7.11494719845714,44.1));
#5551=CARTESIAN_POINT('Ctrl Pts',(-7.67679239768565,-7.24431770642528,43.6));
#5552=CARTESIAN_POINT('Ctrl Pts',(-7.67679239768565,-7.24431770642528,44.1));
#5553=CARTESIAN_POINT('Ctrl Pts',(-7.72378301839284,-7.31396447370227,43.6));
#5554=CARTESIAN_POINT('Ctrl Pts',(-7.72378301839284,-7.31396447370227,44.1));
#5555=CARTESIAN_POINT('',(-7.56851741190502,-6.88852484434421,43.6));
#5556=CARTESIAN_POINT('Ctrl Pts',(-7.72378301839284,-7.31396447370227,43.6));
#5557=CARTESIAN_POINT('Ctrl Pts',(-7.67679239768565,-7.24431770642528,43.6));
#5558=CARTESIAN_POINT('Ctrl Pts',(-7.58950621473261,-7.11494719845714,43.6));
#5559=CARTESIAN_POINT('Ctrl Pts',(-7.57514653905395,-6.96003833594747,43.6));
#5560=CARTESIAN_POINT('Ctrl Pts',(-7.56851741190502,-6.88852484434421,43.6));
#5561=CARTESIAN_POINT('',(-7.56851741190502,-6.88852484434421,44.1));
#5562=CARTESIAN_POINT('Ctrl Pts',(-7.56851741190502,-6.88852484434421,44.1));
#5563=CARTESIAN_POINT('Ctrl Pts',(-7.57514653905395,-6.96003833594747,44.1));
#5564=CARTESIAN_POINT('Ctrl Pts',(-7.58950621473261,-7.11494719845714,44.1));
#5565=CARTESIAN_POINT('Ctrl Pts',(-7.67679239768565,-7.24431770642528,44.1));
#5566=CARTESIAN_POINT('Ctrl Pts',(-7.72378301839284,-7.31396447370227,44.1));
#5567=CARTESIAN_POINT('',(-7.56851741190502,-6.88852484434421,43.6));
#5568=CARTESIAN_POINT('Ctrl Pts',(-7.72193913143543,-6.53643583501732,43.6));
#5569=CARTESIAN_POINT('Ctrl Pts',(-7.72193913143543,-6.53643583501732,44.1));
#5570=CARTESIAN_POINT('Ctrl Pts',(-7.67888760911603,-6.58767752971443,43.6));
#5571=CARTESIAN_POINT('Ctrl Pts',(-7.67888760911603,-6.58767752971443,44.1));
#5572=CARTESIAN_POINT('Ctrl Pts',(-7.59299093361616,-6.68991529006134,43.6));
#5573=CARTESIAN_POINT('Ctrl Pts',(-7.59299093361616,-6.68991529006134,44.1));
#5574=CARTESIAN_POINT('Ctrl Pts',(-7.57666217571122,-6.82242778122509,43.6));
#5575=CARTESIAN_POINT('Ctrl Pts',(-7.57666217571122,-6.82242778122509,44.1));
#5576=CARTESIAN_POINT('Ctrl Pts',(-7.56851741190502,-6.88852484434421,43.6));
#5577=CARTESIAN_POINT('Ctrl Pts',(-7.56851741190502,-6.88852484434421,44.1));
#5578=CARTESIAN_POINT('',(-7.72193913143543,-6.53643583501732,43.6));
#5579=CARTESIAN_POINT('Ctrl Pts',(-7.56851741190502,-6.88852484434421,43.6));
#5580=CARTESIAN_POINT('Ctrl Pts',(-7.57666217571122,-6.82242778122509,43.6));
#5581=CARTESIAN_POINT('Ctrl Pts',(-7.59299093361616,-6.68991529006134,43.6));
#5582=CARTESIAN_POINT('Ctrl Pts',(-7.67888760911603,-6.58767752971443,43.6));
#5583=CARTESIAN_POINT('Ctrl Pts',(-7.72193913143543,-6.53643583501732,43.6));
#5584=CARTESIAN_POINT('',(-7.72193913143543,-6.53643583501732,44.1));
#5585=CARTESIAN_POINT('Ctrl Pts',(-7.72193913143543,-6.53643583501732,44.1));
#5586=CARTESIAN_POINT('Ctrl Pts',(-7.67888760911603,-6.58767752971443,44.1));
#5587=CARTESIAN_POINT('Ctrl Pts',(-7.59299093361616,-6.68991529006134,44.1));
#5588=CARTESIAN_POINT('Ctrl Pts',(-7.57666217571122,-6.82242778122509,44.1));
#5589=CARTESIAN_POINT('Ctrl Pts',(-7.56851741190502,-6.88852484434421,44.1));
#5590=CARTESIAN_POINT('',(-7.72193913143543,-6.53643583501732,43.6));
#5591=CARTESIAN_POINT('Ctrl Pts',(-8.11747125390656,-6.3898483764337,43.6));
#5592=CARTESIAN_POINT('Ctrl Pts',(-8.11747125390656,-6.3898483764337,44.1));
#5593=CARTESIAN_POINT('Ctrl Pts',(-8.04311919162298,-6.39160052015597,43.6));
#5594=CARTESIAN_POINT('Ctrl Pts',(-8.04311919162298,-6.39160052015597,44.1));
#5595=CARTESIAN_POINT('Ctrl Pts',(-7.89446097374457,-6.39510372578632,43.6));
#5596=CARTESIAN_POINT('Ctrl Pts',(-7.89446097374457,-6.39510372578632,44.1));
#5597=CARTESIAN_POINT('Ctrl Pts',(-7.77943457188825,-6.48933483168001,43.6));
#5598=CARTESIAN_POINT('Ctrl Pts',(-7.77943457188825,-6.48933483168001,44.1));
#5599=CARTESIAN_POINT('Ctrl Pts',(-7.72193913143543,-6.53643583501732,43.6));
#5600=CARTESIAN_POINT('Ctrl Pts',(-7.72193913143543,-6.53643583501732,44.1));
#5601=CARTESIAN_POINT('',(-8.11747125390656,-6.3898483764337,43.6));
#5602=CARTESIAN_POINT('Ctrl Pts',(-7.72193913143543,-6.53643583501732,43.6));
#5603=CARTESIAN_POINT('Ctrl Pts',(-7.77943457188825,-6.48933483168001,43.6));
#5604=CARTESIAN_POINT('Ctrl Pts',(-7.89446097374457,-6.39510372578632,43.6));
#5605=CARTESIAN_POINT('Ctrl Pts',(-8.04311919162298,-6.39160052015597,43.6));
#5606=CARTESIAN_POINT('Ctrl Pts',(-8.11747125390656,-6.3898483764337,43.6));
#5607=CARTESIAN_POINT('',(-8.11747125390656,-6.3898483764337,44.1));
#5608=CARTESIAN_POINT('Ctrl Pts',(-8.11747125390656,-6.3898483764337,44.1));
#5609=CARTESIAN_POINT('Ctrl Pts',(-8.04311919162298,-6.39160052015597,44.1));
#5610=CARTESIAN_POINT('Ctrl Pts',(-7.89446097374457,-6.39510372578632,44.1));
#5611=CARTESIAN_POINT('Ctrl Pts',(-7.77943457188825,-6.48933483168001,44.1));
#5612=CARTESIAN_POINT('Ctrl Pts',(-7.72193913143543,-6.53643583501732,44.1));
#5613=CARTESIAN_POINT('',(-8.11747125390656,-6.3898483764337,43.6));
#5614=CARTESIAN_POINT('Ctrl Pts',(-8.59592254503231,-6.65422069778066,43.6));
#5615=CARTESIAN_POINT('Ctrl Pts',(-8.59592254503231,-6.65422069778066,44.1));
#5616=CARTESIAN_POINT('Ctrl Pts',(-8.51958960146378,-6.5821207824647,43.6));
#5617=CARTESIAN_POINT('Ctrl Pts',(-8.51958960146378,-6.5821207824647,44.1));
#5618=CARTESIAN_POINT('Ctrl Pts',(-8.38210241996145,-6.45225792535568,43.6));
#5619=CARTESIAN_POINT('Ctrl Pts',(-8.38210241996145,-6.45225792535568,44.1));
#5620=CARTESIAN_POINT('Ctrl Pts',(-8.1989412581965,-6.40906193428558,43.6));
#5621=CARTESIAN_POINT('Ctrl Pts',(-8.1989412581965,-6.40906193428558,44.1));
#5622=CARTESIAN_POINT('Ctrl Pts',(-8.11747125390656,-6.3898483764337,43.6));
#5623=CARTESIAN_POINT('Ctrl Pts',(-8.11747125390656,-6.3898483764337,44.1));
#5624=CARTESIAN_POINT('',(-8.59592254503231,-6.65422069778066,43.6));
#5625=CARTESIAN_POINT('Ctrl Pts',(-8.11747125390656,-6.3898483764337,43.6));
#5626=CARTESIAN_POINT('Ctrl Pts',(-8.1989412581965,-6.40906193428558,43.6));
#5627=CARTESIAN_POINT('Ctrl Pts',(-8.38210241996145,-6.45225792535568,43.6));
#5628=CARTESIAN_POINT('Ctrl Pts',(-8.51958960146378,-6.5821207824647,43.6));
#5629=CARTESIAN_POINT('Ctrl Pts',(-8.59592254503231,-6.65422069778066,43.6));
#5630=CARTESIAN_POINT('',(-8.59592254503231,-6.65422069778066,44.1));
#5631=CARTESIAN_POINT('Ctrl Pts',(-8.59592254503231,-6.65422069778066,44.1));
#5632=CARTESIAN_POINT('Ctrl Pts',(-8.51958960146378,-6.5821207824647,44.1));
#5633=CARTESIAN_POINT('Ctrl Pts',(-8.38210241996145,-6.45225792535568,44.1));
#5634=CARTESIAN_POINT('Ctrl Pts',(-8.1989412581965,-6.40906193428558,44.1));
#5635=CARTESIAN_POINT('Ctrl Pts',(-8.11747125390656,-6.3898483764337,44.1));
#5636=CARTESIAN_POINT('',(-8.59592254503231,-6.65422069778066,43.6));
#5637=CARTESIAN_POINT('Ctrl Pts',(-8.85826107236272,-7.13272855895599,43.6));
#5638=CARTESIAN_POINT('Ctrl Pts',(-8.85826107236272,-7.13272855895599,44.1));
#5639=CARTESIAN_POINT('Ctrl Pts',(-8.84056180033542,-7.0522411230557,43.6));
#5640=CARTESIAN_POINT('Ctrl Pts',(-8.84056180033542,-7.0522411230557,44.1));
#5641=CARTESIAN_POINT('Ctrl Pts',(-8.80012748352039,-6.86836607566376,43.6));
#5642=CARTESIAN_POINT('Ctrl Pts',(-8.80012748352039,-6.86836607566376,44.1));
#5643=CARTESIAN_POINT('Ctrl Pts',(-8.66941716813136,-6.73129294663248,43.6));
#5644=CARTESIAN_POINT('Ctrl Pts',(-8.66941716813136,-6.73129294663248,44.1));
#5645=CARTESIAN_POINT('Ctrl Pts',(-8.59592254503231,-6.65422069778066,43.6));
#5646=CARTESIAN_POINT('Ctrl Pts',(-8.59592254503231,-6.65422069778066,44.1));
#5647=CARTESIAN_POINT('',(-8.85826107236272,-7.13272855895599,43.6));
#5648=CARTESIAN_POINT('Ctrl Pts',(-8.59592254503231,-6.65422069778066,43.6));
#5649=CARTESIAN_POINT('Ctrl Pts',(-8.66941716813136,-6.73129294663248,43.6));
#5650=CARTESIAN_POINT('Ctrl Pts',(-8.80012748352039,-6.86836607566376,43.6));
#5651=CARTESIAN_POINT('Ctrl Pts',(-8.84056180033542,-7.0522411230557,43.6));
#5652=CARTESIAN_POINT('Ctrl Pts',(-8.85826107236272,-7.13272855895599,43.6));
#5653=CARTESIAN_POINT('',(-8.85826107236272,-7.13272855895599,44.1));
#5654=CARTESIAN_POINT('Ctrl Pts',(-8.85826107236272,-7.13272855895599,44.1));
#5655=CARTESIAN_POINT('Ctrl Pts',(-8.84056180033542,-7.0522411230557,44.1));
#5656=CARTESIAN_POINT('Ctrl Pts',(-8.80012748352039,-6.86836607566376,44.1));
#5657=CARTESIAN_POINT('Ctrl Pts',(-8.66941716813136,-6.73129294663248,44.1));
#5658=CARTESIAN_POINT('Ctrl Pts',(-8.59592254503231,-6.65422069778066,44.1));
#5659=CARTESIAN_POINT('',(-8.85826107236272,-7.13272855895599,43.6));
#5660=CARTESIAN_POINT('Ctrl Pts',(-8.68843380920536,-7.53787402646886,43.6));
#5661=CARTESIAN_POINT('Ctrl Pts',(-8.68843380920536,-7.53787402646886,44.1));
#5662=CARTESIAN_POINT('Ctrl Pts',(-8.7404115186248,-7.47746133890772,43.6));
#5663=CARTESIAN_POINT('Ctrl Pts',(-8.7404115186248,-7.47746133890772,44.1));
#5664=CARTESIAN_POINT('Ctrl Pts',(-8.84104700907783,-7.36049465241449,43.6));
#5665=CARTESIAN_POINT('Ctrl Pts',(-8.84104700907783,-7.36049465241449,44.1));
#5666=CARTESIAN_POINT('Ctrl Pts',(-8.85265065125215,-7.20696226414594,43.6));
#5667=CARTESIAN_POINT('Ctrl Pts',(-8.85265065125215,-7.20696226414594,44.1));
#5668=CARTESIAN_POINT('Ctrl Pts',(-8.85826107236272,-7.13272855895599,43.6));
#5669=CARTESIAN_POINT('Ctrl Pts',(-8.85826107236272,-7.13272855895599,44.1));
#5670=CARTESIAN_POINT('',(-8.68843380920536,-7.53787402646886,43.6));
#5671=CARTESIAN_POINT('Ctrl Pts',(-8.85826107236272,-7.13272855895599,43.6));
#5672=CARTESIAN_POINT('Ctrl Pts',(-8.85265065125215,-7.20696226414594,43.6));
#5673=CARTESIAN_POINT('Ctrl Pts',(-8.84104700907783,-7.36049465241449,43.6));
#5674=CARTESIAN_POINT('Ctrl Pts',(-8.7404115186248,-7.47746133890772,43.6));
#5675=CARTESIAN_POINT('Ctrl Pts',(-8.68843380920536,-7.53787402646886,43.6));
#5676=CARTESIAN_POINT('',(-8.68843380920536,-7.53787402646886,44.1));
#5677=CARTESIAN_POINT('Ctrl Pts',(-8.68843380920536,-7.53787402646886,44.1));
#5678=CARTESIAN_POINT('Ctrl Pts',(-8.7404115186248,-7.47746133890772,44.1));
#5679=CARTESIAN_POINT('Ctrl Pts',(-8.84104700907783,-7.36049465241449,44.1));
#5680=CARTESIAN_POINT('Ctrl Pts',(-8.85265065125215,-7.20696226414594,44.1));
#5681=CARTESIAN_POINT('Ctrl Pts',(-8.85826107236272,-7.13272855895599,44.1));
#5682=CARTESIAN_POINT('',(-8.68843380920536,-7.53787402646886,43.6));
#5683=CARTESIAN_POINT('Ctrl Pts',(-8.41251887139048,-7.70183860388835,43.6));
#5684=CARTESIAN_POINT('Ctrl Pts',(-8.41251887139048,-7.70183860388835,44.1));
#5685=CARTESIAN_POINT('Ctrl Pts',(-8.46426516428719,-7.68273614166406,43.6));
#5686=CARTESIAN_POINT('Ctrl Pts',(-8.46426516428719,-7.68273614166406,44.1));
#5687=CARTESIAN_POINT('Ctrl Pts',(-8.5663582782381,-7.64504784085187,43.6));
#5688=CARTESIAN_POINT('Ctrl Pts',(-8.5663582782381,-7.64504784085187,44.1));
#5689=CARTESIAN_POINT('Ctrl Pts',(-8.6481155362246,-7.57327066222744,43.6));
#5690=CARTESIAN_POINT('Ctrl Pts',(-8.6481155362246,-7.57327066222744,44.1));
#5691=CARTESIAN_POINT('Ctrl Pts',(-8.68843380920536,-7.53787402646886,43.6));
#5692=CARTESIAN_POINT('Ctrl Pts',(-8.68843380920536,-7.53787402646886,44.1));
#5693=CARTESIAN_POINT('',(-8.41251887139048,-7.70183860388835,43.6));
#5694=CARTESIAN_POINT('Ctrl Pts',(-8.68843380920536,-7.53787402646886,43.6));
#5695=CARTESIAN_POINT('Ctrl Pts',(-8.6481155362246,-7.57327066222744,43.6));
#5696=CARTESIAN_POINT('Ctrl Pts',(-8.5663582782381,-7.64504784085187,43.6));
#5697=CARTESIAN_POINT('Ctrl Pts',(-8.46426516428719,-7.68273614166406,43.6));
#5698=CARTESIAN_POINT('Ctrl Pts',(-8.41251887139048,-7.70183860388835,43.6));
#5699=CARTESIAN_POINT('',(-8.41251887139048,-7.70183860388835,44.1));
#5700=CARTESIAN_POINT('Ctrl Pts',(-8.41251887139048,-7.70183860388835,44.1));
#5701=CARTESIAN_POINT('Ctrl Pts',(-8.46426516428719,-7.68273614166406,44.1));
#5702=CARTESIAN_POINT('Ctrl Pts',(-8.5663582782381,-7.64504784085187,44.1));
#5703=CARTESIAN_POINT('Ctrl Pts',(-8.6481155362246,-7.57327066222744,44.1));
#5704=CARTESIAN_POINT('Ctrl Pts',(-8.68843380920536,-7.53787402646886,44.1));
#5705=CARTESIAN_POINT('',(-8.41251887139048,-7.70183860388835,43.6));
#5706=CARTESIAN_POINT('Ctrl Pts',(-8.09224371304882,-7.72881476541565,43.6));
#5707=CARTESIAN_POINT('Ctrl Pts',(-8.09224371304882,-7.72881476541565,44.1));
#5708=CARTESIAN_POINT('Ctrl Pts',(-8.15265868618832,-7.73148668774,43.6));
#5709=CARTESIAN_POINT('Ctrl Pts',(-8.15265868618832,-7.73148668774,44.1));
#5710=CARTESIAN_POINT('Ctrl Pts',(-8.26072394248268,-7.73626599915527,43.6));
#5711=CARTESIAN_POINT('Ctrl Pts',(-8.26072394248268,-7.73626599915527,44.1));
#5712=CARTESIAN_POINT('Ctrl Pts',(-8.36606832849982,-7.71237368046809,43.6));
#5713=CARTESIAN_POINT('Ctrl Pts',(-8.36606832849982,-7.71237368046809,44.1));
#5714=CARTESIAN_POINT('Ctrl Pts',(-8.41251887139048,-7.70183860388835,43.6));
#5715=CARTESIAN_POINT('Ctrl Pts',(-8.41251887139048,-7.70183860388835,44.1));
#5716=CARTESIAN_POINT('',(-8.09224371304882,-7.72881476541565,43.6));
#5717=CARTESIAN_POINT('Ctrl Pts',(-8.41251887139048,-7.70183860388835,43.6));
#5718=CARTESIAN_POINT('Ctrl Pts',(-8.36606832849982,-7.71237368046809,43.6));
#5719=CARTESIAN_POINT('Ctrl Pts',(-8.26072394248268,-7.73626599915527,43.6));
#5720=CARTESIAN_POINT('Ctrl Pts',(-8.15265868618832,-7.73148668774,43.6));
#5721=CARTESIAN_POINT('Ctrl Pts',(-8.09224371304882,-7.72881476541565,43.6));
#5722=CARTESIAN_POINT('',(-8.09224371304882,-7.72881476541565,44.1));
#5723=CARTESIAN_POINT('Ctrl Pts',(-8.09224371304882,-7.72881476541565,44.1));
#5724=CARTESIAN_POINT('Ctrl Pts',(-8.15265868618832,-7.73148668774,44.1));
#5725=CARTESIAN_POINT('Ctrl Pts',(-8.26072394248268,-7.73626599915527,44.1));
#5726=CARTESIAN_POINT('Ctrl Pts',(-8.36606832849982,-7.71237368046809,44.1));
#5727=CARTESIAN_POINT('Ctrl Pts',(-8.41251887139048,-7.70183860388835,44.1));
#5728=CARTESIAN_POINT('',(-8.09224371304882,-7.72881476541565,43.6));
#5729=CARTESIAN_POINT('Origin',(-7.51914347431224,-8.49470383713136,43.6));
#5730=CARTESIAN_POINT('',(-7.51914347431224,-8.49470383713136,43.6));
#5731=CARTESIAN_POINT('',(-13.2337137763578,-0.857772898947699,43.6));
#5732=CARTESIAN_POINT('',(-7.51914347431224,-8.49470383713136,44.1));
#5733=CARTESIAN_POINT('',(-8.09224371304882,-7.72881476541565,44.1));
#5734=CARTESIAN_POINT('',(-7.51914347431224,-8.49470383713136,43.6));
#5735=CARTESIAN_POINT('Origin',(-9.28821935950924,-9.76633833995943,43.6));
#5736=CARTESIAN_POINT('',(-11.7078867663438,-11.5056263974396,43.6));
#5737=CARTESIAN_POINT('',(-7.51914347431224,-8.49470383713136,44.1));
#5738=CARTESIAN_POINT('Origin',(-7.97595648769862,-8.85401665615817,44.1));
#5739=CARTESIAN_POINT('Ctrl Pts',(-12.0002939958132,-6.32949817736314,43.6));
#5740=CARTESIAN_POINT('Ctrl Pts',(-12.0002939958132,-6.32949817736314,44.1));
#5741=CARTESIAN_POINT('Ctrl Pts',(-11.9966475493861,-6.29264543607071,43.6));
#5742=CARTESIAN_POINT('Ctrl Pts',(-11.9966475493861,-6.29264543607071,44.1));
#5743=CARTESIAN_POINT('Ctrl Pts',(-11.9893582923302,-6.21897669861371,43.6));
#5744=CARTESIAN_POINT('Ctrl Pts',(-11.9893582923302,-6.21897669861371,44.1));
#5745=CARTESIAN_POINT('Ctrl Pts',(-11.9419907948489,-6.16208889282519,43.6));
#5746=CARTESIAN_POINT('Ctrl Pts',(-11.9419907948489,-6.16208889282519,44.1));
#5747=CARTESIAN_POINT('Ctrl Pts',(-11.9183188592926,-6.13365917742598,43.6));
#5748=CARTESIAN_POINT('Ctrl Pts',(-11.9183188592926,-6.13365917742598,44.1));
#5749=CARTESIAN_POINT('',(-11.9183188592926,-6.13365917742598,43.6));
#5750=CARTESIAN_POINT('',(-12.0002939958132,-6.32949817736314,43.6));
#5751=CARTESIAN_POINT('Ctrl Pts',(-11.9183188592926,-6.13365917742598,43.6));
#5752=CARTESIAN_POINT('Ctrl Pts',(-11.9419907948489,-6.16208889282519,43.6));
#5753=CARTESIAN_POINT('Ctrl Pts',(-11.9893582923302,-6.21897669861371,43.6));
#5754=CARTESIAN_POINT('Ctrl Pts',(-11.9966475493861,-6.29264543607071,43.6));
#5755=CARTESIAN_POINT('Ctrl Pts',(-12.0002939958132,-6.32949817736314,43.6));
#5756=CARTESIAN_POINT('',(-11.9183188592926,-6.13365917742598,44.1));
#5757=CARTESIAN_POINT('',(-11.9183188592926,-6.13365917742598,43.6));
#5758=CARTESIAN_POINT('',(-12.0002939958132,-6.32949817736314,44.1));
#5759=CARTESIAN_POINT('Ctrl Pts',(-12.0002939958132,-6.32949817736314,44.1));
#5760=CARTESIAN_POINT('Ctrl Pts',(-11.9966475493861,-6.29264543607071,44.1));
#5761=CARTESIAN_POINT('Ctrl Pts',(-11.9893582923302,-6.21897669861371,44.1));
#5762=CARTESIAN_POINT('Ctrl Pts',(-11.9419907948489,-6.16208889282519,44.1));
#5763=CARTESIAN_POINT('Ctrl Pts',(-11.9183188592926,-6.13365917742598,44.1));
#5764=CARTESIAN_POINT('',(-12.0002939958132,-6.32949817736314,43.6));
#5765=CARTESIAN_POINT('Ctrl Pts',(-11.9202048071349,-6.5253182474206,43.6));
#5766=CARTESIAN_POINT('Ctrl Pts',(-11.9202048071349,-6.5253182474206,44.1));
#5767=CARTESIAN_POINT('Ctrl Pts',(-11.9438027381799,-6.49689332353416,43.6));
#5768=CARTESIAN_POINT('Ctrl Pts',(-11.9438027381799,-6.49689332353416,44.1));
#5769=CARTESIAN_POINT('Ctrl Pts',(-11.9910214828068,-6.44001591256666,43.6));
#5770=CARTESIAN_POINT('Ctrl Pts',(-11.9910214828068,-6.44001591256666,44.1));
#5771=CARTESIAN_POINT('Ctrl Pts',(-11.9972021597445,-6.3663493222141,43.6));
#5772=CARTESIAN_POINT('Ctrl Pts',(-11.9972021597445,-6.3663493222141,44.1));
#5773=CARTESIAN_POINT('Ctrl Pts',(-12.0002939958132,-6.32949817736314,43.6));
#5774=CARTESIAN_POINT('Ctrl Pts',(-12.0002939958132,-6.32949817736314,44.1));
#5775=CARTESIAN_POINT('',(-11.9202048071349,-6.5253182474206,43.6));
#5776=CARTESIAN_POINT('Ctrl Pts',(-12.0002939958132,-6.32949817736314,43.6));
#5777=CARTESIAN_POINT('Ctrl Pts',(-11.9972021597445,-6.3663493222141,43.6));
#5778=CARTESIAN_POINT('Ctrl Pts',(-11.9910214828068,-6.44001591256666,43.6));
#5779=CARTESIAN_POINT('Ctrl Pts',(-11.9438027381799,-6.49689332353416,43.6));
#5780=CARTESIAN_POINT('Ctrl Pts',(-11.9202048071349,-6.5253182474206,43.6));
#5781=CARTESIAN_POINT('',(-11.9202048071349,-6.5253182474206,44.1));
#5782=CARTESIAN_POINT('Ctrl Pts',(-11.9202048071349,-6.5253182474206,44.1));
#5783=CARTESIAN_POINT('Ctrl Pts',(-11.9438027381799,-6.49689332353416,44.1));
#5784=CARTESIAN_POINT('Ctrl Pts',(-11.9910214828068,-6.44001591256666,44.1));
#5785=CARTESIAN_POINT('Ctrl Pts',(-11.9972021597445,-6.3663493222141,44.1));
#5786=CARTESIAN_POINT('Ctrl Pts',(-12.0002939958132,-6.32949817736314,44.1));
#5787=CARTESIAN_POINT('',(-11.9202048071349,-6.5253182474206,43.6));
#5788=CARTESIAN_POINT('Ctrl Pts',(-11.7234028568286,-6.60632895907721,43.6));
#5789=CARTESIAN_POINT('Ctrl Pts',(-11.7234028568286,-6.60632895907721,44.1));
#5790=CARTESIAN_POINT('Ctrl Pts',(-11.7605047242547,-6.60299508611988,43.6));
#5791=CARTESIAN_POINT('Ctrl Pts',(-11.7605047242547,-6.60299508611988,44.1));
#5792=CARTESIAN_POINT('Ctrl Pts',(-11.8344981230463,-6.59634624043189,43.6));
#5793=CARTESIAN_POINT('Ctrl Pts',(-11.8344981230463,-6.59634624043189,44.1));
#5794=CARTESIAN_POINT('Ctrl Pts',(-11.8916901043722,-6.54894933442488,43.6));
#5795=CARTESIAN_POINT('Ctrl Pts',(-11.8916901043722,-6.54894933442488,44.1));
#5796=CARTESIAN_POINT('Ctrl Pts',(-11.9202048071349,-6.5253182474206,43.6));
#5797=CARTESIAN_POINT('Ctrl Pts',(-11.9202048071349,-6.5253182474206,44.1));
#5798=CARTESIAN_POINT('',(-11.7234028568286,-6.60632895907721,43.6));
#5799=CARTESIAN_POINT('Ctrl Pts',(-11.9202048071349,-6.5253182474206,43.6));
#5800=CARTESIAN_POINT('Ctrl Pts',(-11.8916901043722,-6.54894933442488,43.6));
#5801=CARTESIAN_POINT('Ctrl Pts',(-11.8344981230463,-6.59634624043189,43.6));
#5802=CARTESIAN_POINT('Ctrl Pts',(-11.7605047242547,-6.60299508611988,43.6));
#5803=CARTESIAN_POINT('Ctrl Pts',(-11.7234028568286,-6.60632895907721,43.6));
#5804=CARTESIAN_POINT('',(-11.7234028568286,-6.60632895907721,44.1));
#5805=CARTESIAN_POINT('Ctrl Pts',(-11.7234028568286,-6.60632895907721,44.1));
#5806=CARTESIAN_POINT('Ctrl Pts',(-11.7605047242547,-6.60299508611988,44.1));
#5807=CARTESIAN_POINT('Ctrl Pts',(-11.8344981230463,-6.59634624043189,44.1));
#5808=CARTESIAN_POINT('Ctrl Pts',(-11.8916901043722,-6.54894933442488,44.1));
#5809=CARTESIAN_POINT('Ctrl Pts',(-11.9202048071349,-6.5253182474206,44.1));
#5810=CARTESIAN_POINT('',(-11.7234028568286,-6.60632895907721,43.6));
#5811=CARTESIAN_POINT('Ctrl Pts',(-11.5266189936488,-6.52527365956907,43.6));
#5812=CARTESIAN_POINT('Ctrl Pts',(-11.5266189936488,-6.52527365956907,44.1));
#5813=CARTESIAN_POINT('Ctrl Pts',(-11.5551287157509,-6.54891134929808,43.6));
#5814=CARTESIAN_POINT('Ctrl Pts',(-11.5551287157509,-6.54891134929808,44.1));
#5815=CARTESIAN_POINT('Ctrl Pts',(-11.6123101710357,-6.5963210537291,43.6));
#5816=CARTESIAN_POINT('Ctrl Pts',(-11.6123101710357,-6.5963210537291,44.1));
#5817=CARTESIAN_POINT('Ctrl Pts',(-11.6863020816279,-6.60298669541782,43.6));
#5818=CARTESIAN_POINT('Ctrl Pts',(-11.6863020816279,-6.60298669541782,44.1));
#5819=CARTESIAN_POINT('Ctrl Pts',(-11.7234028568286,-6.60632895907721,43.6));
#5820=CARTESIAN_POINT('Ctrl Pts',(-11.7234028568286,-6.60632895907721,44.1));
#5821=CARTESIAN_POINT('',(-11.5266189936488,-6.52527365956907,43.6));
#5822=CARTESIAN_POINT('Ctrl Pts',(-11.7234028568286,-6.60632895907721,43.6));
#5823=CARTESIAN_POINT('Ctrl Pts',(-11.6863020816279,-6.60298669541782,43.6));
#5824=CARTESIAN_POINT('Ctrl Pts',(-11.6123101710357,-6.5963210537291,43.6));
#5825=CARTESIAN_POINT('Ctrl Pts',(-11.5551287157509,-6.54891134929808,43.6));
#5826=CARTESIAN_POINT('Ctrl Pts',(-11.5266189936488,-6.52527365956907,43.6));
#5827=CARTESIAN_POINT('',(-11.5266189936488,-6.52527365956907,44.1));
#5828=CARTESIAN_POINT('Ctrl Pts',(-11.5266189936488,-6.52527365956907,44.1));
#5829=CARTESIAN_POINT('Ctrl Pts',(-11.5551287157509,-6.54891134929808,44.1));
#5830=CARTESIAN_POINT('Ctrl Pts',(-11.6123101710357,-6.5963210537291,44.1));
#5831=CARTESIAN_POINT('Ctrl Pts',(-11.6863020816279,-6.60298669541782,44.1));
#5832=CARTESIAN_POINT('Ctrl Pts',(-11.7234028568286,-6.60632895907721,44.1));
#5833=CARTESIAN_POINT('',(-11.5266189936488,-6.52527365956907,43.6));
#5834=CARTESIAN_POINT('Ctrl Pts',(-11.4465714429807,-6.32943718782096,43.6));
#5835=CARTESIAN_POINT('Ctrl Pts',(-11.4465714429807,-6.32943718782096,44.1));
#5836=CARTESIAN_POINT('Ctrl Pts',(-11.4496560481,-6.36628914136403,43.6));
#5837=CARTESIAN_POINT('Ctrl Pts',(-11.4496560481,-6.36628914136403,44.1));
#5838=CARTESIAN_POINT('Ctrl Pts',(-11.4558221957863,-6.43995645996426,43.6));
#5839=CARTESIAN_POINT('Ctrl Pts',(-11.4558221957863,-6.43995645996426,44.1));
#5840=CARTESIAN_POINT('Ctrl Pts',(-11.5030278762727,-6.49684401118321,43.6));
#5841=CARTESIAN_POINT('Ctrl Pts',(-11.5030278762727,-6.49684401118321,44.1));
#5842=CARTESIAN_POINT('Ctrl Pts',(-11.5266189936488,-6.52527365956907,43.6));
#5843=CARTESIAN_POINT('Ctrl Pts',(-11.5266189936488,-6.52527365956907,44.1));
#5844=CARTESIAN_POINT('',(-11.4465714429807,-6.32943718782096,43.6));
#5845=CARTESIAN_POINT('Ctrl Pts',(-11.5266189936488,-6.52527365956907,43.6));
#5846=CARTESIAN_POINT('Ctrl Pts',(-11.5030278762727,-6.49684401118321,43.6));
#5847=CARTESIAN_POINT('Ctrl Pts',(-11.4558221957863,-6.43995645996426,43.6));
#5848=CARTESIAN_POINT('Ctrl Pts',(-11.4496560481,-6.36628914136403,43.6));
#5849=CARTESIAN_POINT('Ctrl Pts',(-11.4465714429807,-6.32943718782096,43.6));
#5850=CARTESIAN_POINT('',(-11.4465714429807,-6.32943718782096,44.1));
#5851=CARTESIAN_POINT('Ctrl Pts',(-11.4465714429807,-6.32943718782096,44.1));
#5852=CARTESIAN_POINT('Ctrl Pts',(-11.4496560481,-6.36628914136403,44.1));
#5853=CARTESIAN_POINT('Ctrl Pts',(-11.4558221957863,-6.43995645996426,44.1));
#5854=CARTESIAN_POINT('Ctrl Pts',(-11.5030278762727,-6.49684401118321,44.1));
#5855=CARTESIAN_POINT('Ctrl Pts',(-11.5266189936488,-6.52527365956907,44.1));
#5856=CARTESIAN_POINT('',(-11.4465714429807,-6.32943718782096,43.6));
#5857=CARTESIAN_POINT('Ctrl Pts',(-11.5285894821467,-6.13361753874794,43.6));
#5858=CARTESIAN_POINT('Ctrl Pts',(-11.5285894821467,-6.13361753874794,44.1));
#5859=CARTESIAN_POINT('Ctrl Pts',(-11.5049117876649,-6.16204186092558,43.6));
#5860=CARTESIAN_POINT('Ctrl Pts',(-11.5049117876649,-6.16204186092558,44.1));
#5861=CARTESIAN_POINT('Ctrl Pts',(-11.4575326012553,-6.21891907336084,43.6));
#5862=CARTESIAN_POINT('Ctrl Pts',(-11.4575326012553,-6.21891907336084,44.1));
#5863=CARTESIAN_POINT('Ctrl Pts',(-11.4502263856521,-6.29258548270193,43.6));
#5864=CARTESIAN_POINT('Ctrl Pts',(-11.4502263856521,-6.29258548270193,44.1));
#5865=CARTESIAN_POINT('Ctrl Pts',(-11.4465714429807,-6.32943718782096,43.6));
#5866=CARTESIAN_POINT('Ctrl Pts',(-11.4465714429807,-6.32943718782096,44.1));
#5867=CARTESIAN_POINT('',(-11.5285894821467,-6.13361753874794,43.6));
#5868=CARTESIAN_POINT('Ctrl Pts',(-11.4465714429807,-6.32943718782096,43.6));
#5869=CARTESIAN_POINT('Ctrl Pts',(-11.4502263856521,-6.29258548270193,43.6));
#5870=CARTESIAN_POINT('Ctrl Pts',(-11.4575326012553,-6.21891907336084,43.6));
#5871=CARTESIAN_POINT('Ctrl Pts',(-11.5049117876649,-6.16204186092558,43.6));
#5872=CARTESIAN_POINT('Ctrl Pts',(-11.5285894821467,-6.13361753874794,43.6));
#5873=CARTESIAN_POINT('',(-11.5285894821467,-6.13361753874794,44.1));
#5874=CARTESIAN_POINT('Ctrl Pts',(-11.5285894821467,-6.13361753874794,44.1));
#5875=CARTESIAN_POINT('Ctrl Pts',(-11.5049117876649,-6.16204186092558,44.1));
#5876=CARTESIAN_POINT('Ctrl Pts',(-11.4575326012553,-6.21891907336084,44.1));
#5877=CARTESIAN_POINT('Ctrl Pts',(-11.4502263856521,-6.29258548270193,44.1));
#5878=CARTESIAN_POINT('Ctrl Pts',(-11.4465714429807,-6.32943718782096,44.1));
#5879=CARTESIAN_POINT('',(-11.5285894821467,-6.13361753874794,43.6));
#5880=CARTESIAN_POINT('Ctrl Pts',(-11.7234625819653,-6.05260640610688,43.6));
#5881=CARTESIAN_POINT('Ctrl Pts',(-11.7234625819653,-6.05260640610688,44.1));
#5882=CARTESIAN_POINT('Ctrl Pts',(-11.686859926295,-6.05600355585731,43.6));
#5883=CARTESIAN_POINT('Ctrl Pts',(-11.686859926295,-6.05600355585731,44.1));
#5884=CARTESIAN_POINT('Ctrl Pts',(-11.6135155884546,-6.06281075862519,43.6));
#5885=CARTESIAN_POINT('Ctrl Pts',(-11.6135155884546,-6.06281075862519,44.1));
#5886=CARTESIAN_POINT('Ctrl Pts',(-11.5569339350174,-6.10998547165611,43.6));
#5887=CARTESIAN_POINT('Ctrl Pts',(-11.5569339350174,-6.10998547165611,44.1));
#5888=CARTESIAN_POINT('Ctrl Pts',(-11.5285894821467,-6.13361753874794,43.6));
#5889=CARTESIAN_POINT('Ctrl Pts',(-11.5285894821467,-6.13361753874794,44.1));
#5890=CARTESIAN_POINT('',(-11.7234625819653,-6.05260640610688,43.6));
#5891=CARTESIAN_POINT('Ctrl Pts',(-11.5285894821467,-6.13361753874794,43.6));
#5892=CARTESIAN_POINT('Ctrl Pts',(-11.5569339350174,-6.10998547165611,43.6));
#5893=CARTESIAN_POINT('Ctrl Pts',(-11.6135155884546,-6.06281075862519,43.6));
#5894=CARTESIAN_POINT('Ctrl Pts',(-11.686859926295,-6.05600355585731,43.6));
#5895=CARTESIAN_POINT('Ctrl Pts',(-11.7234625819653,-6.05260640610688,43.6));
#5896=CARTESIAN_POINT('',(-11.7234625819653,-6.05260640610688,44.1));
#5897=CARTESIAN_POINT('Ctrl Pts',(-11.7234625819653,-6.05260640610688,44.1));
#5898=CARTESIAN_POINT('Ctrl Pts',(-11.686859926295,-6.05600355585731,44.1));
#5899=CARTESIAN_POINT('Ctrl Pts',(-11.6135155884546,-6.06281075862519,44.1));
#5900=CARTESIAN_POINT('Ctrl Pts',(-11.5569339350174,-6.10998547165611,44.1));
#5901=CARTESIAN_POINT('Ctrl Pts',(-11.5285894821467,-6.13361753874794,44.1));
#5902=CARTESIAN_POINT('',(-11.7234625819653,-6.05260640610688,43.6));
#5903=CARTESIAN_POINT('Ctrl Pts',(-11.9183188592926,-6.13365917742598,43.6));
#5904=CARTESIAN_POINT('Ctrl Pts',(-11.9183188592926,-6.13365917742598,44.1));
#5905=CARTESIAN_POINT('Ctrl Pts',(-11.8899799162988,-6.11002149358207,43.6));
#5906=CARTESIAN_POINT('Ctrl Pts',(-11.8899799162988,-6.11002149358207,44.1));
#5907=CARTESIAN_POINT('Ctrl Pts',(-11.8334082382788,-6.06283471460284,43.6));
#5908=CARTESIAN_POINT('Ctrl Pts',(-11.8334082382788,-6.06283471460284,44.1));
#5909=CARTESIAN_POINT('Ctrl Pts',(-11.7600652358895,-6.05601157233774,43.6));
#5910=CARTESIAN_POINT('Ctrl Pts',(-11.7600652358895,-6.05601157233774,44.1));
#5911=CARTESIAN_POINT('Ctrl Pts',(-11.7234625819653,-6.05260640610688,43.6));
#5912=CARTESIAN_POINT('Ctrl Pts',(-11.7234625819653,-6.05260640610688,44.1));
#5913=CARTESIAN_POINT('Ctrl Pts',(-11.7234625819653,-6.05260640610688,43.6));
#5914=CARTESIAN_POINT('Ctrl Pts',(-11.7600652358895,-6.05601157233774,43.6));
#5915=CARTESIAN_POINT('Ctrl Pts',(-11.8334082382788,-6.06283471460284,43.6));
#5916=CARTESIAN_POINT('Ctrl Pts',(-11.8899799162988,-6.11002149358207,43.6));
#5917=CARTESIAN_POINT('Ctrl Pts',(-11.9183188592926,-6.13365917742598,43.6));
#5918=CARTESIAN_POINT('Ctrl Pts',(-11.9183188592926,-6.13365917742598,44.1));
#5919=CARTESIAN_POINT('Ctrl Pts',(-11.8899799162988,-6.11002149358207,44.1));
#5920=CARTESIAN_POINT('Ctrl Pts',(-11.8334082382788,-6.06283471460284,44.1));
#5921=CARTESIAN_POINT('Ctrl Pts',(-11.7600652358895,-6.05601157233774,44.1));
#5922=CARTESIAN_POINT('Ctrl Pts',(-11.7234625819653,-6.05260640610688,44.1));
#5923=CARTESIAN_POINT('Ctrl Pts',(-11.723518735157,-5.54518617006211,43.6));
#5924=CARTESIAN_POINT('Ctrl Pts',(-11.723518735157,-5.54518617006211,44.1));
#5925=CARTESIAN_POINT('Ctrl Pts',(-11.8274703569845,-5.5546114929164,43.6));
#5926=CARTESIAN_POINT('Ctrl Pts',(-11.8274703569845,-5.5546114929164,44.1));
#5927=CARTESIAN_POINT('Ctrl Pts',(-12.0349824853282,-5.57342667608943,43.6));
#5928=CARTESIAN_POINT('Ctrl Pts',(-12.0349824853282,-5.57342667608943,44.1));
#5929=CARTESIAN_POINT('Ctrl Pts',(-12.1952874658942,-5.70649810810109,43.6));
#5930=CARTESIAN_POINT('Ctrl Pts',(-12.1952874658942,-5.70649810810109,44.1));
#5931=CARTESIAN_POINT('Ctrl Pts',(-12.2752888861341,-5.77290841872706,43.6));
#5932=CARTESIAN_POINT('Ctrl Pts',(-12.2752888861341,-5.77290841872706,44.1));
#5933=CARTESIAN_POINT('',(-12.2752888861341,-5.77290841872706,43.6));
#5934=CARTESIAN_POINT('',(-11.723518735157,-5.54518617006211,43.6));
#5935=CARTESIAN_POINT('Ctrl Pts',(-12.2752888861341,-5.77290841872706,43.6));
#5936=CARTESIAN_POINT('Ctrl Pts',(-12.1952874658942,-5.70649810810109,43.6));
#5937=CARTESIAN_POINT('Ctrl Pts',(-12.0349824853282,-5.57342667608943,43.6));
#5938=CARTESIAN_POINT('Ctrl Pts',(-11.8274703569845,-5.5546114929164,43.6));
#5939=CARTESIAN_POINT('Ctrl Pts',(-11.723518735157,-5.54518617006211,43.6));
#5940=CARTESIAN_POINT('',(-12.2752888861341,-5.77290841872706,44.1));
#5941=CARTESIAN_POINT('',(-12.2752888861341,-5.77290841872706,43.6));
#5942=CARTESIAN_POINT('',(-11.723518735157,-5.54518617006211,44.1));
#5943=CARTESIAN_POINT('Ctrl Pts',(-11.723518735157,-5.54518617006211,44.1));
#5944=CARTESIAN_POINT('Ctrl Pts',(-11.8274703569845,-5.5546114929164,44.1));
#5945=CARTESIAN_POINT('Ctrl Pts',(-12.0349824853282,-5.57342667608943,44.1));
#5946=CARTESIAN_POINT('Ctrl Pts',(-12.1952874658942,-5.70649810810109,44.1));
#5947=CARTESIAN_POINT('Ctrl Pts',(-12.2752888861341,-5.77290841872706,44.1));
#5948=CARTESIAN_POINT('',(-11.723518735157,-5.54518617006211,43.6));
#5949=CARTESIAN_POINT('Ctrl Pts',(-11.1697692593254,-5.7747190825411,43.6));
#5950=CARTESIAN_POINT('Ctrl Pts',(-11.1697692593254,-5.7747190825411,44.1));
#5951=CARTESIAN_POINT('Ctrl Pts',(-11.2502201260556,-5.70776388962108,43.6));
#5952=CARTESIAN_POINT('Ctrl Pts',(-11.2502201260556,-5.70776388962108,44.1));
#5953=CARTESIAN_POINT('Ctrl Pts',(-11.4110443028085,-5.57391805031154,43.6));
#5954=CARTESIAN_POINT('Ctrl Pts',(-11.4110443028085,-5.57391805031154,44.1));
#5955=CARTESIAN_POINT('Ctrl Pts',(-11.6193940829434,-5.55476038391356,43.6));
#5956=CARTESIAN_POINT('Ctrl Pts',(-11.6193940829434,-5.55476038391356,44.1));
#5957=CARTESIAN_POINT('Ctrl Pts',(-11.723518735157,-5.54518617006211,43.6));
#5958=CARTESIAN_POINT('Ctrl Pts',(-11.723518735157,-5.54518617006211,44.1));
#5959=CARTESIAN_POINT('',(-11.1697692593254,-5.7747190825411,43.6));
#5960=CARTESIAN_POINT('Ctrl Pts',(-11.723518735157,-5.54518617006211,43.6));
#5961=CARTESIAN_POINT('Ctrl Pts',(-11.6193940829434,-5.55476038391356,43.6));
#5962=CARTESIAN_POINT('Ctrl Pts',(-11.4110443028085,-5.57391805031154,43.6));
#5963=CARTESIAN_POINT('Ctrl Pts',(-11.2502201260556,-5.70776388962108,43.6));
#5964=CARTESIAN_POINT('Ctrl Pts',(-11.1697692593254,-5.7747190825411,43.6));
#5965=CARTESIAN_POINT('',(-11.1697692593254,-5.7747190825411,44.1));
#5966=CARTESIAN_POINT('Ctrl Pts',(-11.1697692593254,-5.7747190825411,44.1));
#5967=CARTESIAN_POINT('Ctrl Pts',(-11.2502201260556,-5.70776388962108,44.1));
#5968=CARTESIAN_POINT('Ctrl Pts',(-11.4110443028085,-5.57391805031154,44.1));
#5969=CARTESIAN_POINT('Ctrl Pts',(-11.6193940829434,-5.55476038391356,44.1));
#5970=CARTESIAN_POINT('Ctrl Pts',(-11.723518735157,-5.54518617006211,44.1));
#5971=CARTESIAN_POINT('',(-11.1697692593254,-5.7747190825411,43.6));
#5972=CARTESIAN_POINT('Ctrl Pts',(-10.942047853873,-6.32648670479914,43.6));
#5973=CARTESIAN_POINT('Ctrl Pts',(-10.942047853873,-6.32648670479914,44.1));
#5974=CARTESIAN_POINT('Ctrl Pts',(-10.9514729903235,-6.22253597152883,43.6));
#5975=CARTESIAN_POINT('Ctrl Pts',(-10.9514729903235,-6.22253597152883,44.1));
#5976=CARTESIAN_POINT('Ctrl Pts',(-10.9702878826175,-6.01502472109173,43.6));
#5977=CARTESIAN_POINT('Ctrl Pts',(-10.9702878826175,-6.01502472109173,44.1));
#5978=CARTESIAN_POINT('Ctrl Pts',(-11.1033588785437,-5.85472048028314,43.6));
#5979=CARTESIAN_POINT('Ctrl Pts',(-11.1033588785437,-5.85472048028314,44.1));
#5980=CARTESIAN_POINT('Ctrl Pts',(-11.1697692593254,-5.7747190825411,43.6));
#5981=CARTESIAN_POINT('Ctrl Pts',(-11.1697692593254,-5.7747190825411,44.1));
#5982=CARTESIAN_POINT('',(-10.942047853873,-6.32648670479914,43.6));
#5983=CARTESIAN_POINT('Ctrl Pts',(-11.1697692593254,-5.7747190825411,43.6));
#5984=CARTESIAN_POINT('Ctrl Pts',(-11.1033588785437,-5.85472048028314,43.6));
#5985=CARTESIAN_POINT('Ctrl Pts',(-10.9702878826175,-6.01502472109173,43.6));
#5986=CARTESIAN_POINT('Ctrl Pts',(-10.9514729903235,-6.22253597152883,43.6));
#5987=CARTESIAN_POINT('Ctrl Pts',(-10.942047853873,-6.32648670479914,43.6));
#5988=CARTESIAN_POINT('',(-10.942047853873,-6.32648670479914,44.1));
#5989=CARTESIAN_POINT('Ctrl Pts',(-10.942047853873,-6.32648670479914,44.1));
#5990=CARTESIAN_POINT('Ctrl Pts',(-10.9514729903235,-6.22253597152883,44.1));
#5991=CARTESIAN_POINT('Ctrl Pts',(-10.9702878826175,-6.01502472109173,44.1));
#5992=CARTESIAN_POINT('Ctrl Pts',(-11.1033588785437,-5.85472048028314,44.1));
#5993=CARTESIAN_POINT('Ctrl Pts',(-11.1697692593254,-5.7747190825411,44.1));
#5994=CARTESIAN_POINT('',(-10.942047853873,-6.32648670479914,43.6));
#5995=CARTESIAN_POINT('Ctrl Pts',(-11.1696498080838,-6.87830648741452,43.6));
#5996=CARTESIAN_POINT('Ctrl Pts',(-11.1696498080838,-6.87830648741452,44.1));
#5997=CARTESIAN_POINT('Ctrl Pts',(-11.1032569398023,-6.79829059124896,43.6));
#5998=CARTESIAN_POINT('Ctrl Pts',(-11.1032569398023,-6.79829059124896,44.1));
#5999=CARTESIAN_POINT('Ctrl Pts',(-10.9702204583537,-6.63795660416044,43.6));
#6000=CARTESIAN_POINT('Ctrl Pts',(-10.9702204583537,-6.63795660416044,44.1));
#6001=CARTESIAN_POINT('Ctrl Pts',(-10.9514505144564,-6.43044037893061,43.6));
#6002=CARTESIAN_POINT('Ctrl Pts',(-10.9514505144564,-6.43044037893061,44.1));
#6003=CARTESIAN_POINT('Ctrl Pts',(-10.942047853873,-6.32648670479914,43.6));
#6004=CARTESIAN_POINT('Ctrl Pts',(-10.942047853873,-6.32648670479914,44.1));
#6005=CARTESIAN_POINT('',(-11.1696498080838,-6.87830648741452,43.6));
#6006=CARTESIAN_POINT('Ctrl Pts',(-10.942047853873,-6.32648670479914,43.6));
#6007=CARTESIAN_POINT('Ctrl Pts',(-10.9514505144564,-6.43044037893061,43.6));
#6008=CARTESIAN_POINT('Ctrl Pts',(-10.9702204583537,-6.63795660416044,43.6));
#6009=CARTESIAN_POINT('Ctrl Pts',(-11.1032569398023,-6.79829059124896,43.6));
#6010=CARTESIAN_POINT('Ctrl Pts',(-11.1696498080838,-6.87830648741452,43.6));
#6011=CARTESIAN_POINT('',(-11.1696498080838,-6.87830648741452,44.1));
#6012=CARTESIAN_POINT('Ctrl Pts',(-11.1696498080838,-6.87830648741452,44.1));
#6013=CARTESIAN_POINT('Ctrl Pts',(-11.1032569398023,-6.79829059124896,44.1));
#6014=CARTESIAN_POINT('Ctrl Pts',(-10.9702204583537,-6.63795660416044,44.1));
#6015=CARTESIAN_POINT('Ctrl Pts',(-10.9514505144564,-6.43044037893061,44.1));
#6016=CARTESIAN_POINT('Ctrl Pts',(-10.942047853873,-6.32648670479914,44.1));
#6017=CARTESIAN_POINT('',(-11.1696498080838,-6.87830648741452,43.6));
#6018=CARTESIAN_POINT('Ctrl Pts',(-11.7223850166806,-7.10699400411015,43.6));
#6019=CARTESIAN_POINT('Ctrl Pts',(-11.7223850166806,-7.10699400411015,44.1));
#6020=CARTESIAN_POINT('Ctrl Pts',(-11.6185120642037,-7.09764741668398,43.6));
#6021=CARTESIAN_POINT('Ctrl Pts',(-11.6185120642037,-7.09764741668398,44.1));
#6022=CARTESIAN_POINT('Ctrl Pts',(-11.4104909478669,-7.07892947804866,43.6));
#6023=CARTESIAN_POINT('Ctrl Pts',(-11.4104909478669,-7.07892947804866,44.1));
#6024=CARTESIAN_POINT('Ctrl Pts',(-11.250000963952,-6.94523977466644,43.6));
#6025=CARTESIAN_POINT('Ctrl Pts',(-11.250000963952,-6.94523977466644,44.1));
#6026=CARTESIAN_POINT('Ctrl Pts',(-11.1696498080838,-6.87830648741452,43.6));
#6027=CARTESIAN_POINT('Ctrl Pts',(-11.1696498080838,-6.87830648741452,44.1));
#6028=CARTESIAN_POINT('',(-11.7223850166806,-7.10699400411015,43.6));
#6029=CARTESIAN_POINT('Ctrl Pts',(-11.1696498080838,-6.87830648741452,43.6));
#6030=CARTESIAN_POINT('Ctrl Pts',(-11.250000963952,-6.94523977466644,43.6));
#6031=CARTESIAN_POINT('Ctrl Pts',(-11.4104909478669,-7.07892947804866,43.6));
#6032=CARTESIAN_POINT('Ctrl Pts',(-11.6185120642037,-7.09764741668398,43.6));
#6033=CARTESIAN_POINT('Ctrl Pts',(-11.7223850166806,-7.10699400411015,43.6));
#6034=CARTESIAN_POINT('',(-11.7223850166806,-7.10699400411015,44.1));
#6035=CARTESIAN_POINT('Ctrl Pts',(-11.7223850166806,-7.10699400411015,44.1));
#6036=CARTESIAN_POINT('Ctrl Pts',(-11.6185120642037,-7.09764741668398,44.1));
#6037=CARTESIAN_POINT('Ctrl Pts',(-11.4104909478669,-7.07892947804866,44.1));
#6038=CARTESIAN_POINT('Ctrl Pts',(-11.250000963952,-6.94523977466644,44.1));
#6039=CARTESIAN_POINT('Ctrl Pts',(-11.1696498080838,-6.87830648741452,44.1));
#6040=CARTESIAN_POINT('',(-11.7223850166806,-7.10699400411015,43.6));
#6041=CARTESIAN_POINT('Ctrl Pts',(-12.2732372127735,-6.87842762452997,43.6));
#6042=CARTESIAN_POINT('Ctrl Pts',(-12.2732372127735,-6.87842762452997,44.1));
#6043=CARTESIAN_POINT('Ctrl Pts',(-12.193306785681,-6.94486110692496,43.6));
#6044=CARTESIAN_POINT('Ctrl Pts',(-12.193306785681,-6.94486110692496,44.1));
#6045=CARTESIAN_POINT('Ctrl Pts',(-12.0332789232977,-7.07786687913305,43.6));
#6046=CARTESIAN_POINT('Ctrl Pts',(-12.0332789232977,-7.07786687913305,44.1));
#6047=CARTESIAN_POINT('Ctrl Pts',(-11.8260883949118,-7.09727820977002,43.6));
#6048=CARTESIAN_POINT('Ctrl Pts',(-11.8260883949118,-7.09727820977002,44.1));
#6049=CARTESIAN_POINT('Ctrl Pts',(-11.7223850166806,-7.10699400411015,43.6));
#6050=CARTESIAN_POINT('Ctrl Pts',(-11.7223850166806,-7.10699400411015,44.1));
#6051=CARTESIAN_POINT('',(-12.2732372127735,-6.87842762452997,43.6));
#6052=CARTESIAN_POINT('Ctrl Pts',(-11.7223850166806,-7.10699400411015,43.6));
#6053=CARTESIAN_POINT('Ctrl Pts',(-11.8260883949118,-7.09727820977002,43.6));
#6054=CARTESIAN_POINT('Ctrl Pts',(-12.0332789232977,-7.07786687913305,43.6));
#6055=CARTESIAN_POINT('Ctrl Pts',(-12.193306785681,-6.94486110692496,43.6));
#6056=CARTESIAN_POINT('Ctrl Pts',(-12.2732372127735,-6.87842762452997,43.6));
#6057=CARTESIAN_POINT('',(-12.2732372127735,-6.87842762452997,44.1));
#6058=CARTESIAN_POINT('Ctrl Pts',(-12.2732372127735,-6.87842762452997,44.1));
#6059=CARTESIAN_POINT('Ctrl Pts',(-12.193306785681,-6.94486110692496,44.1));
#6060=CARTESIAN_POINT('Ctrl Pts',(-12.0332789232977,-7.07786687913305,44.1));
#6061=CARTESIAN_POINT('Ctrl Pts',(-11.8260883949118,-7.09727820977002,44.1));
#6062=CARTESIAN_POINT('Ctrl Pts',(-11.7223850166806,-7.10699400411015,44.1));
#6063=CARTESIAN_POINT('',(-12.2732372127735,-6.87842762452997,43.6));
#6064=CARTESIAN_POINT('Ctrl Pts',(-12.5038558979645,-6.32569346937311,43.6));
#6065=CARTESIAN_POINT('Ctrl Pts',(-12.5038558979645,-6.32569346937311,44.1));
#6066=CARTESIAN_POINT('Ctrl Pts',(-12.4939457569257,-6.42956641137519,43.6));
#6067=CARTESIAN_POINT('Ctrl Pts',(-12.4939457569257,-6.42956641137519,44.1));
#6068=CARTESIAN_POINT('Ctrl Pts',(-12.4740993378469,-6.6375862498265,43.6));
#6069=CARTESIAN_POINT('Ctrl Pts',(-12.4740993378469,-6.6375862498265,44.1));
#6070=CARTESIAN_POINT('Ctrl Pts',(-12.3402500126711,-6.79807671295727,43.6));
#6071=CARTESIAN_POINT('Ctrl Pts',(-12.3402500126711,-6.79807671295727,44.1));
#6072=CARTESIAN_POINT('Ctrl Pts',(-12.2732372127735,-6.87842762452997,43.6));
#6073=CARTESIAN_POINT('Ctrl Pts',(-12.2732372127735,-6.87842762452997,44.1));
#6074=CARTESIAN_POINT('',(-12.5038558979645,-6.32569346937311,43.6));
#6075=CARTESIAN_POINT('Ctrl Pts',(-12.2732372127735,-6.87842762452997,43.6));
#6076=CARTESIAN_POINT('Ctrl Pts',(-12.3402500126711,-6.79807671295727,43.6));
#6077=CARTESIAN_POINT('Ctrl Pts',(-12.4740993378469,-6.6375862498265,43.6));
#6078=CARTESIAN_POINT('Ctrl Pts',(-12.4939457569257,-6.42956641137519,43.6));
#6079=CARTESIAN_POINT('Ctrl Pts',(-12.5038558979645,-6.32569346937311,43.6));
#6080=CARTESIAN_POINT('',(-12.5038558979645,-6.32569346937311,44.1));
#6081=CARTESIAN_POINT('Ctrl Pts',(-12.5038558979645,-6.32569346937311,44.1));
#6082=CARTESIAN_POINT('Ctrl Pts',(-12.4939457569257,-6.42956641137519,44.1));
#6083=CARTESIAN_POINT('Ctrl Pts',(-12.4740993378469,-6.6375862498265,44.1));
#6084=CARTESIAN_POINT('Ctrl Pts',(-12.3402500126711,-6.79807671295727,44.1));
#6085=CARTESIAN_POINT('Ctrl Pts',(-12.2732372127735,-6.87842762452997,44.1));
#6086=CARTESIAN_POINT('',(-12.5038558979645,-6.32569346937311,43.6));
#6087=CARTESIAN_POINT('Ctrl Pts',(-12.2752888861341,-5.77290841872706,43.6));
#6088=CARTESIAN_POINT('Ctrl Pts',(-12.2752888861341,-5.77290841872706,44.1));
#6089=CARTESIAN_POINT('Ctrl Pts',(-12.3422046547848,-5.85327416452454,43.6));
#6090=CARTESIAN_POINT('Ctrl Pts',(-12.3422046547848,-5.85327416452454,44.1));
#6091=CARTESIAN_POINT('Ctrl Pts',(-12.4758593672574,-6.01379328974421,43.6));
#6092=CARTESIAN_POINT('Ctrl Pts',(-12.4758593672574,-6.01379328974421,44.1));
#6093=CARTESIAN_POINT('Ctrl Pts',(-12.4945319556571,-6.22181848175519,43.6));
#6094=CARTESIAN_POINT('Ctrl Pts',(-12.4945319556571,-6.22181848175519,44.1));
#6095=CARTESIAN_POINT('Ctrl Pts',(-12.5038558979645,-6.32569346937311,43.6));
#6096=CARTESIAN_POINT('Ctrl Pts',(-12.5038558979645,-6.32569346937311,44.1));
#6097=CARTESIAN_POINT('Ctrl Pts',(-12.5038558979645,-6.32569346937311,43.6));
#6098=CARTESIAN_POINT('Ctrl Pts',(-12.4945319556571,-6.22181848175519,43.6));
#6099=CARTESIAN_POINT('Ctrl Pts',(-12.4758593672574,-6.01379328974421,43.6));
#6100=CARTESIAN_POINT('Ctrl Pts',(-12.3422046547848,-5.85327416452454,43.6));
#6101=CARTESIAN_POINT('Ctrl Pts',(-12.2752888861341,-5.77290841872706,43.6));
#6102=CARTESIAN_POINT('Ctrl Pts',(-12.2752888861341,-5.77290841872706,44.1));
#6103=CARTESIAN_POINT('Ctrl Pts',(-12.3422046547848,-5.85327416452454,44.1));
#6104=CARTESIAN_POINT('Ctrl Pts',(-12.4758593672574,-6.01379328974421,44.1));
#6105=CARTESIAN_POINT('Ctrl Pts',(-12.4945319556571,-6.22181848175519,44.1));
#6106=CARTESIAN_POINT('Ctrl Pts',(-12.5038558979645,-6.32569346937311,44.1));
#6107=CARTESIAN_POINT('Origin',(-7.97595648769862,-8.85401665615817,44.1));
#6108=CARTESIAN_POINT('Origin',(-25.1730014102412,2.12132034355965,43.6));
#6109=CARTESIAN_POINT('',(2.12132034355959,-24.4658946290545,43.6));
#6110=CARTESIAN_POINT('',(-24.4658946290546,2.12132034355965,43.6));
#6111=CARTESIAN_POINT('',(-17.9958675811977,-4.34870670429726,43.6));
#6112=CARTESIAN_POINT('',(20.4817218768026,-6.10549309581153,43.6));
#6113=CARTESIAN_POINT('',(0.707106781186488,-25.8801081914276,43.6));
#6114=CARTESIAN_POINT('',(9.06194736064026,5.31428142035085,43.6));
#6115=CARTESIAN_POINT('',(-0.749159228323221,15.1253880093144,43.6));
#6116=CARTESIAN_POINT('',(10.5041801207274,6.75651418043802,43.6));
#6117=CARTESIAN_POINT('',(0.780469029099627,-2.96719691118976,43.6));
#6118=CARTESIAN_POINT('',(12.7351493055715,6.86616302172304,43.6));
#6119=CARTESIAN_POINT('',(-6.48367377771529,5.92158624484052,43.6));
#6120=CARTESIAN_POINT('',(12.8533285629043,6.98434227905592,43.6));
#6121=CARTESIAN_POINT('',(2.68751506780128,-3.18147121604798,43.6));
#6122=CARTESIAN_POINT('',(6.98434227905634,12.8533285629039,43.6));
#6123=CARTESIAN_POINT('',(4.73927824878866,15.0983925931716,43.6));
#6124=CARTESIAN_POINT('',(6.86616302172395,12.7351493055715,43.6));
#6125=CARTESIAN_POINT('',(-2.90635841437135,2.96262786947641,43.6));
#6126=CARTESIAN_POINT('',(6.75651418043894,10.5041801207269,43.6));
#6127=CARTESIAN_POINT('',(6.60726973147175,7.46757925241988,43.6));
#6128=CARTESIAN_POINT('',(5.31428142035159,9.06194736063955,43.6));
#6129=CARTESIAN_POINT('',(-2.6014533308093,1.14621260947866,43.6));
#6130=CARTESIAN_POINT('',(-6.10549309581153,20.4817218768027,43.6));
#6131=CARTESIAN_POINT('',(-0.749159228323221,15.1253880093144,43.6));
#6132=CARTESIAN_POINT('',(-25.8801081914277,0.707106781186553,43.6));
#6133=CARTESIAN_POINT('Origin',(-12.2329473145274,-12.2329473145272,16.3));
#6134=CARTESIAN_POINT('',(-12.0987912739547,-10.9528897927268,28.1));
#6135=CARTESIAN_POINT('',(-12.7574569781203,-11.7084376509343,27.1023492975424));
#6136=CARTESIAN_POINT('Origin',(-12.8058980551413,-11.6599965739133,28.1));
#6137=CARTESIAN_POINT('',(-4.57654570801141,-19.8893489210432,16.3));
#6138=CARTESIAN_POINT('Origin',(-12.2329473145274,-12.2329473145272,16.3));
#6139=CARTESIAN_POINT('',(-11.7084376509344,-12.7574569781202,27.1023492975424));
#6140=CARTESIAN_POINT('Origin',(-12.2329473145274,-12.2329473145272,16.3));
#6141=CARTESIAN_POINT('',(-10.952889792727,-12.0987912739545,28.1));
#6142=CARTESIAN_POINT('Origin',(-11.6599965739135,-12.8058980551411,28.1));
#6143=CARTESIAN_POINT('Origin',(-11.5258405333408,-11.5258405333407,16.3));
#6144=CARTESIAN_POINT('Ctrl Pts',(-11.7084376509344,-12.7574569781202,27.1023492975424));
#6145=CARTESIAN_POINT('Ctrl Pts',(-12.0575627263938,-12.4083319026608,27.1362529366189));
#6146=CARTESIAN_POINT('Ctrl Pts',(-12.408331902661,-12.0575627263936,27.1362529366189));
#6147=CARTESIAN_POINT('Ctrl Pts',(-12.7574569781203,-11.7084376509343,27.1023492975424));
#6148=CARTESIAN_POINT('Ctrl Pts',(-11.4968717967364,-12.5458911239221,27.1023492975424));
#6149=CARTESIAN_POINT('Ctrl Pts',(-11.8489154101578,-12.2006265066992,27.1364009942609));
#6150=CARTESIAN_POINT('Ctrl Pts',(-12.2006265066994,-11.8489154101576,27.1364009942609));
#6151=CARTESIAN_POINT('Ctrl Pts',(-12.5458911239223,-11.4968717967362,27.1023492975424));
#6152=CARTESIAN_POINT('Ctrl Pts',(-11.1184709667911,-12.1918257880459,27.3529457359972));
#6153=CARTESIAN_POINT('Ctrl Pts',(-11.4839409346323,-11.8439258291995,27.3791593247969));
#6154=CARTESIAN_POINT('Ctrl Pts',(-11.8439258291997,-11.4839409346321,27.3791593247969));
#6155=CARTESIAN_POINT('Ctrl Pts',(-12.1918257880461,-11.1184709667909,27.3529457359972));
#6156=CARTESIAN_POINT('Ctrl Pts',(-10.9637599449913,-12.0879211216902,27.8761277058793));
#6157=CARTESIAN_POINT('Ctrl Pts',(-11.341684232254,-11.7178875613834,27.8912315346494));
#6158=CARTESIAN_POINT('Ctrl Pts',(-11.7178875613835,-11.3416842322539,27.8912315346494));
#6159=CARTESIAN_POINT('Ctrl Pts',(-12.0879211216904,-10.9637599449911,27.8761277058793));
#6160=CARTESIAN_POINT('Ctrl Pts',(-10.952889792727,-12.0987912739545,28.1));
#6161=CARTESIAN_POINT('Ctrl Pts',(-11.3342583059037,-11.7174227607777,28.1123449362752));
#6162=CARTESIAN_POINT('Ctrl Pts',(-11.7174227607779,-11.3342583059036,28.1123449362752));
#6163=CARTESIAN_POINT('Ctrl Pts',(-12.0987912739547,-10.9528897927268,28.1));
#6164=CARTESIAN_POINT('Ctrl Pts',(-12.0987912739547,-10.9528897927268,28.1));
#6165=CARTESIAN_POINT('Ctrl Pts',(-11.7174227607779,-11.3342583059036,28.1123449362752));
#6166=CARTESIAN_POINT('Ctrl Pts',(-11.3342583059037,-11.7174227607777,28.1123449362752));
#6167=CARTESIAN_POINT('Ctrl Pts',(-10.952889792727,-12.0987912739545,28.1));
#6168=CARTESIAN_POINT('Ctrl Pts',(-11.7084376509344,-12.7574569781202,27.1023492975424));
#6169=CARTESIAN_POINT('Ctrl Pts',(-12.0575627263938,-12.4083319026608,27.1362529366189));
#6170=CARTESIAN_POINT('Ctrl Pts',(-12.408331902661,-12.0575627263936,27.1362529366189));
#6171=CARTESIAN_POINT('Ctrl Pts',(-12.7574569781203,-11.7084376509343,27.1023492975424));
#6172=CARTESIAN_POINT('Origin',(-4.34870670429732,-17.9958675811976,28.1));
#6173=CARTESIAN_POINT('',(-24.8194480196479,1.76776695296638,28.1));
#6174=CARTESIAN_POINT('',(-4.7022600948906,-18.3494209717909,28.1));
#6175=CARTESIAN_POINT('',(-24.4658946290546,2.12132034355965,28.6));
#6176=CARTESIAN_POINT('Origin',(-24.4658946290546,2.12132034355965,28.1));
#6177=CARTESIAN_POINT('',(2.12132034355958,-24.4658946290545,28.6));
#6178=CARTESIAN_POINT('',(-4.34870670429732,-17.9958675811976,28.6));
#6179=CARTESIAN_POINT('',(1.76776695296631,-24.8194480196478,28.1));
#6180=CARTESIAN_POINT('Origin',(2.12132034355958,-24.4658946290545,28.1));
#6181=CARTESIAN_POINT('',(-4.7022600948906,-18.3494209717909,28.1));
#6182=CARTESIAN_POINT('Origin',(-13.6471608769005,-13.6471608769003,16.3));
#6183=CARTESIAN_POINT('',(-5.63720587979123,-20.950009092823,16.3));
#6184=CARTESIAN_POINT('Origin',(-13.2936074863072,-13.293607486307,16.3));
#6185=CARTESIAN_POINT('',(-5.9907592703845,-21.3035624834163,16.3));
#6186=CARTESIAN_POINT('Origin',(-8.76812408671296,-16.4048773235282,52.));
#6187=CARTESIAN_POINT('',(-7.70746391493314,-15.3442171517484,46.5));
#6188=CARTESIAN_POINT('Origin',(-7.70746391493314,-15.3442171517484,52.));
#6189=CARTESIAN_POINT('',(-8.76812408671296,-16.4048773235282,48.));
#6190=CARTESIAN_POINT('Origin',(-8.76812408671296,-16.4048773235282,46.5));
#6191=CARTESIAN_POINT('',(-5.93969696196677,-19.2333044482744,52.));
#6192=CARTESIAN_POINT('Origin',(-8.76812408671296,-16.4048773235282,52.));
#6193=CARTESIAN_POINT('Origin',(-8.76812408671296,-16.4048773235282,52.));
#6194=CARTESIAN_POINT('Origin',(-11.5258405333408,-11.5258405333407,31.1));
#6195=CARTESIAN_POINT('',(1.76776695296631,-24.8194480196478,44.1));
#6196=CARTESIAN_POINT('',(1.76776695296631,-24.8194480196478,56.4651530771643));
#6197=CARTESIAN_POINT('',(1.76776695296631,-24.8194480196478,46.65));
#6198=CARTESIAN_POINT('',(-24.8194480196479,1.76776695296638,44.1));
#6199=CARTESIAN_POINT('',(-18.349420971791,-4.70226009489053,44.1));
#6200=CARTESIAN_POINT('',(-24.8194480196479,1.76776695296638,56.4651530771658));
#6201=CARTESIAN_POINT('',(-24.8194480196479,1.76776695296638,15.55));
#6202=CARTESIAN_POINT('',(-22.9456150495034,-0.106066017178112,54.45));
#6203=CARTESIAN_POINT('Origin',(-22.9456150495034,-0.106066017178113,57.2));
#6204=CARTESIAN_POINT('',(-24.8194480196479,1.76776695296638,57.9348469228342));
#6205=CARTESIAN_POINT('Origin',(-22.9456150495034,-0.106066017178113,57.2));
#6206=CARTESIAN_POINT('',(-24.8194480196479,1.76776695296638,61.7));
#6207=CARTESIAN_POINT('',(-24.8194480196479,1.76776695296638,15.55));
#6208=CARTESIAN_POINT('',(1.76776695296631,-24.8194480196478,61.7));
#6209=CARTESIAN_POINT('',(-18.349420971791,-4.70226009489053,61.7));
#6210=CARTESIAN_POINT('',(1.76776695296631,-24.8194480196478,57.9348469228358));
#6211=CARTESIAN_POINT('',(1.76776695296631,-24.8194480196478,46.65));
#6212=CARTESIAN_POINT('',(-0.106066017177885,-22.9456150495036,54.45));
#6213=CARTESIAN_POINT('Origin',(-0.106066017177886,-22.9456150495036,57.2));
#6214=CARTESIAN_POINT('Origin',(-0.106066017177886,-22.9456150495036,57.2));
#6215=CARTESIAN_POINT('',(-20.3646752981724,-2.68700576850913,58.0000000000001));
#6216=CARTESIAN_POINT('',(-11.8793939239338,-11.1722871427477,58.0000000000001));
#6217=CARTESIAN_POINT('',(-15.4149278298667,-7.63675323681483,58.0000000000001));
#6218=CARTESIAN_POINT('',(-20.3646752981724,-2.68700576850913,46.0000000000002));
#6219=CARTESIAN_POINT('',(-20.3646752981724,-2.68700576850913,39.3000000000001));
#6220=CARTESIAN_POINT('',(-11.8793939239338,-11.1722871427477,46.0000000000001));
#6221=CARTESIAN_POINT('',(-12.2329473145272,-10.8187337521543,46.0000000000001));
#6222=CARTESIAN_POINT('',(-11.8793939239338,-11.1722871427477,43.8000000000001));
#6223=CARTESIAN_POINT('Origin',(-9.82878425849278,-17.465537495308,52.));
#6224=CARTESIAN_POINT('',(-6.64680374315332,-19.9404112294609,52.));
#6225=CARTESIAN_POINT('Origin',(-9.47523086789951,-17.1119841047147,52.));
#6226=CARTESIAN_POINT('',(-7.00035713374659,-20.2939646200542,52.));
#6227=CARTESIAN_POINT('Origin',(-16.4755880016465,-8.69741340859465,58.0000000000001));
#6228=CARTESIAN_POINT('',(-14.0007142674934,-11.1722871427477,56.5000000000001));
#6229=CARTESIAN_POINT('Origin',(-12.9400540957136,-12.2329473145275,58.0000000000001));
#6230=CARTESIAN_POINT('',(-20.3646752981724,-4.80832611206877,56.5000000000001));
#6231=CARTESIAN_POINT('',(-16.4755880016465,-8.69741340859465,56.5000000000001));
#6232=CARTESIAN_POINT('Origin',(-21.4253354699522,-3.74766594028895,58.0000000000001));
#6233=CARTESIAN_POINT('Origin',(-21.4253354699522,-3.74766594028895,39.3000000000001));
#6234=CARTESIAN_POINT('',(-20.3646752981724,-4.80832611206877,47.5000000000002));
#6235=CARTESIAN_POINT('',(-20.3646752981724,-4.80832611206877,39.3000000000001));
#6236=CARTESIAN_POINT('Origin',(-21.4253354699522,-3.74766594028895,46.0000000000002));
#6237=CARTESIAN_POINT('Origin',(-13.293607486307,-11.8793939239341,46.0000000000001));
#6238=CARTESIAN_POINT('',(-14.0007142674934,-11.1722871427477,47.5000000000001));
#6239=CARTESIAN_POINT('',(-13.293607486307,-11.8793939239341,47.5000000000001));
#6240=CARTESIAN_POINT('Origin',(-12.9400540957136,-12.2329473145275,46.0000000000001));
#6241=CARTESIAN_POINT('Origin',(-12.9400540957136,-12.2329473145275,43.8000000000001));
#6242=CARTESIAN_POINT('',(-14.0007142674934,-11.1722871427477,43.8000000000001));
#6243=CARTESIAN_POINT('Origin',(-21.4253354699522,-5.8689862838486,47.5000000000002));
#6244=CARTESIAN_POINT('',(-21.0717820793589,-5.51543289325533,56.5000000000001));
#6245=CARTESIAN_POINT('',(-21.4253354699522,-5.8689862838486,56.5000000000001));
#6246=CARTESIAN_POINT('',(-21.0717820793589,-5.51543289325533,47.5000000000002));
#6247=CARTESIAN_POINT('',(-21.0717820793589,-5.51543289325532,39.3000000000001));
#6248=CARTESIAN_POINT('',(-21.4253354699522,-5.8689862838486,47.5000000000002));
#6249=CARTESIAN_POINT('Origin',(-21.4253354699522,-5.8689862838486,56.5000000000001));
#6250=CARTESIAN_POINT('',(-14.70782104868,-11.8793939239343,56.5000000000001));
#6251=CARTESIAN_POINT('',(-15.0613744392733,-12.2329473145275,56.5000000000001));
#6252=CARTESIAN_POINT('',(-17.182694782833,-9.40452018978121,56.5000000000001));
#6253=CARTESIAN_POINT('Origin',(18.0083136755309,14.2606477352415,31.003246352777));
#6254=CARTESIAN_POINT('',(6.73270311052661,2.27793038905064,31.003246352777));
#6255=CARTESIAN_POINT('',(5.81694955611307,1.3621768346371,31.003246352777));
#6256=CARTESIAN_POINT('',(18.3618670661242,13.9070943446482,31.003246352777));
#6257=CARTESIAN_POINT('',(5.29853151191948,1.55086557163006,30.503246352777));
#6258=CARTESIAN_POINT('Origin',(5.4633961655198,1.71573022523037,31.003246352777));
#6259=CARTESIAN_POINT('',(6.51552592125204,2.76785998096261,30.503246352777));
#6260=CARTESIAN_POINT('',(18.0083136755309,14.2606477352415,30.503246352777));
#6261=CARTESIAN_POINT('Origin',(6.51552592125204,2.76785998096261,31.003246352777));
#6262=CARTESIAN_POINT('Origin',(18.2058675950911,3.34242301279223,31.003246352777));
#6263=CARTESIAN_POINT('',(8.74649510609607,2.87750882224763,30.503246352777));
#6264=CARTESIAN_POINT('',(18.2058675950911,3.34242301279223,30.503246352777));
#6265=CARTESIAN_POINT('',(8.96367229537066,2.38757923033566,31.003246352777));
#6266=CARTESIAN_POINT('Origin',(8.74649510609607,2.87750882224763,31.003246352777));
#6267=CARTESIAN_POINT('',(8.98773007454452,2.41163700950952,31.152664472142));
#6268=CARTESIAN_POINT('Origin',(9.49015150104427,2.91405843600932,31.003246352777));
#6269=CARTESIAN_POINT('',(6.75676088970047,2.3019881682245,31.152664472142));
#6270=CARTESIAN_POINT('',(18.229290648332,2.86584606603307,31.152664472142));
#6271=CARTESIAN_POINT('Origin',(7.25918231620027,2.8044095947243,31.003246352777));
#6272=CARTESIAN_POINT('Origin',(19.9153597142314,14.0463734303839,31.003246352777));
#6273=CARTESIAN_POINT('',(8.86467436342894,2.99568807958052,30.503246352777));
#6274=CARTESIAN_POINT('',(19.9153597142314,14.0463734303839,30.503246352777));
#6275=CARTESIAN_POINT('',(9.50553074548472,2.99568807958053,30.7919372219066));
#6276=CARTESIAN_POINT('Origin',(8.86467436342894,2.99568807958051,31.003246352777));
#6277=CARTESIAN_POINT('',(9.60833075837714,3.0322376933422,31.003246352777));
#6278=CARTESIAN_POINT('Origin',(9.25477736778387,3.38579108393547,31.003246352777));
#6279=CARTESIAN_POINT('',(20.2689131048247,13.6928200397906,31.003246352777));
#6280=CARTESIAN_POINT('Origin',(7.5742044877636,4.28615795524586,31.003246352777));
#6281=CARTESIAN_POINT('',(2.99568807958094,8.86467436342852,30.503246352777));
#6282=CARTESIAN_POINT('',(7.5742044877636,4.28615795524586,30.503246352777));
#6283=CARTESIAN_POINT('',(2.99568807958094,9.50553074548431,30.7919372219066));
#6284=CARTESIAN_POINT('Origin',(2.99568807958094,8.86467436342852,31.003246352777));
#6285=CARTESIAN_POINT('',(7.89463267879149,4.60658614627376,30.7919372219066));
#6286=CARTESIAN_POINT('Origin',(14.6263913156219,18.3740572559099,31.003246352777));
#6287=CARTESIAN_POINT('',(2.76785998096355,6.51552592125151,30.503246352777));
#6288=CARTESIAN_POINT('',(1.5508655716308,5.29853151191876,30.503246352777));
#6289=CARTESIAN_POINT('',(14.6263913156219,18.3740572559099,30.503246352777));
#6290=CARTESIAN_POINT('',(1.36217683463784,5.81694955611235,31.003246352777));
#6291=CARTESIAN_POINT('Origin',(1.71573022523112,5.46339616551908,31.003246352777));
#6292=CARTESIAN_POINT('',(2.27793038905157,6.73270311052608,31.003246352777));
#6293=CARTESIAN_POINT('',(14.2728379250287,18.7276106465032,31.003246352777));
#6294=CARTESIAN_POINT('Origin',(2.76785998096355,6.51552592125151,31.003246352777));
#6295=CARTESIAN_POINT('Origin',(3.39187134115569,19.2119675732251,31.003246352777));
#6296=CARTESIAN_POINT('',(2.87750882224856,8.74649510609614,30.503246352777));
#6297=CARTESIAN_POINT('',(3.39187134115569,19.2119675732251,30.503246352777));
#6298=CARTESIAN_POINT('',(2.30198816822543,6.75676088969994,31.152664472142));
#6299=CARTESIAN_POINT('Origin',(2.80440959472522,7.25918231619973,31.003246352777));
#6300=CARTESIAN_POINT('',(2.41163700951044,8.98773007454458,31.152664472142));
#6301=CARTESIAN_POINT('',(2.91529439439652,19.235390626466,31.152664472142));
#6302=CARTESIAN_POINT('',(2.38757923033658,8.96367229537072,31.003246352777));
#6303=CARTESIAN_POINT('Origin',(2.91405843601023,9.49015150104436,31.003246352777));
#6304=CARTESIAN_POINT('Origin',(2.87750882224856,8.74649510609614,31.003246352777));
#6305=CARTESIAN_POINT('Origin',(14.3214862320601,20.1904725159075,31.003246352777));
#6306=CARTESIAN_POINT('',(14.3214862320601,20.1904725159075,30.503246352777));
#6307=CARTESIAN_POINT('',(3.03223769334261,9.60833075837673,31.003246352777));
#6308=CARTESIAN_POINT('',(13.9679328414669,20.5440259065008,31.003246352777));
#6309=CARTESIAN_POINT('Origin',(3.38579108393588,9.25477736778346,31.003246352777));
#6310=CARTESIAN_POINT('Origin',(12.2979861727479,7.84321345127195,47.9580413738561));
#6311=CARTESIAN_POINT('',(12.9271167410385,6.35102367600346,43.1));
#6312=CARTESIAN_POINT('',(14.3199309176109,7.74383785257589,47.3241139812452));
#6313=CARTESIAN_POINT('',(12.9424024545329,6.39862105273318,43.2494181193651));
#6314=CARTESIAN_POINT('Origin',(12.1834603460903,6.31447406224178,43.1));
#6315=CARTESIAN_POINT('',(10.7114332696888,6.28897221144816,43.2494181193651));
#6316=CARTESIAN_POINT('',(-6.46025072447444,5.44500929808136,43.2494181193651));
#6317=CARTESIAN_POINT('',(10.6961475561944,6.24137483471844,43.1));
#6318=CARTESIAN_POINT('Origin',(9.95249116124618,6.20482522095676,43.1));
#6319=CARTESIAN_POINT('',(12.2979861727479,7.84321345127195,47.9580413738561));
#6320=CARTESIAN_POINT('Origin',(14.3199309176109,7.74383785257589,47.3241139812452));
#6321=CARTESIAN_POINT('',(13.5273101445255,6.95121707949056,42.8886908691297));
#6322=CARTESIAN_POINT('',(14.8701565209634,8.29406345592844,46.9612629672503));
#6323=CARTESIAN_POINT('',(13.5604353440909,6.98434227905594,43.1));
#6324=CARTESIAN_POINT('Origin',(13.2068819534976,6.63078888846263,43.1));
#6325=CARTESIAN_POINT('',(3.04106845839456,-3.53502460664124,43.1));
#6326=CARTESIAN_POINT('Origin',(14.8701565209634,8.29406345592844,46.9612629672503));
#6327=CARTESIAN_POINT('',(6.95121707949096,13.5273101445251,42.8886908691297));
#6328=CARTESIAN_POINT('',(8.29406345592884,14.870156520963,46.9612629672503));
#6329=CARTESIAN_POINT('',(5.05970643981656,15.4188207841995,42.8886908691297));
#6330=CARTESIAN_POINT('Origin',(8.29406345592884,14.870156520963,46.9612629672503));
#6331=CARTESIAN_POINT('',(6.35102367600438,12.9271167410385,43.1));
#6332=CARTESIAN_POINT('',(7.74383785257672,14.3199309176109,47.3241139812449));
#6333=CARTESIAN_POINT('',(6.98434227905634,13.5604353440905,43.1));
#6334=CARTESIAN_POINT('',(-3.25991180496462,3.31618126006969,43.1));
#6335=CARTESIAN_POINT('Origin',(6.63078888846307,13.2068819534972,43.1));
#6336=CARTESIAN_POINT('Origin',(7.74383785257672,14.3199309176109,47.324113981245));
#6337=CARTESIAN_POINT('',(6.24137483471937,10.6961475561939,43.1));
#6338=CARTESIAN_POINT('',(7.84321345127285,12.2979861727474,47.958041373856));
#6339=CARTESIAN_POINT('',(6.28897221144908,10.7114332696883,43.2494181193651));
#6340=CARTESIAN_POINT('Origin',(6.2048252209577,9.95249116124567,43.1));
#6341=CARTESIAN_POINT('',(6.39862105273409,12.9424024545329,43.2494181193651));
#6342=CARTESIAN_POINT('',(6.13069278471259,7.49100230566072,43.2494181193651));
#6343=CARTESIAN_POINT('Origin',(6.31447406224271,12.1834603460903,43.1));
#6344=CARTESIAN_POINT('Origin',(7.84321345127285,12.2979861727474,47.958041373856));
#6345=CARTESIAN_POINT('',(5.2811562207862,9.73592894226072,42.8886908691297));
#6346=CARTESIAN_POINT('',(7.1117262905134,11.5664990119879,48.4404268833427));
#6347=CARTESIAN_POINT('',(5.31428142035159,9.7690541418261,43.1));
#6348=CARTESIAN_POINT('Origin',(4.9607280297583,9.41550075123283,43.1));
#6349=CARTESIAN_POINT('',(-2.95500672140257,1.49976600007193,43.1));
#6350=CARTESIAN_POINT('Origin',(-24.4658946290546,2.12132034355966,28.1));
#6351=CARTESIAN_POINT('',(-25.5265548008344,1.76776695296638,28.1));
#6352=CARTESIAN_POINT('Origin',(-25.1730014102412,1.41421356237311,28.1));
#6353=CARTESIAN_POINT('',(-24.8194480196479,2.47487373415293,29.1));
#6354=CARTESIAN_POINT('Origin',(-24.8194480196479,2.47487373415293,28.1));
#6355=CARTESIAN_POINT('Origin',(-24.4658946290546,2.12132034355966,29.1));
#6356=CARTESIAN_POINT('Origin',(-25.1730014102412,1.41421356237311,15.55));
#6357=CARTESIAN_POINT('',(-24.8194480196479,1.76776695296638,5.73484692283423));
#6358=CARTESIAN_POINT('',(-24.8194480196479,1.76776695296638,4.26515307716577));
#6359=CARTESIAN_POINT('Ctrl Pts',(-24.8194480196479,1.76776695296638,5.73484692283423));
#6360=CARTESIAN_POINT('Ctrl Pts',(-24.8293082817455,1.77762721506404,5.68456030220963));
#6361=CARTESIAN_POINT('Ctrl Pts',(-24.8382829919745,1.78579762149149,5.63313206640428));
#6362=CARTESIAN_POINT('Ctrl Pts',(-24.8757448135971,1.81813871052814,5.38778360189774));
#6363=CARTESIAN_POINT('Ctrl Pts',(-24.8901586977664,1.82652412493477,5.18574369014062));
#6364=CARTESIAN_POINT('Ctrl Pts',(-24.8901586977664,1.82652412493477,5.));
#6365=CARTESIAN_POINT('Ctrl Pts',(-24.8901586977664,1.82652412493477,4.81425630985938));
#6366=CARTESIAN_POINT('Ctrl Pts',(-24.8757448135971,1.81813871052814,4.61221639810226));
#6367=CARTESIAN_POINT('Ctrl Pts',(-24.8382829919745,1.78579762149149,4.36686793359572));
#6368=CARTESIAN_POINT('Ctrl Pts',(-24.8293082817455,1.77762721506404,4.31543969779037));
#6369=CARTESIAN_POINT('Ctrl Pts',(-24.8194480196479,1.76776695296638,4.26515307716577));
#6370=CARTESIAN_POINT('',(-24.8194480196479,1.76776695296638,0.499999999999998));
#6371=CARTESIAN_POINT('',(-24.8194480196479,1.76776695296638,15.55));
#6372=CARTESIAN_POINT('',(-25.5265548008344,1.76776695296638,0.));
#6373=CARTESIAN_POINT('Origin',(-25.1730014102412,1.41421356237311,0.499999999999996));
#6374=CARTESIAN_POINT('',(-25.5265548008344,1.76776695296638,15.55));
#6375=CARTESIAN_POINT('',(-24.8194480196479,1.76776695296638,15.55));
#6376=CARTESIAN_POINT('Origin',(-5.05581348548387,-18.7029743623842,0.499999999999998));
#6377=CARTESIAN_POINT('',(1.76776695296631,-24.8194480196478,0.499999999999998));
#6378=CARTESIAN_POINT('',(-4.7022600948906,-18.3494209717909,0.499999999999998));
#6379=CARTESIAN_POINT('',(1.76776695296631,-25.5265548008343,0.));
#6380=CARTESIAN_POINT('Origin',(1.41421356237304,-25.1730014102411,0.499999999999998));
#6381=CARTESIAN_POINT('',(-5.05581348548387,-18.7029743623842,0.));
#6382=CARTESIAN_POINT('Origin',(2.12132034355958,-24.4658946290545,28.1));
#6383=CARTESIAN_POINT('',(2.47487373415286,-24.8194480196478,29.1));
#6384=CARTESIAN_POINT('',(1.76776695296631,-25.5265548008343,28.1));
#6385=CARTESIAN_POINT('Origin',(2.47487373415286,-24.8194480196478,28.1));
#6386=CARTESIAN_POINT('Origin',(1.41421356237304,-25.1730014102411,28.1));
#6387=CARTESIAN_POINT('Origin',(2.12132034355958,-24.4658946290545,29.1));
#6388=CARTESIAN_POINT('Origin',(1.41421356237304,-25.1730014102411,46.65));
#6389=CARTESIAN_POINT('',(1.76776695296631,-24.8194480196478,4.26515307716426));
#6390=CARTESIAN_POINT('',(1.76776695296631,-24.8194480196478,5.73484692283574));
#6391=CARTESIAN_POINT('Ctrl Pts',(1.76776695296631,-24.8194480196478,4.26515307716426));
#6392=CARTESIAN_POINT('Ctrl Pts',(1.77762721506406,-24.8293082817455,4.31543969778921));
#6393=CARTESIAN_POINT('Ctrl Pts',(1.78579762149158,-24.8382829919746,4.36686793359495));
#6394=CARTESIAN_POINT('Ctrl Pts',(1.81813871052828,-24.8757448135973,4.612216398102));
#6395=CARTESIAN_POINT('Ctrl Pts',(1.82652412493491,-24.8901586977666,4.81425630985926));
#6396=CARTESIAN_POINT('Ctrl Pts',(1.82652412493491,-24.8901586977666,5.));
#6397=CARTESIAN_POINT('Ctrl Pts',(1.82652412493491,-24.8901586977666,5.18574369014074));
#6398=CARTESIAN_POINT('Ctrl Pts',(1.81813871052828,-24.8757448135973,5.387783601898));
#6399=CARTESIAN_POINT('Ctrl Pts',(1.78579762149158,-24.8382829919746,5.63313206640506));
#6400=CARTESIAN_POINT('Ctrl Pts',(1.77762721506406,-24.8293082817455,5.68456030221079));
#6401=CARTESIAN_POINT('Ctrl Pts',(1.76776695296631,-24.8194480196478,5.73484692283574));
#6402=CARTESIAN_POINT('',(1.76776695296631,-24.8194480196478,46.65));
#6403=CARTESIAN_POINT('',(1.76776695296631,-25.5265548008343,46.65));
#6404=CARTESIAN_POINT('',(1.76776695296631,-24.8194480196478,46.65));
#6405=CARTESIAN_POINT('Origin',(0.707106781186487,-25.8801081914276,29.1));
#6406=CARTESIAN_POINT('',(16.6091679709421,-10.6851537828585,29.1));
#6407=CARTESIAN_POINT('',(1.06066017177976,-26.2336615820209,29.1));
#6408=CARTESIAN_POINT('',(15.8655115759939,-10.7217033966202,28.6));
#6409=CARTESIAN_POINT('',(0.707106781186487,-25.8801081914276,28.6));
#6410=CARTESIAN_POINT('',(16.5063679580497,-10.7217033966202,28.8886908691297));
#6411=CARTESIAN_POINT('Origin',(15.8655115759939,-10.7217033966202,29.1));
#6412=CARTESIAN_POINT('Origin',(16.2556145803488,-10.3316003922653,29.1));
#6413=CARTESIAN_POINT('Origin',(8.28179134776843,-3.13798316839467,29.1));
#6414=CARTESIAN_POINT('',(-10.7217033966202,16.5063679580499,28.8886908691297));
#6415=CARTESIAN_POINT('',(8.60221953879632,-2.81755497736678,28.8886908691297));
#6416=CARTESIAN_POINT('',(-10.7217033966202,15.8655115759941,28.6));
#6417=CARTESIAN_POINT('',(8.28179134776843,-3.13798316839467,28.6));
#6418=CARTESIAN_POINT('Origin',(-10.7217033966202,15.8655115759941,29.1));
#6419=CARTESIAN_POINT('Origin',(-25.8801081914277,0.707106781186555,29.1));
#6420=CARTESIAN_POINT('',(-25.8801081914277,0.707106781186555,28.6));
#6421=CARTESIAN_POINT('',(-10.6851537828585,16.6091679709423,29.1));
#6422=CARTESIAN_POINT('',(-26.233661582021,1.06066017177983,29.1));
#6423=CARTESIAN_POINT('Origin',(-10.3316003922653,16.255614580349,29.1));
#6424=CARTESIAN_POINT('Origin',(-11.5258405333408,-11.5258405333407,31.1));
#6425=CARTESIAN_POINT('',(-0.106066017177885,-22.9456150495036,2.25));
#6426=CARTESIAN_POINT('Origin',(-0.106066017177886,-22.9456150495036,5.));
#6427=CARTESIAN_POINT('Origin',(-0.106066017177886,-22.9456150495036,5.));
#6428=CARTESIAN_POINT('',(-22.9456150495034,-0.106066017178116,2.24999999999999));
#6429=CARTESIAN_POINT('Origin',(-22.9456150495034,-0.106066017178116,5.));
#6430=CARTESIAN_POINT('Origin',(-22.9456150495034,-0.106066017178116,5.));
#6431=CARTESIAN_POINT('Origin',(-0.565685424949144,-23.4052344572749,5.));
#6432=CARTESIAN_POINT('',(-1.0253048327204,-23.8648538650461,3.55));
#6433=CARTESIAN_POINT('',(-0.565685424949144,-23.4052344572749,2.9));
#6434=CARTESIAN_POINT('Origin',(-1.0253048327204,-23.8648538650461,5.));
#6435=CARTESIAN_POINT('Origin',(-5.77315972805081E-14,-27.2943217538007,
0.));
#6436=CARTESIAN_POINT('',(0.353553390593215,-26.9407683632074,0.));
#6437=CARTESIAN_POINT('',(-5.77315972805081E-14,-27.2943217538007,0.));
#6438=CARTESIAN_POINT('',(-26.9407683632075,0.353553390593278,0.));
#6439=CARTESIAN_POINT('',(-6.47002704785697,-20.1171879247573,0.));
#6440=CARTESIAN_POINT('',(-27.2943217538008,4.44089209850063E-15,0.));
#6441=CARTESIAN_POINT('Origin',(-5.99520433297585E-14,-27.2943217538007,
62.2));
#6442=CARTESIAN_POINT('',(16.8692224648157,-10.4250992889849,29.8886908691297));
#6443=CARTESIAN_POINT('',(22.7968330505151,-4.49748870328558,47.8658935510035));
#6444=CARTESIAN_POINT('',(16.9023476643811,-10.3919740894196,30.1));
#6445=CARTESIAN_POINT('Origin',(16.5487942737878,-10.7455274800129,30.1));
#6446=CARTESIAN_POINT('',(2.47487373415286,-24.8194480196478,30.1));
#6447=CARTESIAN_POINT('',(1.06066017177976,-26.2336615820209,30.1));
#6448=CARTESIAN_POINT('',(1.76776695296631,-25.5265548008343,31.1));
#6449=CARTESIAN_POINT('Origin',(2.47487373415286,-24.8194480196478,31.1));
#6450=CARTESIAN_POINT('',(1.76776695296631,-25.5265548008343,38.1));
#6451=CARTESIAN_POINT('',(1.76776695296631,-25.5265548008343,46.65));
#6452=CARTESIAN_POINT('',(2.47487373415286,-24.8194480196478,39.1));
#6453=CARTESIAN_POINT('Origin',(2.47487373415286,-24.8194480196478,38.1));
#6454=CARTESIAN_POINT('',(19.5163580385934,-7.77796371520728,39.1));
#6455=CARTESIAN_POINT('',(1.06066017177976,-26.2336615820209,39.1));
#6456=CARTESIAN_POINT('',(20.8352752673958,-6.45904648640481,43.1));
#6457=CARTESIAN_POINT('',(22.4764048594872,-4.81791689431348,48.0772026818739));
#6458=CARTESIAN_POINT('',(2.47487373415286,-24.8194480196478,43.1));
#6459=CARTESIAN_POINT('',(1.06066017177976,-26.2336615820209,43.1));
#6460=CARTESIAN_POINT('',(1.76776695296631,-25.5265548008343,44.1));
#6461=CARTESIAN_POINT('Origin',(2.47487373415286,-24.8194480196478,44.1));
#6462=CARTESIAN_POINT('',(1.76776695296631,-25.5265548008343,62.2));
#6463=CARTESIAN_POINT('',(1.76776695296631,-25.5265548008343,46.65));
#6464=CARTESIAN_POINT('',(0.353553390593212,-26.9407683632074,62.2));
#6465=CARTESIAN_POINT('',(-5.99520433297585E-14,-27.2943217538007,62.2));
#6466=CARTESIAN_POINT('',(0.353553390593213,-26.9407683632074,46.65));
#6467=CARTESIAN_POINT('Origin',(2.12132034355959,-25.1730014102411,28.6));
#6468=CARTESIAN_POINT('Origin',(-7.28319984622132,-15.0613744392736,31.1));
#6469=CARTESIAN_POINT('',(-7.6367532368146,-15.4149278298669,31.1));
#6470=CARTESIAN_POINT('',(-7.6367532368146,-14.7078210486803,31.1));
#6471=CARTESIAN_POINT('Origin',(-7.28319984622132,-15.0613744392736,31.1));
#6472=CARTESIAN_POINT('',(-7.28319984622132,-15.0613744392736,30.6));
#6473=CARTESIAN_POINT('Origin',(-7.28319984622132,-15.0613744392736,31.1));
#6474=CARTESIAN_POINT('Origin',(-7.28319984622132,-15.0613744392736,31.1));
#6475=CARTESIAN_POINT('Origin',(-15.0613744392733,-7.2831998462216,31.1));
#6476=CARTESIAN_POINT('',(-15.4149278298666,-7.63675323681487,31.1));
#6477=CARTESIAN_POINT('',(-15.0613744392733,-7.2831998462216,30.6));
#6478=CARTESIAN_POINT('Origin',(-15.0613744392733,-7.2831998462216,31.1));
#6479=CARTESIAN_POINT('',(-14.7078210486801,-7.63675323681487,31.1));
#6480=CARTESIAN_POINT('Origin',(-15.0613744392733,-7.2831998462216,31.1));
#6481=CARTESIAN_POINT('Origin',(-15.0613744392733,-7.2831998462216,31.1));
#6482=CARTESIAN_POINT('Origin',(2.68751506780128,-3.18147121604798,43.1));
#6483=CARTESIAN_POINT('Origin',(12.7351493055715,6.86616302172304,43.1));
#6484=CARTESIAN_POINT('Origin',(12.8533285629043,6.98434227905592,43.1));
#6485=CARTESIAN_POINT('Origin',(2.12132034355958,-24.4658946290545,31.1));
#6486=CARTESIAN_POINT('',(1.76776695296631,-24.8194480196478,31.1));
#6487=CARTESIAN_POINT('',(2.12132034355959,-24.4658946290545,30.6));
#6488=CARTESIAN_POINT('Origin',(2.12132034355959,-24.4658946290545,31.1));
#6489=CARTESIAN_POINT('Origin',(1.41421356237304,-25.1730014102411,31.1));
#6490=CARTESIAN_POINT('Origin',(2.12132034355958,-24.4658946290545,30.1));
#6491=CARTESIAN_POINT('Ctrl Pts',(6.766896610021,-0.304171201844741,31.1));
#6492=CARTESIAN_POINT('Ctrl Pts',(6.69290552650853,-0.378162285357221,30.9878002623718));
#6493=CARTESIAN_POINT('Ctrl Pts',(6.58447395393951,-0.615709454245754,30.7254799788073));
#6494=CARTESIAN_POINT('Ctrl Pts',(6.68493776631465,-0.88167097253962,30.6));
#6495=CARTESIAN_POINT('Ctrl Pts',(6.79072069341366,-0.987453899638628,30.6));
#6496=CARTESIAN_POINT('Ctrl Pts',(6.81483255530368,-0.25623525656206,31.0683882279439));
#6497=CARTESIAN_POINT('Ctrl Pts',(6.74877041964312,-0.332356915718822,30.9542948365922));
#6498=CARTESIAN_POINT('Ctrl Pts',(6.66441036281126,-0.576685919553275,30.7001656790343));
#6499=CARTESIAN_POINT('Ctrl Pts',(6.76199564126915,-0.823561773978715,30.6));
#6500=CARTESIAN_POINT('Ctrl Pts',(6.85830423017136,-0.919870362880928,30.6));
#6501=CARTESIAN_POINT('Ctrl Pts',(6.88634071699259,-0.136341096032414,31.0052772728422));
#6502=CARTESIAN_POINT('Ctrl Pts',(6.83309041984118,-0.213748520018486,30.8797016136258));
#6503=CARTESIAN_POINT('Ctrl Pts',(6.79308953693929,-0.468178165243716,30.6158842238738));
#6504=CARTESIAN_POINT('Ctrl Pts',(6.90349100688656,-0.695806770099508,30.5436803007878));
#6505=CARTESIAN_POINT('Ctrl Pts',(6.99292941491967,-0.78524517813262,30.5436803007878));
#6506=CARTESIAN_POINT('Ctrl Pts',(6.90283696365844,0.116709665954564,30.9163997244211));
#6507=CARTESIAN_POINT('Ctrl Pts',(6.85434562923669,0.0429547515879447,30.7505060606604));
#6508=CARTESIAN_POINT('Ctrl Pts',(6.85113510580178,-0.223834609070287,30.3924502022331));
#6509=CARTESIAN_POINT('Ctrl Pts',(7.03163256305042,-0.500848368253604,30.27941934915));
#6510=CARTESIAN_POINT('Ctrl Pts',(7.15447939392455,-0.623695199127736,30.27941934915));
#6511=CARTESIAN_POINT('Ctrl Pts',(6.81310860577988,0.290473184452168,30.8886908691297));
#6512=CARTESIAN_POINT('Ctrl Pts',(6.75085117757478,0.218574825634159,30.6849417622626));
#6513=CARTESIAN_POINT('Ctrl Pts',(6.72770670408653,-0.065252271900865,30.2195450255184));
#6514=CARTESIAN_POINT('Ctrl Pts',(6.97600760434926,-0.446198318037964,30.0186248916889));
#6515=CARTESIAN_POINT('Ctrl Pts',(7.15399193968179,-0.624182653370498,30.0186248916889));
#6516=CARTESIAN_POINT('Ctrl Pts',(6.73377141045562,0.369810379776425,30.8886908691297));
#6517=CARTESIAN_POINT('Ctrl Pts',(6.65978032694315,0.295819296263944,30.6642913938732));
#6518=CARTESIAN_POINT('Ctrl Pts',(6.61590655253388,-0.00628567078435003,
30.1396508267443));
#6519=CARTESIAN_POINT('Ctrl Pts',(6.89958303024353,-0.455459854412722,29.8886908691296));
#6520=CARTESIAN_POINT('Ctrl Pts',(7.11114888444155,-0.667025708610742,29.8886908691296));
#6521=CARTESIAN_POINT('',(7.11114888444155,-0.667025708610745,29.8886908691297));
#6522=CARTESIAN_POINT('',(6.73377141045562,0.369810379776419,30.8886908691297));
#6523=CARTESIAN_POINT('Origin',(7.44087819164217,-0.337296401410127,30.8886908691297));
#6524=CARTESIAN_POINT('',(6.766896610021,-0.304171201844743,31.1));
#6525=CARTESIAN_POINT('Origin',(6.41334321942773,0.0493821887485274,31.1));
#6526=CARTESIAN_POINT('',(6.79072069341365,-0.987453899638638,30.6));
#6527=CARTESIAN_POINT('Origin',(7.12045000061428,-0.657724592438013,31.1));
#6528=CARTESIAN_POINT('Origin',(6.79072069341365,-0.987453899638638,30.1));
#6529=CARTESIAN_POINT('Origin',(-7.28319984622132,-15.0613744392736,38.1));
#6530=CARTESIAN_POINT('',(-7.6367532368146,-15.4149278298669,38.1));
#6531=CARTESIAN_POINT('',(-7.28319984622132,-15.0613744392736,38.6));
#6532=CARTESIAN_POINT('Origin',(-7.28319984622132,-15.0613744392736,38.1));
#6533=CARTESIAN_POINT('',(-7.6367532368146,-14.7078210486803,38.1));
#6534=CARTESIAN_POINT('Origin',(-7.28319984622132,-15.0613744392736,38.1));
#6535=CARTESIAN_POINT('Origin',(-7.28319984622132,-15.0613744392736,38.1));
#6536=CARTESIAN_POINT('Origin',(-7.28319984622132,-15.0613744392736,34.85));
#6537=CARTESIAN_POINT('',(-7.6367532368146,-15.4149278298669,34.85));
#6538=CARTESIAN_POINT('',(-7.6367532368146,-14.7078210486803,34.85));
#6539=CARTESIAN_POINT('Origin',(-24.4658946290546,2.12132034355965,31.1));
#6540=CARTESIAN_POINT('',(-24.8194480196479,2.47487373415293,30.1));
#6541=CARTESIAN_POINT('',(-25.5265548008344,1.76776695296638,31.1));
#6542=CARTESIAN_POINT('Origin',(-24.8194480196479,2.47487373415292,31.1));
#6543=CARTESIAN_POINT('',(-24.8194480196479,1.76776695296638,31.1));
#6544=CARTESIAN_POINT('Origin',(-25.1730014102412,1.41421356237311,31.1));
#6545=CARTESIAN_POINT('',(-24.4658946290546,2.12132034355965,30.6));
#6546=CARTESIAN_POINT('Origin',(-24.4658946290546,2.12132034355966,31.1));
#6547=CARTESIAN_POINT('Origin',(-24.4658946290546,2.12132034355965,30.1));
#6548=CARTESIAN_POINT('Origin',(-15.0613744392733,-7.2831998462216,30.85));
#6549=CARTESIAN_POINT('',(-14.7078210486801,-7.63675323681487,38.1));
#6550=CARTESIAN_POINT('',(-14.7078210486801,-7.63675323681487,30.85));
#6551=CARTESIAN_POINT('',(-15.4149278298666,-7.63675323681487,38.6));
#6552=CARTESIAN_POINT('',(-15.4149278298666,-7.63675323681487,30.85));
#6553=CARTESIAN_POINT('Origin',(-15.0613744392733,-7.2831998462216,38.1));
#6554=CARTESIAN_POINT('Ctrl Pts',(-0.987453899638342,6.79072069341341,30.6));
#6555=CARTESIAN_POINT('Ctrl Pts',(-0.908116704314086,6.71138349808916,30.6));
#6556=CARTESIAN_POINT('Ctrl Pts',(-0.733155253364347,6.62282117336344,30.6655076181714));
#6557=CARTESIAN_POINT('Ctrl Pts',(-0.476174406495672,6.64325588869782,30.8758434574074));
#6558=CARTESIAN_POINT('Ctrl Pts',(-0.353498590852774,6.71756922101243,31.0252001749145));
#6559=CARTESIAN_POINT('Ctrl Pts',(-0.304171201844454,6.76689661002075,31.1));
#6560=CARTESIAN_POINT('Ctrl Pts',(-0.919870362880643,6.85830423017111,30.6));
#6561=CARTESIAN_POINT('Ctrl Pts',(-0.847638921203984,6.78607278849445,30.6));
#6562=CARTESIAN_POINT('Ctrl Pts',(-0.687181282777286,6.70345864400157,30.6522434967713));
#6563=CARTESIAN_POINT('Ctrl Pts',(-0.432738857587395,6.70839156541631,30.8443097905313));
#6564=CARTESIAN_POINT('Ctrl Pts',(-0.306983029332948,6.77079113152972,30.9923259670427));
#6565=CARTESIAN_POINT('Ctrl Pts',(-0.256235256561774,6.81483255530343,31.0683882279439));
#6566=CARTESIAN_POINT('Ctrl Pts',(-0.785245178132335,6.99292941491942,30.5436803007878));
#6567=CARTESIAN_POINT('Ctrl Pts',(-0.718166372107503,6.92585060889458,30.5436803007878));
#6568=CARTESIAN_POINT('Ctrl Pts',(-0.572209347432914,6.84085530673693,30.5810037026522));
#6569=CARTESIAN_POINT('Ctrl Pts',(-0.317346820954295,6.80955991111766,30.7635342015099));
#6570=CARTESIAN_POINT('Ctrl Pts',(-0.187946045356177,6.85084051889139,30.9215601666979));
#6571=CARTESIAN_POINT('Ctrl Pts',(-0.13634109603213,6.88634071699233,31.0052772728422));
#6572=CARTESIAN_POINT('Ctrl Pts',(-0.623695199127451,7.1544793939243,30.2794193491501));
#6573=CARTESIAN_POINT('Ctrl Pts',(-0.531560075971854,7.0623442707687,30.2794193491501));
#6574=CARTESIAN_POINT('Ctrl Pts',(-0.348938350644345,6.92966962293079,30.337838568034));
#6575=CARTESIAN_POINT('Ctrl Pts',(-0.0646237490135694,6.84477241414316,
30.5940516579895));
#6576=CARTESIAN_POINT('Ctrl Pts',(0.0675397230437667,6.87050940737702,30.8058039485806));
#6577=CARTESIAN_POINT('Ctrl Pts',(0.116709665954846,6.90283696365819,30.9163997244211));
#6578=CARTESIAN_POINT('Ctrl Pts',(-0.624182653370208,7.15399193968154,30.0186248916889));
#6579=CARTESIAN_POINT('Ctrl Pts',(-0.49069440187081,7.02050368818214,30.0186248916889));
#6580=CARTESIAN_POINT('Ctrl Pts',(-0.232371951343451,6.83158113117781,30.1232854467341));
#6581=CARTESIAN_POINT('Ctrl Pts',(0.103787061046418,6.73343725308356,30.4849720694146));
#6582=CARTESIAN_POINT('Ctrl Pts',(0.242540945240443,6.77160365364289,30.7528581312183));
#6583=CARTESIAN_POINT('Ctrl Pts',(0.290473184452449,6.81310860577963,30.8886908691297));
#6584=CARTESIAN_POINT('Ctrl Pts',(-0.667025708610449,7.1111488844413,29.8886908691297));
#6585=CARTESIAN_POINT('Ctrl Pts',(-0.508351317961938,6.95247449379279,29.8886908691297));
#6586=CARTESIAN_POINT('Ctrl Pts',(-0.201627979174477,6.73215028122934,30.0197061054724));
#6587=CARTESIAN_POINT('Ctrl Pts',(0.173625933461341,6.63431193079658,30.4403777839445));
#6588=CARTESIAN_POINT('Ctrl Pts',(0.320482990768384,6.68444402144705,30.7390912189587));
#6589=CARTESIAN_POINT('Ctrl Pts',(0.369810379776704,6.73377141045537,30.8886908691297));
#6590=CARTESIAN_POINT('',(-0.304171201844457,6.76689661002075,31.1));
#6591=CARTESIAN_POINT('',(-0.987453899638344,6.79072069341341,30.6));
#6592=CARTESIAN_POINT('Origin',(-0.657724592437722,7.12045000061403,31.1));
#6593=CARTESIAN_POINT('',(0.369810379776712,6.73377141045537,30.8886908691297));
#6594=CARTESIAN_POINT('Origin',(0.0493821887488169,6.41334321942748,31.1));
#6595=CARTESIAN_POINT('',(-0.66702570861045,7.1111488844413,29.8886908691297));
#6596=CARTESIAN_POINT('Origin',(-0.337296401409834,7.44087819164192,30.8886908691297));
#6597=CARTESIAN_POINT('Origin',(-0.987453899638345,6.79072069341341,30.1));
#6598=CARTESIAN_POINT('Origin',(-6.48367377771529,5.92158624484052,43.1));
#6599=CARTESIAN_POINT('Origin',(10.5041801207274,6.75651418043802,43.1));
#6600=CARTESIAN_POINT('Origin',(2.12132034355958,-24.4658946290545,38.1));
#6601=CARTESIAN_POINT('',(1.76776695296631,-24.8194480196478,38.1));
#6602=CARTESIAN_POINT('Origin',(1.41421356237304,-25.1730014102411,38.1));
#6603=CARTESIAN_POINT('',(2.12132034355958,-24.4658946290545,38.6));
#6604=CARTESIAN_POINT('Origin',(2.12132034355958,-24.4658946290545,38.1));
#6605=CARTESIAN_POINT('Origin',(2.12132034355958,-24.4658946290545,39.1));
#6606=CARTESIAN_POINT('Origin',(1.41421356237304,-25.1730014102411,46.65));
#6607=CARTESIAN_POINT('',(1.76776695296631,-24.8194480196478,33.8651530771643));
#6608=CARTESIAN_POINT('',(1.76776695296631,-24.8194480196478,35.3348469228358));
#6609=CARTESIAN_POINT('Ctrl Pts',(1.76776695296631,-24.8194480196478,33.8651530771643));
#6610=CARTESIAN_POINT('Ctrl Pts',(1.77762721506406,-24.8293082817455,33.9154396977892));
#6611=CARTESIAN_POINT('Ctrl Pts',(1.78579762149158,-24.8382829919746,33.9668679335949));
#6612=CARTESIAN_POINT('Ctrl Pts',(1.81813871052827,-24.8757448135973,34.212216398102));
#6613=CARTESIAN_POINT('Ctrl Pts',(1.82652412493491,-24.8901586977666,34.4142563098593));
#6614=CARTESIAN_POINT('Ctrl Pts',(1.82652412493491,-24.8901586977666,34.6));
#6615=CARTESIAN_POINT('Ctrl Pts',(1.82652412493491,-24.8901586977666,34.7857436901407));
#6616=CARTESIAN_POINT('Ctrl Pts',(1.81813871052827,-24.8757448135973,34.987783601898));
#6617=CARTESIAN_POINT('Ctrl Pts',(1.78579762149158,-24.8382829919746,35.2331320664051));
#6618=CARTESIAN_POINT('Ctrl Pts',(1.77762721506406,-24.8293082817455,35.2845603022108));
#6619=CARTESIAN_POINT('Ctrl Pts',(1.76776695296631,-24.8194480196478,35.3348469228358));
#6620=CARTESIAN_POINT('',(1.76776695296631,-24.8194480196478,46.65));
#6621=CARTESIAN_POINT('',(1.76776695296631,-24.8194480196478,46.65));
#6622=CARTESIAN_POINT('Origin',(-4.34870670429732,-17.9958675811976,38.1));
#6623=CARTESIAN_POINT('',(-4.7022600948906,-18.3494209717909,38.1));
#6624=CARTESIAN_POINT('',(-4.34870670429732,-17.9958675811976,38.6));
#6625=CARTESIAN_POINT('Ctrl Pts',(9.75828445821922,1.98010986516693,38.6));
#6626=CARTESIAN_POINT('Ctrl Pts',(9.67894726289497,2.05944706049119,38.6));
#6627=CARTESIAN_POINT('Ctrl Pts',(9.433248501808,2.18467951760045,38.5086627262523));
#6628=CARTESIAN_POINT('Ctrl Pts',(9.17365653844197,2.10258872657623,38.2495996501709));
#6629=CARTESIAN_POINT('Ctrl Pts',(9.07500176042534,2.00393394855959,38.1));
#6630=CARTESIAN_POINT('Ctrl Pts',(9.82513339131651,2.04695879826422,38.6));
#6631=CARTESIAN_POINT('Ctrl Pts',(9.73884258931025,2.13324960027048,38.6));
#6632=CARTESIAN_POINT('Ctrl Pts',(9.47875931413211,2.27727632905367,38.491050131961));
#6633=CARTESIAN_POINT('Ctrl Pts',(9.23875680856447,2.19162590361385,38.1984613429213));
#6634=CARTESIAN_POINT('Ctrl Pts',(9.15888966467002,2.08782185280428,38.0446793989018));
#6635=CARTESIAN_POINT('Ctrl Pts',(9.95868787730237,2.18051328425008,38.6551303354608));
#6636=CARTESIAN_POINT('Ctrl Pts',(9.84961550789814,2.28958565365432,38.6551303354608));
#6637=CARTESIAN_POINT('Ctrl Pts',(9.54064067425502,2.4913159736027,38.5118418888188));
#6638=CARTESIAN_POINT('Ctrl Pts',(9.30620218718963,2.43225106713817,38.1297719532239));
#6639=CARTESIAN_POINT('Ctrl Pts',(9.24928701391034,2.33154484917954,37.9345101288203));
#6640=CARTESIAN_POINT('Ctrl Pts',(10.0504610693423,2.27228647629002,38.8030097383116));
#6641=CARTESIAN_POINT('Ctrl Pts',(9.90834593096142,2.4144016146709,38.8030097383116));
#6642=CARTESIAN_POINT('Ctrl Pts',(9.51961181003189,2.69049208742243,38.6323264549641));
#6643=CARTESIAN_POINT('Ctrl Pts',(9.21472016415008,2.68068727778915,38.155806070931));
#6644=CARTESIAN_POINT('Ctrl Pts',(9.13443662207158,2.58535546896911,37.8886908691297));
#6645=CARTESIAN_POINT('Ctrl Pts',(10.0787126492471,2.30053805619481,38.8886908691296));
#6646=CARTESIAN_POINT('Ctrl Pts',(9.9200382585986,2.45921244684332,38.8886908691296));
#6647=CARTESIAN_POINT('Ctrl Pts',(9.48887388841352,2.7699105130507,38.7060163216342));
#6648=CARTESIAN_POINT('Ctrl Pts',(9.14053133887659,2.77657030819738,38.1878901694715));
#6649=CARTESIAN_POINT('Ctrl Pts',(9.04187656085995,2.67791553018074,37.8886908691297));
#6650=CARTESIAN_POINT('',(9.04187656085995,2.67791553018075,37.8886908691297));
#6651=CARTESIAN_POINT('',(10.0787126492471,2.30053805619481,38.8886908691296));
#6652=CARTESIAN_POINT('Origin',(9.74898334204649,1.9708087489942,37.8886908691297));
#6653=CARTESIAN_POINT('',(9.75828445821922,1.98010986516692,38.6));
#6654=CARTESIAN_POINT('Origin',(9.75828445821921,1.98010986516692,39.1));
#6655=CARTESIAN_POINT('',(9.07500176042533,2.00393394855958,38.1));
#6656=CARTESIAN_POINT('Origin',(9.4285551510186,1.65038055796631,38.1));
#6657=CARTESIAN_POINT('Origin',(8.72144836983205,2.35748733915286,38.1));
#6658=CARTESIAN_POINT('Origin',(-25.1730014102412,1.41421356237311,15.55));
#6659=CARTESIAN_POINT('',(-24.8194480196479,1.76776695296638,35.3348469228342));
#6660=CARTESIAN_POINT('',(-24.8194480196479,1.76776695296638,33.8651530771658));
#6661=CARTESIAN_POINT('Ctrl Pts',(-24.8194480196479,1.76776695296639,35.3348469228342));
#6662=CARTESIAN_POINT('Ctrl Pts',(-24.8293082817455,1.77762721506404,35.2845603022096));
#6663=CARTESIAN_POINT('Ctrl Pts',(-24.8382829919745,1.78579762149149,35.2331320664043));
#6664=CARTESIAN_POINT('Ctrl Pts',(-24.8757448135971,1.81813871052814,34.9877836018978));
#6665=CARTESIAN_POINT('Ctrl Pts',(-24.8901586977664,1.82652412493477,34.7857436901406));
#6666=CARTESIAN_POINT('Ctrl Pts',(-24.8901586977664,1.82652412493477,34.6));
#6667=CARTESIAN_POINT('Ctrl Pts',(-24.8901586977664,1.82652412493477,34.4142563098594));
#6668=CARTESIAN_POINT('Ctrl Pts',(-24.8757448135971,1.81813871052814,34.2122163981023));
#6669=CARTESIAN_POINT('Ctrl Pts',(-24.8382829919745,1.78579762149149,33.9668679335957));
#6670=CARTESIAN_POINT('Ctrl Pts',(-24.8293082817455,1.77762721506404,33.9154396977904));
#6671=CARTESIAN_POINT('Ctrl Pts',(-24.8194480196479,1.76776695296639,33.8651530771658));
#6672=CARTESIAN_POINT('',(-24.8194480196479,1.76776695296638,15.55));
#6673=CARTESIAN_POINT('',(-25.5265548008344,1.76776695296638,39.1));
#6674=CARTESIAN_POINT('',(-25.5265548008344,1.76776695296638,15.55));
#6675=CARTESIAN_POINT('',(-24.8194480196479,1.76776695296638,38.6));
#6676=CARTESIAN_POINT('Origin',(-25.1730014102412,1.41421356237311,39.1));
#6677=CARTESIAN_POINT('',(-24.8194480196479,1.76776695296638,15.55));
#6678=CARTESIAN_POINT('Ctrl Pts',(2.00393394855988,9.07500176042508,38.1));
#6679=CARTESIAN_POINT('Ctrl Pts',(2.07792503207236,9.14899284393756,38.2121997376282));
#6680=CARTESIAN_POINT('Ctrl Pts',(2.18630789412392,9.38654611727333,38.4744877173686));
#6681=CARTESIAN_POINT('Ctrl Pts',(2.08589279226623,9.65250153111997,38.6));
#6682=CARTESIAN_POINT('Ctrl Pts',(1.98010986516722,9.75828445821898,38.6));
#6683=CARTESIAN_POINT('Ctrl Pts',(2.08782185280457,9.15888966466977,38.0446793989018));
#6684=CARTESIAN_POINT('Ctrl Pts',(2.16567489091175,9.21879002259061,38.1600158569164));
#6685=CARTESIAN_POINT('Ctrl Pts',(2.28041388500394,9.43197385737397,38.4498624351101));
#6686=CARTESIAN_POINT('Ctrl Pts',(2.16201320093952,9.71007898864125,38.6));
#6687=CARTESIAN_POINT('Ctrl Pts',(2.04695879826451,9.82513339131627,38.6));
#6688=CARTESIAN_POINT('Ctrl Pts',(2.33154484917983,9.24928701391009,37.9345101288203));
#6689=CARTESIAN_POINT('Ctrl Pts',(2.4070745126488,9.29197339386955,38.080956497123));
#6690=CARTESIAN_POINT('Ctrl Pts',(2.50184551747168,9.48954282773381,38.4573071411107));
#6691=CARTESIAN_POINT('Ctrl Pts',(2.3259431101227,9.81325805142981,38.6551303354608));
#6692=CARTESIAN_POINT('Ctrl Pts',(2.18051328425038,9.95868787730213,38.6551303354608));
#6693=CARTESIAN_POINT('Ctrl Pts',(2.58535546896941,9.13443662207133,37.8886908691297));
#6694=CARTESIAN_POINT('Ctrl Pts',(2.65685432558444,9.1946492786302,38.0890272704806));
#6695=CARTESIAN_POINT('Ctrl Pts',(2.71177213346143,9.4558108527504,38.568187956339));
#6696=CARTESIAN_POINT('Ctrl Pts',(2.46177332746484,9.86097421816755,38.8030097383116));
#6697=CARTESIAN_POINT('Ctrl Pts',(2.27228647629032,10.0504610693421,38.8030097383116));
#6698=CARTESIAN_POINT('Ctrl Pts',(2.67791553018104,9.0418765608597,37.8886908691297));
#6699=CARTESIAN_POINT('Ctrl Pts',(2.75190661369352,9.11586764437218,38.1130903443861));
#6700=CARTESIAN_POINT('Ctrl Pts',(2.79570427010298,9.41800612335004,38.6376663038668));
#6701=CARTESIAN_POINT('Ctrl Pts',(2.51210391039313,9.86714679504885,38.8886908691297));
#6702=CARTESIAN_POINT('Ctrl Pts',(2.30053805619512,10.0787126492469,38.8886908691297));
#6703=CARTESIAN_POINT('',(1.98010986516722,9.75828445821897,38.6));
#6704=CARTESIAN_POINT('',(2.00393394855988,9.07500176042508,38.1));
#6705=CARTESIAN_POINT('Origin',(1.6503805579666,9.42855515101835,38.1));
#6706=CARTESIAN_POINT('',(2.30053805619511,10.0787126492469,38.8886908691297));
#6707=CARTESIAN_POINT('Origin',(1.98010986516722,9.75828445821897,39.1));
#6708=CARTESIAN_POINT('',(2.67791553018104,9.0418765608597,37.8886908691297));
#6709=CARTESIAN_POINT('Origin',(1.97080874899449,9.74898334204624,37.8886908691297));
#6710=CARTESIAN_POINT('Origin',(2.35748733915314,8.7214483698318,38.1));
#6711=CARTESIAN_POINT('Origin',(0.780469029099627,-2.96719691118976,43.1));
#6712=CARTESIAN_POINT('',(9.76905414182681,5.31428142035084,43.1));
#6713=CARTESIAN_POINT('Origin',(9.06194736064026,5.31428142035085,43.1));
#6714=CARTESIAN_POINT('',(1.1340224196929,-3.32075030178304,43.1));
#6715=CARTESIAN_POINT('Origin',(19.1628046480001,-7.42441032461401,39.1));
#6716=CARTESIAN_POINT('',(19.483232839028,-7.10398213358612,38.8886908691297));
#6717=CARTESIAN_POINT('',(19.1628046480001,-7.42441032461401,38.6));
#6718=CARTESIAN_POINT('Origin',(19.1628046480001,-7.42441032461401,39.1));
#6719=CARTESIAN_POINT('Origin',(19.1628046480001,-7.42441032461401,39.1));
#6720=CARTESIAN_POINT('Origin',(19.1628046480001,-7.42441032461401,39.1));
#6721=CARTESIAN_POINT('Origin',(-7.42441032461401,19.1628046480003,39.1));
#6722=CARTESIAN_POINT('',(-7.77796371520728,19.5163580385935,39.1));
#6723=CARTESIAN_POINT('',(-7.42441032461401,19.1628046480003,38.6));
#6724=CARTESIAN_POINT('Origin',(-7.42441032461401,19.1628046480003,39.1));
#6725=CARTESIAN_POINT('',(-7.10398213358612,19.4832328390281,38.8886908691296));
#6726=CARTESIAN_POINT('Origin',(-7.42441032461401,19.1628046480003,39.1));
#6727=CARTESIAN_POINT('Origin',(-7.42441032461401,19.1628046480003,39.1));
#6728=CARTESIAN_POINT('Origin',(20.4817218768026,-6.10549309581153,43.1));
#6729=CARTESIAN_POINT('',(20.8021500678305,-5.78506490478364,42.8886908691297));
#6730=CARTESIAN_POINT('Origin',(20.4817218768026,-6.10549309581153,43.1));
#6731=CARTESIAN_POINT('Origin',(20.4817218768026,-6.10549309581153,43.1));
#6732=CARTESIAN_POINT('Origin',(20.4817218768026,-6.10549309581154,43.1));
#6733=CARTESIAN_POINT('Origin',(-0.749159228323221,15.1253880093144,43.1));
#6734=CARTESIAN_POINT('',(16.8238370021797,-1.77307134302707,42.95));
#6735=CARTESIAN_POINT('',(16.8069967541269,-1.78991159108002,42.8886908691297));
#6736=CARTESIAN_POINT('Origin',(16.486568563099,-2.1103397821079,43.1));
#6737=CARTESIAN_POINT('',(15.4096234398067,-0.358857780654052,42.95));
#6738=CARTESIAN_POINT('',(-0.411890789242422,15.4626564483952,42.95));
#6739=CARTESIAN_POINT('',(15.3927831917538,-0.375698028706957,42.8886908691297));
#6740=CARTESIAN_POINT('Origin',(15.0723550007259,-0.696126219734852,43.1));
#6741=CARTESIAN_POINT('',(9.73592894226143,5.28115622078547,42.8886908691297));
#6742=CARTESIAN_POINT('',(-0.428731037295327,15.4458162003423,42.8886908691297));
#6743=CARTESIAN_POINT('Origin',(9.41550075123353,4.96072802975758,43.1));
#6744=CARTESIAN_POINT('',(-0.428731037295327,15.4458162003423,42.8886908691297));
#6745=CARTESIAN_POINT('Origin',(-6.10549309581153,20.4817218768027,43.1));
#6746=CARTESIAN_POINT('',(-6.4590464864048,20.835275267396,43.1));
#6747=CARTESIAN_POINT('Origin',(-6.10549309581153,20.4817218768027,43.1));
#6748=CARTESIAN_POINT('',(-5.78506490478364,20.8021500678306,42.8886908691297));
#6749=CARTESIAN_POINT('Origin',(-6.10549309581153,20.4817218768027,43.1));
#6750=CARTESIAN_POINT('Origin',(-6.10549309581153,20.4817218768027,43.1));
#6751=CARTESIAN_POINT('Origin',(-0.749159228323221,15.1253880093144,43.1));
#6752=CARTESIAN_POINT('',(-0.358857780653242,15.409623439806,42.95));
#6753=CARTESIAN_POINT('',(-0.375698028706138,15.3927831917531,42.8886908691297));
#6754=CARTESIAN_POINT('Origin',(-0.696126219734035,15.0723550007252,43.1));
#6755=CARTESIAN_POINT('',(-1.77307134302633,16.8238370021791,42.95));
#6756=CARTESIAN_POINT('',(-0.411890789242422,15.4626564483952,42.95));
#6757=CARTESIAN_POINT('',(-1.78991159107923,16.8069967541262,42.8886908691297));
#6758=CARTESIAN_POINT('Origin',(-2.11033978210713,16.4865685630983,43.1));
#6759=CARTESIAN_POINT('',(-0.428731037295327,15.4458162003423,42.8886908691297));
#6760=CARTESIAN_POINT('Origin',(5.31428142035159,9.06194736063955,43.1));
#6761=CARTESIAN_POINT('',(-0.428731037295327,15.4458162003423,42.8886908691297));
#6762=CARTESIAN_POINT('Origin',(-12.8874131812466,13.6998017913677,22.5318553512481));
#6763=CARTESIAN_POINT('',(-13.2409665718399,14.0533551819609,22.5318553512481));
#6764=CARTESIAN_POINT('',(-12.5669849902187,14.0202299823956,22.3205462203778));
#6765=CARTESIAN_POINT('Origin',(2.12132034355959,-24.4658946290545,44.1));
#6766=CARTESIAN_POINT('Origin',(2.12132034355959,-24.4658946290545,44.1));
#6767=CARTESIAN_POINT('Origin',(1.41421356237304,-25.1730014102411,44.1));
#6768=CARTESIAN_POINT('Origin',(2.12132034355959,-24.4658946290545,43.1));
#6769=CARTESIAN_POINT('Origin',(-24.4658946290546,2.12132034355965,44.1));
#6770=CARTESIAN_POINT('',(-24.8194480196479,2.47487373415292,43.1));
#6771=CARTESIAN_POINT('',(-25.5265548008344,1.76776695296638,44.1));
#6772=CARTESIAN_POINT('Origin',(-24.8194480196479,2.47487373415292,44.1));
#6773=CARTESIAN_POINT('Origin',(-25.1730014102412,1.41421356237311,44.1));
#6774=CARTESIAN_POINT('Origin',(-24.4658946290546,2.12132034355966,44.1));
#6775=CARTESIAN_POINT('Origin',(-24.4658946290546,2.12132034355965,43.1));
#6776=CARTESIAN_POINT('Origin',(1.41421356237304,-25.1730014102411,46.65));
#6777=CARTESIAN_POINT('Ctrl Pts',(1.76776695296631,-24.8194480196478,56.4651530771643));
#6778=CARTESIAN_POINT('Ctrl Pts',(1.77762721506406,-24.8293082817455,56.5154396977892));
#6779=CARTESIAN_POINT('Ctrl Pts',(1.78579762149158,-24.8382829919746,56.5668679335949));
#6780=CARTESIAN_POINT('Ctrl Pts',(1.81813871052828,-24.8757448135973,56.812216398102));
#6781=CARTESIAN_POINT('Ctrl Pts',(1.82652412493491,-24.8901586977666,57.0142563098593));
#6782=CARTESIAN_POINT('Ctrl Pts',(1.82652412493491,-24.8901586977666,57.2));
#6783=CARTESIAN_POINT('Ctrl Pts',(1.82652412493491,-24.8901586977666,57.3857436901407));
#6784=CARTESIAN_POINT('Ctrl Pts',(1.81813871052828,-24.8757448135973,57.587783601898));
#6785=CARTESIAN_POINT('Ctrl Pts',(1.78579762149158,-24.8382829919746,57.8331320664051));
#6786=CARTESIAN_POINT('Ctrl Pts',(1.77762721506405,-24.8293082817455,57.8845603022108));
#6787=CARTESIAN_POINT('Ctrl Pts',(1.76776695296631,-24.8194480196478,57.9348469228357));
#6788=CARTESIAN_POINT('Origin',(1.41421356237304,-25.1730014102411,61.7));
#6789=CARTESIAN_POINT('Origin',(-18.7029743623842,-5.0558134854838,61.7));
#6790=CARTESIAN_POINT('',(-25.5265548008344,1.76776695296638,62.2));
#6791=CARTESIAN_POINT('Origin',(-25.1730014102411,1.41421356237311,61.7));
#6792=CARTESIAN_POINT('',(-18.7029743623842,-5.0558134854838,62.2));
#6793=CARTESIAN_POINT('Origin',(-25.1730014102412,1.41421356237311,15.55));
#6794=CARTESIAN_POINT('Ctrl Pts',(-24.8194480196479,1.76776695296638,57.9348469228342));
#6795=CARTESIAN_POINT('Ctrl Pts',(-24.8293082817455,1.77762721506404,57.8845603022096));
#6796=CARTESIAN_POINT('Ctrl Pts',(-24.8382829919745,1.78579762149149,57.8331320664043));
#6797=CARTESIAN_POINT('Ctrl Pts',(-24.8757448135971,1.81813871052814,57.5877836018977));
#6798=CARTESIAN_POINT('Ctrl Pts',(-24.8901586977664,1.82652412493478,57.3857436901406));
#6799=CARTESIAN_POINT('Ctrl Pts',(-24.8901586977664,1.82652412493478,57.2));
#6800=CARTESIAN_POINT('Ctrl Pts',(-24.8901586977664,1.82652412493478,57.0142563098594));
#6801=CARTESIAN_POINT('Ctrl Pts',(-24.8757448135971,1.81813871052814,56.8122163981023));
#6802=CARTESIAN_POINT('Ctrl Pts',(-24.8382829919745,1.78579762149149,56.5668679335957));
#6803=CARTESIAN_POINT('Ctrl Pts',(-24.8293082817455,1.77762721506404,56.5154396977904));
#6804=CARTESIAN_POINT('Ctrl Pts',(-24.8194480196479,1.76776695296638,56.4651530771658));
#6805=CARTESIAN_POINT('',(-25.5265548008344,1.76776695296638,15.55));
#6806=CARTESIAN_POINT('Origin',(-17.9958675811977,-4.34870670429726,44.1));
#6807=CARTESIAN_POINT('Origin',(-25.8801081914277,0.707106781186553,43.1));
#6808=CARTESIAN_POINT('',(-26.233661582021,1.06066017177982,43.1));
#6809=CARTESIAN_POINT('Origin',(0.707106781186488,-25.8801081914276,43.1));
#6810=CARTESIAN_POINT('Origin',(22.1228514688939,-4.46436350372021,48.0772026818739));
#6811=CARTESIAN_POINT('',(22.4432796599218,-4.14393531269232,47.8658935510035));
#6812=CARTESIAN_POINT('Origin',(2.98773702835818,8.750657295028,39.1));
#6813=CARTESIAN_POINT('',(2.98773702835818,8.750657295028,38.6));
#6814=CARTESIAN_POINT('',(3.30816521938608,9.07108548605589,38.8886908691297));
#6815=CARTESIAN_POINT('Origin',(-25.8801081914277,0.707106781186554,39.1));
#6816=CARTESIAN_POINT('',(-26.233661582021,1.06066017177983,39.1));
#6817=CARTESIAN_POINT('',(-25.8801081914277,0.707106781186554,38.6));
#6818=CARTESIAN_POINT('Origin',(-2.6014533308093,1.14621260947866,43.1));
#6819=CARTESIAN_POINT('Origin',(6.75651418043894,10.5041801207269,43.1));
#6820=CARTESIAN_POINT('Origin',(0.707106781186486,-25.8801081914276,39.1));
#6821=CARTESIAN_POINT('',(0.707106781186487,-25.8801081914276,38.6));
#6822=CARTESIAN_POINT('Origin',(11.5790844197746,0.159309903611502,39.1));
#6823=CARTESIAN_POINT('',(11.5790844197746,0.159309903611502,38.6));
#6824=CARTESIAN_POINT('',(11.8995126108025,0.479738094639396,38.8886908691296));
#6825=CARTESIAN_POINT('Origin',(1.55746970356778,7.92143073424644,35.6737138976894));
#6826=CARTESIAN_POINT('',(1.20391631297451,8.27498412483971,35.6737138976894));
#6827=CARTESIAN_POINT('',(1.87789789459568,8.24185892527433,35.4624047668191));
#6828=CARTESIAN_POINT('Origin',(-15.4149278298666,-7.63675323681488,38.1));
#6829=CARTESIAN_POINT('',(-15.4149278298666,-7.63675323681488,38.6));
#6830=CARTESIAN_POINT('',(-15.0613744392734,-7.99030662740815,38.1));
#6831=CARTESIAN_POINT('Origin',(6.60726973147175,7.46757925241988,43.1));
#6832=CARTESIAN_POINT('Origin',(6.86616302172395,12.7351493055715,43.1));
#6833=CARTESIAN_POINT('Origin',(-7.6367532368146,-15.4149278298669,38.1));
#6834=CARTESIAN_POINT('',(-7.6367532368146,-15.4149278298669,38.6));
#6835=CARTESIAN_POINT('',(-7.99030662740788,-15.0613744392736,38.1));
#6836=CARTESIAN_POINT('Origin',(9.0047811750861,2.6408201444069,38.9592891170625));
#6837=CARTESIAN_POINT('',(9.35833456567937,2.28726675381363,38.9592891170625));
#6838=CARTESIAN_POINT('',(9.32520936611399,2.96124833543479,38.7479799861921));
#6839=CARTESIAN_POINT('Origin',(-5.03564022193127,10.8389070157064,30.1));
#6840=CARTESIAN_POINT('',(-10.3919740894196,16.1952408831947,30.6));
#6841=CARTESIAN_POINT('',(-5.03564022193127,10.8389070157064,30.6));
#6842=CARTESIAN_POINT('',(-10.4250992889849,16.8692224648159,29.8886908691297));
#6843=CARTESIAN_POINT('',(-4.71521203090338,11.1593352067343,29.8886908691297));
#6844=CARTESIAN_POINT('',(-10.3919740894196,16.9023476643812,30.1));
#6845=CARTESIAN_POINT('Origin',(-10.7455274800128,16.5487942737879,30.1));
#6846=CARTESIAN_POINT('Origin',(-10.3919740894196,16.1952408831947,30.1));
#6847=CARTESIAN_POINT('Origin',(-15.4149278298666,-7.63675323681487,31.1));
#6848=CARTESIAN_POINT('',(-15.4149278298666,-7.63675323681487,30.6));
#6849=CARTESIAN_POINT('',(-15.0613744392733,-7.99030662740815,31.1));
#6850=CARTESIAN_POINT('Origin',(-25.8801081914277,0.707106781186553,30.1));
#6851=CARTESIAN_POINT('',(-26.233661582021,1.06066017177982,30.1));
#6852=CARTESIAN_POINT('',(-25.8801081914277,0.707106781186552,30.6));
#6853=CARTESIAN_POINT('Origin',(-17.9958675811977,-4.34870670429726,31.1));
#6854=CARTESIAN_POINT('',(-18.349420971791,-4.70226009489053,31.1));
#6855=CARTESIAN_POINT('',(-17.9958675811977,-4.34870670429726,30.6));
#6856=CARTESIAN_POINT('Origin',(-2.90635841437135,2.96262786947641,43.1));
#6857=CARTESIAN_POINT('Origin',(6.98434227905634,12.8533285629039,43.1));
#6858=CARTESIAN_POINT('Origin',(-7.6367532368146,-15.4149278298669,31.1));
#6859=CARTESIAN_POINT('',(-7.99030662740788,-15.0613744392736,31.1));
#6860=CARTESIAN_POINT('',(-7.6367532368146,-15.4149278298669,30.6));
#6861=CARTESIAN_POINT('Origin',(3.55570716948534,2.2475596242897,30.1));
#6862=CARTESIAN_POINT('',(3.87613536051323,2.56798781531759,29.8886908691297));
#6863=CARTESIAN_POINT('',(16.1952408831945,-10.3919740894196,30.6));
#6864=CARTESIAN_POINT('',(3.55570716948534,2.2475596242897,30.6));
#6865=CARTESIAN_POINT('Origin',(16.1952408831945,-10.3919740894196,30.1));
#6866=CARTESIAN_POINT('Origin',(0.707106781186488,-25.8801081914276,30.1));
#6867=CARTESIAN_POINT('',(0.707106781186489,-25.8801081914276,30.6));
#6868=CARTESIAN_POINT('Origin',(-9.40452018978105,-12.9400540957139,31.1));
#6869=CARTESIAN_POINT('',(-9.75807358037433,-13.2936074863072,31.1));
#6870=CARTESIAN_POINT('',(-9.40452018978105,-12.9400540957139,30.6));
#6871=CARTESIAN_POINT('Origin',(4.73927824878866,15.0983925931716,43.1));
#6872=CARTESIAN_POINT('Origin',(-0.565685424949144,-23.4052344572749,34.6));
#6873=CARTESIAN_POINT('',(-0.106066017177885,-22.9456150495036,31.85));
#6874=CARTESIAN_POINT('Origin',(-0.106066017177886,-22.9456150495036,34.6));
#6875=CARTESIAN_POINT('',(-1.0253048327204,-23.8648538650461,33.15));
#6876=CARTESIAN_POINT('',(-0.565685424949144,-23.4052344572749,32.5));
#6877=CARTESIAN_POINT('Origin',(-1.0253048327204,-23.8648538650461,34.6));
#6878=CARTESIAN_POINT('Origin',(-0.106066017177886,-22.9456150495036,34.6));
#6879=CARTESIAN_POINT('Origin',(-23.4052344572746,-0.565685424949373,57.2));
#6880=CARTESIAN_POINT('',(-23.8648538650459,-1.02530483272063,55.75));
#6881=CARTESIAN_POINT('',(-23.4052344572746,-0.565685424949373,55.1));
#6882=CARTESIAN_POINT('Origin',(-23.8648538650459,-1.02530483272063,57.2));
#6883=CARTESIAN_POINT('Origin',(-23.4052344572746,-0.565685424949375,34.6));
#6884=CARTESIAN_POINT('',(-22.9456150495034,-0.106066017178114,31.85));
#6885=CARTESIAN_POINT('Origin',(-22.9456150495034,-0.106066017178116,34.6));
#6886=CARTESIAN_POINT('',(-23.8648538650459,-1.02530483272063,33.15));
#6887=CARTESIAN_POINT('',(-23.4052344572746,-0.565685424949376,32.5));
#6888=CARTESIAN_POINT('Origin',(-23.8648538650459,-1.02530483272063,34.6));
#6889=CARTESIAN_POINT('Origin',(-22.9456150495034,-0.106066017178116,34.6));
#6890=CARTESIAN_POINT('Origin',(-15.0613744392734,-7.99030662740815,38.6));
#6891=CARTESIAN_POINT('',(-13.2936074863071,-9.75807358037443,38.6));
#6892=CARTESIAN_POINT('Origin',(-27.2943217538008,4.44089209850063E-15,
62.2));
#6893=CARTESIAN_POINT('',(-26.9407683632075,0.353553390593278,62.2));
#6894=CARTESIAN_POINT('',(-27.2943217538008,4.44089209850063E-15,62.2));
#6895=CARTESIAN_POINT('',(-20.1171879247573,-6.4700270478569,62.2));
#6896=CARTESIAN_POINT('Origin',(-27.2943217538008,4.44089209850063E-15,
0.));
#6897=CARTESIAN_POINT('',(-26.9407683632075,0.35355339059328,15.55));
#6898=CARTESIAN_POINT('',(-12.920538380812,14.3737833729888,22.3205462203778));
#6899=CARTESIAN_POINT('Origin',(-7.99030662740788,-15.0613744392736,38.6));
#6900=CARTESIAN_POINT('Origin',(2.12132034355959,-25.1730014102411,38.6));
#6901=CARTESIAN_POINT('Origin',(-25.1730014102412,2.12132034355965,43.6));
#6902=CARTESIAN_POINT('Origin',(-15.0613744392734,-7.99030662740815,30.6));
#6903=CARTESIAN_POINT('Origin',(-25.1730014102412,2.12132034355965,30.6));
#6904=CARTESIAN_POINT('Origin',(-7.99030662740788,-15.0613744392736,30.6));
#6905=CARTESIAN_POINT('Origin',(10.4988944538323,2.61465384360153,39.4531538935183));
#6906=CARTESIAN_POINT('',(14.2385636309933,-1.5299175894675,39.));
#6907=CARTESIAN_POINT('',(14.6434658869014,-1.1250153335594,39.9063077870367));
#6908=CARTESIAN_POINT('',(15.1379387633534,-0.630542457107405,41.0131048272304));
#6909=CARTESIAN_POINT('',(16.0576794492745,-2.53922889593241,39.9063077870367));
#6910=CARTESIAN_POINT('',(10.7013455817864,2.81710497155558,39.9063077870367));
#6911=CARTESIAN_POINT('',(15.6527771933664,-2.94413115184053,39.));
#6912=CARTESIAN_POINT('',(16.5855412954983,-2.01136704970858,41.0878406007752));
#6913=CARTESIAN_POINT('',(10.2964433258783,2.41220271564748,39.));
#6914=CARTESIAN_POINT('Origin',(6.21146641375456,6.21146641375383,39.));
#6915=CARTESIAN_POINT('',(15.5247814079314,-3.07212693727551,39.));
#6916=CARTESIAN_POINT('',(16.2855972801725,-2.31131106503425,39.));
#6917=CARTESIAN_POINT('',(14.1105678455583,-1.65791337490245,39.));
#6918=CARTESIAN_POINT('',(5.11263405495952,7.34002041569641,39.));
#6919=CARTESIAN_POINT('',(14.7543528164924,-1.01412840396847,39.));
#6920=CARTESIAN_POINT('Origin',(17.0612739739868,-1.53563437122009,42.95));
#6921=CARTESIAN_POINT('',(17.0612739739868,-1.53563437122009,42.95));
#6922=CARTESIAN_POINT('',(17.0612739739868,-1.53563437122009,42.95));
#6923=CARTESIAN_POINT('',(17.1099205481741,-1.48698779703274,42.95));
#6924=CARTESIAN_POINT('',(17.7532919416121,-0.843616403594837,45.7586061809325));
#6925=CARTESIAN_POINT('Origin',(1.90754706241629,11.2060012350186,39.4531538935183));
#6926=CARTESIAN_POINT('',(-2.94413115183975,15.6527771933657,39.));
#6927=CARTESIAN_POINT('',(-2.53922889593164,16.0576794492738,39.9063077870367));
#6928=CARTESIAN_POINT('',(-2.04475601947957,16.5521523257259,41.0131048272306));
#6929=CARTESIAN_POINT('',(-1.12501533355842,14.6434658869008,39.9063077870367));
#6930=CARTESIAN_POINT('',(2.10999819037032,11.4084523629726,39.9063077870367));
#6931=CARTESIAN_POINT('',(-1.52991758946653,14.2385636309927,39.));
#6932=CARTESIAN_POINT('',(-0.597153487334576,15.1713277331247,41.0878406007753));
#6933=CARTESIAN_POINT('',(1.70509593446225,11.0035501070645,39.));
#6934=CARTESIAN_POINT('Origin',(-0.121420808846105,15.6470604116131,42.95));
#6935=CARTESIAN_POINT('',(-0.121420808846105,15.6470604116131,42.95));
#6936=CARTESIAN_POINT('',(-0.121420808846105,15.6470604116131,42.95));
#6937=CARTESIAN_POINT('',(-0.0727742346592725,15.6957069858,42.95));
#6938=CARTESIAN_POINT('',(-1.65791337490163,14.1105678455576,39.));
#6939=CARTESIAN_POINT('',(0.570597158779056,16.3390783792383,45.7586061809325));
#6940=CARTESIAN_POINT('',(-0.897097502660826,14.8713837177984,39.));
#6941=CARTESIAN_POINT('Origin',(-1.53563437121932,17.0612739739861,42.95));
#6942=CARTESIAN_POINT('',(-1.53563437121932,17.0612739739861,42.95));
#6943=CARTESIAN_POINT('',(-1.53563437121932,17.0612739739861,42.95));
#6944=CARTESIAN_POINT('',(3.1135927150827,12.4120468876849,42.95));
#6945=CARTESIAN_POINT('Origin',(-1.76969617383228,16.8272121713731,42.95));
#6946=CARTESIAN_POINT('',(-3.07212693727472,15.5247814079307,39.));
#6947=CARTESIAN_POINT('',(-2.42834196634044,16.168566378865,39.));
#6948=CARTESIAN_POINT('',(-0.864518847592162,17.7323894976133,45.6952134416714));
#6949=CARTESIAN_POINT('',(-0.698841372098775,17.8980669731067,42.95));
#6950=CARTESIAN_POINT('Origin',(7.86011294975765,7.86011294975692,42.95));
#6951=CARTESIAN_POINT('Origin',(6.21146641375456,6.21146641375383,39.));
#6952=CARTESIAN_POINT('',(5.11263405495952,7.34002041569641,39.));
#6953=CARTESIAN_POINT('Origin',(15.4129986090008,-0.355482611460008,42.95));
#6954=CARTESIAN_POINT('',(16.3181759352409,0.549694714780118,45.6952134416714));
#6955=CARTESIAN_POINT('',(15.6470604116137,-0.121420808847081,42.95));
#6956=CARTESIAN_POINT('',(16.4838534107341,0.715372190273171,42.95));
#6957=CARTESIAN_POINT('',(15.6470604116137,-0.121420808847081,42.95));
#6958=CARTESIAN_POINT('Origin',(15.6470604116137,-0.12142080884708,42.95));
#6959=CARTESIAN_POINT('',(11.7049401064987,3.8206994962679,42.95));
#6960=CARTESIAN_POINT('Origin',(7.86011294975765,7.86011294975692,42.95));
#6961=CARTESIAN_POINT('Origin',(22.929848759522,22.9298487595215,30.503246352777));
#6962=CARTESIAN_POINT('',(15.7460342039505,-8.89663712040098,30.503246352777));
#6963=CARTESIAN_POINT('Origin',(11.5664990119886,7.11172629051266,48.4404268833427));
#6964=CARTESIAN_POINT('',(11.5664990119886,7.11172629051266,48.4404268833427));
#6965=CARTESIAN_POINT('Origin',(7.1117262905134,11.5664990119879,48.4404268833427));
#6966=CARTESIAN_POINT('Origin',(-1.34350288425435,-24.1830519165801,34.6));
#6967=CARTESIAN_POINT('',(-1.87383297014426,-24.71338200247,33.15));
#6968=CARTESIAN_POINT('',(-1.34350288425435,-24.1830519165801,33.15));
#6969=CARTESIAN_POINT('Origin',(-1.87383297014426,-24.71338200247,34.6));
#6970=CARTESIAN_POINT('Origin',(-24.1830519165798,-1.34350288425458,34.6));
#6971=CARTESIAN_POINT('',(-24.7133820024698,-1.87383297014449,33.15));
#6972=CARTESIAN_POINT('',(-24.1830519165798,-1.34350288425458,33.15));
#6973=CARTESIAN_POINT('Origin',(-24.7133820024698,-1.87383297014449,34.6));
#6974=CARTESIAN_POINT('Origin',(-24.1830519165798,-1.34350288425458,57.2));
#6975=CARTESIAN_POINT('',(-24.7133820024698,-1.87383297014448,55.75));
#6976=CARTESIAN_POINT('',(-24.1830519165798,-1.34350288425458,55.75));
#6977=CARTESIAN_POINT('Origin',(-24.7133820024698,-1.87383297014448,57.2));
#6978=CARTESIAN_POINT('Origin',(-0.565685424949144,-23.4052344572749,57.2));
#6979=CARTESIAN_POINT('',(-1.0253048327204,-23.8648538650461,55.75));
#6980=CARTESIAN_POINT('',(-0.565685424949144,-23.4052344572749,55.1));
#6981=CARTESIAN_POINT('Origin',(-1.0253048327204,-23.8648538650461,57.2));
#6982=CARTESIAN_POINT('Origin',(-1.34350288425435,-24.1830519165801,57.2));
#6983=CARTESIAN_POINT('',(-1.87383297014426,-24.71338200247,55.75));
#6984=CARTESIAN_POINT('',(-1.34350288425435,-24.1830519165801,55.75));
#6985=CARTESIAN_POINT('Origin',(-1.87383297014426,-24.71338200247,57.2));
#6986=CARTESIAN_POINT('Origin',(-23.4052344572746,-0.565685424949378,5.));
#6987=CARTESIAN_POINT('',(-23.8648538650459,-1.02530483272063,3.55));
#6988=CARTESIAN_POINT('',(-23.4052344572746,-0.565685424949378,2.9));
#6989=CARTESIAN_POINT('Origin',(-23.8648538650459,-1.02530483272063,5.));
#6990=CARTESIAN_POINT('Origin',(-24.1830519165798,-1.34350288425458,5.));
#6991=CARTESIAN_POINT('',(-24.7133820024698,-1.87383297014449,3.55));
#6992=CARTESIAN_POINT('',(-24.1830519165798,-1.34350288425458,3.55));
#6993=CARTESIAN_POINT('Origin',(-24.7133820024698,-1.87383297014449,5.));
#6994=CARTESIAN_POINT('Origin',(-1.34350288425435,-24.1830519165801,5.));
#6995=CARTESIAN_POINT('',(-1.87383297014426,-24.71338200247,3.55));
#6996=CARTESIAN_POINT('',(-1.34350288425435,-24.1830519165801,3.55));
#6997=CARTESIAN_POINT('Origin',(-1.87383297014426,-24.71338200247,5.));
#6998=CARTESIAN_POINT('Origin',(-11.5258405333408,-11.5258405333407,31.1));
#6999=CARTESIAN_POINT('Origin',(-11.5258405333408,-11.5258405333407,31.1));
#7000=CARTESIAN_POINT('Origin',(-15.0613744392733,-12.2329473145275,47.5000000000001));
#7001=CARTESIAN_POINT('',(-14.70782104868,-11.8793939239343,47.5000000000001));
#7002=CARTESIAN_POINT('',(-14.0007142674935,-12.5865007051207,47.5000000000001));
#7003=CARTESIAN_POINT('',(-15.0613744392733,-12.2329473145275,47.5000000000001));
#7004=CARTESIAN_POINT('Origin',(-15.0613744392733,-12.2329473145275,56.5000000000001));
#7005=CARTESIAN_POINT('',(-14.70782104868,-11.8793939239343,43.8000000000001));
#7006=CARTESIAN_POINT('Origin',(-13.2936074863072,-13.2936074863071,31.1));
#7007=UNCERTAINTY_MEASURE_WITH_UNIT(LENGTH_MEASURE(0.01),#7011,
'DISTANCE_ACCURACY_VALUE',
'Maximum model space distance between geometric entities at asserted c
onnectivities');
#7008=UNCERTAINTY_MEASURE_WITH_UNIT(LENGTH_MEASURE(0.01),#7011,
'DISTANCE_ACCURACY_VALUE',
'Maximum model space distance between geometric entities at asserted c
onnectivities');
#7009=(
GEOMETRIC_REPRESENTATION_CONTEXT(3)
GLOBAL_UNCERTAINTY_ASSIGNED_CONTEXT((#7007))
GLOBAL_UNIT_ASSIGNED_CONTEXT((#7011,#7012,#7013))
REPRESENTATION_CONTEXT('','3D')
);
#7010=(
GEOMETRIC_REPRESENTATION_CONTEXT(3)
GLOBAL_UNCERTAINTY_ASSIGNED_CONTEXT((#7008))
GLOBAL_UNIT_ASSIGNED_CONTEXT((#7011,#7012,#7013))
REPRESENTATION_CONTEXT('','3D')
);
#7011=(
LENGTH_UNIT()
NAMED_UNIT(*)
SI_UNIT(.MILLI.,.METRE.)
);
#7012=(
NAMED_UNIT(*)
PLANE_ANGLE_UNIT()
SI_UNIT($,.RADIAN.)
);
#7013=(
NAMED_UNIT(*)
SI_UNIT($,.STERADIAN.)
SOLID_ANGLE_UNIT()
);
#7014=SHAPE_DEFINITION_REPRESENTATION(#7015,#7016);
#7015=PRODUCT_DEFINITION_SHAPE('',$,#7018);
#7016=SHAPE_REPRESENTATION('',(#3652),#7009);
#7017=PRODUCT_DEFINITION_CONTEXT('part definition',#7022,'design');
#7018=PRODUCT_DEFINITION('ESPHome Multi-Sensor-Enclosure',
'ESPHome Multi-Sensor-Enclosure v124',#7019,#7017);
#7019=PRODUCT_DEFINITION_FORMATION('',$,#7024);
#7020=PRODUCT_RELATED_PRODUCT_CATEGORY(
'ESPHome Multi-Sensor-Enclosure v124',
'ESPHome Multi-Sensor-Enclosure v124',(#7024));
#7021=APPLICATION_PROTOCOL_DEFINITION('international standard',
'automotive_design',2009,#7022);
#7022=APPLICATION_CONTEXT(
'Core Data for Automotive Mechanical Design Process');
#7023=PRODUCT_CONTEXT('part definition',#7022,'mechanical');
#7024=PRODUCT('ESPHome Multi-Sensor-Enclosure',
'ESPHome Multi-Sensor-Enclosure v124',$,(#7023));
#7025=PRESENTATION_STYLE_ASSIGNMENT((#7027));
#7026=PRESENTATION_STYLE_ASSIGNMENT((#7028));
#7027=SURFACE_STYLE_USAGE(.BOTH.,#7029);
#7028=SURFACE_STYLE_USAGE(.BOTH.,#7030);
#7029=SURFACE_SIDE_STYLE('',(#7031));
#7030=SURFACE_SIDE_STYLE('',(#7032));
#7031=SURFACE_STYLE_FILL_AREA(#7033);
#7032=SURFACE_STYLE_FILL_AREA(#7034);
#7033=FILL_AREA_STYLE('Steel - Satin',(#7035));
#7034=FILL_AREA_STYLE('Plastic - Matte (White)',(#7036));
#7035=FILL_AREA_STYLE_COLOUR('Steel - Satin',#7037);
#7036=FILL_AREA_STYLE_COLOUR('Plastic - Matte (White)',#7038);
#7037=COLOUR_RGB('Steel - Satin',0.627450980392157,0.627450980392157,0.627450980392157);
#7038=COLOUR_RGB('Plastic - Matte (White)',0.964705882352941,0.964705882352941,
0.952941176470588);
ENDSEC;
END-ISO-10303-21;
