ISO-10303-21;
HEADER;
/* Generated by software containing ST-Developer
 * from STEP Tools, Inc. (www.steptools.com) 
 */

FILE_DESCRIPTION(
/* description */ (''),
/* implementation_level */ '2;1');

FILE_NAME(
/* name */ 'ESPHome-Indoor-Multi-Sensor-Corner-Back-Body.step',
/* time_stamp */ '2025-10-01T00:17:29-05:00',
/* author */ (''),
/* organization */ (''),
/* preprocessor_version */ 'ST-DEVELOPER v20.1',
/* originating_system */ 'Autodesk Translation Framework v14.17.0.0',
/* authorisation */ '');

FILE_SCHEMA (('AUTOMOTIVE_DESIGN { 1 0 10303 214 3 1 1 }'));
ENDSEC;

DATA;
#10=MECHANICAL_DESIGN_GEOMETRIC_PRESENTATION_REPRESENTATION('',(#13),#3956);
#11=SHAPE_REPRESENTATION_RELATIONSHIP('SRR','None',#3962,#12);
#12=ADVANCED_BREP_SHAPE_REPRESENTATION('',(#14),#3955);
#13=STYLED_ITEM('',(#3972),#14);
#14=MANIFOLD_SOLID_BREP('Back Body',#2312);
#15=CONICAL_SURFACE('',#2402,3.74816157935154,0.0399854931631901);
#16=CONICAL_SURFACE('',#2421,3.74816157935154,0.0399854931631901);
#17=CONICAL_SURFACE('',#2434,3.74816157935154,0.0399854931631901);
#18=CONICAL_SURFACE('',#2453,3.74816157935154,0.0399854931631901);
#19=CONICAL_SURFACE('',#2460,3.74816157935154,0.0399854931631901);
#20=CONICAL_SURFACE('',#2474,3.74816157935154,0.0399854931631901);
#21=CONICAL_SURFACE('',#2477,3.74816157935154,0.0399854931631901);
#22=CONICAL_SURFACE('',#2483,3.74816157935154,0.0399854931631901);
#23=CONICAL_SURFACE('',#2511,1.45,0.0399854931631901);
#24=CONICAL_SURFACE('',#2515,1.45,0.0399854931631901);
#25=CONICAL_SURFACE('',#2519,1.45,0.0399854931631901);
#26=CONICAL_SURFACE('',#2523,1.45,0.0399854931631901);
#27=B_SPLINE_CURVE_WITH_KNOTS('',3,(#3500,#3501,#3502,#3503),
 .UNSPECIFIED.,.F.,.F.,(4,4),(1.68056495338662,1.93822908995406),
 .UNSPECIFIED.);
#28=B_SPLINE_CURVE_WITH_KNOTS('',3,(#3548,#3549,#3550,#3551),
 .UNSPECIFIED.,.F.,.F.,(4,4),(1.11399511405237,1.37165925062048),
 .UNSPECIFIED.);
#29=B_SPLINE_CURVE_WITH_KNOTS('',3,(#3589,#3590,#3591,#3592),
 .UNSPECIFIED.,.F.,.F.,(4,4),(1.6805649533859,1.93822908995403),
 .UNSPECIFIED.);
#30=B_SPLINE_CURVE_WITH_KNOTS('',3,(#3618,#3619,#3620,#3621),
 .UNSPECIFIED.,.F.,.F.,(4,4),(1.11399511405234,1.37165925061976),
 .UNSPECIFIED.);
#31=B_SPLINE_CURVE_WITH_KNOTS('',3,(#3732,#3733,#3734,#3735,#3736,#3737),
 .UNSPECIFIED.,.F.,.F.,(4,2,4),(1.49243958512779,2.36713518401159,2.40591035697199),
 .UNSPECIFIED.);
#32=B_SPLINE_CURVE_WITH_KNOTS('',3,(#3753,#3754,#3755,#3756,#3757,#3758),
 .UNSPECIFIED.,.F.,.F.,(4,2,4),(2.24247335731838,2.58171273135814,3.20452354558034),
 .UNSPECIFIED.);
#33=B_SPLINE_CURVE_WITH_KNOTS('',3,(#3797,#3798,#3799,#3800,#3801,#3802),
 .UNSPECIFIED.,.F.,.F.,(4,2,4),(2.3283600110512,2.36713518401162,3.2418307828954),
 .UNSPECIFIED.);
#34=B_SPLINE_CURVE_WITH_KNOTS('',3,(#3814,#3815,#3816,#3817,#3818,#3819),
 .UNSPECIFIED.,.F.,.F.,(4,2,4),(1.38775573276822,2.01056654600177,2.34980592103571),
 .UNSPECIFIED.);
#35=(
BOUNDED_CURVE()
B_SPLINE_CURVE(2,(#3494,#3495,#3496),.UNSPECIFIED.,.F.,.F.)
B_SPLINE_CURVE_WITH_KNOTS((3,3),(0.0837627990863679,0.271294154024267),
 .UNSPECIFIED.)
CURVE()
GEOMETRIC_REPRESENTATION_ITEM()
RATIONAL_B_SPLINE_CURVE((1.00934342794839,1.01925084266326,1.02668748885937))
REPRESENTATION_ITEM('')
);
#36=(
BOUNDED_CURVE()
B_SPLINE_CURVE(2,(#3511,#3512,#3513),.UNSPECIFIED.,.F.,.F.)
B_SPLINE_CURVE_WITH_KNOTS((3,3),(0.347281195521365,1.32710775173421),
 .UNSPECIFIED.)
CURVE()
GEOMETRIC_REPRESENTATION_ITEM()
RATIONAL_B_SPLINE_CURVE((1.00126521634652,1.00241746233706,1.))
REPRESENTATION_ITEM('')
);
#37=(
BOUNDED_CURVE()
B_SPLINE_CURVE(2,(#3517,#3518,#3519),.UNSPECIFIED.,.F.,.F.)
B_SPLINE_CURVE_WITH_KNOTS((3,3),(0.401152288096614,1.36031549344409),
 .UNSPECIFIED.)
CURVE()
GEOMETRIC_REPRESENTATION_ITEM()
RATIONAL_B_SPLINE_CURVE((1.00445607513779,1.00803334404406,1.00324197631148))
REPRESENTATION_ITEM('')
);
#38=(
BOUNDED_CURVE()
B_SPLINE_CURVE(2,(#3539,#3540,#3541),.UNSPECIFIED.,.F.,.F.)
B_SPLINE_CURVE_WITH_KNOTS((3,3),(1.40017719325793,1.58770854819634),
 .UNSPECIFIED.)
CURVE()
GEOMETRIC_REPRESENTATION_ITEM()
RATIONAL_B_SPLINE_CURVE((1.02668748885942,1.01925084266329,1.00934342794839))
REPRESENTATION_ITEM('')
);
#39=(
BOUNDED_CURVE()
B_SPLINE_CURVE(2,(#3574,#3575,#3576),.UNSPECIFIED.,.F.,.F.)
B_SPLINE_CURVE_WITH_KNOTS((3,3),(0.261999523780232,1.22116272912771),
 .UNSPECIFIED.)
CURVE()
GEOMETRIC_REPRESENTATION_ITEM()
RATIONAL_B_SPLINE_CURVE((1.00324197631155,1.00803334404422,1.00445607513788))
REPRESENTATION_ITEM('')
);
#40=(
BOUNDED_CURVE()
B_SPLINE_CURVE(2,(#3580,#3581,#3582),.UNSPECIFIED.,.F.,.F.)
B_SPLINE_CURVE_WITH_KNOTS((3,3),(0.34728119623643,1.32710775173421),
 .UNSPECIFIED.)
CURVE()
GEOMETRIC_REPRESENTATION_ITEM()
RATIONAL_B_SPLINE_CURVE((1.00126521653923,1.00241746270031,1.))
REPRESENTATION_ITEM('')
);
#41=(
BOUNDED_CURVE()
B_SPLINE_CURVE(2,(#3598,#3599,#3600),.UNSPECIFIED.,.F.,.F.)
B_SPLINE_CURVE_WITH_KNOTS((3,3),(0.0837627990863581,0.271294154024783),
 .UNSPECIFIED.)
CURVE()
GEOMETRIC_REPRESENTATION_ITEM()
RATIONAL_B_SPLINE_CURVE((1.00934342794839,1.01925084266328,1.02668748885941))
REPRESENTATION_ITEM('')
);
#42=(
BOUNDED_CURVE()
B_SPLINE_CURVE(2,(#3612,#3613,#3614),.UNSPECIFIED.,.F.,.F.)
B_SPLINE_CURVE_WITH_KNOTS((3,3),(1.40017719325671,1.5877085481946),
 .UNSPECIFIED.)
CURVE()
GEOMETRIC_REPRESENTATION_ITEM()
RATIONAL_B_SPLINE_CURVE((1.02668748885935,1.01925084266325,1.00934342794838))
REPRESENTATION_ITEM('')
);
#43=(
BOUNDED_CURVE()
B_SPLINE_CURVE(2,(#3630,#3631,#3632),.UNSPECIFIED.,.F.,.F.)
B_SPLINE_CURVE_WITH_KNOTS((3,3),(0.364010459638453,1.32426870834571),
 .UNSPECIFIED.)
CURVE()
GEOMETRIC_REPRESENTATION_ITEM()
RATIONAL_B_SPLINE_CURVE((1.00394702776956,1.00756769995392,1.00282354881043))
REPRESENTATION_ITEM('')
);
#44=(
BOUNDED_CURVE()
B_SPLINE_CURVE(2,(#3636,#3637,#3638),.UNSPECIFIED.,.F.,.F.)
B_SPLINE_CURVE_WITH_KNOTS((3,3),(0.,0.979826555990648),.UNSPECIFIED.)
CURVE()
GEOMETRIC_REPRESENTATION_ITEM()
RATIONAL_B_SPLINE_CURVE((1.,1.00241746244085,1.00126521640165))
REPRESENTATION_ITEM('')
);
#45=(
BOUNDED_CURVE()
B_SPLINE_CURVE(2,(#3700,#3701,#3702),.UNSPECIFIED.,.F.,.F.)
B_SPLINE_CURVE_WITH_KNOTS((3,3),(0.,0.979826555776399),.UNSPECIFIED.)
CURVE()
GEOMETRIC_REPRESENTATION_ITEM()
RATIONAL_B_SPLINE_CURVE((1.,1.00241746254941,1.00126521645925))
REPRESENTATION_ITEM('')
);
#46=(
BOUNDED_CURVE()
B_SPLINE_CURVE(2,(#3728,#3729,#3730),.UNSPECIFIED.,.F.,.F.)
B_SPLINE_CURVE_WITH_KNOTS((3,3),(0.213034182872463,1.19529647600219),
 .UNSPECIFIED.)
CURVE()
GEOMETRIC_REPRESENTATION_ITEM()
RATIONAL_B_SPLINE_CURVE((1.00260173482802,1.00765066662625,1.00394702776949))
REPRESENTATION_ITEM('')
);
#47=(
BOUNDED_CURVE()
B_SPLINE_CURVE(2,(#3760,#3761,#3762),.UNSPECIFIED.,.F.,.F.)
B_SPLINE_CURVE_WITH_KNOTS((3,3),(0.240021580905591,1.22116272912773),
 .UNSPECIFIED.)
CURVE()
GEOMETRIC_REPRESENTATION_ITEM()
RATIONAL_B_SPLINE_CURVE((1.00301800690102,1.00811531238016,1.00445607513798))
REPRESENTATION_ITEM('')
);
#48=(
BOUNDED_CURVE()
B_SPLINE_CURVE(2,(#3783,#3784,#3785),.UNSPECIFIED.,.F.,.F.)
B_SPLINE_CURVE_WITH_KNOTS((3,3),(0.235038227295156,1.19529647600234),
 .UNSPECIFIED.)
CURVE()
GEOMETRIC_REPRESENTATION_ITEM()
RATIONAL_B_SPLINE_CURVE((1.00282354881021,1.00756769995332,1.00394702776924))
REPRESENTATION_ITEM('')
);
#49=(
BOUNDED_CURVE()
B_SPLINE_CURVE(2,(#3789,#3790,#3791),.UNSPECIFIED.,.F.,.F.)
B_SPLINE_CURVE_WITH_KNOTS((3,3),(0.364010459638467,1.34627275276815),
 .UNSPECIFIED.)
CURVE()
GEOMETRIC_REPRESENTATION_ITEM()
RATIONAL_B_SPLINE_CURVE((1.00394702776957,1.0076506666264,1.00260173482808))
REPRESENTATION_ITEM('')
);
#50=(
BOUNDED_CURVE()
B_SPLINE_CURVE(2,(#3827,#3828,#3829),.UNSPECIFIED.,.F.,.F.)
B_SPLINE_CURVE_WITH_KNOTS((3,3),(0.401152288096529,1.38229343631854),
 .UNSPECIFIED.)
CURVE()
GEOMETRIC_REPRESENTATION_ITEM()
RATIONAL_B_SPLINE_CURVE((1.00445607513767,1.00811531237959,1.00301800690081))
REPRESENTATION_ITEM('')
);
#51=CYLINDRICAL_SURFACE('',#2373,8.);
#52=CYLINDRICAL_SURFACE('',#2376,8.);
#53=CYLINDRICAL_SURFACE('',#2379,7.00000000000001);
#54=CYLINDRICAL_SURFACE('',#2386,7.);
#55=CYLINDRICAL_SURFACE('',#2390,6.99999999999999);
#56=CYLINDRICAL_SURFACE('',#2394,7.);
#57=CYLINDRICAL_SURFACE('',#2400,3.99999999999999);
#58=CYLINDRICAL_SURFACE('',#2412,4.);
#59=CYLINDRICAL_SURFACE('',#2425,4.);
#60=CYLINDRICAL_SURFACE('',#2430,4.);
#61=CYLINDRICAL_SURFACE('',#2465,6.79999999999997);
#62=CYLINDRICAL_SURFACE('',#2469,5.33011531128524);
#63=CYLINDRICAL_SURFACE('',#2471,6.80000000000001);
#64=CYLINDRICAL_SURFACE('',#2480,5.33011531128524);
#65=CYLINDRICAL_SURFACE('',#2505,8.);
#66=CYLINDRICAL_SURFACE('',#2508,8.);
#67=CYLINDRICAL_SURFACE('',#2527,4.50000000000002);
#68=CYLINDRICAL_SURFACE('',#2529,4.49999999999998);
#69=CYLINDRICAL_SURFACE('',#2532,3.03011531128524);
#70=CYLINDRICAL_SURFACE('',#2535,3.03011531128524);
#71=FACE_BOUND('',#330,.T.);
#72=FACE_BOUND('',#339,.T.);
#73=FACE_BOUND('',#343,.T.);
#74=FACE_BOUND('',#346,.T.);
#75=FACE_BOUND('',#349,.T.);
#76=FACE_BOUND('',#439,.T.);
#77=FACE_BOUND('',#440,.T.);
#78=FACE_BOUND('',#441,.T.);
#79=FACE_BOUND('',#442,.T.);
#80=FACE_BOUND('',#443,.T.);
#81=CIRCLE('',#2320,7.);
#82=CIRCLE('',#2325,7.);
#83=CIRCLE('',#2346,6.99999999999999);
#84=CIRCLE('',#2348,6.99999999999999);
#85=CIRCLE('',#2350,7.00000000000001);
#86=CIRCLE('',#2352,7.00000000000001);
#87=CIRCLE('',#2354,7.);
#88=CIRCLE('',#2356,7.);
#89=CIRCLE('',#2360,8.);
#90=CIRCLE('',#2361,8.);
#91=CIRCLE('',#2362,8.);
#92=CIRCLE('',#2363,8.);
#93=CIRCLE('',#2364,7.);
#94=CIRCLE('',#2365,7.);
#95=CIRCLE('',#2366,7.);
#96=CIRCLE('',#2367,7.);
#97=CIRCLE('',#2369,5.33011531128524);
#98=CIRCLE('',#2370,5.33011531128524);
#99=CIRCLE('',#2380,7.00000000000001);
#100=CIRCLE('',#2382,4.);
#101=CIRCLE('',#2384,6.80000000000001);
#102=CIRCLE('',#2385,6.79999999999997);
#103=CIRCLE('',#2387,7.);
#104=CIRCLE('',#2389,4.);
#105=CIRCLE('',#2391,6.99999999999999);
#106=CIRCLE('',#2393,3.99999999999999);
#107=CIRCLE('',#2395,7.);
#108=CIRCLE('',#2397,4.);
#109=CIRCLE('',#2404,3.65982421235583);
#110=CIRCLE('',#2405,3.25975604304163);
#111=CIRCLE('',#2422,3.25975604304163);
#112=CIRCLE('',#2423,3.65982421235583);
#113=CIRCLE('',#2435,3.25975604304163);
#114=CIRCLE('',#2436,3.65982421235583);
#115=CIRCLE('',#2451,6.79999999999997);
#116=CIRCLE('',#2452,3.65982421235583);
#117=CIRCLE('',#2454,3.25975604304163);
#118=CIRCLE('',#2456,6.79999999999997);
#119=CIRCLE('',#2458,3.65982421235583);
#120=CIRCLE('',#2459,5.33011531128524);
#121=CIRCLE('',#2461,3.25975604304163);
#122=CIRCLE('',#2463,5.33011531128524);
#123=CIRCLE('',#2472,6.80000000000001);
#124=CIRCLE('',#2473,6.80000000000001);
#125=CIRCLE('',#2475,3.25975604304163);
#126=CIRCLE('',#2476,3.65982421235583);
#127=CIRCLE('',#2478,3.65982421235583);
#128=CIRCLE('',#2479,3.25975604304163);
#129=CIRCLE('',#2481,5.33011531128524);
#130=CIRCLE('',#2482,5.33011531128524);
#131=CIRCLE('',#2484,3.25975604304163);
#132=CIRCLE('',#2485,3.65982421235583);
#133=CIRCLE('',#2500,3.03011531128524);
#134=CIRCLE('',#2502,4.50000000000002);
#135=CIRCLE('',#2504,3.03011531128524);
#136=CIRCLE('',#2512,1.45);
#137=CIRCLE('',#2513,1.0499318306858);
#138=CIRCLE('',#2516,1.45);
#139=CIRCLE('',#2517,1.0499318306858);
#140=CIRCLE('',#2520,1.45);
#141=CIRCLE('',#2521,1.0499318306858);
#142=CIRCLE('',#2524,1.45);
#143=CIRCLE('',#2525,1.0499318306858);
#144=CIRCLE('',#2528,4.50000000000002);
#145=CIRCLE('',#2530,4.49999999999998);
#146=CIRCLE('',#2531,4.49999999999998);
#147=CIRCLE('',#2533,3.03011531128524);
#148=CIRCLE('',#2536,3.03011531128524);
#149=ELLIPSE('',#2317,9.89949493661172,7.);
#150=ELLIPSE('',#2318,9.89949493661172,7.);
#151=ELLIPSE('',#2322,9.8994949366117,7.);
#152=ELLIPSE('',#2323,9.8994949366117,7.);
#153=ELLIPSE('',#2327,9.89949493661116,7.);
#154=ELLIPSE('',#2328,9.89949493661116,7.);
#155=ELLIPSE('',#2330,9.8994949366117,7.);
#156=ELLIPSE('',#2331,9.8994949366117,7.);
#157=ELLIPSE('',#2333,9.89949493661176,7.00000000000001);
#158=ELLIPSE('',#2334,9.89949493661176,7.00000000000001);
#159=ELLIPSE('',#2337,9.89949493661161,7.00000000000001);
#160=ELLIPSE('',#2338,9.89949493661161,7.00000000000001);
#161=ELLIPSE('',#2340,9.89949493661169,6.99999999999999);
#162=ELLIPSE('',#2341,9.89949493661169,6.99999999999999);
#163=ELLIPSE('',#2343,9.89949493661153,6.99999999999999);
#164=ELLIPSE('',#2344,9.89949493661153,6.99999999999999);
#165=ELLIPSE('',#2374,11.3137084989847,8.);
#166=ELLIPSE('',#2377,11.3137084989847,8.);
#167=ELLIPSE('',#2401,5.65685424949236,4.);
#168=ELLIPSE('',#2403,5.30858941535522,3.75073435584825);
#169=ELLIPSE('',#2406,5.30858941535522,3.75073435584825);
#170=ELLIPSE('',#2408,5.65685424949236,4.);
#171=ELLIPSE('',#2409,5.30858941535523,3.75073435584826);
#172=ELLIPSE('',#2413,5.65685424949235,4.);
#173=ELLIPSE('',#2416,5.30858941535519,3.75073435584825);
#174=ELLIPSE('',#2418,5.30858941535519,3.75073435584825);
#175=ELLIPSE('',#2419,5.30858941535519,3.75073435584824);
#176=ELLIPSE('',#2420,5.65685424949235,4.);
#177=ELLIPSE('',#2428,5.30858941535519,3.75073435584824);
#178=ELLIPSE('',#2433,5.30858941535523,3.75073435584826);
#179=ELLIPSE('',#2506,11.3137084989847,8.);
#180=ELLIPSE('',#2509,11.3137084989847,8.);
#181=FACE_OUTER_BOUND('',#308,.T.);
#182=FACE_OUTER_BOUND('',#309,.T.);
#183=FACE_OUTER_BOUND('',#310,.T.);
#184=FACE_OUTER_BOUND('',#311,.T.);
#185=FACE_OUTER_BOUND('',#312,.T.);
#186=FACE_OUTER_BOUND('',#313,.T.);
#187=FACE_OUTER_BOUND('',#314,.T.);
#188=FACE_OUTER_BOUND('',#315,.T.);
#189=FACE_OUTER_BOUND('',#316,.T.);
#190=FACE_OUTER_BOUND('',#317,.T.);
#191=FACE_OUTER_BOUND('',#318,.T.);
#192=FACE_OUTER_BOUND('',#319,.T.);
#193=FACE_OUTER_BOUND('',#320,.T.);
#194=FACE_OUTER_BOUND('',#321,.T.);
#195=FACE_OUTER_BOUND('',#322,.T.);
#196=FACE_OUTER_BOUND('',#323,.T.);
#197=FACE_OUTER_BOUND('',#324,.T.);
#198=FACE_OUTER_BOUND('',#325,.T.);
#199=FACE_OUTER_BOUND('',#326,.T.);
#200=FACE_OUTER_BOUND('',#327,.T.);
#201=FACE_OUTER_BOUND('',#328,.T.);
#202=FACE_OUTER_BOUND('',#329,.T.);
#203=FACE_OUTER_BOUND('',#331,.T.);
#204=FACE_OUTER_BOUND('',#332,.T.);
#205=FACE_OUTER_BOUND('',#333,.T.);
#206=FACE_OUTER_BOUND('',#334,.T.);
#207=FACE_OUTER_BOUND('',#335,.T.);
#208=FACE_OUTER_BOUND('',#336,.T.);
#209=FACE_OUTER_BOUND('',#337,.T.);
#210=FACE_OUTER_BOUND('',#338,.T.);
#211=FACE_OUTER_BOUND('',#340,.T.);
#212=FACE_OUTER_BOUND('',#341,.T.);
#213=FACE_OUTER_BOUND('',#342,.T.);
#214=FACE_OUTER_BOUND('',#344,.T.);
#215=FACE_OUTER_BOUND('',#345,.T.);
#216=FACE_OUTER_BOUND('',#347,.T.);
#217=FACE_OUTER_BOUND('',#348,.T.);
#218=FACE_OUTER_BOUND('',#350,.T.);
#219=FACE_OUTER_BOUND('',#351,.T.);
#220=FACE_OUTER_BOUND('',#352,.T.);
#221=FACE_OUTER_BOUND('',#353,.T.);
#222=FACE_OUTER_BOUND('',#354,.T.);
#223=FACE_OUTER_BOUND('',#355,.T.);
#224=FACE_OUTER_BOUND('',#356,.T.);
#225=FACE_OUTER_BOUND('',#357,.T.);
#226=FACE_OUTER_BOUND('',#358,.T.);
#227=FACE_OUTER_BOUND('',#359,.T.);
#228=FACE_OUTER_BOUND('',#360,.T.);
#229=FACE_OUTER_BOUND('',#361,.T.);
#230=FACE_OUTER_BOUND('',#362,.T.);
#231=FACE_OUTER_BOUND('',#363,.T.);
#232=FACE_OUTER_BOUND('',#364,.T.);
#233=FACE_OUTER_BOUND('',#365,.T.);
#234=FACE_OUTER_BOUND('',#366,.T.);
#235=FACE_OUTER_BOUND('',#367,.T.);
#236=FACE_OUTER_BOUND('',#368,.T.);
#237=FACE_OUTER_BOUND('',#369,.T.);
#238=FACE_OUTER_BOUND('',#370,.T.);
#239=FACE_OUTER_BOUND('',#371,.T.);
#240=FACE_OUTER_BOUND('',#372,.T.);
#241=FACE_OUTER_BOUND('',#373,.T.);
#242=FACE_OUTER_BOUND('',#374,.T.);
#243=FACE_OUTER_BOUND('',#375,.T.);
#244=FACE_OUTER_BOUND('',#376,.T.);
#245=FACE_OUTER_BOUND('',#377,.T.);
#246=FACE_OUTER_BOUND('',#378,.T.);
#247=FACE_OUTER_BOUND('',#379,.T.);
#248=FACE_OUTER_BOUND('',#380,.T.);
#249=FACE_OUTER_BOUND('',#381,.T.);
#250=FACE_OUTER_BOUND('',#382,.T.);
#251=FACE_OUTER_BOUND('',#383,.T.);
#252=FACE_OUTER_BOUND('',#384,.T.);
#253=FACE_OUTER_BOUND('',#385,.T.);
#254=FACE_OUTER_BOUND('',#386,.T.);
#255=FACE_OUTER_BOUND('',#387,.T.);
#256=FACE_OUTER_BOUND('',#388,.T.);
#257=FACE_OUTER_BOUND('',#389,.T.);
#258=FACE_OUTER_BOUND('',#390,.T.);
#259=FACE_OUTER_BOUND('',#391,.T.);
#260=FACE_OUTER_BOUND('',#392,.T.);
#261=FACE_OUTER_BOUND('',#393,.T.);
#262=FACE_OUTER_BOUND('',#394,.T.);
#263=FACE_OUTER_BOUND('',#395,.T.);
#264=FACE_OUTER_BOUND('',#396,.T.);
#265=FACE_OUTER_BOUND('',#397,.T.);
#266=FACE_OUTER_BOUND('',#398,.T.);
#267=FACE_OUTER_BOUND('',#399,.T.);
#268=FACE_OUTER_BOUND('',#400,.T.);
#269=FACE_OUTER_BOUND('',#401,.T.);
#270=FACE_OUTER_BOUND('',#402,.T.);
#271=FACE_OUTER_BOUND('',#403,.T.);
#272=FACE_OUTER_BOUND('',#404,.T.);
#273=FACE_OUTER_BOUND('',#405,.T.);
#274=FACE_OUTER_BOUND('',#406,.T.);
#275=FACE_OUTER_BOUND('',#407,.T.);
#276=FACE_OUTER_BOUND('',#408,.T.);
#277=FACE_OUTER_BOUND('',#409,.T.);
#278=FACE_OUTER_BOUND('',#410,.T.);
#279=FACE_OUTER_BOUND('',#411,.T.);
#280=FACE_OUTER_BOUND('',#412,.T.);
#281=FACE_OUTER_BOUND('',#413,.T.);
#282=FACE_OUTER_BOUND('',#414,.T.);
#283=FACE_OUTER_BOUND('',#415,.T.);
#284=FACE_OUTER_BOUND('',#416,.T.);
#285=FACE_OUTER_BOUND('',#417,.T.);
#286=FACE_OUTER_BOUND('',#418,.T.);
#287=FACE_OUTER_BOUND('',#419,.T.);
#288=FACE_OUTER_BOUND('',#420,.T.);
#289=FACE_OUTER_BOUND('',#421,.T.);
#290=FACE_OUTER_BOUND('',#422,.T.);
#291=FACE_OUTER_BOUND('',#423,.T.);
#292=FACE_OUTER_BOUND('',#424,.T.);
#293=FACE_OUTER_BOUND('',#425,.T.);
#294=FACE_OUTER_BOUND('',#426,.T.);
#295=FACE_OUTER_BOUND('',#427,.T.);
#296=FACE_OUTER_BOUND('',#428,.T.);
#297=FACE_OUTER_BOUND('',#429,.T.);
#298=FACE_OUTER_BOUND('',#430,.T.);
#299=FACE_OUTER_BOUND('',#431,.T.);
#300=FACE_OUTER_BOUND('',#432,.T.);
#301=FACE_OUTER_BOUND('',#433,.T.);
#302=FACE_OUTER_BOUND('',#434,.T.);
#303=FACE_OUTER_BOUND('',#435,.T.);
#304=FACE_OUTER_BOUND('',#436,.T.);
#305=FACE_OUTER_BOUND('',#437,.T.);
#306=FACE_OUTER_BOUND('',#438,.T.);
#307=FACE_OUTER_BOUND('',#444,.T.);
#308=EDGE_LOOP('',(#1420,#1421,#1422,#1423));
#309=EDGE_LOOP('',(#1424,#1425,#1426,#1427));
#310=EDGE_LOOP('',(#1428,#1429,#1430,#1431));
#311=EDGE_LOOP('',(#1432,#1433));
#312=EDGE_LOOP('',(#1434,#1435,#1436,#1437));
#313=EDGE_LOOP('',(#1438,#1439));
#314=EDGE_LOOP('',(#1440,#1441,#1442,#1443));
#315=EDGE_LOOP('',(#1444,#1445,#1446,#1447));
#316=EDGE_LOOP('',(#1448,#1449,#1450,#1451,#1452));
#317=EDGE_LOOP('',(#1453,#1454,#1455));
#318=EDGE_LOOP('',(#1456,#1457,#1458,#1459,#1460));
#319=EDGE_LOOP('',(#1461,#1462,#1463,#1464));
#320=EDGE_LOOP('',(#1465,#1466,#1467,#1468));
#321=EDGE_LOOP('',(#1469,#1470));
#322=EDGE_LOOP('',(#1471,#1472));
#323=EDGE_LOOP('',(#1473,#1474));
#324=EDGE_LOOP('',(#1475,#1476));
#325=EDGE_LOOP('',(#1477,#1478));
#326=EDGE_LOOP('',(#1479,#1480));
#327=EDGE_LOOP('',(#1481,#1482,#1483,#1484));
#328=EDGE_LOOP('',(#1485,#1486,#1487,#1488));
#329=EDGE_LOOP('',(#1489,#1490,#1491,#1492,#1493,#1494,#1495,#1496));
#330=EDGE_LOOP('',(#1497,#1498,#1499,#1500,#1501,#1502,#1503,#1504));
#331=EDGE_LOOP('',(#1505,#1506,#1507,#1508,#1509,#1510,#1511,#1512,#1513,
#1514,#1515,#1516,#1517,#1518));
#332=EDGE_LOOP('',(#1519,#1520,#1521,#1522));
#333=EDGE_LOOP('',(#1523,#1524,#1525,#1526));
#334=EDGE_LOOP('',(#1527,#1528,#1529,#1530));
#335=EDGE_LOOP('',(#1531,#1532,#1533,#1534,#1535,#1536));
#336=EDGE_LOOP('',(#1537,#1538,#1539,#1540));
#337=EDGE_LOOP('',(#1541,#1542,#1543,#1544));
#338=EDGE_LOOP('',(#1545,#1546,#1547,#1548,#1549,#1550));
#339=EDGE_LOOP('',(#1551,#1552,#1553,#1554,#1555,#1556,#1557));
#340=EDGE_LOOP('',(#1558,#1559,#1560,#1561));
#341=EDGE_LOOP('',(#1562,#1563,#1564,#1565,#1566,#1567,#1568,#1569,#1570,
#1571,#1572,#1573,#1574,#1575));
#342=EDGE_LOOP('',(#1576,#1577,#1578,#1579,#1580,#1581));
#343=EDGE_LOOP('',(#1582,#1583,#1584,#1585,#1586,#1587));
#344=EDGE_LOOP('',(#1588,#1589,#1590,#1591));
#345=EDGE_LOOP('',(#1592,#1593,#1594,#1595,#1596,#1597));
#346=EDGE_LOOP('',(#1598,#1599,#1600,#1601,#1602,#1603));
#347=EDGE_LOOP('',(#1604,#1605,#1606,#1607));
#348=EDGE_LOOP('',(#1608,#1609,#1610,#1611,#1612,#1613));
#349=EDGE_LOOP('',(#1614,#1615,#1616,#1617,#1618,#1619));
#350=EDGE_LOOP('',(#1620,#1621,#1622,#1623));
#351=EDGE_LOOP('',(#1624,#1625,#1626,#1627,#1628,#1629));
#352=EDGE_LOOP('',(#1630,#1631,#1632,#1633,#1634,#1635,#1636));
#353=EDGE_LOOP('',(#1637,#1638,#1639,#1640,#1641));
#354=EDGE_LOOP('',(#1642,#1643,#1644,#1645,#1646,#1647,#1648,#1649));
#355=EDGE_LOOP('',(#1650,#1651,#1652,#1653,#1654,#1655,#1656,#1657));
#356=EDGE_LOOP('',(#1658,#1659,#1660));
#357=EDGE_LOOP('',(#1661,#1662,#1663,#1664,#1665,#1666,#1667));
#358=EDGE_LOOP('',(#1668,#1669,#1670,#1671,#1672));
#359=EDGE_LOOP('',(#1673,#1674,#1675,#1676,#1677,#1678));
#360=EDGE_LOOP('',(#1679,#1680,#1681));
#361=EDGE_LOOP('',(#1682,#1683,#1684,#1685,#1686,#1687,#1688,#1689));
#362=EDGE_LOOP('',(#1690,#1691,#1692,#1693,#1694,#1695,#1696,#1697));
#363=EDGE_LOOP('',(#1698,#1699,#1700,#1701,#1702,#1703));
#364=EDGE_LOOP('',(#1704,#1705,#1706,#1707,#1708));
#365=EDGE_LOOP('',(#1709,#1710,#1711,#1712,#1713,#1714,#1715));
#366=EDGE_LOOP('',(#1716,#1717,#1718));
#367=EDGE_LOOP('',(#1719,#1720,#1721,#1722,#1723,#1724,#1725));
#368=EDGE_LOOP('',(#1726,#1727,#1728,#1729,#1730));
#369=EDGE_LOOP('',(#1731,#1732,#1733,#1734,#1735,#1736));
#370=EDGE_LOOP('',(#1737,#1738,#1739));
#371=EDGE_LOOP('',(#1740,#1741,#1742,#1743,#1744,#1745,#1746,#1747));
#372=EDGE_LOOP('',(#1748,#1749,#1750,#1751));
#373=EDGE_LOOP('',(#1752,#1753,#1754,#1755));
#374=EDGE_LOOP('',(#1756,#1757,#1758,#1759));
#375=EDGE_LOOP('',(#1760,#1761,#1762,#1763));
#376=EDGE_LOOP('',(#1764,#1765,#1766,#1767));
#377=EDGE_LOOP('',(#1768,#1769,#1770,#1771));
#378=EDGE_LOOP('',(#1772,#1773,#1774,#1775));
#379=EDGE_LOOP('',(#1776,#1777,#1778,#1779));
#380=EDGE_LOOP('',(#1780,#1781,#1782,#1783));
#381=EDGE_LOOP('',(#1784,#1785,#1786,#1787));
#382=EDGE_LOOP('',(#1788,#1789,#1790,#1791,#1792,#1793,#1794,#1795,#1796,
#1797,#1798,#1799,#1800,#1801));
#383=EDGE_LOOP('',(#1802,#1803,#1804,#1805,#1806,#1807,#1808,#1809));
#384=EDGE_LOOP('',(#1810,#1811,#1812,#1813));
#385=EDGE_LOOP('',(#1814,#1815,#1816));
#386=EDGE_LOOP('',(#1817,#1818,#1819,#1820));
#387=EDGE_LOOP('',(#1821,#1822,#1823,#1824,#1825));
#388=EDGE_LOOP('',(#1826,#1827,#1828));
#389=EDGE_LOOP('',(#1829,#1830,#1831,#1832));
#390=EDGE_LOOP('',(#1833,#1834,#1835,#1836,#1837));
#391=EDGE_LOOP('',(#1838,#1839,#1840,#1841,#1842,#1843,#1844,#1845,#1846,
#1847,#1848,#1849,#1850,#1851));
#392=EDGE_LOOP('',(#1852,#1853,#1854,#1855,#1856,#1857));
#393=EDGE_LOOP('',(#1858,#1859,#1860,#1861,#1862,#1863,#1864,#1865));
#394=EDGE_LOOP('',(#1866,#1867,#1868,#1869));
#395=EDGE_LOOP('',(#1870,#1871,#1872,#1873,#1874,#1875,#1876,#1877));
#396=EDGE_LOOP('',(#1878,#1879,#1880,#1881,#1882,#1883));
#397=EDGE_LOOP('',(#1884,#1885,#1886,#1887,#1888,#1889,#1890,#1891));
#398=EDGE_LOOP('',(#1892,#1893,#1894,#1895,#1896,#1897));
#399=EDGE_LOOP('',(#1898,#1899,#1900,#1901));
#400=EDGE_LOOP('',(#1902,#1903,#1904,#1905,#1906,#1907,#1908,#1909));
#401=EDGE_LOOP('',(#1910,#1911,#1912,#1913,#1914,#1915));
#402=EDGE_LOOP('',(#1916,#1917,#1918,#1919));
#403=EDGE_LOOP('',(#1920,#1921,#1922,#1923,#1924,#1925,#1926,#1927));
#404=EDGE_LOOP('',(#1928,#1929,#1930,#1931,#1932));
#405=EDGE_LOOP('',(#1933,#1934,#1935));
#406=EDGE_LOOP('',(#1936,#1937,#1938,#1939));
#407=EDGE_LOOP('',(#1940,#1941,#1942));
#408=EDGE_LOOP('',(#1943,#1944,#1945,#1946));
#409=EDGE_LOOP('',(#1947,#1948,#1949,#1950,#1951));
#410=EDGE_LOOP('',(#1952,#1953,#1954,#1955));
#411=EDGE_LOOP('',(#1956,#1957,#1958,#1959));
#412=EDGE_LOOP('',(#1960,#1961,#1962,#1963));
#413=EDGE_LOOP('',(#1964,#1965,#1966,#1967));
#414=EDGE_LOOP('',(#1968,#1969,#1970,#1971,#1972,#1973,#1974,#1975));
#415=EDGE_LOOP('',(#1976,#1977,#1978,#1979,#1980,#1981,#1982,#1983));
#416=EDGE_LOOP('',(#1984,#1985,#1986,#1987));
#417=EDGE_LOOP('',(#1988,#1989,#1990,#1991));
#418=EDGE_LOOP('',(#1992,#1993,#1994,#1995));
#419=EDGE_LOOP('',(#1996,#1997,#1998,#1999));
#420=EDGE_LOOP('',(#2000,#2001,#2002,#2003));
#421=EDGE_LOOP('',(#2004,#2005,#2006,#2007));
#422=EDGE_LOOP('',(#2008,#2009,#2010,#2011,#2012,#2013));
#423=EDGE_LOOP('',(#2014,#2015,#2016,#2017));
#424=EDGE_LOOP('',(#2018));
#425=EDGE_LOOP('',(#2019,#2020,#2021,#2022));
#426=EDGE_LOOP('',(#2023));
#427=EDGE_LOOP('',(#2024,#2025,#2026,#2027));
#428=EDGE_LOOP('',(#2028));
#429=EDGE_LOOP('',(#2029,#2030,#2031,#2032));
#430=EDGE_LOOP('',(#2033));
#431=EDGE_LOOP('',(#2034,#2035,#2036,#2037));
#432=EDGE_LOOP('',(#2038,#2039,#2040,#2041));
#433=EDGE_LOOP('',(#2042,#2043,#2044,#2045));
#434=EDGE_LOOP('',(#2046,#2047,#2048,#2049,#2050,#2051,#2052,#2053));
#435=EDGE_LOOP('',(#2054,#2055,#2056,#2057));
#436=EDGE_LOOP('',(#2058,#2059,#2060,#2061));
#437=EDGE_LOOP('',(#2062,#2063,#2064,#2065,#2066,#2067));
#438=EDGE_LOOP('',(#2068,#2069,#2070,#2071));
#439=EDGE_LOOP('',(#2072));
#440=EDGE_LOOP('',(#2073));
#441=EDGE_LOOP('',(#2074));
#442=EDGE_LOOP('',(#2075));
#443=EDGE_LOOP('',(#2076,#2077,#2078,#2079,#2080,#2081,#2082,#2083));
#444=EDGE_LOOP('',(#2084,#2085,#2086,#2087,#2088,#2089));
#445=LINE('',#3212,#656);
#446=LINE('',#3214,#657);
#447=LINE('',#3216,#658);
#448=LINE('',#3217,#659);
#449=LINE('',#3221,#660);
#450=LINE('',#3223,#661);
#451=LINE('',#3225,#662);
#452=LINE('',#3226,#663);
#453=LINE('',#3232,#664);
#454=LINE('',#3235,#665);
#455=LINE('',#3243,#666);
#456=LINE('',#3251,#667);
#457=LINE('',#3254,#668);
#458=LINE('',#3259,#669);
#459=LINE('',#3264,#670);
#460=LINE('',#3268,#671);
#461=LINE('',#3271,#672);
#462=LINE('',#3274,#673);
#463=LINE('',#3275,#674);
#464=LINE('',#3280,#675);
#465=LINE('',#3287,#676);
#466=LINE('',#3290,#677);
#467=LINE('',#3295,#678);
#468=LINE('',#3312,#679);
#469=LINE('',#3314,#680);
#470=LINE('',#3316,#681);
#471=LINE('',#3317,#682);
#472=LINE('',#3321,#683);
#473=LINE('',#3323,#684);
#474=LINE('',#3325,#685);
#475=LINE('',#3326,#686);
#476=LINE('',#3332,#687);
#477=LINE('',#3336,#688);
#478=LINE('',#3340,#689);
#479=LINE('',#3343,#690);
#480=LINE('',#3350,#691);
#481=LINE('',#3352,#692);
#482=LINE('',#3356,#693);
#483=LINE('',#3358,#694);
#484=LINE('',#3360,#695);
#485=LINE('',#3362,#696);
#486=LINE('',#3364,#697);
#487=LINE('',#3366,#698);
#488=LINE('',#3368,#699);
#489=LINE('',#3372,#700);
#490=LINE('',#3373,#701);
#491=LINE('',#3376,#702);
#492=LINE('',#3378,#703);
#493=LINE('',#3379,#704);
#494=LINE('',#3382,#705);
#495=LINE('',#3384,#706);
#496=LINE('',#3385,#707);
#497=LINE('',#3388,#708);
#498=LINE('',#3391,#709);
#499=LINE('',#3394,#710);
#500=LINE('',#3396,#711);
#501=LINE('',#3398,#712);
#502=LINE('',#3399,#713);
#503=LINE('',#3402,#714);
#504=LINE('',#3406,#715);
#505=LINE('',#3407,#716);
#506=LINE('',#3412,#717);
#507=LINE('',#3413,#718);
#508=LINE('',#3418,#719);
#509=LINE('',#3419,#720);
#510=LINE('',#3422,#721);
#511=LINE('',#3424,#722);
#512=LINE('',#3428,#723);
#513=LINE('',#3430,#724);
#514=LINE('',#3432,#725);
#515=LINE('',#3434,#726);
#516=LINE('',#3436,#727);
#517=LINE('',#3438,#728);
#518=LINE('',#3440,#729);
#519=LINE('',#3444,#730);
#520=LINE('',#3445,#731);
#521=LINE('',#3450,#732);
#522=LINE('',#3451,#733);
#523=LINE('',#3456,#734);
#524=LINE('',#3457,#735);
#525=LINE('',#3462,#736);
#526=LINE('',#3463,#737);
#527=LINE('',#3466,#738);
#528=LINE('',#3468,#739);
#529=LINE('',#3474,#740);
#530=LINE('',#3475,#741);
#531=LINE('',#3480,#742);
#532=LINE('',#3481,#743);
#533=LINE('',#3484,#744);
#534=LINE('',#3486,#745);
#535=LINE('',#3487,#746);
#536=LINE('',#3490,#747);
#537=LINE('',#3492,#748);
#538=LINE('',#3497,#749);
#539=LINE('',#3523,#750);
#540=LINE('',#3525,#751);
#541=LINE('',#3530,#752);
#542=LINE('',#3532,#753);
#543=LINE('',#3535,#754);
#544=LINE('',#3537,#755);
#545=LINE('',#3542,#756);
#546=LINE('',#3547,#757);
#547=LINE('',#3554,#758);
#548=LINE('',#3555,#759);
#549=LINE('',#3558,#760);
#550=LINE('',#3564,#761);
#551=LINE('',#3570,#762);
#552=LINE('',#3571,#763);
#553=LINE('',#3585,#764);
#554=LINE('',#3586,#765);
#555=LINE('',#3593,#766);
#556=LINE('',#3596,#767);
#557=LINE('',#3601,#768);
#558=LINE('',#3605,#769);
#559=LINE('',#3608,#770);
#560=LINE('',#3610,#771);
#561=LINE('',#3615,#772);
#562=LINE('',#3617,#773);
#563=LINE('',#3623,#774);
#564=LINE('',#3626,#775);
#565=LINE('',#3643,#776);
#566=LINE('',#3645,#777);
#567=LINE('',#3647,#778);
#568=LINE('',#3648,#779);
#569=LINE('',#3650,#780);
#570=LINE('',#3651,#781);
#571=LINE('',#3654,#782);
#572=LINE('',#3656,#783);
#573=LINE('',#3657,#784);
#574=LINE('',#3661,#785);
#575=LINE('',#3663,#786);
#576=LINE('',#3665,#787);
#577=LINE('',#3666,#788);
#578=LINE('',#3669,#789);
#579=LINE('',#3671,#790);
#580=LINE('',#3672,#791);
#581=LINE('',#3675,#792);
#582=LINE('',#3677,#793);
#583=LINE('',#3678,#794);
#584=LINE('',#3680,#795);
#585=LINE('',#3681,#796);
#586=LINE('',#3683,#797);
#587=LINE('',#3684,#798);
#588=LINE('',#3687,#799);
#589=LINE('',#3689,#800);
#590=LINE('',#3690,#801);
#591=LINE('',#3692,#802);
#592=LINE('',#3693,#803);
#593=LINE('',#3696,#804);
#594=LINE('',#3698,#805);
#595=LINE('',#3703,#806);
#596=LINE('',#3705,#807);
#597=LINE('',#3706,#808);
#598=LINE('',#3709,#809);
#599=LINE('',#3711,#810);
#600=LINE('',#3713,#811);
#601=LINE('',#3715,#812);
#602=LINE('',#3716,#813);
#603=LINE('',#3718,#814);
#604=LINE('',#3725,#815);
#605=LINE('',#3740,#816);
#606=LINE('',#3743,#817);
#607=LINE('',#3747,#818);
#608=LINE('',#3767,#819);
#609=LINE('',#3768,#820);
#610=LINE('',#3770,#821);
#611=LINE('',#3771,#822);
#612=LINE('',#3773,#823);
#613=LINE('',#3777,#824);
#614=LINE('',#3781,#825);
#615=LINE('',#3787,#826);
#616=LINE('',#3792,#827);
#617=LINE('',#3822,#828);
#618=LINE('',#3832,#829);
#619=LINE('',#3833,#830);
#620=LINE('',#3842,#831);
#621=LINE('',#3843,#832);
#622=LINE('',#3846,#833);
#623=LINE('',#3847,#834);
#624=LINE('',#3850,#835);
#625=LINE('',#3851,#836);
#626=LINE('',#3854,#837);
#627=LINE('',#3855,#838);
#628=LINE('',#3858,#839);
#629=LINE('',#3860,#840);
#630=LINE('',#3862,#841);
#631=LINE('',#3864,#842);
#632=LINE('',#3865,#843);
#633=LINE('',#3868,#844);
#634=LINE('',#3870,#845);
#635=LINE('',#3872,#846);
#636=LINE('',#3874,#847);
#637=LINE('',#3875,#848);
#638=LINE('',#3878,#849);
#639=LINE('',#3885,#850);
#640=LINE('',#3888,#851);
#641=LINE('',#3891,#852);
#642=LINE('',#3893,#853);
#643=LINE('',#3896,#854);
#644=LINE('',#3900,#855);
#645=LINE('',#3901,#856);
#646=LINE('',#3906,#857);
#647=LINE('',#3913,#858);
#648=LINE('',#3920,#859);
#649=LINE('',#3927,#860);
#650=LINE('',#3938,#861);
#651=LINE('',#3941,#862);
#652=LINE('',#3942,#863);
#653=LINE('',#3948,#864);
#654=LINE('',#3949,#865);
#655=LINE('',#3951,#866);
#656=VECTOR('',#2545,10.);
#657=VECTOR('',#2546,10.);
#658=VECTOR('',#2547,10.);
#659=VECTOR('',#2548,10.);
#660=VECTOR('',#2551,10.);
#661=VECTOR('',#2552,10.);
#662=VECTOR('',#2553,10.);
#663=VECTOR('',#2554,10.);
#664=VECTOR('',#2559,10.);
#665=VECTOR('',#2562,10.);
#666=VECTOR('',#2573,10.);
#667=VECTOR('',#2582,10.);
#668=VECTOR('',#2585,10.);
#669=VECTOR('',#2590,10.);
#670=VECTOR('',#2595,10.);
#671=VECTOR('',#2598,10.);
#672=VECTOR('',#2601,10.);
#673=VECTOR('',#2604,10.);
#674=VECTOR('',#2605,10.);
#675=VECTOR('',#2610,10.);
#676=VECTOR('',#2617,10.);
#677=VECTOR('',#2620,10.);
#678=VECTOR('',#2625,10.);
#679=VECTOR('',#2654,10.);
#680=VECTOR('',#2655,10.);
#681=VECTOR('',#2656,10.);
#682=VECTOR('',#2657,10.);
#683=VECTOR('',#2660,10.);
#684=VECTOR('',#2661,10.);
#685=VECTOR('',#2662,10.);
#686=VECTOR('',#2663,10.);
#687=VECTOR('',#2668,10.);
#688=VECTOR('',#2671,10.);
#689=VECTOR('',#2674,10.);
#690=VECTOR('',#2677,10.);
#691=VECTOR('',#2688,10.);
#692=VECTOR('',#2689,10.);
#693=VECTOR('',#2692,10.);
#694=VECTOR('',#2693,10.);
#695=VECTOR('',#2694,10.);
#696=VECTOR('',#2695,10.);
#697=VECTOR('',#2696,10.);
#698=VECTOR('',#2697,10.);
#699=VECTOR('',#2698,10.);
#700=VECTOR('',#2701,10.);
#701=VECTOR('',#2702,10.);
#702=VECTOR('',#2705,10.);
#703=VECTOR('',#2706,10.);
#704=VECTOR('',#2707,10.);
#705=VECTOR('',#2710,10.);
#706=VECTOR('',#2711,10.);
#707=VECTOR('',#2712,10.);
#708=VECTOR('',#2715,10.);
#709=VECTOR('',#2718,10.);
#710=VECTOR('',#2721,10.);
#711=VECTOR('',#2722,10.);
#712=VECTOR('',#2723,10.);
#713=VECTOR('',#2724,10.);
#714=VECTOR('',#2727,10.);
#715=VECTOR('',#2732,10.);
#716=VECTOR('',#2733,10.);
#717=VECTOR('',#2738,10.);
#718=VECTOR('',#2739,10.);
#719=VECTOR('',#2744,10.);
#720=VECTOR('',#2745,10.);
#721=VECTOR('',#2748,10.);
#722=VECTOR('',#2749,10.);
#723=VECTOR('',#2752,10.);
#724=VECTOR('',#2753,10.);
#725=VECTOR('',#2754,10.);
#726=VECTOR('',#2755,10.);
#727=VECTOR('',#2756,10.);
#728=VECTOR('',#2757,10.);
#729=VECTOR('',#2758,10.);
#730=VECTOR('',#2761,10.);
#731=VECTOR('',#2762,10.);
#732=VECTOR('',#2767,10.);
#733=VECTOR('',#2768,10.);
#734=VECTOR('',#2773,10.);
#735=VECTOR('',#2774,10.);
#736=VECTOR('',#2779,10.);
#737=VECTOR('',#2780,10.);
#738=VECTOR('',#2783,10.);
#739=VECTOR('',#2784,10.);
#740=VECTOR('',#2791,10.);
#741=VECTOR('',#2792,10.);
#742=VECTOR('',#2797,10.);
#743=VECTOR('',#2798,10.);
#744=VECTOR('',#2801,10.);
#745=VECTOR('',#2802,10.);
#746=VECTOR('',#2803,10.);
#747=VECTOR('',#2806,10.);
#748=VECTOR('',#2807,10.);
#749=VECTOR('',#2808,10.);
#750=VECTOR('',#2825,10.);
#751=VECTOR('',#2826,10.);
#752=VECTOR('',#2831,10.);
#753=VECTOR('',#2834,10.);
#754=VECTOR('',#2837,10.);
#755=VECTOR('',#2838,10.);
#756=VECTOR('',#2839,10.);
#757=VECTOR('',#2844,10.);
#758=VECTOR('',#2847,10.);
#759=VECTOR('',#2848,10.);
#760=VECTOR('',#2851,10.);
#761=VECTOR('',#2858,10.);
#762=VECTOR('',#2863,10.);
#763=VECTOR('',#2864,10.);
#764=VECTOR('',#2873,10.);
#765=VECTOR('',#2874,10.);
#766=VECTOR('',#2877,10.);
#767=VECTOR('',#2880,10.);
#768=VECTOR('',#2881,10.);
#769=VECTOR('',#2886,10.);
#770=VECTOR('',#2889,10.);
#771=VECTOR('',#2890,10.);
#772=VECTOR('',#2891,10.);
#773=VECTOR('',#2894,10.);
#774=VECTOR('',#2897,10.);
#775=VECTOR('',#2900,10.);
#776=VECTOR('',#2911,10.);
#777=VECTOR('',#2912,10.);
#778=VECTOR('',#2913,10.);
#779=VECTOR('',#2914,10.);
#780=VECTOR('',#2917,10.);
#781=VECTOR('',#2918,10.);
#782=VECTOR('',#2921,10.);
#783=VECTOR('',#2922,10.);
#784=VECTOR('',#2923,10.);
#785=VECTOR('',#2926,10.);
#786=VECTOR('',#2927,10.);
#787=VECTOR('',#2928,10.);
#788=VECTOR('',#2929,10.);
#789=VECTOR('',#2932,10.);
#790=VECTOR('',#2933,10.);
#791=VECTOR('',#2934,10.);
#792=VECTOR('',#2937,10.);
#793=VECTOR('',#2938,10.);
#794=VECTOR('',#2939,10.);
#795=VECTOR('',#2942,10.);
#796=VECTOR('',#2943,10.);
#797=VECTOR('',#2946,10.);
#798=VECTOR('',#2947,10.);
#799=VECTOR('',#2950,10.);
#800=VECTOR('',#2951,10.);
#801=VECTOR('',#2952,10.);
#802=VECTOR('',#2955,10.);
#803=VECTOR('',#2956,10.);
#804=VECTOR('',#2959,10.);
#805=VECTOR('',#2960,10.);
#806=VECTOR('',#2961,10.);
#807=VECTOR('',#2962,10.);
#808=VECTOR('',#2963,10.);
#809=VECTOR('',#2966,10.);
#810=VECTOR('',#2967,10.);
#811=VECTOR('',#2968,10.);
#812=VECTOR('',#2969,10.);
#813=VECTOR('',#2970,10.);
#814=VECTOR('',#2973,10.);
#815=VECTOR('',#2980,10.);
#816=VECTOR('',#2987,10.);
#817=VECTOR('',#2990,10.);
#818=VECTOR('',#2993,10.);
#819=VECTOR('',#3006,10.);
#820=VECTOR('',#3007,10.);
#821=VECTOR('',#3010,10.);
#822=VECTOR('',#3011,10.);
#823=VECTOR('',#3014,10.);
#824=VECTOR('',#3021,10.);
#825=VECTOR('',#3026,10.);
#826=VECTOR('',#3027,10.);
#827=VECTOR('',#3028,10.);
#828=VECTOR('',#3053,10.);
#829=VECTOR('',#3062,10.);
#830=VECTOR('',#3063,10.);
#831=VECTOR('',#3078,10.);
#832=VECTOR('',#3079,10.);
#833=VECTOR('',#3082,10.);
#834=VECTOR('',#3083,10.);
#835=VECTOR('',#3086,10.);
#836=VECTOR('',#3087,10.);
#837=VECTOR('',#3090,10.);
#838=VECTOR('',#3091,10.);
#839=VECTOR('',#3094,10.);
#840=VECTOR('',#3095,10.);
#841=VECTOR('',#3096,10.);
#842=VECTOR('',#3097,10.);
#843=VECTOR('',#3098,10.);
#844=VECTOR('',#3101,10.);
#845=VECTOR('',#3102,10.);
#846=VECTOR('',#3103,10.);
#847=VECTOR('',#3104,10.);
#848=VECTOR('',#3105,10.);
#849=VECTOR('',#3108,10.);
#850=VECTOR('',#3119,10.);
#851=VECTOR('',#3122,10.);
#852=VECTOR('',#3125,10.);
#853=VECTOR('',#3128,10.);
#854=VECTOR('',#3131,10.);
#855=VECTOR('',#3136,10.);
#856=VECTOR('',#3137,10.);
#857=VECTOR('',#3142,1.45);
#858=VECTOR('',#3151,1.45);
#859=VECTOR('',#3160,1.45);
#860=VECTOR('',#3169,1.45);
#861=VECTOR('',#3188,10.);
#862=VECTOR('',#3191,10.);
#863=VECTOR('',#3192,10.);
#864=VECTOR('',#3201,10.);
#865=VECTOR('',#3202,10.);
#866=VECTOR('',#3205,10.);
#867=VERTEX_POINT('',#3210);
#868=VERTEX_POINT('',#3211);
#869=VERTEX_POINT('',#3213);
#870=VERTEX_POINT('',#3215);
#871=VERTEX_POINT('',#3219);
#872=VERTEX_POINT('',#3220);
#873=VERTEX_POINT('',#3222);
#874=VERTEX_POINT('',#3224);
#875=VERTEX_POINT('',#3228);
#876=VERTEX_POINT('',#3229);
#877=VERTEX_POINT('',#3231);
#878=VERTEX_POINT('',#3233);
#879=VERTEX_POINT('',#3239);
#880=VERTEX_POINT('',#3241);
#881=VERTEX_POINT('',#3247);
#882=VERTEX_POINT('',#3248);
#883=VERTEX_POINT('',#3250);
#884=VERTEX_POINT('',#3252);
#885=VERTEX_POINT('',#3256);
#886=VERTEX_POINT('',#3258);
#887=VERTEX_POINT('',#3262);
#888=VERTEX_POINT('',#3263);
#889=VERTEX_POINT('',#3265);
#890=VERTEX_POINT('',#3267);
#891=VERTEX_POINT('',#3269);
#892=VERTEX_POINT('',#3273);
#893=VERTEX_POINT('',#3277);
#894=VERTEX_POINT('',#3279);
#895=VERTEX_POINT('',#3283);
#896=VERTEX_POINT('',#3284);
#897=VERTEX_POINT('',#3286);
#898=VERTEX_POINT('',#3288);
#899=VERTEX_POINT('',#3292);
#900=VERTEX_POINT('',#3294);
#901=VERTEX_POINT('',#3310);
#902=VERTEX_POINT('',#3311);
#903=VERTEX_POINT('',#3313);
#904=VERTEX_POINT('',#3315);
#905=VERTEX_POINT('',#3319);
#906=VERTEX_POINT('',#3320);
#907=VERTEX_POINT('',#3322);
#908=VERTEX_POINT('',#3324);
#909=VERTEX_POINT('',#3328);
#910=VERTEX_POINT('',#3329);
#911=VERTEX_POINT('',#3331);
#912=VERTEX_POINT('',#3333);
#913=VERTEX_POINT('',#3335);
#914=VERTEX_POINT('',#3337);
#915=VERTEX_POINT('',#3339);
#916=VERTEX_POINT('',#3341);
#917=VERTEX_POINT('',#3349);
#918=VERTEX_POINT('',#3351);
#919=VERTEX_POINT('',#3353);
#920=VERTEX_POINT('',#3355);
#921=VERTEX_POINT('',#3357);
#922=VERTEX_POINT('',#3359);
#923=VERTEX_POINT('',#3361);
#924=VERTEX_POINT('',#3363);
#925=VERTEX_POINT('',#3365);
#926=VERTEX_POINT('',#3367);
#927=VERTEX_POINT('',#3369);
#928=VERTEX_POINT('',#3371);
#929=VERTEX_POINT('',#3375);
#930=VERTEX_POINT('',#3377);
#931=VERTEX_POINT('',#3381);
#932=VERTEX_POINT('',#3383);
#933=VERTEX_POINT('',#3387);
#934=VERTEX_POINT('',#3389);
#935=VERTEX_POINT('',#3393);
#936=VERTEX_POINT('',#3395);
#937=VERTEX_POINT('',#3397);
#938=VERTEX_POINT('',#3401);
#939=VERTEX_POINT('',#3405);
#940=VERTEX_POINT('',#3409);
#941=VERTEX_POINT('',#3410);
#942=VERTEX_POINT('',#3415);
#943=VERTEX_POINT('',#3416);
#944=VERTEX_POINT('',#3421);
#945=VERTEX_POINT('',#3423);
#946=VERTEX_POINT('',#3425);
#947=VERTEX_POINT('',#3427);
#948=VERTEX_POINT('',#3429);
#949=VERTEX_POINT('',#3431);
#950=VERTEX_POINT('',#3433);
#951=VERTEX_POINT('',#3435);
#952=VERTEX_POINT('',#3437);
#953=VERTEX_POINT('',#3439);
#954=VERTEX_POINT('',#3441);
#955=VERTEX_POINT('',#3443);
#956=VERTEX_POINT('',#3447);
#957=VERTEX_POINT('',#3448);
#958=VERTEX_POINT('',#3453);
#959=VERTEX_POINT('',#3454);
#960=VERTEX_POINT('',#3459);
#961=VERTEX_POINT('',#3460);
#962=VERTEX_POINT('',#3465);
#963=VERTEX_POINT('',#3467);
#964=VERTEX_POINT('',#3471);
#965=VERTEX_POINT('',#3472);
#966=VERTEX_POINT('',#3477);
#967=VERTEX_POINT('',#3478);
#968=VERTEX_POINT('',#3483);
#969=VERTEX_POINT('',#3485);
#970=VERTEX_POINT('',#3489);
#971=VERTEX_POINT('',#3491);
#972=VERTEX_POINT('',#3493);
#973=VERTEX_POINT('',#3499);
#974=VERTEX_POINT('',#3506);
#975=VERTEX_POINT('',#3508);
#976=VERTEX_POINT('',#3510);
#977=VERTEX_POINT('',#3514);
#978=VERTEX_POINT('',#3516);
#979=VERTEX_POINT('',#3522);
#980=VERTEX_POINT('',#3524);
#981=VERTEX_POINT('',#3526);
#982=VERTEX_POINT('',#3528);
#983=VERTEX_POINT('',#3534);
#984=VERTEX_POINT('',#3536);
#985=VERTEX_POINT('',#3538);
#986=VERTEX_POINT('',#3544);
#987=VERTEX_POINT('',#3545);
#988=VERTEX_POINT('',#3553);
#989=VERTEX_POINT('',#3557);
#990=VERTEX_POINT('',#3561);
#991=VERTEX_POINT('',#3563);
#992=VERTEX_POINT('',#3565);
#993=VERTEX_POINT('',#3567);
#994=VERTEX_POINT('',#3569);
#995=VERTEX_POINT('',#3573);
#996=VERTEX_POINT('',#3577);
#997=VERTEX_POINT('',#3579);
#998=VERTEX_POINT('',#3588);
#999=VERTEX_POINT('',#3595);
#1000=VERTEX_POINT('',#3597);
#1001=VERTEX_POINT('',#3603);
#1002=VERTEX_POINT('',#3607);
#1003=VERTEX_POINT('',#3609);
#1004=VERTEX_POINT('',#3611);
#1005=VERTEX_POINT('',#3625);
#1006=VERTEX_POINT('',#3629);
#1007=VERTEX_POINT('',#3633);
#1008=VERTEX_POINT('',#3635);
#1009=VERTEX_POINT('',#3641);
#1010=VERTEX_POINT('',#3642);
#1011=VERTEX_POINT('',#3644);
#1012=VERTEX_POINT('',#3646);
#1013=VERTEX_POINT('',#3653);
#1014=VERTEX_POINT('',#3655);
#1015=VERTEX_POINT('',#3659);
#1016=VERTEX_POINT('',#3660);
#1017=VERTEX_POINT('',#3662);
#1018=VERTEX_POINT('',#3664);
#1019=VERTEX_POINT('',#3668);
#1020=VERTEX_POINT('',#3670);
#1021=VERTEX_POINT('',#3674);
#1022=VERTEX_POINT('',#3676);
#1023=VERTEX_POINT('',#3686);
#1024=VERTEX_POINT('',#3688);
#1025=VERTEX_POINT('',#3695);
#1026=VERTEX_POINT('',#3697);
#1027=VERTEX_POINT('',#3699);
#1028=VERTEX_POINT('',#3704);
#1029=VERTEX_POINT('',#3708);
#1030=VERTEX_POINT('',#3710);
#1031=VERTEX_POINT('',#3712);
#1032=VERTEX_POINT('',#3714);
#1033=VERTEX_POINT('',#3720);
#1034=VERTEX_POINT('',#3721);
#1035=VERTEX_POINT('',#3723);
#1036=VERTEX_POINT('',#3727);
#1037=VERTEX_POINT('',#3731);
#1038=VERTEX_POINT('',#3741);
#1039=VERTEX_POINT('',#3745);
#1040=VERTEX_POINT('',#3746);
#1041=VERTEX_POINT('',#3748);
#1042=VERTEX_POINT('',#3752);
#1043=VERTEX_POINT('',#3759);
#1044=VERTEX_POINT('',#3765);
#1045=VERTEX_POINT('',#3780);
#1046=VERTEX_POINT('',#3782);
#1047=VERTEX_POINT('',#3786);
#1048=VERTEX_POINT('',#3788);
#1049=VERTEX_POINT('',#3794);
#1050=VERTEX_POINT('',#3796);
#1051=VERTEX_POINT('',#3811);
#1052=VERTEX_POINT('',#3813);
#1053=VERTEX_POINT('',#3820);
#1054=VERTEX_POINT('',#3824);
#1055=VERTEX_POINT('',#3826);
#1056=VERTEX_POINT('',#3841);
#1057=VERTEX_POINT('',#3845);
#1058=VERTEX_POINT('',#3849);
#1059=VERTEX_POINT('',#3853);
#1060=VERTEX_POINT('',#3857);
#1061=VERTEX_POINT('',#3859);
#1062=VERTEX_POINT('',#3861);
#1063=VERTEX_POINT('',#3863);
#1064=VERTEX_POINT('',#3867);
#1065=VERTEX_POINT('',#3869);
#1066=VERTEX_POINT('',#3871);
#1067=VERTEX_POINT('',#3873);
#1068=VERTEX_POINT('',#3877);
#1069=VERTEX_POINT('',#3883);
#1070=VERTEX_POINT('',#3887);
#1071=VERTEX_POINT('',#3889);
#1072=VERTEX_POINT('',#3895);
#1073=VERTEX_POINT('',#3899);
#1074=VERTEX_POINT('',#3903);
#1075=VERTEX_POINT('',#3905);
#1076=VERTEX_POINT('',#3910);
#1077=VERTEX_POINT('',#3912);
#1078=VERTEX_POINT('',#3917);
#1079=VERTEX_POINT('',#3919);
#1080=VERTEX_POINT('',#3924);
#1081=VERTEX_POINT('',#3926);
#1082=VERTEX_POINT('',#3936);
#1083=VERTEX_POINT('',#3940);
#1084=VERTEX_POINT('',#3947);
#1085=EDGE_CURVE('',#867,#868,#445,.T.);
#1086=EDGE_CURVE('',#869,#867,#446,.T.);
#1087=EDGE_CURVE('',#869,#870,#447,.T.);
#1088=EDGE_CURVE('',#870,#868,#448,.T.);
#1089=EDGE_CURVE('',#871,#872,#449,.T.);
#1090=EDGE_CURVE('',#873,#871,#450,.T.);
#1091=EDGE_CURVE('',#873,#874,#451,.T.);
#1092=EDGE_CURVE('',#874,#872,#452,.T.);
#1093=EDGE_CURVE('',#875,#876,#149,.T.);
#1094=EDGE_CURVE('',#875,#877,#453,.T.);
#1095=EDGE_CURVE('',#878,#877,#150,.T.);
#1096=EDGE_CURVE('',#876,#878,#454,.T.);
#1097=EDGE_CURVE('',#876,#878,#81,.T.);
#1098=EDGE_CURVE('',#877,#879,#151,.T.);
#1099=EDGE_CURVE('',#880,#875,#152,.T.);
#1100=EDGE_CURVE('',#879,#880,#455,.T.);
#1101=EDGE_CURVE('',#879,#880,#82,.T.);
#1102=EDGE_CURVE('',#881,#882,#153,.T.);
#1103=EDGE_CURVE('',#883,#881,#456,.T.);
#1104=EDGE_CURVE('',#884,#883,#154,.T.);
#1105=EDGE_CURVE('',#884,#882,#457,.T.);
#1106=EDGE_CURVE('',#885,#884,#155,.T.);
#1107=EDGE_CURVE('',#886,#885,#458,.T.);
#1108=EDGE_CURVE('',#882,#886,#156,.T.);
#1109=EDGE_CURVE('',#887,#888,#459,.T.);
#1110=EDGE_CURVE('',#889,#887,#157,.T.);
#1111=EDGE_CURVE('',#890,#889,#460,.T.);
#1112=EDGE_CURVE('',#891,#890,#158,.T.);
#1113=EDGE_CURVE('',#891,#888,#461,.T.);
#1114=EDGE_CURVE('',#888,#892,#462,.T.);
#1115=EDGE_CURVE('',#887,#892,#463,.T.);
#1116=EDGE_CURVE('',#893,#891,#159,.T.);
#1117=EDGE_CURVE('',#894,#893,#464,.T.);
#1118=EDGE_CURVE('',#892,#894,#160,.T.);
#1119=EDGE_CURVE('',#895,#896,#161,.T.);
#1120=EDGE_CURVE('',#897,#895,#465,.T.);
#1121=EDGE_CURVE('',#898,#897,#162,.T.);
#1122=EDGE_CURVE('',#898,#896,#466,.T.);
#1123=EDGE_CURVE('',#899,#898,#163,.T.);
#1124=EDGE_CURVE('',#900,#899,#467,.T.);
#1125=EDGE_CURVE('',#896,#900,#164,.T.);
#1126=EDGE_CURVE('',#897,#895,#83,.T.);
#1127=EDGE_CURVE('',#900,#899,#84,.T.);
#1128=EDGE_CURVE('',#890,#889,#85,.T.);
#1129=EDGE_CURVE('',#894,#893,#86,.T.);
#1130=EDGE_CURVE('',#886,#885,#87,.T.);
#1131=EDGE_CURVE('',#883,#881,#88,.T.);
#1132=EDGE_CURVE('',#901,#902,#468,.T.);
#1133=EDGE_CURVE('',#903,#901,#469,.T.);
#1134=EDGE_CURVE('',#903,#904,#470,.T.);
#1135=EDGE_CURVE('',#904,#902,#471,.T.);
#1136=EDGE_CURVE('',#905,#906,#472,.T.);
#1137=EDGE_CURVE('',#907,#905,#473,.T.);
#1138=EDGE_CURVE('',#907,#908,#474,.T.);
#1139=EDGE_CURVE('',#908,#906,#475,.T.);
#1140=EDGE_CURVE('',#909,#910,#89,.T.);
#1141=EDGE_CURVE('',#911,#909,#476,.T.);
#1142=EDGE_CURVE('',#912,#911,#90,.T.);
#1143=EDGE_CURVE('',#913,#912,#477,.T.);
#1144=EDGE_CURVE('',#914,#913,#91,.T.);
#1145=EDGE_CURVE('',#915,#914,#478,.T.);
#1146=EDGE_CURVE('',#916,#915,#92,.T.);
#1147=EDGE_CURVE('',#910,#916,#479,.T.);
#1148=EDGE_CURVE('',#904,#869,#93,.T.);
#1149=EDGE_CURVE('',#908,#903,#94,.T.);
#1150=EDGE_CURVE('',#874,#907,#95,.T.);
#1151=EDGE_CURVE('',#870,#873,#96,.T.);
#1152=EDGE_CURVE('',#872,#917,#480,.T.);
#1153=EDGE_CURVE('',#917,#918,#481,.T.);
#1154=EDGE_CURVE('',#918,#919,#97,.T.);
#1155=EDGE_CURVE('',#919,#920,#482,.T.);
#1156=EDGE_CURVE('',#920,#921,#483,.T.);
#1157=EDGE_CURVE('',#921,#922,#484,.T.);
#1158=EDGE_CURVE('',#922,#923,#485,.T.);
#1159=EDGE_CURVE('',#923,#924,#486,.T.);
#1160=EDGE_CURVE('',#924,#925,#487,.T.);
#1161=EDGE_CURVE('',#925,#926,#488,.T.);
#1162=EDGE_CURVE('',#926,#927,#98,.T.);
#1163=EDGE_CURVE('',#927,#928,#489,.T.);
#1164=EDGE_CURVE('',#928,#871,#490,.T.);
#1165=EDGE_CURVE('',#868,#929,#491,.T.);
#1166=EDGE_CURVE('',#929,#930,#492,.T.);
#1167=EDGE_CURVE('',#930,#867,#493,.T.);
#1168=EDGE_CURVE('',#906,#931,#494,.T.);
#1169=EDGE_CURVE('',#931,#932,#495,.T.);
#1170=EDGE_CURVE('',#932,#905,#496,.T.);
#1171=EDGE_CURVE('',#915,#933,#497,.T.);
#1172=EDGE_CURVE('',#933,#934,#165,.T.);
#1173=EDGE_CURVE('',#934,#916,#498,.T.);
#1174=EDGE_CURVE('',#935,#914,#499,.T.);
#1175=EDGE_CURVE('',#935,#936,#500,.T.);
#1176=EDGE_CURVE('',#936,#937,#501,.T.);
#1177=EDGE_CURVE('',#937,#933,#502,.T.);
#1178=EDGE_CURVE('',#913,#938,#503,.T.);
#1179=EDGE_CURVE('',#938,#935,#166,.T.);
#1180=EDGE_CURVE('',#939,#912,#504,.T.);
#1181=EDGE_CURVE('',#939,#938,#505,.T.);
#1182=EDGE_CURVE('',#940,#941,#99,.F.);
#1183=EDGE_CURVE('',#868,#940,#506,.T.);
#1184=EDGE_CURVE('',#871,#941,#507,.T.);
#1185=EDGE_CURVE('',#942,#943,#100,.F.);
#1186=EDGE_CURVE('',#943,#940,#508,.F.);
#1187=EDGE_CURVE('',#941,#942,#509,.F.);
#1188=EDGE_CURVE('',#902,#944,#510,.T.);
#1189=EDGE_CURVE('',#944,#945,#511,.T.);
#1190=EDGE_CURVE('',#945,#946,#101,.T.);
#1191=EDGE_CURVE('',#946,#947,#512,.T.);
#1192=EDGE_CURVE('',#947,#948,#513,.T.);
#1193=EDGE_CURVE('',#948,#949,#514,.T.);
#1194=EDGE_CURVE('',#949,#950,#515,.T.);
#1195=EDGE_CURVE('',#950,#951,#516,.T.);
#1196=EDGE_CURVE('',#951,#952,#517,.T.);
#1197=EDGE_CURVE('',#952,#953,#518,.T.);
#1198=EDGE_CURVE('',#953,#954,#102,.T.);
#1199=EDGE_CURVE('',#954,#955,#519,.T.);
#1200=EDGE_CURVE('',#955,#901,#520,.T.);
#1201=EDGE_CURVE('',#956,#957,#103,.F.);
#1202=EDGE_CURVE('',#906,#956,#521,.T.);
#1203=EDGE_CURVE('',#901,#957,#522,.T.);
#1204=EDGE_CURVE('',#958,#959,#104,.F.);
#1205=EDGE_CURVE('',#959,#956,#523,.F.);
#1206=EDGE_CURVE('',#957,#958,#524,.F.);
#1207=EDGE_CURVE('',#960,#961,#105,.F.);
#1208=EDGE_CURVE('',#872,#960,#525,.T.);
#1209=EDGE_CURVE('',#905,#961,#526,.T.);
#1210=EDGE_CURVE('',#962,#960,#527,.F.);
#1211=EDGE_CURVE('',#961,#963,#528,.F.);
#1212=EDGE_CURVE('',#963,#962,#106,.F.);
#1213=EDGE_CURVE('',#964,#965,#107,.F.);
#1214=EDGE_CURVE('',#902,#964,#529,.T.);
#1215=EDGE_CURVE('',#867,#965,#530,.T.);
#1216=EDGE_CURVE('',#966,#967,#108,.F.);
#1217=EDGE_CURVE('',#967,#964,#531,.F.);
#1218=EDGE_CURVE('',#965,#966,#532,.F.);
#1219=EDGE_CURVE('',#968,#932,#533,.T.);
#1220=EDGE_CURVE('',#969,#968,#534,.T.);
#1221=EDGE_CURVE('',#969,#963,#535,.T.);
#1222=EDGE_CURVE('',#917,#970,#536,.T.);
#1223=EDGE_CURVE('',#971,#962,#537,.T.);
#1224=EDGE_CURVE('',#972,#971,#35,.T.);
#1225=EDGE_CURVE('',#970,#972,#538,.T.);
#1226=EDGE_CURVE('',#971,#973,#27,.T.);
#1227=EDGE_CURVE('',#973,#969,#167,.T.);
#1228=EDGE_CURVE('',#974,#973,#168,.T.);
#1229=EDGE_CURVE('',#974,#975,#109,.T.);
#1230=EDGE_CURVE('',#976,#975,#36,.T.);
#1231=EDGE_CURVE('',#976,#977,#110,.F.);
#1232=EDGE_CURVE('',#977,#978,#37,.T.);
#1233=EDGE_CURVE('',#972,#978,#169,.T.);
#1234=EDGE_CURVE('',#979,#968,#539,.F.);
#1235=EDGE_CURVE('',#979,#980,#540,.T.);
#1236=EDGE_CURVE('',#980,#981,#170,.T.);
#1237=EDGE_CURVE('',#981,#982,#171,.T.);
#1238=EDGE_CURVE('',#982,#974,#541,.F.);
#1239=EDGE_CURVE('',#978,#970,#542,.T.);
#1240=EDGE_CURVE('',#983,#928,#543,.T.);
#1241=EDGE_CURVE('',#984,#983,#544,.T.);
#1242=EDGE_CURVE('',#985,#984,#38,.T.);
#1243=EDGE_CURVE('',#985,#942,#545,.T.);
#1244=EDGE_CURVE('',#986,#987,#172,.T.);
#1245=EDGE_CURVE('',#986,#943,#546,.T.);
#1246=EDGE_CURVE('',#987,#985,#28,.T.);
#1247=EDGE_CURVE('',#929,#988,#547,.T.);
#1248=EDGE_CURVE('',#988,#986,#548,.T.);
#1249=EDGE_CURVE('',#983,#989,#549,.F.);
#1250=EDGE_CURVE('',#984,#989,#173,.T.);
#1251=EDGE_CURVE('',#990,#987,#174,.T.);
#1252=EDGE_CURVE('',#991,#990,#550,.T.);
#1253=EDGE_CURVE('',#992,#991,#175,.T.);
#1254=EDGE_CURVE('',#992,#993,#176,.T.);
#1255=EDGE_CURVE('',#993,#994,#551,.T.);
#1256=EDGE_CURVE('',#994,#988,#552,.T.);
#1257=EDGE_CURVE('',#989,#995,#39,.T.);
#1258=EDGE_CURVE('',#995,#996,#111,.F.);
#1259=EDGE_CURVE('',#996,#997,#40,.T.);
#1260=EDGE_CURVE('',#997,#990,#112,.T.);
#1261=EDGE_CURVE('',#994,#930,#553,.T.);
#1262=EDGE_CURVE('',#966,#993,#554,.T.);
#1263=EDGE_CURVE('',#998,#992,#29,.T.);
#1264=EDGE_CURVE('',#998,#967,#555,.T.);
#1265=EDGE_CURVE('',#944,#999,#556,.T.);
#1266=EDGE_CURVE('',#1000,#998,#41,.T.);
#1267=EDGE_CURVE('',#999,#1000,#557,.T.);
#1268=EDGE_CURVE('',#1001,#1000,#177,.T.);
#1269=EDGE_CURVE('',#999,#1001,#558,.F.);
#1270=EDGE_CURVE('',#1002,#955,#559,.T.);
#1271=EDGE_CURVE('',#1003,#1002,#560,.T.);
#1272=EDGE_CURVE('',#1004,#1003,#42,.T.);
#1273=EDGE_CURVE('',#958,#1004,#561,.T.);
#1274=EDGE_CURVE('',#980,#959,#562,.T.);
#1275=EDGE_CURVE('',#981,#1004,#30,.T.);
#1276=EDGE_CURVE('',#931,#979,#563,.T.);
#1277=EDGE_CURVE('',#1002,#1005,#564,.T.);
#1278=EDGE_CURVE('',#1005,#1003,#178,.T.);
#1279=EDGE_CURVE('',#1006,#1005,#43,.T.);
#1280=EDGE_CURVE('',#1006,#1007,#113,.F.);
#1281=EDGE_CURVE('',#1008,#1007,#44,.T.);
#1282=EDGE_CURVE('',#1008,#982,#114,.T.);
#1283=EDGE_CURVE('',#1009,#1010,#565,.T.);
#1284=EDGE_CURVE('',#1011,#1009,#566,.T.);
#1285=EDGE_CURVE('',#1012,#1011,#567,.T.);
#1286=EDGE_CURVE('',#1012,#1010,#568,.T.);
#1287=EDGE_CURVE('',#1010,#920,#569,.T.);
#1288=EDGE_CURVE('',#921,#1012,#570,.T.);
#1289=EDGE_CURVE('',#1013,#1009,#571,.T.);
#1290=EDGE_CURVE('',#1014,#1013,#572,.T.);
#1291=EDGE_CURVE('',#1011,#1014,#573,.T.);
#1292=EDGE_CURVE('',#1015,#1016,#574,.T.);
#1293=EDGE_CURVE('',#1015,#1017,#575,.T.);
#1294=EDGE_CURVE('',#1018,#1017,#576,.T.);
#1295=EDGE_CURVE('',#1016,#1018,#577,.T.);
#1296=EDGE_CURVE('',#1019,#1013,#578,.T.);
#1297=EDGE_CURVE('',#1020,#1019,#579,.T.);
#1298=EDGE_CURVE('',#1014,#1020,#580,.T.);
#1299=EDGE_CURVE('',#1016,#1021,#581,.T.);
#1300=EDGE_CURVE('',#1022,#1018,#582,.T.);
#1301=EDGE_CURVE('',#1021,#1022,#583,.T.);
#1302=EDGE_CURVE('',#952,#1019,#584,.T.);
#1303=EDGE_CURVE('',#951,#1020,#585,.T.);
#1304=EDGE_CURVE('',#1021,#947,#586,.T.);
#1305=EDGE_CURVE('',#948,#1022,#587,.T.);
#1306=EDGE_CURVE('',#1023,#1015,#588,.T.);
#1307=EDGE_CURVE('',#1023,#1024,#589,.T.);
#1308=EDGE_CURVE('',#1017,#1024,#590,.T.);
#1309=EDGE_CURVE('',#925,#1023,#591,.T.);
#1310=EDGE_CURVE('',#924,#1024,#592,.T.);
#1311=EDGE_CURVE('',#1025,#946,#593,.T.);
#1312=EDGE_CURVE('',#1026,#1025,#594,.T.);
#1313=EDGE_CURVE('',#1027,#1026,#45,.T.);
#1314=EDGE_CURVE('',#1027,#997,#595,.T.);
#1315=EDGE_CURVE('',#1028,#996,#596,.T.);
#1316=EDGE_CURVE('',#1028,#926,#597,.T.);
#1317=EDGE_CURVE('',#1029,#1020,#598,.F.);
#1318=EDGE_CURVE('',#1030,#1029,#599,.T.);
#1319=EDGE_CURVE('',#1031,#1030,#600,.T.);
#1320=EDGE_CURVE('',#1031,#1032,#601,.T.);
#1321=EDGE_CURVE('',#1012,#1032,#602,.F.);
#1322=EDGE_CURVE('',#975,#1008,#603,.T.);
#1323=EDGE_CURVE('',#1033,#1034,#115,.T.);
#1324=EDGE_CURVE('',#1035,#1033,#116,.T.);
#1325=EDGE_CURVE('',#1035,#1034,#604,.T.);
#1326=EDGE_CURVE('',#1035,#1036,#46,.T.);
#1327=EDGE_CURVE('',#1033,#1037,#31,.T.);
#1328=EDGE_CURVE('',#1037,#1036,#117,.F.);
#1329=EDGE_CURVE('',#1036,#1006,#605,.T.);
#1330=EDGE_CURVE('',#1038,#1037,#118,.T.);
#1331=EDGE_CURVE('',#1007,#1038,#606,.T.);
#1332=EDGE_CURVE('',#1039,#1040,#607,.T.);
#1333=EDGE_CURVE('',#1041,#1040,#119,.T.);
#1334=EDGE_CURVE('',#1039,#1041,#120,.T.);
#1335=EDGE_CURVE('',#1042,#1041,#32,.T.);
#1336=EDGE_CURVE('',#1040,#1043,#47,.T.);
#1337=EDGE_CURVE('',#1043,#1042,#121,.F.);
#1338=EDGE_CURVE('',#1042,#1044,#122,.T.);
#1339=EDGE_CURVE('',#1043,#977,#608,.T.);
#1340=EDGE_CURVE('',#1044,#976,#609,.T.);
#1341=EDGE_CURVE('',#1044,#919,#610,.F.);
#1342=EDGE_CURVE('',#1038,#953,#611,.T.);
#1343=EDGE_CURVE('',#954,#1034,#612,.T.);
#1344=EDGE_CURVE('',#918,#1039,#613,.T.);
#1345=EDGE_CURVE('',#1045,#945,#614,.T.);
#1346=EDGE_CURVE('',#1001,#1046,#48,.T.);
#1347=EDGE_CURVE('',#1046,#1047,#615,.T.);
#1348=EDGE_CURVE('',#1047,#1048,#49,.T.);
#1349=EDGE_CURVE('',#1045,#1048,#616,.T.);
#1350=EDGE_CURVE('',#1045,#1049,#123,.T.);
#1351=EDGE_CURVE('',#1050,#1049,#33,.T.);
#1352=EDGE_CURVE('',#1050,#1025,#124,.T.);
#1353=EDGE_CURVE('',#1047,#1050,#125,.F.);
#1354=EDGE_CURVE('',#1049,#1048,#126,.T.);
#1355=EDGE_CURVE('',#991,#1027,#127,.T.);
#1356=EDGE_CURVE('',#1026,#1046,#128,.F.);
#1357=EDGE_CURVE('',#1028,#1051,#129,.T.);
#1358=EDGE_CURVE('',#1052,#1051,#34,.T.);
#1359=EDGE_CURVE('',#1052,#1053,#130,.T.);
#1360=EDGE_CURVE('',#1053,#927,#617,.T.);
#1361=EDGE_CURVE('',#1051,#1054,#131,.F.);
#1362=EDGE_CURVE('',#1054,#1055,#50,.T.);
#1363=EDGE_CURVE('',#1055,#1052,#132,.T.);
#1364=EDGE_CURVE('',#1055,#1053,#618,.T.);
#1365=EDGE_CURVE('',#995,#1054,#619,.T.);
#1366=EDGE_CURVE('',#1056,#1022,#620,.T.);
#1367=EDGE_CURVE('',#949,#1056,#621,.T.);
#1368=EDGE_CURVE('',#1024,#1057,#622,.T.);
#1369=EDGE_CURVE('',#923,#1057,#623,.T.);
#1370=EDGE_CURVE('',#1020,#1058,#624,.T.);
#1371=EDGE_CURVE('',#950,#1058,#625,.T.);
#1372=EDGE_CURVE('',#1059,#1012,#626,.T.);
#1373=EDGE_CURVE('',#922,#1059,#627,.T.);
#1374=EDGE_CURVE('',#1060,#1056,#628,.F.);
#1375=EDGE_CURVE('',#1061,#1060,#629,.T.);
#1376=EDGE_CURVE('',#1062,#1061,#630,.T.);
#1377=EDGE_CURVE('',#1062,#1063,#631,.T.);
#1378=EDGE_CURVE('',#1058,#1063,#632,.F.);
#1379=EDGE_CURVE('',#1064,#1024,#633,.F.);
#1380=EDGE_CURVE('',#1065,#1064,#634,.T.);
#1381=EDGE_CURVE('',#1066,#1065,#635,.T.);
#1382=EDGE_CURVE('',#1066,#1067,#636,.T.);
#1383=EDGE_CURVE('',#1022,#1067,#637,.F.);
#1384=EDGE_CURVE('',#1057,#1068,#638,.F.);
#1385=EDGE_CURVE('',#1068,#1064,#133,.F.);
#1386=EDGE_CURVE('',#1067,#1060,#134,.F.);
#1387=EDGE_CURVE('',#1032,#1069,#135,.F.);
#1388=EDGE_CURVE('',#1069,#1059,#639,.F.);
#1389=EDGE_CURVE('',#910,#1070,#640,.T.);
#1390=EDGE_CURVE('',#1070,#1071,#179,.T.);
#1391=EDGE_CURVE('',#1071,#909,#641,.T.);
#1392=EDGE_CURVE('',#1070,#934,#642,.T.);
#1393=EDGE_CURVE('',#911,#1072,#643,.T.);
#1394=EDGE_CURVE('',#1072,#939,#180,.T.);
#1395=EDGE_CURVE('',#1072,#1073,#644,.T.);
#1396=EDGE_CURVE('',#1073,#936,#645,.T.);
#1397=EDGE_CURVE('',#1074,#1074,#136,.T.);
#1398=EDGE_CURVE('',#1074,#1075,#646,.T.);
#1399=EDGE_CURVE('',#1075,#1075,#137,.T.);
#1400=EDGE_CURVE('',#1076,#1076,#138,.T.);
#1401=EDGE_CURVE('',#1076,#1077,#647,.T.);
#1402=EDGE_CURVE('',#1077,#1077,#139,.T.);
#1403=EDGE_CURVE('',#1078,#1078,#140,.T.);
#1404=EDGE_CURVE('',#1078,#1079,#648,.T.);
#1405=EDGE_CURVE('',#1079,#1079,#141,.T.);
#1406=EDGE_CURVE('',#1080,#1080,#142,.T.);
#1407=EDGE_CURVE('',#1080,#1081,#649,.T.);
#1408=EDGE_CURVE('',#1081,#1081,#143,.T.);
#1409=EDGE_CURVE('',#1061,#1066,#144,.T.);
#1410=EDGE_CURVE('',#1063,#1029,#145,.F.);
#1411=EDGE_CURVE('',#1030,#1062,#146,.T.);
#1412=EDGE_CURVE('',#1082,#1031,#147,.T.);
#1413=EDGE_CURVE('',#1082,#1069,#650,.T.);
#1414=EDGE_CURVE('',#1083,#1082,#651,.T.);
#1415=EDGE_CURVE('',#1083,#1068,#652,.T.);
#1416=EDGE_CURVE('',#1065,#1083,#148,.T.);
#1417=EDGE_CURVE('',#1084,#937,#653,.T.);
#1418=EDGE_CURVE('',#1071,#1084,#654,.T.);
#1419=EDGE_CURVE('',#1084,#1073,#655,.T.);
#1420=ORIENTED_EDGE('',*,*,#1085,.F.);
#1421=ORIENTED_EDGE('',*,*,#1086,.F.);
#1422=ORIENTED_EDGE('',*,*,#1087,.T.);
#1423=ORIENTED_EDGE('',*,*,#1088,.T.);
#1424=ORIENTED_EDGE('',*,*,#1089,.F.);
#1425=ORIENTED_EDGE('',*,*,#1090,.F.);
#1426=ORIENTED_EDGE('',*,*,#1091,.T.);
#1427=ORIENTED_EDGE('',*,*,#1092,.T.);
#1428=ORIENTED_EDGE('',*,*,#1093,.F.);
#1429=ORIENTED_EDGE('',*,*,#1094,.T.);
#1430=ORIENTED_EDGE('',*,*,#1095,.F.);
#1431=ORIENTED_EDGE('',*,*,#1096,.F.);
#1432=ORIENTED_EDGE('',*,*,#1096,.T.);
#1433=ORIENTED_EDGE('',*,*,#1097,.F.);
#1434=ORIENTED_EDGE('',*,*,#1098,.F.);
#1435=ORIENTED_EDGE('',*,*,#1094,.F.);
#1436=ORIENTED_EDGE('',*,*,#1099,.F.);
#1437=ORIENTED_EDGE('',*,*,#1100,.F.);
#1438=ORIENTED_EDGE('',*,*,#1100,.T.);
#1439=ORIENTED_EDGE('',*,*,#1101,.F.);
#1440=ORIENTED_EDGE('',*,*,#1102,.F.);
#1441=ORIENTED_EDGE('',*,*,#1103,.F.);
#1442=ORIENTED_EDGE('',*,*,#1104,.F.);
#1443=ORIENTED_EDGE('',*,*,#1105,.T.);
#1444=ORIENTED_EDGE('',*,*,#1106,.F.);
#1445=ORIENTED_EDGE('',*,*,#1107,.F.);
#1446=ORIENTED_EDGE('',*,*,#1108,.F.);
#1447=ORIENTED_EDGE('',*,*,#1105,.F.);
#1448=ORIENTED_EDGE('',*,*,#1109,.F.);
#1449=ORIENTED_EDGE('',*,*,#1110,.F.);
#1450=ORIENTED_EDGE('',*,*,#1111,.F.);
#1451=ORIENTED_EDGE('',*,*,#1112,.F.);
#1452=ORIENTED_EDGE('',*,*,#1113,.T.);
#1453=ORIENTED_EDGE('',*,*,#1109,.T.);
#1454=ORIENTED_EDGE('',*,*,#1114,.T.);
#1455=ORIENTED_EDGE('',*,*,#1115,.F.);
#1456=ORIENTED_EDGE('',*,*,#1114,.F.);
#1457=ORIENTED_EDGE('',*,*,#1113,.F.);
#1458=ORIENTED_EDGE('',*,*,#1116,.F.);
#1459=ORIENTED_EDGE('',*,*,#1117,.F.);
#1460=ORIENTED_EDGE('',*,*,#1118,.F.);
#1461=ORIENTED_EDGE('',*,*,#1119,.F.);
#1462=ORIENTED_EDGE('',*,*,#1120,.F.);
#1463=ORIENTED_EDGE('',*,*,#1121,.F.);
#1464=ORIENTED_EDGE('',*,*,#1122,.T.);
#1465=ORIENTED_EDGE('',*,*,#1123,.F.);
#1466=ORIENTED_EDGE('',*,*,#1124,.F.);
#1467=ORIENTED_EDGE('',*,*,#1125,.F.);
#1468=ORIENTED_EDGE('',*,*,#1122,.F.);
#1469=ORIENTED_EDGE('',*,*,#1120,.T.);
#1470=ORIENTED_EDGE('',*,*,#1126,.F.);
#1471=ORIENTED_EDGE('',*,*,#1124,.T.);
#1472=ORIENTED_EDGE('',*,*,#1127,.F.);
#1473=ORIENTED_EDGE('',*,*,#1111,.T.);
#1474=ORIENTED_EDGE('',*,*,#1128,.F.);
#1475=ORIENTED_EDGE('',*,*,#1117,.T.);
#1476=ORIENTED_EDGE('',*,*,#1129,.F.);
#1477=ORIENTED_EDGE('',*,*,#1107,.T.);
#1478=ORIENTED_EDGE('',*,*,#1130,.F.);
#1479=ORIENTED_EDGE('',*,*,#1103,.T.);
#1480=ORIENTED_EDGE('',*,*,#1131,.F.);
#1481=ORIENTED_EDGE('',*,*,#1132,.F.);
#1482=ORIENTED_EDGE('',*,*,#1133,.F.);
#1483=ORIENTED_EDGE('',*,*,#1134,.T.);
#1484=ORIENTED_EDGE('',*,*,#1135,.T.);
#1485=ORIENTED_EDGE('',*,*,#1136,.F.);
#1486=ORIENTED_EDGE('',*,*,#1137,.F.);
#1487=ORIENTED_EDGE('',*,*,#1138,.T.);
#1488=ORIENTED_EDGE('',*,*,#1139,.T.);
#1489=ORIENTED_EDGE('',*,*,#1140,.F.);
#1490=ORIENTED_EDGE('',*,*,#1141,.F.);
#1491=ORIENTED_EDGE('',*,*,#1142,.F.);
#1492=ORIENTED_EDGE('',*,*,#1143,.F.);
#1493=ORIENTED_EDGE('',*,*,#1144,.F.);
#1494=ORIENTED_EDGE('',*,*,#1145,.F.);
#1495=ORIENTED_EDGE('',*,*,#1146,.F.);
#1496=ORIENTED_EDGE('',*,*,#1147,.F.);
#1497=ORIENTED_EDGE('',*,*,#1087,.F.);
#1498=ORIENTED_EDGE('',*,*,#1148,.F.);
#1499=ORIENTED_EDGE('',*,*,#1134,.F.);
#1500=ORIENTED_EDGE('',*,*,#1149,.F.);
#1501=ORIENTED_EDGE('',*,*,#1138,.F.);
#1502=ORIENTED_EDGE('',*,*,#1150,.F.);
#1503=ORIENTED_EDGE('',*,*,#1091,.F.);
#1504=ORIENTED_EDGE('',*,*,#1151,.F.);
#1505=ORIENTED_EDGE('',*,*,#1089,.T.);
#1506=ORIENTED_EDGE('',*,*,#1152,.T.);
#1507=ORIENTED_EDGE('',*,*,#1153,.T.);
#1508=ORIENTED_EDGE('',*,*,#1154,.T.);
#1509=ORIENTED_EDGE('',*,*,#1155,.T.);
#1510=ORIENTED_EDGE('',*,*,#1156,.T.);
#1511=ORIENTED_EDGE('',*,*,#1157,.T.);
#1512=ORIENTED_EDGE('',*,*,#1158,.T.);
#1513=ORIENTED_EDGE('',*,*,#1159,.T.);
#1514=ORIENTED_EDGE('',*,*,#1160,.T.);
#1515=ORIENTED_EDGE('',*,*,#1161,.T.);
#1516=ORIENTED_EDGE('',*,*,#1162,.T.);
#1517=ORIENTED_EDGE('',*,*,#1163,.T.);
#1518=ORIENTED_EDGE('',*,*,#1164,.T.);
#1519=ORIENTED_EDGE('',*,*,#1085,.T.);
#1520=ORIENTED_EDGE('',*,*,#1165,.T.);
#1521=ORIENTED_EDGE('',*,*,#1166,.T.);
#1522=ORIENTED_EDGE('',*,*,#1167,.T.);
#1523=ORIENTED_EDGE('',*,*,#1136,.T.);
#1524=ORIENTED_EDGE('',*,*,#1168,.T.);
#1525=ORIENTED_EDGE('',*,*,#1169,.T.);
#1526=ORIENTED_EDGE('',*,*,#1170,.T.);
#1527=ORIENTED_EDGE('',*,*,#1146,.T.);
#1528=ORIENTED_EDGE('',*,*,#1171,.T.);
#1529=ORIENTED_EDGE('',*,*,#1172,.T.);
#1530=ORIENTED_EDGE('',*,*,#1173,.T.);
#1531=ORIENTED_EDGE('',*,*,#1145,.T.);
#1532=ORIENTED_EDGE('',*,*,#1174,.F.);
#1533=ORIENTED_EDGE('',*,*,#1175,.T.);
#1534=ORIENTED_EDGE('',*,*,#1176,.T.);
#1535=ORIENTED_EDGE('',*,*,#1177,.T.);
#1536=ORIENTED_EDGE('',*,*,#1171,.F.);
#1537=ORIENTED_EDGE('',*,*,#1144,.T.);
#1538=ORIENTED_EDGE('',*,*,#1178,.T.);
#1539=ORIENTED_EDGE('',*,*,#1179,.T.);
#1540=ORIENTED_EDGE('',*,*,#1174,.T.);
#1541=ORIENTED_EDGE('',*,*,#1143,.T.);
#1542=ORIENTED_EDGE('',*,*,#1180,.F.);
#1543=ORIENTED_EDGE('',*,*,#1181,.T.);
#1544=ORIENTED_EDGE('',*,*,#1178,.F.);
#1545=ORIENTED_EDGE('',*,*,#1182,.F.);
#1546=ORIENTED_EDGE('',*,*,#1183,.F.);
#1547=ORIENTED_EDGE('',*,*,#1088,.F.);
#1548=ORIENTED_EDGE('',*,*,#1151,.T.);
#1549=ORIENTED_EDGE('',*,*,#1090,.T.);
#1550=ORIENTED_EDGE('',*,*,#1184,.T.);
#1551=ORIENTED_EDGE('',*,*,#1110,.T.);
#1552=ORIENTED_EDGE('',*,*,#1115,.T.);
#1553=ORIENTED_EDGE('',*,*,#1118,.T.);
#1554=ORIENTED_EDGE('',*,*,#1129,.T.);
#1555=ORIENTED_EDGE('',*,*,#1116,.T.);
#1556=ORIENTED_EDGE('',*,*,#1112,.T.);
#1557=ORIENTED_EDGE('',*,*,#1128,.T.);
#1558=ORIENTED_EDGE('',*,*,#1185,.T.);
#1559=ORIENTED_EDGE('',*,*,#1186,.T.);
#1560=ORIENTED_EDGE('',*,*,#1182,.T.);
#1561=ORIENTED_EDGE('',*,*,#1187,.T.);
#1562=ORIENTED_EDGE('',*,*,#1132,.T.);
#1563=ORIENTED_EDGE('',*,*,#1188,.T.);
#1564=ORIENTED_EDGE('',*,*,#1189,.T.);
#1565=ORIENTED_EDGE('',*,*,#1190,.T.);
#1566=ORIENTED_EDGE('',*,*,#1191,.T.);
#1567=ORIENTED_EDGE('',*,*,#1192,.T.);
#1568=ORIENTED_EDGE('',*,*,#1193,.T.);
#1569=ORIENTED_EDGE('',*,*,#1194,.T.);
#1570=ORIENTED_EDGE('',*,*,#1195,.T.);
#1571=ORIENTED_EDGE('',*,*,#1196,.T.);
#1572=ORIENTED_EDGE('',*,*,#1197,.T.);
#1573=ORIENTED_EDGE('',*,*,#1198,.T.);
#1574=ORIENTED_EDGE('',*,*,#1199,.T.);
#1575=ORIENTED_EDGE('',*,*,#1200,.T.);
#1576=ORIENTED_EDGE('',*,*,#1201,.F.);
#1577=ORIENTED_EDGE('',*,*,#1202,.F.);
#1578=ORIENTED_EDGE('',*,*,#1139,.F.);
#1579=ORIENTED_EDGE('',*,*,#1149,.T.);
#1580=ORIENTED_EDGE('',*,*,#1133,.T.);
#1581=ORIENTED_EDGE('',*,*,#1203,.T.);
#1582=ORIENTED_EDGE('',*,*,#1102,.T.);
#1583=ORIENTED_EDGE('',*,*,#1108,.T.);
#1584=ORIENTED_EDGE('',*,*,#1130,.T.);
#1585=ORIENTED_EDGE('',*,*,#1106,.T.);
#1586=ORIENTED_EDGE('',*,*,#1104,.T.);
#1587=ORIENTED_EDGE('',*,*,#1131,.T.);
#1588=ORIENTED_EDGE('',*,*,#1204,.T.);
#1589=ORIENTED_EDGE('',*,*,#1205,.T.);
#1590=ORIENTED_EDGE('',*,*,#1201,.T.);
#1591=ORIENTED_EDGE('',*,*,#1206,.T.);
#1592=ORIENTED_EDGE('',*,*,#1207,.F.);
#1593=ORIENTED_EDGE('',*,*,#1208,.F.);
#1594=ORIENTED_EDGE('',*,*,#1092,.F.);
#1595=ORIENTED_EDGE('',*,*,#1150,.T.);
#1596=ORIENTED_EDGE('',*,*,#1137,.T.);
#1597=ORIENTED_EDGE('',*,*,#1209,.T.);
#1598=ORIENTED_EDGE('',*,*,#1119,.T.);
#1599=ORIENTED_EDGE('',*,*,#1125,.T.);
#1600=ORIENTED_EDGE('',*,*,#1127,.T.);
#1601=ORIENTED_EDGE('',*,*,#1123,.T.);
#1602=ORIENTED_EDGE('',*,*,#1121,.T.);
#1603=ORIENTED_EDGE('',*,*,#1126,.T.);
#1604=ORIENTED_EDGE('',*,*,#1210,.T.);
#1605=ORIENTED_EDGE('',*,*,#1207,.T.);
#1606=ORIENTED_EDGE('',*,*,#1211,.T.);
#1607=ORIENTED_EDGE('',*,*,#1212,.T.);
#1608=ORIENTED_EDGE('',*,*,#1213,.F.);
#1609=ORIENTED_EDGE('',*,*,#1214,.F.);
#1610=ORIENTED_EDGE('',*,*,#1135,.F.);
#1611=ORIENTED_EDGE('',*,*,#1148,.T.);
#1612=ORIENTED_EDGE('',*,*,#1086,.T.);
#1613=ORIENTED_EDGE('',*,*,#1215,.T.);
#1614=ORIENTED_EDGE('',*,*,#1095,.T.);
#1615=ORIENTED_EDGE('',*,*,#1098,.T.);
#1616=ORIENTED_EDGE('',*,*,#1101,.T.);
#1617=ORIENTED_EDGE('',*,*,#1099,.T.);
#1618=ORIENTED_EDGE('',*,*,#1093,.T.);
#1619=ORIENTED_EDGE('',*,*,#1097,.T.);
#1620=ORIENTED_EDGE('',*,*,#1216,.T.);
#1621=ORIENTED_EDGE('',*,*,#1217,.T.);
#1622=ORIENTED_EDGE('',*,*,#1213,.T.);
#1623=ORIENTED_EDGE('',*,*,#1218,.T.);
#1624=ORIENTED_EDGE('',*,*,#1219,.F.);
#1625=ORIENTED_EDGE('',*,*,#1220,.F.);
#1626=ORIENTED_EDGE('',*,*,#1221,.T.);
#1627=ORIENTED_EDGE('',*,*,#1211,.F.);
#1628=ORIENTED_EDGE('',*,*,#1209,.F.);
#1629=ORIENTED_EDGE('',*,*,#1170,.F.);
#1630=ORIENTED_EDGE('',*,*,#1222,.F.);
#1631=ORIENTED_EDGE('',*,*,#1152,.F.);
#1632=ORIENTED_EDGE('',*,*,#1208,.T.);
#1633=ORIENTED_EDGE('',*,*,#1210,.F.);
#1634=ORIENTED_EDGE('',*,*,#1223,.F.);
#1635=ORIENTED_EDGE('',*,*,#1224,.F.);
#1636=ORIENTED_EDGE('',*,*,#1225,.F.);
#1637=ORIENTED_EDGE('',*,*,#1226,.F.);
#1638=ORIENTED_EDGE('',*,*,#1223,.T.);
#1639=ORIENTED_EDGE('',*,*,#1212,.F.);
#1640=ORIENTED_EDGE('',*,*,#1221,.F.);
#1641=ORIENTED_EDGE('',*,*,#1227,.F.);
#1642=ORIENTED_EDGE('',*,*,#1224,.T.);
#1643=ORIENTED_EDGE('',*,*,#1226,.T.);
#1644=ORIENTED_EDGE('',*,*,#1228,.F.);
#1645=ORIENTED_EDGE('',*,*,#1229,.T.);
#1646=ORIENTED_EDGE('',*,*,#1230,.F.);
#1647=ORIENTED_EDGE('',*,*,#1231,.T.);
#1648=ORIENTED_EDGE('',*,*,#1232,.T.);
#1649=ORIENTED_EDGE('',*,*,#1233,.F.);
#1650=ORIENTED_EDGE('',*,*,#1227,.T.);
#1651=ORIENTED_EDGE('',*,*,#1220,.T.);
#1652=ORIENTED_EDGE('',*,*,#1234,.F.);
#1653=ORIENTED_EDGE('',*,*,#1235,.T.);
#1654=ORIENTED_EDGE('',*,*,#1236,.T.);
#1655=ORIENTED_EDGE('',*,*,#1237,.T.);
#1656=ORIENTED_EDGE('',*,*,#1238,.T.);
#1657=ORIENTED_EDGE('',*,*,#1228,.T.);
#1658=ORIENTED_EDGE('',*,*,#1225,.T.);
#1659=ORIENTED_EDGE('',*,*,#1233,.T.);
#1660=ORIENTED_EDGE('',*,*,#1239,.T.);
#1661=ORIENTED_EDGE('',*,*,#1240,.F.);
#1662=ORIENTED_EDGE('',*,*,#1241,.F.);
#1663=ORIENTED_EDGE('',*,*,#1242,.F.);
#1664=ORIENTED_EDGE('',*,*,#1243,.T.);
#1665=ORIENTED_EDGE('',*,*,#1187,.F.);
#1666=ORIENTED_EDGE('',*,*,#1184,.F.);
#1667=ORIENTED_EDGE('',*,*,#1164,.F.);
#1668=ORIENTED_EDGE('',*,*,#1244,.F.);
#1669=ORIENTED_EDGE('',*,*,#1245,.T.);
#1670=ORIENTED_EDGE('',*,*,#1185,.F.);
#1671=ORIENTED_EDGE('',*,*,#1243,.F.);
#1672=ORIENTED_EDGE('',*,*,#1246,.F.);
#1673=ORIENTED_EDGE('',*,*,#1247,.F.);
#1674=ORIENTED_EDGE('',*,*,#1165,.F.);
#1675=ORIENTED_EDGE('',*,*,#1183,.T.);
#1676=ORIENTED_EDGE('',*,*,#1186,.F.);
#1677=ORIENTED_EDGE('',*,*,#1245,.F.);
#1678=ORIENTED_EDGE('',*,*,#1248,.F.);
#1679=ORIENTED_EDGE('',*,*,#1241,.T.);
#1680=ORIENTED_EDGE('',*,*,#1249,.T.);
#1681=ORIENTED_EDGE('',*,*,#1250,.F.);
#1682=ORIENTED_EDGE('',*,*,#1248,.T.);
#1683=ORIENTED_EDGE('',*,*,#1244,.T.);
#1684=ORIENTED_EDGE('',*,*,#1251,.F.);
#1685=ORIENTED_EDGE('',*,*,#1252,.F.);
#1686=ORIENTED_EDGE('',*,*,#1253,.F.);
#1687=ORIENTED_EDGE('',*,*,#1254,.T.);
#1688=ORIENTED_EDGE('',*,*,#1255,.T.);
#1689=ORIENTED_EDGE('',*,*,#1256,.T.);
#1690=ORIENTED_EDGE('',*,*,#1246,.T.);
#1691=ORIENTED_EDGE('',*,*,#1242,.T.);
#1692=ORIENTED_EDGE('',*,*,#1250,.T.);
#1693=ORIENTED_EDGE('',*,*,#1257,.T.);
#1694=ORIENTED_EDGE('',*,*,#1258,.T.);
#1695=ORIENTED_EDGE('',*,*,#1259,.T.);
#1696=ORIENTED_EDGE('',*,*,#1260,.T.);
#1697=ORIENTED_EDGE('',*,*,#1251,.T.);
#1698=ORIENTED_EDGE('',*,*,#1261,.F.);
#1699=ORIENTED_EDGE('',*,*,#1255,.F.);
#1700=ORIENTED_EDGE('',*,*,#1262,.F.);
#1701=ORIENTED_EDGE('',*,*,#1218,.F.);
#1702=ORIENTED_EDGE('',*,*,#1215,.F.);
#1703=ORIENTED_EDGE('',*,*,#1167,.F.);
#1704=ORIENTED_EDGE('',*,*,#1254,.F.);
#1705=ORIENTED_EDGE('',*,*,#1263,.F.);
#1706=ORIENTED_EDGE('',*,*,#1264,.T.);
#1707=ORIENTED_EDGE('',*,*,#1216,.F.);
#1708=ORIENTED_EDGE('',*,*,#1262,.T.);
#1709=ORIENTED_EDGE('',*,*,#1265,.F.);
#1710=ORIENTED_EDGE('',*,*,#1188,.F.);
#1711=ORIENTED_EDGE('',*,*,#1214,.T.);
#1712=ORIENTED_EDGE('',*,*,#1217,.F.);
#1713=ORIENTED_EDGE('',*,*,#1264,.F.);
#1714=ORIENTED_EDGE('',*,*,#1266,.F.);
#1715=ORIENTED_EDGE('',*,*,#1267,.F.);
#1716=ORIENTED_EDGE('',*,*,#1267,.T.);
#1717=ORIENTED_EDGE('',*,*,#1268,.F.);
#1718=ORIENTED_EDGE('',*,*,#1269,.F.);
#1719=ORIENTED_EDGE('',*,*,#1270,.F.);
#1720=ORIENTED_EDGE('',*,*,#1271,.F.);
#1721=ORIENTED_EDGE('',*,*,#1272,.F.);
#1722=ORIENTED_EDGE('',*,*,#1273,.F.);
#1723=ORIENTED_EDGE('',*,*,#1206,.F.);
#1724=ORIENTED_EDGE('',*,*,#1203,.F.);
#1725=ORIENTED_EDGE('',*,*,#1200,.F.);
#1726=ORIENTED_EDGE('',*,*,#1236,.F.);
#1727=ORIENTED_EDGE('',*,*,#1274,.T.);
#1728=ORIENTED_EDGE('',*,*,#1204,.F.);
#1729=ORIENTED_EDGE('',*,*,#1273,.T.);
#1730=ORIENTED_EDGE('',*,*,#1275,.F.);
#1731=ORIENTED_EDGE('',*,*,#1276,.F.);
#1732=ORIENTED_EDGE('',*,*,#1168,.F.);
#1733=ORIENTED_EDGE('',*,*,#1202,.T.);
#1734=ORIENTED_EDGE('',*,*,#1205,.F.);
#1735=ORIENTED_EDGE('',*,*,#1274,.F.);
#1736=ORIENTED_EDGE('',*,*,#1235,.F.);
#1737=ORIENTED_EDGE('',*,*,#1271,.T.);
#1738=ORIENTED_EDGE('',*,*,#1277,.T.);
#1739=ORIENTED_EDGE('',*,*,#1278,.T.);
#1740=ORIENTED_EDGE('',*,*,#1275,.T.);
#1741=ORIENTED_EDGE('',*,*,#1272,.T.);
#1742=ORIENTED_EDGE('',*,*,#1278,.F.);
#1743=ORIENTED_EDGE('',*,*,#1279,.F.);
#1744=ORIENTED_EDGE('',*,*,#1280,.T.);
#1745=ORIENTED_EDGE('',*,*,#1281,.F.);
#1746=ORIENTED_EDGE('',*,*,#1282,.T.);
#1747=ORIENTED_EDGE('',*,*,#1237,.F.);
#1748=ORIENTED_EDGE('',*,*,#1283,.F.);
#1749=ORIENTED_EDGE('',*,*,#1284,.F.);
#1750=ORIENTED_EDGE('',*,*,#1285,.F.);
#1751=ORIENTED_EDGE('',*,*,#1286,.T.);
#1752=ORIENTED_EDGE('',*,*,#1287,.F.);
#1753=ORIENTED_EDGE('',*,*,#1286,.F.);
#1754=ORIENTED_EDGE('',*,*,#1288,.F.);
#1755=ORIENTED_EDGE('',*,*,#1156,.F.);
#1756=ORIENTED_EDGE('',*,*,#1289,.F.);
#1757=ORIENTED_EDGE('',*,*,#1290,.F.);
#1758=ORIENTED_EDGE('',*,*,#1291,.F.);
#1759=ORIENTED_EDGE('',*,*,#1284,.T.);
#1760=ORIENTED_EDGE('',*,*,#1292,.F.);
#1761=ORIENTED_EDGE('',*,*,#1293,.T.);
#1762=ORIENTED_EDGE('',*,*,#1294,.F.);
#1763=ORIENTED_EDGE('',*,*,#1295,.F.);
#1764=ORIENTED_EDGE('',*,*,#1296,.F.);
#1765=ORIENTED_EDGE('',*,*,#1297,.F.);
#1766=ORIENTED_EDGE('',*,*,#1298,.F.);
#1767=ORIENTED_EDGE('',*,*,#1290,.T.);
#1768=ORIENTED_EDGE('',*,*,#1299,.F.);
#1769=ORIENTED_EDGE('',*,*,#1295,.T.);
#1770=ORIENTED_EDGE('',*,*,#1300,.F.);
#1771=ORIENTED_EDGE('',*,*,#1301,.F.);
#1772=ORIENTED_EDGE('',*,*,#1302,.F.);
#1773=ORIENTED_EDGE('',*,*,#1196,.F.);
#1774=ORIENTED_EDGE('',*,*,#1303,.T.);
#1775=ORIENTED_EDGE('',*,*,#1297,.T.);
#1776=ORIENTED_EDGE('',*,*,#1304,.F.);
#1777=ORIENTED_EDGE('',*,*,#1301,.T.);
#1778=ORIENTED_EDGE('',*,*,#1305,.F.);
#1779=ORIENTED_EDGE('',*,*,#1192,.F.);
#1780=ORIENTED_EDGE('',*,*,#1306,.F.);
#1781=ORIENTED_EDGE('',*,*,#1307,.T.);
#1782=ORIENTED_EDGE('',*,*,#1308,.F.);
#1783=ORIENTED_EDGE('',*,*,#1293,.F.);
#1784=ORIENTED_EDGE('',*,*,#1309,.F.);
#1785=ORIENTED_EDGE('',*,*,#1160,.F.);
#1786=ORIENTED_EDGE('',*,*,#1310,.T.);
#1787=ORIENTED_EDGE('',*,*,#1307,.F.);
#1788=ORIENTED_EDGE('',*,*,#1309,.T.);
#1789=ORIENTED_EDGE('',*,*,#1306,.T.);
#1790=ORIENTED_EDGE('',*,*,#1292,.T.);
#1791=ORIENTED_EDGE('',*,*,#1299,.T.);
#1792=ORIENTED_EDGE('',*,*,#1304,.T.);
#1793=ORIENTED_EDGE('',*,*,#1191,.F.);
#1794=ORIENTED_EDGE('',*,*,#1311,.F.);
#1795=ORIENTED_EDGE('',*,*,#1312,.F.);
#1796=ORIENTED_EDGE('',*,*,#1313,.F.);
#1797=ORIENTED_EDGE('',*,*,#1314,.T.);
#1798=ORIENTED_EDGE('',*,*,#1259,.F.);
#1799=ORIENTED_EDGE('',*,*,#1315,.F.);
#1800=ORIENTED_EDGE('',*,*,#1316,.T.);
#1801=ORIENTED_EDGE('',*,*,#1161,.F.);
#1802=ORIENTED_EDGE('',*,*,#1285,.T.);
#1803=ORIENTED_EDGE('',*,*,#1291,.T.);
#1804=ORIENTED_EDGE('',*,*,#1298,.T.);
#1805=ORIENTED_EDGE('',*,*,#1317,.F.);
#1806=ORIENTED_EDGE('',*,*,#1318,.F.);
#1807=ORIENTED_EDGE('',*,*,#1319,.F.);
#1808=ORIENTED_EDGE('',*,*,#1320,.T.);
#1809=ORIENTED_EDGE('',*,*,#1321,.F.);
#1810=ORIENTED_EDGE('',*,*,#1282,.F.);
#1811=ORIENTED_EDGE('',*,*,#1322,.F.);
#1812=ORIENTED_EDGE('',*,*,#1229,.F.);
#1813=ORIENTED_EDGE('',*,*,#1238,.F.);
#1814=ORIENTED_EDGE('',*,*,#1323,.F.);
#1815=ORIENTED_EDGE('',*,*,#1324,.F.);
#1816=ORIENTED_EDGE('',*,*,#1325,.T.);
#1817=ORIENTED_EDGE('',*,*,#1326,.F.);
#1818=ORIENTED_EDGE('',*,*,#1324,.T.);
#1819=ORIENTED_EDGE('',*,*,#1327,.T.);
#1820=ORIENTED_EDGE('',*,*,#1328,.T.);
#1821=ORIENTED_EDGE('',*,*,#1329,.F.);
#1822=ORIENTED_EDGE('',*,*,#1328,.F.);
#1823=ORIENTED_EDGE('',*,*,#1330,.F.);
#1824=ORIENTED_EDGE('',*,*,#1331,.F.);
#1825=ORIENTED_EDGE('',*,*,#1280,.F.);
#1826=ORIENTED_EDGE('',*,*,#1332,.T.);
#1827=ORIENTED_EDGE('',*,*,#1333,.F.);
#1828=ORIENTED_EDGE('',*,*,#1334,.F.);
#1829=ORIENTED_EDGE('',*,*,#1335,.T.);
#1830=ORIENTED_EDGE('',*,*,#1333,.T.);
#1831=ORIENTED_EDGE('',*,*,#1336,.T.);
#1832=ORIENTED_EDGE('',*,*,#1337,.T.);
#1833=ORIENTED_EDGE('',*,*,#1338,.F.);
#1834=ORIENTED_EDGE('',*,*,#1337,.F.);
#1835=ORIENTED_EDGE('',*,*,#1339,.T.);
#1836=ORIENTED_EDGE('',*,*,#1231,.F.);
#1837=ORIENTED_EDGE('',*,*,#1340,.F.);
#1838=ORIENTED_EDGE('',*,*,#1287,.T.);
#1839=ORIENTED_EDGE('',*,*,#1155,.F.);
#1840=ORIENTED_EDGE('',*,*,#1341,.F.);
#1841=ORIENTED_EDGE('',*,*,#1340,.T.);
#1842=ORIENTED_EDGE('',*,*,#1230,.T.);
#1843=ORIENTED_EDGE('',*,*,#1322,.T.);
#1844=ORIENTED_EDGE('',*,*,#1281,.T.);
#1845=ORIENTED_EDGE('',*,*,#1331,.T.);
#1846=ORIENTED_EDGE('',*,*,#1342,.T.);
#1847=ORIENTED_EDGE('',*,*,#1197,.F.);
#1848=ORIENTED_EDGE('',*,*,#1302,.T.);
#1849=ORIENTED_EDGE('',*,*,#1296,.T.);
#1850=ORIENTED_EDGE('',*,*,#1289,.T.);
#1851=ORIENTED_EDGE('',*,*,#1283,.T.);
#1852=ORIENTED_EDGE('',*,*,#1198,.F.);
#1853=ORIENTED_EDGE('',*,*,#1342,.F.);
#1854=ORIENTED_EDGE('',*,*,#1330,.T.);
#1855=ORIENTED_EDGE('',*,*,#1327,.F.);
#1856=ORIENTED_EDGE('',*,*,#1323,.T.);
#1857=ORIENTED_EDGE('',*,*,#1343,.F.);
#1858=ORIENTED_EDGE('',*,*,#1343,.T.);
#1859=ORIENTED_EDGE('',*,*,#1325,.F.);
#1860=ORIENTED_EDGE('',*,*,#1326,.T.);
#1861=ORIENTED_EDGE('',*,*,#1329,.T.);
#1862=ORIENTED_EDGE('',*,*,#1279,.T.);
#1863=ORIENTED_EDGE('',*,*,#1277,.F.);
#1864=ORIENTED_EDGE('',*,*,#1270,.T.);
#1865=ORIENTED_EDGE('',*,*,#1199,.F.);
#1866=ORIENTED_EDGE('',*,*,#1276,.T.);
#1867=ORIENTED_EDGE('',*,*,#1234,.T.);
#1868=ORIENTED_EDGE('',*,*,#1219,.T.);
#1869=ORIENTED_EDGE('',*,*,#1169,.F.);
#1870=ORIENTED_EDGE('',*,*,#1344,.F.);
#1871=ORIENTED_EDGE('',*,*,#1153,.F.);
#1872=ORIENTED_EDGE('',*,*,#1222,.T.);
#1873=ORIENTED_EDGE('',*,*,#1239,.F.);
#1874=ORIENTED_EDGE('',*,*,#1232,.F.);
#1875=ORIENTED_EDGE('',*,*,#1339,.F.);
#1876=ORIENTED_EDGE('',*,*,#1336,.F.);
#1877=ORIENTED_EDGE('',*,*,#1332,.F.);
#1878=ORIENTED_EDGE('',*,*,#1154,.F.);
#1879=ORIENTED_EDGE('',*,*,#1344,.T.);
#1880=ORIENTED_EDGE('',*,*,#1334,.T.);
#1881=ORIENTED_EDGE('',*,*,#1335,.F.);
#1882=ORIENTED_EDGE('',*,*,#1338,.T.);
#1883=ORIENTED_EDGE('',*,*,#1341,.T.);
#1884=ORIENTED_EDGE('',*,*,#1345,.T.);
#1885=ORIENTED_EDGE('',*,*,#1189,.F.);
#1886=ORIENTED_EDGE('',*,*,#1265,.T.);
#1887=ORIENTED_EDGE('',*,*,#1269,.T.);
#1888=ORIENTED_EDGE('',*,*,#1346,.T.);
#1889=ORIENTED_EDGE('',*,*,#1347,.T.);
#1890=ORIENTED_EDGE('',*,*,#1348,.T.);
#1891=ORIENTED_EDGE('',*,*,#1349,.F.);
#1892=ORIENTED_EDGE('',*,*,#1190,.F.);
#1893=ORIENTED_EDGE('',*,*,#1345,.F.);
#1894=ORIENTED_EDGE('',*,*,#1350,.T.);
#1895=ORIENTED_EDGE('',*,*,#1351,.F.);
#1896=ORIENTED_EDGE('',*,*,#1352,.T.);
#1897=ORIENTED_EDGE('',*,*,#1311,.T.);
#1898=ORIENTED_EDGE('',*,*,#1348,.F.);
#1899=ORIENTED_EDGE('',*,*,#1353,.T.);
#1900=ORIENTED_EDGE('',*,*,#1351,.T.);
#1901=ORIENTED_EDGE('',*,*,#1354,.T.);
#1902=ORIENTED_EDGE('',*,*,#1263,.T.);
#1903=ORIENTED_EDGE('',*,*,#1253,.T.);
#1904=ORIENTED_EDGE('',*,*,#1355,.T.);
#1905=ORIENTED_EDGE('',*,*,#1313,.T.);
#1906=ORIENTED_EDGE('',*,*,#1356,.T.);
#1907=ORIENTED_EDGE('',*,*,#1346,.F.);
#1908=ORIENTED_EDGE('',*,*,#1268,.T.);
#1909=ORIENTED_EDGE('',*,*,#1266,.T.);
#1910=ORIENTED_EDGE('',*,*,#1162,.F.);
#1911=ORIENTED_EDGE('',*,*,#1316,.F.);
#1912=ORIENTED_EDGE('',*,*,#1357,.T.);
#1913=ORIENTED_EDGE('',*,*,#1358,.F.);
#1914=ORIENTED_EDGE('',*,*,#1359,.T.);
#1915=ORIENTED_EDGE('',*,*,#1360,.T.);
#1916=ORIENTED_EDGE('',*,*,#1358,.T.);
#1917=ORIENTED_EDGE('',*,*,#1361,.T.);
#1918=ORIENTED_EDGE('',*,*,#1362,.T.);
#1919=ORIENTED_EDGE('',*,*,#1363,.T.);
#1920=ORIENTED_EDGE('',*,*,#1360,.F.);
#1921=ORIENTED_EDGE('',*,*,#1364,.F.);
#1922=ORIENTED_EDGE('',*,*,#1362,.F.);
#1923=ORIENTED_EDGE('',*,*,#1365,.F.);
#1924=ORIENTED_EDGE('',*,*,#1257,.F.);
#1925=ORIENTED_EDGE('',*,*,#1249,.F.);
#1926=ORIENTED_EDGE('',*,*,#1240,.T.);
#1927=ORIENTED_EDGE('',*,*,#1163,.F.);
#1928=ORIENTED_EDGE('',*,*,#1357,.F.);
#1929=ORIENTED_EDGE('',*,*,#1315,.T.);
#1930=ORIENTED_EDGE('',*,*,#1258,.F.);
#1931=ORIENTED_EDGE('',*,*,#1365,.T.);
#1932=ORIENTED_EDGE('',*,*,#1361,.F.);
#1933=ORIENTED_EDGE('',*,*,#1359,.F.);
#1934=ORIENTED_EDGE('',*,*,#1363,.F.);
#1935=ORIENTED_EDGE('',*,*,#1364,.T.);
#1936=ORIENTED_EDGE('',*,*,#1252,.T.);
#1937=ORIENTED_EDGE('',*,*,#1260,.F.);
#1938=ORIENTED_EDGE('',*,*,#1314,.F.);
#1939=ORIENTED_EDGE('',*,*,#1355,.F.);
#1940=ORIENTED_EDGE('',*,*,#1349,.T.);
#1941=ORIENTED_EDGE('',*,*,#1354,.F.);
#1942=ORIENTED_EDGE('',*,*,#1350,.F.);
#1943=ORIENTED_EDGE('',*,*,#1261,.T.);
#1944=ORIENTED_EDGE('',*,*,#1166,.F.);
#1945=ORIENTED_EDGE('',*,*,#1247,.T.);
#1946=ORIENTED_EDGE('',*,*,#1256,.F.);
#1947=ORIENTED_EDGE('',*,*,#1347,.F.);
#1948=ORIENTED_EDGE('',*,*,#1356,.F.);
#1949=ORIENTED_EDGE('',*,*,#1312,.T.);
#1950=ORIENTED_EDGE('',*,*,#1352,.F.);
#1951=ORIENTED_EDGE('',*,*,#1353,.F.);
#1952=ORIENTED_EDGE('',*,*,#1366,.F.);
#1953=ORIENTED_EDGE('',*,*,#1367,.F.);
#1954=ORIENTED_EDGE('',*,*,#1193,.F.);
#1955=ORIENTED_EDGE('',*,*,#1305,.T.);
#1956=ORIENTED_EDGE('',*,*,#1368,.F.);
#1957=ORIENTED_EDGE('',*,*,#1310,.F.);
#1958=ORIENTED_EDGE('',*,*,#1159,.F.);
#1959=ORIENTED_EDGE('',*,*,#1369,.T.);
#1960=ORIENTED_EDGE('',*,*,#1370,.F.);
#1961=ORIENTED_EDGE('',*,*,#1303,.F.);
#1962=ORIENTED_EDGE('',*,*,#1195,.F.);
#1963=ORIENTED_EDGE('',*,*,#1371,.T.);
#1964=ORIENTED_EDGE('',*,*,#1372,.F.);
#1965=ORIENTED_EDGE('',*,*,#1373,.F.);
#1966=ORIENTED_EDGE('',*,*,#1157,.F.);
#1967=ORIENTED_EDGE('',*,*,#1288,.T.);
#1968=ORIENTED_EDGE('',*,*,#1374,.F.);
#1969=ORIENTED_EDGE('',*,*,#1375,.F.);
#1970=ORIENTED_EDGE('',*,*,#1376,.F.);
#1971=ORIENTED_EDGE('',*,*,#1377,.T.);
#1972=ORIENTED_EDGE('',*,*,#1378,.F.);
#1973=ORIENTED_EDGE('',*,*,#1371,.F.);
#1974=ORIENTED_EDGE('',*,*,#1194,.F.);
#1975=ORIENTED_EDGE('',*,*,#1367,.T.);
#1976=ORIENTED_EDGE('',*,*,#1308,.T.);
#1977=ORIENTED_EDGE('',*,*,#1379,.F.);
#1978=ORIENTED_EDGE('',*,*,#1380,.F.);
#1979=ORIENTED_EDGE('',*,*,#1381,.F.);
#1980=ORIENTED_EDGE('',*,*,#1382,.T.);
#1981=ORIENTED_EDGE('',*,*,#1383,.F.);
#1982=ORIENTED_EDGE('',*,*,#1300,.T.);
#1983=ORIENTED_EDGE('',*,*,#1294,.T.);
#1984=ORIENTED_EDGE('',*,*,#1368,.T.);
#1985=ORIENTED_EDGE('',*,*,#1384,.T.);
#1986=ORIENTED_EDGE('',*,*,#1385,.T.);
#1987=ORIENTED_EDGE('',*,*,#1379,.T.);
#1988=ORIENTED_EDGE('',*,*,#1366,.T.);
#1989=ORIENTED_EDGE('',*,*,#1383,.T.);
#1990=ORIENTED_EDGE('',*,*,#1386,.T.);
#1991=ORIENTED_EDGE('',*,*,#1374,.T.);
#1992=ORIENTED_EDGE('',*,*,#1372,.T.);
#1993=ORIENTED_EDGE('',*,*,#1321,.T.);
#1994=ORIENTED_EDGE('',*,*,#1387,.T.);
#1995=ORIENTED_EDGE('',*,*,#1388,.T.);
#1996=ORIENTED_EDGE('',*,*,#1140,.T.);
#1997=ORIENTED_EDGE('',*,*,#1389,.T.);
#1998=ORIENTED_EDGE('',*,*,#1390,.T.);
#1999=ORIENTED_EDGE('',*,*,#1391,.T.);
#2000=ORIENTED_EDGE('',*,*,#1147,.T.);
#2001=ORIENTED_EDGE('',*,*,#1173,.F.);
#2002=ORIENTED_EDGE('',*,*,#1392,.F.);
#2003=ORIENTED_EDGE('',*,*,#1389,.F.);
#2004=ORIENTED_EDGE('',*,*,#1142,.T.);
#2005=ORIENTED_EDGE('',*,*,#1393,.T.);
#2006=ORIENTED_EDGE('',*,*,#1394,.T.);
#2007=ORIENTED_EDGE('',*,*,#1180,.T.);
#2008=ORIENTED_EDGE('',*,*,#1394,.F.);
#2009=ORIENTED_EDGE('',*,*,#1395,.T.);
#2010=ORIENTED_EDGE('',*,*,#1396,.T.);
#2011=ORIENTED_EDGE('',*,*,#1175,.F.);
#2012=ORIENTED_EDGE('',*,*,#1179,.F.);
#2013=ORIENTED_EDGE('',*,*,#1181,.F.);
#2014=ORIENTED_EDGE('',*,*,#1397,.F.);
#2015=ORIENTED_EDGE('',*,*,#1398,.T.);
#2016=ORIENTED_EDGE('',*,*,#1399,.F.);
#2017=ORIENTED_EDGE('',*,*,#1398,.F.);
#2018=ORIENTED_EDGE('',*,*,#1399,.T.);
#2019=ORIENTED_EDGE('',*,*,#1400,.F.);
#2020=ORIENTED_EDGE('',*,*,#1401,.T.);
#2021=ORIENTED_EDGE('',*,*,#1402,.F.);
#2022=ORIENTED_EDGE('',*,*,#1401,.F.);
#2023=ORIENTED_EDGE('',*,*,#1402,.T.);
#2024=ORIENTED_EDGE('',*,*,#1403,.F.);
#2025=ORIENTED_EDGE('',*,*,#1404,.T.);
#2026=ORIENTED_EDGE('',*,*,#1405,.F.);
#2027=ORIENTED_EDGE('',*,*,#1404,.F.);
#2028=ORIENTED_EDGE('',*,*,#1405,.T.);
#2029=ORIENTED_EDGE('',*,*,#1406,.F.);
#2030=ORIENTED_EDGE('',*,*,#1407,.T.);
#2031=ORIENTED_EDGE('',*,*,#1408,.F.);
#2032=ORIENTED_EDGE('',*,*,#1407,.F.);
#2033=ORIENTED_EDGE('',*,*,#1408,.T.);
#2034=ORIENTED_EDGE('',*,*,#1386,.F.);
#2035=ORIENTED_EDGE('',*,*,#1382,.F.);
#2036=ORIENTED_EDGE('',*,*,#1409,.F.);
#2037=ORIENTED_EDGE('',*,*,#1375,.T.);
#2038=ORIENTED_EDGE('',*,*,#1410,.F.);
#2039=ORIENTED_EDGE('',*,*,#1377,.F.);
#2040=ORIENTED_EDGE('',*,*,#1411,.F.);
#2041=ORIENTED_EDGE('',*,*,#1318,.T.);
#2042=ORIENTED_EDGE('',*,*,#1387,.F.);
#2043=ORIENTED_EDGE('',*,*,#1320,.F.);
#2044=ORIENTED_EDGE('',*,*,#1412,.F.);
#2045=ORIENTED_EDGE('',*,*,#1413,.T.);
#2046=ORIENTED_EDGE('',*,*,#1388,.F.);
#2047=ORIENTED_EDGE('',*,*,#1413,.F.);
#2048=ORIENTED_EDGE('',*,*,#1414,.F.);
#2049=ORIENTED_EDGE('',*,*,#1415,.T.);
#2050=ORIENTED_EDGE('',*,*,#1384,.F.);
#2051=ORIENTED_EDGE('',*,*,#1369,.F.);
#2052=ORIENTED_EDGE('',*,*,#1158,.F.);
#2053=ORIENTED_EDGE('',*,*,#1373,.T.);
#2054=ORIENTED_EDGE('',*,*,#1385,.F.);
#2055=ORIENTED_EDGE('',*,*,#1415,.F.);
#2056=ORIENTED_EDGE('',*,*,#1416,.F.);
#2057=ORIENTED_EDGE('',*,*,#1380,.T.);
#2058=ORIENTED_EDGE('',*,*,#1370,.T.);
#2059=ORIENTED_EDGE('',*,*,#1378,.T.);
#2060=ORIENTED_EDGE('',*,*,#1410,.T.);
#2061=ORIENTED_EDGE('',*,*,#1317,.T.);
#2062=ORIENTED_EDGE('',*,*,#1390,.F.);
#2063=ORIENTED_EDGE('',*,*,#1392,.T.);
#2064=ORIENTED_EDGE('',*,*,#1172,.F.);
#2065=ORIENTED_EDGE('',*,*,#1177,.F.);
#2066=ORIENTED_EDGE('',*,*,#1417,.F.);
#2067=ORIENTED_EDGE('',*,*,#1418,.F.);
#2068=ORIENTED_EDGE('',*,*,#1419,.F.);
#2069=ORIENTED_EDGE('',*,*,#1417,.T.);
#2070=ORIENTED_EDGE('',*,*,#1176,.F.);
#2071=ORIENTED_EDGE('',*,*,#1396,.F.);
#2072=ORIENTED_EDGE('',*,*,#1397,.T.);
#2073=ORIENTED_EDGE('',*,*,#1400,.T.);
#2074=ORIENTED_EDGE('',*,*,#1403,.T.);
#2075=ORIENTED_EDGE('',*,*,#1406,.T.);
#2076=ORIENTED_EDGE('',*,*,#1381,.T.);
#2077=ORIENTED_EDGE('',*,*,#1416,.T.);
#2078=ORIENTED_EDGE('',*,*,#1414,.T.);
#2079=ORIENTED_EDGE('',*,*,#1412,.T.);
#2080=ORIENTED_EDGE('',*,*,#1319,.T.);
#2081=ORIENTED_EDGE('',*,*,#1411,.T.);
#2082=ORIENTED_EDGE('',*,*,#1376,.T.);
#2083=ORIENTED_EDGE('',*,*,#1409,.T.);
#2084=ORIENTED_EDGE('',*,*,#1141,.T.);
#2085=ORIENTED_EDGE('',*,*,#1391,.F.);
#2086=ORIENTED_EDGE('',*,*,#1418,.T.);
#2087=ORIENTED_EDGE('',*,*,#1419,.T.);
#2088=ORIENTED_EDGE('',*,*,#1395,.F.);
#2089=ORIENTED_EDGE('',*,*,#1393,.F.);
#2090=PLANE('',#2314);
#2091=PLANE('',#2315);
#2092=PLANE('',#2316);
#2093=PLANE('',#2319);
#2094=PLANE('',#2321);
#2095=PLANE('',#2324);
#2096=PLANE('',#2326);
#2097=PLANE('',#2329);
#2098=PLANE('',#2332);
#2099=PLANE('',#2335);
#2100=PLANE('',#2336);
#2101=PLANE('',#2339);
#2102=PLANE('',#2342);
#2103=PLANE('',#2345);
#2104=PLANE('',#2347);
#2105=PLANE('',#2349);
#2106=PLANE('',#2351);
#2107=PLANE('',#2353);
#2108=PLANE('',#2355);
#2109=PLANE('',#2357);
#2110=PLANE('',#2358);
#2111=PLANE('',#2359);
#2112=PLANE('',#2368);
#2113=PLANE('',#2371);
#2114=PLANE('',#2372);
#2115=PLANE('',#2375);
#2116=PLANE('',#2378);
#2117=PLANE('',#2381);
#2118=PLANE('',#2383);
#2119=PLANE('',#2388);
#2120=PLANE('',#2392);
#2121=PLANE('',#2396);
#2122=PLANE('',#2398);
#2123=PLANE('',#2399);
#2124=PLANE('',#2407);
#2125=PLANE('',#2410);
#2126=PLANE('',#2411);
#2127=PLANE('',#2414);
#2128=PLANE('',#2415);
#2129=PLANE('',#2417);
#2130=PLANE('',#2424);
#2131=PLANE('',#2426);
#2132=PLANE('',#2427);
#2133=PLANE('',#2429);
#2134=PLANE('',#2431);
#2135=PLANE('',#2432);
#2136=PLANE('',#2437);
#2137=PLANE('',#2438);
#2138=PLANE('',#2439);
#2139=PLANE('',#2440);
#2140=PLANE('',#2441);
#2141=PLANE('',#2442);
#2142=PLANE('',#2443);
#2143=PLANE('',#2444);
#2144=PLANE('',#2445);
#2145=PLANE('',#2446);
#2146=PLANE('',#2447);
#2147=PLANE('',#2448);
#2148=PLANE('',#2449);
#2149=PLANE('',#2450);
#2150=PLANE('',#2455);
#2151=PLANE('',#2457);
#2152=PLANE('',#2462);
#2153=PLANE('',#2464);
#2154=PLANE('',#2466);
#2155=PLANE('',#2467);
#2156=PLANE('',#2468);
#2157=PLANE('',#2470);
#2158=PLANE('',#2486);
#2159=PLANE('',#2487);
#2160=PLANE('',#2488);
#2161=PLANE('',#2489);
#2162=PLANE('',#2490);
#2163=PLANE('',#2491);
#2164=PLANE('',#2492);
#2165=PLANE('',#2493);
#2166=PLANE('',#2494);
#2167=PLANE('',#2495);
#2168=PLANE('',#2496);
#2169=PLANE('',#2497);
#2170=PLANE('',#2498);
#2171=PLANE('',#2499);
#2172=PLANE('',#2501);
#2173=PLANE('',#2503);
#2174=PLANE('',#2507);
#2175=PLANE('',#2510);
#2176=PLANE('',#2514);
#2177=PLANE('',#2518);
#2178=PLANE('',#2522);
#2179=PLANE('',#2526);
#2180=PLANE('',#2534);
#2181=PLANE('',#2537);
#2182=PLANE('',#2538);
#2183=PLANE('',#2539);
#2184=PLANE('',#2540);
#2185=ADVANCED_FACE('',(#181),#2090,.T.);
#2186=ADVANCED_FACE('',(#182),#2091,.T.);
#2187=ADVANCED_FACE('',(#183),#2092,.F.);
#2188=ADVANCED_FACE('',(#184),#2093,.F.);
#2189=ADVANCED_FACE('',(#185),#2094,.F.);
#2190=ADVANCED_FACE('',(#186),#2095,.F.);
#2191=ADVANCED_FACE('',(#187),#2096,.F.);
#2192=ADVANCED_FACE('',(#188),#2097,.F.);
#2193=ADVANCED_FACE('',(#189),#2098,.F.);
#2194=ADVANCED_FACE('',(#190),#2099,.F.);
#2195=ADVANCED_FACE('',(#191),#2100,.F.);
#2196=ADVANCED_FACE('',(#192),#2101,.F.);
#2197=ADVANCED_FACE('',(#193),#2102,.F.);
#2198=ADVANCED_FACE('',(#194),#2103,.F.);
#2199=ADVANCED_FACE('',(#195),#2104,.F.);
#2200=ADVANCED_FACE('',(#196),#2105,.F.);
#2201=ADVANCED_FACE('',(#197),#2106,.F.);
#2202=ADVANCED_FACE('',(#198),#2107,.F.);
#2203=ADVANCED_FACE('',(#199),#2108,.F.);
#2204=ADVANCED_FACE('',(#200),#2109,.T.);
#2205=ADVANCED_FACE('',(#201),#2110,.T.);
#2206=ADVANCED_FACE('',(#202,#71),#2111,.T.);
#2207=ADVANCED_FACE('',(#203),#2112,.T.);
#2208=ADVANCED_FACE('',(#204),#2113,.T.);
#2209=ADVANCED_FACE('',(#205),#2114,.T.);
#2210=ADVANCED_FACE('',(#206),#51,.T.);
#2211=ADVANCED_FACE('',(#207),#2115,.T.);
#2212=ADVANCED_FACE('',(#208),#52,.T.);
#2213=ADVANCED_FACE('',(#209),#2116,.T.);
#2214=ADVANCED_FACE('',(#210,#72),#53,.T.);
#2215=ADVANCED_FACE('',(#211),#2117,.F.);
#2216=ADVANCED_FACE('',(#212),#2118,.T.);
#2217=ADVANCED_FACE('',(#213,#73),#54,.T.);
#2218=ADVANCED_FACE('',(#214),#2119,.F.);
#2219=ADVANCED_FACE('',(#215,#74),#55,.T.);
#2220=ADVANCED_FACE('',(#216),#2120,.F.);
#2221=ADVANCED_FACE('',(#217,#75),#56,.T.);
#2222=ADVANCED_FACE('',(#218),#2121,.F.);
#2223=ADVANCED_FACE('',(#219),#2122,.T.);
#2224=ADVANCED_FACE('',(#220),#2123,.T.);
#2225=ADVANCED_FACE('',(#221),#57,.F.);
#2226=ADVANCED_FACE('',(#222),#15,.T.);
#2227=ADVANCED_FACE('',(#223),#2124,.F.);
#2228=ADVANCED_FACE('',(#224),#2125,.F.);
#2229=ADVANCED_FACE('',(#225),#2126,.T.);
#2230=ADVANCED_FACE('',(#226),#58,.F.);
#2231=ADVANCED_FACE('',(#227),#2127,.T.);
#2232=ADVANCED_FACE('',(#228),#2128,.F.);
#2233=ADVANCED_FACE('',(#229),#2129,.F.);
#2234=ADVANCED_FACE('',(#230),#16,.T.);
#2235=ADVANCED_FACE('',(#231),#2130,.T.);
#2236=ADVANCED_FACE('',(#232),#59,.F.);
#2237=ADVANCED_FACE('',(#233),#2131,.T.);
#2238=ADVANCED_FACE('',(#234),#2132,.F.);
#2239=ADVANCED_FACE('',(#235),#2133,.T.);
#2240=ADVANCED_FACE('',(#236),#60,.F.);
#2241=ADVANCED_FACE('',(#237),#2134,.T.);
#2242=ADVANCED_FACE('',(#238),#2135,.F.);
#2243=ADVANCED_FACE('',(#239),#17,.T.);
#2244=ADVANCED_FACE('',(#240),#2136,.F.);
#2245=ADVANCED_FACE('',(#241),#2137,.F.);
#2246=ADVANCED_FACE('',(#242),#2138,.F.);
#2247=ADVANCED_FACE('',(#243),#2139,.F.);
#2248=ADVANCED_FACE('',(#244),#2140,.F.);
#2249=ADVANCED_FACE('',(#245),#2141,.F.);
#2250=ADVANCED_FACE('',(#246),#2142,.F.);
#2251=ADVANCED_FACE('',(#247),#2143,.F.);
#2252=ADVANCED_FACE('',(#248),#2144,.F.);
#2253=ADVANCED_FACE('',(#249),#2145,.F.);
#2254=ADVANCED_FACE('',(#250),#2146,.T.);
#2255=ADVANCED_FACE('',(#251),#2147,.F.);
#2256=ADVANCED_FACE('',(#252),#2148,.F.);
#2257=ADVANCED_FACE('',(#253),#2149,.F.);
#2258=ADVANCED_FACE('',(#254),#18,.T.);
#2259=ADVANCED_FACE('',(#255),#2150,.F.);
#2260=ADVANCED_FACE('',(#256),#2151,.F.);
#2261=ADVANCED_FACE('',(#257),#19,.T.);
#2262=ADVANCED_FACE('',(#258),#2152,.F.);
#2263=ADVANCED_FACE('',(#259),#2153,.T.);
#2264=ADVANCED_FACE('',(#260),#61,.T.);
#2265=ADVANCED_FACE('',(#261),#2154,.T.);
#2266=ADVANCED_FACE('',(#262),#2155,.F.);
#2267=ADVANCED_FACE('',(#263),#2156,.F.);
#2268=ADVANCED_FACE('',(#264),#62,.T.);
#2269=ADVANCED_FACE('',(#265),#2157,.T.);
#2270=ADVANCED_FACE('',(#266),#63,.T.);
#2271=ADVANCED_FACE('',(#267),#20,.T.);
#2272=ADVANCED_FACE('',(#268),#21,.T.);
#2273=ADVANCED_FACE('',(#269),#64,.T.);
#2274=ADVANCED_FACE('',(#270),#22,.T.);
#2275=ADVANCED_FACE('',(#271),#2158,.F.);
#2276=ADVANCED_FACE('',(#272),#2159,.F.);
#2277=ADVANCED_FACE('',(#273),#2160,.F.);
#2278=ADVANCED_FACE('',(#274),#2161,.F.);
#2279=ADVANCED_FACE('',(#275),#2162,.F.);
#2280=ADVANCED_FACE('',(#276),#2163,.F.);
#2281=ADVANCED_FACE('',(#277),#2164,.F.);
#2282=ADVANCED_FACE('',(#278),#2165,.F.);
#2283=ADVANCED_FACE('',(#279),#2166,.F.);
#2284=ADVANCED_FACE('',(#280),#2167,.F.);
#2285=ADVANCED_FACE('',(#281),#2168,.F.);
#2286=ADVANCED_FACE('',(#282),#2169,.F.);
#2287=ADVANCED_FACE('',(#283),#2170,.F.);
#2288=ADVANCED_FACE('',(#284),#2171,.F.);
#2289=ADVANCED_FACE('',(#285),#2172,.F.);
#2290=ADVANCED_FACE('',(#286),#2173,.F.);
#2291=ADVANCED_FACE('',(#287),#65,.T.);
#2292=ADVANCED_FACE('',(#288),#2174,.T.);
#2293=ADVANCED_FACE('',(#289),#66,.T.);
#2294=ADVANCED_FACE('',(#290),#2175,.T.);
#2295=ADVANCED_FACE('',(#291),#23,.F.);
#2296=ADVANCED_FACE('',(#292),#2176,.T.);
#2297=ADVANCED_FACE('',(#293),#24,.F.);
#2298=ADVANCED_FACE('',(#294),#2177,.T.);
#2299=ADVANCED_FACE('',(#295),#25,.F.);
#2300=ADVANCED_FACE('',(#296),#2178,.T.);
#2301=ADVANCED_FACE('',(#297),#26,.F.);
#2302=ADVANCED_FACE('',(#298),#2179,.T.);
#2303=ADVANCED_FACE('',(#299),#67,.F.);
#2304=ADVANCED_FACE('',(#300),#68,.F.);
#2305=ADVANCED_FACE('',(#301),#69,.F.);
#2306=ADVANCED_FACE('',(#302),#2180,.F.);
#2307=ADVANCED_FACE('',(#303),#70,.F.);
#2308=ADVANCED_FACE('',(#304),#2181,.F.);
#2309=ADVANCED_FACE('',(#305),#2182,.T.);
#2310=ADVANCED_FACE('',(#306,#76,#77,#78,#79,#80),#2183,.T.);
#2311=ADVANCED_FACE('',(#307),#2184,.F.);
#2312=CLOSED_SHELL('',(#2185,#2186,#2187,#2188,#2189,#2190,#2191,#2192,
#2193,#2194,#2195,#2196,#2197,#2198,#2199,#2200,#2201,#2202,#2203,#2204,
#2205,#2206,#2207,#2208,#2209,#2210,#2211,#2212,#2213,#2214,#2215,#2216,
#2217,#2218,#2219,#2220,#2221,#2222,#2223,#2224,#2225,#2226,#2227,#2228,
#2229,#2230,#2231,#2232,#2233,#2234,#2235,#2236,#2237,#2238,#2239,#2240,
#2241,#2242,#2243,#2244,#2245,#2246,#2247,#2248,#2249,#2250,#2251,#2252,
#2253,#2254,#2255,#2256,#2257,#2258,#2259,#2260,#2261,#2262,#2263,#2264,
#2265,#2266,#2267,#2268,#2269,#2270,#2271,#2272,#2273,#2274,#2275,#2276,
#2277,#2278,#2279,#2280,#2281,#2282,#2283,#2284,#2285,#2286,#2287,#2288,
#2289,#2290,#2291,#2292,#2293,#2294,#2295,#2296,#2297,#2298,#2299,#2300,
#2301,#2302,#2303,#2304,#2305,#2306,#2307,#2308,#2309,#2310,#2311));
#2313=AXIS2_PLACEMENT_3D('',#3208,#2541,#2542);
#2314=AXIS2_PLACEMENT_3D('',#3209,#2543,#2544);
#2315=AXIS2_PLACEMENT_3D('',#3218,#2549,#2550);
#2316=AXIS2_PLACEMENT_3D('',#3227,#2555,#2556);
#2317=AXIS2_PLACEMENT_3D('',#3230,#2557,#2558);
#2318=AXIS2_PLACEMENT_3D('',#3234,#2560,#2561);
#2319=AXIS2_PLACEMENT_3D('',#3236,#2563,#2564);
#2320=AXIS2_PLACEMENT_3D('',#3237,#2565,#2566);
#2321=AXIS2_PLACEMENT_3D('',#3238,#2567,#2568);
#2322=AXIS2_PLACEMENT_3D('',#3240,#2569,#2570);
#2323=AXIS2_PLACEMENT_3D('',#3242,#2571,#2572);
#2324=AXIS2_PLACEMENT_3D('',#3244,#2574,#2575);
#2325=AXIS2_PLACEMENT_3D('',#3245,#2576,#2577);
#2326=AXIS2_PLACEMENT_3D('',#3246,#2578,#2579);
#2327=AXIS2_PLACEMENT_3D('',#3249,#2580,#2581);
#2328=AXIS2_PLACEMENT_3D('',#3253,#2583,#2584);
#2329=AXIS2_PLACEMENT_3D('',#3255,#2586,#2587);
#2330=AXIS2_PLACEMENT_3D('',#3257,#2588,#2589);
#2331=AXIS2_PLACEMENT_3D('',#3260,#2591,#2592);
#2332=AXIS2_PLACEMENT_3D('',#3261,#2593,#2594);
#2333=AXIS2_PLACEMENT_3D('',#3266,#2596,#2597);
#2334=AXIS2_PLACEMENT_3D('',#3270,#2599,#2600);
#2335=AXIS2_PLACEMENT_3D('',#3272,#2602,#2603);
#2336=AXIS2_PLACEMENT_3D('',#3276,#2606,#2607);
#2337=AXIS2_PLACEMENT_3D('',#3278,#2608,#2609);
#2338=AXIS2_PLACEMENT_3D('',#3281,#2611,#2612);
#2339=AXIS2_PLACEMENT_3D('',#3282,#2613,#2614);
#2340=AXIS2_PLACEMENT_3D('',#3285,#2615,#2616);
#2341=AXIS2_PLACEMENT_3D('',#3289,#2618,#2619);
#2342=AXIS2_PLACEMENT_3D('',#3291,#2621,#2622);
#2343=AXIS2_PLACEMENT_3D('',#3293,#2623,#2624);
#2344=AXIS2_PLACEMENT_3D('',#3296,#2626,#2627);
#2345=AXIS2_PLACEMENT_3D('',#3297,#2628,#2629);
#2346=AXIS2_PLACEMENT_3D('',#3298,#2630,#2631);
#2347=AXIS2_PLACEMENT_3D('',#3299,#2632,#2633);
#2348=AXIS2_PLACEMENT_3D('',#3300,#2634,#2635);
#2349=AXIS2_PLACEMENT_3D('',#3301,#2636,#2637);
#2350=AXIS2_PLACEMENT_3D('',#3302,#2638,#2639);
#2351=AXIS2_PLACEMENT_3D('',#3303,#2640,#2641);
#2352=AXIS2_PLACEMENT_3D('',#3304,#2642,#2643);
#2353=AXIS2_PLACEMENT_3D('',#3305,#2644,#2645);
#2354=AXIS2_PLACEMENT_3D('',#3306,#2646,#2647);
#2355=AXIS2_PLACEMENT_3D('',#3307,#2648,#2649);
#2356=AXIS2_PLACEMENT_3D('',#3308,#2650,#2651);
#2357=AXIS2_PLACEMENT_3D('',#3309,#2652,#2653);
#2358=AXIS2_PLACEMENT_3D('',#3318,#2658,#2659);
#2359=AXIS2_PLACEMENT_3D('',#3327,#2664,#2665);
#2360=AXIS2_PLACEMENT_3D('',#3330,#2666,#2667);
#2361=AXIS2_PLACEMENT_3D('',#3334,#2669,#2670);
#2362=AXIS2_PLACEMENT_3D('',#3338,#2672,#2673);
#2363=AXIS2_PLACEMENT_3D('',#3342,#2675,#2676);
#2364=AXIS2_PLACEMENT_3D('',#3344,#2678,#2679);
#2365=AXIS2_PLACEMENT_3D('',#3345,#2680,#2681);
#2366=AXIS2_PLACEMENT_3D('',#3346,#2682,#2683);
#2367=AXIS2_PLACEMENT_3D('',#3347,#2684,#2685);
#2368=AXIS2_PLACEMENT_3D('',#3348,#2686,#2687);
#2369=AXIS2_PLACEMENT_3D('',#3354,#2690,#2691);
#2370=AXIS2_PLACEMENT_3D('',#3370,#2699,#2700);
#2371=AXIS2_PLACEMENT_3D('',#3374,#2703,#2704);
#2372=AXIS2_PLACEMENT_3D('',#3380,#2708,#2709);
#2373=AXIS2_PLACEMENT_3D('',#3386,#2713,#2714);
#2374=AXIS2_PLACEMENT_3D('',#3390,#2716,#2717);
#2375=AXIS2_PLACEMENT_3D('',#3392,#2719,#2720);
#2376=AXIS2_PLACEMENT_3D('',#3400,#2725,#2726);
#2377=AXIS2_PLACEMENT_3D('',#3403,#2728,#2729);
#2378=AXIS2_PLACEMENT_3D('',#3404,#2730,#2731);
#2379=AXIS2_PLACEMENT_3D('',#3408,#2734,#2735);
#2380=AXIS2_PLACEMENT_3D('',#3411,#2736,#2737);
#2381=AXIS2_PLACEMENT_3D('',#3414,#2740,#2741);
#2382=AXIS2_PLACEMENT_3D('',#3417,#2742,#2743);
#2383=AXIS2_PLACEMENT_3D('',#3420,#2746,#2747);
#2384=AXIS2_PLACEMENT_3D('',#3426,#2750,#2751);
#2385=AXIS2_PLACEMENT_3D('',#3442,#2759,#2760);
#2386=AXIS2_PLACEMENT_3D('',#3446,#2763,#2764);
#2387=AXIS2_PLACEMENT_3D('',#3449,#2765,#2766);
#2388=AXIS2_PLACEMENT_3D('',#3452,#2769,#2770);
#2389=AXIS2_PLACEMENT_3D('',#3455,#2771,#2772);
#2390=AXIS2_PLACEMENT_3D('',#3458,#2775,#2776);
#2391=AXIS2_PLACEMENT_3D('',#3461,#2777,#2778);
#2392=AXIS2_PLACEMENT_3D('',#3464,#2781,#2782);
#2393=AXIS2_PLACEMENT_3D('',#3469,#2785,#2786);
#2394=AXIS2_PLACEMENT_3D('',#3470,#2787,#2788);
#2395=AXIS2_PLACEMENT_3D('',#3473,#2789,#2790);
#2396=AXIS2_PLACEMENT_3D('',#3476,#2793,#2794);
#2397=AXIS2_PLACEMENT_3D('',#3479,#2795,#2796);
#2398=AXIS2_PLACEMENT_3D('',#3482,#2799,#2800);
#2399=AXIS2_PLACEMENT_3D('',#3488,#2804,#2805);
#2400=AXIS2_PLACEMENT_3D('',#3498,#2809,#2810);
#2401=AXIS2_PLACEMENT_3D('',#3504,#2811,#2812);
#2402=AXIS2_PLACEMENT_3D('',#3505,#2813,#2814);
#2403=AXIS2_PLACEMENT_3D('',#3507,#2815,#2816);
#2404=AXIS2_PLACEMENT_3D('',#3509,#2817,#2818);
#2405=AXIS2_PLACEMENT_3D('',#3515,#2819,#2820);
#2406=AXIS2_PLACEMENT_3D('',#3520,#2821,#2822);
#2407=AXIS2_PLACEMENT_3D('',#3521,#2823,#2824);
#2408=AXIS2_PLACEMENT_3D('',#3527,#2827,#2828);
#2409=AXIS2_PLACEMENT_3D('',#3529,#2829,#2830);
#2410=AXIS2_PLACEMENT_3D('',#3531,#2832,#2833);
#2411=AXIS2_PLACEMENT_3D('',#3533,#2835,#2836);
#2412=AXIS2_PLACEMENT_3D('',#3543,#2840,#2841);
#2413=AXIS2_PLACEMENT_3D('',#3546,#2842,#2843);
#2414=AXIS2_PLACEMENT_3D('',#3552,#2845,#2846);
#2415=AXIS2_PLACEMENT_3D('',#3556,#2849,#2850);
#2416=AXIS2_PLACEMENT_3D('',#3559,#2852,#2853);
#2417=AXIS2_PLACEMENT_3D('',#3560,#2854,#2855);
#2418=AXIS2_PLACEMENT_3D('',#3562,#2856,#2857);
#2419=AXIS2_PLACEMENT_3D('',#3566,#2859,#2860);
#2420=AXIS2_PLACEMENT_3D('',#3568,#2861,#2862);
#2421=AXIS2_PLACEMENT_3D('',#3572,#2865,#2866);
#2422=AXIS2_PLACEMENT_3D('',#3578,#2867,#2868);
#2423=AXIS2_PLACEMENT_3D('',#3583,#2869,#2870);
#2424=AXIS2_PLACEMENT_3D('',#3584,#2871,#2872);
#2425=AXIS2_PLACEMENT_3D('',#3587,#2875,#2876);
#2426=AXIS2_PLACEMENT_3D('',#3594,#2878,#2879);
#2427=AXIS2_PLACEMENT_3D('',#3602,#2882,#2883);
#2428=AXIS2_PLACEMENT_3D('',#3604,#2884,#2885);
#2429=AXIS2_PLACEMENT_3D('',#3606,#2887,#2888);
#2430=AXIS2_PLACEMENT_3D('',#3616,#2892,#2893);
#2431=AXIS2_PLACEMENT_3D('',#3622,#2895,#2896);
#2432=AXIS2_PLACEMENT_3D('',#3624,#2898,#2899);
#2433=AXIS2_PLACEMENT_3D('',#3627,#2901,#2902);
#2434=AXIS2_PLACEMENT_3D('',#3628,#2903,#2904);
#2435=AXIS2_PLACEMENT_3D('',#3634,#2905,#2906);
#2436=AXIS2_PLACEMENT_3D('',#3639,#2907,#2908);
#2437=AXIS2_PLACEMENT_3D('',#3640,#2909,#2910);
#2438=AXIS2_PLACEMENT_3D('',#3649,#2915,#2916);
#2439=AXIS2_PLACEMENT_3D('',#3652,#2919,#2920);
#2440=AXIS2_PLACEMENT_3D('',#3658,#2924,#2925);
#2441=AXIS2_PLACEMENT_3D('',#3667,#2930,#2931);
#2442=AXIS2_PLACEMENT_3D('',#3673,#2935,#2936);
#2443=AXIS2_PLACEMENT_3D('',#3679,#2940,#2941);
#2444=AXIS2_PLACEMENT_3D('',#3682,#2944,#2945);
#2445=AXIS2_PLACEMENT_3D('',#3685,#2948,#2949);
#2446=AXIS2_PLACEMENT_3D('',#3691,#2953,#2954);
#2447=AXIS2_PLACEMENT_3D('',#3694,#2957,#2958);
#2448=AXIS2_PLACEMENT_3D('',#3707,#2964,#2965);
#2449=AXIS2_PLACEMENT_3D('',#3717,#2971,#2972);
#2450=AXIS2_PLACEMENT_3D('',#3719,#2974,#2975);
#2451=AXIS2_PLACEMENT_3D('',#3722,#2976,#2977);
#2452=AXIS2_PLACEMENT_3D('',#3724,#2978,#2979);
#2453=AXIS2_PLACEMENT_3D('',#3726,#2981,#2982);
#2454=AXIS2_PLACEMENT_3D('',#3738,#2983,#2984);
#2455=AXIS2_PLACEMENT_3D('',#3739,#2985,#2986);
#2456=AXIS2_PLACEMENT_3D('',#3742,#2988,#2989);
#2457=AXIS2_PLACEMENT_3D('',#3744,#2991,#2992);
#2458=AXIS2_PLACEMENT_3D('',#3749,#2994,#2995);
#2459=AXIS2_PLACEMENT_3D('',#3750,#2996,#2997);
#2460=AXIS2_PLACEMENT_3D('',#3751,#2998,#2999);
#2461=AXIS2_PLACEMENT_3D('',#3763,#3000,#3001);
#2462=AXIS2_PLACEMENT_3D('',#3764,#3002,#3003);
#2463=AXIS2_PLACEMENT_3D('',#3766,#3004,#3005);
#2464=AXIS2_PLACEMENT_3D('',#3769,#3008,#3009);
#2465=AXIS2_PLACEMENT_3D('',#3772,#3012,#3013);
#2466=AXIS2_PLACEMENT_3D('',#3774,#3015,#3016);
#2467=AXIS2_PLACEMENT_3D('',#3775,#3017,#3018);
#2468=AXIS2_PLACEMENT_3D('',#3776,#3019,#3020);
#2469=AXIS2_PLACEMENT_3D('',#3778,#3022,#3023);
#2470=AXIS2_PLACEMENT_3D('',#3779,#3024,#3025);
#2471=AXIS2_PLACEMENT_3D('',#3793,#3029,#3030);
#2472=AXIS2_PLACEMENT_3D('',#3795,#3031,#3032);
#2473=AXIS2_PLACEMENT_3D('',#3803,#3033,#3034);
#2474=AXIS2_PLACEMENT_3D('',#3804,#3035,#3036);
#2475=AXIS2_PLACEMENT_3D('',#3805,#3037,#3038);
#2476=AXIS2_PLACEMENT_3D('',#3806,#3039,#3040);
#2477=AXIS2_PLACEMENT_3D('',#3807,#3041,#3042);
#2478=AXIS2_PLACEMENT_3D('',#3808,#3043,#3044);
#2479=AXIS2_PLACEMENT_3D('',#3809,#3045,#3046);
#2480=AXIS2_PLACEMENT_3D('',#3810,#3047,#3048);
#2481=AXIS2_PLACEMENT_3D('',#3812,#3049,#3050);
#2482=AXIS2_PLACEMENT_3D('',#3821,#3051,#3052);
#2483=AXIS2_PLACEMENT_3D('',#3823,#3054,#3055);
#2484=AXIS2_PLACEMENT_3D('',#3825,#3056,#3057);
#2485=AXIS2_PLACEMENT_3D('',#3830,#3058,#3059);
#2486=AXIS2_PLACEMENT_3D('',#3831,#3060,#3061);
#2487=AXIS2_PLACEMENT_3D('',#3834,#3064,#3065);
#2488=AXIS2_PLACEMENT_3D('',#3835,#3066,#3067);
#2489=AXIS2_PLACEMENT_3D('',#3836,#3068,#3069);
#2490=AXIS2_PLACEMENT_3D('',#3837,#3070,#3071);
#2491=AXIS2_PLACEMENT_3D('',#3838,#3072,#3073);
#2492=AXIS2_PLACEMENT_3D('',#3839,#3074,#3075);
#2493=AXIS2_PLACEMENT_3D('',#3840,#3076,#3077);
#2494=AXIS2_PLACEMENT_3D('',#3844,#3080,#3081);
#2495=AXIS2_PLACEMENT_3D('',#3848,#3084,#3085);
#2496=AXIS2_PLACEMENT_3D('',#3852,#3088,#3089);
#2497=AXIS2_PLACEMENT_3D('',#3856,#3092,#3093);
#2498=AXIS2_PLACEMENT_3D('',#3866,#3099,#3100);
#2499=AXIS2_PLACEMENT_3D('',#3876,#3106,#3107);
#2500=AXIS2_PLACEMENT_3D('',#3879,#3109,#3110);
#2501=AXIS2_PLACEMENT_3D('',#3880,#3111,#3112);
#2502=AXIS2_PLACEMENT_3D('',#3881,#3113,#3114);
#2503=AXIS2_PLACEMENT_3D('',#3882,#3115,#3116);
#2504=AXIS2_PLACEMENT_3D('',#3884,#3117,#3118);
#2505=AXIS2_PLACEMENT_3D('',#3886,#3120,#3121);
#2506=AXIS2_PLACEMENT_3D('',#3890,#3123,#3124);
#2507=AXIS2_PLACEMENT_3D('',#3892,#3126,#3127);
#2508=AXIS2_PLACEMENT_3D('',#3894,#3129,#3130);
#2509=AXIS2_PLACEMENT_3D('',#3897,#3132,#3133);
#2510=AXIS2_PLACEMENT_3D('',#3898,#3134,#3135);
#2511=AXIS2_PLACEMENT_3D('',#3902,#3138,#3139);
#2512=AXIS2_PLACEMENT_3D('',#3904,#3140,#3141);
#2513=AXIS2_PLACEMENT_3D('',#3907,#3143,#3144);
#2514=AXIS2_PLACEMENT_3D('',#3908,#3145,#3146);
#2515=AXIS2_PLACEMENT_3D('',#3909,#3147,#3148);
#2516=AXIS2_PLACEMENT_3D('',#3911,#3149,#3150);
#2517=AXIS2_PLACEMENT_3D('',#3914,#3152,#3153);
#2518=AXIS2_PLACEMENT_3D('',#3915,#3154,#3155);
#2519=AXIS2_PLACEMENT_3D('',#3916,#3156,#3157);
#2520=AXIS2_PLACEMENT_3D('',#3918,#3158,#3159);
#2521=AXIS2_PLACEMENT_3D('',#3921,#3161,#3162);
#2522=AXIS2_PLACEMENT_3D('',#3922,#3163,#3164);
#2523=AXIS2_PLACEMENT_3D('',#3923,#3165,#3166);
#2524=AXIS2_PLACEMENT_3D('',#3925,#3167,#3168);
#2525=AXIS2_PLACEMENT_3D('',#3928,#3170,#3171);
#2526=AXIS2_PLACEMENT_3D('',#3929,#3172,#3173);
#2527=AXIS2_PLACEMENT_3D('',#3930,#3174,#3175);
#2528=AXIS2_PLACEMENT_3D('',#3931,#3176,#3177);
#2529=AXIS2_PLACEMENT_3D('',#3932,#3178,#3179);
#2530=AXIS2_PLACEMENT_3D('',#3933,#3180,#3181);
#2531=AXIS2_PLACEMENT_3D('',#3934,#3182,#3183);
#2532=AXIS2_PLACEMENT_3D('',#3935,#3184,#3185);
#2533=AXIS2_PLACEMENT_3D('',#3937,#3186,#3187);
#2534=AXIS2_PLACEMENT_3D('',#3939,#3189,#3190);
#2535=AXIS2_PLACEMENT_3D('',#3943,#3193,#3194);
#2536=AXIS2_PLACEMENT_3D('',#3944,#3195,#3196);
#2537=AXIS2_PLACEMENT_3D('',#3945,#3197,#3198);
#2538=AXIS2_PLACEMENT_3D('',#3946,#3199,#3200);
#2539=AXIS2_PLACEMENT_3D('',#3950,#3203,#3204);
#2540=AXIS2_PLACEMENT_3D('',#3952,#3206,#3207);
#2541=DIRECTION('axis',(0.,0.,1.));
#2542=DIRECTION('refdir',(1.,0.,0.));
#2543=DIRECTION('center_axis',(0.707106781186548,-0.707106781186547,0.));
#2544=DIRECTION('ref_axis',(0.,0.,1.));
#2545=DIRECTION('',(0.,0.,1.));
#2546=DIRECTION('',(-0.707106781186547,-0.707106781186548,0.));
#2547=DIRECTION('',(0.,0.,1.));
#2548=DIRECTION('',(-0.707106781186547,-0.707106781186548,0.));
#2549=DIRECTION('center_axis',(0.,0.,1.));
#2550=DIRECTION('ref_axis',(-0.707106781186548,0.707106781186547,0.));
#2551=DIRECTION('',(-0.707106781186548,0.707106781186547,0.));
#2552=DIRECTION('',(-0.707106781186547,-0.707106781186548,0.));
#2553=DIRECTION('',(-0.707106781186548,0.707106781186547,0.));
#2554=DIRECTION('',(-0.707106781186547,-0.707106781186548,0.));
#2555=DIRECTION('center_axis',(-0.853553390593273,-0.146446609406722,0.500000000000002));
#2556=DIRECTION('ref_axis',(0.505449465124425,0.,0.862856209461016));
#2557=DIRECTION('center_axis',(-0.853553390593273,-0.146446609406722,0.500000000000002));
#2558=DIRECTION('ref_axis',(-0.14644660940673,-0.853553390593275,-0.499999999999997));
#2559=DIRECTION('',(0.5,-0.500000000000001,0.707106781186547));
#2560=DIRECTION('center_axis',(-0.853553390593273,-0.146446609406722,0.500000000000002));
#2561=DIRECTION('ref_axis',(-0.14644660940673,-0.853553390593275,-0.499999999999997));
#2562=DIRECTION('',(0.5,-0.5,0.707106781186547));
#2563=DIRECTION('center_axis',(-0.707106781186548,-0.707106781186547,5.55111512312578E-17));
#2564=DIRECTION('ref_axis',(-0.5,0.5,-0.707106781186547));
#2565=DIRECTION('center_axis',(-0.707106781186548,-0.707106781186547,5.55111512312578E-17));
#2566=DIRECTION('ref_axis',(8.97195690676444E-16,-8.97195690676443E-16,
-1.));
#2567=DIRECTION('center_axis',(0.146446609406723,0.853553390593273,0.500000000000002));
#2568=DIRECTION('ref_axis',(0.959682982260669,0.,-0.281084637714814));
#2569=DIRECTION('center_axis',(0.146446609406723,0.853553390593273,0.500000000000002));
#2570=DIRECTION('ref_axis',(0.853553390593274,0.14644660940673,-0.499999999999999));
#2571=DIRECTION('center_axis',(0.146446609406723,0.853553390593273,0.500000000000002));
#2572=DIRECTION('ref_axis',(0.853553390593274,0.14644660940673,-0.499999999999999));
#2573=DIRECTION('',(-0.5,0.5,-0.707106781186547));
#2574=DIRECTION('center_axis',(0.707106781186548,0.707106781186547,-5.55111512312578E-17));
#2575=DIRECTION('ref_axis',(0.5,-0.5,0.707106781186547));
#2576=DIRECTION('center_axis',(0.707106781186548,0.707106781186547,-5.55111512312578E-17));
#2577=DIRECTION('ref_axis',(8.97195690676444E-16,-8.97195690676443E-16,
-1.));
#2578=DIRECTION('center_axis',(-0.146446609406778,-0.853553390593273,0.499999999999987));
#2579=DIRECTION('ref_axis',(0.959682982260638,0.,0.281084637714919));
#2580=DIRECTION('center_axis',(-0.146446609406778,-0.853553390593273,0.499999999999987));
#2581=DIRECTION('ref_axis',(-0.853553390593257,-0.146446609406692,-0.500000000000038));
#2582=DIRECTION('',(0.500000000000012,-0.500000000000012,-0.70710678118653));
#2583=DIRECTION('center_axis',(-0.146446609406778,-0.853553390593273,0.499999999999987));
#2584=DIRECTION('ref_axis',(-0.853553390593257,-0.146446609406692,-0.500000000000038));
#2585=DIRECTION('',(0.500000000000012,-0.500000000000012,-0.70710678118653));
#2586=DIRECTION('center_axis',(0.853553390593265,0.146446609406732,0.500000000000014));
#2587=DIRECTION('ref_axis',(0.505449465124438,0.,-0.862856209461008));
#2588=DIRECTION('center_axis',(0.853553390593265,0.146446609406732,0.500000000000014));
#2589=DIRECTION('ref_axis',(0.146446609406737,0.853553390593266,-0.500000000000011));
#2590=DIRECTION('',(-0.500000000000012,0.500000000000012,0.70710678118653));
#2591=DIRECTION('center_axis',(0.853553390593265,0.146446609406732,0.500000000000014));
#2592=DIRECTION('ref_axis',(0.146446609406737,0.853553390593266,-0.500000000000011));
#2593=DIRECTION('center_axis',(-0.853553390593275,-0.146446609406717,-0.500000000000001));
#2594=DIRECTION('ref_axis',(-0.505449465124424,0.,0.862856209461017));
#2595=DIRECTION('',(0.146446609406731,0.853553390593277,-0.499999999999993));
#2596=DIRECTION('center_axis',(-0.853553390593275,-0.146446609406717,-0.500000000000001));
#2597=DIRECTION('ref_axis',(-0.146446609406731,-0.853553390593277,0.499999999999993));
#2598=DIRECTION('',(-0.499999999999997,0.499999999999998,0.707106781186552));
#2599=DIRECTION('center_axis',(-0.853553390593275,-0.146446609406717,-0.500000000000001));
#2600=DIRECTION('ref_axis',(-0.146446609406731,-0.853553390593277,0.499999999999993));
#2601=DIRECTION('',(-0.499999999999997,0.499999999999998,0.707106781186551));
#2602=DIRECTION('center_axis',(-0.499999999999997,0.499999999999997,0.707106781186552));
#2603=DIRECTION('ref_axis',(-0.707106781186561,-0.707106781186533,-1.88402225943159E-14));
#2604=DIRECTION('',(0.853553390593275,0.146446609406718,0.5));
#2605=DIRECTION('',(0.707106781186547,0.707106781186548,0.));
#2606=DIRECTION('center_axis',(0.146446609406731,0.853553390593277,-0.499999999999994));
#2607=DIRECTION('ref_axis',(-0.959682982260664,0.,-0.281084637714831));
#2608=DIRECTION('center_axis',(0.146446609406731,0.853553390593277,-0.499999999999994));
#2609=DIRECTION('ref_axis',(0.853553390593274,0.146446609406718,0.500000000000001));
#2610=DIRECTION('',(0.499999999999997,-0.499999999999998,-0.707106781186552));
#2611=DIRECTION('center_axis',(0.146446609406731,0.853553390593277,-0.499999999999994));
#2612=DIRECTION('ref_axis',(0.853553390593274,0.146446609406718,0.500000000000001));
#2613=DIRECTION('center_axis',(-0.146446609406725,-0.853553390593271,-0.500000000000004));
#2614=DIRECTION('ref_axis',(-0.959682982260669,0.,0.281084637714816));
#2615=DIRECTION('center_axis',(-0.146446609406725,-0.853553390593271,-0.500000000000004));
#2616=DIRECTION('ref_axis',(-0.853553390593273,-0.146446609406731,0.500000000000001));
#2617=DIRECTION('',(-0.500000000000003,0.500000000000003,-0.707106781186544));
#2618=DIRECTION('center_axis',(-0.146446609406725,-0.853553390593271,-0.500000000000004));
#2619=DIRECTION('ref_axis',(-0.853553390593273,-0.146446609406731,0.500000000000001));
#2620=DIRECTION('',(-0.500000000000003,0.500000000000003,-0.707106781186544));
#2621=DIRECTION('center_axis',(0.853553390593274,0.146446609406739,-0.499999999999997));
#2622=DIRECTION('ref_axis',(-0.505449465124421,0.,-0.862856209461018));
#2623=DIRECTION('center_axis',(0.853553390593274,0.146446609406739,-0.499999999999997));
#2624=DIRECTION('ref_axis',(0.146446609406718,0.85355339059327,0.500000000000009));
#2625=DIRECTION('',(0.500000000000003,-0.500000000000003,0.707106781186544));
#2626=DIRECTION('center_axis',(0.853553390593274,0.146446609406739,-0.499999999999997));
#2627=DIRECTION('ref_axis',(0.146446609406718,0.85355339059327,0.500000000000009));
#2628=DIRECTION('center_axis',(-0.707106781186547,-0.707106781186548,2.77555756156289E-17));
#2629=DIRECTION('ref_axis',(0.500000000000003,-0.500000000000003,0.707106781186544));
#2630=DIRECTION('center_axis',(-0.707106781186547,-0.707106781186548,2.77555756156289E-17));
#2631=DIRECTION('ref_axis',(-8.97195690676444E-16,8.97195690676444E-16,
1.));
#2632=DIRECTION('center_axis',(0.707106781186547,0.707106781186548,-2.77555756156289E-17));
#2633=DIRECTION('ref_axis',(-0.5,0.5,-0.707106781186548));
#2634=DIRECTION('center_axis',(0.707106781186547,0.707106781186548,-2.77555756156289E-17));
#2635=DIRECTION('ref_axis',(-8.97195690676444E-16,8.97195690676444E-16,
1.));
#2636=DIRECTION('center_axis',(-0.707106781186548,-0.707106781186547,-1.11022302462516E-16));
#2637=DIRECTION('ref_axis',(0.499999999999999,-0.5,-0.707106781186548));
#2638=DIRECTION('center_axis',(-0.707106781186548,-0.707106781186547,-1.11022302462516E-16));
#2639=DIRECTION('ref_axis',(0.707106781186548,-0.707106781186547,1.26882631385732E-15));
#2640=DIRECTION('center_axis',(0.707106781186548,0.707106781186547,1.66533453693773E-16));
#2641=DIRECTION('ref_axis',(-0.499999999999997,0.499999999999998,0.707106781186552));
#2642=DIRECTION('center_axis',(0.707106781186548,0.707106781186547,1.66533453693773E-16));
#2643=DIRECTION('ref_axis',(0.707106781186548,-0.707106781186547,1.26882631385732E-15));
#2644=DIRECTION('center_axis',(0.707106781186547,0.707106781186548,-1.11022302462516E-16));
#2645=DIRECTION('ref_axis',(0.500000000000012,-0.500000000000012,-0.70710678118653));
#2646=DIRECTION('center_axis',(0.707106781186547,0.707106781186548,-1.11022302462516E-16));
#2647=DIRECTION('ref_axis',(-0.707106781186548,0.707106781186547,3.1720657846433E-16));
#2648=DIRECTION('center_axis',(-0.707106781186547,-0.707106781186548,1.11022302462516E-16));
#2649=DIRECTION('ref_axis',(-0.5,0.5,0.707106781186547));
#2650=DIRECTION('center_axis',(-0.707106781186547,-0.707106781186548,1.11022302462516E-16));
#2651=DIRECTION('ref_axis',(-0.707106781186548,0.707106781186547,3.1720657846433E-16));
#2652=DIRECTION('center_axis',(0.,0.,-1.));
#2653=DIRECTION('ref_axis',(0.707106781186548,-0.707106781186547,0.));
#2654=DIRECTION('',(0.707106781186548,-0.707106781186547,0.));
#2655=DIRECTION('',(-0.707106781186547,-0.707106781186548,0.));
#2656=DIRECTION('',(0.707106781186548,-0.707106781186547,0.));
#2657=DIRECTION('',(-0.707106781186547,-0.707106781186548,0.));
#2658=DIRECTION('center_axis',(-0.707106781186548,0.707106781186547,0.));
#2659=DIRECTION('ref_axis',(0.,0.,-1.));
#2660=DIRECTION('',(0.,0.,-1.));
#2661=DIRECTION('',(-0.707106781186547,-0.707106781186548,0.));
#2662=DIRECTION('',(0.,0.,-1.));
#2663=DIRECTION('',(-0.707106781186547,-0.707106781186548,0.));
#2664=DIRECTION('center_axis',(-0.707106781186547,-0.707106781186548,0.));
#2665=DIRECTION('ref_axis',(0.707106781186548,-0.707106781186547,0.));
#2666=DIRECTION('center_axis',(0.707106781186547,0.707106781186548,0.));
#2667=DIRECTION('ref_axis',(-0.500000000000003,0.499999999999997,-0.707106781186548));
#2668=DIRECTION('',(-0.707106781186548,0.707106781186547,0.));
#2669=DIRECTION('center_axis',(0.707106781186547,0.707106781186548,0.));
#2670=DIRECTION('ref_axis',(0.499999999999999,-0.500000000000001,-0.707106781186548));
#2671=DIRECTION('',(0.,0.,-1.));
#2672=DIRECTION('center_axis',(0.707106781186547,0.707106781186548,0.));
#2673=DIRECTION('ref_axis',(0.5,-0.500000000000001,0.707106781186547));
#2674=DIRECTION('',(0.707106781186548,-0.707106781186547,0.));
#2675=DIRECTION('center_axis',(0.707106781186547,0.707106781186548,0.));
#2676=DIRECTION('ref_axis',(-0.500000000000003,0.499999999999998,0.707106781186547));
#2677=DIRECTION('',(0.,0.,1.));
#2678=DIRECTION('center_axis',(-0.707106781186547,-0.707106781186548,0.));
#2679=DIRECTION('ref_axis',(0.5,-0.5,-0.707106781186548));
#2680=DIRECTION('center_axis',(-0.707106781186547,-0.707106781186548,0.));
#2681=DIRECTION('ref_axis',(-0.5,0.5,-0.707106781186547));
#2682=DIRECTION('center_axis',(-0.707106781186547,-0.707106781186548,0.));
#2683=DIRECTION('ref_axis',(-0.500000000000001,0.5,0.707106781186547));
#2684=DIRECTION('center_axis',(-0.707106781186547,-0.707106781186548,0.));
#2685=DIRECTION('ref_axis',(0.500000000000001,-0.5,0.707106781186547));
#2686=DIRECTION('center_axis',(-0.707106781186547,-0.707106781186548,0.));
#2687=DIRECTION('ref_axis',(0.707106781186548,-0.707106781186547,0.));
#2688=DIRECTION('',(-2.44041391778947E-31,2.44041391778947E-31,-1.));
#2689=DIRECTION('',(0.707106781186548,-0.707106781186547,0.));
#2690=DIRECTION('center_axis',(-0.707106781186547,-0.707106781186548,0.));
#2691=DIRECTION('ref_axis',(-0.707071064066133,0.707071064066125,0.0100509064657384));
#2692=DIRECTION('',(-9.74958097602106E-15,9.74958097602105E-15,-1.));
#2693=DIRECTION('',(0.707106781186548,-0.707106781186547,0.));
#2694=DIRECTION('',(0.5,-0.5,0.707106781186548));
#2695=DIRECTION('',(0.707106781186548,-0.707106781186547,-1.33226762955019E-14));
#2696=DIRECTION('',(0.500000000000001,-0.5,-0.707106781186547));
#2697=DIRECTION('',(0.707106781186548,-0.707106781186547,0.));
#2698=DIRECTION('',(9.65165521600807E-15,-9.65165521600806E-15,1.));
#2699=DIRECTION('center_axis',(-0.707106781186547,-0.707106781186548,0.));
#2700=DIRECTION('ref_axis',(0.00710706411898137,-0.00710706411897923,0.999949488363896));
#2701=DIRECTION('',(0.707106781186548,-0.707106781186547,0.));
#2702=DIRECTION('',(2.09345661157838E-15,-2.09345661157837E-15,1.));
#2703=DIRECTION('center_axis',(-0.707106781186547,-0.707106781186548,0.));
#2704=DIRECTION('ref_axis',(0.707106781186548,-0.707106781186547,0.));
#2705=DIRECTION('',(-0.707106781186548,0.707106781186547,0.));
#2706=DIRECTION('',(0.,0.,-1.));
#2707=DIRECTION('',(0.707106781186548,-0.707106781186547,-3.7007434154172E-16));
#2708=DIRECTION('center_axis',(-0.707106781186547,-0.707106781186548,0.));
#2709=DIRECTION('ref_axis',(0.707106781186548,-0.707106781186547,0.));
#2710=DIRECTION('',(0.707106781186548,-0.707106781186547,-3.7007434154172E-16));
#2711=DIRECTION('',(0.,0.,1.));
#2712=DIRECTION('',(-0.707106781186548,0.707106781186547,0.));
#2713=DIRECTION('center_axis',(-0.707106781186543,-0.707106781186552,0.));
#2714=DIRECTION('ref_axis',(-0.500000000000003,0.499999999999998,0.707106781186547));
#2715=DIRECTION('',(0.707106781186543,0.707106781186552,0.));
#2716=DIRECTION('center_axis',(-2.69937602364797E-15,-1.,0.));
#2717=DIRECTION('ref_axis',(-1.,2.63677968348477E-15,0.));
#2718=DIRECTION('',(-0.707106781186543,-0.707106781186552,0.));
#2719=DIRECTION('center_axis',(0.,0.,1.));
#2720=DIRECTION('ref_axis',(1.,0.,0.));
#2721=DIRECTION('',(-0.707106781186548,-0.707106781186547,0.));
#2722=DIRECTION('',(-6.06231460250545E-15,1.,0.));
#2723=DIRECTION('',(-0.707106781186548,0.707106781186547,0.));
#2724=DIRECTION('',(-1.,2.69937602364797E-15,0.));
#2725=DIRECTION('center_axis',(0.707106781186548,0.707106781186547,0.));
#2726=DIRECTION('ref_axis',(0.5,-0.500000000000001,0.707106781186547));
#2727=DIRECTION('',(0.707106781186548,0.707106781186547,0.));
#2728=DIRECTION('center_axis',(-1.,-6.06231460250545E-15,0.));
#2729=DIRECTION('ref_axis',(6.14092110495794E-15,-1.,-1.47196168001605E-16));
#2730=DIRECTION('center_axis',(0.707106781186547,-0.707106781186548,0.));
#2731=DIRECTION('ref_axis',(0.707106781186548,0.707106781186547,0.));
#2732=DIRECTION('',(-0.707106781186548,-0.707106781186547,0.));
#2733=DIRECTION('',(0.,0.,1.));
#2734=DIRECTION('center_axis',(-0.707106781186547,-0.707106781186548,0.));
#2735=DIRECTION('ref_axis',(0.707106781186548,-0.707106781186547,1.26882631385732E-15));
#2736=DIRECTION('center_axis',(0.707106781186547,0.707106781186548,2.81736037578933E-32));
#2737=DIRECTION('ref_axis',(0.707106781186548,-0.707106781186547,1.26882631385732E-15));
#2738=DIRECTION('',(-0.707106781186547,-0.707106781186548,0.));
#2739=DIRECTION('',(-0.707106781186547,-0.707106781186548,0.));
#2740=DIRECTION('center_axis',(0.707106781186547,0.707106781186548,2.81736037578933E-32));
#2741=DIRECTION('ref_axis',(3.98434925353383E-32,0.,-1.));
#2742=DIRECTION('center_axis',(-0.707106781186547,-0.707106781186548,-2.81736037578933E-32));
#2743=DIRECTION('ref_axis',(0.707106781186548,-0.707106781186547,-2.22044604925031E-15));
#2744=DIRECTION('',(-0.707106781186548,0.707106781186547,0.));
#2745=DIRECTION('',(2.09345661157838E-15,-2.09345661157837E-15,1.));
#2746=DIRECTION('center_axis',(-0.707106781186547,-0.707106781186548,0.));
#2747=DIRECTION('ref_axis',(0.707106781186548,-0.707106781186547,0.));
#2748=DIRECTION('',(-1.04672830578919E-15,1.04672830578919E-15,1.));
#2749=DIRECTION('',(-0.707106781186548,0.707106781186547,0.));
#2750=DIRECTION('center_axis',(-0.707106781186547,-0.707106781186548,0.));
#2751=DIRECTION('ref_axis',(0.707106781186551,-0.707106781186544,-1.42845147856237E-14));
#2752=DIRECTION('',(9.65165521600807E-15,-9.65165521600806E-15,1.));
#2753=DIRECTION('',(-0.707106781186548,0.707106781186547,-5.91645678915759E-30));
#2754=DIRECTION('',(-0.5,0.5,-0.707106781186548));
#2755=DIRECTION('',(-0.707106781186548,0.707106781186547,1.40628249785853E-14));
#2756=DIRECTION('',(-0.5,0.5,0.707106781186547));
#2757=DIRECTION('',(-0.707106781186548,0.707106781186547,-5.91645678915759E-30));
#2758=DIRECTION('',(-9.74958097602106E-15,9.74958097602105E-15,-1.));
#2759=DIRECTION('center_axis',(-0.707106781186547,-0.707106781186548,0.));
#2760=DIRECTION('ref_axis',(-5.89999130685163E-15,3.83408017700452E-15,
-1.));
#2761=DIRECTION('',(-0.707106781186548,0.707106781186547,0.));
#2762=DIRECTION('',(-2.09178335810526E-31,2.09178335810526E-31,-1.));
#2763=DIRECTION('center_axis',(-0.707106781186547,-0.707106781186548,0.));
#2764=DIRECTION('ref_axis',(-0.707106781186548,0.707106781186547,3.1720657846433E-16));
#2765=DIRECTION('center_axis',(0.707106781186547,0.707106781186548,2.81736037578933E-32));
#2766=DIRECTION('ref_axis',(-0.707106781186548,0.707106781186547,3.1720657846433E-16));
#2767=DIRECTION('',(-0.707106781186547,-0.707106781186548,0.));
#2768=DIRECTION('',(-0.707106781186547,-0.707106781186548,0.));
#2769=DIRECTION('center_axis',(0.707106781186547,0.707106781186548,2.81736037578933E-32));
#2770=DIRECTION('ref_axis',(3.98434925353383E-32,0.,-1.));
#2771=DIRECTION('center_axis',(-0.707106781186547,-0.707106781186548,-2.81736037578933E-32));
#2772=DIRECTION('ref_axis',(-0.707106781186548,0.707106781186547,0.));
#2773=DIRECTION('',(0.707106781186548,-0.707106781186547,-3.7007434154172E-16));
#2774=DIRECTION('',(-1.89256589542857E-31,2.29100082078195E-31,-1.));
#2775=DIRECTION('center_axis',(-0.707106781186548,-0.707106781186548,0.));
#2776=DIRECTION('ref_axis',(-8.97195690676444E-16,8.97195690676444E-16,
1.));
#2777=DIRECTION('center_axis',(0.707106781186547,0.707106781186548,2.81736037578933E-32));
#2778=DIRECTION('ref_axis',(-8.97195690676444E-16,8.97195690676444E-16,
1.));
#2779=DIRECTION('',(-0.707106781186548,-0.707106781186548,0.));
#2780=DIRECTION('',(-0.707106781186548,-0.707106781186548,0.));
#2781=DIRECTION('center_axis',(0.707106781186547,0.707106781186548,2.81736037578933E-32));
#2782=DIRECTION('ref_axis',(3.98434925353383E-32,0.,-1.));
#2783=DIRECTION('',(-2.24119645511278E-31,2.63963138046616E-31,-1.));
#2784=DIRECTION('',(-0.707106781186548,0.707106781186547,0.));
#2785=DIRECTION('center_axis',(-0.707106781186547,-0.707106781186548,-2.81736037578933E-32));
#2786=DIRECTION('ref_axis',(7.85046229341889E-16,-7.85046229341889E-16,
1.));
#2787=DIRECTION('center_axis',(-0.707106781186547,-0.707106781186548,0.));
#2788=DIRECTION('ref_axis',(8.97195690676444E-16,-8.97195690676443E-16,
-1.));
#2789=DIRECTION('center_axis',(0.707106781186547,0.707106781186548,2.81736037578933E-32));
#2790=DIRECTION('ref_axis',(8.97195690676444E-16,-8.97195690676443E-16,
-1.));
#2791=DIRECTION('',(-0.707106781186547,-0.707106781186548,0.));
#2792=DIRECTION('',(-0.707106781186547,-0.707106781186548,0.));
#2793=DIRECTION('center_axis',(0.707106781186547,0.707106781186548,2.81736037578933E-32));
#2794=DIRECTION('ref_axis',(3.98434925353383E-32,0.,-1.));
#2795=DIRECTION('center_axis',(-0.707106781186547,-0.707106781186548,-2.81736037578933E-32));
#2796=DIRECTION('ref_axis',(0.,0.,-1.));
#2797=DIRECTION('',(-1.04672830578919E-15,1.04672830578919E-15,1.));
#2798=DIRECTION('',(0.707106781186548,-0.707106781186547,-3.7007434154172E-16));
#2799=DIRECTION('center_axis',(0.,0.,-1.));
#2800=DIRECTION('ref_axis',(-0.707106781186548,0.707106781186547,0.));
#2801=DIRECTION('',(-0.707106781186543,-0.707106781186552,0.));
#2802=DIRECTION('',(-1.,2.69937602364797E-15,0.));
#2803=DIRECTION('',(-0.707106781186548,-0.707106781186548,0.));
#2804=DIRECTION('center_axis',(0.707106781186548,-0.707106781186547,-1.4791141972894E-31));
#2805=DIRECTION('ref_axis',(5.23364152894592E-16,5.23364152894592E-16,-1.));
#2806=DIRECTION('',(0.707106781186543,0.707106781186552,0.));
#2807=DIRECTION('',(-0.707106781186548,-0.707106781186548,0.));
#2808=DIRECTION('',(-2.09178335810525E-31,5.64650984353517E-46,-1.));
#2809=DIRECTION('center_axis',(0.707106781186547,0.707106781186548,0.));
#2810=DIRECTION('ref_axis',(7.85046229341889E-16,-7.85046229341888E-16,
1.));
#2811=DIRECTION('center_axis',(-2.69937602364797E-15,-1.,0.));
#2812=DIRECTION('ref_axis',(1.,-2.74766180269662E-15,-7.85046229341891E-16));
#2813=DIRECTION('center_axis',(0.707106781186547,0.707106781186548,0.));
#2814=DIRECTION('ref_axis',(-0.707106781186548,0.707106781186547,0.));
#2815=DIRECTION('center_axis',(2.69937602364797E-15,1.,0.));
#2816=DIRECTION('ref_axis',(1.,-2.71878237152407E-15,1.00385810640889E-14));
#2817=DIRECTION('center_axis',(-0.707106781186547,-0.707106781186548,0.));
#2818=DIRECTION('ref_axis',(-0.707106781186548,0.707106781186547,0.));
#2819=DIRECTION('center_axis',(-0.707106781186547,-0.707106781186548,0.));
#2820=DIRECTION('ref_axis',(-0.707106781186548,0.707106781186547,0.));
#2821=DIRECTION('center_axis',(2.69937602364797E-15,1.,0.));
#2822=DIRECTION('ref_axis',(1.,-2.71878237152407E-15,1.00385810640889E-14));
#2823=DIRECTION('center_axis',(2.69937602364797E-15,1.,0.));
#2824=DIRECTION('ref_axis',(-1.,2.69937602364797E-15,0.));
#2825=DIRECTION('',(0.,0.,-1.));
#2826=DIRECTION('',(1.,-2.69937602364797E-15,-2.61682076447297E-16));
#2827=DIRECTION('center_axis',(-2.69937602364797E-15,-1.,0.));
#2828=DIRECTION('ref_axis',(-1.,2.64953102402888E-15,0.));
#2829=DIRECTION('center_axis',(2.69937602364797E-15,1.,0.));
#2830=DIRECTION('ref_axis',(-1.,2.71878237152406E-15,3.34619368802962E-15));
#2831=DIRECTION('',(0.,0.,-1.));
#2832=DIRECTION('center_axis',(2.69937602364797E-15,1.,0.));
#2833=DIRECTION('ref_axis',(-1.,2.69937602364797E-15,0.));
#2834=DIRECTION('',(-1.,2.69937602364797E-15,0.));
#2835=DIRECTION('center_axis',(-0.707106781186548,0.707106781186547,2.96059473233376E-15));
#2836=DIRECTION('ref_axis',(2.09345661157838E-15,-2.09345661157837E-15,
1.));
#2837=DIRECTION('',(-0.707106781186548,-0.707106781186547,0.));
#2838=DIRECTION('',(2.53823851721662E-29,-4.18691322315672E-15,1.));
#2839=DIRECTION('',(-0.707106781186547,-0.707106781186548,0.));
#2840=DIRECTION('center_axis',(0.707106781186547,0.707106781186548,0.));
#2841=DIRECTION('ref_axis',(0.707106781186548,-0.707106781186547,-2.22044604925031E-15));
#2842=DIRECTION('center_axis',(-1.,-6.06231460250545E-15,0.));
#2843=DIRECTION('ref_axis',(6.08410827739966E-15,-1.,-1.57009245868378E-15));
#2844=DIRECTION('',(-0.707106781186547,-0.707106781186548,0.));
#2845=DIRECTION('center_axis',(0.,0.,-1.));
#2846=DIRECTION('ref_axis',(-0.707106781186548,0.707106781186547,0.));
#2847=DIRECTION('',(0.707106781186548,0.707106781186547,0.));
#2848=DIRECTION('',(-6.06231460250545E-15,1.,0.));
#2849=DIRECTION('center_axis',(1.,6.06231460250545E-15,0.));
#2850=DIRECTION('ref_axis',(-6.06231460250545E-15,1.,0.));
#2851=DIRECTION('',(6.06231460250545E-15,-1.,0.));
#2852=DIRECTION('center_axis',(-1.,-6.06231460250545E-15,0.));
#2853=DIRECTION('ref_axis',(6.06497605955373E-15,-1.,1.67309684401482E-15));
#2854=DIRECTION('center_axis',(1.,6.06231460250545E-15,0.));
#2855=DIRECTION('ref_axis',(-6.06231460250545E-15,1.,0.));
#2856=DIRECTION('center_axis',(-1.,-6.06231460250545E-15,0.));
#2857=DIRECTION('ref_axis',(6.06497605955373E-15,-1.,1.67309684401482E-15));
#2858=DIRECTION('',(0.,0.,1.));
#2859=DIRECTION('center_axis',(-1.,-6.06231460250545E-15,0.));
#2860=DIRECTION('ref_axis',(6.06497605955373E-15,-1.,7.31979869256485E-16));
#2861=DIRECTION('center_axis',(-1.,-6.06231460250545E-15,0.));
#2862=DIRECTION('ref_axis',(-6.08410827739966E-15,1.,0.));
#2863=DIRECTION('',(6.06231460250545E-15,-1.,-2.61682076447298E-16));
#2864=DIRECTION('',(0.,0.,1.));
#2865=DIRECTION('center_axis',(0.707106781186547,0.707106781186548,0.));
#2866=DIRECTION('ref_axis',(0.642947151495663,-0.642947151495662,-0.416218597334655));
#2867=DIRECTION('center_axis',(-0.707106781186547,-0.707106781186548,0.));
#2868=DIRECTION('ref_axis',(-0.707106781186548,0.707106781186547,0.));
#2869=DIRECTION('center_axis',(-0.707106781186547,-0.707106781186548,0.));
#2870=DIRECTION('ref_axis',(-0.707106781186548,0.707106781186547,0.));
#2871=DIRECTION('center_axis',(2.61682076447296E-16,-2.61682076447296E-16,
1.));
#2872=DIRECTION('ref_axis',(0.707106781186548,-0.707106781186547,-3.7007434154172E-16));
#2873=DIRECTION('',(-0.707106781186548,-0.707106781186547,0.));
#2874=DIRECTION('',(0.707106781186547,0.707106781186548,0.));
#2875=DIRECTION('center_axis',(0.707106781186547,0.707106781186548,0.));
#2876=DIRECTION('ref_axis',(0.,0.,-1.));
#2877=DIRECTION('',(-0.707106781186547,-0.707106781186548,0.));
#2878=DIRECTION('center_axis',(-0.707106781186548,0.707106781186547,-1.48029736616688E-15));
#2879=DIRECTION('ref_axis',(-1.04672830578919E-15,1.04672830578919E-15,
1.));
#2880=DIRECTION('',(0.707106781186548,0.707106781186547,0.));
#2881=DIRECTION('',(-1.26911925860831E-29,2.09345661157837E-15,1.));
#2882=DIRECTION('center_axis',(1.,6.06231460250545E-15,0.));
#2883=DIRECTION('ref_axis',(-6.06231460250545E-15,1.,0.));
#2884=DIRECTION('center_axis',(-1.,-6.06231460250545E-15,0.));
#2885=DIRECTION('ref_axis',(6.06497605955373E-15,-1.,7.31979869256485E-16));
#2886=DIRECTION('',(6.06231460250545E-15,-1.,0.));
#2887=DIRECTION('center_axis',(0.707106781186548,-0.707106781186547,9.86076131526265E-32));
#2888=DIRECTION('ref_axis',(-5.23364152894591E-16,-5.23364152894592E-16,
-1.));
#2889=DIRECTION('',(-0.707106781186543,-0.707106781186552,0.));
#2890=DIRECTION('',(1.39452223873684E-31,-3.76433989569011E-46,-1.));
#2891=DIRECTION('',(0.707106781186547,0.707106781186548,0.));
#2892=DIRECTION('center_axis',(0.707106781186547,0.707106781186548,0.));
#2893=DIRECTION('ref_axis',(-0.707106781186548,0.707106781186547,0.));
#2894=DIRECTION('',(-0.707106781186547,-0.707106781186548,0.));
#2895=DIRECTION('center_axis',(2.61682076447297E-16,-2.61682076447297E-16,
1.));
#2896=DIRECTION('ref_axis',(0.707106781186548,-0.707106781186547,-3.7007434154172E-16));
#2897=DIRECTION('',(0.707106781186543,0.707106781186552,0.));
#2898=DIRECTION('center_axis',(2.69937602364797E-15,1.,0.));
#2899=DIRECTION('ref_axis',(-1.,2.69937602364797E-15,0.));
#2900=DIRECTION('',(1.,-2.69937602364797E-15,0.));
#2901=DIRECTION('center_axis',(2.69937602364797E-15,1.,0.));
#2902=DIRECTION('ref_axis',(-1.,2.71878237152406E-15,3.34619368802962E-15));
#2903=DIRECTION('center_axis',(0.707106781186547,0.707106781186548,0.));
#2904=DIRECTION('ref_axis',(-0.707106781186548,0.707106781186547,0.));
#2905=DIRECTION('center_axis',(-0.707106781186547,-0.707106781186548,0.));
#2906=DIRECTION('ref_axis',(-0.707106781186548,0.707106781186547,0.));
#2907=DIRECTION('center_axis',(-0.707106781186547,-0.707106781186548,0.));
#2908=DIRECTION('ref_axis',(-0.707106781186548,0.707106781186547,0.));
#2909=DIRECTION('center_axis',(0.475651494154491,0.475651494154497,0.739940073395944));
#2910=DIRECTION('ref_axis',(0.523216643569934,0.523216643569953,-0.672672793996312));
#2911=DIRECTION('',(-0.523216643569934,-0.523216643569953,0.672672793996312));
#2912=DIRECTION('',(-0.707106781186552,0.707106781186543,0.));
#2913=DIRECTION('',(0.523216643569934,0.523216643569953,-0.672672793996312));
#2914=DIRECTION('',(-0.707106781186552,0.707106781186543,0.));
#2915=DIRECTION('center_axis',(0.,0.,1.));
#2916=DIRECTION('ref_axis',(0.707106781186544,0.707106781186552,0.));
#2917=DIRECTION('',(-0.707106781186544,-0.707106781186552,0.));
#2918=DIRECTION('',(0.707106781186547,0.707106781186548,0.));
#2919=DIRECTION('center_axis',(0.707106781186543,0.707106781186552,1.13869028166685E-15));
#2920=DIRECTION('ref_axis',(-8.84647959617027E-15,1.04568308358459E-14,
-1.));
#2921=DIRECTION('',(8.94440535618327E-15,-1.05547565958589E-14,1.));
#2922=DIRECTION('',(-0.707106781186552,0.707106781186543,0.));
#2923=DIRECTION('',(-8.94440535618327E-15,1.05547565958589E-14,-1.));
#2924=DIRECTION('center_axis',(0.707106781186543,0.707106781186552,1.13869028166685E-15));
#2925=DIRECTION('ref_axis',(-8.84647959617027E-15,1.04568308358459E-14,
-1.));
#2926=DIRECTION('',(-8.84647959617027E-15,1.04568308358459E-14,-1.));
#2927=DIRECTION('',(-0.707106781186552,0.707106781186543,0.));
#2928=DIRECTION('',(8.84647959617027E-15,-1.04568308358459E-14,1.));
#2929=DIRECTION('',(-0.707106781186552,0.707106781186543,0.));
#2930=DIRECTION('center_axis',(0.475651494154491,0.475651494154496,-0.739940073395945));
#2931=DIRECTION('ref_axis',(-0.523216643569948,-0.523216643569941,-0.672672793996311));
#2932=DIRECTION('',(0.523216643569948,0.523216643569941,0.672672793996311));
#2933=DIRECTION('',(-0.707106781186552,0.707106781186543,0.));
#2934=DIRECTION('',(-0.523216643569948,-0.523216643569941,-0.672672793996311));
#2935=DIRECTION('center_axis',(0.475651494154491,0.475651494154496,-0.739940073395945));
#2936=DIRECTION('ref_axis',(-0.523216643569948,-0.523216643569941,-0.672672793996311));
#2937=DIRECTION('',(-0.523216643569948,-0.523216643569941,-0.672672793996311));
#2938=DIRECTION('',(0.523216643569948,0.523216643569941,0.672672793996311));
#2939=DIRECTION('',(-0.707106781186552,0.707106781186543,0.));
#2940=DIRECTION('center_axis',(-7.85046229341889E-16,-7.85046229341898E-16,
-1.));
#2941=DIRECTION('ref_axis',(-0.707106781186544,-0.707106781186552,1.11022302462517E-15));
#2942=DIRECTION('',(0.707106781186544,0.707106781186552,-1.11022302462517E-15));
#2943=DIRECTION('',(0.707106781186547,0.707106781186548,0.));
#2944=DIRECTION('center_axis',(-7.85046229341889E-16,-7.85046229341898E-16,
-1.));
#2945=DIRECTION('ref_axis',(-0.707106781186544,-0.707106781186552,1.11022302462517E-15));
#2946=DIRECTION('',(-0.707106781186544,-0.707106781186552,1.11022302462517E-15));
#2947=DIRECTION('',(0.707106781186547,0.707106781186548,0.));
#2948=DIRECTION('center_axis',(0.475651494154491,0.475651494154497,0.739940073395944));
#2949=DIRECTION('ref_axis',(0.523216643569934,0.523216643569953,-0.672672793996312));
#2950=DIRECTION('',(0.523216643569934,0.523216643569953,-0.672672793996312));
#2951=DIRECTION('',(-0.707106781186552,0.707106781186543,0.));
#2952=DIRECTION('',(-0.523216643569934,-0.523216643569953,0.672672793996312));
#2953=DIRECTION('center_axis',(0.,0.,1.));
#2954=DIRECTION('ref_axis',(0.707106781186544,0.707106781186552,0.));
#2955=DIRECTION('',(0.707106781186544,0.707106781186552,0.));
#2956=DIRECTION('',(0.707106781186547,0.707106781186548,0.));
#2957=DIRECTION('center_axis',(0.707106781186552,-0.707106781186544,-1.36495017058276E-14));
#2958=DIRECTION('ref_axis',(1.0664010511855E-14,-8.63929992016111E-15,1.));
#2959=DIRECTION('',(-0.707106781186544,-0.707106781186552,1.46081976924362E-15));
#2960=DIRECTION('',(-9.65165521600806E-15,9.65165521600806E-15,-1.));
#2961=DIRECTION('',(9.65165521600806E-15,-9.65165521600806E-15,1.));
#2962=DIRECTION('',(-9.65165521600806E-15,9.65165521600806E-15,-1.));
#2963=DIRECTION('',(-0.707106781186544,-0.707106781186552,1.46081976924362E-15));
#2964=DIRECTION('center_axis',(-0.707106781186552,0.707106781186544,1.37879896437437E-14));
#2965=DIRECTION('ref_axis',(-1.07868744986199E-14,8.71228745342225E-15,
-1.));
#2966=DIRECTION('',(-9.74958097602106E-15,9.74958097602105E-15,-1.));
#2967=DIRECTION('',(-0.707106781186544,-0.707106781186552,1.46081976924362E-15));
#2968=DIRECTION('',(-9.74958097602106E-15,9.74958097602106E-15,-1.));
#2969=DIRECTION('',(-0.707106781186544,-0.707106781186552,1.46081976924362E-15));
#2970=DIRECTION('',(-9.74958097602106E-15,9.74958097602105E-15,-1.));
#2971=DIRECTION('center_axis',(0.707106781186547,0.707106781186548,0.));
#2972=DIRECTION('ref_axis',(-0.707106781186548,0.707106781186547,0.));
#2973=DIRECTION('',(-9.74958097602106E-15,9.74958097602106E-15,-1.));
#2974=DIRECTION('center_axis',(0.707106781186547,0.707106781186548,0.));
#2975=DIRECTION('ref_axis',(-0.707106781186548,0.707106781186547,0.));
#2976=DIRECTION('center_axis',(-0.707106781186547,-0.707106781186548,0.));
#2977=DIRECTION('ref_axis',(-5.89999130685163E-15,3.83408017700452E-15,
-1.));
#2978=DIRECTION('center_axis',(-0.707106781186547,-0.707106781186548,0.));
#2979=DIRECTION('ref_axis',(-0.707106781186548,0.707106781186547,0.));
#2980=DIRECTION('',(0.707106781186548,-0.707106781186547,0.));
#2981=DIRECTION('center_axis',(0.707106781186547,0.707106781186548,0.));
#2982=DIRECTION('ref_axis',(-0.707106781186548,0.707106781186547,0.));
#2983=DIRECTION('center_axis',(-0.707106781186547,-0.707106781186548,0.));
#2984=DIRECTION('ref_axis',(-0.707106781186548,0.707106781186547,0.));
#2985=DIRECTION('center_axis',(0.707106781186547,0.707106781186548,0.));
#2986=DIRECTION('ref_axis',(-0.707106781186548,0.707106781186547,0.));
#2987=DIRECTION('',(-0.707106781186548,0.707106781186547,0.));
#2988=DIRECTION('center_axis',(-0.707106781186547,-0.707106781186548,0.));
#2989=DIRECTION('ref_axis',(-5.89999130685163E-15,3.83408017700452E-15,
-1.));
#2990=DIRECTION('',(-9.74958097602106E-15,9.74958097602106E-15,-1.));
#2991=DIRECTION('center_axis',(0.707106781186547,0.707106781186548,0.));
#2992=DIRECTION('ref_axis',(-0.707106781186548,0.707106781186547,0.));
#2993=DIRECTION('',(-0.707106781186548,0.707106781186547,0.));
#2994=DIRECTION('center_axis',(-0.707106781186547,-0.707106781186548,0.));
#2995=DIRECTION('ref_axis',(-0.707106781186548,0.707106781186547,0.));
#2996=DIRECTION('center_axis',(-0.707106781186547,-0.707106781186548,0.));
#2997=DIRECTION('ref_axis',(-0.707071064066133,0.707071064066125,0.0100509064657384));
#2998=DIRECTION('center_axis',(0.707106781186547,0.707106781186548,0.));
#2999=DIRECTION('ref_axis',(-0.707106781186548,0.707106781186547,0.));
#3000=DIRECTION('center_axis',(-0.707106781186547,-0.707106781186548,0.));
#3001=DIRECTION('ref_axis',(-0.707106781186548,0.707106781186547,0.));
#3002=DIRECTION('center_axis',(0.707106781186547,0.707106781186548,0.));
#3003=DIRECTION('ref_axis',(-0.707106781186548,0.707106781186547,0.));
#3004=DIRECTION('center_axis',(-0.707106781186547,-0.707106781186548,0.));
#3005=DIRECTION('ref_axis',(-0.707071064066133,0.707071064066125,0.0100509064657384));
#3006=DIRECTION('',(-0.707106781186548,0.707106781186547,0.));
#3007=DIRECTION('',(-9.74958097602106E-15,9.74958097602106E-15,-1.));
#3008=DIRECTION('center_axis',(-0.707106781186552,0.707106781186544,1.37879896437437E-14));
#3009=DIRECTION('ref_axis',(-1.07868744986199E-14,8.71228745342225E-15,
-1.));
#3010=DIRECTION('',(0.707106781186544,0.707106781186552,-1.46081976924362E-15));
#3011=DIRECTION('',(-0.707106781186544,-0.707106781186552,1.46081976924362E-15));
#3012=DIRECTION('center_axis',(-0.707106781186544,-0.707106781186552,1.46081976924362E-15));
#3013=DIRECTION('ref_axis',(-5.89999130685163E-15,3.83408017700452E-15,
-1.));
#3014=DIRECTION('',(0.707106781186544,0.707106781186552,-1.46081976924362E-15));
#3015=DIRECTION('center_axis',(0.,0.,1.));
#3016=DIRECTION('ref_axis',(1.,0.,0.));
#3017=DIRECTION('center_axis',(-0.707106781186552,0.707106781186543,0.));
#3018=DIRECTION('ref_axis',(-0.707106781186543,-0.707106781186552,0.));
#3019=DIRECTION('center_axis',(0.,0.,1.));
#3020=DIRECTION('ref_axis',(1.,0.,0.));
#3021=DIRECTION('',(0.707106781186544,0.707106781186552,-1.46081976924362E-15));
#3022=DIRECTION('center_axis',(-0.707106781186544,-0.707106781186552,1.46081976924362E-15));
#3023=DIRECTION('ref_axis',(-0.707071064066133,0.707071064066125,0.0100509064657384));
#3024=DIRECTION('center_axis',(0.,0.,1.));
#3025=DIRECTION('ref_axis',(1.,0.,0.));
#3026=DIRECTION('',(-0.707106781186544,-0.707106781186552,1.46081976924362E-15));
#3027=DIRECTION('',(-0.707106781186548,0.707106781186547,0.));
#3028=DIRECTION('',(0.707106781186548,-0.707106781186547,0.));
#3029=DIRECTION('center_axis',(-0.707106781186544,-0.707106781186552,1.46081976924362E-15));
#3030=DIRECTION('ref_axis',(0.707106781186551,-0.707106781186544,-1.42845147856237E-14));
#3031=DIRECTION('center_axis',(-0.707106781186547,-0.707106781186548,0.));
#3032=DIRECTION('ref_axis',(0.707106781186551,-0.707106781186544,-1.42845147856237E-14));
#3033=DIRECTION('center_axis',(-0.707106781186547,-0.707106781186548,0.));
#3034=DIRECTION('ref_axis',(0.707106781186551,-0.707106781186544,-1.42845147856237E-14));
#3035=DIRECTION('center_axis',(0.707106781186547,0.707106781186548,0.));
#3036=DIRECTION('ref_axis',(-0.707106781186548,0.707106781186547,0.));
#3037=DIRECTION('center_axis',(-0.707106781186547,-0.707106781186548,0.));
#3038=DIRECTION('ref_axis',(-0.707106781186548,0.707106781186547,0.));
#3039=DIRECTION('center_axis',(-0.707106781186547,-0.707106781186548,0.));
#3040=DIRECTION('ref_axis',(-0.707106781186548,0.707106781186547,0.));
#3041=DIRECTION('center_axis',(0.707106781186547,0.707106781186548,0.));
#3042=DIRECTION('ref_axis',(0.642947151495634,-0.642947151495633,0.416218597334744));
#3043=DIRECTION('center_axis',(-0.707106781186547,-0.707106781186548,0.));
#3044=DIRECTION('ref_axis',(-0.707106781186548,0.707106781186547,0.));
#3045=DIRECTION('center_axis',(-0.707106781186547,-0.707106781186548,0.));
#3046=DIRECTION('ref_axis',(-0.707106781186548,0.707106781186547,0.));
#3047=DIRECTION('center_axis',(-0.707106781186544,-0.707106781186552,1.46081976924362E-15));
#3048=DIRECTION('ref_axis',(0.00710706411898137,-0.00710706411897923,0.999949488363896));
#3049=DIRECTION('center_axis',(-0.707106781186547,-0.707106781186548,0.));
#3050=DIRECTION('ref_axis',(0.00710706411898137,-0.00710706411897923,0.999949488363896));
#3051=DIRECTION('center_axis',(-0.707106781186547,-0.707106781186548,0.));
#3052=DIRECTION('ref_axis',(0.00710706411898137,-0.00710706411897923,0.999949488363896));
#3053=DIRECTION('',(-0.707106781186544,-0.707106781186552,1.46081976924362E-15));
#3054=DIRECTION('center_axis',(0.707106781186547,0.707106781186548,0.));
#3055=DIRECTION('ref_axis',(-0.707106781186548,0.707106781186547,0.));
#3056=DIRECTION('center_axis',(-0.707106781186547,-0.707106781186548,0.));
#3057=DIRECTION('ref_axis',(-0.707106781186548,0.707106781186547,0.));
#3058=DIRECTION('center_axis',(-0.707106781186547,-0.707106781186548,0.));
#3059=DIRECTION('ref_axis',(-0.707106781186548,0.707106781186547,0.));
#3060=DIRECTION('center_axis',(0.,0.,1.));
#3061=DIRECTION('ref_axis',(1.,0.,0.));
#3062=DIRECTION('',(-0.707106781186548,0.707106781186547,0.));
#3063=DIRECTION('',(-0.707106781186548,0.707106781186547,0.));
#3064=DIRECTION('center_axis',(0.707106781186547,0.707106781186548,0.));
#3065=DIRECTION('ref_axis',(-0.707106781186548,0.707106781186547,0.));
#3066=DIRECTION('center_axis',(0.707106781186547,0.707106781186548,0.));
#3067=DIRECTION('ref_axis',(-0.707106781186548,0.707106781186547,0.));
#3068=DIRECTION('center_axis',(0.707106781186547,0.707106781186548,0.));
#3069=DIRECTION('ref_axis',(-0.707106781186548,0.707106781186547,0.));
#3070=DIRECTION('center_axis',(0.707106781186547,0.707106781186548,0.));
#3071=DIRECTION('ref_axis',(-0.707106781186548,0.707106781186547,0.));
#3072=DIRECTION('center_axis',(0.707106781186547,-0.707106781186548,0.));
#3073=DIRECTION('ref_axis',(0.707106781186548,0.707106781186547,0.));
#3074=DIRECTION('center_axis',(0.707106781186547,0.707106781186548,0.));
#3075=DIRECTION('ref_axis',(-0.707106781186548,0.707106781186547,0.));
#3076=DIRECTION('center_axis',(0.5,-0.5,-0.707106781186547));
#3077=DIRECTION('ref_axis',(-0.5,0.5,-0.707106781186547));
#3078=DIRECTION('',(0.5,-0.5,0.707106781186548));
#3079=DIRECTION('',(0.707106781186547,0.707106781186548,0.));
#3080=DIRECTION('center_axis',(0.5,-0.499999999999999,0.707106781186548));
#3081=DIRECTION('ref_axis',(0.500000000000001,-0.5,-0.707106781186547));
#3082=DIRECTION('',(-0.500000000000001,0.5,0.707106781186547));
#3083=DIRECTION('',(0.707106781186547,0.707106781186548,0.));
#3084=DIRECTION('center_axis',(-0.5,0.5,-0.707106781186548));
#3085=DIRECTION('ref_axis',(-0.5,0.5,0.707106781186547));
#3086=DIRECTION('',(0.5,-0.5,-0.707106781186547));
#3087=DIRECTION('',(0.707106781186547,0.707106781186548,0.));
#3088=DIRECTION('center_axis',(-0.5,0.5,0.707106781186547));
#3089=DIRECTION('ref_axis',(0.5,-0.5,0.707106781186548));
#3090=DIRECTION('',(-0.5,0.5,-0.707106781186548));
#3091=DIRECTION('',(0.707106781186547,0.707106781186548,0.));
#3092=DIRECTION('center_axis',(-1.08462956538163E-14,8.78038452396908E-15,
-1.));
#3093=DIRECTION('ref_axis',(0.707106781186551,-0.707106781186544,-1.38781586458916E-14));
#3094=DIRECTION('',(0.707106781186548,-0.707106781186547,-1.38781586458916E-14));
#3095=DIRECTION('',(-0.707106781186544,-0.707106781186552,1.46081976924362E-15));
#3096=DIRECTION('',(0.707106781186548,-0.707106781186547,-1.38781586458916E-14));
#3097=DIRECTION('',(-0.707106781186544,-0.707106781186552,1.46081976924362E-15));
#3098=DIRECTION('',(0.707106781186548,-0.707106781186547,-1.38781586458916E-14));
#3099=DIRECTION('center_axis',(0.707106781186552,-0.707106781186544,-1.36495017058276E-14));
#3100=DIRECTION('ref_axis',(1.0664010511855E-14,-8.63929992016111E-15,1.));
#3101=DIRECTION('',(9.65165521600807E-15,-9.65165521600806E-15,1.));
#3102=DIRECTION('',(-0.707106781186544,-0.707106781186552,1.46081976924362E-15));
#3103=DIRECTION('',(9.65165521600806E-15,-9.65165521600806E-15,1.));
#3104=DIRECTION('',(-0.707106781186544,-0.707106781186552,1.46081976924362E-15));
#3105=DIRECTION('',(9.65165521600807E-15,-9.65165521600806E-15,1.));
#3106=DIRECTION('center_axis',(-0.707106781186547,-0.707106781186548,0.));
#3107=DIRECTION('ref_axis',(0.,0.,1.));
#3108=DIRECTION('',(-0.707106781186548,0.707106781186547,1.36429868979925E-14));
#3109=DIRECTION('center_axis',(-0.707106781186547,-0.707106781186548,0.));
#3110=DIRECTION('ref_axis',(0.00710706411898137,-0.00710706411897923,0.999949488363896));
#3111=DIRECTION('center_axis',(-0.707106781186547,-0.707106781186548,0.));
#3112=DIRECTION('ref_axis',(0.,0.,1.));
#3113=DIRECTION('center_axis',(-0.707106781186547,-0.707106781186548,0.));
#3114=DIRECTION('ref_axis',(0.707106781186552,-0.707106781186544,-1.42845147856237E-14));
#3115=DIRECTION('center_axis',(-0.707106781186547,-0.707106781186548,0.));
#3116=DIRECTION('ref_axis',(0.,0.,1.));
#3117=DIRECTION('center_axis',(-0.707106781186547,-0.707106781186548,0.));
#3118=DIRECTION('ref_axis',(-0.707071064066133,0.707071064066126,0.0100509064657384));
#3119=DIRECTION('',(-0.707106781186548,0.707106781186547,1.36429868979925E-14));
#3120=DIRECTION('center_axis',(0.707106781186543,0.707106781186552,0.));
#3121=DIRECTION('ref_axis',(-0.500000000000003,0.499999999999997,-0.707106781186548));
#3122=DIRECTION('',(0.707106781186543,0.707106781186552,0.));
#3123=DIRECTION('center_axis',(-2.69937602364797E-15,-1.,0.));
#3124=DIRECTION('ref_axis',(-1.,2.67147415300431E-15,0.));
#3125=DIRECTION('',(-0.707106781186543,-0.707106781186552,0.));
#3126=DIRECTION('center_axis',(-0.707106781186552,0.707106781186543,0.));
#3127=DIRECTION('ref_axis',(-0.707106781186543,-0.707106781186552,0.));
#3128=DIRECTION('',(0.,0.,1.));
#3129=DIRECTION('center_axis',(0.707106781186548,0.707106781186547,0.));
#3130=DIRECTION('ref_axis',(0.499999999999999,-0.500000000000001,-0.707106781186548));
#3131=DIRECTION('',(0.707106781186548,0.707106781186547,0.));
#3132=DIRECTION('center_axis',(-1.,-6.06231460250545E-15,0.));
#3133=DIRECTION('ref_axis',(6.1062266354384E-15,-1.,9.81307786677366E-17));
#3134=DIRECTION('center_axis',(1.,6.06231460250545E-15,0.));
#3135=DIRECTION('ref_axis',(-6.06231460250545E-15,1.,0.));
#3136=DIRECTION('',(-6.06231460250545E-15,1.,0.));
#3137=DIRECTION('',(0.,0.,1.));
#3138=DIRECTION('center_axis',(0.707106781186547,0.707106781186548,0.));
#3139=DIRECTION('ref_axis',(-0.707106781186548,0.707106781186547,0.));
#3140=DIRECTION('center_axis',(-0.707106781186547,-0.707106781186548,0.));
#3141=DIRECTION('ref_axis',(-0.707106781186548,0.707106781186547,0.));
#3142=DIRECTION('',(-0.734808061011912,-0.678275101615793,-4.89550585659839E-18));
#3143=DIRECTION('center_axis',(0.707106781186547,0.707106781186548,0.));
#3144=DIRECTION('ref_axis',(-0.707106781186548,0.707106781186547,0.));
#3145=DIRECTION('center_axis',(0.707106781186547,0.707106781186548,0.));
#3146=DIRECTION('ref_axis',(-0.707106781186548,0.707106781186547,0.));
#3147=DIRECTION('center_axis',(0.707106781186547,0.707106781186548,0.));
#3148=DIRECTION('ref_axis',(-0.707106781186548,0.707106781186547,0.));
#3149=DIRECTION('center_axis',(-0.707106781186547,-0.707106781186548,0.));
#3150=DIRECTION('ref_axis',(-0.707106781186548,0.707106781186547,0.));
#3151=DIRECTION('',(-0.734808061011912,-0.678275101615793,-4.89550585659839E-18));
#3152=DIRECTION('center_axis',(0.707106781186547,0.707106781186548,0.));
#3153=DIRECTION('ref_axis',(-0.707106781186548,0.707106781186547,0.));
#3154=DIRECTION('center_axis',(0.707106781186547,0.707106781186548,0.));
#3155=DIRECTION('ref_axis',(-0.707106781186548,0.707106781186547,0.));
#3156=DIRECTION('center_axis',(0.707106781186547,0.707106781186548,0.));
#3157=DIRECTION('ref_axis',(-0.707106781186548,0.707106781186547,0.));
#3158=DIRECTION('center_axis',(-0.707106781186547,-0.707106781186548,0.));
#3159=DIRECTION('ref_axis',(-0.707106781186548,0.707106781186547,0.));
#3160=DIRECTION('',(-0.734808061011912,-0.678275101615794,-4.89550585659839E-18));
#3161=DIRECTION('center_axis',(0.707106781186547,0.707106781186548,0.));
#3162=DIRECTION('ref_axis',(-0.707106781186548,0.707106781186547,0.));
#3163=DIRECTION('center_axis',(0.707106781186547,0.707106781186548,0.));
#3164=DIRECTION('ref_axis',(-0.707106781186548,0.707106781186547,0.));
#3165=DIRECTION('center_axis',(0.707106781186547,0.707106781186548,0.));
#3166=DIRECTION('ref_axis',(-0.707106781186548,0.707106781186547,0.));
#3167=DIRECTION('center_axis',(-0.707106781186547,-0.707106781186548,0.));
#3168=DIRECTION('ref_axis',(-0.707106781186548,0.707106781186547,0.));
#3169=DIRECTION('',(-0.734808061011912,-0.678275101615794,-4.89550585659839E-18));
#3170=DIRECTION('center_axis',(0.707106781186547,0.707106781186548,0.));
#3171=DIRECTION('ref_axis',(-0.707106781186548,0.707106781186547,0.));
#3172=DIRECTION('center_axis',(0.707106781186547,0.707106781186548,0.));
#3173=DIRECTION('ref_axis',(-0.707106781186548,0.707106781186547,0.));
#3174=DIRECTION('center_axis',(-0.707106781186544,-0.707106781186552,1.46081976924362E-15));
#3175=DIRECTION('ref_axis',(0.707106781186552,-0.707106781186544,-1.42845147856237E-14));
#3176=DIRECTION('center_axis',(-0.707106781186547,-0.707106781186548,0.));
#3177=DIRECTION('ref_axis',(0.707106781186552,-0.707106781186544,-1.42845147856237E-14));
#3178=DIRECTION('center_axis',(-0.707106781186544,-0.707106781186552,1.46081976924362E-15));
#3179=DIRECTION('ref_axis',(-5.89999130685163E-15,3.83408017700452E-15,
-1.));
#3180=DIRECTION('center_axis',(-0.707106781186547,-0.707106781186548,0.));
#3181=DIRECTION('ref_axis',(-5.89999130685163E-15,3.83408017700452E-15,
-1.));
#3182=DIRECTION('center_axis',(-0.707106781186547,-0.707106781186548,0.));
#3183=DIRECTION('ref_axis',(-5.89999130685163E-15,3.83408017700452E-15,
-1.));
#3184=DIRECTION('center_axis',(-0.707106781186544,-0.707106781186552,1.46081976924362E-15));
#3185=DIRECTION('ref_axis',(-0.707071064066133,0.707071064066126,0.0100509064657384));
#3186=DIRECTION('center_axis',(-0.707106781186547,-0.707106781186548,0.));
#3187=DIRECTION('ref_axis',(-0.707071064066133,0.707071064066126,0.0100509064657384));
#3188=DIRECTION('',(-0.707106781186544,-0.707106781186552,1.46081976924362E-15));
#3189=DIRECTION('center_axis',(1.06800041161333E-14,-8.6140929862861E-15,
1.));
#3190=DIRECTION('ref_axis',(-0.707106781186551,0.707106781186544,1.36429868979925E-14));
#3191=DIRECTION('',(-0.707106781186548,0.707106781186547,1.36429868979925E-14));
#3192=DIRECTION('',(-0.707106781186544,-0.707106781186552,1.46081976924362E-15));
#3193=DIRECTION('center_axis',(-0.707106781186544,-0.707106781186552,1.46081976924362E-15));
#3194=DIRECTION('ref_axis',(0.00710706411898137,-0.00710706411897923,0.999949488363896));
#3195=DIRECTION('center_axis',(-0.707106781186547,-0.707106781186548,0.));
#3196=DIRECTION('ref_axis',(0.00710706411898137,-0.00710706411897923,0.999949488363896));
#3197=DIRECTION('center_axis',(-0.707106781186547,-0.707106781186548,0.));
#3198=DIRECTION('ref_axis',(0.,0.,1.));
#3199=DIRECTION('center_axis',(2.69937602364797E-15,1.,0.));
#3200=DIRECTION('ref_axis',(-1.,2.69937602364797E-15,0.));
#3201=DIRECTION('',(0.,0.,1.));
#3202=DIRECTION('',(1.,-2.69937602364797E-15,0.));
#3203=DIRECTION('center_axis',(0.707106781186547,0.707106781186548,0.));
#3204=DIRECTION('ref_axis',(-0.707106781186548,0.707106781186547,0.));
#3205=DIRECTION('',(0.707106781186548,-0.707106781186547,0.));
#3206=DIRECTION('center_axis',(0.,0.,1.));
#3207=DIRECTION('ref_axis',(1.,0.,0.));
#3208=CARTESIAN_POINT('',(0.,0.,0.));
#3209=CARTESIAN_POINT('Origin',(-10.040916292849,-47.517575695736,8.));
#3210=CARTESIAN_POINT('',(-11.4551298552221,-48.9317892581091,8.));
#3211=CARTESIAN_POINT('',(-11.4551298552221,-48.9317892581091,54.2));
#3212=CARTESIAN_POINT('',(-11.4551298552221,-48.9317892581091,4.));
#3213=CARTESIAN_POINT('',(-10.040916292849,-47.517575695736,8.));
#3214=CARTESIAN_POINT('',(-10.040916292849,-47.517575695736,8.));
#3215=CARTESIAN_POINT('',(-10.040916292849,-47.517575695736,54.2));
#3216=CARTESIAN_POINT('',(-10.040916292849,-47.517575695736,4.));
#3217=CARTESIAN_POINT('',(-10.040916292849,-47.517575695736,54.2));
#3218=CARTESIAN_POINT('Origin',(-14.9906637611548,-42.5678282274302,61.2));
#3219=CARTESIAN_POINT('',(-16.4048773235279,-43.9820417898033,61.2));
#3220=CARTESIAN_POINT('',(-43.9820417898033,-16.404877323528,61.2));
#3221=CARTESIAN_POINT('',(-33.0218866814118,-27.3650324319194,61.2));
#3222=CARTESIAN_POINT('',(-14.9906637611548,-42.5678282274302,61.2));
#3223=CARTESIAN_POINT('',(-14.9906637611548,-42.5678282274302,61.2));
#3224=CARTESIAN_POINT('',(-42.5678282274302,-14.9906637611549,61.2));
#3225=CARTESIAN_POINT('',(-31.6076731190387,-25.9508188695463,61.2));
#3226=CARTESIAN_POINT('',(-42.5678282274302,-14.9906637611549,61.2));
#3227=CARTESIAN_POINT('Origin',(-13.9256511345701,-49.7846698503378,4.61871843353822));
#3228=CARTESIAN_POINT('',(-16.3883048111581,-46.79168608786,1.29133029056941));
#3229=CARTESIAN_POINT('',(-15.4473865545927,-48.7932645162052,2.31132947830883));
#3230=CARTESIAN_POINT('Origin',(-13.447859825778,-41.0250242920534,8.));
#3231=CARTESIAN_POINT('',(-13.0576673720922,-50.1223235269259,6.00156292824404));
#3232=CARTESIAN_POINT('',(-15.5979860916252,-47.5820048073929,2.40900974233025));
#3233=CARTESIAN_POINT('',(-14.3092458004374,-49.9314052703605,3.92090356872481));
#3234=CARTESIAN_POINT('Origin',(-13.447859825778,-41.0250242920534,8.));
#3235=CARTESIAN_POINT('',(-14.0033161775151,-50.2373348932828,4.35355339059327));
#3236=CARTESIAN_POINT('Origin',(-13.5033161775151,-50.7373348932828,6.12132034355963));
#3237=CARTESIAN_POINT('Origin',(-18.3317433022613,-45.9089077685366,8.));
#3238=CARTESIAN_POINT('Origin',(-15.1453210486802,-47.5043397644479,2.1438446993853));
#3239=CARTESIAN_POINT('',(-13.2485856286576,-48.8707450985806,3.92090356872479));
#3240=CARTESIAN_POINT('Origin',(-22.1549666069647,-49.73213107324,8.));
#3241=CARTESIAN_POINT('',(-14.3867263828129,-47.7326043444254,2.31132947830885));
#3242=CARTESIAN_POINT('Origin',(-22.1549666069647,-49.73213107324,8.));
#3243=CARTESIAN_POINT('',(-14.6926560057353,-47.426674721503,1.87867965644035));
#3244=CARTESIAN_POINT('Origin',(-15.9426560057353,-46.176674721503,1.1715728752538));
#3245=CARTESIAN_POINT('Origin',(-17.2710831304815,-44.8482475967568,8.));
#3246=CARTESIAN_POINT('Origin',(-48.0346698503379,-15.6756511345702,2.14384469938531));
#3247=CARTESIAN_POINT('',(-48.7932645162054,-15.4473865545925,2.31132947830908));
#3248=CARTESIAN_POINT('',(-46.7916860878598,-16.3883048111583,1.29133029056937));
#3249=CARTESIAN_POINT('Origin',(-41.0250242920539,-13.4478598257786,8.));
#3250=CARTESIAN_POINT('',(-49.9314052703602,-14.3092458004378,3.92090356872419));
#3251=CARTESIAN_POINT('',(-48.4873348932829,-15.7533161775151,1.87867965644032));
#3252=CARTESIAN_POINT('',(-50.1223235269259,-13.0576673720923,6.00156292824387));
#3253=CARTESIAN_POINT('Origin',(-41.0250242920539,-13.4478598257786,8.));
#3254=CARTESIAN_POINT('',(-49.332004807393,-13.8479860916252,4.88388347648317));
#3255=CARTESIAN_POINT('Origin',(-49.254339764448,-13.3953210486802,4.61871843353821));
#3256=CARTESIAN_POINT('',(-48.8707450985806,-13.2485856286577,3.92090356872463));
#3257=CARTESIAN_POINT('Origin',(-49.73213107324,-22.1549666069647,8.));
#3258=CARTESIAN_POINT('',(-47.7326043444253,-14.386726382813,2.31132947830877));
#3259=CARTESIAN_POINT('',(-49.176674721503,-12.9426560057353,4.35355339059325));
#3260=CARTESIAN_POINT('Origin',(-49.73213107324,-22.1549666069647,8.));
#3261=CARTESIAN_POINT('Origin',(-15.5016413958754,-48.2086715572806,59.8100740474739));
#3262=CARTESIAN_POINT('',(-16.3183083625539,-46.9936817236012,60.84834948105));
#3263=CARTESIAN_POINT('',(-16.2989763529304,-46.8810065143356,60.7823458716054));
#3264=CARTESIAN_POINT('',(-16.2989763529304,-46.8810065143356,60.7823458716055));
#3265=CARTESIAN_POINT('',(-15.4473825387166,-48.7932605003292,59.8886705216911));
#3266=CARTESIAN_POINT('Origin',(-13.447855809902,-41.0250202761773,54.2));
#3267=CARTESIAN_POINT('',(-14.3092417845614,-49.9314012544844,58.2790964312752));
#3268=CARTESIAN_POINT('',(-15.5793064388203,-48.6613366002255,60.0752390904189));
#3269=CARTESIAN_POINT('',(-13.0576633562162,-50.1223195110499,56.198437071756));
#3270=CARTESIAN_POINT('Origin',(-13.447855809902,-41.0250202761773,54.2));
#3271=CARTESIAN_POINT('',(-13.6739763529304,-49.5060065143356,57.0700352703761));
#3272=CARTESIAN_POINT('Origin',(-15.7686462670405,-46.3506764284457,60.7823458716055));
#3273=CARTESIAN_POINT('',(-16.1863011436648,-46.8616745047121,60.84834948105));
#3274=CARTESIAN_POINT('',(-15.8463113099855,-46.8033414713907,61.0475109145504));
#3275=CARTESIAN_POINT('',(-14.855772876142,-45.5311462371893,60.84834948105));
#3276=CARTESIAN_POINT('Origin',(-13.2213113099855,-49.4283414713907,57.335200313321));
#3277=CARTESIAN_POINT('',(-13.2485816127817,-48.8707410827046,58.2790964312753));
#3278=CARTESIAN_POINT('Origin',(-22.1549625910886,-49.7321270573639,54.2));
#3279=CARTESIAN_POINT('',(-14.3867223669367,-47.7326003285495,59.888670521691));
#3280=CARTESIAN_POINT('',(-12.7686462670405,-49.3506764284457,57.600365356266));
#3281=CARTESIAN_POINT('Origin',(-22.1549625910886,-49.7321270573639,54.2));
#3282=CARTESIAN_POINT('Origin',(-49.7846698503379,-13.9256511345701,57.5812815664618));
#3283=CARTESIAN_POINT('',(-49.9314052703604,-14.3092458004375,58.2790964312753));
#3284=CARTESIAN_POINT('',(-50.1223235269259,-13.0576673720922,56.198437071756));
#3285=CARTESIAN_POINT('Origin',(-41.0250242920534,-13.4478598257781,54.2));
#3286=CARTESIAN_POINT('',(-48.7932645162052,-15.4473865545927,59.8886705216912));
#3287=CARTESIAN_POINT('',(-50.2373348932828,-14.0033161775151,57.8464466094067));
#3288=CARTESIAN_POINT('',(-46.7916860878599,-16.3883048111582,60.9086697094306));
#3289=CARTESIAN_POINT('Origin',(-41.0250242920534,-13.4478598257781,54.2));
#3290=CARTESIAN_POINT('',(-47.5820048073929,-15.5979860916252,59.7909902576697));
#3291=CARTESIAN_POINT('Origin',(-47.504339764448,-15.1453210486802,60.0561553006147));
#3292=CARTESIAN_POINT('',(-47.7326043444255,-14.3867263828128,59.888670521691));
#3293=CARTESIAN_POINT('Origin',(-49.7321310732399,-22.1549666069646,54.2));
#3294=CARTESIAN_POINT('',(-48.8707450985805,-13.2485856286578,58.2790964312754));
#3295=CARTESIAN_POINT('',(-47.426674721503,-14.6926560057353,60.3213203435597));
#3296=CARTESIAN_POINT('Origin',(-49.7321310732399,-22.1549666069646,54.2));
#3297=CARTESIAN_POINT('Origin',(-50.7373348932828,-13.5033161775151,56.0786796564404));
#3298=CARTESIAN_POINT('Origin',(-45.9089077685366,-18.3317433022613,54.2));
#3299=CARTESIAN_POINT('Origin',(-46.176674721503,-15.9426560057353,61.0284271247462));
#3300=CARTESIAN_POINT('Origin',(-44.8482475967568,-17.2710831304815,54.2));
#3301=CARTESIAN_POINT('Origin',(-16.8293064388203,-47.4113366002255,60.7823458716054));
#3302=CARTESIAN_POINT('Origin',(-18.3317392863853,-45.9089037526606,54.2));
#3303=CARTESIAN_POINT('Origin',(-12.2686462670405,-49.8506764284457,55.8325984032996));
#3304=CARTESIAN_POINT('Origin',(-17.2710791146054,-44.8482435808808,54.2));
#3305=CARTESIAN_POINT('Origin',(-49.6766747215031,-12.4426560057352,6.12132034355959));
#3306=CARTESIAN_POINT('Origin',(-44.8482475967568,-17.2710831304815,8.));
#3307=CARTESIAN_POINT('Origin',(-47.2373348932829,-17.0033161775151,1.17157287525376));
#3308=CARTESIAN_POINT('Origin',(-45.9089077685367,-18.3317433022613,8.));
#3309=CARTESIAN_POINT('Origin',(-42.5678282274302,-14.9906637611549,1.));
#3310=CARTESIAN_POINT('',(-43.9820417898033,-16.4048773235279,1.));
#3311=CARTESIAN_POINT('',(-16.4048773235279,-43.9820417898033,1.));
#3312=CARTESIAN_POINT('',(-46.8104689145495,-13.5764501987818,1.));
#3313=CARTESIAN_POINT('',(-42.5678282274302,-14.9906637611549,1.));
#3314=CARTESIAN_POINT('',(-42.5678282274302,-14.9906637611549,1.));
#3315=CARTESIAN_POINT('',(-14.9906637611548,-42.5678282274302,1.));
#3316=CARTESIAN_POINT('',(-45.3962553521764,-12.1622366364087,1.));
#3317=CARTESIAN_POINT('',(-14.9906637611548,-42.5678282274302,1.));
#3318=CARTESIAN_POINT('Origin',(-47.517575695736,-10.040916292849,54.2));
#3319=CARTESIAN_POINT('',(-48.9317892581091,-11.4551298552221,54.2));
#3320=CARTESIAN_POINT('',(-48.9317892581091,-11.4551298552221,8.));
#3321=CARTESIAN_POINT('',(-48.9317892581091,-11.4551298552221,27.1));
#3322=CARTESIAN_POINT('',(-47.517575695736,-10.040916292849,54.2));
#3323=CARTESIAN_POINT('',(-47.517575695736,-10.040916292849,54.2));
#3324=CARTESIAN_POINT('',(-47.517575695736,-10.040916292849,8.));
#3325=CARTESIAN_POINT('',(-47.517575695736,-10.040916292849,27.1));
#3326=CARTESIAN_POINT('',(-47.517575695736,-10.040916292849,8.));
#3327=CARTESIAN_POINT('Origin',(-48.2246824769226,-9.33380951166248,0.));
#3328=CARTESIAN_POINT('',(-42.5678282274302,-14.9906637611549,0.));
#3329=CARTESIAN_POINT('',(-48.2246824769226,-9.33380951166248,8.));
#3330=CARTESIAN_POINT('Origin',(-42.5678282274302,-14.9906637611548,8.));
#3331=CARTESIAN_POINT('',(-14.9906637611548,-42.5678282274302,0.));
#3332=CARTESIAN_POINT('',(-38.5019642356076,-19.0565277529775,0.));
#3333=CARTESIAN_POINT('',(-9.33380951166246,-48.2246824769226,8.));
#3334=CARTESIAN_POINT('Origin',(-14.9906637611549,-42.5678282274303,8.));
#3335=CARTESIAN_POINT('',(-9.33380951166246,-48.2246824769226,54.2));
#3336=CARTESIAN_POINT('',(-9.33380951166245,-48.2246824769226,0.));
#3337=CARTESIAN_POINT('',(-14.9906637611548,-42.5678282274302,62.2));
#3338=CARTESIAN_POINT('Origin',(-14.9906637611549,-42.5678282274303,54.2));
#3339=CARTESIAN_POINT('',(-42.5678282274302,-14.9906637611549,62.2));
#3340=CARTESIAN_POINT('',(-38.5019642356076,-19.0565277529775,62.2));
#3341=CARTESIAN_POINT('',(-48.2246824769226,-9.33380951166248,54.2));
#3342=CARTESIAN_POINT('Origin',(-42.5678282274302,-14.9906637611548,54.2));
#3343=CARTESIAN_POINT('',(-48.2246824769226,-9.33380951166248,0.));
#3344=CARTESIAN_POINT('Origin',(-14.9906637611548,-42.5678282274302,8.));
#3345=CARTESIAN_POINT('Origin',(-42.5678282274302,-14.9906637611549,8.));
#3346=CARTESIAN_POINT('Origin',(-42.5678282274302,-14.9906637611549,54.2));
#3347=CARTESIAN_POINT('Origin',(-14.9906637611548,-42.5678282274302,54.2));
#3348=CARTESIAN_POINT('Origin',(-49.6388960392957,-10.7480230740356,0.));
#3349=CARTESIAN_POINT('',(-43.9820417898033,-16.404877323528,59.9));
#3350=CARTESIAN_POINT('',(-43.9820417898033,-16.4048773235279,29.1));
#3351=CARTESIAN_POINT('',(-39.7100728477266,-20.6768462656047,59.9));
#3352=CARTESIAN_POINT('',(-39.9161777979807,-20.4707413153506,59.9));
#3353=CARTESIAN_POINT('',(-41.0121933088195,-19.3747258045118,55.9104306857892));
#3354=CARTESIAN_POINT('Origin',(-37.2433408546967,-23.1435782586343,55.8700377445037));
#3355=CARTESIAN_POINT('',(-41.0121933088196,-19.3747258045118,48.8999999999998));
#3356=CARTESIAN_POINT('',(-41.0121933088197,-19.3747258045115,27.9502465750388));
#3357=CARTESIAN_POINT('',(-39.3858477120905,-21.0010714012408,48.9000000000004));
#3358=CARTESIAN_POINT('',(-32.5622672736404,-27.8246518396908,48.8999999999998));
#3359=CARTESIAN_POINT('',(-32.3147799002253,-28.072139213106,58.9000000000001));
#3360=CARTESIAN_POINT('',(-50.5934901938974,-9.79342891943386,33.0500000000002));
#3361=CARTESIAN_POINT('',(-28.072139213106,-32.3147799002253,58.9));
#3362=CARTESIAN_POINT('',(-40.9768379697602,-19.4100811435711,58.9000000000002));
#3363=CARTESIAN_POINT('',(-21.0010714012402,-39.385847712091,48.8999999999996));
#3364=CARTESIAN_POINT('',(-23.0516810666815,-37.3352380466497,51.8));
#3365=CARTESIAN_POINT('',(-19.3747258045111,-41.0121933088201,48.8999999999998));
#3366=CARTESIAN_POINT('',(-32.5622672736404,-27.8246518396908,48.8999999999998));
#3367=CARTESIAN_POINT('',(-19.3747258045111,-41.0121933088201,55.910430647401));
#3368=CARTESIAN_POINT('',(-19.3747258045116,-41.0121933088196,3.89999999999959));
#3369=CARTESIAN_POINT('',(-20.676846265572,-39.7100728477592,59.9));
#3370=CARTESIAN_POINT('Origin',(-23.1435782588408,-37.2433408544901,55.8700377447966));
#3371=CARTESIAN_POINT('',(-16.4048773235279,-43.9820417898033,59.9));
#3372=CARTESIAN_POINT('',(-39.9161777979807,-20.4707413153506,59.9));
#3373=CARTESIAN_POINT('',(-16.404877323528,-43.9820417898032,30.5999999999999));
#3374=CARTESIAN_POINT('Origin',(-49.6388960392957,-10.7480230740356,0.));
#3375=CARTESIAN_POINT('',(-12.3743686707646,-48.0125504425666,54.2));
#3376=CARTESIAN_POINT('',(-31.6076731190387,-28.7792459942925,54.2));
#3377=CARTESIAN_POINT('',(-12.3743686707646,-48.0125504425666,8.));
#3378=CARTESIAN_POINT('',(-12.3743686707646,-48.0125504425666,0.));
#3379=CARTESIAN_POINT('',(-30.5470129472589,-29.8399061660723,8.00000000000001));
#3380=CARTESIAN_POINT('Origin',(-49.6388960392957,-10.7480230740356,0.));
#3381=CARTESIAN_POINT('',(-48.0125504425666,-12.3743686707646,8.));
#3382=CARTESIAN_POINT('',(-48.2246824769226,-12.1622366364087,8.));
#3383=CARTESIAN_POINT('',(-48.0125504425666,-12.3743686707646,54.2));
#3384=CARTESIAN_POINT('',(-48.0125504425666,-12.3743686707646,0.));
#3385=CARTESIAN_POINT('',(-49.2853426487024,-11.1015764646288,54.2));
#3386=CARTESIAN_POINT('Origin',(-35.9210244842767,-8.34386001800126,54.2));
#3387=CARTESIAN_POINT('',(-27.5771644662755,5.53002571367868E-15,62.2));
#3388=CARTESIAN_POINT('',(-35.9210244842767,-8.34386001800126,62.2));
#3389=CARTESIAN_POINT('',(-38.8908729652602,3.60699791743802E-14,54.2));
#3390=CARTESIAN_POINT('Origin',(-27.5771644662755,5.55111512312578E-15,
54.2));
#3391=CARTESIAN_POINT('',(-41.5778787337691,-2.68700576850891,54.2));
#3392=CARTESIAN_POINT('Origin',(-24.8194480196478,-24.8194480196478,62.2));
#3393=CARTESIAN_POINT('',(-5.62230186668602E-14,-27.5771644662755,62.2));
#3394=CARTESIAN_POINT('',(-13.717871555019,-41.2950360212944,62.2));
#3395=CARTESIAN_POINT('',(-5.32907051820075E-14,-27.2943217538007,62.2));
#3396=CARTESIAN_POINT('',(1.23642415750247E-14,-38.8908729652601,62.2));
#3397=CARTESIAN_POINT('',(-27.2943217538008,4.44089209850063E-15,62.2));
#3398=CARTESIAN_POINT('',(-27.2943217538008,4.76652687716082E-15,62.2));
#3399=CARTESIAN_POINT('',(-38.8908729652602,3.60699791743802E-14,62.2));
#3400=CARTESIAN_POINT('Origin',(-13.717871555019,-41.2950360212944,54.2));
#3401=CARTESIAN_POINT('',(1.23642415750247E-14,-38.8908729652601,54.2));
#3402=CARTESIAN_POINT('',(-8.06101730552666,-46.9518902707868,54.2));
#3403=CARTESIAN_POINT('Origin',(-5.55111512312578E-14,-27.5771644662755,
54.2));
#3404=CARTESIAN_POINT('Origin',(-10.7480230740355,-49.6388960392957,0.));
#3405=CARTESIAN_POINT('',(1.23642415750247E-14,-38.8908729652601,8.));
#3406=CARTESIAN_POINT('',(-8.06101730552666,-46.9518902707868,8.));
#3407=CARTESIAN_POINT('',(1.23642415750247E-14,-38.8908729652601,0.));
#3408=CARTESIAN_POINT('Origin',(-16.4048773235279,-43.9820417898033,54.2));
#3409=CARTESIAN_POINT('',(-14.0714249456123,-51.5480843484993,54.2));
#3410=CARTESIAN_POINT('',(-19.0211724139181,-46.5983368801935,61.2));
#3411=CARTESIAN_POINT('Origin',(-19.0211724139182,-46.5983368801935,54.2));
#3412=CARTESIAN_POINT('',(-11.4551298552221,-48.9317892581091,54.2));
#3413=CARTESIAN_POINT('',(-16.4048773235279,-43.9820417898033,61.2));
#3414=CARTESIAN_POINT('Origin',(-32.8097546470558,-32.8097546470558,31.1));
#3415=CARTESIAN_POINT('',(-19.0211724139181,-46.5983368801935,58.2));
#3416=CARTESIAN_POINT('',(-16.192745289172,-49.4267640049397,54.2));
#3417=CARTESIAN_POINT('Origin',(-19.0211724139182,-46.5983368801935,54.2));
#3418=CARTESIAN_POINT('',(-24.5012499681139,-41.1182593259978,54.2));
#3419=CARTESIAN_POINT('',(-19.0211724139182,-46.5983368801935,46.15));
#3420=CARTESIAN_POINT('Origin',(-49.6388960392957,-10.7480230740356,0.));
#3421=CARTESIAN_POINT('',(-16.4048773235279,-43.9820417898033,2.3));
#3422=CARTESIAN_POINT('',(-16.4048773235279,-43.9820417898033,2.00000000000003));
#3423=CARTESIAN_POINT('',(-21.3555088134602,-39.031410299871,2.3));
#3424=CARTESIAN_POINT('',(-39.9161777979807,-20.4707413153506,2.3));
#3425=CARTESIAN_POINT('',(-19.3747258045115,-41.0121933088197,7.79999999999979));
#3426=CARTESIAN_POINT('Origin',(-24.1830519165799,-36.203867196751,7.79999999999989));
#3427=CARTESIAN_POINT('',(-19.3747258045115,-41.0121933088197,13.3));
#3428=CARTESIAN_POINT('',(-19.3747258045116,-41.0121933088196,3.89999999999959));
#3429=CARTESIAN_POINT('',(-21.0010714012406,-39.3858477120907,13.2999999999999));
#3430=CARTESIAN_POINT('',(-32.5622672736406,-27.8246518396907,13.3));
#3431=CARTESIAN_POINT('',(-28.072139213106,-32.3147799002253,3.29999999999996));
#3432=CARTESIAN_POINT('',(-30.5116576081996,-29.8752615051317,-0.150000000000089));
#3433=CARTESIAN_POINT('',(-32.3147799002253,-28.072139213106,3.30000000000004));
#3434=CARTESIAN_POINT('',(-38.8555176262008,-21.5314014871304,3.30000000000017));
#3435=CARTESIAN_POINT('',(-39.3858477120908,-21.0010714012404,13.3000000000002));
#3436=CARTESIAN_POINT('',(-36.062445840514,-24.3244732728173,8.60000000000003));
#3437=CARTESIAN_POINT('',(-41.01219330882,-19.3747258045115,13.3));
#3438=CARTESIAN_POINT('',(-32.5622672736406,-27.8246518396907,13.3));
#3439=CARTESIAN_POINT('',(-41.0121933088199,-19.3747258045113,7.80000000000022));
#3440=CARTESIAN_POINT('',(-41.0121933088197,-19.3747258045115,27.9502465750388));
#3441=CARTESIAN_POINT('',(-39.031410299871,-21.3555088134602,2.3));
#3442=CARTESIAN_POINT('Origin',(-36.2038671967513,-24.1830519165797,7.80000000000008));
#3443=CARTESIAN_POINT('',(-43.9820417898033,-16.404877323528,2.3));
#3444=CARTESIAN_POINT('',(-39.9161777979807,-20.4707413153506,2.3));
#3445=CARTESIAN_POINT('',(-43.9820417898033,-16.4048773235279,0.5));
#3446=CARTESIAN_POINT('Origin',(-43.9820417898033,-16.404877323528,8.));
#3447=CARTESIAN_POINT('',(-51.5480843484993,-14.0714249456123,8.));
#3448=CARTESIAN_POINT('',(-46.5983368801935,-19.0211724139182,1.));
#3449=CARTESIAN_POINT('Origin',(-46.5983368801935,-19.0211724139182,8.));
#3450=CARTESIAN_POINT('',(-48.9317892581091,-11.4551298552221,8.));
#3451=CARTESIAN_POINT('',(-43.9820417898033,-16.4048773235279,1.));
#3452=CARTESIAN_POINT('Origin',(-32.8097546470558,-32.8097546470558,31.1));
#3453=CARTESIAN_POINT('',(-46.5983368801935,-19.0211724139182,4.));
#3454=CARTESIAN_POINT('',(-49.4267640049397,-16.192745289172,8.));
#3455=CARTESIAN_POINT('Origin',(-46.5983368801935,-19.0211724139182,8.));
#3456=CARTESIAN_POINT('',(-41.1182593259978,-24.5012499681139,8.));
#3457=CARTESIAN_POINT('',(-46.5983368801935,-19.0211724139182,16.05));
#3458=CARTESIAN_POINT('Origin',(-43.9820417898033,-16.404877323528,54.2));
#3459=CARTESIAN_POINT('',(-46.5983368801935,-19.0211724139182,61.2));
#3460=CARTESIAN_POINT('',(-51.5480843484993,-14.0714249456123,54.2));
#3461=CARTESIAN_POINT('Origin',(-46.5983368801935,-19.0211724139182,54.2));
#3462=CARTESIAN_POINT('',(-43.9820417898033,-16.404877323528,61.2));
#3463=CARTESIAN_POINT('',(-48.9317892581091,-11.4551298552221,54.2));
#3464=CARTESIAN_POINT('Origin',(-32.8097546470558,-32.8097546470558,31.1));
#3465=CARTESIAN_POINT('',(-46.5983368801935,-19.0211724139182,58.2));
#3466=CARTESIAN_POINT('',(-46.5983368801935,-19.0211724139182,44.65));
#3467=CARTESIAN_POINT('',(-49.4267640049397,-16.192745289172,54.2));
#3468=CARTESIAN_POINT('',(-42.1789194977776,-23.4405897963341,54.2));
#3469=CARTESIAN_POINT('Origin',(-46.5983368801935,-19.0211724139182,54.2));
#3470=CARTESIAN_POINT('Origin',(-16.4048773235279,-43.9820417898033,8.));
#3471=CARTESIAN_POINT('',(-19.0211724139182,-46.5983368801935,1.));
#3472=CARTESIAN_POINT('',(-14.0714249456123,-51.5480843484993,8.));
#3473=CARTESIAN_POINT('Origin',(-19.0211724139182,-46.5983368801935,8.));
#3474=CARTESIAN_POINT('',(-16.4048773235279,-43.9820417898033,1.));
#3475=CARTESIAN_POINT('',(-11.4551298552221,-48.9317892581091,8.));
#3476=CARTESIAN_POINT('Origin',(-32.8097546470558,-32.8097546470558,31.1));
#3477=CARTESIAN_POINT('',(-16.192745289172,-49.4267640049397,8.));
#3478=CARTESIAN_POINT('',(-19.0211724139182,-46.5983368801935,3.99999999999999));
#3479=CARTESIAN_POINT('Origin',(-19.0211724139182,-46.5983368801935,7.99999999999998));
#3480=CARTESIAN_POINT('',(-19.0211724139182,-46.5983368801935,17.55));
#3481=CARTESIAN_POINT('',(-23.4405897963341,-42.1789194977776,8.));
#3482=CARTESIAN_POINT('Origin',(-46.8104689145495,-13.5764501987818,54.2));
#3483=CARTESIAN_POINT('',(-37.9381817718021,-2.29999999999997,54.2));
#3484=CARTESIAN_POINT('',(-39.95153313704,-4.31335136523796,54.2));
#3485=CARTESIAN_POINT('',(-35.5340187157677,-2.29999999999997,54.2));
#3486=CARTESIAN_POINT('',(-37.0523953341751,-2.29999999999997,54.2));
#3487=CARTESIAN_POINT('',(-46.8104689145495,-13.5764501987818,54.2));
#3488=CARTESIAN_POINT('Origin',(-43.9820417898033,-16.404877323528,61.2));
#3489=CARTESIAN_POINT('',(-29.8771644662755,-2.29999999999999,59.9));
#3490=CARTESIAN_POINT('',(-35.9210244842767,-8.34386001800126,59.9));
#3491=CARTESIAN_POINT('',(-31.956402064397,-4.3792375981216,58.2));
#3492=CARTESIAN_POINT('',(-43.9820417898033,-16.4048773235279,58.2));
#3493=CARTESIAN_POINT('',(-29.8771644662754,-2.29999999999999,58.5551349075298));
#3494=CARTESIAN_POINT('Ctrl Pts',(-29.8771644662754,-2.29999999999999,58.5551349075298));
#3495=CARTESIAN_POINT('Ctrl Pts',(-31.0735492004384,-3.496384734163,58.3746293952043));
#3496=CARTESIAN_POINT('Ctrl Pts',(-31.956402064397,-4.3792375981216,58.2));
#3497=CARTESIAN_POINT('',(-29.8771644662754,-2.29999999999999,30.6));
#3498=CARTESIAN_POINT('Origin',(-43.9820417898033,-16.4048773235279,54.2));
#3499=CARTESIAN_POINT('',(-30.0442880411297,-2.29999999999999,58.1982539758455));
#3500=CARTESIAN_POINT('Ctrl Pts',(-31.956402064397,-4.37923759812161,58.2));
#3501=CARTESIAN_POINT('Ctrl Pts',(-31.3174022692869,-3.68455492726565,58.2));
#3502=CARTESIAN_POINT('Ctrl Pts',(-30.6794796607653,-2.99087070643809,58.1994176447979));
#3503=CARTESIAN_POINT('Ctrl Pts',(-30.0442880411297,-2.29999999999998,58.1982539758455));
#3504=CARTESIAN_POINT('Origin',(-29.8771644662754,-2.29999999999999,54.2));
#3505=CARTESIAN_POINT('Origin',(-25.1319482963686,-2.2923992640433,57.2));
#3506=CARTESIAN_POINT('',(-28.2470129472589,-2.29999999999999,54.2732018733711));
#3507=CARTESIAN_POINT('Origin',(-24.9271692674211,-2.3,57.2));
#3508=CARTESIAN_POINT('',(-26.0922402257834,-4.45477272147551,53.6402509547237));
#3509=CARTESIAN_POINT('Origin',(-26.6932809897921,-3.85373195746682,57.2));
#3510=CARTESIAN_POINT('',(-33.1633080376488,-11.525840533341,54.0530158150785));
#3511=CARTESIAN_POINT('Ctrl Pts',(-33.1633080376488,-11.525840533341,54.0530158150785));
#3512=CARTESIAN_POINT('Ctrl Pts',(-29.8453680162285,-8.2079005119207,53.8585657618054));
#3513=CARTESIAN_POINT('Ctrl Pts',(-26.0922402257832,-4.45477272147528,53.6402509547237));
#3514=CARTESIAN_POINT('',(-35.0558613761504,-9.63328719483943,59.9));
#3515=CARTESIAN_POINT('Origin',(-33.7643488016576,-10.9247997693323,57.2));
#3516=CARTESIAN_POINT('',(-28.6119688845981,-2.29999999999999,59.9));
#3517=CARTESIAN_POINT('Ctrl Pts',(-35.0558613761504,-9.63328719483943,59.9));
#3518=CARTESIAN_POINT('Ctrl Pts',(-32.3272541841401,-6.48506756328088,59.9));
#3519=CARTESIAN_POINT('Ctrl Pts',(-28.6119688845981,-2.29999999999999,59.9));
#3520=CARTESIAN_POINT('Origin',(-24.9271692674211,-2.3,57.2));
#3521=CARTESIAN_POINT('Origin',(-27.2943217538008,-2.29999999999999,0.));
#3522=CARTESIAN_POINT('',(-37.9381817718021,-2.29999999999997,8.));
#3523=CARTESIAN_POINT('',(-37.9381817718021,-2.29999999999997,0.));
#3524=CARTESIAN_POINT('',(-35.5340187157677,-2.29999999999997,8.));
#3525=CARTESIAN_POINT('',(-38.113055505955,-2.29999999999997,8.));
#3526=CARTESIAN_POINT('',(-30.0442880411297,-2.29999999999999,4.00174602415455));
#3527=CARTESIAN_POINT('Origin',(-29.8771644662754,-2.29999999999999,8.));
#3528=CARTESIAN_POINT('',(-28.2470129472589,-2.29999999999999,7.92679812662891));
#3529=CARTESIAN_POINT('Origin',(-24.9271692674211,-2.3,5.));
#3530=CARTESIAN_POINT('',(-28.2470129472589,-2.29999999999999,0.));
#3531=CARTESIAN_POINT('Origin',(-27.2943217538008,-2.29999999999999,0.));
#3532=CARTESIAN_POINT('',(-26.0568848867243,-2.3,59.9));
#3533=CARTESIAN_POINT('Origin',(-16.4048773235279,-43.9820417898033,58.2));
#3534=CARTESIAN_POINT('',(-2.30000000000004,-29.8771644662754,59.9));
#3535=CARTESIAN_POINT('',(-13.717871555019,-41.2950360212944,59.9));
#3536=CARTESIAN_POINT('',(-2.30000000000004,-29.8771644662754,58.5551349075307));
#3537=CARTESIAN_POINT('',(-2.30000000000004,-29.8771644662753,29.1000000000001));
#3538=CARTESIAN_POINT('',(-4.3792375981271,-31.9564020644025,58.2));
#3539=CARTESIAN_POINT('Ctrl Pts',(-4.3792375981271,-31.9564020644025,58.2));
#3540=CARTESIAN_POINT('Ctrl Pts',(-3.49638473416649,-31.0735492004418,58.3746293952047));
#3541=CARTESIAN_POINT('Ctrl Pts',(-2.30000000000004,-29.8771644662754,58.5551349075307));
#3542=CARTESIAN_POINT('',(-16.4048773235279,-43.9820417898033,58.2));
#3543=CARTESIAN_POINT('Origin',(-16.4048773235279,-43.9820417898033,54.2));
#3544=CARTESIAN_POINT('',(-2.30000000000001,-35.5340187157677,54.2));
#3545=CARTESIAN_POINT('',(-2.30000000000004,-30.0442880411302,58.1982539758455));
#3546=CARTESIAN_POINT('Origin',(-2.30000000000004,-29.8771644662754,54.2));
#3547=CARTESIAN_POINT('',(-13.5764501987817,-46.8104689145495,54.2));
#3548=CARTESIAN_POINT('Ctrl Pts',(-2.30000000000004,-30.0442880411302,58.1982539758455));
#3549=CARTESIAN_POINT('Ctrl Pts',(-2.99087049932649,-30.6794794703458,58.199417644449));
#3550=CARTESIAN_POINT('Ctrl Pts',(-3.68455494169346,-31.3174022825586,58.2));
#3551=CARTESIAN_POINT('Ctrl Pts',(-4.3792375981271,-31.9564020644025,58.2));
#3552=CARTESIAN_POINT('Origin',(-11.4551298552221,-48.9317892581091,54.2));
#3553=CARTESIAN_POINT('',(-2.29999999999999,-37.938181771802,54.2));
#3554=CARTESIAN_POINT('',(-9.68736290225572,-45.3255446740577,54.2));
#3555=CARTESIAN_POINT('',(-2.29999999999996,-43.9113311116846,54.2));
#3556=CARTESIAN_POINT('Origin',(-2.29999999999999,-38.8908729652602,0.));
#3557=CARTESIAN_POINT('',(-2.30000000000005,-28.6119688845986,59.9));
#3558=CARTESIAN_POINT('',(-2.30000000000003,-31.8551604924539,59.9));
#3559=CARTESIAN_POINT('Origin',(-2.30000000000007,-24.9271692674216,57.2));
#3560=CARTESIAN_POINT('Origin',(-2.29999999999999,-38.8908729652602,0.));
#3561=CARTESIAN_POINT('',(-2.30000000000005,-28.2470129472588,54.2732018733708));
#3562=CARTESIAN_POINT('Origin',(-2.30000000000007,-24.9271692674216,57.2));
#3563=CARTESIAN_POINT('',(-2.30000000000005,-28.2470129472588,7.92679812662922));
#3564=CARTESIAN_POINT('',(-2.30000000000005,-28.2470129472588,0.));
#3565=CARTESIAN_POINT('',(-2.30000000000004,-30.0442880411302,4.00174602415455));
#3566=CARTESIAN_POINT('Origin',(-2.30000000000007,-24.9271692674216,5.));
#3567=CARTESIAN_POINT('',(-2.30000000000001,-35.5340187157677,8.));
#3568=CARTESIAN_POINT('Origin',(-2.30000000000004,-29.8771644662754,7.99999999999998));
#3569=CARTESIAN_POINT('',(-2.29999999999999,-37.938181771802,8.));
#3570=CARTESIAN_POINT('',(-2.29999999999996,-42.8506709399048,8.));
#3571=CARTESIAN_POINT('',(-2.29999999999999,-37.938181771802,0.));
#3572=CARTESIAN_POINT('Origin',(-2.29239926404307,-25.1319482963688,57.2));
#3573=CARTESIAN_POINT('',(-9.63328719483919,-35.0558613761507,59.9));
#3574=CARTESIAN_POINT('Ctrl Pts',(-2.30000000000005,-28.6119688845986,59.9));
#3575=CARTESIAN_POINT('Ctrl Pts',(-6.48506756328097,-32.3272541841406,59.9));
#3576=CARTESIAN_POINT('Ctrl Pts',(-9.63328719483919,-35.0558613761507,59.9));
#3577=CARTESIAN_POINT('',(-11.5258405333405,-33.1633080376494,54.0530158150784));
#3578=CARTESIAN_POINT('Origin',(-10.9247997693321,-33.7643488016578,57.2));
#3579=CARTESIAN_POINT('',(-4.45477272147502,-26.0922402257839,53.6402509547236));
#3580=CARTESIAN_POINT('Ctrl Pts',(-11.5258405333405,-33.1633080376494,54.0530158150784));
#3581=CARTESIAN_POINT('Ctrl Pts',(-8.20790051964911,-29.845368023958,53.8585657622587));
#3582=CARTESIAN_POINT('Ctrl Pts',(-4.45477272147478,-26.0922402257836,53.6402509547236));
#3583=CARTESIAN_POINT('Origin',(-3.85373195746659,-26.6932809897923,57.2));
#3584=CARTESIAN_POINT('Origin',(-13.5764501987817,-46.8104689145495,8.));
#3585=CARTESIAN_POINT('',(-9.68736290225572,-45.3255446740577,8.));
#3586=CARTESIAN_POINT('',(-13.5764501987818,-46.8104689145495,8.));
#3587=CARTESIAN_POINT('Origin',(-16.4048773235279,-43.9820417898033,7.99999999999998));
#3588=CARTESIAN_POINT('',(-4.37923759812728,-31.9564020644026,3.99999999999999));
#3589=CARTESIAN_POINT('Ctrl Pts',(-4.37923759812728,-31.9564020644026,3.99999999999999));
#3590=CARTESIAN_POINT('Ctrl Pts',(-3.68455492726945,-31.3174022692908,3.99999999999999));
#3591=CARTESIAN_POINT('Ctrl Pts',(-2.99087070644001,-30.6794796607675,4.00058235520213));
#3592=CARTESIAN_POINT('Ctrl Pts',(-2.30000000000004,-30.0442880411302,4.00174602415455));
#3593=CARTESIAN_POINT('',(-16.4048773235279,-43.9820417898033,3.99999999999999));
#3594=CARTESIAN_POINT('Origin',(-16.4048773235279,-43.9820417898033,1.));
#3595=CARTESIAN_POINT('',(-2.30000000000004,-29.8771644662754,2.3));
#3596=CARTESIAN_POINT('',(-13.717871555019,-41.2950360212944,2.3));
#3597=CARTESIAN_POINT('',(-2.30000000000004,-29.8771644662754,3.64486509246931));
#3598=CARTESIAN_POINT('Ctrl Pts',(-2.30000000000004,-29.8771644662754,3.64486509246931));
#3599=CARTESIAN_POINT('Ctrl Pts',(-3.49638473416659,-31.0735492004419,3.82537060479526));
#3600=CARTESIAN_POINT('Ctrl Pts',(-4.37923759812728,-31.9564020644026,3.99999999999999));
#3601=CARTESIAN_POINT('',(-2.30000000000004,-29.8771644662754,0.499999999999977));
#3602=CARTESIAN_POINT('Origin',(-2.29999999999999,-38.8908729652602,0.));
#3603=CARTESIAN_POINT('',(-2.30000000000005,-28.6119688845986,2.3));
#3604=CARTESIAN_POINT('Origin',(-2.30000000000007,-24.9271692674216,5.));
#3605=CARTESIAN_POINT('',(-2.30000000000003,-31.8551604924539,2.3));
#3606=CARTESIAN_POINT('Origin',(-43.9820417898033,-16.4048773235279,4.));
#3607=CARTESIAN_POINT('',(-29.8771644662755,-2.29999999999999,2.3));
#3608=CARTESIAN_POINT('',(-35.9210244842767,-8.34386001800126,2.3));
#3609=CARTESIAN_POINT('',(-29.8771644662754,-2.29999999999999,3.64486509247015));
#3610=CARTESIAN_POINT('',(-29.8771644662754,-2.29999999999999,2.));
#3611=CARTESIAN_POINT('',(-31.9564020643969,-4.3792375981215,4.00000000000001));
#3612=CARTESIAN_POINT('Ctrl Pts',(-31.9564020643969,-4.3792375981215,4.00000000000001));
#3613=CARTESIAN_POINT('Ctrl Pts',(-31.0735492004383,-3.49638473416293,3.82537060479568));
#3614=CARTESIAN_POINT('Ctrl Pts',(-29.8771644662754,-2.29999999999999,3.64486509247015));
#3615=CARTESIAN_POINT('',(-43.9820417898033,-16.4048773235279,4.));
#3616=CARTESIAN_POINT('Origin',(-43.9820417898033,-16.4048773235279,8.));
#3617=CARTESIAN_POINT('',(-46.8104689145495,-13.5764501987818,8.));
#3618=CARTESIAN_POINT('Ctrl Pts',(-30.0442880411297,-2.29999999999999,4.00174602415455));
#3619=CARTESIAN_POINT('Ctrl Pts',(-30.6794794703436,-2.9908704993246,4.000582355551));
#3620=CARTESIAN_POINT('Ctrl Pts',(-31.3174022825548,-3.68455494168972,4.));
#3621=CARTESIAN_POINT('Ctrl Pts',(-31.9564020643969,-4.3792375981215,4.));
#3622=CARTESIAN_POINT('Origin',(-48.9317892581091,-11.4551298552221,8.));
#3623=CARTESIAN_POINT('',(-39.95153313704,-4.31335136523796,8.));
#3624=CARTESIAN_POINT('Origin',(-27.2943217538008,-2.29999999999999,0.));
#3625=CARTESIAN_POINT('',(-28.6119688845981,-2.29999999999999,2.3));
#3626=CARTESIAN_POINT('',(-26.0568848867243,-2.3,2.3));
#3627=CARTESIAN_POINT('Origin',(-24.9271692674211,-2.3,5.));
#3628=CARTESIAN_POINT('Origin',(-25.1319482963686,-2.2923992640433,5.));
#3629=CARTESIAN_POINT('',(-35.0558613761504,-9.63328719483943,2.3));
#3630=CARTESIAN_POINT('Ctrl Pts',(-35.0558613761504,-9.63328719483943,2.3));
#3631=CARTESIAN_POINT('Ctrl Pts',(-32.3272541841417,-6.48506756328274,2.3));
#3632=CARTESIAN_POINT('Ctrl Pts',(-28.6119688845981,-2.29999999999999,2.3));
#3633=CARTESIAN_POINT('',(-33.1633080376493,-11.5258405333406,8.14698418492166));
#3634=CARTESIAN_POINT('Origin',(-33.7643488016576,-10.9247997693323,5.));
#3635=CARTESIAN_POINT('',(-26.0922402257838,-4.45477272147507,8.55974904527646));
#3636=CARTESIAN_POINT('Ctrl Pts',(-26.0922402257835,-4.45477272147473,8.55974904527648));
#3637=CARTESIAN_POINT('Ctrl Pts',(-29.8453680186006,-8.2079005142919,8.34143423805567));
#3638=CARTESIAN_POINT('Ctrl Pts',(-33.1633080376493,-11.5258405333406,8.14698418492166));
#3639=CARTESIAN_POINT('Origin',(-26.6932809897921,-3.85373195746682,5.));
#3640=CARTESIAN_POINT('Origin',(-14.071424945612,-43.487067042973,48.8999999999998));
#3641=CARTESIAN_POINT('',(-31.8198051533947,-10.1823376490866,38.8999999999998));
#3642=CARTESIAN_POINT('',(-39.5979797464465,-17.9605122421387,48.8999999999998));
#3643=CARTESIAN_POINT('',(-36.6874102450513,-15.0499427407434,45.1580301244519));
#3644=CARTESIAN_POINT('',(-30.1934595566656,-11.8086832458156,38.8999999999998));
#3645=CARTESIAN_POINT('',(-6.29325035256014,-35.7088924499208,38.8999999999998));
#3646=CARTESIAN_POINT('',(-37.9716341497174,-19.5868578388677,48.9000000000004));
#3647=CARTESIAN_POINT('',(-35.0610646483223,-16.6762883374724,45.1580301244519));
#3648=CARTESIAN_POINT('',(-14.071424945612,-43.487067042973,48.8999999999998));
#3649=CARTESIAN_POINT('Origin',(-15.4856385079851,-44.9012806053461,48.8999999999998));
#3650=CARTESIAN_POINT('',(-32.739043968937,-11.1015764646291,48.8999999999998));
#3651=CARTESIAN_POINT('',(-39.3858477120905,-21.0010714012408,48.9000000000004));
#3652=CARTESIAN_POINT('Origin',(-6.29325035256014,-35.7088924499208,38.8999999999998));
#3653=CARTESIAN_POINT('',(-31.8198051533948,-10.1823376490864,23.3));
#3654=CARTESIAN_POINT('',(-31.8198051533946,-10.1823376490866,47.4002465750391));
#3655=CARTESIAN_POINT('',(-30.1934595566657,-11.8086832458154,23.3));
#3656=CARTESIAN_POINT('',(-6.29325035256028,-35.7088924499206,23.3));
#3657=CARTESIAN_POINT('',(-30.1934595566655,-11.8086832458157,47.400246575039));
#3658=CARTESIAN_POINT('Origin',(-6.29325035256014,-35.7088924499208,38.8999999999998));
#3659=CARTESIAN_POINT('',(-10.1823376490862,-31.8198051533948,38.8999999999998));
#3660=CARTESIAN_POINT('',(-10.1823376490863,-31.8198051533946,23.3));
#3661=CARTESIAN_POINT('',(-10.1823376490863,-31.8198051533946,23.3499999999998));
#3662=CARTESIAN_POINT('',(-11.8086832458152,-30.1934595566658,38.8999999999998));
#3663=CARTESIAN_POINT('',(-6.29325035256014,-35.7088924499208,38.8999999999998));
#3664=CARTESIAN_POINT('',(-11.8086832458154,-30.1934595566656,23.3));
#3665=CARTESIAN_POINT('',(-11.8086832458154,-30.1934595566656,23.3499999999998));
#3666=CARTESIAN_POINT('',(-6.29325035256028,-35.7088924499206,23.3));
#3667=CARTESIAN_POINT('Origin',(-6.29325035256028,-35.7088924499206,23.3));
#3668=CARTESIAN_POINT('',(-39.5979797464469,-17.9605122421384,13.3));
#3669=CARTESIAN_POINT('',(-24.0697000654893,-2.43223256118095,33.2639124773933));
#3670=CARTESIAN_POINT('',(-37.9716341497177,-19.5868578388673,13.3000000000002));
#3671=CARTESIAN_POINT('',(-14.0714249456124,-43.4870670429726,13.3));
#3672=CARTESIAN_POINT('',(-22.4433544687602,-4.05857815791001,33.2639124773933));
#3673=CARTESIAN_POINT('Origin',(-6.29325035256028,-35.7088924499206,23.3));
#3674=CARTESIAN_POINT('',(-17.9605122421384,-39.5979797464466,13.3));
#3675=CARTESIAN_POINT('',(-10.8968034601223,-32.5342709644306,22.3814479638009));
#3676=CARTESIAN_POINT('',(-19.5868578388675,-37.9716341497176,13.2999999999999));
#3677=CARTESIAN_POINT('',(-12.5231490568514,-30.9079253677016,22.3814479638009));
#3678=CARTESIAN_POINT('',(-14.0714249456124,-43.4870670429726,13.3));
#3679=CARTESIAN_POINT('Origin',(-14.0714249456124,-43.4870670429726,13.3));
#3680=CARTESIAN_POINT('',(-32.0319371877508,-10.3944696834422,13.3));
#3681=CARTESIAN_POINT('',(-39.3858477120908,-21.0010714012404,13.3000000000002));
#3682=CARTESIAN_POINT('Origin',(-14.0714249456124,-43.4870670429726,13.3));
#3683=CARTESIAN_POINT('',(-10.3944696834423,-32.0319371877505,13.3));
#3684=CARTESIAN_POINT('',(-21.0010714012406,-39.3858477120907,13.2999999999999));
#3685=CARTESIAN_POINT('Origin',(-14.071424945612,-43.487067042973,48.8999999999998));
#3686=CARTESIAN_POINT('',(-17.9605122421381,-39.597979746447,48.8999999999998));
#3687=CARTESIAN_POINT('',(-6.58537184180153,-28.22283934611,34.2755656108595));
#3688=CARTESIAN_POINT('',(-19.5868578388671,-37.9716341497179,48.8999999999996));
#3689=CARTESIAN_POINT('',(-14.071424945612,-43.487067042973,48.8999999999998));
#3690=CARTESIAN_POINT('',(-8.21171743853061,-26.596493749381,34.2755656108595));
#3691=CARTESIAN_POINT('Origin',(-15.4856385079851,-44.9012806053461,48.8999999999998));
#3692=CARTESIAN_POINT('',(-11.1015764646285,-32.7390439689374,48.8999999999998));
#3693=CARTESIAN_POINT('',(-21.0010714012402,-39.385847712091,48.8999999999996));
#3694=CARTESIAN_POINT('Origin',(-2.82842712474632,-24.4658946290543,7.79999999999976));
#3695=CARTESIAN_POINT('',(-11.5258405333409,-33.163308037649,7.79999999999978));
#3696=CARTESIAN_POINT('',(-2.82842712474632,-24.4658946290543,7.79999999999976));
#3697=CARTESIAN_POINT('',(-11.5258405333409,-33.163308037649,8.14698418492146));
#3698=CARTESIAN_POINT('',(-11.5258405333409,-33.1633080376489,6.39999999999988));
#3699=CARTESIAN_POINT('',(-4.45477272147546,-26.0922402257834,8.55974904527626));
#3700=CARTESIAN_POINT('Ctrl Pts',(-4.45477272147512,-26.0922402257831,8.55974904527628));
#3701=CARTESIAN_POINT('Ctrl Pts',(-8.20790051660709,-29.8453680209151,8.34143423791966));
#3702=CARTESIAN_POINT('Ctrl Pts',(-11.5258405333409,-33.163308037649,8.14698418492146));
#3703=CARTESIAN_POINT('',(-4.4547727214755,-26.0922402257834,3.89999999999991));
#3704=CARTESIAN_POINT('',(-11.5258405333404,-33.1633080376494,55.910430647401));
#3705=CARTESIAN_POINT('',(-11.5258405333407,-33.1633080376492,32.4999999999999));
#3706=CARTESIAN_POINT('',(-2.8284271247458,-24.4658946290547,55.9104306474009));
#3707=CARTESIAN_POINT('Origin',(-22.8395490323252,-4.45477272147547,55.9004931500778));
#3708=CARTESIAN_POINT('',(-37.9716341497178,-19.5868578388673,7.80000000000018));
#3709=CARTESIAN_POINT('',(-37.9716341497174,-19.5868578388676,43.500246575039));
#3710=CARTESIAN_POINT('',(-22.8395490323257,-4.45477272147505,7.80000000000015));
#3711=CARTESIAN_POINT('',(-22.8395490323257,-4.45477272147505,7.80000000000015));
#3712=CARTESIAN_POINT('',(-22.8395490323252,-4.45477272147547,55.9004931500778));
#3713=CARTESIAN_POINT('',(-22.8395490323255,-4.45477272147525,27.9502465750391));
#3714=CARTESIAN_POINT('',(-37.9716341497173,-19.5868578388677,55.9004931500778));
#3715=CARTESIAN_POINT('',(-22.8395490323252,-4.45477272147547,55.9004931500778));
#3716=CARTESIAN_POINT('',(-37.9716341497174,-19.5868578388676,43.500246575039));
#3717=CARTESIAN_POINT('Origin',(-1.62634559672912,-28.9206673505298,0.));
#3718=CARTESIAN_POINT('',(-26.0922402257836,-4.45477272147526,27.9502465750392));
#3719=CARTESIAN_POINT('Origin',(-1.62634559672912,-28.9206673505298,0.));
#3720=CARTESIAN_POINT('',(-24.5915898232951,-5.9554231239639,2.86456052610184));
#3721=CARTESIAN_POINT('',(-24.111457216835,-6.43555573042391,2.3));
#3722=CARTESIAN_POINT('Origin',(-21.2839141137154,-9.26309883354367,7.80000000000005));
#3723=CARTESIAN_POINT('',(-24.9462387371053,-5.60077421015362,2.3));
#3724=CARTESIAN_POINT('Origin',(-26.6932809897921,-3.85373195746682,5.));
#3725=CARTESIAN_POINT('',(-8.44992603517929,-22.0970869120796,2.3));
#3726=CARTESIAN_POINT('Origin',(-25.1319482963686,-2.2923992640433,5.));
#3727=CARTESIAN_POINT('',(-32.4728362271647,-12.2163123438252,2.3));
#3728=CARTESIAN_POINT('Ctrl Pts',(-24.9462387371053,-5.60077421015362,2.3));
#3729=CARTESIAN_POINT('Ctrl Pts',(-29.2527411928846,-9.42540970748539,2.3));
#3730=CARTESIAN_POINT('Ctrl Pts',(-32.4728362271647,-12.2163123438252,2.3));
#3731=CARTESIAN_POINT('',(-31.8651831657691,-12.8239654052207,3.15274548719795));
#3732=CARTESIAN_POINT('Ctrl Pts',(-24.5915898232951,-5.9554231239639,2.86456052610184));
#3733=CARTESIAN_POINT('Ctrl Pts',(-26.8950231315286,-8.12769184339654,2.95246554988513));
#3734=CARTESIAN_POINT('Ctrl Pts',(-29.2259311918469,-10.3286960788872,3.04451649615193));
#3735=CARTESIAN_POINT('Ctrl Pts',(-31.6586639037222,-12.628698047992,3.14425753397897));
#3736=CARTESIAN_POINT('Ctrl Pts',(-31.7619261871774,-12.7263315987761,3.14849814808827));
#3737=CARTESIAN_POINT('Ctrl Pts',(-31.8651831657691,-12.8239654052207,3.15274548719795));
#3738=CARTESIAN_POINT('Origin',(-33.7643488016576,-10.9247997693323,5.));
#3739=CARTESIAN_POINT('Origin',(-33.7643488016576,-10.9247997693323,5.));
#3740=CARTESIAN_POINT('',(-28.0544615435762,-16.6346870274136,2.3));
#3741=CARTESIAN_POINT('',(-33.1633080376493,-11.5258405333406,7.8000000000002));
#3742=CARTESIAN_POINT('Origin',(-28.3549819255807,-16.3341666454091,7.80000000000006));
#3743=CARTESIAN_POINT('',(-33.1633080376491,-11.5258405333408,30.4502465750389));
#3744=CARTESIAN_POINT('Origin',(-1.62634559672912,-28.9206673505298,0.));
#3745=CARTESIAN_POINT('',(-24.7901197646905,-5.75689318256844,59.9));
#3746=CARTESIAN_POINT('',(-24.9462387371053,-5.60077421015363,59.9));
#3747=CARTESIAN_POINT('',(-8.44992603517929,-22.0970869120796,59.9));
#3748=CARTESIAN_POINT('',(-24.8707928714046,-5.67622007585433,59.798343199429));
#3749=CARTESIAN_POINT('Origin',(-26.6932809897921,-3.85373195746682,57.2));
#3750=CARTESIAN_POINT('Origin',(-22.3233877716608,-8.22362517559817,55.8700377445037));
#3751=CARTESIAN_POINT('Origin',(-25.1319482963686,-2.2923992640433,57.2));
#3752=CARTESIAN_POINT('',(-32.1430395985049,-12.546108972485,59.5170503653765));
#3753=CARTESIAN_POINT('Ctrl Pts',(-32.1430395985048,-12.546108972485,59.5170503653765));
#3754=CARTESIAN_POINT('Ctrl Pts',(-31.2847336524415,-11.7335569125603,59.551532944171));
#3755=CARTESIAN_POINT('Ctrl Pts',(-30.4420117211596,-10.9363757403695,59.5849319635826));
#3756=CARTESIAN_POINT('Ctrl Pts',(-28.112526593111,-8.73433779296537,59.6761019641461));
#3757=CARTESIAN_POINT('Ctrl Pts',(-26.5100408865847,-7.22146788453635,59.737386482046));
#3758=CARTESIAN_POINT('Ctrl Pts',(-24.8707928714046,-5.67622007585433,59.798343199429));
#3759=CARTESIAN_POINT('',(-32.4728362271647,-12.2163123438252,59.9));
#3760=CARTESIAN_POINT('Ctrl Pts',(-24.9462387371053,-5.60077421015363,59.9));
#3761=CARTESIAN_POINT('Ctrl Pts',(-29.2527411928848,-9.42540970748551,59.9));
#3762=CARTESIAN_POINT('Ctrl Pts',(-32.4728362271647,-12.2163123438252,59.9));
#3763=CARTESIAN_POINT('Origin',(-33.7643488016576,-10.9247997693323,57.2));
#3764=CARTESIAN_POINT('Origin',(-33.7643488016576,-10.9247997693323,57.2));
#3765=CARTESIAN_POINT('',(-33.1633080376488,-11.5258405333411,55.9104306857892));
#3766=CARTESIAN_POINT('Origin',(-29.3944555835262,-15.2946929874636,55.8700377445037));
#3767=CARTESIAN_POINT('',(-28.0544615435762,-16.6346870274136,59.9));
#3768=CARTESIAN_POINT('',(-33.1633080376488,-11.5258405333411,56.5502465750389));
#3769=CARTESIAN_POINT('Origin',(-24.4658946290543,-2.82842712474642,55.9004931500778));
#3770=CARTESIAN_POINT('',(-24.4658946290543,-2.82842712474643,55.9104306857892));
#3771=CARTESIAN_POINT('',(-24.4658946290548,-2.828427124746,7.80000000000019));
#3772=CARTESIAN_POINT('Origin',(-19.6575685169863,-7.63675323681448,7.80000000000005));
#3773=CARTESIAN_POINT('',(-22.485111620106,-4.80921013369484,2.3));
#3774=CARTESIAN_POINT('Origin',(-24.8194480196478,-24.8194480196478,2.3));
#3775=CARTESIAN_POINT('Origin',(-37.2645273685311,-1.62634559672901,0.));
#3776=CARTESIAN_POINT('Origin',(-24.8194480196478,-24.8194480196478,59.9));
#3777=CARTESIAN_POINT('',(-23.1637741679614,-4.13054758583932,59.9));
#3778=CARTESIAN_POINT('Origin',(-20.6970421749317,-6.59727957886899,55.8700377445037));
#3779=CARTESIAN_POINT('Origin',(-24.8194480196478,-24.8194480196478,2.3));
#3780=CARTESIAN_POINT('',(-6.4355557304241,-24.1114572168348,2.3));
#3781=CARTESIAN_POINT('',(-4.80921013369497,-22.4851116201057,2.3));
#3782=CARTESIAN_POINT('',(-9.6332871948392,-35.0558613761507,2.3));
#3783=CARTESIAN_POINT('Ctrl Pts',(-2.30000000000005,-28.6119688845986,2.3));
#3784=CARTESIAN_POINT('Ctrl Pts',(-6.48506756327925,-32.3272541841391,2.3));
#3785=CARTESIAN_POINT('Ctrl Pts',(-9.6332871948392,-35.0558613761507,2.3));
#3786=CARTESIAN_POINT('',(-12.2163123438249,-32.4728362271649,2.3));
#3787=CARTESIAN_POINT('',(-16.6346870274135,-28.0544615435764,2.3));
#3788=CARTESIAN_POINT('',(-5.60077421015339,-24.9462387371055,2.3));
#3789=CARTESIAN_POINT('Ctrl Pts',(-12.2163123438249,-32.4728362271649,2.3));
#3790=CARTESIAN_POINT('Ctrl Pts',(-9.42540970748646,-29.2527411928863,2.3));
#3791=CARTESIAN_POINT('Ctrl Pts',(-5.60077421015339,-24.9462387371055,2.3));
#3792=CARTESIAN_POINT('',(-8.44992603517929,-22.0970869120796,2.3));
#3793=CARTESIAN_POINT('Origin',(-7.63675323681488,-19.6575685169858,7.79999999999985));
#3794=CARTESIAN_POINT('',(-5.95542312396385,-24.5915898232951,2.86456052610222));
#3795=CARTESIAN_POINT('Origin',(-9.26309883354403,-21.2839141137149,7.79999999999986));
#3796=CARTESIAN_POINT('',(-12.8239654052207,-31.8651831657692,3.15274548719831));
#3797=CARTESIAN_POINT('Ctrl Pts',(-12.8239654052207,-31.8651831657692,3.15274548719831));
#3798=CARTESIAN_POINT('Ctrl Pts',(-12.726331598776,-31.7619261871774,3.14849814808863));
#3799=CARTESIAN_POINT('Ctrl Pts',(-12.6286980479919,-31.6586639037222,3.14425753397933));
#3800=CARTESIAN_POINT('Ctrl Pts',(-10.328696078887,-29.2259311918468,3.04451649615229));
#3801=CARTESIAN_POINT('Ctrl Pts',(-8.12769184339644,-26.8950231315286,2.9524655498855));
#3802=CARTESIAN_POINT('Ctrl Pts',(-5.95542312396385,-24.5915898232951,2.86456052610222));
#3803=CARTESIAN_POINT('Origin',(-16.3341666454095,-28.3549819255804,7.79999999999987));
#3804=CARTESIAN_POINT('Origin',(-2.29239926404307,-25.1319482963688,5.));
#3805=CARTESIAN_POINT('Origin',(-10.9247997693321,-33.7643488016578,5.));
#3806=CARTESIAN_POINT('Origin',(-3.85373195746659,-26.6932809897923,5.));
#3807=CARTESIAN_POINT('Origin',(-2.29239926404307,-25.1319482963688,5.));
#3808=CARTESIAN_POINT('Origin',(-3.85373195746659,-26.6932809897923,5.));
#3809=CARTESIAN_POINT('Origin',(-10.9247997693321,-33.7643488016578,5.));
#3810=CARTESIAN_POINT('Origin',(-6.5972795790757,-20.6970421747248,55.8700377447965));
#3811=CARTESIAN_POINT('',(-12.5461089724913,-32.1430395984986,59.5170503653673));
#3812=CARTESIAN_POINT('Origin',(-15.2946929876703,-29.3944555833196,55.8700377447966));
#3813=CARTESIAN_POINT('',(-5.67622007584503,-24.8707928714139,59.7983431994417));
#3814=CARTESIAN_POINT('Ctrl Pts',(-5.67622007584503,-24.8707928714139,59.7983431994417));
#3815=CARTESIAN_POINT('Ctrl Pts',(-7.22146788206386,-26.5100408839736,59.737386482151));
#3816=CARTESIAN_POINT('Ctrl Pts',(-8.73433778807478,-28.1125265879355,59.676101964347));
#3817=CARTESIAN_POINT('Ctrl Pts',(-10.9363757354915,-30.4420117159974,59.584931963783));
#3818=CARTESIAN_POINT('Ctrl Pts',(-11.7335569100857,-31.2847336498184,59.5515329442696));
#3819=CARTESIAN_POINT('Ctrl Pts',(-12.5461089724913,-32.1430395984986,59.5170503653673));
#3820=CARTESIAN_POINT('',(-5.75689318253596,-24.7901197647229,59.9));
#3821=CARTESIAN_POINT('Origin',(-8.22362517580485,-22.323387771454,55.8700377447965));
#3822=CARTESIAN_POINT('',(-4.13054758580676,-23.1637741679937,59.9));
#3823=CARTESIAN_POINT('Origin',(-2.29239926404307,-25.1319482963688,57.2));
#3824=CARTESIAN_POINT('',(-12.2163123438249,-32.4728362271649,59.9));
#3825=CARTESIAN_POINT('Origin',(-10.9247997693321,-33.7643488016578,57.2));
#3826=CARTESIAN_POINT('',(-5.6007742101534,-24.9462387371055,59.9));
#3827=CARTESIAN_POINT('Ctrl Pts',(-12.2163123438249,-32.4728362271649,59.9));
#3828=CARTESIAN_POINT('Ctrl Pts',(-9.42540970748382,-29.2527411928833,59.9));
#3829=CARTESIAN_POINT('Ctrl Pts',(-5.6007742101534,-24.9462387371055,59.9));
#3830=CARTESIAN_POINT('Origin',(-3.85373195746659,-26.6932809897923,57.2));
#3831=CARTESIAN_POINT('Origin',(-24.8194480196478,-24.8194480196478,59.9));
#3832=CARTESIAN_POINT('',(-8.44992603517929,-22.0970869120796,59.9));
#3833=CARTESIAN_POINT('',(-16.6346870274135,-28.0544615435764,59.9));
#3834=CARTESIAN_POINT('Origin',(-10.9247997693321,-33.7643488016578,57.2));
#3835=CARTESIAN_POINT('Origin',(-1.62634559672912,-28.9206673505298,0.));
#3836=CARTESIAN_POINT('Origin',(-1.62634559672912,-28.9206673505298,0.));
#3837=CARTESIAN_POINT('Origin',(-1.62634559672912,-28.9206673505298,0.));
#3838=CARTESIAN_POINT('Origin',(-12.3743686707646,-48.0125504425666,0.));
#3839=CARTESIAN_POINT('Origin',(-10.9247997693321,-33.7643488016578,5.));
#3840=CARTESIAN_POINT('Origin',(-21.0010714012406,-39.3858477120907,13.2999999999999));
#3841=CARTESIAN_POINT('',(-26.6579256507329,-30.9005663378522,3.29999999999996));
#3842=CARTESIAN_POINT('',(-18.7383297014435,-38.8201622871415,14.5));
#3843=CARTESIAN_POINT('',(-28.072139213106,-32.3147799002253,3.29999999999996));
#3844=CARTESIAN_POINT('Origin',(-28.072139213106,-32.3147799002253,58.9));
#3845=CARTESIAN_POINT('',(-26.6579256507329,-30.9005663378522,58.9));
#3846=CARTESIAN_POINT('',(-22.2738636073763,-35.2846283812088,52.7));
#3847=CARTESIAN_POINT('',(-28.072139213106,-32.3147799002253,58.9));
#3848=CARTESIAN_POINT('Origin',(-32.3147799002253,-28.072139213106,3.30000000000004));
#3849=CARTESIAN_POINT('',(-30.9005663378522,-26.6579256507329,3.30000000000003));
#3850=CARTESIAN_POINT('',(-35.2846283812087,-22.2738636073763,9.49999999999999));
#3851=CARTESIAN_POINT('',(-32.3147799002253,-28.072139213106,3.30000000000004));
#3852=CARTESIAN_POINT('Origin',(-39.3858477120905,-21.0010714012408,48.9000000000004));
#3853=CARTESIAN_POINT('',(-30.9005663378522,-26.6579256507329,58.9000000000001));
#3854=CARTESIAN_POINT('',(-38.8201622871414,-18.7383297014437,47.7000000000003));
#3855=CARTESIAN_POINT('',(-32.3147799002253,-28.072139213106,58.9000000000001));
#3856=CARTESIAN_POINT('Origin',(-19.6575685169863,-7.63675323681446,3.30000000000007));
#3857=CARTESIAN_POINT('',(-22.768838354207,-34.789653634378,3.29999999999986));
#3858=CARTESIAN_POINT('',(-31.7844498143356,-25.7740421742495,3.30000000000005));
#3859=CARTESIAN_POINT('',(-7.63675323681492,-19.6575685169857,3.29999999999983));
#3860=CARTESIAN_POINT('',(-7.63675323681492,-19.6575685169857,3.29999999999983));
#3861=CARTESIAN_POINT('',(-19.6575685169863,-7.63675323681446,3.30000000000007));
#3862=CARTESIAN_POINT('',(-9.82878425849317,-17.4655374953076,3.29999999999988));
#3863=CARTESIAN_POINT('',(-34.7896536343784,-22.7688383542067,3.3000000000001));
#3864=CARTESIAN_POINT('',(-19.6575685169863,-7.63675323681446,3.30000000000007));
#3865=CARTESIAN_POINT('',(-31.7844498143356,-25.7740421742495,3.30000000000005));
#3866=CARTESIAN_POINT('Origin',(-4.45477272147539,-22.8395490323252,7.79999999999979));
#3867=CARTESIAN_POINT('',(-19.5868578388671,-37.971634149718,55.9004931212061));
#3868=CARTESIAN_POINT('',(-19.5868578388674,-37.9716341497176,19.4499999999998));
#3869=CARTESIAN_POINT('',(-4.45477272147487,-22.8395490323256,55.9004931212061));
#3870=CARTESIAN_POINT('',(-4.45477272147487,-22.8395490323256,55.9004931212061));
#3871=CARTESIAN_POINT('',(-4.45477272147539,-22.8395490323252,7.79999999999979));
#3872=CARTESIAN_POINT('',(-4.45477272147551,-22.8395490323253,3.89999999999994));
#3873=CARTESIAN_POINT('',(-19.5868578388675,-37.9716341497175,7.79999999999982));
#3874=CARTESIAN_POINT('',(-4.45477272147539,-22.8395490323252,7.79999999999979));
#3875=CARTESIAN_POINT('',(-19.5868578388674,-37.9716341497176,19.4499999999998));
#3876=CARTESIAN_POINT('Origin',(-28.7792459942924,-28.7792459942926,31.1));
#3877=CARTESIAN_POINT('',(-21.7078294726627,-35.8506625159224,58.8999999999999));
#3878=CARTESIAN_POINT('',(-25.2435377334774,-32.3149542551076,58.8999999999999));
#3879=CARTESIAN_POINT('Origin',(-21.7293646964678,-35.8291272921171,55.8700377447966));
#3880=CARTESIAN_POINT('Origin',(-28.7792459942924,-28.7792459942926,31.1));
#3881=CARTESIAN_POINT('Origin',(-22.768838354207,-34.789653634378,7.79999999999988));
#3882=CARTESIAN_POINT('Origin',(-28.7792459942924,-28.7792459942926,31.1));
#3883=CARTESIAN_POINT('',(-35.8506624955065,-21.7078294930786,58.9000000000001));
#3884=CARTESIAN_POINT('Origin',(-35.8291272923238,-21.7293646962613,55.8700377445037));
#3885=CARTESIAN_POINT('',(-25.2435377334774,-32.3149542551076,58.8999999999999));
#3886=CARTESIAN_POINT('Origin',(-35.9210244842767,-8.34386001800126,8.));
#3887=CARTESIAN_POINT('',(-38.8908729652602,3.60699791743802E-14,8.));
#3888=CARTESIAN_POINT('',(-41.5778787337691,-2.68700576850891,8.));
#3889=CARTESIAN_POINT('',(-27.5771644662755,5.53002571367868E-15,0.));
#3890=CARTESIAN_POINT('Origin',(-27.5771644662755,5.55111512312578E-15,
8.));
#3891=CARTESIAN_POINT('',(-35.9210244842767,-8.34386001800126,0.));
#3892=CARTESIAN_POINT('Origin',(-38.8908729652602,3.5527136788005E-14,0.));
#3893=CARTESIAN_POINT('',(-38.8908729652602,3.60699791743802E-14,0.));
#3894=CARTESIAN_POINT('Origin',(-13.717871555019,-41.2950360212944,8.));
#3895=CARTESIAN_POINT('',(-5.62230186668602E-14,-27.5771644662755,0.));
#3896=CARTESIAN_POINT('',(-13.717871555019,-41.2950360212944,0.));
#3897=CARTESIAN_POINT('Origin',(-5.55111512312578E-14,-27.5771644662755,
8.));
#3898=CARTESIAN_POINT('Origin',(1.23642415750247E-14,-38.8908729652601,
0.));
#3899=CARTESIAN_POINT('',(-5.77315972805081E-14,-27.2943217538007,0.));
#3900=CARTESIAN_POINT('',(1.23642415750247E-14,-38.8908729652601,0.));
#3901=CARTESIAN_POINT('',(-5.77315972805081E-14,-27.2943217538007,0.));
#3902=CARTESIAN_POINT('Origin',(-25.066935393063,-2.22738636073776,57.2));
#3903=CARTESIAN_POINT('',(-24.0416305603425,-3.25269119345826,57.2));
#3904=CARTESIAN_POINT('Origin',(-25.066935393063,-2.22738636073776,57.2));
#3905=CARTESIAN_POINT('',(-31.395589287667,-10.0408680898648,57.2));
#3906=CARTESIAN_POINT('',(-24.0416305603425,-3.25269119345826,57.2));
#3907=CARTESIAN_POINT('Origin',(-32.1380032049285,-9.29845417260324,57.2));
#3908=CARTESIAN_POINT('Origin',(-32.1380032049285,-9.29845417260324,57.2));
#3909=CARTESIAN_POINT('Origin',(-25.066935393063,-2.22738636073777,5.));
#3910=CARTESIAN_POINT('',(-24.0416305603425,-3.25269119345826,5.));
#3911=CARTESIAN_POINT('Origin',(-25.066935393063,-2.22738636073776,5.));
#3912=CARTESIAN_POINT('',(-31.395589287667,-10.0408680898648,5.));
#3913=CARTESIAN_POINT('',(-24.0416305603425,-3.25269119345826,5.));
#3914=CARTESIAN_POINT('Origin',(-32.1380032049285,-9.29845417260324,5.));
#3915=CARTESIAN_POINT('Origin',(-32.1380032049285,-9.29845417260325,5.));
#3916=CARTESIAN_POINT('Origin',(-2.22738636073754,-25.0669353930632,57.2));
#3917=CARTESIAN_POINT('',(-1.20208152801704,-26.0922402257837,57.2));
#3918=CARTESIAN_POINT('Origin',(-2.22738636073753,-25.0669353930632,57.2));
#3919=CARTESIAN_POINT('',(-8.55604025534147,-32.8804171221903,57.2));
#3920=CARTESIAN_POINT('',(-1.20208152801704,-26.0922402257837,57.2));
#3921=CARTESIAN_POINT('Origin',(-9.29845417260301,-32.1380032049287,57.2));
#3922=CARTESIAN_POINT('Origin',(-9.29845417260301,-32.1380032049287,57.2));
#3923=CARTESIAN_POINT('Origin',(-2.22738636073754,-25.0669353930632,5.));
#3924=CARTESIAN_POINT('',(-1.20208152801704,-26.0922402257837,5.));
#3925=CARTESIAN_POINT('Origin',(-2.22738636073753,-25.0669353930632,5.));
#3926=CARTESIAN_POINT('',(-8.55604025534147,-32.8804171221903,5.));
#3927=CARTESIAN_POINT('',(-1.20208152801704,-26.0922402257837,5.));
#3928=CARTESIAN_POINT('Origin',(-9.29845417260301,-32.1380032049287,5.));
#3929=CARTESIAN_POINT('Origin',(-9.29845417260301,-32.1380032049287,5.));
#3930=CARTESIAN_POINT('Origin',(-7.63675323681488,-19.6575685169858,7.79999999999985));
#3931=CARTESIAN_POINT('Origin',(-7.63675323681498,-19.6575685169859,7.79999999999985));
#3932=CARTESIAN_POINT('Origin',(-19.6575685169863,-7.63675323681448,7.80000000000005));
#3933=CARTESIAN_POINT('Origin',(-34.7896536343784,-22.7688383542068,7.80000000000008));
#3934=CARTESIAN_POINT('Origin',(-19.6575685169864,-7.6367532368146,7.80000000000005));
#3935=CARTESIAN_POINT('Origin',(-20.6970421749317,-6.59727957886899,55.8700377445037));
#3936=CARTESIAN_POINT('',(-20.7185773781144,-6.57574437568627,58.9000000000001));
#3937=CARTESIAN_POINT('Origin',(-20.6970421749318,-6.59727957886911,55.8700377445037));
#3938=CARTESIAN_POINT('',(-20.7185773781144,-6.57574437568627,58.9000000000001));
#3939=CARTESIAN_POINT('Origin',(-6.57574435527048,-20.71857739853,58.8999999999998));
#3940=CARTESIAN_POINT('',(-6.57574435527048,-20.71857739853,58.8999999999998));
#3941=CARTESIAN_POINT('',(-3.28787217763505,-24.0064495761657,58.8999999999998));
#3942=CARTESIAN_POINT('',(-6.57574435527048,-20.71857739853,58.8999999999998));
#3943=CARTESIAN_POINT('Origin',(-6.5972795790757,-20.6970421747248,55.8700377447965));
#3944=CARTESIAN_POINT('Origin',(-6.5972795790758,-20.6970421747249,55.8700377447965));
#3945=CARTESIAN_POINT('Origin',(-28.7792459942924,-28.7792459942926,31.1));
#3946=CARTESIAN_POINT('Origin',(-27.2943217538008,4.76652687716082E-15,
0.));
#3947=CARTESIAN_POINT('',(-27.2943217538008,4.76652687716082E-15,0.));
#3948=CARTESIAN_POINT('',(-27.2943217538008,4.76652687716082E-15,0.));
#3949=CARTESIAN_POINT('',(-38.8908729652602,3.60699791743802E-14,0.));
#3950=CARTESIAN_POINT('Origin',(-5.77315972805081E-14,-27.2943217538007,
0.));
#3951=CARTESIAN_POINT('',(-27.2943217538008,4.76652687716082E-15,0.));
#3952=CARTESIAN_POINT('Origin',(-24.8194480196478,-24.8194480196478,0.));
#3953=UNCERTAINTY_MEASURE_WITH_UNIT(LENGTH_MEASURE(0.01),#3957,
'DISTANCE_ACCURACY_VALUE',
'Maximum model space distance between geometric entities at asserted c
onnectivities');
#3954=UNCERTAINTY_MEASURE_WITH_UNIT(LENGTH_MEASURE(0.01),#3957,
'DISTANCE_ACCURACY_VALUE',
'Maximum model space distance between geometric entities at asserted c
onnectivities');
#3955=(
GEOMETRIC_REPRESENTATION_CONTEXT(3)
GLOBAL_UNCERTAINTY_ASSIGNED_CONTEXT((#3953))
GLOBAL_UNIT_ASSIGNED_CONTEXT((#3957,#3958,#3959))
REPRESENTATION_CONTEXT('','3D')
);
#3956=(
GEOMETRIC_REPRESENTATION_CONTEXT(3)
GLOBAL_UNCERTAINTY_ASSIGNED_CONTEXT((#3954))
GLOBAL_UNIT_ASSIGNED_CONTEXT((#3957,#3958,#3959))
REPRESENTATION_CONTEXT('','3D')
);
#3957=(
LENGTH_UNIT()
NAMED_UNIT(*)
SI_UNIT(.MILLI.,.METRE.)
);
#3958=(
NAMED_UNIT(*)
PLANE_ANGLE_UNIT()
SI_UNIT($,.RADIAN.)
);
#3959=(
NAMED_UNIT(*)
SI_UNIT($,.STERADIAN.)
SOLID_ANGLE_UNIT()
);
#3960=SHAPE_DEFINITION_REPRESENTATION(#3961,#3962);
#3961=PRODUCT_DEFINITION_SHAPE('',$,#3964);
#3962=SHAPE_REPRESENTATION('',(#2313),#3955);
#3963=PRODUCT_DEFINITION_CONTEXT('part definition',#3968,'design');
#3964=PRODUCT_DEFINITION('ESPHome Multi-Sensor-Enclosure',
'ESPHome Multi-Sensor-Enclosure v122',#3965,#3963);
#3965=PRODUCT_DEFINITION_FORMATION('',$,#3970);
#3966=PRODUCT_RELATED_PRODUCT_CATEGORY(
'ESPHome Multi-Sensor-Enclosure v122',
'ESPHome Multi-Sensor-Enclosure v122',(#3970));
#3967=APPLICATION_PROTOCOL_DEFINITION('international standard',
'automotive_design',2009,#3968);
#3968=APPLICATION_CONTEXT(
'Core Data for Automotive Mechanical Design Process');
#3969=PRODUCT_CONTEXT('part definition',#3968,'mechanical');
#3970=PRODUCT('ESPHome Multi-Sensor-Enclosure',
'ESPHome Multi-Sensor-Enclosure v122',$,(#3969));
#3971=PRESENTATION_STYLE_ASSIGNMENT((#3973));
#3972=PRESENTATION_STYLE_ASSIGNMENT((#3974));
#3973=SURFACE_STYLE_USAGE(.BOTH.,#3975);
#3974=SURFACE_STYLE_USAGE(.BOTH.,#3976);
#3975=SURFACE_SIDE_STYLE('',(#3977));
#3976=SURFACE_SIDE_STYLE('',(#3978));
#3977=SURFACE_STYLE_FILL_AREA(#3979);
#3978=SURFACE_STYLE_FILL_AREA(#3980);
#3979=FILL_AREA_STYLE('Steel - Satin',(#3981));
#3980=FILL_AREA_STYLE('Plastic - Matte (White)',(#3982));
#3981=FILL_AREA_STYLE_COLOUR('Steel - Satin',#3983);
#3982=FILL_AREA_STYLE_COLOUR('Plastic - Matte (White)',#3984);
#3983=COLOUR_RGB('Steel - Satin',0.627450980392157,0.627450980392157,0.627450980392157);
#3984=COLOUR_RGB('Plastic - Matte (White)',0.964705882352941,0.964705882352941,
0.952941176470588);
ENDSEC;
END-ISO-10303-21;
