ISO-10303-21;
HEADER;
/* Generated by software containing ST-Developer
 * from STEP Tools, Inc. (www.steptools.com) 
 */

FILE_DESCRIPTION(
/* description */ (''),
/* implementation_level */ '2;1');

FILE_NAME(
/* name */ 'ESPHome-Indoor-Multi-Sensor-Corner-Corner-Mount-5.step',
/* time_stamp */ '2025-10-02T13:33:27-05:00',
/* author */ (''),
/* organization */ (''),
/* preprocessor_version */ 'ST-DEVELOPER v20.1',
/* originating_system */ 'Autodesk Translation Framework v14.17.0.0',
/* authorisation */ '');

FILE_SCHEMA (('AUTOMOTIVE_DESIGN { 1 0 10303 214 3 1 1 }'));
ENDSEC;

DATA;
#10=MECHANICAL_DESIGN_GEOMETRIC_PRESENTATION_REPRESENTATION('',(#13),#3455);
#11=SHAPE_REPRESENTATION_RELATIONSHIP('SRR','None',#3461,#12);
#12=ADVANCED_BREP_SHAPE_REPRESENTATION('',(#14),#3454);
#13=STYLED_ITEM('',(#3471),#14);
#14=MANIFOLD_SOLID_BREP('Corner Mount',#1674);
#15=CYLINDRICAL_SURFACE('',#1695,1.7);
#16=CYLINDRICAL_SURFACE('',#1699,3.);
#17=CYLINDRICAL_SURFACE('',#1701,3.);
#18=CYLINDRICAL_SURFACE('',#1703,3.15);
#19=CYLINDRICAL_SURFACE('',#1708,3.15);
#20=CYLINDRICAL_SURFACE('',#1731,0.5);
#21=CYLINDRICAL_SURFACE('',#1738,0.5);
#22=CYLINDRICAL_SURFACE('',#1745,0.5);
#23=CYLINDRICAL_SURFACE('',#1746,0.5);
#24=CYLINDRICAL_SURFACE('',#1753,0.5);
#25=CYLINDRICAL_SURFACE('',#1754,3.);
#26=CYLINDRICAL_SURFACE('',#1755,0.5);
#27=CYLINDRICAL_SURFACE('',#1756,0.5);
#28=CYLINDRICAL_SURFACE('',#1757,1.);
#29=CYLINDRICAL_SURFACE('',#1758,0.5);
#30=CYLINDRICAL_SURFACE('',#1759,1.);
#31=CYLINDRICAL_SURFACE('',#1760,0.5);
#32=CYLINDRICAL_SURFACE('',#1762,0.5);
#33=CYLINDRICAL_SURFACE('',#1763,0.5);
#34=CYLINDRICAL_SURFACE('',#1765,0.5);
#35=CYLINDRICAL_SURFACE('',#1767,0.5);
#36=CYLINDRICAL_SURFACE('',#1769,0.5);
#37=CYLINDRICAL_SURFACE('',#1773,0.5);
#38=CYLINDRICAL_SURFACE('',#1777,0.5);
#39=CYLINDRICAL_SURFACE('',#1779,0.5);
#40=CONICAL_SURFACE('',#1691,2.425,0.785398163397448);
#41=CIRCLE('',#1689,3.15);
#42=CIRCLE('',#1690,3.15);
#43=CIRCLE('',#1692,3.15);
#44=CIRCLE('',#1693,1.7);
#45=CIRCLE('',#1694,3.15);
#46=CIRCLE('',#1709,3.15);
#47=CIRCLE('',#1711,3.15);
#48=CIRCLE('',#1718,0.500000000000001);
#49=CIRCLE('',#1720,0.499999999999998);
#50=CIRCLE('',#1721,0.499999999999998);
#51=CIRCLE('',#1723,0.499999999999998);
#52=CIRCLE('',#1726,0.500000000000003);
#53=CIRCLE('',#1728,0.499999999999999);
#54=CIRCLE('',#1729,0.500000000000005);
#55=CIRCLE('',#1730,0.499999999999999);
#56=CIRCLE('',#1735,0.499999999999998);
#57=CIRCLE('',#1737,0.500000000000002);
#58=CIRCLE('',#1739,0.500000000000003);
#59=CIRCLE('',#1741,0.500000000000003);
#60=CIRCLE('',#1743,0.499999999999999);
#61=CIRCLE('',#1744,0.499999999999998);
#62=CIRCLE('',#1750,0.499999999999999);
#63=CIRCLE('',#1752,0.499999999999998);
#64=ELLIPSE('',#1686,4.35861698905267,2.5);
#65=ELLIPSE('',#1687,4.35861698905267,2.5);
#66=ELLIPSE('',#1696,1.85768889867987,1.7);
#67=ELLIPSE('',#1697,1.82367433405085,1.7);
#68=ELLIPSE('',#1700,3.00796262676828,3.);
#69=ELLIPSE('',#1702,4.6634259999767,3.);
#70=ELLIPSE('',#1704,3.37916126603575,3.15);
#71=ELLIPSE('',#1705,7.81266127138134,3.15);
#72=ELLIPSE('',#1706,3.44218825343623,3.15);
#73=ELLIPSE('',#1707,7.81266127138134,3.15);
#74=ELLIPSE('',#1710,3.4421882534362,3.15);
#75=ELLIPSE('',#1714,0.501909918771674,0.5);
#76=ELLIPSE('',#1715,0.501909918771674,0.5);
#77=ELLIPSE('',#1717,0.501909918771673,0.499999999999999);
#78=ELLIPSE('',#1719,1.00095632600098,1.);
#79=ELLIPSE('',#1722,1.00095632600098,0.999999999999999);
#80=ELLIPSE('',#1724,0.501909918771676,0.500000000000002);
#81=ELLIPSE('',#1725,1.00095632600098,1.);
#82=ELLIPSE('',#1727,0.501909918771675,0.500000000000001);
#83=ELLIPSE('',#1732,0.535109349823104,0.5);
#84=ELLIPSE('',#1733,0.752448676471191,0.5);
#85=ELLIPSE('',#1734,1.00095632600098,0.999999999999999);
#86=ELLIPSE('',#1736,0.501909918771672,0.499999999999998);
#87=ELLIPSE('',#1740,2.50954959385837,2.5);
#88=ELLIPSE('',#1742,4.6634259999767,3.);
#89=ELLIPSE('',#1747,0.752448676471188,0.5);
#90=ELLIPSE('',#1748,0.535109349823115,0.5);
#91=ELLIPSE('',#1749,2.50954959385837,2.5);
#92=ELLIPSE('',#1751,3.00796262676828,3.);
#93=ELLIPSE('',#1761,0.707106781186545,0.5);
#94=ELLIPSE('',#1764,0.707106781186551,0.5);
#95=ELLIPSE('',#1766,0.540982764505359,0.5);
#96=ELLIPSE('',#1768,0.540982764505385,0.5);
#97=ELLIPSE('',#1770,0.708458584930448,0.5);
#98=ELLIPSE('',#1771,0.540982764505358,0.5);
#99=ELLIPSE('',#1772,0.708458584930455,0.5);
#100=ELLIPSE('',#1774,0.708458584930262,0.5);
#101=ELLIPSE('',#1775,0.708458584930262,0.5);
#102=ELLIPSE('',#1776,0.54098276450539,0.5);
#103=ELLIPSE('',#1778,0.501909918771674,0.5);
#104=ELLIPSE('',#1780,0.501909918771674,0.5);
#105=FACE_BOUND('',#347,.T.);
#106=FACE_BOUND('',#349,.T.);
#107=FACE_BOUND('',#350,.T.);
#108=FACE_BOUND('',#398,.T.);
#109=B_SPLINE_CURVE_WITH_KNOTS('',3,(#2176,#2177,#2178,#2179,#2180),
 .UNSPECIFIED.,.F.,.F.,(4,1,4),(0.,0.0343262068168755,0.0634916940304235),
 .UNSPECIFIED.);
#110=B_SPLINE_CURVE_WITH_KNOTS('',3,(#2182,#2183,#2184,#2185,#2186),
 .UNSPECIFIED.,.F.,.F.,(4,1,4),(-0.0634916940304235,-0.0343262068168755,
0.),.UNSPECIFIED.);
#111=B_SPLINE_CURVE_WITH_KNOTS('',3,(#2199,#2200,#2201,#2202,#2203),
 .UNSPECIFIED.,.F.,.F.,(4,1,4),(0.,0.027060677373724,0.0547882765753457),
 .UNSPECIFIED.);
#112=B_SPLINE_CURVE_WITH_KNOTS('',3,(#2205,#2206,#2207,#2208,#2209),
 .UNSPECIFIED.,.F.,.F.,(4,1,4),(-0.0547882765753457,-0.027060677373724,
0.),.UNSPECIFIED.);
#113=B_SPLINE_CURVE_WITH_KNOTS('',3,(#2222,#2223,#2224,#2225,#2226),
 .UNSPECIFIED.,.F.,.F.,(4,1,4),(0.,0.0334174682304893,0.0672799735192165),
 .UNSPECIFIED.);
#114=B_SPLINE_CURVE_WITH_KNOTS('',3,(#2228,#2229,#2230,#2231,#2232),
 .UNSPECIFIED.,.F.,.F.,(4,1,4),(-0.0672799735192165,-0.0334174682304893,
0.),.UNSPECIFIED.);
#115=B_SPLINE_CURVE_WITH_KNOTS('',3,(#2245,#2246,#2247,#2248,#2249),
 .UNSPECIFIED.,.F.,.F.,(4,1,4),(0.,0.0361486803132681,0.0764552440141799),
 .UNSPECIFIED.);
#116=B_SPLINE_CURVE_WITH_KNOTS('',3,(#2251,#2252,#2253,#2254,#2255),
 .UNSPECIFIED.,.F.,.F.,(4,1,4),(-0.0764552440141799,-0.0361486803132681,
0.),.UNSPECIFIED.);
#117=B_SPLINE_CURVE_WITH_KNOTS('',3,(#2268,#2269,#2270,#2271,#2272),
 .UNSPECIFIED.,.F.,.F.,(4,1,4),(0.,0.0380455802268202,0.0717803927234001),
 .UNSPECIFIED.);
#118=B_SPLINE_CURVE_WITH_KNOTS('',3,(#2274,#2275,#2276,#2277,#2278),
 .UNSPECIFIED.,.F.,.F.,(4,1,4),(-0.0717803927234001,-0.0380455802268202,
0.),.UNSPECIFIED.);
#119=B_SPLINE_CURVE_WITH_KNOTS('',3,(#2291,#2292,#2293,#2294,#2295),
 .UNSPECIFIED.,.F.,.F.,(4,1,4),(0.,0.0327769854737506,0.0678560249511516),
 .UNSPECIFIED.);
#120=B_SPLINE_CURVE_WITH_KNOTS('',3,(#2297,#2298,#2299,#2300,#2301),
 .UNSPECIFIED.,.F.,.F.,(4,1,4),(-0.0678560249511516,-0.0327769854737506,
0.),.UNSPECIFIED.);
#121=B_SPLINE_CURVE_WITH_KNOTS('',3,(#2314,#2315,#2316,#2317,#2318),
 .UNSPECIFIED.,.F.,.F.,(4,1,4),(0.,0.0227386772685221,0.0445508607090737),
 .UNSPECIFIED.);
#122=B_SPLINE_CURVE_WITH_KNOTS('',3,(#2320,#2321,#2322,#2323,#2324),
 .UNSPECIFIED.,.F.,.F.,(4,1,4),(-0.0445508607090737,-0.0227386772685221,
0.),.UNSPECIFIED.);
#123=B_SPLINE_CURVE_WITH_KNOTS('',3,(#2337,#2338,#2339,#2340,#2341),
 .UNSPECIFIED.,.F.,.F.,(4,1,4),(0.,0.0210735191608535,0.0413446133953903),
 .UNSPECIFIED.);
#124=B_SPLINE_CURVE_WITH_KNOTS('',3,(#2343,#2344,#2345,#2346,#2347),
 .UNSPECIFIED.,.F.,.F.,(4,1,4),(-0.0413446133953903,-0.0210735191608535,
0.),.UNSPECIFIED.);
#125=B_SPLINE_CURVE_WITH_KNOTS('',3,(#2396,#2397,#2398,#2399,#2400),
 .UNSPECIFIED.,.F.,.F.,(4,1,4),(0.,0.0414280072470476,0.0806105649536077),
 .UNSPECIFIED.);
#126=B_SPLINE_CURVE_WITH_KNOTS('',3,(#2402,#2403,#2404,#2405,#2406),
 .UNSPECIFIED.,.F.,.F.,(4,1,4),(-0.0806105649536077,-0.0414280072470476,
0.),.UNSPECIFIED.);
#127=B_SPLINE_CURVE_WITH_KNOTS('',3,(#2419,#2420,#2421,#2422,#2423),
 .UNSPECIFIED.,.F.,.F.,(4,1,4),(0.,0.0491394058925876,0.0976110964132659),
 .UNSPECIFIED.);
#128=B_SPLINE_CURVE_WITH_KNOTS('',3,(#2425,#2426,#2427,#2428,#2429),
 .UNSPECIFIED.,.F.,.F.,(4,1,4),(-0.0976110964132659,-0.0491394058925876,
0.),.UNSPECIFIED.);
#129=B_SPLINE_CURVE_WITH_KNOTS('',3,(#2442,#2443,#2444,#2445,#2446),
 .UNSPECIFIED.,.F.,.F.,(4,1,4),(0.,0.0494945342624665,0.102112398917737),
 .UNSPECIFIED.);
#130=B_SPLINE_CURVE_WITH_KNOTS('',3,(#2448,#2449,#2450,#2451,#2452),
 .UNSPECIFIED.,.F.,.F.,(4,1,4),(-0.102112398917737,-0.0494945342624665,
0.),.UNSPECIFIED.);
#131=B_SPLINE_CURVE_WITH_KNOTS('',3,(#2465,#2466,#2467,#2468,#2469),
 .UNSPECIFIED.,.F.,.F.,(4,1,4),(0.,0.0512287281721018,0.100562189626713),
 .UNSPECIFIED.);
#132=B_SPLINE_CURVE_WITH_KNOTS('',3,(#2471,#2472,#2473,#2474,#2475),
 .UNSPECIFIED.,.F.,.F.,(4,1,4),(-0.100562189626713,-0.0512287281721018,
0.),.UNSPECIFIED.);
#133=B_SPLINE_CURVE_WITH_KNOTS('',3,(#2488,#2489,#2490,#2491,#2492),
 .UNSPECIFIED.,.F.,.F.,(4,1,4),(0.,0.0582827764347015,0.119057824537744),
 .UNSPECIFIED.);
#134=B_SPLINE_CURVE_WITH_KNOTS('',3,(#2494,#2495,#2496,#2497,#2498),
 .UNSPECIFIED.,.F.,.F.,(4,1,4),(-0.119057824537744,-0.0582827764347015,
0.),.UNSPECIFIED.);
#135=B_SPLINE_CURVE_WITH_KNOTS('',3,(#2511,#2512,#2513,#2514,#2515),
 .UNSPECIFIED.,.F.,.F.,(4,1,4),(0.,0.0501420464300408,0.0958353934389369),
 .UNSPECIFIED.);
#136=B_SPLINE_CURVE_WITH_KNOTS('',3,(#2517,#2518,#2519,#2520,#2521),
 .UNSPECIFIED.,.F.,.F.,(4,1,4),(-0.0958353934389369,-0.0501420464300408,
0.),.UNSPECIFIED.);
#137=B_SPLINE_CURVE_WITH_KNOTS('',3,(#2533,#2534,#2535,#2536,#2537),
 .UNSPECIFIED.,.F.,.F.,(4,1,4),(0.,0.0447013053317652,0.091835786383801),
 .UNSPECIFIED.);
#138=B_SPLINE_CURVE_WITH_KNOTS('',3,(#2538,#2539,#2540,#2541,#2542),
 .UNSPECIFIED.,.F.,.F.,(4,1,4),(-0.091835786383801,-0.0447013053317652,
0.),.UNSPECIFIED.);
#139=B_SPLINE_CURVE_WITH_KNOTS('',3,(#2556,#2557,#2558,#2559,#2560),
 .UNSPECIFIED.,.F.,.F.,(4,1,4),(0.,0.018020413129216,0.0360412982324304),
 .UNSPECIFIED.);
#140=B_SPLINE_CURVE_WITH_KNOTS('',3,(#2564,#2565,#2566,#2567,#2568),
 .UNSPECIFIED.,.F.,.F.,(4,1,4),(-0.0360412982324304,-0.018020413129216,
0.),.UNSPECIFIED.);
#141=B_SPLINE_CURVE_WITH_KNOTS('',3,(#2581,#2582,#2583,#2584,#2585),
 .UNSPECIFIED.,.F.,.F.,(4,1,4),(0.,0.0180209186071566,0.0360413442583126),
 .UNSPECIFIED.);
#142=B_SPLINE_CURVE_WITH_KNOTS('',3,(#2587,#2588,#2589,#2590,#2591),
 .UNSPECIFIED.,.F.,.F.,(4,1,4),(-0.0360413442583126,-0.0180209186071566,
0.),.UNSPECIFIED.);
#143=B_SPLINE_CURVE_WITH_KNOTS('',3,(#2604,#2605,#2606,#2607,#2608),
 .UNSPECIFIED.,.F.,.F.,(4,1,4),(0.,0.0178194153220514,0.0357838637848759),
 .UNSPECIFIED.);
#144=B_SPLINE_CURVE_WITH_KNOTS('',3,(#2610,#2611,#2612,#2613,#2614),
 .UNSPECIFIED.,.F.,.F.,(4,1,4),(-0.0357838637848759,-0.0178194153220514,
0.),.UNSPECIFIED.);
#145=B_SPLINE_CURVE_WITH_KNOTS('',3,(#2627,#2628,#2629,#2630,#2631),
 .UNSPECIFIED.,.F.,.F.,(4,1,4),(0.,0.0180209767596998,0.0360413382777652),
 .UNSPECIFIED.);
#146=B_SPLINE_CURVE_WITH_KNOTS('',3,(#2633,#2634,#2635,#2636,#2637),
 .UNSPECIFIED.,.F.,.F.,(4,1,4),(-0.0360413382777652,-0.0180209767596998,
0.),.UNSPECIFIED.);
#147=B_SPLINE_CURVE_WITH_KNOTS('',3,(#2650,#2651,#2652,#2653,#2654),
 .UNSPECIFIED.,.F.,.F.,(4,1,4),(0.,0.018020413129216,0.0360412982324304),
 .UNSPECIFIED.);
#148=B_SPLINE_CURVE_WITH_KNOTS('',3,(#2656,#2657,#2658,#2659,#2660),
 .UNSPECIFIED.,.F.,.F.,(4,1,4),(-0.0360412982324304,-0.018020413129216,
0.),.UNSPECIFIED.);
#149=B_SPLINE_CURVE_WITH_KNOTS('',3,(#2673,#2674,#2675,#2676,#2677),
 .UNSPECIFIED.,.F.,.F.,(4,1,4),(0.,0.0179645301091114,0.0357838283815696),
 .UNSPECIFIED.);
#150=B_SPLINE_CURVE_WITH_KNOTS('',3,(#2679,#2680,#2681,#2682,#2683),
 .UNSPECIFIED.,.F.,.F.,(4,1,4),(-0.0357838283815696,-0.0179645301091114,
0.),.UNSPECIFIED.);
#151=B_SPLINE_CURVE_WITH_KNOTS('',3,(#2696,#2697,#2698,#2699,#2700),
 .UNSPECIFIED.,.F.,.F.,(4,1,4),(0.,0.0180204312352848,0.0360413163384992),
 .UNSPECIFIED.);
#152=B_SPLINE_CURVE_WITH_KNOTS('',3,(#2702,#2703,#2704,#2705,#2706),
 .UNSPECIFIED.,.F.,.F.,(4,1,4),(-0.0360413163384992,-0.0180204312352848,
0.),.UNSPECIFIED.);
#153=B_SPLINE_CURVE_WITH_KNOTS('',3,(#2718,#2719,#2720,#2721,#2722),
 .UNSPECIFIED.,.F.,.F.,(4,1,4),(0.,0.0180209521112337,0.0360413429038029),
 .UNSPECIFIED.);
#154=B_SPLINE_CURVE_WITH_KNOTS('',3,(#2723,#2724,#2725,#2726,#2727),
 .UNSPECIFIED.,.F.,.F.,(4,1,4),(-0.0360413429038029,-0.0180209521112337,
0.),.UNSPECIFIED.);
#155=B_SPLINE_CURVE_WITH_KNOTS('',3,(#2740,#2741,#2742,#2743,#2744),
 .UNSPECIFIED.,.F.,.F.,(4,1,4),(0.,0.0295856740775549,0.0591577065269372),
 .UNSPECIFIED.);
#156=B_SPLINE_CURVE_WITH_KNOTS('',3,(#2748,#2749,#2750,#2751,#2752),
 .UNSPECIFIED.,.F.,.F.,(4,1,4),(-0.0591577065269372,-0.0295856740775549,
0.),.UNSPECIFIED.);
#157=B_SPLINE_CURVE_WITH_KNOTS('',3,(#2765,#2766,#2767,#2768,#2769),
 .UNSPECIFIED.,.F.,.F.,(4,1,4),(0.,0.0295426661723273,0.0589544133129209),
 .UNSPECIFIED.);
#158=B_SPLINE_CURVE_WITH_KNOTS('',3,(#2771,#2772,#2773,#2774,#2775),
 .UNSPECIFIED.,.F.,.F.,(4,1,4),(-0.0589544133129209,-0.0295426661723273,
0.),.UNSPECIFIED.);
#159=B_SPLINE_CURVE_WITH_KNOTS('',3,(#2788,#2789,#2790,#2791,#2792),
 .UNSPECIFIED.,.F.,.F.,(4,1,4),(0.,0.0297803030411244,0.0593511970677272),
 .UNSPECIFIED.);
#160=B_SPLINE_CURVE_WITH_KNOTS('',3,(#2794,#2795,#2796,#2797,#2798),
 .UNSPECIFIED.,.F.,.F.,(4,1,4),(-0.0593511970677272,-0.0297803030411244,
0.),.UNSPECIFIED.);
#161=B_SPLINE_CURVE_WITH_KNOTS('',3,(#2811,#2812,#2813,#2814,#2815),
 .UNSPECIFIED.,.F.,.F.,(4,1,4),(0.,0.0295143344382189,0.0590936432988141),
 .UNSPECIFIED.);
#162=B_SPLINE_CURVE_WITH_KNOTS('',3,(#2817,#2818,#2819,#2820,#2821),
 .UNSPECIFIED.,.F.,.F.,(4,1,4),(-0.0590936432988141,-0.0295143344382189,
0.),.UNSPECIFIED.);
#163=B_SPLINE_CURVE_WITH_KNOTS('',3,(#2834,#2835,#2836,#2837,#2838),
 .UNSPECIFIED.,.F.,.F.,(4,1,4),(0.,0.029619168212096,0.0592757195605488),
 .UNSPECIFIED.);
#164=B_SPLINE_CURVE_WITH_KNOTS('',3,(#2840,#2841,#2842,#2843,#2844),
 .UNSPECIFIED.,.F.,.F.,(4,1,4),(-0.0592757195605488,-0.029619168212096,
0.),.UNSPECIFIED.);
#165=B_SPLINE_CURVE_WITH_KNOTS('',3,(#2857,#2858,#2859,#2860,#2861),
 .UNSPECIFIED.,.F.,.F.,(4,1,4),(0.,0.0296565838744748,0.0592757744611307),
 .UNSPECIFIED.);
#166=B_SPLINE_CURVE_WITH_KNOTS('',3,(#2863,#2864,#2865,#2866,#2867),
 .UNSPECIFIED.,.F.,.F.,(4,1,4),(-0.0592757744611307,-0.0296565838744748,
0.),.UNSPECIFIED.);
#167=B_SPLINE_CURVE_WITH_KNOTS('',3,(#2880,#2881,#2882,#2883,#2884),
 .UNSPECIFIED.,.F.,.F.,(4,1,4),(0.,0.0294117527392122,0.0589544189115395),
 .UNSPECIFIED.);
#168=B_SPLINE_CURVE_WITH_KNOTS('',3,(#2886,#2887,#2888,#2889,#2890),
 .UNSPECIFIED.,.F.,.F.,(4,1,4),(-0.0589544189115395,-0.0294117527392122,
0.),.UNSPECIFIED.);
#169=B_SPLINE_CURVE_WITH_KNOTS('',3,(#2902,#2903,#2904,#2905,#2906),
 .UNSPECIFIED.,.F.,.F.,(4,1,4),(0.,0.0296283234671108,0.0594150224146891),
 .UNSPECIFIED.);
#170=B_SPLINE_CURVE_WITH_KNOTS('',3,(#2907,#2908,#2909,#2910,#2911),
 .UNSPECIFIED.,.F.,.F.,(4,1,4),(-0.0594150224146891,-0.0296283234671108,
0.),.UNSPECIFIED.);
#171=B_SPLINE_CURVE_WITH_KNOTS('',3,(#2946,#2947,#2948,#2949,#2950,#2951),
 .UNSPECIFIED.,.F.,.F.,(4,2,4),(-0.324278029389076,-0.258580440129973,-0.247276057873935),
 .UNSPECIFIED.);
#172=B_SPLINE_CURVE_WITH_KNOTS('',3,(#2955,#2956,#2957,#2958,#2959,#2960,
#2961,#2962,#2963,#2964,#2965,#2966),.UNSPECIFIED.,.F.,.F.,(4,2,2,2,2,4),
(0.035553141005485,0.0652584112880192,0.130516822576038,0.194546998241753,
0.258577173907468,0.324381288831252),.UNSPECIFIED.);
#173=B_SPLINE_CURVE_WITH_KNOTS('',3,(#2969,#2970,#2971,#2972,#2973,#2974,
#2975,#2976,#2977,#2978),.UNSPECIFIED.,.F.,.F.,(4,2,2,2,4),(-0.247276057873935,
-0.193920477875957,-0.12926051562194,-0.0646302578109703,-0.0355346706261955),
 .UNSPECIFIED.);
#174=B_SPLINE_SURFACE_WITH_KNOTS('',3,1,((#2165,#2166),(#2167,#2168),(#2169,
#2170),(#2171,#2172),(#2173,#2174)),.UNSPECIFIED.,.F.,.F.,.F.,(4,1,4),(2,
2),(-0.0634916940304235,-0.0343262068168755,0.),(0.,0.0500000000000001),
 .UNSPECIFIED.);
#175=B_SPLINE_SURFACE_WITH_KNOTS('',3,1,((#2188,#2189),(#2190,#2191),(#2192,
#2193),(#2194,#2195),(#2196,#2197)),.UNSPECIFIED.,.F.,.F.,.F.,(4,1,4),(2,
2),(-0.0547882765753457,-0.027060677373724,0.),(0.,0.0500000000000001),
 .UNSPECIFIED.);
#176=B_SPLINE_SURFACE_WITH_KNOTS('',3,1,((#2211,#2212),(#2213,#2214),(#2215,
#2216),(#2217,#2218),(#2219,#2220)),.UNSPECIFIED.,.F.,.F.,.F.,(4,1,4),(2,
2),(-0.0672799735192165,-0.0334174682304893,0.),(0.,0.0500000000000001),
 .UNSPECIFIED.);
#177=B_SPLINE_SURFACE_WITH_KNOTS('',3,1,((#2234,#2235),(#2236,#2237),(#2238,
#2239),(#2240,#2241),(#2242,#2243)),.UNSPECIFIED.,.F.,.F.,.F.,(4,1,4),(2,
2),(-0.0764552440141799,-0.0361486803132681,0.),(0.,0.0500000000000001),
 .UNSPECIFIED.);
#178=B_SPLINE_SURFACE_WITH_KNOTS('',3,1,((#2257,#2258),(#2259,#2260),(#2261,
#2262),(#2263,#2264),(#2265,#2266)),.UNSPECIFIED.,.F.,.F.,.F.,(4,1,4),(2,
2),(-0.0717803927234001,-0.0380455802268202,0.),(0.,0.0500000000000001),
 .UNSPECIFIED.);
#179=B_SPLINE_SURFACE_WITH_KNOTS('',3,1,((#2280,#2281),(#2282,#2283),(#2284,
#2285),(#2286,#2287),(#2288,#2289)),.UNSPECIFIED.,.F.,.F.,.F.,(4,1,4),(2,
2),(-0.0678560249511516,-0.0327769854737506,0.),(0.,0.0500000000000001),
 .UNSPECIFIED.);
#180=B_SPLINE_SURFACE_WITH_KNOTS('',3,1,((#2303,#2304),(#2305,#2306),(#2307,
#2308),(#2309,#2310),(#2311,#2312)),.UNSPECIFIED.,.F.,.F.,.F.,(4,1,4),(2,
2),(-0.0445508607090737,-0.0227386772685221,0.),(0.,0.0500000000000001),
 .UNSPECIFIED.);
#181=B_SPLINE_SURFACE_WITH_KNOTS('',3,1,((#2326,#2327),(#2328,#2329),(#2330,
#2331),(#2332,#2333),(#2334,#2335)),.UNSPECIFIED.,.F.,.F.,.F.,(4,1,4),(2,
2),(-0.0413446133953903,-0.0210735191608535,0.),(0.,0.0500000000000001),
 .UNSPECIFIED.);
#182=B_SPLINE_SURFACE_WITH_KNOTS('',3,1,((#2385,#2386),(#2387,#2388),(#2389,
#2390),(#2391,#2392),(#2393,#2394)),.UNSPECIFIED.,.F.,.F.,.F.,(4,1,4),(2,
2),(-0.0806105649536077,-0.0414280072470476,0.),(0.,0.0500000000000001),
 .UNSPECIFIED.);
#183=B_SPLINE_SURFACE_WITH_KNOTS('',3,1,((#2408,#2409),(#2410,#2411),(#2412,
#2413),(#2414,#2415),(#2416,#2417)),.UNSPECIFIED.,.F.,.F.,.F.,(4,1,4),(2,
2),(-0.0976110964132659,-0.0491394058925876,0.),(0.,0.0500000000000001),
 .UNSPECIFIED.);
#184=B_SPLINE_SURFACE_WITH_KNOTS('',3,1,((#2431,#2432),(#2433,#2434),(#2435,
#2436),(#2437,#2438),(#2439,#2440)),.UNSPECIFIED.,.F.,.F.,.F.,(4,1,4),(2,
2),(-0.102112398917737,-0.0494945342624665,0.),(0.,0.0500000000000001),
 .UNSPECIFIED.);
#185=B_SPLINE_SURFACE_WITH_KNOTS('',3,1,((#2454,#2455),(#2456,#2457),(#2458,
#2459),(#2460,#2461),(#2462,#2463)),.UNSPECIFIED.,.F.,.F.,.F.,(4,1,4),(2,
2),(-0.100562189626713,-0.0512287281721018,0.),(0.,0.0500000000000001),
 .UNSPECIFIED.);
#186=B_SPLINE_SURFACE_WITH_KNOTS('',3,1,((#2477,#2478),(#2479,#2480),(#2481,
#2482),(#2483,#2484),(#2485,#2486)),.UNSPECIFIED.,.F.,.F.,.F.,(4,1,4),(2,
2),(-0.119057824537744,-0.0582827764347015,0.),(0.,0.0500000000000001),
 .UNSPECIFIED.);
#187=B_SPLINE_SURFACE_WITH_KNOTS('',3,1,((#2500,#2501),(#2502,#2503),(#2504,
#2505),(#2506,#2507),(#2508,#2509)),.UNSPECIFIED.,.F.,.F.,.F.,(4,1,4),(2,
2),(-0.0958353934389369,-0.0501420464300408,0.),(0.,0.0500000000000001),
 .UNSPECIFIED.);
#188=B_SPLINE_SURFACE_WITH_KNOTS('',3,1,((#2523,#2524),(#2525,#2526),(#2527,
#2528),(#2529,#2530),(#2531,#2532)),.UNSPECIFIED.,.F.,.F.,.F.,(4,1,4),(2,
2),(-0.091835786383801,-0.0447013053317652,0.),(0.,0.0500000000000001),
 .UNSPECIFIED.);
#189=B_SPLINE_SURFACE_WITH_KNOTS('',3,1,((#2544,#2545),(#2546,#2547),(#2548,
#2549),(#2550,#2551),(#2552,#2553)),.UNSPECIFIED.,.F.,.F.,.F.,(4,1,4),(2,
2),(-0.0360412982324304,-0.018020413129216,0.),(0.,0.0500000000000001),
 .UNSPECIFIED.);
#190=B_SPLINE_SURFACE_WITH_KNOTS('',3,1,((#2570,#2571),(#2572,#2573),(#2574,
#2575),(#2576,#2577),(#2578,#2579)),.UNSPECIFIED.,.F.,.F.,.F.,(4,1,4),(2,
2),(-0.0360413442583126,-0.0180209186071566,0.),(0.,0.0500000000000001),
 .UNSPECIFIED.);
#191=B_SPLINE_SURFACE_WITH_KNOTS('',3,1,((#2593,#2594),(#2595,#2596),(#2597,
#2598),(#2599,#2600),(#2601,#2602)),.UNSPECIFIED.,.F.,.F.,.F.,(4,1,4),(2,
2),(-0.0357838637848759,-0.0178194153220514,0.),(0.,0.0500000000000001),
 .UNSPECIFIED.);
#192=B_SPLINE_SURFACE_WITH_KNOTS('',3,1,((#2616,#2617),(#2618,#2619),(#2620,
#2621),(#2622,#2623),(#2624,#2625)),.UNSPECIFIED.,.F.,.F.,.F.,(4,1,4),(2,
2),(-0.0360413382777652,-0.0180209767596998,0.),(0.,0.0500000000000001),
 .UNSPECIFIED.);
#193=B_SPLINE_SURFACE_WITH_KNOTS('',3,1,((#2639,#2640),(#2641,#2642),(#2643,
#2644),(#2645,#2646),(#2647,#2648)),.UNSPECIFIED.,.F.,.F.,.F.,(4,1,4),(2,
2),(-0.0360412982324304,-0.018020413129216,0.),(0.,0.0500000000000001),
 .UNSPECIFIED.);
#194=B_SPLINE_SURFACE_WITH_KNOTS('',3,1,((#2662,#2663),(#2664,#2665),(#2666,
#2667),(#2668,#2669),(#2670,#2671)),.UNSPECIFIED.,.F.,.F.,.F.,(4,1,4),(2,
2),(-0.0357838283815696,-0.0179645301091114,0.),(0.,0.0500000000000001),
 .UNSPECIFIED.);
#195=B_SPLINE_SURFACE_WITH_KNOTS('',3,1,((#2685,#2686),(#2687,#2688),(#2689,
#2690),(#2691,#2692),(#2693,#2694)),.UNSPECIFIED.,.F.,.F.,.F.,(4,1,4),(2,
2),(-0.0360413163384992,-0.0180204312352848,0.),(0.,0.0500000000000001),
 .UNSPECIFIED.);
#196=B_SPLINE_SURFACE_WITH_KNOTS('',3,1,((#2708,#2709),(#2710,#2711),(#2712,
#2713),(#2714,#2715),(#2716,#2717)),.UNSPECIFIED.,.F.,.F.,.F.,(4,1,4),(2,
2),(-0.0360413429038029,-0.0180209521112337,0.),(0.,0.0500000000000001),
 .UNSPECIFIED.);
#197=B_SPLINE_SURFACE_WITH_KNOTS('',3,1,((#2728,#2729),(#2730,#2731),(#2732,
#2733),(#2734,#2735),(#2736,#2737)),.UNSPECIFIED.,.F.,.F.,.F.,(4,1,4),(2,
2),(-0.0591577065269372,-0.0295856740775549,0.),(0.,0.0500000000000001),
 .UNSPECIFIED.);
#198=B_SPLINE_SURFACE_WITH_KNOTS('',3,1,((#2754,#2755),(#2756,#2757),(#2758,
#2759),(#2760,#2761),(#2762,#2763)),.UNSPECIFIED.,.F.,.F.,.F.,(4,1,4),(2,
2),(-0.0589544133129209,-0.0295426661723273,0.),(0.,0.0500000000000001),
 .UNSPECIFIED.);
#199=B_SPLINE_SURFACE_WITH_KNOTS('',3,1,((#2777,#2778),(#2779,#2780),(#2781,
#2782),(#2783,#2784),(#2785,#2786)),.UNSPECIFIED.,.F.,.F.,.F.,(4,1,4),(2,
2),(-0.0593511970677272,-0.0297803030411244,0.),(0.,0.0500000000000001),
 .UNSPECIFIED.);
#200=B_SPLINE_SURFACE_WITH_KNOTS('',3,1,((#2800,#2801),(#2802,#2803),(#2804,
#2805),(#2806,#2807),(#2808,#2809)),.UNSPECIFIED.,.F.,.F.,.F.,(4,1,4),(2,
2),(-0.0590936432988141,-0.0295143344382189,0.),(0.,0.0500000000000001),
 .UNSPECIFIED.);
#201=B_SPLINE_SURFACE_WITH_KNOTS('',3,1,((#2823,#2824),(#2825,#2826),(#2827,
#2828),(#2829,#2830),(#2831,#2832)),.UNSPECIFIED.,.F.,.F.,.F.,(4,1,4),(2,
2),(-0.0592757195605488,-0.029619168212096,0.),(0.,0.0500000000000001),
 .UNSPECIFIED.);
#202=B_SPLINE_SURFACE_WITH_KNOTS('',3,1,((#2846,#2847),(#2848,#2849),(#2850,
#2851),(#2852,#2853),(#2854,#2855)),.UNSPECIFIED.,.F.,.F.,.F.,(4,1,4),(2,
2),(-0.0592757744611307,-0.0296565838744748,0.),(0.,0.0500000000000001),
 .UNSPECIFIED.);
#203=B_SPLINE_SURFACE_WITH_KNOTS('',3,1,((#2869,#2870),(#2871,#2872),(#2873,
#2874),(#2875,#2876),(#2877,#2878)),.UNSPECIFIED.,.F.,.F.,.F.,(4,1,4),(2,
2),(-0.0589544189115395,-0.0294117527392122,0.),(0.,0.0500000000000001),
 .UNSPECIFIED.);
#204=B_SPLINE_SURFACE_WITH_KNOTS('',3,1,((#2892,#2893),(#2894,#2895),(#2896,
#2897),(#2898,#2899),(#2900,#2901)),.UNSPECIFIED.,.F.,.F.,.F.,(4,1,4),(2,
2),(-0.0594150224146891,-0.0296283234671108,0.),(0.,0.0500000000000001),
 .UNSPECIFIED.);
#205=B_SPLINE_SURFACE_WITH_KNOTS('',3,3,((#3042,#3043,#3044,#3045,#3046,
#3047,#3048),(#3049,#3050,#3051,#3052,#3053,#3054,#3055),(#3056,#3057,#3058,
#3059,#3060,#3061,#3062),(#3063,#3064,#3065,#3066,#3067,#3068,#3069),(#3070,
#3071,#3072,#3073,#3074,#3075,#3076)),.UNSPECIFIED.,.F.,.F.,.F.,(4,1,4),
(4,1,1,1,4),(0.,0.5,1.),(-2.35619449019233,-1.8512956708654,-1.34639685153847,
-0.673198425769234,6.13483426945302E-15),.UNSPECIFIED.);
#206=B_SPLINE_SURFACE_WITH_KNOTS('',3,3,((#3083,#3084,#3085,#3086,#3087,
#3088,#3089),(#3090,#3091,#3092,#3093,#3094,#3095,#3096),(#3097,#3098,#3099,
#3100,#3101,#3102,#3103),(#3104,#3105,#3106,#3107,#3108,#3109,#3110),(#3111,
#3112,#3113,#3114,#3115,#3116,#3117)),.UNSPECIFIED.,.F.,.F.,.F.,(4,1,4),
(4,1,1,1,4),(0.,0.5,1.),(-1.10599829083095E-14,0.504898819326922,1.00979763865386,
1.6829960644231,2.35619449019234),.UNSPECIFIED.);
#207=B_SPLINE_SURFACE_WITH_KNOTS('',3,3,((#3125,#3126,#3127,#3128,#3129,
#3130,#3131),(#3132,#3133,#3134,#3135,#3136,#3137,#3138),(#3139,#3140,#3141,
#3142,#3143,#3144,#3145),(#3146,#3147,#3148,#3149,#3150,#3151,#3152),(#3153,
#3154,#3155,#3156,#3157,#3158,#3159)),.UNSPECIFIED.,.F.,.F.,.F.,(4,1,4),
(4,1,1,1,4),(0.,0.571428571428571,1.),(4.49830665637629E-15,0.504898819326932,
1.00979763865386,1.6829960644231,2.35619449019233),.UNSPECIFIED.);
#208=B_SPLINE_SURFACE_WITH_KNOTS('',3,3,((#3166,#3167,#3168,#3169,#3170),
(#3171,#3172,#3173,#3174,#3175),(#3176,#3177,#3178,#3179,#3180),(#3181,
#3182,#3183,#3184,#3185),(#3186,#3187,#3188,#3189,#3190),(#3191,#3192,#3193,
#3194,#3195),(#3196,#3197,#3198,#3199,#3200)),.UNSPECIFIED.,.F.,.F.,.F.,
(4,1,1,1,4),(4,1,4),(0.,0.285714285714286,0.571428571428571,0.785714285714286,
1.),(-2.88800114408895E-15,0.448798950512824,0.785398163397444),
 .UNSPECIFIED.);
#209=B_SPLINE_SURFACE_WITH_KNOTS('',3,3,((#3207,#3208,#3209,#3210,#3211,
#3212,#3213),(#3214,#3215,#3216,#3217,#3218,#3219,#3220),(#3221,#3222,#3223,
#3224,#3225,#3226,#3227),(#3228,#3229,#3230,#3231,#3232,#3233,#3234),(#3235,
#3236,#3237,#3238,#3239,#3240,#3241)),.UNSPECIFIED.,.F.,.F.,.F.,(4,1,4),
(4,1,1,1,4),(0.,0.571428571428571,1.),(-2.35619449019232,-1.85129567086539,
-1.34639685153846,-0.673198425769219,2.31757351731465E-14),
 .UNSPECIFIED.);
#210=B_SPLINE_SURFACE_WITH_KNOTS('',3,3,((#3251,#3252,#3253,#3254),(#3255,
#3256,#3257,#3258),(#3259,#3260,#3261,#3262),(#3263,#3264,#3265,#3266),
(#3267,#3268,#3269,#3270)),.UNSPECIFIED.,.F.,.F.,.F.,(4,1,4),(4,4),(0.,
0.5,1.),(-0.785398163397454,-5.23487775844567E-15),.UNSPECIFIED.);
#211=B_SPLINE_SURFACE_WITH_KNOTS('',3,3,((#3276,#3277,#3278,#3279,#3280),
(#3281,#3282,#3283,#3284,#3285),(#3286,#3287,#3288,#3289,#3290),(#3291,
#3292,#3293,#3294,#3295),(#3296,#3297,#3298,#3299,#3300),(#3301,#3302,#3303,
#3304,#3305),(#3306,#3307,#3308,#3309,#3310)),.UNSPECIFIED.,.F.,.F.,.F.,
(4,1,1,1,4),(4,1,4),(0.,0.285714285714286,0.571428571428571,0.785714285714286,
1.),(-0.785398163397452,-0.336599212884626,-6.17693833038805E-15),
 .UNSPECIFIED.);
#212=B_SPLINE_SURFACE_WITH_KNOTS('',3,3,((#3324,#3325,#3326,#3327),(#3328,
#3329,#3330,#3331),(#3332,#3333,#3334,#3335),(#3336,#3337,#3338,#3339),
(#3340,#3341,#3342,#3343)),.UNSPECIFIED.,.F.,.F.,.F.,(4,1,4),(4,4),(0.,
0.5,1.),(5.34271951312658E-15,0.785398163397449),.UNSPECIFIED.);
#213=FACE_OUTER_BOUND('',#307,.T.);
#214=FACE_OUTER_BOUND('',#308,.T.);
#215=FACE_OUTER_BOUND('',#309,.T.);
#216=FACE_OUTER_BOUND('',#310,.T.);
#217=FACE_OUTER_BOUND('',#311,.T.);
#218=FACE_OUTER_BOUND('',#312,.T.);
#219=FACE_OUTER_BOUND('',#313,.T.);
#220=FACE_OUTER_BOUND('',#314,.T.);
#221=FACE_OUTER_BOUND('',#315,.T.);
#222=FACE_OUTER_BOUND('',#316,.T.);
#223=FACE_OUTER_BOUND('',#317,.T.);
#224=FACE_OUTER_BOUND('',#318,.T.);
#225=FACE_OUTER_BOUND('',#319,.T.);
#226=FACE_OUTER_BOUND('',#320,.T.);
#227=FACE_OUTER_BOUND('',#321,.T.);
#228=FACE_OUTER_BOUND('',#322,.T.);
#229=FACE_OUTER_BOUND('',#323,.T.);
#230=FACE_OUTER_BOUND('',#324,.T.);
#231=FACE_OUTER_BOUND('',#325,.T.);
#232=FACE_OUTER_BOUND('',#326,.T.);
#233=FACE_OUTER_BOUND('',#327,.T.);
#234=FACE_OUTER_BOUND('',#328,.T.);
#235=FACE_OUTER_BOUND('',#329,.T.);
#236=FACE_OUTER_BOUND('',#330,.T.);
#237=FACE_OUTER_BOUND('',#331,.T.);
#238=FACE_OUTER_BOUND('',#332,.T.);
#239=FACE_OUTER_BOUND('',#333,.T.);
#240=FACE_OUTER_BOUND('',#334,.T.);
#241=FACE_OUTER_BOUND('',#335,.T.);
#242=FACE_OUTER_BOUND('',#336,.T.);
#243=FACE_OUTER_BOUND('',#337,.T.);
#244=FACE_OUTER_BOUND('',#338,.T.);
#245=FACE_OUTER_BOUND('',#339,.T.);
#246=FACE_OUTER_BOUND('',#340,.T.);
#247=FACE_OUTER_BOUND('',#341,.T.);
#248=FACE_OUTER_BOUND('',#342,.T.);
#249=FACE_OUTER_BOUND('',#343,.T.);
#250=FACE_OUTER_BOUND('',#344,.T.);
#251=FACE_OUTER_BOUND('',#345,.T.);
#252=FACE_OUTER_BOUND('',#346,.T.);
#253=FACE_OUTER_BOUND('',#348,.T.);
#254=FACE_OUTER_BOUND('',#351,.T.);
#255=FACE_OUTER_BOUND('',#352,.T.);
#256=FACE_OUTER_BOUND('',#353,.T.);
#257=FACE_OUTER_BOUND('',#354,.T.);
#258=FACE_OUTER_BOUND('',#355,.T.);
#259=FACE_OUTER_BOUND('',#356,.T.);
#260=FACE_OUTER_BOUND('',#357,.T.);
#261=FACE_OUTER_BOUND('',#358,.T.);
#262=FACE_OUTER_BOUND('',#359,.T.);
#263=FACE_OUTER_BOUND('',#360,.T.);
#264=FACE_OUTER_BOUND('',#361,.T.);
#265=FACE_OUTER_BOUND('',#362,.T.);
#266=FACE_OUTER_BOUND('',#363,.T.);
#267=FACE_OUTER_BOUND('',#364,.T.);
#268=FACE_OUTER_BOUND('',#365,.T.);
#269=FACE_OUTER_BOUND('',#366,.T.);
#270=FACE_OUTER_BOUND('',#367,.T.);
#271=FACE_OUTER_BOUND('',#368,.T.);
#272=FACE_OUTER_BOUND('',#369,.T.);
#273=FACE_OUTER_BOUND('',#370,.T.);
#274=FACE_OUTER_BOUND('',#371,.T.);
#275=FACE_OUTER_BOUND('',#372,.T.);
#276=FACE_OUTER_BOUND('',#373,.T.);
#277=FACE_OUTER_BOUND('',#374,.T.);
#278=FACE_OUTER_BOUND('',#375,.T.);
#279=FACE_OUTER_BOUND('',#376,.T.);
#280=FACE_OUTER_BOUND('',#377,.T.);
#281=FACE_OUTER_BOUND('',#378,.T.);
#282=FACE_OUTER_BOUND('',#379,.T.);
#283=FACE_OUTER_BOUND('',#380,.T.);
#284=FACE_OUTER_BOUND('',#381,.T.);
#285=FACE_OUTER_BOUND('',#382,.T.);
#286=FACE_OUTER_BOUND('',#383,.T.);
#287=FACE_OUTER_BOUND('',#384,.T.);
#288=FACE_OUTER_BOUND('',#385,.T.);
#289=FACE_OUTER_BOUND('',#386,.T.);
#290=FACE_OUTER_BOUND('',#387,.T.);
#291=FACE_OUTER_BOUND('',#388,.T.);
#292=FACE_OUTER_BOUND('',#389,.T.);
#293=FACE_OUTER_BOUND('',#390,.T.);
#294=FACE_OUTER_BOUND('',#391,.T.);
#295=FACE_OUTER_BOUND('',#392,.T.);
#296=FACE_OUTER_BOUND('',#393,.T.);
#297=FACE_OUTER_BOUND('',#394,.T.);
#298=FACE_OUTER_BOUND('',#395,.T.);
#299=FACE_OUTER_BOUND('',#396,.T.);
#300=FACE_OUTER_BOUND('',#397,.T.);
#301=FACE_OUTER_BOUND('',#399,.T.);
#302=FACE_OUTER_BOUND('',#400,.T.);
#303=FACE_OUTER_BOUND('',#401,.T.);
#304=FACE_OUTER_BOUND('',#402,.T.);
#305=FACE_OUTER_BOUND('',#403,.T.);
#306=FACE_OUTER_BOUND('',#404,.T.);
#307=EDGE_LOOP('',(#1053,#1054,#1055,#1056));
#308=EDGE_LOOP('',(#1057,#1058,#1059,#1060));
#309=EDGE_LOOP('',(#1061,#1062,#1063,#1064));
#310=EDGE_LOOP('',(#1065,#1066,#1067,#1068));
#311=EDGE_LOOP('',(#1069,#1070,#1071,#1072));
#312=EDGE_LOOP('',(#1073,#1074,#1075,#1076));
#313=EDGE_LOOP('',(#1077,#1078,#1079,#1080));
#314=EDGE_LOOP('',(#1081,#1082,#1083,#1084));
#315=EDGE_LOOP('',(#1085,#1086,#1087,#1088));
#316=EDGE_LOOP('',(#1089,#1090,#1091,#1092));
#317=EDGE_LOOP('',(#1093,#1094,#1095,#1096));
#318=EDGE_LOOP('',(#1097,#1098,#1099,#1100));
#319=EDGE_LOOP('',(#1101,#1102,#1103,#1104));
#320=EDGE_LOOP('',(#1105,#1106,#1107,#1108));
#321=EDGE_LOOP('',(#1109,#1110,#1111,#1112));
#322=EDGE_LOOP('',(#1113,#1114,#1115,#1116));
#323=EDGE_LOOP('',(#1117,#1118,#1119,#1120));
#324=EDGE_LOOP('',(#1121,#1122,#1123,#1124));
#325=EDGE_LOOP('',(#1125,#1126,#1127,#1128));
#326=EDGE_LOOP('',(#1129,#1130,#1131,#1132));
#327=EDGE_LOOP('',(#1133,#1134,#1135,#1136));
#328=EDGE_LOOP('',(#1137,#1138,#1139,#1140));
#329=EDGE_LOOP('',(#1141,#1142,#1143,#1144,#1145,#1146,#1147,#1148,#1149,
#1150,#1151,#1152,#1153,#1154,#1155,#1156,#1157,#1158,#1159,#1160,#1161,
#1162));
#330=EDGE_LOOP('',(#1163,#1164,#1165,#1166));
#331=EDGE_LOOP('',(#1167,#1168,#1169,#1170));
#332=EDGE_LOOP('',(#1171,#1172,#1173,#1174));
#333=EDGE_LOOP('',(#1175,#1176,#1177,#1178));
#334=EDGE_LOOP('',(#1179,#1180,#1181,#1182));
#335=EDGE_LOOP('',(#1183,#1184,#1185,#1186));
#336=EDGE_LOOP('',(#1187,#1188,#1189,#1190));
#337=EDGE_LOOP('',(#1191,#1192,#1193,#1194));
#338=EDGE_LOOP('',(#1195,#1196,#1197,#1198));
#339=EDGE_LOOP('',(#1199,#1200,#1201,#1202));
#340=EDGE_LOOP('',(#1203,#1204,#1205,#1206));
#341=EDGE_LOOP('',(#1207,#1208,#1209,#1210));
#342=EDGE_LOOP('',(#1211,#1212,#1213,#1214));
#343=EDGE_LOOP('',(#1215,#1216,#1217,#1218));
#344=EDGE_LOOP('',(#1219,#1220,#1221,#1222));
#345=EDGE_LOOP('',(#1223,#1224,#1225,#1226));
#346=EDGE_LOOP('',(#1227,#1228,#1229,#1230,#1231,#1232,#1233,#1234));
#347=EDGE_LOOP('',(#1235,#1236,#1237,#1238,#1239,#1240,#1241,#1242));
#348=EDGE_LOOP('',(#1243,#1244,#1245,#1246,#1247,#1248,#1249,#1250));
#349=EDGE_LOOP('',(#1251,#1252,#1253,#1254,#1255,#1256,#1257,#1258,#1259,
#1260,#1261,#1262,#1263,#1264,#1265,#1266,#1267,#1268,#1269,#1270,#1271,
#1272));
#350=EDGE_LOOP('',(#1273,#1274,#1275,#1276,#1277,#1278,#1279,#1280));
#351=EDGE_LOOP('',(#1281,#1282));
#352=EDGE_LOOP('',(#1283,#1284,#1285,#1286,#1287,#1288));
#353=EDGE_LOOP('',(#1289,#1290,#1291,#1292,#1293,#1294,#1295,#1296));
#354=EDGE_LOOP('',(#1297,#1298,#1299,#1300,#1301,#1302,#1303));
#355=EDGE_LOOP('',(#1304,#1305,#1306,#1307));
#356=EDGE_LOOP('',(#1308,#1309,#1310,#1311,#1312));
#357=EDGE_LOOP('',(#1313,#1314,#1315,#1316));
#358=EDGE_LOOP('',(#1317,#1318,#1319,#1320,#1321,#1322));
#359=EDGE_LOOP('',(#1323,#1324,#1325,#1326));
#360=EDGE_LOOP('',(#1327,#1328,#1329,#1330,#1331,#1332,#1333,#1334,#1335,
#1336,#1337,#1338));
#361=EDGE_LOOP('',(#1339,#1340,#1341,#1342));
#362=EDGE_LOOP('',(#1343,#1344,#1345,#1346));
#363=EDGE_LOOP('',(#1347,#1348,#1349,#1350));
#364=EDGE_LOOP('',(#1351,#1352,#1353,#1354));
#365=EDGE_LOOP('',(#1355,#1356,#1357,#1358));
#366=EDGE_LOOP('',(#1359,#1360,#1361,#1362,#1363));
#367=EDGE_LOOP('',(#1364,#1365,#1366,#1367));
#368=EDGE_LOOP('',(#1368,#1369,#1370,#1371));
#369=EDGE_LOOP('',(#1372,#1373,#1374,#1375));
#370=EDGE_LOOP('',(#1376,#1377,#1378,#1379));
#371=EDGE_LOOP('',(#1380,#1381,#1382,#1383));
#372=EDGE_LOOP('',(#1384,#1385,#1386,#1387,#1388));
#373=EDGE_LOOP('',(#1389,#1390,#1391,#1392));
#374=EDGE_LOOP('',(#1393,#1394,#1395,#1396));
#375=EDGE_LOOP('',(#1397,#1398,#1399,#1400));
#376=EDGE_LOOP('',(#1401,#1402,#1403,#1404));
#377=EDGE_LOOP('',(#1405,#1406,#1407,#1408));
#378=EDGE_LOOP('',(#1409,#1410,#1411,#1412));
#379=EDGE_LOOP('',(#1413,#1414,#1415,#1416));
#380=EDGE_LOOP('',(#1417,#1418,#1419,#1420));
#381=EDGE_LOOP('',(#1421,#1422,#1423,#1424));
#382=EDGE_LOOP('',(#1425,#1426,#1427,#1428));
#383=EDGE_LOOP('',(#1429,#1430,#1431,#1432));
#384=EDGE_LOOP('',(#1433,#1434,#1435,#1436,#1437));
#385=EDGE_LOOP('',(#1438,#1439,#1440,#1441,#1442));
#386=EDGE_LOOP('',(#1443,#1444,#1445,#1446,#1447,#1448));
#387=EDGE_LOOP('',(#1449,#1450,#1451,#1452,#1453,#1454));
#388=EDGE_LOOP('',(#1455,#1456,#1457,#1458));
#389=EDGE_LOOP('',(#1459,#1460,#1461,#1462));
#390=EDGE_LOOP('',(#1463,#1464,#1465,#1466,#1467,#1468,#1469,#1470));
#391=EDGE_LOOP('',(#1471,#1472,#1473,#1474,#1475,#1476,#1477,#1478));
#392=EDGE_LOOP('',(#1479,#1480,#1481,#1482,#1483,#1484,#1485,#1486));
#393=EDGE_LOOP('',(#1487,#1488,#1489,#1490,#1491));
#394=EDGE_LOOP('',(#1492,#1493,#1494,#1495,#1496,#1497,#1498,#1499));
#395=EDGE_LOOP('',(#1500,#1501,#1502,#1503,#1504,#1505));
#396=EDGE_LOOP('',(#1506,#1507,#1508,#1509,#1510));
#397=EDGE_LOOP('',(#1511,#1512,#1513,#1514,#1515,#1516));
#398=EDGE_LOOP('',(#1517));
#399=EDGE_LOOP('',(#1518,#1519,#1520,#1521,#1522));
#400=EDGE_LOOP('',(#1523,#1524,#1525,#1526));
#401=EDGE_LOOP('',(#1527,#1528,#1529,#1530,#1531));
#402=EDGE_LOOP('',(#1532,#1533,#1534,#1535,#1536,#1537,#1538,#1539));
#403=EDGE_LOOP('',(#1540,#1541,#1542,#1543,#1544,#1545));
#404=EDGE_LOOP('',(#1546,#1547,#1548,#1549,#1550));
#405=LINE('',#2159,#525);
#406=LINE('',#2161,#526);
#407=LINE('',#2163,#527);
#408=LINE('',#2164,#528);
#409=LINE('',#2187,#529);
#410=LINE('',#2210,#530);
#411=LINE('',#2233,#531);
#412=LINE('',#2256,#532);
#413=LINE('',#2279,#533);
#414=LINE('',#2302,#534);
#415=LINE('',#2325,#535);
#416=LINE('',#2348,#536);
#417=LINE('',#2351,#537);
#418=LINE('',#2353,#538);
#419=LINE('',#2354,#539);
#420=LINE('',#2357,#540);
#421=LINE('',#2359,#541);
#422=LINE('',#2360,#542);
#423=LINE('',#2363,#543);
#424=LINE('',#2365,#544);
#425=LINE('',#2366,#545);
#426=LINE('',#2369,#546);
#427=LINE('',#2371,#547);
#428=LINE('',#2372,#548);
#429=LINE('',#2375,#549);
#430=LINE('',#2377,#550);
#431=LINE('',#2378,#551);
#432=LINE('',#2381,#552);
#433=LINE('',#2383,#553);
#434=LINE('',#2384,#554);
#435=LINE('',#2407,#555);
#436=LINE('',#2430,#556);
#437=LINE('',#2453,#557);
#438=LINE('',#2476,#558);
#439=LINE('',#2499,#559);
#440=LINE('',#2522,#560);
#441=LINE('',#2562,#561);
#442=LINE('',#2569,#562);
#443=LINE('',#2592,#563);
#444=LINE('',#2615,#564);
#445=LINE('',#2638,#565);
#446=LINE('',#2661,#566);
#447=LINE('',#2684,#567);
#448=LINE('',#2707,#568);
#449=LINE('',#2746,#569);
#450=LINE('',#2753,#570);
#451=LINE('',#2776,#571);
#452=LINE('',#2799,#572);
#453=LINE('',#2822,#573);
#454=LINE('',#2845,#574);
#455=LINE('',#2868,#575);
#456=LINE('',#2891,#576);
#457=LINE('',#2916,#577);
#458=LINE('',#2920,#578);
#459=LINE('',#2924,#579);
#460=LINE('',#2926,#580);
#461=LINE('',#2928,#581);
#462=LINE('',#2929,#582);
#463=LINE('',#2939,#583);
#464=LINE('',#2944,#584);
#465=LINE('',#2981,#585);
#466=LINE('',#2983,#586);
#467=LINE('',#2985,#587);
#468=LINE('',#2987,#588);
#469=LINE('',#2989,#589);
#470=LINE('',#2990,#590);
#471=LINE('',#2993,#591);
#472=LINE('',#2998,#592);
#473=LINE('',#3012,#593);
#474=LINE('',#3018,#594);
#475=LINE('',#3020,#595);
#476=LINE('',#3022,#596);
#477=LINE('',#3026,#597);
#478=LINE('',#3028,#598);
#479=LINE('',#3030,#599);
#480=LINE('',#3032,#600);
#481=LINE('',#3034,#601);
#482=LINE('',#3037,#602);
#483=LINE('',#3040,#603);
#484=LINE('',#3041,#604);
#485=LINE('',#3250,#605);
#486=LINE('',#3317,#606);
#487=LINE('',#3320,#607);
#488=LINE('',#3353,#608);
#489=LINE('',#3354,#609);
#490=LINE('',#3356,#610);
#491=LINE('',#3357,#611);
#492=LINE('',#3359,#612);
#493=LINE('',#3360,#613);
#494=LINE('',#3362,#614);
#495=LINE('',#3364,#615);
#496=LINE('',#3366,#616);
#497=LINE('',#3367,#617);
#498=LINE('',#3371,#618);
#499=LINE('',#3374,#619);
#500=LINE('',#3377,#620);
#501=LINE('',#3381,#621);
#502=LINE('',#3383,#622);
#503=LINE('',#3387,#623);
#504=LINE('',#3389,#624);
#505=LINE('',#3394,#625);
#506=LINE('',#3397,#626);
#507=LINE('',#3403,#627);
#508=LINE('',#3407,#628);
#509=LINE('',#3412,#629);
#510=LINE('',#3415,#630);
#511=LINE('',#3418,#631);
#512=LINE('',#3420,#632);
#513=LINE('',#3429,#633);
#514=LINE('',#3431,#634);
#515=LINE('',#3432,#635);
#516=LINE('',#3435,#636);
#517=LINE('',#3436,#637);
#518=LINE('',#3439,#638);
#519=LINE('',#3440,#639);
#520=LINE('',#3443,#640);
#521=LINE('',#3444,#641);
#522=LINE('',#3446,#642);
#523=LINE('',#3448,#643);
#524=LINE('',#3450,#644);
#525=VECTOR('',#1799,10.);
#526=VECTOR('',#1800,10.);
#527=VECTOR('',#1801,10.);
#528=VECTOR('',#1802,10.);
#529=VECTOR('',#1803,10.);
#530=VECTOR('',#1804,10.);
#531=VECTOR('',#1805,10.);
#532=VECTOR('',#1806,10.);
#533=VECTOR('',#1807,10.);
#534=VECTOR('',#1808,10.);
#535=VECTOR('',#1809,10.);
#536=VECTOR('',#1810,10.);
#537=VECTOR('',#1813,10.);
#538=VECTOR('',#1814,10.);
#539=VECTOR('',#1815,10.);
#540=VECTOR('',#1818,10.);
#541=VECTOR('',#1819,10.);
#542=VECTOR('',#1820,10.);
#543=VECTOR('',#1823,10.);
#544=VECTOR('',#1824,10.);
#545=VECTOR('',#1825,10.);
#546=VECTOR('',#1828,10.);
#547=VECTOR('',#1829,10.);
#548=VECTOR('',#1830,10.);
#549=VECTOR('',#1833,10.);
#550=VECTOR('',#1834,10.);
#551=VECTOR('',#1835,10.);
#552=VECTOR('',#1838,10.);
#553=VECTOR('',#1839,10.);
#554=VECTOR('',#1840,10.);
#555=VECTOR('',#1841,10.);
#556=VECTOR('',#1842,10.);
#557=VECTOR('',#1843,10.);
#558=VECTOR('',#1844,10.);
#559=VECTOR('',#1845,10.);
#560=VECTOR('',#1846,10.);
#561=VECTOR('',#1849,10.);
#562=VECTOR('',#1850,10.);
#563=VECTOR('',#1851,10.);
#564=VECTOR('',#1852,10.);
#565=VECTOR('',#1853,10.);
#566=VECTOR('',#1854,10.);
#567=VECTOR('',#1855,10.);
#568=VECTOR('',#1856,10.);
#569=VECTOR('',#1857,10.);
#570=VECTOR('',#1858,10.);
#571=VECTOR('',#1859,10.);
#572=VECTOR('',#1860,10.);
#573=VECTOR('',#1861,10.);
#574=VECTOR('',#1862,10.);
#575=VECTOR('',#1863,10.);
#576=VECTOR('',#1864,10.);
#577=VECTOR('',#1869,10.);
#578=VECTOR('',#1872,10.);
#579=VECTOR('',#1875,10.);
#580=VECTOR('',#1876,10.);
#581=VECTOR('',#1877,10.);
#582=VECTOR('',#1878,10.);
#583=VECTOR('',#1889,2.425);
#584=VECTOR('',#1896,1.7);
#585=VECTOR('',#1903,10.);
#586=VECTOR('',#1904,10.);
#587=VECTOR('',#1905,10.);
#588=VECTOR('',#1906,10.);
#589=VECTOR('',#1907,10.);
#590=VECTOR('',#1908,10.);
#591=VECTOR('',#1911,10.);
#592=VECTOR('',#1918,10.);
#593=VECTOR('',#1933,3.15);
#594=VECTOR('',#1942,10.);
#595=VECTOR('',#1943,10.);
#596=VECTOR('',#1944,10.);
#597=VECTOR('',#1947,10.);
#598=VECTOR('',#1948,10.);
#599=VECTOR('',#1949,10.);
#600=VECTOR('',#1950,10.);
#601=VECTOR('',#1951,10.);
#602=VECTOR('',#1954,10.);
#603=VECTOR('',#1957,10.);
#604=VECTOR('',#1958,10.);
#605=VECTOR('',#2003,10.);
#606=VECTOR('',#2018,10.);
#607=VECTOR('',#2021,10.);
#608=VECTOR('',#2036,10.);
#609=VECTOR('',#2037,10.);
#610=VECTOR('',#2040,10.);
#611=VECTOR('',#2041,10.);
#612=VECTOR('',#2044,10.);
#613=VECTOR('',#2045,10.);
#614=VECTOR('',#2048,10.);
#615=VECTOR('',#2051,10.);
#616=VECTOR('',#2054,10.);
#617=VECTOR('',#2055,10.);
#618=VECTOR('',#2060,10.);
#619=VECTOR('',#2065,10.);
#620=VECTOR('',#2068,10.);
#621=VECTOR('',#2073,10.);
#622=VECTOR('',#2074,10.);
#623=VECTOR('',#2079,10.);
#624=VECTOR('',#2080,10.);
#625=VECTOR('',#2085,10.);
#626=VECTOR('',#2088,10.);
#627=VECTOR('',#2095,10.);
#628=VECTOR('',#2098,10.);
#629=VECTOR('',#2105,10.);
#630=VECTOR('',#2108,10.);
#631=VECTOR('',#2111,10.);
#632=VECTOR('',#2114,10.);
#633=VECTOR('',#2129,10.);
#634=VECTOR('',#2130,10.);
#635=VECTOR('',#2131,10.);
#636=VECTOR('',#2134,10.);
#637=VECTOR('',#2135,10.);
#638=VECTOR('',#2138,10.);
#639=VECTOR('',#2139,10.);
#640=VECTOR('',#2142,10.);
#641=VECTOR('',#2143,10.);
#642=VECTOR('',#2146,10.);
#643=VECTOR('',#2149,10.);
#644=VECTOR('',#2152,10.);
#645=VERTEX_POINT('',#2157);
#646=VERTEX_POINT('',#2158);
#647=VERTEX_POINT('',#2160);
#648=VERTEX_POINT('',#2162);
#649=VERTEX_POINT('',#2175);
#650=VERTEX_POINT('',#2181);
#651=VERTEX_POINT('',#2198);
#652=VERTEX_POINT('',#2204);
#653=VERTEX_POINT('',#2221);
#654=VERTEX_POINT('',#2227);
#655=VERTEX_POINT('',#2244);
#656=VERTEX_POINT('',#2250);
#657=VERTEX_POINT('',#2267);
#658=VERTEX_POINT('',#2273);
#659=VERTEX_POINT('',#2290);
#660=VERTEX_POINT('',#2296);
#661=VERTEX_POINT('',#2313);
#662=VERTEX_POINT('',#2319);
#663=VERTEX_POINT('',#2336);
#664=VERTEX_POINT('',#2342);
#665=VERTEX_POINT('',#2350);
#666=VERTEX_POINT('',#2352);
#667=VERTEX_POINT('',#2356);
#668=VERTEX_POINT('',#2358);
#669=VERTEX_POINT('',#2362);
#670=VERTEX_POINT('',#2364);
#671=VERTEX_POINT('',#2368);
#672=VERTEX_POINT('',#2370);
#673=VERTEX_POINT('',#2374);
#674=VERTEX_POINT('',#2376);
#675=VERTEX_POINT('',#2380);
#676=VERTEX_POINT('',#2382);
#677=VERTEX_POINT('',#2395);
#678=VERTEX_POINT('',#2401);
#679=VERTEX_POINT('',#2418);
#680=VERTEX_POINT('',#2424);
#681=VERTEX_POINT('',#2441);
#682=VERTEX_POINT('',#2447);
#683=VERTEX_POINT('',#2464);
#684=VERTEX_POINT('',#2470);
#685=VERTEX_POINT('',#2487);
#686=VERTEX_POINT('',#2493);
#687=VERTEX_POINT('',#2510);
#688=VERTEX_POINT('',#2516);
#689=VERTEX_POINT('',#2554);
#690=VERTEX_POINT('',#2555);
#691=VERTEX_POINT('',#2561);
#692=VERTEX_POINT('',#2563);
#693=VERTEX_POINT('',#2580);
#694=VERTEX_POINT('',#2586);
#695=VERTEX_POINT('',#2603);
#696=VERTEX_POINT('',#2609);
#697=VERTEX_POINT('',#2626);
#698=VERTEX_POINT('',#2632);
#699=VERTEX_POINT('',#2649);
#700=VERTEX_POINT('',#2655);
#701=VERTEX_POINT('',#2672);
#702=VERTEX_POINT('',#2678);
#703=VERTEX_POINT('',#2695);
#704=VERTEX_POINT('',#2701);
#705=VERTEX_POINT('',#2738);
#706=VERTEX_POINT('',#2739);
#707=VERTEX_POINT('',#2745);
#708=VERTEX_POINT('',#2747);
#709=VERTEX_POINT('',#2764);
#710=VERTEX_POINT('',#2770);
#711=VERTEX_POINT('',#2787);
#712=VERTEX_POINT('',#2793);
#713=VERTEX_POINT('',#2810);
#714=VERTEX_POINT('',#2816);
#715=VERTEX_POINT('',#2833);
#716=VERTEX_POINT('',#2839);
#717=VERTEX_POINT('',#2856);
#718=VERTEX_POINT('',#2862);
#719=VERTEX_POINT('',#2879);
#720=VERTEX_POINT('',#2885);
#721=VERTEX_POINT('',#2914);
#722=VERTEX_POINT('',#2915);
#723=VERTEX_POINT('',#2917);
#724=VERTEX_POINT('',#2919);
#725=VERTEX_POINT('',#2921);
#726=VERTEX_POINT('',#2923);
#727=VERTEX_POINT('',#2925);
#728=VERTEX_POINT('',#2927);
#729=VERTEX_POINT('',#2931);
#730=VERTEX_POINT('',#2932);
#731=VERTEX_POINT('',#2936);
#732=VERTEX_POINT('',#2938);
#733=VERTEX_POINT('',#2943);
#734=VERTEX_POINT('',#2945);
#735=VERTEX_POINT('',#2952);
#736=VERTEX_POINT('',#2954);
#737=VERTEX_POINT('',#2967);
#738=VERTEX_POINT('',#2980);
#739=VERTEX_POINT('',#2982);
#740=VERTEX_POINT('',#2984);
#741=VERTEX_POINT('',#2986);
#742=VERTEX_POINT('',#2988);
#743=VERTEX_POINT('',#2992);
#744=VERTEX_POINT('',#2996);
#745=VERTEX_POINT('',#3000);
#746=VERTEX_POINT('',#3001);
#747=VERTEX_POINT('',#3003);
#748=VERTEX_POINT('',#3005);
#749=VERTEX_POINT('',#3009);
#750=VERTEX_POINT('',#3011);
#751=VERTEX_POINT('',#3017);
#752=VERTEX_POINT('',#3019);
#753=VERTEX_POINT('',#3021);
#754=VERTEX_POINT('',#3023);
#755=VERTEX_POINT('',#3025);
#756=VERTEX_POINT('',#3027);
#757=VERTEX_POINT('',#3029);
#758=VERTEX_POINT('',#3031);
#759=VERTEX_POINT('',#3033);
#760=VERTEX_POINT('',#3035);
#761=VERTEX_POINT('',#3039);
#762=VERTEX_POINT('',#3077);
#763=VERTEX_POINT('',#3078);
#764=VERTEX_POINT('',#3118);
#765=VERTEX_POINT('',#3120);
#766=VERTEX_POINT('',#3122);
#767=VERTEX_POINT('',#3161);
#768=VERTEX_POINT('',#3163);
#769=VERTEX_POINT('',#3204);
#770=VERTEX_POINT('',#3242);
#771=VERTEX_POINT('',#3244);
#772=VERTEX_POINT('',#3246);
#773=VERTEX_POINT('',#3271);
#774=VERTEX_POINT('',#3273);
#775=VERTEX_POINT('',#3311);
#776=VERTEX_POINT('',#3312);
#777=VERTEX_POINT('',#3319);
#778=VERTEX_POINT('',#3321);
#779=VERTEX_POINT('',#3344);
#780=VERTEX_POINT('',#3345);
#781=VERTEX_POINT('',#3347);
#782=VERTEX_POINT('',#3349);
#783=VERTEX_POINT('',#3370);
#784=VERTEX_POINT('',#3376);
#785=VERTEX_POINT('',#3380);
#786=VERTEX_POINT('',#3382);
#787=VERTEX_POINT('',#3386);
#788=VERTEX_POINT('',#3388);
#789=VERTEX_POINT('',#3392);
#790=VERTEX_POINT('',#3393);
#791=VERTEX_POINT('',#3396);
#792=VERTEX_POINT('',#3398);
#793=VERTEX_POINT('',#3402);
#794=VERTEX_POINT('',#3404);
#795=VERTEX_POINT('',#3406);
#796=VERTEX_POINT('',#3408);
#797=VERTEX_POINT('',#3413);
#798=VERTEX_POINT('',#3417);
#799=VERTEX_POINT('',#3428);
#800=VERTEX_POINT('',#3430);
#801=VERTEX_POINT('',#3434);
#802=VERTEX_POINT('',#3438);
#803=VERTEX_POINT('',#3442);
#804=EDGE_CURVE('',#645,#646,#405,.T.);
#805=EDGE_CURVE('',#645,#647,#406,.T.);
#806=EDGE_CURVE('',#648,#647,#407,.T.);
#807=EDGE_CURVE('',#646,#648,#408,.T.);
#808=EDGE_CURVE('',#646,#649,#109,.T.);
#809=EDGE_CURVE('',#650,#648,#110,.T.);
#810=EDGE_CURVE('',#649,#650,#409,.T.);
#811=EDGE_CURVE('',#649,#651,#111,.T.);
#812=EDGE_CURVE('',#652,#650,#112,.T.);
#813=EDGE_CURVE('',#651,#652,#410,.T.);
#814=EDGE_CURVE('',#651,#653,#113,.T.);
#815=EDGE_CURVE('',#654,#652,#114,.T.);
#816=EDGE_CURVE('',#653,#654,#411,.T.);
#817=EDGE_CURVE('',#653,#655,#115,.T.);
#818=EDGE_CURVE('',#656,#654,#116,.T.);
#819=EDGE_CURVE('',#655,#656,#412,.T.);
#820=EDGE_CURVE('',#655,#657,#117,.T.);
#821=EDGE_CURVE('',#658,#656,#118,.T.);
#822=EDGE_CURVE('',#657,#658,#413,.T.);
#823=EDGE_CURVE('',#657,#659,#119,.T.);
#824=EDGE_CURVE('',#660,#658,#120,.T.);
#825=EDGE_CURVE('',#659,#660,#414,.T.);
#826=EDGE_CURVE('',#659,#661,#121,.T.);
#827=EDGE_CURVE('',#662,#660,#122,.T.);
#828=EDGE_CURVE('',#661,#662,#415,.T.);
#829=EDGE_CURVE('',#661,#663,#123,.T.);
#830=EDGE_CURVE('',#664,#662,#124,.T.);
#831=EDGE_CURVE('',#663,#664,#416,.T.);
#832=EDGE_CURVE('',#663,#665,#417,.T.);
#833=EDGE_CURVE('',#666,#664,#418,.T.);
#834=EDGE_CURVE('',#665,#666,#419,.T.);
#835=EDGE_CURVE('',#665,#667,#420,.T.);
#836=EDGE_CURVE('',#668,#666,#421,.T.);
#837=EDGE_CURVE('',#667,#668,#422,.T.);
#838=EDGE_CURVE('',#667,#669,#423,.T.);
#839=EDGE_CURVE('',#670,#668,#424,.T.);
#840=EDGE_CURVE('',#669,#670,#425,.T.);
#841=EDGE_CURVE('',#669,#671,#426,.T.);
#842=EDGE_CURVE('',#672,#670,#427,.T.);
#843=EDGE_CURVE('',#671,#672,#428,.T.);
#844=EDGE_CURVE('',#671,#673,#429,.T.);
#845=EDGE_CURVE('',#674,#672,#430,.T.);
#846=EDGE_CURVE('',#673,#674,#431,.T.);
#847=EDGE_CURVE('',#673,#675,#432,.T.);
#848=EDGE_CURVE('',#676,#674,#433,.T.);
#849=EDGE_CURVE('',#675,#676,#434,.T.);
#850=EDGE_CURVE('',#675,#677,#125,.T.);
#851=EDGE_CURVE('',#678,#676,#126,.T.);
#852=EDGE_CURVE('',#677,#678,#435,.T.);
#853=EDGE_CURVE('',#677,#679,#127,.T.);
#854=EDGE_CURVE('',#680,#678,#128,.T.);
#855=EDGE_CURVE('',#679,#680,#436,.T.);
#856=EDGE_CURVE('',#679,#681,#129,.T.);
#857=EDGE_CURVE('',#682,#680,#130,.T.);
#858=EDGE_CURVE('',#681,#682,#437,.T.);
#859=EDGE_CURVE('',#681,#683,#131,.T.);
#860=EDGE_CURVE('',#684,#682,#132,.T.);
#861=EDGE_CURVE('',#683,#684,#438,.T.);
#862=EDGE_CURVE('',#683,#685,#133,.T.);
#863=EDGE_CURVE('',#686,#684,#134,.T.);
#864=EDGE_CURVE('',#685,#686,#439,.T.);
#865=EDGE_CURVE('',#685,#687,#135,.T.);
#866=EDGE_CURVE('',#688,#686,#136,.T.);
#867=EDGE_CURVE('',#687,#688,#440,.T.);
#868=EDGE_CURVE('',#687,#645,#137,.T.);
#869=EDGE_CURVE('',#647,#688,#138,.T.);
#870=EDGE_CURVE('',#689,#690,#139,.T.);
#871=EDGE_CURVE('',#689,#691,#441,.T.);
#872=EDGE_CURVE('',#692,#691,#140,.T.);
#873=EDGE_CURVE('',#690,#692,#442,.T.);
#874=EDGE_CURVE('',#690,#693,#141,.T.);
#875=EDGE_CURVE('',#694,#692,#142,.T.);
#876=EDGE_CURVE('',#693,#694,#443,.T.);
#877=EDGE_CURVE('',#693,#695,#143,.T.);
#878=EDGE_CURVE('',#696,#694,#144,.T.);
#879=EDGE_CURVE('',#695,#696,#444,.T.);
#880=EDGE_CURVE('',#695,#697,#145,.T.);
#881=EDGE_CURVE('',#698,#696,#146,.T.);
#882=EDGE_CURVE('',#697,#698,#445,.T.);
#883=EDGE_CURVE('',#697,#699,#147,.T.);
#884=EDGE_CURVE('',#700,#698,#148,.T.);
#885=EDGE_CURVE('',#699,#700,#446,.T.);
#886=EDGE_CURVE('',#699,#701,#149,.T.);
#887=EDGE_CURVE('',#702,#700,#150,.T.);
#888=EDGE_CURVE('',#701,#702,#447,.T.);
#889=EDGE_CURVE('',#701,#703,#151,.T.);
#890=EDGE_CURVE('',#704,#702,#152,.T.);
#891=EDGE_CURVE('',#703,#704,#448,.T.);
#892=EDGE_CURVE('',#703,#689,#153,.T.);
#893=EDGE_CURVE('',#691,#704,#154,.T.);
#894=EDGE_CURVE('',#705,#706,#155,.T.);
#895=EDGE_CURVE('',#705,#707,#449,.T.);
#896=EDGE_CURVE('',#708,#707,#156,.T.);
#897=EDGE_CURVE('',#706,#708,#450,.T.);
#898=EDGE_CURVE('',#706,#709,#157,.T.);
#899=EDGE_CURVE('',#710,#708,#158,.T.);
#900=EDGE_CURVE('',#709,#710,#451,.T.);
#901=EDGE_CURVE('',#709,#711,#159,.T.);
#902=EDGE_CURVE('',#712,#710,#160,.T.);
#903=EDGE_CURVE('',#711,#712,#452,.T.);
#904=EDGE_CURVE('',#711,#713,#161,.T.);
#905=EDGE_CURVE('',#714,#712,#162,.T.);
#906=EDGE_CURVE('',#713,#714,#453,.T.);
#907=EDGE_CURVE('',#713,#715,#163,.T.);
#908=EDGE_CURVE('',#716,#714,#164,.T.);
#909=EDGE_CURVE('',#715,#716,#454,.T.);
#910=EDGE_CURVE('',#715,#717,#165,.T.);
#911=EDGE_CURVE('',#718,#716,#166,.T.);
#912=EDGE_CURVE('',#717,#718,#455,.T.);
#913=EDGE_CURVE('',#717,#719,#167,.T.);
#914=EDGE_CURVE('',#720,#718,#168,.T.);
#915=EDGE_CURVE('',#719,#720,#456,.T.);
#916=EDGE_CURVE('',#719,#705,#169,.T.);
#917=EDGE_CURVE('',#707,#720,#170,.T.);
#918=EDGE_CURVE('',#721,#722,#457,.T.);
#919=EDGE_CURVE('',#723,#721,#64,.T.);
#920=EDGE_CURVE('',#724,#723,#458,.T.);
#921=EDGE_CURVE('',#725,#724,#65,.T.);
#922=EDGE_CURVE('',#726,#725,#459,.T.);
#923=EDGE_CURVE('',#726,#727,#460,.T.);
#924=EDGE_CURVE('',#727,#728,#461,.T.);
#925=EDGE_CURVE('',#728,#722,#462,.T.);
#926=EDGE_CURVE('',#729,#730,#41,.T.);
#927=EDGE_CURVE('',#730,#729,#42,.T.);
#928=EDGE_CURVE('',#731,#729,#43,.T.);
#929=EDGE_CURVE('',#731,#732,#463,.T.);
#930=EDGE_CURVE('',#732,#732,#44,.T.);
#931=EDGE_CURVE('',#730,#731,#45,.T.);
#932=EDGE_CURVE('',#732,#733,#464,.T.);
#933=EDGE_CURVE('',#734,#733,#171,.T.);
#934=EDGE_CURVE('',#735,#734,#66,.T.);
#935=EDGE_CURVE('',#736,#735,#172,.T.);
#936=EDGE_CURVE('',#737,#736,#67,.T.);
#937=EDGE_CURVE('',#733,#737,#173,.T.);
#938=EDGE_CURVE('',#738,#736,#465,.T.);
#939=EDGE_CURVE('',#739,#738,#466,.T.);
#940=EDGE_CURVE('',#740,#739,#467,.T.);
#941=EDGE_CURVE('',#741,#740,#468,.T.);
#942=EDGE_CURVE('',#742,#741,#469,.T.);
#943=EDGE_CURVE('',#737,#742,#470,.T.);
#944=EDGE_CURVE('',#735,#743,#471,.T.);
#945=EDGE_CURVE('',#743,#738,#68,.F.);
#946=EDGE_CURVE('',#742,#744,#69,.F.);
#947=EDGE_CURVE('',#744,#734,#472,.T.);
#948=EDGE_CURVE('',#745,#746,#70,.T.);
#949=EDGE_CURVE('',#747,#745,#71,.T.);
#950=EDGE_CURVE('',#748,#747,#72,.T.);
#951=EDGE_CURVE('',#746,#748,#73,.T.);
#952=EDGE_CURVE('',#730,#749,#46,.T.);
#953=EDGE_CURVE('',#749,#750,#473,.T.);
#954=EDGE_CURVE('',#750,#750,#74,.T.);
#955=EDGE_CURVE('',#749,#729,#47,.T.);
#956=EDGE_CURVE('',#747,#751,#474,.T.);
#957=EDGE_CURVE('',#751,#752,#475,.T.);
#958=EDGE_CURVE('',#752,#753,#476,.T.);
#959=EDGE_CURVE('',#754,#753,#75,.T.);
#960=EDGE_CURVE('',#755,#754,#477,.T.);
#961=EDGE_CURVE('',#756,#755,#478,.T.);
#962=EDGE_CURVE('',#757,#756,#479,.T.);
#963=EDGE_CURVE('',#758,#757,#480,.T.);
#964=EDGE_CURVE('',#759,#758,#481,.T.);
#965=EDGE_CURVE('',#760,#759,#76,.T.);
#966=EDGE_CURVE('',#760,#748,#482,.T.);
#967=EDGE_CURVE('',#745,#761,#483,.T.);
#968=EDGE_CURVE('',#751,#761,#484,.F.);
#969=EDGE_CURVE('',#762,#763,#77,.T.);
#970=EDGE_CURVE('',#740,#763,#48,.T.);
#971=EDGE_CURVE('',#755,#740,#78,.F.);
#972=EDGE_CURVE('',#762,#755,#49,.T.);
#973=EDGE_CURVE('',#758,#764,#50,.T.);
#974=EDGE_CURVE('',#765,#758,#79,.F.);
#975=EDGE_CURVE('',#766,#765,#51,.T.);
#976=EDGE_CURVE('',#766,#764,#80,.T.);
#977=EDGE_CURVE('',#739,#756,#81,.F.);
#978=EDGE_CURVE('',#767,#739,#52,.T.);
#979=EDGE_CURVE('',#767,#768,#82,.T.);
#980=EDGE_CURVE('',#756,#768,#53,.T.);
#981=EDGE_CURVE('',#725,#742,#54,.T.);
#982=EDGE_CURVE('',#744,#724,#55,.T.);
#983=EDGE_CURVE('',#741,#769,#83,.T.);
#984=EDGE_CURVE('',#769,#726,#84,.T.);
#985=EDGE_CURVE('',#757,#770,#85,.F.);
#986=EDGE_CURVE('',#771,#757,#56,.T.);
#987=EDGE_CURVE('',#771,#772,#86,.T.);
#988=EDGE_CURVE('',#770,#772,#57,.T.);
#989=EDGE_CURVE('',#768,#771,#485,.T.);
#990=EDGE_CURVE('',#773,#743,#58,.T.);
#991=EDGE_CURVE('',#773,#774,#87,.T.);
#992=EDGE_CURVE('',#738,#774,#59,.T.);
#993=EDGE_CURVE('',#775,#776,#88,.F.);
#994=EDGE_CURVE('',#723,#775,#60,.T.);
#995=EDGE_CURVE('',#776,#721,#61,.T.);
#996=EDGE_CURVE('',#775,#744,#486,.T.);
#997=EDGE_CURVE('',#777,#776,#487,.T.);
#998=EDGE_CURVE('',#722,#778,#89,.T.);
#999=EDGE_CURVE('',#778,#777,#90,.T.);
#1000=EDGE_CURVE('',#779,#780,#91,.T.);
#1001=EDGE_CURVE('',#781,#780,#62,.T.);
#1002=EDGE_CURVE('',#782,#781,#92,.F.);
#1003=EDGE_CURVE('',#779,#782,#63,.T.);
#1004=EDGE_CURVE('',#743,#781,#488,.T.);
#1005=EDGE_CURVE('',#780,#773,#489,.T.);
#1006=EDGE_CURVE('',#776,#782,#490,.T.);
#1007=EDGE_CURVE('',#781,#775,#491,.T.);
#1008=EDGE_CURVE('',#782,#770,#492,.T.);
#1009=EDGE_CURVE('',#772,#779,#493,.T.);
#1010=EDGE_CURVE('',#774,#767,#494,.T.);
#1011=EDGE_CURVE('',#770,#765,#495,.T.);
#1012=EDGE_CURVE('',#778,#766,#496,.T.);
#1013=EDGE_CURVE('',#765,#777,#497,.T.);
#1014=EDGE_CURVE('',#764,#783,#498,.T.);
#1015=EDGE_CURVE('',#783,#759,#93,.T.);
#1016=EDGE_CURVE('',#763,#769,#499,.T.);
#1017=EDGE_CURVE('',#784,#762,#500,.T.);
#1018=EDGE_CURVE('',#754,#784,#94,.T.);
#1019=EDGE_CURVE('',#785,#760,#501,.T.);
#1020=EDGE_CURVE('',#783,#786,#502,.T.);
#1021=EDGE_CURVE('',#786,#785,#95,.T.);
#1022=EDGE_CURVE('',#787,#784,#503,.T.);
#1023=EDGE_CURVE('',#753,#788,#504,.T.);
#1024=EDGE_CURVE('',#788,#787,#96,.T.);
#1025=EDGE_CURVE('',#789,#790,#505,.T.);
#1026=EDGE_CURVE('',#790,#785,#97,.T.);
#1027=EDGE_CURVE('',#786,#791,#506,.T.);
#1028=EDGE_CURVE('',#791,#792,#98,.T.);
#1029=EDGE_CURVE('',#792,#789,#99,.T.);
#1030=EDGE_CURVE('',#793,#787,#507,.T.);
#1031=EDGE_CURVE('',#788,#794,#100,.T.);
#1032=EDGE_CURVE('',#794,#795,#508,.T.);
#1033=EDGE_CURVE('',#795,#796,#101,.T.);
#1034=EDGE_CURVE('',#796,#793,#102,.T.);
#1035=EDGE_CURVE('',#791,#728,#509,.T.);
#1036=EDGE_CURVE('',#728,#797,#103,.F.);
#1037=EDGE_CURVE('',#797,#792,#510,.T.);
#1038=EDGE_CURVE('',#796,#798,#511,.T.);
#1039=EDGE_CURVE('',#727,#798,#104,.T.);
#1040=EDGE_CURVE('',#727,#793,#512,.T.);
#1041=EDGE_CURVE('',#799,#797,#513,.T.);
#1042=EDGE_CURVE('',#800,#799,#514,.F.);
#1043=EDGE_CURVE('',#800,#789,#515,.T.);
#1044=EDGE_CURVE('',#801,#798,#516,.T.);
#1045=EDGE_CURVE('',#799,#801,#517,.F.);
#1046=EDGE_CURVE('',#802,#795,#518,.T.);
#1047=EDGE_CURVE('',#801,#802,#519,.F.);
#1048=EDGE_CURVE('',#803,#794,#520,.T.);
#1049=EDGE_CURVE('',#802,#803,#521,.F.);
#1050=EDGE_CURVE('',#803,#752,#522,.F.);
#1051=EDGE_CURVE('',#761,#800,#523,.F.);
#1052=EDGE_CURVE('',#790,#746,#524,.T.);
#1053=ORIENTED_EDGE('',*,*,#804,.F.);
#1054=ORIENTED_EDGE('',*,*,#805,.T.);
#1055=ORIENTED_EDGE('',*,*,#806,.F.);
#1056=ORIENTED_EDGE('',*,*,#807,.F.);
#1057=ORIENTED_EDGE('',*,*,#808,.F.);
#1058=ORIENTED_EDGE('',*,*,#807,.T.);
#1059=ORIENTED_EDGE('',*,*,#809,.F.);
#1060=ORIENTED_EDGE('',*,*,#810,.F.);
#1061=ORIENTED_EDGE('',*,*,#811,.F.);
#1062=ORIENTED_EDGE('',*,*,#810,.T.);
#1063=ORIENTED_EDGE('',*,*,#812,.F.);
#1064=ORIENTED_EDGE('',*,*,#813,.F.);
#1065=ORIENTED_EDGE('',*,*,#814,.F.);
#1066=ORIENTED_EDGE('',*,*,#813,.T.);
#1067=ORIENTED_EDGE('',*,*,#815,.F.);
#1068=ORIENTED_EDGE('',*,*,#816,.F.);
#1069=ORIENTED_EDGE('',*,*,#817,.F.);
#1070=ORIENTED_EDGE('',*,*,#816,.T.);
#1071=ORIENTED_EDGE('',*,*,#818,.F.);
#1072=ORIENTED_EDGE('',*,*,#819,.F.);
#1073=ORIENTED_EDGE('',*,*,#820,.F.);
#1074=ORIENTED_EDGE('',*,*,#819,.T.);
#1075=ORIENTED_EDGE('',*,*,#821,.F.);
#1076=ORIENTED_EDGE('',*,*,#822,.F.);
#1077=ORIENTED_EDGE('',*,*,#823,.F.);
#1078=ORIENTED_EDGE('',*,*,#822,.T.);
#1079=ORIENTED_EDGE('',*,*,#824,.F.);
#1080=ORIENTED_EDGE('',*,*,#825,.F.);
#1081=ORIENTED_EDGE('',*,*,#826,.F.);
#1082=ORIENTED_EDGE('',*,*,#825,.T.);
#1083=ORIENTED_EDGE('',*,*,#827,.F.);
#1084=ORIENTED_EDGE('',*,*,#828,.F.);
#1085=ORIENTED_EDGE('',*,*,#829,.F.);
#1086=ORIENTED_EDGE('',*,*,#828,.T.);
#1087=ORIENTED_EDGE('',*,*,#830,.F.);
#1088=ORIENTED_EDGE('',*,*,#831,.F.);
#1089=ORIENTED_EDGE('',*,*,#832,.F.);
#1090=ORIENTED_EDGE('',*,*,#831,.T.);
#1091=ORIENTED_EDGE('',*,*,#833,.F.);
#1092=ORIENTED_EDGE('',*,*,#834,.F.);
#1093=ORIENTED_EDGE('',*,*,#835,.F.);
#1094=ORIENTED_EDGE('',*,*,#834,.T.);
#1095=ORIENTED_EDGE('',*,*,#836,.F.);
#1096=ORIENTED_EDGE('',*,*,#837,.F.);
#1097=ORIENTED_EDGE('',*,*,#838,.F.);
#1098=ORIENTED_EDGE('',*,*,#837,.T.);
#1099=ORIENTED_EDGE('',*,*,#839,.F.);
#1100=ORIENTED_EDGE('',*,*,#840,.F.);
#1101=ORIENTED_EDGE('',*,*,#841,.F.);
#1102=ORIENTED_EDGE('',*,*,#840,.T.);
#1103=ORIENTED_EDGE('',*,*,#842,.F.);
#1104=ORIENTED_EDGE('',*,*,#843,.F.);
#1105=ORIENTED_EDGE('',*,*,#844,.F.);
#1106=ORIENTED_EDGE('',*,*,#843,.T.);
#1107=ORIENTED_EDGE('',*,*,#845,.F.);
#1108=ORIENTED_EDGE('',*,*,#846,.F.);
#1109=ORIENTED_EDGE('',*,*,#847,.F.);
#1110=ORIENTED_EDGE('',*,*,#846,.T.);
#1111=ORIENTED_EDGE('',*,*,#848,.F.);
#1112=ORIENTED_EDGE('',*,*,#849,.F.);
#1113=ORIENTED_EDGE('',*,*,#850,.F.);
#1114=ORIENTED_EDGE('',*,*,#849,.T.);
#1115=ORIENTED_EDGE('',*,*,#851,.F.);
#1116=ORIENTED_EDGE('',*,*,#852,.F.);
#1117=ORIENTED_EDGE('',*,*,#853,.F.);
#1118=ORIENTED_EDGE('',*,*,#852,.T.);
#1119=ORIENTED_EDGE('',*,*,#854,.F.);
#1120=ORIENTED_EDGE('',*,*,#855,.F.);
#1121=ORIENTED_EDGE('',*,*,#856,.F.);
#1122=ORIENTED_EDGE('',*,*,#855,.T.);
#1123=ORIENTED_EDGE('',*,*,#857,.F.);
#1124=ORIENTED_EDGE('',*,*,#858,.F.);
#1125=ORIENTED_EDGE('',*,*,#859,.F.);
#1126=ORIENTED_EDGE('',*,*,#858,.T.);
#1127=ORIENTED_EDGE('',*,*,#860,.F.);
#1128=ORIENTED_EDGE('',*,*,#861,.F.);
#1129=ORIENTED_EDGE('',*,*,#862,.F.);
#1130=ORIENTED_EDGE('',*,*,#861,.T.);
#1131=ORIENTED_EDGE('',*,*,#863,.F.);
#1132=ORIENTED_EDGE('',*,*,#864,.F.);
#1133=ORIENTED_EDGE('',*,*,#865,.F.);
#1134=ORIENTED_EDGE('',*,*,#864,.T.);
#1135=ORIENTED_EDGE('',*,*,#866,.F.);
#1136=ORIENTED_EDGE('',*,*,#867,.F.);
#1137=ORIENTED_EDGE('',*,*,#868,.F.);
#1138=ORIENTED_EDGE('',*,*,#867,.T.);
#1139=ORIENTED_EDGE('',*,*,#869,.F.);
#1140=ORIENTED_EDGE('',*,*,#805,.F.);
#1141=ORIENTED_EDGE('',*,*,#869,.T.);
#1142=ORIENTED_EDGE('',*,*,#866,.T.);
#1143=ORIENTED_EDGE('',*,*,#863,.T.);
#1144=ORIENTED_EDGE('',*,*,#860,.T.);
#1145=ORIENTED_EDGE('',*,*,#857,.T.);
#1146=ORIENTED_EDGE('',*,*,#854,.T.);
#1147=ORIENTED_EDGE('',*,*,#851,.T.);
#1148=ORIENTED_EDGE('',*,*,#848,.T.);
#1149=ORIENTED_EDGE('',*,*,#845,.T.);
#1150=ORIENTED_EDGE('',*,*,#842,.T.);
#1151=ORIENTED_EDGE('',*,*,#839,.T.);
#1152=ORIENTED_EDGE('',*,*,#836,.T.);
#1153=ORIENTED_EDGE('',*,*,#833,.T.);
#1154=ORIENTED_EDGE('',*,*,#830,.T.);
#1155=ORIENTED_EDGE('',*,*,#827,.T.);
#1156=ORIENTED_EDGE('',*,*,#824,.T.);
#1157=ORIENTED_EDGE('',*,*,#821,.T.);
#1158=ORIENTED_EDGE('',*,*,#818,.T.);
#1159=ORIENTED_EDGE('',*,*,#815,.T.);
#1160=ORIENTED_EDGE('',*,*,#812,.T.);
#1161=ORIENTED_EDGE('',*,*,#809,.T.);
#1162=ORIENTED_EDGE('',*,*,#806,.T.);
#1163=ORIENTED_EDGE('',*,*,#870,.F.);
#1164=ORIENTED_EDGE('',*,*,#871,.T.);
#1165=ORIENTED_EDGE('',*,*,#872,.F.);
#1166=ORIENTED_EDGE('',*,*,#873,.F.);
#1167=ORIENTED_EDGE('',*,*,#874,.F.);
#1168=ORIENTED_EDGE('',*,*,#873,.T.);
#1169=ORIENTED_EDGE('',*,*,#875,.F.);
#1170=ORIENTED_EDGE('',*,*,#876,.F.);
#1171=ORIENTED_EDGE('',*,*,#877,.F.);
#1172=ORIENTED_EDGE('',*,*,#876,.T.);
#1173=ORIENTED_EDGE('',*,*,#878,.F.);
#1174=ORIENTED_EDGE('',*,*,#879,.F.);
#1175=ORIENTED_EDGE('',*,*,#880,.F.);
#1176=ORIENTED_EDGE('',*,*,#879,.T.);
#1177=ORIENTED_EDGE('',*,*,#881,.F.);
#1178=ORIENTED_EDGE('',*,*,#882,.F.);
#1179=ORIENTED_EDGE('',*,*,#883,.F.);
#1180=ORIENTED_EDGE('',*,*,#882,.T.);
#1181=ORIENTED_EDGE('',*,*,#884,.F.);
#1182=ORIENTED_EDGE('',*,*,#885,.F.);
#1183=ORIENTED_EDGE('',*,*,#886,.F.);
#1184=ORIENTED_EDGE('',*,*,#885,.T.);
#1185=ORIENTED_EDGE('',*,*,#887,.F.);
#1186=ORIENTED_EDGE('',*,*,#888,.F.);
#1187=ORIENTED_EDGE('',*,*,#889,.F.);
#1188=ORIENTED_EDGE('',*,*,#888,.T.);
#1189=ORIENTED_EDGE('',*,*,#890,.F.);
#1190=ORIENTED_EDGE('',*,*,#891,.F.);
#1191=ORIENTED_EDGE('',*,*,#892,.F.);
#1192=ORIENTED_EDGE('',*,*,#891,.T.);
#1193=ORIENTED_EDGE('',*,*,#893,.F.);
#1194=ORIENTED_EDGE('',*,*,#871,.F.);
#1195=ORIENTED_EDGE('',*,*,#894,.F.);
#1196=ORIENTED_EDGE('',*,*,#895,.T.);
#1197=ORIENTED_EDGE('',*,*,#896,.F.);
#1198=ORIENTED_EDGE('',*,*,#897,.F.);
#1199=ORIENTED_EDGE('',*,*,#898,.F.);
#1200=ORIENTED_EDGE('',*,*,#897,.T.);
#1201=ORIENTED_EDGE('',*,*,#899,.F.);
#1202=ORIENTED_EDGE('',*,*,#900,.F.);
#1203=ORIENTED_EDGE('',*,*,#901,.F.);
#1204=ORIENTED_EDGE('',*,*,#900,.T.);
#1205=ORIENTED_EDGE('',*,*,#902,.F.);
#1206=ORIENTED_EDGE('',*,*,#903,.F.);
#1207=ORIENTED_EDGE('',*,*,#904,.F.);
#1208=ORIENTED_EDGE('',*,*,#903,.T.);
#1209=ORIENTED_EDGE('',*,*,#905,.F.);
#1210=ORIENTED_EDGE('',*,*,#906,.F.);
#1211=ORIENTED_EDGE('',*,*,#907,.F.);
#1212=ORIENTED_EDGE('',*,*,#906,.T.);
#1213=ORIENTED_EDGE('',*,*,#908,.F.);
#1214=ORIENTED_EDGE('',*,*,#909,.F.);
#1215=ORIENTED_EDGE('',*,*,#910,.F.);
#1216=ORIENTED_EDGE('',*,*,#909,.T.);
#1217=ORIENTED_EDGE('',*,*,#911,.F.);
#1218=ORIENTED_EDGE('',*,*,#912,.F.);
#1219=ORIENTED_EDGE('',*,*,#913,.F.);
#1220=ORIENTED_EDGE('',*,*,#912,.T.);
#1221=ORIENTED_EDGE('',*,*,#914,.F.);
#1222=ORIENTED_EDGE('',*,*,#915,.F.);
#1223=ORIENTED_EDGE('',*,*,#916,.F.);
#1224=ORIENTED_EDGE('',*,*,#915,.T.);
#1225=ORIENTED_EDGE('',*,*,#917,.F.);
#1226=ORIENTED_EDGE('',*,*,#895,.F.);
#1227=ORIENTED_EDGE('',*,*,#917,.T.);
#1228=ORIENTED_EDGE('',*,*,#914,.T.);
#1229=ORIENTED_EDGE('',*,*,#911,.T.);
#1230=ORIENTED_EDGE('',*,*,#908,.T.);
#1231=ORIENTED_EDGE('',*,*,#905,.T.);
#1232=ORIENTED_EDGE('',*,*,#902,.T.);
#1233=ORIENTED_EDGE('',*,*,#899,.T.);
#1234=ORIENTED_EDGE('',*,*,#896,.T.);
#1235=ORIENTED_EDGE('',*,*,#893,.T.);
#1236=ORIENTED_EDGE('',*,*,#890,.T.);
#1237=ORIENTED_EDGE('',*,*,#887,.T.);
#1238=ORIENTED_EDGE('',*,*,#884,.T.);
#1239=ORIENTED_EDGE('',*,*,#881,.T.);
#1240=ORIENTED_EDGE('',*,*,#878,.T.);
#1241=ORIENTED_EDGE('',*,*,#875,.T.);
#1242=ORIENTED_EDGE('',*,*,#872,.T.);
#1243=ORIENTED_EDGE('',*,*,#918,.F.);
#1244=ORIENTED_EDGE('',*,*,#919,.F.);
#1245=ORIENTED_EDGE('',*,*,#920,.F.);
#1246=ORIENTED_EDGE('',*,*,#921,.F.);
#1247=ORIENTED_EDGE('',*,*,#922,.F.);
#1248=ORIENTED_EDGE('',*,*,#923,.T.);
#1249=ORIENTED_EDGE('',*,*,#924,.T.);
#1250=ORIENTED_EDGE('',*,*,#925,.T.);
#1251=ORIENTED_EDGE('',*,*,#804,.T.);
#1252=ORIENTED_EDGE('',*,*,#808,.T.);
#1253=ORIENTED_EDGE('',*,*,#811,.T.);
#1254=ORIENTED_EDGE('',*,*,#814,.T.);
#1255=ORIENTED_EDGE('',*,*,#817,.T.);
#1256=ORIENTED_EDGE('',*,*,#820,.T.);
#1257=ORIENTED_EDGE('',*,*,#823,.T.);
#1258=ORIENTED_EDGE('',*,*,#826,.T.);
#1259=ORIENTED_EDGE('',*,*,#829,.T.);
#1260=ORIENTED_EDGE('',*,*,#832,.T.);
#1261=ORIENTED_EDGE('',*,*,#835,.T.);
#1262=ORIENTED_EDGE('',*,*,#838,.T.);
#1263=ORIENTED_EDGE('',*,*,#841,.T.);
#1264=ORIENTED_EDGE('',*,*,#844,.T.);
#1265=ORIENTED_EDGE('',*,*,#847,.T.);
#1266=ORIENTED_EDGE('',*,*,#850,.T.);
#1267=ORIENTED_EDGE('',*,*,#853,.T.);
#1268=ORIENTED_EDGE('',*,*,#856,.T.);
#1269=ORIENTED_EDGE('',*,*,#859,.T.);
#1270=ORIENTED_EDGE('',*,*,#862,.T.);
#1271=ORIENTED_EDGE('',*,*,#865,.T.);
#1272=ORIENTED_EDGE('',*,*,#868,.T.);
#1273=ORIENTED_EDGE('',*,*,#894,.T.);
#1274=ORIENTED_EDGE('',*,*,#898,.T.);
#1275=ORIENTED_EDGE('',*,*,#901,.T.);
#1276=ORIENTED_EDGE('',*,*,#904,.T.);
#1277=ORIENTED_EDGE('',*,*,#907,.T.);
#1278=ORIENTED_EDGE('',*,*,#910,.T.);
#1279=ORIENTED_EDGE('',*,*,#913,.T.);
#1280=ORIENTED_EDGE('',*,*,#916,.T.);
#1281=ORIENTED_EDGE('',*,*,#926,.F.);
#1282=ORIENTED_EDGE('',*,*,#927,.F.);
#1283=ORIENTED_EDGE('',*,*,#927,.T.);
#1284=ORIENTED_EDGE('',*,*,#928,.F.);
#1285=ORIENTED_EDGE('',*,*,#929,.T.);
#1286=ORIENTED_EDGE('',*,*,#930,.T.);
#1287=ORIENTED_EDGE('',*,*,#929,.F.);
#1288=ORIENTED_EDGE('',*,*,#931,.F.);
#1289=ORIENTED_EDGE('',*,*,#930,.F.);
#1290=ORIENTED_EDGE('',*,*,#932,.T.);
#1291=ORIENTED_EDGE('',*,*,#933,.F.);
#1292=ORIENTED_EDGE('',*,*,#934,.F.);
#1293=ORIENTED_EDGE('',*,*,#935,.F.);
#1294=ORIENTED_EDGE('',*,*,#936,.F.);
#1295=ORIENTED_EDGE('',*,*,#937,.F.);
#1296=ORIENTED_EDGE('',*,*,#932,.F.);
#1297=ORIENTED_EDGE('',*,*,#936,.T.);
#1298=ORIENTED_EDGE('',*,*,#938,.F.);
#1299=ORIENTED_EDGE('',*,*,#939,.F.);
#1300=ORIENTED_EDGE('',*,*,#940,.F.);
#1301=ORIENTED_EDGE('',*,*,#941,.F.);
#1302=ORIENTED_EDGE('',*,*,#942,.F.);
#1303=ORIENTED_EDGE('',*,*,#943,.F.);
#1304=ORIENTED_EDGE('',*,*,#935,.T.);
#1305=ORIENTED_EDGE('',*,*,#944,.T.);
#1306=ORIENTED_EDGE('',*,*,#945,.T.);
#1307=ORIENTED_EDGE('',*,*,#938,.T.);
#1308=ORIENTED_EDGE('',*,*,#933,.T.);
#1309=ORIENTED_EDGE('',*,*,#937,.T.);
#1310=ORIENTED_EDGE('',*,*,#943,.T.);
#1311=ORIENTED_EDGE('',*,*,#946,.T.);
#1312=ORIENTED_EDGE('',*,*,#947,.T.);
#1313=ORIENTED_EDGE('',*,*,#948,.F.);
#1314=ORIENTED_EDGE('',*,*,#949,.F.);
#1315=ORIENTED_EDGE('',*,*,#950,.F.);
#1316=ORIENTED_EDGE('',*,*,#951,.F.);
#1317=ORIENTED_EDGE('',*,*,#952,.T.);
#1318=ORIENTED_EDGE('',*,*,#953,.T.);
#1319=ORIENTED_EDGE('',*,*,#954,.F.);
#1320=ORIENTED_EDGE('',*,*,#953,.F.);
#1321=ORIENTED_EDGE('',*,*,#955,.T.);
#1322=ORIENTED_EDGE('',*,*,#926,.T.);
#1323=ORIENTED_EDGE('',*,*,#931,.T.);
#1324=ORIENTED_EDGE('',*,*,#928,.T.);
#1325=ORIENTED_EDGE('',*,*,#955,.F.);
#1326=ORIENTED_EDGE('',*,*,#952,.F.);
#1327=ORIENTED_EDGE('',*,*,#950,.T.);
#1328=ORIENTED_EDGE('',*,*,#956,.T.);
#1329=ORIENTED_EDGE('',*,*,#957,.T.);
#1330=ORIENTED_EDGE('',*,*,#958,.T.);
#1331=ORIENTED_EDGE('',*,*,#959,.F.);
#1332=ORIENTED_EDGE('',*,*,#960,.F.);
#1333=ORIENTED_EDGE('',*,*,#961,.F.);
#1334=ORIENTED_EDGE('',*,*,#962,.F.);
#1335=ORIENTED_EDGE('',*,*,#963,.F.);
#1336=ORIENTED_EDGE('',*,*,#964,.F.);
#1337=ORIENTED_EDGE('',*,*,#965,.F.);
#1338=ORIENTED_EDGE('',*,*,#966,.T.);
#1339=ORIENTED_EDGE('',*,*,#949,.T.);
#1340=ORIENTED_EDGE('',*,*,#967,.T.);
#1341=ORIENTED_EDGE('',*,*,#968,.F.);
#1342=ORIENTED_EDGE('',*,*,#956,.F.);
#1343=ORIENTED_EDGE('',*,*,#969,.T.);
#1344=ORIENTED_EDGE('',*,*,#970,.F.);
#1345=ORIENTED_EDGE('',*,*,#971,.F.);
#1346=ORIENTED_EDGE('',*,*,#972,.F.);
#1347=ORIENTED_EDGE('',*,*,#973,.F.);
#1348=ORIENTED_EDGE('',*,*,#974,.F.);
#1349=ORIENTED_EDGE('',*,*,#975,.F.);
#1350=ORIENTED_EDGE('',*,*,#976,.T.);
#1351=ORIENTED_EDGE('',*,*,#977,.F.);
#1352=ORIENTED_EDGE('',*,*,#978,.F.);
#1353=ORIENTED_EDGE('',*,*,#979,.T.);
#1354=ORIENTED_EDGE('',*,*,#980,.F.);
#1355=ORIENTED_EDGE('',*,*,#946,.F.);
#1356=ORIENTED_EDGE('',*,*,#981,.F.);
#1357=ORIENTED_EDGE('',*,*,#921,.T.);
#1358=ORIENTED_EDGE('',*,*,#982,.F.);
#1359=ORIENTED_EDGE('',*,*,#922,.T.);
#1360=ORIENTED_EDGE('',*,*,#981,.T.);
#1361=ORIENTED_EDGE('',*,*,#942,.T.);
#1362=ORIENTED_EDGE('',*,*,#983,.T.);
#1363=ORIENTED_EDGE('',*,*,#984,.T.);
#1364=ORIENTED_EDGE('',*,*,#985,.F.);
#1365=ORIENTED_EDGE('',*,*,#986,.F.);
#1366=ORIENTED_EDGE('',*,*,#987,.T.);
#1367=ORIENTED_EDGE('',*,*,#988,.F.);
#1368=ORIENTED_EDGE('',*,*,#986,.T.);
#1369=ORIENTED_EDGE('',*,*,#962,.T.);
#1370=ORIENTED_EDGE('',*,*,#980,.T.);
#1371=ORIENTED_EDGE('',*,*,#989,.T.);
#1372=ORIENTED_EDGE('',*,*,#945,.F.);
#1373=ORIENTED_EDGE('',*,*,#990,.F.);
#1374=ORIENTED_EDGE('',*,*,#991,.T.);
#1375=ORIENTED_EDGE('',*,*,#992,.F.);
#1376=ORIENTED_EDGE('',*,*,#993,.F.);
#1377=ORIENTED_EDGE('',*,*,#994,.F.);
#1378=ORIENTED_EDGE('',*,*,#919,.T.);
#1379=ORIENTED_EDGE('',*,*,#995,.F.);
#1380=ORIENTED_EDGE('',*,*,#994,.T.);
#1381=ORIENTED_EDGE('',*,*,#996,.T.);
#1382=ORIENTED_EDGE('',*,*,#982,.T.);
#1383=ORIENTED_EDGE('',*,*,#920,.T.);
#1384=ORIENTED_EDGE('',*,*,#997,.T.);
#1385=ORIENTED_EDGE('',*,*,#995,.T.);
#1386=ORIENTED_EDGE('',*,*,#918,.T.);
#1387=ORIENTED_EDGE('',*,*,#998,.T.);
#1388=ORIENTED_EDGE('',*,*,#999,.T.);
#1389=ORIENTED_EDGE('',*,*,#1000,.T.);
#1390=ORIENTED_EDGE('',*,*,#1001,.F.);
#1391=ORIENTED_EDGE('',*,*,#1002,.F.);
#1392=ORIENTED_EDGE('',*,*,#1003,.F.);
#1393=ORIENTED_EDGE('',*,*,#990,.T.);
#1394=ORIENTED_EDGE('',*,*,#1004,.T.);
#1395=ORIENTED_EDGE('',*,*,#1001,.T.);
#1396=ORIENTED_EDGE('',*,*,#1005,.T.);
#1397=ORIENTED_EDGE('',*,*,#993,.T.);
#1398=ORIENTED_EDGE('',*,*,#1006,.T.);
#1399=ORIENTED_EDGE('',*,*,#1002,.T.);
#1400=ORIENTED_EDGE('',*,*,#1007,.T.);
#1401=ORIENTED_EDGE('',*,*,#1003,.T.);
#1402=ORIENTED_EDGE('',*,*,#1008,.T.);
#1403=ORIENTED_EDGE('',*,*,#988,.T.);
#1404=ORIENTED_EDGE('',*,*,#1009,.T.);
#1405=ORIENTED_EDGE('',*,*,#978,.T.);
#1406=ORIENTED_EDGE('',*,*,#939,.T.);
#1407=ORIENTED_EDGE('',*,*,#992,.T.);
#1408=ORIENTED_EDGE('',*,*,#1010,.T.);
#1409=ORIENTED_EDGE('',*,*,#985,.T.);
#1410=ORIENTED_EDGE('',*,*,#1011,.T.);
#1411=ORIENTED_EDGE('',*,*,#974,.T.);
#1412=ORIENTED_EDGE('',*,*,#963,.T.);
#1413=ORIENTED_EDGE('',*,*,#1012,.T.);
#1414=ORIENTED_EDGE('',*,*,#975,.T.);
#1415=ORIENTED_EDGE('',*,*,#1013,.T.);
#1416=ORIENTED_EDGE('',*,*,#999,.F.);
#1417=ORIENTED_EDGE('',*,*,#971,.T.);
#1418=ORIENTED_EDGE('',*,*,#940,.T.);
#1419=ORIENTED_EDGE('',*,*,#977,.T.);
#1420=ORIENTED_EDGE('',*,*,#961,.T.);
#1421=ORIENTED_EDGE('',*,*,#964,.T.);
#1422=ORIENTED_EDGE('',*,*,#973,.T.);
#1423=ORIENTED_EDGE('',*,*,#1014,.T.);
#1424=ORIENTED_EDGE('',*,*,#1015,.T.);
#1425=ORIENTED_EDGE('',*,*,#941,.T.);
#1426=ORIENTED_EDGE('',*,*,#970,.T.);
#1427=ORIENTED_EDGE('',*,*,#1016,.T.);
#1428=ORIENTED_EDGE('',*,*,#983,.F.);
#1429=ORIENTED_EDGE('',*,*,#1017,.T.);
#1430=ORIENTED_EDGE('',*,*,#972,.T.);
#1431=ORIENTED_EDGE('',*,*,#960,.T.);
#1432=ORIENTED_EDGE('',*,*,#1018,.T.);
#1433=ORIENTED_EDGE('',*,*,#1019,.T.);
#1434=ORIENTED_EDGE('',*,*,#965,.T.);
#1435=ORIENTED_EDGE('',*,*,#1015,.F.);
#1436=ORIENTED_EDGE('',*,*,#1020,.T.);
#1437=ORIENTED_EDGE('',*,*,#1021,.T.);
#1438=ORIENTED_EDGE('',*,*,#1022,.T.);
#1439=ORIENTED_EDGE('',*,*,#1018,.F.);
#1440=ORIENTED_EDGE('',*,*,#959,.T.);
#1441=ORIENTED_EDGE('',*,*,#1023,.T.);
#1442=ORIENTED_EDGE('',*,*,#1024,.T.);
#1443=ORIENTED_EDGE('',*,*,#1025,.T.);
#1444=ORIENTED_EDGE('',*,*,#1026,.T.);
#1445=ORIENTED_EDGE('',*,*,#1021,.F.);
#1446=ORIENTED_EDGE('',*,*,#1027,.T.);
#1447=ORIENTED_EDGE('',*,*,#1028,.T.);
#1448=ORIENTED_EDGE('',*,*,#1029,.T.);
#1449=ORIENTED_EDGE('',*,*,#1030,.T.);
#1450=ORIENTED_EDGE('',*,*,#1024,.F.);
#1451=ORIENTED_EDGE('',*,*,#1031,.T.);
#1452=ORIENTED_EDGE('',*,*,#1032,.T.);
#1453=ORIENTED_EDGE('',*,*,#1033,.T.);
#1454=ORIENTED_EDGE('',*,*,#1034,.T.);
#1455=ORIENTED_EDGE('',*,*,#1035,.T.);
#1456=ORIENTED_EDGE('',*,*,#1036,.T.);
#1457=ORIENTED_EDGE('',*,*,#1037,.T.);
#1458=ORIENTED_EDGE('',*,*,#1028,.F.);
#1459=ORIENTED_EDGE('',*,*,#1038,.T.);
#1460=ORIENTED_EDGE('',*,*,#1039,.F.);
#1461=ORIENTED_EDGE('',*,*,#1040,.T.);
#1462=ORIENTED_EDGE('',*,*,#1034,.F.);
#1463=ORIENTED_EDGE('',*,*,#1035,.F.);
#1464=ORIENTED_EDGE('',*,*,#1027,.F.);
#1465=ORIENTED_EDGE('',*,*,#1020,.F.);
#1466=ORIENTED_EDGE('',*,*,#1014,.F.);
#1467=ORIENTED_EDGE('',*,*,#976,.F.);
#1468=ORIENTED_EDGE('',*,*,#1012,.F.);
#1469=ORIENTED_EDGE('',*,*,#998,.F.);
#1470=ORIENTED_EDGE('',*,*,#925,.F.);
#1471=ORIENTED_EDGE('',*,*,#870,.T.);
#1472=ORIENTED_EDGE('',*,*,#874,.T.);
#1473=ORIENTED_EDGE('',*,*,#877,.T.);
#1474=ORIENTED_EDGE('',*,*,#880,.T.);
#1475=ORIENTED_EDGE('',*,*,#883,.T.);
#1476=ORIENTED_EDGE('',*,*,#886,.T.);
#1477=ORIENTED_EDGE('',*,*,#889,.T.);
#1478=ORIENTED_EDGE('',*,*,#892,.T.);
#1479=ORIENTED_EDGE('',*,*,#1016,.F.);
#1480=ORIENTED_EDGE('',*,*,#969,.F.);
#1481=ORIENTED_EDGE('',*,*,#1017,.F.);
#1482=ORIENTED_EDGE('',*,*,#1022,.F.);
#1483=ORIENTED_EDGE('',*,*,#1030,.F.);
#1484=ORIENTED_EDGE('',*,*,#1040,.F.);
#1485=ORIENTED_EDGE('',*,*,#923,.F.);
#1486=ORIENTED_EDGE('',*,*,#984,.F.);
#1487=ORIENTED_EDGE('',*,*,#997,.F.);
#1488=ORIENTED_EDGE('',*,*,#1013,.F.);
#1489=ORIENTED_EDGE('',*,*,#1011,.F.);
#1490=ORIENTED_EDGE('',*,*,#1008,.F.);
#1491=ORIENTED_EDGE('',*,*,#1006,.F.);
#1492=ORIENTED_EDGE('',*,*,#1000,.F.);
#1493=ORIENTED_EDGE('',*,*,#1009,.F.);
#1494=ORIENTED_EDGE('',*,*,#987,.F.);
#1495=ORIENTED_EDGE('',*,*,#989,.F.);
#1496=ORIENTED_EDGE('',*,*,#979,.F.);
#1497=ORIENTED_EDGE('',*,*,#1010,.F.);
#1498=ORIENTED_EDGE('',*,*,#991,.F.);
#1499=ORIENTED_EDGE('',*,*,#1005,.F.);
#1500=ORIENTED_EDGE('',*,*,#934,.T.);
#1501=ORIENTED_EDGE('',*,*,#947,.F.);
#1502=ORIENTED_EDGE('',*,*,#996,.F.);
#1503=ORIENTED_EDGE('',*,*,#1007,.F.);
#1504=ORIENTED_EDGE('',*,*,#1004,.F.);
#1505=ORIENTED_EDGE('',*,*,#944,.F.);
#1506=ORIENTED_EDGE('',*,*,#1037,.F.);
#1507=ORIENTED_EDGE('',*,*,#1041,.F.);
#1508=ORIENTED_EDGE('',*,*,#1042,.F.);
#1509=ORIENTED_EDGE('',*,*,#1043,.T.);
#1510=ORIENTED_EDGE('',*,*,#1029,.F.);
#1511=ORIENTED_EDGE('',*,*,#924,.F.);
#1512=ORIENTED_EDGE('',*,*,#1039,.T.);
#1513=ORIENTED_EDGE('',*,*,#1044,.F.);
#1514=ORIENTED_EDGE('',*,*,#1045,.F.);
#1515=ORIENTED_EDGE('',*,*,#1041,.T.);
#1516=ORIENTED_EDGE('',*,*,#1036,.F.);
#1517=ORIENTED_EDGE('',*,*,#954,.T.);
#1518=ORIENTED_EDGE('',*,*,#1038,.F.);
#1519=ORIENTED_EDGE('',*,*,#1033,.F.);
#1520=ORIENTED_EDGE('',*,*,#1046,.F.);
#1521=ORIENTED_EDGE('',*,*,#1047,.F.);
#1522=ORIENTED_EDGE('',*,*,#1044,.T.);
#1523=ORIENTED_EDGE('',*,*,#1032,.F.);
#1524=ORIENTED_EDGE('',*,*,#1048,.F.);
#1525=ORIENTED_EDGE('',*,*,#1049,.F.);
#1526=ORIENTED_EDGE('',*,*,#1046,.T.);
#1527=ORIENTED_EDGE('',*,*,#1023,.F.);
#1528=ORIENTED_EDGE('',*,*,#958,.F.);
#1529=ORIENTED_EDGE('',*,*,#1050,.F.);
#1530=ORIENTED_EDGE('',*,*,#1048,.T.);
#1531=ORIENTED_EDGE('',*,*,#1031,.F.);
#1532=ORIENTED_EDGE('',*,*,#1042,.T.);
#1533=ORIENTED_EDGE('',*,*,#1045,.T.);
#1534=ORIENTED_EDGE('',*,*,#1047,.T.);
#1535=ORIENTED_EDGE('',*,*,#1049,.T.);
#1536=ORIENTED_EDGE('',*,*,#1050,.T.);
#1537=ORIENTED_EDGE('',*,*,#957,.F.);
#1538=ORIENTED_EDGE('',*,*,#968,.T.);
#1539=ORIENTED_EDGE('',*,*,#1051,.T.);
#1540=ORIENTED_EDGE('',*,*,#948,.T.);
#1541=ORIENTED_EDGE('',*,*,#1052,.F.);
#1542=ORIENTED_EDGE('',*,*,#1025,.F.);
#1543=ORIENTED_EDGE('',*,*,#1043,.F.);
#1544=ORIENTED_EDGE('',*,*,#1051,.F.);
#1545=ORIENTED_EDGE('',*,*,#967,.F.);
#1546=ORIENTED_EDGE('',*,*,#951,.T.);
#1547=ORIENTED_EDGE('',*,*,#966,.F.);
#1548=ORIENTED_EDGE('',*,*,#1019,.F.);
#1549=ORIENTED_EDGE('',*,*,#1026,.F.);
#1550=ORIENTED_EDGE('',*,*,#1052,.T.);
#1551=PLANE('',#1676);
#1552=PLANE('',#1677);
#1553=PLANE('',#1678);
#1554=PLANE('',#1679);
#1555=PLANE('',#1680);
#1556=PLANE('',#1681);
#1557=PLANE('',#1682);
#1558=PLANE('',#1683);
#1559=PLANE('',#1684);
#1560=PLANE('',#1685);
#1561=PLANE('',#1688);
#1562=PLANE('',#1698);
#1563=PLANE('',#1712);
#1564=PLANE('',#1713);
#1565=PLANE('',#1716);
#1566=PLANE('',#1781);
#1567=PLANE('',#1782);
#1568=PLANE('',#1783);
#1569=PLANE('',#1784);
#1570=PLANE('',#1785);
#1571=PLANE('',#1786);
#1572=PLANE('',#1787);
#1573=PLANE('',#1788);
#1574=PLANE('',#1789);
#1575=PLANE('',#1790);
#1576=PLANE('',#1791);
#1577=PLANE('',#1792);
#1578=PLANE('',#1793);
#1579=PLANE('',#1794);
#1580=ADVANCED_FACE('',(#213),#1551,.T.);
#1581=ADVANCED_FACE('',(#214),#174,.T.);
#1582=ADVANCED_FACE('',(#215),#175,.T.);
#1583=ADVANCED_FACE('',(#216),#176,.T.);
#1584=ADVANCED_FACE('',(#217),#177,.T.);
#1585=ADVANCED_FACE('',(#218),#178,.T.);
#1586=ADVANCED_FACE('',(#219),#179,.T.);
#1587=ADVANCED_FACE('',(#220),#180,.T.);
#1588=ADVANCED_FACE('',(#221),#181,.T.);
#1589=ADVANCED_FACE('',(#222),#1552,.T.);
#1590=ADVANCED_FACE('',(#223),#1553,.T.);
#1591=ADVANCED_FACE('',(#224),#1554,.T.);
#1592=ADVANCED_FACE('',(#225),#1555,.T.);
#1593=ADVANCED_FACE('',(#226),#1556,.T.);
#1594=ADVANCED_FACE('',(#227),#1557,.T.);
#1595=ADVANCED_FACE('',(#228),#182,.T.);
#1596=ADVANCED_FACE('',(#229),#183,.T.);
#1597=ADVANCED_FACE('',(#230),#184,.T.);
#1598=ADVANCED_FACE('',(#231),#185,.T.);
#1599=ADVANCED_FACE('',(#232),#186,.T.);
#1600=ADVANCED_FACE('',(#233),#187,.T.);
#1601=ADVANCED_FACE('',(#234),#188,.T.);
#1602=ADVANCED_FACE('',(#235),#1558,.T.);
#1603=ADVANCED_FACE('',(#236),#189,.T.);
#1604=ADVANCED_FACE('',(#237),#190,.T.);
#1605=ADVANCED_FACE('',(#238),#191,.T.);
#1606=ADVANCED_FACE('',(#239),#192,.T.);
#1607=ADVANCED_FACE('',(#240),#193,.T.);
#1608=ADVANCED_FACE('',(#241),#194,.T.);
#1609=ADVANCED_FACE('',(#242),#195,.T.);
#1610=ADVANCED_FACE('',(#243),#196,.T.);
#1611=ADVANCED_FACE('',(#244),#197,.T.);
#1612=ADVANCED_FACE('',(#245),#198,.T.);
#1613=ADVANCED_FACE('',(#246),#199,.T.);
#1614=ADVANCED_FACE('',(#247),#200,.T.);
#1615=ADVANCED_FACE('',(#248),#201,.T.);
#1616=ADVANCED_FACE('',(#249),#202,.T.);
#1617=ADVANCED_FACE('',(#250),#203,.T.);
#1618=ADVANCED_FACE('',(#251),#204,.T.);
#1619=ADVANCED_FACE('',(#252,#105),#1559,.T.);
#1620=ADVANCED_FACE('',(#253,#106,#107),#1560,.F.);
#1621=ADVANCED_FACE('',(#254),#1561,.T.);
#1622=ADVANCED_FACE('',(#255),#40,.F.);
#1623=ADVANCED_FACE('',(#256),#15,.F.);
#1624=ADVANCED_FACE('',(#257),#1562,.T.);
#1625=ADVANCED_FACE('',(#258),#16,.T.);
#1626=ADVANCED_FACE('',(#259),#17,.T.);
#1627=ADVANCED_FACE('',(#260),#18,.F.);
#1628=ADVANCED_FACE('',(#261),#19,.F.);
#1629=ADVANCED_FACE('',(#262),#1563,.F.);
#1630=ADVANCED_FACE('',(#263),#1564,.T.);
#1631=ADVANCED_FACE('',(#264),#1565,.F.);
#1632=ADVANCED_FACE('',(#265),#205,.F.);
#1633=ADVANCED_FACE('',(#266),#206,.F.);
#1634=ADVANCED_FACE('',(#267),#207,.F.);
#1635=ADVANCED_FACE('',(#268),#208,.F.);
#1636=ADVANCED_FACE('',(#269),#20,.T.);
#1637=ADVANCED_FACE('',(#270),#209,.F.);
#1638=ADVANCED_FACE('',(#271),#21,.T.);
#1639=ADVANCED_FACE('',(#272),#210,.F.);
#1640=ADVANCED_FACE('',(#273),#211,.F.);
#1641=ADVANCED_FACE('',(#274),#22,.T.);
#1642=ADVANCED_FACE('',(#275),#23,.T.);
#1643=ADVANCED_FACE('',(#276),#212,.F.);
#1644=ADVANCED_FACE('',(#277),#24,.T.);
#1645=ADVANCED_FACE('',(#278),#25,.T.);
#1646=ADVANCED_FACE('',(#279),#26,.T.);
#1647=ADVANCED_FACE('',(#280),#27,.T.);
#1648=ADVANCED_FACE('',(#281),#28,.T.);
#1649=ADVANCED_FACE('',(#282),#29,.T.);
#1650=ADVANCED_FACE('',(#283),#30,.T.);
#1651=ADVANCED_FACE('',(#284),#31,.T.);
#1652=ADVANCED_FACE('',(#285),#32,.T.);
#1653=ADVANCED_FACE('',(#286),#33,.T.);
#1654=ADVANCED_FACE('',(#287),#34,.T.);
#1655=ADVANCED_FACE('',(#288),#35,.T.);
#1656=ADVANCED_FACE('',(#289),#36,.T.);
#1657=ADVANCED_FACE('',(#290),#37,.T.);
#1658=ADVANCED_FACE('',(#291),#38,.T.);
#1659=ADVANCED_FACE('',(#292),#39,.T.);
#1660=ADVANCED_FACE('',(#293),#1566,.F.);
#1661=ADVANCED_FACE('',(#294),#1567,.F.);
#1662=ADVANCED_FACE('',(#295),#1568,.F.);
#1663=ADVANCED_FACE('',(#296),#1569,.T.);
#1664=ADVANCED_FACE('',(#297),#1570,.T.);
#1665=ADVANCED_FACE('',(#298),#1571,.T.);
#1666=ADVANCED_FACE('',(#299),#1572,.F.);
#1667=ADVANCED_FACE('',(#300,#108),#1573,.F.);
#1668=ADVANCED_FACE('',(#301),#1574,.F.);
#1669=ADVANCED_FACE('',(#302),#1575,.F.);
#1670=ADVANCED_FACE('',(#303),#1576,.F.);
#1671=ADVANCED_FACE('',(#304),#1577,.F.);
#1672=ADVANCED_FACE('',(#305),#1578,.F.);
#1673=ADVANCED_FACE('',(#306),#1579,.F.);
#1674=CLOSED_SHELL('',(#1580,#1581,#1582,#1583,#1584,#1585,#1586,#1587,
#1588,#1589,#1590,#1591,#1592,#1593,#1594,#1595,#1596,#1597,#1598,#1599,
#1600,#1601,#1602,#1603,#1604,#1605,#1606,#1607,#1608,#1609,#1610,#1611,
#1612,#1613,#1614,#1615,#1616,#1617,#1618,#1619,#1620,#1621,#1622,#1623,
#1624,#1625,#1626,#1627,#1628,#1629,#1630,#1631,#1632,#1633,#1634,#1635,
#1636,#1637,#1638,#1639,#1640,#1641,#1642,#1643,#1644,#1645,#1646,#1647,
#1648,#1649,#1650,#1651,#1652,#1653,#1654,#1655,#1656,#1657,#1658,#1659,
#1660,#1661,#1662,#1663,#1664,#1665,#1666,#1667,#1668,#1669,#1670,#1671,
#1672,#1673));
#1675=AXIS2_PLACEMENT_3D('',#2155,#1795,#1796);
#1676=AXIS2_PLACEMENT_3D('',#2156,#1797,#1798);
#1677=AXIS2_PLACEMENT_3D('',#2349,#1811,#1812);
#1678=AXIS2_PLACEMENT_3D('',#2355,#1816,#1817);
#1679=AXIS2_PLACEMENT_3D('',#2361,#1821,#1822);
#1680=AXIS2_PLACEMENT_3D('',#2367,#1826,#1827);
#1681=AXIS2_PLACEMENT_3D('',#2373,#1831,#1832);
#1682=AXIS2_PLACEMENT_3D('',#2379,#1836,#1837);
#1683=AXIS2_PLACEMENT_3D('',#2543,#1847,#1848);
#1684=AXIS2_PLACEMENT_3D('',#2912,#1865,#1866);
#1685=AXIS2_PLACEMENT_3D('',#2913,#1867,#1868);
#1686=AXIS2_PLACEMENT_3D('',#2918,#1870,#1871);
#1687=AXIS2_PLACEMENT_3D('',#2922,#1873,#1874);
#1688=AXIS2_PLACEMENT_3D('',#2930,#1879,#1880);
#1689=AXIS2_PLACEMENT_3D('',#2933,#1881,#1882);
#1690=AXIS2_PLACEMENT_3D('',#2934,#1883,#1884);
#1691=AXIS2_PLACEMENT_3D('',#2935,#1885,#1886);
#1692=AXIS2_PLACEMENT_3D('',#2937,#1887,#1888);
#1693=AXIS2_PLACEMENT_3D('',#2940,#1890,#1891);
#1694=AXIS2_PLACEMENT_3D('',#2941,#1892,#1893);
#1695=AXIS2_PLACEMENT_3D('',#2942,#1894,#1895);
#1696=AXIS2_PLACEMENT_3D('',#2953,#1897,#1898);
#1697=AXIS2_PLACEMENT_3D('',#2968,#1899,#1900);
#1698=AXIS2_PLACEMENT_3D('',#2979,#1901,#1902);
#1699=AXIS2_PLACEMENT_3D('',#2991,#1909,#1910);
#1700=AXIS2_PLACEMENT_3D('',#2994,#1912,#1913);
#1701=AXIS2_PLACEMENT_3D('',#2995,#1914,#1915);
#1702=AXIS2_PLACEMENT_3D('',#2997,#1916,#1917);
#1703=AXIS2_PLACEMENT_3D('',#2999,#1919,#1920);
#1704=AXIS2_PLACEMENT_3D('',#3002,#1921,#1922);
#1705=AXIS2_PLACEMENT_3D('',#3004,#1923,#1924);
#1706=AXIS2_PLACEMENT_3D('',#3006,#1925,#1926);
#1707=AXIS2_PLACEMENT_3D('',#3007,#1927,#1928);
#1708=AXIS2_PLACEMENT_3D('',#3008,#1929,#1930);
#1709=AXIS2_PLACEMENT_3D('',#3010,#1931,#1932);
#1710=AXIS2_PLACEMENT_3D('',#3013,#1934,#1935);
#1711=AXIS2_PLACEMENT_3D('',#3014,#1936,#1937);
#1712=AXIS2_PLACEMENT_3D('',#3015,#1938,#1939);
#1713=AXIS2_PLACEMENT_3D('',#3016,#1940,#1941);
#1714=AXIS2_PLACEMENT_3D('',#3024,#1945,#1946);
#1715=AXIS2_PLACEMENT_3D('',#3036,#1952,#1953);
#1716=AXIS2_PLACEMENT_3D('',#3038,#1955,#1956);
#1717=AXIS2_PLACEMENT_3D('',#3079,#1959,#1960);
#1718=AXIS2_PLACEMENT_3D('',#3080,#1961,#1962);
#1719=AXIS2_PLACEMENT_3D('',#3081,#1963,#1964);
#1720=AXIS2_PLACEMENT_3D('',#3082,#1965,#1966);
#1721=AXIS2_PLACEMENT_3D('',#3119,#1967,#1968);
#1722=AXIS2_PLACEMENT_3D('',#3121,#1969,#1970);
#1723=AXIS2_PLACEMENT_3D('',#3123,#1971,#1972);
#1724=AXIS2_PLACEMENT_3D('',#3124,#1973,#1974);
#1725=AXIS2_PLACEMENT_3D('',#3160,#1975,#1976);
#1726=AXIS2_PLACEMENT_3D('',#3162,#1977,#1978);
#1727=AXIS2_PLACEMENT_3D('',#3164,#1979,#1980);
#1728=AXIS2_PLACEMENT_3D('',#3165,#1981,#1982);
#1729=AXIS2_PLACEMENT_3D('',#3201,#1983,#1984);
#1730=AXIS2_PLACEMENT_3D('',#3202,#1985,#1986);
#1731=AXIS2_PLACEMENT_3D('',#3203,#1987,#1988);
#1732=AXIS2_PLACEMENT_3D('',#3205,#1989,#1990);
#1733=AXIS2_PLACEMENT_3D('',#3206,#1991,#1992);
#1734=AXIS2_PLACEMENT_3D('',#3243,#1993,#1994);
#1735=AXIS2_PLACEMENT_3D('',#3245,#1995,#1996);
#1736=AXIS2_PLACEMENT_3D('',#3247,#1997,#1998);
#1737=AXIS2_PLACEMENT_3D('',#3248,#1999,#2000);
#1738=AXIS2_PLACEMENT_3D('',#3249,#2001,#2002);
#1739=AXIS2_PLACEMENT_3D('',#3272,#2004,#2005);
#1740=AXIS2_PLACEMENT_3D('',#3274,#2006,#2007);
#1741=AXIS2_PLACEMENT_3D('',#3275,#2008,#2009);
#1742=AXIS2_PLACEMENT_3D('',#3313,#2010,#2011);
#1743=AXIS2_PLACEMENT_3D('',#3314,#2012,#2013);
#1744=AXIS2_PLACEMENT_3D('',#3315,#2014,#2015);
#1745=AXIS2_PLACEMENT_3D('',#3316,#2016,#2017);
#1746=AXIS2_PLACEMENT_3D('',#3318,#2019,#2020);
#1747=AXIS2_PLACEMENT_3D('',#3322,#2022,#2023);
#1748=AXIS2_PLACEMENT_3D('',#3323,#2024,#2025);
#1749=AXIS2_PLACEMENT_3D('',#3346,#2026,#2027);
#1750=AXIS2_PLACEMENT_3D('',#3348,#2028,#2029);
#1751=AXIS2_PLACEMENT_3D('',#3350,#2030,#2031);
#1752=AXIS2_PLACEMENT_3D('',#3351,#2032,#2033);
#1753=AXIS2_PLACEMENT_3D('',#3352,#2034,#2035);
#1754=AXIS2_PLACEMENT_3D('',#3355,#2038,#2039);
#1755=AXIS2_PLACEMENT_3D('',#3358,#2042,#2043);
#1756=AXIS2_PLACEMENT_3D('',#3361,#2046,#2047);
#1757=AXIS2_PLACEMENT_3D('',#3363,#2049,#2050);
#1758=AXIS2_PLACEMENT_3D('',#3365,#2052,#2053);
#1759=AXIS2_PLACEMENT_3D('',#3368,#2056,#2057);
#1760=AXIS2_PLACEMENT_3D('',#3369,#2058,#2059);
#1761=AXIS2_PLACEMENT_3D('',#3372,#2061,#2062);
#1762=AXIS2_PLACEMENT_3D('',#3373,#2063,#2064);
#1763=AXIS2_PLACEMENT_3D('',#3375,#2066,#2067);
#1764=AXIS2_PLACEMENT_3D('',#3378,#2069,#2070);
#1765=AXIS2_PLACEMENT_3D('',#3379,#2071,#2072);
#1766=AXIS2_PLACEMENT_3D('',#3384,#2075,#2076);
#1767=AXIS2_PLACEMENT_3D('',#3385,#2077,#2078);
#1768=AXIS2_PLACEMENT_3D('',#3390,#2081,#2082);
#1769=AXIS2_PLACEMENT_3D('',#3391,#2083,#2084);
#1770=AXIS2_PLACEMENT_3D('',#3395,#2086,#2087);
#1771=AXIS2_PLACEMENT_3D('',#3399,#2089,#2090);
#1772=AXIS2_PLACEMENT_3D('',#3400,#2091,#2092);
#1773=AXIS2_PLACEMENT_3D('',#3401,#2093,#2094);
#1774=AXIS2_PLACEMENT_3D('',#3405,#2096,#2097);
#1775=AXIS2_PLACEMENT_3D('',#3409,#2099,#2100);
#1776=AXIS2_PLACEMENT_3D('',#3410,#2101,#2102);
#1777=AXIS2_PLACEMENT_3D('',#3411,#2103,#2104);
#1778=AXIS2_PLACEMENT_3D('',#3414,#2106,#2107);
#1779=AXIS2_PLACEMENT_3D('',#3416,#2109,#2110);
#1780=AXIS2_PLACEMENT_3D('',#3419,#2112,#2113);
#1781=AXIS2_PLACEMENT_3D('',#3421,#2115,#2116);
#1782=AXIS2_PLACEMENT_3D('',#3422,#2117,#2118);
#1783=AXIS2_PLACEMENT_3D('',#3423,#2119,#2120);
#1784=AXIS2_PLACEMENT_3D('',#3424,#2121,#2122);
#1785=AXIS2_PLACEMENT_3D('',#3425,#2123,#2124);
#1786=AXIS2_PLACEMENT_3D('',#3426,#2125,#2126);
#1787=AXIS2_PLACEMENT_3D('',#3427,#2127,#2128);
#1788=AXIS2_PLACEMENT_3D('',#3433,#2132,#2133);
#1789=AXIS2_PLACEMENT_3D('',#3437,#2136,#2137);
#1790=AXIS2_PLACEMENT_3D('',#3441,#2140,#2141);
#1791=AXIS2_PLACEMENT_3D('',#3445,#2144,#2145);
#1792=AXIS2_PLACEMENT_3D('',#3447,#2147,#2148);
#1793=AXIS2_PLACEMENT_3D('',#3449,#2150,#2151);
#1794=AXIS2_PLACEMENT_3D('',#3451,#2153,#2154);
#1795=DIRECTION('axis',(0.,0.,1.));
#1796=DIRECTION('refdir',(1.,0.,0.));
#1797=DIRECTION('center_axis',(0.393251884118313,0.512547085502074,0.763314116717834));
#1798=DIRECTION('ref_axis',(-0.742927258364284,0.66624578101974,-0.0646192545045599));
#1799=DIRECTION('',(0.742927258364284,-0.66624578101974,0.0646192545045599));
#1800=DIRECTION('',(-0.541675220419697,-0.541675220419695,0.642787609686549));
#1801=DIRECTION('',(-0.742927258364284,0.66624578101974,-0.06461925450456));
#1802=DIRECTION('',(-0.541675220419697,-0.541675220419695,0.642787609686549));
#1803=DIRECTION('',(-0.541675220419697,-0.541675220419695,0.642787609686549));
#1804=DIRECTION('',(-0.541675220419697,-0.541675220419695,0.642787609686549));
#1805=DIRECTION('',(-0.541675220419697,-0.541675220419695,0.642787609686549));
#1806=DIRECTION('',(-0.541675220419697,-0.541675220419695,0.642787609686549));
#1807=DIRECTION('',(-0.541675220419697,-0.541675220419695,0.642787609686549));
#1808=DIRECTION('',(-0.541675220419697,-0.541675220419695,0.642787609686549));
#1809=DIRECTION('',(-0.541675220419697,-0.541675220419695,0.642787609686549));
#1810=DIRECTION('',(-0.541675220419697,-0.541675220419695,0.642787609686549));
#1811=DIRECTION('center_axis',(-0.541996634106823,-0.359436328454169,-0.759634895462459));
#1812=DIRECTION('ref_axis',(0.642516617839686,-0.759864120333799,-0.0988883938042893));
#1813=DIRECTION('',(-0.642516617839686,0.759864120333799,0.0988883938042894));
#1814=DIRECTION('',(0.642516617839686,-0.7598641203338,-0.0988883938042892));
#1815=DIRECTION('',(-0.541675220419697,-0.541675220419695,0.642787609686549));
#1816=DIRECTION('center_axis',(-0.610631345400835,0.779087552528161,0.141957548265835));
#1817=DIRECTION('ref_axis',(-0.577682711873255,-0.315611376662748,-0.752776290357106));
#1818=DIRECTION('',(0.577682711873255,0.315611376662748,0.752776290357106));
#1819=DIRECTION('',(-0.577682711873255,-0.315611376662748,-0.752776290357106));
#1820=DIRECTION('',(-0.541675220419697,-0.541675220419695,0.642787609686549));
#1821=DIRECTION('center_axis',(0.454519477672051,0.45451947767205,0.76604444311897));
#1822=DIRECTION('ref_axis',(-0.707106781186548,0.707106781186547,1.74652603930302E-15));
#1823=DIRECTION('',(0.707106781186548,-0.707106781186547,-1.74860126378462E-15));
#1824=DIRECTION('',(-0.707106781186548,0.707106781186547,1.66802141636883E-15));
#1825=DIRECTION('',(-0.541675220419697,-0.541675220419695,0.642787609686549));
#1826=DIRECTION('center_axis',(0.707106781186532,-0.707106781186563,-2.52298182346067E-14));
#1827=DIRECTION('ref_axis',(0.454519477672074,0.454519477672026,0.766044443118971));
#1828=DIRECTION('',(-0.454519477672074,-0.454519477672026,-0.76604444311897));
#1829=DIRECTION('',(0.454519477672074,0.454519477672026,0.766044443118971));
#1830=DIRECTION('',(-0.541675220419697,-0.541675220419695,0.642787609686549));
#1831=DIRECTION('center_axis',(-0.45451947767205,-0.454519477672051,-0.76604444311897));
#1832=DIRECTION('ref_axis',(0.707106781186549,-0.707106781186546,-3.62323307282556E-17));
#1833=DIRECTION('',(-0.707106781186549,0.707106781186546,5.55111512312578E-17));
#1834=DIRECTION('',(0.707106781186549,-0.707106781186546,4.2272292205933E-17));
#1835=DIRECTION('',(-0.541675220419697,-0.541675220419695,0.642787609686549));
#1836=DIRECTION('center_axis',(0.603951104412805,-0.782663734372708,-0.150600605497854));
#1837=DIRECTION('ref_axis',(0.58466316718417,0.306635670594668,0.751094898436365));
#1838=DIRECTION('',(-0.584663167184171,-0.306635670594668,-0.751094898436365));
#1839=DIRECTION('',(0.584663167184171,0.306635670594668,0.751094898436365));
#1840=DIRECTION('',(-0.541675220419697,-0.541675220419695,0.642787609686549));
#1841=DIRECTION('',(-0.541675220419697,-0.541675220419695,0.642787609686549));
#1842=DIRECTION('',(-0.541675220419697,-0.541675220419695,0.642787609686549));
#1843=DIRECTION('',(-0.541675220419697,-0.541675220419695,0.642787609686549));
#1844=DIRECTION('',(-0.541675220419697,-0.541675220419695,0.642787609686549));
#1845=DIRECTION('',(-0.541675220419697,-0.541675220419695,0.642787609686549));
#1846=DIRECTION('',(-0.541675220419697,-0.541675220419695,0.642787609686549));
#1847=DIRECTION('center_axis',(-0.541675220419698,-0.541675220419697,0.642787609686547));
#1848=DIRECTION('ref_axis',(0.707106781186547,-0.707106781186548,1.54069459289607E-15));
#1849=DIRECTION('',(-0.541675220419697,-0.541675220419695,0.642787609686549));
#1850=DIRECTION('',(-0.541675220419697,-0.541675220419695,0.642787609686549));
#1851=DIRECTION('',(-0.541675220419697,-0.541675220419695,0.642787609686549));
#1852=DIRECTION('',(-0.541675220419697,-0.541675220419695,0.642787609686549));
#1853=DIRECTION('',(-0.541675220419697,-0.541675220419695,0.642787609686549));
#1854=DIRECTION('',(-0.541675220419697,-0.541675220419695,0.642787609686549));
#1855=DIRECTION('',(-0.541675220419697,-0.541675220419695,0.642787609686549));
#1856=DIRECTION('',(-0.541675220419697,-0.541675220419695,0.642787609686549));
#1857=DIRECTION('',(-0.541675220419697,-0.541675220419695,0.642787609686549));
#1858=DIRECTION('',(-0.541675220419697,-0.541675220419695,0.642787609686549));
#1859=DIRECTION('',(-0.541675220419697,-0.541675220419695,0.642787609686549));
#1860=DIRECTION('',(-0.541675220419697,-0.541675220419695,0.642787609686549));
#1861=DIRECTION('',(-0.541675220419697,-0.541675220419695,0.642787609686549));
#1862=DIRECTION('',(-0.541675220419697,-0.541675220419695,0.642787609686549));
#1863=DIRECTION('',(-0.541675220419697,-0.541675220419695,0.642787609686549));
#1864=DIRECTION('',(-0.541675220419697,-0.541675220419695,0.642787609686549));
#1865=DIRECTION('center_axis',(-0.541675220419698,-0.541675220419697,0.642787609686547));
#1866=DIRECTION('ref_axis',(0.707106781186547,-0.707106781186548,1.54069459289607E-15));
#1867=DIRECTION('center_axis',(0.541675220419696,0.541675220419698,-0.642787609686548));
#1868=DIRECTION('ref_axis',(0.45451947767205,0.45451947767205,0.76604444311897));
#1869=DIRECTION('',(-0.0424522163840471,-0.746084009208369,-0.664497148622662));
#1870=DIRECTION('center_axis',(0.541675220419696,0.541675220419698,-0.642787609686548));
#1871=DIRECTION('ref_axis',(0.454519477672049,0.454519477672051,0.766044443118971));
#1872=DIRECTION('',(0.707106781186544,-0.707106781186551,-8.27399973898561E-15));
#1873=DIRECTION('center_axis',(0.541675220419696,0.541675220419698,-0.642787609686548));
#1874=DIRECTION('ref_axis',(0.454519477672049,0.454519477672051,0.76604444311897));
#1875=DIRECTION('',(0.746084009208373,0.0424522163840411,0.664497148622658));
#1876=DIRECTION('',(0.707106781186548,-0.707106781186547,-8.88178419700125E-16));
#1877=DIRECTION('',(0.707106781186548,-0.707106781186547,-8.88178419700125E-16));
#1878=DIRECTION('',(0.707106781186548,-0.707106781186547,-8.88178419700125E-16));
#1879=DIRECTION('center_axis',(0.359522491157055,0.929721629035164,-0.0797575755425502));
#1880=DIRECTION('ref_axis',(0.107825059179933,0.0435088032074159,0.993217368281638));
#1881=DIRECTION('center_axis',(0.359522491157055,0.929721629035164,-0.0797575755425502));
#1882=DIRECTION('ref_axis',(0.107825059179933,0.0435088032074159,0.993217368281638));
#1883=DIRECTION('center_axis',(-0.359522491157055,-0.929721629035164,0.0797575755425502));
#1884=DIRECTION('ref_axis',(0.,-0.0854725781055158,-0.99634052331118));
#1885=DIRECTION('center_axis',(-0.359522491157055,-0.929721629035164,0.0797575755425502));
#1886=DIRECTION('ref_axis',(0.,-0.0854725781055158,-0.99634052331118));
#1887=DIRECTION('center_axis',(0.359522491157055,0.929721629035164,-0.0797575755425502));
#1888=DIRECTION('ref_axis',(0.,-0.0854725781055158,-0.99634052331118));
#1889=DIRECTION('',(0.254220791486234,0.596974228922662,-0.760916262921424));
#1890=DIRECTION('center_axis',(0.359522491157055,0.929721629035164,-0.0797575755425502));
#1891=DIRECTION('ref_axis',(0.,-0.0854725781055158,-0.99634052331118));
#1892=DIRECTION('center_axis',(0.359522491157055,0.929721629035164,-0.0797575755425502));
#1893=DIRECTION('ref_axis',(0.,-0.0854725781055158,-0.99634052331118));
#1894=DIRECTION('center_axis',(0.359522491157055,0.929721629035164,-0.0797575755425502));
#1895=DIRECTION('ref_axis',(0.,-0.0854725781055158,-0.99634052331118));
#1896=DIRECTION('',(0.359522491157055,0.929721629035164,-0.0797575755425502));
#1897=DIRECTION('center_axis',(-0.704416026402762,-0.704416026402756,0.0871557427476581));
#1898=DIRECTION('ref_axis',(0.707106781186544,-0.707106781186551,-2.63333661827389E-15));
#1899=DIRECTION('center_axis',(0.00190265095412312,-0.998097349045873,0.0616284167162196));
#1900=DIRECTION('ref_axis',(0.998097349045873,-0.00190265095413117,-0.0616284167162156));
#1901=DIRECTION('center_axis',(-0.00190265095412312,0.998097349045873,-0.0616284167162196));
#1902=DIRECTION('ref_axis',(-0.998097349045873,0.00190265095413134,0.061628416716219));
#1903=DIRECTION('',(0.0616284167162193,0.0616284167162193,0.996194698091746));
#1904=DIRECTION('',(0.999998183057168,0.00190627447205819,-1.62391370084997E-16));
#1905=DIRECTION('',(-0.0616284167162193,-0.0616284167162193,-0.996194698091746));
#1906=DIRECTION('',(-0.999998183057168,-0.00190627447205816,6.26849932015115E-16));
#1907=DIRECTION('',(-0.746084009208373,-0.0424522163840411,-0.664497148622658));
#1908=DIRECTION('',(0.0616284167162193,0.0616284167162193,0.996194698091746));
#1909=DIRECTION('center_axis',(0.0616284167162193,0.0616284167162193,0.996194698091746));
#1910=DIRECTION('ref_axis',(0.380197499093344,0.921393599239536,-0.0805214068653814));
#1911=DIRECTION('',(-0.0616284167162193,-0.0616284167162193,-0.996194698091746));
#1912=DIRECTION('center_axis',(-0.0102442125057953,-0.0102442125057972,
-0.999895050602948));
#1913=DIRECTION('ref_axis',(0.707032570756218,0.707032570756204,-0.0144875042615291));
#1914=DIRECTION('center_axis',(0.0616284167162193,0.0616284167162193,0.996194698091746));
#1915=DIRECTION('ref_axis',(0.380197499093344,0.921393599239536,-0.0805214068653814));
#1916=DIRECTION('center_axis',(-0.499662825125493,-0.499662825125495,0.707583297128487));
#1917=DIRECTION('ref_axis',(0.500336947653888,0.500336947653889,0.706629943906129));
#1918=DIRECTION('',(-0.0616284167162193,-0.0616284167162193,-0.996194698091746));
#1919=DIRECTION('center_axis',(-0.359522491157055,-0.929721629035164,0.0797575755425504));
#1920=DIRECTION('ref_axis',(0.107825059179933,0.043508803207416,0.993217368281638));
#1921=DIRECTION('center_axis',(0.00190265095439746,-0.998097349045873,0.0616284167162026));
#1922=DIRECTION('ref_axis',(0.998097349045872,-0.00190265095385684,-0.061628416716233));
#1923=DIRECTION('center_axis',(0.707106781186554,-0.707106781186542,-7.14706072102445E-16));
#1924=DIRECTION('ref_axis',(0.704416026402753,0.704416026402765,-0.0871557427476569));
#1925=DIRECTION('center_axis',(0.704416026402762,0.704416026402756,-0.0871557427476581));
#1926=DIRECTION('ref_axis',(0.707106781186544,-0.707106781186551,-2.14182788101191E-15));
#1927=DIRECTION('center_axis',(0.707106781186554,-0.707106781186542,-7.14706072102445E-16));
#1928=DIRECTION('ref_axis',(0.704416026402753,0.704416026402765,-0.0871557427476569));
#1929=DIRECTION('center_axis',(-0.359522491157055,-0.929721629035164,0.0797575755425504));
#1930=DIRECTION('ref_axis',(0.107825059179933,0.043508803207416,0.993217368281638));
#1931=DIRECTION('center_axis',(0.359522491157055,0.929721629035164,-0.0797575755425502));
#1932=DIRECTION('ref_axis',(0.107825059179933,0.0435088032074159,0.993217368281638));
#1933=DIRECTION('',(-0.359522491157055,-0.929721629035164,0.0797575755425504));
#1934=DIRECTION('center_axis',(0.704416026402749,0.704416026402769,-0.0871557427476581));
#1935=DIRECTION('ref_axis',(0.707106781186557,-0.707106781186538,-3.95608208610439E-15));
#1936=DIRECTION('center_axis',(0.359522491157055,0.929721629035164,-0.0797575755425502));
#1937=DIRECTION('ref_axis',(0.107825059179933,0.0435088032074159,0.993217368281638));
#1938=DIRECTION('center_axis',(0.359522491157055,0.929721629035164,-0.0797575755425502));
#1939=DIRECTION('ref_axis',(0.107825059179933,0.0435088032074159,0.993217368281638));
#1940=DIRECTION('center_axis',(-0.704416026402762,-0.704416026402756,0.0871557427476581));
#1941=DIRECTION('ref_axis',(0.707106781186545,-0.70710678118655,3.91951954988772E-16));
#1942=DIRECTION('',(-0.0616284167162193,-0.0616284167162193,-0.996194698091746));
#1943=DIRECTION('',(-0.707106781186545,0.70710678118655,2.30098036191742E-16));
#1944=DIRECTION('',(0.0616284167162193,0.0616284167162193,0.996194698091746));
#1945=DIRECTION('center_axis',(0.704416026402762,0.704416026402756,-0.0871557427476581));
#1946=DIRECTION('ref_axis',(0.0616284167161975,0.061628416716241,0.996194698091746));
#1947=DIRECTION('',(0.707106781186544,-0.707106781186551,-8.76593591123132E-16));
#1948=DIRECTION('',(0.0616284167162192,0.0616284167162193,0.996194698091746));
#1949=DIRECTION('',(-0.707106781186545,0.70710678118655,2.23512067476789E-16));
#1950=DIRECTION('',(-0.0616284167162192,-0.0616284167162193,-0.996194698091746));
#1951=DIRECTION('',(0.707106781186544,-0.707106781186551,-8.76593591123132E-16));
#1952=DIRECTION('center_axis',(0.704416026402762,0.704416026402756,-0.0871557427476581));
#1953=DIRECTION('ref_axis',(0.0616284167161296,0.061628416716309,0.996194698091746));
#1954=DIRECTION('',(-0.0616284167162193,-0.0616284167162193,-0.996194698091746));
#1955=DIRECTION('center_axis',(0.707106781186554,-0.707106781186542,-7.14706072102445E-16));
#1956=DIRECTION('ref_axis',(0.704416026402753,0.704416026402765,-0.0871557427476581));
#1957=DIRECTION('',(-0.0616284167162193,-0.0616284167162193,-0.996194698091746));
#1958=DIRECTION('',(-0.707106781186542,-0.707106781186553,-1.89819655318806E-30));
#1959=DIRECTION('center_axis',(-6.28036983473511E-16,6.28036983473509E-16,
-1.));
#1960=DIRECTION('ref_axis',(-0.707106781186553,-0.707106781186542,7.67440479797879E-30));
#1961=DIRECTION('center_axis',(0.999998183057168,0.00190627447205208,-8.88176805930715E-15));
#1962=DIRECTION('ref_axis',(-0.00190265095411756,0.998097349045872,-0.0616284167162283));
#1963=DIRECTION('center_axis',(0.0307847680839607,0.0307847680839477,0.999051848558439));
#1964=DIRECTION('ref_axis',(-0.706436336872634,-0.706436336872622,0.0435362365388385));
#1965=DIRECTION('center_axis',(0.707106781186543,-0.707106781186552,-3.14018491736754E-15));
#1966=DIRECTION('ref_axis',(4.44089209850064E-15,0.,1.));
#1967=DIRECTION('center_axis',(-0.707106781186543,0.707106781186552,1.57009245868377E-15));
#1968=DIRECTION('ref_axis',(-0.704416026402764,-0.704416026402755,0.0871557427476514));
#1969=DIRECTION('center_axis',(0.0307847680839542,0.0307847680839542,0.999051848558439));
#1970=DIRECTION('ref_axis',(-0.706436336872627,-0.706436336872629,0.0435362365388385));
#1971=DIRECTION('center_axis',(0.00190627447206598,0.999998183057168,0.));
#1972=DIRECTION('ref_axis',(0.,0.,1.));
#1973=DIRECTION('center_axis',(-6.28036983473511E-16,6.28036983473509E-16,
-1.));
#1974=DIRECTION('ref_axis',(-0.707106781186547,-0.707106781186548,7.9813809898979E-31));
#1975=DIRECTION('center_axis',(-0.0307847680839542,-0.0307847680839605,
-0.999051848558439));
#1976=DIRECTION('ref_axis',(-0.706436336872629,-0.706436336872627,0.0435362365388429));
#1977=DIRECTION('center_axis',(0.999998183057168,0.00190627447205262,0.));
#1978=DIRECTION('ref_axis',(0.,0.,-1.));
#1979=DIRECTION('center_axis',(1.62703881728889E-16,-1.62703881728889E-16,
1.));
#1980=DIRECTION('ref_axis',(-0.707106781186547,-0.707106781186548,-3.0697619191915E-32));
#1981=DIRECTION('center_axis',(0.707106781186543,-0.707106781186552,-6.28036983473512E-15));
#1982=DIRECTION('ref_axis',(-0.704416026402763,-0.704416026402754,0.0871557427476602));
#1983=DIRECTION('center_axis',(-0.746084009208367,-0.0424522163840453,-0.664497148622665));
#1984=DIRECTION('ref_axis',(-0.541675220419698,-0.541675220419701,0.642787609686544));
#1985=DIRECTION('center_axis',(0.707106781186545,-0.70710678118655,1.27780819111546E-14));
#1986=DIRECTION('ref_axis',(0.704416026402762,0.704416026402756,-0.0871557427476512));
#1987=DIRECTION('center_axis',(0.746084009208373,0.0424522163840411,0.664497148622658));
#1988=DIRECTION('ref_axis',(-0.592547727362885,0.497540296024254,0.633514675938275));
#1989=DIRECTION('center_axis',(0.934344906640914,0.0237366432011773,0.355578637158818));
#1990=DIRECTION('ref_axis',(0.356364946864207,-0.0569056552298004,-0.932612336959649));
#1991=DIRECTION('center_axis',(6.28036983473511E-16,-6.28036983473509E-16,
1.));
#1992=DIRECTION('ref_axis',(-0.998385112467086,-0.0568081614214322,6.0096202141076E-16));
#1993=DIRECTION('center_axis',(-0.03078476808396,-0.030784768083961,-0.999051848558439));
#1994=DIRECTION('ref_axis',(-0.706436336872617,-0.706436336872638,0.0435362365388473));
#1995=DIRECTION('center_axis',(-0.707106781186543,0.707106781186552,0.));
#1996=DIRECTION('ref_axis',(0.,0.,-1.));
#1997=DIRECTION('center_axis',(1.62703881728889E-16,-1.62703881728889E-16,
1.));
#1998=DIRECTION('ref_axis',(-0.707106781186536,-0.707106781186559,-3.66836549343387E-30));
#1999=DIRECTION('center_axis',(0.00190627447206598,0.999998183057168,0.));
#2000=DIRECTION('ref_axis',(0.998097349045873,-0.00190265095413088,-0.0616284167162193));
#2001=DIRECTION('center_axis',(0.707106781186545,-0.70710678118655,-2.30098036191742E-16));
#2002=DIRECTION('ref_axis',(-0.521333804473598,-0.521333804473593,-0.675590207615662));
#2003=DIRECTION('',(0.707106781186545,-0.70710678118655,-2.30098036191742E-16));
#2004=DIRECTION('center_axis',(0.707106781186545,-0.70710678118655,0.));
#2005=DIRECTION('ref_axis',(0.,0.,-1.));
#2006=DIRECTION('center_axis',(1.62703881728889E-16,-1.62703881728889E-16,
1.));
#2007=DIRECTION('ref_axis',(0.707106781186554,0.707106781186541,-2.21022858181789E-30));
#2008=DIRECTION('center_axis',(-0.999998183057168,-0.00190627447205843,
5.55110503706692E-16));
#2009=DIRECTION('ref_axis',(-0.00190265095412339,0.998097349045873,-0.0616284167162192));
#2010=DIRECTION('center_axis',(-0.499662825125493,-0.499662825125494,0.707583297128487));
#2011=DIRECTION('ref_axis',(0.500336947653888,0.50033694765389,0.706629943906129));
#2012=DIRECTION('center_axis',(-0.707106781186544,0.707106781186551,8.9975843043041E-15));
#2013=DIRECTION('ref_axis',(-0.541675220419694,-0.541675220419696,0.642787609686551));
#2014=DIRECTION('center_axis',(-0.0424522163840409,-0.746084009208376,-0.664497148622655));
#2015=DIRECTION('ref_axis',(0.998097349045873,-0.0019026509541309,-0.0616284167162109));
#2016=DIRECTION('center_axis',(0.707106781186544,-0.707106781186551,-8.32314353124208E-15));
#2017=DIRECTION('ref_axis',(0.270598050073115,0.270598050073101,0.923879532511281));
#2018=DIRECTION('',(-0.707106781186544,0.707106781186551,8.31797729251739E-15));
#2019=DIRECTION('center_axis',(-0.0424522163840471,-0.746084009208369,-0.664497148622662));
#2020=DIRECTION('ref_axis',(0.497540296024248,-0.592547727362876,0.633514675938288));
#2021=DIRECTION('',(0.0424522163840471,0.746084009208369,0.664497148622662));
#2022=DIRECTION('center_axis',(6.28036983473511E-16,-6.28036983473509E-16,
1.));
#2023=DIRECTION('ref_axis',(-0.0568081614214388,-0.998385112467086,-6.00962021410765E-16));
#2024=DIRECTION('center_axis',(0.0237366432011454,0.934344906640931,0.355578637158775));
#2025=DIRECTION('ref_axis',(0.0569056552298938,-0.356364946864162,0.932612336959661));
#2026=DIRECTION('center_axis',(1.62703881728889E-16,-1.62703881728889E-16,
1.));
#2027=DIRECTION('ref_axis',(0.707106781186547,0.707106781186548,1.47348572121192E-31));
#2028=DIRECTION('center_axis',(-0.707106781186544,0.707106781186551,-5.88784672006416E-16));
#2029=DIRECTION('ref_axis',(0.704416026402762,0.704416026402755,-0.0871557427476601));
#2030=DIRECTION('center_axis',(-0.0102442125057972,-0.0102442125057973,
-0.999895050602948));
#2031=DIRECTION('ref_axis',(0.70703257075621,0.707032570756211,-0.0144875042615305));
#2032=DIRECTION('center_axis',(-0.00190627447207487,-0.999998183057168,
0.));
#2033=DIRECTION('ref_axis',(0.,0.,-1.));
#2034=DIRECTION('center_axis',(-0.707106781186544,0.707106781186551,2.30098036191742E-16));
#2035=DIRECTION('ref_axis',(0.477714417108261,0.477714417108257,-0.737277336810127));
#2036=DIRECTION('',(0.707106781186544,-0.707106781186551,-2.23512067476789E-16));
#2037=DIRECTION('',(-0.707106781186544,0.707106781186551,2.30098036191742E-16));
#2038=DIRECTION('center_axis',(0.0616284167162192,0.0616284167162193,0.996194698091746));
#2039=DIRECTION('ref_axis',(0.921393599239539,0.380197499093336,-0.0805214068653814));
#2040=DIRECTION('',(-0.0616284167162192,-0.0616284167162193,-0.996194698091746));
#2041=DIRECTION('',(0.0616284167162192,0.0616284167162193,0.996194698091746));
#2042=DIRECTION('center_axis',(0.00190627447206639,0.999998183057168,1.62393427848991E-16));
#2043=DIRECTION('ref_axis',(0.684970135608785,-0.00130574345609981,-0.728569974922182));
#2044=DIRECTION('',(-0.00190627447206639,-0.999998183057168,-1.62378006552337E-16));
#2045=DIRECTION('',(0.00190627447206639,0.999998183057168,1.62393427848991E-16));
#2046=DIRECTION('center_axis',(-0.999998183057168,-0.00190627447205819,
1.62393427848992E-16));
#2047=DIRECTION('ref_axis',(-0.00130574345609447,0.684970135608785,-0.728569974922182));
#2048=DIRECTION('',(-0.999998183057168,-0.00190627447205819,1.62393427848992E-16));
#2049=DIRECTION('center_axis',(-0.0616284167162192,-0.0616284167162193,
-0.996194698091746));
#2050=DIRECTION('ref_axis',(0.383713139641392,-0.922849825234978,0.0333530587850045));
#2051=DIRECTION('',(0.0616284167162192,0.0616284167162193,0.996194698091746));
#2052=DIRECTION('center_axis',(-0.00190627447206641,-0.999998183057168,
-6.26838631497105E-16));
#2053=DIRECTION('ref_axis',(0.728568651152181,-0.00138885434430789,0.684971380162633));
#2054=DIRECTION('',(-0.00190627447206641,-0.999998183057168,-6.26838631497105E-16));
#2055=DIRECTION('',(0.00190627447206641,0.999998183057168,6.26836568482451E-16));
#2056=DIRECTION('center_axis',(0.0616284167162193,0.0616284167162193,0.996194698091746));
#2057=DIRECTION('ref_axis',(-0.922849825234975,0.383713139641399,0.0333530587850046));
#2058=DIRECTION('center_axis',(-0.707106781186545,0.70710678118655,8.88178419700125E-16));
#2059=DIRECTION('ref_axis',(-0.477714417108263,-0.47771441710826,0.737277336810123));
#2060=DIRECTION('',(-0.707106781186545,0.70710678118655,8.88178419700125E-16));
#2061=DIRECTION('center_axis',(0.,-1.,0.));
#2062=DIRECTION('ref_axis',(1.,0.,-1.25607396694703E-15));
#2063=DIRECTION('center_axis',(0.999998183057168,0.00190627447205816,-6.26838631497111E-16));
#2064=DIRECTION('ref_axis',(-0.00138885434430468,0.728568651152194,0.684971380162619));
#2065=DIRECTION('',(0.999998183057168,0.00190627447205816,-6.26838631497111E-16));
#2066=DIRECTION('center_axis',(-0.707106781186545,0.70710678118655,8.88178419700125E-16));
#2067=DIRECTION('ref_axis',(-0.477714417108263,-0.47771441710826,0.737277336810123));
#2068=DIRECTION('',(-0.707106781186545,0.70710678118655,8.88178419700125E-16));
#2069=DIRECTION('center_axis',(-1.,0.,0.));
#2070=DIRECTION('ref_axis',(0.,-1.,-1.25607396694702E-15));
#2071=DIRECTION('center_axis',(0.707106781186542,0.707106781186554,6.60671008122597E-30));
#2072=DIRECTION('ref_axis',(-0.5,0.49999999999999,0.707106781186554));
#2073=DIRECTION('',(-0.707106781186542,-0.707106781186553,-6.60671008122597E-30));
#2074=DIRECTION('',(0.707106781186542,0.707106781186553,6.60671008122597E-30));
#2075=DIRECTION('center_axis',(-0.923514362857384,-0.383563842920732,-2.56326727304076E-16));
#2076=DIRECTION('ref_axis',(0.383563842920732,-0.923514362857384,6.20499594771902E-16));
#2077=DIRECTION('center_axis',(-0.70710678118655,-0.707106781186545,3.74708929979981E-30));
#2078=DIRECTION('ref_axis',(0.500000000000006,-0.500000000000009,0.707106781186537));
#2079=DIRECTION('',(-0.70710678118655,-0.707106781186545,3.74708929979981E-30));
#2080=DIRECTION('',(0.70710678118655,0.707106781186545,-3.74708929979981E-30));
#2081=DIRECTION('center_axis',(-0.38356384292062,-0.923514362857431,1.02530690921635E-15));
#2082=DIRECTION('ref_axis',(0.923514362857431,-0.38356384292062,2.48199837908698E-15));
#2083=DIRECTION('center_axis',(0.999998183057167,0.00190627447233302,-6.26838631496939E-16));
#2084=DIRECTION('ref_axis',(-0.0013888543445008,0.728568651152192,0.68497138016262));
#2085=DIRECTION('',(-0.999998183057168,-0.00190627447233302,6.26836568482286E-16));
#2086=DIRECTION('center_axis',(0.707106781186554,-0.707106781186542,-7.14706072102445E-16));
#2087=DIRECTION('ref_axis',(0.707106781186541,0.707106781186554,-1.95887072342795E-16));
#2088=DIRECTION('',(0.999998183057168,0.00190627447233302,-6.26838631496939E-16));
#2089=DIRECTION('center_axis',(-0.923514362857383,-0.383563842920735,-7.68980181912226E-16));
#2090=DIRECTION('ref_axis',(-0.383563842920735,0.923514362857383,3.50328569135748E-15));
#2091=DIRECTION('center_axis',(-0.707106781186547,0.707106781186548,-1.04083408558608E-16));
#2092=DIRECTION('ref_axis',(0.707106781186548,0.707106781186547,-1.07737889788536E-15));
#2093=DIRECTION('center_axis',(-0.00190627447206619,-0.999998183057168,
-6.26838631497105E-16));
#2094=DIRECTION('ref_axis',(0.72856865115218,-0.0013888543443079,0.684971380162634));
#2095=DIRECTION('',(-0.00190627447206619,-0.999998183057168,-6.26838631497105E-16));
#2096=DIRECTION('center_axis',(-0.707106781186545,0.70710678118655,-2.98372437868011E-16));
#2097=DIRECTION('ref_axis',(0.70710678118655,0.707106781186545,1.32223773831421E-15));
#2098=DIRECTION('',(0.00190627447206619,0.999998183057168,6.26836568482451E-16));
#2099=DIRECTION('center_axis',(0.707106781186545,-0.70710678118655,2.98372437868011E-16));
#2100=DIRECTION('ref_axis',(0.70710678118655,0.707106781186545,1.32223773831421E-15));
#2101=DIRECTION('center_axis',(-0.383563842920623,-0.923514362857429,0.));
#2102=DIRECTION('ref_axis',(-0.923514362857429,0.383563842920623,1.64178690704156E-15));
#2103=DIRECTION('center_axis',(0.707106781186548,0.707106781186547,-1.82424084332359E-30));
#2104=DIRECTION('ref_axis',(-0.499999999999997,0.499999999999998,0.707106781186551));
#2105=DIRECTION('',(0.707106781186548,0.707106781186547,-1.82424084332359E-30));
#2106=DIRECTION('center_axis',(0.704416026402749,0.704416026402769,-0.0871557427476581));
#2107=DIRECTION('ref_axis',(0.061628416716335,0.0616284167161035,0.996194698091746));
#2108=DIRECTION('',(-0.707106781186548,-0.707106781186547,1.82424084332359E-30));
#2109=DIRECTION('center_axis',(-0.70710678118655,-0.707106781186545,3.74708929979981E-30));
#2110=DIRECTION('ref_axis',(0.500000000000006,-0.500000000000009,0.707106781186537));
#2111=DIRECTION('',(0.70710678118655,0.707106781186545,-3.74708929979981E-30));
#2112=DIRECTION('center_axis',(0.704416026402749,0.704416026402769,-0.0871557427476581));
#2113=DIRECTION('ref_axis',(0.0616284167163413,0.0616284167160973,0.996194698091746));
#2114=DIRECTION('',(-0.70710678118655,-0.707106781186545,3.74708929979981E-30));
#2115=DIRECTION('center_axis',(-6.28036983473511E-16,6.28036983473509E-16,
-1.));
#2116=DIRECTION('ref_axis',(0.707106781186547,0.707106781186548,3.3119690409641E-32));
#2117=DIRECTION('center_axis',(0.541675220419696,0.541675220419698,-0.642787609686548));
#2118=DIRECTION('ref_axis',(0.45451947767205,0.45451947767205,0.76604444311897));
#2119=DIRECTION('center_axis',(-6.28036983473511E-16,6.28036983473509E-16,
-1.));
#2120=DIRECTION('ref_axis',(0.707106781186547,0.707106781186548,3.3119690409641E-32));
#2121=DIRECTION('center_axis',(0.998097349045873,-0.00190265095413128,-0.061628416716219));
#2122=DIRECTION('ref_axis',(-0.00190265095412317,0.998097349045873,-0.0616284167162195));
#2123=DIRECTION('center_axis',(-1.62703881728889E-16,1.62703881728889E-16,
-1.));
#2124=DIRECTION('ref_axis',(-1.,0.,1.62703881728889E-16));
#2125=DIRECTION('center_axis',(0.704416026402762,0.704416026402756,-0.0871557427476581));
#2126=DIRECTION('ref_axis',(-0.707106781186544,0.707106781186551,-4.33823957050073E-16));
#2127=DIRECTION('center_axis',(0.707106781186547,-0.707106781186548,1.04083408558608E-16));
#2128=DIRECTION('ref_axis',(0.704416026402759,0.704416026402758,-0.0871557427476581));
#2129=DIRECTION('',(0.0616284167162193,0.0616284167162193,0.996194698091746));
#2130=DIRECTION('',(-0.707106781186548,-0.707106781186547,2.71170936169723E-31));
#2131=DIRECTION('',(0.0616284167162193,0.0616284167162193,0.996194698091746));
#2132=DIRECTION('center_axis',(0.704416026402749,0.704416026402769,-0.0871557427476581));
#2133=DIRECTION('ref_axis',(-0.707106781186558,0.707106781186537,1.20802694525446E-15));
#2134=DIRECTION('',(0.0616284167162193,0.0616284167162193,0.996194698091746));
#2135=DIRECTION('',(0.707106781186558,-0.707106781186537,-2.30098036191742E-16));
#2136=DIRECTION('center_axis',(-0.707106781186545,0.70710678118655,-2.98372437868011E-16));
#2137=DIRECTION('ref_axis',(-0.704416026402761,-0.704416026402756,0.0871557427476581));
#2138=DIRECTION('',(0.0616284167162193,0.0616284167162193,0.996194698091746));
#2139=DIRECTION('',(0.70710678118655,0.707106781186545,-7.64209001932855E-31));
#2140=DIRECTION('center_axis',(-0.998097349045873,0.00190265095413106,0.061628416716219));
#2141=DIRECTION('ref_axis',(0.0019026509541234,-0.998097349045873,0.0616284167162195));
#2142=DIRECTION('',(0.0616284167162193,0.0616284167162193,0.996194698091746));
#2143=DIRECTION('',(0.00190627447206616,0.999998183057168,1.62393427848991E-16));
#2144=DIRECTION('center_axis',(-0.707106781186545,0.70710678118655,-2.98372437868011E-16));
#2145=DIRECTION('ref_axis',(-0.704416026402761,-0.704416026402756,0.0871557427476581));
#2146=DIRECTION('',(0.70710678118655,0.707106781186545,-7.64209001932855E-31));
#2147=DIRECTION('center_axis',(-1.62703881728889E-16,1.62703881728889E-16,
-1.));
#2148=DIRECTION('ref_axis',(-1.,0.,1.62703881728889E-16));
#2149=DIRECTION('',(-0.999998183057168,-0.00190627447233305,1.62393427848948E-16));
#2150=DIRECTION('center_axis',(0.00190265095439746,-0.998097349045873,0.0616284167162026));
#2151=DIRECTION('ref_axis',(0.998097349045872,-0.001902650953857,-0.061628416716236));
#2152=DIRECTION('',(-0.0616284167162193,-0.0616284167162193,-0.996194698091746));
#2153=DIRECTION('center_axis',(0.707106781186554,-0.707106781186542,-7.14706072102445E-16));
#2154=DIRECTION('ref_axis',(0.704416026402753,0.704416026402765,-0.0871557427476581));
#2155=CARTESIAN_POINT('',(0.,0.,0.));
#2156=CARTESIAN_POINT('Origin',(-1.48782342248676,0.653997451016235,45.9681533281563));
#2157=CARTESIAN_POINT('',(-1.87231297621467,0.998801791055373,45.9347107157781));
#2158=CARTESIAN_POINT('',(-1.48782342248676,0.653997451016237,45.9681533281563));
#2159=CARTESIAN_POINT('',(6.11957918191172,-6.16820463221092,46.6298394885142));
#2160=CARTESIAN_POINT('',(-2.14315058642452,0.727964180845525,46.2561045206214));
#2161=CARTESIAN_POINT('',(-1.87231297621467,0.998801791055373,45.9347107157781));
#2162=CARTESIAN_POINT('',(-1.75866103269661,0.383159840806389,46.2895471329996));
#2163=CARTESIAN_POINT('',(-2.14315058642452,0.727964180845526,46.2561045206214));
#2164=CARTESIAN_POINT('',(-1.48782342248676,0.653997451016237,45.9681533281563));
#2165=CARTESIAN_POINT('Ctrl Pts',(-1.55704568752171,0.208552185685782,45.5344445202198));
#2166=CARTESIAN_POINT('Ctrl Pts',(-1.82788329773156,-0.0622854245240663,
45.8558383250631));
#2167=CARTESIAN_POINT('Ctrl Pts',(-1.56791122171823,0.287984127232077,45.592225229205));
#2168=CARTESIAN_POINT('Ctrl Pts',(-1.83874883192807,0.0171465170222289,
45.9136190340482));
#2169=CARTESIAN_POINT('Ctrl Pts',(-1.59156490415565,0.460903183648769,45.7180107190508));
#2170=CARTESIAN_POINT('Ctrl Pts',(-1.8624025143655,0.19006557343892,46.0394045238941));
#2171=CARTESIAN_POINT('Ctrl Pts',(-1.52422832920025,0.586236911284803,45.8803734140558));
#2172=CARTESIAN_POINT('Ctrl Pts',(-1.7950659394101,0.315399301074955,46.2017672188991));
#2173=CARTESIAN_POINT('Ctrl Pts',(-1.48782342248676,0.653997451016237,45.9681533281563));
#2174=CARTESIAN_POINT('Ctrl Pts',(-1.75866103269661,0.383159840806389,46.2895471329996));
#2175=CARTESIAN_POINT('',(-1.55704568752171,0.208552185685782,45.5344445202198));
#2176=CARTESIAN_POINT('Ctrl Pts',(-1.48782342248676,0.653997451016237,45.9681533281563));
#2177=CARTESIAN_POINT('Ctrl Pts',(-1.52422832920025,0.586236911284803,45.8803734140558));
#2178=CARTESIAN_POINT('Ctrl Pts',(-1.59156490415565,0.460903183648769,45.7180107190508));
#2179=CARTESIAN_POINT('Ctrl Pts',(-1.56791122171823,0.287984127232077,45.592225229205));
#2180=CARTESIAN_POINT('Ctrl Pts',(-1.55704568752171,0.208552185685782,45.5344445202198));
#2181=CARTESIAN_POINT('',(-1.82788329773156,-0.0622854245240663,45.8558383250631));
#2182=CARTESIAN_POINT('Ctrl Pts',(-1.82788329773156,-0.0622854245240646,
45.8558383250631));
#2183=CARTESIAN_POINT('Ctrl Pts',(-1.83874883192807,0.0171465170222306,
45.9136190340482));
#2184=CARTESIAN_POINT('Ctrl Pts',(-1.86240251436549,0.190065573438922,46.0394045238941));
#2185=CARTESIAN_POINT('Ctrl Pts',(-1.79506593941009,0.315399301074957,46.2017672188991));
#2186=CARTESIAN_POINT('Ctrl Pts',(-1.75866103269661,0.383159840806391,46.2895471329996));
#2187=CARTESIAN_POINT('',(-1.55704568752171,0.208552185685782,45.5344445202198));
#2188=CARTESIAN_POINT('Ctrl Pts',(-1.28727139578001,-0.233604600626998,
45.3891783011201));
#2189=CARTESIAN_POINT('Ctrl Pts',(-1.55810900598986,-0.504442210836846,
45.7105721059634));
#2190=CARTESIAN_POINT('Ctrl Pts',(-1.35047520514084,-0.163574447021393,
45.3949308412558));
#2191=CARTESIAN_POINT('Ctrl Pts',(-1.62131281535069,-0.434412057231241,
45.7163246460991));
#2192=CARTESIAN_POINT('Ctrl Pts',(-1.47536260569425,-0.0251985495461726,
45.4062975577779));
#2193=CARTESIAN_POINT('Ctrl Pts',(-1.7462002159041,-0.296036159756021,45.7276913626212));
#2194=CARTESIAN_POINT('Ctrl Pts',(-1.53003985033533,0.131270156694689,45.4920769218603));
#2195=CARTESIAN_POINT('Ctrl Pts',(-1.80087746054518,-0.139567453515159,
45.8134707267035));
#2196=CARTESIAN_POINT('Ctrl Pts',(-1.55704568752171,0.208552185685782,45.5344445202198));
#2197=CARTESIAN_POINT('Ctrl Pts',(-1.82788329773156,-0.0622854245240663,
45.8558383250631));
#2198=CARTESIAN_POINT('',(-1.28727139578001,-0.233604600626998,45.3891783011201));
#2199=CARTESIAN_POINT('Ctrl Pts',(-1.55704568752171,0.208552185685782,45.5344445202198));
#2200=CARTESIAN_POINT('Ctrl Pts',(-1.53003985033533,0.131270156694689,45.4920769218603));
#2201=CARTESIAN_POINT('Ctrl Pts',(-1.47536260569425,-0.0251985495461726,
45.4062975577779));
#2202=CARTESIAN_POINT('Ctrl Pts',(-1.35047520514084,-0.163574447021393,
45.3949308412558));
#2203=CARTESIAN_POINT('Ctrl Pts',(-1.28727139578001,-0.233604600626998,
45.3891783011201));
#2204=CARTESIAN_POINT('',(-1.55810900598986,-0.504442210836846,45.7105721059634));
#2205=CARTESIAN_POINT('Ctrl Pts',(-1.55810900598985,-0.504442210836844,
45.7105721059634));
#2206=CARTESIAN_POINT('Ctrl Pts',(-1.62131281535069,-0.434412057231239,
45.7163246460991));
#2207=CARTESIAN_POINT('Ctrl Pts',(-1.7462002159041,-0.296036159756019,45.7276913626212));
#2208=CARTESIAN_POINT('Ctrl Pts',(-1.80087746054518,-0.139567453515157,
45.8134707267035));
#2209=CARTESIAN_POINT('Ctrl Pts',(-1.82788329773156,-0.0622854245240646,
45.8558383250631));
#2210=CARTESIAN_POINT('',(-1.28727139578001,-0.233604600626998,45.3891783011201));
#2211=CARTESIAN_POINT('Ctrl Pts',(-0.741278833782792,-0.536525431966524,
45.5940141307124));
#2212=CARTESIAN_POINT('Ctrl Pts',(-1.01211644399264,-0.807363042176372,
45.9154079355557));
#2213=CARTESIAN_POINT('Ctrl Pts',(-0.837542896288723,-0.511156466744105,
45.5342710415971));
#2214=CARTESIAN_POINT('Ctrl Pts',(-1.10838050649857,-0.781994076953953,
45.8556648464404));
#2215=CARTESIAN_POINT('Ctrl Pts',(-1.02880587346743,-0.460751947237312,
45.4155700352964));
#2216=CARTESIAN_POINT('Ctrl Pts',(-1.29964348367728,-0.73158955744716,45.7369638401397));
#2217=CARTESIAN_POINT('Ctrl Pts',(-1.20149698850136,-0.308985753386146,
45.3979366660106));
#2218=CARTESIAN_POINT('Ctrl Pts',(-1.4723345987112,-0.579823363595994,45.7193304708539));
#2219=CARTESIAN_POINT('Ctrl Pts',(-1.28727139578001,-0.233604600626998,
45.3891783011201));
#2220=CARTESIAN_POINT('Ctrl Pts',(-1.55810900598986,-0.504442210836846,
45.7105721059634));
#2221=CARTESIAN_POINT('',(-0.741278833782792,-0.536525431966524,45.5940141307124));
#2222=CARTESIAN_POINT('Ctrl Pts',(-1.28727139578001,-0.233604600626998,
45.3891783011201));
#2223=CARTESIAN_POINT('Ctrl Pts',(-1.20149698850136,-0.308985753386146,
45.3979366660106));
#2224=CARTESIAN_POINT('Ctrl Pts',(-1.02880587346743,-0.460751947237312,
45.4155700352964));
#2225=CARTESIAN_POINT('Ctrl Pts',(-0.837542896288723,-0.511156466744105,
45.5342710415971));
#2226=CARTESIAN_POINT('Ctrl Pts',(-0.741278833782792,-0.536525431966524,
45.5940141307124));
#2227=CARTESIAN_POINT('',(-1.01211644399264,-0.807363042176372,45.9154079355557));
#2228=CARTESIAN_POINT('Ctrl Pts',(-1.01211644399264,-0.80736304217637,45.9154079355557));
#2229=CARTESIAN_POINT('Ctrl Pts',(-1.10838050649857,-0.781994076953952,
45.8556648464404));
#2230=CARTESIAN_POINT('Ctrl Pts',(-1.29964348367727,-0.731589557447159,
45.7369638401397));
#2231=CARTESIAN_POINT('Ctrl Pts',(-1.4723345987112,-0.579823363595993,45.7193304708539));
#2232=CARTESIAN_POINT('Ctrl Pts',(-1.55810900598985,-0.504442210836844,
45.7105721059634));
#2233=CARTESIAN_POINT('',(-0.741278833782792,-0.536525431966524,45.5940141307124));
#2234=CARTESIAN_POINT('Ctrl Pts',(-0.245195031630543,-0.387724918048311,
46.1374562394099));
#2235=CARTESIAN_POINT('Ctrl Pts',(-0.516032641840392,-0.658562528258159,
46.4588500442532));
#2236=CARTESIAN_POINT('Ctrl Pts',(-0.313133147420059,-0.444612171293701,
46.0322662695551));
#2237=CARTESIAN_POINT('Ctrl Pts',(-0.583970757629908,-0.715449781503549,
46.3536600743984));
#2238=CARTESIAN_POINT('Ctrl Pts',(-0.442001121854549,-0.552518388763548,
45.8327373572725));
#2239=CARTESIAN_POINT('Ctrl Pts',(-0.712838732064398,-0.823355998973396,
46.1541311621158));
#2240=CARTESIAN_POINT('Ctrl Pts',(-0.645203191677102,-0.5416595717043,45.6706502661918));
#2241=CARTESIAN_POINT('Ctrl Pts',(-0.916040801886951,-0.812497181914149,
45.9920440710351));
#2242=CARTESIAN_POINT('Ctrl Pts',(-0.741278833782792,-0.536525431966524,
45.5940141307124));
#2243=CARTESIAN_POINT('Ctrl Pts',(-1.01211644399264,-0.807363042176372,
45.9154079355557));
#2244=CARTESIAN_POINT('',(-0.245195031630543,-0.387724918048311,46.1374562394099));
#2245=CARTESIAN_POINT('Ctrl Pts',(-0.741278833782792,-0.536525431966524,
45.5940141307124));
#2246=CARTESIAN_POINT('Ctrl Pts',(-0.645203191677102,-0.5416595717043,45.6706502661918));
#2247=CARTESIAN_POINT('Ctrl Pts',(-0.442001121854549,-0.552518388763548,
45.8327373572725));
#2248=CARTESIAN_POINT('Ctrl Pts',(-0.313133147420059,-0.444612171293701,
46.0322662695551));
#2249=CARTESIAN_POINT('Ctrl Pts',(-0.245195031630543,-0.387724918048311,
46.1374562394099));
#2250=CARTESIAN_POINT('',(-0.516032641840392,-0.65856252825816,46.4588500442532));
#2251=CARTESIAN_POINT('Ctrl Pts',(-0.516032641840387,-0.658562528258158,
46.4588500442532));
#2252=CARTESIAN_POINT('Ctrl Pts',(-0.583970757629904,-0.715449781503548,
46.3536600743984));
#2253=CARTESIAN_POINT('Ctrl Pts',(-0.712838732064394,-0.823355998973395,
46.1541311621158));
#2254=CARTESIAN_POINT('Ctrl Pts',(-0.916040801886946,-0.812497181914147,
45.9920440710351));
#2255=CARTESIAN_POINT('Ctrl Pts',(-1.01211644399264,-0.80736304217637,45.9154079355557));
#2256=CARTESIAN_POINT('',(-0.245195031630543,-0.387724918048311,46.1374562394099));
#2257=CARTESIAN_POINT('Ctrl Pts',(-0.110724333162173,0.0805235325171982,
46.6453658863667));
#2258=CARTESIAN_POINT('Ctrl Pts',(-0.381561943372022,-0.19031407769265,
46.96675969121));
#2259=CARTESIAN_POINT('Ctrl Pts',(-0.10396381365122,-0.00997336151159265,
46.5748014908485));
#2260=CARTESIAN_POINT('Ctrl Pts',(-0.374801423861069,-0.280810971721441,
46.8961952956918));
#2261=CARTESIAN_POINT('Ctrl Pts',(-0.0895788887147009,-0.202531200518214,
46.4246557023371));
#2262=CARTESIAN_POINT('Ctrl Pts',(-0.36041649892455,-0.473368810728063,
46.7460495071804));
#2263=CARTESIAN_POINT('Ctrl Pts',(-0.191286959697721,-0.32357067248576,
46.2369470057048));
#2264=CARTESIAN_POINT('Ctrl Pts',(-0.46212456990757,-0.594408282695608,
46.558340810548));
#2265=CARTESIAN_POINT('Ctrl Pts',(-0.245195031630543,-0.387724918048311,
46.1374562394099));
#2266=CARTESIAN_POINT('Ctrl Pts',(-0.516032641840392,-0.658562528258159,
46.4588500442532));
#2267=CARTESIAN_POINT('',(-0.110724333162173,0.0805235325171982,46.6453658863667));
#2268=CARTESIAN_POINT('Ctrl Pts',(-0.245195031630543,-0.387724918048311,
46.1374562394099));
#2269=CARTESIAN_POINT('Ctrl Pts',(-0.191286959697721,-0.32357067248576,
46.2369470057048));
#2270=CARTESIAN_POINT('Ctrl Pts',(-0.0895788887147009,-0.202531200518214,
46.4246557023371));
#2271=CARTESIAN_POINT('Ctrl Pts',(-0.10396381365122,-0.00997336151159267,
46.5748014908485));
#2272=CARTESIAN_POINT('Ctrl Pts',(-0.110724333162173,0.0805235325171982,
46.6453658863667));
#2273=CARTESIAN_POINT('',(-0.381561943372022,-0.19031407769265,46.96675969121));
#2274=CARTESIAN_POINT('Ctrl Pts',(-0.381561943372018,-0.190314077692649,
46.96675969121));
#2275=CARTESIAN_POINT('Ctrl Pts',(-0.374801423861064,-0.280810971721439,
46.8961952956918));
#2276=CARTESIAN_POINT('Ctrl Pts',(-0.360416498924545,-0.473368810728061,
46.7460495071804));
#2277=CARTESIAN_POINT('Ctrl Pts',(-0.462124569907565,-0.594408282695607,
46.558340810548));
#2278=CARTESIAN_POINT('Ctrl Pts',(-0.516032641840387,-0.658562528258158,
46.4588500442532));
#2279=CARTESIAN_POINT('',(-0.110724333162173,0.0805235325171982,46.6453658863667));
#2280=CARTESIAN_POINT('Ctrl Pts',(-0.437347796298049,0.627895895203843,
46.8313903321084));
#2281=CARTESIAN_POINT('Ctrl Pts',(-0.708185406507898,0.357058284993995,
47.1527841369517));
#2282=CARTESIAN_POINT('Ctrl Pts',(-0.356574745669977,0.539238893568184,
46.824746549877));
#2283=CARTESIAN_POINT('Ctrl Pts',(-0.627412355879826,0.268401283358335,
47.1461403547202));
#2284=CARTESIAN_POINT('Ctrl Pts',(-0.200329357527869,0.367742985906303,
46.8118949821151));
#2285=CARTESIAN_POINT('Ctrl Pts',(-0.471166967737718,0.0969053756964548,
47.1332887869584));
#2286=CARTESIAN_POINT('Ctrl Pts',(-0.139909414375672,0.17407323168414,46.6996057598362));
#2287=CARTESIAN_POINT('Ctrl Pts',(-0.410747024585521,-0.0967643785257085,
47.0209995646795));
#2288=CARTESIAN_POINT('Ctrl Pts',(-0.110724333162173,0.0805235325171982,
46.6453658863667));
#2289=CARTESIAN_POINT('Ctrl Pts',(-0.381561943372022,-0.19031407769265,
46.96675969121));
#2290=CARTESIAN_POINT('',(-0.437347796298049,0.627895895203843,46.8313903321084));
#2291=CARTESIAN_POINT('Ctrl Pts',(-0.110724333162173,0.0805235325171982,
46.6453658863667));
#2292=CARTESIAN_POINT('Ctrl Pts',(-0.139909414375672,0.17407323168414,46.6996057598362));
#2293=CARTESIAN_POINT('Ctrl Pts',(-0.200329357527869,0.367742985906303,
46.8118949821151));
#2294=CARTESIAN_POINT('Ctrl Pts',(-0.356574745669977,0.539238893568184,
46.824746549877));
#2295=CARTESIAN_POINT('Ctrl Pts',(-0.437347796298049,0.627895895203843,
46.8313903321084));
#2296=CARTESIAN_POINT('',(-0.708185406507897,0.357058284993995,47.1527841369517));
#2297=CARTESIAN_POINT('Ctrl Pts',(-0.708185406507893,0.357058284993996,
47.1527841369517));
#2298=CARTESIAN_POINT('Ctrl Pts',(-0.627412355879822,0.268401283358337,
47.1461403547202));
#2299=CARTESIAN_POINT('Ctrl Pts',(-0.471166967737713,0.0969053756964563,
47.1332887869584));
#2300=CARTESIAN_POINT('Ctrl Pts',(-0.410747024585516,-0.0967643785257069,
47.0209995646795));
#2301=CARTESIAN_POINT('Ctrl Pts',(-0.381561943372018,-0.190314077692649,
46.96675969121));
#2302=CARTESIAN_POINT('',(-0.437347796298049,0.627895895203843,46.8313903321084));
#2303=CARTESIAN_POINT('Ctrl Pts',(-0.789241903988558,0.881817216261047,
46.7488289541431));
#2304=CARTESIAN_POINT('Ctrl Pts',(-1.06007951419841,0.610979606051199,47.0702227589864));
#2305=CARTESIAN_POINT('Ctrl Pts',(-0.72801210133234,0.849159384051503,46.7729064692605));
#2306=CARTESIAN_POINT('Ctrl Pts',(-0.998849711542189,0.578321773841655,
47.0943002741038));
#2307=CARTESIAN_POINT('Ctrl Pts',(-0.60295170025805,0.782456546263932,46.8220842155023));
#2308=CARTESIAN_POINT('Ctrl Pts',(-0.873789310467899,0.511618936054084,
47.1434780203455));
#2309=CARTESIAN_POINT('Ctrl Pts',(-0.493309151357546,0.680125481979104,
46.8282455819958));
#2310=CARTESIAN_POINT('Ctrl Pts',(-0.764146761567395,0.409287871769255,
47.1496393868391));
#2311=CARTESIAN_POINT('Ctrl Pts',(-0.437347796298049,0.627895895203843,
46.8313903321084));
#2312=CARTESIAN_POINT('Ctrl Pts',(-0.708185406507898,0.357058284993995,
47.1527841369517));
#2313=CARTESIAN_POINT('',(-0.789241903988558,0.881817216261047,46.7488289541431));
#2314=CARTESIAN_POINT('Ctrl Pts',(-0.437347796298049,0.627895895203843,
46.8313903321084));
#2315=CARTESIAN_POINT('Ctrl Pts',(-0.493309151357546,0.680125481979104,
46.8282455819958));
#2316=CARTESIAN_POINT('Ctrl Pts',(-0.60295170025805,0.782456546263932,46.8220842155023));
#2317=CARTESIAN_POINT('Ctrl Pts',(-0.72801210133234,0.849159384051503,46.7729064692605));
#2318=CARTESIAN_POINT('Ctrl Pts',(-0.789241903988558,0.881817216261047,
46.7488289541431));
#2319=CARTESIAN_POINT('',(-1.06007951419841,0.610979606051199,47.0702227589864));
#2320=CARTESIAN_POINT('Ctrl Pts',(-1.0600795141984,0.610979606051201,47.0702227589864));
#2321=CARTESIAN_POINT('Ctrl Pts',(-0.998849711542185,0.578321773841657,
47.0943002741038));
#2322=CARTESIAN_POINT('Ctrl Pts',(-0.873789310467895,0.511618936054086,
47.1434780203455));
#2323=CARTESIAN_POINT('Ctrl Pts',(-0.764146761567391,0.409287871769257,
47.1496393868391));
#2324=CARTESIAN_POINT('Ctrl Pts',(-0.708185406507893,0.357058284993996,
47.1527841369517));
#2325=CARTESIAN_POINT('',(-0.789241903988558,0.881817216261047,46.7488289541431));
#2326=CARTESIAN_POINT('Ctrl Pts',(-1.12858751781153,0.966929142043429,46.5345869760274));
#2327=CARTESIAN_POINT('Ctrl Pts',(-1.39942512802137,0.696091531833581,46.8559807808707));
#2328=CARTESIAN_POINT('Ctrl Pts',(-1.07504849488512,0.96335149893225,46.5766892832531));
#2329=CARTESIAN_POINT('Ctrl Pts',(-1.34588610509497,0.692513888722402,46.8980830880964));
#2330=CARTESIAN_POINT('Ctrl Pts',(-0.965851123551935,0.956054592826088,
46.6625605043702));
#2331=CARTESIAN_POINT('Ctrl Pts',(-1.23668873376178,0.68521698261624,46.9839543092135));
#2332=CARTESIAN_POINT('Ctrl Pts',(-0.848868451916736,0.906881131399573,
46.7197031255607));
#2333=CARTESIAN_POINT('Ctrl Pts',(-1.11970606212658,0.636043521189725,47.041096930404));
#2334=CARTESIAN_POINT('Ctrl Pts',(-0.789241903988558,0.881817216261047,
46.7488289541431));
#2335=CARTESIAN_POINT('Ctrl Pts',(-1.06007951419841,0.610979606051199,47.0702227589864));
#2336=CARTESIAN_POINT('',(-1.12858751781153,0.966929142043429,46.5345869760274));
#2337=CARTESIAN_POINT('Ctrl Pts',(-0.789241903988558,0.881817216261047,
46.7488289541431));
#2338=CARTESIAN_POINT('Ctrl Pts',(-0.848868451916736,0.906881131399573,
46.7197031255607));
#2339=CARTESIAN_POINT('Ctrl Pts',(-0.965851123551935,0.956054592826088,
46.6625605043702));
#2340=CARTESIAN_POINT('Ctrl Pts',(-1.07504849488512,0.96335149893225,46.5766892832531));
#2341=CARTESIAN_POINT('Ctrl Pts',(-1.12858751781153,0.966929142043429,46.5345869760274));
#2342=CARTESIAN_POINT('',(-1.39942512802137,0.696091531833581,46.8559807808707));
#2343=CARTESIAN_POINT('Ctrl Pts',(-1.39942512802137,0.696091531833583,46.8559807808707));
#2344=CARTESIAN_POINT('Ctrl Pts',(-1.34588610509497,0.692513888722404,46.8980830880964));
#2345=CARTESIAN_POINT('Ctrl Pts',(-1.23668873376178,0.685216982616241,46.9839543092135));
#2346=CARTESIAN_POINT('Ctrl Pts',(-1.11970606212658,0.636043521189726,47.041096930404));
#2347=CARTESIAN_POINT('Ctrl Pts',(-1.0600795141984,0.610979606051201,47.0702227589864));
#2348=CARTESIAN_POINT('',(-1.12858751781153,0.966929142043429,46.5345869760274));
#2349=CARTESIAN_POINT('Origin',(-1.42736351754797,1.3202727847027,46.5805709675708));
#2350=CARTESIAN_POINT('',(-1.42736351754797,1.3202727847027,46.5805709675708));
#2351=CARTESIAN_POINT('',(5.50134332464541,-6.87387439143724,45.5141881352185));
#2352=CARTESIAN_POINT('',(-1.69820112775782,1.04943517449285,46.9019647724141));
#2353=CARTESIAN_POINT('',(-1.39942512802137,0.696091531833583,46.8559807808707));
#2354=CARTESIAN_POINT('',(-1.42736351754797,1.3202727847027,46.5805709675708));
#2355=CARTESIAN_POINT('Origin',(-0.219554266184601,1.98014771731524,48.1544629138124));
#2356=CARTESIAN_POINT('',(-0.219554266184601,1.98014771731524,48.1544629138124));
#2357=CARTESIAN_POINT('',(-0.790790941006926,1.66805807080964,47.410086431445));
#2358=CARTESIAN_POINT('',(-0.490391876394449,1.70931010710539,48.4758567186556));
#2359=CARTESIAN_POINT('',(-1.69820112775782,1.04943517449285,46.9019647724141));
#2360=CARTESIAN_POINT('',(-0.219554266184601,1.98014771731524,48.1544629138124));
#2361=CARTESIAN_POINT('Origin',(1.18694170246397,0.573651748666674,48.1544629138124));
#2362=CARTESIAN_POINT('',(1.18694170246397,0.573651748666675,48.1544629138124));
#2363=CARTESIAN_POINT('',(7.85719965246481,-6.09660620133416,48.1544629138124));
#2364=CARTESIAN_POINT('',(0.916104092254121,0.302814138456827,48.4758567186556));
#2365=CARTESIAN_POINT('',(-0.490391876394445,1.7093101071054,48.4758567186556));
#2366=CARTESIAN_POINT('',(1.18694170246397,0.573651748666675,48.1544629138124));
#2367=CARTESIAN_POINT('Origin',(0.973633882072852,0.360343928275578,47.7949551731951));
#2368=CARTESIAN_POINT('',(0.973633882072853,0.360343928275582,47.7949551731951));
#2369=CARTESIAN_POINT('',(-0.270868869239478,-0.884158823036616,45.6974775865978));
#2370=CARTESIAN_POINT('',(0.702796271863005,0.0895063180657338,48.1163489780384));
#2371=CARTESIAN_POINT('',(0.916104092254126,0.302814138456828,48.4758567186556));
#2372=CARTESIAN_POINT('',(0.973633882072853,0.360343928275582,47.7949551731951));
#2373=CARTESIAN_POINT('Origin',(-0.155035118813725,1.48901292916215,47.7949551731951));
#2374=CARTESIAN_POINT('',(-0.155035118813724,1.48901292916215,47.7949551731951));
#2375=CARTESIAN_POINT('',(7.07955733163042,-5.74557952128196,47.7949551731951));
#2376=CARTESIAN_POINT('',(-0.425872729023573,1.21817531895231,48.1163489780384));
#2377=CARTESIAN_POINT('',(0.702796271863009,0.0895063180657325,48.1163489780384));
#2378=CARTESIAN_POINT('',(-0.155035118813724,1.48901292916215,47.7949551731951));
#2379=CARTESIAN_POINT('Origin',(-0.796078095324198,1.15280799268739,46.9714312429048));
#2380=CARTESIAN_POINT('',(-0.7960780953242,1.15280799268739,46.9714312429048));
#2381=CARTESIAN_POINT('',(-0.869159418450182,1.11447935872775,46.8775464010816));
#2382=CARTESIAN_POINT('',(-1.06691570553405,0.881970382477538,47.2928250477481));
#2383=CARTESIAN_POINT('',(-0.425872729023569,1.21817531895231,48.1163489780384));
#2384=CARTESIAN_POINT('',(-0.7960780953242,1.15280799268739,46.9714312429048));
#2385=CARTESIAN_POINT('Ctrl Pts',(-0.147553548146786,0.732473288763049,
47.16372614993));
#2386=CARTESIAN_POINT('Ctrl Pts',(-0.418391158356635,0.461635678553201,
47.4851199547733));
#2387=CARTESIAN_POINT('Ctrl Pts',(-0.246139430210814,0.820535001158433,
47.15485746323));
#2388=CARTESIAN_POINT('Ctrl Pts',(-0.516977040420663,0.549697390948585,
47.4762512680732));
#2389=CARTESIAN_POINT('Ctrl Pts',(-0.448960892483568,1.00170501155276,47.1366118486725));
#2390=CARTESIAN_POINT('Ctrl Pts',(-0.719798502693416,0.730867401342914,
47.4580056535158));
#2391=CARTESIAN_POINT('Ctrl Pts',(-0.678243432597958,1.10151359219897,47.0275045253877));
#2392=CARTESIAN_POINT('Ctrl Pts',(-0.949081042807807,0.830675981989118,
47.348898330231));
#2393=CARTESIAN_POINT('Ctrl Pts',(-0.7960780953242,1.15280799268739,46.9714312429048));
#2394=CARTESIAN_POINT('Ctrl Pts',(-1.06691570553405,0.881970382477538,47.2928250477481));
#2395=CARTESIAN_POINT('',(-0.147553548146786,0.732473288763049,47.16372614993));
#2396=CARTESIAN_POINT('Ctrl Pts',(-0.7960780953242,1.15280799268739,46.9714312429048));
#2397=CARTESIAN_POINT('Ctrl Pts',(-0.678243432597958,1.10151359219897,47.0275045253877));
#2398=CARTESIAN_POINT('Ctrl Pts',(-0.448960892483568,1.00170501155276,47.1366118486725));
#2399=CARTESIAN_POINT('Ctrl Pts',(-0.246139430210814,0.820535001158433,
47.15485746323));
#2400=CARTESIAN_POINT('Ctrl Pts',(-0.147553548146786,0.732473288763049,
47.16372614993));
#2401=CARTESIAN_POINT('',(-0.418391158356634,0.461635678553202,47.4851199547733));
#2402=CARTESIAN_POINT('Ctrl Pts',(-0.418391158356631,0.461635678553202,
47.4851199547733));
#2403=CARTESIAN_POINT('Ctrl Pts',(-0.516977040420659,0.549697390948587,
47.4762512680732));
#2404=CARTESIAN_POINT('Ctrl Pts',(-0.719798502693412,0.730867401342916,
47.4580056535158));
#2405=CARTESIAN_POINT('Ctrl Pts',(-0.949081042807803,0.83067598198912,47.348898330231));
#2406=CARTESIAN_POINT('Ctrl Pts',(-1.06691570553404,0.881970382477539,47.2928250477481));
#2407=CARTESIAN_POINT('',(-0.147553548146786,0.732473288763049,47.16372614993));
#2408=CARTESIAN_POINT('Ctrl Pts',(0.312614314043467,-0.0575776751647328,
46.8857346342978));
#2409=CARTESIAN_POINT('Ctrl Pts',(0.0417767038336178,-0.328415285374581,
47.207128439141));
#2410=CARTESIAN_POINT('Ctrl Pts',(0.270589751577399,0.0806615143524758,
46.9668144163753));
#2411=CARTESIAN_POINT('Ctrl Pts',(-0.000247858632449749,-0.190176095857372,
47.2882082212186));
#2412=CARTESIAN_POINT('Ctrl Pts',(0.185961722834509,0.359044189087119,47.1300908843615));
#2413=CARTESIAN_POINT('Ctrl Pts',(-0.08487588737534,0.0882065788772705,
47.4514846892048));
#2414=CARTESIAN_POINT('Ctrl Pts',(-0.0358759592144553,0.607430554239154,
47.1524633812096));
#2415=CARTESIAN_POINT('Ctrl Pts',(-0.306713569424304,0.336592944029306,
47.4738571860529));
#2416=CARTESIAN_POINT('Ctrl Pts',(-0.147553548146786,0.732473288763049,
47.16372614993));
#2417=CARTESIAN_POINT('Ctrl Pts',(-0.418391158356635,0.461635678553201,
47.4851199547733));
#2418=CARTESIAN_POINT('',(0.312614314043467,-0.0575776751647328,46.8857346342978));
#2419=CARTESIAN_POINT('Ctrl Pts',(-0.147553548146786,0.732473288763049,
47.16372614993));
#2420=CARTESIAN_POINT('Ctrl Pts',(-0.0358759592144553,0.607430554239154,
47.1524633812096));
#2421=CARTESIAN_POINT('Ctrl Pts',(0.185961722834509,0.359044189087119,47.1300908843615));
#2422=CARTESIAN_POINT('Ctrl Pts',(0.270589751577399,0.0806615143524758,
46.9668144163753));
#2423=CARTESIAN_POINT('Ctrl Pts',(0.312614314043467,-0.0575776751647328,
46.8857346342978));
#2424=CARTESIAN_POINT('',(0.0417767038336181,-0.328415285374581,47.207128439141));
#2425=CARTESIAN_POINT('Ctrl Pts',(0.0417767038336223,-0.32841528537458,
47.207128439141));
#2426=CARTESIAN_POINT('Ctrl Pts',(-0.000247858632445239,-0.190176095857371,
47.2882082212186));
#2427=CARTESIAN_POINT('Ctrl Pts',(-0.0848758873753355,0.088206578877272,
47.4514846892048));
#2428=CARTESIAN_POINT('Ctrl Pts',(-0.3067135694243,0.336592944029308,47.4738571860529));
#2429=CARTESIAN_POINT('Ctrl Pts',(-0.418391158356631,0.461635678553202,
47.4851199547733));
#2430=CARTESIAN_POINT('',(0.312614314043467,-0.0575776751647328,46.8857346342978));
#2431=CARTESIAN_POINT('Ctrl Pts',(0.143153758461745,-0.736387952622388,
46.1708993083862));
#2432=CARTESIAN_POINT('Ctrl Pts',(-0.127683851748104,-1.00722556283224,
46.4922931132295));
#2433=CARTESIAN_POINT('Ctrl Pts',(0.215471334251733,-0.645566959818726,
46.3083756983636));
#2434=CARTESIAN_POINT('Ctrl Pts',(-0.0553662759581156,-0.916404570028575,
46.6297695032069));
#2435=CARTESIAN_POINT('Ctrl Pts',(0.355813805315714,-0.469315994333299,
46.5751680523885));
#2436=CARTESIAN_POINT('Ctrl Pts',(0.0849761951058656,-0.740153604543147,
46.8965618572318));
#2437=CARTESIAN_POINT('Ctrl Pts',(0.326717486345975,-0.191996305749633,
46.7843451529156));
#2438=CARTESIAN_POINT('Ctrl Pts',(0.0558798761361265,-0.462833915959481,
47.1057389577588));
#2439=CARTESIAN_POINT('Ctrl Pts',(0.312614314043467,-0.0575776751647328,
46.8857346342978));
#2440=CARTESIAN_POINT('Ctrl Pts',(0.0417767038336178,-0.328415285374581,
47.207128439141));
#2441=CARTESIAN_POINT('',(0.143153758461745,-0.736387952622388,46.1708993083862));
#2442=CARTESIAN_POINT('Ctrl Pts',(0.312614314043467,-0.0575776751647328,
46.8857346342978));
#2443=CARTESIAN_POINT('Ctrl Pts',(0.326717486345975,-0.191996305749633,
46.7843451529156));
#2444=CARTESIAN_POINT('Ctrl Pts',(0.355813805315714,-0.469315994333299,
46.5751680523885));
#2445=CARTESIAN_POINT('Ctrl Pts',(0.215471334251733,-0.645566959818726,
46.3083756983636));
#2446=CARTESIAN_POINT('Ctrl Pts',(0.143153758461745,-0.736387952622388,
46.1708993083862));
#2447=CARTESIAN_POINT('',(-0.127683851748104,-1.00722556283224,46.4922931132295));
#2448=CARTESIAN_POINT('Ctrl Pts',(-0.1276838517481,-1.00722556283224,46.4922931132295));
#2449=CARTESIAN_POINT('Ctrl Pts',(-0.055366275958111,-0.916404570028573,
46.6297695032069));
#2450=CARTESIAN_POINT('Ctrl Pts',(0.0849761951058701,-0.740153604543146,
46.8965618572318));
#2451=CARTESIAN_POINT('Ctrl Pts',(0.055879876136131,-0.46283391595948,47.1057389577588));
#2452=CARTESIAN_POINT('Ctrl Pts',(0.0417767038336223,-0.32841528537458,
47.207128439141));
#2453=CARTESIAN_POINT('',(0.143153758461745,-0.736387952622388,46.1708993083862));
#2454=CARTESIAN_POINT('Ctrl Pts',(-0.507266976449881,-0.93919904110463,
45.4518833705535));
#2455=CARTESIAN_POINT('Ctrl Pts',(-0.778104586659729,-1.21003665131448,
45.7732771753968));
#2456=CARTESIAN_POINT('Ctrl Pts',(-0.378517286819537,-0.940988744637117,
45.5588721759034));
#2457=CARTESIAN_POINT('Ctrl Pts',(-0.649354897029386,-1.21182635484696,
45.8802659807466));
#2458=CARTESIAN_POINT('Ctrl Pts',(-0.116071670371165,-0.944636907581753,
45.7769600256973));
#2459=CARTESIAN_POINT('Ctrl Pts',(-0.386909280581014,-1.2154745177916,46.0983538305405));
#2460=CARTESIAN_POINT('Ctrl Pts',(0.0556663829220638,-0.806671005524653,
46.0379466342616));
#2461=CARTESIAN_POINT('Ctrl Pts',(-0.215171227287785,-1.0775086157345,46.3593404391048));
#2462=CARTESIAN_POINT('Ctrl Pts',(0.143153758461745,-0.736387952622388,
46.1708993083862));
#2463=CARTESIAN_POINT('Ctrl Pts',(-0.127683851748104,-1.00722556283224,
46.4922931132295));
#2464=CARTESIAN_POINT('',(-0.507266976449881,-0.93919904110463,45.4518833705535));
#2465=CARTESIAN_POINT('Ctrl Pts',(0.143153758461745,-0.736387952622388,
46.1708993083862));
#2466=CARTESIAN_POINT('Ctrl Pts',(0.0556663829220638,-0.806671005524653,
46.0379466342616));
#2467=CARTESIAN_POINT('Ctrl Pts',(-0.116071670371165,-0.944636907581753,
45.7769600256973));
#2468=CARTESIAN_POINT('Ctrl Pts',(-0.378517286819537,-0.940988744637117,
45.5588721759034));
#2469=CARTESIAN_POINT('Ctrl Pts',(-0.507266976449881,-0.93919904110463,
45.4518833705535));
#2470=CARTESIAN_POINT('',(-0.778104586659729,-1.21003665131448,45.7732771753968));
#2471=CARTESIAN_POINT('Ctrl Pts',(-0.778104586659725,-1.21003665131448,
45.7732771753968));
#2472=CARTESIAN_POINT('Ctrl Pts',(-0.649354897029382,-1.21182635484696,
45.8802659807466));
#2473=CARTESIAN_POINT('Ctrl Pts',(-0.38690928058101,-1.2154745177916,46.0983538305405));
#2474=CARTESIAN_POINT('Ctrl Pts',(-0.215171227287781,-1.0775086157345,46.3593404391048));
#2475=CARTESIAN_POINT('Ctrl Pts',(-0.1276838517481,-1.00722556283224,46.4922931132295));
#2476=CARTESIAN_POINT('',(-0.507266976449881,-0.93919904110463,45.4518833705535));
#2477=CARTESIAN_POINT('Ctrl Pts',(-1.47081530590454,-0.417148510751517,
45.0798344790702));
#2478=CARTESIAN_POINT('Ctrl Pts',(-1.74165291611439,-0.687986120961365,
45.4012282839134));
#2479=CARTESIAN_POINT('Ctrl Pts',(-1.31476885461708,-0.556388679502462,
45.0939970837318));
#2480=CARTESIAN_POINT('Ctrl Pts',(-1.58560646482693,-0.82722628971231,45.4153908885751));
#2481=CARTESIAN_POINT('Ctrl Pts',(-1.00907512673026,-0.829159036699867,
45.1217415109834));
#2482=CARTESIAN_POINT('Ctrl Pts',(-1.27991273694011,-1.09999664690972,45.4431353158266));
#2483=CARTESIAN_POINT('Ctrl Pts',(-0.672185624946211,-0.903034525249666,
45.3433826432099));
#2484=CARTESIAN_POINT('Ctrl Pts',(-0.94302323515606,-1.17387213545951,45.6647764480532));
#2485=CARTESIAN_POINT('Ctrl Pts',(-0.507266976449881,-0.93919904110463,
45.4518833705535));
#2486=CARTESIAN_POINT('Ctrl Pts',(-0.778104586659729,-1.21003665131448,
45.7732771753968));
#2487=CARTESIAN_POINT('',(-1.47081530590454,-0.417148510751517,45.0798344790702));
#2488=CARTESIAN_POINT('Ctrl Pts',(-0.507266976449881,-0.93919904110463,
45.4518833705535));
#2489=CARTESIAN_POINT('Ctrl Pts',(-0.672185624946211,-0.903034525249666,
45.3433826432099));
#2490=CARTESIAN_POINT('Ctrl Pts',(-1.00907512673026,-0.829159036699867,
45.1217415109834));
#2491=CARTESIAN_POINT('Ctrl Pts',(-1.31476885461708,-0.556388679502462,
45.0939970837318));
#2492=CARTESIAN_POINT('Ctrl Pts',(-1.47081530590454,-0.417148510751517,
45.0798344790702));
#2493=CARTESIAN_POINT('',(-1.74165291611439,-0.687986120961366,45.4012282839134));
#2494=CARTESIAN_POINT('Ctrl Pts',(-1.74165291611439,-0.687986120961364,
45.4012282839134));
#2495=CARTESIAN_POINT('Ctrl Pts',(-1.58560646482693,-0.827226289712309,
45.4153908885751));
#2496=CARTESIAN_POINT('Ctrl Pts',(-1.2799127369401,-1.09999664690971,45.4431353158266));
#2497=CARTESIAN_POINT('Ctrl Pts',(-0.943023235156056,-1.17387213545951,
45.6647764480532));
#2498=CARTESIAN_POINT('Ctrl Pts',(-0.778104586659725,-1.21003665131448,
45.7732771753968));
#2499=CARTESIAN_POINT('',(-1.47081530590454,-0.417148510751517,45.0798344790702));
#2500=CARTESIAN_POINT('Ctrl Pts',(-1.96185059933342,0.35168327849876,45.3139327657177));
#2501=CARTESIAN_POINT('Ctrl Pts',(-2.23268820954327,0.0808456682889118,
45.6353265705609));
#2502=CARTESIAN_POINT('Ctrl Pts',(-1.91233073660738,0.221187043033404,45.2456942155475));
#2503=CARTESIAN_POINT('Ctrl Pts',(-2.18316834681723,-0.0496505671764443,
45.5670880203908));
#2504=CARTESIAN_POINT('Ctrl Pts',(-1.80846976256956,-0.0525105275491922,
45.1025734171961));
#2505=CARTESIAN_POINT('Ctrl Pts',(-2.07930737277941,-0.32334813775904,45.4239672220394));
#2506=CARTESIAN_POINT('Ctrl Pts',(-1.58679682646418,-0.291898371412875,
45.0876451167434));
#2507=CARTESIAN_POINT('Ctrl Pts',(-1.85763443667403,-0.562735981622724,
45.4090389215867));
#2508=CARTESIAN_POINT('Ctrl Pts',(-1.47081530590454,-0.417148510751517,
45.0798344790702));
#2509=CARTESIAN_POINT('Ctrl Pts',(-1.74165291611439,-0.687986120961365,
45.4012282839134));
#2510=CARTESIAN_POINT('',(-1.96185059933342,0.35168327849876,45.3139327657177));
#2511=CARTESIAN_POINT('Ctrl Pts',(-1.47081530590454,-0.417148510751517,
45.0798344790702));
#2512=CARTESIAN_POINT('Ctrl Pts',(-1.58679682646418,-0.291898371412875,
45.0876451167434));
#2513=CARTESIAN_POINT('Ctrl Pts',(-1.80846976256956,-0.0525105275491922,
45.1025734171961));
#2514=CARTESIAN_POINT('Ctrl Pts',(-1.91233073660738,0.221187043033404,45.2456942155475));
#2515=CARTESIAN_POINT('Ctrl Pts',(-1.96185059933342,0.35168327849876,45.3139327657177));
#2516=CARTESIAN_POINT('',(-2.23268820954327,0.0808456682889118,45.6353265705609));
#2517=CARTESIAN_POINT('Ctrl Pts',(-2.23268820954327,0.0808456682889136,
45.6353265705609));
#2518=CARTESIAN_POINT('Ctrl Pts',(-2.18316834681723,-0.0496505671764425,
45.5670880203908));
#2519=CARTESIAN_POINT('Ctrl Pts',(-2.07930737277941,-0.323348137759039,
45.4239672220394));
#2520=CARTESIAN_POINT('Ctrl Pts',(-1.85763443667403,-0.562735981622722,
45.4090389215867));
#2521=CARTESIAN_POINT('Ctrl Pts',(-1.74165291611439,-0.687986120961364,
45.4012282839134));
#2522=CARTESIAN_POINT('',(-1.96185059933342,0.35168327849876,45.3139327657177));
#2523=CARTESIAN_POINT('Ctrl Pts',(-1.87231297621467,0.998801791055373,45.9347107157781));
#2524=CARTESIAN_POINT('Ctrl Pts',(-2.14315058642452,0.727964180845524,46.2561045206214));
#2525=CARTESIAN_POINT('Ctrl Pts',(-1.92519072972643,0.907574838776835,45.8132741057748));
#2526=CARTESIAN_POINT('Ctrl Pts',(-2.19602833993628,0.636737228566986,46.1346679106181));
#2527=CARTESIAN_POINT('Ctrl Pts',(-2.02821658187488,0.729830251058803,45.5766696852631));
#2528=CARTESIAN_POINT('Ctrl Pts',(-2.29905419208473,0.458992640848955,45.8980634901063));
#2529=CARTESIAN_POINT('Ctrl Pts',(-1.98357836584692,0.475485998098961,45.3999510272388));
#2530=CARTESIAN_POINT('Ctrl Pts',(-2.25441597605677,0.204648387889113,45.7213448320821));
#2531=CARTESIAN_POINT('Ctrl Pts',(-1.96185059933342,0.35168327849876,45.3139327657177));
#2532=CARTESIAN_POINT('Ctrl Pts',(-2.23268820954327,0.0808456682889118,
45.6353265705609));
#2533=CARTESIAN_POINT('Ctrl Pts',(-1.96185059933342,0.35168327849876,45.3139327657177));
#2534=CARTESIAN_POINT('Ctrl Pts',(-1.98357836584692,0.475485998098961,45.3999510272388));
#2535=CARTESIAN_POINT('Ctrl Pts',(-2.02821658187488,0.729830251058803,45.5766696852631));
#2536=CARTESIAN_POINT('Ctrl Pts',(-1.92519072972643,0.907574838776835,45.8132741057748));
#2537=CARTESIAN_POINT('Ctrl Pts',(-1.87231297621467,0.998801791055373,45.9347107157781));
#2538=CARTESIAN_POINT('Ctrl Pts',(-2.14315058642452,0.727964180845526,46.2561045206214));
#2539=CARTESIAN_POINT('Ctrl Pts',(-2.19602833993627,0.636737228566988,46.1346679106181));
#2540=CARTESIAN_POINT('Ctrl Pts',(-2.29905419208473,0.458992640848957,45.8980634901063));
#2541=CARTESIAN_POINT('Ctrl Pts',(-2.25441597605677,0.204648387889115,45.7213448320821));
#2542=CARTESIAN_POINT('Ctrl Pts',(-2.23268820954327,0.0808456682889136,
45.6353265705609));
#2543=CARTESIAN_POINT('Origin',(-0.0346937144650396,-0.514859475492713,
46.9855710750606));
#2544=CARTESIAN_POINT('Ctrl Pts',(1.59511556206924,-0.706356293588224,47.4197708227709));
#2545=CARTESIAN_POINT('Ctrl Pts',(1.32427795185939,-0.977193903798072,47.7411646276142));
#2546=CARTESIAN_POINT('Ctrl Pts',(1.58878249374569,-0.656979657556489,47.4560435101635));
#2547=CARTESIAN_POINT('Ctrl Pts',(1.31794488353584,-0.927817267766337,47.7774373150067));
#2548=CARTESIAN_POINT('Ctrl Pts',(1.57611652296411,-0.55822767868634,47.5285879349528));
#2549=CARTESIAN_POINT('Ctrl Pts',(1.30527891275426,-0.829065288896189,47.8499817397961));
#2550=CARTESIAN_POINT('Ctrl Pts',(1.6239136607991,-0.494511476898385,47.6225598969349));
#2551=CARTESIAN_POINT('Ctrl Pts',(1.35307605058925,-0.765349087108233,47.9439537017781));
#2552=CARTESIAN_POINT('Ctrl Pts',(1.64781191675609,-0.462653793197905,47.6695452626273));
#2553=CARTESIAN_POINT('Ctrl Pts',(1.37697430654624,-0.733491403407753,47.9909390674705));
#2554=CARTESIAN_POINT('',(1.64781191675609,-0.462653793197905,47.6695452626273));
#2555=CARTESIAN_POINT('',(1.59511556206924,-0.706356293588224,47.4197708227709));
#2556=CARTESIAN_POINT('Ctrl Pts',(1.64781191675609,-0.462653793197905,47.6695452626273));
#2557=CARTESIAN_POINT('Ctrl Pts',(1.6239136607991,-0.494511476898385,47.6225598969349));
#2558=CARTESIAN_POINT('Ctrl Pts',(1.57611652296411,-0.55822767868634,47.5285879349528));
#2559=CARTESIAN_POINT('Ctrl Pts',(1.58878249374569,-0.656979657556489,47.4560435101635));
#2560=CARTESIAN_POINT('Ctrl Pts',(1.59511556206924,-0.706356293588224,47.4197708227709));
#2561=CARTESIAN_POINT('',(1.37697430654624,-0.733491403407753,47.9909390674705));
#2562=CARTESIAN_POINT('',(1.64781191675609,-0.462653793197905,47.6695452626273));
#2563=CARTESIAN_POINT('',(1.32427795185939,-0.977193903798072,47.7411646276142));
#2564=CARTESIAN_POINT('Ctrl Pts',(1.32427795185939,-0.977193903798073,47.7411646276142));
#2565=CARTESIAN_POINT('Ctrl Pts',(1.31794488353584,-0.927817267766338,47.7774373150067));
#2566=CARTESIAN_POINT('Ctrl Pts',(1.30527891275426,-0.82906528889619,47.8499817397961));
#2567=CARTESIAN_POINT('Ctrl Pts',(1.35307605058925,-0.765349087108234,47.9439537017781));
#2568=CARTESIAN_POINT('Ctrl Pts',(1.37697430654624,-0.733491403407754,47.9909390674705));
#2569=CARTESIAN_POINT('',(1.59511556206924,-0.706356293588224,47.4197708227709));
#2570=CARTESIAN_POINT('Ctrl Pts',(1.76428509689359,-0.998301941330038,47.3163077549945));
#2571=CARTESIAN_POINT('Ctrl Pts',(1.49344748668374,-1.26913955153989,47.6377015598377));
#2572=CARTESIAN_POINT('Ctrl Pts',(1.72347250274146,-0.952373497525516,47.3206188663886));
#2573=CARTESIAN_POINT('Ctrl Pts',(1.45263489253161,-1.22321110773536,47.6420126712318));
#2574=CARTESIAN_POINT('Ctrl Pts',(1.64184619799226,-0.860515353525393,47.3292412071089));
#2575=CARTESIAN_POINT('Ctrl Pts',(1.37100858778242,-1.13135296373524,47.6506350119522));
#2576=CARTESIAN_POINT('Ctrl Pts',(1.61069258274492,-0.757743115456868,47.3895940090581));
#2577=CARTESIAN_POINT('Ctrl Pts',(1.33985497253507,-1.02858072566672,47.7109878139014));
#2578=CARTESIAN_POINT('Ctrl Pts',(1.59511556206924,-0.706356293588224,47.4197708227709));
#2579=CARTESIAN_POINT('Ctrl Pts',(1.32427795185939,-0.977193903798072,47.7411646276142));
#2580=CARTESIAN_POINT('',(1.76428509689359,-0.998301941330038,47.3163077549945));
#2581=CARTESIAN_POINT('Ctrl Pts',(1.59511556206924,-0.706356293588224,47.4197708227709));
#2582=CARTESIAN_POINT('Ctrl Pts',(1.61069258274492,-0.757743115456868,47.3895940090581));
#2583=CARTESIAN_POINT('Ctrl Pts',(1.64184619799226,-0.860515353525393,47.3292412071089));
#2584=CARTESIAN_POINT('Ctrl Pts',(1.72347250274146,-0.952373497525516,47.3206188663886));
#2585=CARTESIAN_POINT('Ctrl Pts',(1.76428509689359,-0.998301941330038,47.3163077549945));
#2586=CARTESIAN_POINT('',(1.49344748668374,-1.26913955153989,47.6377015598377));
#2587=CARTESIAN_POINT('Ctrl Pts',(1.49344748668374,-1.26913955153989,47.6377015598377));
#2588=CARTESIAN_POINT('Ctrl Pts',(1.45263489253161,-1.22321110773537,47.6420126712318));
#2589=CARTESIAN_POINT('Ctrl Pts',(1.37100858778242,-1.13135296373524,47.6506350119522));
#2590=CARTESIAN_POINT('Ctrl Pts',(1.33985497253507,-1.02858072566672,47.7109878139014));
#2591=CARTESIAN_POINT('Ctrl Pts',(1.32427795185939,-0.977193903798073,47.7411646276142));
#2592=CARTESIAN_POINT('',(1.76428509689359,-0.998301941330038,47.3163077549945));
#2593=CARTESIAN_POINT('Ctrl Pts',(2.05430041897361,-1.16554115049259,47.4197708227709));
#2594=CARTESIAN_POINT('Ctrl Pts',(1.78346280876376,-1.43637876070244,47.7411646276142));
#2595=CARTESIAN_POINT('Ctrl Pts',(2.00308468950996,-1.15013491791873,47.3895942654935));
#2596=CARTESIAN_POINT('Ctrl Pts',(1.73224707930011,-1.42097252812858,47.7109880703368));
#2597=CARTESIAN_POINT('Ctrl Pts',(1.9010667126952,-1.11944683255935,47.3294847766136));
#2598=CARTESIAN_POINT('Ctrl Pts',(1.63022910248535,-1.3902844427692,47.6508785814569));
#2599=CARTESIAN_POINT('Ctrl Pts',(1.80975560655267,-1.03857431210522,47.3206882112809));
#2600=CARTESIAN_POINT('Ctrl Pts',(1.53891799634283,-1.30941192231507,47.6420820161242));
#2601=CARTESIAN_POINT('Ctrl Pts',(1.76428509689359,-0.998301941330038,47.3163077549945));
#2602=CARTESIAN_POINT('Ctrl Pts',(1.49344748668374,-1.26913955153989,47.6377015598377));
#2603=CARTESIAN_POINT('',(2.05430041897361,-1.16554115049259,47.4197708227709));
#2604=CARTESIAN_POINT('Ctrl Pts',(1.76428509689359,-0.998301941330038,47.3163077549945));
#2605=CARTESIAN_POINT('Ctrl Pts',(1.80975560655267,-1.03857431210522,47.3206882112809));
#2606=CARTESIAN_POINT('Ctrl Pts',(1.9010667126952,-1.11944683255935,47.3294847766136));
#2607=CARTESIAN_POINT('Ctrl Pts',(2.00308468950996,-1.15013491791873,47.3895942654935));
#2608=CARTESIAN_POINT('Ctrl Pts',(2.05430041897361,-1.16554115049259,47.4197708227709));
#2609=CARTESIAN_POINT('',(1.78346280876376,-1.43637876070244,47.7411646276142));
#2610=CARTESIAN_POINT('Ctrl Pts',(1.78346280876376,-1.43637876070244,47.7411646276142));
#2611=CARTESIAN_POINT('Ctrl Pts',(1.73224707930011,-1.42097252812858,47.7109880703368));
#2612=CARTESIAN_POINT('Ctrl Pts',(1.63022910248535,-1.3902844427692,47.6508785814569));
#2613=CARTESIAN_POINT('Ctrl Pts',(1.53891799634283,-1.30941192231507,47.6420820161242));
#2614=CARTESIAN_POINT('Ctrl Pts',(1.49344748668374,-1.26913955153989,47.6377015598377));
#2615=CARTESIAN_POINT('',(2.05430041897361,-1.16554115049259,47.4197708227709));
#2616=CARTESIAN_POINT('Ctrl Pts',(2.29800291936395,-1.11284479580577,47.6695452626273));
#2617=CARTESIAN_POINT('Ctrl Pts',(2.0271653091541,-1.38368240601561,47.9909390674705));
#2618=CARTESIAN_POINT('Ctrl Pts',(2.26614562091884,-1.13674338289756,47.6225599425421));
#2619=CARTESIAN_POINT('Ctrl Pts',(1.99530801070899,-1.4075809931074,47.9439537473854));
#2620=CARTESIAN_POINT('Ctrl Pts',(2.20242993637361,-1.18454137301404,47.5285876982239));
#2621=CARTESIAN_POINT('Ctrl Pts',(1.93159232616376,-1.45537898322388,47.8499815030672));
#2622=CARTESIAN_POINT('Ctrl Pts',(2.10367748668965,-1.17187463007538,47.4560435273756));
#2623=CARTESIAN_POINT('Ctrl Pts',(1.83283987647981,-1.44271224028523,47.7774373322189));
#2624=CARTESIAN_POINT('Ctrl Pts',(2.05430041897361,-1.16554115049259,47.4197708227709));
#2625=CARTESIAN_POINT('Ctrl Pts',(1.78346280876376,-1.43637876070244,47.7411646276142));
#2626=CARTESIAN_POINT('',(2.29800291936395,-1.11284479580577,47.6695452626273));
#2627=CARTESIAN_POINT('Ctrl Pts',(2.05430041897361,-1.16554115049259,47.4197708227709));
#2628=CARTESIAN_POINT('Ctrl Pts',(2.10367748668965,-1.17187463007538,47.4560435273756));
#2629=CARTESIAN_POINT('Ctrl Pts',(2.20242993637361,-1.18454137301404,47.5285876982239));
#2630=CARTESIAN_POINT('Ctrl Pts',(2.26614562091884,-1.13674338289756,47.6225599425421));
#2631=CARTESIAN_POINT('Ctrl Pts',(2.29800291936395,-1.11284479580577,47.6695452626273));
#2632=CARTESIAN_POINT('',(2.0271653091541,-1.38368240601561,47.9909390674705));
#2633=CARTESIAN_POINT('Ctrl Pts',(2.0271653091541,-1.38368240601561,47.9909390674705));
#2634=CARTESIAN_POINT('Ctrl Pts',(1.99530801070899,-1.40758099310741,47.9439537473854));
#2635=CARTESIAN_POINT('Ctrl Pts',(1.93159232616376,-1.45537898322389,47.8499815030672));
#2636=CARTESIAN_POINT('Ctrl Pts',(1.83283987647981,-1.44271224028523,47.7774373322189));
#2637=CARTESIAN_POINT('Ctrl Pts',(1.78346280876376,-1.43637876070244,47.7411646276142));
#2638=CARTESIAN_POINT('',(2.29800291936395,-1.11284479580577,47.6695452626273));
#2639=CARTESIAN_POINT('Ctrl Pts',(2.35069927405079,-0.869142295415446,47.9193197024836));
#2640=CARTESIAN_POINT('Ctrl Pts',(2.07986166384094,-1.13997990562529,48.2407135073269));
#2641=CARTESIAN_POINT('Ctrl Pts',(2.35703234237434,-0.918518931447181,47.8830470150911));
#2642=CARTESIAN_POINT('Ctrl Pts',(2.08619473216449,-1.18935654165703,48.2044408199343));
#2643=CARTESIAN_POINT('Ctrl Pts',(2.36969831315592,-1.01727091031733,47.8105025903017));
#2644=CARTESIAN_POINT('Ctrl Pts',(2.09886070294607,-1.28810852052718,48.131896395145));
#2645=CARTESIAN_POINT('Ctrl Pts',(2.32190117532093,-1.08098711210528,47.7165306283197));
#2646=CARTESIAN_POINT('Ctrl Pts',(2.05106356511108,-1.35182472231513,48.0379244331629));
#2647=CARTESIAN_POINT('Ctrl Pts',(2.29800291936395,-1.11284479580577,47.6695452626273));
#2648=CARTESIAN_POINT('Ctrl Pts',(2.0271653091541,-1.38368240601561,47.9909390674705));
#2649=CARTESIAN_POINT('',(2.35069927405079,-0.869142295415446,47.9193197024836));
#2650=CARTESIAN_POINT('Ctrl Pts',(2.29800291936395,-1.11284479580577,47.6695452626273));
#2651=CARTESIAN_POINT('Ctrl Pts',(2.32190117532093,-1.08098711210528,47.7165306283197));
#2652=CARTESIAN_POINT('Ctrl Pts',(2.36969831315592,-1.01727091031733,47.8105025903017));
#2653=CARTESIAN_POINT('Ctrl Pts',(2.35703234237434,-0.918518931447181,47.8830470150911));
#2654=CARTESIAN_POINT('Ctrl Pts',(2.35069927405079,-0.869142295415446,47.9193197024836));
#2655=CARTESIAN_POINT('',(2.07986166384094,-1.13997990562529,48.2407135073269));
#2656=CARTESIAN_POINT('Ctrl Pts',(2.07986166384094,-1.1399799056253,48.2407135073269));
#2657=CARTESIAN_POINT('Ctrl Pts',(2.0861947321645,-1.18935654165703,48.2044408199343));
#2658=CARTESIAN_POINT('Ctrl Pts',(2.09886070294607,-1.28810852052718,48.131896395145));
#2659=CARTESIAN_POINT('Ctrl Pts',(2.05106356511108,-1.35182472231513,48.0379244331629));
#2660=CARTESIAN_POINT('Ctrl Pts',(2.0271653091541,-1.38368240601561,47.9909390674705));
#2661=CARTESIAN_POINT('',(2.35069927405079,-0.869142295415446,47.9193197024836));
#2662=CARTESIAN_POINT('Ctrl Pts',(2.18345992943088,-0.579127108792792,48.022782541961));
#2663=CARTESIAN_POINT('Ctrl Pts',(1.91262231922104,-0.84996471900264,48.3441763468043));
#2664=CARTESIAN_POINT('Ctrl Pts',(2.22373189943612,-0.624597352314156,48.0184019722204));
#2665=CARTESIAN_POINT('Ctrl Pts',(1.95289428922627,-0.895434962524004,48.3397957770636));
#2666=CARTESIAN_POINT('Ctrl Pts',(2.30460406629818,-0.715908433466628,48.0096051299758));
#2667=CARTESIAN_POINT('Ctrl Pts',(2.03376645608833,-0.986746043676476,48.330998934819));
#2668=CARTESIAN_POINT('Ctrl Pts',(2.3352926873045,-0.817926325216238,47.9494961641681));
#2669=CARTESIAN_POINT('Ctrl Pts',(2.06445507709465,-1.08876393542609,48.2708899690114));
#2670=CARTESIAN_POINT('Ctrl Pts',(2.35069927405079,-0.869142295415446,47.9193197024836));
#2671=CARTESIAN_POINT('Ctrl Pts',(2.07986166384094,-1.13997990562529,48.2407135073269));
#2672=CARTESIAN_POINT('',(2.18345992943088,-0.579127108792792,48.022782541961));
#2673=CARTESIAN_POINT('Ctrl Pts',(2.35069927405079,-0.869142295415446,47.9193197024836));
#2674=CARTESIAN_POINT('Ctrl Pts',(2.3352926873045,-0.817926325216238,47.9494961641681));
#2675=CARTESIAN_POINT('Ctrl Pts',(2.30460406629818,-0.715908433466628,48.0096051299758));
#2676=CARTESIAN_POINT('Ctrl Pts',(2.22373189943612,-0.624597352314156,48.0184019722204));
#2677=CARTESIAN_POINT('Ctrl Pts',(2.18345992943088,-0.579127108792792,48.022782541961));
#2678=CARTESIAN_POINT('',(1.91262231922104,-0.84996471900264,48.3441763468043));
#2679=CARTESIAN_POINT('Ctrl Pts',(1.91262231922104,-0.849964719002641,48.3441763468043));
#2680=CARTESIAN_POINT('Ctrl Pts',(1.95289428922627,-0.895434962524005,48.3397957770636));
#2681=CARTESIAN_POINT('Ctrl Pts',(2.03376645608833,-0.986746043676477,48.330998934819));
#2682=CARTESIAN_POINT('Ctrl Pts',(2.06445507709465,-1.08876393542609,48.2708899690114));
#2683=CARTESIAN_POINT('Ctrl Pts',(2.07986166384094,-1.1399799056253,48.2407135073269));
#2684=CARTESIAN_POINT('',(2.18345992943088,-0.579127108792792,48.022782541961));
#2685=CARTESIAN_POINT('Ctrl Pts',(1.89151441714642,-0.409957438511079,47.9193197024836));
#2686=CARTESIAN_POINT('Ctrl Pts',(1.62067680693657,-0.680795048720928,48.2407135073269));
#2687=CARTESIAN_POINT('Ctrl Pts',(1.94290113925813,-0.425534607769522,47.9494963069212));
#2688=CARTESIAN_POINT('Ctrl Pts',(1.67206352904828,-0.69637221797937,48.2708901117645));
#2689=CARTESIAN_POINT('Ctrl Pts',(2.04567328927292,-0.456688553965097,48.0098487557787));
#2690=CARTESIAN_POINT('Ctrl Pts',(1.77483567906307,-0.727526164174945,48.331242560622));
#2691=CARTESIAN_POINT('Ctrl Pts',(2.13753143496779,-0.538314599822214,48.0184713160949));
#2692=CARTESIAN_POINT('Ctrl Pts',(1.86669382475794,-0.809152210032062,48.3398651209381));
#2693=CARTESIAN_POINT('Ctrl Pts',(2.18345992943088,-0.579127108792792,48.022782541961));
#2694=CARTESIAN_POINT('Ctrl Pts',(1.91262231922104,-0.84996471900264,48.3441763468043));
#2695=CARTESIAN_POINT('',(1.89151441714642,-0.409957438511079,47.9193197024836));
#2696=CARTESIAN_POINT('Ctrl Pts',(2.18345992943088,-0.579127108792792,48.022782541961));
#2697=CARTESIAN_POINT('Ctrl Pts',(2.13753143496779,-0.538314599822214,48.0184713160949));
#2698=CARTESIAN_POINT('Ctrl Pts',(2.04567328927292,-0.456688553965097,48.0098487557787));
#2699=CARTESIAN_POINT('Ctrl Pts',(1.94290113925813,-0.425534607769522,47.9494963069212));
#2700=CARTESIAN_POINT('Ctrl Pts',(1.89151441714642,-0.409957438511079,47.9193197024836));
#2701=CARTESIAN_POINT('',(1.62067680693657,-0.680795048720928,48.2407135073269));
#2702=CARTESIAN_POINT('Ctrl Pts',(1.62067680693657,-0.680795048720929,48.2407135073269));
#2703=CARTESIAN_POINT('Ctrl Pts',(1.67206352904828,-0.696372217979371,48.2708901117645));
#2704=CARTESIAN_POINT('Ctrl Pts',(1.77483567906307,-0.727526164174946,48.331242560622));
#2705=CARTESIAN_POINT('Ctrl Pts',(1.86669382475794,-0.809152210032063,48.3398651209381));
#2706=CARTESIAN_POINT('Ctrl Pts',(1.91262231922104,-0.849964719002641,48.3441763468043));
#2707=CARTESIAN_POINT('',(1.89151441714642,-0.409957438511079,47.9193197024836));
#2708=CARTESIAN_POINT('Ctrl Pts',(1.64781191675609,-0.462653793197905,47.6695452626273));
#2709=CARTESIAN_POINT('Ctrl Pts',(1.37697430654624,-0.733491403407753,47.9909390674705));
#2710=CARTESIAN_POINT('Ctrl Pts',(1.67966924380922,-0.438755129871211,47.7165306710632));
#2711=CARTESIAN_POINT('Ctrl Pts',(1.40883163359937,-0.709592740081059,48.0379244759065));
#2712=CARTESIAN_POINT('Ctrl Pts',(1.74338489024204,-0.390957058796351,47.8105029514876));
#2713=CARTESIAN_POINT('Ctrl Pts',(1.47254728003219,-0.661794669006199,48.1318967563309));
#2714=CARTESIAN_POINT('Ctrl Pts',(1.84213739551127,-0.403623912847042,47.8830470755437));
#2715=CARTESIAN_POINT('Ctrl Pts',(1.57129978530142,-0.67446152305689,48.2044408803869));
#2716=CARTESIAN_POINT('Ctrl Pts',(1.89151441714642,-0.409957438511079,47.9193197024836));
#2717=CARTESIAN_POINT('Ctrl Pts',(1.62067680693657,-0.680795048720928,48.2407135073269));
#2718=CARTESIAN_POINT('Ctrl Pts',(1.89151441714642,-0.409957438511079,47.9193197024836));
#2719=CARTESIAN_POINT('Ctrl Pts',(1.84213739551127,-0.403623912847042,47.8830470755437));
#2720=CARTESIAN_POINT('Ctrl Pts',(1.74338489024204,-0.390957058796351,47.8105029514876));
#2721=CARTESIAN_POINT('Ctrl Pts',(1.67966924380922,-0.438755129871211,47.7165306710632));
#2722=CARTESIAN_POINT('Ctrl Pts',(1.64781191675609,-0.462653793197905,47.6695452626273));
#2723=CARTESIAN_POINT('Ctrl Pts',(1.37697430654624,-0.733491403407754,47.9909390674705));
#2724=CARTESIAN_POINT('Ctrl Pts',(1.40883163359937,-0.70959274008106,48.0379244759065));
#2725=CARTESIAN_POINT('Ctrl Pts',(1.47254728003219,-0.6617946690062,48.1318967563309));
#2726=CARTESIAN_POINT('Ctrl Pts',(1.57129978530142,-0.674461523056891,48.2044408803869));
#2727=CARTESIAN_POINT('Ctrl Pts',(1.62067680693657,-0.680795048720929,48.2407135073269));
#2728=CARTESIAN_POINT('Ctrl Pts',(1.83782680115472,-0.166524945366449,48.0792171501109));
#2729=CARTESIAN_POINT('Ctrl Pts',(1.56698919094487,-0.437362555576297,48.4006109549542));
#2730=CARTESIAN_POINT('Ctrl Pts',(1.75671758058092,-0.155909278504147,48.0198124405779));
#2731=CARTESIAN_POINT('Ctrl Pts',(1.48587997037107,-0.426746888713995,48.3412062454212));
#2732=CARTESIAN_POINT('Ctrl Pts',(1.59446172361382,-0.13467304775461,47.9009756180197));
#2733=CARTESIAN_POINT('Ctrl Pts',(1.32362411340398,-0.405510657964458,48.222369422863));
#2734=CARTESIAN_POINT('Ctrl Pts',(1.48983703639248,-0.21312132333555,47.7467005729124));
#2735=CARTESIAN_POINT('Ctrl Pts',(1.21899942618263,-0.483958933545398,48.0680943777557));
#2736=CARTESIAN_POINT('Ctrl Pts',(1.43751262967825,-0.252354506120067,47.6695452626273));
#2737=CARTESIAN_POINT('Ctrl Pts',(1.1666750194684,-0.523192116329915,47.9909390674705));
#2738=CARTESIAN_POINT('',(1.43751262967825,-0.252354506120067,47.6695452626273));
#2739=CARTESIAN_POINT('',(1.83782680115472,-0.166524945366449,48.0792171501109));
#2740=CARTESIAN_POINT('Ctrl Pts',(1.43751262967825,-0.252354506120067,47.6695452626273));
#2741=CARTESIAN_POINT('Ctrl Pts',(1.48983703639248,-0.21312132333555,47.7467005729124));
#2742=CARTESIAN_POINT('Ctrl Pts',(1.59446172361382,-0.13467304775461,47.9009756180197));
#2743=CARTESIAN_POINT('Ctrl Pts',(1.75671758058092,-0.155909278504147,48.0198124405779));
#2744=CARTESIAN_POINT('Ctrl Pts',(1.83782680115472,-0.166524945366449,48.0792171501109));
#2745=CARTESIAN_POINT('',(1.1666750194684,-0.523192116329915,47.9909390674705));
#2746=CARTESIAN_POINT('',(1.43751262967825,-0.252354506120067,47.6695452626273));
#2747=CARTESIAN_POINT('',(1.56698919094487,-0.437362555576297,48.4006109549542));
#2748=CARTESIAN_POINT('Ctrl Pts',(1.56698919094487,-0.437362555576298,48.4006109549542));
#2749=CARTESIAN_POINT('Ctrl Pts',(1.48587997037107,-0.426746888713996,48.3412062454212));
#2750=CARTESIAN_POINT('Ctrl Pts',(1.32362411340398,-0.405510657964459,48.222369422863));
#2751=CARTESIAN_POINT('Ctrl Pts',(1.21899942618263,-0.483958933545399,48.0680943777557));
#2752=CARTESIAN_POINT('Ctrl Pts',(1.1666750194684,-0.523192116329916,47.9909390674705));
#2753=CARTESIAN_POINT('',(1.83782680115472,-0.166524945366449,48.0792171501109));
#2754=CARTESIAN_POINT('Ctrl Pts',(2.31546797517699,-0.443260097597045,48.2485200613645));
#2755=CARTESIAN_POINT('Ctrl Pts',(2.04463036496714,-0.714097707806893,48.5699138662077));
#2756=CARTESIAN_POINT('Ctrl Pts',(2.24048493096942,-0.376722248570964,48.2414033203251));
#2757=CARTESIAN_POINT('Ctrl Pts',(1.96964732075957,-0.647559858780812,48.5627971251684));
#2758=CARTESIAN_POINT('Ctrl Pts',(2.09018507429847,-0.243350373935802,48.2271381598548));
#2759=CARTESIAN_POINT('Ctrl Pts',(1.81934746408862,-0.51418798414565,48.5485319646981));
#2760=CARTESIAN_POINT('Ctrl Pts',(1.92207066844023,-0.192171305709321,48.1285970961629));
#2761=CARTESIAN_POINT('Ctrl Pts',(1.65123305823039,-0.463008915919169,48.4499909010062));
#2762=CARTESIAN_POINT('Ctrl Pts',(1.83782680115472,-0.166524945366449,48.0792171501109));
#2763=CARTESIAN_POINT('Ctrl Pts',(1.56698919094487,-0.437362555576297,48.4006109549542));
#2764=CARTESIAN_POINT('',(2.31546797517699,-0.443260097597045,48.2485200613645));
#2765=CARTESIAN_POINT('Ctrl Pts',(1.83782680115472,-0.166524945366449,48.0792171501109));
#2766=CARTESIAN_POINT('Ctrl Pts',(1.92207066844023,-0.192171305709321,48.1285970961629));
#2767=CARTESIAN_POINT('Ctrl Pts',(2.09018507429847,-0.243350373935802,48.2271381598548));
#2768=CARTESIAN_POINT('Ctrl Pts',(2.24048493096942,-0.376722248570964,48.2414033203251));
#2769=CARTESIAN_POINT('Ctrl Pts',(2.31546797517699,-0.443260097597045,48.2485200613645));
#2770=CARTESIAN_POINT('',(2.04463036496714,-0.714097707806893,48.5699138662077));
#2771=CARTESIAN_POINT('Ctrl Pts',(2.04463036496714,-0.714097707806894,48.5699138662077));
#2772=CARTESIAN_POINT('Ctrl Pts',(1.96964732075957,-0.647559858780814,48.5627971251684));
#2773=CARTESIAN_POINT('Ctrl Pts',(1.81934746408862,-0.514187984145652,48.5485319646981));
#2774=CARTESIAN_POINT('Ctrl Pts',(1.65123305823039,-0.46300891591917,48.4499909010062));
#2775=CARTESIAN_POINT('Ctrl Pts',(1.56698919094487,-0.437362555576298,48.4006109549542));
#2776=CARTESIAN_POINT('',(2.31546797517699,-0.443260097597045,48.2485200613645));
#2777=CARTESIAN_POINT('Ctrl Pts',(2.59509693002633,-0.923795074238059,48.0792171501109));
#2778=CARTESIAN_POINT('Ctrl Pts',(2.32425931981648,-1.19463268444791,48.4006109549542));
#2779=CARTESIAN_POINT('Ctrl Pts',(2.5693586236744,-0.839459385886072,48.1285969908741));
#2780=CARTESIAN_POINT('Ctrl Pts',(2.29852101346456,-1.11029699609592,48.4499907957174));
#2781=CARTESIAN_POINT('Ctrl Pts',(2.51769974277928,-0.670190778223487,48.2277063602992));
#2782=CARTESIAN_POINT('Ctrl Pts',(2.24686213256944,-0.941028388433335,48.5491001651425));
#2783=CARTESIAN_POINT('Ctrl Pts',(2.38303694143901,-0.519081377729553,48.2415658608363));
#2784=CARTESIAN_POINT('Ctrl Pts',(2.11219933122916,-0.789918987939402,48.5629596656796));
#2785=CARTESIAN_POINT('Ctrl Pts',(2.31546797517699,-0.443260097597045,48.2485200613645));
#2786=CARTESIAN_POINT('Ctrl Pts',(2.04463036496714,-0.714097707806893,48.5699138662077));
#2787=CARTESIAN_POINT('',(2.59509693002633,-0.923795074238059,48.0792171501109));
#2788=CARTESIAN_POINT('Ctrl Pts',(2.31546797517699,-0.443260097597045,48.2485200613645));
#2789=CARTESIAN_POINT('Ctrl Pts',(2.38303694143901,-0.519081377729553,48.2415658608363));
#2790=CARTESIAN_POINT('Ctrl Pts',(2.51769974277928,-0.670190778223487,48.2277063602992));
#2791=CARTESIAN_POINT('Ctrl Pts',(2.5693586236744,-0.839459385886072,48.1285969908741));
#2792=CARTESIAN_POINT('Ctrl Pts',(2.59509693002633,-0.923795074238059,48.0792171501109));
#2793=CARTESIAN_POINT('',(2.32425931981648,-1.19463268444791,48.4006109549542));
#2794=CARTESIAN_POINT('Ctrl Pts',(2.32425931981648,-1.19463268444791,48.4006109549542));
#2795=CARTESIAN_POINT('Ctrl Pts',(2.29852101346456,-1.11029699609592,48.4499907957174));
#2796=CARTESIAN_POINT('Ctrl Pts',(2.24686213256944,-0.941028388433337,48.5491001651425));
#2797=CARTESIAN_POINT('Ctrl Pts',(2.11219933122916,-0.789918987939403,48.5629596656796));
#2798=CARTESIAN_POINT('Ctrl Pts',(2.04463036496714,-0.714097707806894,48.5699138662077));
#2799=CARTESIAN_POINT('',(2.59509693002633,-0.923795074238059,48.0792171501109));
#2800=CARTESIAN_POINT('Ctrl Pts',(2.50830220644178,-1.3231440828836,47.6695452626273));
#2801=CARTESIAN_POINT('Ctrl Pts',(2.23746459623193,-1.59398169309345,47.9909390674705));
#2802=CARTESIAN_POINT('Ctrl Pts',(2.54758312688119,-1.27089659466668,47.7466759823027));
#2803=CARTESIAN_POINT('Ctrl Pts',(2.27674551667135,-1.54173420487653,48.068069787146));
#2804=CARTESIAN_POINT('Ctrl Pts',(2.62605868260954,-1.16651638597078,47.9007679949783));
#2805=CARTESIAN_POINT('Ctrl Pts',(2.35522107239969,-1.43735399618063,48.2221617998215));
#2806=CARTESIAN_POINT('Ctrl Pts',(2.60540994634689,-1.00464285062026,48.0197777161083));
#2807=CARTESIAN_POINT('Ctrl Pts',(2.33457233613705,-1.27548046083011,48.3411715209516));
#2808=CARTESIAN_POINT('Ctrl Pts',(2.59509693002633,-0.923795074238059,48.0792171501109));
#2809=CARTESIAN_POINT('Ctrl Pts',(2.32425931981648,-1.19463268444791,48.4006109549542));
#2810=CARTESIAN_POINT('',(2.50830220644178,-1.3231440828836,47.6695452626273));
#2811=CARTESIAN_POINT('Ctrl Pts',(2.59509693002633,-0.923795074238059,48.0792171501109));
#2812=CARTESIAN_POINT('Ctrl Pts',(2.60540994634689,-1.00464285062026,48.0197777161083));
#2813=CARTESIAN_POINT('Ctrl Pts',(2.62605868260954,-1.16651638597078,47.9007679949783));
#2814=CARTESIAN_POINT('Ctrl Pts',(2.54758312688119,-1.27089659466668,47.7466759823027));
#2815=CARTESIAN_POINT('Ctrl Pts',(2.50830220644178,-1.3231440828836,47.6695452626273));
#2816=CARTESIAN_POINT('',(2.23746459623193,-1.59398169309345,47.9909390674705));
#2817=CARTESIAN_POINT('Ctrl Pts',(2.23746459623194,-1.59398169309345,47.9909390674705));
#2818=CARTESIAN_POINT('Ctrl Pts',(2.27674551667135,-1.54173420487653,48.068069787146));
#2819=CARTESIAN_POINT('Ctrl Pts',(2.35522107239969,-1.43735399618063,48.2221617998215));
#2820=CARTESIAN_POINT('Ctrl Pts',(2.33457233613705,-1.27548046083011,48.3411715209516));
#2821=CARTESIAN_POINT('Ctrl Pts',(2.32425931981648,-1.19463268444791,48.4006109549542));
#2822=CARTESIAN_POINT('',(2.50830220644178,-1.3231440828836,47.6695452626273));
#2823=CARTESIAN_POINT('Ctrl Pts',(2.10736888956533,-1.40959447491115,47.2588284504624));
#2824=CARTESIAN_POINT('Ctrl Pts',(1.83653127935548,-1.680432085121,47.5802222553057));
#2825=CARTESIAN_POINT('Ctrl Pts',(2.18863846794527,-1.42004991580699,47.3185033149938));
#2826=CARTESIAN_POINT('Ctrl Pts',(1.91780085773542,-1.69088752601684,47.6398971198371));
#2827=CARTESIAN_POINT('Ctrl Pts',(2.35107518151495,-1.44094761814406,47.4377778217703));
#2828=CARTESIAN_POINT('Ctrl Pts',(2.0802375713051,-1.71178522835391,47.7591716266136));
#2829=CARTESIAN_POINT('Ctrl Pts',(2.45591523779286,-1.36239541458878,47.5923219375426));
#2830=CARTESIAN_POINT('Ctrl Pts',(2.18507762758301,-1.63323302479863,47.9137157423859));
#2831=CARTESIAN_POINT('Ctrl Pts',(2.50830220644178,-1.3231440828836,47.6695452626273));
#2832=CARTESIAN_POINT('Ctrl Pts',(2.23746459623193,-1.59398169309345,47.9909390674705));
#2833=CARTESIAN_POINT('',(2.10736888956533,-1.40959447491115,47.2588284504624));
#2834=CARTESIAN_POINT('Ctrl Pts',(2.50830220644178,-1.3231440828836,47.6695452626273));
#2835=CARTESIAN_POINT('Ctrl Pts',(2.45591523779286,-1.36239541458878,47.5923219375426));
#2836=CARTESIAN_POINT('Ctrl Pts',(2.35107518151495,-1.44094761814406,47.4377778217703));
#2837=CARTESIAN_POINT('Ctrl Pts',(2.18863846794527,-1.42004991580699,47.3185033149938));
#2838=CARTESIAN_POINT('Ctrl Pts',(2.10736888956533,-1.40959447491115,47.2588284504624));
#2839=CARTESIAN_POINT('',(1.83653127935548,-1.680432085121,47.5802222553057));
#2840=CARTESIAN_POINT('Ctrl Pts',(1.83653127935548,-1.680432085121,47.5802222553057));
#2841=CARTESIAN_POINT('Ctrl Pts',(1.91780085773542,-1.69088752601684,47.6398971198371));
#2842=CARTESIAN_POINT('Ctrl Pts',(2.0802375713051,-1.71178522835391,47.7591716266136));
#2843=CARTESIAN_POINT('Ctrl Pts',(2.18507762758301,-1.63323302479863,47.9137157423859));
#2844=CARTESIAN_POINT('Ctrl Pts',(2.23746459623194,-1.59398169309345,47.9909390674705));
#2845=CARTESIAN_POINT('',(2.10736888956533,-1.40959447491115,47.2588284504624));
#2846=CARTESIAN_POINT('Ctrl Pts',(1.62717797356656,-1.13155009920739,47.0884801579295));
#2847=CARTESIAN_POINT('Ctrl Pts',(1.35634036335672,-1.40238770941724,47.4098739627728));
#2848=CARTESIAN_POINT('Ctrl Pts',(1.70268183883457,-1.19861006006216,47.0955958112422));
#2849=CARTESIAN_POINT('Ctrl Pts',(1.43184422862473,-1.46944767027201,47.4169896160855));
#2850=CARTESIAN_POINT('Ctrl Pts',(1.85378489060354,-1.33281464284338,47.1098361011541));
#2851=CARTESIAN_POINT('Ctrl Pts',(1.58294728039369,-1.60365225305323,47.4312299059974));
#2852=CARTESIAN_POINT('Ctrl Pts',(2.02280534851928,-1.38399043637893,47.2091434518116));
#2853=CARTESIAN_POINT('Ctrl Pts',(1.75196773830943,-1.65482804658878,47.5305372566549));
#2854=CARTESIAN_POINT('Ctrl Pts',(2.10736888956533,-1.40959447491115,47.2588284504624));
#2855=CARTESIAN_POINT('Ctrl Pts',(1.83653127935548,-1.680432085121,47.5802222553057));
#2856=CARTESIAN_POINT('',(1.62717797356656,-1.13155009920739,47.0884801579295));
#2857=CARTESIAN_POINT('Ctrl Pts',(2.10736888956533,-1.40959447491115,47.2588284504624));
#2858=CARTESIAN_POINT('Ctrl Pts',(2.02280534851928,-1.38399043637893,47.2091434518116));
#2859=CARTESIAN_POINT('Ctrl Pts',(1.85378489060354,-1.33281464284338,47.1098361011541));
#2860=CARTESIAN_POINT('Ctrl Pts',(1.70268183883457,-1.19861006006216,47.0955958112422));
#2861=CARTESIAN_POINT('Ctrl Pts',(1.62717797356656,-1.13155009920739,47.0884801579295));
#2862=CARTESIAN_POINT('',(1.35634036335672,-1.40238770941724,47.4098739627728));
#2863=CARTESIAN_POINT('Ctrl Pts',(1.35634036335672,-1.40238770941724,47.4098739627728));
#2864=CARTESIAN_POINT('Ctrl Pts',(1.43184422862473,-1.46944767027201,47.4169896160855));
#2865=CARTESIAN_POINT('Ctrl Pts',(1.58294728039369,-1.60365225305323,47.4312299059974));
#2866=CARTESIAN_POINT('Ctrl Pts',(1.75196773830943,-1.65482804658878,47.5305372566549));
#2867=CARTESIAN_POINT('Ctrl Pts',(1.83653127935548,-1.680432085121,47.5802222553057));
#2868=CARTESIAN_POINT('',(1.62717797356656,-1.13155009920739,47.0884801579295));
#2869=CARTESIAN_POINT('Ctrl Pts',(1.35044295679334,-0.65390878972778,47.2577832974821));
#2870=CARTESIAN_POINT('Ctrl Pts',(1.07960534658349,-0.924746399937628,47.5791771023254));
#2871=CARTESIAN_POINT('Ctrl Pts',(1.37608933201399,-0.738152649171107,47.2084033705762));
#2872=CARTESIAN_POINT('Ctrl Pts',(1.10525172180414,-1.00899025938095,47.5297971754195));
#2873=CARTESIAN_POINT('Ctrl Pts',(1.42726843479035,-0.906267055344741,47.1098623357335));
#2874=CARTESIAN_POINT('Ctrl Pts',(1.1564308245805,-1.17710466555459,47.4312561405768));
#2875=CARTESIAN_POINT('Ctrl Pts',(1.56064018184312,-1.05656700263721,47.0955969913834));
#2876=CARTESIAN_POINT('Ctrl Pts',(1.28980257163327,-1.32740461284706,47.4169907962267));
#2877=CARTESIAN_POINT('Ctrl Pts',(1.62717797356656,-1.13155009920739,47.0884801579295));
#2878=CARTESIAN_POINT('Ctrl Pts',(1.35634036335672,-1.40238770941724,47.4098739627728));
#2879=CARTESIAN_POINT('',(1.35044295679334,-0.65390878972778,47.2577832974821));
#2880=CARTESIAN_POINT('Ctrl Pts',(1.62717797356656,-1.13155009920739,47.0884801579295));
#2881=CARTESIAN_POINT('Ctrl Pts',(1.56064018184312,-1.05656700263721,47.0955969913834));
#2882=CARTESIAN_POINT('Ctrl Pts',(1.42726843479035,-0.906267055344741,47.1098623357335));
#2883=CARTESIAN_POINT('Ctrl Pts',(1.37608933201399,-0.738152649171107,47.2084033705762));
#2884=CARTESIAN_POINT('Ctrl Pts',(1.35044295679334,-0.65390878972778,47.2577832974821));
#2885=CARTESIAN_POINT('',(1.07960534658349,-0.924746399937628,47.5791771023254));
#2886=CARTESIAN_POINT('Ctrl Pts',(1.07960534658349,-0.924746399937629,47.5791771023254));
#2887=CARTESIAN_POINT('Ctrl Pts',(1.10525172180414,-1.00899025938096,47.5297971754195));
#2888=CARTESIAN_POINT('Ctrl Pts',(1.1564308245805,-1.17710466555459,47.4312561405768));
#2889=CARTESIAN_POINT('Ctrl Pts',(1.28980257163327,-1.32740461284706,47.4169907962267));
#2890=CARTESIAN_POINT('Ctrl Pts',(1.35634036335672,-1.40238770941724,47.4098739627728));
#2891=CARTESIAN_POINT('',(1.35044295679334,-0.65390878972778,47.2577832974821));
#2892=CARTESIAN_POINT('Ctrl Pts',(1.43751262967825,-0.252354506120067,47.6695452626273));
#2893=CARTESIAN_POINT('Ctrl Pts',(1.1666750194684,-0.523192116329915,47.9909390674705));
#2894=CARTESIAN_POINT('Ctrl Pts',(1.3978951241807,-0.304935896304219,47.5918495255156));
#2895=CARTESIAN_POINT('Ctrl Pts',(1.12705751397085,-0.575773506514067,47.9132433303589));
#2896=CARTESIAN_POINT('Ctrl Pts',(1.3188707589332,-0.409819102123203,47.4368711584888));
#2897=CARTESIAN_POINT('Ctrl Pts',(1.04803314872335,-0.680656712333052,47.7582649633321));
#2898=CARTESIAN_POINT('Ctrl Pts',(1.33993760929652,-0.572690275893692,47.3173730739263));
#2899=CARTESIAN_POINT('Ctrl Pts',(1.06909999908667,-0.843527886103541,47.6387668787696));
#2900=CARTESIAN_POINT('Ctrl Pts',(1.35044295679334,-0.65390878972778,47.2577832974821));
#2901=CARTESIAN_POINT('Ctrl Pts',(1.07960534658349,-0.924746399937628,47.5791771023254));
#2902=CARTESIAN_POINT('Ctrl Pts',(1.35044295679334,-0.65390878972778,47.2577832974821));
#2903=CARTESIAN_POINT('Ctrl Pts',(1.33993760929652,-0.572690275893692,47.3173730739263));
#2904=CARTESIAN_POINT('Ctrl Pts',(1.3188707589332,-0.409819102123203,47.4368711584888));
#2905=CARTESIAN_POINT('Ctrl Pts',(1.3978951241807,-0.304935896304219,47.5918495255156));
#2906=CARTESIAN_POINT('Ctrl Pts',(1.43751262967825,-0.252354506120067,47.6695452626273));
#2907=CARTESIAN_POINT('Ctrl Pts',(1.1666750194684,-0.523192116329916,47.9909390674705));
#2908=CARTESIAN_POINT('Ctrl Pts',(1.12705751397085,-0.575773506514068,47.9132433303589));
#2909=CARTESIAN_POINT('Ctrl Pts',(1.04803314872335,-0.680656712333053,47.7582649633321));
#2910=CARTESIAN_POINT('Ctrl Pts',(1.06909999908667,-0.843527886103542,47.6387668787696));
#2911=CARTESIAN_POINT('Ctrl Pts',(1.07960534658349,-0.924746399937629,47.5791771023254));
#2912=CARTESIAN_POINT('Origin',(-0.0346937144650441,-0.514859475492715,
46.9855710750606));
#2913=CARTESIAN_POINT('Origin',(11.8251442794497,-15.4691774743509,43.6));
#2914=CARTESIAN_POINT('',(9.81144533987336,0.583523278515496,55.4306253684553));
#2915=CARTESIAN_POINT('',(9.05563130945762,-12.6996645043588,43.6));
#2916=CARTESIAN_POINT('',(9.18997596506459,-10.3386005173997,45.7028734937165));
#2917=CARTESIAN_POINT('',(9.14168915914393,2.41376709778607,56.4085648743329));
#2918=CARTESIAN_POINT('Origin',(7.16061284190718,0.43269078054933,53.0696705501852));
#2919=CARTESIAN_POINT('',(2.41376709778611,9.14168915914396,56.408564874333));
#2920=CARTESIAN_POINT('',(14.7226289104748,-3.16717265354488,56.4085648743328));
#2921=CARTESIAN_POINT('',(0.583523278515543,9.81144533987339,55.4306253684554));
#2922=CARTESIAN_POINT('Origin',(0.432690780549364,7.16061284190722,53.0696705501852));
#2923=CARTESIAN_POINT('',(-12.699664504359,9.05563130945774,43.6));
#2924=CARTESIAN_POINT('',(2.02265039314916,9.89333174263839,56.7123789677508));
#2925=CARTESIAN_POINT('',(-5.53432719867959,1.89029400377839,43.6));
#2926=CARTESIAN_POINT('',(11.8251442794497,-15.4691774743509,43.6));
#2927=CARTESIAN_POINT('',(1.89029400377887,-5.53432719868006,43.6));
#2928=CARTESIAN_POINT('',(11.8251442794497,-15.4691774743509,43.6));
#2929=CARTESIAN_POINT('',(11.8251442794497,-15.4691774743509,43.6));
#2930=CARTESIAN_POINT('Origin',(-2.29246689642709,-0.193664431539436,36.4485326053848));
#2931=CARTESIAN_POINT('',(-1.97869224935159,-0.0464141625834324,39.5794051401816));
#2932=CARTESIAN_POINT('',(-2.58444571621602,-0.349488369261959,33.3159670004489));
#2933=CARTESIAN_POINT('Origin',(-2.29246689642709,-0.193664431539436,36.4485326053848));
#2934=CARTESIAN_POINT('Origin',(-2.27067106914035,-0.20223810030602,36.4468395352457));
#2935=CARTESIAN_POINT('Origin',(-2.01001726305149,0.471810080744475,36.3890152929774));
#2936=CARTESIAN_POINT('',(-2.27067106914035,0.0670005207263545,39.5853121836759));
#2937=CARTESIAN_POINT('Origin',(-2.27067106914035,-0.20223810030602,36.4468395352457));
#2938=CARTESIAN_POINT('',(-1.74936345696262,1.29116164457435,38.024969940338));
#2939=CARTESIAN_POINT('',(-2.01001726305149,0.67908108265035,38.805141062007));
#2940=CARTESIAN_POINT('Origin',(-1.74936345696262,1.14585826179497,36.331191050709));
#2941=CARTESIAN_POINT('Origin',(-2.27067106914035,-0.20223810030602,36.4468395352457));
#2942=CARTESIAN_POINT('Origin',(0.758752512726725,7.63182151167142,35.7747828875419));
#2943=CARTESIAN_POINT('',(1.2635836953234,9.08261337163614,37.3565684744582));
#2944=CARTESIAN_POINT('',(0.758752512726725,7.77712489445079,37.4685617771709));
#2945=CARTESIAN_POINT('',(1.87287691328384,8.60079897464168,37.2291121105722));
#2946=CARTESIAN_POINT('Ctrl Pts',(1.87287691328384,8.60079897464168,37.2291121105722));
#2947=CARTESIAN_POINT('Ctrl Pts',(1.72379970016682,8.75975926423682,37.3089897783183));
#2948=CARTESIAN_POINT('Ctrl Pts',(1.54628813577395,8.90667337332805,37.3536894282767));
#2949=CARTESIAN_POINT('Ctrl Pts',(1.32942358463725,9.04388355990459,37.358617152126));
#2950=CARTESIAN_POINT('Ctrl Pts',(1.29681760650369,9.06355213766871,37.3582036712328));
#2951=CARTESIAN_POINT('Ctrl Pts',(1.26358369530189,9.08261337164439,37.3565684744575));
#2952=CARTESIAN_POINT('',(1.67847952273432,8.40640158409216,34.0867686900032));
#2953=CARTESIAN_POINT('Origin',(1.28544231999397,8.99383617738203,35.6579404002877));
#2954=CARTESIAN_POINT('',(-0.365567211942264,9.36235484941558,35.3742246265406));
#2955=CARTESIAN_POINT('Ctrl Pts',(-0.365567211942262,9.36235484941558,35.3742246265406));
#2956=CARTESIAN_POINT('Ctrl Pts',(-0.348262732518153,9.35609170190892,35.2722561574122));
#2957=CARTESIAN_POINT('Ctrl Pts',(-0.320826057138434,9.34963642326518,35.1708016675379));
#2958=CARTESIAN_POINT('Ctrl Pts',(-0.203745328756233,9.32597464635627,34.85755859224));
#2959=CARTESIAN_POINT('Ctrl Pts',(-0.0773425636001207,9.30442743634342,
34.6592419997933));
#2960=CARTESIAN_POINT('Ctrl Pts',(0.209826451734412,9.23521488072721,34.3454398539467));
#2961=CARTESIAN_POINT('Ctrl Pts',(0.38920752358204,9.1832690910293,34.2079408367078));
#2962=CARTESIAN_POINT('Ctrl Pts',(0.7701677379328,9.03033709702284,34.0226149344854));
#2963=CARTESIAN_POINT('Ctrl Pts',(0.97139264621364,8.92829929011703,33.9749293539053));
#2964=CARTESIAN_POINT('Ctrl Pts',(1.33705153256185,8.69694693789425,33.9666206376788));
#2965=CARTESIAN_POINT('Ctrl Pts',(1.51955578535069,8.55544451756714,34.0069093897715));
#2966=CARTESIAN_POINT('Ctrl Pts',(1.67847952273432,8.40640158409216,34.0867686900032));
#2967=CARTESIAN_POINT('',(-0.320988416180885,9.40693364517696,36.0948201302234));
#2968=CARTESIAN_POINT('Origin',(1.43525638096542,9.38125386680246,35.624705188085));
#2969=CARTESIAN_POINT('Ctrl Pts',(1.26358369530189,9.0826133716444,37.3565684744575));
#2970=CARTESIAN_POINT('Ctrl Pts',(1.10672288083092,9.17258053404342,37.3488505054098));
#2971=CARTESIAN_POINT('Ctrl Pts',(0.935367466418303,9.2480462475024,37.3127616662777));
#2972=CARTESIAN_POINT('Ctrl Pts',(0.565386257918446,9.3685545723422,37.1691268577006));
#2973=CARTESIAN_POINT('Ctrl Pts',(0.368683524895156,9.40415500115245,37.0472138079484));
#2974=CARTESIAN_POINT('Ctrl Pts',(0.0464049998789928,9.435117472871,36.7627656093111));
#2975=CARTESIAN_POINT('Ctrl Pts',(-0.101225734495237,9.43281618493879,36.5812814776006));
#2976=CARTESIAN_POINT('Ctrl Pts',(-0.25307478427103,9.41871874588001,36.287392328313));
#2977=CARTESIAN_POINT('Ctrl Pts',(-0.291833668268073,9.41298540109206,36.1919306929458));
#2978=CARTESIAN_POINT('Ctrl Pts',(-0.320988416180885,9.40693364517696,36.0948201302234));
#2979=CARTESIAN_POINT('Origin',(2.39992612459055,10.8852074988291,59.9520655729736));
#2980=CARTESIAN_POINT('',(-0.755621045267621,8.97230101609022,29.0691857916419));
#2981=CARTESIAN_POINT('',(1.15964974896024,10.8875718103181,60.0286475510679));
#2982=CARTESIAN_POINT('',(-16.9285868368412,8.94147084824762,29.0691857916419));
#2983=CARTESIAN_POINT('',(-1.40999560720231,8.97105359630115,29.0691857916419));
#2984=CARTESIAN_POINT('',(-16.0624932552554,9.80756442983343,43.0691857916419));
#2985=CARTESIAN_POINT('',(-14.9517730250246,10.9182846600643,61.023461811977));
#2986=CARTESIAN_POINT('',(-12.630313656728,9.81410711807331,43.0691857916419));
#2987=CARTESIAN_POINT('',(5.84485890481932,9.84932593188483,43.0691857916419));
#2988=CARTESIAN_POINT('',(0.853409563248334,10.5813316246062,55.078417355254));
#2989=CARTESIAN_POINT('',(2.29253667788194,10.6632180273712,56.3601709545494));
#2990=CARTESIAN_POINT('',(1.15964974896024,10.8875718103181,60.0286475510679));
#2991=CARTESIAN_POINT('Origin',(1.16535770182261,7.89327976318047,60.2135328012166));
#2992=CARTESIAN_POINT('',(1.36728303202283,8.09520509338067,29.0564221286262));
#2993=CARTESIAN_POINT('',(3.2786057810309,10.0065278423887,59.9520655729736));
#2994=CARTESIAN_POINT('Origin',(-0.759444516719754,5.9684775446381,29.1));
#2995=CARTESIAN_POINT('Origin',(1.16535770182261,7.89327976318047,60.2135328012166));
#2996=CARTESIAN_POINT('',(3.03681272119735,9.76473478255518,56.0435931981159));
#2997=CARTESIAN_POINT('Origin',(0.703528390759212,7.43145045211707,52.748276745342));
#2998=CARTESIAN_POINT('',(3.2786057810309,10.0065278423887,59.9520655729736));
#2999=CARTESIAN_POINT('Origin',(-2.29246689642709,-0.193664431539436,36.4485326053848));
#3000=CARTESIAN_POINT('',(-1.81494368372632,-6.41113776143963,35.2509434915405));
#3001=CARTESIAN_POINT('',(-1.62429297644119,-6.22048705415449,38.332723519404));
#3002=CARTESIAN_POINT('Origin',(-4.65772999106128,-6.31021155036603,36.9732498472496));
#3003=CARTESIAN_POINT('',(-2.55393346546184,-7.15012754317517,34.7792305566386));
#3004=CARTESIAN_POINT('Origin',(-6.51380234817999,-11.1099964258934,37.3850066493315));
#3005=CARTESIAN_POINT('',(-2.29413524751076,-6.89032932522408,38.9787479398012));
#3006=CARTESIAN_POINT('Origin',(-4.23283235405833,-5.21143043662758,36.8789892482199));
#3007=CARTESIAN_POINT('Origin',(-6.51380234817999,-11.1099964258934,37.3850066493315));
#3008=CARTESIAN_POINT('Origin',(-2.29246689642709,-0.193664431539436,36.4485326053848));
#3009=CARTESIAN_POINT('',(-2.63211583284388,-0.330717161642796,33.3198978952977));
#3010=CARTESIAN_POINT('Origin',(-2.29246689642709,-0.193664431539436,36.4485326053848));
#3011=CARTESIAN_POINT('',(-3.17263512826184,-1.72849474780608,33.4398083587509));
#3012=CARTESIAN_POINT('',(-2.63211583284388,-0.330717161642797,33.3198978952977));
#3013=CARTESIAN_POINT('Origin',(-2.85778335860616,-1.65556724726041,36.5739441486031));
#3014=CARTESIAN_POINT('Origin',(-2.29246689642709,-0.193664431539436,36.4485326053848));
#3015=CARTESIAN_POINT('Origin',(-2.29246689642709,-0.193664431539436,36.4485326053848));
#3016=CARTESIAN_POINT('Origin',(-17.3613931816597,10.9228780658022,61.1722459714408));
#3017=CARTESIAN_POINT('',(-2.80629027995586,-7.40248435766919,30.7));
#3018=CARTESIAN_POINT('',(-0.921160519072168,-5.51735459678549,61.1722459714408));
#3019=CARTESIAN_POINT('',(-7.40248435766824,-2.80629027995644,30.7));
#3020=CARTESIAN_POINT('',(-12.1754551306776,1.96668049305303,30.7));
#3021=CARTESIAN_POINT('',(-6.6353728996922,-2.0391788219804,43.1));
#3022=CARTESIAN_POINT('',(-5.51735459678471,-0.921160519072913,61.1722459714408));
#3023=CARTESIAN_POINT('',(-6.63402238317723,-2.03513755068164,43.1435778713739));
#3024=CARTESIAN_POINT('Origin',(-6.98892629028547,-1.68562543138712,43.1));
#3025=CARTESIAN_POINT('',(-16.7696088094738,8.10044887561504,43.1435778713739));
#3026=CARTESIAN_POINT('',(-4.58206734034478,-4.08709259351411,43.1435778713739));
#3027=CARTESIAN_POINT('',(-17.6357023910596,7.23435529402923,29.1435778713738));
#3028=CARTESIAN_POINT('',(-15.6542864004732,9.21577128461566,61.1722459714408));
#3029=CARTESIAN_POINT('',(7.23435529402906,-17.6357023910597,29.1435778713738));
#3030=CARTESIAN_POINT('',(-12.2717413603807,1.87039426335029,29.1435778713738));
#3031=CARTESIAN_POINT('',(8.10044887561487,-16.7696088094739,43.1435778713738));
#3032=CARTESIAN_POINT('',(9.21577128461549,-15.6542864004732,61.1722459714408));
#3033=CARTESIAN_POINT('',(-2.0351375506809,-6.63402238317801,43.1435778713739));
#3034=CARTESIAN_POINT('',(-4.58206734034478,-4.08709259351411,43.1435778713739));
#3035=CARTESIAN_POINT('',(-2.03917882197966,-6.63537289969298,43.1));
#3036=CARTESIAN_POINT('Origin',(-1.68562543138639,-6.98892629028625,43.1));
#3037=CARTESIAN_POINT('',(-0.921160519072168,-5.51735459678549,61.1722459714408));
#3038=CARTESIAN_POINT('Origin',(-0.921160519072376,-5.5173545967857,61.1722459714409));
#3039=CARTESIAN_POINT('',(-2.09648246573939,-6.6926765434527,30.7));
#3040=CARTESIAN_POINT('',(-0.216744492669623,-4.81293857038293,61.0850902286932));
#3041=CARTESIAN_POINT('',(-0.690227524547263,-5.28642160226055,30.7));
#3042=CARTESIAN_POINT('Ctrl Pts',(-16.0624932552554,9.80756442983343,43.069185791642));
#3043=CARTESIAN_POINT('Ctrl Pts',(-16.2307934732831,9.80756381824802,43.0743718107815));
#3044=CARTESIAN_POINT('Ctrl Pts',(-16.5669462638478,9.72066731962572,43.0874076449821));
#3045=CARTESIAN_POINT('Ctrl Pts',(-16.9887618280163,9.32326726022007,43.1126509424335));
#3046=CARTESIAN_POINT('Ctrl Pts',(-17.1344707534724,8.68700089154031,43.1367467169542));
#3047=CARTESIAN_POINT('Ctrl Pts',(-16.9282832001223,8.25912326626353,43.1435778713739));
#3048=CARTESIAN_POINT('Ctrl Pts',(-16.7696088094738,8.10044887561502,43.1435778713739));
#3049=CARTESIAN_POINT('Ctrl Pts',(-16.0625092371684,9.81594826132392,43.2049658560892));
#3050=CARTESIAN_POINT('Ctrl Pts',(-16.2324272024843,9.81444558675745,43.2093795021941));
#3051=CARTESIAN_POINT('Ctrl Pts',(-16.569619457746,9.72335155223316,43.2204081596104));
#3052=CARTESIAN_POINT('Ctrl Pts',(-16.9867468382852,9.32027242012402,43.241469928191));
#3053=CARTESIAN_POINT('Ctrl Pts',(-17.1244718913618,8.68682877521312,43.2612100099356));
#3054=CARTESIAN_POINT('Ctrl Pts',(-16.9190778764347,8.26515587535616,43.2667349201382));
#3055=CARTESIAN_POINT('Ctrl Pts',(-16.7619898430837,8.10806784200515,43.2667349201382));
#3056=CARTESIAN_POINT('Ctrl Pts',(-16.062317232879,9.71522617571894,43.4823730235348));
#3057=CARTESIAN_POINT('Ctrl Pts',(-16.2149852829101,9.71239951850476,43.4839652199571));
#3058=CARTESIAN_POINT('Ctrl Pts',(-16.5170095006711,9.62641164476891,43.4878856162408));
#3059=CARTESIAN_POINT('Ctrl Pts',(-16.8838338502179,9.26170618897294,43.4952611209245));
#3060=CARTESIAN_POINT('Ctrl Pts',(-16.9996492176097,8.69981841504521,43.5019860391071));
#3061=CARTESIAN_POINT('Ctrl Pts',(-16.8172789374534,8.32922668494875,43.5038222096201));
#3062=CARTESIAN_POINT('Ctrl Pts',(-16.6790549687968,8.19100271629207,43.5038222096201));
#3063=CARTESIAN_POINT('Ctrl Pts',(-16.0618012567875,9.44455415994935,43.6000000000001));
#3064=CARTESIAN_POINT('Ctrl Pts',(-16.1690550365482,9.44347364072324,43.5999682384825));
#3065=CARTESIAN_POINT('Ctrl Pts',(-16.3821426102785,9.38556743979041,43.6000203840447));
#3066=CARTESIAN_POINT('Ctrl Pts',(-16.6457413192166,9.13073466905365,43.5999562268422));
#3067=CARTESIAN_POINT('Ctrl Pts',(-16.733305299641,8.73061107859974,43.5999630717886));
#3068=CARTESIAN_POINT('Ctrl Pts',(-16.6038756509625,8.46429607232892,43.6000000000001));
#3069=CARTESIAN_POINT('Ctrl Pts',(-16.5048186318612,8.36523905322765,43.6000000000001));
#3070=CARTESIAN_POINT('Ctrl Pts',(-16.0615419297784,9.30851575531049,43.6000000000001));
#3071=CARTESIAN_POINT('Ctrl Pts',(-16.1458524522883,9.30835503602169,43.6000000000001));
#3072=CARTESIAN_POINT('Ctrl Pts',(-16.3143320708682,9.26450356341298,43.6000000000001));
#3073=CARTESIAN_POINT('Ctrl Pts',(-16.5260206764489,9.0650227102137,43.6));
#3074=CARTESIAN_POINT('Ctrl Pts',(-16.5996204675933,8.74614419745755,43.6000000000001));
#3075=CARTESIAN_POINT('Ctrl Pts',(-16.4967379915967,8.53199408414067,43.6000000000001));
#3076=CARTESIAN_POINT('Ctrl Pts',(-16.4174007962724,8.45265688881642,43.6000000000001));
#3077=CARTESIAN_POINT('',(-16.4174007962724,8.45265688881641,43.6000000000001));
#3078=CARTESIAN_POINT('',(-16.0615419297784,9.30851575531049,43.6000000000001));
#3079=CARTESIAN_POINT('Origin',(-16.0624968891642,8.80756079592466,43.6000000000001));
#3080=CARTESIAN_POINT('Origin',(-16.0615419297784,9.30851575531049,43.1000000000001));
#3081=CARTESIAN_POINT('Origin',(-16.0624968891642,8.80756079592466,43.1000000000001));
#3082=CARTESIAN_POINT('Origin',(-16.4174007962724,8.45265688881641,43.1000000000001));
#3083=CARTESIAN_POINT('Ctrl Pts',(8.10044887561486,-16.7696088094739,43.1435778713739));
#3084=CARTESIAN_POINT('Ctrl Pts',(8.21945466860124,-16.8886146024602,43.1435778713739));
#3085=CARTESIAN_POINT('Ctrl Pts',(8.51863337972485,-17.0647835085346,43.1397874491591));
#3086=CARTESIAN_POINT('Ctrl Pts',(9.09785885731291,-17.0821350146939,43.1224738733644));
#3087=CARTESIAN_POINT('Ctrl Pts',(9.65080778809961,-16.7352295598734,43.0947457743571));
#3088=CARTESIAN_POINT('Ctrl Pts',(9.80756361438605,-16.2868935459591,43.0761004838279));
#3089=CARTESIAN_POINT('Ctrl Pts',(9.80756442983327,-16.0624932552555,43.0691857916419));
#3090=CARTESIAN_POINT('Ctrl Pts',(8.10806784200499,-16.7619898430837,43.2667349201382));
#3091=CARTESIAN_POINT('Ctrl Pts',(8.22588386701825,-16.879805868097,43.2667349201382));
#3092=CARTESIAN_POINT('Ctrl Pts',(8.52089913501217,-17.0547426214105,43.2636638387241));
#3093=CARTESIAN_POINT('Ctrl Pts',(9.09502248278805,-17.0767316395018,43.2495469914809));
#3094=CARTESIAN_POINT('Ctrl Pts',(9.65073608417451,-16.7377234895101,43.2266027414844));
#3095=CARTESIAN_POINT('Ctrl Pts',(9.81394469523513,-16.2890665242563,43.2108507175624));
#3096=CARTESIAN_POINT('Ctrl Pts',(9.81594826132376,-16.0625092371684,43.2049658560892));
#3097=CARTESIAN_POINT('Ctrl Pts',(8.19100271629191,-16.6790549687968,43.50382220962));
#3098=CARTESIAN_POINT('Ctrl Pts',(8.29467069278442,-16.7827229452893,43.50382220962));
#3099=CARTESIAN_POINT('Ctrl Pts',(8.55433174673376,-16.9375563369117,43.502805818073));
#3100=CARTESIAN_POINT('Ctrl Pts',(9.06083168380668,-16.9609206336714,43.4980225644628));
#3101=CARTESIAN_POINT('Ctrl Pts',(9.55893258112918,-16.6666699051248,43.4900878439988));
#3102=CARTESIAN_POINT('Ctrl Pts',(9.71145729943321,-16.2658746329206,43.4844959520978));
#3103=CARTESIAN_POINT('Ctrl Pts',(9.71522617571878,-16.062317232879,43.4823730235348));
#3104=CARTESIAN_POINT('Ctrl Pts',(8.36523905322748,-16.5048186318612,43.6));
#3105=CARTESIAN_POINT('Ctrl Pts',(8.43953181755344,-16.5791113961872,43.6));
#3106=CARTESIAN_POINT('Ctrl Pts',(8.62587008949646,-16.6894055878241,43.5999563829172));
#3107=CARTESIAN_POINT('Ctrl Pts',(8.98838295537801,-16.7027529710015,43.5999724214294));
#3108=CARTESIAN_POINT('Ctrl Pts',(9.33957075911689,-16.4883435539201,43.6000145527495));
#3109=CARTESIAN_POINT('Ctrl Pts',(9.44311346764771,-16.2048062964685,43.5999576513099));
#3110=CARTESIAN_POINT('Ctrl Pts',(9.44455415994919,-16.0618012567876,43.6));
#3111=CARTESIAN_POINT('Ctrl Pts',(8.45265688881625,-16.4174007962725,43.6));
#3112=CARTESIAN_POINT('Ctrl Pts',(8.51215978530944,-16.4769036927657,43.6));
#3113=CARTESIAN_POINT('Ctrl Pts',(8.66186638588381,-16.5648709007903,43.6));
#3114=CARTESIAN_POINT('Ctrl Pts',(8.95201466670891,-16.5730111118389,43.6));
#3115=CARTESIAN_POINT('Ctrl Pts',(9.22934681526582,-16.398700701265,43.6));
#3116=CARTESIAN_POINT('Ctrl Pts',(9.30830146292526,-16.1739559597917,43.6));
#3117=CARTESIAN_POINT('Ctrl Pts',(9.30851575531033,-16.0615419297784,43.6));
#3118=CARTESIAN_POINT('',(8.45265688881625,-16.4174007962725,43.6));
#3119=CARTESIAN_POINT('Origin',(8.45265688881625,-16.4174007962725,43.1));
#3120=CARTESIAN_POINT('',(9.80756442983327,-16.0624932552555,43.0691857916419));
#3121=CARTESIAN_POINT('Origin',(8.80756079592449,-16.0624968891643,43.1));
#3122=CARTESIAN_POINT('',(9.30851575531033,-16.0615419297784,43.6));
#3123=CARTESIAN_POINT('Origin',(9.30851575531033,-16.0615419297784,43.1));
#3124=CARTESIAN_POINT('Origin',(8.80756079592449,-16.0624968891643,43.6));
#3125=CARTESIAN_POINT('Ctrl Pts',(-17.6357023910596,7.2343552940292,29.1435778713739));
#3126=CARTESIAN_POINT('Ctrl Pts',(-17.754708184046,7.35336108701558,29.1435778713739));
#3127=CARTESIAN_POINT('Ctrl Pts',(-17.9309600450989,7.65250046158867,29.1397912174483));
#3128=CARTESIAN_POINT('Ctrl Pts',(-17.9482282331906,8.23177742086557,29.1224734879361));
#3129=CARTESIAN_POINT('Ctrl Pts',(-17.6013357579063,8.78473721326481,29.0947454541904));
#3130=CARTESIAN_POINT('Ctrl Pts',(-17.1529871275448,8.94147003280041,29.0761004838279));
#3131=CARTESIAN_POINT('Ctrl Pts',(-16.9285868368412,8.94147084824762,29.0691857916419));
#3132=CARTESIAN_POINT('Ctrl Pts',(-17.6454341800621,7.22462350502667,28.986268027574));
#3133=CARTESIAN_POINT('Ctrl Pts',(-17.7663270771949,7.34551640215943,28.986268027574));
#3134=CARTESIAN_POINT('Ctrl Pts',(-17.94399493604,7.64932586023916,28.9830888508167));
#3135=CARTESIAN_POINT('Ctrl Pts',(-17.9553316470016,8.23575617824093,28.9686828613924));
#3136=CARTESIAN_POINT('Ctrl Pts',(-17.5983619665296,8.78497002061079,28.9460590415402));
#3137=CARTESIAN_POINT('Ctrl Pts',(-17.1512855856113,8.934577503728,28.9311984728819));
#3138=CARTESIAN_POINT('Ctrl Pts',(-16.9285699517481,8.93261322429131,28.9257324370508));
#3139=CARTESIAN_POINT('Ctrl Pts',(-17.5629825627802,7.30707512230858,28.7023987436335));
#3140=CARTESIAN_POINT('Ctrl Pts',(-17.6696374202242,7.41372997975256,28.7023987436335));
#3141=CARTESIAN_POINT('Ctrl Pts',(-17.8259650090478,7.68368609735834,28.7014122386664));
#3142=CARTESIAN_POINT('Ctrl Pts',(-17.8309393003675,8.20076680717747,28.6969640682355));
#3143=CARTESIAN_POINT('Ctrl Pts',(-17.5122137469901,8.67873141471222,28.6901067598172));
#3144=CARTESIAN_POINT('Ctrl Pts',(-17.1213690929934,8.80501594613757,28.6857308313597));
#3145=CARTESIAN_POINT('Ctrl Pts',(-16.9283211352112,8.80208842921655,28.6841209498709));
#3146=CARTESIAN_POINT('Ctrl Pts',(-17.367239195145,7.50281848994389,28.6));
#3147=CARTESIAN_POINT('Ctrl Pts',(-17.4408557772746,7.57643507207352,28.6));
#3148=CARTESIAN_POINT('Ctrl Pts',(-17.5493361445715,7.76218335469633,28.5999816216787));
#3149=CARTESIAN_POINT('Ctrl Pts',(-17.5564940596287,8.12031321789999,28.5999948406602));
#3150=CARTESIAN_POINT('Ctrl Pts',(-17.3389535499117,8.45778738009743,28.6000140237408));
#3151=CARTESIAN_POINT('Ctrl Pts',(-17.0644024011176,8.5509386166139,28.5999848301964));
#3152=CARTESIAN_POINT('Ctrl Pts',(-16.9278409980618,8.55021689442678,28.6));
#3153=CARTESIAN_POINT('Ctrl Pts',(-17.2834943778583,7.58656330723061,28.6));
#3154=CARTESIAN_POINT('Ctrl Pts',(-17.3429972743514,7.64606620372381,28.6));
#3155=CARTESIAN_POINT('Ctrl Pts',(-17.4310060764257,7.7957530194625,28.6));
#3156=CARTESIAN_POINT('Ctrl Pts',(-17.4391044999581,8.08592716961446,28.6));
#3157=CARTESIAN_POINT('Ctrl Pts',(-17.264800581171,8.36326474695896,28.6));
#3158=CARTESIAN_POINT('Ctrl Pts',(-17.0400495413775,8.44220788133961,28.6));
#3159=CARTESIAN_POINT('Ctrl Pts',(-16.9276355113642,8.44242217372469,28.6));
#3160=CARTESIAN_POINT('Origin',(-16.92859047075,7.94146721433885,29.1));
#3161=CARTESIAN_POINT('',(-16.9276355113642,8.44242217372468,28.6));
#3162=CARTESIAN_POINT('Origin',(-16.9276355113642,8.44242217372468,29.1));
#3163=CARTESIAN_POINT('',(-17.2834943778583,7.58656330723061,28.6));
#3164=CARTESIAN_POINT('Origin',(-16.92859047075,7.94146721433885,28.6));
#3165=CARTESIAN_POINT('Origin',(-17.2834943778583,7.58656330723061,29.1));
#3166=CARTESIAN_POINT('Ctrl Pts',(3.03681272119734,9.76473478255519,56.0435931981159));
#3167=CARTESIAN_POINT('Ctrl Pts',(2.71946393990031,10.0820835638522,56.0435931981159));
#3168=CARTESIAN_POINT('Ctrl Pts',(2.02492797561704,10.4974988255739,55.846490977983));
#3169=CARTESIAN_POINT('Ctrl Pts',(1.20682540436164,10.5981482528349,55.339858520323));
#3170=CARTESIAN_POINT('Ctrl Pts',(0.853409563248332,10.5813316246062,55.078417355254));
#3171=CARTESIAN_POINT('Ctrl Pts',(3.04423961280453,9.77216167416237,56.1636454473315));
#3172=CARTESIAN_POINT('Ctrl Pts',(2.70864737558373,10.1077539113832,56.1636454473315));
#3173=CARTESIAN_POINT('Ctrl Pts',(1.9702050538102,10.532314723381,55.9479150583203));
#3174=CARTESIAN_POINT('Ctrl Pts',(1.13928755193013,10.6115597078294,55.4236578775654));
#3175=CARTESIAN_POINT('Ctrl Pts',(0.784016113579635,10.5859918014793,55.1560332011783));
#3176=CARTESIAN_POINT('Ctrl Pts',(2.99492033476635,9.7228423961242,56.4113531545244));
#3177=CARTESIAN_POINT('Ctrl Pts',(2.63266556406651,10.085097166824,56.4113531545244));
#3178=CARTESIAN_POINT('Ctrl Pts',(1.83155019899736,10.5205399090534,56.1574195848463));
#3179=CARTESIAN_POINT('Ctrl Pts',(0.996807597237948,10.565979959508,55.5960880744879));
#3180=CARTESIAN_POINT('Ctrl Pts',(0.645456916790309,10.5281047345936,55.3153028617959));
#3181=CARTESIAN_POINT('Ctrl Pts',(2.78485087821309,9.51277293957093,56.6029249787144));
#3182=CARTESIAN_POINT('Ctrl Pts',(2.4306531695538,9.86697064823023,56.6029249787144));
#3183=CARTESIAN_POINT('Ctrl Pts',(1.65144901454317,10.290124720424,56.3319544954137));
#3184=CARTESIAN_POINT('Ctrl Pts',(0.859978513388661,10.3306034430033,55.7509774780535));
#3185=CARTESIAN_POINT('Ctrl Pts',(0.527541614142206,10.2938517303888,55.4626613285295));
#3186=CARTESIAN_POINT('Ctrl Pts',(2.56413697272834,9.29205903408619,56.5835550467298));
#3187=CARTESIAN_POINT('Ctrl Pts',(2.24979118444837,9.60640482236617,56.5835550467298));
#3188=CARTESIAN_POINT('Ctrl Pts',(1.56128616758821,9.99559625229156,56.3371544376041));
#3189=CARTESIAN_POINT('Ctrl Pts',(0.825655247325706,10.054934753163,55.7772561133316));
#3190=CARTESIAN_POINT('Ctrl Pts',(0.513099290218617,10.0284245241779,55.4958340218558));
#3191=CARTESIAN_POINT('Ctrl Pts',(2.45484798717805,9.1827700485359,56.4778023626762));
#3192=CARTESIAN_POINT('Ctrl Pts',(2.17364259933426,9.46397543637969,56.4778023626762));
#3193=CARTESIAN_POINT('Ctrl Pts',(1.55745859486949,9.82373525431387,56.2617372099299));
#3194=CARTESIAN_POINT('Ctrl Pts',(0.855221177884427,9.89672671908576,55.7314655001531));
#3195=CARTESIAN_POINT('Ctrl Pts',(0.553256078859955,9.8770647742028,55.4604165922137));
#3196=CARTESIAN_POINT('Ctrl Pts',(2.41376709778611,9.14168915914396,56.408564874333));
#3197=CARTESIAN_POINT('Ctrl Pts',(2.14930978003859,9.40614647689148,56.408564874333));
#3198=CARTESIAN_POINT('Ctrl Pts',(1.56833631112804,9.75013236298503,56.2088561381585));
#3199=CARTESIAN_POINT('Ctrl Pts',(0.880945989283674,9.82836870657101,55.6955238796174));
#3200=CARTESIAN_POINT('Ctrl Pts',(0.583523278515545,9.8114453398734,55.4306253684554));
#3201=CARTESIAN_POINT('Origin',(0.854360888725395,10.0822829500832,55.1092315636121));
#3202=CARTESIAN_POINT('Origin',(2.68460470799596,9.41252676935381,56.0871710694897));
#3203=CARTESIAN_POINT('Origin',(2.29348800335901,10.1641693528482,56.3909851629075));
#3204=CARTESIAN_POINT('',(-12.819635438876,9.31469573012356,43.6000000000001));
#3205=CARTESIAN_POINT('Origin',(-12.629362331251,9.31505844355037,43.1000000000001));
#3206=CARTESIAN_POINT('Origin',(-12.0679724059858,9.34700155758181,43.6000000000001));
#3207=CARTESIAN_POINT('Ctrl Pts',(8.94147084824746,-16.9285868368413,29.0691857916419));
#3208=CARTESIAN_POINT('Ctrl Pts',(8.94147023666205,-17.096887054869,29.0743718107814));
#3209=CARTESIAN_POINT('Ctrl Pts',(8.85444883410257,-17.4329910796825,29.087409991103));
#3210=CARTESIAN_POINT('Ctrl Pts',(8.45713982479473,-17.8548583319324,29.1126520756538));
#3211=CARTESIAN_POINT('Ctrl Pts',(7.82097034310701,-18.0004414252267,29.1367409873099));
#3212=CARTESIAN_POINT('Ctrl Pts',(7.39302968467755,-17.7943767817082,29.1435778713739));
#3213=CARTESIAN_POINT('Ctrl Pts',(7.23435529402904,-17.6357023910596,29.1435778713739));
#3214=CARTESIAN_POINT('Ctrl Pts',(8.93261322429115,-16.9285699517481,28.9257324370508));
#3215=CARTESIAN_POINT('Ctrl Pts',(8.93408643386867,-17.0956066771456,28.9298319639241));
#3216=CARTESIAN_POINT('Ctrl Pts',(8.85176032341612,-17.4300074180714,28.9402121974015));
#3217=CARTESIAN_POINT('Ctrl Pts',(8.46077516569128,-17.8580192268294,28.9605997273985));
#3218=CARTESIAN_POINT('Ctrl Pts',(7.82115301354514,-18.0133220837445,28.9805131508946));
#3219=CARTESIAN_POINT('Ctrl Pts',(7.38581403453687,-17.8066247095725,28.986268027574));
#3220=CARTESIAN_POINT('Ctrl Pts',(7.22462350502652,-17.6454341800622,28.986268027574));
#3221=CARTESIAN_POINT('Ctrl Pts',(8.80208842921638,-16.9283211352112,28.6841209498709));
#3222=CARTESIAN_POINT('Ctrl Pts',(8.80428406690715,-17.0731071035479,28.6853283609875));
#3223=CARTESIAN_POINT('Ctrl Pts',(8.73509558598425,-17.3649750642711,28.6883792777071));
#3224=CARTESIAN_POINT('Ctrl Pts',(8.39770195921178,-17.7424908814906,28.6945057857891));
#3225=CARTESIAN_POINT('Ctrl Pts',(7.83626288893862,-17.886211845172,28.7006055375546));
#3226=CARTESIAN_POINT('Ctrl Pts',(7.4492815989004,-17.7051890393723,28.7023987436335));
#3227=CARTESIAN_POINT('Ctrl Pts',(7.30707512230842,-17.5629825627803,28.7023987436335));
#3228=CARTESIAN_POINT('Ctrl Pts',(8.55021689442661,-16.9278409980619,28.6));
#3229=CARTESIAN_POINT('Ctrl Pts',(8.55075818606696,-17.0302620503537,28.5999886226473));
#3230=CARTESIAN_POINT('Ctrl Pts',(8.49925061767786,-17.2357228970665,28.6000151206467));
#3231=CARTESIAN_POINT('Ctrl Pts',(8.25846949283834,-17.4970730766709,28.5999733997282));
#3232=CARTESIAN_POINT('Ctrl Pts',(7.86695499477506,-17.5916483151546,28.599980682535));
#3233=CARTESIAN_POINT('Ctrl Pts',(7.60097393278324,-17.4653946379845,28.6));
#3234=CARTESIAN_POINT('Ctrl Pts',(7.50281848994373,-17.367239195145,28.6));
#3235=CARTESIAN_POINT('Ctrl Pts',(8.44242217372452,-16.9276355113642,28.6));
#3236=CARTESIAN_POINT('Ctrl Pts',(8.44226145443572,-17.0119460338742,28.6));
#3237=CARTESIAN_POINT('Ctrl Pts',(8.3983474572884,-17.1804013421485,28.6));
#3238=CARTESIAN_POINT('Ctrl Pts',(8.19891216665537,-17.3921157542525,28.6));
#3239=CARTESIAN_POINT('Ctrl Pts',(7.88008230967677,-17.4656524170344,28.6));
#3240=CARTESIAN_POINT('Ctrl Pts',(7.66590050255471,-17.3628315731826,28.6));
#3241=CARTESIAN_POINT('Ctrl Pts',(7.58656330723045,-17.2834943778583,28.6));
#3242=CARTESIAN_POINT('',(8.94147084824746,-16.9285868368413,29.0691857916419));
#3243=CARTESIAN_POINT('Origin',(7.94146721433869,-16.9285904707501,29.1));
#3244=CARTESIAN_POINT('',(7.58656330723044,-17.2834943778583,28.6));
#3245=CARTESIAN_POINT('Origin',(7.58656330723044,-17.2834943778583,29.1));
#3246=CARTESIAN_POINT('',(8.44242217372452,-16.9276355113642,28.6));
#3247=CARTESIAN_POINT('Origin',(7.94146721433869,-16.9285904707501,28.6));
#3248=CARTESIAN_POINT('Origin',(8.44242217372452,-16.9276355113642,29.1));
#3249=CARTESIAN_POINT('Origin',(-11.9195333471794,2.22260227655167,29.1));
#3250=CARTESIAN_POINT('',(-11.9195333471794,2.22260227655167,28.6));
#3251=CARTESIAN_POINT('Ctrl Pts',(-0.75562104526761,8.97230101609022,29.0691857916419));
#3252=CARTESIAN_POINT('Ctrl Pts',(0.0307781006152705,8.97330199857565,29.0611186507582));
#3253=CARTESIAN_POINT('Ctrl Pts',(0.811922664753029,8.65056546065047,29.0564221286262));
#3254=CARTESIAN_POINT('Ctrl Pts',(1.36728303202282,8.09520509338068,29.0564221286262));
#3255=CARTESIAN_POINT('Ctrl Pts',(-0.755606270811139,8.96455059512844,28.9436641063746));
#3256=CARTESIAN_POINT('Ctrl Pts',(0.0289980712961334,8.96355998024145,28.9370660112057));
#3257=CARTESIAN_POINT('Ctrl Pts',(0.806154448543315,8.64109574407992,28.9332650798618));
#3258=CARTESIAN_POINT('Ctrl Pts',(1.35966406563269,8.08758612699054,28.9332650798618));
#3259=CARTESIAN_POINT('Ctrl Pts',(-0.755387250296417,8.84965627115419,28.699637141412));
#3260=CARTESIAN_POINT('Ctrl Pts',(-0.00119617964239663,8.84712280987066,
28.6973838786263));
#3261=CARTESIAN_POINT('Ctrl Pts',(0.745260261883529,8.53618540646669,28.6961274586367));
#3262=CARTESIAN_POINT('Ctrl Pts',(1.27676180349618,8.00468386485403,28.6961274586367));
#3263=CARTESIAN_POINT('Ctrl Pts',(-0.754909454271153,8.59901284905305,28.6));
#3264=CARTESIAN_POINT('Ctrl Pts',(-0.066183502795745,8.59896757322623,28.6000388513773));
#3265=CARTESIAN_POINT('Ctrl Pts',(0.616686087278863,8.31622168289941,28.6));
#3266=CARTESIAN_POINT('Ctrl Pts',(1.10249285441021,7.83041491576805,28.6));
#3267=CARTESIAN_POINT('Ctrl Pts',(-0.754669719790558,8.47325234156728,28.6));
#3268=CARTESIAN_POINT('Ctrl Pts',(-0.0989212113797591,8.4745023804802,28.6));
#3269=CARTESIAN_POINT('Ctrl Pts',(0.552274712763289,8.20579738623745,28.6));
#3270=CARTESIAN_POINT('Ctrl Pts',(1.01507501882145,7.74299708017929,28.6));
#3271=CARTESIAN_POINT('',(1.01507501882145,7.74299708017929,28.6));
#3272=CARTESIAN_POINT('Origin',(1.01507501882145,7.74299708017929,29.1));
#3273=CARTESIAN_POINT('',(-0.754669719790559,8.47325234156728,28.6));
#3274=CARTESIAN_POINT('Origin',(-0.759444516719754,5.9684775446381,28.6));
#3275=CARTESIAN_POINT('Origin',(-0.754669719790559,8.47325234156728,29.1));
#3276=CARTESIAN_POINT('Ctrl Pts',(10.5813316246061,0.853409563248284,55.0784173552539));
#3277=CARTESIAN_POINT('Ctrl Pts',(10.6037537955777,1.32463068473269,55.4270055753459));
#3278=CARTESIAN_POINT('Ctrl Pts',(10.4545620864236,2.13973152006525,55.8972400150414));
#3279=CARTESIAN_POINT('Ctrl Pts',(10.0027463685279,2.79880113522452,56.0435931981158));
#3280=CARTESIAN_POINT('Ctrl Pts',(9.76473478255517,3.03681272119729,56.0435931981158));
#3281=CARTESIAN_POINT('Ctrl Pts',(10.5859918014793,0.784016113579587,55.1560332011782));
#3282=CARTESIAN_POINT('Ctrl Pts',(10.6200823432793,1.25771136471358,55.5128661030277));
#3283=CARTESIAN_POINT('Ctrl Pts',(10.4916450235719,2.09066120940888,56.0027481955666));
#3284=CARTESIAN_POINT('Ctrl Pts',(10.023855852078,2.79254543488888,56.1636454473314));
#3285=CARTESIAN_POINT('Ctrl Pts',(9.77216167416235,3.04423961280448,56.1636454473314));
#3286=CARTESIAN_POINT('Ctrl Pts',(10.5281047345936,0.64545691679026,55.3153028617959));
#3287=CARTESIAN_POINT('Ctrl Pts',(10.5786050344795,1.11392449072045,55.6896831453851));
#3288=CARTESIAN_POINT('Ctrl Pts',(10.4841214598542,1.95924839879569,56.2206286734264));
#3289=CARTESIAN_POINT('Ctrl Pts',(9.99453347414906,2.72322925674142,56.4113531545244));
#3290=CARTESIAN_POINT('Ctrl Pts',(9.72284239612418,2.9949203347663,56.4113531545244));
#3291=CARTESIAN_POINT('Ctrl Pts',(10.2938517303888,0.527541614142157,55.4626613285294));
#3292=CARTESIAN_POINT('Ctrl Pts',(10.3428540138748,0.970790813137429,55.8470828612281));
#3293=CARTESIAN_POINT('Ctrl Pts',(10.2556259845442,1.77414656747117,56.3990008225311));
#3294=CARTESIAN_POINT('Ctrl Pts',(9.77842122106538,2.51920259671857,56.6029249787144));
#3295=CARTESIAN_POINT('Ctrl Pts',(9.51277293957091,2.78485087821304,56.6029249787144));
#3296=CARTESIAN_POINT('Ctrl Pts',(10.0284245241778,0.513099290218571,55.4958340218557));
#3297=CARTESIAN_POINT('Ctrl Pts',(10.063771496158,0.929840566361355,55.8710634771568));
#3298=CARTESIAN_POINT('Ctrl Pts',(9.96062220104145,1.67132176829755,56.3989290104171));
#3299=CARTESIAN_POINT('Ctrl Pts',(9.52781837529615,2.32837763151831,56.5835550467297));
#3300=CARTESIAN_POINT('Ctrl Pts',(9.29205903408617,2.5641369727283,56.5835550467297));
#3301=CARTESIAN_POINT('Ctrl Pts',(9.87706477420276,0.553256078859909,55.4604165922136));
#3302=CARTESIAN_POINT('Ctrl Pts',(9.90328070071337,0.955876210892538,55.8218151361328));
#3303=CARTESIAN_POINT('Ctrl Pts',(9.78844634391874,1.65805948939264,56.3167658806526));
#3304=CARTESIAN_POINT('Ctrl Pts',(9.39367408941871,2.24394394629516,56.4778023626761));
#3305=CARTESIAN_POINT('Ctrl Pts',(9.18277004853587,2.45484798717801,56.4778023626761));
#3306=CARTESIAN_POINT('Ctrl Pts',(9.81144533987336,0.583523278515501,55.4306253684553));
#3307=CARTESIAN_POINT('Ctrl Pts',(9.83400982880351,0.980086892873005,55.7838233833379));
#3308=CARTESIAN_POINT('Ctrl Pts',(9.71491651968829,1.66457070416338,56.2602762898248));
#3309=CARTESIAN_POINT('Ctrl Pts',(9.34003214745457,2.21542410947543,56.4085648743329));
#3310=CARTESIAN_POINT('Ctrl Pts',(9.14168915914393,2.41376709778607,56.4085648743329));
#3311=CARTESIAN_POINT('',(9.76473478255516,3.03681272119729,56.0435931981158));
#3312=CARTESIAN_POINT('',(10.5813316246061,0.853409563248278,55.0784173552539));
#3313=CARTESIAN_POINT('Origin',(7.43145045211703,0.70352839075918,52.7482767453419));
#3314=CARTESIAN_POINT('Origin',(9.41252676935378,2.68460470799592,56.0871710694896));
#3315=CARTESIAN_POINT('Origin',(10.0822829500832,0.854360888725343,55.109231563612));
#3316=CARTESIAN_POINT('Origin',(14.9934665206847,-2.89633504333503,56.0871710694896));
#3317=CARTESIAN_POINT('',(15.3456745338861,-2.54412703013366,56.0435931981157));
#3318=CARTESIAN_POINT('Origin',(9.46081357527444,-10.0677629071899,45.3814796888732));
#3319=CARTESIAN_POINT('',(9.81410711807318,-12.6303136567279,43.0691857916419));
#3320=CARTESIAN_POINT('',(9.95986224979738,-10.0687142326669,45.3506654805151));
#3321=CARTESIAN_POINT('',(9.31469573012342,-12.8196354388758,43.6));
#3322=CARTESIAN_POINT('Origin',(9.34700155758168,-12.0679724059857,43.6));
#3323=CARTESIAN_POINT('Origin',(9.31505844355024,-12.6293623312508,43.1));
#3324=CARTESIAN_POINT('Ctrl Pts',(8.09520509338067,1.36728303202277,29.0564221286262));
#3325=CARTESIAN_POINT('Ctrl Pts',(8.65056546065045,0.811922664752975,29.0564221286262));
#3326=CARTESIAN_POINT('Ctrl Pts',(8.97330199857562,0.0307781006152277,29.0611186507582));
#3327=CARTESIAN_POINT('Ctrl Pts',(8.97230101609019,-0.755621045267649,29.0691857916419));
#3328=CARTESIAN_POINT('Ctrl Pts',(8.08758612699053,1.35966406563264,28.9332650798618));
#3329=CARTESIAN_POINT('Ctrl Pts',(8.6410957440799,0.806154448543261,28.9332650798618));
#3330=CARTESIAN_POINT('Ctrl Pts',(8.96355998024142,0.0289980712960909,28.9370660112056));
#3331=CARTESIAN_POINT('Ctrl Pts',(8.96455059512841,-0.755606270811178,28.9436641063746));
#3332=CARTESIAN_POINT('Ctrl Pts',(8.00468386485402,1.27676180349613,28.6961274586367));
#3333=CARTESIAN_POINT('Ctrl Pts',(8.53618540646667,0.745260261883479,28.6961274586367));
#3334=CARTESIAN_POINT('Ctrl Pts',(8.84712280987064,-0.00119617964243798,
28.6973838786263));
#3335=CARTESIAN_POINT('Ctrl Pts',(8.84965627115417,-0.755387250296456,28.699637141412));
#3336=CARTESIAN_POINT('Ctrl Pts',(7.83041491576804,1.10249285441017,28.6));
#3337=CARTESIAN_POINT('Ctrl Pts',(8.31622168289939,0.616686087278814,28.6));
#3338=CARTESIAN_POINT('Ctrl Pts',(8.5989675732262,-0.066183502795788,28.6000388513773));
#3339=CARTESIAN_POINT('Ctrl Pts',(8.59901284905302,-0.754909454271192,28.6));
#3340=CARTESIAN_POINT('Ctrl Pts',(7.74299708017928,1.01507501882141,28.6));
#3341=CARTESIAN_POINT('Ctrl Pts',(8.20579738623744,0.552274712763244,28.6));
#3342=CARTESIAN_POINT('Ctrl Pts',(8.47450238048018,-0.0989212113798014,
28.6));
#3343=CARTESIAN_POINT('Ctrl Pts',(8.47325234156726,-0.754669719790598,28.6));
#3344=CARTESIAN_POINT('',(8.47325234156725,-0.754669719790599,28.6));
#3345=CARTESIAN_POINT('',(7.74299708017928,1.01507501882141,28.6));
#3346=CARTESIAN_POINT('Origin',(5.96847754463807,-0.759444516719782,28.6));
#3347=CARTESIAN_POINT('',(8.09520509338066,1.36728303202279,29.0564221286262));
#3348=CARTESIAN_POINT('Origin',(7.74299708017928,1.01507501882141,29.1));
#3349=CARTESIAN_POINT('',(8.97230101609019,-0.755621045267669,29.0691857916419));
#3350=CARTESIAN_POINT('Origin',(5.96847754463807,-0.759444516719783,29.1));
#3351=CARTESIAN_POINT('Origin',(8.47325234156725,-0.754669719790599,29.1));
#3352=CARTESIAN_POINT('Origin',(6.50035639305999,2.25771570594071,29.1));
#3353=CARTESIAN_POINT('',(6.85256440626137,2.60992371914208,29.0564221286262));
#3354=CARTESIAN_POINT('',(6.50035639305999,2.25771570594071,28.6));
#3355=CARTESIAN_POINT('Origin',(7.89327976318043,1.16535770182258,60.2135328012166));
#3356=CARTESIAN_POINT('',(10.8875718103181,1.15964974896019,60.0286475510679));
#3357=CARTESIAN_POINT('',(10.0065278423887,3.27860578103085,59.9520655729736));
#3358=CARTESIAN_POINT('Origin',(8.45316977518202,-11.2896321245407,29.1));
#3359=CARTESIAN_POINT('',(8.95221844970496,-11.2905834500178,29.0691857916419));
#3360=CARTESIAN_POINT('',(8.45316977518202,-11.2896321245407,28.6));
#3361=CARTESIAN_POINT('Origin',(-1.40904428172525,8.47200492177821,29.1));
#3362=CARTESIAN_POINT('',(-1.40904428172525,8.47200492177821,28.6));
#3363=CARTESIAN_POINT('Origin',(9.92018731101826,-14.9498703740705,61.0850902286932));
#3364=CARTESIAN_POINT('',(10.9182846600641,-14.9517730250246,61.023461811977));
#3365=CARTESIAN_POINT('Origin',(9.30547651581534,-17.6558737101147,43.1));
#3366=CARTESIAN_POINT('',(9.30547651581534,-17.6558737101147,43.6));
#3367=CARTESIAN_POINT('',(9.80452519033828,-17.6568250355917,43.0691857916419));
#3368=CARTESIAN_POINT('Origin',(-14.9498703740704,9.92018731101842,61.0850902286932));
#3369=CARTESIAN_POINT('Origin',(-4.2298593271434,-3.73488458031273,43.1));
#3370=CARTESIAN_POINT('',(-1.33072152427815,-6.63402238317801,43.6));
#3371=CARTESIAN_POINT('',(-4.2298593271434,-3.73488458031273,43.6));
#3372=CARTESIAN_POINT('Origin',(-1.33072152427815,-6.63402238317801,43.1));
#3373=CARTESIAN_POINT('Origin',(5.84581023029639,9.35027725736189,43.1));
#3374=CARTESIAN_POINT('',(5.84581023029639,9.35027725736189,43.6));
#3375=CARTESIAN_POINT('Origin',(-4.2298593271434,-3.73488458031273,43.1));
#3376=CARTESIAN_POINT('',(-6.63402238317723,-1.33072152427888,43.6));
#3377=CARTESIAN_POINT('',(-4.2298593271434,-3.73488458031273,43.6));
#3378=CARTESIAN_POINT('Origin',(-6.63402238317723,-1.33072152427888,43.1));
#3379=CARTESIAN_POINT('Origin',(-1.11115032311879,-6.41445118201864,43.1));
#3380=CARTESIAN_POINT('',(-1.33032505694105,-5.92651913465436,43.1));
#3381=CARTESIAN_POINT('',(-1.46470371371206,-6.06089779142537,43.1));
#3382=CARTESIAN_POINT('',(-1.12282362883349,-6.42612448773335,43.6));
#3383=CARTESIAN_POINT('',(-1.11115032311879,-6.41445118201864,43.6));
#3384=CARTESIAN_POINT('Origin',(-1.12282362883349,-6.42612448773335,43.1));
#3385=CARTESIAN_POINT('Origin',(-6.06224316881634,-0.758942309917998,43.1));
#3386=CARTESIAN_POINT('',(-6.42612448773246,-1.12282362883411,43.6));
#3387=CARTESIAN_POINT('',(-6.06224316881634,-0.758942309917998,43.6));
#3388=CARTESIAN_POINT('',(-5.92651913465341,-1.33032505694162,43.1));
#3389=CARTESIAN_POINT('',(-5.70868977822307,-1.11249570051128,43.1));
#3390=CARTESIAN_POINT('Origin',(-6.42612448773246,-1.12282362883411,43.1));
#3391=CARTESIAN_POINT('Origin',(4.55256598970125,-6.41530561772572,43.1));
#3392=CARTESIAN_POINT('',(0.79409460047825,-5.92341982079413,43.0691857916419));
#3393=CARTESIAN_POINT('',(-1.33127729262629,-5.9274713703396,43.0691857916419));
#3394=CARTESIAN_POINT('',(4.55161466422405,-5.91625694320279,43.0691857916419));
#3395=CARTESIAN_POINT('Origin',(-1.83128092653519,-6.42747500424851,43.1));
#3396=CARTESIAN_POINT('',(1.00254826427105,-6.42207293818788,43.6));
#3397=CARTESIAN_POINT('',(4.55256598970125,-6.41530561772572,43.6));
#3398=CARTESIAN_POINT('',(0.795046836163492,-5.92246758510889,43.1));
#3399=CARTESIAN_POINT('Origin',(1.00254826427105,-6.42207293818788,43.1));
#3400=CARTESIAN_POINT('Origin',(0.294090966569342,-6.42342345470303,43.1));
#3401=CARTESIAN_POINT('Origin',(-6.43925316125574,-8.00989569616296,43.1));
#3402=CARTESIAN_POINT('',(-6.42207293818755,1.00254826427043,43.6));
#3403=CARTESIAN_POINT('',(-6.43925316125574,-8.00989569616296,43.6));
#3404=CARTESIAN_POINT('',(-5.92747137033865,-1.33127729262686,43.0691857916419));
#3405=CARTESIAN_POINT('Origin',(-6.42747500424743,-1.83128092653563,43.1));
#3406=CARTESIAN_POINT('',(-5.92341982079375,0.794094600477681,43.0691857916419));
#3407=CARTESIAN_POINT('',(-5.9402044867328,-8.01084702164003,43.0691857916419));
#3408=CARTESIAN_POINT('',(-5.92246758510851,0.79504683616292,43.1));
#3409=CARTESIAN_POINT('Origin',(-6.42342345470252,0.29409096656891,43.1));
#3410=CARTESIAN_POINT('Origin',(-6.42207293818755,1.00254826427043,43.1));
#3411=CARTESIAN_POINT('Origin',(0.830029881664389,-6.59459132079454,43.1));
#3412=CARTESIAN_POINT('',(0.830029881664389,-6.59459132079454,43.6));
#3413=CARTESIAN_POINT('',(1.50580869955763,-5.21170572171475,43.1));
#3414=CARTESIAN_POINT('Origin',(1.85936209015091,-5.56525911230802,43.1));
#3415=CARTESIAN_POINT('',(0.476476491071114,-6.24103793020126,43.1));
#3416=CARTESIAN_POINT('Origin',(-6.24238330759271,1.18223789486527,43.1));
#3417=CARTESIAN_POINT('',(-5.21170572171437,1.50580869955706,43.1));
#3418=CARTESIAN_POINT('',(-5.88882991699943,0.828684504271995,43.1));
#3419=CARTESIAN_POINT('Origin',(-5.56525911230765,1.85936209015033,43.1));
#3420=CARTESIAN_POINT('',(-6.24238330759271,1.18223789486527,43.6));
#3421=CARTESIAN_POINT('Origin',(9.34081692969203,-17.9535048241086,43.6));
#3422=CARTESIAN_POINT('Origin',(11.8251442794497,-15.4691774743509,43.6));
#3423=CARTESIAN_POINT('Origin',(9.34081692969203,-17.9535048241086,43.6));
#3424=CARTESIAN_POINT('Origin',(10.922878065802,-17.3613931816598,61.1722459714408));
#3425=CARTESIAN_POINT('Origin',(-5.19655884135417,-5.1965588413541,28.6));
#3426=CARTESIAN_POINT('Origin',(10.8852074988291,2.39992612459049,59.9520655729736));
#3427=CARTESIAN_POINT('Origin',(1.90053971871433,-4.81697470255804,60.9543566145717));
#3428=CARTESIAN_POINT('',(0.738697241581631,-5.97881717969075,30.7));
#3429=CARTESIAN_POINT('',(2.60495574511709,-4.11255867615528,60.867200871824));
#3430=CARTESIAN_POINT('',(0.0288894273651508,-6.68862499390723,30.7));
#3431=CARTESIAN_POINT('',(1.25095268023586,-5.46656174103652,30.7));
#3432=CARTESIAN_POINT('',(1.90053971871433,-4.81697470255804,60.9543566145717));
#3433=CARTESIAN_POINT('Origin',(2.60495574511709,-4.11255867615528,60.867200871824));
#3434=CARTESIAN_POINT('',(-5.97881717969037,0.738697241581057,30.7));
#3435=CARTESIAN_POINT('',(-4.1125586761549,2.60495574511652,60.867200871824));
#3436=CARTESIAN_POINT('',(-4.29943857437229,-0.940681363736969,30.7));
#3437=CARTESIAN_POINT('Origin',(-4.1125586761549,2.60495574511652,60.867200871824));
#3438=CARTESIAN_POINT('',(-6.68862499390685,0.0288894273645801,30.7));
#3439=CARTESIAN_POINT('',(-4.81697470255766,1.90053971871377,60.9543566145717));
#3440=CARTESIAN_POINT('',(-5.81876975423746,0.898744667033966,30.7));
#3441=CARTESIAN_POINT('Origin',(-4.81697470255766,1.90053971871377,60.9543566145717));
#3442=CARTESIAN_POINT('',(-6.69267654345175,-2.09648246573996,30.7));
#3443=CARTESIAN_POINT('',(-4.81293857038199,-0.216744492670193,61.0850902286932));
#3444=CARTESIAN_POINT('',(-6.69217695263457,-1.83440587772911,30.7));
#3445=CARTESIAN_POINT('Origin',(-4.81293857038199,-0.216744492670193,61.0850902286932));
#3446=CARTESIAN_POINT('',(-5.63862961546109,-1.0424355377493,30.7));
#3447=CARTESIAN_POINT('Origin',(-3.46180759528117,-3.46180759528193,30.7));
#3448=CARTESIAN_POINT('',(-0.775771465997538,-6.69015890121415,30.7));
#3449=CARTESIAN_POINT('Origin',(-0.216744492669623,-4.81293857038293,61.0850902286932));
#3450=CARTESIAN_POINT('',(-0.216744492669623,-4.81293857038293,61.0850902286932));
#3451=CARTESIAN_POINT('Origin',(-0.921160519072376,-5.5173545967857,61.1722459714409));
#3452=UNCERTAINTY_MEASURE_WITH_UNIT(LENGTH_MEASURE(0.01),#3456,
'DISTANCE_ACCURACY_VALUE',
'Maximum model space distance between geometric entities at asserted c
onnectivities');
#3453=UNCERTAINTY_MEASURE_WITH_UNIT(LENGTH_MEASURE(0.01),#3456,
'DISTANCE_ACCURACY_VALUE',
'Maximum model space distance between geometric entities at asserted c
onnectivities');
#3454=(
GEOMETRIC_REPRESENTATION_CONTEXT(3)
GLOBAL_UNCERTAINTY_ASSIGNED_CONTEXT((#3452))
GLOBAL_UNIT_ASSIGNED_CONTEXT((#3456,#3457,#3458))
REPRESENTATION_CONTEXT('','3D')
);
#3455=(
GEOMETRIC_REPRESENTATION_CONTEXT(3)
GLOBAL_UNCERTAINTY_ASSIGNED_CONTEXT((#3453))
GLOBAL_UNIT_ASSIGNED_CONTEXT((#3456,#3457,#3458))
REPRESENTATION_CONTEXT('','3D')
);
#3456=(
LENGTH_UNIT()
NAMED_UNIT(*)
SI_UNIT(.MILLI.,.METRE.)
);
#3457=(
NAMED_UNIT(*)
PLANE_ANGLE_UNIT()
SI_UNIT($,.RADIAN.)
);
#3458=(
NAMED_UNIT(*)
SI_UNIT($,.STERADIAN.)
SOLID_ANGLE_UNIT()
);
#3459=SHAPE_DEFINITION_REPRESENTATION(#3460,#3461);
#3460=PRODUCT_DEFINITION_SHAPE('',$,#3463);
#3461=SHAPE_REPRESENTATION('',(#1675),#3454);
#3462=PRODUCT_DEFINITION_CONTEXT('part definition',#3467,'design');
#3463=PRODUCT_DEFINITION('ESPHome Multi-Sensor-Enclosure',
'ESPHome Multi-Sensor-Enclosure v124',#3464,#3462);
#3464=PRODUCT_DEFINITION_FORMATION('',$,#3469);
#3465=PRODUCT_RELATED_PRODUCT_CATEGORY(
'ESPHome Multi-Sensor-Enclosure v124',
'ESPHome Multi-Sensor-Enclosure v124',(#3469));
#3466=APPLICATION_PROTOCOL_DEFINITION('international standard',
'automotive_design',2009,#3467);
#3467=APPLICATION_CONTEXT(
'Core Data for Automotive Mechanical Design Process');
#3468=PRODUCT_CONTEXT('part definition',#3467,'mechanical');
#3469=PRODUCT('ESPHome Multi-Sensor-Enclosure',
'ESPHome Multi-Sensor-Enclosure v124',$,(#3468));
#3470=PRESENTATION_STYLE_ASSIGNMENT((#3472));
#3471=PRESENTATION_STYLE_ASSIGNMENT((#3473));
#3472=SURFACE_STYLE_USAGE(.BOTH.,#3474);
#3473=SURFACE_STYLE_USAGE(.BOTH.,#3475);
#3474=SURFACE_SIDE_STYLE('',(#3476));
#3475=SURFACE_SIDE_STYLE('',(#3477));
#3476=SURFACE_STYLE_FILL_AREA(#3478);
#3477=SURFACE_STYLE_FILL_AREA(#3479);
#3478=FILL_AREA_STYLE('Steel - Satin',(#3480));
#3479=FILL_AREA_STYLE('Plastic - Matte (White)',(#3481));
#3480=FILL_AREA_STYLE_COLOUR('Steel - Satin',#3482);
#3481=FILL_AREA_STYLE_COLOUR('Plastic - Matte (White)',#3483);
#3482=COLOUR_RGB('Steel - Satin',0.627450980392157,0.627450980392157,0.627450980392157);
#3483=COLOUR_RGB('Plastic - Matte (White)',0.964705882352941,0.964705882352941,
0.952941176470588);
ENDSEC;
END-ISO-10303-21;
