ISO-10303-21;
HEADER;
/* Generated by software containing ST-Developer
 * from STEP Tools, Inc. (www.steptools.com) 
 */

FILE_DESCRIPTION(
/* description */ (''),
/* implementation_level */ '2;1');

FILE_NAME(
/* name */ 
'ESPHome-Indoor-Multi-Sensor-Wallplate-Left-Facing-SEN66.step',
/* time_stamp */ '2025-09-30T18:37:42-05:00',
/* author */ (''),
/* organization */ (''),
/* preprocessor_version */ 'ST-DEVELOPER v20.1',
/* originating_system */ 'Autodesk Translation Framework v14.17.0.0',
/* authorisation */ '');

FILE_SCHEMA (('AUTOMOTIVE_DESIGN { 1 0 10303 214 3 1 1 }'));
ENDSEC;

DATA;
#10=MECHANICAL_DESIGN_GEOMETRIC_PRESENTATION_REPRESENTATION('',(#67,#68,
#69,#70,#71,#72,#73),#8099);
#11=ITEM_DEFINED_TRANSFORMATION($,$,#4487,#4806);
#12=(
REPRESENTATION_RELATIONSHIP($,$,#8110,#8109)
REPRESENTATION_RELATIONSHIP_WITH_TRANSFORMATION(#11)
SHAPE_REPRESENTATION_RELATIONSHIP()
);
#13=CONTEXT_DEPENDENT_SHAPE_REPRESENTATION(#12,#8108);
#14=NEXT_ASSEMBLY_USAGE_OCCURRENCE('Wall Plates v2:1',
'Wall Plates v2:1','Wall Plates v2:1',#8112,#8113,'Wall Plates v2:1');
#15=TOROIDAL_SURFACE('',#4642,6.565,1.435);
#16=TOROIDAL_SURFACE('',#4645,6.565,1.435);
#17=TOROIDAL_SURFACE('',#4655,4.95602224193583,1.435);
#18=TOROIDAL_SURFACE('',#4662,12.2060222419358,1.435);
#19=B_SPLINE_SURFACE_WITH_KNOTS('',3,1,((#6160,#6161),(#6162,#6163),(#6164,
#6165),(#6166,#6167),(#6168,#6169)),.UNSPECIFIED.,.F.,.F.,.F.,(4,1,4),(2,
2),(0.,0.0257159377841895,0.0623539180385239),(0.,0.0999999999999998),
 .UNSPECIFIED.);
#20=B_SPLINE_SURFACE_WITH_KNOTS('',3,1,((#6183,#6184),(#6185,#6186),(#6187,
#6188),(#6189,#6190),(#6191,#6192)),.UNSPECIFIED.,.F.,.F.,.F.,(4,1,4),(2,
2),(0.,0.0220937569276558,0.0437340033747627),(0.,0.0999999999999998),
 .UNSPECIFIED.);
#21=B_SPLINE_SURFACE_WITH_KNOTS('',3,1,((#6206,#6207),(#6208,#6209),(#6210,
#6211),(#6212,#6213),(#6214,#6215)),.UNSPECIFIED.,.F.,.F.,.F.,(4,1,4),(2,
2),(0.,0.0222897498446723,0.0447895166153289),(0.,0.0999999999999998),
 .UNSPECIFIED.);
#22=B_SPLINE_SURFACE_WITH_KNOTS('',3,1,((#6229,#6230),(#6231,#6232),(#6233,
#6234),(#6235,#6236),(#6237,#6238)),.UNSPECIFIED.,.F.,.F.,.F.,(4,1,4),(2,
2),(0.,0.0382260993055383,0.0655554098906238),(0.,0.0999999999999998),
 .UNSPECIFIED.);
#23=B_SPLINE_SURFACE_WITH_KNOTS('',3,1,((#6282,#6283),(#6284,#6285),(#6286,
#6287),(#6288,#6289),(#6290,#6291)),.UNSPECIFIED.,.F.,.F.,.F.,(4,1,4),(2,
2),(0.,0.065802774560767,0.14796866466609),(0.,0.0999999999999998),
 .UNSPECIFIED.);
#24=B_SPLINE_SURFACE_WITH_KNOTS('',3,1,((#6305,#6306),(#6307,#6308),(#6309,
#6310),(#6311,#6312),(#6313,#6314)),.UNSPECIFIED.,.F.,.F.,.F.,(4,1,4),(2,
2),(0.,0.0683992956538917,0.129696490427147),(0.,0.0999999999999998),
 .UNSPECIFIED.);
#25=B_SPLINE_SURFACE_WITH_KNOTS('',3,1,((#6328,#6329),(#6330,#6331),(#6332,
#6333),(#6334,#6335),(#6336,#6337)),.UNSPECIFIED.,.F.,.F.,.F.,(4,1,4),(2,
2),(0.,0.0576125778451465,0.123672100613082),(0.,0.0999999999999998),
 .UNSPECIFIED.);
#26=B_SPLINE_SURFACE_WITH_KNOTS('',3,1,((#6351,#6352),(#6353,#6354),(#6355,
#6356),(#6357,#6358),(#6359,#6360)),.UNSPECIFIED.,.F.,.F.,.F.,(4,1,4),(2,
2),(0.,0.0740465178522013,0.134313575007531),(0.,0.0999999999999998),
 .UNSPECIFIED.);
#27=B_SPLINE_SURFACE_WITH_KNOTS('',3,1,((#6427,#6428),(#6429,#6430),(#6431,
#6432),(#6433,#6434),(#6435,#6436)),.UNSPECIFIED.,.F.,.F.,.F.,(4,1,4),(2,
2),(0.,0.0322421374460176,0.0695207960367265),(0.,0.0999999999999998),
 .UNSPECIFIED.);
#28=B_SPLINE_SURFACE_WITH_KNOTS('',3,1,((#6453,#6454),(#6455,#6456),(#6457,
#6458),(#6459,#6460),(#6461,#6462)),.UNSPECIFIED.,.F.,.F.,.F.,(4,1,4),(2,
2),(0.,0.0360465355592345,0.067939577028743),(0.,0.0999999999999998),
 .UNSPECIFIED.);
#29=B_SPLINE_SURFACE_WITH_KNOTS('',3,1,((#6476,#6477),(#6478,#6479),(#6480,
#6481),(#6482,#6483),(#6484,#6485)),.UNSPECIFIED.,.F.,.F.,.F.,(4,1,4),(2,
2),(0.,0.0321009470383701,0.0684134360616355),(0.,0.0999999999999998),
 .UNSPECIFIED.);
#30=B_SPLINE_SURFACE_WITH_KNOTS('',3,1,((#6499,#6500),(#6501,#6502),(#6503,
#6504),(#6505,#6506),(#6507,#6508)),.UNSPECIFIED.,.F.,.F.,.F.,(4,1,4),(2,
2),(0.,0.0368606813857421,0.069174699519458),(0.,0.0999999999999998),
 .UNSPECIFIED.);
#31=B_SPLINE_SURFACE_WITH_KNOTS('',3,1,((#6540,#6541),(#6542,#6543),(#6544,
#6545),(#6546,#6547),(#6548,#6549)),.UNSPECIFIED.,.F.,.F.,.F.,(4,1,4),(2,
2),(0.,0.0462548126898682,0.0859521372230913),(0.,0.0999999999999998),
 .UNSPECIFIED.);
#32=B_SPLINE_SURFACE_WITH_KNOTS('',3,1,((#6563,#6564),(#6565,#6566),(#6567,
#6568),(#6569,#6570),(#6571,#6572)),.UNSPECIFIED.,.F.,.F.,.F.,(4,1,4),(2,
2),(0.,0.0348595682561364,0.0667101736563706),(0.,0.0999999999999998),
 .UNSPECIFIED.);
#33=B_SPLINE_SURFACE_WITH_KNOTS('',3,1,((#6586,#6587),(#6588,#6589),(#6590,
#6591),(#6592,#6593),(#6594,#6595)),.UNSPECIFIED.,.F.,.F.,.F.,(4,1,4),(2,
2),(0.,0.0332784824830178,0.0686602044972776),(0.,0.0999999999999998),
 .UNSPECIFIED.);
#34=B_SPLINE_SURFACE_WITH_KNOTS('',3,1,((#6609,#6610),(#6611,#6612),(#6613,
#6614),(#6615,#6616),(#6617,#6618)),.UNSPECIFIED.,.F.,.F.,.F.,(4,1,4),(2,
2),(0.,0.0403337147081173,0.0752370512021768),(0.,0.0999999999999998),
 .UNSPECIFIED.);
#35=B_SPLINE_SURFACE_WITH_KNOTS('',3,1,((#6632,#6633),(#6634,#6635),(#6636,
#6637),(#6638,#6639),(#6640,#6641)),.UNSPECIFIED.,.F.,.F.,.F.,(4,1,4),(2,
2),(0.,0.0381779768113061,0.0798367810966748),(0.,0.0999999999999998),
 .UNSPECIFIED.);
#36=B_SPLINE_SURFACE_WITH_KNOTS('',3,1,((#6655,#6656),(#6657,#6658),(#6659,
#6660),(#6661,#6662),(#6663,#6664)),.UNSPECIFIED.,.F.,.F.,.F.,(4,1,4),(2,
2),(0.,0.0510986609457371,0.109825056276117),(0.,0.0999999999999998),
 .UNSPECIFIED.);
#37=B_SPLINE_SURFACE_WITH_KNOTS('',3,1,((#6678,#6679),(#6680,#6681),(#6682,
#6683),(#6684,#6685),(#6686,#6687)),.UNSPECIFIED.,.F.,.F.,.F.,(4,1,4),(2,
2),(0.,0.0392858433758661,0.0749171977284496),(0.,0.0999999999999998),
 .UNSPECIFIED.);
#38=B_SPLINE_SURFACE_WITH_KNOTS('',3,1,((#6701,#6702),(#6703,#6704),(#6705,
#6706),(#6707,#6708),(#6709,#6710)),.UNSPECIFIED.,.F.,.F.,.F.,(4,1,4),(2,
2),(0.,0.0409368326840399,0.0818683364729968),(0.,0.0999999999999998),
 .UNSPECIFIED.);
#39=B_SPLINE_SURFACE_WITH_KNOTS('',3,1,((#6724,#6725),(#6726,#6727),(#6728,
#6729),(#6730,#6731),(#6732,#6733)),.UNSPECIFIED.,.F.,.F.,.F.,(4,1,4),(2,
2),(0.,0.0432095406245728,0.0851117339891027),(0.,0.0999999999999998),
 .UNSPECIFIED.);
#40=B_SPLINE_SURFACE_WITH_KNOTS('',3,3,((#7035,#7036,#7037,#7038,#7039,
#7040,#7041,#7042,#7043),(#7044,#7045,#7046,#7047,#7048,#7049,#7050,#7051,
#7052),(#7053,#7054,#7055,#7056,#7057,#7058,#7059,#7060,#7061),(#7062,#7063,
#7064,#7065,#7066,#7067,#7068,#7069,#7070),(#7071,#7072,#7073,#7074,#7075,
#7076,#7077,#7078,#7079),(#7080,#7081,#7082,#7083,#7084,#7085,#7086,#7087,
#7088)),.UNSPECIFIED.,.F.,.F.,.F.,(4,1,1,4),(4,1,1,1,1,1,4),(0.,0.285714285714286,
0.571428571428571,1.),(7.35602002515304E-16,0.158449765552699,0.475349296658096,
0.633799062210795,0.792248827763493,0.871473710539842,1.10914835886889),
 .UNSPECIFIED.);
#41=B_SPLINE_SURFACE_WITH_KNOTS('',3,3,((#7117,#7118,#7119,#7120,#7121,
#7122,#7123,#7124,#7125),(#7126,#7127,#7128,#7129,#7130,#7131,#7132,#7133,
#7134),(#7135,#7136,#7137,#7138,#7139,#7140,#7141,#7142,#7143),(#7144,#7145,
#7146,#7147,#7148,#7149,#7150,#7151,#7152),(#7153,#7154,#7155,#7156,#7157,
#7158,#7159,#7160,#7161),(#7162,#7163,#7164,#7165,#7166,#7167,#7168,#7169,
#7170)),.UNSPECIFIED.,.F.,.F.,.F.,(4,1,1,4),(4,1,1,1,1,1,4),(0.,0.285714285714286,
0.571428571428571,1.),(3.47716890325991E-16,0.289884545076963,0.869653635230889,
1.15953818030785,1.44942272538481,1.73930727046178,2.02919181553874),
 .UNSPECIFIED.);
#42=B_SPLINE_SURFACE_WITH_KNOTS('',3,1,((#7487,#7488),(#7489,#7490),(#7491,
#7492),(#7493,#7494),(#7495,#7496)),.UNSPECIFIED.,.F.,.F.,.F.,(4,1,4),(2,
2),(0.,0.0257159377841895,0.0623539180385239),(0.,0.0999999999999998),
 .UNSPECIFIED.);
#43=B_SPLINE_SURFACE_WITH_KNOTS('',3,1,((#7510,#7511),(#7512,#7513),(#7514,
#7515),(#7516,#7517),(#7518,#7519)),.UNSPECIFIED.,.F.,.F.,.F.,(4,1,4),(2,
2),(0.,0.0220937569276558,0.0437340033747627),(0.,0.0999999999999998),
 .UNSPECIFIED.);
#44=B_SPLINE_SURFACE_WITH_KNOTS('',3,1,((#7533,#7534),(#7535,#7536),(#7537,
#7538),(#7539,#7540),(#7541,#7542)),.UNSPECIFIED.,.F.,.F.,.F.,(4,1,4),(2,
2),(0.,0.0222897498446723,0.0447895166153289),(0.,0.0999999999999998),
 .UNSPECIFIED.);
#45=B_SPLINE_SURFACE_WITH_KNOTS('',3,1,((#7556,#7557),(#7558,#7559),(#7560,
#7561),(#7562,#7563),(#7564,#7565)),.UNSPECIFIED.,.F.,.F.,.F.,(4,1,4),(2,
2),(0.,0.0382260993055383,0.0655554098906238),(0.,0.0999999999999998),
 .UNSPECIFIED.);
#46=B_SPLINE_SURFACE_WITH_KNOTS('',3,1,((#7609,#7610),(#7611,#7612),(#7613,
#7614),(#7615,#7616),(#7617,#7618)),.UNSPECIFIED.,.F.,.F.,.F.,(4,1,4),(2,
2),(0.,0.065802774560767,0.14796866466609),(0.,0.0999999999999998),
 .UNSPECIFIED.);
#47=B_SPLINE_SURFACE_WITH_KNOTS('',3,1,((#7632,#7633),(#7634,#7635),(#7636,
#7637),(#7638,#7639),(#7640,#7641)),.UNSPECIFIED.,.F.,.F.,.F.,(4,1,4),(2,
2),(0.,0.0683992956538917,0.129696490427147),(0.,0.0999999999999998),
 .UNSPECIFIED.);
#48=B_SPLINE_SURFACE_WITH_KNOTS('',3,1,((#7655,#7656),(#7657,#7658),(#7659,
#7660),(#7661,#7662),(#7663,#7664)),.UNSPECIFIED.,.F.,.F.,.F.,(4,1,4),(2,
2),(0.,0.0576125778451465,0.123672100613082),(0.,0.0999999999999998),
 .UNSPECIFIED.);
#49=B_SPLINE_SURFACE_WITH_KNOTS('',3,1,((#7678,#7679),(#7680,#7681),(#7682,
#7683),(#7684,#7685),(#7686,#7687)),.UNSPECIFIED.,.F.,.F.,.F.,(4,1,4),(2,
2),(0.,0.0740465178522013,0.134313575007531),(0.,0.0999999999999998),
 .UNSPECIFIED.);
#50=B_SPLINE_SURFACE_WITH_KNOTS('',3,1,((#7756,#7757),(#7758,#7759),(#7760,
#7761),(#7762,#7763),(#7764,#7765)),.UNSPECIFIED.,.F.,.F.,.F.,(4,1,4),(2,
2),(0.,0.0322421374460176,0.0695207960367265),(0.,0.0999999999999998),
 .UNSPECIFIED.);
#51=B_SPLINE_SURFACE_WITH_KNOTS('',3,1,((#7782,#7783),(#7784,#7785),(#7786,
#7787),(#7788,#7789),(#7790,#7791)),.UNSPECIFIED.,.F.,.F.,.F.,(4,1,4),(2,
2),(0.,0.0360465355592345,0.067939577028743),(0.,0.0999999999999998),
 .UNSPECIFIED.);
#52=B_SPLINE_SURFACE_WITH_KNOTS('',3,1,((#7805,#7806),(#7807,#7808),(#7809,
#7810),(#7811,#7812),(#7813,#7814)),.UNSPECIFIED.,.F.,.F.,.F.,(4,1,4),(2,
2),(0.,0.0321009470383701,0.0684134360616355),(0.,0.0999999999999998),
 .UNSPECIFIED.);
#53=B_SPLINE_SURFACE_WITH_KNOTS('',3,1,((#7828,#7829),(#7830,#7831),(#7832,
#7833),(#7834,#7835),(#7836,#7837)),.UNSPECIFIED.,.F.,.F.,.F.,(4,1,4),(2,
2),(0.,0.0368606813857421,0.069174699519458),(0.,0.0999999999999998),
 .UNSPECIFIED.);
#54=B_SPLINE_SURFACE_WITH_KNOTS('',3,1,((#7869,#7870),(#7871,#7872),(#7873,
#7874),(#7875,#7876),(#7877,#7878)),.UNSPECIFIED.,.F.,.F.,.F.,(4,1,4),(2,
2),(0.,0.0462548126898682,0.0859521372230913),(0.,0.0999999999999998),
 .UNSPECIFIED.);
#55=B_SPLINE_SURFACE_WITH_KNOTS('',3,1,((#7892,#7893),(#7894,#7895),(#7896,
#7897),(#7898,#7899),(#7900,#7901)),.UNSPECIFIED.,.F.,.F.,.F.,(4,1,4),(2,
2),(0.,0.0348595682561364,0.0667101736563706),(0.,0.0999999999999998),
 .UNSPECIFIED.);
#56=B_SPLINE_SURFACE_WITH_KNOTS('',3,1,((#7915,#7916),(#7917,#7918),(#7919,
#7920),(#7921,#7922),(#7923,#7924)),.UNSPECIFIED.,.F.,.F.,.F.,(4,1,4),(2,
2),(0.,0.0332784824830178,0.0686602044972776),(0.,0.0999999999999998),
 .UNSPECIFIED.);
#57=B_SPLINE_SURFACE_WITH_KNOTS('',3,1,((#7938,#7939),(#7940,#7941),(#7942,
#7943),(#7944,#7945),(#7946,#7947)),.UNSPECIFIED.,.F.,.F.,.F.,(4,1,4),(2,
2),(0.,0.0403337147081173,0.0752370512021768),(0.,0.0999999999999998),
 .UNSPECIFIED.);
#58=B_SPLINE_SURFACE_WITH_KNOTS('',3,1,((#7961,#7962),(#7963,#7964),(#7965,
#7966),(#7967,#7968),(#7969,#7970)),.UNSPECIFIED.,.F.,.F.,.F.,(4,1,4),(2,
2),(0.,0.0381779768113061,0.0798367810966748),(0.,0.0999999999999998),
 .UNSPECIFIED.);
#59=B_SPLINE_SURFACE_WITH_KNOTS('',3,1,((#7984,#7985),(#7986,#7987),(#7988,
#7989),(#7990,#7991),(#7992,#7993)),.UNSPECIFIED.,.F.,.F.,.F.,(4,1,4),(2,
2),(0.,0.0510986609457371,0.109825056276117),(0.,0.0999999999999998),
 .UNSPECIFIED.);
#60=B_SPLINE_SURFACE_WITH_KNOTS('',3,1,((#8007,#8008),(#8009,#8010),(#8011,
#8012),(#8013,#8014),(#8015,#8016)),.UNSPECIFIED.,.F.,.F.,.F.,(4,1,4),(2,
2),(0.,0.0392858433758661,0.0749171977284496),(0.,0.0999999999999998),
 .UNSPECIFIED.);
#61=B_SPLINE_SURFACE_WITH_KNOTS('',3,1,((#8030,#8031),(#8032,#8033),(#8034,
#8035),(#8036,#8037),(#8038,#8039)),.UNSPECIFIED.,.F.,.F.,.F.,(4,1,4),(2,
2),(0.,0.0409368326840399,0.0818683364729968),(0.,0.0999999999999998),
 .UNSPECIFIED.);
#62=B_SPLINE_SURFACE_WITH_KNOTS('',3,1,((#8053,#8054),(#8055,#8056),(#8057,
#8058),(#8059,#8060),(#8061,#8062)),.UNSPECIFIED.,.F.,.F.,.F.,(4,1,4),(2,
2),(0.,0.0432095406245728,0.0851117339891027),(0.,0.0999999999999998),
 .UNSPECIFIED.);
#63=SHAPE_REPRESENTATION_RELATIONSHIP('SRR','None',#8110,#65);
#64=SHAPE_REPRESENTATION_RELATIONSHIP('SRR','None',#8109,#66);
#65=ADVANCED_BREP_SHAPE_REPRESENTATION('',(#74,#75,#76),#8098);
#66=ADVANCED_BREP_SHAPE_REPRESENTATION('',(#77,#78,#79,#80),#8097);
#67=STYLED_ITEM('',(#8125),#74);
#68=STYLED_ITEM('',(#8125),#75);
#69=STYLED_ITEM('',(#8125),#76);
#70=STYLED_ITEM('',(#8124),#77);
#71=STYLED_ITEM('',(#8123),#78);
#72=STYLED_ITEM('',(#8123),#79);
#73=STYLED_ITEM('',(#8123),#80);
#74=MANIFOLD_SOLID_BREP('Body1',#4467);
#75=MANIFOLD_SOLID_BREP('Body4',#4468);
#76=MANIFOLD_SOLID_BREP('Body3',#4469);
#77=MANIFOLD_SOLID_BREP('Back Body',#4470);
#78=MANIFOLD_SOLID_BREP('Body76',#4471);
#79=MANIFOLD_SOLID_BREP('Body77',#4472);
#80=MANIFOLD_SOLID_BREP('Body78',#4473);
#81=CONICAL_SURFACE('',#4518,2.848,0.715584993317675);
#82=CONICAL_SURFACE('',#4522,2.848,0.715584993317675);
#83=CONICAL_SURFACE('',#4544,1.7,0.10471975511966);
#84=CONICAL_SURFACE('',#4559,1.7,0.10471975511966);
#85=FACE_BOUND('',#618,.T.);
#86=FACE_BOUND('',#619,.T.);
#87=FACE_BOUND('',#620,.T.);
#88=FACE_BOUND('',#645,.T.);
#89=FACE_BOUND('',#646,.T.);
#90=FACE_BOUND('',#648,.T.);
#91=FACE_BOUND('',#657,.T.);
#92=FACE_BOUND('',#659,.T.);
#93=FACE_BOUND('',#668,.T.);
#94=FACE_BOUND('',#670,.T.);
#95=FACE_BOUND('',#688,.T.);
#96=FACE_BOUND('',#718,.T.);
#97=FACE_BOUND('',#719,.T.);
#98=FACE_BOUND('',#720,.T.);
#99=FACE_BOUND('',#763,.T.);
#100=FACE_BOUND('',#764,.T.);
#101=FACE_BOUND('',#765,.T.);
#102=FACE_BOUND('',#767,.T.);
#103=FACE_BOUND('',#777,.T.);
#104=FACE_BOUND('',#783,.T.);
#105=FACE_BOUND('',#787,.T.);
#106=FACE_BOUND('',#790,.T.);
#107=FACE_BOUND('',#841,.T.);
#108=FACE_BOUND('',#843,.T.);
#109=CIRCLE('',#4493,3.00000000000001);
#110=CIRCLE('',#4496,4.50000000000001);
#111=CIRCLE('',#4501,2.1525);
#112=CIRCLE('',#4502,2.1525);
#113=CIRCLE('',#4519,3.5435);
#114=CIRCLE('',#4520,2.1525);
#115=CIRCLE('',#4523,3.5435);
#116=CIRCLE('',#4524,2.1525);
#117=CIRCLE('',#4545,1.7);
#118=CIRCLE('',#4546,1.22703094130445);
#119=CIRCLE('',#4548,3.);
#120=CIRCLE('',#4549,3.);
#121=CIRCLE('',#4554,3.);
#122=CIRCLE('',#4555,3.);
#123=CIRCLE('',#4560,1.7);
#124=CIRCLE('',#4561,1.22703094130445);
#125=CIRCLE('',#4564,3.);
#126=CIRCLE('',#4565,3.);
#127=CIRCLE('',#4570,3.00000000000001);
#128=CIRCLE('',#4571,3.00000000000001);
#129=CIRCLE('',#4599,5.00000000000002);
#130=CIRCLE('',#4600,4.);
#131=CIRCLE('',#4601,4.);
#132=CIRCLE('',#4602,5.00000000000006);
#133=CIRCLE('',#4603,5.00000000000002);
#134=CIRCLE('',#4604,5.00000000000001);
#135=CIRCLE('',#4607,5.00000000000001);
#136=CIRCLE('',#4610,5.00000000000002);
#137=CIRCLE('',#4613,5.00000000000006);
#138=CIRCLE('',#4615,5.00000000000002);
#139=CIRCLE('',#4620,4.50000000000002);
#140=CIRCLE('',#4622,7.);
#141=CIRCLE('',#4623,7.);
#142=CIRCLE('',#4624,7.);
#143=CIRCLE('',#4625,7.);
#144=CIRCLE('',#4626,8.);
#145=CIRCLE('',#4627,8.);
#146=CIRCLE('',#4628,8.);
#147=CIRCLE('',#4629,8.);
#148=CIRCLE('',#4635,1.435);
#149=CIRCLE('',#4636,1.435);
#150=CIRCLE('',#4641,1.435);
#151=CIRCLE('',#4643,8.);
#152=CIRCLE('',#4644,6.565);
#153=CIRCLE('',#4646,6.565);
#154=CIRCLE('',#4647,1.43500000000004);
#155=CIRCLE('',#4648,8.);
#156=CIRCLE('',#4651,4.95602224193583);
#157=CIRCLE('',#4652,12.2060222419358);
#158=CIRCLE('',#4656,1.43500000000005);
#159=CIRCLE('',#4657,3.52102224193583);
#160=CIRCLE('',#4658,3.52102224193583);
#161=CIRCLE('',#4659,1.435);
#162=CIRCLE('',#4661,3.52102224193583);
#163=CIRCLE('',#4663,1.4349999999997);
#164=CIRCLE('',#4664,10.7710222419358);
#165=CIRCLE('',#4665,1.435);
#166=CIRCLE('',#4667,10.7710222419358);
#167=CIRCLE('',#4671,8.);
#168=CIRCLE('',#4675,3.00000000000001);
#169=CIRCLE('',#4679,4.50000000000001);
#170=CIRCLE('',#4682,4.50000000000002);
#171=CIRCLE('',#4684,3.00000000000001);
#172=CIRCLE('',#4685,3.00000000000001);
#173=CIRCLE('',#4695,8.);
#174=CIRCLE('',#4702,4.);
#175=CIRCLE('',#4704,4.);
#176=CIRCLE('',#4705,7.);
#177=CIRCLE('',#4709,7.);
#178=CIRCLE('',#4712,7.);
#179=CIRCLE('',#4717,6.99999999999999);
#180=CIRCLE('',#4718,3.99999999999999);
#181=CIRCLE('',#4722,6.99999999999999);
#182=CIRCLE('',#4725,6.99999999999999);
#183=CIRCLE('',#4728,7.);
#184=CIRCLE('',#4732,7.);
#185=CIRCLE('',#4735,7.);
#186=CIRCLE('',#4737,4.);
#187=CIRCLE('',#4738,7.00000000000001);
#188=CIRCLE('',#4742,7.00000000000001);
#189=CIRCLE('',#4745,7.00000000000001);
#190=B_SPLINE_CURVE_WITH_KNOTS('',3,(#5903,#5904,#5905,#5906),
 .UNSPECIFIED.,.F.,.F.,(4,4),(0.867417729187131,0.921497153426904),
 .UNSPECIFIED.);
#191=B_SPLINE_CURVE_WITH_KNOTS('',3,(#5913,#5914,#5915,#5916,#5917,#5918),
 .UNSPECIFIED.,.F.,.F.,(4,2,4),(0.278431529705409,0.319641518869986,0.334780705803832),
 .UNSPECIFIED.);
#192=B_SPLINE_CURVE_WITH_KNOTS('',3,(#6171,#6172,#6173,#6174,#6175),
 .UNSPECIFIED.,.F.,.F.,(4,1,4),(0.,0.0257159377841895,0.0623539180385239),
 .UNSPECIFIED.);
#193=B_SPLINE_CURVE_WITH_KNOTS('',3,(#6178,#6179,#6180,#6181,#6182),
 .UNSPECIFIED.,.F.,.F.,(4,1,4),(0.,0.0257159377841895,0.0623539180385239),
 .UNSPECIFIED.);
#194=B_SPLINE_CURVE_WITH_KNOTS('',3,(#6194,#6195,#6196,#6197,#6198),
 .UNSPECIFIED.,.F.,.F.,(4,1,4),(0.,0.0220937569276558,0.0437340033747627),
 .UNSPECIFIED.);
#195=B_SPLINE_CURVE_WITH_KNOTS('',3,(#6201,#6202,#6203,#6204,#6205),
 .UNSPECIFIED.,.F.,.F.,(4,1,4),(0.,0.0220937569276558,0.0437340033747627),
 .UNSPECIFIED.);
#196=B_SPLINE_CURVE_WITH_KNOTS('',3,(#6217,#6218,#6219,#6220,#6221),
 .UNSPECIFIED.,.F.,.F.,(4,1,4),(0.,0.0222897498446723,0.0447895166153289),
 .UNSPECIFIED.);
#197=B_SPLINE_CURVE_WITH_KNOTS('',3,(#6224,#6225,#6226,#6227,#6228),
 .UNSPECIFIED.,.F.,.F.,(4,1,4),(0.,0.0222897498446723,0.0447895166153289),
 .UNSPECIFIED.);
#198=B_SPLINE_CURVE_WITH_KNOTS('',3,(#6240,#6241,#6242,#6243,#6244),
 .UNSPECIFIED.,.F.,.F.,(4,1,4),(0.,0.0382260993055383,0.0655554098906238),
 .UNSPECIFIED.);
#199=B_SPLINE_CURVE_WITH_KNOTS('',3,(#6247,#6248,#6249,#6250,#6251),
 .UNSPECIFIED.,.F.,.F.,(4,1,4),(0.,0.0382260993055383,0.0655554098906238),
 .UNSPECIFIED.);
#200=B_SPLINE_CURVE_WITH_KNOTS('',3,(#6293,#6294,#6295,#6296,#6297),
 .UNSPECIFIED.,.F.,.F.,(4,1,4),(0.,0.065802774560767,0.14796866466609),
 .UNSPECIFIED.);
#201=B_SPLINE_CURVE_WITH_KNOTS('',3,(#6300,#6301,#6302,#6303,#6304),
 .UNSPECIFIED.,.F.,.F.,(4,1,4),(0.,0.065802774560767,0.14796866466609),
 .UNSPECIFIED.);
#202=B_SPLINE_CURVE_WITH_KNOTS('',3,(#6316,#6317,#6318,#6319,#6320),
 .UNSPECIFIED.,.F.,.F.,(4,1,4),(0.,0.0683992956538917,0.129696490427147),
 .UNSPECIFIED.);
#203=B_SPLINE_CURVE_WITH_KNOTS('',3,(#6323,#6324,#6325,#6326,#6327),
 .UNSPECIFIED.,.F.,.F.,(4,1,4),(0.,0.0683992956538917,0.129696490427147),
 .UNSPECIFIED.);
#204=B_SPLINE_CURVE_WITH_KNOTS('',3,(#6339,#6340,#6341,#6342,#6343),
 .UNSPECIFIED.,.F.,.F.,(4,1,4),(0.,0.0576125778451465,0.123672100613082),
 .UNSPECIFIED.);
#205=B_SPLINE_CURVE_WITH_KNOTS('',3,(#6346,#6347,#6348,#6349,#6350),
 .UNSPECIFIED.,.F.,.F.,(4,1,4),(0.,0.0576125778451465,0.123672100613082),
 .UNSPECIFIED.);
#206=B_SPLINE_CURVE_WITH_KNOTS('',3,(#6362,#6363,#6364,#6365,#6366),
 .UNSPECIFIED.,.F.,.F.,(4,1,4),(0.,0.0740465178522013,0.134313575007531),
 .UNSPECIFIED.);
#207=B_SPLINE_CURVE_WITH_KNOTS('',3,(#6369,#6370,#6371,#6372,#6373),
 .UNSPECIFIED.,.F.,.F.,(4,1,4),(0.,0.0740465178522013,0.134313575007531),
 .UNSPECIFIED.);
#208=B_SPLINE_CURVE_WITH_KNOTS('',3,(#6439,#6440,#6441,#6442,#6443),
 .UNSPECIFIED.,.F.,.F.,(4,1,4),(0.,0.0322421374460176,0.0695207960367265),
 .UNSPECIFIED.);
#209=B_SPLINE_CURVE_WITH_KNOTS('',3,(#6447,#6448,#6449,#6450,#6451),
 .UNSPECIFIED.,.F.,.F.,(4,1,4),(0.,0.0322421374460176,0.0695207960367265),
 .UNSPECIFIED.);
#210=B_SPLINE_CURVE_WITH_KNOTS('',3,(#6464,#6465,#6466,#6467,#6468),
 .UNSPECIFIED.,.F.,.F.,(4,1,4),(0.,0.0360465355592345,0.067939577028743),
 .UNSPECIFIED.);
#211=B_SPLINE_CURVE_WITH_KNOTS('',3,(#6471,#6472,#6473,#6474,#6475),
 .UNSPECIFIED.,.F.,.F.,(4,1,4),(0.,0.0360465355592345,0.067939577028743),
 .UNSPECIFIED.);
#212=B_SPLINE_CURVE_WITH_KNOTS('',3,(#6487,#6488,#6489,#6490,#6491),
 .UNSPECIFIED.,.F.,.F.,(4,1,4),(0.,0.0321009470383701,0.0684134360616355),
 .UNSPECIFIED.);
#213=B_SPLINE_CURVE_WITH_KNOTS('',3,(#6494,#6495,#6496,#6497,#6498),
 .UNSPECIFIED.,.F.,.F.,(4,1,4),(0.,0.0321009470383701,0.0684134360616355),
 .UNSPECIFIED.);
#214=B_SPLINE_CURVE_WITH_KNOTS('',3,(#6510,#6511,#6512,#6513,#6514),
 .UNSPECIFIED.,.F.,.F.,(4,1,4),(0.,0.0368606813857421,0.069174699519458),
 .UNSPECIFIED.);
#215=B_SPLINE_CURVE_WITH_KNOTS('',3,(#6517,#6518,#6519,#6520,#6521),
 .UNSPECIFIED.,.F.,.F.,(4,1,4),(0.,0.0368606813857421,0.069174699519458),
 .UNSPECIFIED.);
#216=B_SPLINE_CURVE_WITH_KNOTS('',3,(#6551,#6552,#6553,#6554,#6555),
 .UNSPECIFIED.,.F.,.F.,(4,1,4),(0.,0.0462548126898682,0.0859521372230913),
 .UNSPECIFIED.);
#217=B_SPLINE_CURVE_WITH_KNOTS('',3,(#6558,#6559,#6560,#6561,#6562),
 .UNSPECIFIED.,.F.,.F.,(4,1,4),(0.,0.0462548126898682,0.0859521372230913),
 .UNSPECIFIED.);
#218=B_SPLINE_CURVE_WITH_KNOTS('',3,(#6574,#6575,#6576,#6577,#6578),
 .UNSPECIFIED.,.F.,.F.,(4,1,4),(0.,0.0348595682561364,0.0667101736563706),
 .UNSPECIFIED.);
#219=B_SPLINE_CURVE_WITH_KNOTS('',3,(#6581,#6582,#6583,#6584,#6585),
 .UNSPECIFIED.,.F.,.F.,(4,1,4),(0.,0.0348595682561364,0.0667101736563706),
 .UNSPECIFIED.);
#220=B_SPLINE_CURVE_WITH_KNOTS('',3,(#6597,#6598,#6599,#6600,#6601),
 .UNSPECIFIED.,.F.,.F.,(4,1,4),(0.,0.0332784824830178,0.0686602044972776),
 .UNSPECIFIED.);
#221=B_SPLINE_CURVE_WITH_KNOTS('',3,(#6604,#6605,#6606,#6607,#6608),
 .UNSPECIFIED.,.F.,.F.,(4,1,4),(0.,0.0332784824830178,0.0686602044972776),
 .UNSPECIFIED.);
#222=B_SPLINE_CURVE_WITH_KNOTS('',3,(#6620,#6621,#6622,#6623,#6624),
 .UNSPECIFIED.,.F.,.F.,(4,1,4),(0.,0.0403337147081173,0.0752370512021768),
 .UNSPECIFIED.);
#223=B_SPLINE_CURVE_WITH_KNOTS('',3,(#6627,#6628,#6629,#6630,#6631),
 .UNSPECIFIED.,.F.,.F.,(4,1,4),(0.,0.0403337147081173,0.0752370512021768),
 .UNSPECIFIED.);
#224=B_SPLINE_CURVE_WITH_KNOTS('',3,(#6643,#6644,#6645,#6646,#6647),
 .UNSPECIFIED.,.F.,.F.,(4,1,4),(0.,0.0381779768113061,0.0798367810966748),
 .UNSPECIFIED.);
#225=B_SPLINE_CURVE_WITH_KNOTS('',3,(#6650,#6651,#6652,#6653,#6654),
 .UNSPECIFIED.,.F.,.F.,(4,1,4),(0.,0.0381779768113061,0.0798367810966748),
 .UNSPECIFIED.);
#226=B_SPLINE_CURVE_WITH_KNOTS('',3,(#6666,#6667,#6668,#6669,#6670),
 .UNSPECIFIED.,.F.,.F.,(4,1,4),(0.,0.0510986609457371,0.109825056276117),
 .UNSPECIFIED.);
#227=B_SPLINE_CURVE_WITH_KNOTS('',3,(#6673,#6674,#6675,#6676,#6677),
 .UNSPECIFIED.,.F.,.F.,(4,1,4),(0.,0.0510986609457371,0.109825056276117),
 .UNSPECIFIED.);
#228=B_SPLINE_CURVE_WITH_KNOTS('',3,(#6689,#6690,#6691,#6692,#6693),
 .UNSPECIFIED.,.F.,.F.,(4,1,4),(0.,0.0392858433758661,0.0749171977284496),
 .UNSPECIFIED.);
#229=B_SPLINE_CURVE_WITH_KNOTS('',3,(#6696,#6697,#6698,#6699,#6700),
 .UNSPECIFIED.,.F.,.F.,(4,1,4),(0.,0.0392858433758661,0.0749171977284496),
 .UNSPECIFIED.);
#230=B_SPLINE_CURVE_WITH_KNOTS('',3,(#6712,#6713,#6714,#6715,#6716),
 .UNSPECIFIED.,.F.,.F.,(4,1,4),(0.,0.0409368326840399,0.0818683364729968),
 .UNSPECIFIED.);
#231=B_SPLINE_CURVE_WITH_KNOTS('',3,(#6719,#6720,#6721,#6722,#6723),
 .UNSPECIFIED.,.F.,.F.,(4,1,4),(0.,0.0409368326840399,0.0818683364729968),
 .UNSPECIFIED.);
#232=B_SPLINE_CURVE_WITH_KNOTS('',3,(#6735,#6736,#6737,#6738,#6739),
 .UNSPECIFIED.,.F.,.F.,(4,1,4),(0.,0.0432095406245728,0.0851117339891027),
 .UNSPECIFIED.);
#233=B_SPLINE_CURVE_WITH_KNOTS('',3,(#6742,#6743,#6744,#6745,#6746),
 .UNSPECIFIED.,.F.,.F.,(4,1,4),(0.,0.0432095406245728,0.0851117339891027),
 .UNSPECIFIED.);
#234=B_SPLINE_CURVE_WITH_KNOTS('',3,(#6831,#6832,#6833,#6834,#6835,#6836),
 .UNSPECIFIED.,.F.,.F.,(4,2,4),(1.84691705352724,1.91261778079641,2.0348153693506),
 .UNSPECIFIED.);
#235=B_SPLINE_CURVE_WITH_KNOTS('',3,(#6841,#6842,#6843,#6844),
 .UNSPECIFIED.,.F.,.F.,(4,4),(1.35970089325804,1.39638069280243),
 .UNSPECIFIED.);
#236=B_SPLINE_CURVE_WITH_KNOTS('',3,(#6939,#6940,#6941,#6942,#6943,#6944,
#6945,#6946,#6947,#6948,#6949,#6950,#6951,#6952,#6953,#6954),
 .UNSPECIFIED.,.F.,.F.,(4,2,2,2,2,2,2,4),(-0.000782757065862167,0.,0.0629309607193602,
0.123398517329812,0.189595081395479,0.239722657245648,0.281647215578207,
0.287369401088581),.UNSPECIFIED.);
#237=B_SPLINE_CURVE_WITH_KNOTS('',3,(#6961,#6962,#6963,#6964,#6965,#6966,
#6967,#6968,#6969,#6970,#6971,#6972,#6973,#6974),.UNSPECIFIED.,.F.,.F.,
(4,2,2,2,2,2,4),(0.,0.0409908063715547,0.0889595349429234,0.151793810719314,
0.216525484871913,0.284376524388638,0.285150938569535),.UNSPECIFIED.);
#238=B_SPLINE_CURVE_WITH_KNOTS('',3,(#7089,#7090,#7091,#7092,#7093,#7094,
#7095,#7096,#7097),.UNSPECIFIED.,.F.,.F.,(4,1,1,1,1,1,4),(-1.10914835886889,
-0.871473710539842,-0.792248827763493,-0.633799062210795,-0.475349296658096,
-0.158449765552699,-7.35602002515304E-16),.UNSPECIFIED.);
#239=B_SPLINE_CURVE_WITH_KNOTS('',3,(#7098,#7099,#7100,#7101,#7102,#7103,
#7104,#7105,#7106),.UNSPECIFIED.,.F.,.F.,(4,1,1,1,1,1,4),(7.35602002515304E-16,
0.158449765552699,0.475349296658096,0.633799062210795,0.792248827763493,
0.871473710539842,1.10914835886889),.UNSPECIFIED.);
#240=B_SPLINE_CURVE_WITH_KNOTS('',3,(#7173,#7174,#7175,#7176,#7177,#7178,
#7179,#7180,#7181,#7182,#7183,#7184),.UNSPECIFIED.,.F.,.F.,(4,2,2,2,2,4),
(0.,0.215190511618596,0.32321316899676,0.417964586911145,0.552549210688101,
0.699323866995289),.UNSPECIFIED.);
#241=B_SPLINE_CURVE_WITH_KNOTS('',3,(#7185,#7186,#7187,#7188,#7189,#7190),
 .UNSPECIFIED.,.F.,.F.,(4,1,1,4),(1.41720585103858,1.44942272538481,1.73930727046178,
2.02919181553874),.UNSPECIFIED.);
#242=B_SPLINE_CURVE_WITH_KNOTS('',3,(#7191,#7192,#7193,#7194,#7195,#7196,
#7197,#7198,#7199),.UNSPECIFIED.,.F.,.F.,(4,1,1,1,1,1,4),(-2.02919181553874,
-1.73930727046178,-1.44942272538481,-1.15953818030785,-0.869653635230889,
-0.289884545076963,-3.47716890325991E-16),.UNSPECIFIED.);
#243=B_SPLINE_CURVE_WITH_KNOTS('',3,(#7200,#7201,#7202,#7203,#7204),
 .UNSPECIFIED.,.F.,.F.,(4,1,4),(3.47716890325991E-16,0.289884545076963,
0.611808200963796),.UNSPECIFIED.);
#244=B_SPLINE_CURVE_WITH_KNOTS('',3,(#7498,#7499,#7500,#7501,#7502),
 .UNSPECIFIED.,.F.,.F.,(4,1,4),(0.,0.0257159377841895,0.0623539180385239),
 .UNSPECIFIED.);
#245=B_SPLINE_CURVE_WITH_KNOTS('',3,(#7504,#7505,#7506,#7507,#7508),
 .UNSPECIFIED.,.F.,.F.,(4,1,4),(0.,0.0257159377841895,0.0623539180385239),
 .UNSPECIFIED.);
#246=B_SPLINE_CURVE_WITH_KNOTS('',3,(#7521,#7522,#7523,#7524,#7525),
 .UNSPECIFIED.,.F.,.F.,(4,1,4),(0.,0.0220937569276558,0.0437340033747627),
 .UNSPECIFIED.);
#247=B_SPLINE_CURVE_WITH_KNOTS('',3,(#7527,#7528,#7529,#7530,#7531),
 .UNSPECIFIED.,.F.,.F.,(4,1,4),(0.,0.0220937569276558,0.0437340033747627),
 .UNSPECIFIED.);
#248=B_SPLINE_CURVE_WITH_KNOTS('',3,(#7544,#7545,#7546,#7547,#7548),
 .UNSPECIFIED.,.F.,.F.,(4,1,4),(0.,0.0222897498446723,0.0447895166153289),
 .UNSPECIFIED.);
#249=B_SPLINE_CURVE_WITH_KNOTS('',3,(#7550,#7551,#7552,#7553,#7554),
 .UNSPECIFIED.,.F.,.F.,(4,1,4),(0.,0.0222897498446723,0.0447895166153289),
 .UNSPECIFIED.);
#250=B_SPLINE_CURVE_WITH_KNOTS('',3,(#7567,#7568,#7569,#7570,#7571),
 .UNSPECIFIED.,.F.,.F.,(4,1,4),(0.,0.0382260993055383,0.0655554098906238),
 .UNSPECIFIED.);
#251=B_SPLINE_CURVE_WITH_KNOTS('',3,(#7573,#7574,#7575,#7576,#7577),
 .UNSPECIFIED.,.F.,.F.,(4,1,4),(0.,0.0382260993055383,0.0655554098906238),
 .UNSPECIFIED.);
#252=B_SPLINE_CURVE_WITH_KNOTS('',3,(#7620,#7621,#7622,#7623,#7624),
 .UNSPECIFIED.,.F.,.F.,(4,1,4),(0.,0.065802774560767,0.14796866466609),
 .UNSPECIFIED.);
#253=B_SPLINE_CURVE_WITH_KNOTS('',3,(#7626,#7627,#7628,#7629,#7630),
 .UNSPECIFIED.,.F.,.F.,(4,1,4),(0.,0.065802774560767,0.14796866466609),
 .UNSPECIFIED.);
#254=B_SPLINE_CURVE_WITH_KNOTS('',3,(#7643,#7644,#7645,#7646,#7647),
 .UNSPECIFIED.,.F.,.F.,(4,1,4),(0.,0.0683992956538917,0.129696490427147),
 .UNSPECIFIED.);
#255=B_SPLINE_CURVE_WITH_KNOTS('',3,(#7649,#7650,#7651,#7652,#7653),
 .UNSPECIFIED.,.F.,.F.,(4,1,4),(0.,0.0683992956538917,0.129696490427147),
 .UNSPECIFIED.);
#256=B_SPLINE_CURVE_WITH_KNOTS('',3,(#7666,#7667,#7668,#7669,#7670),
 .UNSPECIFIED.,.F.,.F.,(4,1,4),(0.,0.0576125778451465,0.123672100613082),
 .UNSPECIFIED.);
#257=B_SPLINE_CURVE_WITH_KNOTS('',3,(#7672,#7673,#7674,#7675,#7676),
 .UNSPECIFIED.,.F.,.F.,(4,1,4),(0.,0.0576125778451465,0.123672100613082),
 .UNSPECIFIED.);
#258=B_SPLINE_CURVE_WITH_KNOTS('',3,(#7689,#7690,#7691,#7692,#7693),
 .UNSPECIFIED.,.F.,.F.,(4,1,4),(0.,0.0740465178522013,0.134313575007531),
 .UNSPECIFIED.);
#259=B_SPLINE_CURVE_WITH_KNOTS('',3,(#7695,#7696,#7697,#7698,#7699),
 .UNSPECIFIED.,.F.,.F.,(4,1,4),(0.,0.0740465178522013,0.134313575007531),
 .UNSPECIFIED.);
#260=B_SPLINE_CURVE_WITH_KNOTS('',3,(#7768,#7769,#7770,#7771,#7772),
 .UNSPECIFIED.,.F.,.F.,(4,1,4),(0.,0.0322421374460176,0.0695207960367265),
 .UNSPECIFIED.);
#261=B_SPLINE_CURVE_WITH_KNOTS('',3,(#7776,#7777,#7778,#7779,#7780),
 .UNSPECIFIED.,.F.,.F.,(4,1,4),(0.,0.0322421374460176,0.0695207960367265),
 .UNSPECIFIED.);
#262=B_SPLINE_CURVE_WITH_KNOTS('',3,(#7793,#7794,#7795,#7796,#7797),
 .UNSPECIFIED.,.F.,.F.,(4,1,4),(0.,0.0360465355592345,0.067939577028743),
 .UNSPECIFIED.);
#263=B_SPLINE_CURVE_WITH_KNOTS('',3,(#7799,#7800,#7801,#7802,#7803),
 .UNSPECIFIED.,.F.,.F.,(4,1,4),(0.,0.0360465355592345,0.067939577028743),
 .UNSPECIFIED.);
#264=B_SPLINE_CURVE_WITH_KNOTS('',3,(#7816,#7817,#7818,#7819,#7820),
 .UNSPECIFIED.,.F.,.F.,(4,1,4),(0.,0.0321009470383701,0.0684134360616355),
 .UNSPECIFIED.);
#265=B_SPLINE_CURVE_WITH_KNOTS('',3,(#7822,#7823,#7824,#7825,#7826),
 .UNSPECIFIED.,.F.,.F.,(4,1,4),(0.,0.0321009470383701,0.0684134360616355),
 .UNSPECIFIED.);
#266=B_SPLINE_CURVE_WITH_KNOTS('',3,(#7839,#7840,#7841,#7842,#7843),
 .UNSPECIFIED.,.F.,.F.,(4,1,4),(0.,0.0368606813857421,0.069174699519458),
 .UNSPECIFIED.);
#267=B_SPLINE_CURVE_WITH_KNOTS('',3,(#7845,#7846,#7847,#7848,#7849),
 .UNSPECIFIED.,.F.,.F.,(4,1,4),(0.,0.0368606813857421,0.069174699519458),
 .UNSPECIFIED.);
#268=B_SPLINE_CURVE_WITH_KNOTS('',3,(#7880,#7881,#7882,#7883,#7884),
 .UNSPECIFIED.,.F.,.F.,(4,1,4),(0.,0.0462548126898682,0.0859521372230913),
 .UNSPECIFIED.);
#269=B_SPLINE_CURVE_WITH_KNOTS('',3,(#7886,#7887,#7888,#7889,#7890),
 .UNSPECIFIED.,.F.,.F.,(4,1,4),(0.,0.0462548126898682,0.0859521372230913),
 .UNSPECIFIED.);
#270=B_SPLINE_CURVE_WITH_KNOTS('',3,(#7903,#7904,#7905,#7906,#7907),
 .UNSPECIFIED.,.F.,.F.,(4,1,4),(0.,0.0348595682561364,0.0667101736563706),
 .UNSPECIFIED.);
#271=B_SPLINE_CURVE_WITH_KNOTS('',3,(#7909,#7910,#7911,#7912,#7913),
 .UNSPECIFIED.,.F.,.F.,(4,1,4),(0.,0.0348595682561364,0.0667101736563706),
 .UNSPECIFIED.);
#272=B_SPLINE_CURVE_WITH_KNOTS('',3,(#7926,#7927,#7928,#7929,#7930),
 .UNSPECIFIED.,.F.,.F.,(4,1,4),(0.,0.0332784824830178,0.0686602044972776),
 .UNSPECIFIED.);
#273=B_SPLINE_CURVE_WITH_KNOTS('',3,(#7932,#7933,#7934,#7935,#7936),
 .UNSPECIFIED.,.F.,.F.,(4,1,4),(0.,0.0332784824830178,0.0686602044972776),
 .UNSPECIFIED.);
#274=B_SPLINE_CURVE_WITH_KNOTS('',3,(#7949,#7950,#7951,#7952,#7953),
 .UNSPECIFIED.,.F.,.F.,(4,1,4),(0.,0.0403337147081173,0.0752370512021768),
 .UNSPECIFIED.);
#275=B_SPLINE_CURVE_WITH_KNOTS('',3,(#7955,#7956,#7957,#7958,#7959),
 .UNSPECIFIED.,.F.,.F.,(4,1,4),(0.,0.0403337147081173,0.0752370512021768),
 .UNSPECIFIED.);
#276=B_SPLINE_CURVE_WITH_KNOTS('',3,(#7972,#7973,#7974,#7975,#7976),
 .UNSPECIFIED.,.F.,.F.,(4,1,4),(0.,0.0381779768113061,0.0798367810966748),
 .UNSPECIFIED.);
#277=B_SPLINE_CURVE_WITH_KNOTS('',3,(#7978,#7979,#7980,#7981,#7982),
 .UNSPECIFIED.,.F.,.F.,(4,1,4),(0.,0.0381779768113061,0.0798367810966748),
 .UNSPECIFIED.);
#278=B_SPLINE_CURVE_WITH_KNOTS('',3,(#7995,#7996,#7997,#7998,#7999),
 .UNSPECIFIED.,.F.,.F.,(4,1,4),(0.,0.0510986609457371,0.109825056276117),
 .UNSPECIFIED.);
#279=B_SPLINE_CURVE_WITH_KNOTS('',3,(#8001,#8002,#8003,#8004,#8005),
 .UNSPECIFIED.,.F.,.F.,(4,1,4),(0.,0.0510986609457371,0.109825056276117),
 .UNSPECIFIED.);
#280=B_SPLINE_CURVE_WITH_KNOTS('',3,(#8018,#8019,#8020,#8021,#8022),
 .UNSPECIFIED.,.F.,.F.,(4,1,4),(0.,0.0392858433758661,0.0749171977284496),
 .UNSPECIFIED.);
#281=B_SPLINE_CURVE_WITH_KNOTS('',3,(#8024,#8025,#8026,#8027,#8028),
 .UNSPECIFIED.,.F.,.F.,(4,1,4),(0.,0.0392858433758661,0.0749171977284496),
 .UNSPECIFIED.);
#282=B_SPLINE_CURVE_WITH_KNOTS('',3,(#8041,#8042,#8043,#8044,#8045),
 .UNSPECIFIED.,.F.,.F.,(4,1,4),(0.,0.0409368326840399,0.0818683364729968),
 .UNSPECIFIED.);
#283=B_SPLINE_CURVE_WITH_KNOTS('',3,(#8047,#8048,#8049,#8050,#8051),
 .UNSPECIFIED.,.F.,.F.,(4,1,4),(0.,0.0409368326840399,0.0818683364729968),
 .UNSPECIFIED.);
#284=B_SPLINE_CURVE_WITH_KNOTS('',3,(#8064,#8065,#8066,#8067,#8068),
 .UNSPECIFIED.,.F.,.F.,(4,1,4),(0.,0.0432095406245728,0.0851117339891027),
 .UNSPECIFIED.);
#285=B_SPLINE_CURVE_WITH_KNOTS('',3,(#8070,#8071,#8072,#8073,#8074),
 .UNSPECIFIED.,.F.,.F.,(4,1,4),(0.,0.0432095406245728,0.0851117339891027),
 .UNSPECIFIED.);
#286=ELLIPSE('',#4491,7.09860474945762,3.00000000000001);
#287=ELLIPSE('',#4492,7.09860474945762,3.00000000000001);
#288=ELLIPSE('',#4495,10.6479071241864,4.50000000000001);
#289=ELLIPSE('',#4497,10.6479071241864,4.50000000000001);
#290=ELLIPSE('',#4503,4.41351167584996,4.);
#291=ELLIPSE('',#4504,4.41351167584996,4.);
#292=ELLIPSE('',#4511,4.41351167584996,4.);
#293=ELLIPSE('',#4516,4.41351167584996,4.);
#294=ELLIPSE('',#4527,6.36396103067893,4.5);
#295=ELLIPSE('',#4528,6.36396103067892,4.5);
#296=ELLIPSE('',#4530,6.36396103067893,4.5);
#297=ELLIPSE('',#4532,6.36396103067892,4.5);
#298=ELLIPSE('',#4535,9.19238815542511,6.5);
#299=ELLIPSE('',#4536,9.19238815542513,6.5);
#300=ELLIPSE('',#4538,9.19238815542513,6.5);
#301=ELLIPSE('',#4540,9.19238815542511,6.5);
#302=ELLIPSE('',#4638,2.02939646200539,1.435);
#303=ELLIPSE('',#4639,2.02939646200539,1.435);
#304=ELLIPSE('',#4672,8.82702335169994,8.);
#305=ELLIPSE('',#4674,7.09860474945762,3.00000000000001);
#306=ELLIPSE('',#4678,10.6479071241864,4.50000000000001);
#307=ELLIPSE('',#4689,8.82702335169994,8.);
#308=ELLIPSE('',#4690,8.82702335169994,8.);
#309=ELLIPSE('',#4691,8.82702335169994,8.);
#310=ELLIPSE('',#4692,4.41351167584996,4.);
#311=ELLIPSE('',#4693,4.41351167584996,4.);
#312=ELLIPSE('',#4707,9.8994949366117,7.);
#313=ELLIPSE('',#4708,9.8994949366116,7.);
#314=ELLIPSE('',#4710,9.8994949366116,7.);
#315=ELLIPSE('',#4711,9.8994949366117,7.);
#316=ELLIPSE('',#4720,9.89949493661169,6.99999999999999);
#317=ELLIPSE('',#4721,9.89949493661157,6.99999999999999);
#318=ELLIPSE('',#4723,9.89949493661157,6.99999999999999);
#319=ELLIPSE('',#4724,9.89949493661169,6.99999999999999);
#320=ELLIPSE('',#4730,9.89949493661106,7.);
#321=ELLIPSE('',#4731,9.89949493661169,7.);
#322=ELLIPSE('',#4733,9.89949493661169,7.);
#323=ELLIPSE('',#4734,9.89949493661106,7.);
#324=ELLIPSE('',#4740,9.89949493661185,7.00000000000001);
#325=ELLIPSE('',#4741,9.89949493661164,7.00000000000001);
#326=ELLIPSE('',#4743,9.89949493661164,7.00000000000001);
#327=ELLIPSE('',#4744,9.89949493661185,7.00000000000001);
#328=CYLINDRICAL_SURFACE('',#4490,3.00000000000001);
#329=CYLINDRICAL_SURFACE('',#4494,4.50000000000001);
#330=CYLINDRICAL_SURFACE('',#4510,4.);
#331=CYLINDRICAL_SURFACE('',#4515,4.);
#332=CYLINDRICAL_SURFACE('',#4521,2.1525);
#333=CYLINDRICAL_SURFACE('',#4525,2.1525);
#334=CYLINDRICAL_SURFACE('',#4526,4.5);
#335=CYLINDRICAL_SURFACE('',#4529,4.5);
#336=CYLINDRICAL_SURFACE('',#4531,4.5);
#337=CYLINDRICAL_SURFACE('',#4533,4.5);
#338=CYLINDRICAL_SURFACE('',#4534,6.5);
#339=CYLINDRICAL_SURFACE('',#4537,6.5);
#340=CYLINDRICAL_SURFACE('',#4539,6.5);
#341=CYLINDRICAL_SURFACE('',#4541,6.5);
#342=CYLINDRICAL_SURFACE('',#4547,3.);
#343=CYLINDRICAL_SURFACE('',#4553,3.);
#344=CYLINDRICAL_SURFACE('',#4563,3.);
#345=CYLINDRICAL_SURFACE('',#4569,3.00000000000001);
#346=CYLINDRICAL_SURFACE('',#4606,5.00000000000001);
#347=CYLINDRICAL_SURFACE('',#4609,5.00000000000002);
#348=CYLINDRICAL_SURFACE('',#4612,5.00000000000006);
#349=CYLINDRICAL_SURFACE('',#4614,5.00000000000002);
#350=CYLINDRICAL_SURFACE('',#4634,1.435);
#351=CYLINDRICAL_SURFACE('',#4637,1.435);
#352=CYLINDRICAL_SURFACE('',#4640,1.435);
#353=CYLINDRICAL_SURFACE('',#4649,1.435);
#354=CYLINDRICAL_SURFACE('',#4660,3.52102224193583);
#355=CYLINDRICAL_SURFACE('',#4666,10.7710222419358);
#356=CYLINDRICAL_SURFACE('',#4670,8.);
#357=CYLINDRICAL_SURFACE('',#4673,3.00000000000001);
#358=CYLINDRICAL_SURFACE('',#4677,4.50000000000001);
#359=CYLINDRICAL_SURFACE('',#4681,4.50000000000002);
#360=CYLINDRICAL_SURFACE('',#4683,3.00000000000001);
#361=CYLINDRICAL_SURFACE('',#4694,8.);
#362=CYLINDRICAL_SURFACE('',#4701,4.);
#363=CYLINDRICAL_SURFACE('',#4706,7.);
#364=CYLINDRICAL_SURFACE('',#4714,4.);
#365=CYLINDRICAL_SURFACE('',#4719,6.99999999999999);
#366=CYLINDRICAL_SURFACE('',#4729,7.);
#367=CYLINDRICAL_SURFACE('',#4739,7.00000000000001);
#368=CYLINDRICAL_SURFACE('',#4747,4.);
#369=CYLINDRICAL_SURFACE('',#4770,8.);
#370=CYLINDRICAL_SURFACE('',#4772,8.);
#371=CYLINDRICAL_SURFACE('',#4777,3.99999999999999);
#372=FACE_OUTER_BOUND('',#611,.T.);
#373=FACE_OUTER_BOUND('',#612,.T.);
#374=FACE_OUTER_BOUND('',#613,.T.);
#375=FACE_OUTER_BOUND('',#614,.T.);
#376=FACE_OUTER_BOUND('',#615,.T.);
#377=FACE_OUTER_BOUND('',#616,.T.);
#378=FACE_OUTER_BOUND('',#617,.T.);
#379=FACE_OUTER_BOUND('',#621,.T.);
#380=FACE_OUTER_BOUND('',#622,.T.);
#381=FACE_OUTER_BOUND('',#623,.T.);
#382=FACE_OUTER_BOUND('',#624,.T.);
#383=FACE_OUTER_BOUND('',#625,.T.);
#384=FACE_OUTER_BOUND('',#626,.T.);
#385=FACE_OUTER_BOUND('',#627,.T.);
#386=FACE_OUTER_BOUND('',#628,.T.);
#387=FACE_OUTER_BOUND('',#629,.T.);
#388=FACE_OUTER_BOUND('',#630,.T.);
#389=FACE_OUTER_BOUND('',#631,.T.);
#390=FACE_OUTER_BOUND('',#632,.T.);
#391=FACE_OUTER_BOUND('',#633,.T.);
#392=FACE_OUTER_BOUND('',#634,.T.);
#393=FACE_OUTER_BOUND('',#635,.T.);
#394=FACE_OUTER_BOUND('',#636,.T.);
#395=FACE_OUTER_BOUND('',#637,.T.);
#396=FACE_OUTER_BOUND('',#638,.T.);
#397=FACE_OUTER_BOUND('',#639,.T.);
#398=FACE_OUTER_BOUND('',#640,.T.);
#399=FACE_OUTER_BOUND('',#641,.T.);
#400=FACE_OUTER_BOUND('',#642,.T.);
#401=FACE_OUTER_BOUND('',#643,.T.);
#402=FACE_OUTER_BOUND('',#644,.T.);
#403=FACE_OUTER_BOUND('',#647,.T.);
#404=FACE_OUTER_BOUND('',#649,.T.);
#405=FACE_OUTER_BOUND('',#650,.T.);
#406=FACE_OUTER_BOUND('',#651,.T.);
#407=FACE_OUTER_BOUND('',#652,.T.);
#408=FACE_OUTER_BOUND('',#653,.T.);
#409=FACE_OUTER_BOUND('',#654,.T.);
#410=FACE_OUTER_BOUND('',#655,.T.);
#411=FACE_OUTER_BOUND('',#656,.T.);
#412=FACE_OUTER_BOUND('',#658,.T.);
#413=FACE_OUTER_BOUND('',#660,.T.);
#414=FACE_OUTER_BOUND('',#661,.T.);
#415=FACE_OUTER_BOUND('',#662,.T.);
#416=FACE_OUTER_BOUND('',#663,.T.);
#417=FACE_OUTER_BOUND('',#664,.T.);
#418=FACE_OUTER_BOUND('',#665,.T.);
#419=FACE_OUTER_BOUND('',#666,.T.);
#420=FACE_OUTER_BOUND('',#667,.T.);
#421=FACE_OUTER_BOUND('',#669,.T.);
#422=FACE_OUTER_BOUND('',#671,.T.);
#423=FACE_OUTER_BOUND('',#672,.T.);
#424=FACE_OUTER_BOUND('',#673,.T.);
#425=FACE_OUTER_BOUND('',#674,.T.);
#426=FACE_OUTER_BOUND('',#675,.T.);
#427=FACE_OUTER_BOUND('',#676,.T.);
#428=FACE_OUTER_BOUND('',#677,.T.);
#429=FACE_OUTER_BOUND('',#678,.T.);
#430=FACE_OUTER_BOUND('',#679,.T.);
#431=FACE_OUTER_BOUND('',#680,.T.);
#432=FACE_OUTER_BOUND('',#681,.T.);
#433=FACE_OUTER_BOUND('',#682,.T.);
#434=FACE_OUTER_BOUND('',#683,.T.);
#435=FACE_OUTER_BOUND('',#684,.T.);
#436=FACE_OUTER_BOUND('',#685,.T.);
#437=FACE_OUTER_BOUND('',#686,.T.);
#438=FACE_OUTER_BOUND('',#687,.T.);
#439=FACE_OUTER_BOUND('',#689,.T.);
#440=FACE_OUTER_BOUND('',#690,.T.);
#441=FACE_OUTER_BOUND('',#691,.T.);
#442=FACE_OUTER_BOUND('',#692,.T.);
#443=FACE_OUTER_BOUND('',#693,.T.);
#444=FACE_OUTER_BOUND('',#694,.T.);
#445=FACE_OUTER_BOUND('',#695,.T.);
#446=FACE_OUTER_BOUND('',#696,.T.);
#447=FACE_OUTER_BOUND('',#697,.T.);
#448=FACE_OUTER_BOUND('',#698,.T.);
#449=FACE_OUTER_BOUND('',#699,.T.);
#450=FACE_OUTER_BOUND('',#700,.T.);
#451=FACE_OUTER_BOUND('',#701,.T.);
#452=FACE_OUTER_BOUND('',#702,.T.);
#453=FACE_OUTER_BOUND('',#703,.T.);
#454=FACE_OUTER_BOUND('',#704,.T.);
#455=FACE_OUTER_BOUND('',#705,.T.);
#456=FACE_OUTER_BOUND('',#706,.T.);
#457=FACE_OUTER_BOUND('',#707,.T.);
#458=FACE_OUTER_BOUND('',#708,.T.);
#459=FACE_OUTER_BOUND('',#709,.T.);
#460=FACE_OUTER_BOUND('',#710,.T.);
#461=FACE_OUTER_BOUND('',#711,.T.);
#462=FACE_OUTER_BOUND('',#712,.T.);
#463=FACE_OUTER_BOUND('',#713,.T.);
#464=FACE_OUTER_BOUND('',#714,.T.);
#465=FACE_OUTER_BOUND('',#715,.T.);
#466=FACE_OUTER_BOUND('',#716,.T.);
#467=FACE_OUTER_BOUND('',#717,.T.);
#468=FACE_OUTER_BOUND('',#721,.T.);
#469=FACE_OUTER_BOUND('',#722,.T.);
#470=FACE_OUTER_BOUND('',#723,.T.);
#471=FACE_OUTER_BOUND('',#724,.T.);
#472=FACE_OUTER_BOUND('',#725,.T.);
#473=FACE_OUTER_BOUND('',#726,.T.);
#474=FACE_OUTER_BOUND('',#727,.T.);
#475=FACE_OUTER_BOUND('',#728,.T.);
#476=FACE_OUTER_BOUND('',#729,.T.);
#477=FACE_OUTER_BOUND('',#730,.T.);
#478=FACE_OUTER_BOUND('',#731,.T.);
#479=FACE_OUTER_BOUND('',#732,.T.);
#480=FACE_OUTER_BOUND('',#733,.T.);
#481=FACE_OUTER_BOUND('',#734,.T.);
#482=FACE_OUTER_BOUND('',#735,.T.);
#483=FACE_OUTER_BOUND('',#736,.T.);
#484=FACE_OUTER_BOUND('',#737,.T.);
#485=FACE_OUTER_BOUND('',#738,.T.);
#486=FACE_OUTER_BOUND('',#739,.T.);
#487=FACE_OUTER_BOUND('',#740,.T.);
#488=FACE_OUTER_BOUND('',#741,.T.);
#489=FACE_OUTER_BOUND('',#742,.T.);
#490=FACE_OUTER_BOUND('',#743,.T.);
#491=FACE_OUTER_BOUND('',#744,.T.);
#492=FACE_OUTER_BOUND('',#745,.T.);
#493=FACE_OUTER_BOUND('',#746,.T.);
#494=FACE_OUTER_BOUND('',#747,.T.);
#495=FACE_OUTER_BOUND('',#748,.T.);
#496=FACE_OUTER_BOUND('',#749,.T.);
#497=FACE_OUTER_BOUND('',#750,.T.);
#498=FACE_OUTER_BOUND('',#751,.T.);
#499=FACE_OUTER_BOUND('',#752,.T.);
#500=FACE_OUTER_BOUND('',#753,.T.);
#501=FACE_OUTER_BOUND('',#754,.T.);
#502=FACE_OUTER_BOUND('',#755,.T.);
#503=FACE_OUTER_BOUND('',#756,.T.);
#504=FACE_OUTER_BOUND('',#757,.T.);
#505=FACE_OUTER_BOUND('',#758,.T.);
#506=FACE_OUTER_BOUND('',#759,.T.);
#507=FACE_OUTER_BOUND('',#760,.T.);
#508=FACE_OUTER_BOUND('',#761,.T.);
#509=FACE_OUTER_BOUND('',#762,.T.);
#510=FACE_OUTER_BOUND('',#766,.T.);
#511=FACE_OUTER_BOUND('',#768,.T.);
#512=FACE_OUTER_BOUND('',#769,.T.);
#513=FACE_OUTER_BOUND('',#770,.T.);
#514=FACE_OUTER_BOUND('',#771,.T.);
#515=FACE_OUTER_BOUND('',#772,.T.);
#516=FACE_OUTER_BOUND('',#773,.T.);
#517=FACE_OUTER_BOUND('',#774,.T.);
#518=FACE_OUTER_BOUND('',#775,.T.);
#519=FACE_OUTER_BOUND('',#776,.T.);
#520=FACE_OUTER_BOUND('',#778,.T.);
#521=FACE_OUTER_BOUND('',#779,.T.);
#522=FACE_OUTER_BOUND('',#780,.T.);
#523=FACE_OUTER_BOUND('',#781,.T.);
#524=FACE_OUTER_BOUND('',#782,.T.);
#525=FACE_OUTER_BOUND('',#784,.T.);
#526=FACE_OUTER_BOUND('',#785,.T.);
#527=FACE_OUTER_BOUND('',#786,.T.);
#528=FACE_OUTER_BOUND('',#788,.T.);
#529=FACE_OUTER_BOUND('',#789,.T.);
#530=FACE_OUTER_BOUND('',#791,.T.);
#531=FACE_OUTER_BOUND('',#792,.T.);
#532=FACE_OUTER_BOUND('',#793,.T.);
#533=FACE_OUTER_BOUND('',#794,.T.);
#534=FACE_OUTER_BOUND('',#795,.T.);
#535=FACE_OUTER_BOUND('',#796,.T.);
#536=FACE_OUTER_BOUND('',#797,.T.);
#537=FACE_OUTER_BOUND('',#798,.T.);
#538=FACE_OUTER_BOUND('',#799,.T.);
#539=FACE_OUTER_BOUND('',#800,.T.);
#540=FACE_OUTER_BOUND('',#801,.T.);
#541=FACE_OUTER_BOUND('',#802,.T.);
#542=FACE_OUTER_BOUND('',#803,.T.);
#543=FACE_OUTER_BOUND('',#804,.T.);
#544=FACE_OUTER_BOUND('',#805,.T.);
#545=FACE_OUTER_BOUND('',#806,.T.);
#546=FACE_OUTER_BOUND('',#807,.T.);
#547=FACE_OUTER_BOUND('',#808,.T.);
#548=FACE_OUTER_BOUND('',#809,.T.);
#549=FACE_OUTER_BOUND('',#810,.T.);
#550=FACE_OUTER_BOUND('',#811,.T.);
#551=FACE_OUTER_BOUND('',#812,.T.);
#552=FACE_OUTER_BOUND('',#813,.T.);
#553=FACE_OUTER_BOUND('',#814,.T.);
#554=FACE_OUTER_BOUND('',#815,.T.);
#555=FACE_OUTER_BOUND('',#816,.T.);
#556=FACE_OUTER_BOUND('',#817,.T.);
#557=FACE_OUTER_BOUND('',#818,.T.);
#558=FACE_OUTER_BOUND('',#819,.T.);
#559=FACE_OUTER_BOUND('',#820,.T.);
#560=FACE_OUTER_BOUND('',#821,.T.);
#561=FACE_OUTER_BOUND('',#822,.T.);
#562=FACE_OUTER_BOUND('',#823,.T.);
#563=FACE_OUTER_BOUND('',#824,.T.);
#564=FACE_OUTER_BOUND('',#825,.T.);
#565=FACE_OUTER_BOUND('',#826,.T.);
#566=FACE_OUTER_BOUND('',#827,.T.);
#567=FACE_OUTER_BOUND('',#828,.T.);
#568=FACE_OUTER_BOUND('',#829,.T.);
#569=FACE_OUTER_BOUND('',#830,.T.);
#570=FACE_OUTER_BOUND('',#831,.T.);
#571=FACE_OUTER_BOUND('',#832,.T.);
#572=FACE_OUTER_BOUND('',#833,.T.);
#573=FACE_OUTER_BOUND('',#834,.T.);
#574=FACE_OUTER_BOUND('',#835,.T.);
#575=FACE_OUTER_BOUND('',#836,.T.);
#576=FACE_OUTER_BOUND('',#837,.T.);
#577=FACE_OUTER_BOUND('',#838,.T.);
#578=FACE_OUTER_BOUND('',#839,.T.);
#579=FACE_OUTER_BOUND('',#840,.T.);
#580=FACE_OUTER_BOUND('',#842,.T.);
#581=FACE_OUTER_BOUND('',#844,.T.);
#582=FACE_OUTER_BOUND('',#845,.T.);
#583=FACE_OUTER_BOUND('',#846,.T.);
#584=FACE_OUTER_BOUND('',#847,.T.);
#585=FACE_OUTER_BOUND('',#848,.T.);
#586=FACE_OUTER_BOUND('',#849,.T.);
#587=FACE_OUTER_BOUND('',#850,.T.);
#588=FACE_OUTER_BOUND('',#851,.T.);
#589=FACE_OUTER_BOUND('',#852,.T.);
#590=FACE_OUTER_BOUND('',#853,.T.);
#591=FACE_OUTER_BOUND('',#854,.T.);
#592=FACE_OUTER_BOUND('',#855,.T.);
#593=FACE_OUTER_BOUND('',#856,.T.);
#594=FACE_OUTER_BOUND('',#857,.T.);
#595=FACE_OUTER_BOUND('',#858,.T.);
#596=FACE_OUTER_BOUND('',#859,.T.);
#597=FACE_OUTER_BOUND('',#860,.T.);
#598=FACE_OUTER_BOUND('',#861,.T.);
#599=FACE_OUTER_BOUND('',#862,.T.);
#600=FACE_OUTER_BOUND('',#863,.T.);
#601=FACE_OUTER_BOUND('',#864,.T.);
#602=FACE_OUTER_BOUND('',#865,.T.);
#603=FACE_OUTER_BOUND('',#866,.T.);
#604=FACE_OUTER_BOUND('',#867,.T.);
#605=FACE_OUTER_BOUND('',#868,.T.);
#606=FACE_OUTER_BOUND('',#869,.T.);
#607=FACE_OUTER_BOUND('',#870,.T.);
#608=FACE_OUTER_BOUND('',#871,.T.);
#609=FACE_OUTER_BOUND('',#872,.T.);
#610=FACE_OUTER_BOUND('',#873,.T.);
#611=EDGE_LOOP('',(#2795,#2796,#2797,#2798));
#612=EDGE_LOOP('',(#2799,#2800,#2801,#2802));
#613=EDGE_LOOP('',(#2803,#2804,#2805,#2806,#2807,#2808));
#614=EDGE_LOOP('',(#2809,#2810,#2811,#2812,#2813,#2814));
#615=EDGE_LOOP('',(#2815,#2816,#2817,#2818));
#616=EDGE_LOOP('',(#2819,#2820,#2821,#2822));
#617=EDGE_LOOP('',(#2823,#2824,#2825,#2826));
#618=EDGE_LOOP('',(#2827));
#619=EDGE_LOOP('',(#2828));
#620=EDGE_LOOP('',(#2829,#2830,#2831,#2832,#2833,#2834,#2835,#2836,#2837,
#2838,#2839,#2840,#2841,#2842,#2843,#2844));
#621=EDGE_LOOP('',(#2845,#2846,#2847,#2848));
#622=EDGE_LOOP('',(#2849,#2850,#2851,#2852));
#623=EDGE_LOOP('',(#2853,#2854,#2855,#2856));
#624=EDGE_LOOP('',(#2857,#2858,#2859,#2860));
#625=EDGE_LOOP('',(#2861,#2862,#2863,#2864));
#626=EDGE_LOOP('',(#2865,#2866,#2867,#2868));
#627=EDGE_LOOP('',(#2869,#2870,#2871,#2872));
#628=EDGE_LOOP('',(#2873,#2874,#2875,#2876));
#629=EDGE_LOOP('',(#2877,#2878,#2879,#2880));
#630=EDGE_LOOP('',(#2881,#2882,#2883,#2884));
#631=EDGE_LOOP('',(#2885,#2886,#2887,#2888));
#632=EDGE_LOOP('',(#2889,#2890,#2891,#2892));
#633=EDGE_LOOP('',(#2893,#2894,#2895,#2896));
#634=EDGE_LOOP('',(#2897,#2898,#2899,#2900));
#635=EDGE_LOOP('',(#2901,#2902,#2903,#2904));
#636=EDGE_LOOP('',(#2905,#2906,#2907,#2908));
#637=EDGE_LOOP('',(#2909,#2910,#2911,#2912));
#638=EDGE_LOOP('',(#2913,#2914,#2915,#2916));
#639=EDGE_LOOP('',(#2917,#2918,#2919,#2920));
#640=EDGE_LOOP('',(#2921,#2922,#2923,#2924));
#641=EDGE_LOOP('',(#2925,#2926,#2927,#2928,#2929,#2930,#2931,#2932));
#642=EDGE_LOOP('',(#2933,#2934,#2935,#2936));
#643=EDGE_LOOP('',(#2937,#2938,#2939,#2940));
#644=EDGE_LOOP('',(#2941,#2942,#2943,#2944,#2945,#2946,#2947,#2948,#2949,
#2950,#2951,#2952,#2953,#2954,#2955,#2956,#2957,#2958,#2959,#2960));
#645=EDGE_LOOP('',(#2961));
#646=EDGE_LOOP('',(#2962));
#647=EDGE_LOOP('',(#2963,#2964,#2965,#2966));
#648=EDGE_LOOP('',(#2967,#2968,#2969,#2970));
#649=EDGE_LOOP('',(#2971,#2972,#2973,#2974));
#650=EDGE_LOOP('',(#2975,#2976,#2977,#2978));
#651=EDGE_LOOP('',(#2979,#2980,#2981,#2982));
#652=EDGE_LOOP('',(#2983,#2984,#2985,#2986));
#653=EDGE_LOOP('',(#2987,#2988,#2989,#2990));
#654=EDGE_LOOP('',(#2991,#2992,#2993,#2994));
#655=EDGE_LOOP('',(#2995,#2996,#2997,#2998));
#656=EDGE_LOOP('',(#2999,#3000,#3001,#3002,#3003,#3004));
#657=EDGE_LOOP('',(#3005));
#658=EDGE_LOOP('',(#3006,#3007,#3008,#3009,#3010,#3011));
#659=EDGE_LOOP('',(#3012));
#660=EDGE_LOOP('',(#3013,#3014,#3015,#3016));
#661=EDGE_LOOP('',(#3017,#3018,#3019,#3020));
#662=EDGE_LOOP('',(#3021,#3022,#3023,#3024));
#663=EDGE_LOOP('',(#3025,#3026,#3027,#3028));
#664=EDGE_LOOP('',(#3029,#3030,#3031,#3032));
#665=EDGE_LOOP('',(#3033,#3034,#3035,#3036));
#666=EDGE_LOOP('',(#3037,#3038,#3039,#3040));
#667=EDGE_LOOP('',(#3041,#3042,#3043,#3044,#3045,#3046));
#668=EDGE_LOOP('',(#3047));
#669=EDGE_LOOP('',(#3048,#3049,#3050,#3051,#3052,#3053));
#670=EDGE_LOOP('',(#3054));
#671=EDGE_LOOP('',(#3055,#3056,#3057,#3058));
#672=EDGE_LOOP('',(#3059,#3060,#3061,#3062));
#673=EDGE_LOOP('',(#3063,#3064,#3065,#3066));
#674=EDGE_LOOP('',(#3067,#3068,#3069,#3070));
#675=EDGE_LOOP('',(#3071,#3072,#3073,#3074));
#676=EDGE_LOOP('',(#3075,#3076,#3077,#3078));
#677=EDGE_LOOP('',(#3079,#3080,#3081,#3082));
#678=EDGE_LOOP('',(#3083,#3084,#3085,#3086));
#679=EDGE_LOOP('',(#3087,#3088,#3089,#3090));
#680=EDGE_LOOP('',(#3091,#3092,#3093,#3094));
#681=EDGE_LOOP('',(#3095,#3096,#3097,#3098));
#682=EDGE_LOOP('',(#3099,#3100,#3101,#3102));
#683=EDGE_LOOP('',(#3103,#3104,#3105,#3106));
#684=EDGE_LOOP('',(#3107,#3108,#3109,#3110));
#685=EDGE_LOOP('',(#3111,#3112,#3113,#3114));
#686=EDGE_LOOP('',(#3115,#3116,#3117,#3118));
#687=EDGE_LOOP('',(#3119,#3120,#3121,#3122,#3123,#3124,#3125,#3126,#3127));
#688=EDGE_LOOP('',(#3128,#3129,#3130,#3131,#3132,#3133,#3134));
#689=EDGE_LOOP('',(#3135,#3136,#3137,#3138));
#690=EDGE_LOOP('',(#3139,#3140,#3141,#3142));
#691=EDGE_LOOP('',(#3143,#3144,#3145,#3146));
#692=EDGE_LOOP('',(#3147,#3148,#3149,#3150));
#693=EDGE_LOOP('',(#3151,#3152,#3153,#3154));
#694=EDGE_LOOP('',(#3155,#3156,#3157,#3158));
#695=EDGE_LOOP('',(#3159,#3160,#3161,#3162));
#696=EDGE_LOOP('',(#3163,#3164,#3165,#3166,#3167,#3168,#3169));
#697=EDGE_LOOP('',(#3170,#3171,#3172,#3173));
#698=EDGE_LOOP('',(#3174,#3175,#3176,#3177));
#699=EDGE_LOOP('',(#3178,#3179,#3180,#3181));
#700=EDGE_LOOP('',(#3182,#3183,#3184,#3185));
#701=EDGE_LOOP('',(#3186,#3187,#3188,#3189));
#702=EDGE_LOOP('',(#3190,#3191,#3192,#3193));
#703=EDGE_LOOP('',(#3194,#3195,#3196,#3197));
#704=EDGE_LOOP('',(#3198,#3199,#3200,#3201));
#705=EDGE_LOOP('',(#3202,#3203,#3204,#3205));
#706=EDGE_LOOP('',(#3206,#3207,#3208,#3209));
#707=EDGE_LOOP('',(#3210,#3211,#3212,#3213));
#708=EDGE_LOOP('',(#3214,#3215,#3216,#3217));
#709=EDGE_LOOP('',(#3218,#3219,#3220,#3221));
#710=EDGE_LOOP('',(#3222,#3223,#3224,#3225));
#711=EDGE_LOOP('',(#3226,#3227,#3228,#3229));
#712=EDGE_LOOP('',(#3230,#3231,#3232,#3233));
#713=EDGE_LOOP('',(#3234,#3235,#3236,#3237));
#714=EDGE_LOOP('',(#3238,#3239,#3240,#3241));
#715=EDGE_LOOP('',(#3242,#3243,#3244,#3245));
#716=EDGE_LOOP('',(#3246,#3247,#3248,#3249,#3250,#3251,#3252,#3253,#3254,
#3255,#3256,#3257,#3258,#3259,#3260,#3261,#3262,#3263,#3264));
#717=EDGE_LOOP('',(#3265,#3266,#3267,#3268,#3269,#3270,#3271,#3272,#3273,
#3274,#3275,#3276,#3277,#3278,#3279,#3280,#3281,#3282,#3283,#3284));
#718=EDGE_LOOP('',(#3285,#3286,#3287,#3288,#3289,#3290,#3291,#3292,#3293,
#3294,#3295,#3296,#3297,#3298,#3299,#3300,#3301,#3302,#3303));
#719=EDGE_LOOP('',(#3304,#3305,#3306,#3307,#3308,#3309,#3310));
#720=EDGE_LOOP('',(#3311,#3312,#3313,#3314,#3315,#3316,#3317,#3318,#3319));
#721=EDGE_LOOP('',(#3320,#3321,#3322,#3323));
#722=EDGE_LOOP('',(#3324,#3325,#3326,#3327));
#723=EDGE_LOOP('',(#3328,#3329,#3330,#3331));
#724=EDGE_LOOP('',(#3332,#3333,#3334,#3335));
#725=EDGE_LOOP('',(#3336,#3337,#3338,#3339));
#726=EDGE_LOOP('',(#3340,#3341,#3342,#3343,#3344));
#727=EDGE_LOOP('',(#3345,#3346,#3347,#3348,#3349));
#728=EDGE_LOOP('',(#3350,#3351,#3352,#3353,#3354,#3355));
#729=EDGE_LOOP('',(#3356,#3357,#3358,#3359));
#730=EDGE_LOOP('',(#3360,#3361,#3362,#3363,#3364,#3365,#3366,#3367,#3368,
#3369));
#731=EDGE_LOOP('',(#3370,#3371,#3372,#3373,#3374,#3375));
#732=EDGE_LOOP('',(#3376,#3377,#3378,#3379,#3380,#3381,#3382,#3383,#3384,
#3385,#3386,#3387,#3388,#3389,#3390,#3391,#3392,#3393,#3394,#3395));
#733=EDGE_LOOP('',(#3396,#3397,#3398,#3399));
#734=EDGE_LOOP('',(#3400,#3401,#3402,#3403));
#735=EDGE_LOOP('',(#3404,#3405,#3406,#3407,#3408,#3409));
#736=EDGE_LOOP('',(#3410,#3411,#3412,#3413));
#737=EDGE_LOOP('',(#3414,#3415,#3416,#3417,#3418,#3419));
#738=EDGE_LOOP('',(#3420,#3421,#3422,#3423));
#739=EDGE_LOOP('',(#3424,#3425,#3426,#3427));
#740=EDGE_LOOP('',(#3428,#3429,#3430,#3431));
#741=EDGE_LOOP('',(#3432,#3433,#3434,#3435));
#742=EDGE_LOOP('',(#3436,#3437,#3438,#3439));
#743=EDGE_LOOP('',(#3440,#3441,#3442,#3443,#3444,#3445,#3446,#3447,#3448,
#3449,#3450,#3451));
#744=EDGE_LOOP('',(#3452,#3453,#3454,#3455,#3456,#3457));
#745=EDGE_LOOP('',(#3458,#3459,#3460,#3461));
#746=EDGE_LOOP('',(#3462,#3463,#3464,#3465,#3466));
#747=EDGE_LOOP('',(#3467,#3468,#3469,#3470));
#748=EDGE_LOOP('',(#3471,#3472,#3473,#3474,#3475,#3476));
#749=EDGE_LOOP('',(#3477,#3478,#3479,#3480));
#750=EDGE_LOOP('',(#3481,#3482,#3483,#3484,#3485,#3486));
#751=EDGE_LOOP('',(#3487,#3488,#3489,#3490));
#752=EDGE_LOOP('',(#3491,#3492,#3493,#3494));
#753=EDGE_LOOP('',(#3495,#3496,#3497,#3498,#3499,#3500));
#754=EDGE_LOOP('',(#3501,#3502,#3503,#3504,#3505,#3506,#3507));
#755=EDGE_LOOP('',(#3508,#3509,#3510,#3511));
#756=EDGE_LOOP('',(#3512,#3513,#3514,#3515));
#757=EDGE_LOOP('',(#3516,#3517,#3518,#3519));
#758=EDGE_LOOP('',(#3520,#3521,#3522,#3523,#3524));
#759=EDGE_LOOP('',(#3525,#3526,#3527,#3528,#3529));
#760=EDGE_LOOP('',(#3530,#3531,#3532,#3533,#3534));
#761=EDGE_LOOP('',(#3535,#3536,#3537,#3538,#3539));
#762=EDGE_LOOP('',(#3540,#3541,#3542,#3543,#3544,#3545,#3546,#3547));
#763=EDGE_LOOP('',(#3548,#3549));
#764=EDGE_LOOP('',(#3550));
#765=EDGE_LOOP('',(#3551,#3552,#3553,#3554));
#766=EDGE_LOOP('',(#3555,#3556,#3557,#3558,#3559,#3560,#3561,#3562));
#767=EDGE_LOOP('',(#3563,#3564,#3565,#3566,#3567,#3568,#3569,#3570,#3571,
#3572,#3573,#3574,#3575,#3576,#3577,#3578));
#768=EDGE_LOOP('',(#3579,#3580,#3581,#3582,#3583,#3584,#3585,#3586,#3587,
#3588,#3589));
#769=EDGE_LOOP('',(#3590,#3591,#3592,#3593));
#770=EDGE_LOOP('',(#3594,#3595,#3596,#3597,#3598,#3599,#3600,#3601));
#771=EDGE_LOOP('',(#3602,#3603,#3604,#3605));
#772=EDGE_LOOP('',(#3606,#3607,#3608,#3609,#3610,#3611));
#773=EDGE_LOOP('',(#3612,#3613,#3614,#3615,#3616,#3617));
#774=EDGE_LOOP('',(#3618,#3619,#3620,#3621));
#775=EDGE_LOOP('',(#3622,#3623,#3624,#3625));
#776=EDGE_LOOP('',(#3626,#3627,#3628,#3629,#3630,#3631));
#777=EDGE_LOOP('',(#3632,#3633,#3634,#3635,#3636,#3637));
#778=EDGE_LOOP('',(#3638,#3639,#3640,#3641));
#779=EDGE_LOOP('',(#3642,#3643,#3644,#3645));
#780=EDGE_LOOP('',(#3646,#3647,#3648,#3649));
#781=EDGE_LOOP('',(#3650,#3651,#3652,#3653));
#782=EDGE_LOOP('',(#3654,#3655,#3656,#3657,#3658,#3659));
#783=EDGE_LOOP('',(#3660,#3661,#3662,#3663,#3664,#3665));
#784=EDGE_LOOP('',(#3666,#3667,#3668,#3669,#3670,#3671,#3672));
#785=EDGE_LOOP('',(#3673,#3674,#3675,#3676));
#786=EDGE_LOOP('',(#3677,#3678,#3679,#3680,#3681,#3682));
#787=EDGE_LOOP('',(#3683,#3684,#3685,#3686,#3687,#3688));
#788=EDGE_LOOP('',(#3689,#3690,#3691,#3692));
#789=EDGE_LOOP('',(#3693,#3694,#3695,#3696,#3697,#3698));
#790=EDGE_LOOP('',(#3699,#3700,#3701,#3702,#3703,#3704,#3705));
#791=EDGE_LOOP('',(#3706,#3707,#3708,#3709));
#792=EDGE_LOOP('',(#3710,#3711,#3712,#3713));
#793=EDGE_LOOP('',(#3714,#3715,#3716,#3717));
#794=EDGE_LOOP('',(#3718,#3719,#3720,#3721));
#795=EDGE_LOOP('',(#3722,#3723,#3724,#3725));
#796=EDGE_LOOP('',(#3726,#3727));
#797=EDGE_LOOP('',(#3728,#3729));
#798=EDGE_LOOP('',(#3730,#3731));
#799=EDGE_LOOP('',(#3732,#3733));
#800=EDGE_LOOP('',(#3734,#3735));
#801=EDGE_LOOP('',(#3736,#3737));
#802=EDGE_LOOP('',(#3738,#3739,#3740,#3741));
#803=EDGE_LOOP('',(#3742,#3743,#3744,#3745));
#804=EDGE_LOOP('',(#3746,#3747,#3748,#3749,#3750));
#805=EDGE_LOOP('',(#3751,#3752,#3753));
#806=EDGE_LOOP('',(#3754,#3755,#3756,#3757,#3758));
#807=EDGE_LOOP('',(#3759,#3760,#3761,#3762));
#808=EDGE_LOOP('',(#3763,#3764,#3765,#3766));
#809=EDGE_LOOP('',(#3767,#3768));
#810=EDGE_LOOP('',(#3769,#3770,#3771,#3772));
#811=EDGE_LOOP('',(#3773,#3774));
#812=EDGE_LOOP('',(#3775,#3776,#3777,#3778));
#813=EDGE_LOOP('',(#3779,#3780,#3781,#3782));
#814=EDGE_LOOP('',(#3783,#3784,#3785,#3786));
#815=EDGE_LOOP('',(#3787,#3788,#3789,#3790));
#816=EDGE_LOOP('',(#3791,#3792,#3793,#3794));
#817=EDGE_LOOP('',(#3795,#3796,#3797,#3798));
#818=EDGE_LOOP('',(#3799,#3800,#3801,#3802));
#819=EDGE_LOOP('',(#3803,#3804,#3805,#3806,#3807,#3808,#3809,#3810,#3811,
#3812));
#820=EDGE_LOOP('',(#3813,#3814,#3815,#3816));
#821=EDGE_LOOP('',(#3817,#3818,#3819,#3820,#3821,#3822));
#822=EDGE_LOOP('',(#3823,#3824,#3825,#3826));
#823=EDGE_LOOP('',(#3827,#3828,#3829,#3830,#3831,#3832));
#824=EDGE_LOOP('',(#3833,#3834,#3835,#3836));
#825=EDGE_LOOP('',(#3837,#3838,#3839,#3840));
#826=EDGE_LOOP('',(#3841,#3842,#3843,#3844));
#827=EDGE_LOOP('',(#3845,#3846,#3847,#3848));
#828=EDGE_LOOP('',(#3849,#3850,#3851,#3852));
#829=EDGE_LOOP('',(#3853,#3854,#3855,#3856));
#830=EDGE_LOOP('',(#3857,#3858,#3859,#3860));
#831=EDGE_LOOP('',(#3861,#3862,#3863,#3864));
#832=EDGE_LOOP('',(#3865,#3866,#3867,#3868));
#833=EDGE_LOOP('',(#3869,#3870,#3871,#3872));
#834=EDGE_LOOP('',(#3873,#3874,#3875,#3876));
#835=EDGE_LOOP('',(#3877,#3878,#3879,#3880));
#836=EDGE_LOOP('',(#3881,#3882,#3883,#3884));
#837=EDGE_LOOP('',(#3885,#3886,#3887,#3888));
#838=EDGE_LOOP('',(#3889,#3890,#3891,#3892));
#839=EDGE_LOOP('',(#3893,#3894,#3895,#3896));
#840=EDGE_LOOP('',(#3897,#3898,#3899,#3900,#3901,#3902,#3903,#3904,#3905));
#841=EDGE_LOOP('',(#3906,#3907,#3908,#3909,#3910,#3911,#3912));
#842=EDGE_LOOP('',(#3913,#3914,#3915,#3916,#3917,#3918,#3919,#3920,#3921));
#843=EDGE_LOOP('',(#3922,#3923,#3924,#3925,#3926,#3927,#3928));
#844=EDGE_LOOP('',(#3929,#3930,#3931,#3932));
#845=EDGE_LOOP('',(#3933,#3934,#3935,#3936));
#846=EDGE_LOOP('',(#3937,#3938,#3939,#3940));
#847=EDGE_LOOP('',(#3941,#3942,#3943,#3944));
#848=EDGE_LOOP('',(#3945,#3946,#3947,#3948));
#849=EDGE_LOOP('',(#3949,#3950,#3951,#3952));
#850=EDGE_LOOP('',(#3953,#3954,#3955,#3956));
#851=EDGE_LOOP('',(#3957,#3958,#3959,#3960,#3961,#3962,#3963));
#852=EDGE_LOOP('',(#3964,#3965,#3966,#3967,#3968,#3969,#3970));
#853=EDGE_LOOP('',(#3971,#3972,#3973,#3974));
#854=EDGE_LOOP('',(#3975,#3976,#3977,#3978));
#855=EDGE_LOOP('',(#3979,#3980,#3981,#3982));
#856=EDGE_LOOP('',(#3983,#3984,#3985,#3986));
#857=EDGE_LOOP('',(#3987,#3988,#3989,#3990));
#858=EDGE_LOOP('',(#3991,#3992,#3993,#3994));
#859=EDGE_LOOP('',(#3995,#3996,#3997,#3998));
#860=EDGE_LOOP('',(#3999,#4000,#4001,#4002));
#861=EDGE_LOOP('',(#4003,#4004,#4005,#4006));
#862=EDGE_LOOP('',(#4007,#4008,#4009,#4010));
#863=EDGE_LOOP('',(#4011,#4012,#4013,#4014));
#864=EDGE_LOOP('',(#4015,#4016,#4017,#4018));
#865=EDGE_LOOP('',(#4019,#4020,#4021,#4022));
#866=EDGE_LOOP('',(#4023,#4024,#4025,#4026));
#867=EDGE_LOOP('',(#4027,#4028,#4029,#4030));
#868=EDGE_LOOP('',(#4031,#4032,#4033,#4034));
#869=EDGE_LOOP('',(#4035,#4036,#4037,#4038));
#870=EDGE_LOOP('',(#4039,#4040,#4041,#4042));
#871=EDGE_LOOP('',(#4043,#4044,#4045,#4046));
#872=EDGE_LOOP('',(#4047,#4048,#4049,#4050,#4051,#4052,#4053,#4054,#4055,
#4056,#4057,#4058,#4059,#4060,#4061,#4062,#4063,#4064,#4065));
#873=EDGE_LOOP('',(#4066,#4067,#4068,#4069,#4070,#4071,#4072,#4073,#4074,
#4075,#4076,#4077,#4078,#4079,#4080,#4081,#4082,#4083,#4084));
#874=LINE('',#5880,#1300);
#875=LINE('',#5882,#1301);
#876=LINE('',#5884,#1302);
#877=LINE('',#5885,#1303);
#878=LINE('',#5889,#1304);
#879=LINE('',#5891,#1305);
#880=LINE('',#5893,#1306);
#881=LINE('',#5894,#1307);
#882=LINE('',#5899,#1308);
#883=LINE('',#5922,#1309);
#884=LINE('',#5924,#1310);
#885=LINE('',#5925,#1311);
#886=LINE('',#5927,#1312);
#887=LINE('',#5931,#1313);
#888=LINE('',#5933,#1314);
#889=LINE('',#5935,#1315);
#890=LINE('',#5936,#1316);
#891=LINE('',#5942,#1317);
#892=LINE('',#5944,#1318);
#893=LINE('',#5946,#1319);
#894=LINE('',#5950,#1320);
#895=LINE('',#5952,#1321);
#896=LINE('',#5954,#1322);
#897=LINE('',#5958,#1323);
#898=LINE('',#5960,#1324);
#899=LINE('',#5961,#1325);
#900=LINE('',#5964,#1326);
#901=LINE('',#5965,#1327);
#902=LINE('',#5968,#1328);
#903=LINE('',#5970,#1329);
#904=LINE('',#5971,#1330);
#905=LINE('',#5973,#1331);
#906=LINE('',#5976,#1332);
#907=LINE('',#5977,#1333);
#908=LINE('',#5980,#1334);
#909=LINE('',#5981,#1335);
#910=LINE('',#5985,#1336);
#911=LINE('',#5988,#1337);
#912=LINE('',#5989,#1338);
#913=LINE('',#5992,#1339);
#914=LINE('',#5993,#1340);
#915=LINE('',#5996,#1341);
#916=LINE('',#5997,#1342);
#917=LINE('',#6001,#1343);
#918=LINE('',#6003,#1344);
#919=LINE('',#6008,#1345);
#920=LINE('',#6011,#1346);
#921=LINE('',#6016,#1347);
#922=LINE('',#6019,#1348);
#923=LINE('',#6024,#1349);
#924=LINE('',#6028,#1350);
#925=LINE('',#6032,#1351);
#926=LINE('',#6035,#1352);
#927=LINE('',#6039,#1353);
#928=LINE('',#6043,#1354);
#929=LINE('',#6047,#1355);
#930=LINE('',#6050,#1356);
#931=LINE('',#6051,#1357);
#932=LINE('',#6054,#1358);
#933=LINE('',#6057,#1359);
#934=LINE('',#6059,#1360);
#935=LINE('',#6060,#1361);
#936=LINE('',#6067,#1362);
#937=LINE('',#6074,#1363);
#938=LINE('',#6077,#1364);
#939=LINE('',#6080,#1365);
#940=LINE('',#6082,#1366);
#941=LINE('',#6083,#1367);
#942=LINE('',#6086,#1368);
#943=LINE('',#6088,#1369);
#944=LINE('',#6089,#1370);
#945=LINE('',#6092,#1371);
#946=LINE('',#6094,#1372);
#947=LINE('',#6095,#1373);
#948=LINE('',#6100,#1374);
#949=LINE('',#6103,#1375);
#950=LINE('',#6104,#1376);
#951=LINE('',#6111,#1377);
#952=LINE('',#6116,#1378);
#953=LINE('',#6118,#1379);
#954=LINE('',#6120,#1380);
#955=LINE('',#6121,#1381);
#956=LINE('',#6126,#1382);
#957=LINE('',#6130,#1383);
#958=LINE('',#6132,#1384);
#959=LINE('',#6133,#1385);
#960=LINE('',#6136,#1386);
#961=LINE('',#6138,#1387);
#962=LINE('',#6139,#1388);
#963=LINE('',#6142,#1389);
#964=LINE('',#6144,#1390);
#965=LINE('',#6145,#1391);
#966=LINE('',#6154,#1392);
#967=LINE('',#6156,#1393);
#968=LINE('',#6158,#1394);
#969=LINE('',#6159,#1395);
#970=LINE('',#6177,#1396);
#971=LINE('',#6200,#1397);
#972=LINE('',#6223,#1398);
#973=LINE('',#6246,#1399);
#974=LINE('',#6254,#1400);
#975=LINE('',#6256,#1401);
#976=LINE('',#6257,#1402);
#977=LINE('',#6259,#1403);
#978=LINE('',#6260,#1404);
#979=LINE('',#6264,#1405);
#980=LINE('',#6266,#1406);
#981=LINE('',#6268,#1407);
#982=LINE('',#6269,#1408);
#983=LINE('',#6272,#1409);
#984=LINE('',#6274,#1410);
#985=LINE('',#6275,#1411);
#986=LINE('',#6278,#1412);
#987=LINE('',#6280,#1413);
#988=LINE('',#6281,#1414);
#989=LINE('',#6299,#1415);
#990=LINE('',#6322,#1416);
#991=LINE('',#6345,#1417);
#992=LINE('',#6368,#1418);
#993=LINE('',#6376,#1419);
#994=LINE('',#6378,#1420);
#995=LINE('',#6379,#1421);
#996=LINE('',#6381,#1422);
#997=LINE('',#6382,#1423);
#998=LINE('',#6387,#1424);
#999=LINE('',#6389,#1425);
#1000=LINE('',#6391,#1426);
#1001=LINE('',#6392,#1427);
#1002=LINE('',#6395,#1428);
#1003=LINE('',#6397,#1429);
#1004=LINE('',#6398,#1430);
#1005=LINE('',#6401,#1431);
#1006=LINE('',#6403,#1432);
#1007=LINE('',#6404,#1433);
#1008=LINE('',#6407,#1434);
#1009=LINE('',#6409,#1435);
#1010=LINE('',#6410,#1436);
#1011=LINE('',#6413,#1437);
#1012=LINE('',#6415,#1438);
#1013=LINE('',#6416,#1439);
#1014=LINE('',#6419,#1440);
#1015=LINE('',#6421,#1441);
#1016=LINE('',#6422,#1442);
#1017=LINE('',#6424,#1443);
#1018=LINE('',#6425,#1444);
#1019=LINE('',#6445,#1445);
#1020=LINE('',#6452,#1446);
#1021=LINE('',#6470,#1447);
#1022=LINE('',#6493,#1448);
#1023=LINE('',#6516,#1449);
#1024=LINE('',#6524,#1450);
#1025=LINE('',#6526,#1451);
#1026=LINE('',#6527,#1452);
#1027=LINE('',#6530,#1453);
#1028=LINE('',#6532,#1454);
#1029=LINE('',#6533,#1455);
#1030=LINE('',#6536,#1456);
#1031=LINE('',#6538,#1457);
#1032=LINE('',#6539,#1458);
#1033=LINE('',#6557,#1459);
#1034=LINE('',#6580,#1460);
#1035=LINE('',#6603,#1461);
#1036=LINE('',#6626,#1462);
#1037=LINE('',#6649,#1463);
#1038=LINE('',#6672,#1464);
#1039=LINE('',#6695,#1465);
#1040=LINE('',#6718,#1466);
#1041=LINE('',#6741,#1467);
#1042=LINE('',#6749,#1468);
#1043=LINE('',#6751,#1469);
#1044=LINE('',#6752,#1470);
#1045=LINE('',#6755,#1471);
#1046=LINE('',#6757,#1472);
#1047=LINE('',#6758,#1473);
#1048=LINE('',#6760,#1474);
#1049=LINE('',#6761,#1475);
#1050=LINE('',#6768,#1476);
#1051=LINE('',#6770,#1477);
#1052=LINE('',#6772,#1478);
#1053=LINE('',#6776,#1479);
#1054=LINE('',#6778,#1480);
#1055=LINE('',#6780,#1481);
#1056=LINE('',#6784,#1482);
#1057=LINE('',#6786,#1483);
#1058=LINE('',#6788,#1484);
#1059=LINE('',#6790,#1485);
#1060=LINE('',#6792,#1486);
#1061=LINE('',#6796,#1487);
#1062=LINE('',#6800,#1488);
#1063=LINE('',#6803,#1489);
#1064=LINE('',#6807,#1490);
#1065=LINE('',#6808,#1491);
#1066=LINE('',#6809,#1492);
#1067=LINE('',#6813,#1493);
#1068=LINE('',#6816,#1494);
#1069=LINE('',#6817,#1495);
#1070=LINE('',#6821,#1496);
#1071=LINE('',#6824,#1497);
#1072=LINE('',#6825,#1498);
#1073=LINE('',#6830,#1499);
#1074=LINE('',#6845,#1500);
#1075=LINE('',#6849,#1501);
#1076=LINE('',#6851,#1502);
#1077=LINE('',#6853,#1503);
#1078=LINE('',#6855,#1504);
#1079=LINE('',#6857,#1505);
#1080=LINE('',#6858,#1506);
#1081=LINE('',#6861,#1507);
#1082=LINE('',#6863,#1508);
#1083=LINE('',#6864,#1509);
#1084=LINE('',#6867,#1510);
#1085=LINE('',#6869,#1511);
#1086=LINE('',#6870,#1512);
#1087=LINE('',#6873,#1513);
#1088=LINE('',#6875,#1514);
#1089=LINE('',#6877,#1515);
#1090=LINE('',#6881,#1516);
#1091=LINE('',#6885,#1517);
#1092=LINE('',#6889,#1518);
#1093=LINE('',#6893,#1519);
#1094=LINE('',#6897,#1520);
#1095=LINE('',#6899,#1521);
#1096=LINE('',#6901,#1522);
#1097=LINE('',#6905,#1523);
#1098=LINE('',#6909,#1524);
#1099=LINE('',#6913,#1525);
#1100=LINE('',#6916,#1526);
#1101=LINE('',#6918,#1527);
#1102=LINE('',#6919,#1528);
#1103=LINE('',#6922,#1529);
#1104=LINE('',#6923,#1530);
#1105=LINE('',#6926,#1531);
#1106=LINE('',#6928,#1532);
#1107=LINE('',#6930,#1533);
#1108=LINE('',#6931,#1534);
#1109=LINE('',#6933,#1535);
#1110=LINE('',#6937,#1536);
#1111=LINE('',#6958,#1537);
#1112=LINE('',#6978,#1538);
#1113=LINE('',#6982,#1539);
#1114=LINE('',#6986,#1540);
#1115=LINE('',#6989,#1541);
#1116=LINE('',#7000,#1542);
#1117=LINE('',#7001,#1543);
#1118=LINE('',#7004,#1544);
#1119=LINE('',#7008,#1545);
#1120=LINE('',#7010,#1546);
#1121=LINE('',#7012,#1547);
#1122=LINE('',#7015,#1548);
#1123=LINE('',#7016,#1549);
#1124=LINE('',#7019,#1550);
#1125=LINE('',#7021,#1551);
#1126=LINE('',#7022,#1552);
#1127=LINE('',#7025,#1553);
#1128=LINE('',#7026,#1554);
#1129=LINE('',#7110,#1555);
#1130=LINE('',#7209,#1556);
#1131=LINE('',#7210,#1557);
#1132=LINE('',#7212,#1558);
#1133=LINE('',#7218,#1559);
#1134=LINE('',#7224,#1560);
#1135=LINE('',#7227,#1561);
#1136=LINE('',#7230,#1562);
#1137=LINE('',#7232,#1563);
#1138=LINE('',#7233,#1564);
#1139=LINE('',#7239,#1565);
#1140=LINE('',#7241,#1566);
#1141=LINE('',#7243,#1567);
#1142=LINE('',#7244,#1568);
#1143=LINE('',#7251,#1569);
#1144=LINE('',#7255,#1570);
#1145=LINE('',#7256,#1571);
#1146=LINE('',#7257,#1572);
#1147=LINE('',#7264,#1573);
#1148=LINE('',#7267,#1574);
#1149=LINE('',#7269,#1575);
#1150=LINE('',#7272,#1576);
#1151=LINE('',#7274,#1577);
#1152=LINE('',#7276,#1578);
#1153=LINE('',#7280,#1579);
#1154=LINE('',#7282,#1580);
#1155=LINE('',#7284,#1581);
#1156=LINE('',#7287,#1582);
#1157=LINE('',#7288,#1583);
#1158=LINE('',#7290,#1584);
#1159=LINE('',#7294,#1585);
#1160=LINE('',#7295,#1586);
#1161=LINE('',#7298,#1587);
#1162=LINE('',#7300,#1588);
#1163=LINE('',#7301,#1589);
#1164=LINE('',#7304,#1590);
#1165=LINE('',#7306,#1591);
#1166=LINE('',#7307,#1592);
#1167=LINE('',#7310,#1593);
#1168=LINE('',#7312,#1594);
#1169=LINE('',#7314,#1595);
#1170=LINE('',#7315,#1596);
#1171=LINE('',#7323,#1597);
#1172=LINE('',#7326,#1598);
#1173=LINE('',#7328,#1599);
#1174=LINE('',#7329,#1600);
#1175=LINE('',#7330,#1601);
#1176=LINE('',#7344,#1602);
#1177=LINE('',#7346,#1603);
#1178=LINE('',#7351,#1604);
#1179=LINE('',#7355,#1605);
#1180=LINE('',#7358,#1606);
#1181=LINE('',#7359,#1607);
#1182=LINE('',#7361,#1608);
#1183=LINE('',#7362,#1609);
#1184=LINE('',#7379,#1610);
#1185=LINE('',#7397,#1611);
#1186=LINE('',#7400,#1612);
#1187=LINE('',#7402,#1613);
#1188=LINE('',#7403,#1614);
#1189=LINE('',#7404,#1615);
#1190=LINE('',#7405,#1616);
#1191=LINE('',#7410,#1617);
#1192=LINE('',#7421,#1618);
#1193=LINE('',#7423,#1619);
#1194=LINE('',#7426,#1620);
#1195=LINE('',#7427,#1621);
#1196=LINE('',#7430,#1622);
#1197=LINE('',#7432,#1623);
#1198=LINE('',#7434,#1624);
#1199=LINE('',#7436,#1625);
#1200=LINE('',#7438,#1626);
#1201=LINE('',#7440,#1627);
#1202=LINE('',#7442,#1628);
#1203=LINE('',#7446,#1629);
#1204=LINE('',#7447,#1630);
#1205=LINE('',#7449,#1631);
#1206=LINE('',#7452,#1632);
#1207=LINE('',#7455,#1633);
#1208=LINE('',#7457,#1634);
#1209=LINE('',#7459,#1635);
#1210=LINE('',#7464,#1636);
#1211=LINE('',#7466,#1637);
#1212=LINE('',#7468,#1638);
#1213=LINE('',#7472,#1639);
#1214=LINE('',#7474,#1640);
#1215=LINE('',#7476,#1641);
#1216=LINE('',#7481,#1642);
#1217=LINE('',#7483,#1643);
#1218=LINE('',#7485,#1644);
#1219=LINE('',#7486,#1645);
#1220=LINE('',#7509,#1646);
#1221=LINE('',#7532,#1647);
#1222=LINE('',#7555,#1648);
#1223=LINE('',#7578,#1649);
#1224=LINE('',#7581,#1650);
#1225=LINE('',#7583,#1651);
#1226=LINE('',#7584,#1652);
#1227=LINE('',#7586,#1653);
#1228=LINE('',#7587,#1654);
#1229=LINE('',#7591,#1655);
#1230=LINE('',#7593,#1656);
#1231=LINE('',#7595,#1657);
#1232=LINE('',#7596,#1658);
#1233=LINE('',#7599,#1659);
#1234=LINE('',#7601,#1660);
#1235=LINE('',#7602,#1661);
#1236=LINE('',#7605,#1662);
#1237=LINE('',#7607,#1663);
#1238=LINE('',#7608,#1664);
#1239=LINE('',#7631,#1665);
#1240=LINE('',#7654,#1666);
#1241=LINE('',#7677,#1667);
#1242=LINE('',#7700,#1668);
#1243=LINE('',#7703,#1669);
#1244=LINE('',#7705,#1670);
#1245=LINE('',#7706,#1671);
#1246=LINE('',#7708,#1672);
#1247=LINE('',#7709,#1673);
#1248=LINE('',#7715,#1674);
#1249=LINE('',#7717,#1675);
#1250=LINE('',#7719,#1676);
#1251=LINE('',#7720,#1677);
#1252=LINE('',#7723,#1678);
#1253=LINE('',#7725,#1679);
#1254=LINE('',#7726,#1680);
#1255=LINE('',#7729,#1681);
#1256=LINE('',#7731,#1682);
#1257=LINE('',#7732,#1683);
#1258=LINE('',#7735,#1684);
#1259=LINE('',#7737,#1685);
#1260=LINE('',#7738,#1686);
#1261=LINE('',#7741,#1687);
#1262=LINE('',#7743,#1688);
#1263=LINE('',#7744,#1689);
#1264=LINE('',#7747,#1690);
#1265=LINE('',#7749,#1691);
#1266=LINE('',#7750,#1692);
#1267=LINE('',#7752,#1693);
#1268=LINE('',#7753,#1694);
#1269=LINE('',#7774,#1695);
#1270=LINE('',#7781,#1696);
#1271=LINE('',#7804,#1697);
#1272=LINE('',#7827,#1698);
#1273=LINE('',#7850,#1699);
#1274=LINE('',#7853,#1700);
#1275=LINE('',#7855,#1701);
#1276=LINE('',#7856,#1702);
#1277=LINE('',#7859,#1703);
#1278=LINE('',#7861,#1704);
#1279=LINE('',#7862,#1705);
#1280=LINE('',#7865,#1706);
#1281=LINE('',#7867,#1707);
#1282=LINE('',#7868,#1708);
#1283=LINE('',#7891,#1709);
#1284=LINE('',#7914,#1710);
#1285=LINE('',#7937,#1711);
#1286=LINE('',#7960,#1712);
#1287=LINE('',#7983,#1713);
#1288=LINE('',#8006,#1714);
#1289=LINE('',#8029,#1715);
#1290=LINE('',#8052,#1716);
#1291=LINE('',#8075,#1717);
#1292=LINE('',#8078,#1718);
#1293=LINE('',#8080,#1719);
#1294=LINE('',#8081,#1720);
#1295=LINE('',#8084,#1721);
#1296=LINE('',#8086,#1722);
#1297=LINE('',#8087,#1723);
#1298=LINE('',#8089,#1724);
#1299=LINE('',#8090,#1725);
#1300=VECTOR('',#4813,10.);
#1301=VECTOR('',#4814,10.);
#1302=VECTOR('',#4815,10.);
#1303=VECTOR('',#4816,10.);
#1304=VECTOR('',#4819,10.);
#1305=VECTOR('',#4820,10.);
#1306=VECTOR('',#4821,10.);
#1307=VECTOR('',#4822,10.);
#1308=VECTOR('',#4827,10.);
#1309=VECTOR('',#4842,10.);
#1310=VECTOR('',#4843,10.);
#1311=VECTOR('',#4844,10.);
#1312=VECTOR('',#4847,10.);
#1313=VECTOR('',#4850,10.);
#1314=VECTOR('',#4851,10.);
#1315=VECTOR('',#4852,10.);
#1316=VECTOR('',#4853,10.);
#1317=VECTOR('',#4858,10.);
#1318=VECTOR('',#4859,10.);
#1319=VECTOR('',#4860,10.);
#1320=VECTOR('',#4863,10.);
#1321=VECTOR('',#4864,10.);
#1322=VECTOR('',#4865,10.);
#1323=VECTOR('',#4868,10.);
#1324=VECTOR('',#4869,10.);
#1325=VECTOR('',#4870,10.);
#1326=VECTOR('',#4873,10.);
#1327=VECTOR('',#4874,10.);
#1328=VECTOR('',#4877,10.);
#1329=VECTOR('',#4878,10.);
#1330=VECTOR('',#4879,10.);
#1331=VECTOR('',#4882,10.);
#1332=VECTOR('',#4885,10.);
#1333=VECTOR('',#4886,10.);
#1334=VECTOR('',#4889,10.);
#1335=VECTOR('',#4890,10.);
#1336=VECTOR('',#4895,10.);
#1337=VECTOR('',#4898,10.);
#1338=VECTOR('',#4899,10.);
#1339=VECTOR('',#4902,10.);
#1340=VECTOR('',#4903,10.);
#1341=VECTOR('',#4906,10.);
#1342=VECTOR('',#4907,10.);
#1343=VECTOR('',#4912,10.);
#1344=VECTOR('',#4915,10.);
#1345=VECTOR('',#4920,2.848);
#1346=VECTOR('',#4925,2.1525);
#1347=VECTOR('',#4930,2.848);
#1348=VECTOR('',#4935,2.1525);
#1349=VECTOR('',#4940,10.);
#1350=VECTOR('',#4945,10.);
#1351=VECTOR('',#4950,10.);
#1352=VECTOR('',#4955,10.);
#1353=VECTOR('',#4958,10.);
#1354=VECTOR('',#4961,10.);
#1355=VECTOR('',#4966,10.);
#1356=VECTOR('',#4969,10.);
#1357=VECTOR('',#4970,10.);
#1358=VECTOR('',#4973,10.);
#1359=VECTOR('',#4976,10.);
#1360=VECTOR('',#4979,10.);
#1361=VECTOR('',#4980,10.);
#1362=VECTOR('',#4989,1.7);
#1363=VECTOR('',#4996,10.);
#1364=VECTOR('',#4999,10.);
#1365=VECTOR('',#5002,10.);
#1366=VECTOR('',#5003,10.);
#1367=VECTOR('',#5004,10.);
#1368=VECTOR('',#5007,10.);
#1369=VECTOR('',#5008,10.);
#1370=VECTOR('',#5009,10.);
#1371=VECTOR('',#5012,10.);
#1372=VECTOR('',#5013,10.);
#1373=VECTOR('',#5014,10.);
#1374=VECTOR('',#5019,10.);
#1375=VECTOR('',#5024,10.);
#1376=VECTOR('',#5025,10.);
#1377=VECTOR('',#5034,1.7);
#1378=VECTOR('',#5039,10.);
#1379=VECTOR('',#5040,10.);
#1380=VECTOR('',#5041,10.);
#1381=VECTOR('',#5042,10.);
#1382=VECTOR('',#5047,10.);
#1383=VECTOR('',#5052,10.);
#1384=VECTOR('',#5053,10.);
#1385=VECTOR('',#5054,10.);
#1386=VECTOR('',#5057,10.);
#1387=VECTOR('',#5058,10.);
#1388=VECTOR('',#5059,10.);
#1389=VECTOR('',#5062,10.);
#1390=VECTOR('',#5063,10.);
#1391=VECTOR('',#5064,10.);
#1392=VECTOR('',#5077,10.);
#1393=VECTOR('',#5078,10.);
#1394=VECTOR('',#5079,10.);
#1395=VECTOR('',#5080,10.);
#1396=VECTOR('',#5081,10.);
#1397=VECTOR('',#5082,10.);
#1398=VECTOR('',#5083,10.);
#1399=VECTOR('',#5084,10.);
#1400=VECTOR('',#5087,10.);
#1401=VECTOR('',#5088,10.);
#1402=VECTOR('',#5089,10.);
#1403=VECTOR('',#5092,10.);
#1404=VECTOR('',#5093,10.);
#1405=VECTOR('',#5096,10.);
#1406=VECTOR('',#5097,10.);
#1407=VECTOR('',#5098,10.);
#1408=VECTOR('',#5099,10.);
#1409=VECTOR('',#5102,10.);
#1410=VECTOR('',#5103,10.);
#1411=VECTOR('',#5104,10.);
#1412=VECTOR('',#5107,10.);
#1413=VECTOR('',#5108,10.);
#1414=VECTOR('',#5109,10.);
#1415=VECTOR('',#5110,10.);
#1416=VECTOR('',#5111,10.);
#1417=VECTOR('',#5112,10.);
#1418=VECTOR('',#5113,10.);
#1419=VECTOR('',#5116,10.);
#1420=VECTOR('',#5117,10.);
#1421=VECTOR('',#5118,10.);
#1422=VECTOR('',#5121,10.);
#1423=VECTOR('',#5122,10.);
#1424=VECTOR('',#5127,10.);
#1425=VECTOR('',#5128,10.);
#1426=VECTOR('',#5129,10.);
#1427=VECTOR('',#5130,10.);
#1428=VECTOR('',#5133,10.);
#1429=VECTOR('',#5134,10.);
#1430=VECTOR('',#5135,10.);
#1431=VECTOR('',#5138,10.);
#1432=VECTOR('',#5139,10.);
#1433=VECTOR('',#5140,10.);
#1434=VECTOR('',#5143,10.);
#1435=VECTOR('',#5144,10.);
#1436=VECTOR('',#5145,10.);
#1437=VECTOR('',#5148,10.);
#1438=VECTOR('',#5149,10.);
#1439=VECTOR('',#5150,10.);
#1440=VECTOR('',#5153,10.);
#1441=VECTOR('',#5154,10.);
#1442=VECTOR('',#5155,10.);
#1443=VECTOR('',#5158,10.);
#1444=VECTOR('',#5159,10.);
#1445=VECTOR('',#5162,10.);
#1446=VECTOR('',#5163,10.);
#1447=VECTOR('',#5164,10.);
#1448=VECTOR('',#5165,10.);
#1449=VECTOR('',#5166,10.);
#1450=VECTOR('',#5169,10.);
#1451=VECTOR('',#5170,10.);
#1452=VECTOR('',#5171,10.);
#1453=VECTOR('',#5174,10.);
#1454=VECTOR('',#5175,10.);
#1455=VECTOR('',#5176,10.);
#1456=VECTOR('',#5179,10.);
#1457=VECTOR('',#5180,10.);
#1458=VECTOR('',#5181,10.);
#1459=VECTOR('',#5182,10.);
#1460=VECTOR('',#5183,10.);
#1461=VECTOR('',#5184,10.);
#1462=VECTOR('',#5185,10.);
#1463=VECTOR('',#5186,10.);
#1464=VECTOR('',#5187,10.);
#1465=VECTOR('',#5188,10.);
#1466=VECTOR('',#5189,10.);
#1467=VECTOR('',#5190,10.);
#1468=VECTOR('',#5193,10.);
#1469=VECTOR('',#5194,10.);
#1470=VECTOR('',#5195,10.);
#1471=VECTOR('',#5198,10.);
#1472=VECTOR('',#5199,10.);
#1473=VECTOR('',#5200,10.);
#1474=VECTOR('',#5203,10.);
#1475=VECTOR('',#5204,10.);
#1476=VECTOR('',#5211,10.);
#1477=VECTOR('',#5212,10.);
#1478=VECTOR('',#5213,10.);
#1479=VECTOR('',#5216,10.);
#1480=VECTOR('',#5217,10.);
#1481=VECTOR('',#5218,10.);
#1482=VECTOR('',#5221,10.);
#1483=VECTOR('',#5222,10.);
#1484=VECTOR('',#5223,10.);
#1485=VECTOR('',#5224,10.);
#1486=VECTOR('',#5225,10.);
#1487=VECTOR('',#5228,10.);
#1488=VECTOR('',#5231,10.);
#1489=VECTOR('',#5234,10.);
#1490=VECTOR('',#5237,10.);
#1491=VECTOR('',#5238,10.);
#1492=VECTOR('',#5239,10.);
#1493=VECTOR('',#5244,10.);
#1494=VECTOR('',#5247,10.);
#1495=VECTOR('',#5248,10.);
#1496=VECTOR('',#5253,10.);
#1497=VECTOR('',#5256,10.);
#1498=VECTOR('',#5257,10.);
#1499=VECTOR('',#5262,10.);
#1500=VECTOR('',#5267,10.);
#1501=VECTOR('',#5270,10.);
#1502=VECTOR('',#5271,10.);
#1503=VECTOR('',#5272,10.);
#1504=VECTOR('',#5273,10.);
#1505=VECTOR('',#5274,10.);
#1506=VECTOR('',#5275,10.);
#1507=VECTOR('',#5278,10.);
#1508=VECTOR('',#5279,10.);
#1509=VECTOR('',#5280,10.);
#1510=VECTOR('',#5283,10.);
#1511=VECTOR('',#5284,10.);
#1512=VECTOR('',#5285,10.);
#1513=VECTOR('',#5288,10.);
#1514=VECTOR('',#5289,10.);
#1515=VECTOR('',#5290,10.);
#1516=VECTOR('',#5295,10.);
#1517=VECTOR('',#5298,10.);
#1518=VECTOR('',#5301,10.);
#1519=VECTOR('',#5304,10.);
#1520=VECTOR('',#5307,10.);
#1521=VECTOR('',#5308,10.);
#1522=VECTOR('',#5309,10.);
#1523=VECTOR('',#5312,10.);
#1524=VECTOR('',#5315,10.);
#1525=VECTOR('',#5318,10.);
#1526=VECTOR('',#5321,10.);
#1527=VECTOR('',#5324,10.);
#1528=VECTOR('',#5325,10.);
#1529=VECTOR('',#5328,10.);
#1530=VECTOR('',#5329,10.);
#1531=VECTOR('',#5332,10.);
#1532=VECTOR('',#5333,10.);
#1533=VECTOR('',#5334,10.);
#1534=VECTOR('',#5335,10.);
#1535=VECTOR('',#5338,10.);
#1536=VECTOR('',#5341,10.);
#1537=VECTOR('',#5344,10.);
#1538=VECTOR('',#5349,10.);
#1539=VECTOR('',#5352,10.);
#1540=VECTOR('',#5357,10.);
#1541=VECTOR('',#5360,10.);
#1542=VECTOR('',#5377,10.);
#1543=VECTOR('',#5378,10.);
#1544=VECTOR('',#5381,10.);
#1545=VECTOR('',#5384,10.);
#1546=VECTOR('',#5385,10.);
#1547=VECTOR('',#5386,10.);
#1548=VECTOR('',#5389,10.);
#1549=VECTOR('',#5390,10.);
#1550=VECTOR('',#5393,10.);
#1551=VECTOR('',#5394,10.);
#1552=VECTOR('',#5395,10.);
#1553=VECTOR('',#5398,10.);
#1554=VECTOR('',#5399,10.);
#1555=VECTOR('',#5414,3.52102224193583);
#1556=VECTOR('',#5429,10.);
#1557=VECTOR('',#5430,10.);
#1558=VECTOR('',#5433,10.);
#1559=VECTOR('',#5440,10.);
#1560=VECTOR('',#5445,10.);
#1561=VECTOR('',#5448,10.);
#1562=VECTOR('',#5451,10.);
#1563=VECTOR('',#5452,10.);
#1564=VECTOR('',#5453,10.);
#1565=VECTOR('',#5460,10.);
#1566=VECTOR('',#5463,10.);
#1567=VECTOR('',#5464,10.);
#1568=VECTOR('',#5465,10.);
#1569=VECTOR('',#5474,10.);
#1570=VECTOR('',#5479,10.);
#1571=VECTOR('',#5480,10.);
#1572=VECTOR('',#5481,10.);
#1573=VECTOR('',#5488,10.);
#1574=VECTOR('',#5491,10.);
#1575=VECTOR('',#5492,10.);
#1576=VECTOR('',#5495,10.);
#1577=VECTOR('',#5496,10.);
#1578=VECTOR('',#5497,10.);
#1579=VECTOR('',#5500,10.);
#1580=VECTOR('',#5501,10.);
#1581=VECTOR('',#5502,10.);
#1582=VECTOR('',#5505,10.);
#1583=VECTOR('',#5506,10.);
#1584=VECTOR('',#5509,10.);
#1585=VECTOR('',#5516,10.);
#1586=VECTOR('',#5517,10.);
#1587=VECTOR('',#5520,10.);
#1588=VECTOR('',#5521,10.);
#1589=VECTOR('',#5522,10.);
#1590=VECTOR('',#5525,10.);
#1591=VECTOR('',#5526,10.);
#1592=VECTOR('',#5527,10.);
#1593=VECTOR('',#5530,10.);
#1594=VECTOR('',#5531,10.);
#1595=VECTOR('',#5532,10.);
#1596=VECTOR('',#5533,10.);
#1597=VECTOR('',#5542,10.);
#1598=VECTOR('',#5545,10.);
#1599=VECTOR('',#5548,10.);
#1600=VECTOR('',#5549,10.);
#1601=VECTOR('',#5550,10.);
#1602=VECTOR('',#5565,10.);
#1603=VECTOR('',#5568,10.);
#1604=VECTOR('',#5573,10.);
#1605=VECTOR('',#5576,10.);
#1606=VECTOR('',#5581,10.);
#1607=VECTOR('',#5582,10.);
#1608=VECTOR('',#5583,10.);
#1609=VECTOR('',#5584,10.);
#1610=VECTOR('',#5605,10.);
#1611=VECTOR('',#5622,10.);
#1612=VECTOR('',#5625,10.);
#1613=VECTOR('',#5628,10.);
#1614=VECTOR('',#5629,10.);
#1615=VECTOR('',#5630,10.);
#1616=VECTOR('',#5631,10.);
#1617=VECTOR('',#5634,10.);
#1618=VECTOR('',#5647,10.);
#1619=VECTOR('',#5650,10.);
#1620=VECTOR('',#5655,10.);
#1621=VECTOR('',#5656,10.);
#1622=VECTOR('',#5661,10.);
#1623=VECTOR('',#5664,10.);
#1624=VECTOR('',#5667,10.);
#1625=VECTOR('',#5670,10.);
#1626=VECTOR('',#5673,10.);
#1627=VECTOR('',#5676,10.);
#1628=VECTOR('',#5679,10.);
#1629=VECTOR('',#5684,10.);
#1630=VECTOR('',#5685,10.);
#1631=VECTOR('',#5688,10.);
#1632=VECTOR('',#5693,10.);
#1633=VECTOR('',#5698,10.);
#1634=VECTOR('',#5701,10.);
#1635=VECTOR('',#5704,10.);
#1636=VECTOR('',#5713,10.);
#1637=VECTOR('',#5716,10.);
#1638=VECTOR('',#5719,10.);
#1639=VECTOR('',#5726,10.);
#1640=VECTOR('',#5729,10.);
#1641=VECTOR('',#5732,10.);
#1642=VECTOR('',#5737,10.);
#1643=VECTOR('',#5738,10.);
#1644=VECTOR('',#5739,10.);
#1645=VECTOR('',#5740,10.);
#1646=VECTOR('',#5741,10.);
#1647=VECTOR('',#5742,10.);
#1648=VECTOR('',#5743,10.);
#1649=VECTOR('',#5744,10.);
#1650=VECTOR('',#5747,10.);
#1651=VECTOR('',#5748,10.);
#1652=VECTOR('',#5749,10.);
#1653=VECTOR('',#5752,10.);
#1654=VECTOR('',#5753,10.);
#1655=VECTOR('',#5756,10.);
#1656=VECTOR('',#5757,10.);
#1657=VECTOR('',#5758,10.);
#1658=VECTOR('',#5759,10.);
#1659=VECTOR('',#5762,10.);
#1660=VECTOR('',#5763,10.);
#1661=VECTOR('',#5764,10.);
#1662=VECTOR('',#5767,10.);
#1663=VECTOR('',#5768,10.);
#1664=VECTOR('',#5769,10.);
#1665=VECTOR('',#5770,10.);
#1666=VECTOR('',#5771,10.);
#1667=VECTOR('',#5772,10.);
#1668=VECTOR('',#5773,10.);
#1669=VECTOR('',#5776,10.);
#1670=VECTOR('',#5777,10.);
#1671=VECTOR('',#5778,10.);
#1672=VECTOR('',#5781,10.);
#1673=VECTOR('',#5782,10.);
#1674=VECTOR('',#5789,10.);
#1675=VECTOR('',#5790,10.);
#1676=VECTOR('',#5791,10.);
#1677=VECTOR('',#5792,10.);
#1678=VECTOR('',#5795,10.);
#1679=VECTOR('',#5796,10.);
#1680=VECTOR('',#5797,10.);
#1681=VECTOR('',#5800,10.);
#1682=VECTOR('',#5801,10.);
#1683=VECTOR('',#5802,10.);
#1684=VECTOR('',#5805,10.);
#1685=VECTOR('',#5806,10.);
#1686=VECTOR('',#5807,10.);
#1687=VECTOR('',#5810,10.);
#1688=VECTOR('',#5811,10.);
#1689=VECTOR('',#5812,10.);
#1690=VECTOR('',#5815,10.);
#1691=VECTOR('',#5816,10.);
#1692=VECTOR('',#5817,10.);
#1693=VECTOR('',#5820,10.);
#1694=VECTOR('',#5821,10.);
#1695=VECTOR('',#5826,10.);
#1696=VECTOR('',#5827,10.);
#1697=VECTOR('',#5828,10.);
#1698=VECTOR('',#5829,10.);
#1699=VECTOR('',#5830,10.);
#1700=VECTOR('',#5833,10.);
#1701=VECTOR('',#5834,10.);
#1702=VECTOR('',#5835,10.);
#1703=VECTOR('',#5838,10.);
#1704=VECTOR('',#5839,10.);
#1705=VECTOR('',#5840,10.);
#1706=VECTOR('',#5843,10.);
#1707=VECTOR('',#5844,10.);
#1708=VECTOR('',#5845,10.);
#1709=VECTOR('',#5846,10.);
#1710=VECTOR('',#5847,10.);
#1711=VECTOR('',#5848,10.);
#1712=VECTOR('',#5849,10.);
#1713=VECTOR('',#5850,10.);
#1714=VECTOR('',#5851,10.);
#1715=VECTOR('',#5852,10.);
#1716=VECTOR('',#5853,10.);
#1717=VECTOR('',#5854,10.);
#1718=VECTOR('',#5857,10.);
#1719=VECTOR('',#5858,10.);
#1720=VECTOR('',#5859,10.);
#1721=VECTOR('',#5862,10.);
#1722=VECTOR('',#5863,10.);
#1723=VECTOR('',#5864,10.);
#1724=VECTOR('',#5867,10.);
#1725=VECTOR('',#5868,10.);
#1726=VERTEX_POINT('',#5878);
#1727=VERTEX_POINT('',#5879);
#1728=VERTEX_POINT('',#5881);
#1729=VERTEX_POINT('',#5883);
#1730=VERTEX_POINT('',#5887);
#1731=VERTEX_POINT('',#5888);
#1732=VERTEX_POINT('',#5890);
#1733=VERTEX_POINT('',#5892);
#1734=VERTEX_POINT('',#5896);
#1735=VERTEX_POINT('',#5898);
#1736=VERTEX_POINT('',#5900);
#1737=VERTEX_POINT('',#5902);
#1738=VERTEX_POINT('',#5910);
#1739=VERTEX_POINT('',#5912);
#1740=VERTEX_POINT('',#5921);
#1741=VERTEX_POINT('',#5923);
#1742=VERTEX_POINT('',#5929);
#1743=VERTEX_POINT('',#5930);
#1744=VERTEX_POINT('',#5932);
#1745=VERTEX_POINT('',#5934);
#1746=VERTEX_POINT('',#5937);
#1747=VERTEX_POINT('',#5939);
#1748=VERTEX_POINT('',#5941);
#1749=VERTEX_POINT('',#5943);
#1750=VERTEX_POINT('',#5945);
#1751=VERTEX_POINT('',#5947);
#1752=VERTEX_POINT('',#5949);
#1753=VERTEX_POINT('',#5951);
#1754=VERTEX_POINT('',#5953);
#1755=VERTEX_POINT('',#5955);
#1756=VERTEX_POINT('',#5957);
#1757=VERTEX_POINT('',#5959);
#1758=VERTEX_POINT('',#5963);
#1759=VERTEX_POINT('',#5967);
#1760=VERTEX_POINT('',#5969);
#1761=VERTEX_POINT('',#5975);
#1762=VERTEX_POINT('',#5979);
#1763=VERTEX_POINT('',#5983);
#1764=VERTEX_POINT('',#5987);
#1765=VERTEX_POINT('',#5991);
#1766=VERTEX_POINT('',#5995);
#1767=VERTEX_POINT('',#5999);
#1768=VERTEX_POINT('',#6005);
#1769=VERTEX_POINT('',#6007);
#1770=VERTEX_POINT('',#6013);
#1771=VERTEX_POINT('',#6015);
#1772=VERTEX_POINT('',#6021);
#1773=VERTEX_POINT('',#6023);
#1774=VERTEX_POINT('',#6027);
#1775=VERTEX_POINT('',#6031);
#1776=VERTEX_POINT('',#6037);
#1777=VERTEX_POINT('',#6038);
#1778=VERTEX_POINT('',#6040);
#1779=VERTEX_POINT('',#6042);
#1780=VERTEX_POINT('',#6046);
#1781=VERTEX_POINT('',#6048);
#1782=VERTEX_POINT('',#6053);
#1783=VERTEX_POINT('',#6055);
#1784=VERTEX_POINT('',#6064);
#1785=VERTEX_POINT('',#6066);
#1786=VERTEX_POINT('',#6070);
#1787=VERTEX_POINT('',#6071);
#1788=VERTEX_POINT('',#6073);
#1789=VERTEX_POINT('',#6075);
#1790=VERTEX_POINT('',#6079);
#1791=VERTEX_POINT('',#6081);
#1792=VERTEX_POINT('',#6085);
#1793=VERTEX_POINT('',#6087);
#1794=VERTEX_POINT('',#6091);
#1795=VERTEX_POINT('',#6093);
#1796=VERTEX_POINT('',#6097);
#1797=VERTEX_POINT('',#6099);
#1798=VERTEX_POINT('',#6108);
#1799=VERTEX_POINT('',#6110);
#1800=VERTEX_POINT('',#6114);
#1801=VERTEX_POINT('',#6115);
#1802=VERTEX_POINT('',#6117);
#1803=VERTEX_POINT('',#6119);
#1804=VERTEX_POINT('',#6123);
#1805=VERTEX_POINT('',#6125);
#1806=VERTEX_POINT('',#6129);
#1807=VERTEX_POINT('',#6131);
#1808=VERTEX_POINT('',#6135);
#1809=VERTEX_POINT('',#6137);
#1810=VERTEX_POINT('',#6141);
#1811=VERTEX_POINT('',#6143);
#1812=VERTEX_POINT('',#6152);
#1813=VERTEX_POINT('',#6153);
#1814=VERTEX_POINT('',#6155);
#1815=VERTEX_POINT('',#6157);
#1816=VERTEX_POINT('',#6170);
#1817=VERTEX_POINT('',#6176);
#1818=VERTEX_POINT('',#6193);
#1819=VERTEX_POINT('',#6199);
#1820=VERTEX_POINT('',#6216);
#1821=VERTEX_POINT('',#6222);
#1822=VERTEX_POINT('',#6239);
#1823=VERTEX_POINT('',#6245);
#1824=VERTEX_POINT('',#6253);
#1825=VERTEX_POINT('',#6255);
#1826=VERTEX_POINT('',#6262);
#1827=VERTEX_POINT('',#6263);
#1828=VERTEX_POINT('',#6265);
#1829=VERTEX_POINT('',#6267);
#1830=VERTEX_POINT('',#6271);
#1831=VERTEX_POINT('',#6273);
#1832=VERTEX_POINT('',#6277);
#1833=VERTEX_POINT('',#6279);
#1834=VERTEX_POINT('',#6292);
#1835=VERTEX_POINT('',#6298);
#1836=VERTEX_POINT('',#6315);
#1837=VERTEX_POINT('',#6321);
#1838=VERTEX_POINT('',#6338);
#1839=VERTEX_POINT('',#6344);
#1840=VERTEX_POINT('',#6361);
#1841=VERTEX_POINT('',#6367);
#1842=VERTEX_POINT('',#6375);
#1843=VERTEX_POINT('',#6377);
#1844=VERTEX_POINT('',#6385);
#1845=VERTEX_POINT('',#6386);
#1846=VERTEX_POINT('',#6388);
#1847=VERTEX_POINT('',#6390);
#1848=VERTEX_POINT('',#6394);
#1849=VERTEX_POINT('',#6396);
#1850=VERTEX_POINT('',#6400);
#1851=VERTEX_POINT('',#6402);
#1852=VERTEX_POINT('',#6406);
#1853=VERTEX_POINT('',#6408);
#1854=VERTEX_POINT('',#6412);
#1855=VERTEX_POINT('',#6414);
#1856=VERTEX_POINT('',#6418);
#1857=VERTEX_POINT('',#6420);
#1858=VERTEX_POINT('',#6437);
#1859=VERTEX_POINT('',#6438);
#1860=VERTEX_POINT('',#6444);
#1861=VERTEX_POINT('',#6446);
#1862=VERTEX_POINT('',#6463);
#1863=VERTEX_POINT('',#6469);
#1864=VERTEX_POINT('',#6486);
#1865=VERTEX_POINT('',#6492);
#1866=VERTEX_POINT('',#6509);
#1867=VERTEX_POINT('',#6515);
#1868=VERTEX_POINT('',#6523);
#1869=VERTEX_POINT('',#6525);
#1870=VERTEX_POINT('',#6529);
#1871=VERTEX_POINT('',#6531);
#1872=VERTEX_POINT('',#6535);
#1873=VERTEX_POINT('',#6537);
#1874=VERTEX_POINT('',#6550);
#1875=VERTEX_POINT('',#6556);
#1876=VERTEX_POINT('',#6573);
#1877=VERTEX_POINT('',#6579);
#1878=VERTEX_POINT('',#6596);
#1879=VERTEX_POINT('',#6602);
#1880=VERTEX_POINT('',#6619);
#1881=VERTEX_POINT('',#6625);
#1882=VERTEX_POINT('',#6642);
#1883=VERTEX_POINT('',#6648);
#1884=VERTEX_POINT('',#6665);
#1885=VERTEX_POINT('',#6671);
#1886=VERTEX_POINT('',#6688);
#1887=VERTEX_POINT('',#6694);
#1888=VERTEX_POINT('',#6711);
#1889=VERTEX_POINT('',#6717);
#1890=VERTEX_POINT('',#6734);
#1891=VERTEX_POINT('',#6740);
#1892=VERTEX_POINT('',#6748);
#1893=VERTEX_POINT('',#6750);
#1894=VERTEX_POINT('',#6754);
#1895=VERTEX_POINT('',#6756);
#1896=VERTEX_POINT('',#6764);
#1897=VERTEX_POINT('',#6765);
#1898=VERTEX_POINT('',#6767);
#1899=VERTEX_POINT('',#6769);
#1900=VERTEX_POINT('',#6771);
#1901=VERTEX_POINT('',#6773);
#1902=VERTEX_POINT('',#6775);
#1903=VERTEX_POINT('',#6777);
#1904=VERTEX_POINT('',#6779);
#1905=VERTEX_POINT('',#6781);
#1906=VERTEX_POINT('',#6783);
#1907=VERTEX_POINT('',#6785);
#1908=VERTEX_POINT('',#6787);
#1909=VERTEX_POINT('',#6789);
#1910=VERTEX_POINT('',#6791);
#1911=VERTEX_POINT('',#6793);
#1912=VERTEX_POINT('',#6795);
#1913=VERTEX_POINT('',#6797);
#1914=VERTEX_POINT('',#6799);
#1915=VERTEX_POINT('',#6801);
#1916=VERTEX_POINT('',#6805);
#1917=VERTEX_POINT('',#6806);
#1918=VERTEX_POINT('',#6811);
#1919=VERTEX_POINT('',#6815);
#1920=VERTEX_POINT('',#6819);
#1921=VERTEX_POINT('',#6823);
#1922=VERTEX_POINT('',#6827);
#1923=VERTEX_POINT('',#6829);
#1924=VERTEX_POINT('',#6838);
#1925=VERTEX_POINT('',#6840);
#1926=VERTEX_POINT('',#6847);
#1927=VERTEX_POINT('',#6848);
#1928=VERTEX_POINT('',#6850);
#1929=VERTEX_POINT('',#6852);
#1930=VERTEX_POINT('',#6854);
#1931=VERTEX_POINT('',#6856);
#1932=VERTEX_POINT('',#6860);
#1933=VERTEX_POINT('',#6862);
#1934=VERTEX_POINT('',#6866);
#1935=VERTEX_POINT('',#6868);
#1936=VERTEX_POINT('',#6872);
#1937=VERTEX_POINT('',#6874);
#1938=VERTEX_POINT('',#6876);
#1939=VERTEX_POINT('',#6880);
#1940=VERTEX_POINT('',#6882);
#1941=VERTEX_POINT('',#6884);
#1942=VERTEX_POINT('',#6886);
#1943=VERTEX_POINT('',#6888);
#1944=VERTEX_POINT('',#6890);
#1945=VERTEX_POINT('',#6892);
#1946=VERTEX_POINT('',#6894);
#1947=VERTEX_POINT('',#6896);
#1948=VERTEX_POINT('',#6898);
#1949=VERTEX_POINT('',#6900);
#1950=VERTEX_POINT('',#6902);
#1951=VERTEX_POINT('',#6904);
#1952=VERTEX_POINT('',#6906);
#1953=VERTEX_POINT('',#6908);
#1954=VERTEX_POINT('',#6910);
#1955=VERTEX_POINT('',#6912);
#1956=VERTEX_POINT('',#6914);
#1957=VERTEX_POINT('',#6921);
#1958=VERTEX_POINT('',#6925);
#1959=VERTEX_POINT('',#6927);
#1960=VERTEX_POINT('',#6929);
#1961=VERTEX_POINT('',#6935);
#1962=VERTEX_POINT('',#6936);
#1963=VERTEX_POINT('',#6938);
#1964=VERTEX_POINT('',#6955);
#1965=VERTEX_POINT('',#6957);
#1966=VERTEX_POINT('',#6959);
#1967=VERTEX_POINT('',#6976);
#1968=VERTEX_POINT('',#6977);
#1969=VERTEX_POINT('',#6979);
#1970=VERTEX_POINT('',#6981);
#1971=VERTEX_POINT('',#6985);
#1972=VERTEX_POINT('',#6987);
#1973=VERTEX_POINT('',#6994);
#1974=VERTEX_POINT('',#6996);
#1975=VERTEX_POINT('',#7003);
#1976=VERTEX_POINT('',#7005);
#1977=VERTEX_POINT('',#7007);
#1978=VERTEX_POINT('',#7009);
#1979=VERTEX_POINT('',#7011);
#1980=VERTEX_POINT('',#7013);
#1981=VERTEX_POINT('',#7018);
#1982=VERTEX_POINT('',#7020);
#1983=VERTEX_POINT('',#7024);
#1984=VERTEX_POINT('',#7028);
#1985=VERTEX_POINT('',#7030);
#1986=VERTEX_POINT('',#7032);
#1987=VERTEX_POINT('',#7108);
#1988=VERTEX_POINT('',#7112);
#1989=VERTEX_POINT('',#7114);
#1990=VERTEX_POINT('',#7171);
#1991=VERTEX_POINT('',#7172);
#1992=VERTEX_POINT('',#7208);
#1993=VERTEX_POINT('',#7214);
#1994=VERTEX_POINT('',#7216);
#1995=VERTEX_POINT('',#7220);
#1996=VERTEX_POINT('',#7221);
#1997=VERTEX_POINT('',#7223);
#1998=VERTEX_POINT('',#7225);
#1999=VERTEX_POINT('',#7229);
#2000=VERTEX_POINT('',#7231);
#2001=VERTEX_POINT('',#7235);
#2002=VERTEX_POINT('',#7237);
#2003=VERTEX_POINT('',#7242);
#2004=VERTEX_POINT('',#7248);
#2005=VERTEX_POINT('',#7250);
#2006=VERTEX_POINT('',#7254);
#2007=VERTEX_POINT('',#7260);
#2008=VERTEX_POINT('',#7261);
#2009=VERTEX_POINT('',#7263);
#2010=VERTEX_POINT('',#7265);
#2011=VERTEX_POINT('',#7268);
#2012=VERTEX_POINT('',#7270);
#2013=VERTEX_POINT('',#7273);
#2014=VERTEX_POINT('',#7275);
#2015=VERTEX_POINT('',#7277);
#2016=VERTEX_POINT('',#7279);
#2017=VERTEX_POINT('',#7281);
#2018=VERTEX_POINT('',#7283);
#2019=VERTEX_POINT('',#7285);
#2020=VERTEX_POINT('',#7297);
#2021=VERTEX_POINT('',#7299);
#2022=VERTEX_POINT('',#7303);
#2023=VERTEX_POINT('',#7305);
#2024=VERTEX_POINT('',#7309);
#2025=VERTEX_POINT('',#7311);
#2026=VERTEX_POINT('',#7313);
#2027=VERTEX_POINT('',#7319);
#2028=VERTEX_POINT('',#7320);
#2029=VERTEX_POINT('',#7322);
#2030=VERTEX_POINT('',#7324);
#2031=VERTEX_POINT('',#7331);
#2032=VERTEX_POINT('',#7332);
#2033=VERTEX_POINT('',#7334);
#2034=VERTEX_POINT('',#7336);
#2035=VERTEX_POINT('',#7338);
#2036=VERTEX_POINT('',#7340);
#2037=VERTEX_POINT('',#7349);
#2038=VERTEX_POINT('',#7350);
#2039=VERTEX_POINT('',#7352);
#2040=VERTEX_POINT('',#7354);
#2041=VERTEX_POINT('',#7360);
#2042=VERTEX_POINT('',#7363);
#2043=VERTEX_POINT('',#7364);
#2044=VERTEX_POINT('',#7366);
#2045=VERTEX_POINT('',#7368);
#2046=VERTEX_POINT('',#7370);
#2047=VERTEX_POINT('',#7372);
#2048=VERTEX_POINT('',#7380);
#2049=VERTEX_POINT('',#7381);
#2050=VERTEX_POINT('',#7383);
#2051=VERTEX_POINT('',#7385);
#2052=VERTEX_POINT('',#7387);
#2053=VERTEX_POINT('',#7389);
#2054=VERTEX_POINT('',#7393);
#2055=VERTEX_POINT('',#7394);
#2056=VERTEX_POINT('',#7396);
#2057=VERTEX_POINT('',#7398);
#2058=VERTEX_POINT('',#7406);
#2059=VERTEX_POINT('',#7407);
#2060=VERTEX_POINT('',#7409);
#2061=VERTEX_POINT('',#7411);
#2062=VERTEX_POINT('',#7413);
#2063=VERTEX_POINT('',#7415);
#2064=VERTEX_POINT('',#7417);
#2065=VERTEX_POINT('',#7445);
#2066=VERTEX_POINT('',#7479);
#2067=VERTEX_POINT('',#7480);
#2068=VERTEX_POINT('',#7482);
#2069=VERTEX_POINT('',#7484);
#2070=VERTEX_POINT('',#7497);
#2071=VERTEX_POINT('',#7503);
#2072=VERTEX_POINT('',#7520);
#2073=VERTEX_POINT('',#7526);
#2074=VERTEX_POINT('',#7543);
#2075=VERTEX_POINT('',#7549);
#2076=VERTEX_POINT('',#7566);
#2077=VERTEX_POINT('',#7572);
#2078=VERTEX_POINT('',#7580);
#2079=VERTEX_POINT('',#7582);
#2080=VERTEX_POINT('',#7589);
#2081=VERTEX_POINT('',#7590);
#2082=VERTEX_POINT('',#7592);
#2083=VERTEX_POINT('',#7594);
#2084=VERTEX_POINT('',#7598);
#2085=VERTEX_POINT('',#7600);
#2086=VERTEX_POINT('',#7604);
#2087=VERTEX_POINT('',#7606);
#2088=VERTEX_POINT('',#7619);
#2089=VERTEX_POINT('',#7625);
#2090=VERTEX_POINT('',#7642);
#2091=VERTEX_POINT('',#7648);
#2092=VERTEX_POINT('',#7665);
#2093=VERTEX_POINT('',#7671);
#2094=VERTEX_POINT('',#7688);
#2095=VERTEX_POINT('',#7694);
#2096=VERTEX_POINT('',#7702);
#2097=VERTEX_POINT('',#7704);
#2098=VERTEX_POINT('',#7713);
#2099=VERTEX_POINT('',#7714);
#2100=VERTEX_POINT('',#7716);
#2101=VERTEX_POINT('',#7718);
#2102=VERTEX_POINT('',#7722);
#2103=VERTEX_POINT('',#7724);
#2104=VERTEX_POINT('',#7728);
#2105=VERTEX_POINT('',#7730);
#2106=VERTEX_POINT('',#7734);
#2107=VERTEX_POINT('',#7736);
#2108=VERTEX_POINT('',#7740);
#2109=VERTEX_POINT('',#7742);
#2110=VERTEX_POINT('',#7746);
#2111=VERTEX_POINT('',#7748);
#2112=VERTEX_POINT('',#7766);
#2113=VERTEX_POINT('',#7767);
#2114=VERTEX_POINT('',#7773);
#2115=VERTEX_POINT('',#7775);
#2116=VERTEX_POINT('',#7792);
#2117=VERTEX_POINT('',#7798);
#2118=VERTEX_POINT('',#7815);
#2119=VERTEX_POINT('',#7821);
#2120=VERTEX_POINT('',#7838);
#2121=VERTEX_POINT('',#7844);
#2122=VERTEX_POINT('',#7852);
#2123=VERTEX_POINT('',#7854);
#2124=VERTEX_POINT('',#7858);
#2125=VERTEX_POINT('',#7860);
#2126=VERTEX_POINT('',#7864);
#2127=VERTEX_POINT('',#7866);
#2128=VERTEX_POINT('',#7879);
#2129=VERTEX_POINT('',#7885);
#2130=VERTEX_POINT('',#7902);
#2131=VERTEX_POINT('',#7908);
#2132=VERTEX_POINT('',#7925);
#2133=VERTEX_POINT('',#7931);
#2134=VERTEX_POINT('',#7948);
#2135=VERTEX_POINT('',#7954);
#2136=VERTEX_POINT('',#7971);
#2137=VERTEX_POINT('',#7977);
#2138=VERTEX_POINT('',#7994);
#2139=VERTEX_POINT('',#8000);
#2140=VERTEX_POINT('',#8017);
#2141=VERTEX_POINT('',#8023);
#2142=VERTEX_POINT('',#8040);
#2143=VERTEX_POINT('',#8046);
#2144=VERTEX_POINT('',#8063);
#2145=VERTEX_POINT('',#8069);
#2146=VERTEX_POINT('',#8077);
#2147=VERTEX_POINT('',#8079);
#2148=VERTEX_POINT('',#8083);
#2149=VERTEX_POINT('',#8085);
#2150=EDGE_CURVE('',#1726,#1727,#874,.T.);
#2151=EDGE_CURVE('',#1728,#1726,#875,.T.);
#2152=EDGE_CURVE('',#1729,#1728,#876,.T.);
#2153=EDGE_CURVE('',#1729,#1727,#877,.T.);
#2154=EDGE_CURVE('',#1730,#1731,#878,.T.);
#2155=EDGE_CURVE('',#1732,#1730,#879,.T.);
#2156=EDGE_CURVE('',#1733,#1732,#880,.T.);
#2157=EDGE_CURVE('',#1731,#1733,#881,.T.);
#2158=EDGE_CURVE('',#1734,#1726,#286,.T.);
#2159=EDGE_CURVE('',#1735,#1734,#882,.T.);
#2160=EDGE_CURVE('',#1736,#1735,#287,.T.);
#2161=EDGE_CURVE('',#1737,#1736,#190,.T.);
#2162=EDGE_CURVE('',#1737,#1728,#109,.T.);
#2163=EDGE_CURVE('',#1727,#1730,#288,.T.);
#2164=EDGE_CURVE('',#1729,#1738,#110,.T.);
#2165=EDGE_CURVE('',#1739,#1738,#191,.T.);
#2166=EDGE_CURVE('',#1732,#1739,#289,.T.);
#2167=EDGE_CURVE('',#1740,#1734,#883,.T.);
#2168=EDGE_CURVE('',#1741,#1740,#884,.T.);
#2169=EDGE_CURVE('',#1735,#1741,#885,.T.);
#2170=EDGE_CURVE('',#1738,#1737,#886,.T.);
#2171=EDGE_CURVE('',#1742,#1743,#887,.T.);
#2172=EDGE_CURVE('',#1743,#1744,#888,.T.);
#2173=EDGE_CURVE('',#1744,#1745,#889,.T.);
#2174=EDGE_CURVE('',#1745,#1742,#890,.T.);
#2175=EDGE_CURVE('',#1746,#1746,#111,.T.);
#2176=EDGE_CURVE('',#1747,#1747,#112,.T.);
#2177=EDGE_CURVE('',#1731,#1748,#891,.T.);
#2178=EDGE_CURVE('',#1748,#1749,#892,.T.);
#2179=EDGE_CURVE('',#1749,#1750,#893,.T.);
#2180=EDGE_CURVE('',#1750,#1751,#290,.T.);
#2181=EDGE_CURVE('',#1751,#1752,#894,.T.);
#2182=EDGE_CURVE('',#1752,#1753,#895,.T.);
#2183=EDGE_CURVE('',#1753,#1754,#896,.T.);
#2184=EDGE_CURVE('',#1754,#1755,#291,.T.);
#2185=EDGE_CURVE('',#1755,#1756,#897,.T.);
#2186=EDGE_CURVE('',#1756,#1757,#898,.T.);
#2187=EDGE_CURVE('',#1757,#1740,#899,.T.);
#2188=EDGE_CURVE('',#1758,#1733,#900,.T.);
#2189=EDGE_CURVE('',#1758,#1748,#901,.T.);
#2190=EDGE_CURVE('',#1759,#1756,#902,.T.);
#2191=EDGE_CURVE('',#1760,#1759,#903,.T.);
#2192=EDGE_CURVE('',#1760,#1757,#904,.T.);
#2193=EDGE_CURVE('',#1741,#1760,#905,.T.);
#2194=EDGE_CURVE('',#1761,#1758,#906,.T.);
#2195=EDGE_CURVE('',#1761,#1749,#907,.T.);
#2196=EDGE_CURVE('',#1762,#1761,#908,.T.);
#2197=EDGE_CURVE('',#1762,#1750,#909,.T.);
#2198=EDGE_CURVE('',#1763,#1762,#292,.T.);
#2199=EDGE_CURVE('',#1763,#1751,#910,.T.);
#2200=EDGE_CURVE('',#1764,#1763,#911,.T.);
#2201=EDGE_CURVE('',#1764,#1752,#912,.T.);
#2202=EDGE_CURVE('',#1765,#1764,#913,.T.);
#2203=EDGE_CURVE('',#1765,#1753,#914,.T.);
#2204=EDGE_CURVE('',#1766,#1765,#915,.T.);
#2205=EDGE_CURVE('',#1766,#1754,#916,.T.);
#2206=EDGE_CURVE('',#1767,#1766,#293,.T.);
#2207=EDGE_CURVE('',#1767,#1755,#917,.T.);
#2208=EDGE_CURVE('',#1759,#1767,#918,.T.);
#2209=EDGE_CURVE('',#1768,#1768,#113,.T.);
#2210=EDGE_CURVE('',#1768,#1769,#919,.T.);
#2211=EDGE_CURVE('',#1769,#1769,#114,.T.);
#2212=EDGE_CURVE('',#1769,#1747,#920,.T.);
#2213=EDGE_CURVE('',#1770,#1770,#115,.T.);
#2214=EDGE_CURVE('',#1770,#1771,#921,.T.);
#2215=EDGE_CURVE('',#1771,#1771,#116,.T.);
#2216=EDGE_CURVE('',#1771,#1746,#922,.T.);
#2217=EDGE_CURVE('',#1742,#1772,#294,.T.);
#2218=EDGE_CURVE('',#1773,#1772,#923,.T.);
#2219=EDGE_CURVE('',#1743,#1773,#295,.T.);
#2220=EDGE_CURVE('',#1774,#1773,#924,.T.);
#2221=EDGE_CURVE('',#1744,#1774,#296,.T.);
#2222=EDGE_CURVE('',#1775,#1774,#925,.T.);
#2223=EDGE_CURVE('',#1745,#1775,#297,.T.);
#2224=EDGE_CURVE('',#1772,#1775,#926,.T.);
#2225=EDGE_CURVE('',#1776,#1777,#927,.T.);
#2226=EDGE_CURVE('',#1777,#1778,#298,.T.);
#2227=EDGE_CURVE('',#1779,#1778,#928,.T.);
#2228=EDGE_CURVE('',#1776,#1779,#299,.T.);
#2229=EDGE_CURVE('',#1736,#1780,#929,.T.);
#2230=EDGE_CURVE('',#1780,#1781,#300,.T.);
#2231=EDGE_CURVE('',#1778,#1781,#930,.T.);
#2232=EDGE_CURVE('',#1777,#1739,#931,.T.);
#2233=EDGE_CURVE('',#1780,#1782,#932,.T.);
#2234=EDGE_CURVE('',#1782,#1783,#301,.T.);
#2235=EDGE_CURVE('',#1781,#1783,#933,.T.);
#2236=EDGE_CURVE('',#1783,#1779,#934,.T.);
#2237=EDGE_CURVE('',#1782,#1776,#935,.T.);
#2238=EDGE_CURVE('',#1784,#1784,#117,.T.);
#2239=EDGE_CURVE('',#1784,#1785,#936,.T.);
#2240=EDGE_CURVE('',#1785,#1785,#118,.T.);
#2241=EDGE_CURVE('',#1786,#1787,#119,.T.);
#2242=EDGE_CURVE('',#1788,#1787,#937,.T.);
#2243=EDGE_CURVE('',#1788,#1789,#120,.T.);
#2244=EDGE_CURVE('',#1789,#1786,#938,.T.);
#2245=EDGE_CURVE('',#1787,#1790,#939,.T.);
#2246=EDGE_CURVE('',#1791,#1790,#940,.T.);
#2247=EDGE_CURVE('',#1788,#1791,#941,.T.);
#2248=EDGE_CURVE('',#1790,#1792,#942,.T.);
#2249=EDGE_CURVE('',#1793,#1792,#943,.T.);
#2250=EDGE_CURVE('',#1793,#1791,#944,.T.);
#2251=EDGE_CURVE('',#1792,#1794,#945,.T.);
#2252=EDGE_CURVE('',#1795,#1794,#946,.T.);
#2253=EDGE_CURVE('',#1793,#1795,#947,.T.);
#2254=EDGE_CURVE('',#1794,#1796,#121,.T.);
#2255=EDGE_CURVE('',#1797,#1796,#948,.T.);
#2256=EDGE_CURVE('',#1797,#1795,#122,.T.);
#2257=EDGE_CURVE('',#1796,#1786,#949,.T.);
#2258=EDGE_CURVE('',#1797,#1789,#950,.T.);
#2259=EDGE_CURVE('',#1798,#1798,#123,.T.);
#2260=EDGE_CURVE('',#1798,#1799,#951,.T.);
#2261=EDGE_CURVE('',#1799,#1799,#124,.T.);
#2262=EDGE_CURVE('',#1800,#1801,#952,.T.);
#2263=EDGE_CURVE('',#1802,#1801,#953,.T.);
#2264=EDGE_CURVE('',#1803,#1802,#954,.T.);
#2265=EDGE_CURVE('',#1803,#1800,#955,.T.);
#2266=EDGE_CURVE('',#1801,#1804,#125,.T.);
#2267=EDGE_CURVE('',#1805,#1804,#956,.T.);
#2268=EDGE_CURVE('',#1805,#1802,#126,.T.);
#2269=EDGE_CURVE('',#1804,#1806,#957,.T.);
#2270=EDGE_CURVE('',#1807,#1806,#958,.T.);
#2271=EDGE_CURVE('',#1805,#1807,#959,.T.);
#2272=EDGE_CURVE('',#1806,#1808,#960,.T.);
#2273=EDGE_CURVE('',#1809,#1808,#961,.T.);
#2274=EDGE_CURVE('',#1807,#1809,#962,.T.);
#2275=EDGE_CURVE('',#1808,#1810,#963,.T.);
#2276=EDGE_CURVE('',#1811,#1810,#964,.T.);
#2277=EDGE_CURVE('',#1809,#1811,#965,.T.);
#2278=EDGE_CURVE('',#1810,#1800,#127,.T.);
#2279=EDGE_CURVE('',#1803,#1811,#128,.T.);
#2280=EDGE_CURVE('',#1812,#1813,#966,.T.);
#2281=EDGE_CURVE('',#1812,#1814,#967,.T.);
#2282=EDGE_CURVE('',#1814,#1815,#968,.T.);
#2283=EDGE_CURVE('',#1813,#1815,#969,.T.);
#2284=EDGE_CURVE('',#1816,#1812,#192,.T.);
#2285=EDGE_CURVE('',#1816,#1817,#970,.T.);
#2286=EDGE_CURVE('',#1817,#1814,#193,.T.);
#2287=EDGE_CURVE('',#1818,#1816,#194,.T.);
#2288=EDGE_CURVE('',#1818,#1819,#971,.T.);
#2289=EDGE_CURVE('',#1819,#1817,#195,.T.);
#2290=EDGE_CURVE('',#1820,#1818,#196,.T.);
#2291=EDGE_CURVE('',#1820,#1821,#972,.T.);
#2292=EDGE_CURVE('',#1821,#1819,#197,.T.);
#2293=EDGE_CURVE('',#1822,#1820,#198,.T.);
#2294=EDGE_CURVE('',#1822,#1823,#973,.T.);
#2295=EDGE_CURVE('',#1823,#1821,#199,.T.);
#2296=EDGE_CURVE('',#1824,#1822,#974,.T.);
#2297=EDGE_CURVE('',#1824,#1825,#975,.T.);
#2298=EDGE_CURVE('',#1825,#1823,#976,.T.);
#2299=EDGE_CURVE('',#1813,#1824,#977,.T.);
#2300=EDGE_CURVE('',#1815,#1825,#978,.T.);
#2301=EDGE_CURVE('',#1826,#1827,#979,.T.);
#2302=EDGE_CURVE('',#1826,#1828,#980,.T.);
#2303=EDGE_CURVE('',#1828,#1829,#981,.T.);
#2304=EDGE_CURVE('',#1827,#1829,#982,.T.);
#2305=EDGE_CURVE('',#1830,#1826,#983,.T.);
#2306=EDGE_CURVE('',#1830,#1831,#984,.T.);
#2307=EDGE_CURVE('',#1831,#1828,#985,.T.);
#2308=EDGE_CURVE('',#1832,#1830,#986,.T.);
#2309=EDGE_CURVE('',#1832,#1833,#987,.T.);
#2310=EDGE_CURVE('',#1833,#1831,#988,.T.);
#2311=EDGE_CURVE('',#1834,#1832,#200,.T.);
#2312=EDGE_CURVE('',#1834,#1835,#989,.T.);
#2313=EDGE_CURVE('',#1835,#1833,#201,.T.);
#2314=EDGE_CURVE('',#1836,#1834,#202,.T.);
#2315=EDGE_CURVE('',#1836,#1837,#990,.T.);
#2316=EDGE_CURVE('',#1837,#1835,#203,.T.);
#2317=EDGE_CURVE('',#1838,#1836,#204,.T.);
#2318=EDGE_CURVE('',#1838,#1839,#991,.T.);
#2319=EDGE_CURVE('',#1839,#1837,#205,.T.);
#2320=EDGE_CURVE('',#1840,#1838,#206,.T.);
#2321=EDGE_CURVE('',#1840,#1841,#992,.T.);
#2322=EDGE_CURVE('',#1841,#1839,#207,.T.);
#2323=EDGE_CURVE('',#1842,#1840,#993,.T.);
#2324=EDGE_CURVE('',#1842,#1843,#994,.T.);
#2325=EDGE_CURVE('',#1843,#1841,#995,.T.);
#2326=EDGE_CURVE('',#1827,#1842,#996,.T.);
#2327=EDGE_CURVE('',#1829,#1843,#997,.T.);
#2328=EDGE_CURVE('',#1844,#1845,#998,.T.);
#2329=EDGE_CURVE('',#1844,#1846,#999,.T.);
#2330=EDGE_CURVE('',#1846,#1847,#1000,.T.);
#2331=EDGE_CURVE('',#1845,#1847,#1001,.T.);
#2332=EDGE_CURVE('',#1848,#1844,#1002,.T.);
#2333=EDGE_CURVE('',#1848,#1849,#1003,.T.);
#2334=EDGE_CURVE('',#1849,#1846,#1004,.T.);
#2335=EDGE_CURVE('',#1850,#1848,#1005,.T.);
#2336=EDGE_CURVE('',#1850,#1851,#1006,.T.);
#2337=EDGE_CURVE('',#1851,#1849,#1007,.T.);
#2338=EDGE_CURVE('',#1852,#1850,#1008,.T.);
#2339=EDGE_CURVE('',#1852,#1853,#1009,.T.);
#2340=EDGE_CURVE('',#1853,#1851,#1010,.T.);
#2341=EDGE_CURVE('',#1854,#1852,#1011,.T.);
#2342=EDGE_CURVE('',#1854,#1855,#1012,.T.);
#2343=EDGE_CURVE('',#1855,#1853,#1013,.T.);
#2344=EDGE_CURVE('',#1856,#1854,#1014,.T.);
#2345=EDGE_CURVE('',#1856,#1857,#1015,.T.);
#2346=EDGE_CURVE('',#1857,#1855,#1016,.T.);
#2347=EDGE_CURVE('',#1845,#1856,#1017,.T.);
#2348=EDGE_CURVE('',#1847,#1857,#1018,.T.);
#2349=EDGE_CURVE('',#1858,#1859,#208,.T.);
#2350=EDGE_CURVE('',#1858,#1860,#1019,.T.);
#2351=EDGE_CURVE('',#1860,#1861,#209,.T.);
#2352=EDGE_CURVE('',#1859,#1861,#1020,.T.);
#2353=EDGE_CURVE('',#1862,#1858,#210,.T.);
#2354=EDGE_CURVE('',#1862,#1863,#1021,.T.);
#2355=EDGE_CURVE('',#1863,#1860,#211,.T.);
#2356=EDGE_CURVE('',#1864,#1862,#212,.T.);
#2357=EDGE_CURVE('',#1864,#1865,#1022,.T.);
#2358=EDGE_CURVE('',#1865,#1863,#213,.T.);
#2359=EDGE_CURVE('',#1866,#1864,#214,.T.);
#2360=EDGE_CURVE('',#1866,#1867,#1023,.T.);
#2361=EDGE_CURVE('',#1867,#1865,#215,.T.);
#2362=EDGE_CURVE('',#1868,#1866,#1024,.T.);
#2363=EDGE_CURVE('',#1868,#1869,#1025,.T.);
#2364=EDGE_CURVE('',#1869,#1867,#1026,.T.);
#2365=EDGE_CURVE('',#1870,#1868,#1027,.T.);
#2366=EDGE_CURVE('',#1870,#1871,#1028,.T.);
#2367=EDGE_CURVE('',#1871,#1869,#1029,.T.);
#2368=EDGE_CURVE('',#1872,#1870,#1030,.T.);
#2369=EDGE_CURVE('',#1872,#1873,#1031,.T.);
#2370=EDGE_CURVE('',#1873,#1871,#1032,.T.);
#2371=EDGE_CURVE('',#1874,#1872,#216,.T.);
#2372=EDGE_CURVE('',#1874,#1875,#1033,.T.);
#2373=EDGE_CURVE('',#1875,#1873,#217,.T.);
#2374=EDGE_CURVE('',#1876,#1874,#218,.T.);
#2375=EDGE_CURVE('',#1876,#1877,#1034,.T.);
#2376=EDGE_CURVE('',#1877,#1875,#219,.T.);
#2377=EDGE_CURVE('',#1878,#1876,#220,.T.);
#2378=EDGE_CURVE('',#1878,#1879,#1035,.T.);
#2379=EDGE_CURVE('',#1879,#1877,#221,.T.);
#2380=EDGE_CURVE('',#1880,#1878,#222,.T.);
#2381=EDGE_CURVE('',#1880,#1881,#1036,.T.);
#2382=EDGE_CURVE('',#1881,#1879,#223,.T.);
#2383=EDGE_CURVE('',#1882,#1880,#224,.T.);
#2384=EDGE_CURVE('',#1882,#1883,#1037,.T.);
#2385=EDGE_CURVE('',#1883,#1881,#225,.T.);
#2386=EDGE_CURVE('',#1884,#1882,#226,.T.);
#2387=EDGE_CURVE('',#1884,#1885,#1038,.T.);
#2388=EDGE_CURVE('',#1885,#1883,#227,.T.);
#2389=EDGE_CURVE('',#1886,#1884,#228,.T.);
#2390=EDGE_CURVE('',#1886,#1887,#1039,.T.);
#2391=EDGE_CURVE('',#1887,#1885,#229,.T.);
#2392=EDGE_CURVE('',#1888,#1886,#230,.T.);
#2393=EDGE_CURVE('',#1888,#1889,#1040,.T.);
#2394=EDGE_CURVE('',#1889,#1887,#231,.T.);
#2395=EDGE_CURVE('',#1890,#1888,#232,.T.);
#2396=EDGE_CURVE('',#1890,#1891,#1041,.T.);
#2397=EDGE_CURVE('',#1891,#1889,#233,.T.);
#2398=EDGE_CURVE('',#1892,#1890,#1042,.T.);
#2399=EDGE_CURVE('',#1892,#1893,#1043,.T.);
#2400=EDGE_CURVE('',#1893,#1891,#1044,.T.);
#2401=EDGE_CURVE('',#1894,#1892,#1045,.T.);
#2402=EDGE_CURVE('',#1894,#1895,#1046,.T.);
#2403=EDGE_CURVE('',#1895,#1893,#1047,.T.);
#2404=EDGE_CURVE('',#1859,#1894,#1048,.T.);
#2405=EDGE_CURVE('',#1861,#1895,#1049,.T.);
#2406=EDGE_CURVE('',#1896,#1897,#129,.T.);
#2407=EDGE_CURVE('',#1897,#1898,#1050,.T.);
#2408=EDGE_CURVE('',#1898,#1899,#1051,.T.);
#2409=EDGE_CURVE('',#1899,#1900,#1052,.T.);
#2410=EDGE_CURVE('',#1900,#1901,#130,.T.);
#2411=EDGE_CURVE('',#1901,#1902,#1053,.T.);
#2412=EDGE_CURVE('',#1902,#1903,#1054,.T.);
#2413=EDGE_CURVE('',#1903,#1904,#1055,.T.);
#2414=EDGE_CURVE('',#1904,#1905,#131,.T.);
#2415=EDGE_CURVE('',#1905,#1906,#1056,.T.);
#2416=EDGE_CURVE('',#1906,#1907,#1057,.T.);
#2417=EDGE_CURVE('',#1907,#1908,#1058,.T.);
#2418=EDGE_CURVE('',#1908,#1909,#1059,.T.);
#2419=EDGE_CURVE('',#1910,#1909,#1060,.T.);
#2420=EDGE_CURVE('',#1910,#1911,#132,.T.);
#2421=EDGE_CURVE('',#1911,#1912,#1061,.T.);
#2422=EDGE_CURVE('',#1912,#1913,#133,.T.);
#2423=EDGE_CURVE('',#1913,#1914,#1062,.T.);
#2424=EDGE_CURVE('',#1914,#1915,#134,.T.);
#2425=EDGE_CURVE('',#1915,#1896,#1063,.T.);
#2426=EDGE_CURVE('',#1916,#1917,#1064,.T.);
#2427=EDGE_CURVE('',#1896,#1916,#1065,.T.);
#2428=EDGE_CURVE('',#1915,#1917,#1066,.T.);
#2429=EDGE_CURVE('',#1917,#1918,#135,.T.);
#2430=EDGE_CURVE('',#1914,#1918,#1067,.T.);
#2431=EDGE_CURVE('',#1918,#1919,#1068,.T.);
#2432=EDGE_CURVE('',#1913,#1919,#1069,.T.);
#2433=EDGE_CURVE('',#1919,#1920,#136,.T.);
#2434=EDGE_CURVE('',#1912,#1920,#1070,.T.);
#2435=EDGE_CURVE('',#1920,#1921,#1071,.T.);
#2436=EDGE_CURVE('',#1911,#1921,#1072,.T.);
#2437=EDGE_CURVE('',#1921,#1922,#137,.T.);
#2438=EDGE_CURVE('',#1923,#1910,#1073,.T.);
#2439=EDGE_CURVE('',#1922,#1923,#234,.T.);
#2440=EDGE_CURVE('',#1924,#1916,#138,.T.);
#2441=EDGE_CURVE('',#1925,#1924,#235,.T.);
#2442=EDGE_CURVE('',#1925,#1897,#1074,.T.);
#2443=EDGE_CURVE('',#1926,#1927,#1075,.T.);
#2444=EDGE_CURVE('',#1928,#1926,#1076,.T.);
#2445=EDGE_CURVE('',#1928,#1929,#1077,.T.);
#2446=EDGE_CURVE('',#1930,#1929,#1078,.T.);
#2447=EDGE_CURVE('',#1931,#1930,#1079,.T.);
#2448=EDGE_CURVE('',#1927,#1931,#1080,.T.);
#2449=EDGE_CURVE('',#1932,#1928,#1081,.T.);
#2450=EDGE_CURVE('',#1933,#1932,#1082,.T.);
#2451=EDGE_CURVE('',#1929,#1933,#1083,.T.);
#2452=EDGE_CURVE('',#1934,#1922,#1084,.T.);
#2453=EDGE_CURVE('',#1935,#1934,#1085,.T.);
#2454=EDGE_CURVE('',#1935,#1924,#1086,.T.);
#2455=EDGE_CURVE('',#1936,#1909,#1087,.T.);
#2456=EDGE_CURVE('',#1937,#1936,#1088,.T.);
#2457=EDGE_CURVE('',#1937,#1938,#1089,.T.);
#2458=EDGE_CURVE('',#1938,#1923,#139,.T.);
#2459=EDGE_CURVE('',#1939,#1927,#1090,.T.);
#2460=EDGE_CURVE('',#1940,#1939,#140,.T.);
#2461=EDGE_CURVE('',#1941,#1940,#1091,.T.);
#2462=EDGE_CURVE('',#1942,#1941,#141,.T.);
#2463=EDGE_CURVE('',#1943,#1942,#1092,.T.);
#2464=EDGE_CURVE('',#1944,#1943,#142,.T.);
#2465=EDGE_CURVE('',#1945,#1944,#1093,.T.);
#2466=EDGE_CURVE('',#1946,#1945,#143,.T.);
#2467=EDGE_CURVE('',#1947,#1946,#1094,.T.);
#2468=EDGE_CURVE('',#1947,#1948,#1095,.T.);
#2469=EDGE_CURVE('',#1949,#1948,#1096,.T.);
#2470=EDGE_CURVE('',#1950,#1949,#144,.T.);
#2471=EDGE_CURVE('',#1951,#1950,#1097,.T.);
#2472=EDGE_CURVE('',#1952,#1951,#145,.T.);
#2473=EDGE_CURVE('',#1953,#1952,#1098,.T.);
#2474=EDGE_CURVE('',#1954,#1953,#146,.T.);
#2475=EDGE_CURVE('',#1955,#1954,#1099,.T.);
#2476=EDGE_CURVE('',#1956,#1955,#147,.T.);
#2477=EDGE_CURVE('',#1926,#1956,#1100,.T.);
#2478=EDGE_CURVE('',#1898,#1947,#1101,.T.);
#2479=EDGE_CURVE('',#1946,#1899,#1102,.T.);
#2480=EDGE_CURVE('',#1957,#1931,#1103,.T.);
#2481=EDGE_CURVE('',#1939,#1957,#1104,.T.);
#2482=EDGE_CURVE('',#1933,#1958,#1105,.T.);
#2483=EDGE_CURVE('',#1959,#1958,#1106,.T.);
#2484=EDGE_CURVE('',#1959,#1960,#1107,.T.);
#2485=EDGE_CURVE('',#1930,#1960,#1108,.T.);
#2486=EDGE_CURVE('',#1960,#1957,#1109,.T.);
#2487=EDGE_CURVE('',#1961,#1962,#1110,.T.);
#2488=EDGE_CURVE('',#1962,#1963,#236,.T.);
#2489=EDGE_CURVE('',#1963,#1964,#148,.T.);
#2490=EDGE_CURVE('',#1964,#1965,#1111,.T.);
#2491=EDGE_CURVE('',#1965,#1966,#149,.T.);
#2492=EDGE_CURVE('',#1966,#1961,#237,.T.);
#2493=EDGE_CURVE('',#1967,#1968,#1112,.T.);
#2494=EDGE_CURVE('',#1968,#1969,#302,.T.);
#2495=EDGE_CURVE('',#1969,#1970,#1113,.T.);
#2496=EDGE_CURVE('',#1967,#1970,#303,.T.);
#2497=EDGE_CURVE('',#1968,#1971,#1114,.T.);
#2498=EDGE_CURVE('',#1971,#1972,#150,.T.);
#2499=EDGE_CURVE('',#1972,#1969,#1115,.T.);
#2500=EDGE_CURVE('',#1962,#1972,#151,.T.);
#2501=EDGE_CURVE('',#1971,#1963,#152,.T.);
#2502=EDGE_CURVE('',#1966,#1973,#153,.T.);
#2503=EDGE_CURVE('',#1973,#1974,#154,.T.);
#2504=EDGE_CURVE('',#1974,#1961,#155,.T.);
#2505=EDGE_CURVE('',#1970,#1974,#1116,.T.);
#2506=EDGE_CURVE('',#1973,#1967,#1117,.T.);
#2507=EDGE_CURVE('',#1975,#1972,#1118,.T.);
#2508=EDGE_CURVE('',#1976,#1975,#156,.T.);
#2509=EDGE_CURVE('',#1977,#1976,#1119,.T.);
#2510=EDGE_CURVE('',#1977,#1978,#1120,.T.);
#2511=EDGE_CURVE('',#1979,#1978,#1121,.T.);
#2512=EDGE_CURVE('',#1980,#1979,#157,.T.);
#2513=EDGE_CURVE('',#1951,#1980,#1122,.T.);
#2514=EDGE_CURVE('',#1974,#1950,#1123,.T.);
#2515=EDGE_CURVE('',#1981,#1968,#1124,.T.);
#2516=EDGE_CURVE('',#1982,#1981,#1125,.T.);
#2517=EDGE_CURVE('',#1982,#1964,#1126,.T.);
#2518=EDGE_CURVE('',#1983,#1967,#1127,.T.);
#2519=EDGE_CURVE('',#1981,#1983,#1128,.T.);
#2520=EDGE_CURVE('',#1975,#1984,#158,.T.);
#2521=EDGE_CURVE('',#1984,#1985,#159,.T.);
#2522=EDGE_CURVE('',#1985,#1986,#160,.T.);
#2523=EDGE_CURVE('',#1986,#1976,#161,.T.);
#2524=EDGE_CURVE('',#1975,#1976,#238,.T.);
#2525=EDGE_CURVE('',#1986,#1984,#239,.T.);
#2526=EDGE_CURVE('',#1987,#1987,#162,.T.);
#2527=EDGE_CURVE('',#1987,#1985,#1129,.T.);
#2528=EDGE_CURVE('',#1979,#1988,#163,.T.);
#2529=EDGE_CURVE('',#1988,#1989,#164,.T.);
#2530=EDGE_CURVE('',#1989,#1980,#165,.T.);
#2531=EDGE_CURVE('',#1990,#1991,#240,.T.);
#2532=EDGE_CURVE('',#1991,#1988,#241,.T.);
#2533=EDGE_CURVE('',#1979,#1980,#242,.T.);
#2534=EDGE_CURVE('',#1989,#1990,#243,.T.);
#2535=EDGE_CURVE('',#1990,#1991,#166,.T.);
#2536=EDGE_CURVE('',#1992,#1982,#1130,.T.);
#2537=EDGE_CURVE('',#1992,#1965,#1131,.T.);
#2538=EDGE_CURVE('',#1983,#1992,#1132,.T.);
#2539=EDGE_CURVE('',#1978,#1993,#167,.T.);
#2540=EDGE_CURVE('',#1994,#1993,#304,.T.);
#2541=EDGE_CURVE('',#1994,#1952,#1133,.T.);
#2542=EDGE_CURVE('',#1995,#1996,#305,.T.);
#2543=EDGE_CURVE('',#1997,#1995,#1134,.T.);
#2544=EDGE_CURVE('',#1997,#1998,#168,.T.);
#2545=EDGE_CURVE('',#1998,#1996,#1135,.T.);
#2546=EDGE_CURVE('',#1996,#1999,#1136,.T.);
#2547=EDGE_CURVE('',#2000,#1998,#1137,.T.);
#2548=EDGE_CURVE('',#2000,#1999,#1138,.T.);
#2549=EDGE_CURVE('',#1999,#2001,#306,.T.);
#2550=EDGE_CURVE('',#2000,#2002,#169,.T.);
#2551=EDGE_CURVE('',#2002,#2001,#1139,.T.);
#2552=EDGE_CURVE('',#2001,#1937,#1140,.T.);
#2553=EDGE_CURVE('',#2003,#2002,#1141,.T.);
#2554=EDGE_CURVE('',#2003,#1938,#1142,.T.);
#2555=EDGE_CURVE('',#2003,#1934,#170,.T.);
#2556=EDGE_CURVE('',#1935,#2004,#171,.T.);
#2557=EDGE_CURVE('',#2004,#2005,#1143,.T.);
#2558=EDGE_CURVE('',#1925,#2005,#172,.T.);
#2559=EDGE_CURVE('',#2006,#1995,#1144,.T.);
#2560=EDGE_CURVE('',#2005,#2006,#1145,.T.);
#2561=EDGE_CURVE('',#1997,#2004,#1146,.T.);
#2562=EDGE_CURVE('',#2007,#2008,#307,.T.);
#2563=EDGE_CURVE('',#2008,#2009,#1147,.T.);
#2564=EDGE_CURVE('',#2009,#2010,#308,.T.);
#2565=EDGE_CURVE('',#2010,#1994,#1148,.T.);
#2566=EDGE_CURVE('',#1993,#2011,#1149,.T.);
#2567=EDGE_CURVE('',#2011,#2012,#309,.T.);
#2568=EDGE_CURVE('',#2012,#2007,#1150,.T.);
#2569=EDGE_CURVE('',#1936,#2013,#1151,.T.);
#2570=EDGE_CURVE('',#2013,#2014,#1152,.T.);
#2571=EDGE_CURVE('',#2014,#2015,#310,.T.);
#2572=EDGE_CURVE('',#2015,#2016,#1153,.T.);
#2573=EDGE_CURVE('',#2016,#2017,#1154,.T.);
#2574=EDGE_CURVE('',#2017,#2018,#1155,.T.);
#2575=EDGE_CURVE('',#2018,#2019,#311,.T.);
#2576=EDGE_CURVE('',#2019,#1959,#1156,.T.);
#2577=EDGE_CURVE('',#1958,#2006,#1157,.T.);
#2578=EDGE_CURVE('',#1949,#2012,#1158,.T.);
#2579=EDGE_CURVE('',#2011,#1977,#173,.T.);
#2580=EDGE_CURVE('',#2007,#1956,#1159,.T.);
#2581=EDGE_CURVE('',#1948,#1932,#1160,.T.);
#2582=EDGE_CURVE('',#2016,#2020,#1161,.T.);
#2583=EDGE_CURVE('',#2021,#2020,#1162,.T.);
#2584=EDGE_CURVE('',#2021,#2017,#1163,.T.);
#2585=EDGE_CURVE('',#2022,#2019,#1164,.T.);
#2586=EDGE_CURVE('',#2023,#2022,#1165,.F.);
#2587=EDGE_CURVE('',#1957,#2023,#1166,.T.);
#2588=EDGE_CURVE('',#2024,#2021,#1167,.T.);
#2589=EDGE_CURVE('',#2024,#2025,#1168,.T.);
#2590=EDGE_CURVE('',#2026,#2025,#1169,.F.);
#2591=EDGE_CURVE('',#2018,#2026,#1170,.T.);
#2592=EDGE_CURVE('',#2022,#2026,#174,.F.);
#2593=EDGE_CURVE('',#2027,#2028,#175,.F.);
#2594=EDGE_CURVE('',#2028,#2029,#1171,.F.);
#2595=EDGE_CURVE('',#2029,#2030,#176,.F.);
#2596=EDGE_CURVE('',#2030,#2027,#1172,.F.);
#2597=EDGE_CURVE('',#1899,#2029,#1173,.T.);
#2598=EDGE_CURVE('',#1945,#1902,#1174,.T.);
#2599=EDGE_CURVE('',#1902,#2030,#1175,.T.);
#2600=EDGE_CURVE('',#2031,#2032,#312,.T.);
#2601=EDGE_CURVE('',#2032,#2033,#313,.T.);
#2602=EDGE_CURVE('',#2033,#2034,#177,.T.);
#2603=EDGE_CURVE('',#2034,#2035,#314,.T.);
#2604=EDGE_CURVE('',#2035,#2036,#315,.T.);
#2605=EDGE_CURVE('',#2036,#2031,#178,.T.);
#2606=EDGE_CURVE('',#1901,#2027,#1176,.T.);
#2607=EDGE_CURVE('',#1900,#2028,#1177,.T.);
#2608=EDGE_CURVE('',#2037,#2038,#1178,.F.);
#2609=EDGE_CURVE('',#2038,#2039,#179,.F.);
#2610=EDGE_CURVE('',#2039,#2040,#1179,.F.);
#2611=EDGE_CURVE('',#2040,#2037,#180,.F.);
#2612=EDGE_CURVE('',#1907,#2038,#1180,.T.);
#2613=EDGE_CURVE('',#1942,#1907,#1181,.T.);
#2614=EDGE_CURVE('',#1941,#2041,#1182,.T.);
#2615=EDGE_CURVE('',#2041,#2039,#1183,.T.);
#2616=EDGE_CURVE('',#2042,#2043,#316,.T.);
#2617=EDGE_CURVE('',#2043,#2044,#317,.T.);
#2618=EDGE_CURVE('',#2044,#2045,#181,.T.);
#2619=EDGE_CURVE('',#2045,#2046,#318,.T.);
#2620=EDGE_CURVE('',#2046,#2047,#319,.T.);
#2621=EDGE_CURVE('',#2047,#2042,#182,.T.);
#2622=EDGE_CURVE('',#2025,#2023,#183,.F.);
#2623=EDGE_CURVE('',#1940,#2024,#1184,.T.);
#2624=EDGE_CURVE('',#2048,#2049,#320,.T.);
#2625=EDGE_CURVE('',#2049,#2050,#321,.T.);
#2626=EDGE_CURVE('',#2050,#2051,#184,.T.);
#2627=EDGE_CURVE('',#2051,#2052,#322,.T.);
#2628=EDGE_CURVE('',#2052,#2053,#323,.T.);
#2629=EDGE_CURVE('',#2053,#2048,#185,.T.);
#2630=EDGE_CURVE('',#2054,#2055,#186,.F.);
#2631=EDGE_CURVE('',#2055,#2056,#1185,.F.);
#2632=EDGE_CURVE('',#2056,#2057,#187,.F.);
#2633=EDGE_CURVE('',#2057,#2054,#1186,.F.);
#2634=EDGE_CURVE('',#1903,#2056,#1187,.T.);
#2635=EDGE_CURVE('',#1944,#1903,#1188,.T.);
#2636=EDGE_CURVE('',#1943,#1906,#1189,.T.);
#2637=EDGE_CURVE('',#1906,#2057,#1190,.T.);
#2638=EDGE_CURVE('',#2058,#2059,#324,.T.);
#2639=EDGE_CURVE('',#2059,#2060,#1191,.T.);
#2640=EDGE_CURVE('',#2060,#2061,#325,.T.);
#2641=EDGE_CURVE('',#2061,#2062,#188,.T.);
#2642=EDGE_CURVE('',#2062,#2063,#326,.T.);
#2643=EDGE_CURVE('',#2063,#2064,#327,.T.);
#2644=EDGE_CURVE('',#2064,#2058,#189,.T.);
#2645=EDGE_CURVE('',#1905,#2054,#1192,.T.);
#2646=EDGE_CURVE('',#1904,#2055,#1193,.T.);
#2647=EDGE_CURVE('',#2041,#2024,#1194,.T.);
#2648=EDGE_CURVE('',#2020,#2041,#1195,.T.);
#2649=EDGE_CURVE('',#2053,#2048,#1196,.T.);
#2650=EDGE_CURVE('',#2050,#2051,#1197,.T.);
#2651=EDGE_CURVE('',#2061,#2062,#1198,.T.);
#2652=EDGE_CURVE('',#2064,#2058,#1199,.T.);
#2653=EDGE_CURVE('',#2044,#2045,#1200,.T.);
#2654=EDGE_CURVE('',#2047,#2042,#1201,.T.);
#2655=EDGE_CURVE('',#2046,#2043,#1202,.T.);
#2656=EDGE_CURVE('',#2065,#2060,#1203,.T.);
#2657=EDGE_CURVE('',#2063,#2065,#1204,.T.);
#2658=EDGE_CURVE('',#2059,#2065,#1205,.T.);
#2659=EDGE_CURVE('',#2052,#2049,#1206,.T.);
#2660=EDGE_CURVE('',#2033,#2034,#1207,.T.);
#2661=EDGE_CURVE('',#2035,#2032,#1208,.T.);
#2662=EDGE_CURVE('',#2036,#2031,#1209,.T.);
#2663=EDGE_CURVE('',#1955,#2008,#1210,.T.);
#2664=EDGE_CURVE('',#2009,#1954,#1211,.T.);
#2665=EDGE_CURVE('',#1953,#2010,#1212,.T.);
#2666=EDGE_CURVE('',#1908,#2013,#1213,.T.);
#2667=EDGE_CURVE('',#2014,#2037,#1214,.T.);
#2668=EDGE_CURVE('',#2015,#2040,#1215,.T.);
#2669=EDGE_CURVE('',#2066,#2067,#1216,.T.);
#2670=EDGE_CURVE('',#2067,#2068,#1217,.T.);
#2671=EDGE_CURVE('',#2069,#2068,#1218,.T.);
#2672=EDGE_CURVE('',#2066,#2069,#1219,.T.);
#2673=EDGE_CURVE('',#2070,#2066,#244,.T.);
#2674=EDGE_CURVE('',#2071,#2069,#245,.T.);
#2675=EDGE_CURVE('',#2070,#2071,#1220,.T.);
#2676=EDGE_CURVE('',#2072,#2070,#246,.T.);
#2677=EDGE_CURVE('',#2073,#2071,#247,.T.);
#2678=EDGE_CURVE('',#2072,#2073,#1221,.T.);
#2679=EDGE_CURVE('',#2074,#2072,#248,.T.);
#2680=EDGE_CURVE('',#2075,#2073,#249,.T.);
#2681=EDGE_CURVE('',#2074,#2075,#1222,.T.);
#2682=EDGE_CURVE('',#2076,#2074,#250,.T.);
#2683=EDGE_CURVE('',#2077,#2075,#251,.T.);
#2684=EDGE_CURVE('',#2076,#2077,#1223,.T.);
#2685=EDGE_CURVE('',#2078,#2076,#1224,.T.);
#2686=EDGE_CURVE('',#2079,#2077,#1225,.T.);
#2687=EDGE_CURVE('',#2078,#2079,#1226,.T.);
#2688=EDGE_CURVE('',#2067,#2078,#1227,.T.);
#2689=EDGE_CURVE('',#2068,#2079,#1228,.T.);
#2690=EDGE_CURVE('',#2080,#2081,#1229,.T.);
#2691=EDGE_CURVE('',#2081,#2082,#1230,.T.);
#2692=EDGE_CURVE('',#2083,#2082,#1231,.T.);
#2693=EDGE_CURVE('',#2080,#2083,#1232,.T.);
#2694=EDGE_CURVE('',#2084,#2080,#1233,.T.);
#2695=EDGE_CURVE('',#2085,#2083,#1234,.T.);
#2696=EDGE_CURVE('',#2084,#2085,#1235,.T.);
#2697=EDGE_CURVE('',#2086,#2084,#1236,.T.);
#2698=EDGE_CURVE('',#2087,#2085,#1237,.T.);
#2699=EDGE_CURVE('',#2086,#2087,#1238,.T.);
#2700=EDGE_CURVE('',#2088,#2086,#252,.T.);
#2701=EDGE_CURVE('',#2089,#2087,#253,.T.);
#2702=EDGE_CURVE('',#2088,#2089,#1239,.T.);
#2703=EDGE_CURVE('',#2090,#2088,#254,.T.);
#2704=EDGE_CURVE('',#2091,#2089,#255,.T.);
#2705=EDGE_CURVE('',#2090,#2091,#1240,.T.);
#2706=EDGE_CURVE('',#2092,#2090,#256,.T.);
#2707=EDGE_CURVE('',#2093,#2091,#257,.T.);
#2708=EDGE_CURVE('',#2092,#2093,#1241,.T.);
#2709=EDGE_CURVE('',#2094,#2092,#258,.T.);
#2710=EDGE_CURVE('',#2095,#2093,#259,.T.);
#2711=EDGE_CURVE('',#2094,#2095,#1242,.T.);
#2712=EDGE_CURVE('',#2096,#2094,#1243,.T.);
#2713=EDGE_CURVE('',#2097,#2095,#1244,.T.);
#2714=EDGE_CURVE('',#2096,#2097,#1245,.T.);
#2715=EDGE_CURVE('',#2081,#2096,#1246,.T.);
#2716=EDGE_CURVE('',#2082,#2097,#1247,.T.);
#2717=EDGE_CURVE('',#2098,#2099,#1248,.T.);
#2718=EDGE_CURVE('',#2098,#2100,#1249,.T.);
#2719=EDGE_CURVE('',#2101,#2100,#1250,.T.);
#2720=EDGE_CURVE('',#2099,#2101,#1251,.T.);
#2721=EDGE_CURVE('',#2099,#2102,#1252,.T.);
#2722=EDGE_CURVE('',#2103,#2101,#1253,.T.);
#2723=EDGE_CURVE('',#2102,#2103,#1254,.T.);
#2724=EDGE_CURVE('',#2102,#2104,#1255,.T.);
#2725=EDGE_CURVE('',#2105,#2103,#1256,.T.);
#2726=EDGE_CURVE('',#2104,#2105,#1257,.T.);
#2727=EDGE_CURVE('',#2104,#2106,#1258,.T.);
#2728=EDGE_CURVE('',#2107,#2105,#1259,.T.);
#2729=EDGE_CURVE('',#2106,#2107,#1260,.T.);
#2730=EDGE_CURVE('',#2106,#2108,#1261,.T.);
#2731=EDGE_CURVE('',#2109,#2107,#1262,.T.);
#2732=EDGE_CURVE('',#2108,#2109,#1263,.T.);
#2733=EDGE_CURVE('',#2108,#2110,#1264,.T.);
#2734=EDGE_CURVE('',#2111,#2109,#1265,.T.);
#2735=EDGE_CURVE('',#2110,#2111,#1266,.T.);
#2736=EDGE_CURVE('',#2110,#2098,#1267,.T.);
#2737=EDGE_CURVE('',#2100,#2111,#1268,.T.);
#2738=EDGE_CURVE('',#2112,#2113,#260,.T.);
#2739=EDGE_CURVE('',#2113,#2114,#1269,.T.);
#2740=EDGE_CURVE('',#2115,#2114,#261,.T.);
#2741=EDGE_CURVE('',#2112,#2115,#1270,.T.);
#2742=EDGE_CURVE('',#2116,#2112,#262,.T.);
#2743=EDGE_CURVE('',#2117,#2115,#263,.T.);
#2744=EDGE_CURVE('',#2116,#2117,#1271,.T.);
#2745=EDGE_CURVE('',#2118,#2116,#264,.T.);
#2746=EDGE_CURVE('',#2119,#2117,#265,.T.);
#2747=EDGE_CURVE('',#2118,#2119,#1272,.T.);
#2748=EDGE_CURVE('',#2120,#2118,#266,.T.);
#2749=EDGE_CURVE('',#2121,#2119,#267,.T.);
#2750=EDGE_CURVE('',#2120,#2121,#1273,.T.);
#2751=EDGE_CURVE('',#2122,#2120,#1274,.T.);
#2752=EDGE_CURVE('',#2123,#2121,#1275,.T.);
#2753=EDGE_CURVE('',#2122,#2123,#1276,.T.);
#2754=EDGE_CURVE('',#2124,#2122,#1277,.T.);
#2755=EDGE_CURVE('',#2125,#2123,#1278,.T.);
#2756=EDGE_CURVE('',#2124,#2125,#1279,.T.);
#2757=EDGE_CURVE('',#2126,#2124,#1280,.T.);
#2758=EDGE_CURVE('',#2127,#2125,#1281,.T.);
#2759=EDGE_CURVE('',#2126,#2127,#1282,.T.);
#2760=EDGE_CURVE('',#2128,#2126,#268,.T.);
#2761=EDGE_CURVE('',#2129,#2127,#269,.T.);
#2762=EDGE_CURVE('',#2128,#2129,#1283,.T.);
#2763=EDGE_CURVE('',#2130,#2128,#270,.T.);
#2764=EDGE_CURVE('',#2131,#2129,#271,.T.);
#2765=EDGE_CURVE('',#2130,#2131,#1284,.T.);
#2766=EDGE_CURVE('',#2132,#2130,#272,.T.);
#2767=EDGE_CURVE('',#2133,#2131,#273,.T.);
#2768=EDGE_CURVE('',#2132,#2133,#1285,.T.);
#2769=EDGE_CURVE('',#2134,#2132,#274,.T.);
#2770=EDGE_CURVE('',#2135,#2133,#275,.T.);
#2771=EDGE_CURVE('',#2134,#2135,#1286,.T.);
#2772=EDGE_CURVE('',#2136,#2134,#276,.T.);
#2773=EDGE_CURVE('',#2137,#2135,#277,.T.);
#2774=EDGE_CURVE('',#2136,#2137,#1287,.T.);
#2775=EDGE_CURVE('',#2138,#2136,#278,.T.);
#2776=EDGE_CURVE('',#2139,#2137,#279,.T.);
#2777=EDGE_CURVE('',#2138,#2139,#1288,.T.);
#2778=EDGE_CURVE('',#2140,#2138,#280,.T.);
#2779=EDGE_CURVE('',#2141,#2139,#281,.T.);
#2780=EDGE_CURVE('',#2140,#2141,#1289,.T.);
#2781=EDGE_CURVE('',#2142,#2140,#282,.T.);
#2782=EDGE_CURVE('',#2143,#2141,#283,.T.);
#2783=EDGE_CURVE('',#2142,#2143,#1290,.T.);
#2784=EDGE_CURVE('',#2144,#2142,#284,.T.);
#2785=EDGE_CURVE('',#2145,#2143,#285,.T.);
#2786=EDGE_CURVE('',#2144,#2145,#1291,.T.);
#2787=EDGE_CURVE('',#2146,#2144,#1292,.T.);
#2788=EDGE_CURVE('',#2147,#2145,#1293,.T.);
#2789=EDGE_CURVE('',#2146,#2147,#1294,.T.);
#2790=EDGE_CURVE('',#2148,#2146,#1295,.T.);
#2791=EDGE_CURVE('',#2149,#2147,#1296,.T.);
#2792=EDGE_CURVE('',#2148,#2149,#1297,.T.);
#2793=EDGE_CURVE('',#2113,#2148,#1298,.T.);
#2794=EDGE_CURVE('',#2114,#2149,#1299,.T.);
#2795=ORIENTED_EDGE('',*,*,#2150,.F.);
#2796=ORIENTED_EDGE('',*,*,#2151,.F.);
#2797=ORIENTED_EDGE('',*,*,#2152,.F.);
#2798=ORIENTED_EDGE('',*,*,#2153,.T.);
#2799=ORIENTED_EDGE('',*,*,#2154,.F.);
#2800=ORIENTED_EDGE('',*,*,#2155,.F.);
#2801=ORIENTED_EDGE('',*,*,#2156,.F.);
#2802=ORIENTED_EDGE('',*,*,#2157,.F.);
#2803=ORIENTED_EDGE('',*,*,#2158,.F.);
#2804=ORIENTED_EDGE('',*,*,#2159,.F.);
#2805=ORIENTED_EDGE('',*,*,#2160,.F.);
#2806=ORIENTED_EDGE('',*,*,#2161,.F.);
#2807=ORIENTED_EDGE('',*,*,#2162,.T.);
#2808=ORIENTED_EDGE('',*,*,#2151,.T.);
#2809=ORIENTED_EDGE('',*,*,#2163,.F.);
#2810=ORIENTED_EDGE('',*,*,#2153,.F.);
#2811=ORIENTED_EDGE('',*,*,#2164,.T.);
#2812=ORIENTED_EDGE('',*,*,#2165,.F.);
#2813=ORIENTED_EDGE('',*,*,#2166,.F.);
#2814=ORIENTED_EDGE('',*,*,#2155,.T.);
#2815=ORIENTED_EDGE('',*,*,#2167,.F.);
#2816=ORIENTED_EDGE('',*,*,#2168,.F.);
#2817=ORIENTED_EDGE('',*,*,#2169,.F.);
#2818=ORIENTED_EDGE('',*,*,#2159,.T.);
#2819=ORIENTED_EDGE('',*,*,#2170,.F.);
#2820=ORIENTED_EDGE('',*,*,#2164,.F.);
#2821=ORIENTED_EDGE('',*,*,#2152,.T.);
#2822=ORIENTED_EDGE('',*,*,#2162,.F.);
#2823=ORIENTED_EDGE('',*,*,#2171,.T.);
#2824=ORIENTED_EDGE('',*,*,#2172,.T.);
#2825=ORIENTED_EDGE('',*,*,#2173,.T.);
#2826=ORIENTED_EDGE('',*,*,#2174,.T.);
#2827=ORIENTED_EDGE('',*,*,#2175,.T.);
#2828=ORIENTED_EDGE('',*,*,#2176,.T.);
#2829=ORIENTED_EDGE('',*,*,#2167,.T.);
#2830=ORIENTED_EDGE('',*,*,#2158,.T.);
#2831=ORIENTED_EDGE('',*,*,#2150,.T.);
#2832=ORIENTED_EDGE('',*,*,#2163,.T.);
#2833=ORIENTED_EDGE('',*,*,#2154,.T.);
#2834=ORIENTED_EDGE('',*,*,#2177,.T.);
#2835=ORIENTED_EDGE('',*,*,#2178,.T.);
#2836=ORIENTED_EDGE('',*,*,#2179,.T.);
#2837=ORIENTED_EDGE('',*,*,#2180,.T.);
#2838=ORIENTED_EDGE('',*,*,#2181,.T.);
#2839=ORIENTED_EDGE('',*,*,#2182,.T.);
#2840=ORIENTED_EDGE('',*,*,#2183,.T.);
#2841=ORIENTED_EDGE('',*,*,#2184,.T.);
#2842=ORIENTED_EDGE('',*,*,#2185,.T.);
#2843=ORIENTED_EDGE('',*,*,#2186,.T.);
#2844=ORIENTED_EDGE('',*,*,#2187,.T.);
#2845=ORIENTED_EDGE('',*,*,#2157,.T.);
#2846=ORIENTED_EDGE('',*,*,#2188,.F.);
#2847=ORIENTED_EDGE('',*,*,#2189,.T.);
#2848=ORIENTED_EDGE('',*,*,#2177,.F.);
#2849=ORIENTED_EDGE('',*,*,#2186,.F.);
#2850=ORIENTED_EDGE('',*,*,#2190,.F.);
#2851=ORIENTED_EDGE('',*,*,#2191,.F.);
#2852=ORIENTED_EDGE('',*,*,#2192,.T.);
#2853=ORIENTED_EDGE('',*,*,#2168,.T.);
#2854=ORIENTED_EDGE('',*,*,#2187,.F.);
#2855=ORIENTED_EDGE('',*,*,#2192,.F.);
#2856=ORIENTED_EDGE('',*,*,#2193,.F.);
#2857=ORIENTED_EDGE('',*,*,#2178,.F.);
#2858=ORIENTED_EDGE('',*,*,#2189,.F.);
#2859=ORIENTED_EDGE('',*,*,#2194,.F.);
#2860=ORIENTED_EDGE('',*,*,#2195,.T.);
#2861=ORIENTED_EDGE('',*,*,#2179,.F.);
#2862=ORIENTED_EDGE('',*,*,#2195,.F.);
#2863=ORIENTED_EDGE('',*,*,#2196,.F.);
#2864=ORIENTED_EDGE('',*,*,#2197,.T.);
#2865=ORIENTED_EDGE('',*,*,#2180,.F.);
#2866=ORIENTED_EDGE('',*,*,#2197,.F.);
#2867=ORIENTED_EDGE('',*,*,#2198,.F.);
#2868=ORIENTED_EDGE('',*,*,#2199,.T.);
#2869=ORIENTED_EDGE('',*,*,#2181,.F.);
#2870=ORIENTED_EDGE('',*,*,#2199,.F.);
#2871=ORIENTED_EDGE('',*,*,#2200,.F.);
#2872=ORIENTED_EDGE('',*,*,#2201,.T.);
#2873=ORIENTED_EDGE('',*,*,#2182,.F.);
#2874=ORIENTED_EDGE('',*,*,#2201,.F.);
#2875=ORIENTED_EDGE('',*,*,#2202,.F.);
#2876=ORIENTED_EDGE('',*,*,#2203,.T.);
#2877=ORIENTED_EDGE('',*,*,#2183,.F.);
#2878=ORIENTED_EDGE('',*,*,#2203,.F.);
#2879=ORIENTED_EDGE('',*,*,#2204,.F.);
#2880=ORIENTED_EDGE('',*,*,#2205,.T.);
#2881=ORIENTED_EDGE('',*,*,#2184,.F.);
#2882=ORIENTED_EDGE('',*,*,#2205,.F.);
#2883=ORIENTED_EDGE('',*,*,#2206,.F.);
#2884=ORIENTED_EDGE('',*,*,#2207,.T.);
#2885=ORIENTED_EDGE('',*,*,#2185,.F.);
#2886=ORIENTED_EDGE('',*,*,#2207,.F.);
#2887=ORIENTED_EDGE('',*,*,#2208,.F.);
#2888=ORIENTED_EDGE('',*,*,#2190,.T.);
#2889=ORIENTED_EDGE('',*,*,#2209,.F.);
#2890=ORIENTED_EDGE('',*,*,#2210,.T.);
#2891=ORIENTED_EDGE('',*,*,#2211,.T.);
#2892=ORIENTED_EDGE('',*,*,#2210,.F.);
#2893=ORIENTED_EDGE('',*,*,#2211,.F.);
#2894=ORIENTED_EDGE('',*,*,#2212,.T.);
#2895=ORIENTED_EDGE('',*,*,#2176,.F.);
#2896=ORIENTED_EDGE('',*,*,#2212,.F.);
#2897=ORIENTED_EDGE('',*,*,#2213,.F.);
#2898=ORIENTED_EDGE('',*,*,#2214,.T.);
#2899=ORIENTED_EDGE('',*,*,#2215,.T.);
#2900=ORIENTED_EDGE('',*,*,#2214,.F.);
#2901=ORIENTED_EDGE('',*,*,#2215,.F.);
#2902=ORIENTED_EDGE('',*,*,#2216,.T.);
#2903=ORIENTED_EDGE('',*,*,#2175,.F.);
#2904=ORIENTED_EDGE('',*,*,#2216,.F.);
#2905=ORIENTED_EDGE('',*,*,#2171,.F.);
#2906=ORIENTED_EDGE('',*,*,#2217,.T.);
#2907=ORIENTED_EDGE('',*,*,#2218,.F.);
#2908=ORIENTED_EDGE('',*,*,#2219,.F.);
#2909=ORIENTED_EDGE('',*,*,#2172,.F.);
#2910=ORIENTED_EDGE('',*,*,#2219,.T.);
#2911=ORIENTED_EDGE('',*,*,#2220,.F.);
#2912=ORIENTED_EDGE('',*,*,#2221,.F.);
#2913=ORIENTED_EDGE('',*,*,#2173,.F.);
#2914=ORIENTED_EDGE('',*,*,#2221,.T.);
#2915=ORIENTED_EDGE('',*,*,#2222,.F.);
#2916=ORIENTED_EDGE('',*,*,#2223,.F.);
#2917=ORIENTED_EDGE('',*,*,#2224,.F.);
#2918=ORIENTED_EDGE('',*,*,#2217,.F.);
#2919=ORIENTED_EDGE('',*,*,#2174,.F.);
#2920=ORIENTED_EDGE('',*,*,#2223,.T.);
#2921=ORIENTED_EDGE('',*,*,#2225,.T.);
#2922=ORIENTED_EDGE('',*,*,#2226,.T.);
#2923=ORIENTED_EDGE('',*,*,#2227,.F.);
#2924=ORIENTED_EDGE('',*,*,#2228,.F.);
#2925=ORIENTED_EDGE('',*,*,#2161,.T.);
#2926=ORIENTED_EDGE('',*,*,#2229,.T.);
#2927=ORIENTED_EDGE('',*,*,#2230,.T.);
#2928=ORIENTED_EDGE('',*,*,#2231,.F.);
#2929=ORIENTED_EDGE('',*,*,#2226,.F.);
#2930=ORIENTED_EDGE('',*,*,#2232,.T.);
#2931=ORIENTED_EDGE('',*,*,#2165,.T.);
#2932=ORIENTED_EDGE('',*,*,#2170,.T.);
#2933=ORIENTED_EDGE('',*,*,#2233,.T.);
#2934=ORIENTED_EDGE('',*,*,#2234,.T.);
#2935=ORIENTED_EDGE('',*,*,#2235,.F.);
#2936=ORIENTED_EDGE('',*,*,#2230,.F.);
#2937=ORIENTED_EDGE('',*,*,#2236,.F.);
#2938=ORIENTED_EDGE('',*,*,#2234,.F.);
#2939=ORIENTED_EDGE('',*,*,#2237,.T.);
#2940=ORIENTED_EDGE('',*,*,#2228,.T.);
#2941=ORIENTED_EDGE('',*,*,#2169,.T.);
#2942=ORIENTED_EDGE('',*,*,#2193,.T.);
#2943=ORIENTED_EDGE('',*,*,#2191,.T.);
#2944=ORIENTED_EDGE('',*,*,#2208,.T.);
#2945=ORIENTED_EDGE('',*,*,#2206,.T.);
#2946=ORIENTED_EDGE('',*,*,#2204,.T.);
#2947=ORIENTED_EDGE('',*,*,#2202,.T.);
#2948=ORIENTED_EDGE('',*,*,#2200,.T.);
#2949=ORIENTED_EDGE('',*,*,#2198,.T.);
#2950=ORIENTED_EDGE('',*,*,#2196,.T.);
#2951=ORIENTED_EDGE('',*,*,#2194,.T.);
#2952=ORIENTED_EDGE('',*,*,#2188,.T.);
#2953=ORIENTED_EDGE('',*,*,#2156,.T.);
#2954=ORIENTED_EDGE('',*,*,#2166,.T.);
#2955=ORIENTED_EDGE('',*,*,#2232,.F.);
#2956=ORIENTED_EDGE('',*,*,#2225,.F.);
#2957=ORIENTED_EDGE('',*,*,#2237,.F.);
#2958=ORIENTED_EDGE('',*,*,#2233,.F.);
#2959=ORIENTED_EDGE('',*,*,#2229,.F.);
#2960=ORIENTED_EDGE('',*,*,#2160,.T.);
#2961=ORIENTED_EDGE('',*,*,#2209,.T.);
#2962=ORIENTED_EDGE('',*,*,#2213,.T.);
#2963=ORIENTED_EDGE('',*,*,#2227,.T.);
#2964=ORIENTED_EDGE('',*,*,#2231,.T.);
#2965=ORIENTED_EDGE('',*,*,#2235,.T.);
#2966=ORIENTED_EDGE('',*,*,#2236,.T.);
#2967=ORIENTED_EDGE('',*,*,#2218,.T.);
#2968=ORIENTED_EDGE('',*,*,#2224,.T.);
#2969=ORIENTED_EDGE('',*,*,#2222,.T.);
#2970=ORIENTED_EDGE('',*,*,#2220,.T.);
#2971=ORIENTED_EDGE('',*,*,#2238,.F.);
#2972=ORIENTED_EDGE('',*,*,#2239,.T.);
#2973=ORIENTED_EDGE('',*,*,#2240,.F.);
#2974=ORIENTED_EDGE('',*,*,#2239,.F.);
#2975=ORIENTED_EDGE('',*,*,#2241,.T.);
#2976=ORIENTED_EDGE('',*,*,#2242,.F.);
#2977=ORIENTED_EDGE('',*,*,#2243,.T.);
#2978=ORIENTED_EDGE('',*,*,#2244,.T.);
#2979=ORIENTED_EDGE('',*,*,#2245,.T.);
#2980=ORIENTED_EDGE('',*,*,#2246,.F.);
#2981=ORIENTED_EDGE('',*,*,#2247,.F.);
#2982=ORIENTED_EDGE('',*,*,#2242,.T.);
#2983=ORIENTED_EDGE('',*,*,#2248,.T.);
#2984=ORIENTED_EDGE('',*,*,#2249,.F.);
#2985=ORIENTED_EDGE('',*,*,#2250,.T.);
#2986=ORIENTED_EDGE('',*,*,#2246,.T.);
#2987=ORIENTED_EDGE('',*,*,#2251,.T.);
#2988=ORIENTED_EDGE('',*,*,#2252,.F.);
#2989=ORIENTED_EDGE('',*,*,#2253,.F.);
#2990=ORIENTED_EDGE('',*,*,#2249,.T.);
#2991=ORIENTED_EDGE('',*,*,#2254,.T.);
#2992=ORIENTED_EDGE('',*,*,#2255,.F.);
#2993=ORIENTED_EDGE('',*,*,#2256,.T.);
#2994=ORIENTED_EDGE('',*,*,#2252,.T.);
#2995=ORIENTED_EDGE('',*,*,#2257,.T.);
#2996=ORIENTED_EDGE('',*,*,#2244,.F.);
#2997=ORIENTED_EDGE('',*,*,#2258,.F.);
#2998=ORIENTED_EDGE('',*,*,#2255,.T.);
#2999=ORIENTED_EDGE('',*,*,#2250,.F.);
#3000=ORIENTED_EDGE('',*,*,#2253,.T.);
#3001=ORIENTED_EDGE('',*,*,#2256,.F.);
#3002=ORIENTED_EDGE('',*,*,#2258,.T.);
#3003=ORIENTED_EDGE('',*,*,#2243,.F.);
#3004=ORIENTED_EDGE('',*,*,#2247,.T.);
#3005=ORIENTED_EDGE('',*,*,#2240,.T.);
#3006=ORIENTED_EDGE('',*,*,#2251,.F.);
#3007=ORIENTED_EDGE('',*,*,#2248,.F.);
#3008=ORIENTED_EDGE('',*,*,#2245,.F.);
#3009=ORIENTED_EDGE('',*,*,#2241,.F.);
#3010=ORIENTED_EDGE('',*,*,#2257,.F.);
#3011=ORIENTED_EDGE('',*,*,#2254,.F.);
#3012=ORIENTED_EDGE('',*,*,#2238,.T.);
#3013=ORIENTED_EDGE('',*,*,#2259,.F.);
#3014=ORIENTED_EDGE('',*,*,#2260,.T.);
#3015=ORIENTED_EDGE('',*,*,#2261,.F.);
#3016=ORIENTED_EDGE('',*,*,#2260,.F.);
#3017=ORIENTED_EDGE('',*,*,#2262,.T.);
#3018=ORIENTED_EDGE('',*,*,#2263,.F.);
#3019=ORIENTED_EDGE('',*,*,#2264,.F.);
#3020=ORIENTED_EDGE('',*,*,#2265,.T.);
#3021=ORIENTED_EDGE('',*,*,#2266,.T.);
#3022=ORIENTED_EDGE('',*,*,#2267,.F.);
#3023=ORIENTED_EDGE('',*,*,#2268,.T.);
#3024=ORIENTED_EDGE('',*,*,#2263,.T.);
#3025=ORIENTED_EDGE('',*,*,#2269,.T.);
#3026=ORIENTED_EDGE('',*,*,#2270,.F.);
#3027=ORIENTED_EDGE('',*,*,#2271,.F.);
#3028=ORIENTED_EDGE('',*,*,#2267,.T.);
#3029=ORIENTED_EDGE('',*,*,#2272,.T.);
#3030=ORIENTED_EDGE('',*,*,#2273,.F.);
#3031=ORIENTED_EDGE('',*,*,#2274,.F.);
#3032=ORIENTED_EDGE('',*,*,#2270,.T.);
#3033=ORIENTED_EDGE('',*,*,#2275,.T.);
#3034=ORIENTED_EDGE('',*,*,#2276,.F.);
#3035=ORIENTED_EDGE('',*,*,#2277,.F.);
#3036=ORIENTED_EDGE('',*,*,#2273,.T.);
#3037=ORIENTED_EDGE('',*,*,#2278,.T.);
#3038=ORIENTED_EDGE('',*,*,#2265,.F.);
#3039=ORIENTED_EDGE('',*,*,#2279,.T.);
#3040=ORIENTED_EDGE('',*,*,#2276,.T.);
#3041=ORIENTED_EDGE('',*,*,#2271,.T.);
#3042=ORIENTED_EDGE('',*,*,#2274,.T.);
#3043=ORIENTED_EDGE('',*,*,#2277,.T.);
#3044=ORIENTED_EDGE('',*,*,#2279,.F.);
#3045=ORIENTED_EDGE('',*,*,#2264,.T.);
#3046=ORIENTED_EDGE('',*,*,#2268,.F.);
#3047=ORIENTED_EDGE('',*,*,#2261,.T.);
#3048=ORIENTED_EDGE('',*,*,#2272,.F.);
#3049=ORIENTED_EDGE('',*,*,#2269,.F.);
#3050=ORIENTED_EDGE('',*,*,#2266,.F.);
#3051=ORIENTED_EDGE('',*,*,#2262,.F.);
#3052=ORIENTED_EDGE('',*,*,#2278,.F.);
#3053=ORIENTED_EDGE('',*,*,#2275,.F.);
#3054=ORIENTED_EDGE('',*,*,#2259,.T.);
#3055=ORIENTED_EDGE('',*,*,#2280,.F.);
#3056=ORIENTED_EDGE('',*,*,#2281,.T.);
#3057=ORIENTED_EDGE('',*,*,#2282,.T.);
#3058=ORIENTED_EDGE('',*,*,#2283,.F.);
#3059=ORIENTED_EDGE('',*,*,#2284,.F.);
#3060=ORIENTED_EDGE('',*,*,#2285,.T.);
#3061=ORIENTED_EDGE('',*,*,#2286,.T.);
#3062=ORIENTED_EDGE('',*,*,#2281,.F.);
#3063=ORIENTED_EDGE('',*,*,#2287,.F.);
#3064=ORIENTED_EDGE('',*,*,#2288,.T.);
#3065=ORIENTED_EDGE('',*,*,#2289,.T.);
#3066=ORIENTED_EDGE('',*,*,#2285,.F.);
#3067=ORIENTED_EDGE('',*,*,#2290,.F.);
#3068=ORIENTED_EDGE('',*,*,#2291,.T.);
#3069=ORIENTED_EDGE('',*,*,#2292,.T.);
#3070=ORIENTED_EDGE('',*,*,#2288,.F.);
#3071=ORIENTED_EDGE('',*,*,#2293,.F.);
#3072=ORIENTED_EDGE('',*,*,#2294,.T.);
#3073=ORIENTED_EDGE('',*,*,#2295,.T.);
#3074=ORIENTED_EDGE('',*,*,#2291,.F.);
#3075=ORIENTED_EDGE('',*,*,#2296,.F.);
#3076=ORIENTED_EDGE('',*,*,#2297,.T.);
#3077=ORIENTED_EDGE('',*,*,#2298,.T.);
#3078=ORIENTED_EDGE('',*,*,#2294,.F.);
#3079=ORIENTED_EDGE('',*,*,#2299,.F.);
#3080=ORIENTED_EDGE('',*,*,#2283,.T.);
#3081=ORIENTED_EDGE('',*,*,#2300,.T.);
#3082=ORIENTED_EDGE('',*,*,#2297,.F.);
#3083=ORIENTED_EDGE('',*,*,#2301,.F.);
#3084=ORIENTED_EDGE('',*,*,#2302,.T.);
#3085=ORIENTED_EDGE('',*,*,#2303,.T.);
#3086=ORIENTED_EDGE('',*,*,#2304,.F.);
#3087=ORIENTED_EDGE('',*,*,#2305,.F.);
#3088=ORIENTED_EDGE('',*,*,#2306,.T.);
#3089=ORIENTED_EDGE('',*,*,#2307,.T.);
#3090=ORIENTED_EDGE('',*,*,#2302,.F.);
#3091=ORIENTED_EDGE('',*,*,#2308,.F.);
#3092=ORIENTED_EDGE('',*,*,#2309,.T.);
#3093=ORIENTED_EDGE('',*,*,#2310,.T.);
#3094=ORIENTED_EDGE('',*,*,#2306,.F.);
#3095=ORIENTED_EDGE('',*,*,#2311,.F.);
#3096=ORIENTED_EDGE('',*,*,#2312,.T.);
#3097=ORIENTED_EDGE('',*,*,#2313,.T.);
#3098=ORIENTED_EDGE('',*,*,#2309,.F.);
#3099=ORIENTED_EDGE('',*,*,#2314,.F.);
#3100=ORIENTED_EDGE('',*,*,#2315,.T.);
#3101=ORIENTED_EDGE('',*,*,#2316,.T.);
#3102=ORIENTED_EDGE('',*,*,#2312,.F.);
#3103=ORIENTED_EDGE('',*,*,#2317,.F.);
#3104=ORIENTED_EDGE('',*,*,#2318,.T.);
#3105=ORIENTED_EDGE('',*,*,#2319,.T.);
#3106=ORIENTED_EDGE('',*,*,#2315,.F.);
#3107=ORIENTED_EDGE('',*,*,#2320,.F.);
#3108=ORIENTED_EDGE('',*,*,#2321,.T.);
#3109=ORIENTED_EDGE('',*,*,#2322,.T.);
#3110=ORIENTED_EDGE('',*,*,#2318,.F.);
#3111=ORIENTED_EDGE('',*,*,#2323,.F.);
#3112=ORIENTED_EDGE('',*,*,#2324,.T.);
#3113=ORIENTED_EDGE('',*,*,#2325,.T.);
#3114=ORIENTED_EDGE('',*,*,#2321,.F.);
#3115=ORIENTED_EDGE('',*,*,#2326,.F.);
#3116=ORIENTED_EDGE('',*,*,#2304,.T.);
#3117=ORIENTED_EDGE('',*,*,#2327,.T.);
#3118=ORIENTED_EDGE('',*,*,#2324,.F.);
#3119=ORIENTED_EDGE('',*,*,#2327,.F.);
#3120=ORIENTED_EDGE('',*,*,#2303,.F.);
#3121=ORIENTED_EDGE('',*,*,#2307,.F.);
#3122=ORIENTED_EDGE('',*,*,#2310,.F.);
#3123=ORIENTED_EDGE('',*,*,#2313,.F.);
#3124=ORIENTED_EDGE('',*,*,#2316,.F.);
#3125=ORIENTED_EDGE('',*,*,#2319,.F.);
#3126=ORIENTED_EDGE('',*,*,#2322,.F.);
#3127=ORIENTED_EDGE('',*,*,#2325,.F.);
#3128=ORIENTED_EDGE('',*,*,#2300,.F.);
#3129=ORIENTED_EDGE('',*,*,#2282,.F.);
#3130=ORIENTED_EDGE('',*,*,#2286,.F.);
#3131=ORIENTED_EDGE('',*,*,#2289,.F.);
#3132=ORIENTED_EDGE('',*,*,#2292,.F.);
#3133=ORIENTED_EDGE('',*,*,#2295,.F.);
#3134=ORIENTED_EDGE('',*,*,#2298,.F.);
#3135=ORIENTED_EDGE('',*,*,#2328,.F.);
#3136=ORIENTED_EDGE('',*,*,#2329,.T.);
#3137=ORIENTED_EDGE('',*,*,#2330,.T.);
#3138=ORIENTED_EDGE('',*,*,#2331,.F.);
#3139=ORIENTED_EDGE('',*,*,#2332,.F.);
#3140=ORIENTED_EDGE('',*,*,#2333,.T.);
#3141=ORIENTED_EDGE('',*,*,#2334,.T.);
#3142=ORIENTED_EDGE('',*,*,#2329,.F.);
#3143=ORIENTED_EDGE('',*,*,#2335,.F.);
#3144=ORIENTED_EDGE('',*,*,#2336,.T.);
#3145=ORIENTED_EDGE('',*,*,#2337,.T.);
#3146=ORIENTED_EDGE('',*,*,#2333,.F.);
#3147=ORIENTED_EDGE('',*,*,#2338,.F.);
#3148=ORIENTED_EDGE('',*,*,#2339,.T.);
#3149=ORIENTED_EDGE('',*,*,#2340,.T.);
#3150=ORIENTED_EDGE('',*,*,#2336,.F.);
#3151=ORIENTED_EDGE('',*,*,#2341,.F.);
#3152=ORIENTED_EDGE('',*,*,#2342,.T.);
#3153=ORIENTED_EDGE('',*,*,#2343,.T.);
#3154=ORIENTED_EDGE('',*,*,#2339,.F.);
#3155=ORIENTED_EDGE('',*,*,#2344,.F.);
#3156=ORIENTED_EDGE('',*,*,#2345,.T.);
#3157=ORIENTED_EDGE('',*,*,#2346,.T.);
#3158=ORIENTED_EDGE('',*,*,#2342,.F.);
#3159=ORIENTED_EDGE('',*,*,#2347,.F.);
#3160=ORIENTED_EDGE('',*,*,#2331,.T.);
#3161=ORIENTED_EDGE('',*,*,#2348,.T.);
#3162=ORIENTED_EDGE('',*,*,#2345,.F.);
#3163=ORIENTED_EDGE('',*,*,#2348,.F.);
#3164=ORIENTED_EDGE('',*,*,#2330,.F.);
#3165=ORIENTED_EDGE('',*,*,#2334,.F.);
#3166=ORIENTED_EDGE('',*,*,#2337,.F.);
#3167=ORIENTED_EDGE('',*,*,#2340,.F.);
#3168=ORIENTED_EDGE('',*,*,#2343,.F.);
#3169=ORIENTED_EDGE('',*,*,#2346,.F.);
#3170=ORIENTED_EDGE('',*,*,#2349,.F.);
#3171=ORIENTED_EDGE('',*,*,#2350,.T.);
#3172=ORIENTED_EDGE('',*,*,#2351,.T.);
#3173=ORIENTED_EDGE('',*,*,#2352,.F.);
#3174=ORIENTED_EDGE('',*,*,#2353,.F.);
#3175=ORIENTED_EDGE('',*,*,#2354,.T.);
#3176=ORIENTED_EDGE('',*,*,#2355,.T.);
#3177=ORIENTED_EDGE('',*,*,#2350,.F.);
#3178=ORIENTED_EDGE('',*,*,#2356,.F.);
#3179=ORIENTED_EDGE('',*,*,#2357,.T.);
#3180=ORIENTED_EDGE('',*,*,#2358,.T.);
#3181=ORIENTED_EDGE('',*,*,#2354,.F.);
#3182=ORIENTED_EDGE('',*,*,#2359,.F.);
#3183=ORIENTED_EDGE('',*,*,#2360,.T.);
#3184=ORIENTED_EDGE('',*,*,#2361,.T.);
#3185=ORIENTED_EDGE('',*,*,#2357,.F.);
#3186=ORIENTED_EDGE('',*,*,#2362,.F.);
#3187=ORIENTED_EDGE('',*,*,#2363,.T.);
#3188=ORIENTED_EDGE('',*,*,#2364,.T.);
#3189=ORIENTED_EDGE('',*,*,#2360,.F.);
#3190=ORIENTED_EDGE('',*,*,#2365,.F.);
#3191=ORIENTED_EDGE('',*,*,#2366,.T.);
#3192=ORIENTED_EDGE('',*,*,#2367,.T.);
#3193=ORIENTED_EDGE('',*,*,#2363,.F.);
#3194=ORIENTED_EDGE('',*,*,#2368,.F.);
#3195=ORIENTED_EDGE('',*,*,#2369,.T.);
#3196=ORIENTED_EDGE('',*,*,#2370,.T.);
#3197=ORIENTED_EDGE('',*,*,#2366,.F.);
#3198=ORIENTED_EDGE('',*,*,#2371,.F.);
#3199=ORIENTED_EDGE('',*,*,#2372,.T.);
#3200=ORIENTED_EDGE('',*,*,#2373,.T.);
#3201=ORIENTED_EDGE('',*,*,#2369,.F.);
#3202=ORIENTED_EDGE('',*,*,#2374,.F.);
#3203=ORIENTED_EDGE('',*,*,#2375,.T.);
#3204=ORIENTED_EDGE('',*,*,#2376,.T.);
#3205=ORIENTED_EDGE('',*,*,#2372,.F.);
#3206=ORIENTED_EDGE('',*,*,#2377,.F.);
#3207=ORIENTED_EDGE('',*,*,#2378,.T.);
#3208=ORIENTED_EDGE('',*,*,#2379,.T.);
#3209=ORIENTED_EDGE('',*,*,#2375,.F.);
#3210=ORIENTED_EDGE('',*,*,#2380,.F.);
#3211=ORIENTED_EDGE('',*,*,#2381,.T.);
#3212=ORIENTED_EDGE('',*,*,#2382,.T.);
#3213=ORIENTED_EDGE('',*,*,#2378,.F.);
#3214=ORIENTED_EDGE('',*,*,#2383,.F.);
#3215=ORIENTED_EDGE('',*,*,#2384,.T.);
#3216=ORIENTED_EDGE('',*,*,#2385,.T.);
#3217=ORIENTED_EDGE('',*,*,#2381,.F.);
#3218=ORIENTED_EDGE('',*,*,#2386,.F.);
#3219=ORIENTED_EDGE('',*,*,#2387,.T.);
#3220=ORIENTED_EDGE('',*,*,#2388,.T.);
#3221=ORIENTED_EDGE('',*,*,#2384,.F.);
#3222=ORIENTED_EDGE('',*,*,#2389,.F.);
#3223=ORIENTED_EDGE('',*,*,#2390,.T.);
#3224=ORIENTED_EDGE('',*,*,#2391,.T.);
#3225=ORIENTED_EDGE('',*,*,#2387,.F.);
#3226=ORIENTED_EDGE('',*,*,#2392,.F.);
#3227=ORIENTED_EDGE('',*,*,#2393,.T.);
#3228=ORIENTED_EDGE('',*,*,#2394,.T.);
#3229=ORIENTED_EDGE('',*,*,#2390,.F.);
#3230=ORIENTED_EDGE('',*,*,#2395,.F.);
#3231=ORIENTED_EDGE('',*,*,#2396,.T.);
#3232=ORIENTED_EDGE('',*,*,#2397,.T.);
#3233=ORIENTED_EDGE('',*,*,#2393,.F.);
#3234=ORIENTED_EDGE('',*,*,#2398,.F.);
#3235=ORIENTED_EDGE('',*,*,#2399,.T.);
#3236=ORIENTED_EDGE('',*,*,#2400,.T.);
#3237=ORIENTED_EDGE('',*,*,#2396,.F.);
#3238=ORIENTED_EDGE('',*,*,#2401,.F.);
#3239=ORIENTED_EDGE('',*,*,#2402,.T.);
#3240=ORIENTED_EDGE('',*,*,#2403,.T.);
#3241=ORIENTED_EDGE('',*,*,#2399,.F.);
#3242=ORIENTED_EDGE('',*,*,#2404,.F.);
#3243=ORIENTED_EDGE('',*,*,#2352,.T.);
#3244=ORIENTED_EDGE('',*,*,#2405,.T.);
#3245=ORIENTED_EDGE('',*,*,#2402,.F.);
#3246=ORIENTED_EDGE('',*,*,#2405,.F.);
#3247=ORIENTED_EDGE('',*,*,#2351,.F.);
#3248=ORIENTED_EDGE('',*,*,#2355,.F.);
#3249=ORIENTED_EDGE('',*,*,#2358,.F.);
#3250=ORIENTED_EDGE('',*,*,#2361,.F.);
#3251=ORIENTED_EDGE('',*,*,#2364,.F.);
#3252=ORIENTED_EDGE('',*,*,#2367,.F.);
#3253=ORIENTED_EDGE('',*,*,#2370,.F.);
#3254=ORIENTED_EDGE('',*,*,#2373,.F.);
#3255=ORIENTED_EDGE('',*,*,#2376,.F.);
#3256=ORIENTED_EDGE('',*,*,#2379,.F.);
#3257=ORIENTED_EDGE('',*,*,#2382,.F.);
#3258=ORIENTED_EDGE('',*,*,#2385,.F.);
#3259=ORIENTED_EDGE('',*,*,#2388,.F.);
#3260=ORIENTED_EDGE('',*,*,#2391,.F.);
#3261=ORIENTED_EDGE('',*,*,#2394,.F.);
#3262=ORIENTED_EDGE('',*,*,#2397,.F.);
#3263=ORIENTED_EDGE('',*,*,#2400,.F.);
#3264=ORIENTED_EDGE('',*,*,#2403,.F.);
#3265=ORIENTED_EDGE('',*,*,#2406,.T.);
#3266=ORIENTED_EDGE('',*,*,#2407,.T.);
#3267=ORIENTED_EDGE('',*,*,#2408,.T.);
#3268=ORIENTED_EDGE('',*,*,#2409,.T.);
#3269=ORIENTED_EDGE('',*,*,#2410,.T.);
#3270=ORIENTED_EDGE('',*,*,#2411,.T.);
#3271=ORIENTED_EDGE('',*,*,#2412,.T.);
#3272=ORIENTED_EDGE('',*,*,#2413,.T.);
#3273=ORIENTED_EDGE('',*,*,#2414,.T.);
#3274=ORIENTED_EDGE('',*,*,#2415,.T.);
#3275=ORIENTED_EDGE('',*,*,#2416,.T.);
#3276=ORIENTED_EDGE('',*,*,#2417,.T.);
#3277=ORIENTED_EDGE('',*,*,#2418,.T.);
#3278=ORIENTED_EDGE('',*,*,#2419,.F.);
#3279=ORIENTED_EDGE('',*,*,#2420,.T.);
#3280=ORIENTED_EDGE('',*,*,#2421,.T.);
#3281=ORIENTED_EDGE('',*,*,#2422,.T.);
#3282=ORIENTED_EDGE('',*,*,#2423,.T.);
#3283=ORIENTED_EDGE('',*,*,#2424,.T.);
#3284=ORIENTED_EDGE('',*,*,#2425,.T.);
#3285=ORIENTED_EDGE('',*,*,#2349,.T.);
#3286=ORIENTED_EDGE('',*,*,#2404,.T.);
#3287=ORIENTED_EDGE('',*,*,#2401,.T.);
#3288=ORIENTED_EDGE('',*,*,#2398,.T.);
#3289=ORIENTED_EDGE('',*,*,#2395,.T.);
#3290=ORIENTED_EDGE('',*,*,#2392,.T.);
#3291=ORIENTED_EDGE('',*,*,#2389,.T.);
#3292=ORIENTED_EDGE('',*,*,#2386,.T.);
#3293=ORIENTED_EDGE('',*,*,#2383,.T.);
#3294=ORIENTED_EDGE('',*,*,#2380,.T.);
#3295=ORIENTED_EDGE('',*,*,#2377,.T.);
#3296=ORIENTED_EDGE('',*,*,#2374,.T.);
#3297=ORIENTED_EDGE('',*,*,#2371,.T.);
#3298=ORIENTED_EDGE('',*,*,#2368,.T.);
#3299=ORIENTED_EDGE('',*,*,#2365,.T.);
#3300=ORIENTED_EDGE('',*,*,#2362,.T.);
#3301=ORIENTED_EDGE('',*,*,#2359,.T.);
#3302=ORIENTED_EDGE('',*,*,#2356,.T.);
#3303=ORIENTED_EDGE('',*,*,#2353,.T.);
#3304=ORIENTED_EDGE('',*,*,#2328,.T.);
#3305=ORIENTED_EDGE('',*,*,#2347,.T.);
#3306=ORIENTED_EDGE('',*,*,#2344,.T.);
#3307=ORIENTED_EDGE('',*,*,#2341,.T.);
#3308=ORIENTED_EDGE('',*,*,#2338,.T.);
#3309=ORIENTED_EDGE('',*,*,#2335,.T.);
#3310=ORIENTED_EDGE('',*,*,#2332,.T.);
#3311=ORIENTED_EDGE('',*,*,#2301,.T.);
#3312=ORIENTED_EDGE('',*,*,#2326,.T.);
#3313=ORIENTED_EDGE('',*,*,#2323,.T.);
#3314=ORIENTED_EDGE('',*,*,#2320,.T.);
#3315=ORIENTED_EDGE('',*,*,#2317,.T.);
#3316=ORIENTED_EDGE('',*,*,#2314,.T.);
#3317=ORIENTED_EDGE('',*,*,#2311,.T.);
#3318=ORIENTED_EDGE('',*,*,#2308,.T.);
#3319=ORIENTED_EDGE('',*,*,#2305,.T.);
#3320=ORIENTED_EDGE('',*,*,#2426,.F.);
#3321=ORIENTED_EDGE('',*,*,#2427,.F.);
#3322=ORIENTED_EDGE('',*,*,#2425,.F.);
#3323=ORIENTED_EDGE('',*,*,#2428,.T.);
#3324=ORIENTED_EDGE('',*,*,#2429,.F.);
#3325=ORIENTED_EDGE('',*,*,#2428,.F.);
#3326=ORIENTED_EDGE('',*,*,#2424,.F.);
#3327=ORIENTED_EDGE('',*,*,#2430,.T.);
#3328=ORIENTED_EDGE('',*,*,#2431,.F.);
#3329=ORIENTED_EDGE('',*,*,#2430,.F.);
#3330=ORIENTED_EDGE('',*,*,#2423,.F.);
#3331=ORIENTED_EDGE('',*,*,#2432,.T.);
#3332=ORIENTED_EDGE('',*,*,#2433,.F.);
#3333=ORIENTED_EDGE('',*,*,#2432,.F.);
#3334=ORIENTED_EDGE('',*,*,#2422,.F.);
#3335=ORIENTED_EDGE('',*,*,#2434,.T.);
#3336=ORIENTED_EDGE('',*,*,#2435,.F.);
#3337=ORIENTED_EDGE('',*,*,#2434,.F.);
#3338=ORIENTED_EDGE('',*,*,#2421,.F.);
#3339=ORIENTED_EDGE('',*,*,#2436,.T.);
#3340=ORIENTED_EDGE('',*,*,#2437,.F.);
#3341=ORIENTED_EDGE('',*,*,#2436,.F.);
#3342=ORIENTED_EDGE('',*,*,#2420,.F.);
#3343=ORIENTED_EDGE('',*,*,#2438,.F.);
#3344=ORIENTED_EDGE('',*,*,#2439,.F.);
#3345=ORIENTED_EDGE('',*,*,#2440,.F.);
#3346=ORIENTED_EDGE('',*,*,#2441,.F.);
#3347=ORIENTED_EDGE('',*,*,#2442,.T.);
#3348=ORIENTED_EDGE('',*,*,#2406,.F.);
#3349=ORIENTED_EDGE('',*,*,#2427,.T.);
#3350=ORIENTED_EDGE('',*,*,#2443,.F.);
#3351=ORIENTED_EDGE('',*,*,#2444,.F.);
#3352=ORIENTED_EDGE('',*,*,#2445,.T.);
#3353=ORIENTED_EDGE('',*,*,#2446,.F.);
#3354=ORIENTED_EDGE('',*,*,#2447,.F.);
#3355=ORIENTED_EDGE('',*,*,#2448,.F.);
#3356=ORIENTED_EDGE('',*,*,#2445,.F.);
#3357=ORIENTED_EDGE('',*,*,#2449,.F.);
#3358=ORIENTED_EDGE('',*,*,#2450,.F.);
#3359=ORIENTED_EDGE('',*,*,#2451,.F.);
#3360=ORIENTED_EDGE('',*,*,#2440,.T.);
#3361=ORIENTED_EDGE('',*,*,#2426,.T.);
#3362=ORIENTED_EDGE('',*,*,#2429,.T.);
#3363=ORIENTED_EDGE('',*,*,#2431,.T.);
#3364=ORIENTED_EDGE('',*,*,#2433,.T.);
#3365=ORIENTED_EDGE('',*,*,#2435,.T.);
#3366=ORIENTED_EDGE('',*,*,#2437,.T.);
#3367=ORIENTED_EDGE('',*,*,#2452,.F.);
#3368=ORIENTED_EDGE('',*,*,#2453,.F.);
#3369=ORIENTED_EDGE('',*,*,#2454,.T.);
#3370=ORIENTED_EDGE('',*,*,#2438,.T.);
#3371=ORIENTED_EDGE('',*,*,#2419,.T.);
#3372=ORIENTED_EDGE('',*,*,#2455,.F.);
#3373=ORIENTED_EDGE('',*,*,#2456,.F.);
#3374=ORIENTED_EDGE('',*,*,#2457,.T.);
#3375=ORIENTED_EDGE('',*,*,#2458,.T.);
#3376=ORIENTED_EDGE('',*,*,#2443,.T.);
#3377=ORIENTED_EDGE('',*,*,#2459,.F.);
#3378=ORIENTED_EDGE('',*,*,#2460,.F.);
#3379=ORIENTED_EDGE('',*,*,#2461,.F.);
#3380=ORIENTED_EDGE('',*,*,#2462,.F.);
#3381=ORIENTED_EDGE('',*,*,#2463,.F.);
#3382=ORIENTED_EDGE('',*,*,#2464,.F.);
#3383=ORIENTED_EDGE('',*,*,#2465,.F.);
#3384=ORIENTED_EDGE('',*,*,#2466,.F.);
#3385=ORIENTED_EDGE('',*,*,#2467,.F.);
#3386=ORIENTED_EDGE('',*,*,#2468,.T.);
#3387=ORIENTED_EDGE('',*,*,#2469,.F.);
#3388=ORIENTED_EDGE('',*,*,#2470,.F.);
#3389=ORIENTED_EDGE('',*,*,#2471,.F.);
#3390=ORIENTED_EDGE('',*,*,#2472,.F.);
#3391=ORIENTED_EDGE('',*,*,#2473,.F.);
#3392=ORIENTED_EDGE('',*,*,#2474,.F.);
#3393=ORIENTED_EDGE('',*,*,#2475,.F.);
#3394=ORIENTED_EDGE('',*,*,#2476,.F.);
#3395=ORIENTED_EDGE('',*,*,#2477,.F.);
#3396=ORIENTED_EDGE('',*,*,#2478,.T.);
#3397=ORIENTED_EDGE('',*,*,#2467,.T.);
#3398=ORIENTED_EDGE('',*,*,#2479,.T.);
#3399=ORIENTED_EDGE('',*,*,#2408,.F.);
#3400=ORIENTED_EDGE('',*,*,#2448,.T.);
#3401=ORIENTED_EDGE('',*,*,#2480,.F.);
#3402=ORIENTED_EDGE('',*,*,#2481,.F.);
#3403=ORIENTED_EDGE('',*,*,#2459,.T.);
#3404=ORIENTED_EDGE('',*,*,#2446,.T.);
#3405=ORIENTED_EDGE('',*,*,#2451,.T.);
#3406=ORIENTED_EDGE('',*,*,#2482,.T.);
#3407=ORIENTED_EDGE('',*,*,#2483,.F.);
#3408=ORIENTED_EDGE('',*,*,#2484,.T.);
#3409=ORIENTED_EDGE('',*,*,#2485,.F.);
#3410=ORIENTED_EDGE('',*,*,#2447,.T.);
#3411=ORIENTED_EDGE('',*,*,#2485,.T.);
#3412=ORIENTED_EDGE('',*,*,#2486,.T.);
#3413=ORIENTED_EDGE('',*,*,#2480,.T.);
#3414=ORIENTED_EDGE('',*,*,#2487,.T.);
#3415=ORIENTED_EDGE('',*,*,#2488,.T.);
#3416=ORIENTED_EDGE('',*,*,#2489,.T.);
#3417=ORIENTED_EDGE('',*,*,#2490,.T.);
#3418=ORIENTED_EDGE('',*,*,#2491,.T.);
#3419=ORIENTED_EDGE('',*,*,#2492,.T.);
#3420=ORIENTED_EDGE('',*,*,#2493,.T.);
#3421=ORIENTED_EDGE('',*,*,#2494,.T.);
#3422=ORIENTED_EDGE('',*,*,#2495,.T.);
#3423=ORIENTED_EDGE('',*,*,#2496,.F.);
#3424=ORIENTED_EDGE('',*,*,#2497,.T.);
#3425=ORIENTED_EDGE('',*,*,#2498,.T.);
#3426=ORIENTED_EDGE('',*,*,#2499,.T.);
#3427=ORIENTED_EDGE('',*,*,#2494,.F.);
#3428=ORIENTED_EDGE('',*,*,#2500,.T.);
#3429=ORIENTED_EDGE('',*,*,#2498,.F.);
#3430=ORIENTED_EDGE('',*,*,#2501,.T.);
#3431=ORIENTED_EDGE('',*,*,#2488,.F.);
#3432=ORIENTED_EDGE('',*,*,#2502,.T.);
#3433=ORIENTED_EDGE('',*,*,#2503,.T.);
#3434=ORIENTED_EDGE('',*,*,#2504,.T.);
#3435=ORIENTED_EDGE('',*,*,#2492,.F.);
#3436=ORIENTED_EDGE('',*,*,#2505,.T.);
#3437=ORIENTED_EDGE('',*,*,#2503,.F.);
#3438=ORIENTED_EDGE('',*,*,#2506,.T.);
#3439=ORIENTED_EDGE('',*,*,#2496,.T.);
#3440=ORIENTED_EDGE('',*,*,#2505,.F.);
#3441=ORIENTED_EDGE('',*,*,#2495,.F.);
#3442=ORIENTED_EDGE('',*,*,#2499,.F.);
#3443=ORIENTED_EDGE('',*,*,#2507,.F.);
#3444=ORIENTED_EDGE('',*,*,#2508,.F.);
#3445=ORIENTED_EDGE('',*,*,#2509,.F.);
#3446=ORIENTED_EDGE('',*,*,#2510,.T.);
#3447=ORIENTED_EDGE('',*,*,#2511,.F.);
#3448=ORIENTED_EDGE('',*,*,#2512,.F.);
#3449=ORIENTED_EDGE('',*,*,#2513,.F.);
#3450=ORIENTED_EDGE('',*,*,#2471,.T.);
#3451=ORIENTED_EDGE('',*,*,#2514,.F.);
#3452=ORIENTED_EDGE('',*,*,#2501,.F.);
#3453=ORIENTED_EDGE('',*,*,#2497,.F.);
#3454=ORIENTED_EDGE('',*,*,#2515,.F.);
#3455=ORIENTED_EDGE('',*,*,#2516,.F.);
#3456=ORIENTED_EDGE('',*,*,#2517,.T.);
#3457=ORIENTED_EDGE('',*,*,#2489,.F.);
#3458=ORIENTED_EDGE('',*,*,#2493,.F.);
#3459=ORIENTED_EDGE('',*,*,#2518,.F.);
#3460=ORIENTED_EDGE('',*,*,#2519,.F.);
#3461=ORIENTED_EDGE('',*,*,#2515,.T.);
#3462=ORIENTED_EDGE('',*,*,#2520,.T.);
#3463=ORIENTED_EDGE('',*,*,#2521,.T.);
#3464=ORIENTED_EDGE('',*,*,#2522,.T.);
#3465=ORIENTED_EDGE('',*,*,#2523,.T.);
#3466=ORIENTED_EDGE('',*,*,#2508,.T.);
#3467=ORIENTED_EDGE('',*,*,#2520,.F.);
#3468=ORIENTED_EDGE('',*,*,#2524,.T.);
#3469=ORIENTED_EDGE('',*,*,#2523,.F.);
#3470=ORIENTED_EDGE('',*,*,#2525,.T.);
#3471=ORIENTED_EDGE('',*,*,#2526,.F.);
#3472=ORIENTED_EDGE('',*,*,#2527,.T.);
#3473=ORIENTED_EDGE('',*,*,#2521,.F.);
#3474=ORIENTED_EDGE('',*,*,#2525,.F.);
#3475=ORIENTED_EDGE('',*,*,#2522,.F.);
#3476=ORIENTED_EDGE('',*,*,#2527,.F.);
#3477=ORIENTED_EDGE('',*,*,#2528,.T.);
#3478=ORIENTED_EDGE('',*,*,#2529,.T.);
#3479=ORIENTED_EDGE('',*,*,#2530,.T.);
#3480=ORIENTED_EDGE('',*,*,#2512,.T.);
#3481=ORIENTED_EDGE('',*,*,#2531,.T.);
#3482=ORIENTED_EDGE('',*,*,#2532,.T.);
#3483=ORIENTED_EDGE('',*,*,#2528,.F.);
#3484=ORIENTED_EDGE('',*,*,#2533,.T.);
#3485=ORIENTED_EDGE('',*,*,#2530,.F.);
#3486=ORIENTED_EDGE('',*,*,#2534,.T.);
#3487=ORIENTED_EDGE('',*,*,#2534,.F.);
#3488=ORIENTED_EDGE('',*,*,#2529,.F.);
#3489=ORIENTED_EDGE('',*,*,#2532,.F.);
#3490=ORIENTED_EDGE('',*,*,#2535,.F.);
#3491=ORIENTED_EDGE('',*,*,#2490,.F.);
#3492=ORIENTED_EDGE('',*,*,#2517,.F.);
#3493=ORIENTED_EDGE('',*,*,#2536,.F.);
#3494=ORIENTED_EDGE('',*,*,#2537,.T.);
#3495=ORIENTED_EDGE('',*,*,#2502,.F.);
#3496=ORIENTED_EDGE('',*,*,#2491,.F.);
#3497=ORIENTED_EDGE('',*,*,#2537,.F.);
#3498=ORIENTED_EDGE('',*,*,#2538,.F.);
#3499=ORIENTED_EDGE('',*,*,#2518,.T.);
#3500=ORIENTED_EDGE('',*,*,#2506,.F.);
#3501=ORIENTED_EDGE('',*,*,#2533,.F.);
#3502=ORIENTED_EDGE('',*,*,#2511,.T.);
#3503=ORIENTED_EDGE('',*,*,#2539,.T.);
#3504=ORIENTED_EDGE('',*,*,#2540,.F.);
#3505=ORIENTED_EDGE('',*,*,#2541,.T.);
#3506=ORIENTED_EDGE('',*,*,#2472,.T.);
#3507=ORIENTED_EDGE('',*,*,#2513,.T.);
#3508=ORIENTED_EDGE('',*,*,#2542,.F.);
#3509=ORIENTED_EDGE('',*,*,#2543,.F.);
#3510=ORIENTED_EDGE('',*,*,#2544,.T.);
#3511=ORIENTED_EDGE('',*,*,#2545,.T.);
#3512=ORIENTED_EDGE('',*,*,#2546,.F.);
#3513=ORIENTED_EDGE('',*,*,#2545,.F.);
#3514=ORIENTED_EDGE('',*,*,#2547,.F.);
#3515=ORIENTED_EDGE('',*,*,#2548,.T.);
#3516=ORIENTED_EDGE('',*,*,#2549,.F.);
#3517=ORIENTED_EDGE('',*,*,#2548,.F.);
#3518=ORIENTED_EDGE('',*,*,#2550,.T.);
#3519=ORIENTED_EDGE('',*,*,#2551,.T.);
#3520=ORIENTED_EDGE('',*,*,#2552,.F.);
#3521=ORIENTED_EDGE('',*,*,#2551,.F.);
#3522=ORIENTED_EDGE('',*,*,#2553,.F.);
#3523=ORIENTED_EDGE('',*,*,#2554,.T.);
#3524=ORIENTED_EDGE('',*,*,#2457,.F.);
#3525=ORIENTED_EDGE('',*,*,#2439,.T.);
#3526=ORIENTED_EDGE('',*,*,#2458,.F.);
#3527=ORIENTED_EDGE('',*,*,#2554,.F.);
#3528=ORIENTED_EDGE('',*,*,#2555,.T.);
#3529=ORIENTED_EDGE('',*,*,#2452,.T.);
#3530=ORIENTED_EDGE('',*,*,#2441,.T.);
#3531=ORIENTED_EDGE('',*,*,#2454,.F.);
#3532=ORIENTED_EDGE('',*,*,#2556,.T.);
#3533=ORIENTED_EDGE('',*,*,#2557,.T.);
#3534=ORIENTED_EDGE('',*,*,#2558,.F.);
#3535=ORIENTED_EDGE('',*,*,#2559,.F.);
#3536=ORIENTED_EDGE('',*,*,#2560,.F.);
#3537=ORIENTED_EDGE('',*,*,#2557,.F.);
#3538=ORIENTED_EDGE('',*,*,#2561,.F.);
#3539=ORIENTED_EDGE('',*,*,#2543,.T.);
#3540=ORIENTED_EDGE('',*,*,#2550,.F.);
#3541=ORIENTED_EDGE('',*,*,#2547,.T.);
#3542=ORIENTED_EDGE('',*,*,#2544,.F.);
#3543=ORIENTED_EDGE('',*,*,#2561,.T.);
#3544=ORIENTED_EDGE('',*,*,#2556,.F.);
#3545=ORIENTED_EDGE('',*,*,#2453,.T.);
#3546=ORIENTED_EDGE('',*,*,#2555,.F.);
#3547=ORIENTED_EDGE('',*,*,#2553,.T.);
#3548=ORIENTED_EDGE('',*,*,#2531,.F.);
#3549=ORIENTED_EDGE('',*,*,#2535,.T.);
#3550=ORIENTED_EDGE('',*,*,#2526,.T.);
#3551=ORIENTED_EDGE('',*,*,#2536,.T.);
#3552=ORIENTED_EDGE('',*,*,#2516,.T.);
#3553=ORIENTED_EDGE('',*,*,#2519,.T.);
#3554=ORIENTED_EDGE('',*,*,#2538,.T.);
#3555=ORIENTED_EDGE('',*,*,#2562,.T.);
#3556=ORIENTED_EDGE('',*,*,#2563,.T.);
#3557=ORIENTED_EDGE('',*,*,#2564,.T.);
#3558=ORIENTED_EDGE('',*,*,#2565,.T.);
#3559=ORIENTED_EDGE('',*,*,#2540,.T.);
#3560=ORIENTED_EDGE('',*,*,#2566,.T.);
#3561=ORIENTED_EDGE('',*,*,#2567,.T.);
#3562=ORIENTED_EDGE('',*,*,#2568,.T.);
#3563=ORIENTED_EDGE('',*,*,#2559,.T.);
#3564=ORIENTED_EDGE('',*,*,#2542,.T.);
#3565=ORIENTED_EDGE('',*,*,#2546,.T.);
#3566=ORIENTED_EDGE('',*,*,#2549,.T.);
#3567=ORIENTED_EDGE('',*,*,#2552,.T.);
#3568=ORIENTED_EDGE('',*,*,#2456,.T.);
#3569=ORIENTED_EDGE('',*,*,#2569,.T.);
#3570=ORIENTED_EDGE('',*,*,#2570,.T.);
#3571=ORIENTED_EDGE('',*,*,#2571,.T.);
#3572=ORIENTED_EDGE('',*,*,#2572,.T.);
#3573=ORIENTED_EDGE('',*,*,#2573,.T.);
#3574=ORIENTED_EDGE('',*,*,#2574,.T.);
#3575=ORIENTED_EDGE('',*,*,#2575,.T.);
#3576=ORIENTED_EDGE('',*,*,#2576,.T.);
#3577=ORIENTED_EDGE('',*,*,#2483,.T.);
#3578=ORIENTED_EDGE('',*,*,#2577,.T.);
#3579=ORIENTED_EDGE('',*,*,#2504,.F.);
#3580=ORIENTED_EDGE('',*,*,#2514,.T.);
#3581=ORIENTED_EDGE('',*,*,#2470,.T.);
#3582=ORIENTED_EDGE('',*,*,#2578,.T.);
#3583=ORIENTED_EDGE('',*,*,#2567,.F.);
#3584=ORIENTED_EDGE('',*,*,#2579,.T.);
#3585=ORIENTED_EDGE('',*,*,#2509,.T.);
#3586=ORIENTED_EDGE('',*,*,#2524,.F.);
#3587=ORIENTED_EDGE('',*,*,#2507,.T.);
#3588=ORIENTED_EDGE('',*,*,#2500,.F.);
#3589=ORIENTED_EDGE('',*,*,#2487,.F.);
#3590=ORIENTED_EDGE('',*,*,#2566,.F.);
#3591=ORIENTED_EDGE('',*,*,#2539,.F.);
#3592=ORIENTED_EDGE('',*,*,#2510,.F.);
#3593=ORIENTED_EDGE('',*,*,#2579,.F.);
#3594=ORIENTED_EDGE('',*,*,#2444,.T.);
#3595=ORIENTED_EDGE('',*,*,#2477,.T.);
#3596=ORIENTED_EDGE('',*,*,#2580,.F.);
#3597=ORIENTED_EDGE('',*,*,#2568,.F.);
#3598=ORIENTED_EDGE('',*,*,#2578,.F.);
#3599=ORIENTED_EDGE('',*,*,#2469,.T.);
#3600=ORIENTED_EDGE('',*,*,#2581,.T.);
#3601=ORIENTED_EDGE('',*,*,#2449,.T.);
#3602=ORIENTED_EDGE('',*,*,#2573,.F.);
#3603=ORIENTED_EDGE('',*,*,#2582,.T.);
#3604=ORIENTED_EDGE('',*,*,#2583,.F.);
#3605=ORIENTED_EDGE('',*,*,#2584,.T.);
#3606=ORIENTED_EDGE('',*,*,#2576,.F.);
#3607=ORIENTED_EDGE('',*,*,#2585,.F.);
#3608=ORIENTED_EDGE('',*,*,#2586,.F.);
#3609=ORIENTED_EDGE('',*,*,#2587,.F.);
#3610=ORIENTED_EDGE('',*,*,#2486,.F.);
#3611=ORIENTED_EDGE('',*,*,#2484,.F.);
#3612=ORIENTED_EDGE('',*,*,#2574,.F.);
#3613=ORIENTED_EDGE('',*,*,#2584,.F.);
#3614=ORIENTED_EDGE('',*,*,#2588,.F.);
#3615=ORIENTED_EDGE('',*,*,#2589,.T.);
#3616=ORIENTED_EDGE('',*,*,#2590,.F.);
#3617=ORIENTED_EDGE('',*,*,#2591,.F.);
#3618=ORIENTED_EDGE('',*,*,#2575,.F.);
#3619=ORIENTED_EDGE('',*,*,#2591,.T.);
#3620=ORIENTED_EDGE('',*,*,#2592,.F.);
#3621=ORIENTED_EDGE('',*,*,#2585,.T.);
#3622=ORIENTED_EDGE('',*,*,#2593,.T.);
#3623=ORIENTED_EDGE('',*,*,#2594,.T.);
#3624=ORIENTED_EDGE('',*,*,#2595,.T.);
#3625=ORIENTED_EDGE('',*,*,#2596,.T.);
#3626=ORIENTED_EDGE('',*,*,#2595,.F.);
#3627=ORIENTED_EDGE('',*,*,#2597,.F.);
#3628=ORIENTED_EDGE('',*,*,#2479,.F.);
#3629=ORIENTED_EDGE('',*,*,#2466,.T.);
#3630=ORIENTED_EDGE('',*,*,#2598,.T.);
#3631=ORIENTED_EDGE('',*,*,#2599,.T.);
#3632=ORIENTED_EDGE('',*,*,#2600,.T.);
#3633=ORIENTED_EDGE('',*,*,#2601,.T.);
#3634=ORIENTED_EDGE('',*,*,#2602,.T.);
#3635=ORIENTED_EDGE('',*,*,#2603,.T.);
#3636=ORIENTED_EDGE('',*,*,#2604,.T.);
#3637=ORIENTED_EDGE('',*,*,#2605,.T.);
#3638=ORIENTED_EDGE('',*,*,#2596,.F.);
#3639=ORIENTED_EDGE('',*,*,#2599,.F.);
#3640=ORIENTED_EDGE('',*,*,#2411,.F.);
#3641=ORIENTED_EDGE('',*,*,#2606,.T.);
#3642=ORIENTED_EDGE('',*,*,#2593,.F.);
#3643=ORIENTED_EDGE('',*,*,#2606,.F.);
#3644=ORIENTED_EDGE('',*,*,#2410,.F.);
#3645=ORIENTED_EDGE('',*,*,#2607,.T.);
#3646=ORIENTED_EDGE('',*,*,#2594,.F.);
#3647=ORIENTED_EDGE('',*,*,#2607,.F.);
#3648=ORIENTED_EDGE('',*,*,#2409,.F.);
#3649=ORIENTED_EDGE('',*,*,#2597,.T.);
#3650=ORIENTED_EDGE('',*,*,#2608,.T.);
#3651=ORIENTED_EDGE('',*,*,#2609,.T.);
#3652=ORIENTED_EDGE('',*,*,#2610,.T.);
#3653=ORIENTED_EDGE('',*,*,#2611,.T.);
#3654=ORIENTED_EDGE('',*,*,#2609,.F.);
#3655=ORIENTED_EDGE('',*,*,#2612,.F.);
#3656=ORIENTED_EDGE('',*,*,#2613,.F.);
#3657=ORIENTED_EDGE('',*,*,#2462,.T.);
#3658=ORIENTED_EDGE('',*,*,#2614,.T.);
#3659=ORIENTED_EDGE('',*,*,#2615,.T.);
#3660=ORIENTED_EDGE('',*,*,#2616,.T.);
#3661=ORIENTED_EDGE('',*,*,#2617,.T.);
#3662=ORIENTED_EDGE('',*,*,#2618,.T.);
#3663=ORIENTED_EDGE('',*,*,#2619,.T.);
#3664=ORIENTED_EDGE('',*,*,#2620,.T.);
#3665=ORIENTED_EDGE('',*,*,#2621,.T.);
#3666=ORIENTED_EDGE('',*,*,#2280,.T.);
#3667=ORIENTED_EDGE('',*,*,#2299,.T.);
#3668=ORIENTED_EDGE('',*,*,#2296,.T.);
#3669=ORIENTED_EDGE('',*,*,#2293,.T.);
#3670=ORIENTED_EDGE('',*,*,#2290,.T.);
#3671=ORIENTED_EDGE('',*,*,#2287,.T.);
#3672=ORIENTED_EDGE('',*,*,#2284,.T.);
#3673=ORIENTED_EDGE('',*,*,#2592,.T.);
#3674=ORIENTED_EDGE('',*,*,#2590,.T.);
#3675=ORIENTED_EDGE('',*,*,#2622,.T.);
#3676=ORIENTED_EDGE('',*,*,#2586,.T.);
#3677=ORIENTED_EDGE('',*,*,#2622,.F.);
#3678=ORIENTED_EDGE('',*,*,#2589,.F.);
#3679=ORIENTED_EDGE('',*,*,#2623,.F.);
#3680=ORIENTED_EDGE('',*,*,#2460,.T.);
#3681=ORIENTED_EDGE('',*,*,#2481,.T.);
#3682=ORIENTED_EDGE('',*,*,#2587,.T.);
#3683=ORIENTED_EDGE('',*,*,#2624,.T.);
#3684=ORIENTED_EDGE('',*,*,#2625,.T.);
#3685=ORIENTED_EDGE('',*,*,#2626,.T.);
#3686=ORIENTED_EDGE('',*,*,#2627,.T.);
#3687=ORIENTED_EDGE('',*,*,#2628,.T.);
#3688=ORIENTED_EDGE('',*,*,#2629,.T.);
#3689=ORIENTED_EDGE('',*,*,#2630,.T.);
#3690=ORIENTED_EDGE('',*,*,#2631,.T.);
#3691=ORIENTED_EDGE('',*,*,#2632,.T.);
#3692=ORIENTED_EDGE('',*,*,#2633,.T.);
#3693=ORIENTED_EDGE('',*,*,#2632,.F.);
#3694=ORIENTED_EDGE('',*,*,#2634,.F.);
#3695=ORIENTED_EDGE('',*,*,#2635,.F.);
#3696=ORIENTED_EDGE('',*,*,#2464,.T.);
#3697=ORIENTED_EDGE('',*,*,#2636,.T.);
#3698=ORIENTED_EDGE('',*,*,#2637,.T.);
#3699=ORIENTED_EDGE('',*,*,#2638,.T.);
#3700=ORIENTED_EDGE('',*,*,#2639,.T.);
#3701=ORIENTED_EDGE('',*,*,#2640,.T.);
#3702=ORIENTED_EDGE('',*,*,#2641,.T.);
#3703=ORIENTED_EDGE('',*,*,#2642,.T.);
#3704=ORIENTED_EDGE('',*,*,#2643,.T.);
#3705=ORIENTED_EDGE('',*,*,#2644,.T.);
#3706=ORIENTED_EDGE('',*,*,#2633,.F.);
#3707=ORIENTED_EDGE('',*,*,#2637,.F.);
#3708=ORIENTED_EDGE('',*,*,#2415,.F.);
#3709=ORIENTED_EDGE('',*,*,#2645,.T.);
#3710=ORIENTED_EDGE('',*,*,#2630,.F.);
#3711=ORIENTED_EDGE('',*,*,#2645,.F.);
#3712=ORIENTED_EDGE('',*,*,#2414,.F.);
#3713=ORIENTED_EDGE('',*,*,#2646,.T.);
#3714=ORIENTED_EDGE('',*,*,#2631,.F.);
#3715=ORIENTED_EDGE('',*,*,#2646,.F.);
#3716=ORIENTED_EDGE('',*,*,#2413,.F.);
#3717=ORIENTED_EDGE('',*,*,#2634,.T.);
#3718=ORIENTED_EDGE('',*,*,#2647,.T.);
#3719=ORIENTED_EDGE('',*,*,#2588,.T.);
#3720=ORIENTED_EDGE('',*,*,#2583,.T.);
#3721=ORIENTED_EDGE('',*,*,#2648,.T.);
#3722=ORIENTED_EDGE('',*,*,#2647,.F.);
#3723=ORIENTED_EDGE('',*,*,#2614,.F.);
#3724=ORIENTED_EDGE('',*,*,#2461,.T.);
#3725=ORIENTED_EDGE('',*,*,#2623,.T.);
#3726=ORIENTED_EDGE('',*,*,#2649,.T.);
#3727=ORIENTED_EDGE('',*,*,#2629,.F.);
#3728=ORIENTED_EDGE('',*,*,#2650,.T.);
#3729=ORIENTED_EDGE('',*,*,#2626,.F.);
#3730=ORIENTED_EDGE('',*,*,#2651,.T.);
#3731=ORIENTED_EDGE('',*,*,#2641,.F.);
#3732=ORIENTED_EDGE('',*,*,#2652,.T.);
#3733=ORIENTED_EDGE('',*,*,#2644,.F.);
#3734=ORIENTED_EDGE('',*,*,#2653,.T.);
#3735=ORIENTED_EDGE('',*,*,#2618,.F.);
#3736=ORIENTED_EDGE('',*,*,#2654,.T.);
#3737=ORIENTED_EDGE('',*,*,#2621,.F.);
#3738=ORIENTED_EDGE('',*,*,#2619,.F.);
#3739=ORIENTED_EDGE('',*,*,#2653,.F.);
#3740=ORIENTED_EDGE('',*,*,#2617,.F.);
#3741=ORIENTED_EDGE('',*,*,#2655,.F.);
#3742=ORIENTED_EDGE('',*,*,#2616,.F.);
#3743=ORIENTED_EDGE('',*,*,#2654,.F.);
#3744=ORIENTED_EDGE('',*,*,#2620,.F.);
#3745=ORIENTED_EDGE('',*,*,#2655,.T.);
#3746=ORIENTED_EDGE('',*,*,#2656,.F.);
#3747=ORIENTED_EDGE('',*,*,#2657,.F.);
#3748=ORIENTED_EDGE('',*,*,#2642,.F.);
#3749=ORIENTED_EDGE('',*,*,#2651,.F.);
#3750=ORIENTED_EDGE('',*,*,#2640,.F.);
#3751=ORIENTED_EDGE('',*,*,#2658,.T.);
#3752=ORIENTED_EDGE('',*,*,#2656,.T.);
#3753=ORIENTED_EDGE('',*,*,#2639,.F.);
#3754=ORIENTED_EDGE('',*,*,#2658,.F.);
#3755=ORIENTED_EDGE('',*,*,#2638,.F.);
#3756=ORIENTED_EDGE('',*,*,#2652,.F.);
#3757=ORIENTED_EDGE('',*,*,#2643,.F.);
#3758=ORIENTED_EDGE('',*,*,#2657,.T.);
#3759=ORIENTED_EDGE('',*,*,#2627,.F.);
#3760=ORIENTED_EDGE('',*,*,#2650,.F.);
#3761=ORIENTED_EDGE('',*,*,#2625,.F.);
#3762=ORIENTED_EDGE('',*,*,#2659,.F.);
#3763=ORIENTED_EDGE('',*,*,#2624,.F.);
#3764=ORIENTED_EDGE('',*,*,#2649,.F.);
#3765=ORIENTED_EDGE('',*,*,#2628,.F.);
#3766=ORIENTED_EDGE('',*,*,#2659,.T.);
#3767=ORIENTED_EDGE('',*,*,#2660,.T.);
#3768=ORIENTED_EDGE('',*,*,#2602,.F.);
#3769=ORIENTED_EDGE('',*,*,#2601,.F.);
#3770=ORIENTED_EDGE('',*,*,#2661,.F.);
#3771=ORIENTED_EDGE('',*,*,#2603,.F.);
#3772=ORIENTED_EDGE('',*,*,#2660,.F.);
#3773=ORIENTED_EDGE('',*,*,#2662,.T.);
#3774=ORIENTED_EDGE('',*,*,#2605,.F.);
#3775=ORIENTED_EDGE('',*,*,#2604,.F.);
#3776=ORIENTED_EDGE('',*,*,#2661,.T.);
#3777=ORIENTED_EDGE('',*,*,#2600,.F.);
#3778=ORIENTED_EDGE('',*,*,#2662,.F.);
#3779=ORIENTED_EDGE('',*,*,#2416,.F.);
#3780=ORIENTED_EDGE('',*,*,#2636,.F.);
#3781=ORIENTED_EDGE('',*,*,#2463,.T.);
#3782=ORIENTED_EDGE('',*,*,#2613,.T.);
#3783=ORIENTED_EDGE('',*,*,#2412,.F.);
#3784=ORIENTED_EDGE('',*,*,#2598,.F.);
#3785=ORIENTED_EDGE('',*,*,#2465,.T.);
#3786=ORIENTED_EDGE('',*,*,#2635,.T.);
#3787=ORIENTED_EDGE('',*,*,#2562,.F.);
#3788=ORIENTED_EDGE('',*,*,#2580,.T.);
#3789=ORIENTED_EDGE('',*,*,#2476,.T.);
#3790=ORIENTED_EDGE('',*,*,#2663,.T.);
#3791=ORIENTED_EDGE('',*,*,#2563,.F.);
#3792=ORIENTED_EDGE('',*,*,#2663,.F.);
#3793=ORIENTED_EDGE('',*,*,#2475,.T.);
#3794=ORIENTED_EDGE('',*,*,#2664,.F.);
#3795=ORIENTED_EDGE('',*,*,#2564,.F.);
#3796=ORIENTED_EDGE('',*,*,#2664,.T.);
#3797=ORIENTED_EDGE('',*,*,#2474,.T.);
#3798=ORIENTED_EDGE('',*,*,#2665,.T.);
#3799=ORIENTED_EDGE('',*,*,#2565,.F.);
#3800=ORIENTED_EDGE('',*,*,#2665,.F.);
#3801=ORIENTED_EDGE('',*,*,#2473,.T.);
#3802=ORIENTED_EDGE('',*,*,#2541,.F.);
#3803=ORIENTED_EDGE('',*,*,#2442,.F.);
#3804=ORIENTED_EDGE('',*,*,#2558,.T.);
#3805=ORIENTED_EDGE('',*,*,#2560,.T.);
#3806=ORIENTED_EDGE('',*,*,#2577,.F.);
#3807=ORIENTED_EDGE('',*,*,#2482,.F.);
#3808=ORIENTED_EDGE('',*,*,#2450,.T.);
#3809=ORIENTED_EDGE('',*,*,#2581,.F.);
#3810=ORIENTED_EDGE('',*,*,#2468,.F.);
#3811=ORIENTED_EDGE('',*,*,#2478,.F.);
#3812=ORIENTED_EDGE('',*,*,#2407,.F.);
#3813=ORIENTED_EDGE('',*,*,#2569,.F.);
#3814=ORIENTED_EDGE('',*,*,#2455,.T.);
#3815=ORIENTED_EDGE('',*,*,#2418,.F.);
#3816=ORIENTED_EDGE('',*,*,#2666,.T.);
#3817=ORIENTED_EDGE('',*,*,#2570,.F.);
#3818=ORIENTED_EDGE('',*,*,#2666,.F.);
#3819=ORIENTED_EDGE('',*,*,#2417,.F.);
#3820=ORIENTED_EDGE('',*,*,#2612,.T.);
#3821=ORIENTED_EDGE('',*,*,#2608,.F.);
#3822=ORIENTED_EDGE('',*,*,#2667,.F.);
#3823=ORIENTED_EDGE('',*,*,#2571,.F.);
#3824=ORIENTED_EDGE('',*,*,#2667,.T.);
#3825=ORIENTED_EDGE('',*,*,#2611,.F.);
#3826=ORIENTED_EDGE('',*,*,#2668,.F.);
#3827=ORIENTED_EDGE('',*,*,#2572,.F.);
#3828=ORIENTED_EDGE('',*,*,#2668,.T.);
#3829=ORIENTED_EDGE('',*,*,#2610,.F.);
#3830=ORIENTED_EDGE('',*,*,#2615,.F.);
#3831=ORIENTED_EDGE('',*,*,#2648,.F.);
#3832=ORIENTED_EDGE('',*,*,#2582,.F.);
#3833=ORIENTED_EDGE('',*,*,#2669,.T.);
#3834=ORIENTED_EDGE('',*,*,#2670,.T.);
#3835=ORIENTED_EDGE('',*,*,#2671,.F.);
#3836=ORIENTED_EDGE('',*,*,#2672,.F.);
#3837=ORIENTED_EDGE('',*,*,#2673,.T.);
#3838=ORIENTED_EDGE('',*,*,#2672,.T.);
#3839=ORIENTED_EDGE('',*,*,#2674,.F.);
#3840=ORIENTED_EDGE('',*,*,#2675,.F.);
#3841=ORIENTED_EDGE('',*,*,#2676,.T.);
#3842=ORIENTED_EDGE('',*,*,#2675,.T.);
#3843=ORIENTED_EDGE('',*,*,#2677,.F.);
#3844=ORIENTED_EDGE('',*,*,#2678,.F.);
#3845=ORIENTED_EDGE('',*,*,#2679,.T.);
#3846=ORIENTED_EDGE('',*,*,#2678,.T.);
#3847=ORIENTED_EDGE('',*,*,#2680,.F.);
#3848=ORIENTED_EDGE('',*,*,#2681,.F.);
#3849=ORIENTED_EDGE('',*,*,#2682,.T.);
#3850=ORIENTED_EDGE('',*,*,#2681,.T.);
#3851=ORIENTED_EDGE('',*,*,#2683,.F.);
#3852=ORIENTED_EDGE('',*,*,#2684,.F.);
#3853=ORIENTED_EDGE('',*,*,#2685,.T.);
#3854=ORIENTED_EDGE('',*,*,#2684,.T.);
#3855=ORIENTED_EDGE('',*,*,#2686,.F.);
#3856=ORIENTED_EDGE('',*,*,#2687,.F.);
#3857=ORIENTED_EDGE('',*,*,#2688,.T.);
#3858=ORIENTED_EDGE('',*,*,#2687,.T.);
#3859=ORIENTED_EDGE('',*,*,#2689,.F.);
#3860=ORIENTED_EDGE('',*,*,#2670,.F.);
#3861=ORIENTED_EDGE('',*,*,#2690,.T.);
#3862=ORIENTED_EDGE('',*,*,#2691,.T.);
#3863=ORIENTED_EDGE('',*,*,#2692,.F.);
#3864=ORIENTED_EDGE('',*,*,#2693,.F.);
#3865=ORIENTED_EDGE('',*,*,#2694,.T.);
#3866=ORIENTED_EDGE('',*,*,#2693,.T.);
#3867=ORIENTED_EDGE('',*,*,#2695,.F.);
#3868=ORIENTED_EDGE('',*,*,#2696,.F.);
#3869=ORIENTED_EDGE('',*,*,#2697,.T.);
#3870=ORIENTED_EDGE('',*,*,#2696,.T.);
#3871=ORIENTED_EDGE('',*,*,#2698,.F.);
#3872=ORIENTED_EDGE('',*,*,#2699,.F.);
#3873=ORIENTED_EDGE('',*,*,#2700,.T.);
#3874=ORIENTED_EDGE('',*,*,#2699,.T.);
#3875=ORIENTED_EDGE('',*,*,#2701,.F.);
#3876=ORIENTED_EDGE('',*,*,#2702,.F.);
#3877=ORIENTED_EDGE('',*,*,#2703,.T.);
#3878=ORIENTED_EDGE('',*,*,#2702,.T.);
#3879=ORIENTED_EDGE('',*,*,#2704,.F.);
#3880=ORIENTED_EDGE('',*,*,#2705,.F.);
#3881=ORIENTED_EDGE('',*,*,#2706,.T.);
#3882=ORIENTED_EDGE('',*,*,#2705,.T.);
#3883=ORIENTED_EDGE('',*,*,#2707,.F.);
#3884=ORIENTED_EDGE('',*,*,#2708,.F.);
#3885=ORIENTED_EDGE('',*,*,#2709,.T.);
#3886=ORIENTED_EDGE('',*,*,#2708,.T.);
#3887=ORIENTED_EDGE('',*,*,#2710,.F.);
#3888=ORIENTED_EDGE('',*,*,#2711,.F.);
#3889=ORIENTED_EDGE('',*,*,#2712,.T.);
#3890=ORIENTED_EDGE('',*,*,#2711,.T.);
#3891=ORIENTED_EDGE('',*,*,#2713,.F.);
#3892=ORIENTED_EDGE('',*,*,#2714,.F.);
#3893=ORIENTED_EDGE('',*,*,#2715,.T.);
#3894=ORIENTED_EDGE('',*,*,#2714,.T.);
#3895=ORIENTED_EDGE('',*,*,#2716,.F.);
#3896=ORIENTED_EDGE('',*,*,#2691,.F.);
#3897=ORIENTED_EDGE('',*,*,#2715,.F.);
#3898=ORIENTED_EDGE('',*,*,#2690,.F.);
#3899=ORIENTED_EDGE('',*,*,#2694,.F.);
#3900=ORIENTED_EDGE('',*,*,#2697,.F.);
#3901=ORIENTED_EDGE('',*,*,#2700,.F.);
#3902=ORIENTED_EDGE('',*,*,#2703,.F.);
#3903=ORIENTED_EDGE('',*,*,#2706,.F.);
#3904=ORIENTED_EDGE('',*,*,#2709,.F.);
#3905=ORIENTED_EDGE('',*,*,#2712,.F.);
#3906=ORIENTED_EDGE('',*,*,#2688,.F.);
#3907=ORIENTED_EDGE('',*,*,#2669,.F.);
#3908=ORIENTED_EDGE('',*,*,#2673,.F.);
#3909=ORIENTED_EDGE('',*,*,#2676,.F.);
#3910=ORIENTED_EDGE('',*,*,#2679,.F.);
#3911=ORIENTED_EDGE('',*,*,#2682,.F.);
#3912=ORIENTED_EDGE('',*,*,#2685,.F.);
#3913=ORIENTED_EDGE('',*,*,#2716,.T.);
#3914=ORIENTED_EDGE('',*,*,#2713,.T.);
#3915=ORIENTED_EDGE('',*,*,#2710,.T.);
#3916=ORIENTED_EDGE('',*,*,#2707,.T.);
#3917=ORIENTED_EDGE('',*,*,#2704,.T.);
#3918=ORIENTED_EDGE('',*,*,#2701,.T.);
#3919=ORIENTED_EDGE('',*,*,#2698,.T.);
#3920=ORIENTED_EDGE('',*,*,#2695,.T.);
#3921=ORIENTED_EDGE('',*,*,#2692,.T.);
#3922=ORIENTED_EDGE('',*,*,#2689,.T.);
#3923=ORIENTED_EDGE('',*,*,#2686,.T.);
#3924=ORIENTED_EDGE('',*,*,#2683,.T.);
#3925=ORIENTED_EDGE('',*,*,#2680,.T.);
#3926=ORIENTED_EDGE('',*,*,#2677,.T.);
#3927=ORIENTED_EDGE('',*,*,#2674,.T.);
#3928=ORIENTED_EDGE('',*,*,#2671,.T.);
#3929=ORIENTED_EDGE('',*,*,#2717,.F.);
#3930=ORIENTED_EDGE('',*,*,#2718,.T.);
#3931=ORIENTED_EDGE('',*,*,#2719,.F.);
#3932=ORIENTED_EDGE('',*,*,#2720,.F.);
#3933=ORIENTED_EDGE('',*,*,#2721,.F.);
#3934=ORIENTED_EDGE('',*,*,#2720,.T.);
#3935=ORIENTED_EDGE('',*,*,#2722,.F.);
#3936=ORIENTED_EDGE('',*,*,#2723,.F.);
#3937=ORIENTED_EDGE('',*,*,#2724,.F.);
#3938=ORIENTED_EDGE('',*,*,#2723,.T.);
#3939=ORIENTED_EDGE('',*,*,#2725,.F.);
#3940=ORIENTED_EDGE('',*,*,#2726,.F.);
#3941=ORIENTED_EDGE('',*,*,#2727,.F.);
#3942=ORIENTED_EDGE('',*,*,#2726,.T.);
#3943=ORIENTED_EDGE('',*,*,#2728,.F.);
#3944=ORIENTED_EDGE('',*,*,#2729,.F.);
#3945=ORIENTED_EDGE('',*,*,#2730,.F.);
#3946=ORIENTED_EDGE('',*,*,#2729,.T.);
#3947=ORIENTED_EDGE('',*,*,#2731,.F.);
#3948=ORIENTED_EDGE('',*,*,#2732,.F.);
#3949=ORIENTED_EDGE('',*,*,#2733,.F.);
#3950=ORIENTED_EDGE('',*,*,#2732,.T.);
#3951=ORIENTED_EDGE('',*,*,#2734,.F.);
#3952=ORIENTED_EDGE('',*,*,#2735,.F.);
#3953=ORIENTED_EDGE('',*,*,#2736,.F.);
#3954=ORIENTED_EDGE('',*,*,#2735,.T.);
#3955=ORIENTED_EDGE('',*,*,#2737,.F.);
#3956=ORIENTED_EDGE('',*,*,#2718,.F.);
#3957=ORIENTED_EDGE('',*,*,#2736,.T.);
#3958=ORIENTED_EDGE('',*,*,#2717,.T.);
#3959=ORIENTED_EDGE('',*,*,#2721,.T.);
#3960=ORIENTED_EDGE('',*,*,#2724,.T.);
#3961=ORIENTED_EDGE('',*,*,#2727,.T.);
#3962=ORIENTED_EDGE('',*,*,#2730,.T.);
#3963=ORIENTED_EDGE('',*,*,#2733,.T.);
#3964=ORIENTED_EDGE('',*,*,#2737,.T.);
#3965=ORIENTED_EDGE('',*,*,#2734,.T.);
#3966=ORIENTED_EDGE('',*,*,#2731,.T.);
#3967=ORIENTED_EDGE('',*,*,#2728,.T.);
#3968=ORIENTED_EDGE('',*,*,#2725,.T.);
#3969=ORIENTED_EDGE('',*,*,#2722,.T.);
#3970=ORIENTED_EDGE('',*,*,#2719,.T.);
#3971=ORIENTED_EDGE('',*,*,#2738,.T.);
#3972=ORIENTED_EDGE('',*,*,#2739,.T.);
#3973=ORIENTED_EDGE('',*,*,#2740,.F.);
#3974=ORIENTED_EDGE('',*,*,#2741,.F.);
#3975=ORIENTED_EDGE('',*,*,#2742,.T.);
#3976=ORIENTED_EDGE('',*,*,#2741,.T.);
#3977=ORIENTED_EDGE('',*,*,#2743,.F.);
#3978=ORIENTED_EDGE('',*,*,#2744,.F.);
#3979=ORIENTED_EDGE('',*,*,#2745,.T.);
#3980=ORIENTED_EDGE('',*,*,#2744,.T.);
#3981=ORIENTED_EDGE('',*,*,#2746,.F.);
#3982=ORIENTED_EDGE('',*,*,#2747,.F.);
#3983=ORIENTED_EDGE('',*,*,#2748,.T.);
#3984=ORIENTED_EDGE('',*,*,#2747,.T.);
#3985=ORIENTED_EDGE('',*,*,#2749,.F.);
#3986=ORIENTED_EDGE('',*,*,#2750,.F.);
#3987=ORIENTED_EDGE('',*,*,#2751,.T.);
#3988=ORIENTED_EDGE('',*,*,#2750,.T.);
#3989=ORIENTED_EDGE('',*,*,#2752,.F.);
#3990=ORIENTED_EDGE('',*,*,#2753,.F.);
#3991=ORIENTED_EDGE('',*,*,#2754,.T.);
#3992=ORIENTED_EDGE('',*,*,#2753,.T.);
#3993=ORIENTED_EDGE('',*,*,#2755,.F.);
#3994=ORIENTED_EDGE('',*,*,#2756,.F.);
#3995=ORIENTED_EDGE('',*,*,#2757,.T.);
#3996=ORIENTED_EDGE('',*,*,#2756,.T.);
#3997=ORIENTED_EDGE('',*,*,#2758,.F.);
#3998=ORIENTED_EDGE('',*,*,#2759,.F.);
#3999=ORIENTED_EDGE('',*,*,#2760,.T.);
#4000=ORIENTED_EDGE('',*,*,#2759,.T.);
#4001=ORIENTED_EDGE('',*,*,#2761,.F.);
#4002=ORIENTED_EDGE('',*,*,#2762,.F.);
#4003=ORIENTED_EDGE('',*,*,#2763,.T.);
#4004=ORIENTED_EDGE('',*,*,#2762,.T.);
#4005=ORIENTED_EDGE('',*,*,#2764,.F.);
#4006=ORIENTED_EDGE('',*,*,#2765,.F.);
#4007=ORIENTED_EDGE('',*,*,#2766,.T.);
#4008=ORIENTED_EDGE('',*,*,#2765,.T.);
#4009=ORIENTED_EDGE('',*,*,#2767,.F.);
#4010=ORIENTED_EDGE('',*,*,#2768,.F.);
#4011=ORIENTED_EDGE('',*,*,#2769,.T.);
#4012=ORIENTED_EDGE('',*,*,#2768,.T.);
#4013=ORIENTED_EDGE('',*,*,#2770,.F.);
#4014=ORIENTED_EDGE('',*,*,#2771,.F.);
#4015=ORIENTED_EDGE('',*,*,#2772,.T.);
#4016=ORIENTED_EDGE('',*,*,#2771,.T.);
#4017=ORIENTED_EDGE('',*,*,#2773,.F.);
#4018=ORIENTED_EDGE('',*,*,#2774,.F.);
#4019=ORIENTED_EDGE('',*,*,#2775,.T.);
#4020=ORIENTED_EDGE('',*,*,#2774,.T.);
#4021=ORIENTED_EDGE('',*,*,#2776,.F.);
#4022=ORIENTED_EDGE('',*,*,#2777,.F.);
#4023=ORIENTED_EDGE('',*,*,#2778,.T.);
#4024=ORIENTED_EDGE('',*,*,#2777,.T.);
#4025=ORIENTED_EDGE('',*,*,#2779,.F.);
#4026=ORIENTED_EDGE('',*,*,#2780,.F.);
#4027=ORIENTED_EDGE('',*,*,#2781,.T.);
#4028=ORIENTED_EDGE('',*,*,#2780,.T.);
#4029=ORIENTED_EDGE('',*,*,#2782,.F.);
#4030=ORIENTED_EDGE('',*,*,#2783,.F.);
#4031=ORIENTED_EDGE('',*,*,#2784,.T.);
#4032=ORIENTED_EDGE('',*,*,#2783,.T.);
#4033=ORIENTED_EDGE('',*,*,#2785,.F.);
#4034=ORIENTED_EDGE('',*,*,#2786,.F.);
#4035=ORIENTED_EDGE('',*,*,#2787,.T.);
#4036=ORIENTED_EDGE('',*,*,#2786,.T.);
#4037=ORIENTED_EDGE('',*,*,#2788,.F.);
#4038=ORIENTED_EDGE('',*,*,#2789,.F.);
#4039=ORIENTED_EDGE('',*,*,#2790,.T.);
#4040=ORIENTED_EDGE('',*,*,#2789,.T.);
#4041=ORIENTED_EDGE('',*,*,#2791,.F.);
#4042=ORIENTED_EDGE('',*,*,#2792,.F.);
#4043=ORIENTED_EDGE('',*,*,#2793,.T.);
#4044=ORIENTED_EDGE('',*,*,#2792,.T.);
#4045=ORIENTED_EDGE('',*,*,#2794,.F.);
#4046=ORIENTED_EDGE('',*,*,#2739,.F.);
#4047=ORIENTED_EDGE('',*,*,#2793,.F.);
#4048=ORIENTED_EDGE('',*,*,#2738,.F.);
#4049=ORIENTED_EDGE('',*,*,#2742,.F.);
#4050=ORIENTED_EDGE('',*,*,#2745,.F.);
#4051=ORIENTED_EDGE('',*,*,#2748,.F.);
#4052=ORIENTED_EDGE('',*,*,#2751,.F.);
#4053=ORIENTED_EDGE('',*,*,#2754,.F.);
#4054=ORIENTED_EDGE('',*,*,#2757,.F.);
#4055=ORIENTED_EDGE('',*,*,#2760,.F.);
#4056=ORIENTED_EDGE('',*,*,#2763,.F.);
#4057=ORIENTED_EDGE('',*,*,#2766,.F.);
#4058=ORIENTED_EDGE('',*,*,#2769,.F.);
#4059=ORIENTED_EDGE('',*,*,#2772,.F.);
#4060=ORIENTED_EDGE('',*,*,#2775,.F.);
#4061=ORIENTED_EDGE('',*,*,#2778,.F.);
#4062=ORIENTED_EDGE('',*,*,#2781,.F.);
#4063=ORIENTED_EDGE('',*,*,#2784,.F.);
#4064=ORIENTED_EDGE('',*,*,#2787,.F.);
#4065=ORIENTED_EDGE('',*,*,#2790,.F.);
#4066=ORIENTED_EDGE('',*,*,#2794,.T.);
#4067=ORIENTED_EDGE('',*,*,#2791,.T.);
#4068=ORIENTED_EDGE('',*,*,#2788,.T.);
#4069=ORIENTED_EDGE('',*,*,#2785,.T.);
#4070=ORIENTED_EDGE('',*,*,#2782,.T.);
#4071=ORIENTED_EDGE('',*,*,#2779,.T.);
#4072=ORIENTED_EDGE('',*,*,#2776,.T.);
#4073=ORIENTED_EDGE('',*,*,#2773,.T.);
#4074=ORIENTED_EDGE('',*,*,#2770,.T.);
#4075=ORIENTED_EDGE('',*,*,#2767,.T.);
#4076=ORIENTED_EDGE('',*,*,#2764,.T.);
#4077=ORIENTED_EDGE('',*,*,#2761,.T.);
#4078=ORIENTED_EDGE('',*,*,#2758,.T.);
#4079=ORIENTED_EDGE('',*,*,#2755,.T.);
#4080=ORIENTED_EDGE('',*,*,#2752,.T.);
#4081=ORIENTED_EDGE('',*,*,#2749,.T.);
#4082=ORIENTED_EDGE('',*,*,#2746,.T.);
#4083=ORIENTED_EDGE('',*,*,#2743,.T.);
#4084=ORIENTED_EDGE('',*,*,#2740,.T.);
#4085=PLANE('',#4488);
#4086=PLANE('',#4489);
#4087=PLANE('',#4498);
#4088=PLANE('',#4499);
#4089=PLANE('',#4500);
#4090=PLANE('',#4505);
#4091=PLANE('',#4506);
#4092=PLANE('',#4507);
#4093=PLANE('',#4508);
#4094=PLANE('',#4509);
#4095=PLANE('',#4512);
#4096=PLANE('',#4513);
#4097=PLANE('',#4514);
#4098=PLANE('',#4517);
#4099=PLANE('',#4542);
#4100=PLANE('',#4543);
#4101=PLANE('',#4550);
#4102=PLANE('',#4551);
#4103=PLANE('',#4552);
#4104=PLANE('',#4556);
#4105=PLANE('',#4557);
#4106=PLANE('',#4558);
#4107=PLANE('',#4562);
#4108=PLANE('',#4566);
#4109=PLANE('',#4567);
#4110=PLANE('',#4568);
#4111=PLANE('',#4572);
#4112=PLANE('',#4573);
#4113=PLANE('',#4574);
#4114=PLANE('',#4575);
#4115=PLANE('',#4576);
#4116=PLANE('',#4577);
#4117=PLANE('',#4578);
#4118=PLANE('',#4579);
#4119=PLANE('',#4580);
#4120=PLANE('',#4581);
#4121=PLANE('',#4582);
#4122=PLANE('',#4583);
#4123=PLANE('',#4584);
#4124=PLANE('',#4585);
#4125=PLANE('',#4586);
#4126=PLANE('',#4587);
#4127=PLANE('',#4588);
#4128=PLANE('',#4589);
#4129=PLANE('',#4590);
#4130=PLANE('',#4591);
#4131=PLANE('',#4592);
#4132=PLANE('',#4593);
#4133=PLANE('',#4594);
#4134=PLANE('',#4595);
#4135=PLANE('',#4596);
#4136=PLANE('',#4597);
#4137=PLANE('',#4598);
#4138=PLANE('',#4605);
#4139=PLANE('',#4608);
#4140=PLANE('',#4611);
#4141=PLANE('',#4616);
#4142=PLANE('',#4617);
#4143=PLANE('',#4618);
#4144=PLANE('',#4619);
#4145=PLANE('',#4621);
#4146=PLANE('',#4630);
#4147=PLANE('',#4631);
#4148=PLANE('',#4632);
#4149=PLANE('',#4633);
#4150=PLANE('',#4650);
#4151=PLANE('',#4653);
#4152=PLANE('',#4654);
#4153=PLANE('',#4668);
#4154=PLANE('',#4669);
#4155=PLANE('',#4676);
#4156=PLANE('',#4680);
#4157=PLANE('',#4686);
#4158=PLANE('',#4687);
#4159=PLANE('',#4688);
#4160=PLANE('',#4696);
#4161=PLANE('',#4697);
#4162=PLANE('',#4698);
#4163=PLANE('',#4699);
#4164=PLANE('',#4700);
#4165=PLANE('',#4703);
#4166=PLANE('',#4713);
#4167=PLANE('',#4715);
#4168=PLANE('',#4716);
#4169=PLANE('',#4726);
#4170=PLANE('',#4727);
#4171=PLANE('',#4736);
#4172=PLANE('',#4746);
#4173=PLANE('',#4748);
#4174=PLANE('',#4749);
#4175=PLANE('',#4750);
#4176=PLANE('',#4751);
#4177=PLANE('',#4752);
#4178=PLANE('',#4753);
#4179=PLANE('',#4754);
#4180=PLANE('',#4755);
#4181=PLANE('',#4756);
#4182=PLANE('',#4757);
#4183=PLANE('',#4758);
#4184=PLANE('',#4759);
#4185=PLANE('',#4760);
#4186=PLANE('',#4761);
#4187=PLANE('',#4762);
#4188=PLANE('',#4763);
#4189=PLANE('',#4764);
#4190=PLANE('',#4765);
#4191=PLANE('',#4766);
#4192=PLANE('',#4767);
#4193=PLANE('',#4768);
#4194=PLANE('',#4769);
#4195=PLANE('',#4771);
#4196=PLANE('',#4773);
#4197=PLANE('',#4774);
#4198=PLANE('',#4775);
#4199=PLANE('',#4776);
#4200=PLANE('',#4778);
#4201=PLANE('',#4779);
#4202=PLANE('',#4780);
#4203=PLANE('',#4781);
#4204=PLANE('',#4782);
#4205=PLANE('',#4783);
#4206=PLANE('',#4784);
#4207=PLANE('',#4785);
#4208=PLANE('',#4786);
#4209=PLANE('',#4787);
#4210=PLANE('',#4788);
#4211=PLANE('',#4789);
#4212=PLANE('',#4790);
#4213=PLANE('',#4791);
#4214=PLANE('',#4792);
#4215=PLANE('',#4793);
#4216=PLANE('',#4794);
#4217=PLANE('',#4795);
#4218=PLANE('',#4796);
#4219=PLANE('',#4797);
#4220=PLANE('',#4798);
#4221=PLANE('',#4799);
#4222=PLANE('',#4800);
#4223=PLANE('',#4801);
#4224=PLANE('',#4802);
#4225=PLANE('',#4803);
#4226=PLANE('',#4804);
#4227=PLANE('',#4805);
#4228=ADVANCED_FACE('',(#372),#4085,.F.);
#4229=ADVANCED_FACE('',(#373),#4086,.F.);
#4230=ADVANCED_FACE('',(#374),#328,.F.);
#4231=ADVANCED_FACE('',(#375),#329,.F.);
#4232=ADVANCED_FACE('',(#376),#4087,.F.);
#4233=ADVANCED_FACE('',(#377),#4088,.F.);
#4234=ADVANCED_FACE('',(#378,#85,#86,#87),#4089,.F.);
#4235=ADVANCED_FACE('',(#379),#4090,.F.);
#4236=ADVANCED_FACE('',(#380),#4091,.F.);
#4237=ADVANCED_FACE('',(#381),#4092,.F.);
#4238=ADVANCED_FACE('',(#382),#4093,.F.);
#4239=ADVANCED_FACE('',(#383),#4094,.F.);
#4240=ADVANCED_FACE('',(#384),#330,.F.);
#4241=ADVANCED_FACE('',(#385),#4095,.F.);
#4242=ADVANCED_FACE('',(#386),#4096,.F.);
#4243=ADVANCED_FACE('',(#387),#4097,.F.);
#4244=ADVANCED_FACE('',(#388),#331,.F.);
#4245=ADVANCED_FACE('',(#389),#4098,.F.);
#4246=ADVANCED_FACE('',(#390),#81,.F.);
#4247=ADVANCED_FACE('',(#391),#332,.F.);
#4248=ADVANCED_FACE('',(#392),#82,.F.);
#4249=ADVANCED_FACE('',(#393),#333,.F.);
#4250=ADVANCED_FACE('',(#394),#334,.F.);
#4251=ADVANCED_FACE('',(#395),#335,.F.);
#4252=ADVANCED_FACE('',(#396),#336,.F.);
#4253=ADVANCED_FACE('',(#397),#337,.F.);
#4254=ADVANCED_FACE('',(#398),#338,.T.);
#4255=ADVANCED_FACE('',(#399),#339,.T.);
#4256=ADVANCED_FACE('',(#400),#340,.T.);
#4257=ADVANCED_FACE('',(#401),#341,.T.);
#4258=ADVANCED_FACE('',(#402,#88,#89),#4099,.T.);
#4259=ADVANCED_FACE('',(#403,#90),#4100,.F.);
#4260=ADVANCED_FACE('',(#404),#83,.F.);
#4261=ADVANCED_FACE('',(#405),#342,.T.);
#4262=ADVANCED_FACE('',(#406),#4101,.T.);
#4263=ADVANCED_FACE('',(#407),#4102,.T.);
#4264=ADVANCED_FACE('',(#408),#4103,.T.);
#4265=ADVANCED_FACE('',(#409),#343,.T.);
#4266=ADVANCED_FACE('',(#410),#4104,.T.);
#4267=ADVANCED_FACE('',(#411,#91),#4105,.F.);
#4268=ADVANCED_FACE('',(#412,#92),#4106,.T.);
#4269=ADVANCED_FACE('',(#413),#84,.F.);
#4270=ADVANCED_FACE('',(#414),#4107,.T.);
#4271=ADVANCED_FACE('',(#415),#344,.T.);
#4272=ADVANCED_FACE('',(#416),#4108,.T.);
#4273=ADVANCED_FACE('',(#417),#4109,.T.);
#4274=ADVANCED_FACE('',(#418),#4110,.T.);
#4275=ADVANCED_FACE('',(#419),#345,.T.);
#4276=ADVANCED_FACE('',(#420,#93),#4111,.F.);
#4277=ADVANCED_FACE('',(#421,#94),#4112,.T.);
#4278=ADVANCED_FACE('',(#422),#4113,.F.);
#4279=ADVANCED_FACE('',(#423),#19,.F.);
#4280=ADVANCED_FACE('',(#424),#20,.F.);
#4281=ADVANCED_FACE('',(#425),#21,.F.);
#4282=ADVANCED_FACE('',(#426),#22,.F.);
#4283=ADVANCED_FACE('',(#427),#4114,.F.);
#4284=ADVANCED_FACE('',(#428),#4115,.F.);
#4285=ADVANCED_FACE('',(#429),#4116,.F.);
#4286=ADVANCED_FACE('',(#430),#4117,.F.);
#4287=ADVANCED_FACE('',(#431),#4118,.F.);
#4288=ADVANCED_FACE('',(#432),#23,.F.);
#4289=ADVANCED_FACE('',(#433),#24,.F.);
#4290=ADVANCED_FACE('',(#434),#25,.F.);
#4291=ADVANCED_FACE('',(#435),#26,.F.);
#4292=ADVANCED_FACE('',(#436),#4119,.F.);
#4293=ADVANCED_FACE('',(#437),#4120,.F.);
#4294=ADVANCED_FACE('',(#438,#95),#4121,.T.);
#4295=ADVANCED_FACE('',(#439),#4122,.F.);
#4296=ADVANCED_FACE('',(#440),#4123,.F.);
#4297=ADVANCED_FACE('',(#441),#4124,.F.);
#4298=ADVANCED_FACE('',(#442),#4125,.F.);
#4299=ADVANCED_FACE('',(#443),#4126,.F.);
#4300=ADVANCED_FACE('',(#444),#4127,.F.);
#4301=ADVANCED_FACE('',(#445),#4128,.F.);
#4302=ADVANCED_FACE('',(#446),#4129,.F.);
#4303=ADVANCED_FACE('',(#447),#27,.F.);
#4304=ADVANCED_FACE('',(#448),#28,.F.);
#4305=ADVANCED_FACE('',(#449),#29,.F.);
#4306=ADVANCED_FACE('',(#450),#30,.F.);
#4307=ADVANCED_FACE('',(#451),#4130,.F.);
#4308=ADVANCED_FACE('',(#452),#4131,.F.);
#4309=ADVANCED_FACE('',(#453),#4132,.F.);
#4310=ADVANCED_FACE('',(#454),#31,.F.);
#4311=ADVANCED_FACE('',(#455),#32,.F.);
#4312=ADVANCED_FACE('',(#456),#33,.F.);
#4313=ADVANCED_FACE('',(#457),#34,.F.);
#4314=ADVANCED_FACE('',(#458),#35,.F.);
#4315=ADVANCED_FACE('',(#459),#36,.F.);
#4316=ADVANCED_FACE('',(#460),#37,.F.);
#4317=ADVANCED_FACE('',(#461),#38,.F.);
#4318=ADVANCED_FACE('',(#462),#39,.F.);
#4319=ADVANCED_FACE('',(#463),#4133,.F.);
#4320=ADVANCED_FACE('',(#464),#4134,.F.);
#4321=ADVANCED_FACE('',(#465),#4135,.F.);
#4322=ADVANCED_FACE('',(#466),#4136,.T.);
#4323=ADVANCED_FACE('',(#467,#96,#97,#98),#4137,.T.);
#4324=ADVANCED_FACE('',(#468),#4138,.F.);
#4325=ADVANCED_FACE('',(#469),#346,.F.);
#4326=ADVANCED_FACE('',(#470),#4139,.F.);
#4327=ADVANCED_FACE('',(#471),#347,.F.);
#4328=ADVANCED_FACE('',(#472),#4140,.F.);
#4329=ADVANCED_FACE('',(#473),#348,.T.);
#4330=ADVANCED_FACE('',(#474),#349,.T.);
#4331=ADVANCED_FACE('',(#475),#4141,.F.);
#4332=ADVANCED_FACE('',(#476),#4142,.F.);
#4333=ADVANCED_FACE('',(#477),#4143,.F.);
#4334=ADVANCED_FACE('',(#478),#4144,.T.);
#4335=ADVANCED_FACE('',(#479),#4145,.T.);
#4336=ADVANCED_FACE('',(#480),#4146,.T.);
#4337=ADVANCED_FACE('',(#481),#4147,.T.);
#4338=ADVANCED_FACE('',(#482),#4148,.T.);
#4339=ADVANCED_FACE('',(#483),#4149,.T.);
#4340=ADVANCED_FACE('',(#484),#350,.T.);
#4341=ADVANCED_FACE('',(#485),#351,.T.);
#4342=ADVANCED_FACE('',(#486),#352,.T.);
#4343=ADVANCED_FACE('',(#487),#15,.T.);
#4344=ADVANCED_FACE('',(#488),#16,.T.);
#4345=ADVANCED_FACE('',(#489),#353,.T.);
#4346=ADVANCED_FACE('',(#490),#4150,.T.);
#4347=ADVANCED_FACE('',(#491),#4151,.F.);
#4348=ADVANCED_FACE('',(#492),#4152,.F.);
#4349=ADVANCED_FACE('',(#493),#17,.T.);
#4350=ADVANCED_FACE('',(#494),#40,.F.);
#4351=ADVANCED_FACE('',(#495),#354,.F.);
#4352=ADVANCED_FACE('',(#496),#18,.T.);
#4353=ADVANCED_FACE('',(#497),#41,.F.);
#4354=ADVANCED_FACE('',(#498),#355,.F.);
#4355=ADVANCED_FACE('',(#499),#4153,.F.);
#4356=ADVANCED_FACE('',(#500),#4154,.F.);
#4357=ADVANCED_FACE('',(#501),#356,.T.);
#4358=ADVANCED_FACE('',(#502),#357,.F.);
#4359=ADVANCED_FACE('',(#503),#4155,.F.);
#4360=ADVANCED_FACE('',(#504),#358,.F.);
#4361=ADVANCED_FACE('',(#505),#4156,.F.);
#4362=ADVANCED_FACE('',(#506),#359,.F.);
#4363=ADVANCED_FACE('',(#507),#360,.F.);
#4364=ADVANCED_FACE('',(#508),#4157,.F.);
#4365=ADVANCED_FACE('',(#509,#99,#100,#101),#4158,.F.);
#4366=ADVANCED_FACE('',(#510,#102),#4159,.T.);
#4367=ADVANCED_FACE('',(#511),#361,.T.);
#4368=ADVANCED_FACE('',(#512),#4160,.T.);
#4369=ADVANCED_FACE('',(#513),#4161,.F.);
#4370=ADVANCED_FACE('',(#514),#4162,.F.);
#4371=ADVANCED_FACE('',(#515),#4163,.T.);
#4372=ADVANCED_FACE('',(#516),#4164,.T.);
#4373=ADVANCED_FACE('',(#517),#362,.F.);
#4374=ADVANCED_FACE('',(#518),#4165,.F.);
#4375=ADVANCED_FACE('',(#519,#103),#363,.T.);
#4376=ADVANCED_FACE('',(#520),#4166,.T.);
#4377=ADVANCED_FACE('',(#521),#364,.F.);
#4378=ADVANCED_FACE('',(#522),#4167,.T.);
#4379=ADVANCED_FACE('',(#523),#4168,.F.);
#4380=ADVANCED_FACE('',(#524,#104),#365,.T.);
#4381=ADVANCED_FACE('',(#525),#4169,.T.);
#4382=ADVANCED_FACE('',(#526),#4170,.F.);
#4383=ADVANCED_FACE('',(#527,#105),#366,.T.);
#4384=ADVANCED_FACE('',(#528),#4171,.F.);
#4385=ADVANCED_FACE('',(#529,#106),#367,.T.);
#4386=ADVANCED_FACE('',(#530),#4172,.T.);
#4387=ADVANCED_FACE('',(#531),#368,.F.);
#4388=ADVANCED_FACE('',(#532),#4173,.T.);
#4389=ADVANCED_FACE('',(#533),#4174,.T.);
#4390=ADVANCED_FACE('',(#534),#4175,.T.);
#4391=ADVANCED_FACE('',(#535),#4176,.F.);
#4392=ADVANCED_FACE('',(#536),#4177,.F.);
#4393=ADVANCED_FACE('',(#537),#4178,.F.);
#4394=ADVANCED_FACE('',(#538),#4179,.F.);
#4395=ADVANCED_FACE('',(#539),#4180,.F.);
#4396=ADVANCED_FACE('',(#540),#4181,.F.);
#4397=ADVANCED_FACE('',(#541),#4182,.F.);
#4398=ADVANCED_FACE('',(#542),#4183,.F.);
#4399=ADVANCED_FACE('',(#543),#4184,.F.);
#4400=ADVANCED_FACE('',(#544),#4185,.F.);
#4401=ADVANCED_FACE('',(#545),#4186,.F.);
#4402=ADVANCED_FACE('',(#546),#4187,.F.);
#4403=ADVANCED_FACE('',(#547),#4188,.F.);
#4404=ADVANCED_FACE('',(#548),#4189,.F.);
#4405=ADVANCED_FACE('',(#549),#4190,.F.);
#4406=ADVANCED_FACE('',(#550),#4191,.F.);
#4407=ADVANCED_FACE('',(#551),#4192,.F.);
#4408=ADVANCED_FACE('',(#552),#4193,.T.);
#4409=ADVANCED_FACE('',(#553),#4194,.T.);
#4410=ADVANCED_FACE('',(#554),#369,.T.);
#4411=ADVANCED_FACE('',(#555),#4195,.T.);
#4412=ADVANCED_FACE('',(#556),#370,.T.);
#4413=ADVANCED_FACE('',(#557),#4196,.T.);
#4414=ADVANCED_FACE('',(#558),#4197,.T.);
#4415=ADVANCED_FACE('',(#559),#4198,.F.);
#4416=ADVANCED_FACE('',(#560),#4199,.T.);
#4417=ADVANCED_FACE('',(#561),#371,.F.);
#4418=ADVANCED_FACE('',(#562),#4200,.T.);
#4419=ADVANCED_FACE('',(#563),#4201,.T.);
#4420=ADVANCED_FACE('',(#564),#42,.T.);
#4421=ADVANCED_FACE('',(#565),#43,.T.);
#4422=ADVANCED_FACE('',(#566),#44,.T.);
#4423=ADVANCED_FACE('',(#567),#45,.T.);
#4424=ADVANCED_FACE('',(#568),#4202,.T.);
#4425=ADVANCED_FACE('',(#569),#4203,.T.);
#4426=ADVANCED_FACE('',(#570),#4204,.T.);
#4427=ADVANCED_FACE('',(#571),#4205,.T.);
#4428=ADVANCED_FACE('',(#572),#4206,.T.);
#4429=ADVANCED_FACE('',(#573),#46,.T.);
#4430=ADVANCED_FACE('',(#574),#47,.T.);
#4431=ADVANCED_FACE('',(#575),#48,.T.);
#4432=ADVANCED_FACE('',(#576),#49,.T.);
#4433=ADVANCED_FACE('',(#577),#4207,.T.);
#4434=ADVANCED_FACE('',(#578),#4208,.T.);
#4435=ADVANCED_FACE('',(#579,#107),#4209,.T.);
#4436=ADVANCED_FACE('',(#580,#108),#4210,.F.);
#4437=ADVANCED_FACE('',(#581),#4211,.T.);
#4438=ADVANCED_FACE('',(#582),#4212,.T.);
#4439=ADVANCED_FACE('',(#583),#4213,.T.);
#4440=ADVANCED_FACE('',(#584),#4214,.T.);
#4441=ADVANCED_FACE('',(#585),#4215,.T.);
#4442=ADVANCED_FACE('',(#586),#4216,.T.);
#4443=ADVANCED_FACE('',(#587),#4217,.T.);
#4444=ADVANCED_FACE('',(#588),#4218,.T.);
#4445=ADVANCED_FACE('',(#589),#4219,.T.);
#4446=ADVANCED_FACE('',(#590),#50,.T.);
#4447=ADVANCED_FACE('',(#591),#51,.T.);
#4448=ADVANCED_FACE('',(#592),#52,.T.);
#4449=ADVANCED_FACE('',(#593),#53,.T.);
#4450=ADVANCED_FACE('',(#594),#4220,.T.);
#4451=ADVANCED_FACE('',(#595),#4221,.T.);
#4452=ADVANCED_FACE('',(#596),#4222,.T.);
#4453=ADVANCED_FACE('',(#597),#54,.T.);
#4454=ADVANCED_FACE('',(#598),#55,.T.);
#4455=ADVANCED_FACE('',(#599),#56,.T.);
#4456=ADVANCED_FACE('',(#600),#57,.T.);
#4457=ADVANCED_FACE('',(#601),#58,.T.);
#4458=ADVANCED_FACE('',(#602),#59,.T.);
#4459=ADVANCED_FACE('',(#603),#60,.T.);
#4460=ADVANCED_FACE('',(#604),#61,.T.);
#4461=ADVANCED_FACE('',(#605),#62,.T.);
#4462=ADVANCED_FACE('',(#606),#4223,.T.);
#4463=ADVANCED_FACE('',(#607),#4224,.T.);
#4464=ADVANCED_FACE('',(#608),#4225,.T.);
#4465=ADVANCED_FACE('',(#609),#4226,.T.);
#4466=ADVANCED_FACE('',(#610),#4227,.F.);
#4467=CLOSED_SHELL('',(#4228,#4229,#4230,#4231,#4232,#4233,#4234,#4235,
#4236,#4237,#4238,#4239,#4240,#4241,#4242,#4243,#4244,#4245,#4246,#4247,
#4248,#4249,#4250,#4251,#4252,#4253,#4254,#4255,#4256,#4257,#4258,#4259));
#4468=CLOSED_SHELL('',(#4260,#4261,#4262,#4263,#4264,#4265,#4266,#4267,
#4268));
#4469=CLOSED_SHELL('',(#4269,#4270,#4271,#4272,#4273,#4274,#4275,#4276,
#4277));
#4470=CLOSED_SHELL('',(#4278,#4279,#4280,#4281,#4282,#4283,#4284,#4285,
#4286,#4287,#4288,#4289,#4290,#4291,#4292,#4293,#4294,#4295,#4296,#4297,
#4298,#4299,#4300,#4301,#4302,#4303,#4304,#4305,#4306,#4307,#4308,#4309,
#4310,#4311,#4312,#4313,#4314,#4315,#4316,#4317,#4318,#4319,#4320,#4321,
#4322,#4323,#4324,#4325,#4326,#4327,#4328,#4329,#4330,#4331,#4332,#4333,
#4334,#4335,#4336,#4337,#4338,#4339,#4340,#4341,#4342,#4343,#4344,#4345,
#4346,#4347,#4348,#4349,#4350,#4351,#4352,#4353,#4354,#4355,#4356,#4357,
#4358,#4359,#4360,#4361,#4362,#4363,#4364,#4365,#4366,#4367,#4368,#4369,
#4370,#4371,#4372,#4373,#4374,#4375,#4376,#4377,#4378,#4379,#4380,#4381,
#4382,#4383,#4384,#4385,#4386,#4387,#4388,#4389,#4390,#4391,#4392,#4393,
#4394,#4395,#4396,#4397,#4398,#4399,#4400,#4401,#4402,#4403,#4404,#4405,
#4406,#4407,#4408,#4409,#4410,#4411,#4412,#4413,#4414,#4415,#4416,#4417,
#4418));
#4471=CLOSED_SHELL('',(#4419,#4420,#4421,#4422,#4423,#4424,#4425,#4426,
#4427,#4428,#4429,#4430,#4431,#4432,#4433,#4434,#4435,#4436));
#4472=CLOSED_SHELL('',(#4437,#4438,#4439,#4440,#4441,#4442,#4443,#4444,
#4445));
#4473=CLOSED_SHELL('',(#4446,#4447,#4448,#4449,#4450,#4451,#4452,#4453,
#4454,#4455,#4456,#4457,#4458,#4459,#4460,#4461,#4462,#4463,#4464,#4465,
#4466));
#4474=DERIVED_UNIT_ELEMENT(#4476,1.);
#4475=DERIVED_UNIT_ELEMENT(#8101,-3.);
#4476=(
MASS_UNIT()
NAMED_UNIT(*)
SI_UNIT(.KILO.,.GRAM.)
);
#4477=DERIVED_UNIT((#4474,#4475));
#4478=MEASURE_REPRESENTATION_ITEM('density measure',
POSITIVE_RATIO_MEASURE(1060.),#4477);
#4479=PROPERTY_DEFINITION_REPRESENTATION(#4484,#4481);
#4480=PROPERTY_DEFINITION_REPRESENTATION(#4485,#4482);
#4481=REPRESENTATION('material name',(#4483),#8098);
#4482=REPRESENTATION('density',(#4478),#8098);
#4483=DESCRIPTIVE_REPRESENTATION_ITEM('ABS Plastic','ABS Plastic');
#4484=PROPERTY_DEFINITION('material property','material name',#8113);
#4485=PROPERTY_DEFINITION('material property','density of part',#8113);
#4486=AXIS2_PLACEMENT_3D('',#5875,#4807,#4808);
#4487=AXIS2_PLACEMENT_3D('',#5876,#4809,#4810);
#4488=AXIS2_PLACEMENT_3D('',#5877,#4811,#4812);
#4489=AXIS2_PLACEMENT_3D('',#5886,#4817,#4818);
#4490=AXIS2_PLACEMENT_3D('',#5895,#4823,#4824);
#4491=AXIS2_PLACEMENT_3D('',#5897,#4825,#4826);
#4492=AXIS2_PLACEMENT_3D('',#5901,#4828,#4829);
#4493=AXIS2_PLACEMENT_3D('',#5907,#4830,#4831);
#4494=AXIS2_PLACEMENT_3D('',#5908,#4832,#4833);
#4495=AXIS2_PLACEMENT_3D('',#5909,#4834,#4835);
#4496=AXIS2_PLACEMENT_3D('',#5911,#4836,#4837);
#4497=AXIS2_PLACEMENT_3D('',#5919,#4838,#4839);
#4498=AXIS2_PLACEMENT_3D('',#5920,#4840,#4841);
#4499=AXIS2_PLACEMENT_3D('',#5926,#4845,#4846);
#4500=AXIS2_PLACEMENT_3D('',#5928,#4848,#4849);
#4501=AXIS2_PLACEMENT_3D('',#5938,#4854,#4855);
#4502=AXIS2_PLACEMENT_3D('',#5940,#4856,#4857);
#4503=AXIS2_PLACEMENT_3D('',#5948,#4861,#4862);
#4504=AXIS2_PLACEMENT_3D('',#5956,#4866,#4867);
#4505=AXIS2_PLACEMENT_3D('',#5962,#4871,#4872);
#4506=AXIS2_PLACEMENT_3D('',#5966,#4875,#4876);
#4507=AXIS2_PLACEMENT_3D('',#5972,#4880,#4881);
#4508=AXIS2_PLACEMENT_3D('',#5974,#4883,#4884);
#4509=AXIS2_PLACEMENT_3D('',#5978,#4887,#4888);
#4510=AXIS2_PLACEMENT_3D('',#5982,#4891,#4892);
#4511=AXIS2_PLACEMENT_3D('',#5984,#4893,#4894);
#4512=AXIS2_PLACEMENT_3D('',#5986,#4896,#4897);
#4513=AXIS2_PLACEMENT_3D('',#5990,#4900,#4901);
#4514=AXIS2_PLACEMENT_3D('',#5994,#4904,#4905);
#4515=AXIS2_PLACEMENT_3D('',#5998,#4908,#4909);
#4516=AXIS2_PLACEMENT_3D('',#6000,#4910,#4911);
#4517=AXIS2_PLACEMENT_3D('',#6002,#4913,#4914);
#4518=AXIS2_PLACEMENT_3D('',#6004,#4916,#4917);
#4519=AXIS2_PLACEMENT_3D('',#6006,#4918,#4919);
#4520=AXIS2_PLACEMENT_3D('',#6009,#4921,#4922);
#4521=AXIS2_PLACEMENT_3D('',#6010,#4923,#4924);
#4522=AXIS2_PLACEMENT_3D('',#6012,#4926,#4927);
#4523=AXIS2_PLACEMENT_3D('',#6014,#4928,#4929);
#4524=AXIS2_PLACEMENT_3D('',#6017,#4931,#4932);
#4525=AXIS2_PLACEMENT_3D('',#6018,#4933,#4934);
#4526=AXIS2_PLACEMENT_3D('',#6020,#4936,#4937);
#4527=AXIS2_PLACEMENT_3D('',#6022,#4938,#4939);
#4528=AXIS2_PLACEMENT_3D('',#6025,#4941,#4942);
#4529=AXIS2_PLACEMENT_3D('',#6026,#4943,#4944);
#4530=AXIS2_PLACEMENT_3D('',#6029,#4946,#4947);
#4531=AXIS2_PLACEMENT_3D('',#6030,#4948,#4949);
#4532=AXIS2_PLACEMENT_3D('',#6033,#4951,#4952);
#4533=AXIS2_PLACEMENT_3D('',#6034,#4953,#4954);
#4534=AXIS2_PLACEMENT_3D('',#6036,#4956,#4957);
#4535=AXIS2_PLACEMENT_3D('',#6041,#4959,#4960);
#4536=AXIS2_PLACEMENT_3D('',#6044,#4962,#4963);
#4537=AXIS2_PLACEMENT_3D('',#6045,#4964,#4965);
#4538=AXIS2_PLACEMENT_3D('',#6049,#4967,#4968);
#4539=AXIS2_PLACEMENT_3D('',#6052,#4971,#4972);
#4540=AXIS2_PLACEMENT_3D('',#6056,#4974,#4975);
#4541=AXIS2_PLACEMENT_3D('',#6058,#4977,#4978);
#4542=AXIS2_PLACEMENT_3D('',#6061,#4981,#4982);
#4543=AXIS2_PLACEMENT_3D('',#6062,#4983,#4984);
#4544=AXIS2_PLACEMENT_3D('',#6063,#4985,#4986);
#4545=AXIS2_PLACEMENT_3D('',#6065,#4987,#4988);
#4546=AXIS2_PLACEMENT_3D('',#6068,#4990,#4991);
#4547=AXIS2_PLACEMENT_3D('',#6069,#4992,#4993);
#4548=AXIS2_PLACEMENT_3D('',#6072,#4994,#4995);
#4549=AXIS2_PLACEMENT_3D('',#6076,#4997,#4998);
#4550=AXIS2_PLACEMENT_3D('',#6078,#5000,#5001);
#4551=AXIS2_PLACEMENT_3D('',#6084,#5005,#5006);
#4552=AXIS2_PLACEMENT_3D('',#6090,#5010,#5011);
#4553=AXIS2_PLACEMENT_3D('',#6096,#5015,#5016);
#4554=AXIS2_PLACEMENT_3D('',#6098,#5017,#5018);
#4555=AXIS2_PLACEMENT_3D('',#6101,#5020,#5021);
#4556=AXIS2_PLACEMENT_3D('',#6102,#5022,#5023);
#4557=AXIS2_PLACEMENT_3D('',#6105,#5026,#5027);
#4558=AXIS2_PLACEMENT_3D('',#6106,#5028,#5029);
#4559=AXIS2_PLACEMENT_3D('',#6107,#5030,#5031);
#4560=AXIS2_PLACEMENT_3D('',#6109,#5032,#5033);
#4561=AXIS2_PLACEMENT_3D('',#6112,#5035,#5036);
#4562=AXIS2_PLACEMENT_3D('',#6113,#5037,#5038);
#4563=AXIS2_PLACEMENT_3D('',#6122,#5043,#5044);
#4564=AXIS2_PLACEMENT_3D('',#6124,#5045,#5046);
#4565=AXIS2_PLACEMENT_3D('',#6127,#5048,#5049);
#4566=AXIS2_PLACEMENT_3D('',#6128,#5050,#5051);
#4567=AXIS2_PLACEMENT_3D('',#6134,#5055,#5056);
#4568=AXIS2_PLACEMENT_3D('',#6140,#5060,#5061);
#4569=AXIS2_PLACEMENT_3D('',#6146,#5065,#5066);
#4570=AXIS2_PLACEMENT_3D('',#6147,#5067,#5068);
#4571=AXIS2_PLACEMENT_3D('',#6148,#5069,#5070);
#4572=AXIS2_PLACEMENT_3D('',#6149,#5071,#5072);
#4573=AXIS2_PLACEMENT_3D('',#6150,#5073,#5074);
#4574=AXIS2_PLACEMENT_3D('',#6151,#5075,#5076);
#4575=AXIS2_PLACEMENT_3D('',#6252,#5085,#5086);
#4576=AXIS2_PLACEMENT_3D('',#6258,#5090,#5091);
#4577=AXIS2_PLACEMENT_3D('',#6261,#5094,#5095);
#4578=AXIS2_PLACEMENT_3D('',#6270,#5100,#5101);
#4579=AXIS2_PLACEMENT_3D('',#6276,#5105,#5106);
#4580=AXIS2_PLACEMENT_3D('',#6374,#5114,#5115);
#4581=AXIS2_PLACEMENT_3D('',#6380,#5119,#5120);
#4582=AXIS2_PLACEMENT_3D('',#6383,#5123,#5124);
#4583=AXIS2_PLACEMENT_3D('',#6384,#5125,#5126);
#4584=AXIS2_PLACEMENT_3D('',#6393,#5131,#5132);
#4585=AXIS2_PLACEMENT_3D('',#6399,#5136,#5137);
#4586=AXIS2_PLACEMENT_3D('',#6405,#5141,#5142);
#4587=AXIS2_PLACEMENT_3D('',#6411,#5146,#5147);
#4588=AXIS2_PLACEMENT_3D('',#6417,#5151,#5152);
#4589=AXIS2_PLACEMENT_3D('',#6423,#5156,#5157);
#4590=AXIS2_PLACEMENT_3D('',#6426,#5160,#5161);
#4591=AXIS2_PLACEMENT_3D('',#6522,#5167,#5168);
#4592=AXIS2_PLACEMENT_3D('',#6528,#5172,#5173);
#4593=AXIS2_PLACEMENT_3D('',#6534,#5177,#5178);
#4594=AXIS2_PLACEMENT_3D('',#6747,#5191,#5192);
#4595=AXIS2_PLACEMENT_3D('',#6753,#5196,#5197);
#4596=AXIS2_PLACEMENT_3D('',#6759,#5201,#5202);
#4597=AXIS2_PLACEMENT_3D('',#6762,#5205,#5206);
#4598=AXIS2_PLACEMENT_3D('',#6763,#5207,#5208);
#4599=AXIS2_PLACEMENT_3D('',#6766,#5209,#5210);
#4600=AXIS2_PLACEMENT_3D('',#6774,#5214,#5215);
#4601=AXIS2_PLACEMENT_3D('',#6782,#5219,#5220);
#4602=AXIS2_PLACEMENT_3D('',#6794,#5226,#5227);
#4603=AXIS2_PLACEMENT_3D('',#6798,#5229,#5230);
#4604=AXIS2_PLACEMENT_3D('',#6802,#5232,#5233);
#4605=AXIS2_PLACEMENT_3D('',#6804,#5235,#5236);
#4606=AXIS2_PLACEMENT_3D('',#6810,#5240,#5241);
#4607=AXIS2_PLACEMENT_3D('',#6812,#5242,#5243);
#4608=AXIS2_PLACEMENT_3D('',#6814,#5245,#5246);
#4609=AXIS2_PLACEMENT_3D('',#6818,#5249,#5250);
#4610=AXIS2_PLACEMENT_3D('',#6820,#5251,#5252);
#4611=AXIS2_PLACEMENT_3D('',#6822,#5254,#5255);
#4612=AXIS2_PLACEMENT_3D('',#6826,#5258,#5259);
#4613=AXIS2_PLACEMENT_3D('',#6828,#5260,#5261);
#4614=AXIS2_PLACEMENT_3D('',#6837,#5263,#5264);
#4615=AXIS2_PLACEMENT_3D('',#6839,#5265,#5266);
#4616=AXIS2_PLACEMENT_3D('',#6846,#5268,#5269);
#4617=AXIS2_PLACEMENT_3D('',#6859,#5276,#5277);
#4618=AXIS2_PLACEMENT_3D('',#6865,#5281,#5282);
#4619=AXIS2_PLACEMENT_3D('',#6871,#5286,#5287);
#4620=AXIS2_PLACEMENT_3D('',#6878,#5291,#5292);
#4621=AXIS2_PLACEMENT_3D('',#6879,#5293,#5294);
#4622=AXIS2_PLACEMENT_3D('',#6883,#5296,#5297);
#4623=AXIS2_PLACEMENT_3D('',#6887,#5299,#5300);
#4624=AXIS2_PLACEMENT_3D('',#6891,#5302,#5303);
#4625=AXIS2_PLACEMENT_3D('',#6895,#5305,#5306);
#4626=AXIS2_PLACEMENT_3D('',#6903,#5310,#5311);
#4627=AXIS2_PLACEMENT_3D('',#6907,#5313,#5314);
#4628=AXIS2_PLACEMENT_3D('',#6911,#5316,#5317);
#4629=AXIS2_PLACEMENT_3D('',#6915,#5319,#5320);
#4630=AXIS2_PLACEMENT_3D('',#6917,#5322,#5323);
#4631=AXIS2_PLACEMENT_3D('',#6920,#5326,#5327);
#4632=AXIS2_PLACEMENT_3D('',#6924,#5330,#5331);
#4633=AXIS2_PLACEMENT_3D('',#6932,#5336,#5337);
#4634=AXIS2_PLACEMENT_3D('',#6934,#5339,#5340);
#4635=AXIS2_PLACEMENT_3D('',#6956,#5342,#5343);
#4636=AXIS2_PLACEMENT_3D('',#6960,#5345,#5346);
#4637=AXIS2_PLACEMENT_3D('',#6975,#5347,#5348);
#4638=AXIS2_PLACEMENT_3D('',#6980,#5350,#5351);
#4639=AXIS2_PLACEMENT_3D('',#6983,#5353,#5354);
#4640=AXIS2_PLACEMENT_3D('',#6984,#5355,#5356);
#4641=AXIS2_PLACEMENT_3D('',#6988,#5358,#5359);
#4642=AXIS2_PLACEMENT_3D('',#6990,#5361,#5362);
#4643=AXIS2_PLACEMENT_3D('',#6991,#5363,#5364);
#4644=AXIS2_PLACEMENT_3D('',#6992,#5365,#5366);
#4645=AXIS2_PLACEMENT_3D('',#6993,#5367,#5368);
#4646=AXIS2_PLACEMENT_3D('',#6995,#5369,#5370);
#4647=AXIS2_PLACEMENT_3D('',#6997,#5371,#5372);
#4648=AXIS2_PLACEMENT_3D('',#6998,#5373,#5374);
#4649=AXIS2_PLACEMENT_3D('',#6999,#5375,#5376);
#4650=AXIS2_PLACEMENT_3D('',#7002,#5379,#5380);
#4651=AXIS2_PLACEMENT_3D('',#7006,#5382,#5383);
#4652=AXIS2_PLACEMENT_3D('',#7014,#5387,#5388);
#4653=AXIS2_PLACEMENT_3D('',#7017,#5391,#5392);
#4654=AXIS2_PLACEMENT_3D('',#7023,#5396,#5397);
#4655=AXIS2_PLACEMENT_3D('',#7027,#5400,#5401);
#4656=AXIS2_PLACEMENT_3D('',#7029,#5402,#5403);
#4657=AXIS2_PLACEMENT_3D('',#7031,#5404,#5405);
#4658=AXIS2_PLACEMENT_3D('',#7033,#5406,#5407);
#4659=AXIS2_PLACEMENT_3D('',#7034,#5408,#5409);
#4660=AXIS2_PLACEMENT_3D('',#7107,#5410,#5411);
#4661=AXIS2_PLACEMENT_3D('',#7109,#5412,#5413);
#4662=AXIS2_PLACEMENT_3D('',#7111,#5415,#5416);
#4663=AXIS2_PLACEMENT_3D('',#7113,#5417,#5418);
#4664=AXIS2_PLACEMENT_3D('',#7115,#5419,#5420);
#4665=AXIS2_PLACEMENT_3D('',#7116,#5421,#5422);
#4666=AXIS2_PLACEMENT_3D('',#7205,#5423,#5424);
#4667=AXIS2_PLACEMENT_3D('',#7206,#5425,#5426);
#4668=AXIS2_PLACEMENT_3D('',#7207,#5427,#5428);
#4669=AXIS2_PLACEMENT_3D('',#7211,#5431,#5432);
#4670=AXIS2_PLACEMENT_3D('',#7213,#5434,#5435);
#4671=AXIS2_PLACEMENT_3D('',#7215,#5436,#5437);
#4672=AXIS2_PLACEMENT_3D('',#7217,#5438,#5439);
#4673=AXIS2_PLACEMENT_3D('',#7219,#5441,#5442);
#4674=AXIS2_PLACEMENT_3D('',#7222,#5443,#5444);
#4675=AXIS2_PLACEMENT_3D('',#7226,#5446,#5447);
#4676=AXIS2_PLACEMENT_3D('',#7228,#5449,#5450);
#4677=AXIS2_PLACEMENT_3D('',#7234,#5454,#5455);
#4678=AXIS2_PLACEMENT_3D('',#7236,#5456,#5457);
#4679=AXIS2_PLACEMENT_3D('',#7238,#5458,#5459);
#4680=AXIS2_PLACEMENT_3D('',#7240,#5461,#5462);
#4681=AXIS2_PLACEMENT_3D('',#7245,#5466,#5467);
#4682=AXIS2_PLACEMENT_3D('',#7246,#5468,#5469);
#4683=AXIS2_PLACEMENT_3D('',#7247,#5470,#5471);
#4684=AXIS2_PLACEMENT_3D('',#7249,#5472,#5473);
#4685=AXIS2_PLACEMENT_3D('',#7252,#5475,#5476);
#4686=AXIS2_PLACEMENT_3D('',#7253,#5477,#5478);
#4687=AXIS2_PLACEMENT_3D('',#7258,#5482,#5483);
#4688=AXIS2_PLACEMENT_3D('',#7259,#5484,#5485);
#4689=AXIS2_PLACEMENT_3D('',#7262,#5486,#5487);
#4690=AXIS2_PLACEMENT_3D('',#7266,#5489,#5490);
#4691=AXIS2_PLACEMENT_3D('',#7271,#5493,#5494);
#4692=AXIS2_PLACEMENT_3D('',#7278,#5498,#5499);
#4693=AXIS2_PLACEMENT_3D('',#7286,#5503,#5504);
#4694=AXIS2_PLACEMENT_3D('',#7289,#5507,#5508);
#4695=AXIS2_PLACEMENT_3D('',#7291,#5510,#5511);
#4696=AXIS2_PLACEMENT_3D('',#7292,#5512,#5513);
#4697=AXIS2_PLACEMENT_3D('',#7293,#5514,#5515);
#4698=AXIS2_PLACEMENT_3D('',#7296,#5518,#5519);
#4699=AXIS2_PLACEMENT_3D('',#7302,#5523,#5524);
#4700=AXIS2_PLACEMENT_3D('',#7308,#5528,#5529);
#4701=AXIS2_PLACEMENT_3D('',#7316,#5534,#5535);
#4702=AXIS2_PLACEMENT_3D('',#7317,#5536,#5537);
#4703=AXIS2_PLACEMENT_3D('',#7318,#5538,#5539);
#4704=AXIS2_PLACEMENT_3D('',#7321,#5540,#5541);
#4705=AXIS2_PLACEMENT_3D('',#7325,#5543,#5544);
#4706=AXIS2_PLACEMENT_3D('',#7327,#5546,#5547);
#4707=AXIS2_PLACEMENT_3D('',#7333,#5551,#5552);
#4708=AXIS2_PLACEMENT_3D('',#7335,#5553,#5554);
#4709=AXIS2_PLACEMENT_3D('',#7337,#5555,#5556);
#4710=AXIS2_PLACEMENT_3D('',#7339,#5557,#5558);
#4711=AXIS2_PLACEMENT_3D('',#7341,#5559,#5560);
#4712=AXIS2_PLACEMENT_3D('',#7342,#5561,#5562);
#4713=AXIS2_PLACEMENT_3D('',#7343,#5563,#5564);
#4714=AXIS2_PLACEMENT_3D('',#7345,#5566,#5567);
#4715=AXIS2_PLACEMENT_3D('',#7347,#5569,#5570);
#4716=AXIS2_PLACEMENT_3D('',#7348,#5571,#5572);
#4717=AXIS2_PLACEMENT_3D('',#7353,#5574,#5575);
#4718=AXIS2_PLACEMENT_3D('',#7356,#5577,#5578);
#4719=AXIS2_PLACEMENT_3D('',#7357,#5579,#5580);
#4720=AXIS2_PLACEMENT_3D('',#7365,#5585,#5586);
#4721=AXIS2_PLACEMENT_3D('',#7367,#5587,#5588);
#4722=AXIS2_PLACEMENT_3D('',#7369,#5589,#5590);
#4723=AXIS2_PLACEMENT_3D('',#7371,#5591,#5592);
#4724=AXIS2_PLACEMENT_3D('',#7373,#5593,#5594);
#4725=AXIS2_PLACEMENT_3D('',#7374,#5595,#5596);
#4726=AXIS2_PLACEMENT_3D('',#7375,#5597,#5598);
#4727=AXIS2_PLACEMENT_3D('',#7376,#5599,#5600);
#4728=AXIS2_PLACEMENT_3D('',#7377,#5601,#5602);
#4729=AXIS2_PLACEMENT_3D('',#7378,#5603,#5604);
#4730=AXIS2_PLACEMENT_3D('',#7382,#5606,#5607);
#4731=AXIS2_PLACEMENT_3D('',#7384,#5608,#5609);
#4732=AXIS2_PLACEMENT_3D('',#7386,#5610,#5611);
#4733=AXIS2_PLACEMENT_3D('',#7388,#5612,#5613);
#4734=AXIS2_PLACEMENT_3D('',#7390,#5614,#5615);
#4735=AXIS2_PLACEMENT_3D('',#7391,#5616,#5617);
#4736=AXIS2_PLACEMENT_3D('',#7392,#5618,#5619);
#4737=AXIS2_PLACEMENT_3D('',#7395,#5620,#5621);
#4738=AXIS2_PLACEMENT_3D('',#7399,#5623,#5624);
#4739=AXIS2_PLACEMENT_3D('',#7401,#5626,#5627);
#4740=AXIS2_PLACEMENT_3D('',#7408,#5632,#5633);
#4741=AXIS2_PLACEMENT_3D('',#7412,#5635,#5636);
#4742=AXIS2_PLACEMENT_3D('',#7414,#5637,#5638);
#4743=AXIS2_PLACEMENT_3D('',#7416,#5639,#5640);
#4744=AXIS2_PLACEMENT_3D('',#7418,#5641,#5642);
#4745=AXIS2_PLACEMENT_3D('',#7419,#5643,#5644);
#4746=AXIS2_PLACEMENT_3D('',#7420,#5645,#5646);
#4747=AXIS2_PLACEMENT_3D('',#7422,#5648,#5649);
#4748=AXIS2_PLACEMENT_3D('',#7424,#5651,#5652);
#4749=AXIS2_PLACEMENT_3D('',#7425,#5653,#5654);
#4750=AXIS2_PLACEMENT_3D('',#7428,#5657,#5658);
#4751=AXIS2_PLACEMENT_3D('',#7429,#5659,#5660);
#4752=AXIS2_PLACEMENT_3D('',#7431,#5662,#5663);
#4753=AXIS2_PLACEMENT_3D('',#7433,#5665,#5666);
#4754=AXIS2_PLACEMENT_3D('',#7435,#5668,#5669);
#4755=AXIS2_PLACEMENT_3D('',#7437,#5671,#5672);
#4756=AXIS2_PLACEMENT_3D('',#7439,#5674,#5675);
#4757=AXIS2_PLACEMENT_3D('',#7441,#5677,#5678);
#4758=AXIS2_PLACEMENT_3D('',#7443,#5680,#5681);
#4759=AXIS2_PLACEMENT_3D('',#7444,#5682,#5683);
#4760=AXIS2_PLACEMENT_3D('',#7448,#5686,#5687);
#4761=AXIS2_PLACEMENT_3D('',#7450,#5689,#5690);
#4762=AXIS2_PLACEMENT_3D('',#7451,#5691,#5692);
#4763=AXIS2_PLACEMENT_3D('',#7453,#5694,#5695);
#4764=AXIS2_PLACEMENT_3D('',#7454,#5696,#5697);
#4765=AXIS2_PLACEMENT_3D('',#7456,#5699,#5700);
#4766=AXIS2_PLACEMENT_3D('',#7458,#5702,#5703);
#4767=AXIS2_PLACEMENT_3D('',#7460,#5705,#5706);
#4768=AXIS2_PLACEMENT_3D('',#7461,#5707,#5708);
#4769=AXIS2_PLACEMENT_3D('',#7462,#5709,#5710);
#4770=AXIS2_PLACEMENT_3D('',#7463,#5711,#5712);
#4771=AXIS2_PLACEMENT_3D('',#7465,#5714,#5715);
#4772=AXIS2_PLACEMENT_3D('',#7467,#5717,#5718);
#4773=AXIS2_PLACEMENT_3D('',#7469,#5720,#5721);
#4774=AXIS2_PLACEMENT_3D('',#7470,#5722,#5723);
#4775=AXIS2_PLACEMENT_3D('',#7471,#5724,#5725);
#4776=AXIS2_PLACEMENT_3D('',#7473,#5727,#5728);
#4777=AXIS2_PLACEMENT_3D('',#7475,#5730,#5731);
#4778=AXIS2_PLACEMENT_3D('',#7477,#5733,#5734);
#4779=AXIS2_PLACEMENT_3D('',#7478,#5735,#5736);
#4780=AXIS2_PLACEMENT_3D('',#7579,#5745,#5746);
#4781=AXIS2_PLACEMENT_3D('',#7585,#5750,#5751);
#4782=AXIS2_PLACEMENT_3D('',#7588,#5754,#5755);
#4783=AXIS2_PLACEMENT_3D('',#7597,#5760,#5761);
#4784=AXIS2_PLACEMENT_3D('',#7603,#5765,#5766);
#4785=AXIS2_PLACEMENT_3D('',#7701,#5774,#5775);
#4786=AXIS2_PLACEMENT_3D('',#7707,#5779,#5780);
#4787=AXIS2_PLACEMENT_3D('',#7710,#5783,#5784);
#4788=AXIS2_PLACEMENT_3D('',#7711,#5785,#5786);
#4789=AXIS2_PLACEMENT_3D('',#7712,#5787,#5788);
#4790=AXIS2_PLACEMENT_3D('',#7721,#5793,#5794);
#4791=AXIS2_PLACEMENT_3D('',#7727,#5798,#5799);
#4792=AXIS2_PLACEMENT_3D('',#7733,#5803,#5804);
#4793=AXIS2_PLACEMENT_3D('',#7739,#5808,#5809);
#4794=AXIS2_PLACEMENT_3D('',#7745,#5813,#5814);
#4795=AXIS2_PLACEMENT_3D('',#7751,#5818,#5819);
#4796=AXIS2_PLACEMENT_3D('',#7754,#5822,#5823);
#4797=AXIS2_PLACEMENT_3D('',#7755,#5824,#5825);
#4798=AXIS2_PLACEMENT_3D('',#7851,#5831,#5832);
#4799=AXIS2_PLACEMENT_3D('',#7857,#5836,#5837);
#4800=AXIS2_PLACEMENT_3D('',#7863,#5841,#5842);
#4801=AXIS2_PLACEMENT_3D('',#8076,#5855,#5856);
#4802=AXIS2_PLACEMENT_3D('',#8082,#5860,#5861);
#4803=AXIS2_PLACEMENT_3D('',#8088,#5865,#5866);
#4804=AXIS2_PLACEMENT_3D('',#8091,#5869,#5870);
#4805=AXIS2_PLACEMENT_3D('',#8092,#5871,#5872);
#4806=AXIS2_PLACEMENT_3D('',#8093,#5873,#5874);
#4807=DIRECTION('axis',(0.,0.,1.));
#4808=DIRECTION('refdir',(1.,0.,0.));
#4809=DIRECTION('axis',(0.,0.,1.));
#4810=DIRECTION('refdir',(1.,0.,0.));
#4811=DIRECTION('center_axis',(0.422618261740693,1.07115551204463E-14,-0.906307787036653));
#4812=DIRECTION('ref_axis',(-3.81549965634316E-15,-1.,-1.35980901070905E-14));
#4813=DIRECTION('',(-2.53456986840255E-14,1.,-3.94430452610516E-31));
#4814=DIRECTION('',(-0.906307787036653,9.28550166050131E-15,-0.422618261740693));
#4815=DIRECTION('',(-3.81549965634316E-15,-1.,-1.35980901070905E-14));
#4816=DIRECTION('',(-0.906307787036653,9.28550166050131E-15,-0.422618261740693));
#4817=DIRECTION('center_axis',(3.81681193317678E-15,1.,1.37861891244624E-14));
#4818=DIRECTION('ref_axis',(0.422618261740694,1.088147613247E-14,-0.906307787036653));
#4819=DIRECTION('',(-1.,3.81681193317678E-15,-3.9540897103897E-31));
#4820=DIRECTION('',(-0.906307787036653,9.28550166050131E-15,-0.422618261740693));
#4821=DIRECTION('',(1.,-3.81681193317678E-15,3.9540897103897E-31));
#4822=DIRECTION('',(-0.422618261740699,-1.088147613247E-14,0.90630778703665));
#4823=DIRECTION('center_axis',(-0.906307787036653,9.28550166050131E-15,
-0.422618261740693));
#4824=DIRECTION('ref_axis',(-4.28141245284315E-15,-1.,-1.27898500947656E-14));
#4825=DIRECTION('center_axis',(-3.95408971038968E-31,3.94430452610506E-31,
1.));
#4826=DIRECTION('ref_axis',(-1.,4.28141245284315E-15,0.));
#4827=DIRECTION('',(-0.906307787036653,9.28550166050131E-15,-0.422618261740693));
#4828=DIRECTION('center_axis',(3.95408971038968E-31,-3.94430452610506E-31,
-1.));
#4829=DIRECTION('ref_axis',(-1.,4.28141245284315E-15,0.));
#4830=DIRECTION('center_axis',(0.906307787036653,-9.21866718988951E-15,
0.422618261740693));
#4831=DIRECTION('ref_axis',(-4.2208398516852E-15,-1.,-1.27616046269713E-14));
#4832=DIRECTION('center_axis',(-0.906307787036653,9.28550166050131E-15,
-0.422618261740693));
#4833=DIRECTION('ref_axis',(0.422618261740693,1.17558674688578E-14,-0.906307787036653));
#4834=DIRECTION('center_axis',(-3.95408971038968E-31,3.94430452610506E-31,
1.));
#4835=DIRECTION('ref_axis',(1.,-3.44727818651146E-15,0.));
#4836=DIRECTION('center_axis',(0.906307787036653,-9.21866718988949E-15,
0.422618261740692));
#4837=DIRECTION('ref_axis',(0.422618261740692,1.17558674688578E-14,-0.906307787036653));
#4838=DIRECTION('center_axis',(3.95408971038968E-31,-3.94430452610506E-31,
-1.));
#4839=DIRECTION('ref_axis',(1.,-3.44727818651146E-15,0.));
#4840=DIRECTION('center_axis',(-3.40557147319487E-15,-1.,-1.46680971368872E-14));
#4841=DIRECTION('ref_axis',(-0.422618261740693,-1.18545539599356E-14,0.906307787036653));
#4842=DIRECTION('',(1.,-3.40557147319487E-15,3.9540897103897E-31));
#4843=DIRECTION('',(0.422618261740699,1.18545539599355E-14,-0.90630778703665));
#4844=DIRECTION('',(-1.,3.40557147319487E-15,-3.9540897103897E-31));
#4845=DIRECTION('center_axis',(0.906307787036653,-9.21866718988951E-15,
0.422618261740693));
#4846=DIRECTION('ref_axis',(-0.422618261740693,-1.27427323796357E-14,0.906307787036653));
#4847=DIRECTION('',(3.49676543189026E-16,-1.,3.94430452610506E-31));
#4848=DIRECTION('center_axis',(-3.95408971038968E-31,3.94430452610506E-31,
1.));
#4849=DIRECTION('ref_axis',(1.,3.08148791101958E-31,3.95408971038968E-31));
#4850=DIRECTION('',(1.,-1.27155106614191E-16,3.95408971038968E-31));
#4851=DIRECTION('',(3.49676543189026E-16,-1.,3.94430452610506E-31));
#4852=DIRECTION('',(-1.,-3.08148791101958E-31,-3.95408971038968E-31));
#4853=DIRECTION('',(-2.13691220837738E-15,1.,-3.94430452610507E-31));
#4854=DIRECTION('center_axis',(-3.95408971038968E-31,3.94430452610506E-31,
1.));
#4855=DIRECTION('ref_axis',(1.,3.08148791101958E-31,3.95408971038968E-31));
#4856=DIRECTION('center_axis',(-3.95408971038968E-31,3.94430452610506E-31,
1.));
#4857=DIRECTION('ref_axis',(1.,3.08148791101958E-31,3.95408971038968E-31));
#4858=DIRECTION('',(-6.35955153681055E-16,1.,-3.94430452610506E-31));
#4859=DIRECTION('',(-1.,-7.76823729609027E-16,-3.95408971038968E-31));
#4860=DIRECTION('',(-2.55144054717326E-16,-1.,3.94430452610506E-31));
#4861=DIRECTION('center_axis',(-3.95408971038968E-31,3.94430452610506E-31,
1.));
#4862=DIRECTION('ref_axis',(1.,1.09207212187193E-15,0.));
#4863=DIRECTION('',(-1.,-8.586834930677E-17,-3.95408971038968E-31));
#4864=DIRECTION('',(3.49399213838722E-16,-1.,3.94430452610506E-31));
#4865=DIRECTION('',(1.,-2.49532908214952E-16,3.95408971038968E-31));
#4866=DIRECTION('center_axis',(-3.95408971038968E-31,3.94430452610506E-31,
1.));
#4867=DIRECTION('ref_axis',(-1.,6.68784480117103E-16,0.));
#4868=DIRECTION('',(-1.88847148204419E-15,-1.,3.94430452610505E-31));
#4869=DIRECTION('',(1.,6.04084884533462E-16,3.95408971038968E-31));
#4870=DIRECTION('',(-6.35955153681055E-16,1.,-3.94430452610506E-31));
#4871=DIRECTION('center_axis',(0.90630778703665,5.7637110798723E-16,0.422618261740699));
#4872=DIRECTION('ref_axis',(1.53376266726159E-16,-1.,1.03489376276658E-15));
#4873=DIRECTION('',(6.35955153681055E-16,-1.,3.94430452610506E-31));
#4874=DIRECTION('',(0.422618261740699,-8.88178419700125E-16,-0.90630778703665));
#4875=DIRECTION('center_axis',(6.04084884533462E-16,-1.,1.26168586422975E-15));
#4876=DIRECTION('ref_axis',(-0.90630778703665,-1.0806983216874E-15,-0.422618261740699));
#4877=DIRECTION('',(0.422618261740699,-8.88178419700125E-16,-0.90630778703665));
#4878=DIRECTION('',(-1.,-6.04084884533462E-16,-3.95408971038968E-31));
#4879=DIRECTION('',(0.422618261740699,-8.88178419700125E-16,-0.90630778703665));
#4880=DIRECTION('center_axis',(0.90630778703665,5.7637110798723E-16,0.422618261740699));
#4881=DIRECTION('ref_axis',(1.53376266726159E-16,-1.,1.03489376276658E-15));
#4882=DIRECTION('',(6.35955153681055E-16,-1.,3.94430452610506E-31));
#4883=DIRECTION('center_axis',(-7.76823729609026E-16,1.,-1.34223531054934E-15));
#4884=DIRECTION('ref_axis',(0.90630778703665,1.27129454909086E-15,0.422618261740699));
#4885=DIRECTION('',(1.,7.76823729609027E-16,3.95408971038968E-31));
#4886=DIRECTION('',(0.422618261740699,-8.88178419700125E-16,-0.90630778703665));
#4887=DIRECTION('center_axis',(-0.90630778703665,2.31239043606418E-16,-0.422618261740699));
#4888=DIRECTION('ref_axis',(5.94858787442304E-16,1.,-7.28520595327771E-16));
#4889=DIRECTION('',(2.55144054717326E-16,1.,-3.94430452610506E-31));
#4890=DIRECTION('',(0.422618261740699,-8.88178419700125E-16,-0.90630778703665));
#4891=DIRECTION('center_axis',(0.422618261740699,-8.88178419700125E-16,
-0.90630778703665));
#4892=DIRECTION('ref_axis',(-1.09207212187193E-15,1.,-1.48923805008258E-15));
#4893=DIRECTION('center_axis',(3.95408971038968E-31,-3.94430452610506E-31,
-1.));
#4894=DIRECTION('ref_axis',(1.,1.09207212187193E-15,0.));
#4895=DIRECTION('',(0.422618261740699,-8.88178419700125E-16,-0.90630778703665));
#4896=DIRECTION('center_axis',(-8.586834930677E-17,1.,-1.02003752527099E-15));
#4897=DIRECTION('ref_axis',(0.906307787036649,5.08909639477023E-16,0.422618261740702));
#4898=DIRECTION('',(1.,8.586834930677E-17,3.95408971038968E-31));
#4899=DIRECTION('',(0.422618261740699,-8.88178419700125E-16,-0.90630778703665));
#4900=DIRECTION('center_axis',(-0.90630778703665,-3.16663228286517E-16,
-0.422618261740699));
#4901=DIRECTION('ref_axis',(9.70212099512401E-17,1.,-9.57351688274384E-16));
#4902=DIRECTION('',(-3.49399213838722E-16,1.,-3.94430452610506E-31));
#4903=DIRECTION('',(0.422618261740699,-8.88178419700125E-16,-0.90630778703665));
#4904=DIRECTION('center_axis',(-2.49532908214952E-16,-1.,8.63637350333798E-16));
#4905=DIRECTION('ref_axis',(-0.90630778703665,-1.388352979353E-16,-0.422618261740699));
#4906=DIRECTION('',(-1.,2.49532908214952E-16,-3.95408971038968E-31));
#4907=DIRECTION('',(0.422618261740699,-8.88178419700125E-16,-0.90630778703665));
#4908=DIRECTION('center_axis',(0.422618261740699,-8.88178419700125E-16,
-0.90630778703665));
#4909=DIRECTION('ref_axis',(-0.90630778703665,3.23757628991848E-16,-0.422618261740699));
#4910=DIRECTION('center_axis',(3.95408971038968E-31,-3.94430452610506E-31,
-1.));
#4911=DIRECTION('ref_axis',(-1.,6.68784480117103E-16,0.));
#4912=DIRECTION('',(0.422618261740699,-8.88178419700125E-16,-0.90630778703665));
#4913=DIRECTION('center_axis',(-0.90630778703665,1.71153640977329E-15,-0.422618261740699));
#4914=DIRECTION('ref_axis',(6.85262418031625E-16,1.,2.58029016459477E-15));
#4915=DIRECTION('',(1.88847148204419E-15,1.,-3.94430452610505E-31));
#4916=DIRECTION('center_axis',(-3.95408971038968E-31,3.94430452610506E-31,
1.));
#4917=DIRECTION('ref_axis',(1.,3.08148791101958E-31,3.95408971038968E-31));
#4918=DIRECTION('center_axis',(3.95408971038968E-31,-3.94430452610506E-31,
-1.));
#4919=DIRECTION('ref_axis',(1.,3.08148791101958E-31,3.95408971038968E-31));
#4920=DIRECTION('',(0.656059028990507,-8.03440589904946E-17,-0.754709580222772));
#4921=DIRECTION('center_axis',(3.95408971038968E-31,-3.94430452610506E-31,
-1.));
#4922=DIRECTION('ref_axis',(1.,3.08148791101958E-31,3.95408971038968E-31));
#4923=DIRECTION('center_axis',(3.95408971038968E-31,-3.94430452610506E-31,
-1.));
#4924=DIRECTION('ref_axis',(1.,3.08148791101958E-31,3.95408971038968E-31));
#4925=DIRECTION('',(3.95408971038968E-31,-3.94430452610506E-31,-1.));
#4926=DIRECTION('center_axis',(-3.95408971038968E-31,3.94430452610506E-31,
1.));
#4927=DIRECTION('ref_axis',(1.,3.08148791101958E-31,3.95408971038968E-31));
#4928=DIRECTION('center_axis',(3.95408971038968E-31,-3.94430452610506E-31,
-1.));
#4929=DIRECTION('ref_axis',(1.,3.08148791101958E-31,3.95408971038968E-31));
#4930=DIRECTION('',(0.656059028990507,-8.03440589904946E-17,-0.754709580222772));
#4931=DIRECTION('center_axis',(3.95408971038968E-31,-3.94430452610506E-31,
-1.));
#4932=DIRECTION('ref_axis',(1.,3.08148791101958E-31,3.95408971038968E-31));
#4933=DIRECTION('center_axis',(3.95408971038968E-31,-3.94430452610506E-31,
-1.));
#4934=DIRECTION('ref_axis',(1.,3.08148791101958E-31,3.95408971038968E-31));
#4935=DIRECTION('',(3.95408971038968E-31,-3.94430452610506E-31,-1.));
#4936=DIRECTION('center_axis',(-1.,1.27155106614191E-16,-3.95408971038968E-31));
#4937=DIRECTION('ref_axis',(-4.97490464566281E-31,0.707106781186548,0.707106781186547));
#4938=DIRECTION('center_axis',(-0.707106781186547,-0.707106781186548,-6.91917016281535E-34));
#4939=DIRECTION('ref_axis',(-0.707106781186548,0.707106781186547,4.36136794078821E-17));
#4940=DIRECTION('',(-1.,1.27155106614191E-16,-3.95408971038968E-31));
#4941=DIRECTION('center_axis',(-0.707106781186548,0.707106781186547,-5.58500812511018E-31));
#4942=DIRECTION('ref_axis',(0.707106781186547,0.707106781186548,4.36136794078827E-17));
#4943=DIRECTION('center_axis',(-3.49676543189026E-16,1.,-3.94430452610506E-31));
#4944=DIRECTION('ref_axis',(0.707106781186548,9.662107438054E-16,0.707106781186547));
#4945=DIRECTION('',(-3.49676543189026E-16,1.,-3.94430452610506E-31));
#4946=DIRECTION('center_axis',(0.707106781186548,0.707106781186548,6.91917016281841E-34));
#4947=DIRECTION('ref_axis',(0.707106781186548,-0.707106781186548,5.58500812511018E-31));
#4948=DIRECTION('center_axis',(1.,3.08148791101958E-31,3.95408971038968E-31));
#4949=DIRECTION('ref_axis',(-6.17022649610185E-32,-0.707106781186548,0.707106781186547));
#4950=DIRECTION('',(1.,3.08148791101958E-31,3.95408971038968E-31));
#4951=DIRECTION('center_axis',(0.707106781186548,-0.707106781186547,5.58500812511018E-31));
#4952=DIRECTION('ref_axis',(-0.707106781186547,-0.707106781186548,-6.91917016281289E-34));
#4953=DIRECTION('center_axis',(2.13691220837738E-15,-1.,3.94430452610507E-31));
#4954=DIRECTION('ref_axis',(-0.707106781186547,-1.9324214876108E-15,0.707106781186548));
#4955=DIRECTION('',(2.13691220837738E-15,-1.,3.94430452610507E-31));
#4956=DIRECTION('center_axis',(-1.,1.27155106614191E-16,-3.95408971038968E-31));
#4957=DIRECTION('ref_axis',(-4.97490464566281E-31,0.707106781186548,0.707106781186547));
#4958=DIRECTION('',(1.,-1.27155106614191E-16,3.95408971038968E-31));
#4959=DIRECTION('center_axis',(-0.707106781186548,0.707106781186547,-9.662107438054E-16));
#4960=DIRECTION('ref_axis',(0.707106781186547,0.707106781186548,-9.66210743805401E-16));
#4961=DIRECTION('',(1.,-1.27155106614191E-16,3.95408971038968E-31));
#4962=DIRECTION('center_axis',(-0.707106781186547,-0.707106781186548,-6.91917016281447E-34));
#4963=DIRECTION('ref_axis',(-0.707106781186548,0.707106781186547,-5.58500812511018E-31));
#4964=DIRECTION('center_axis',(-3.49676543189026E-16,1.,-3.94430452610506E-31));
#4965=DIRECTION('ref_axis',(0.707106781186548,9.662107438054E-16,0.707106781186547));
#4966=DIRECTION('',(3.49676543189026E-16,-1.,3.94430452610506E-31));
#4967=DIRECTION('center_axis',(0.707106781186548,0.707106781186547,6.91917016282411E-34));
#4968=DIRECTION('ref_axis',(0.707106781186547,-0.707106781186548,5.58500812511018E-31));
#4969=DIRECTION('',(3.49676543189026E-16,-1.,3.94430452610506E-31));
#4970=DIRECTION('',(3.49676543189026E-16,-1.,3.94430452610506E-31));
#4971=DIRECTION('center_axis',(1.,3.08148791101958E-31,3.95408971038968E-31));
#4972=DIRECTION('ref_axis',(-6.17022649610185E-32,-0.707106781186548,0.707106781186547));
#4973=DIRECTION('',(-1.,-3.08148791101958E-31,-3.95408971038968E-31));
#4974=DIRECTION('center_axis',(0.707106781186548,-0.707106781186547,5.58500812511018E-31));
#4975=DIRECTION('ref_axis',(-0.707106781186547,-0.707106781186548,-6.91917016281124E-34));
#4976=DIRECTION('',(-1.,-3.08148791101958E-31,-3.95408971038968E-31));
#4977=DIRECTION('center_axis',(2.13691220837738E-15,-1.,3.94430452610507E-31));
#4978=DIRECTION('ref_axis',(-0.707106781186547,-1.9324214876108E-15,0.707106781186548));
#4979=DIRECTION('',(-2.13691220837738E-15,1.,-3.94430452610507E-31));
#4980=DIRECTION('',(-2.13691220837738E-15,1.,-3.94430452610507E-31));
#4981=DIRECTION('center_axis',(-3.95408971038968E-31,3.94430452610506E-31,
1.));
#4982=DIRECTION('ref_axis',(1.,3.08148791101958E-31,3.95408971038968E-31));
#4983=DIRECTION('center_axis',(-3.95408971038968E-31,3.94430452610506E-31,
1.));
#4984=DIRECTION('ref_axis',(1.,3.08148791101958E-31,3.95408971038968E-31));
#4985=DIRECTION('center_axis',(0.,0.,-1.));
#4986=DIRECTION('ref_axis',(-1.,-7.59437276011379E-17,0.));
#4987=DIRECTION('center_axis',(-3.95408971038968E-31,3.94430452610506E-31,
1.));
#4988=DIRECTION('ref_axis',(-1.,-7.59437276011379E-17,0.));
#4989=DIRECTION('',(-0.104528463267653,-2.07393259370166E-17,0.994521895368273));
#4990=DIRECTION('center_axis',(3.33066907387547E-16,-5.91645678915759E-31,
-1.));
#4991=DIRECTION('ref_axis',(-1.,-7.59437276011379E-17,0.));
#4992=DIRECTION('center_axis',(4.48574959444506E-16,0.,-1.));
#4993=DIRECTION('ref_axis',(1.,7.59437276011379E-17,4.48574959444506E-16));
#4994=DIRECTION('center_axis',(-3.95408971038968E-31,3.94430452610506E-31,
1.));
#4995=DIRECTION('ref_axis',(1.,7.59437276011379E-17,4.48574959444506E-16));
#4996=DIRECTION('',(4.48574959444506E-16,0.,-1.));
#4997=DIRECTION('center_axis',(3.33066907387547E-16,-5.91645678915759E-31,
-1.));
#4998=DIRECTION('ref_axis',(1.,7.59437276011379E-17,3.70074341541719E-16));
#4999=DIRECTION('',(4.48574959444506E-16,0.,-1.));
#5000=DIRECTION('center_axis',(1.,7.59437276011378E-17,4.48574959444506E-16));
#5001=DIRECTION('ref_axis',(7.59437276011378E-17,-1.,7.88860905221012E-31));
#5002=DIRECTION('',(-7.59437276011378E-17,1.,-3.94430452610506E-31));
#5003=DIRECTION('',(4.48574959444506E-16,0.,-1.));
#5004=DIRECTION('',(-7.59437276011378E-17,1.,-7.88860905221012E-31));
#5005=DIRECTION('center_axis',(-1.22203020293853E-16,1.,-5.48172148723111E-32));
#5006=DIRECTION('ref_axis',(1.,1.22203020293853E-16,3.33066907387547E-16));
#5007=DIRECTION('',(-1.,-1.22203020293853E-16,-3.95408971038968E-31));
#5008=DIRECTION('',(4.48574959444506E-16,0.,-1.));
#5009=DIRECTION('',(1.,1.22203020293853E-16,3.33066907387547E-16));
#5010=DIRECTION('center_axis',(-1.,1.07924461977024E-17,-4.48574959444506E-16));
#5011=DIRECTION('ref_axis',(1.07924461977024E-17,1.,-5.91645678915759E-31));
#5012=DIRECTION('',(-1.07924461977024E-17,-1.,3.94430452610506E-31));
#5013=DIRECTION('',(4.48574959444506E-16,0.,-1.));
#5014=DIRECTION('',(-1.07924461977024E-17,-1.,5.91645678915759E-31));
#5015=DIRECTION('center_axis',(4.48574959444506E-16,0.,-1.));
#5016=DIRECTION('ref_axis',(-1.6574857784292E-17,-1.,-7.43506615838726E-33));
#5017=DIRECTION('center_axis',(-3.95408971038968E-31,3.94430452610506E-31,
1.));
#5018=DIRECTION('ref_axis',(-1.6574857784292E-17,-1.,-7.43506615838726E-33));
#5019=DIRECTION('',(4.48574959444506E-16,0.,-1.));
#5020=DIRECTION('center_axis',(3.33066907387547E-16,-5.91645678915759E-31,
-1.));
#5021=DIRECTION('ref_axis',(-1.6574857784292E-17,-1.,6.57384087684177E-31));
#5022=DIRECTION('center_axis',(-1.09093443169721E-16,-1.,-4.89365868455193E-32));
#5023=DIRECTION('ref_axis',(-1.,1.09093443169721E-16,-3.33066907387547E-16));
#5024=DIRECTION('',(1.,-1.09093443169721E-16,3.95408971038968E-31));
#5025=DIRECTION('',(1.,-1.09093443169721E-16,3.33066907387547E-16));
#5026=DIRECTION('center_axis',(3.33066907387547E-16,-5.91645678915759E-31,
-1.));
#5027=DIRECTION('ref_axis',(-1.,-7.59437276011379E-17,-3.33066907387547E-16));
#5028=DIRECTION('center_axis',(3.95408971038968E-31,-3.94430452610506E-31,
-1.));
#5029=DIRECTION('ref_axis',(-1.,0.,-3.95408971038968E-31));
#5030=DIRECTION('center_axis',(0.,0.,-1.));
#5031=DIRECTION('ref_axis',(-1.,-7.59437276011379E-17,0.));
#5032=DIRECTION('center_axis',(-3.95408971038968E-31,3.94430452610506E-31,
1.));
#5033=DIRECTION('ref_axis',(-1.,-7.59437276011379E-17,0.));
#5034=DIRECTION('',(-0.104528463267653,-2.07393259370166E-17,0.994521895368273));
#5035=DIRECTION('center_axis',(3.33066907387547E-16,-5.91645678915759E-31,
-1.));
#5036=DIRECTION('ref_axis',(-1.,-7.59437276011379E-17,0.));
#5037=DIRECTION('center_axis',(-7.59437276011379E-17,1.,-3.4066454528745E-32));
#5038=DIRECTION('ref_axis',(1.,7.59437276011379E-17,3.33066907387547E-16));
#5039=DIRECTION('',(-1.,-7.59437276011379E-17,-3.95408971038968E-31));
#5040=DIRECTION('',(4.48574959444506E-16,0.,-1.));
#5041=DIRECTION('',(-1.,-7.59437276011379E-17,-3.33066907387547E-16));
#5042=DIRECTION('',(4.48574959444506E-16,0.,-1.));
#5043=DIRECTION('center_axis',(4.48574959444506E-16,0.,-1.));
#5044=DIRECTION('ref_axis',(-1.,-7.5943727601138E-17,-4.48574959444506E-16));
#5045=DIRECTION('center_axis',(-3.95408971038968E-31,3.94430452610506E-31,
1.));
#5046=DIRECTION('ref_axis',(-1.,-7.5943727601138E-17,-4.48574959444506E-16));
#5047=DIRECTION('',(4.48574959444506E-16,0.,-1.));
#5048=DIRECTION('center_axis',(3.33066907387547E-16,-5.91645678915759E-31,
-1.));
#5049=DIRECTION('ref_axis',(-1.,-7.5943727601138E-17,-3.70074341541719E-16));
#5050=DIRECTION('center_axis',(-1.,7.64357574049565E-15,-4.48574959444506E-16));
#5051=DIRECTION('ref_axis',(7.64357574049565E-15,1.,2.16936748935778E-30));
#5052=DIRECTION('',(-7.64357574049565E-15,-1.,3.94430452610503E-31));
#5053=DIRECTION('',(4.48574959444506E-16,0.,-1.));
#5054=DIRECTION('',(-7.64357574049565E-15,-1.,-2.16936748935778E-30));
#5055=DIRECTION('center_axis',(8.16092410684571E-16,-1.,3.660786200258E-31));
#5056=DIRECTION('ref_axis',(-1.,-8.1609241068457E-16,-3.33066907387546E-16));
#5057=DIRECTION('',(1.,8.1609241068457E-16,3.95408971038968E-31));
#5058=DIRECTION('',(4.48574959444506E-16,0.,-1.));
#5059=DIRECTION('',(1.,8.16092410684571E-16,3.33066907387546E-16));
#5060=DIRECTION('center_axis',(1.,7.59437276011378E-17,4.48574959444506E-16));
#5061=DIRECTION('ref_axis',(7.59437276011378E-17,-1.,7.88860905221012E-31));
#5062=DIRECTION('',(-7.59437276011378E-17,1.,-3.94430452610506E-31));
#5063=DIRECTION('',(4.48574959444506E-16,0.,-1.));
#5064=DIRECTION('',(-7.59437276011378E-17,1.,-7.88860905221012E-31));
#5065=DIRECTION('center_axis',(4.48574959444506E-16,0.,-1.));
#5066=DIRECTION('ref_axis',(-7.59437276011378E-17,1.,-3.4066454528745E-32));
#5067=DIRECTION('center_axis',(-3.95408971038968E-31,3.94430452610506E-31,
1.));
#5068=DIRECTION('ref_axis',(-7.59437276011378E-17,1.,-3.4066454528745E-32));
#5069=DIRECTION('center_axis',(3.33066907387547E-16,-5.91645678915759E-31,
-1.));
#5070=DIRECTION('ref_axis',(-7.59437276011378E-17,1.,-8.21730109605219E-31));
#5071=DIRECTION('center_axis',(3.33066907387547E-16,-5.91645678915759E-31,
-1.));
#5072=DIRECTION('ref_axis',(-1.,-7.59437276011379E-17,-3.33066907387547E-16));
#5073=DIRECTION('center_axis',(3.95408971038968E-31,-3.94430452610506E-31,
-1.));
#5074=DIRECTION('ref_axis',(-1.,0.,-3.95408971038968E-31));
#5075=DIRECTION('center_axis',(0.,0.,-1.));
#5076=DIRECTION('ref_axis',(-0.707106781186548,0.707106781186547,0.));
#5077=DIRECTION('',(-0.707106781186548,0.707106781186547,0.));
#5078=DIRECTION('',(0.707106781186548,0.707106781186548,0.));
#5079=DIRECTION('',(-0.707106781186548,0.707106781186547,0.));
#5080=DIRECTION('',(0.707106781186548,0.707106781186548,0.));
#5081=DIRECTION('',(0.707106781186548,0.707106781186548,0.));
#5082=DIRECTION('',(0.707106781186548,0.707106781186548,0.));
#5083=DIRECTION('',(0.707106781186548,0.707106781186548,0.));
#5084=DIRECTION('',(0.707106781186548,0.707106781186548,0.));
#5085=DIRECTION('center_axis',(0.,0.,1.));
#5086=DIRECTION('ref_axis',(0.707106781186548,-0.707106781186547,0.));
#5087=DIRECTION('',(0.707106781186548,-0.707106781186547,0.));
#5088=DIRECTION('',(0.707106781186548,0.707106781186548,0.));
#5089=DIRECTION('',(0.707106781186548,-0.707106781186547,0.));
#5090=DIRECTION('center_axis',(0.707106781186548,-0.707106781186548,0.));
#5091=DIRECTION('ref_axis',(0.,0.,-1.));
#5092=DIRECTION('',(0.,0.,-1.));
#5093=DIRECTION('',(0.,0.,-1.));
#5094=DIRECTION('center_axis',(0.,0.,-1.));
#5095=DIRECTION('ref_axis',(-0.707106781186548,0.707106781186547,0.));
#5096=DIRECTION('',(-0.707106781186548,0.707106781186547,0.));
#5097=DIRECTION('',(0.707106781186548,0.707106781186548,0.));
#5098=DIRECTION('',(-0.707106781186548,0.707106781186547,0.));
#5099=DIRECTION('',(0.707106781186548,0.707106781186548,0.));
#5100=DIRECTION('center_axis',(0.707106781186548,-0.707106781186548,1.19675507030008E-15));
#5101=DIRECTION('ref_axis',(8.4623362562857E-16,-8.46233625628569E-16,-1.));
#5102=DIRECTION('',(8.4623362562857E-16,-8.46233625628569E-16,-1.));
#5103=DIRECTION('',(0.707106781186548,0.707106781186548,0.));
#5104=DIRECTION('',(8.4623362562857E-16,-8.46233625628569E-16,-1.));
#5105=DIRECTION('center_axis',(0.,0.,-1.));
#5106=DIRECTION('ref_axis',(-0.707106781186548,0.707106781186547,0.));
#5107=DIRECTION('',(-0.707106781186548,0.707106781186547,0.));
#5108=DIRECTION('',(0.707106781186548,0.707106781186548,0.));
#5109=DIRECTION('',(-0.707106781186548,0.707106781186547,0.));
#5110=DIRECTION('',(0.707106781186548,0.707106781186548,0.));
#5111=DIRECTION('',(0.707106781186548,0.707106781186548,0.));
#5112=DIRECTION('',(0.707106781186548,0.707106781186548,0.));
#5113=DIRECTION('',(0.707106781186548,0.707106781186548,0.));
#5114=DIRECTION('center_axis',(0.,0.,1.));
#5115=DIRECTION('ref_axis',(0.707106781186548,-0.707106781186547,0.));
#5116=DIRECTION('',(0.707106781186548,-0.707106781186547,0.));
#5117=DIRECTION('',(0.707106781186548,0.707106781186548,0.));
#5118=DIRECTION('',(0.707106781186548,-0.707106781186547,0.));
#5119=DIRECTION('center_axis',(-0.707106781186548,0.707106781186548,-8.88178419700125E-16));
#5120=DIRECTION('ref_axis',(-6.2803698347351E-16,6.2803698347351E-16,1.));
#5121=DIRECTION('',(-6.2803698347351E-16,6.2803698347351E-16,1.));
#5122=DIRECTION('',(-6.2803698347351E-16,6.2803698347351E-16,1.));
#5123=DIRECTION('center_axis',(-0.707106781186547,-0.707106781186548,0.));
#5124=DIRECTION('ref_axis',(0.707106781186548,-0.707106781186547,0.));
#5125=DIRECTION('center_axis',(0.632455532033676,-0.632455532033676,0.447213595499958));
#5126=DIRECTION('ref_axis',(0.316227766016838,-0.316227766016838,-0.894427190999916));
#5127=DIRECTION('',(0.316227766016838,-0.316227766016838,-0.894427190999916));
#5128=DIRECTION('',(0.707106781186548,0.707106781186548,0.));
#5129=DIRECTION('',(0.316227766016838,-0.316227766016838,-0.894427190999916));
#5130=DIRECTION('',(0.707106781186548,0.707106781186548,0.));
#5131=DIRECTION('center_axis',(-0.632455532033676,0.632455532033676,0.447213595499958));
#5132=DIRECTION('ref_axis',(0.316227766016838,-0.316227766016838,0.894427190999916));
#5133=DIRECTION('',(0.316227766016838,-0.316227766016838,0.894427190999916));
#5134=DIRECTION('',(0.707106781186548,0.707106781186548,0.));
#5135=DIRECTION('',(0.316227766016838,-0.316227766016838,0.894427190999916));
#5136=DIRECTION('center_axis',(0.,0.,-1.));
#5137=DIRECTION('ref_axis',(-0.707106781186548,0.707106781186547,0.));
#5138=DIRECTION('',(-0.707106781186548,0.707106781186547,0.));
#5139=DIRECTION('',(0.707106781186548,0.707106781186548,0.));
#5140=DIRECTION('',(-0.707106781186548,0.707106781186547,0.));
#5141=DIRECTION('center_axis',(-0.707106781186548,0.707106781186548,0.));
#5142=DIRECTION('ref_axis',(0.,0.,1.));
#5143=DIRECTION('',(0.,0.,1.));
#5144=DIRECTION('',(0.707106781186548,0.707106781186548,0.));
#5145=DIRECTION('',(0.,0.,1.));
#5146=DIRECTION('center_axis',(0.,0.,-1.));
#5147=DIRECTION('ref_axis',(-0.707106781186548,0.707106781186547,0.));
#5148=DIRECTION('',(-0.707106781186548,0.707106781186547,0.));
#5149=DIRECTION('',(0.707106781186548,0.707106781186548,0.));
#5150=DIRECTION('',(-0.707106781186548,0.707106781186547,0.));
#5151=DIRECTION('center_axis',(0.707106781186548,-0.707106781186548,0.));
#5152=DIRECTION('ref_axis',(0.,0.,-1.));
#5153=DIRECTION('',(0.,0.,-1.));
#5154=DIRECTION('',(0.707106781186548,0.707106781186548,0.));
#5155=DIRECTION('',(0.,0.,-1.));
#5156=DIRECTION('center_axis',(0.,0.,-1.));
#5157=DIRECTION('ref_axis',(-0.707106781186548,0.707106781186547,0.));
#5158=DIRECTION('',(-0.707106781186548,0.707106781186547,0.));
#5159=DIRECTION('',(-0.707106781186548,0.707106781186547,0.));
#5160=DIRECTION('center_axis',(0.707106781186548,0.707106781186548,0.));
#5161=DIRECTION('ref_axis',(0.,0.,-1.));
#5162=DIRECTION('',(0.707106781186548,0.707106781186548,0.));
#5163=DIRECTION('',(0.707106781186548,0.707106781186548,0.));
#5164=DIRECTION('',(0.707106781186548,0.707106781186548,0.));
#5165=DIRECTION('',(0.707106781186548,0.707106781186548,0.));
#5166=DIRECTION('',(0.707106781186548,0.707106781186548,0.));
#5167=DIRECTION('center_axis',(0.707106781186548,-0.707106781186548,7.28048658875084E-16));
#5168=DIRECTION('ref_axis',(5.14808143724344E-16,-5.14808143724343E-16,
-1.));
#5169=DIRECTION('',(5.14808143724344E-16,-5.14808143724343E-16,-1.));
#5170=DIRECTION('',(0.707106781186548,0.707106781186548,0.));
#5171=DIRECTION('',(5.14808143724344E-16,-5.14808143724343E-16,-1.));
#5172=DIRECTION('center_axis',(0.,0.,1.));
#5173=DIRECTION('ref_axis',(0.707106781186548,-0.707106781186547,0.));
#5174=DIRECTION('',(0.707106781186548,-0.707106781186547,0.));
#5175=DIRECTION('',(0.707106781186548,0.707106781186548,0.));
#5176=DIRECTION('',(0.707106781186548,-0.707106781186547,0.));
#5177=DIRECTION('center_axis',(-0.707106781186548,0.707106781186548,-7.45384090693652E-16));
#5178=DIRECTION('ref_axis',(-5.2706614511805E-16,5.2706614511805E-16,1.));
#5179=DIRECTION('',(-5.2706614511805E-16,5.2706614511805E-16,1.));
#5180=DIRECTION('',(0.707106781186548,0.707106781186548,0.));
#5181=DIRECTION('',(-5.2706614511805E-16,5.2706614511805E-16,1.));
#5182=DIRECTION('',(0.707106781186548,0.707106781186548,0.));
#5183=DIRECTION('',(0.707106781186548,0.707106781186548,0.));
#5184=DIRECTION('',(0.707106781186548,0.707106781186548,0.));
#5185=DIRECTION('',(0.707106781186548,0.707106781186548,0.));
#5186=DIRECTION('',(0.707106781186548,0.707106781186548,0.));
#5187=DIRECTION('',(0.707106781186548,0.707106781186548,0.));
#5188=DIRECTION('',(0.707106781186548,0.707106781186548,0.));
#5189=DIRECTION('',(0.707106781186548,0.707106781186548,0.));
#5190=DIRECTION('',(0.707106781186548,0.707106781186548,0.));
#5191=DIRECTION('center_axis',(0.707106781186548,-0.707106781186548,7.45384090693652E-16));
#5192=DIRECTION('ref_axis',(5.2706614511805E-16,-5.2706614511805E-16,-1.));
#5193=DIRECTION('',(5.2706614511805E-16,-5.2706614511805E-16,-1.));
#5194=DIRECTION('',(0.707106781186548,0.707106781186548,0.));
#5195=DIRECTION('',(5.2706614511805E-16,-5.2706614511805E-16,-1.));
#5196=DIRECTION('center_axis',(0.,0.,1.));
#5197=DIRECTION('ref_axis',(0.707106781186548,-0.707106781186547,0.));
#5198=DIRECTION('',(0.707106781186548,-0.707106781186547,0.));
#5199=DIRECTION('',(0.707106781186548,0.707106781186548,0.));
#5200=DIRECTION('',(0.707106781186548,-0.707106781186547,0.));
#5201=DIRECTION('center_axis',(-0.707106781186548,0.707106781186548,-7.28048658875084E-16));
#5202=DIRECTION('ref_axis',(-5.14808143724344E-16,5.14808143724343E-16,
1.));
#5203=DIRECTION('',(-5.14808143724344E-16,5.14808143724343E-16,1.));
#5204=DIRECTION('',(-5.14808143724344E-16,5.14808143724343E-16,1.));
#5205=DIRECTION('center_axis',(-0.707106781186547,-0.707106781186548,0.));
#5206=DIRECTION('ref_axis',(0.707106781186548,-0.707106781186547,0.));
#5207=DIRECTION('center_axis',(-0.707106781186547,-0.707106781186548,0.));
#5208=DIRECTION('ref_axis',(0.707106781186548,-0.707106781186547,0.));
#5209=DIRECTION('center_axis',(-0.707106781186547,-0.707106781186548,0.));
#5210=DIRECTION('ref_axis',(-0.5,0.499999999999999,0.707106781186548));
#5211=DIRECTION('',(-2.52426440302858E-17,2.52426440302857E-17,-1.));
#5212=DIRECTION('',(0.707106781186548,-0.707106781186547,0.));
#5213=DIRECTION('',(-1.04672830578919E-15,1.04672830578919E-15,1.));
#5214=DIRECTION('center_axis',(-0.707106781186547,-0.707106781186548,0.));
#5215=DIRECTION('ref_axis',(0.,0.,-1.));
#5216=DIRECTION('',(0.707106781186548,-0.707106781186547,-3.7007434154172E-16));
#5217=DIRECTION('',(0.,0.,1.));
#5218=DIRECTION('',(-0.707106781186548,0.707106781186547,0.));
#5219=DIRECTION('center_axis',(-0.707106781186547,-0.707106781186548,0.));
#5220=DIRECTION('ref_axis',(0.707106781186548,-0.707106781186547,-2.22044604925031E-15));
#5221=DIRECTION('',(2.09345661157838E-15,-2.09345661157837E-15,1.));
#5222=DIRECTION('',(-0.707106781186548,0.707106781186547,0.));
#5223=DIRECTION('',(-3.4863055968421E-32,3.4863055968421E-32,-1.));
#5224=DIRECTION('',(0.707106781186548,-0.707106781186547,0.));
#5225=DIRECTION('',(-1.65563352539612E-16,1.65563352539612E-16,1.));
#5226=DIRECTION('center_axis',(-0.707106781186547,-0.707106781186548,0.));
#5227=DIRECTION('ref_axis',(-0.707106781186548,0.707106781186547,-3.55271367880045E-15));
#5228=DIRECTION('',(0.5,-0.5,-0.707106781186548));
#5229=DIRECTION('center_axis',(0.707106781186547,0.707106781186548,0.));
#5230=DIRECTION('ref_axis',(0.707106781186548,-0.707106781186547,1.77635683940024E-15));
#5231=DIRECTION('',(0.,0.,-1.));
#5232=DIRECTION('center_axis',(0.707106781186547,0.707106781186548,0.));
#5233=DIRECTION('ref_axis',(0.500000000000001,-0.5,-0.707106781186547));
#5234=DIRECTION('',(-0.5,0.5,-0.707106781186548));
#5235=DIRECTION('center_axis',(0.500000000000001,-0.5,-0.707106781186547));
#5236=DIRECTION('ref_axis',(-0.5,0.5,-0.707106781186548));
#5237=DIRECTION('',(0.499999999999998,-0.500000000000002,0.707106781186548));
#5238=DIRECTION('',(0.707106781186547,0.707106781186548,0.));
#5239=DIRECTION('',(0.707106781186547,0.707106781186548,0.));
#5240=DIRECTION('center_axis',(0.707106781186547,0.707106781186548,0.));
#5241=DIRECTION('ref_axis',(0.500000000000001,-0.5,-0.707106781186547));
#5242=DIRECTION('center_axis',(-0.707106781186543,-0.707106781186552,-1.14385647176303E-14));
#5243=DIRECTION('ref_axis',(0.500000000000001,-0.5,-0.707106781186547));
#5244=DIRECTION('',(0.707106781186547,0.707106781186548,0.));
#5245=DIRECTION('center_axis',(0.707106781186548,-0.707106781186547,0.));
#5246=DIRECTION('ref_axis',(0.,0.,-1.));
#5247=DIRECTION('',(-8.08828667887757E-15,-8.08828667887758E-15,1.));
#5248=DIRECTION('',(0.707106781186547,0.707106781186548,0.));
#5249=DIRECTION('center_axis',(0.707106781186547,0.707106781186548,0.));
#5250=DIRECTION('ref_axis',(0.707106781186548,-0.707106781186547,1.77635683940024E-15));
#5251=DIRECTION('center_axis',(-0.707106781186543,-0.707106781186552,-1.14385647176303E-14));
#5252=DIRECTION('ref_axis',(0.707106781186548,-0.707106781186547,1.77635683940024E-15));
#5253=DIRECTION('',(0.707106781186547,0.707106781186548,0.));
#5254=DIRECTION('center_axis',(0.500000000000001,-0.5,0.707106781186547));
#5255=DIRECTION('ref_axis',(0.5,-0.5,-0.707106781186548));
#5256=DIRECTION('',(-0.500000000000009,0.499999999999991,0.707106781186548));
#5257=DIRECTION('',(0.707106781186547,0.707106781186548,0.));
#5258=DIRECTION('center_axis',(0.707106781186547,0.707106781186548,0.));
#5259=DIRECTION('ref_axis',(-0.707106781186548,0.707106781186547,-3.55271367880045E-15));
#5260=DIRECTION('center_axis',(0.707106781186543,0.707106781186552,1.14385647176303E-14));
#5261=DIRECTION('ref_axis',(-0.707106781186548,0.707106781186547,-3.55271367880045E-15));
#5262=DIRECTION('',(-0.707106781186547,-0.707106781186548,0.));
#5263=DIRECTION('center_axis',(0.707106781186547,0.707106781186548,0.));
#5264=DIRECTION('ref_axis',(-0.5,0.499999999999999,0.707106781186548));
#5265=DIRECTION('center_axis',(0.707106781186543,0.707106781186552,1.14385647176303E-14));
#5266=DIRECTION('ref_axis',(-0.5,0.499999999999999,0.707106781186548));
#5267=DIRECTION('',(-0.707106781186547,-0.707106781186548,0.));
#5268=DIRECTION('center_axis',(-0.707106781186548,0.707106781186547,-1.18329135783152E-30));
#5269=DIRECTION('ref_axis',(-3.07192002785955E-15,-3.07192002785955E-15,
1.));
#5270=DIRECTION('',(-8.36713343242104E-31,8.36713343242103E-31,1.));
#5271=DIRECTION('',(-0.707106781186547,-0.707106781186548,0.));
#5272=DIRECTION('',(-3.07192002785955E-15,-3.07192002785955E-15,1.));
#5273=DIRECTION('',(0.707106781186547,0.707106781186548,0.));
#5274=DIRECTION('',(-8.36713343242104E-31,8.36713343242103E-31,1.));
#5275=DIRECTION('',(-0.707106781186547,-0.707106781186548,0.));
#5276=DIRECTION('center_axis',(0.707106781186547,0.707106781186548,0.));
#5277=DIRECTION('ref_axis',(0.,0.,-1.));
#5278=DIRECTION('',(-0.707106781186548,0.707106781186547,0.));
#5279=DIRECTION('',(8.83492541060001E-17,1.38834542166572E-16,-1.));
#5280=DIRECTION('',(0.707106781186548,-0.707106781186547,0.));
#5281=DIRECTION('center_axis',(-0.707106781186543,-0.707106781186552,-1.14385647176303E-14));
#5282=DIRECTION('ref_axis',(-1.1519111359458E-15,-1.50246622218092E-14,
1.));
#5283=DIRECTION('',(-0.707106781186552,0.707106781186543,9.68921912400137E-15));
#5284=DIRECTION('',(-1.1519111359458E-15,-1.50246622218092E-14,1.));
#5285=DIRECTION('',(-0.707106781186552,0.707106781186543,9.68921912400137E-15));
#5286=DIRECTION('center_axis',(-0.707106781186548,0.707106781186547,-2.34141938593477E-16));
#5287=DIRECTION('ref_axis',(1.65563352539612E-16,-1.65563352539612E-16,
-1.));
#5288=DIRECTION('',(-0.707106781186547,-0.707106781186548,0.));
#5289=DIRECTION('',(-1.05521167018084E-15,-7.2408496510162E-16,1.));
#5290=DIRECTION('',(-0.707106781186547,-0.707106781186548,-1.17931382077621E-14));
#5291=DIRECTION('center_axis',(0.707106781186548,-0.707106781186547,2.34141938593477E-16));
#5292=DIRECTION('ref_axis',(-1.40816462403943E-15,-1.5110789718007E-14,
1.));
#5293=DIRECTION('center_axis',(-0.707106781186547,-0.707106781186548,0.));
#5294=DIRECTION('ref_axis',(0.707106781186548,-0.707106781186547,0.));
#5295=DIRECTION('',(0.707106781186548,-0.707106781186547,0.));
#5296=DIRECTION('center_axis',(-0.707106781186547,-0.707106781186548,0.));
#5297=DIRECTION('ref_axis',(-0.5,0.5,-0.707106781186548));
#5298=DIRECTION('',(0.,0.,-1.));
#5299=DIRECTION('center_axis',(-0.707106781186547,-0.707106781186548,0.));
#5300=DIRECTION('ref_axis',(-0.500000000000001,0.5,0.707106781186547));
#5301=DIRECTION('',(-0.707106781186548,0.707106781186547,0.));
#5302=DIRECTION('center_axis',(-0.707106781186547,-0.707106781186548,0.));
#5303=DIRECTION('ref_axis',(0.500000000000001,-0.5,0.707106781186547));
#5304=DIRECTION('',(0.,0.,1.));
#5305=DIRECTION('center_axis',(-0.707106781186547,-0.707106781186548,0.));
#5306=DIRECTION('ref_axis',(0.5,-0.5,-0.707106781186547));
#5307=DIRECTION('',(0.707106781186548,-0.707106781186547,0.));
#5308=DIRECTION('',(-2.52426440302858E-17,2.52426440302857E-17,-1.));
#5309=DIRECTION('',(-0.707106781186548,0.707106781186547,0.));
#5310=DIRECTION('center_axis',(0.707106781186547,0.707106781186548,0.));
#5311=DIRECTION('ref_axis',(0.5,-0.5,-0.707106781186547));
#5312=DIRECTION('',(0.,0.,-1.));
#5313=DIRECTION('center_axis',(0.707106781186547,0.707106781186548,0.));
#5314=DIRECTION('ref_axis',(0.5,-0.500000000000001,0.707106781186547));
#5315=DIRECTION('',(0.707106781186548,-0.707106781186547,0.));
#5316=DIRECTION('center_axis',(0.707106781186547,0.707106781186548,0.));
#5317=DIRECTION('ref_axis',(-0.5,0.500000000000001,0.707106781186547));
#5318=DIRECTION('',(0.,0.,1.));
#5319=DIRECTION('center_axis',(0.707106781186547,0.707106781186548,0.));
#5320=DIRECTION('ref_axis',(-0.5,0.5,-0.707106781186547));
#5321=DIRECTION('',(-0.707106781186548,0.707106781186547,0.));
#5322=DIRECTION('center_axis',(0.,0.,-1.));
#5323=DIRECTION('ref_axis',(0.707106781186548,-0.707106781186547,0.));
#5324=DIRECTION('',(0.707106781186547,0.707106781186548,0.));
#5325=DIRECTION('',(-0.707106781186547,-0.707106781186548,0.));
#5326=DIRECTION('center_axis',(0.,0.,-1.));
#5327=DIRECTION('ref_axis',(0.707106781186548,-0.707106781186547,0.));
#5328=DIRECTION('',(0.707106781186548,-0.707106781186547,0.));
#5329=DIRECTION('',(-0.707106781186547,-0.707106781186548,0.));
#5330=DIRECTION('center_axis',(0.,0.,1.));
#5331=DIRECTION('ref_axis',(1.,0.,0.));
#5332=DIRECTION('',(0.707106781186547,0.707106781186548,0.));
#5333=DIRECTION('',(0.939692620785908,-0.342020143325669,0.));
#5334=DIRECTION('',(-0.707106781186548,-0.707106781186547,0.));
#5335=DIRECTION('',(-0.707106781186548,0.707106781186547,0.));
#5336=DIRECTION('center_axis',(-0.707106781186547,-0.707106781186548,0.));
#5337=DIRECTION('ref_axis',(0.707106781186548,-0.707106781186547,0.));
#5338=DIRECTION('',(3.4863055968421E-32,-3.4863055968421E-32,-1.));
#5339=DIRECTION('center_axis',(-0.707106781186553,-0.707106781186542,-1.25499757695035E-14));
#5340=DIRECTION('ref_axis',(0.611548614268497,-0.611548614268522,0.502012534477508));
#5341=DIRECTION('',(0.707106781186548,0.707106781186547,0.));
#5342=DIRECTION('center_axis',(-0.707106781186542,-0.707106781186553,-1.25499757695036E-14));
#5343=DIRECTION('ref_axis',(0.611548614268497,-0.611548614268522,0.502012534477508));
#5344=DIRECTION('',(-0.707106781186553,-0.707106781186542,-1.25499757695035E-14));
#5345=DIRECTION('center_axis',(0.707106781186542,0.707106781186553,1.42066037976401E-14));
#5346=DIRECTION('ref_axis',(0.611548614268497,-0.611548614268522,0.502012534477508));
#5347=DIRECTION('center_axis',(0.707106781186548,0.707106781186547,1.25499757695035E-14));
#5348=DIRECTION('ref_axis',(0.500000000000002,-0.499999999999991,-0.707106781186553));
#5349=DIRECTION('',(0.707106781186548,0.707106781186547,1.25499757695035E-14));
#5350=DIRECTION('center_axis',(-0.500000000000008,-0.500000000000004,0.707106781186539));
#5351=DIRECTION('ref_axis',(-0.499999999999992,-0.499999999999995,-0.707106781186557));
#5352=DIRECTION('',(-0.707106781186548,-0.707106781186547,-1.25499757695035E-14));
#5353=DIRECTION('center_axis',(-0.499999999999992,-0.499999999999992,-0.707106781186558));
#5354=DIRECTION('ref_axis',(0.500000000000008,0.500000000000008,-0.707106781186537));
#5355=DIRECTION('center_axis',(8.87417297034287E-15,8.87417297034286E-15,
-1.));
#5356=DIRECTION('ref_axis',(3.28242325857235E-15,-1.,-8.75312868952628E-15));
#5357=DIRECTION('',(8.87417297034287E-15,8.87417297034286E-15,-1.));
#5358=DIRECTION('center_axis',(-8.75312868952626E-15,-8.75312868952627E-15,
1.));
#5359=DIRECTION('ref_axis',(-0.707106781186542,-0.707106781186553,-1.23787933059251E-14));
#5360=DIRECTION('',(-8.87417297034287E-15,-8.87417297034286E-15,1.));
#5361=DIRECTION('center_axis',(0.707106781186542,0.707106781186553,1.25499757695036E-14));
#5362=DIRECTION('ref_axis',(1.77635683940025E-14,0.,-1.));
#5363=DIRECTION('center_axis',(-0.707106781186542,-0.707106781186553,-1.25499757695036E-14));
#5364=DIRECTION('ref_axis',(0.702450748953904,-0.702450748953892,-0.114568279153595));
#5365=DIRECTION('center_axis',(0.707106781186542,0.707106781186553,1.25499757695036E-14));
#5366=DIRECTION('ref_axis',(0.702450748953904,-0.702450748953892,-0.114568279153595));
#5367=DIRECTION('center_axis',(-0.707106781186542,-0.707106781186553,-1.42066037976401E-14));
#5368=DIRECTION('ref_axis',(-1.99840144432528E-14,0.,1.));
#5369=DIRECTION('center_axis',(-0.707106781186542,-0.707106781186553,-1.42066037976401E-14));
#5370=DIRECTION('ref_axis',(0.702450748953903,-0.702450748953891,-0.114568279153605));
#5371=DIRECTION('center_axis',(9.84726977571666E-15,9.84726977571686E-15,
-1.));
#5372=DIRECTION('ref_axis',(0.707106781186544,0.707106781186551,1.39261424691653E-14));
#5373=DIRECTION('center_axis',(0.707106781186542,0.707106781186553,1.42066037976401E-14));
#5374=DIRECTION('ref_axis',(0.702450748953903,-0.702450748953891,-0.114568279153605));
#5375=DIRECTION('center_axis',(-1.00455858829419E-14,-1.00455858829418E-14,
1.));
#5376=DIRECTION('ref_axis',(1.,0.,9.84726977571708E-15));
#5377=DIRECTION('',(1.00455858829419E-14,1.00455858829418E-14,-1.));
#5378=DIRECTION('',(-1.00455858829419E-14,-1.00455858829418E-14,1.));
#5379=DIRECTION('center_axis',(0.707106781186547,-0.707106781186548,0.));
#5380=DIRECTION('ref_axis',(0.707106781186548,0.707106781186547,0.));
#5381=DIRECTION('',(-0.707106781186548,-0.707106781186547,0.));
#5382=DIRECTION('center_axis',(0.707106781186547,-0.707106781186548,0.));
#5383=DIRECTION('ref_axis',(1.81304801644335E-15,1.81304801644335E-15,1.));
#5384=DIRECTION('',(-0.707106781186548,-0.707106781186547,0.));
#5385=DIRECTION('',(0.,0.,1.));
#5386=DIRECTION('',(0.707106781186548,0.707106781186547,0.));
#5387=DIRECTION('center_axis',(0.707106781186547,-0.707106781186548,0.));
#5388=DIRECTION('ref_axis',(1.37218582260267E-15,1.37218582260267E-15,-1.));
#5389=DIRECTION('',(0.707106781186548,0.707106781186547,0.));
#5390=DIRECTION('',(-0.707106781186548,-0.707106781186547,0.));
#5391=DIRECTION('center_axis',(0.707106781186542,0.707106781186553,1.25499757695036E-14));
#5392=DIRECTION('ref_axis',(-2.36858932390627E-15,-1.53797566167794E-14,
1.));
#5393=DIRECTION('',(0.707106781186553,-0.707106781186542,-9.99200722162642E-15));
#5394=DIRECTION('',(-1.99573742978455E-15,-1.57526085109011E-14,1.));
#5395=DIRECTION('',(0.707106781186553,-0.707106781186542,-9.99200722162642E-15));
#5396=DIRECTION('center_axis',(-1.80875690626575E-15,-1.59395890344199E-14,
1.));
#5397=DIRECTION('ref_axis',(-0.707106781186543,-0.707106781186552,-1.25499757695036E-14));
#5398=DIRECTION('',(0.707106781186553,-0.707106781186542,-9.99200722162642E-15));
#5399=DIRECTION('',(-0.707106781186543,-0.707106781186552,-1.25499757695036E-14));
#5400=DIRECTION('center_axis',(-0.707106781186547,0.707106781186548,0.));
#5401=DIRECTION('ref_axis',(0.,0.,1.));
#5402=DIRECTION('center_axis',(-0.313887800068135,-0.313887800068135,0.896074158726148));
#5403=DIRECTION('ref_axis',(0.707106781186547,-0.707106781186547,0.));
#5404=DIRECTION('center_axis',(-0.707106781186547,0.707106781186548,0.));
#5405=DIRECTION('ref_axis',(1.81304801644335E-15,1.81304801644335E-15,1.));
#5406=DIRECTION('center_axis',(-0.707106781186547,0.707106781186548,0.));
#5407=DIRECTION('ref_axis',(1.81304801644335E-15,1.81304801644335E-15,1.));
#5408=DIRECTION('center_axis',(0.313887800068135,0.313887800068133,0.896074158726148));
#5409=DIRECTION('ref_axis',(-0.63362011408129,-0.63362011408129,0.44390438391981));
#5410=DIRECTION('center_axis',(0.707106781186552,-0.707106781186543,-9.99200722162641E-15));
#5411=DIRECTION('ref_axis',(-0.707106781186543,-0.707106781186552,-1.36543944549279E-14));
#5412=DIRECTION('center_axis',(0.707106781186552,-0.707106781186543,-9.72757682936652E-15));
#5413=DIRECTION('ref_axis',(-0.707106781186543,-0.707106781186552,-1.36543944549279E-14));
#5414=DIRECTION('',(0.707106781186552,-0.707106781186543,-9.99200722162641E-15));
#5415=DIRECTION('center_axis',(-0.707106781186547,0.707106781186548,0.));
#5416=DIRECTION('ref_axis',(4.55775881574882E-16,5.20886721799865E-16,-1.));
#5417=DIRECTION('center_axis',(0.480827100550812,0.480827100550812,-0.733219338773739));
#5418=DIRECTION('ref_axis',(0.707106781186548,-0.707106781186547,0.));
#5419=DIRECTION('center_axis',(-0.707106781186547,0.707106781186548,0.));
#5420=DIRECTION('ref_axis',(1.36574363564209E-15,1.37862800956325E-15,-1.));
#5421=DIRECTION('center_axis',(-0.480827100550816,-0.480827100550814,-0.733219338773735));
#5422=DIRECTION('ref_axis',(0.518464366544026,0.518464366544023,-0.679992206755494));
#5423=DIRECTION('center_axis',(0.707106781186552,-0.707106781186543,-8.88178419700125E-15));
#5424=DIRECTION('ref_axis',(-2.8223302729571E-12,-2.80980666150574E-12,
-1.));
#5425=DIRECTION('center_axis',(0.707106781186552,-0.707106781186543,-9.72757682936652E-15));
#5426=DIRECTION('ref_axis',(-0.707106781186543,-0.707106781186552,-1.36543944549279E-14));
#5427=DIRECTION('center_axis',(1.80875690626575E-15,1.59395890344199E-14,
-1.));
#5428=DIRECTION('ref_axis',(0.707106781186543,0.707106781186552,1.25499757695036E-14));
#5429=DIRECTION('',(0.707106781186543,0.707106781186552,1.25499757695036E-14));
#5430=DIRECTION('',(0.707106781186553,-0.707106781186542,-9.99200722162642E-15));
#5431=DIRECTION('center_axis',(-0.707106781186542,-0.707106781186553,-1.42066037976401E-14));
#5432=DIRECTION('ref_axis',(3.48426229967726E-15,1.66069094662063E-14,-1.));
#5433=DIRECTION('',(3.16715034238352E-15,1.69240214235001E-14,-1.));
#5434=DIRECTION('center_axis',(0.707106781186548,0.707106781186547,0.));
#5435=DIRECTION('ref_axis',(0.5,-0.500000000000001,0.707106781186547));
#5436=DIRECTION('center_axis',(-0.707106781186547,-0.707106781186548,0.));
#5437=DIRECTION('ref_axis',(0.5,-0.500000000000001,0.707106781186547));
#5438=DIRECTION('center_axis',(0.342020143325669,0.939692620785908,1.04132094520219E-15));
#5439=DIRECTION('ref_axis',(0.939692620785908,-0.342020143325669,-2.20107075248629E-15));
#5440=DIRECTION('',(-0.707106781186548,-0.707106781186547,0.));
#5441=DIRECTION('center_axis',(-0.707106781186552,0.707106781186543,9.68921912400137E-15));
#5442=DIRECTION('ref_axis',(7.10345753513308E-16,1.44129708474809E-14,-1.));
#5443=DIRECTION('center_axis',(-0.342020143325669,-0.939692620785908,-1.04132094520219E-15));
#5444=DIRECTION('ref_axis',(-0.939692620785908,0.342020143325669,4.26201969222105E-15));
#5445=DIRECTION('',(-0.707106781186552,0.707106781186543,9.68921912400137E-15));
#5446=DIRECTION('center_axis',(0.707106781186552,-0.707106781186543,-9.72757682936652E-15));
#5447=DIRECTION('ref_axis',(6.83222759938849E-16,1.44400938410554E-14,-1.));
#5448=DIRECTION('',(-0.707106781186552,0.707106781186543,9.68921912400137E-15));
#5449=DIRECTION('center_axis',(0.707106781186543,0.707106781186552,1.16232171957384E-14));
#5450=DIRECTION('ref_axis',(1.35021283420992E-15,1.50874985624115E-14,-1.));
#5451=DIRECTION('',(-2.41019550005462E-14,7.6642436039245E-15,1.));
#5452=DIRECTION('',(1.35021283420992E-15,1.50874985624115E-14,-1.));
#5453=DIRECTION('',(-0.707106781186552,0.707106781186543,9.68921912400137E-15));
#5454=DIRECTION('center_axis',(-0.707106781186552,0.707106781186543,9.68921912400137E-15));
#5455=DIRECTION('ref_axis',(0.707106781186543,0.707106781186552,1.266752954415E-14));
#5456=DIRECTION('center_axis',(-0.342020143325669,-0.939692620785908,-1.04132094520219E-15));
#5457=DIRECTION('ref_axis',(0.939692620785908,-0.342020143325669,-3.42788542588936E-15));
#5458=DIRECTION('center_axis',(0.707106781186553,-0.707106781186542,-9.72757682936651E-15));
#5459=DIRECTION('ref_axis',(0.707106781186542,0.707106781186553,1.266752954415E-14));
#5460=DIRECTION('',(-0.707106781186552,0.707106781186543,9.68921912400137E-15));
#5461=DIRECTION('center_axis',(-1.48769545119498E-15,-1.51903205451626E-14,
1.));
#5462=DIRECTION('ref_axis',(0.707106781186543,0.707106781186552,1.17931382077622E-14));
#5463=DIRECTION('',(-0.939692620785908,0.342020143325669,3.79741917255468E-15));
#5464=DIRECTION('',(0.707106781186543,0.707106781186552,1.17931382077622E-14));
#5465=DIRECTION('',(-0.707106781186552,0.707106781186543,9.68921912400137E-15));
#5466=DIRECTION('center_axis',(-0.707106781186552,0.707106781186543,9.68921912400137E-15));
#5467=DIRECTION('ref_axis',(-1.40816462403943E-15,-1.5110789718007E-14,
1.));
#5468=DIRECTION('center_axis',(0.707106781186552,-0.707106781186543,-8.74071191858861E-15));
#5469=DIRECTION('ref_axis',(-2.07886050099109E-15,-1.44400938410554E-14,
1.));
#5470=DIRECTION('center_axis',(-0.707106781186552,0.707106781186543,9.68921912400137E-15));
#5471=DIRECTION('ref_axis',(-0.707106781186543,-0.707106781186553,-1.06937997225942E-14));
#5472=DIRECTION('center_axis',(0.707106781186551,-0.707106781186544,-9.72757682936653E-15));
#5473=DIRECTION('ref_axis',(-0.707106781186544,-0.707106781186551,-1.06937997225942E-14));
#5474=DIRECTION('',(-0.707106781186552,0.707106781186543,9.68921912400137E-15));
#5475=DIRECTION('center_axis',(0.707106781186548,-0.707106781186547,2.34141938593477E-16));
#5476=DIRECTION('ref_axis',(-0.707106781186543,-0.707106781186553,-1.06937997225942E-14));
#5477=DIRECTION('center_axis',(2.17576538161815E-15,1.58783904755858E-14,
-1.));
#5478=DIRECTION('ref_axis',(-0.707106781186543,-0.707106781186552,-1.27662160352278E-14));
#5479=DIRECTION('',(0.939692620785908,-0.342020143325669,-3.38617871257277E-15));
#5480=DIRECTION('',(0.707106781186547,0.707106781186548,1.27662160352277E-14));
#5481=DIRECTION('',(-0.707106781186543,-0.707106781186552,-1.27662160352278E-14));
#5482=DIRECTION('center_axis',(0.707106781186552,-0.707106781186543,-9.72757682936652E-15));
#5483=DIRECTION('ref_axis',(-0.707106781186543,-0.707106781186552,-1.36543944549279E-14));
#5484=DIRECTION('center_axis',(0.342020143325669,0.939692620785908,1.04132094520219E-15));
#5485=DIRECTION('ref_axis',(0.,-1.10815060389777E-15,1.));
#5486=DIRECTION('center_axis',(0.342020143325669,0.939692620785908,1.04132094520219E-15));
#5487=DIRECTION('ref_axis',(-0.939692620785908,0.342020143325669,2.57839716719823E-15));
#5488=DIRECTION('',(-8.12444858442196E-16,-8.12444858442195E-16,1.));
#5489=DIRECTION('center_axis',(0.342020143325669,0.939692620785908,1.04132094520219E-15));
#5490=DIRECTION('ref_axis',(-0.939692620785908,0.342020143325669,2.20107075248629E-15));
#5491=DIRECTION('',(0.939692620785908,-0.342020143325669,0.));
#5492=DIRECTION('',(-1.7422936214617E-15,1.7422936214617E-15,-1.));
#5493=DIRECTION('center_axis',(0.342020143325669,0.939692620785908,1.04132094520219E-15));
#5494=DIRECTION('ref_axis',(0.939692620785908,-0.342020143325669,-1.32064245149177E-15));
#5495=DIRECTION('',(-0.939692620785908,0.342020143325669,0.));
#5496=DIRECTION('',(-0.939692620785908,0.342020143325669,0.));
#5497=DIRECTION('',(8.12444858442195E-16,8.12444858442195E-16,-1.));
#5498=DIRECTION('center_axis',(-0.342020143325669,-0.939692620785908,-1.04132094520219E-15));
#5499=DIRECTION('ref_axis',(0.939692620785908,-0.342020143325669,-1.00620377256516E-15));
#5500=DIRECTION('',(-0.939692620785908,0.342020143325669,0.));
#5501=DIRECTION('',(8.12444858442196E-16,8.12444858442195E-16,-1.));
#5502=DIRECTION('',(0.939692620785908,-0.342020143325669,-3.35401257521722E-16));
#5503=DIRECTION('center_axis',(-0.342020143325669,-0.939692620785908,-1.04132094520219E-15));
#5504=DIRECTION('ref_axis',(-0.939692620785908,0.342020143325669,0.));
#5505=DIRECTION('',(8.12444858442195E-16,8.12444858442195E-16,-1.));
#5506=DIRECTION('',(-1.05521167018084E-15,-7.2408496510162E-16,1.));
#5507=DIRECTION('center_axis',(0.707106781186548,0.707106781186547,0.));
#5508=DIRECTION('ref_axis',(0.5,-0.5,-0.707106781186547));
#5509=DIRECTION('',(0.707106781186548,0.707106781186547,0.));
#5510=DIRECTION('center_axis',(-0.707106781186547,-0.707106781186548,0.));
#5511=DIRECTION('ref_axis',(0.5,-0.5,-0.707106781186547));
#5512=DIRECTION('center_axis',(0.707106781186547,0.707106781186548,0.));
#5513=DIRECTION('ref_axis',(-0.707106781186548,0.707106781186547,0.));
#5514=DIRECTION('center_axis',(0.,0.,1.));
#5515=DIRECTION('ref_axis',(1.,0.,0.));
#5516=DIRECTION('',(-0.707106781186548,-0.707106781186547,0.));
#5517=DIRECTION('',(0.707106781186547,0.707106781186548,0.));
#5518=DIRECTION('center_axis',(-0.707106781186547,0.707106781186548,0.));
#5519=DIRECTION('ref_axis',(-0.707106781186548,-0.707106781186547,0.));
#5520=DIRECTION('',(-0.707106781186548,-0.707106781186547,0.));
#5521=DIRECTION('',(0.,0.,1.));
#5522=DIRECTION('',(0.707106781186548,0.707106781186547,0.));
#5523=DIRECTION('center_axis',(0.707106781186548,-0.707106781186547,9.86076131526265E-32));
#5524=DIRECTION('ref_axis',(-5.23364152894591E-16,-5.23364152894592E-16,
-1.));
#5525=DIRECTION('',(0.707106781186547,0.707106781186548,0.));
#5526=DIRECTION('',(5.47848022360901E-32,-1.49413097007518E-32,-1.));
#5527=DIRECTION('',(-0.707106781186547,-0.707106781186548,0.));
#5528=DIRECTION('center_axis',(2.61682076447297E-16,-2.61682076447297E-16,
1.));
#5529=DIRECTION('ref_axis',(0.707106781186548,-0.707106781186547,-3.7007434154172E-16));
#5530=DIRECTION('',(0.707106781186548,-0.707106781186547,-3.7007434154172E-16));
#5531=DIRECTION('',(-0.707106781186547,-0.707106781186548,0.));
#5532=DIRECTION('',(0.707106781186548,-0.707106781186547,-3.7007434154172E-16));
#5533=DIRECTION('',(-0.707106781186547,-0.707106781186548,0.));
#5534=DIRECTION('center_axis',(0.707106781186547,0.707106781186548,0.));
#5535=DIRECTION('ref_axis',(-0.707106781186548,0.707106781186547,0.));
#5536=DIRECTION('center_axis',(-0.707106781186547,-0.707106781186548,-2.81736037578933E-32));
#5537=DIRECTION('ref_axis',(-0.707106781186548,0.707106781186547,0.));
#5538=DIRECTION('center_axis',(0.707106781186547,0.707106781186548,2.81736037578933E-32));
#5539=DIRECTION('ref_axis',(3.98434925353383E-32,0.,-1.));
#5540=DIRECTION('center_axis',(-0.707106781186547,-0.707106781186548,-2.81736037578933E-32));
#5541=DIRECTION('ref_axis',(0.,0.,-1.));
#5542=DIRECTION('',(-1.04672830578919E-15,1.04672830578919E-15,1.));
#5543=DIRECTION('center_axis',(0.707106781186547,0.707106781186548,2.81736037578933E-32));
#5544=DIRECTION('ref_axis',(8.97195690676443E-16,-8.97195690676443E-16,
-1.));
#5545=DIRECTION('',(0.707106781186548,-0.707106781186547,-3.7007434154172E-16));
#5546=DIRECTION('center_axis',(-0.707106781186548,-0.707106781186548,0.));
#5547=DIRECTION('ref_axis',(8.97195690676443E-16,-8.97195690676443E-16,
-1.));
#5548=DIRECTION('',(-0.707106781186548,-0.707106781186548,0.));
#5549=DIRECTION('',(-0.707106781186547,-0.707106781186548,0.));
#5550=DIRECTION('',(-0.707106781186548,-0.707106781186548,0.));
#5551=DIRECTION('center_axis',(-0.853553390593274,-0.146446609406723,0.500000000000001));
#5552=DIRECTION('ref_axis',(-0.146446609406729,-0.853553390593275,-0.499999999999998));
#5553=DIRECTION('center_axis',(0.146446609406732,0.853553390593275,0.499999999999997));
#5554=DIRECTION('ref_axis',(0.853553390593273,0.146446609406721,-0.500000000000003));
#5555=DIRECTION('center_axis',(0.707106781186548,0.707106781186547,-5.55111512312578E-17));
#5556=DIRECTION('ref_axis',(8.97195690676443E-16,-8.97195690676443E-16,
-1.));
#5557=DIRECTION('center_axis',(0.146446609406732,0.853553390593275,0.499999999999997));
#5558=DIRECTION('ref_axis',(0.853553390593273,0.146446609406721,-0.500000000000003));
#5559=DIRECTION('center_axis',(-0.853553390593274,-0.146446609406723,0.500000000000001));
#5560=DIRECTION('ref_axis',(-0.146446609406729,-0.853553390593275,-0.499999999999998));
#5561=DIRECTION('center_axis',(-0.707106781186548,-0.707106781186547,5.55111512312578E-17));
#5562=DIRECTION('ref_axis',(8.97195690676443E-16,-8.97195690676443E-16,
-1.));
#5563=DIRECTION('center_axis',(2.61682076447296E-16,-2.61682076447296E-16,
1.));
#5564=DIRECTION('ref_axis',(-0.707106781186548,0.707106781186547,3.7007434154172E-16));
#5565=DIRECTION('',(-0.707106781186548,-0.707106781186548,0.));
#5566=DIRECTION('center_axis',(-0.707106781186548,-0.707106781186548,0.));
#5567=DIRECTION('ref_axis',(0.,0.,-1.));
#5568=DIRECTION('',(-0.707106781186548,-0.707106781186548,0.));
#5569=DIRECTION('center_axis',(-0.707106781186548,0.707106781186548,-1.48029736616688E-15));
#5570=DIRECTION('ref_axis',(1.04672830578919E-15,-1.04672830578919E-15,
-1.));
#5571=DIRECTION('center_axis',(0.707106781186547,0.707106781186548,2.81736037578933E-32));
#5572=DIRECTION('ref_axis',(3.98434925353383E-32,0.,-1.));
#5573=DIRECTION('',(-1.49413097007519E-32,5.47848022360901E-32,-1.));
#5574=DIRECTION('center_axis',(0.707106781186547,0.707106781186548,2.81736037578933E-32));
#5575=DIRECTION('ref_axis',(-8.97195690676444E-16,8.97195690676443E-16,
1.));
#5576=DIRECTION('',(-0.707106781186548,0.707106781186547,0.));
#5577=DIRECTION('center_axis',(-0.707106781186547,-0.707106781186548,-2.81736037578933E-32));
#5578=DIRECTION('ref_axis',(7.85046229341889E-16,-7.85046229341888E-16,
1.));
#5579=DIRECTION('center_axis',(-0.707106781186547,-0.707106781186548,0.));
#5580=DIRECTION('ref_axis',(-8.97195690676444E-16,8.97195690676443E-16,
1.));
#5581=DIRECTION('',(-0.707106781186547,-0.707106781186548,0.));
#5582=DIRECTION('',(-0.707106781186547,-0.707106781186548,0.));
#5583=DIRECTION('',(-0.707106781186547,-0.707106781186548,0.));
#5584=DIRECTION('',(-0.707106781186547,-0.707106781186548,0.));
#5585=DIRECTION('center_axis',(-0.146446609406725,-0.853553390593271,-0.500000000000005));
#5586=DIRECTION('ref_axis',(-0.853553390593272,-0.146446609406732,0.500000000000001));
#5587=DIRECTION('center_axis',(0.853553390593273,0.146446609406736,-0.499999999999998));
#5588=DIRECTION('ref_axis',(0.14644660940672,0.853553390593271,0.500000000000007));
#5589=DIRECTION('center_axis',(0.707106781186547,0.707106781186548,-8.32667268468867E-17));
#5590=DIRECTION('ref_axis',(-8.97195690676444E-16,8.97195690676443E-16,
1.));
#5591=DIRECTION('center_axis',(0.853553390593273,0.146446609406736,-0.499999999999998));
#5592=DIRECTION('ref_axis',(0.14644660940672,0.853553390593271,0.500000000000007));
#5593=DIRECTION('center_axis',(-0.146446609406725,-0.853553390593271,-0.500000000000005));
#5594=DIRECTION('ref_axis',(-0.853553390593272,-0.146446609406732,0.500000000000001));
#5595=DIRECTION('center_axis',(-0.707106781186547,-0.707106781186548,8.32667268468867E-17));
#5596=DIRECTION('ref_axis',(-8.97195690676444E-16,8.97195690676443E-16,
1.));
#5597=DIRECTION('center_axis',(-0.707106781186547,-0.707106781186548,0.));
#5598=DIRECTION('ref_axis',(0.707106781186548,-0.707106781186547,0.));
#5599=DIRECTION('center_axis',(0.707106781186547,0.707106781186548,2.81736037578933E-32));
#5600=DIRECTION('ref_axis',(3.98434925353383E-32,0.,-1.));
#5601=DIRECTION('center_axis',(0.707106781186547,0.707106781186548,2.81736037578933E-32));
#5602=DIRECTION('ref_axis',(-0.707106781186548,0.707106781186547,3.1720657846433E-16));
#5603=DIRECTION('center_axis',(-0.707106781186547,-0.707106781186548,0.));
#5604=DIRECTION('ref_axis',(-0.707106781186548,0.707106781186547,3.1720657846433E-16));
#5605=DIRECTION('',(-0.707106781186547,-0.707106781186548,0.));
#5606=DIRECTION('center_axis',(-0.146446609406786,-0.853553390593274,0.499999999999982));
#5607=DIRECTION('ref_axis',(-0.853553390593257,-0.146446609406683,-0.500000000000042));
#5608=DIRECTION('center_axis',(0.853553390593265,0.146446609406733,0.500000000000014));
#5609=DIRECTION('ref_axis',(0.146446609406737,0.853553390593266,-0.500000000000011));
#5610=DIRECTION('center_axis',(0.707106781186547,0.707106781186548,-1.38777878078145E-16));
#5611=DIRECTION('ref_axis',(-0.707106781186548,0.707106781186547,3.1720657846433E-16));
#5612=DIRECTION('center_axis',(0.853553390593265,0.146446609406733,0.500000000000014));
#5613=DIRECTION('ref_axis',(0.146446609406737,0.853553390593266,-0.500000000000011));
#5614=DIRECTION('center_axis',(-0.146446609406786,-0.853553390593274,0.499999999999982));
#5615=DIRECTION('ref_axis',(-0.853553390593257,-0.146446609406683,-0.500000000000042));
#5616=DIRECTION('center_axis',(-0.707106781186547,-0.707106781186549,-7.49400541621981E-16));
#5617=DIRECTION('ref_axis',(-0.707106781186548,0.707106781186547,3.1720657846433E-16));
#5618=DIRECTION('center_axis',(0.707106781186547,0.707106781186548,2.81736037578933E-32));
#5619=DIRECTION('ref_axis',(3.98434925353383E-32,0.,-1.));
#5620=DIRECTION('center_axis',(-0.707106781186547,-0.707106781186548,-2.81736037578933E-32));
#5621=DIRECTION('ref_axis',(0.707106781186548,-0.707106781186547,-2.22044604925031E-15));
#5622=DIRECTION('',(-0.707106781186548,0.707106781186547,0.));
#5623=DIRECTION('center_axis',(0.707106781186547,0.707106781186548,2.81736037578933E-32));
#5624=DIRECTION('ref_axis',(0.707106781186548,-0.707106781186547,1.26882631385732E-15));
#5625=DIRECTION('',(2.09345661157838E-15,-2.09345661157837E-15,1.));
#5626=DIRECTION('center_axis',(-0.707106781186547,-0.707106781186548,0.));
#5627=DIRECTION('ref_axis',(0.707106781186548,-0.707106781186547,1.26882631385732E-15));
#5628=DIRECTION('',(-0.707106781186547,-0.707106781186548,0.));
#5629=DIRECTION('',(-0.707106781186547,-0.707106781186548,0.));
#5630=DIRECTION('',(-0.707106781186547,-0.707106781186548,0.));
#5631=DIRECTION('',(-0.707106781186547,-0.707106781186548,0.));
#5632=DIRECTION('center_axis',(-0.853553390593273,-0.146446609406711,-0.500000000000006));
#5633=DIRECTION('ref_axis',(-0.146446609406738,-0.853553390593278,0.499999999999989));
#5634=DIRECTION('',(0.707106781186547,0.707106781186548,0.));
#5635=DIRECTION('center_axis',(0.146446609406728,0.853553390593276,-0.499999999999996));
#5636=DIRECTION('ref_axis',(0.853553390593275,0.146446609406722,0.5));
#5637=DIRECTION('center_axis',(0.707106781186548,0.707106781186547,0.));
#5638=DIRECTION('ref_axis',(0.707106781186548,-0.707106781186547,1.26882631385732E-15));
#5639=DIRECTION('center_axis',(0.146446609406728,0.853553390593276,-0.499999999999996));
#5640=DIRECTION('ref_axis',(0.853553390593275,0.146446609406722,0.5));
#5641=DIRECTION('center_axis',(-0.853553390593273,-0.146446609406711,-0.500000000000006));
#5642=DIRECTION('ref_axis',(-0.146446609406738,-0.853553390593278,0.499999999999989));
#5643=DIRECTION('center_axis',(-0.707106781186547,-0.707106781186548,-1.77635683940025E-15));
#5644=DIRECTION('ref_axis',(0.707106781186548,-0.707106781186547,1.26882631385732E-15));
#5645=DIRECTION('center_axis',(-0.707106781186548,0.707106781186547,2.96059473233376E-15));
#5646=DIRECTION('ref_axis',(-2.09345661157838E-15,2.09345661157837E-15,
-1.));
#5647=DIRECTION('',(-0.707106781186547,-0.707106781186548,0.));
#5648=DIRECTION('center_axis',(-0.707106781186547,-0.707106781186548,0.));
#5649=DIRECTION('ref_axis',(0.707106781186548,-0.707106781186547,-2.22044604925031E-15));
#5650=DIRECTION('',(-0.707106781186547,-0.707106781186548,0.));
#5651=DIRECTION('center_axis',(0.,0.,-1.));
#5652=DIRECTION('ref_axis',(0.707106781186548,-0.707106781186547,0.));
#5653=DIRECTION('center_axis',(-0.707106781186547,-0.707106781186548,0.));
#5654=DIRECTION('ref_axis',(0.707106781186548,-0.707106781186547,0.));
#5655=DIRECTION('',(0.,0.,-1.));
#5656=DIRECTION('',(-0.707106781186548,0.707106781186547,0.));
#5657=DIRECTION('center_axis',(-0.707106781186548,0.707106781186547,0.));
#5658=DIRECTION('ref_axis',(0.,0.,-1.));
#5659=DIRECTION('center_axis',(-0.707106781186547,-0.707106781186549,-7.49400541621981E-16));
#5660=DIRECTION('ref_axis',(-0.500000000000001,0.499999999999999,0.707106781186547));
#5661=DIRECTION('',(0.500000000000013,-0.500000000000011,-0.70710678118653));
#5662=DIRECTION('center_axis',(0.707106781186547,0.707106781186548,-1.38777878078145E-16));
#5663=DIRECTION('ref_axis',(0.500000000000012,-0.500000000000012,-0.70710678118653));
#5664=DIRECTION('',(-0.500000000000012,0.500000000000012,0.70710678118653));
#5665=DIRECTION('center_axis',(0.707106781186548,0.707106781186547,0.));
#5666=DIRECTION('ref_axis',(-0.499999999999997,0.499999999999998,0.707106781186552));
#5667=DIRECTION('',(0.499999999999997,-0.499999999999998,-0.707106781186552));
#5668=DIRECTION('center_axis',(-0.707106781186547,-0.707106781186548,-1.77635683940025E-15));
#5669=DIRECTION('ref_axis',(0.500000000000001,-0.499999999999999,-0.707106781186548));
#5670=DIRECTION('',(-0.499999999999999,0.499999999999996,0.707106781186552));
#5671=DIRECTION('center_axis',(0.707106781186547,0.707106781186548,-8.32667268468867E-17));
#5672=DIRECTION('ref_axis',(-0.5,0.5,-0.707106781186548));
#5673=DIRECTION('',(0.500000000000003,-0.500000000000003,0.707106781186544));
#5674=DIRECTION('center_axis',(-0.707106781186547,-0.707106781186548,8.32667268468867E-17));
#5675=DIRECTION('ref_axis',(0.500000000000003,-0.500000000000003,0.707106781186544));
#5676=DIRECTION('',(-0.500000000000003,0.500000000000003,-0.707106781186544));
#5677=DIRECTION('center_axis',(0.853553390593273,0.146446609406736,-0.499999999999998));
#5678=DIRECTION('ref_axis',(-0.505449465124423,0.,-0.862856209461017));
#5679=DIRECTION('',(-0.500000000000003,0.500000000000003,-0.707106781186544));
#5680=DIRECTION('center_axis',(-0.146446609406725,-0.853553390593271,-0.500000000000005));
#5681=DIRECTION('ref_axis',(-0.959682982260669,0.,0.281084637714816));
#5682=DIRECTION('center_axis',(0.146446609406728,0.853553390593276,-0.499999999999996));
#5683=DIRECTION('ref_axis',(-0.959682982260666,0.,-0.281084637714825));
#5684=DIRECTION('',(0.853553390593276,0.146446609406721,0.499999999999999));
#5685=DIRECTION('',(-0.499999999999997,0.499999999999998,0.707106781186552));
#5686=DIRECTION('center_axis',(-0.499999999999997,0.499999999999998,0.707106781186552));
#5687=DIRECTION('ref_axis',(-0.707106781186561,-0.707106781186533,-1.88402225943159E-14));
#5688=DIRECTION('',(0.146446609406738,0.853553390593278,-0.499999999999989));
#5689=DIRECTION('center_axis',(-0.853553390593273,-0.146446609406711,-0.500000000000006));
#5690=DIRECTION('ref_axis',(-0.505449465124429,0.,0.862856209461014));
#5691=DIRECTION('center_axis',(0.853553390593265,0.146446609406733,0.500000000000014));
#5692=DIRECTION('ref_axis',(0.505449465124438,0.,-0.862856209461009));
#5693=DIRECTION('',(0.500000000000012,-0.500000000000012,-0.70710678118653));
#5694=DIRECTION('center_axis',(-0.146446609406786,-0.853553390593274,0.499999999999982));
#5695=DIRECTION('ref_axis',(0.959682982260634,0.,0.281084637714935));
#5696=DIRECTION('center_axis',(0.707106781186548,0.707106781186547,-5.55111512312578E-17));
#5697=DIRECTION('ref_axis',(0.5,-0.5,0.707106781186547));
#5698=DIRECTION('',(-0.5,0.5,-0.707106781186547));
#5699=DIRECTION('center_axis',(0.146446609406732,0.853553390593275,0.499999999999997));
#5700=DIRECTION('ref_axis',(0.959682982260664,0.,-0.281084637714831));
#5701=DIRECTION('',(0.5,-0.500000000000001,0.707106781186547));
#5702=DIRECTION('center_axis',(-0.707106781186548,-0.707106781186547,5.55111512312578E-17));
#5703=DIRECTION('ref_axis',(-0.5,0.5,-0.707106781186547));
#5704=DIRECTION('',(0.5,-0.5,0.707106781186547));
#5705=DIRECTION('center_axis',(-0.853553390593274,-0.146446609406723,0.500000000000001));
#5706=DIRECTION('ref_axis',(0.505449465124425,0.,0.862856209461016));
#5707=DIRECTION('center_axis',(0.,0.,1.));
#5708=DIRECTION('ref_axis',(-0.707106781186548,0.707106781186547,0.));
#5709=DIRECTION('center_axis',(0.707106781186548,-0.707106781186547,0.));
#5710=DIRECTION('ref_axis',(0.,0.,1.));
#5711=DIRECTION('center_axis',(0.707106781186548,0.707106781186547,0.));
#5712=DIRECTION('ref_axis',(-0.5,0.5,-0.707106781186547));
#5713=DIRECTION('',(0.707106781186548,0.707106781186547,0.));
#5714=DIRECTION('center_axis',(-0.707106781186547,0.707106781186548,0.));
#5715=DIRECTION('ref_axis',(-0.707106781186548,-0.707106781186547,0.));
#5716=DIRECTION('',(-0.707106781186548,-0.707106781186547,0.));
#5717=DIRECTION('center_axis',(-0.707106781186548,-0.707106781186547,0.));
#5718=DIRECTION('ref_axis',(-0.5,0.500000000000001,0.707106781186547));
#5719=DIRECTION('',(0.707106781186548,0.707106781186547,0.));
#5720=DIRECTION('center_axis',(0.,0.,1.));
#5721=DIRECTION('ref_axis',(1.,0.,0.));
#5722=DIRECTION('center_axis',(-0.707106781186548,0.707106781186547,-2.34141938593477E-16));
#5723=DIRECTION('ref_axis',(1.65563352539612E-16,-1.65563352539612E-16,
-1.));
#5724=DIRECTION('center_axis',(0.,0.,1.));
#5725=DIRECTION('ref_axis',(1.,0.,0.));
#5726=DIRECTION('',(0.707106781186548,0.707106781186547,0.));
#5727=DIRECTION('center_axis',(0.707106781186548,-0.707106781186547,-1.4791141972894E-31));
#5728=DIRECTION('ref_axis',(5.23364152894592E-16,5.23364152894592E-16,-1.));
#5729=DIRECTION('',(-0.707106781186547,-0.707106781186548,0.));
#5730=DIRECTION('center_axis',(0.707106781186547,0.707106781186548,0.));
#5731=DIRECTION('ref_axis',(7.85046229341889E-16,-7.85046229341888E-16,
1.));
#5732=DIRECTION('',(-0.707106781186547,-0.707106781186548,0.));
#5733=DIRECTION('center_axis',(0.,0.,-1.));
#5734=DIRECTION('ref_axis',(-0.707106781186548,0.707106781186547,0.));
#5735=DIRECTION('center_axis',(0.,0.,-1.));
#5736=DIRECTION('ref_axis',(-0.707106781186548,0.707106781186547,0.));
#5737=DIRECTION('',(-0.707106781186548,0.707106781186547,0.));
#5738=DIRECTION('',(0.707106781186548,0.707106781186548,0.));
#5739=DIRECTION('',(-0.707106781186548,0.707106781186547,0.));
#5740=DIRECTION('',(0.707106781186548,0.707106781186548,0.));
#5741=DIRECTION('',(0.707106781186548,0.707106781186548,0.));
#5742=DIRECTION('',(0.707106781186548,0.707106781186548,0.));
#5743=DIRECTION('',(0.707106781186548,0.707106781186548,0.));
#5744=DIRECTION('',(0.707106781186548,0.707106781186548,0.));
#5745=DIRECTION('center_axis',(0.,0.,1.));
#5746=DIRECTION('ref_axis',(0.707106781186548,-0.707106781186547,0.));
#5747=DIRECTION('',(0.707106781186548,-0.707106781186547,0.));
#5748=DIRECTION('',(0.707106781186548,-0.707106781186547,0.));
#5749=DIRECTION('',(0.707106781186548,0.707106781186548,0.));
#5750=DIRECTION('center_axis',(0.707106781186548,-0.707106781186548,0.));
#5751=DIRECTION('ref_axis',(0.,0.,-1.));
#5752=DIRECTION('',(0.,0.,-1.));
#5753=DIRECTION('',(0.,0.,-1.));
#5754=DIRECTION('center_axis',(0.,0.,-1.));
#5755=DIRECTION('ref_axis',(-0.707106781186548,0.707106781186547,0.));
#5756=DIRECTION('',(-0.707106781186548,0.707106781186547,0.));
#5757=DIRECTION('',(0.707106781186548,0.707106781186548,0.));
#5758=DIRECTION('',(-0.707106781186548,0.707106781186547,0.));
#5759=DIRECTION('',(0.707106781186548,0.707106781186548,0.));
#5760=DIRECTION('center_axis',(0.707106781186548,-0.707106781186548,1.19675507030008E-15));
#5761=DIRECTION('ref_axis',(8.4623362562857E-16,-8.46233625628569E-16,-1.));
#5762=DIRECTION('',(8.4623362562857E-16,-8.46233625628569E-16,-1.));
#5763=DIRECTION('',(8.4623362562857E-16,-8.46233625628569E-16,-1.));
#5764=DIRECTION('',(0.707106781186548,0.707106781186548,0.));
#5765=DIRECTION('center_axis',(0.,0.,-1.));
#5766=DIRECTION('ref_axis',(-0.707106781186548,0.707106781186547,0.));
#5767=DIRECTION('',(-0.707106781186548,0.707106781186547,0.));
#5768=DIRECTION('',(-0.707106781186548,0.707106781186547,0.));
#5769=DIRECTION('',(0.707106781186548,0.707106781186548,0.));
#5770=DIRECTION('',(0.707106781186548,0.707106781186548,0.));
#5771=DIRECTION('',(0.707106781186548,0.707106781186548,0.));
#5772=DIRECTION('',(0.707106781186548,0.707106781186548,0.));
#5773=DIRECTION('',(0.707106781186548,0.707106781186548,0.));
#5774=DIRECTION('center_axis',(0.,0.,1.));
#5775=DIRECTION('ref_axis',(0.707106781186548,-0.707106781186547,0.));
#5776=DIRECTION('',(0.707106781186548,-0.707106781186547,0.));
#5777=DIRECTION('',(0.707106781186548,-0.707106781186547,0.));
#5778=DIRECTION('',(0.707106781186548,0.707106781186548,0.));
#5779=DIRECTION('center_axis',(-0.707106781186548,0.707106781186548,-8.88178419700125E-16));
#5780=DIRECTION('ref_axis',(-6.2803698347351E-16,6.2803698347351E-16,1.));
#5781=DIRECTION('',(-6.2803698347351E-16,6.2803698347351E-16,1.));
#5782=DIRECTION('',(-6.2803698347351E-16,6.2803698347351E-16,1.));
#5783=DIRECTION('center_axis',(-0.707106781186547,-0.707106781186548,0.));
#5784=DIRECTION('ref_axis',(0.707106781186548,-0.707106781186547,0.));
#5785=DIRECTION('center_axis',(-0.707106781186547,-0.707106781186548,0.));
#5786=DIRECTION('ref_axis',(0.707106781186548,-0.707106781186547,0.));
#5787=DIRECTION('center_axis',(0.632455532033676,-0.632455532033676,0.447213595499958));
#5788=DIRECTION('ref_axis',(0.316227766016838,-0.316227766016838,-0.894427190999916));
#5789=DIRECTION('',(-0.316227766016838,0.316227766016838,0.894427190999916));
#5790=DIRECTION('',(0.707106781186548,0.707106781186548,0.));
#5791=DIRECTION('',(0.316227766016838,-0.316227766016838,-0.894427190999916));
#5792=DIRECTION('',(0.707106781186548,0.707106781186548,0.));
#5793=DIRECTION('center_axis',(-0.632455532033676,0.632455532033676,0.447213595499958));
#5794=DIRECTION('ref_axis',(0.316227766016838,-0.316227766016838,0.894427190999916));
#5795=DIRECTION('',(-0.316227766016838,0.316227766016838,-0.894427190999916));
#5796=DIRECTION('',(0.316227766016838,-0.316227766016838,0.894427190999916));
#5797=DIRECTION('',(0.707106781186548,0.707106781186548,0.));
#5798=DIRECTION('center_axis',(0.,0.,-1.));
#5799=DIRECTION('ref_axis',(-0.707106781186548,0.707106781186547,0.));
#5800=DIRECTION('',(0.707106781186548,-0.707106781186547,0.));
#5801=DIRECTION('',(-0.707106781186548,0.707106781186547,0.));
#5802=DIRECTION('',(0.707106781186548,0.707106781186548,0.));
#5803=DIRECTION('center_axis',(-0.707106781186548,0.707106781186548,0.));
#5804=DIRECTION('ref_axis',(0.,0.,1.));
#5805=DIRECTION('',(0.,0.,-1.));
#5806=DIRECTION('',(0.,0.,1.));
#5807=DIRECTION('',(0.707106781186548,0.707106781186548,0.));
#5808=DIRECTION('center_axis',(0.,0.,-1.));
#5809=DIRECTION('ref_axis',(-0.707106781186548,0.707106781186547,0.));
#5810=DIRECTION('',(0.707106781186548,-0.707106781186547,0.));
#5811=DIRECTION('',(-0.707106781186548,0.707106781186547,0.));
#5812=DIRECTION('',(0.707106781186548,0.707106781186548,0.));
#5813=DIRECTION('center_axis',(0.707106781186548,-0.707106781186548,0.));
#5814=DIRECTION('ref_axis',(0.,0.,-1.));
#5815=DIRECTION('',(0.,0.,1.));
#5816=DIRECTION('',(0.,0.,-1.));
#5817=DIRECTION('',(0.707106781186548,0.707106781186548,0.));
#5818=DIRECTION('center_axis',(0.,0.,-1.));
#5819=DIRECTION('ref_axis',(-0.707106781186548,0.707106781186547,0.));
#5820=DIRECTION('',(0.707106781186548,-0.707106781186547,0.));
#5821=DIRECTION('',(-0.707106781186548,0.707106781186547,0.));
#5822=DIRECTION('center_axis',(-0.707106781186547,-0.707106781186548,0.));
#5823=DIRECTION('ref_axis',(0.707106781186548,-0.707106781186547,0.));
#5824=DIRECTION('center_axis',(0.707106781186548,0.707106781186548,0.));
#5825=DIRECTION('ref_axis',(0.,0.,-1.));
#5826=DIRECTION('',(0.707106781186548,0.707106781186548,0.));
#5827=DIRECTION('',(0.707106781186548,0.707106781186548,0.));
#5828=DIRECTION('',(0.707106781186548,0.707106781186548,0.));
#5829=DIRECTION('',(0.707106781186548,0.707106781186548,0.));
#5830=DIRECTION('',(0.707106781186548,0.707106781186548,0.));
#5831=DIRECTION('center_axis',(0.707106781186548,-0.707106781186548,7.28048658875084E-16));
#5832=DIRECTION('ref_axis',(5.14808143724344E-16,-5.14808143724343E-16,
-1.));
#5833=DIRECTION('',(5.14808143724344E-16,-5.14808143724343E-16,-1.));
#5834=DIRECTION('',(5.14808143724344E-16,-5.14808143724343E-16,-1.));
#5835=DIRECTION('',(0.707106781186548,0.707106781186548,0.));
#5836=DIRECTION('center_axis',(0.,0.,1.));
#5837=DIRECTION('ref_axis',(0.707106781186548,-0.707106781186547,0.));
#5838=DIRECTION('',(0.707106781186548,-0.707106781186547,0.));
#5839=DIRECTION('',(0.707106781186548,-0.707106781186547,0.));
#5840=DIRECTION('',(0.707106781186548,0.707106781186548,0.));
#5841=DIRECTION('center_axis',(-0.707106781186548,0.707106781186548,-7.45384090693652E-16));
#5842=DIRECTION('ref_axis',(-5.2706614511805E-16,5.2706614511805E-16,1.));
#5843=DIRECTION('',(-5.2706614511805E-16,5.2706614511805E-16,1.));
#5844=DIRECTION('',(-5.2706614511805E-16,5.2706614511805E-16,1.));
#5845=DIRECTION('',(0.707106781186548,0.707106781186548,0.));
#5846=DIRECTION('',(0.707106781186548,0.707106781186548,0.));
#5847=DIRECTION('',(0.707106781186548,0.707106781186548,0.));
#5848=DIRECTION('',(0.707106781186548,0.707106781186548,0.));
#5849=DIRECTION('',(0.707106781186548,0.707106781186548,0.));
#5850=DIRECTION('',(0.707106781186548,0.707106781186548,0.));
#5851=DIRECTION('',(0.707106781186548,0.707106781186548,0.));
#5852=DIRECTION('',(0.707106781186548,0.707106781186548,0.));
#5853=DIRECTION('',(0.707106781186548,0.707106781186548,0.));
#5854=DIRECTION('',(0.707106781186548,0.707106781186548,0.));
#5855=DIRECTION('center_axis',(0.707106781186548,-0.707106781186548,7.45384090693652E-16));
#5856=DIRECTION('ref_axis',(5.2706614511805E-16,-5.2706614511805E-16,-1.));
#5857=DIRECTION('',(5.2706614511805E-16,-5.2706614511805E-16,-1.));
#5858=DIRECTION('',(5.2706614511805E-16,-5.2706614511805E-16,-1.));
#5859=DIRECTION('',(0.707106781186548,0.707106781186548,0.));
#5860=DIRECTION('center_axis',(0.,0.,1.));
#5861=DIRECTION('ref_axis',(0.707106781186548,-0.707106781186547,0.));
#5862=DIRECTION('',(0.707106781186548,-0.707106781186547,0.));
#5863=DIRECTION('',(0.707106781186548,-0.707106781186547,0.));
#5864=DIRECTION('',(0.707106781186548,0.707106781186548,0.));
#5865=DIRECTION('center_axis',(-0.707106781186548,0.707106781186548,-7.28048658875084E-16));
#5866=DIRECTION('ref_axis',(-5.14808143724344E-16,5.14808143724343E-16,
1.));
#5867=DIRECTION('',(-5.14808143724344E-16,5.14808143724343E-16,1.));
#5868=DIRECTION('',(-5.14808143724344E-16,5.14808143724343E-16,1.));
#5869=DIRECTION('center_axis',(-0.707106781186547,-0.707106781186548,0.));
#5870=DIRECTION('ref_axis',(0.707106781186548,-0.707106781186547,0.));
#5871=DIRECTION('center_axis',(-0.707106781186547,-0.707106781186548,0.));
#5872=DIRECTION('ref_axis',(0.707106781186548,-0.707106781186547,0.));
#5873=DIRECTION('',(-0.342020143325669,-0.939692620785909,-1.04132094520216E-15));
#5874=DIRECTION('',(0.939692620785907,-0.342020143325669,-7.59437276011374E-17));
#5875=CARTESIAN_POINT('',(0.,0.,0.));
#5876=CARTESIAN_POINT('',(0.,0.,0.));
#5877=CARTESIAN_POINT('Origin',(29.4839822040606,23.2568116063574,5.20026760491155));
#5878=CARTESIAN_POINT('',(26.9100000188654,-24.8431883936427,3.99999999999998));
#5879=CARTESIAN_POINT('',(26.9100000188642,23.2568116063574,3.99999999999998));
#5880=CARTESIAN_POINT('',(26.9100000188645,11.628405803179,3.99999999999998));
#5881=CARTESIAN_POINT('',(29.4839822040604,-24.8431883936427,5.20026760491089));
#5882=CARTESIAN_POINT('',(29.4839822040604,-24.8431883936427,5.20026760491089));
#5883=CARTESIAN_POINT('',(29.4839822040606,23.2568116063574,5.20026760491155));
#5884=CARTESIAN_POINT('',(29.4839822040606,23.2568116063574,5.20026760491155));
#5885=CARTESIAN_POINT('',(29.4839822040606,23.2568116063574,5.20026760491155));
#5886=CARTESIAN_POINT('Origin',(20.3976895766356,27.7568116063572,24.6858850261997));
#5887=CARTESIAN_POINT('',(16.2620928946777,27.7568116063574,3.99999999999998));
#5888=CARTESIAN_POINT('',(6.43138871426828,27.7568116063575,3.99999999999998));
#5889=CARTESIAN_POINT('',(10.2988447883179,27.7568116063575,3.99999999999998));
#5890=CARTESIAN_POINT('',(20.5511067356969,27.7568116063574,5.99999999999998));
#5891=CARTESIAN_POINT('',(27.5822000262274,27.7568116063573,9.27865264657656));
#5892=CARTESIAN_POINT('',(5.49877339795828,27.7568116063575,5.99999999999999));
#5893=CARTESIAN_POINT('',(10.2988447883179,27.7568116063574,5.99999999999998));
#5894=CARTESIAN_POINT('',(-0.370806416606622,27.7568116063573,18.5873545328176));
#5895=CARTESIAN_POINT('Origin',(28.2161274188383,-24.8431883936428,7.91919096602086));
#5896=CARTESIAN_POINT('',(19.8113952694079,-27.8431883936427,3.99999999999998));
#5897=CARTESIAN_POINT('Origin',(19.8113952694078,-24.8431883936427,3.99999999999998));
#5898=CARTESIAN_POINT('',(24.1004091104271,-27.8431883936428,5.99999999999998));
#5899=CARTESIAN_POINT('',(28.2161274188383,-27.8431883936428,7.91919096602081));
#5900=CARTESIAN_POINT('',(28.625,-27.1548085561683,5.99999999999999));
#5901=CARTESIAN_POINT('Origin',(24.100409110427,-24.8431883936427,5.99999999999998));
#5902=CARTESIAN_POINT('',(29.1198575745203,-26.9472825933301,5.98113539288755));
#5903=CARTESIAN_POINT('Ctrl Pts',(29.1198575745203,-26.9472825933301,5.98113539288755));
#5904=CARTESIAN_POINT('Ctrl Pts',(28.9612066988844,-27.0265824281871,5.99324894749696));
#5905=CARTESIAN_POINT('Ctrl Pts',(28.7954933604741,-27.0952057328046,5.99999999999998));
#5906=CARTESIAN_POINT('Ctrl Pts',(28.625,-27.1548085561683,5.99999999999998));
#5907=CARTESIAN_POINT('Origin',(28.2161274188383,-24.8431883936428,7.91919096602086));
#5908=CARTESIAN_POINT('Origin',(27.5822000262274,23.2568116063573,9.27865264657649));
#5909=CARTESIAN_POINT('Origin',(16.2620928946778,23.2568116063574,3.99999999999998));
#5910=CARTESIAN_POINT('',(29.1198575745208,25.9048276987933,5.98113539288751));
#5911=CARTESIAN_POINT('Origin',(27.5822000262274,23.2568116063573,9.27865264657649));
#5912=CARTESIAN_POINT('',(28.625,26.190591346773,5.99999999999998));
#5913=CARTESIAN_POINT('Ctrl Pts',(28.625,26.190591346773,5.99999999999999));
#5914=CARTESIAN_POINT('Ctrl Pts',(28.7515786732053,26.1283738467637,5.99999999999998));
#5915=CARTESIAN_POINT('Ctrl Pts',(28.8737700753786,26.0609395738628,5.99628783769842));
#5916=CARTESIAN_POINT('Ctrl Pts',(29.0332258865936,25.9620781835504,5.9873101327556));
#5917=CARTESIAN_POINT('Ctrl Pts',(29.0765059563001,25.9341231730031,5.98444544202918));
#5918=CARTESIAN_POINT('Ctrl Pts',(29.1198575745208,25.9048276987933,5.98113539288751));
#5919=CARTESIAN_POINT('Origin',(20.551106735697,23.2568116063574,5.99999999999998));
#5920=CARTESIAN_POINT('Origin',(28.2161274188383,-27.8431883936428,7.91919096602081));
#5921=CARTESIAN_POINT('',(6.43138871426831,-27.8431883936427,3.99999999999998));
#5922=CARTESIAN_POINT('',(14.2080637094191,-27.8431883936427,3.99999999999998));
#5923=CARTESIAN_POINT('',(5.49877339795832,-27.8431883936427,5.99999999999999));
#5924=CARTESIAN_POINT('',(3.53841250449516,-27.8431883936427,10.204007502728));
#5925=CARTESIAN_POINT('',(14.2080637094191,-27.8431883936427,5.99999999999998));
#5926=CARTESIAN_POINT('Origin',(23.9899448014314,-0.0431883936428257,16.9822688363878));
#5927=CARTESIAN_POINT('',(29.1198575745203,-28.575,5.98113539288755));
#5928=CARTESIAN_POINT('Origin',(0.199999999999974,2.66453525910038E-14,
3.99999999999998));
#5929=CARTESIAN_POINT('',(-28.225,50.65,3.99999999999998));
#5930=CARTESIAN_POINT('',(28.625,50.65,3.99999999999998));
#5931=CARTESIAN_POINT('',(17.6625,50.65,3.99999999999998));
#5932=CARTESIAN_POINT('',(28.625,-50.65,3.99999999999998));
#5933=CARTESIAN_POINT('',(28.625,-28.575,3.99999999999998));
#5934=CARTESIAN_POINT('',(-28.2249999999998,-50.65,3.99999999999998));
#5935=CARTESIAN_POINT('',(-17.2624999999999,-50.65,3.99999999999998));
#5936=CARTESIAN_POINT('',(-28.225,28.575,3.99999999999998));
#5937=CARTESIAN_POINT('',(-1.95249999999984,41.6687,3.99999999999998));
#5938=CARTESIAN_POINT('Origin',(0.20000000000016,41.6687,3.99999999999998));
#5939=CARTESIAN_POINT('',(-1.95249999999984,-41.6687,3.99999999999998));
#5940=CARTESIAN_POINT('Origin',(0.20000000000016,-41.6687,3.99999999999998));
#5941=CARTESIAN_POINT('',(6.43138871426828,28.7568116063578,3.99999999999998));
#5942=CARTESIAN_POINT('',(6.43138871426829,14.3784058031789,3.99999999999998));
#5943=CARTESIAN_POINT('',(-19.2773167975578,28.7568116063578,3.99999999999998));
#5944=CARTESIAN_POINT('',(-11.330643602609,28.7568116063578,3.99999999999998));
#5945=CARTESIAN_POINT('',(-19.2773167975578,27.0568116063578,3.99999999999998));
#5946=CARTESIAN_POINT('',(-19.2773167975578,13.5284058031789,3.99999999999998));
#5947=CARTESIAN_POINT('',(-23.6908284734077,23.0568116063578,3.99999999999998));
#5948=CARTESIAN_POINT('Origin',(-19.2773167975578,23.0568116063578,3.99999999999998));
#5949=CARTESIAN_POINT('',(-25.566570935644,23.0568116063578,3.99999999999998));
#5950=CARTESIAN_POINT('',(-13.9136207956634,23.0568116063578,3.99999999999998));
#5951=CARTESIAN_POINT('',(-25.566570935644,-23.1431883936422,3.99999999999998));
#5952=CARTESIAN_POINT('',(-25.566570935644,-11.5715941968211,3.99999999999998));
#5953=CARTESIAN_POINT('',(-23.6908284734077,-23.1431883936422,3.99999999999998));
#5954=CARTESIAN_POINT('',(-13.1432591766823,-23.1431883936423,3.99999999999998));
#5955=CARTESIAN_POINT('',(-19.2773167975578,-27.1431883936423,3.99999999999998));
#5956=CARTESIAN_POINT('Origin',(-19.2773167975578,-23.1431883936423,3.99999999999998));
#5957=CARTESIAN_POINT('',(-19.2773167975578,-28.8431883936423,3.99999999999998));
#5958=CARTESIAN_POINT('',(-19.2773167975577,-14.4215941968211,3.99999999999998));
#5959=CARTESIAN_POINT('',(6.43138871426832,-28.8431883936422,3.99999999999998));
#5960=CARTESIAN_POINT('',(-0.772157883631969,-28.8431883936422,3.99999999999998));
#5961=CARTESIAN_POINT('',(6.43138871426829,14.3784058031789,3.99999999999998));
#5962=CARTESIAN_POINT('Origin',(-1.74431576726394,28.7568116063578,21.5328548406868));
#5963=CARTESIAN_POINT('',(5.49877339795828,28.7568116063578,5.99999999999998));
#5964=CARTESIAN_POINT('',(5.49877339795829,14.3784058031789,5.99999999999999));
#5965=CARTESIAN_POINT('',(-1.74431576726394,28.7568116063578,21.5328548406868));
#5966=CARTESIAN_POINT('Origin',(-1.74431576726393,-28.8431883936422,21.5328548406869));
#5967=CARTESIAN_POINT('',(-20.2099321138678,-28.8431883936423,5.99999999999998));
#5968=CARTESIAN_POINT('',(-22.8612872052179,-28.8431883936422,11.6858493421286));
#5969=CARTESIAN_POINT('',(5.49877339795832,-28.8431883936422,5.99999999999998));
#5970=CARTESIAN_POINT('',(-0.772157883631969,-28.8431883936422,5.99999999999998));
#5971=CARTESIAN_POINT('',(-1.74431576726393,-28.8431883936422,21.5328548406869));
#5972=CARTESIAN_POINT('Origin',(-1.74431576726394,28.7568116063578,21.5328548406868));
#5973=CARTESIAN_POINT('',(5.49877339795829,14.3784058031789,5.99999999999999));
#5974=CARTESIAN_POINT('Origin',(-22.8612872052179,28.7568116063578,11.6858493421285));
#5975=CARTESIAN_POINT('',(-20.2099321138678,28.7568116063578,5.99999999999998));
#5976=CARTESIAN_POINT('',(-11.330643602609,28.7568116063578,5.99999999999998));
#5977=CARTESIAN_POINT('',(-22.8612872052179,28.7568116063578,11.6858493421285));
#5978=CARTESIAN_POINT('Origin',(-22.8612872052179,27.0568116063578,11.6858493421285));
#5979=CARTESIAN_POINT('',(-20.2099321138678,27.0568116063578,5.99999999999998));
#5980=CARTESIAN_POINT('',(-20.2099321138678,13.5284058031789,5.99999999999998));
#5981=CARTESIAN_POINT('',(-22.8612872052179,27.0568116063578,11.6858493421285));
#5982=CARTESIAN_POINT('Origin',(-22.8612872052179,23.0568116063578,11.6858493421285));
#5983=CARTESIAN_POINT('',(-24.6234437897177,23.0568116063578,5.99999999999998));
#5984=CARTESIAN_POINT('Origin',(-20.2099321138678,23.0568116063578,5.99999999999998));
#5985=CARTESIAN_POINT('',(-26.4865183533645,23.0568116063578,9.99537629516574));
#5986=CARTESIAN_POINT('Origin',(-28.0272415913268,23.0568116063578,9.27692525020656));
#5987=CARTESIAN_POINT('',(-26.499186251954,23.0568116063578,5.99999999999998));
#5988=CARTESIAN_POINT('',(-13.9136207956634,23.0568116063578,5.99999999999998));
#5989=CARTESIAN_POINT('',(-28.0272415913268,23.0568116063578,9.27692525020656));
#5990=CARTESIAN_POINT('Origin',(-28.0272415913268,-23.1431883936422,9.27692525020661));
#5991=CARTESIAN_POINT('',(-26.499186251954,-23.1431883936422,5.99999999999998));
#5992=CARTESIAN_POINT('',(-26.499186251954,-11.5715941968211,5.99999999999998));
#5993=CARTESIAN_POINT('',(-28.0272415913268,-23.1431883936422,9.27692525020661));
#5994=CARTESIAN_POINT('Origin',(-26.4865183533645,-23.1431883936422,9.99537629516579));
#5995=CARTESIAN_POINT('',(-24.6234437897177,-23.1431883936422,5.99999999999998));
#5996=CARTESIAN_POINT('',(-13.1432591766823,-23.1431883936422,5.99999999999998));
#5997=CARTESIAN_POINT('',(-26.4865183533645,-23.1431883936422,9.99537629516579));
#5998=CARTESIAN_POINT('Origin',(-22.8612872052179,-23.1431883936422,11.6858493421286));
#5999=CARTESIAN_POINT('',(-20.2099321138678,-27.1431883936422,5.99999999999998));
#6000=CARTESIAN_POINT('Origin',(-20.2099321138678,-23.1431883936422,5.99999999999998));
#6001=CARTESIAN_POINT('',(-22.8612872052179,-27.1431883936422,11.6858493421286));
#6002=CARTESIAN_POINT('Origin',(-22.8612872052179,-28.8431883936422,11.6858493421286));
#6003=CARTESIAN_POINT('',(-20.2099321138677,-14.4215941968211,5.99999999999998));
#6004=CARTESIAN_POINT('Origin',(0.20000000000016,-41.6687,5.19991877277777));
#6005=CARTESIAN_POINT('',(-3.34349999999984,-41.6687,5.99999999999999));
#6006=CARTESIAN_POINT('Origin',(0.20000000000016,-41.6687,5.99999999999998));
#6007=CARTESIAN_POINT('',(-1.95249999999984,-41.6687,4.39983754555556));
#6008=CARTESIAN_POINT('',(-2.64799999999984,-41.6687,5.19991877277777));
#6009=CARTESIAN_POINT('Origin',(0.20000000000016,-41.6687,4.39983754555556));
#6010=CARTESIAN_POINT('Origin',(0.20000000000016,-41.6687,2.42499999999998));
#6011=CARTESIAN_POINT('',(-1.95249999999984,-41.6687,2.42499999999998));
#6012=CARTESIAN_POINT('Origin',(0.20000000000016,41.6687,5.19991877277777));
#6013=CARTESIAN_POINT('',(-3.34349999999984,41.6687,5.99999999999999));
#6014=CARTESIAN_POINT('Origin',(0.20000000000016,41.6687,5.99999999999998));
#6015=CARTESIAN_POINT('',(-1.95249999999984,41.6687,4.39983754555556));
#6016=CARTESIAN_POINT('',(-2.64799999999984,41.6687,5.19991877277777));
#6017=CARTESIAN_POINT('Origin',(0.20000000000016,41.6687,4.39983754555556));
#6018=CARTESIAN_POINT('Origin',(0.20000000000016,41.6687,2.42499999999998));
#6019=CARTESIAN_POINT('',(-1.95249999999984,41.6687,2.42499999999998));
#6020=CARTESIAN_POINT('Origin',(17.6625,50.65,-0.500000000000016));
#6021=CARTESIAN_POINT('',(-32.725,55.15,-0.500000000000016));
#6022=CARTESIAN_POINT('Origin',(-28.225,50.65,-0.500000000000016));
#6023=CARTESIAN_POINT('',(33.125,55.15,-0.500000000000016));
#6024=CARTESIAN_POINT('',(17.6625,55.15,-0.500000000000016));
#6025=CARTESIAN_POINT('Origin',(28.625,50.65,-0.500000000000016));
#6026=CARTESIAN_POINT('Origin',(28.625,-28.575,-0.500000000000016));
#6027=CARTESIAN_POINT('',(33.125,-55.15,-0.500000000000016));
#6028=CARTESIAN_POINT('',(33.125,-28.575,-0.500000000000016));
#6029=CARTESIAN_POINT('Origin',(28.625,-50.65,-0.500000000000016));
#6030=CARTESIAN_POINT('Origin',(-17.2624999999999,-50.65,-0.500000000000016));
#6031=CARTESIAN_POINT('',(-32.7249999999998,-55.15,-0.500000000000016));
#6032=CARTESIAN_POINT('',(-17.2624999999999,-55.15,-0.500000000000016));
#6033=CARTESIAN_POINT('Origin',(-28.2249999999998,-50.65,-0.500000000000016));
#6034=CARTESIAN_POINT('Origin',(-28.225,28.575,-0.500000000000016));
#6035=CARTESIAN_POINT('',(-32.725,28.575,-0.500000000000016));
#6036=CARTESIAN_POINT('Origin',(17.6625,50.65,-0.500000000000016));
#6037=CARTESIAN_POINT('',(-28.225,50.65,5.99999999999998));
#6038=CARTESIAN_POINT('',(28.625,50.65,5.99999999999998));
#6039=CARTESIAN_POINT('',(17.6625,50.65,5.99999999999998));
#6040=CARTESIAN_POINT('',(35.125,57.15,-0.500000000000016));
#6041=CARTESIAN_POINT('Origin',(28.625,50.65,-0.500000000000016));
#6042=CARTESIAN_POINT('',(-34.725,57.15,-0.500000000000016));
#6043=CARTESIAN_POINT('',(-34.725,57.15,-0.500000000000016));
#6044=CARTESIAN_POINT('Origin',(-28.225,50.65,-0.500000000000016));
#6045=CARTESIAN_POINT('Origin',(28.625,-28.575,-0.500000000000016));
#6046=CARTESIAN_POINT('',(28.625,-50.65,5.99999999999998));
#6047=CARTESIAN_POINT('',(28.625,-28.575,5.99999999999998));
#6048=CARTESIAN_POINT('',(35.125,-57.15,-0.500000000000016));
#6049=CARTESIAN_POINT('Origin',(28.625,-50.65,-0.500000000000016));
#6050=CARTESIAN_POINT('',(35.125,57.15,-0.500000000000016));
#6051=CARTESIAN_POINT('',(28.625,-28.575,5.99999999999998));
#6052=CARTESIAN_POINT('Origin',(-17.2624999999999,-50.65,-0.500000000000016));
#6053=CARTESIAN_POINT('',(-28.2249999999998,-50.65,5.99999999999998));
#6054=CARTESIAN_POINT('',(-17.2624999999999,-50.65,5.99999999999998));
#6055=CARTESIAN_POINT('',(-34.7249999999998,-57.15,-0.500000000000016));
#6056=CARTESIAN_POINT('Origin',(-28.2249999999998,-50.65,-0.500000000000016));
#6057=CARTESIAN_POINT('',(35.125,-57.15,-0.500000000000016));
#6058=CARTESIAN_POINT('Origin',(-28.225,28.575,-0.500000000000016));
#6059=CARTESIAN_POINT('',(-34.7249999999998,-57.15,-0.500000000000016));
#6060=CARTESIAN_POINT('',(-28.225,28.575,5.99999999999998));
#6061=CARTESIAN_POINT('Origin',(0.199999999999974,2.66453525910038E-14,
5.99999999999998));
#6062=CARTESIAN_POINT('Origin',(0.199999999999974,2.66453525910038E-14,
-0.500000000000016));
#6063=CARTESIAN_POINT('Origin',(19.625,-31.5431883936422,-0.500000000000016));
#6064=CARTESIAN_POINT('',(21.325,-31.5431883936422,-0.500000000000016));
#6065=CARTESIAN_POINT('Origin',(19.625,-31.5431883936422,-0.500000000000016));
#6066=CARTESIAN_POINT('',(20.8520309413044,-31.5431883936422,3.99999999999998));
#6067=CARTESIAN_POINT('',(21.325,-31.5431883936422,-0.500000000000016));
#6068=CARTESIAN_POINT('Origin',(19.625,-31.5431883936422,4.));
#6069=CARTESIAN_POINT('Origin',(22.625,-32.0431883936422,4.));
#6070=CARTESIAN_POINT('',(22.625,-35.0431883936422,-0.500000000000016));
#6071=CARTESIAN_POINT('',(25.625,-32.0431883936422,-0.500000000000016));
#6072=CARTESIAN_POINT('Origin',(22.625,-32.0431883936422,-0.500000000000015));
#6073=CARTESIAN_POINT('',(25.625,-32.0431883936422,4.));
#6074=CARTESIAN_POINT('',(25.625,-32.0431883936422,4.));
#6075=CARTESIAN_POINT('',(22.625,-35.0431883936422,4.));
#6076=CARTESIAN_POINT('Origin',(22.625,-32.0431883936422,4.));
#6077=CARTESIAN_POINT('',(22.625,-35.0431883936422,4.));
#6078=CARTESIAN_POINT('Origin',(25.625,-28.8431883936422,4.));
#6079=CARTESIAN_POINT('',(25.625,-28.8431883936422,-0.500000000000016));
#6080=CARTESIAN_POINT('',(25.625,-14.4431883936422,-0.500000000000016));
#6081=CARTESIAN_POINT('',(25.625,-28.8431883936422,4.));
#6082=CARTESIAN_POINT('',(25.625,-28.8431883936422,4.));
#6083=CARTESIAN_POINT('',(25.625,-32.0431883936422,4.));
#6084=CARTESIAN_POINT('Origin',(13.625,-28.8431883936422,4.));
#6085=CARTESIAN_POINT('',(13.625,-28.8431883936422,-0.500000000000016));
#6086=CARTESIAN_POINT('',(16.625,-28.8431883936422,-0.500000000000016));
#6087=CARTESIAN_POINT('',(13.625,-28.8431883936422,4.));
#6088=CARTESIAN_POINT('',(13.625,-28.8431883936422,4.));
#6089=CARTESIAN_POINT('',(13.625,-28.8431883936422,4.));
#6090=CARTESIAN_POINT('Origin',(13.625,-32.0431883936422,4.));
#6091=CARTESIAN_POINT('',(13.625,-32.0431883936422,-0.500000000000016));
#6092=CARTESIAN_POINT('',(13.625,-16.0431883936422,-0.500000000000016));
#6093=CARTESIAN_POINT('',(13.625,-32.0431883936422,4.));
#6094=CARTESIAN_POINT('',(13.625,-32.0431883936422,4.));
#6095=CARTESIAN_POINT('',(13.625,-28.8431883936422,4.));
#6096=CARTESIAN_POINT('Origin',(16.625,-32.0431883936422,4.));
#6097=CARTESIAN_POINT('',(16.625,-35.0431883936422,-0.500000000000016));
#6098=CARTESIAN_POINT('Origin',(16.625,-32.0431883936422,-0.500000000000017));
#6099=CARTESIAN_POINT('',(16.625,-35.0431883936422,4.));
#6100=CARTESIAN_POINT('',(16.625,-35.0431883936422,4.));
#6101=CARTESIAN_POINT('Origin',(16.625,-32.0431883936422,4.));
#6102=CARTESIAN_POINT('Origin',(22.625,-35.0431883936422,4.));
#6103=CARTESIAN_POINT('',(21.125,-35.0431883936422,-0.500000000000016));
#6104=CARTESIAN_POINT('',(16.625,-35.0431883936422,4.));
#6105=CARTESIAN_POINT('Origin',(19.625,-31.9431883936422,4.));
#6106=CARTESIAN_POINT('Origin',(19.625,-0.0431883936421973,-0.500000000000016));
#6107=CARTESIAN_POINT('Origin',(19.625,31.8568116063578,-0.500000000000016));
#6108=CARTESIAN_POINT('',(21.325,31.8568116063578,-0.500000000000016));
#6109=CARTESIAN_POINT('Origin',(19.625,31.8568116063578,-0.500000000000016));
#6110=CARTESIAN_POINT('',(20.8520309413044,31.8568116063578,3.99999999999998));
#6111=CARTESIAN_POINT('',(21.325,31.8568116063578,-0.500000000000016));
#6112=CARTESIAN_POINT('Origin',(19.625,31.8568116063578,4.));
#6113=CARTESIAN_POINT('Origin',(16.6249999999999,34.9568116063578,4.));
#6114=CARTESIAN_POINT('',(22.625,34.9568116063578,-0.500000000000016));
#6115=CARTESIAN_POINT('',(16.6249999999999,34.9568116063578,-0.500000000000016));
#6116=CARTESIAN_POINT('',(18.125,34.9568116063578,-0.500000000000016));
#6117=CARTESIAN_POINT('',(16.6249999999999,34.9568116063578,4.));
#6118=CARTESIAN_POINT('',(16.6249999999999,34.9568116063578,4.));
#6119=CARTESIAN_POINT('',(22.625,34.9568116063578,4.));
#6120=CARTESIAN_POINT('',(22.625,34.9568116063578,4.));
#6121=CARTESIAN_POINT('',(22.625,34.9568116063578,4.));
#6122=CARTESIAN_POINT('Origin',(16.6249999999999,31.9568116063578,3.99999999999999));
#6123=CARTESIAN_POINT('',(13.625,31.9568116063578,-0.500000000000016));
#6124=CARTESIAN_POINT('Origin',(16.6249999999999,31.9568116063578,-0.500000000000017));
#6125=CARTESIAN_POINT('',(13.6249999999999,31.9568116063578,4.));
#6126=CARTESIAN_POINT('',(13.6249999999999,31.9568116063578,4.));
#6127=CARTESIAN_POINT('Origin',(16.6249999999999,31.9568116063578,3.99999999999999));
#6128=CARTESIAN_POINT('Origin',(13.6249999999999,28.7568116063578,4.));
#6129=CARTESIAN_POINT('',(13.6249999999999,28.7568116063578,-0.500000000000016));
#6130=CARTESIAN_POINT('',(13.6249999999998,14.3568116063578,-0.500000000000016));
#6131=CARTESIAN_POINT('',(13.6249999999999,28.7568116063578,4.));
#6132=CARTESIAN_POINT('',(13.6249999999999,28.7568116063578,4.));
#6133=CARTESIAN_POINT('',(13.6249999999999,31.9568116063578,4.));
#6134=CARTESIAN_POINT('Origin',(25.625,28.7568116063578,4.));
#6135=CARTESIAN_POINT('',(25.625,28.7568116063578,-0.500000000000016));
#6136=CARTESIAN_POINT('',(22.625,28.7568116063578,-0.500000000000016));
#6137=CARTESIAN_POINT('',(25.625,28.7568116063578,4.));
#6138=CARTESIAN_POINT('',(25.625,28.7568116063578,4.));
#6139=CARTESIAN_POINT('',(13.6249999999999,28.7568116063578,4.));
#6140=CARTESIAN_POINT('Origin',(25.625,31.9568116063578,4.));
#6141=CARTESIAN_POINT('',(25.625,31.9568116063578,-0.500000000000016));
#6142=CARTESIAN_POINT('',(25.625,15.9568116063578,-0.500000000000016));
#6143=CARTESIAN_POINT('',(25.625,31.9568116063578,4.));
#6144=CARTESIAN_POINT('',(25.625,31.9568116063578,4.));
#6145=CARTESIAN_POINT('',(25.625,-32.0431883936422,4.));
#6146=CARTESIAN_POINT('Origin',(22.625,31.9568116063578,4.));
#6147=CARTESIAN_POINT('Origin',(22.625,31.9568116063578,-0.500000000000015));
#6148=CARTESIAN_POINT('Origin',(22.625,31.9568116063578,4.));
#6149=CARTESIAN_POINT('Origin',(19.625,31.8568116063578,4.));
#6150=CARTESIAN_POINT('Origin',(19.625,-0.0431883936421973,-0.500000000000016));
#6151=CARTESIAN_POINT('Origin',(-22.8125179990494,-46.9082106259442,52.6765556179416));
#6152=CARTESIAN_POINT('',(-22.8125179990494,-46.9082106259442,52.6765556179416));
#6153=CARTESIAN_POINT('',(-23.1236258042695,-46.597102820724,52.6765556179416));
#6154=CARTESIAN_POINT('',(-38.5591593970881,-31.1615692279055,52.6765556179416));
#6155=CARTESIAN_POINT('',(-22.1054112178629,-46.2011038447576,52.6765556179416));
#6156=CARTESIAN_POINT('',(-22.8125179990494,-46.9082106259442,52.6765556179416));
#6157=CARTESIAN_POINT('',(-22.416519023083,-45.8899960395375,52.6765556179416));
#6158=CARTESIAN_POINT('',(-22.1054112178629,-46.2011038447576,52.6765556179416));
#6159=CARTESIAN_POINT('',(-23.1236258042695,-46.597102820724,52.6765556179416));
#6160=CARTESIAN_POINT('Ctrl Pts',(-22.3952962303964,-47.3254323945972,52.5128446065318));
#6161=CARTESIAN_POINT('Ctrl Pts',(-21.6881894492099,-46.6183256134106,52.5128446065318));
#6162=CARTESIAN_POINT('Ctrl Pts',(-22.4471156386279,-47.2736129863657,52.5602374301263));
#6163=CARTESIAN_POINT('Ctrl Pts',(-21.7400088574413,-46.5665062051792,52.5602374301263));
#6164=CARTESIAN_POINT('Ctrl Pts',(-22.5727631324422,-47.1479654925514,52.6751517009114));
#6165=CARTESIAN_POINT('Ctrl Pts',(-21.8656563512556,-46.4408587113649,52.6751517009114));
#6166=CARTESIAN_POINT('Ctrl Pts',(-22.7237821103543,-46.9969465146393,52.6760360129505));
#6167=CARTESIAN_POINT('Ctrl Pts',(-22.0166753291677,-46.2898397334528,52.6760360129505));
#6168=CARTESIAN_POINT('Ctrl Pts',(-22.8125179990494,-46.9082106259442,52.6765556179416));
#6169=CARTESIAN_POINT('Ctrl Pts',(-22.1054112178629,-46.2011038447576,52.6765556179416));
#6170=CARTESIAN_POINT('',(-22.3952962303964,-47.3254323945972,52.5128446065318));
#6171=CARTESIAN_POINT('Ctrl Pts',(-22.3952962303964,-47.3254323945972,52.5128446065318));
#6172=CARTESIAN_POINT('Ctrl Pts',(-22.4471156386279,-47.2736129863657,52.5602374301263));
#6173=CARTESIAN_POINT('Ctrl Pts',(-22.5727631324422,-47.1479654925514,52.6751517009114));
#6174=CARTESIAN_POINT('Ctrl Pts',(-22.7237821103543,-46.9969465146393,52.6760360129505));
#6175=CARTESIAN_POINT('Ctrl Pts',(-22.8125179990494,-46.9082106259442,52.6765556179416));
#6176=CARTESIAN_POINT('',(-21.6881894492099,-46.6183256134106,52.5128446065318));
#6177=CARTESIAN_POINT('',(-22.3952962303964,-47.3254323945972,52.5128446065318));
#6178=CARTESIAN_POINT('Ctrl Pts',(-21.6881894492099,-46.6183256134106,52.5128446065318));
#6179=CARTESIAN_POINT('Ctrl Pts',(-21.7400088574413,-46.5665062051792,52.5602374301263));
#6180=CARTESIAN_POINT('Ctrl Pts',(-21.8656563512556,-46.4408587113649,52.6751517009114));
#6181=CARTESIAN_POINT('Ctrl Pts',(-22.0166753291677,-46.2898397334528,52.6760360129505));
#6182=CARTESIAN_POINT('Ctrl Pts',(-22.1054112178629,-46.2011038447576,52.6765556179416));
#6183=CARTESIAN_POINT('Ctrl Pts',(-22.28435898162,-47.4363696433736,52.1137998544108));
#6184=CARTESIAN_POINT('Ctrl Pts',(-21.5772522004334,-46.729262862187,52.1137998544108));
#6185=CARTESIAN_POINT('Ctrl Pts',(-22.2887866215826,-47.431942003411,52.1889707109767));
#6186=CARTESIAN_POINT('Ctrl Pts',(-21.5816798403961,-46.7248352222244,52.1889707109767));
#6187=CARTESIAN_POINT('Ctrl Pts',(-22.2975510169592,-47.4231776080344,52.3377694193856));
#6188=CARTESIAN_POINT('Ctrl Pts',(-21.5904442357727,-46.7160708268478,52.3377694193856));
#6189=CARTESIAN_POINT('Ctrl Pts',(-22.362940516739,-47.3577881082546,52.4548910513179));
#6190=CARTESIAN_POINT('Ctrl Pts',(-21.6558337355524,-46.6506813270681,52.4548910513179));
#6191=CARTESIAN_POINT('Ctrl Pts',(-22.3952962303964,-47.3254323945972,52.5128446065318));
#6192=CARTESIAN_POINT('Ctrl Pts',(-21.6881894492099,-46.6183256134106,52.5128446065318));
#6193=CARTESIAN_POINT('',(-22.28435898162,-47.4363696433736,52.1137998544108));
#6194=CARTESIAN_POINT('Ctrl Pts',(-22.28435898162,-47.4363696433736,52.1137998544108));
#6195=CARTESIAN_POINT('Ctrl Pts',(-22.2887866215826,-47.431942003411,52.1889707109767));
#6196=CARTESIAN_POINT('Ctrl Pts',(-22.2975510169592,-47.4231776080344,52.3377694193856));
#6197=CARTESIAN_POINT('Ctrl Pts',(-22.362940516739,-47.3577881082546,52.4548910513179));
#6198=CARTESIAN_POINT('Ctrl Pts',(-22.3952962303964,-47.3254323945972,52.5128446065318));
#6199=CARTESIAN_POINT('',(-21.5772522004334,-46.729262862187,52.1137998544108));
#6200=CARTESIAN_POINT('',(-22.28435898162,-47.4363696433736,52.1137998544108));
#6201=CARTESIAN_POINT('Ctrl Pts',(-21.5772522004334,-46.729262862187,52.1137998544108));
#6202=CARTESIAN_POINT('Ctrl Pts',(-21.5816798403961,-46.7248352222244,52.1889707109767));
#6203=CARTESIAN_POINT('Ctrl Pts',(-21.5904442357727,-46.7160708268478,52.3377694193856));
#6204=CARTESIAN_POINT('Ctrl Pts',(-21.6558337355524,-46.6506813270681,52.4548910513179));
#6205=CARTESIAN_POINT('Ctrl Pts',(-21.6881894492099,-46.6183256134106,52.5128446065318));
#6206=CARTESIAN_POINT('Ctrl Pts',(-22.4121785720359,-47.3085500529576,51.7164600931537));
#6207=CARTESIAN_POINT('Ctrl Pts',(-21.7050717908494,-46.6014432717711,51.7164600931537));
#6208=CARTESIAN_POINT('Ctrl Pts',(-22.3748980912636,-47.34583053373,51.7719996565967));
#6209=CARTESIAN_POINT('Ctrl Pts',(-21.6677913100771,-46.6387237525434,51.7719996565967));
#6210=CARTESIAN_POINT('Ctrl Pts',(-22.2999858681738,-47.4207427568198,51.883602084483));
#6211=CARTESIAN_POINT('Ctrl Pts',(-21.5928790869873,-46.7136359756332,51.883602084483));
#6212=CARTESIAN_POINT('Ctrl Pts',(-22.2895842015231,-47.4311444234705,52.0368277739565));
#6213=CARTESIAN_POINT('Ctrl Pts',(-21.5824774203365,-46.724037642284,52.0368277739565));
#6214=CARTESIAN_POINT('Ctrl Pts',(-22.28435898162,-47.4363696433736,52.1137998544108));
#6215=CARTESIAN_POINT('Ctrl Pts',(-21.5772522004334,-46.729262862187,52.1137998544108));
#6216=CARTESIAN_POINT('',(-22.4121785720359,-47.3085500529576,51.7164600931537));
#6217=CARTESIAN_POINT('Ctrl Pts',(-22.4121785720359,-47.3085500529576,51.7164600931537));
#6218=CARTESIAN_POINT('Ctrl Pts',(-22.3748980912636,-47.34583053373,51.7719996565967));
#6219=CARTESIAN_POINT('Ctrl Pts',(-22.2999858681738,-47.4207427568198,51.883602084483));
#6220=CARTESIAN_POINT('Ctrl Pts',(-22.2895842015231,-47.4311444234705,52.0368277739565));
#6221=CARTESIAN_POINT('Ctrl Pts',(-22.28435898162,-47.4363696433736,52.1137998544108));
#6222=CARTESIAN_POINT('',(-21.7050717908494,-46.6014432717711,51.7164600931537));
#6223=CARTESIAN_POINT('',(-22.4121785720359,-47.3085500529576,51.7164600931537));
#6224=CARTESIAN_POINT('Ctrl Pts',(-21.7050717908494,-46.6014432717711,51.7164600931537));
#6225=CARTESIAN_POINT('Ctrl Pts',(-21.6677913100771,-46.6387237525434,51.7719996565967));
#6226=CARTESIAN_POINT('Ctrl Pts',(-21.5928790869873,-46.7136359756332,51.883602084483));
#6227=CARTESIAN_POINT('Ctrl Pts',(-21.5824774203365,-46.724037642284,52.0368277739565));
#6228=CARTESIAN_POINT('Ctrl Pts',(-21.5772522004334,-46.729262862187,52.1137998544108));
#6229=CARTESIAN_POINT('Ctrl Pts',(-22.8559292530156,-46.864799371978,51.5612761222255));
#6230=CARTESIAN_POINT('Ctrl Pts',(-22.1488224718291,-46.1576925907914,51.5612761222255));
#6231=CARTESIAN_POINT('Ctrl Pts',(-22.7639290943243,-46.9567995306693,51.5621573513289));
#6232=CARTESIAN_POINT('Ctrl Pts',(-22.0568223131377,-46.2496927494828,51.5621573513289));
#6233=CARTESIAN_POINT('Ctrl Pts',(-22.6061544790069,-47.1145741459867,51.5636686050568));
#6234=CARTESIAN_POINT('Ctrl Pts',(-21.8990476978204,-46.4074673648001,51.5636686050568));
#6235=CARTESIAN_POINT('Ctrl Pts',(-22.4692517675032,-47.2514768574904,51.6715045179894));
#6236=CARTESIAN_POINT('Ctrl Pts',(-21.7621449863167,-46.5443700763038,51.6715045179894));
#6237=CARTESIAN_POINT('Ctrl Pts',(-22.4121785720359,-47.3085500529576,51.7164600931537));
#6238=CARTESIAN_POINT('Ctrl Pts',(-21.7050717908494,-46.6014432717711,51.7164600931537));
#6239=CARTESIAN_POINT('',(-22.8559292530156,-46.864799371978,51.5612761222255));
#6240=CARTESIAN_POINT('Ctrl Pts',(-22.8559292530156,-46.864799371978,51.5612761222255));
#6241=CARTESIAN_POINT('Ctrl Pts',(-22.7639290943243,-46.9567995306693,51.5621573513289));
#6242=CARTESIAN_POINT('Ctrl Pts',(-22.6061544790069,-47.1145741459867,51.5636686050568));
#6243=CARTESIAN_POINT('Ctrl Pts',(-22.4692517675032,-47.2514768574904,51.6715045179894));
#6244=CARTESIAN_POINT('Ctrl Pts',(-22.4121785720359,-47.3085500529576,51.7164600931537));
#6245=CARTESIAN_POINT('',(-22.1488224718291,-46.1576925907914,51.5612761222255));
#6246=CARTESIAN_POINT('',(-22.8559292530156,-46.864799371978,51.5612761222255));
#6247=CARTESIAN_POINT('Ctrl Pts',(-22.1488224718291,-46.1576925907914,51.5612761222255));
#6248=CARTESIAN_POINT('Ctrl Pts',(-22.0568223131377,-46.2496927494828,51.5621573513289));
#6249=CARTESIAN_POINT('Ctrl Pts',(-21.8990476978204,-46.4074673648001,51.5636686050568));
#6250=CARTESIAN_POINT('Ctrl Pts',(-21.7621449863167,-46.5443700763038,51.6715045179894));
#6251=CARTESIAN_POINT('Ctrl Pts',(-21.7050717908494,-46.6014432717711,51.7164600931537));
#6252=CARTESIAN_POINT('Origin',(-23.1236258042695,-46.597102820724,51.5612761222255));
#6253=CARTESIAN_POINT('',(-23.1236258042695,-46.597102820724,51.5612761222255));
#6254=CARTESIAN_POINT('',(-38.7147132996982,-31.0060153252954,51.5612761222255));
#6255=CARTESIAN_POINT('',(-22.416519023083,-45.8899960395375,51.5612761222255));
#6256=CARTESIAN_POINT('',(-23.1236258042695,-46.597102820724,51.5612761222255));
#6257=CARTESIAN_POINT('',(-22.416519023083,-45.8899960395375,51.5612761222255));
#6258=CARTESIAN_POINT('Origin',(-23.1236258042695,-46.597102820724,52.6765556179416));
#6259=CARTESIAN_POINT('',(-23.1236258042695,-46.597102820724,26.3382778089708));
#6260=CARTESIAN_POINT('',(-22.416519023083,-45.8899960395375,52.6765556179416));
#6261=CARTESIAN_POINT('Origin',(-23.1236258042695,-46.597102820724,48.6929265700709));
#6262=CARTESIAN_POINT('',(-23.1236258042695,-46.597102820724,48.6929265700709));
#6263=CARTESIAN_POINT('',(-24.2209438718913,-45.4997847531023,48.6929265700709));
#6264=CARTESIAN_POINT('',(-38.7147132996982,-31.0060153252954,48.6929265700709));
#6265=CARTESIAN_POINT('',(-22.416519023083,-45.8899960395375,48.6929265700709));
#6266=CARTESIAN_POINT('',(-23.1236258042695,-46.597102820724,48.6929265700709));
#6267=CARTESIAN_POINT('',(-23.5138370907047,-44.7926779719158,48.6929265700709));
#6268=CARTESIAN_POINT('',(-22.416519023083,-45.8899960395375,48.6929265700709));
#6269=CARTESIAN_POINT('',(-24.2209438718913,-45.4997847531023,48.6929265700709));
#6270=CARTESIAN_POINT('Origin',(-23.1236258042695,-46.597102820724,50.5483154498469));
#6271=CARTESIAN_POINT('',(-23.1236258042695,-46.597102820724,50.5483154498469));
#6272=CARTESIAN_POINT('',(-23.1236258042695,-46.5971028207241,25.2741577249235));
#6273=CARTESIAN_POINT('',(-22.416519023083,-45.8899960395375,50.5483154498469));
#6274=CARTESIAN_POINT('',(-23.1236258042695,-46.597102820724,50.5483154498469));
#6275=CARTESIAN_POINT('',(-22.416519023083,-45.8899960395375,50.5483154498469));
#6276=CARTESIAN_POINT('Origin',(-22.5255274634842,-47.1952011615094,50.5483154498469));
#6277=CARTESIAN_POINT('',(-22.5255274634842,-47.1952011615094,50.5483154498469));
#6278=CARTESIAN_POINT('',(-38.4156641293055,-31.3050644956881,50.5483154498469));
#6279=CARTESIAN_POINT('',(-21.8184206822976,-46.4880943803229,50.5483154498469));
#6280=CARTESIAN_POINT('',(-22.5255274634842,-47.1952011615094,50.5483154498469));
#6281=CARTESIAN_POINT('',(-21.8184206822976,-46.4880943803229,50.5483154498469));
#6282=CARTESIAN_POINT('Ctrl Pts',(-21.5427649515835,-48.1779636734101,50.9746454202067));
#6283=CARTESIAN_POINT('Ctrl Pts',(-20.835658170397,-47.4708568922235,50.9746454202067));
#6284=CARTESIAN_POINT('Ctrl Pts',(-21.6742680601442,-48.0464605648493,50.850690454223));
#6285=CARTESIAN_POINT('Ctrl Pts',(-20.9671612789577,-47.3393537836628,50.850690454223));
#6286=CARTESIAN_POINT('Ctrl Pts',(-21.9699750345546,-47.750753590439,50.5719567546522));
#6287=CARTESIAN_POINT('Ctrl Pts',(-21.262868253368,-47.0436468092525,50.5719567546522));
#6288=CARTESIAN_POINT('Ctrl Pts',(-22.3271762864151,-47.3935523385785,50.5567562024949));
#6289=CARTESIAN_POINT('Ctrl Pts',(-21.6200695052286,-46.6864455573919,50.5567562024949));
#6290=CARTESIAN_POINT('Ctrl Pts',(-22.5255274634842,-47.1952011615094,50.5483154498469));
#6291=CARTESIAN_POINT('Ctrl Pts',(-21.8184206822976,-46.4880943803229,50.5483154498469));
#6292=CARTESIAN_POINT('',(-21.5427649515835,-48.1779636734101,50.9746454202067));
#6293=CARTESIAN_POINT('Ctrl Pts',(-21.5427649515835,-48.1779636734101,50.9746454202067));
#6294=CARTESIAN_POINT('Ctrl Pts',(-21.6742680601442,-48.0464605648493,50.850690454223));
#6295=CARTESIAN_POINT('Ctrl Pts',(-21.9699750345546,-47.750753590439,50.5719567546522));
#6296=CARTESIAN_POINT('Ctrl Pts',(-22.3271762864151,-47.3935523385785,50.5567562024949));
#6297=CARTESIAN_POINT('Ctrl Pts',(-22.5255274634842,-47.1952011615094,50.5483154498469));
#6298=CARTESIAN_POINT('',(-20.835658170397,-47.4708568922235,50.9746454202067));
#6299=CARTESIAN_POINT('',(-21.5427649515835,-48.1779636734101,50.9746454202067));
#6300=CARTESIAN_POINT('Ctrl Pts',(-20.835658170397,-47.4708568922235,50.9746454202067));
#6301=CARTESIAN_POINT('Ctrl Pts',(-20.9671612789577,-47.3393537836628,50.850690454223));
#6302=CARTESIAN_POINT('Ctrl Pts',(-21.262868253368,-47.0436468092525,50.5719567546522));
#6303=CARTESIAN_POINT('Ctrl Pts',(-21.6200695052286,-46.6864455573919,50.5567562024949));
#6304=CARTESIAN_POINT('Ctrl Pts',(-21.8184206822976,-46.4880943803229,50.5483154498469));
#6305=CARTESIAN_POINT('Ctrl Pts',(-21.2208051758088,-48.4999234491848,52.1581379615199));
#6306=CARTESIAN_POINT('Ctrl Pts',(-20.5136983946223,-47.7928166679982,52.1581379615199));
#6307=CARTESIAN_POINT('Ctrl Pts',(-21.2310266598402,-48.4897019651534,51.923964255085));
#6308=CARTESIAN_POINT('Ctrl Pts',(-20.5239198786536,-47.7825951839669,51.923964255085));
#6309=CARTESIAN_POINT('Ctrl Pts',(-21.2504083010275,-48.4703203239661,51.4799317897712));
#6310=CARTESIAN_POINT('Ctrl Pts',(-20.5433015198409,-47.7632135427796,51.4799317897712));
#6311=CARTESIAN_POINT('Ctrl Pts',(-21.4489364957705,-48.2717921292231,51.1368111848966));
#6312=CARTESIAN_POINT('Ctrl Pts',(-20.741829714584,-47.5646853480365,51.1368111848966));
#6313=CARTESIAN_POINT('Ctrl Pts',(-21.5427649515835,-48.1779636734101,50.9746454202067));
#6314=CARTESIAN_POINT('Ctrl Pts',(-20.835658170397,-47.4708568922235,50.9746454202067));
#6315=CARTESIAN_POINT('',(-21.2208051758088,-48.4999234491848,52.1581379615199));
#6316=CARTESIAN_POINT('Ctrl Pts',(-21.2208051758088,-48.4999234491848,52.1581379615199));
#6317=CARTESIAN_POINT('Ctrl Pts',(-21.2310266598402,-48.4897019651534,51.923964255085));
#6318=CARTESIAN_POINT('Ctrl Pts',(-21.2504083010275,-48.4703203239661,51.4799317897712));
#6319=CARTESIAN_POINT('Ctrl Pts',(-21.4489364957705,-48.2717921292231,51.1368111848966));
#6320=CARTESIAN_POINT('Ctrl Pts',(-21.5427649515835,-48.1779636734101,50.9746454202067));
#6321=CARTESIAN_POINT('',(-20.5136983946223,-47.7928166679982,52.1581379615199));
#6322=CARTESIAN_POINT('',(-21.2208051758088,-48.4999234491848,52.1581379615199));
#6323=CARTESIAN_POINT('Ctrl Pts',(-20.5136983946223,-47.7928166679982,52.1581379615199));
#6324=CARTESIAN_POINT('Ctrl Pts',(-20.5239198786536,-47.7825951839669,51.923964255085));
#6325=CARTESIAN_POINT('Ctrl Pts',(-20.5433015198409,-47.7632135427796,51.4799317897712));
#6326=CARTESIAN_POINT('Ctrl Pts',(-20.741829714584,-47.5646853480365,51.1368111848966));
#6327=CARTESIAN_POINT('Ctrl Pts',(-20.835658170397,-47.4708568922235,50.9746454202067));
#6328=CARTESIAN_POINT('Ctrl Pts',(-21.5162360392568,-48.2044925857368,53.2938815199267));
#6329=CARTESIAN_POINT('Ctrl Pts',(-20.8091292580703,-47.4973858045502,53.2938815199267));
#6330=CARTESIAN_POINT('Ctrl Pts',(-21.4301764128452,-48.2905522121484,53.1393608844207));
#6331=CARTESIAN_POINT('Ctrl Pts',(-20.7230696316586,-47.5834454309619,53.1393608844207));
#6332=CARTESIAN_POINT('Ctrl Pts',(-21.2454394131415,-48.4752892118521,52.8076643643924));
#6333=CARTESIAN_POINT('Ctrl Pts',(-20.538332631955,-47.7681824306655,52.8076643643924));
#6334=CARTESIAN_POINT('Ctrl Pts',(-21.2293821643622,-48.4913464606314,52.3842858404782));
#6335=CARTESIAN_POINT('Ctrl Pts',(-20.5222753831756,-47.7842396794449,52.3842858404782));
#6336=CARTESIAN_POINT('Ctrl Pts',(-21.2208051758088,-48.4999234491848,52.1581379615199));
#6337=CARTESIAN_POINT('Ctrl Pts',(-20.5136983946223,-47.7928166679982,52.1581379615199));
#6338=CARTESIAN_POINT('',(-21.5162360392568,-48.2044925857368,53.2938815199267));
#6339=CARTESIAN_POINT('Ctrl Pts',(-21.5162360392568,-48.2044925857368,53.2938815199267));
#6340=CARTESIAN_POINT('Ctrl Pts',(-21.4301764128452,-48.2905522121484,53.1393608844207));
#6341=CARTESIAN_POINT('Ctrl Pts',(-21.2454394131415,-48.4752892118521,52.8076643643924));
#6342=CARTESIAN_POINT('Ctrl Pts',(-21.2293821643622,-48.4913464606314,52.3842858404782));
#6343=CARTESIAN_POINT('Ctrl Pts',(-21.2208051758088,-48.4999234491848,52.1581379615199));
#6344=CARTESIAN_POINT('',(-20.8091292580703,-47.4973858045502,53.2938815199267));
#6345=CARTESIAN_POINT('',(-21.5162360392568,-48.2044925857368,53.2938815199267));
#6346=CARTESIAN_POINT('Ctrl Pts',(-20.8091292580703,-47.4973858045502,53.2938815199267));
#6347=CARTESIAN_POINT('Ctrl Pts',(-20.7230696316586,-47.5834454309619,53.1393608844207));
#6348=CARTESIAN_POINT('Ctrl Pts',(-20.538332631955,-47.7681824306655,52.8076643643924));
#6349=CARTESIAN_POINT('Ctrl Pts',(-20.5222753831756,-47.7842396794449,52.3842858404782));
#6350=CARTESIAN_POINT('Ctrl Pts',(-20.5136983946223,-47.7928166679982,52.1581379615199));
#6351=CARTESIAN_POINT('Ctrl Pts',(-22.4049428010836,-47.31578582391,53.6929265700709));
#6352=CARTESIAN_POINT('Ctrl Pts',(-21.6978360198971,-46.6086790427234,53.6929265700709));
#6353=CARTESIAN_POINT('Ctrl Pts',(-22.2260921318275,-47.4946364931661,53.6842928813846));
#6354=CARTESIAN_POINT('Ctrl Pts',(-21.5189853506409,-46.7875297119796,53.6842928813846));
#6355=CARTESIAN_POINT('Ctrl Pts',(-21.9016734626305,-47.8190551623631,53.6686321639519));
#6356=CARTESIAN_POINT('Ctrl Pts',(-21.194566681444,-47.1119483811765,53.6686321639519));
#6357=CARTESIAN_POINT('Ctrl Pts',(-21.6356167760037,-48.0851118489899,53.4099522625871));
#6358=CARTESIAN_POINT('Ctrl Pts',(-20.9285099948171,-47.3780050678034,53.4099522625871));
#6359=CARTESIAN_POINT('Ctrl Pts',(-21.5162360392568,-48.2044925857368,53.2938815199267));
#6360=CARTESIAN_POINT('Ctrl Pts',(-20.8091292580703,-47.4973858045502,53.2938815199267));
#6361=CARTESIAN_POINT('',(-22.4049428010836,-47.31578582391,53.6929265700709));
#6362=CARTESIAN_POINT('Ctrl Pts',(-22.4049428010836,-47.31578582391,53.6929265700709));
#6363=CARTESIAN_POINT('Ctrl Pts',(-22.2260921318275,-47.4946364931661,53.6842928813846));
#6364=CARTESIAN_POINT('Ctrl Pts',(-21.9016734626305,-47.8190551623631,53.6686321639519));
#6365=CARTESIAN_POINT('Ctrl Pts',(-21.6356167760037,-48.0851118489899,53.4099522625871));
#6366=CARTESIAN_POINT('Ctrl Pts',(-21.5162360392568,-48.2044925857368,53.2938815199267));
#6367=CARTESIAN_POINT('',(-21.697836019897,-46.6086790427234,53.6929265700709));
#6368=CARTESIAN_POINT('',(-22.4049428010836,-47.31578582391,53.6929265700709));
#6369=CARTESIAN_POINT('Ctrl Pts',(-21.6978360198971,-46.6086790427234,53.6929265700709));
#6370=CARTESIAN_POINT('Ctrl Pts',(-21.5189853506409,-46.7875297119796,53.6842928813846));
#6371=CARTESIAN_POINT('Ctrl Pts',(-21.194566681444,-47.1119483811765,53.6686321639519));
#6372=CARTESIAN_POINT('Ctrl Pts',(-20.9285099948171,-47.3780050678034,53.4099522625871));
#6373=CARTESIAN_POINT('Ctrl Pts',(-20.8091292580703,-47.4973858045502,53.2938815199267));
#6374=CARTESIAN_POINT('Origin',(-24.2209438718913,-45.4997847531023,53.6929265700709));
#6375=CARTESIAN_POINT('',(-24.2209438718913,-45.4997847531023,53.6929265700709));
#6376=CARTESIAN_POINT('',(-39.2633723335091,-30.4573562914845,53.6929265700709));
#6377=CARTESIAN_POINT('',(-23.5138370907047,-44.7926779719158,53.6929265700709));
#6378=CARTESIAN_POINT('',(-24.2209438718913,-45.4997847531023,53.6929265700709));
#6379=CARTESIAN_POINT('',(-23.5138370907048,-44.7926779719158,53.6929265700709));
#6380=CARTESIAN_POINT('Origin',(-24.2209438718913,-45.4997847531023,48.6929265700709));
#6381=CARTESIAN_POINT('',(-24.2209438718913,-45.4997847531023,24.3464632850355));
#6382=CARTESIAN_POINT('',(-23.5138370907047,-44.7926779719158,48.6929265700709));
#6383=CARTESIAN_POINT('Origin',(-24.0673198313277,-44.2391952312928,51.1502934538257));
#6384=CARTESIAN_POINT('Origin',(-24.6073158325095,-45.1134127924841,60.5000009015203));
#6385=CARTESIAN_POINT('',(-24.6073158325095,-45.1134127924841,60.5000009015203));
#6386=CARTESIAN_POINT('',(-23.5466556449246,-46.174072980069,57.5000008568168));
#6387=CARTESIAN_POINT('',(-19.0211721489198,-50.6995564760738,44.7000005841255));
#6388=CARTESIAN_POINT('',(-23.900209051323,-44.4063060112975,60.5000009015203));
#6389=CARTESIAN_POINT('',(-24.6073158325095,-45.1134127924841,60.5000009015203));
#6390=CARTESIAN_POINT('',(-22.8395488637381,-45.4669661988824,57.5000008568168));
#6391=CARTESIAN_POINT('',(-22.8395488637381,-45.4669661988824,57.5000008568168));
#6392=CARTESIAN_POINT('',(-23.5466556449246,-46.174072980069,57.5000008568168));
#6393=CARTESIAN_POINT('Origin',(-25.6679760200944,-44.0527526048992,57.5000008568168));
#6394=CARTESIAN_POINT('',(-25.6679760200944,-44.0527526048992,57.5000008568168));
#6395=CARTESIAN_POINT('',(-36.6634866024151,-33.0572420225785,26.400000475347));
#6396=CARTESIAN_POINT('',(-24.9608692389079,-43.3456458237126,57.5000008568168));
#6397=CARTESIAN_POINT('',(-25.6679760200944,-44.0527526048992,57.5000008568168));
#6398=CARTESIAN_POINT('',(-23.900209051323,-44.4063060112975,60.5000009015203));
#6399=CARTESIAN_POINT('Origin',(-24.9608692283711,-44.7598593966224,57.5000008568168));
#6400=CARTESIAN_POINT('',(-24.9608692283711,-44.7598593966224,57.5000008568168));
#6401=CARTESIAN_POINT('',(-39.633335011749,-30.0873936132446,57.5000008568168));
#6402=CARTESIAN_POINT('',(-24.2537624471846,-44.0527526154359,57.5000008568168));
#6403=CARTESIAN_POINT('',(-24.9608692283711,-44.7598593966224,57.5000008568168));
#6404=CARTESIAN_POINT('',(-24.9608692389079,-43.3456458237126,57.5000008568168));
#6405=CARTESIAN_POINT('Origin',(-24.9608692283711,-44.7598593966224,54.5000008121133));
#6406=CARTESIAN_POINT('',(-24.9608692283711,-44.7598593966224,54.5000008121133));
#6407=CARTESIAN_POINT('',(-24.9608692283711,-44.7598593966224,27.2500004060566));
#6408=CARTESIAN_POINT('',(-24.2537624471846,-44.0527526154359,54.5000008121133));
#6409=CARTESIAN_POINT('',(-24.9608692283711,-44.7598593966224,54.5000008121133));
#6410=CARTESIAN_POINT('',(-24.2537624471846,-44.0527526154359,57.5000008568168));
#6411=CARTESIAN_POINT('Origin',(-24.2537624366479,-45.4669661883457,54.5000008121133));
#6412=CARTESIAN_POINT('',(-24.2537624366479,-45.4669661883457,54.5000008121133));
#6413=CARTESIAN_POINT('',(-39.2797816158874,-30.4409470091062,54.5000008121133));
#6414=CARTESIAN_POINT('',(-23.5466556554613,-44.7598594071592,54.5000008121133));
#6415=CARTESIAN_POINT('',(-24.2537624366479,-45.4669661883457,54.5000008121133));
#6416=CARTESIAN_POINT('',(-24.2537624471846,-44.0527526154359,54.5000008121133));
#6417=CARTESIAN_POINT('Origin',(-24.2537624366479,-45.4669661883457,57.5000008568168));
#6418=CARTESIAN_POINT('',(-24.2537624366479,-45.4669661883457,57.5000008568168));
#6419=CARTESIAN_POINT('',(-24.2537624366479,-45.4669661883457,28.7500004284084));
#6420=CARTESIAN_POINT('',(-23.5466556554613,-44.7598594071592,57.5000008568168));
#6421=CARTESIAN_POINT('',(-24.2537624366479,-45.4669661883457,57.5000008568168));
#6422=CARTESIAN_POINT('',(-23.5466556554613,-44.7598594071592,54.5000008121133));
#6423=CARTESIAN_POINT('Origin',(-23.5466556449246,-46.174072980069,57.5000008568168));
#6424=CARTESIAN_POINT('',(-38.9262282200257,-30.7945004049679,57.5000008568168));
#6425=CARTESIAN_POINT('',(-23.5466556554613,-44.7598594071592,57.5000008568168));
#6426=CARTESIAN_POINT('Origin',(-23.900209051323,-44.4063060112975,57.5000008568168));
#6427=CARTESIAN_POINT('Ctrl Pts',(-26.1900872026373,-43.5306414223563,50.0007210217845));
#6428=CARTESIAN_POINT('Ctrl Pts',(-25.4829804214507,-42.8235346411698,50.0007210217845));
#6429=CARTESIAN_POINT('Ctrl Pts',(-26.1433759288284,-43.5773526961652,50.0885592707557));
#6430=CARTESIAN_POINT('Ctrl Pts',(-25.4362691476419,-42.8702459149786,50.0885592707557));
#6431=CARTESIAN_POINT('Ctrl Pts',(-26.0426566466618,-43.6780719783318,50.2779569185132));
#6432=CARTESIAN_POINT('Ctrl Pts',(-25.3355498654752,-42.9709651971453,50.2779569185132));
#6433=CARTESIAN_POINT('Ctrl Pts',(-26.034229074028,-43.6864995509656,50.5156243775908));
#6434=CARTESIAN_POINT('Ctrl Pts',(-25.3271222928415,-42.979392769779,50.5156243775908));
#6435=CARTESIAN_POINT('Ctrl Pts',(-26.0297100146836,-43.69101861031,50.643067165507));
#6436=CARTESIAN_POINT('Ctrl Pts',(-25.3226032334971,-42.9839118291234,50.643067165507));
#6437=CARTESIAN_POINT('',(-26.1900872026373,-43.5306414223563,50.0007210217845));
#6438=CARTESIAN_POINT('',(-26.0297100146836,-43.69101861031,50.643067165507));
#6439=CARTESIAN_POINT('Ctrl Pts',(-26.1900872026373,-43.5306414223563,50.0007210217845));
#6440=CARTESIAN_POINT('Ctrl Pts',(-26.1433759288284,-43.5773526961652,50.0885592707557));
#6441=CARTESIAN_POINT('Ctrl Pts',(-26.0426566466618,-43.6780719783318,50.2779569185132));
#6442=CARTESIAN_POINT('Ctrl Pts',(-26.034229074028,-43.6864995509656,50.5156243775908));
#6443=CARTESIAN_POINT('Ctrl Pts',(-26.0297100146836,-43.69101861031,50.643067165507));
#6444=CARTESIAN_POINT('',(-25.4829804214507,-42.8235346411698,50.0007210217845));
#6445=CARTESIAN_POINT('',(-26.1900872026373,-43.5306414223563,50.0007210217845));
#6446=CARTESIAN_POINT('',(-25.3226032334971,-42.9839118291234,50.643067165507));
#6447=CARTESIAN_POINT('Ctrl Pts',(-25.4829804214507,-42.8235346411698,50.0007210217845));
#6448=CARTESIAN_POINT('Ctrl Pts',(-25.4362691476419,-42.8702459149786,50.0885592707557));
#6449=CARTESIAN_POINT('Ctrl Pts',(-25.3355498654752,-42.9709651971453,50.2779569185132));
#6450=CARTESIAN_POINT('Ctrl Pts',(-25.3271222928415,-42.979392769779,50.5156243775908));
#6451=CARTESIAN_POINT('Ctrl Pts',(-25.3226032334971,-42.9839118291235,50.643067165507));
#6452=CARTESIAN_POINT('',(-26.0297100146836,-43.69101861031,50.643067165507));
#6453=CARTESIAN_POINT('Ctrl Pts',(-26.6326316408126,-43.088096984181,49.7740999900233));
#6454=CARTESIAN_POINT('Ctrl Pts',(-25.925524859626,-42.3809902029945,49.7740999900233));
#6455=CARTESIAN_POINT('Ctrl Pts',(-26.5455379160326,-43.1751907089609,49.7810079893785));
#6456=CARTESIAN_POINT('Ctrl Pts',(-25.8384311348461,-42.4680839277744,49.7810079893785));
#6457=CARTESIAN_POINT('Ctrl Pts',(-26.3813859182996,-43.339342706694,49.7940280077249));
#6458=CARTESIAN_POINT('Ctrl Pts',(-25.674279137113,-42.6322359255075,49.7940280077249));
#6459=CARTESIAN_POINT('Ctrl Pts',(-26.2512004736649,-43.4695281513287,49.9346898090604));
#6460=CARTESIAN_POINT('Ctrl Pts',(-25.5440936924783,-42.7624213701421,49.9346898090604));
#6461=CARTESIAN_POINT('Ctrl Pts',(-26.1900872026373,-43.5306414223563,50.0007210217845));
#6462=CARTESIAN_POINT('Ctrl Pts',(-25.4829804214507,-42.8235346411698,50.0007210217845));
#6463=CARTESIAN_POINT('',(-26.6326316408126,-43.088096984181,49.7740999900233));
#6464=CARTESIAN_POINT('Ctrl Pts',(-26.6326316408126,-43.088096984181,49.7740999900233));
#6465=CARTESIAN_POINT('Ctrl Pts',(-26.5455379160326,-43.1751907089609,49.7810079893785));
#6466=CARTESIAN_POINT('Ctrl Pts',(-26.3813859182996,-43.339342706694,49.7940280077249));
#6467=CARTESIAN_POINT('Ctrl Pts',(-26.2512004736649,-43.4695281513287,49.9346898090604));
#6468=CARTESIAN_POINT('Ctrl Pts',(-26.1900872026373,-43.5306414223563,50.0007210217845));
#6469=CARTESIAN_POINT('',(-25.925524859626,-42.3809902029945,49.7740999900233));
#6470=CARTESIAN_POINT('',(-26.6326316408126,-43.088096984181,49.7740999900233));
#6471=CARTESIAN_POINT('Ctrl Pts',(-25.925524859626,-42.3809902029945,49.7740999900233));
#6472=CARTESIAN_POINT('Ctrl Pts',(-25.8384311348461,-42.4680839277744,49.7810079893785));
#6473=CARTESIAN_POINT('Ctrl Pts',(-25.674279137113,-42.6322359255075,49.7940280077249));
#6474=CARTESIAN_POINT('Ctrl Pts',(-25.5440936924784,-42.7624213701422,49.9346898090604));
#6475=CARTESIAN_POINT('Ctrl Pts',(-25.4829804214507,-42.8235346411698,50.0007210217845));
#6476=CARTESIAN_POINT('Ctrl Pts',(-27.0775881431281,-42.6431404818655,50.0041047774684));
#6477=CARTESIAN_POINT('Ctrl Pts',(-26.3704813619416,-41.9360337006789,50.0041047774684));
#6478=CARTESIAN_POINT('Ctrl Pts',(-27.0163357386085,-42.7043928863851,49.9370881856139));
#6479=CARTESIAN_POINT('Ctrl Pts',(-26.309228957422,-41.9972861051985,49.9370881856139));
#6480=CARTESIAN_POINT('Ctrl Pts',(-26.885794809233,-42.8349338157606,49.7942626385538));
#6481=CARTESIAN_POINT('Ctrl Pts',(-26.1786880280464,-42.1278270345741,49.7942626385538));
#6482=CARTESIAN_POINT('Ctrl Pts',(-26.7204130069538,-43.0003156180398,49.7810911524585));
#6483=CARTESIAN_POINT('Ctrl Pts',(-26.0133062257673,-42.2932088368532,49.7810911524585));
#6484=CARTESIAN_POINT('Ctrl Pts',(-26.6326316408126,-43.088096984181,49.7740999900233));
#6485=CARTESIAN_POINT('Ctrl Pts',(-25.925524859626,-42.3809902029945,49.7740999900233));
#6486=CARTESIAN_POINT('',(-27.0775881431281,-42.6431404818655,50.0041047774684));
#6487=CARTESIAN_POINT('Ctrl Pts',(-27.0775881431281,-42.6431404818655,50.0041047774684));
#6488=CARTESIAN_POINT('Ctrl Pts',(-27.0163357386085,-42.7043928863851,49.9370881856139));
#6489=CARTESIAN_POINT('Ctrl Pts',(-26.885794809233,-42.8349338157606,49.7942626385538));
#6490=CARTESIAN_POINT('Ctrl Pts',(-26.7204130069538,-43.0003156180398,49.7810911524585));
#6491=CARTESIAN_POINT('Ctrl Pts',(-26.6326316408126,-43.088096984181,49.7740999900233));
#6492=CARTESIAN_POINT('',(-26.3704813619416,-41.9360337006789,50.0041047774684));
#6493=CARTESIAN_POINT('',(-27.0775881431281,-42.6431404818655,50.0041047774684));
#6494=CARTESIAN_POINT('Ctrl Pts',(-26.3704813619416,-41.9360337006789,50.0041047774684));
#6495=CARTESIAN_POINT('Ctrl Pts',(-26.309228957422,-41.9972861051985,49.9370881856139));
#6496=CARTESIAN_POINT('Ctrl Pts',(-26.1786880280464,-42.1278270345741,49.7942626385538));
#6497=CARTESIAN_POINT('Ctrl Pts',(-26.0133062257673,-42.2932088368532,49.7810911524585));
#6498=CARTESIAN_POINT('Ctrl Pts',(-25.925524859626,-42.3809902029945,49.7740999900233));
#6499=CARTESIAN_POINT('Ctrl Pts',(-27.2379653310818,-42.4827632939118,50.643067165507));
#6500=CARTESIAN_POINT('Ctrl Pts',(-26.5308585498952,-41.7756565127253,50.643067165507));
#6501=CARTESIAN_POINT('Ctrl Pts',(-27.2332252028458,-42.4875034221477,50.5171473218728));
#6502=CARTESIAN_POINT('Ctrl Pts',(-26.5261184216593,-41.7803966409612,50.5171473218728));
#6503=CARTESIAN_POINT('Ctrl Pts',(-27.2243296281012,-42.4963989968924,50.2808394995679));
#6504=CARTESIAN_POINT('Ctrl Pts',(-26.5172228469147,-41.7892922157058,50.2808394995679));
#6505=CARTESIAN_POINT('Ctrl Pts',(-27.1243106470285,-42.5964179779651,50.092217141433));
#6506=CARTESIAN_POINT('Ctrl Pts',(-26.4172038658419,-41.8893111967786,50.092217141433));
#6507=CARTESIAN_POINT('Ctrl Pts',(-27.0775881431281,-42.6431404818655,50.0041047774684));
#6508=CARTESIAN_POINT('Ctrl Pts',(-26.3704813619416,-41.9360337006789,50.0041047774684));
#6509=CARTESIAN_POINT('',(-27.2379653310818,-42.4827632939118,50.643067165507));
#6510=CARTESIAN_POINT('Ctrl Pts',(-27.2379653310818,-42.4827632939118,50.643067165507));
#6511=CARTESIAN_POINT('Ctrl Pts',(-27.2332252028458,-42.4875034221477,50.5171473218728));
#6512=CARTESIAN_POINT('Ctrl Pts',(-27.2243296281012,-42.4963989968924,50.2808394995679));
#6513=CARTESIAN_POINT('Ctrl Pts',(-27.1243106470285,-42.5964179779651,50.092217141433));
#6514=CARTESIAN_POINT('Ctrl Pts',(-27.0775881431281,-42.6431404818655,50.0041047774684));
#6515=CARTESIAN_POINT('',(-26.5308585498952,-41.7756565127253,50.643067165507));
#6516=CARTESIAN_POINT('',(-27.2379653310818,-42.4827632939118,50.643067165507));
#6517=CARTESIAN_POINT('Ctrl Pts',(-26.5308585498952,-41.7756565127253,50.643067165507));
#6518=CARTESIAN_POINT('Ctrl Pts',(-26.5261184216593,-41.7803966409612,50.5171473218728));
#6519=CARTESIAN_POINT('Ctrl Pts',(-26.5172228469147,-41.7892922157058,50.2808394995679));
#6520=CARTESIAN_POINT('Ctrl Pts',(-26.4172038658419,-41.8893111967786,50.092217141433));
#6521=CARTESIAN_POINT('Ctrl Pts',(-26.3704813619416,-41.9360337006789,50.0041047774684));
#6522=CARTESIAN_POINT('Origin',(-27.2379653310818,-42.4827632939118,53.6929265700709));
#6523=CARTESIAN_POINT('',(-27.2379653310818,-42.4827632939118,53.6929265700709));
#6524=CARTESIAN_POINT('',(-27.2379653310818,-42.4827632939118,26.8464632850355));
#6525=CARTESIAN_POINT('',(-26.5308585498952,-41.7756565127253,53.6929265700709));
#6526=CARTESIAN_POINT('',(-27.2379653310818,-42.4827632939118,53.6929265700709));
#6527=CARTESIAN_POINT('',(-26.5308585498952,-41.7756565127253,53.6929265700709));
#6528=CARTESIAN_POINT('Origin',(-28.3280480492197,-41.3926805757739,53.6929265700709));
#6529=CARTESIAN_POINT('',(-28.3280480492197,-41.3926805757739,53.6929265700709));
#6530=CARTESIAN_POINT('',(-41.3169244221733,-28.4038042028203,53.6929265700709));
#6531=CARTESIAN_POINT('',(-27.6209412680331,-40.6855737945874,53.6929265700709));
#6532=CARTESIAN_POINT('',(-28.3280480492197,-41.3926805757739,53.6929265700709));
#6533=CARTESIAN_POINT('',(-27.6209412680331,-40.6855737945874,53.6929265700709));
#6534=CARTESIAN_POINT('Origin',(-28.3280480492197,-41.3926805757739,50.7139978848826));
#6535=CARTESIAN_POINT('',(-28.3280480492197,-41.3926805757739,50.7139978848826));
#6536=CARTESIAN_POINT('',(-28.3280480492196,-41.3926805757739,25.3569989424413));
#6537=CARTESIAN_POINT('',(-27.6209412680331,-40.6855737945874,50.7139978848826));
#6538=CARTESIAN_POINT('',(-28.3280480492197,-41.3926805757739,50.7139978848826));
#6539=CARTESIAN_POINT('',(-27.6209412680331,-40.6855737945874,50.7139978848826));
#6540=CARTESIAN_POINT('Ctrl Pts',(-28.2267571603962,-41.4939714645974,49.8687450133693));
#6541=CARTESIAN_POINT('Ctrl Pts',(-27.5196503792096,-40.7868646834109,49.8687450133693));
#6542=CARTESIAN_POINT('Ctrl Pts',(-28.2562471757778,-41.4644814492158,50.0177456697834));
#6543=CARTESIAN_POINT('Ctrl Pts',(-27.5491403945912,-40.7573746680293,50.0177456697834));
#6544=CARTESIAN_POINT('Ctrl Pts',(-28.3110464431704,-41.4096821818232,50.2946233420012));
#6545=CARTESIAN_POINT('Ctrl Pts',(-27.6039396619839,-40.7025754006366,50.2946233420012));
#6546=CARTESIAN_POINT('Ctrl Pts',(-28.3226766113839,-41.3980520136097,50.5815019147684));
#6547=CARTESIAN_POINT('Ctrl Pts',(-27.6155698301973,-40.6909452324231,50.5815019147684));
#6548=CARTESIAN_POINT('Ctrl Pts',(-28.3280480492197,-41.3926805757739,50.7139978848826));
#6549=CARTESIAN_POINT('Ctrl Pts',(-27.6209412680331,-40.6855737945874,50.7139978848826));
#6550=CARTESIAN_POINT('',(-28.2267571603962,-41.4939714645974,49.8687450133693));
#6551=CARTESIAN_POINT('Ctrl Pts',(-28.2267571603962,-41.4939714645974,49.8687450133693));
#6552=CARTESIAN_POINT('Ctrl Pts',(-28.2562471757778,-41.4644814492158,50.0177456697834));
#6553=CARTESIAN_POINT('Ctrl Pts',(-28.3110464431704,-41.4096821818232,50.2946233420012));
#6554=CARTESIAN_POINT('Ctrl Pts',(-28.3226766113839,-41.3980520136097,50.5815019147684));
#6555=CARTESIAN_POINT('Ctrl Pts',(-28.3280480492197,-41.3926805757739,50.7139978848826));
#6556=CARTESIAN_POINT('',(-27.5196503792096,-40.7868646834109,49.8687450133693));
#6557=CARTESIAN_POINT('',(-28.2267571603962,-41.4939714645974,49.8687450133693));
#6558=CARTESIAN_POINT('Ctrl Pts',(-27.5196503792096,-40.7868646834109,49.8687450133693));
#6559=CARTESIAN_POINT('Ctrl Pts',(-27.5491403945912,-40.7573746680293,50.0177456697834));
#6560=CARTESIAN_POINT('Ctrl Pts',(-27.6039396619839,-40.7025754006366,50.2946233420012));
#6561=CARTESIAN_POINT('Ctrl Pts',(-27.6155698301974,-40.6909452324232,50.5815019147684));
#6562=CARTESIAN_POINT('Ctrl Pts',(-27.6209412680331,-40.6855737945874,50.7139978848826));
#6563=CARTESIAN_POINT('Ctrl Pts',(-27.994029217149,-41.7266994078446,49.2927465878856));
#6564=CARTESIAN_POINT('Ctrl Pts',(-27.2869224359625,-41.019592626658,49.2927465878856));
#6565=CARTESIAN_POINT('Ctrl Pts',(-28.0456973255922,-41.6750312994014,49.3841814029235));
#6566=CARTESIAN_POINT('Ctrl Pts',(-27.3385905444056,-40.9679245182149,49.3841814029235));
#6567=CARTESIAN_POINT('Ctrl Pts',(-28.1445737219209,-41.5761549030727,49.5591586816035));
#6568=CARTESIAN_POINT('Ctrl Pts',(-27.4374669407343,-40.8690481218862,49.5591586816035));
#6569=CARTESIAN_POINT('Ctrl Pts',(-28.2001990072001,-41.5205296177935,49.7687000240261));
#6570=CARTESIAN_POINT('Ctrl Pts',(-27.4930922260135,-40.813422836607,49.7687000240261));
#6571=CARTESIAN_POINT('Ctrl Pts',(-28.2267571603962,-41.4939714645974,49.8687450133693));
#6572=CARTESIAN_POINT('Ctrl Pts',(-27.5196503792096,-40.7868646834109,49.8687450133693));
#6573=CARTESIAN_POINT('',(-27.994029217149,-41.7266994078446,49.2927465878856));
#6574=CARTESIAN_POINT('Ctrl Pts',(-27.994029217149,-41.7266994078446,49.2927465878856));
#6575=CARTESIAN_POINT('Ctrl Pts',(-28.0456973255922,-41.6750312994014,49.3841814029235));
#6576=CARTESIAN_POINT('Ctrl Pts',(-28.1445737219209,-41.5761549030727,49.5591586816035));
#6577=CARTESIAN_POINT('Ctrl Pts',(-28.2001990072001,-41.5205296177935,49.7687000240261));
#6578=CARTESIAN_POINT('Ctrl Pts',(-28.2267571603962,-41.4939714645974,49.8687450133693));
#6579=CARTESIAN_POINT('',(-27.2869224359625,-41.019592626658,49.2927465878856));
#6580=CARTESIAN_POINT('',(-27.994029217149,-41.7266994078446,49.2927465878856));
#6581=CARTESIAN_POINT('Ctrl Pts',(-27.2869224359625,-41.019592626658,49.2927465878856));
#6582=CARTESIAN_POINT('Ctrl Pts',(-27.3385905444057,-40.9679245182149,49.3841814029235));
#6583=CARTESIAN_POINT('Ctrl Pts',(-27.4374669407343,-40.8690481218862,49.5591586816035));
#6584=CARTESIAN_POINT('Ctrl Pts',(-27.4930922260135,-40.813422836607,49.7687000240261));
#6585=CARTESIAN_POINT('Ctrl Pts',(-27.5196503792096,-40.7868646834109,49.8687450133693));
#6586=CARTESIAN_POINT('Ctrl Pts',(-27.6190120381894,-42.1017165868042,48.8615934096705));
#6587=CARTESIAN_POINT('Ctrl Pts',(-26.9119052570028,-41.3946098056177,48.8615934096705));
#6588=CARTESIAN_POINT('Ctrl Pts',(-27.6866998484828,-42.0340287765108,48.9188265765451));
#6589=CARTESIAN_POINT('Ctrl Pts',(-26.9795930672963,-41.3269219953242,48.9188265765451));
#6590=CARTESIAN_POINT('Ctrl Pts',(-27.826353418897,-41.8943752060966,49.0369101142676));
#6591=CARTESIAN_POINT('Ctrl Pts',(-27.1192466377104,-41.1872684249101,49.0369101142676));
#6592=CARTESIAN_POINT('Ctrl Pts',(-27.9370074117943,-41.7837212131993,49.2057438256899));
#6593=CARTESIAN_POINT('Ctrl Pts',(-27.2299006306077,-41.0766144320128,49.2057438256899));
#6594=CARTESIAN_POINT('Ctrl Pts',(-27.994029217149,-41.7266994078446,49.2927465878856));
#6595=CARTESIAN_POINT('Ctrl Pts',(-27.2869224359625,-41.019592626658,49.2927465878856));
#6596=CARTESIAN_POINT('',(-27.6190120381894,-42.1017165868042,48.8615934096705));
#6597=CARTESIAN_POINT('Ctrl Pts',(-27.6190120381894,-42.1017165868042,48.8615934096705));
#6598=CARTESIAN_POINT('Ctrl Pts',(-27.6866998484828,-42.0340287765108,48.9188265765451));
#6599=CARTESIAN_POINT('Ctrl Pts',(-27.826353418897,-41.8943752060966,49.0369101142676));
#6600=CARTESIAN_POINT('Ctrl Pts',(-27.9370074117943,-41.7837212131993,49.2057438256899));
#6601=CARTESIAN_POINT('Ctrl Pts',(-27.994029217149,-41.7266994078446,49.2927465878856));
#6602=CARTESIAN_POINT('',(-26.9119052570028,-41.3946098056177,48.8615934096705));
#6603=CARTESIAN_POINT('',(-27.6190120381894,-42.1017165868042,48.8615934096705));
#6604=CARTESIAN_POINT('Ctrl Pts',(-26.9119052570028,-41.3946098056177,48.8615934096705));
#6605=CARTESIAN_POINT('Ctrl Pts',(-26.9795930672963,-41.3269219953243,48.9188265765451));
#6606=CARTESIAN_POINT('Ctrl Pts',(-27.1192466377104,-41.1872684249101,49.0369101142676));
#6607=CARTESIAN_POINT('Ctrl Pts',(-27.2299006306077,-41.0766144320128,49.2057438256899));
#6608=CARTESIAN_POINT('Ctrl Pts',(-27.2869224359625,-41.019592626658,49.2927465878856));
#6609=CARTESIAN_POINT('Ctrl Pts',(-27.1089399193299,-42.6117887056637,48.6587933741939));
#6610=CARTESIAN_POINT('Ctrl Pts',(-26.4018331381434,-41.9046819244771,48.6587933741939));
#6611=CARTESIAN_POINT('Ctrl Pts',(-27.2035661407162,-42.5171624842774,48.6779653402577));
#6612=CARTESIAN_POINT('Ctrl Pts',(-26.4964593595297,-41.8100557030908,48.6779653402577));
#6613=CARTESIAN_POINT('Ctrl Pts',(-27.3800784683069,-42.3406501566867,48.7137280316645));
#6614=CARTESIAN_POINT('Ctrl Pts',(-26.6729716871203,-41.6335433755002,48.7137280316645));
#6615=CARTESIAN_POINT('Ctrl Pts',(-27.5432943204314,-42.1774343045622,48.8147350759356));
#6616=CARTESIAN_POINT('Ctrl Pts',(-26.8361875392449,-41.4703275233756,48.8147350759356));
#6617=CARTESIAN_POINT('Ctrl Pts',(-27.6190120381894,-42.1017165868042,48.8615934096705));
#6618=CARTESIAN_POINT('Ctrl Pts',(-26.9119052570028,-41.3946098056177,48.8615934096705));
#6619=CARTESIAN_POINT('',(-27.1089399193299,-42.6117887056637,48.6587933741939));
#6620=CARTESIAN_POINT('Ctrl Pts',(-27.1089399193299,-42.6117887056637,48.6587933741939));
#6621=CARTESIAN_POINT('Ctrl Pts',(-27.2035661407162,-42.5171624842774,48.6779653402577));
#6622=CARTESIAN_POINT('Ctrl Pts',(-27.3800784683069,-42.3406501566867,48.7137280316645));
#6623=CARTESIAN_POINT('Ctrl Pts',(-27.5432943204314,-42.1774343045622,48.8147350759356));
#6624=CARTESIAN_POINT('Ctrl Pts',(-27.6190120381894,-42.1017165868042,48.8615934096705));
#6625=CARTESIAN_POINT('',(-26.4018331381434,-41.9046819244771,48.6587933741939));
#6626=CARTESIAN_POINT('',(-27.1089399193299,-42.6117887056637,48.6587933741939));
#6627=CARTESIAN_POINT('Ctrl Pts',(-26.4018331381434,-41.9046819244771,48.6587933741939));
#6628=CARTESIAN_POINT('Ctrl Pts',(-26.4964593595297,-41.8100557030909,48.6779653402577));
#6629=CARTESIAN_POINT('Ctrl Pts',(-26.6729716871203,-41.6335433755002,48.7137280316645));
#6630=CARTESIAN_POINT('Ctrl Pts',(-26.8361875392449,-41.4703275233756,48.8147350759356));
#6631=CARTESIAN_POINT('Ctrl Pts',(-26.9119052570028,-41.3946098056177,48.8615934096705));
#6632=CARTESIAN_POINT('Ctrl Pts',(-26.545810818754,-43.1749178062395,48.6076603375804));
#6633=CARTESIAN_POINT('Ctrl Pts',(-25.8387040375675,-42.467811025053,48.6076603375804));
#6634=CARTESIAN_POINT('Ctrl Pts',(-26.6358260101725,-43.0849026148211,48.6101392294465));
#6635=CARTESIAN_POINT('Ctrl Pts',(-25.9287192289859,-42.3777958336346,48.6101392294465));
#6636=CARTESIAN_POINT('Ctrl Pts',(-26.8240634112314,-42.8966652137622,48.6153230229265));
#6637=CARTESIAN_POINT('Ctrl Pts',(-26.1169566300449,-42.1895584325756,48.6153230229265));
#6638=CARTESIAN_POINT('Ctrl Pts',(-27.0112605290948,-42.7094680958988,48.6438881177603));
#6639=CARTESIAN_POINT('Ctrl Pts',(-26.3041537479083,-42.0023613147122,48.6438881177603));
#6640=CARTESIAN_POINT('Ctrl Pts',(-27.1089399193299,-42.6117887056637,48.6587933741939));
#6641=CARTESIAN_POINT('Ctrl Pts',(-26.4018331381434,-41.9046819244771,48.6587933741939));
#6642=CARTESIAN_POINT('',(-26.545810818754,-43.1749178062395,48.6076603375804));
#6643=CARTESIAN_POINT('Ctrl Pts',(-26.545810818754,-43.1749178062395,48.6076603375804));
#6644=CARTESIAN_POINT('Ctrl Pts',(-26.6358260101725,-43.0849026148211,48.6101392294465));
#6645=CARTESIAN_POINT('Ctrl Pts',(-26.8240634112314,-42.8966652137622,48.6153230229265));
#6646=CARTESIAN_POINT('Ctrl Pts',(-27.0112605290948,-42.7094680958988,48.6438881177603));
#6647=CARTESIAN_POINT('Ctrl Pts',(-27.1089399193299,-42.6117887056637,48.6587933741939));
#6648=CARTESIAN_POINT('',(-25.8387040375675,-42.467811025053,48.6076603375804));
#6649=CARTESIAN_POINT('',(-26.545810818754,-43.1749178062395,48.6076603375804));
#6650=CARTESIAN_POINT('Ctrl Pts',(-25.8387040375675,-42.467811025053,48.6076603375804));
#6651=CARTESIAN_POINT('Ctrl Pts',(-25.9287192289859,-42.3777958336346,48.6101392294465));
#6652=CARTESIAN_POINT('Ctrl Pts',(-26.1169566300449,-42.1895584325756,48.6153230229265));
#6653=CARTESIAN_POINT('Ctrl Pts',(-26.3041537479083,-42.0023613147122,48.6438881177603));
#6654=CARTESIAN_POINT('Ctrl Pts',(-26.4018331381434,-41.9046819244771,48.6587933741939));
#6655=CARTESIAN_POINT('Ctrl Pts',(-25.7813057618671,-43.9394228631265,48.7746755324733));
#6656=CARTESIAN_POINT('Ctrl Pts',(-25.0741989806805,-43.23231608194,48.7746755324733));
#6657=CARTESIAN_POINT('Ctrl Pts',(-25.8972876483472,-43.8234409766464,48.7260254730927));
#6658=CARTESIAN_POINT('Ctrl Pts',(-25.1901808671606,-43.1163341954599,48.7260254730927));
#6659=CARTESIAN_POINT('Ctrl Pts',(-26.1465645760384,-43.5741640489552,48.621463134072));
#6660=CARTESIAN_POINT('Ctrl Pts',(-25.4394577948518,-42.8670572677687,48.621463134072));
#6661=CARTESIAN_POINT('Ctrl Pts',(-26.4067061568813,-43.3140224681123,48.612469483249));
#6662=CARTESIAN_POINT('Ctrl Pts',(-25.6995993756947,-42.6069156869258,48.612469483249));
#6663=CARTESIAN_POINT('Ctrl Pts',(-26.545810818754,-43.1749178062395,48.6076603375804));
#6664=CARTESIAN_POINT('Ctrl Pts',(-25.8387040375675,-42.467811025053,48.6076603375804));
#6665=CARTESIAN_POINT('',(-25.7813057618671,-43.9394228631265,48.7746755324733));
#6666=CARTESIAN_POINT('Ctrl Pts',(-25.7813057618671,-43.9394228631265,48.7746755324733));
#6667=CARTESIAN_POINT('Ctrl Pts',(-25.8972876483472,-43.8234409766464,48.7260254730927));
#6668=CARTESIAN_POINT('Ctrl Pts',(-26.1465645760384,-43.5741640489552,48.621463134072));
#6669=CARTESIAN_POINT('Ctrl Pts',(-26.4067061568813,-43.3140224681123,48.612469483249));
#6670=CARTESIAN_POINT('Ctrl Pts',(-26.545810818754,-43.1749178062395,48.6076603375804));
#6671=CARTESIAN_POINT('',(-25.0741989806805,-43.23231608194,48.7746755324733));
#6672=CARTESIAN_POINT('',(-25.7813057618671,-43.9394228631265,48.7746755324733));
#6673=CARTESIAN_POINT('Ctrl Pts',(-25.0741989806805,-43.23231608194,48.7746755324733));
#6674=CARTESIAN_POINT('Ctrl Pts',(-25.1901808671606,-43.1163341954599,48.7260254730927));
#6675=CARTESIAN_POINT('Ctrl Pts',(-25.4394577948518,-42.8670572677687,48.621463134072));
#6676=CARTESIAN_POINT('Ctrl Pts',(-25.6995993756947,-42.6069156869258,48.612469483249));
#6677=CARTESIAN_POINT('Ctrl Pts',(-25.8387040375675,-42.467811025053,48.6076603375804));
#6678=CARTESIAN_POINT('Ctrl Pts',(-25.3435846090354,-44.3771440159582,49.1887752257716));
#6679=CARTESIAN_POINT('Ctrl Pts',(-24.6364778278488,-43.6700372347717,49.1887752257716));
#6680=CARTESIAN_POINT('Ctrl Pts',(-25.4119263692724,-44.3088022557212,49.0989184697854));
#6681=CARTESIAN_POINT('Ctrl Pts',(-24.7048195880859,-43.6016954745346,49.0989184697854));
#6682=CARTESIAN_POINT('Ctrl Pts',(-25.5422525306788,-44.1784760943148,48.9275637074338));
#6683=CARTESIAN_POINT('Ctrl Pts',(-24.8351457494923,-43.4713693131282,48.9275637074338));
#6684=CARTESIAN_POINT('Ctrl Pts',(-25.7042555406814,-44.0164730843122,48.8239535432277));
#6685=CARTESIAN_POINT('Ctrl Pts',(-24.9971487594949,-43.3093663031256,48.8239535432277));
#6686=CARTESIAN_POINT('Ctrl Pts',(-25.7813057618671,-43.9394228631265,48.7746755324733));
#6687=CARTESIAN_POINT('Ctrl Pts',(-25.0741989806805,-43.23231608194,48.7746755324733));
#6688=CARTESIAN_POINT('',(-25.3435846090354,-44.3771440159582,49.1887752257716));
#6689=CARTESIAN_POINT('Ctrl Pts',(-25.3435846090354,-44.3771440159582,49.1887752257716));
#6690=CARTESIAN_POINT('Ctrl Pts',(-25.4119263692724,-44.3088022557212,49.0989184697854));
#6691=CARTESIAN_POINT('Ctrl Pts',(-25.5422525306788,-44.1784760943148,48.9275637074338));
#6692=CARTESIAN_POINT('Ctrl Pts',(-25.7042555406814,-44.0164730843122,48.8239535432277));
#6693=CARTESIAN_POINT('Ctrl Pts',(-25.7813057618671,-43.9394228631265,48.7746755324733));
#6694=CARTESIAN_POINT('',(-24.6364778278488,-43.6700372347717,49.1887752257716));
#6695=CARTESIAN_POINT('',(-25.3435846090354,-44.3771440159582,49.1887752257716));
#6696=CARTESIAN_POINT('Ctrl Pts',(-24.6364778278488,-43.6700372347717,49.1887752257716));
#6697=CARTESIAN_POINT('Ctrl Pts',(-24.7048195880859,-43.6016954745346,49.0989184697854));
#6698=CARTESIAN_POINT('Ctrl Pts',(-24.8351457494923,-43.4713693131282,48.9275637074338));
#6699=CARTESIAN_POINT('Ctrl Pts',(-24.9971487594949,-43.3093663031256,48.8239535432277));
#6700=CARTESIAN_POINT('Ctrl Pts',(-25.0741989806805,-43.23231608194,48.7746755324733));
#6701=CARTESIAN_POINT('Ctrl Pts',(-25.0373005106273,-44.6834281143663,49.8772714578044));
#6702=CARTESIAN_POINT('Ctrl Pts',(-24.3301937294407,-43.9763213331798,49.8772714578044));
#6703=CARTESIAN_POINT('Ctrl Pts',(-25.0744783355235,-44.6462502894701,49.750171477059));
#6704=CARTESIAN_POINT('Ctrl Pts',(-24.367371554337,-43.9391435082835,49.750171477059));
#6705=CARTESIAN_POINT('Ctrl Pts',(-25.1488291457444,-44.5718994792491,49.4959880606308));
#6706=CARTESIAN_POINT('Ctrl Pts',(-24.4417223645579,-43.8647926980626,49.4959880606308));
#6707=CARTESIAN_POINT('Ctrl Pts',(-25.2786689384074,-44.4420596865862,49.2911750602277));
#6708=CARTESIAN_POINT('Ctrl Pts',(-24.5715621572208,-43.7349529053997,49.2911750602277));
#6709=CARTESIAN_POINT('Ctrl Pts',(-25.3435846090354,-44.3771440159582,49.1887752257716));
#6710=CARTESIAN_POINT('Ctrl Pts',(-24.6364778278488,-43.6700372347717,49.1887752257716));
#6711=CARTESIAN_POINT('',(-25.0373005106273,-44.6834281143663,49.8772714578044));
#6712=CARTESIAN_POINT('Ctrl Pts',(-25.0373005106273,-44.6834281143663,49.8772714578044));
#6713=CARTESIAN_POINT('Ctrl Pts',(-25.0744783355235,-44.6462502894701,49.750171477059));
#6714=CARTESIAN_POINT('Ctrl Pts',(-25.1488291457444,-44.5718994792491,49.4959880606308));
#6715=CARTESIAN_POINT('Ctrl Pts',(-25.2786689384074,-44.4420596865862,49.2911750602277));
#6716=CARTESIAN_POINT('Ctrl Pts',(-25.3435846090354,-44.3771440159582,49.1887752257716));
#6717=CARTESIAN_POINT('',(-24.3301937294407,-43.9763213331798,49.8772714578044));
#6718=CARTESIAN_POINT('',(-25.0373005106273,-44.6834281143663,49.8772714578044));
#6719=CARTESIAN_POINT('Ctrl Pts',(-24.3301937294408,-43.9763213331798,49.8772714578044));
#6720=CARTESIAN_POINT('Ctrl Pts',(-24.367371554337,-43.9391435082835,49.750171477059));
#6721=CARTESIAN_POINT('Ctrl Pts',(-24.4417223645579,-43.8647926980626,49.4959880606308));
#6722=CARTESIAN_POINT('Ctrl Pts',(-24.5715621572208,-43.7349529053997,49.2911750602277));
#6723=CARTESIAN_POINT('Ctrl Pts',(-24.6364778278488,-43.6700372347717,49.1887752257716));
#6724=CARTESIAN_POINT('Ctrl Pts',(-24.9396268750772,-44.7811017499164,50.7139978848826));
#6725=CARTESIAN_POINT('Ctrl Pts',(-24.2325200938907,-44.0739949687298,50.7139978848826));
#6726=CARTESIAN_POINT('Ctrl Pts',(-24.9434406018126,-44.777288023181,50.5694086703141));
#6727=CARTESIAN_POINT('Ctrl Pts',(-24.2363338206261,-44.0701812419944,50.5694086703141));
#6728=CARTESIAN_POINT('Ctrl Pts',(-24.9509526672203,-44.7697759577733,50.2846049304417));
#6729=CARTESIAN_POINT('Ctrl Pts',(-24.2438458860337,-44.0626691765868,50.2846049304417));
#6730=CARTESIAN_POINT('Ctrl Pts',(-25.0088141540014,-44.7119144709922,50.0116517284559));
#6731=CARTESIAN_POINT('Ctrl Pts',(-24.3017073728149,-44.0048076898056,50.0116517284559));
#6732=CARTESIAN_POINT('Ctrl Pts',(-25.0373005106273,-44.6834281143663,49.8772714578044));
#6733=CARTESIAN_POINT('Ctrl Pts',(-24.3301937294407,-43.9763213331798,49.8772714578044));
#6734=CARTESIAN_POINT('',(-24.9396268750772,-44.7811017499164,50.7139978848826));
#6735=CARTESIAN_POINT('Ctrl Pts',(-24.9396268750772,-44.7811017499164,50.7139978848826));
#6736=CARTESIAN_POINT('Ctrl Pts',(-24.9434406018126,-44.777288023181,50.5694086703141));
#6737=CARTESIAN_POINT('Ctrl Pts',(-24.9509526672203,-44.7697759577733,50.2846049304417));
#6738=CARTESIAN_POINT('Ctrl Pts',(-25.0088141540014,-44.7119144709922,50.0116517284559));
#6739=CARTESIAN_POINT('Ctrl Pts',(-25.0373005106273,-44.6834281143663,49.8772714578044));
#6740=CARTESIAN_POINT('',(-24.2325200938907,-44.0739949687298,50.7139978848826));
#6741=CARTESIAN_POINT('',(-24.9396268750772,-44.7811017499164,50.7139978848826));
#6742=CARTESIAN_POINT('Ctrl Pts',(-24.2325200938907,-44.0739949687298,50.7139978848826));
#6743=CARTESIAN_POINT('Ctrl Pts',(-24.2363338206261,-44.0701812419945,50.5694086703141));
#6744=CARTESIAN_POINT('Ctrl Pts',(-24.2438458860337,-44.0626691765868,50.2846049304417));
#6745=CARTESIAN_POINT('Ctrl Pts',(-24.3017073728149,-44.0048076898057,50.0116517284559));
#6746=CARTESIAN_POINT('Ctrl Pts',(-24.3301937294408,-43.9763213331798,49.8772714578044));
#6747=CARTESIAN_POINT('Origin',(-24.9396268750772,-44.7811017499164,53.6929265700709));
#6748=CARTESIAN_POINT('',(-24.9396268750772,-44.7811017499164,53.6929265700709));
#6749=CARTESIAN_POINT('',(-24.9396268750772,-44.7811017499164,26.8464632850355));
#6750=CARTESIAN_POINT('',(-24.2325200938907,-44.0739949687298,53.6929265700709));
#6751=CARTESIAN_POINT('',(-24.9396268750772,-44.7811017499164,53.6929265700709));
#6752=CARTESIAN_POINT('',(-24.2325200938907,-44.0739949687298,53.6929265700709));
#6753=CARTESIAN_POINT('Origin',(-26.0297100146836,-43.69101861031,53.6929265700709));
#6754=CARTESIAN_POINT('',(-26.0297100146836,-43.69101861031,53.6929265700709));
#6755=CARTESIAN_POINT('',(-40.1677554049052,-29.5529732200884,53.6929265700709));
#6756=CARTESIAN_POINT('',(-25.3226032334971,-42.9839118291234,53.6929265700709));
#6757=CARTESIAN_POINT('',(-26.0297100146836,-43.69101861031,53.6929265700709));
#6758=CARTESIAN_POINT('',(-25.3226032334971,-42.9839118291234,53.6929265700709));
#6759=CARTESIAN_POINT('Origin',(-26.0297100146836,-43.69101861031,50.643067165507));
#6760=CARTESIAN_POINT('',(-26.0297100146836,-43.69101861031,25.3215335827535));
#6761=CARTESIAN_POINT('',(-25.3226032334971,-42.9839118291235,50.643067165507));
#6762=CARTESIAN_POINT('Origin',(-24.0673198313277,-44.2391952312928,51.1502934538257));
#6763=CARTESIAN_POINT('Origin',(-54.3058007951269,-15.4149278298667,0.));
#6764=CARTESIAN_POINT('',(-31.1378246380552,-38.5829039869384,9.46446609406727));
#6765=CARTESIAN_POINT('',(-32.1733585439879,-37.5473700810057,5.92893218813452));
#6766=CARTESIAN_POINT('Origin',(-28.6378246380551,-41.0829039869384,5.92893218813451));
#6767=CARTESIAN_POINT('',(-32.1733585439879,-37.5473700810057,1.));
#6768=CARTESIAN_POINT('',(-32.1733585439879,-37.5473700810057,1.15000000000001));
#6769=CARTESIAN_POINT('',(-21.0717820793591,-48.6489465456345,1.));
#6770=CARTESIAN_POINT('',(-51.4773736703807,-18.2433549546129,1.));
#6771=CARTESIAN_POINT('',(-21.0717820793591,-48.6489465456344,3.99999999999999));
#6772=CARTESIAN_POINT('',(-21.0717820793591,-48.6489465456345,2.00000000000003));
#6773=CARTESIAN_POINT('',(-18.2433549546129,-51.4773736703806,8.));
#6774=CARTESIAN_POINT('Origin',(-21.0717820793591,-48.6489465456345,7.99999999999998));
#6775=CARTESIAN_POINT('',(-16.1220346110533,-53.5986940139403,8.));
#6776=CARTESIAN_POINT('',(-35.2139177030901,-34.5068109219035,8.00000000000001));
#6777=CARTESIAN_POINT('',(-16.1220346110533,-53.5986940139403,54.2));
#6778=CARTESIAN_POINT('',(-16.1220346110533,-53.5986940139403,4.));
#6779=CARTESIAN_POINT('',(-18.2433549546129,-51.4773736703806,54.2));
#6780=CARTESIAN_POINT('',(-36.2745778748699,-33.4461507501237,54.2));
#6781=CARTESIAN_POINT('',(-21.0717820793591,-48.6489465456345,58.2));
#6782=CARTESIAN_POINT('Origin',(-21.0717820793591,-48.6489465456344,54.2));
#6783=CARTESIAN_POINT('',(-21.0717820793591,-48.6489465456345,61.2));
#6784=CARTESIAN_POINT('',(-21.0717820793592,-48.6489465456344,30.5999999999999));
#6785=CARTESIAN_POINT('',(-48.6489465456345,-21.0717820793591,61.2));
#6786=CARTESIAN_POINT('',(-37.688791437243,-32.0319371877506,61.2));
#6787=CARTESIAN_POINT('',(-48.6489465456345,-21.0717820793591,59.9));
#6788=CARTESIAN_POINT('',(-48.6489465456345,-21.0717820793591,29.1));
#6789=CARTESIAN_POINT('',(-32.1733585439879,-37.5473700810057,59.9));
#6790=CARTESIAN_POINT('',(-44.5830825538118,-25.1376460711818,59.9));
#6791=CARTESIAN_POINT('',(-32.1733585439879,-37.5473700810057,56.2710678118655));
#6792=CARTESIAN_POINT('',(-32.1733585439879,-37.5473700810057,45.5));
#6793=CARTESIAN_POINT('',(-31.1378246380552,-38.5829039869384,52.7355339059327));
#6794=CARTESIAN_POINT('Origin',(-28.6378246380551,-41.0829039869385,56.2710678118655));
#6795=CARTESIAN_POINT('',(-23.5215295476649,-46.1991990773286,41.9644660940673));
#6796=CARTESIAN_POINT('',(-27.6074052687285,-42.113323356265,47.7427669529664));
#6797=CARTESIAN_POINT('',(-22.4859956417322,-47.2347329832614,38.4289321881346));
#6798=CARTESIAN_POINT('Origin',(-26.021529547665,-43.6991990773286,38.4289321881345));
#6799=CARTESIAN_POINT('',(-22.4859956417322,-47.2347329832614,23.7710678118655));
#6800=CARTESIAN_POINT('',(-22.4859956417322,-47.2347329832614,19.2144660940673));
#6801=CARTESIAN_POINT('',(-23.5215295476649,-46.1991990773286,20.2355339059327));
#6802=CARTESIAN_POINT('Origin',(-26.0215295476649,-43.6991990773286,23.7710678118655));
#6803=CARTESIAN_POINT('',(-34.7947681709842,-34.9259604540093,4.29276695296634));
#6804=CARTESIAN_POINT('Origin',(-23.5215295476649,-46.1991990773286,20.2355339059327));
#6805=CARTESIAN_POINT('',(-29.7236110756816,-37.1686904245649,9.46446609406727));
#6806=CARTESIAN_POINT('',(-22.1073159852915,-44.7849855149552,20.2355339059327));
#6807=CARTESIAN_POINT('',(-22.9507295861093,-43.9415719141373,19.0427669529662));
#6808=CARTESIAN_POINT('',(-31.1378246380552,-38.5829039869384,9.46446609406727));
#6809=CARTESIAN_POINT('',(-23.5215295476649,-46.1991990773286,20.2355339059327));
#6810=CARTESIAN_POINT('Origin',(-26.021529547665,-43.6991990773286,23.7710678118655));
#6811=CARTESIAN_POINT('',(-21.0717820793588,-45.8205194208879,23.7710678118655));
#6812=CARTESIAN_POINT('Origin',(-24.6073159852913,-42.284985514955,23.7710678118655));
#6813=CARTESIAN_POINT('',(-22.4859956417322,-47.2347329832614,23.7710678118655));
#6814=CARTESIAN_POINT('Origin',(-22.4859956417322,-47.2347329832614,38.4289321881346));
#6815=CARTESIAN_POINT('',(-21.0717820793589,-45.820519420888,38.4289321881346));
#6816=CARTESIAN_POINT('',(-21.0717820793587,-45.8205194208879,22.3644660940669));
#6817=CARTESIAN_POINT('',(-22.4859956417322,-47.2347329832614,38.4289321881346));
#6818=CARTESIAN_POINT('Origin',(-26.021529547665,-43.6991990773286,38.4289321881345));
#6819=CARTESIAN_POINT('',(-22.1073159852916,-44.7849855149553,41.9644660940673));
#6820=CARTESIAN_POINT('Origin',(-24.6073159852913,-42.284985514955,38.4289321881345));
#6821=CARTESIAN_POINT('',(-23.5215295476649,-46.1991990773286,41.9644660940673));
#6822=CARTESIAN_POINT('Origin',(-31.1378246380552,-38.5829039869384,52.7355339059327));
#6823=CARTESIAN_POINT('',(-29.723611075682,-37.1686904245653,52.7355339059327));
#6824=CARTESIAN_POINT('',(-17.990753044591,-48.9015484556558,36.1427669529661));
#6825=CARTESIAN_POINT('',(-31.1378246380552,-38.5829039869384,52.7355339059327));
#6826=CARTESIAN_POINT('Origin',(-28.6378246380551,-41.0829039869385,56.2710678118655));
#6827=CARTESIAN_POINT('',(-30.502262112572,-36.3900393876753,54.3999999999995));
#6828=CARTESIAN_POINT('Origin',(-27.2236110756815,-39.6686904245649,56.2710678118655));
#6829=CARTESIAN_POINT('',(-30.471046395743,-35.8450579327608,56.2710678118655));
#6830=CARTESIAN_POINT('',(-32.1733585439879,-37.5473700810057,56.2710678118655));
#6831=CARTESIAN_POINT('Ctrl Pts',(-30.502262112572,-36.3900393876754,54.3999999999995));
#6832=CARTESIAN_POINT('Ctrl Pts',(-30.5631953783711,-36.3291061218763,54.6135453496938));
#6833=CARTESIAN_POINT('Ctrl Pts',(-30.6034817261775,-36.2669017062731,54.8365346938035));
#6834=CARTESIAN_POINT('Ctrl Pts',(-30.6492957503778,-36.0865843203761,55.4773791588908));
#6835=CARTESIAN_POINT('Ctrl Pts',(-30.5913769404079,-35.9653884774257,55.8988499942531));
#6836=CARTESIAN_POINT('Ctrl Pts',(-30.471046395743,-35.8450579327608,56.2710678118655));
#6837=CARTESIAN_POINT('Origin',(-28.6378246380551,-41.0829039869385,5.92893218813451));
#6838=CARTESIAN_POINT('',(-30.7493952919233,-36.1429062083232,6.29999999999939));
#6839=CARTESIAN_POINT('Origin',(-27.2236110756815,-39.6686904245648,5.92893218813451));
#6840=CARTESIAN_POINT('',(-30.7428553598018,-36.1168668968196,5.92893218813452));
#6841=CARTESIAN_POINT('Ctrl Pts',(-30.7428553598018,-36.1168668968196,5.92893218813452));
#6842=CARTESIAN_POINT('Ctrl Pts',(-30.7538530048562,-36.127864541874,6.05370927720715));
#6843=CARTESIAN_POINT('Ctrl Pts',(-30.7558114341141,-36.1364900661324,6.17807116574189));
#6844=CARTESIAN_POINT('Ctrl Pts',(-30.7493952919233,-36.1429062083232,6.29999999999943));
#6845=CARTESIAN_POINT('',(-32.1733585439879,-37.5473700810057,5.92893218813451));
#6846=CARTESIAN_POINT('Origin',(-37.5473700810057,-32.1733585439879,0.));
#6847=CARTESIAN_POINT('',(-36.1331565186326,-30.7591449816148,0.));
#6848=CARTESIAN_POINT('',(-36.1331565186326,-30.7591449816148,1.));
#6849=CARTESIAN_POINT('',(-36.1331565186326,-30.7591449816148,1.40220025903035E-29));
#6850=CARTESIAN_POINT('',(-34.7189429562595,-29.3449314192417,0.));
#6851=CARTESIAN_POINT('',(-32.2440692221066,-26.8700576850888,0.));
#6852=CARTESIAN_POINT('',(-34.7189429562595,-29.3449314192417,2.30000000000001));
#6853=CARTESIAN_POINT('',(-34.7189429562595,-29.3449314192417,0.));
#6854=CARTESIAN_POINT('',(-37.5473700810057,-32.1733585439879,2.30000000000001));
#6855=CARTESIAN_POINT('',(-32.2440692221066,-26.8700576850888,2.3));
#6856=CARTESIAN_POINT('',(-37.5473700810057,-32.1733585439879,1.));
#6857=CARTESIAN_POINT('',(-37.5473700810057,-32.1733585439879,1.40220025903035E-29));
#6858=CARTESIAN_POINT('',(-36.8402632998191,-31.4662517628014,1.));
#6859=CARTESIAN_POINT('Origin',(-32.0319371877506,-32.0319371877506,1.15000000000001));
#6860=CARTESIAN_POINT('',(-29.3449314192417,-34.7189429562595,0.));
#6861=CARTESIAN_POINT('',(-32.0319371877506,-32.0319371877506,6.93889390390723E-17));
#6862=CARTESIAN_POINT('',(-29.3449314192417,-34.7189429562595,2.30000000000001));
#6863=CARTESIAN_POINT('',(-29.3449314192417,-34.7189429562595,62.2));
#6864=CARTESIAN_POINT('',(-32.0319371877506,-32.0319371877506,2.3));
#6865=CARTESIAN_POINT('Origin',(-15.627059864222,-51.2652416360243,6.29999999999918));
#6866=CARTESIAN_POINT('',(-15.6270598642221,-51.265241636025,54.3999999999993));
#6867=CARTESIAN_POINT('',(-15.6270598642221,-51.265241636025,54.3999999999993));
#6868=CARTESIAN_POINT('',(-15.627059864222,-51.2652416360243,6.29999999999918));
#6869=CARTESIAN_POINT('',(-15.627059864222,-51.2652416360243,6.29999999999918));
#6870=CARTESIAN_POINT('',(-15.627059864222,-51.2652416360243,6.29999999999918));
#6871=CARTESIAN_POINT('Origin',(-12.5865007051206,-17.9605122421384,59.9));
#6872=CARTESIAN_POINT('',(-18.494119847446,-23.8681313844637,59.9));
#6873=CARTESIAN_POINT('',(-17.0766287656551,-22.4506403026729,59.9));
#6874=CARTESIAN_POINT('',(-18.494119847446,-23.8681313844637,58.8999999999997));
#6875=CARTESIAN_POINT('',(-18.4941198474459,-23.8681313844637,45.5));
#6876=CARTESIAN_POINT('',(-27.5771644662753,-32.9511760032931,58.8999999999996));
#6877=CARTESIAN_POINT('',(-20.0818325856979,-25.4558441227157,58.8999999999997));
#6878=CARTESIAN_POINT('Origin',(-27.5771644662752,-32.9511760032931,54.3999999999996));
#6879=CARTESIAN_POINT('Origin',(-52.8915872327538,-14.0007142674937,0.));
#6880=CARTESIAN_POINT('',(-47.2347329832614,-19.657568516986,1.));
#6881=CARTESIAN_POINT('',(-50.0631601080076,-16.8291413922398,1.));
#6882=CARTESIAN_POINT('',(-52.1844804515672,-14.7078210486802,8.));
#6883=CARTESIAN_POINT('Origin',(-47.2347329832614,-19.657568516986,8.));
#6884=CARTESIAN_POINT('',(-52.1844804515672,-14.7078210486802,54.2));
#6885=CARTESIAN_POINT('',(-52.1844804515672,-14.7078210486802,27.1));
#6886=CARTESIAN_POINT('',(-47.2347329832614,-19.657568516986,61.2));
#6887=CARTESIAN_POINT('Origin',(-47.2347329832614,-19.657568516986,54.2));
#6888=CARTESIAN_POINT('',(-19.657568516986,-47.2347329832614,61.2));
#6889=CARTESIAN_POINT('',(-36.2745778748699,-30.6177236253775,61.2));
#6890=CARTESIAN_POINT('',(-14.7078210486802,-52.1844804515672,54.2));
#6891=CARTESIAN_POINT('Origin',(-19.657568516986,-47.2347329832614,54.2));
#6892=CARTESIAN_POINT('',(-14.7078210486802,-52.1844804515672,8.));
#6893=CARTESIAN_POINT('',(-14.7078210486802,-52.1844804515672,4.));
#6894=CARTESIAN_POINT('',(-19.657568516986,-47.2347329832614,1.));
#6895=CARTESIAN_POINT('Origin',(-19.657568516986,-47.2347329832614,8.));
#6896=CARTESIAN_POINT('',(-30.7591449816148,-36.1331565186326,1.));
#6897=CARTESIAN_POINT('',(-50.0631601080076,-16.8291413922398,1.));
#6898=CARTESIAN_POINT('',(-30.7591449816148,-36.1331565186326,0.));
#6899=CARTESIAN_POINT('',(-30.7591449816148,-36.1331565186326,1.15000000000001));
#6900=CARTESIAN_POINT('',(-19.657568516986,-47.2347329832614,0.));
#6901=CARTESIAN_POINT('',(-43.1688689914387,-23.7234325088087,0.));
#6902=CARTESIAN_POINT('',(-14.0007142674936,-52.8915872327537,8.));
#6903=CARTESIAN_POINT('Origin',(-19.6575685169861,-47.2347329832614,8.));
#6904=CARTESIAN_POINT('',(-14.0007142674936,-52.8915872327537,54.2));
#6905=CARTESIAN_POINT('',(-14.0007142674936,-52.8915872327538,0.));
#6906=CARTESIAN_POINT('',(-19.657568516986,-47.2347329832614,62.2));
#6907=CARTESIAN_POINT('Origin',(-19.6575685169861,-47.2347329832614,54.2));
#6908=CARTESIAN_POINT('',(-47.2347329832614,-19.657568516986,62.2));
#6909=CARTESIAN_POINT('',(-43.1688689914387,-23.7234325088087,62.2));
#6910=CARTESIAN_POINT('',(-52.8915872327538,-14.0007142674937,54.2));
#6911=CARTESIAN_POINT('Origin',(-47.2347329832614,-19.657568516986,54.2));
#6912=CARTESIAN_POINT('',(-52.8915872327538,-14.0007142674937,8.));
#6913=CARTESIAN_POINT('',(-52.8915872327538,-14.0007142674937,0.));
#6914=CARTESIAN_POINT('',(-47.2347329832614,-19.657568516986,0.));
#6915=CARTESIAN_POINT('Origin',(-47.2347329832614,-19.657568516986,8.));
#6916=CARTESIAN_POINT('',(-43.1688689914387,-23.7234325088087,0.));
#6917=CARTESIAN_POINT('Origin',(-47.2347329832614,-19.657568516986,1.));
#6918=CARTESIAN_POINT('',(-31.4662517628014,-36.8402632998191,1.));
#6919=CARTESIAN_POINT('',(-19.657568516986,-47.2347329832614,1.));
#6920=CARTESIAN_POINT('Origin',(-47.2347329832614,-19.657568516986,1.));
#6921=CARTESIAN_POINT('',(-48.6489465456345,-21.0717820793591,1.));
#6922=CARTESIAN_POINT('',(-51.4773736703807,-18.2433549546129,1.));
#6923=CARTESIAN_POINT('',(-47.2347329832614,-19.657568516986,1.));
#6924=CARTESIAN_POINT('Origin',(-24.2537625946986,-24.2537625946986,2.3));
#6925=CARTESIAN_POINT('',(-18.4941198474459,-23.8681313844637,2.3));
#6926=CARTESIAN_POINT('',(-17.0766287656551,-22.4506403026729,2.3));
#6927=CARTESIAN_POINT('',(-42.6524007068669,-15.0752362405915,2.3));
#6928=CARTESIAN_POINT('',(-23.7241365014181,-21.9645609977013,2.3));
#6929=CARTESIAN_POINT('',(-48.6489465456345,-21.0717820793591,2.3));
#6930=CARTESIAN_POINT('',(-32.7390439689372,-5.16187950266183,2.3));
#6931=CARTESIAN_POINT('',(-44.5830825538118,-25.1376460711818,2.3));
#6932=CARTESIAN_POINT('Origin',(-54.3058007951269,-15.4149278298667,0.));
#6933=CARTESIAN_POINT('',(-48.6489465456345,-21.0717820793591,0.5));
#6934=CARTESIAN_POINT('Origin',(-11.7375046539185,-47.3766222532769,4.74397775806343));
#6935=CARTESIAN_POINT('',(-14.007283647968,-51.408610348008,4.03226535636061));
#6936=CARTESIAN_POINT('',(-6.291302996813,-43.6926296968531,4.03226535636071));
#6937=CARTESIAN_POINT('',(-10.8564001035777,-48.2577268036177,4.03226535636061));
#6938=CARTESIAN_POINT('',(-7.78316117346608,-44.2301679822057,6.06036771270567));
#6939=CARTESIAN_POINT('Ctrl Pts',(-6.29130299681301,-43.6926296968531,4.03226535636071));
#6940=CARTESIAN_POINT('Ctrl Pts',(-6.29186349746489,-43.6945465204888,4.03394449297533));
#6941=CARTESIAN_POINT('Ctrl Pts',(-6.29242639829568,-43.6964609448645,4.03562556878788));
#6942=CARTESIAN_POINT('Ctrl Pts',(-6.33843986757286,-43.8520924207068,4.17261633196052));
#6943=CARTESIAN_POINT('Ctrl Pts',(-6.39950568910048,-43.9906114473867,4.32071347243114));
#6944=CARTESIAN_POINT('Ctrl Pts',(-6.54915450674159,-44.2221635341191,4.62565146658658));
#6945=CARTESIAN_POINT('Ctrl Pts',(-6.63697006885619,-44.3173503354743,4.78270687977129));
#6946=CARTESIAN_POINT('Ctrl Pts',(-6.84975941317822,-44.4648824850892,5.11501516929994));
#6947=CARTESIAN_POINT('Ctrl Pts',(-6.97837734003375,-44.5128488575235,5.29183056370247));
#6948=CARTESIAN_POINT('Ctrl Pts',(-7.22761320944561,-44.523625013949,5.58531638667484));
#6949=CARTESIAN_POINT('Ctrl Pts',(-7.34243593987956,-44.5041436730151,5.705873965223));
#6950=CARTESIAN_POINT('Ctrl Pts',(-7.5571422274015,-44.4123114510893,5.90045224803445));
#6951=CARTESIAN_POINT('Ctrl Pts',(-7.65429279619691,-44.3499479701856,5.97693569084018));
#6952=CARTESIAN_POINT('Ctrl Pts',(-7.75863488081162,-44.2541800436159,6.04507216397956));
#6953=CARTESIAN_POINT('Ctrl Pts',(-7.77098976417732,-44.2423393914942,6.05289792748542));
#6954=CARTESIAN_POINT('Ctrl Pts',(-7.78316117346597,-44.2301679822056,6.06036771270567));
#6955=CARTESIAN_POINT('',(-8.18710577815655,-43.8262233775151,6.17897775806349));
#6956=CARTESIAN_POINT('Origin',(-8.18710577815654,-43.8262233775151,4.74397775806349));
#6957=CARTESIAN_POINT('',(-13.8736899673061,-49.5128075666646,6.17897775806339));
#6958=CARTESIAN_POINT('',(-11.7375046539185,-47.376622253277,6.17897775806343));
#6959=CARTESIAN_POINT('',(-13.4697453626156,-49.9167521713551,6.06036771270557));
#6960=CARTESIAN_POINT('Origin',(-13.8736899673061,-49.5128075666645,4.74397775806339));
#6961=CARTESIAN_POINT('Ctrl Pts',(-13.4697453626156,-49.9167521713551,6.06036771270557));
#6962=CARTESIAN_POINT('Ctrl Pts',(-13.3811149302836,-50.0053826036871,6.00597382307482));
#6963=CARTESIAN_POINT('Ctrl Pts',(-13.3133815708307,-50.1003049365666,5.93477170514258));
#6964=CARTESIAN_POINT('Ctrl Pts',(-13.2101436693372,-50.3101083245024,5.75201808971975));
#6965=CARTESIAN_POINT('Ctrl Pts',(-13.1835922622886,-50.4223473102428,5.63853843896088));
#6966=CARTESIAN_POINT('Ctrl Pts',(-13.1765930115626,-50.6672814238505,5.36052369117981));
#6967=CARTESIAN_POINT('Ctrl Pts',(-13.2127973533903,-50.794847100029,5.19200570324511));
#6968=CARTESIAN_POINT('Ctrl Pts',(-13.3438945919824,-51.0216959100726,4.85299019600537));
#6969=CARTESIAN_POINT('Ctrl Pts',(-13.4409287762523,-51.1209152639118,4.68141835194953));
#6970=CARTESIAN_POINT('Ctrl Pts',(-13.6845099661156,-51.2893029915512,4.34744606732855));
#6971=CARTESIAN_POINT('Ctrl Pts',(-13.8340172868995,-51.3573923411234,4.18476664271694));
#6972=CARTESIAN_POINT('Ctrl Pts',(-14.0034523999575,-51.407486946526,4.03562556878749));
#6973=CARTESIAN_POINT('Ctrl Pts',(-14.0053668243315,-51.4080498473559,4.03394449297597));
#6974=CARTESIAN_POINT('Ctrl Pts',(-14.007283647968,-51.408610348008,4.03226535636061));
#6975=CARTESIAN_POINT('Origin',(-12.0027761935391,-48.8642526967938,15.6560222419351));
#6976=CARTESIAN_POINT('',(-13.2625105153581,-50.1239870186128,14.221022241935));
#6977=CARTESIAN_POINT('',(-7.57592632620851,-44.4374028294633,14.2210222419351));
#6978=CARTESIAN_POINT('',(-12.002776193539,-48.8642526967938,14.2210222419351));
#6979=CARTESIAN_POINT('',(-5.54652986420314,-44.4374028294633,15.6560222419352));
#6980=CARTESIAN_POINT('Origin',(-6.56122809520583,-43.4227045984606,15.6560222419352));
#6981=CARTESIAN_POINT('',(-13.2625105153581,-52.1533834806182,15.656022241935));
#6982=CARTESIAN_POINT('',(-10.9880779625364,-49.8789509277965,15.6560222419351));
#6983=CARTESIAN_POINT('Origin',(-14.2772087463608,-51.1386852496155,15.656022241935));
#6984=CARTESIAN_POINT('Origin',(-6.56122809520572,-43.4227045984605,3.08948887903184));
#6985=CARTESIAN_POINT('',(-7.57592632620845,-44.4374028294632,7.99999999999998));
#6986=CARTESIAN_POINT('',(-7.57592632620841,-44.4374028294632,3.08948887903182));
#6987=CARTESIAN_POINT('',(-5.54652986420307,-44.4374028294632,8.));
#6988=CARTESIAN_POINT('Origin',(-6.56122809520577,-43.4227045984605,8.));
#6989=CARTESIAN_POINT('',(-5.54652986420303,-44.4374028294632,3.08948887903184));
#6990=CARTESIAN_POINT('Origin',(-11.2033841136954,-38.7805485799708,8.));
#6991=CARTESIAN_POINT('Origin',(-11.2033841136954,-38.7805485799708,8.));
#6992=CARTESIAN_POINT('Origin',(-12.2180823446982,-39.7952468109736,7.99999999999998));
#6993=CARTESIAN_POINT('Origin',(-18.9193647648504,-46.4965292311258,8.));
#6994=CARTESIAN_POINT('',(-13.262510515358,-50.1239870186127,8.00000000000002));
#6995=CARTESIAN_POINT('Origin',(-17.9046665338477,-45.4818310001231,8.00000000000002));
#6996=CARTESIAN_POINT('',(-13.262510515358,-52.1533834806181,8.));
#6997=CARTESIAN_POINT('Origin',(-14.2772087463607,-51.1386852496154,8.));
#6998=CARTESIAN_POINT('Origin',(-18.9193647648504,-46.4965292311258,8.));
#6999=CARTESIAN_POINT('Origin',(-14.2772087463607,-51.1386852496154,7.11051112096753));
#7000=CARTESIAN_POINT('',(-13.262510515358,-52.1533834806181,7.11051112096753));
#7001=CARTESIAN_POINT('',(-13.262510515358,-50.1239870186127,7.11051112096755));
#7002=CARTESIAN_POINT('Origin',(-15.4149278298667,-54.3058007951268,0.));
#7003=CARTESIAN_POINT('',(-4.13018487198537,-43.0210578372455,8.));
#7004=CARTESIAN_POINT('',(-10.1116269709676,-49.0024999362278,8.));
#7005=CARTESIAN_POINT('',(2.15028588466421,-36.7405870805959,8.));
#7006=CARTESIAN_POINT('Origin',(-0.989949493660581,-39.8808224589207,10.1999999999994));
#7007=CARTESIAN_POINT('',(5.79827560572967,-33.0925973595305,8.));
#7008=CARTESIAN_POINT('',(-10.1116269709676,-49.0024999362278,8.));
#7009=CARTESIAN_POINT('',(5.79827560572967,-33.0925973595305,54.2));
#7010=CARTESIAN_POINT('',(5.79827560572967,-33.0925973595305,0.));
#7011=CARTESIAN_POINT('',(1.52006147761929,-37.3708114876409,54.2));
#7012=CARTESIAN_POINT('',(-10.1116269709676,-49.0024999362278,54.2));
#7013=CARTESIAN_POINT('',(-11.1367137017558,-50.0275866670159,54.2));
#7014=CARTESIAN_POINT('Origin',(-4.80832611206827,-43.6991990773284,45.8999999999994));
#7015=CARTESIAN_POINT('',(-10.1116269709676,-49.0024999362278,54.2));
#7016=CARTESIAN_POINT('',(-10.1116269709676,-49.0024999362278,8.));
#7017=CARTESIAN_POINT('Origin',(-8.18757369193471,-43.8257554637369,6.17897775806349));
#7018=CARTESIAN_POINT('',(-8.18757369193472,-43.8257554637371,14.2210222419351));
#7019=CARTESIAN_POINT('',(-8.18757369193472,-43.8257554637371,14.2210222419351));
#7020=CARTESIAN_POINT('',(-8.1875736919347,-43.8257554637369,6.17897775806349));
#7021=CARTESIAN_POINT('',(-8.18757369193473,-43.8257554637371,18.6394888790314));
#7022=CARTESIAN_POINT('',(-8.1875736919347,-43.8257554637369,6.17897775806349));
#7023=CARTESIAN_POINT('Origin',(-8.18757369193472,-43.8257554637371,14.2210222419351));
#7024=CARTESIAN_POINT('',(-13.8741578810842,-49.5123396528866,14.221022241935));
#7025=CARTESIAN_POINT('',(-13.8741578810842,-49.5123396528866,14.221022241935));
#7026=CARTESIAN_POINT('',(-7.31112270036582,-42.9493044721681,14.2210222419352));
#7027=CARTESIAN_POINT('Origin',(-2.00464772466331,-38.866124227918,10.1999999999994));
#7028=CARTESIAN_POINT('',(-4.23563823928145,-41.0971147425361,8.63700279092493));
#7029=CARTESIAN_POINT('Origin',(-5.1448831029881,-42.0063596062428,8.));
#7030=CARTESIAN_POINT('',(0.485090979318229,-36.3763855239366,10.1999999999994));
#7031=CARTESIAN_POINT('Origin',(-2.00464772466331,-38.866124227918,10.1999999999994));
#7032=CARTESIAN_POINT('',(0.226342789954829,-36.6351337132999,8.63700279092493));
#7033=CARTESIAN_POINT('Origin',(-2.00464772466331,-38.866124227918,10.1999999999994));
#7034=CARTESIAN_POINT('Origin',(1.13558765366148,-35.7258888495932,8.));
#7035=CARTESIAN_POINT('Ctrl Pts',(0.226342789954872,-36.6351337132999,8.63700279092493));
#7036=CARTESIAN_POINT('Ctrl Pts',(0.108560415814126,-36.7529160874406,8.3007624470886));
#7037=CARTESIAN_POINT('Ctrl Pts',(-0.470454103260891,-37.106028072129,7.37663440573215));
#7038=CARTESIAN_POINT('Ctrl Pts',(-1.76651015019415,-37.7533024917632,6.6648461029435));
#7039=CARTESIAN_POINT('Ctrl Pts',(-2.84390466951893,-38.8363350407759,6.66496198536375));
#7040=CARTESIAN_POINT('Ctrl Pts',(-3.34452117958859,-39.5991031843263,6.96234831837522));
#7041=CARTESIAN_POINT('Ctrl Pts',(-3.82051854071225,-40.4593310261907,7.54857352823977));
#7042=CARTESIAN_POINT('Ctrl Pts',(-4.0589646780703,-40.920441181325,8.13264227517044));
#7043=CARTESIAN_POINT('Ctrl Pts',(-4.23563823928142,-41.0971147425361,8.63700279092493));
#7044=CARTESIAN_POINT('Ctrl Pts',(0.37814129034195,-36.786932213687,8.63700279092493));
#7045=CARTESIAN_POINT('Ctrl Pts',(0.259099135278497,-36.9121683791938,8.28835795904746));
#7046=CARTESIAN_POINT('Ctrl Pts',(-0.331587819177567,-37.2982275498199,
7.33773342485773));
#7047=CARTESIAN_POINT('Ctrl Pts',(-1.60321619950409,-37.9774075167638,6.66467469513251));
#7048=CARTESIAN_POINT('Ctrl Pts',(-2.63200325775856,-39.0133542754419,6.66642346746887));
#7049=CARTESIAN_POINT('Ctrl Pts',(-3.13510730050848,-39.7523428120134,6.94477204255401));
#7050=CARTESIAN_POINT('Ctrl Pts',(-3.63337221244328,-40.6030692445606,7.51999369684278));
#7051=CARTESIAN_POINT('Ctrl Pts',(-3.89598549063416,-41.0703500103281,8.11403554310875));
#7052=CARTESIAN_POINT('Ctrl Pts',(-4.08383973889434,-41.2489132429232,8.63700279092493));
#7053=CARTESIAN_POINT('Ctrl Pts',(0.74343336637776,-37.0278839573624,8.59344734073784));
#7054=CARTESIAN_POINT('Ctrl Pts',(0.621147821718742,-37.168683285984,8.2087828316141));
#7055=CARTESIAN_POINT('Ctrl Pts',(0.00690345525831844,-37.6204630595876,
7.16777540274794));
#7056=CARTESIAN_POINT('Ctrl Pts',(-1.24379315522798,-38.3903285451847,6.50149622930811));
#7057=CARTESIAN_POINT('Ctrl Pts',(-2.2293766769361,-39.3860561234001,6.50597910419642));
#7058=CARTESIAN_POINT('Ctrl Pts',(-2.76103899521529,-40.1015850240081,6.77671555730044));
#7059=CARTESIAN_POINT('Ctrl Pts',(-3.3197969422221,-40.9498043758108,7.37410424043647));
#7060=CARTESIAN_POINT('Ctrl Pts',(-3.63168900228657,-41.4307770019705,8.01645057705229));
#7061=CARTESIAN_POINT('Ctrl Pts',(-3.84288799521888,-41.614205318959,8.59344734073784));
#7062=CARTESIAN_POINT('Ctrl Pts',(1.47434436392688,-37.1502860871923,8.38029142283718));
#7063=CARTESIAN_POINT('Ctrl Pts',(1.34000748885312,-37.3121221780916,7.90664267352202));
#7064=CARTESIAN_POINT('Ctrl Pts',(0.670290158416358,-37.8413057222371,6.6177283029118));
#7065=CARTESIAN_POINT('Ctrl Pts',(-0.695650498655183,-38.767616493381,5.74100896134305));
#7066=CARTESIAN_POINT('Ctrl Pts',(-1.81710291643752,-39.9009429930701,5.74558054884402));
#7067=CARTESIAN_POINT('Ctrl Pts',(-2.44370928585218,-40.6912146152275,6.10397690842582));
#7068=CARTESIAN_POINT('Ctrl Pts',(-3.10789729881678,-41.6206917253057,6.86850705444097));
#7069=CARTESIAN_POINT('Ctrl Pts',(-3.47773172904006,-42.1436110038976,7.66981829886453));
#7070=CARTESIAN_POINT('Ctrl Pts',(-3.72048586538896,-42.3451163165082,8.38029142283718));
#7071=CARTESIAN_POINT('Ctrl Pts',(1.94625181436885,-36.9446211508913,8.14294309202042));
#7072=CARTESIAN_POINT('Ctrl Pts',(1.79446307383033,-37.1111991873756,7.59981639304631));
#7073=CARTESIAN_POINT('Ctrl Pts',(1.05608762057668,-37.6430491149704,6.11039759175077));
#7074=CARTESIAN_POINT('Ctrl Pts',(-0.541487201494966,-38.6149052359139,
4.99064310191927));
#7075=CARTESIAN_POINT('Ctrl Pts',(-1.90889431816661,-39.9907391175773,4.99227904217002));
#7076=CARTESIAN_POINT('Ctrl Pts',(-2.60624358149366,-40.9354847230573,5.45751088427409));
#7077=CARTESIAN_POINT('Ctrl Pts',(-3.30760560739737,-42.0073307029991,6.39032063609607));
#7078=CARTESIAN_POINT('Ctrl Pts',(-3.67628374696358,-42.5893406561424,7.32825304355935));
#7079=CARTESIAN_POINT('Ctrl Pts',(-3.92615080169002,-42.8170237669501,8.14294309202042));
#7080=CARTESIAN_POINT('Ctrl Pts',(2.15028588466421,-36.7405870805959,8.));
#7081=CARTESIAN_POINT('Ctrl Pts',(1.98450105689538,-36.9063719083648,7.42327396651742));
#7082=CARTESIAN_POINT('Ctrl Pts',(1.19085221029814,-37.4247396772632,5.83819142216646));
#7083=CARTESIAN_POINT('Ctrl Pts',(-0.572114486453892,-38.3971118548389,
4.61731816269107));
#7084=CARTESIAN_POINT('Ctrl Pts',(-2.08913610752298,-39.9210038852763,4.61751692649145));
#7085=CARTESIAN_POINT('Ctrl Pts',(-2.81854915308901,-40.9698705588462,5.12759979844189));
#7086=CARTESIAN_POINT('Ctrl Pts',(-3.52484400449174,-42.1443822946246,6.13310477787185));
#7087=CARTESIAN_POINT('Ctrl Pts',(-3.88150763033216,-42.7723805955923,7.13491094977622));
#7088=CARTESIAN_POINT('Ctrl Pts',(-4.13018487198538,-43.0210578372455,8.));
#7089=CARTESIAN_POINT('Ctrl Pts',(-4.13018487198538,-43.0210578372455,8.));
#7090=CARTESIAN_POINT('Ctrl Pts',(-3.88150763033216,-42.7723805955923,7.13491094977622));
#7091=CARTESIAN_POINT('Ctrl Pts',(-3.52484400449174,-42.1443822946246,6.13310477787185));
#7092=CARTESIAN_POINT('Ctrl Pts',(-2.81854915308901,-40.9698705588462,5.12759979844189));
#7093=CARTESIAN_POINT('Ctrl Pts',(-2.08913610752298,-39.9210038852763,4.61751692649145));
#7094=CARTESIAN_POINT('Ctrl Pts',(-0.572114486453892,-38.3971118548389,
4.61731816269107));
#7095=CARTESIAN_POINT('Ctrl Pts',(1.19085221029814,-37.4247396772632,5.83819142216646));
#7096=CARTESIAN_POINT('Ctrl Pts',(1.98450105689538,-36.9063719083648,7.42327396651742));
#7097=CARTESIAN_POINT('Ctrl Pts',(2.15028588466421,-36.7405870805959,8.));
#7098=CARTESIAN_POINT('Ctrl Pts',(0.226342789954872,-36.6351337132999,8.63700279092493));
#7099=CARTESIAN_POINT('Ctrl Pts',(0.108560415814126,-36.7529160874406,8.3007624470886));
#7100=CARTESIAN_POINT('Ctrl Pts',(-0.470454103260891,-37.106028072129,7.37663440573215));
#7101=CARTESIAN_POINT('Ctrl Pts',(-1.76651015019415,-37.7533024917632,6.6648461029435));
#7102=CARTESIAN_POINT('Ctrl Pts',(-2.84390466951893,-38.8363350407759,6.66496198536375));
#7103=CARTESIAN_POINT('Ctrl Pts',(-3.34452117958859,-39.5991031843263,6.96234831837522));
#7104=CARTESIAN_POINT('Ctrl Pts',(-3.82051854071225,-40.4593310261907,7.54857352823977));
#7105=CARTESIAN_POINT('Ctrl Pts',(-4.0589646780703,-40.920441181325,8.13264227517044));
#7106=CARTESIAN_POINT('Ctrl Pts',(-4.23563823928142,-41.0971147425361,8.63700279092493));
#7107=CARTESIAN_POINT('Origin',(-2.61629509038955,-38.2544768621918,10.1999999999994));
#7108=CARTESIAN_POINT('',(-0.126556386408083,-35.7647381582103,10.1999999999995));
#7109=CARTESIAN_POINT('Origin',(-2.61629509038955,-38.2544768621918,10.1999999999994));
#7110=CARTESIAN_POINT('',(-0.126556386408079,-35.7647381582103,10.1999999999995));
#7111=CARTESIAN_POINT('Origin',(-5.82302434307076,-42.6845008463259,45.8999999999994));
#7112=CARTESIAN_POINT('',(-0.238633119373877,-37.100109622629,53.2242111833059));
#7113=CARTESIAN_POINT('Origin',(0.5053632466168,-36.3561132566384,54.2));
#7114=CARTESIAN_POINT('',(-11.4074155667676,-48.2688920700228,53.2242111833059));
#7115=CARTESIAN_POINT('Origin',(-5.82302434307076,-42.6845008463259,45.8999999999994));
#7116=CARTESIAN_POINT('Origin',(-12.1514119327583,-49.0128884360135,54.2));
#7117=CARTESIAN_POINT('Ctrl Pts',(-11.4074155667679,-48.2688920700226,53.2242111833059));
#7118=CARTESIAN_POINT('Ctrl Pts',(-10.997423446024,-47.8588999492787,53.849413363736));
#7119=CARTESIAN_POINT('Ctrl Pts',(-9.85759733124991,-46.2366967357018,55.5031486290653));
#7120=CARTESIAN_POINT('Ctrl Pts',(-8.27665970998421,-43.2867923361824,56.6927578573979));
#7121=CARTESIAN_POINT('Ctrl Pts',(-5.83077938363616,-40.8453241141002,56.6961174027919));
#7122=CARTESIAN_POINT('Ctrl Pts',(-3.74353335422326,-39.4385751379611,56.0937239048248));
#7123=CARTESIAN_POINT('Ctrl Pts',(-1.7321892587723,-38.272311169149,54.9553883676315));
#7124=CARTESIAN_POINT('Ctrl Pts',(-0.648625240117959,-37.5101017433727,
53.849413363736));
#7125=CARTESIAN_POINT('Ctrl Pts',(-0.238633119374094,-37.1001096226288,
53.2242111833059));
#7126=CARTESIAN_POINT('Ctrl Pts',(-11.2556170663808,-48.4206905704096,53.2242111833059));
#7127=CARTESIAN_POINT('Ctrl Pts',(-10.830322914441,-48.0096338543923,53.8618419450047));
#7128=CARTESIAN_POINT('Ctrl Pts',(-9.64357676684733,-46.3770303463153,55.5396234367332));
#7129=CARTESIAN_POINT('Ctrl Pts',(-8.02439782414266,-43.4607785840955,56.6932730756638));
#7130=CARTESIAN_POINT('Ctrl Pts',(-5.63900698862025,-41.0825247580275,56.6950033505989));
#7131=CARTESIAN_POINT('Ctrl Pts',(-3.58971571921871,-39.6715039699533,56.1144485386984));
#7132=CARTESIAN_POINT('Ctrl Pts',(-1.58529503660424,-38.470418970382,54.9820797639056));
#7133=CARTESIAN_POINT('Ctrl Pts',(-0.497891335004351,-37.6772022749557,
53.8618419450047));
#7134=CARTESIAN_POINT('Ctrl Pts',(-0.086834618987016,-37.2519081230159,
53.2242111833059));
#7135=CARTESIAN_POINT('Ctrl Pts',(-11.0036380766605,-48.7745643895502,53.2910312912878));
#7136=CARTESIAN_POINT('Ctrl Pts',(-10.5490444059914,-48.3623808679726,53.965586005615));
#7137=CARTESIAN_POINT('Ctrl Pts',(-9.27228800035821,-46.7117239905022,55.7334337383968));
#7138=CARTESIAN_POINT('Ctrl Pts',(-7.55380043311263,-43.8371224451072,56.8920469988015));
#7139=CARTESIAN_POINT('Ctrl Pts',(-5.23996683991983,-41.5358108295345,56.8912433579116));
#7140=CARTESIAN_POINT('Ctrl Pts',(-3.24008711780748,-40.0913098409249,56.314003621634));
#7141=CARTESIAN_POINT('Ctrl Pts',(-1.23925591246226,-38.8119560311341,55.1432228860228));
#7142=CARTESIAN_POINT('Ctrl Pts',(-0.145144321424143,-37.9584807834053,
53.9655860056151));
#7143=CARTESIAN_POINT('Ctrl Pts',(0.267039200153545,-37.5038871127362,53.2910312912878));
#7144=CARTESIAN_POINT('Ctrl Pts',(-10.8255338026031,-49.4503734156824,53.6174137531453));
#7145=CARTESIAN_POINT('Ctrl Pts',(-10.3413969012615,-49.0293625352942,54.3837604039209));
#7146=CARTESIAN_POINT('Ctrl Pts',(-8.98192274283554,-47.32924599392,56.4049060651844));
#7147=CARTESIAN_POINT('Ctrl Pts',(-7.14886903118668,-44.3551569863556,57.7974134168842));
#7148=CARTESIAN_POINT('Ctrl Pts',(-4.74309565786425,-41.9645266035506,57.7977459397729));
#7149=CARTESIAN_POINT('Ctrl Pts',(-2.67404839744223,-40.437763816984,57.1008772830574));
#7150=CARTESIAN_POINT('Ctrl Pts',(-0.603730297931308,-39.0757058038637,
55.7315462129252));
#7151=CARTESIAN_POINT('Ctrl Pts',(0.521837345897494,-38.1661282881352,54.3837604039209));
#7152=CARTESIAN_POINT('Ctrl Pts',(0.942848226285795,-37.6819913867936,53.6174137531453));
#7153=CARTESIAN_POINT('Ctrl Pts',(-10.9697613076348,-49.860634272895,53.9810335015728));
#7154=CARTESIAN_POINT('Ctrl Pts',(-10.4926535663217,-49.4173636339503,54.8155470662946));
#7155=CARTESIAN_POINT('Ctrl Pts',(-9.17262579384438,-47.632976739093,57.0263192167736));
#7156=CARTESIAN_POINT('Ctrl Pts',(-7.3863331773094,-44.4067769356992,58.6269611738448));
#7157=CARTESIAN_POINT('Ctrl Pts',(-4.75399484400491,-41.7827697309989,58.6304458998227));
#7158=CARTESIAN_POINT('Ctrl Pts',(-2.48920800032936,-40.225254589087,57.8220244598779));
#7159=CARTESIAN_POINT('Ctrl Pts',(-0.278499186984094,-38.8974521796241,
56.2931398857477));
#7160=CARTESIAN_POINT('Ctrl Pts',(0.909838444553599,-38.014871623075,54.8155470662946));
#7161=CARTESIAN_POINT('Ctrl Pts',(1.35310908349829,-37.5377638817618,53.9810335015728));
#7162=CARTESIAN_POINT('Ctrl Pts',(-11.1367137017558,-50.0275866670159,54.2));
#7163=CARTESIAN_POINT('Ctrl Pts',(-10.6720992174096,-49.5629721826697,55.0633620897165));
#7164=CARTESIAN_POINT('Ctrl Pts',(-9.40100331789217,-47.7040595595541,57.3470590747944));
#7165=CARTESIAN_POINT('Ctrl Pts',(-7.66786525883558,-44.3027213137451,58.989829272129));
#7166=CARTESIAN_POINT('Ctrl Pts',(-4.89593728722795,-41.5361698591407,58.9944685779769));
#7167=CARTESIAN_POINT('Ctrl Pts',(-2.50156987984873,-39.9710448624531,58.1626037420632));
#7168=CARTESIAN_POINT('Ctrl Pts',(-0.186192616801878,-38.6854682106951,
56.5906390577533));
#7169=CARTESIAN_POINT('Ctrl Pts',(1.05544699327304,-37.8354259719871,55.0633620897165));
#7170=CARTESIAN_POINT('Ctrl Pts',(1.52006147761928,-37.3708114876409,54.2));
#7171=CARTESIAN_POINT('',(-8.88480457390737,-44.5229863457103,56.0984615517673));
#7172=CARTESIAN_POINT('',(-3.98453884362129,-39.6227206154371,56.0984615517391));
#7173=CARTESIAN_POINT('Ctrl Pts',(-8.8848045739074,-44.5229863457103,56.0984615517673));
#7174=CARTESIAN_POINT('Ctrl Pts',(-8.40455763451754,-44.0427394063205,56.3292157304432));
#7175=CARTESIAN_POINT('Ctrl Pts',(-7.89725188336475,-43.5354336551677,56.5210365460352));
#7176=CARTESIAN_POINT('Ctrl Pts',(-7.13469241751455,-42.7728741893175,56.6851981782806));
#7177=CARTESIAN_POINT('Ctrl Pts',(-6.8798712896676,-42.5180530614705,56.7195568020864));
#7178=CARTESIAN_POINT('Ctrl Pts',(-6.39575484980566,-42.0339366216086,56.7407029591021));
#7179=CARTESIAN_POINT('Ctrl Pts',(-6.17137687264746,-41.8095586444504,56.7326495240733));
#7180=CARTESIAN_POINT('Ctrl Pts',(-5.62541860581116,-41.263600377614,56.6709141902398));
#7181=CARTESIAN_POINT('Ctrl Pts',(-5.30960800706676,-40.9477897788703,56.6001450493081));
#7182=CARTESIAN_POINT('Ctrl Pts',(-4.65508995700888,-40.2932717288124,56.3961667578348));
#7183=CARTESIAN_POINT('Ctrl Pts',(-4.31431168372611,-39.952493455529,56.2569143280612));
#7184=CARTESIAN_POINT('Ctrl Pts',(-3.98453884368659,-39.6227206154894,56.0984615517674));
#7185=CARTESIAN_POINT('Ctrl Pts',(-3.98432954833933,-39.6231615649702,56.0978042594794));
#7186=CARTESIAN_POINT('Ctrl Pts',(-3.90817481477696,-39.5744699353747,56.067783376817));
#7187=CARTESIAN_POINT('Ctrl Pts',(-3.14759684902454,-39.0930254752828,55.7564490927662));
#7188=CARTESIAN_POINT('Ctrl Pts',(-1.7321892587723,-38.272311169149,54.9553883676315));
#7189=CARTESIAN_POINT('Ctrl Pts',(-0.648625240117959,-37.5101017433727,
53.849413363736));
#7190=CARTESIAN_POINT('Ctrl Pts',(-0.238633119374094,-37.1001096226288,
53.2242111833059));
#7191=CARTESIAN_POINT('Ctrl Pts',(1.52006147761928,-37.3708114876409,54.2));
#7192=CARTESIAN_POINT('Ctrl Pts',(1.05544699327304,-37.8354259719871,55.0633620897165));
#7193=CARTESIAN_POINT('Ctrl Pts',(-0.186192616801878,-38.6854682106951,
56.5906390577533));
#7194=CARTESIAN_POINT('Ctrl Pts',(-2.50156987984873,-39.9710448624531,58.1626037420632));
#7195=CARTESIAN_POINT('Ctrl Pts',(-4.89593728722795,-41.5361698591407,58.9944685779769));
#7196=CARTESIAN_POINT('Ctrl Pts',(-7.66786525883558,-44.3027213137451,58.989829272129));
#7197=CARTESIAN_POINT('Ctrl Pts',(-9.40100331789217,-47.7040595595541,57.3470590747944));
#7198=CARTESIAN_POINT('Ctrl Pts',(-10.6720992174096,-49.5629721826697,55.0633620897165));
#7199=CARTESIAN_POINT('Ctrl Pts',(-11.1367137017558,-50.0275866670159,54.2));
#7200=CARTESIAN_POINT('Ctrl Pts',(-11.4074155667679,-48.2688920700226,53.2242111833059));
#7201=CARTESIAN_POINT('Ctrl Pts',(-10.997423446024,-47.8588999492787,53.849413363736));
#7202=CARTESIAN_POINT('Ctrl Pts',(-10.1955467718624,-46.7176671762648,55.0128291841998));
#7203=CARTESIAN_POINT('Ctrl Pts',(-9.37096444851917,-45.2843182189444,55.7993468358687));
#7204=CARTESIAN_POINT('Ctrl Pts',(-8.88492838581252,-44.5231575088506,56.0990969351947));
#7205=CARTESIAN_POINT('Origin',(-6.43467170879697,-42.0728534805997,45.8999999999994));
#7206=CARTESIAN_POINT('Origin',(-6.43467170879697,-42.0728534805997,45.8999999999994));
#7207=CARTESIAN_POINT('Origin',(-13.8741578810842,-49.5123396528865,6.17897775806339));
#7208=CARTESIAN_POINT('',(-13.8741578810842,-49.5123396528865,6.17897775806339));
#7209=CARTESIAN_POINT('',(-10.1544147949405,-45.7925965667428,6.17897775806346));
#7210=CARTESIAN_POINT('',(-13.8741578810842,-49.5123396528865,6.17897775806339));
#7211=CARTESIAN_POINT('Origin',(-13.8741578810842,-49.5123396528866,14.221022241935));
#7212=CARTESIAN_POINT('',(-13.8741578810842,-49.5123396528868,22.6605111209671));
#7213=CARTESIAN_POINT('Origin',(-15.76848122046,-43.3456456867354,54.2));
#7214=CARTESIAN_POINT('',(5.19648441338578,-32.4908061671866,57.790637126821));
#7215=CARTESIAN_POINT('Origin',(0.141421356237292,-27.4357431100381,54.2));
#7216=CARTESIAN_POINT('',(-2.21579325976746,-29.7929577260428,62.2));
#7217=CARTESIAN_POINT('Origin',(-2.21579325976746,-29.7929577260428,54.2));
#7218=CARTESIAN_POINT('',(-15.76848122046,-43.3456456867354,62.2));
#7219=CARTESIAN_POINT('Origin',(0.636396103068555,-35.0017856687336,6.29999999999946));
#7220=CARTESIAN_POINT('',(-5.9210264215141,-28.4443631441509,3.29999999999954));
#7221=CARTESIAN_POINT('',(0.749480079426965,-30.8722289579727,6.29999999999953));
#7222=CARTESIAN_POINT('Origin',(-5.92102642151417,-28.4443631441509,6.29999999999955));
#7223=CARTESIAN_POINT('',(0.636396103068559,-35.0017856687335,3.29999999999945));
#7224=CARTESIAN_POINT('',(0.636396103068559,-35.0017856687335,3.29999999999945));
#7225=CARTESIAN_POINT('',(2.75771644662819,-32.8804653251739,6.2999999999995));
#7226=CARTESIAN_POINT('Origin',(0.636396103068555,-35.0017856687336,6.29999999999946));
#7227=CARTESIAN_POINT('',(2.75771644662819,-32.8804653251739,6.2999999999995));
#7228=CARTESIAN_POINT('Origin',(2.75771644662813,-32.8804653251746,54.3999999999996));
#7229=CARTESIAN_POINT('',(0.749480079425807,-30.8722289579723,54.3999999999996));
#7230=CARTESIAN_POINT('',(0.749480079426095,-30.8722289579724,42.7500000000001));
#7231=CARTESIAN_POINT('',(2.75771644662813,-32.8804653251746,54.3999999999996));
#7232=CARTESIAN_POINT('',(2.75771644662813,-32.8804653251746,54.3999999999996));
#7233=CARTESIAN_POINT('',(2.75771644662813,-32.8804653251746,54.3999999999996));
#7234=CARTESIAN_POINT('Origin',(-0.424264068711322,-36.0624458405141,54.3999999999996));
#7235=CARTESIAN_POINT('',(-9.256279671986,-27.2304302372396,58.8999999999997));
#7236=CARTESIAN_POINT('Origin',(-9.25627967198589,-27.2304302372397,54.3999999999997));
#7237=CARTESIAN_POINT('',(-0.424264068711331,-36.0624458405142,58.8999999999996));
#7238=CARTESIAN_POINT('Origin',(-0.424264068711322,-36.0624458405141,54.3999999999996));
#7239=CARTESIAN_POINT('',(-0.424264068711331,-36.0624458405142,58.8999999999996));
#7240=CARTESIAN_POINT('Origin',(-12.4450793488826,-48.0832611206856,58.8999999999994));
#7241=CARTESIAN_POINT('',(-14.6811450453246,-25.255940716443,58.8999999999997));
#7242=CARTESIAN_POINT('',(-12.4450793488826,-48.0832611206856,58.8999999999994));
#7243=CARTESIAN_POINT('',(-12.4450793488826,-48.0832611206856,58.8999999999994));
#7244=CARTESIAN_POINT('',(-12.4450793488826,-48.0832611206856,58.8999999999994));
#7245=CARTESIAN_POINT('Origin',(-12.4450793488826,-48.0832611206856,54.3999999999994));
#7246=CARTESIAN_POINT('Origin',(-12.4450793488826,-48.0832611206856,54.3999999999994));
#7247=CARTESIAN_POINT('Origin',(-13.5057395206624,-49.1439212924647,6.29999999999922));
#7248=CARTESIAN_POINT('',(-13.5057395206623,-49.1439212924646,3.2999999999992));
#7249=CARTESIAN_POINT('Origin',(-13.5057395206624,-49.1439212924647,6.29999999999922));
#7250=CARTESIAN_POINT('',(-28.6378246380547,-34.0118361750725,3.29999999999941));
#7251=CARTESIAN_POINT('',(-13.5057395206623,-49.1439212924646,3.2999999999992));
#7252=CARTESIAN_POINT('Origin',(-28.637824638055,-34.0118361750722,6.29999999999943));
#7253=CARTESIAN_POINT('Origin',(0.636396103068559,-35.0017856687335,3.29999999999945));
#7254=CARTESIAN_POINT('',(-18.4941198474459,-23.8681313844637,3.29999999999958));
#7255=CARTESIAN_POINT('',(-11.0076808721291,-26.5929723321294,3.29999999999956));
#7256=CARTESIAN_POINT('',(-13.5410948597218,-18.9151063967396,3.29999999999967));
#7257=CARTESIAN_POINT('',(0.636396103068559,-35.0017856687335,3.29999999999945));
#7258=CARTESIAN_POINT('Origin',(-6.43467170879694,-42.0728534805995,31.0999999999994));
#7259=CARTESIAN_POINT('Origin',(-23.9922001032459,-21.8669938257458,31.1));
#7260=CARTESIAN_POINT('',(-42.6524007068669,-15.0752362405915,0.));
#7261=CARTESIAN_POINT('',(-50.9470894139642,-12.0562164487041,8.));
#7262=CARTESIAN_POINT('Origin',(-42.6524007068669,-15.0752362405915,8.));
#7263=CARTESIAN_POINT('',(-50.9470894139642,-12.0562164487041,54.2));
#7264=CARTESIAN_POINT('',(-50.9470894139642,-12.0562164487041,15.55));
#7265=CARTESIAN_POINT('',(-42.6524007068669,-15.0752362405916,62.2));
#7266=CARTESIAN_POINT('Origin',(-42.6524007068669,-15.0752362405916,54.2));
#7267=CARTESIAN_POINT('',(-23.7241365014181,-21.9645609977014,62.2));
#7268=CARTESIAN_POINT('',(5.19648441338568,-32.4908061671865,4.40936287317875));
#7269=CARTESIAN_POINT('',(5.19648441338568,-32.4908061671865,15.55));
#7270=CARTESIAN_POINT('',(-2.21579325976741,-29.7929577260428,0.));
#7271=CARTESIAN_POINT('Origin',(-2.21579325976742,-29.7929577260428,8.));
#7272=CARTESIAN_POINT('',(-23.7241365014181,-21.9645609977013,0.));
#7273=CARTESIAN_POINT('',(-42.6524007068669,-15.0752362405916,59.9));
#7274=CARTESIAN_POINT('',(-23.7241365014181,-21.9645609977014,59.9));
#7275=CARTESIAN_POINT('',(-42.6524007068669,-15.0752362405916,58.2));
#7276=CARTESIAN_POINT('',(-42.6524007068669,-15.0752362405916,46.15));
#7277=CARTESIAN_POINT('',(-46.7997450604156,-13.5657263446478,54.2));
#7278=CARTESIAN_POINT('Origin',(-42.6524007068669,-15.0752362405916,54.2));
#7279=CARTESIAN_POINT('',(-48.5623664106738,-12.9241846388718,54.2));
#7280=CARTESIAN_POINT('',(-36.7095171569313,-17.2382689584784,54.2));
#7281=CARTESIAN_POINT('',(-48.5623664106737,-12.9241846388717,8.));
#7282=CARTESIAN_POINT('',(-48.5623664106737,-12.9241846388717,15.55));
#7283=CARTESIAN_POINT('',(-46.7997450604155,-13.5657263446478,8.));
#7284=CARTESIAN_POINT('',(-37.98699326639,-16.7733056796492,8.));
#7285=CARTESIAN_POINT('',(-42.6524007068669,-15.0752362405915,4.));
#7286=CARTESIAN_POINT('Origin',(-42.6524007068669,-15.0752362405915,8.));
#7287=CARTESIAN_POINT('',(-42.6524007068669,-15.0752362405915,17.55));
#7288=CARTESIAN_POINT('',(-18.4941198474459,-23.8681313844637,45.5));
#7289=CARTESIAN_POINT('Origin',(-15.76848122046,-43.3456456867354,8.));
#7290=CARTESIAN_POINT('',(-15.76848122046,-43.3456456867354,0.));
#7291=CARTESIAN_POINT('Origin',(0.141421356237292,-27.4357431100381,8.));
#7292=CARTESIAN_POINT('Origin',(5.79827560572967,-33.0925973595305,0.));
#7293=CARTESIAN_POINT('Origin',(-24.2537625946986,-24.2537625946986,0.));
#7294=CARTESIAN_POINT('',(-32.7390439689372,-5.16187950266183,0.));
#7295=CARTESIAN_POINT('',(-26.8700576850888,-32.2440692221066,1.38777878078145E-16));
#7296=CARTESIAN_POINT('Origin',(-31.4662517628014,4.17193000900058,0.));
#7297=CARTESIAN_POINT('',(-52.6794551983978,-17.0412734265958,54.2));
#7298=CARTESIAN_POINT('',(-36.7695526217005,-1.13137084989851,54.2));
#7299=CARTESIAN_POINT('',(-52.6794551983978,-17.0412734265958,8.));
#7300=CARTESIAN_POINT('',(-52.6794551983978,-17.0412734265958,0.));
#7301=CARTESIAN_POINT('',(-36.7695526217005,-1.13137084989851,8.));
#7302=CARTESIAN_POINT('Origin',(-48.6489465456345,-21.0717820793591,4.));
#7303=CARTESIAN_POINT('',(-51.2652416360247,-23.6880771697493,4.));
#7304=CARTESIAN_POINT('',(-48.6489465456345,-21.0717820793591,4.));
#7305=CARTESIAN_POINT('',(-51.2652416360247,-23.6880771697493,1.));
#7306=CARTESIAN_POINT('',(-51.2652416360247,-23.6880771697493,16.05));
#7307=CARTESIAN_POINT('',(-48.6489465456345,-21.0717820793591,1.));
#7308=CARTESIAN_POINT('Origin',(-53.5986940139403,-16.1220346110533,8.));
#7309=CARTESIAN_POINT('',(-53.5986940139403,-16.1220346110533,8.));
#7310=CARTESIAN_POINT('',(-52.8915872327538,-16.8291413922398,8.));
#7311=CARTESIAN_POINT('',(-56.2149891043305,-18.7383297014435,8.));
#7312=CARTESIAN_POINT('',(-53.5986940139403,-16.1220346110533,8.));
#7313=CARTESIAN_POINT('',(-54.0936687607709,-20.8596500450031,8.));
#7314=CARTESIAN_POINT('',(-45.7851640818289,-29.1681547239451,8.));
#7315=CARTESIAN_POINT('',(-51.4773736703807,-18.2433549546129,8.));
#7316=CARTESIAN_POINT('Origin',(-48.6489465456345,-21.0717820793591,8.));
#7317=CARTESIAN_POINT('Origin',(-51.2652416360247,-23.6880771697493,8.));
#7318=CARTESIAN_POINT('Origin',(-37.476659402887,-37.476659402887,31.1));
#7319=CARTESIAN_POINT('',(-20.8596500450031,-54.0936687607709,8.));
#7320=CARTESIAN_POINT('',(-23.6880771697493,-51.2652416360247,3.99999999999999));
#7321=CARTESIAN_POINT('Origin',(-23.6880771697493,-51.2652416360247,7.99999999999998));
#7322=CARTESIAN_POINT('',(-23.6880771697493,-51.2652416360247,1.));
#7323=CARTESIAN_POINT('',(-23.6880771697493,-51.2652416360247,17.55));
#7324=CARTESIAN_POINT('',(-18.7383297014435,-56.2149891043305,8.));
#7325=CARTESIAN_POINT('Origin',(-23.6880771697493,-51.2652416360247,8.));
#7326=CARTESIAN_POINT('',(-28.1074945521652,-46.8458242536088,8.));
#7327=CARTESIAN_POINT('Origin',(-21.0717820793591,-48.6489465456344,8.));
#7328=CARTESIAN_POINT('',(-21.0717820793591,-48.6489465456345,1.));
#7329=CARTESIAN_POINT('',(-14.7078210486802,-52.1844804515672,8.));
#7330=CARTESIAN_POINT('',(-16.1220346110533,-53.5986940139403,8.));
#7331=CARTESIAN_POINT('',(-18.9760423443238,-54.5982018142468,3.92090356872477));
#7332=CARTESIAN_POINT('',(-17.7244639159785,-54.7891200708122,6.00156292824403));
#7333=CARTESIAN_POINT('Origin',(-18.1146563696644,-45.6918208359397,8.));
#7334=CARTESIAN_POINT('',(-17.915382172544,-53.5375416424669,3.92090356872473));
#7335=CARTESIAN_POINT('Origin',(-26.8217631508509,-54.3989276171263,8.));
#7336=CARTESIAN_POINT('',(-19.0535229266992,-52.3994008883117,2.31132947830889));
#7337=CARTESIAN_POINT('Origin',(-21.9378796743678,-49.5150441406431,8.));
#7338=CARTESIAN_POINT('',(-21.0551013550445,-51.4584826317463,1.29133029056942));
#7339=CARTESIAN_POINT('Origin',(-26.8217631508509,-54.3989276171263,8.));
#7340=CARTESIAN_POINT('',(-20.1141830984791,-53.4600610600915,2.31132947830886));
#7341=CARTESIAN_POINT('Origin',(-18.1146563696644,-45.6918208359397,8.));
#7342=CARTESIAN_POINT('Origin',(-22.9985398461476,-50.575704312423,8.));
#7343=CARTESIAN_POINT('Origin',(-16.1220346110533,-53.5986940139403,8.));
#7344=CARTESIAN_POINT('',(-18.2433549546129,-51.4773736703806,8.));
#7345=CARTESIAN_POINT('Origin',(-21.0717820793591,-48.6489465456344,7.99999999999998));
#7346=CARTESIAN_POINT('',(-21.0717820793591,-48.6489465456344,3.99999999999999));
#7347=CARTESIAN_POINT('Origin',(-21.0717820793591,-48.6489465456344,3.99999999999999));
#7348=CARTESIAN_POINT('Origin',(-37.476659402887,-37.476659402887,31.1));
#7349=CARTESIAN_POINT('',(-51.2652416360247,-23.6880771697493,58.2));
#7350=CARTESIAN_POINT('',(-51.2652416360247,-23.6880771697493,61.2));
#7351=CARTESIAN_POINT('',(-51.2652416360247,-23.6880771697493,44.65));
#7352=CARTESIAN_POINT('',(-56.2149891043305,-18.7383297014435,54.2));
#7353=CARTESIAN_POINT('Origin',(-51.2652416360247,-23.6880771697493,54.2));
#7354=CARTESIAN_POINT('',(-54.0936687607709,-20.8596500450031,54.2));
#7355=CARTESIAN_POINT('',(-46.8458242536088,-28.1074945521653,54.2));
#7356=CARTESIAN_POINT('Origin',(-51.2652416360247,-23.6880771697493,54.2));
#7357=CARTESIAN_POINT('Origin',(-48.6489465456345,-21.0717820793591,54.2));
#7358=CARTESIAN_POINT('',(-48.6489465456345,-21.0717820793591,61.2));
#7359=CARTESIAN_POINT('',(-47.2347329832614,-19.657568516986,61.2));
#7360=CARTESIAN_POINT('',(-53.5986940139403,-16.1220346110533,54.2));
#7361=CARTESIAN_POINT('',(-52.1844804515672,-14.7078210486802,54.2));
#7362=CARTESIAN_POINT('',(-53.5986940139403,-16.1220346110533,54.2));
#7363=CARTESIAN_POINT('',(-54.5980258272347,-18.9758663573117,58.2790964312753));
#7364=CARTESIAN_POINT('',(-54.7889440838001,-17.7242879289665,56.198437071756));
#7365=CARTESIAN_POINT('Origin',(-45.6916448489277,-18.1144803826523,54.2));
#7366=CARTESIAN_POINT('',(-53.5373656554548,-17.915206185532,58.2790964312754));
#7367=CARTESIAN_POINT('Origin',(-54.3987516301142,-26.8215871638388,54.2));
#7368=CARTESIAN_POINT('',(-52.3992249012997,-19.0533469396871,59.8886705216911));
#7369=CARTESIAN_POINT('Origin',(-49.514868153631,-21.9377036873557,54.2));
#7370=CARTESIAN_POINT('',(-51.4583066447342,-21.0549253680324,60.9086697094306));
#7371=CARTESIAN_POINT('Origin',(-54.3987516301142,-26.8215871638388,54.2));
#7372=CARTESIAN_POINT('',(-53.4598850730794,-20.114007111467,59.8886705216911));
#7373=CARTESIAN_POINT('Origin',(-45.6916448489277,-18.1144803826523,54.2));
#7374=CARTESIAN_POINT('Origin',(-50.5755283254109,-22.9983638591355,54.2));
#7375=CARTESIAN_POINT('Origin',(-54.3058007951269,-15.4149278298667,0.));
#7376=CARTESIAN_POINT('Origin',(-37.476659402887,-37.476659402887,31.1));
#7377=CARTESIAN_POINT('Origin',(-51.2652416360247,-23.6880771697493,8.));
#7378=CARTESIAN_POINT('Origin',(-48.6489465456345,-21.0717820793591,8.));
#7379=CARTESIAN_POINT('',(-52.1844804515672,-14.7078210486802,8.));
#7380=CARTESIAN_POINT('',(-53.4601692720365,-20.1142913104237,2.31132947830905));
#7381=CARTESIAN_POINT('',(-51.458590843691,-21.0552095669894,1.29133029056936));
#7382=CARTESIAN_POINT('Origin',(-45.6919290478851,-18.1147645816098,8.));
#7383=CARTESIAN_POINT('',(-52.3995091002564,-19.0536311386442,2.31132947830873));
#7384=CARTESIAN_POINT('Origin',(-54.3990358290712,-26.8218713627958,8.));
#7385=CARTESIAN_POINT('',(-53.5376498544117,-17.9154903844888,3.92090356872468));
#7386=CARTESIAN_POINT('Origin',(-49.5151523525879,-21.9379878863126,8.));
#7387=CARTESIAN_POINT('',(-54.789228282757,-17.7245721279234,6.00156292824389));
#7388=CARTESIAN_POINT('Origin',(-54.3990358290712,-26.8218713627958,8.));
#7389=CARTESIAN_POINT('',(-54.5983100261913,-18.9761505562689,3.92090356872423));
#7390=CARTESIAN_POINT('Origin',(-45.6919290478851,-18.1147645816098,8.));
#7391=CARTESIAN_POINT('Origin',(-50.5758125243678,-22.9986480580924,8.));
#7392=CARTESIAN_POINT('Origin',(-37.476659402887,-37.476659402887,31.1));
#7393=CARTESIAN_POINT('',(-23.6880771697493,-51.2652416360247,58.2));
#7394=CARTESIAN_POINT('',(-20.8596500450031,-54.0936687607709,54.2));
#7395=CARTESIAN_POINT('Origin',(-23.6880771697493,-51.2652416360247,54.2));
#7396=CARTESIAN_POINT('',(-18.7383297014435,-56.2149891043305,54.2));
#7397=CARTESIAN_POINT('',(-29.1681547239451,-45.7851640818289,54.2));
#7398=CARTESIAN_POINT('',(-23.6880771697493,-51.2652416360247,61.2));
#7399=CARTESIAN_POINT('Origin',(-23.6880771697493,-51.2652416360247,54.2));
#7400=CARTESIAN_POINT('',(-23.6880771697493,-51.2652416360247,46.15));
#7401=CARTESIAN_POINT('Origin',(-21.0717820793591,-48.6489465456344,54.2));
#7402=CARTESIAN_POINT('',(-16.1220346110533,-53.5986940139403,54.2));
#7403=CARTESIAN_POINT('',(-14.7078210486802,-52.1844804515672,54.2));
#7404=CARTESIAN_POINT('',(-19.657568516986,-47.2347329832614,61.2));
#7405=CARTESIAN_POINT('',(-21.0717820793591,-48.6489465456345,61.2));
#7406=CARTESIAN_POINT('',(-20.1439121649476,-53.48979012656,59.8886705216912));
#7407=CARTESIAN_POINT('',(-21.0695891523762,-51.5332148314303,60.8958323480776));
#7408=CARTESIAN_POINT('Origin',(-18.1443854361328,-45.7215499024081,54.2));
#7409=CARTESIAN_POINT('',(-21.0398272882974,-51.5034529673515,60.8958323480776));
#7410=CARTESIAN_POINT('',(-19.6285514729697,-50.0921771520239,60.8958323480776));
#7411=CARTESIAN_POINT('',(-19.0832519931676,-52.4291299547803,59.888670521691));
#7412=CARTESIAN_POINT('Origin',(-26.8514922173195,-54.4286566835948,54.2));
#7413=CARTESIAN_POINT('',(-17.9451112390125,-53.5672707089354,58.2790964312753));
#7414=CARTESIAN_POINT('Origin',(-21.9676087408363,-49.5447732071116,54.2));
#7415=CARTESIAN_POINT('',(-17.7541929824471,-54.8188491372807,56.198437071756));
#7416=CARTESIAN_POINT('Origin',(-26.8514922173195,-54.4286566835948,54.2));
#7417=CARTESIAN_POINT('',(-19.0057714107923,-54.6279308807153,58.2790964312752));
#7418=CARTESIAN_POINT('Origin',(-18.1443854361328,-45.7215499024081,54.2));
#7419=CARTESIAN_POINT('Origin',(-23.0282689126161,-50.6054333788915,54.2));
#7420=CARTESIAN_POINT('Origin',(-21.0717820793591,-48.6489465456345,61.2));
#7421=CARTESIAN_POINT('',(-21.0717820793591,-48.6489465456345,58.2));
#7422=CARTESIAN_POINT('Origin',(-21.0717820793591,-48.6489465456344,54.2));
#7423=CARTESIAN_POINT('',(-18.2433549546129,-51.4773736703806,54.2));
#7424=CARTESIAN_POINT('Origin',(-18.2433549546129,-51.4773736703806,54.2));
#7425=CARTESIAN_POINT('Origin',(-54.3058007951269,-15.4149278298667,0.));
#7426=CARTESIAN_POINT('',(-53.5986940139403,-16.1220346110533,27.1));
#7427=CARTESIAN_POINT('',(-53.9522474045336,-15.76848122046,54.2));
#7428=CARTESIAN_POINT('Origin',(-52.1844804515672,-14.7078210486802,54.2));
#7429=CARTESIAN_POINT('Origin',(-51.904239649114,-21.6702209333462,1.17157287525373));
#7430=CARTESIAN_POINT('',(-53.154239649114,-20.4202209333462,1.87867965644029));
#7431=CARTESIAN_POINT('Origin',(-54.3435794773342,-17.1095607615664,6.12132034355956));
#7432=CARTESIAN_POINT('',(-53.8435794773341,-17.6095607615664,4.35355339059321));
#7433=CARTESIAN_POINT('Origin',(-17.0349005424023,-54.4774814055456,55.9312039477323));
#7434=CARTESIAN_POINT('',(-17.5349005424023,-53.9774814055456,57.6989709006987));
#7435=CARTESIAN_POINT('Origin',(-21.5955607141822,-52.0381415773254,60.8809514160382));
#7436=CARTESIAN_POINT('',(-20.3455607141822,-53.2881415773254,60.1738446348516));
#7437=CARTESIAN_POINT('Origin',(-50.8432952783772,-20.6092765626095,61.0284271247463));
#7438=CARTESIAN_POINT('',(-52.0932952783772,-19.3592765626095,60.3213203435597));
#7439=CARTESIAN_POINT('Origin',(-55.4039554501571,-18.1699367343894,56.0786796564404));
#7440=CARTESIAN_POINT('',(-54.903955450157,-18.6699367343894,57.8464466094068));
#7441=CARTESIAN_POINT('Origin',(-52.1709603213222,-19.8119416055545,60.0561553006147));
#7442=CARTESIAN_POINT('',(-52.2486253642671,-20.2646066484994,59.7909902576698));
#7443=CARTESIAN_POINT('Origin',(-54.4512904072121,-18.5922716914444,57.5812815664618));
#7444=CARTESIAN_POINT('Origin',(-17.9875655853473,-54.0551464484906,57.4338058577537));
#7445=CARTESIAN_POINT('',(-21.0652306282923,-51.5078114914355,60.8809514160382));
#7446=CARTESIAN_POINT('',(-20.6125655853473,-51.4301464484906,61.1461164589831));
#7447=CARTESIAN_POINT('',(-18.4402306282923,-54.1328114914355,57.1686408148088));
#7448=CARTESIAN_POINT('Origin',(-20.5349005424023,-50.9774814055456,60.8809514160382));
#7449=CARTESIAN_POINT('',(-21.0652306282922,-51.5078114914355,60.8809514160382));
#7450=CARTESIAN_POINT('Origin',(-20.2678956712372,-52.8354765343805,59.9086795919067));
#7451=CARTESIAN_POINT('Origin',(-53.9212445202791,-18.0622258045114,4.61871843353817));
#7452=CARTESIAN_POINT('',(-53.9989095632241,-18.5148908474563,4.88388347648313));
#7453=CARTESIAN_POINT('Origin',(-52.701574606169,-20.3425558904013,2.14384469938528));
#7454=CARTESIAN_POINT('Origin',(-20.6094525496216,-50.8434712653893,1.1715728752538));
#7455=CARTESIAN_POINT('',(-19.3594525496216,-52.0934712653893,1.87867965644034));
#7456=CARTESIAN_POINT('Origin',(-19.8121175925666,-52.1711363083343,2.1438446993853));
#7457=CARTESIAN_POINT('',(-20.2647826355115,-52.2488013512792,2.40900974233025));
#7458=CARTESIAN_POINT('Origin',(-18.1701127214014,-55.4041314371691,6.12132034355963));
#7459=CARTESIAN_POINT('',(-18.6701127214014,-54.9041314371691,4.35355339059326));
#7460=CARTESIAN_POINT('Origin',(-18.5924476784565,-54.4514663942242,4.61871843353822));
#7461=CARTESIAN_POINT('Origin',(-19.657568516986,-47.2347329832614,61.2));
#7462=CARTESIAN_POINT('Origin',(-14.7078210486802,-52.1844804515672,8.));
#7463=CARTESIAN_POINT('Origin',(-32.7390439689372,-5.16187950266183,8.));
#7464=CARTESIAN_POINT('',(-38.3958982184295,0.494974746830554,8.));
#7465=CARTESIAN_POINT('Origin',(-33.0925973595305,5.79827560572964,0.));
#7466=CARTESIAN_POINT('',(-38.3958982184295,0.494974746830554,54.2));
#7467=CARTESIAN_POINT('Origin',(-32.7390439689372,-5.16187950266183,54.2));
#7468=CARTESIAN_POINT('',(-32.7390439689372,-5.16187950266183,62.2));
#7469=CARTESIAN_POINT('Origin',(-24.2537625946986,-24.2537625946986,62.2));
#7470=CARTESIAN_POINT('Origin',(-12.5865007051206,-17.9605122421384,59.9));
#7471=CARTESIAN_POINT('Origin',(-24.2537625946986,-24.2537625946986,59.9));
#7472=CARTESIAN_POINT('',(-32.7390439689372,-5.16187950266183,59.9));
#7473=CARTESIAN_POINT('Origin',(-48.6489465456345,-21.0717820793591,61.2));
#7474=CARTESIAN_POINT('',(-48.6489465456345,-21.0717820793591,58.2));
#7475=CARTESIAN_POINT('Origin',(-48.6489465456345,-21.0717820793591,54.2));
#7476=CARTESIAN_POINT('',(-51.4773736703807,-18.2433549546129,54.2));
#7477=CARTESIAN_POINT('Origin',(-51.4773736703807,-18.2433549546129,54.2));
#7478=CARTESIAN_POINT('Origin',(-22.8125179990494,-46.9082106259442,52.6765556179416));
#7479=CARTESIAN_POINT('',(-22.8125179990494,-46.9082106259442,52.6765556179416));
#7480=CARTESIAN_POINT('',(-23.1236258042695,-46.597102820724,52.6765556179416));
#7481=CARTESIAN_POINT('',(-22.8125179990494,-46.9082106259442,52.6765556179416));
#7482=CARTESIAN_POINT('',(-22.416519023083,-45.8899960395375,52.6765556179416));
#7483=CARTESIAN_POINT('',(-23.1236258042695,-46.597102820724,52.6765556179416));
#7484=CARTESIAN_POINT('',(-22.1054112178629,-46.2011038447576,52.6765556179416));
#7485=CARTESIAN_POINT('',(-22.1054112178629,-46.2011038447576,52.6765556179416));
#7486=CARTESIAN_POINT('',(-22.8125179990494,-46.9082106259442,52.6765556179416));
#7487=CARTESIAN_POINT('Ctrl Pts',(-22.3952962303964,-47.3254323945972,52.5128446065318));
#7488=CARTESIAN_POINT('Ctrl Pts',(-21.6881894492099,-46.6183256134106,52.5128446065318));
#7489=CARTESIAN_POINT('Ctrl Pts',(-22.4471156386279,-47.2736129863657,52.5602374301263));
#7490=CARTESIAN_POINT('Ctrl Pts',(-21.7400088574413,-46.5665062051792,52.5602374301263));
#7491=CARTESIAN_POINT('Ctrl Pts',(-22.5727631324422,-47.1479654925514,52.6751517009114));
#7492=CARTESIAN_POINT('Ctrl Pts',(-21.8656563512556,-46.4408587113649,52.6751517009114));
#7493=CARTESIAN_POINT('Ctrl Pts',(-22.7237821103543,-46.9969465146393,52.6760360129505));
#7494=CARTESIAN_POINT('Ctrl Pts',(-22.0166753291677,-46.2898397334528,52.6760360129505));
#7495=CARTESIAN_POINT('Ctrl Pts',(-22.8125179990494,-46.9082106259442,52.6765556179416));
#7496=CARTESIAN_POINT('Ctrl Pts',(-22.1054112178629,-46.2011038447576,52.6765556179416));
#7497=CARTESIAN_POINT('',(-22.3952962303964,-47.3254323945972,52.5128446065318));
#7498=CARTESIAN_POINT('Ctrl Pts',(-22.3952962303964,-47.3254323945972,52.5128446065318));
#7499=CARTESIAN_POINT('Ctrl Pts',(-22.4471156386279,-47.2736129863657,52.5602374301263));
#7500=CARTESIAN_POINT('Ctrl Pts',(-22.5727631324422,-47.1479654925514,52.6751517009114));
#7501=CARTESIAN_POINT('Ctrl Pts',(-22.7237821103543,-46.9969465146393,52.6760360129505));
#7502=CARTESIAN_POINT('Ctrl Pts',(-22.8125179990494,-46.9082106259442,52.6765556179416));
#7503=CARTESIAN_POINT('',(-21.6881894492099,-46.6183256134106,52.5128446065318));
#7504=CARTESIAN_POINT('Ctrl Pts',(-21.6881894492099,-46.6183256134106,52.5128446065318));
#7505=CARTESIAN_POINT('Ctrl Pts',(-21.7400088574413,-46.5665062051792,52.5602374301263));
#7506=CARTESIAN_POINT('Ctrl Pts',(-21.8656563512556,-46.4408587113649,52.6751517009114));
#7507=CARTESIAN_POINT('Ctrl Pts',(-22.0166753291677,-46.2898397334528,52.6760360129505));
#7508=CARTESIAN_POINT('Ctrl Pts',(-22.1054112178629,-46.2011038447576,52.6765556179416));
#7509=CARTESIAN_POINT('',(-22.3952962303964,-47.3254323945972,52.5128446065318));
#7510=CARTESIAN_POINT('Ctrl Pts',(-22.28435898162,-47.4363696433736,52.1137998544108));
#7511=CARTESIAN_POINT('Ctrl Pts',(-21.5772522004334,-46.729262862187,52.1137998544108));
#7512=CARTESIAN_POINT('Ctrl Pts',(-22.2887866215826,-47.431942003411,52.1889707109767));
#7513=CARTESIAN_POINT('Ctrl Pts',(-21.5816798403961,-46.7248352222244,52.1889707109767));
#7514=CARTESIAN_POINT('Ctrl Pts',(-22.2975510169592,-47.4231776080344,52.3377694193856));
#7515=CARTESIAN_POINT('Ctrl Pts',(-21.5904442357727,-46.7160708268478,52.3377694193856));
#7516=CARTESIAN_POINT('Ctrl Pts',(-22.362940516739,-47.3577881082546,52.4548910513179));
#7517=CARTESIAN_POINT('Ctrl Pts',(-21.6558337355524,-46.6506813270681,52.4548910513179));
#7518=CARTESIAN_POINT('Ctrl Pts',(-22.3952962303964,-47.3254323945972,52.5128446065318));
#7519=CARTESIAN_POINT('Ctrl Pts',(-21.6881894492099,-46.6183256134106,52.5128446065318));
#7520=CARTESIAN_POINT('',(-22.28435898162,-47.4363696433736,52.1137998544108));
#7521=CARTESIAN_POINT('Ctrl Pts',(-22.28435898162,-47.4363696433736,52.1137998544108));
#7522=CARTESIAN_POINT('Ctrl Pts',(-22.2887866215826,-47.431942003411,52.1889707109767));
#7523=CARTESIAN_POINT('Ctrl Pts',(-22.2975510169592,-47.4231776080344,52.3377694193856));
#7524=CARTESIAN_POINT('Ctrl Pts',(-22.362940516739,-47.3577881082546,52.4548910513179));
#7525=CARTESIAN_POINT('Ctrl Pts',(-22.3952962303964,-47.3254323945972,52.5128446065318));
#7526=CARTESIAN_POINT('',(-21.5772522004334,-46.729262862187,52.1137998544108));
#7527=CARTESIAN_POINT('Ctrl Pts',(-21.5772522004334,-46.729262862187,52.1137998544108));
#7528=CARTESIAN_POINT('Ctrl Pts',(-21.5816798403961,-46.7248352222244,52.1889707109767));
#7529=CARTESIAN_POINT('Ctrl Pts',(-21.5904442357727,-46.7160708268478,52.3377694193856));
#7530=CARTESIAN_POINT('Ctrl Pts',(-21.6558337355524,-46.6506813270681,52.4548910513179));
#7531=CARTESIAN_POINT('Ctrl Pts',(-21.6881894492099,-46.6183256134106,52.5128446065318));
#7532=CARTESIAN_POINT('',(-22.28435898162,-47.4363696433736,52.1137998544108));
#7533=CARTESIAN_POINT('Ctrl Pts',(-22.4121785720359,-47.3085500529576,51.7164600931537));
#7534=CARTESIAN_POINT('Ctrl Pts',(-21.7050717908494,-46.6014432717711,51.7164600931537));
#7535=CARTESIAN_POINT('Ctrl Pts',(-22.3748980912636,-47.34583053373,51.7719996565967));
#7536=CARTESIAN_POINT('Ctrl Pts',(-21.6677913100771,-46.6387237525434,51.7719996565967));
#7537=CARTESIAN_POINT('Ctrl Pts',(-22.2999858681738,-47.4207427568198,51.883602084483));
#7538=CARTESIAN_POINT('Ctrl Pts',(-21.5928790869873,-46.7136359756332,51.883602084483));
#7539=CARTESIAN_POINT('Ctrl Pts',(-22.2895842015231,-47.4311444234705,52.0368277739565));
#7540=CARTESIAN_POINT('Ctrl Pts',(-21.5824774203365,-46.724037642284,52.0368277739565));
#7541=CARTESIAN_POINT('Ctrl Pts',(-22.28435898162,-47.4363696433736,52.1137998544108));
#7542=CARTESIAN_POINT('Ctrl Pts',(-21.5772522004334,-46.729262862187,52.1137998544108));
#7543=CARTESIAN_POINT('',(-22.4121785720359,-47.3085500529576,51.7164600931537));
#7544=CARTESIAN_POINT('Ctrl Pts',(-22.4121785720359,-47.3085500529576,51.7164600931537));
#7545=CARTESIAN_POINT('Ctrl Pts',(-22.3748980912636,-47.34583053373,51.7719996565967));
#7546=CARTESIAN_POINT('Ctrl Pts',(-22.2999858681738,-47.4207427568198,51.883602084483));
#7547=CARTESIAN_POINT('Ctrl Pts',(-22.2895842015231,-47.4311444234705,52.0368277739565));
#7548=CARTESIAN_POINT('Ctrl Pts',(-22.28435898162,-47.4363696433736,52.1137998544108));
#7549=CARTESIAN_POINT('',(-21.7050717908494,-46.6014432717711,51.7164600931537));
#7550=CARTESIAN_POINT('Ctrl Pts',(-21.7050717908494,-46.6014432717711,51.7164600931537));
#7551=CARTESIAN_POINT('Ctrl Pts',(-21.6677913100771,-46.6387237525434,51.7719996565967));
#7552=CARTESIAN_POINT('Ctrl Pts',(-21.5928790869873,-46.7136359756332,51.883602084483));
#7553=CARTESIAN_POINT('Ctrl Pts',(-21.5824774203365,-46.724037642284,52.0368277739565));
#7554=CARTESIAN_POINT('Ctrl Pts',(-21.5772522004334,-46.729262862187,52.1137998544108));
#7555=CARTESIAN_POINT('',(-22.4121785720359,-47.3085500529576,51.7164600931537));
#7556=CARTESIAN_POINT('Ctrl Pts',(-22.8559292530156,-46.864799371978,51.5612761222255));
#7557=CARTESIAN_POINT('Ctrl Pts',(-22.1488224718291,-46.1576925907914,51.5612761222255));
#7558=CARTESIAN_POINT('Ctrl Pts',(-22.7639290943243,-46.9567995306693,51.5621573513289));
#7559=CARTESIAN_POINT('Ctrl Pts',(-22.0568223131377,-46.2496927494828,51.5621573513289));
#7560=CARTESIAN_POINT('Ctrl Pts',(-22.6061544790069,-47.1145741459867,51.5636686050568));
#7561=CARTESIAN_POINT('Ctrl Pts',(-21.8990476978204,-46.4074673648001,51.5636686050568));
#7562=CARTESIAN_POINT('Ctrl Pts',(-22.4692517675032,-47.2514768574904,51.6715045179894));
#7563=CARTESIAN_POINT('Ctrl Pts',(-21.7621449863167,-46.5443700763038,51.6715045179894));
#7564=CARTESIAN_POINT('Ctrl Pts',(-22.4121785720359,-47.3085500529576,51.7164600931537));
#7565=CARTESIAN_POINT('Ctrl Pts',(-21.7050717908494,-46.6014432717711,51.7164600931537));
#7566=CARTESIAN_POINT('',(-22.8559292530156,-46.864799371978,51.5612761222255));
#7567=CARTESIAN_POINT('Ctrl Pts',(-22.8559292530156,-46.864799371978,51.5612761222255));
#7568=CARTESIAN_POINT('Ctrl Pts',(-22.7639290943243,-46.9567995306693,51.5621573513289));
#7569=CARTESIAN_POINT('Ctrl Pts',(-22.6061544790069,-47.1145741459867,51.5636686050568));
#7570=CARTESIAN_POINT('Ctrl Pts',(-22.4692517675032,-47.2514768574904,51.6715045179894));
#7571=CARTESIAN_POINT('Ctrl Pts',(-22.4121785720359,-47.3085500529576,51.7164600931537));
#7572=CARTESIAN_POINT('',(-22.1488224718291,-46.1576925907914,51.5612761222255));
#7573=CARTESIAN_POINT('Ctrl Pts',(-22.1488224718291,-46.1576925907914,51.5612761222255));
#7574=CARTESIAN_POINT('Ctrl Pts',(-22.0568223131377,-46.2496927494828,51.5621573513289));
#7575=CARTESIAN_POINT('Ctrl Pts',(-21.8990476978204,-46.4074673648001,51.5636686050568));
#7576=CARTESIAN_POINT('Ctrl Pts',(-21.7621449863167,-46.5443700763038,51.6715045179894));
#7577=CARTESIAN_POINT('Ctrl Pts',(-21.7050717908494,-46.6014432717711,51.7164600931537));
#7578=CARTESIAN_POINT('',(-22.8559292530156,-46.864799371978,51.5612761222255));
#7579=CARTESIAN_POINT('Origin',(-23.1236258042695,-46.597102820724,51.5612761222255));
#7580=CARTESIAN_POINT('',(-23.1236258042695,-46.597102820724,51.5612761222255));
#7581=CARTESIAN_POINT('',(-23.1236258042695,-46.597102820724,51.5612761222255));
#7582=CARTESIAN_POINT('',(-22.416519023083,-45.8899960395375,51.5612761222255));
#7583=CARTESIAN_POINT('',(-22.416519023083,-45.8899960395375,51.5612761222255));
#7584=CARTESIAN_POINT('',(-23.1236258042695,-46.597102820724,51.5612761222255));
#7585=CARTESIAN_POINT('Origin',(-23.1236258042695,-46.597102820724,52.6765556179416));
#7586=CARTESIAN_POINT('',(-23.1236258042695,-46.597102820724,52.6765556179416));
#7587=CARTESIAN_POINT('',(-22.416519023083,-45.8899960395375,52.6765556179416));
#7588=CARTESIAN_POINT('Origin',(-23.1236258042695,-46.597102820724,48.6929265700709));
#7589=CARTESIAN_POINT('',(-23.1236258042695,-46.597102820724,48.6929265700709));
#7590=CARTESIAN_POINT('',(-24.2209438718913,-45.4997847531023,48.6929265700709));
#7591=CARTESIAN_POINT('',(-23.1236258042695,-46.597102820724,48.6929265700709));
#7592=CARTESIAN_POINT('',(-23.5138370907047,-44.7926779719158,48.6929265700709));
#7593=CARTESIAN_POINT('',(-24.2209438718913,-45.4997847531023,48.6929265700709));
#7594=CARTESIAN_POINT('',(-22.416519023083,-45.8899960395375,48.6929265700709));
#7595=CARTESIAN_POINT('',(-22.416519023083,-45.8899960395375,48.6929265700709));
#7596=CARTESIAN_POINT('',(-23.1236258042695,-46.597102820724,48.6929265700709));
#7597=CARTESIAN_POINT('Origin',(-23.1236258042695,-46.597102820724,50.5483154498469));
#7598=CARTESIAN_POINT('',(-23.1236258042695,-46.597102820724,50.5483154498469));
#7599=CARTESIAN_POINT('',(-23.1236258042695,-46.597102820724,50.5483154498469));
#7600=CARTESIAN_POINT('',(-22.416519023083,-45.8899960395375,50.5483154498469));
#7601=CARTESIAN_POINT('',(-22.416519023083,-45.8899960395375,50.5483154498469));
#7602=CARTESIAN_POINT('',(-23.1236258042695,-46.597102820724,50.5483154498469));
#7603=CARTESIAN_POINT('Origin',(-22.5255274634842,-47.1952011615094,50.5483154498469));
#7604=CARTESIAN_POINT('',(-22.5255274634842,-47.1952011615094,50.5483154498469));
#7605=CARTESIAN_POINT('',(-22.5255274634842,-47.1952011615094,50.5483154498469));
#7606=CARTESIAN_POINT('',(-21.8184206822976,-46.4880943803229,50.5483154498469));
#7607=CARTESIAN_POINT('',(-21.8184206822976,-46.4880943803229,50.5483154498469));
#7608=CARTESIAN_POINT('',(-22.5255274634842,-47.1952011615094,50.5483154498469));
#7609=CARTESIAN_POINT('Ctrl Pts',(-21.5427649515835,-48.1779636734101,50.9746454202067));
#7610=CARTESIAN_POINT('Ctrl Pts',(-20.835658170397,-47.4708568922235,50.9746454202067));
#7611=CARTESIAN_POINT('Ctrl Pts',(-21.6742680601442,-48.0464605648493,50.850690454223));
#7612=CARTESIAN_POINT('Ctrl Pts',(-20.9671612789577,-47.3393537836628,50.850690454223));
#7613=CARTESIAN_POINT('Ctrl Pts',(-21.9699750345546,-47.750753590439,50.5719567546522));
#7614=CARTESIAN_POINT('Ctrl Pts',(-21.262868253368,-47.0436468092525,50.5719567546522));
#7615=CARTESIAN_POINT('Ctrl Pts',(-22.3271762864151,-47.3935523385785,50.5567562024949));
#7616=CARTESIAN_POINT('Ctrl Pts',(-21.6200695052286,-46.6864455573919,50.5567562024949));
#7617=CARTESIAN_POINT('Ctrl Pts',(-22.5255274634842,-47.1952011615094,50.5483154498469));
#7618=CARTESIAN_POINT('Ctrl Pts',(-21.8184206822976,-46.4880943803229,50.5483154498469));
#7619=CARTESIAN_POINT('',(-21.5427649515835,-48.1779636734101,50.9746454202067));
#7620=CARTESIAN_POINT('Ctrl Pts',(-21.5427649515835,-48.1779636734101,50.9746454202067));
#7621=CARTESIAN_POINT('Ctrl Pts',(-21.6742680601442,-48.0464605648493,50.850690454223));
#7622=CARTESIAN_POINT('Ctrl Pts',(-21.9699750345546,-47.750753590439,50.5719567546522));
#7623=CARTESIAN_POINT('Ctrl Pts',(-22.3271762864151,-47.3935523385785,50.5567562024949));
#7624=CARTESIAN_POINT('Ctrl Pts',(-22.5255274634842,-47.1952011615094,50.5483154498469));
#7625=CARTESIAN_POINT('',(-20.835658170397,-47.4708568922235,50.9746454202067));
#7626=CARTESIAN_POINT('Ctrl Pts',(-20.835658170397,-47.4708568922235,50.9746454202067));
#7627=CARTESIAN_POINT('Ctrl Pts',(-20.9671612789577,-47.3393537836628,50.850690454223));
#7628=CARTESIAN_POINT('Ctrl Pts',(-21.262868253368,-47.0436468092525,50.5719567546522));
#7629=CARTESIAN_POINT('Ctrl Pts',(-21.6200695052286,-46.6864455573919,50.5567562024949));
#7630=CARTESIAN_POINT('Ctrl Pts',(-21.8184206822976,-46.4880943803229,50.5483154498469));
#7631=CARTESIAN_POINT('',(-21.5427649515835,-48.1779636734101,50.9746454202067));
#7632=CARTESIAN_POINT('Ctrl Pts',(-21.2208051758088,-48.4999234491848,52.1581379615199));
#7633=CARTESIAN_POINT('Ctrl Pts',(-20.5136983946223,-47.7928166679982,52.1581379615199));
#7634=CARTESIAN_POINT('Ctrl Pts',(-21.2310266598402,-48.4897019651534,51.923964255085));
#7635=CARTESIAN_POINT('Ctrl Pts',(-20.5239198786536,-47.7825951839669,51.923964255085));
#7636=CARTESIAN_POINT('Ctrl Pts',(-21.2504083010275,-48.4703203239661,51.4799317897712));
#7637=CARTESIAN_POINT('Ctrl Pts',(-20.5433015198409,-47.7632135427796,51.4799317897712));
#7638=CARTESIAN_POINT('Ctrl Pts',(-21.4489364957705,-48.2717921292231,51.1368111848966));
#7639=CARTESIAN_POINT('Ctrl Pts',(-20.741829714584,-47.5646853480365,51.1368111848966));
#7640=CARTESIAN_POINT('Ctrl Pts',(-21.5427649515835,-48.1779636734101,50.9746454202067));
#7641=CARTESIAN_POINT('Ctrl Pts',(-20.835658170397,-47.4708568922235,50.9746454202067));
#7642=CARTESIAN_POINT('',(-21.2208051758088,-48.4999234491848,52.1581379615199));
#7643=CARTESIAN_POINT('Ctrl Pts',(-21.2208051758088,-48.4999234491848,52.1581379615199));
#7644=CARTESIAN_POINT('Ctrl Pts',(-21.2310266598402,-48.4897019651534,51.923964255085));
#7645=CARTESIAN_POINT('Ctrl Pts',(-21.2504083010275,-48.4703203239661,51.4799317897712));
#7646=CARTESIAN_POINT('Ctrl Pts',(-21.4489364957705,-48.2717921292231,51.1368111848966));
#7647=CARTESIAN_POINT('Ctrl Pts',(-21.5427649515835,-48.1779636734101,50.9746454202067));
#7648=CARTESIAN_POINT('',(-20.5136983946223,-47.7928166679982,52.1581379615199));
#7649=CARTESIAN_POINT('Ctrl Pts',(-20.5136983946223,-47.7928166679982,52.1581379615199));
#7650=CARTESIAN_POINT('Ctrl Pts',(-20.5239198786536,-47.7825951839669,51.923964255085));
#7651=CARTESIAN_POINT('Ctrl Pts',(-20.5433015198409,-47.7632135427796,51.4799317897712));
#7652=CARTESIAN_POINT('Ctrl Pts',(-20.741829714584,-47.5646853480365,51.1368111848966));
#7653=CARTESIAN_POINT('Ctrl Pts',(-20.835658170397,-47.4708568922235,50.9746454202067));
#7654=CARTESIAN_POINT('',(-21.2208051758088,-48.4999234491848,52.1581379615199));
#7655=CARTESIAN_POINT('Ctrl Pts',(-21.5162360392568,-48.2044925857368,53.2938815199267));
#7656=CARTESIAN_POINT('Ctrl Pts',(-20.8091292580703,-47.4973858045502,53.2938815199267));
#7657=CARTESIAN_POINT('Ctrl Pts',(-21.4301764128452,-48.2905522121484,53.1393608844207));
#7658=CARTESIAN_POINT('Ctrl Pts',(-20.7230696316586,-47.5834454309619,53.1393608844207));
#7659=CARTESIAN_POINT('Ctrl Pts',(-21.2454394131415,-48.4752892118521,52.8076643643924));
#7660=CARTESIAN_POINT('Ctrl Pts',(-20.538332631955,-47.7681824306655,52.8076643643924));
#7661=CARTESIAN_POINT('Ctrl Pts',(-21.2293821643622,-48.4913464606314,52.3842858404782));
#7662=CARTESIAN_POINT('Ctrl Pts',(-20.5222753831756,-47.7842396794449,52.3842858404782));
#7663=CARTESIAN_POINT('Ctrl Pts',(-21.2208051758088,-48.4999234491848,52.1581379615199));
#7664=CARTESIAN_POINT('Ctrl Pts',(-20.5136983946223,-47.7928166679982,52.1581379615199));
#7665=CARTESIAN_POINT('',(-21.5162360392568,-48.2044925857368,53.2938815199267));
#7666=CARTESIAN_POINT('Ctrl Pts',(-21.5162360392568,-48.2044925857368,53.2938815199267));
#7667=CARTESIAN_POINT('Ctrl Pts',(-21.4301764128452,-48.2905522121484,53.1393608844207));
#7668=CARTESIAN_POINT('Ctrl Pts',(-21.2454394131415,-48.4752892118521,52.8076643643924));
#7669=CARTESIAN_POINT('Ctrl Pts',(-21.2293821643622,-48.4913464606314,52.3842858404782));
#7670=CARTESIAN_POINT('Ctrl Pts',(-21.2208051758088,-48.4999234491848,52.1581379615199));
#7671=CARTESIAN_POINT('',(-20.8091292580703,-47.4973858045502,53.2938815199267));
#7672=CARTESIAN_POINT('Ctrl Pts',(-20.8091292580703,-47.4973858045502,53.2938815199267));
#7673=CARTESIAN_POINT('Ctrl Pts',(-20.7230696316586,-47.5834454309619,53.1393608844207));
#7674=CARTESIAN_POINT('Ctrl Pts',(-20.538332631955,-47.7681824306655,52.8076643643924));
#7675=CARTESIAN_POINT('Ctrl Pts',(-20.5222753831756,-47.7842396794449,52.3842858404782));
#7676=CARTESIAN_POINT('Ctrl Pts',(-20.5136983946223,-47.7928166679982,52.1581379615199));
#7677=CARTESIAN_POINT('',(-21.5162360392568,-48.2044925857368,53.2938815199267));
#7678=CARTESIAN_POINT('Ctrl Pts',(-22.4049428010836,-47.31578582391,53.6929265700709));
#7679=CARTESIAN_POINT('Ctrl Pts',(-21.6978360198971,-46.6086790427234,53.6929265700709));
#7680=CARTESIAN_POINT('Ctrl Pts',(-22.2260921318275,-47.4946364931661,53.6842928813846));
#7681=CARTESIAN_POINT('Ctrl Pts',(-21.5189853506409,-46.7875297119796,53.6842928813846));
#7682=CARTESIAN_POINT('Ctrl Pts',(-21.9016734626305,-47.8190551623631,53.6686321639519));
#7683=CARTESIAN_POINT('Ctrl Pts',(-21.194566681444,-47.1119483811765,53.6686321639519));
#7684=CARTESIAN_POINT('Ctrl Pts',(-21.6356167760037,-48.0851118489899,53.4099522625871));
#7685=CARTESIAN_POINT('Ctrl Pts',(-20.9285099948171,-47.3780050678034,53.4099522625871));
#7686=CARTESIAN_POINT('Ctrl Pts',(-21.5162360392568,-48.2044925857368,53.2938815199267));
#7687=CARTESIAN_POINT('Ctrl Pts',(-20.8091292580703,-47.4973858045502,53.2938815199267));
#7688=CARTESIAN_POINT('',(-22.4049428010836,-47.31578582391,53.6929265700709));
#7689=CARTESIAN_POINT('Ctrl Pts',(-22.4049428010836,-47.31578582391,53.6929265700709));
#7690=CARTESIAN_POINT('Ctrl Pts',(-22.2260921318275,-47.4946364931661,53.6842928813846));
#7691=CARTESIAN_POINT('Ctrl Pts',(-21.9016734626305,-47.8190551623631,53.6686321639519));
#7692=CARTESIAN_POINT('Ctrl Pts',(-21.6356167760037,-48.0851118489899,53.4099522625871));
#7693=CARTESIAN_POINT('Ctrl Pts',(-21.5162360392568,-48.2044925857368,53.2938815199267));
#7694=CARTESIAN_POINT('',(-21.697836019897,-46.6086790427234,53.6929265700709));
#7695=CARTESIAN_POINT('Ctrl Pts',(-21.6978360198971,-46.6086790427234,53.6929265700709));
#7696=CARTESIAN_POINT('Ctrl Pts',(-21.5189853506409,-46.7875297119796,53.6842928813846));
#7697=CARTESIAN_POINT('Ctrl Pts',(-21.194566681444,-47.1119483811765,53.6686321639519));
#7698=CARTESIAN_POINT('Ctrl Pts',(-20.9285099948171,-47.3780050678034,53.4099522625871));
#7699=CARTESIAN_POINT('Ctrl Pts',(-20.8091292580703,-47.4973858045502,53.2938815199267));
#7700=CARTESIAN_POINT('',(-22.4049428010836,-47.31578582391,53.6929265700709));
#7701=CARTESIAN_POINT('Origin',(-24.2209438718913,-45.4997847531023,53.6929265700709));
#7702=CARTESIAN_POINT('',(-24.2209438718913,-45.4997847531023,53.6929265700709));
#7703=CARTESIAN_POINT('',(-24.2209438718913,-45.4997847531023,53.6929265700709));
#7704=CARTESIAN_POINT('',(-23.5138370907047,-44.7926779719158,53.6929265700709));
#7705=CARTESIAN_POINT('',(-23.5138370907048,-44.7926779719158,53.6929265700709));
#7706=CARTESIAN_POINT('',(-24.2209438718913,-45.4997847531023,53.6929265700709));
#7707=CARTESIAN_POINT('Origin',(-24.2209438718913,-45.4997847531023,48.6929265700709));
#7708=CARTESIAN_POINT('',(-24.2209438718913,-45.4997847531023,48.6929265700709));
#7709=CARTESIAN_POINT('',(-23.5138370907047,-44.7926779719158,48.6929265700709));
#7710=CARTESIAN_POINT('Origin',(-24.7744266125142,-44.9463020124794,51.1502934538257));
#7711=CARTESIAN_POINT('Origin',(-24.0673198313277,-44.2391952312928,51.1502934538257));
#7712=CARTESIAN_POINT('Origin',(-24.6073158325095,-45.1134127924841,60.5000009015203));
#7713=CARTESIAN_POINT('',(-23.5466556449246,-46.174072980069,57.5000008568168));
#7714=CARTESIAN_POINT('',(-24.6073158325095,-45.1134127924841,60.5000009015203));
#7715=CARTESIAN_POINT('',(-23.5466556449246,-46.174072980069,57.5000008568168));
#7716=CARTESIAN_POINT('',(-22.8395488637381,-45.4669661988824,57.5000008568168));
#7717=CARTESIAN_POINT('',(-23.5466556449246,-46.174072980069,57.5000008568168));
#7718=CARTESIAN_POINT('',(-23.900209051323,-44.4063060112975,60.5000009015203));
#7719=CARTESIAN_POINT('',(-22.8395488637381,-45.4669661988824,57.5000008568168));
#7720=CARTESIAN_POINT('',(-24.6073158325095,-45.1134127924841,60.5000009015203));
#7721=CARTESIAN_POINT('Origin',(-25.6679760200944,-44.0527526048992,57.5000008568168));
#7722=CARTESIAN_POINT('',(-25.6679760200944,-44.0527526048992,57.5000008568168));
#7723=CARTESIAN_POINT('',(-24.6073158325095,-45.1134127924841,60.5000009015203));
#7724=CARTESIAN_POINT('',(-24.9608692389079,-43.3456458237126,57.5000008568168));
#7725=CARTESIAN_POINT('',(-23.900209051323,-44.4063060112975,60.5000009015203));
#7726=CARTESIAN_POINT('',(-25.6679760200944,-44.0527526048992,57.5000008568168));
#7727=CARTESIAN_POINT('Origin',(-24.9608692283711,-44.7598593966224,57.5000008568168));
#7728=CARTESIAN_POINT('',(-24.9608692283711,-44.7598593966224,57.5000008568168));
#7729=CARTESIAN_POINT('',(-25.6679760200944,-44.0527526048992,57.5000008568168));
#7730=CARTESIAN_POINT('',(-24.2537624471846,-44.0527526154359,57.5000008568168));
#7731=CARTESIAN_POINT('',(-24.9608692389079,-43.3456458237126,57.5000008568168));
#7732=CARTESIAN_POINT('',(-24.9608692283711,-44.7598593966224,57.5000008568168));
#7733=CARTESIAN_POINT('Origin',(-24.9608692283711,-44.7598593966224,54.5000008121133));
#7734=CARTESIAN_POINT('',(-24.9608692283711,-44.7598593966224,54.5000008121133));
#7735=CARTESIAN_POINT('',(-24.9608692283711,-44.7598593966224,57.5000008568168));
#7736=CARTESIAN_POINT('',(-24.2537624471846,-44.0527526154359,54.5000008121133));
#7737=CARTESIAN_POINT('',(-24.2537624471846,-44.0527526154359,57.5000008568168));
#7738=CARTESIAN_POINT('',(-24.9608692283711,-44.7598593966224,54.5000008121133));
#7739=CARTESIAN_POINT('Origin',(-24.2537624366479,-45.4669661883457,54.5000008121133));
#7740=CARTESIAN_POINT('',(-24.2537624366479,-45.4669661883457,54.5000008121133));
#7741=CARTESIAN_POINT('',(-24.9608692283711,-44.7598593966224,54.5000008121133));
#7742=CARTESIAN_POINT('',(-23.5466556554613,-44.7598594071592,54.5000008121133));
#7743=CARTESIAN_POINT('',(-24.2537624471846,-44.0527526154359,54.5000008121133));
#7744=CARTESIAN_POINT('',(-24.2537624366479,-45.4669661883457,54.5000008121133));
#7745=CARTESIAN_POINT('Origin',(-24.2537624366479,-45.4669661883457,57.5000008568168));
#7746=CARTESIAN_POINT('',(-24.2537624366479,-45.4669661883457,57.5000008568168));
#7747=CARTESIAN_POINT('',(-24.2537624366479,-45.4669661883457,54.5000008121133));
#7748=CARTESIAN_POINT('',(-23.5466556554613,-44.7598594071592,57.5000008568168));
#7749=CARTESIAN_POINT('',(-23.5466556554613,-44.7598594071592,54.5000008121133));
#7750=CARTESIAN_POINT('',(-24.2537624366479,-45.4669661883457,57.5000008568168));
#7751=CARTESIAN_POINT('Origin',(-23.5466556449246,-46.174072980069,57.5000008568168));
#7752=CARTESIAN_POINT('',(-24.2537624366479,-45.4669661883457,57.5000008568168));
#7753=CARTESIAN_POINT('',(-23.5466556554613,-44.7598594071592,57.5000008568168));
#7754=CARTESIAN_POINT('Origin',(-24.6073158325095,-45.1134127924841,57.5000008568168));
#7755=CARTESIAN_POINT('Origin',(-23.900209051323,-44.4063060112975,57.5000008568168));
#7756=CARTESIAN_POINT('Ctrl Pts',(-26.1900872026373,-43.5306414223563,50.0007210217845));
#7757=CARTESIAN_POINT('Ctrl Pts',(-25.4829804214507,-42.8235346411698,50.0007210217845));
#7758=CARTESIAN_POINT('Ctrl Pts',(-26.1433759288284,-43.5773526961652,50.0885592707557));
#7759=CARTESIAN_POINT('Ctrl Pts',(-25.4362691476419,-42.8702459149786,50.0885592707557));
#7760=CARTESIAN_POINT('Ctrl Pts',(-26.0426566466618,-43.6780719783318,50.2779569185132));
#7761=CARTESIAN_POINT('Ctrl Pts',(-25.3355498654752,-42.9709651971453,50.2779569185132));
#7762=CARTESIAN_POINT('Ctrl Pts',(-26.034229074028,-43.6864995509656,50.5156243775908));
#7763=CARTESIAN_POINT('Ctrl Pts',(-25.3271222928415,-42.979392769779,50.5156243775908));
#7764=CARTESIAN_POINT('Ctrl Pts',(-26.0297100146836,-43.69101861031,50.643067165507));
#7765=CARTESIAN_POINT('Ctrl Pts',(-25.3226032334971,-42.9839118291234,50.643067165507));
#7766=CARTESIAN_POINT('',(-26.1900872026373,-43.5306414223563,50.0007210217845));
#7767=CARTESIAN_POINT('',(-26.0297100146836,-43.69101861031,50.643067165507));
#7768=CARTESIAN_POINT('Ctrl Pts',(-26.1900872026373,-43.5306414223563,50.0007210217845));
#7769=CARTESIAN_POINT('Ctrl Pts',(-26.1433759288284,-43.5773526961652,50.0885592707557));
#7770=CARTESIAN_POINT('Ctrl Pts',(-26.0426566466618,-43.6780719783318,50.2779569185132));
#7771=CARTESIAN_POINT('Ctrl Pts',(-26.034229074028,-43.6864995509656,50.5156243775908));
#7772=CARTESIAN_POINT('Ctrl Pts',(-26.0297100146836,-43.69101861031,50.643067165507));
#7773=CARTESIAN_POINT('',(-25.3226032334971,-42.9839118291234,50.643067165507));
#7774=CARTESIAN_POINT('',(-26.0297100146836,-43.69101861031,50.643067165507));
#7775=CARTESIAN_POINT('',(-25.4829804214507,-42.8235346411698,50.0007210217845));
#7776=CARTESIAN_POINT('Ctrl Pts',(-25.4829804214507,-42.8235346411698,50.0007210217845));
#7777=CARTESIAN_POINT('Ctrl Pts',(-25.4362691476419,-42.8702459149786,50.0885592707557));
#7778=CARTESIAN_POINT('Ctrl Pts',(-25.3355498654752,-42.9709651971453,50.2779569185132));
#7779=CARTESIAN_POINT('Ctrl Pts',(-25.3271222928415,-42.979392769779,50.5156243775908));
#7780=CARTESIAN_POINT('Ctrl Pts',(-25.3226032334971,-42.9839118291235,50.643067165507));
#7781=CARTESIAN_POINT('',(-26.1900872026373,-43.5306414223563,50.0007210217845));
#7782=CARTESIAN_POINT('Ctrl Pts',(-26.6326316408126,-43.088096984181,49.7740999900233));
#7783=CARTESIAN_POINT('Ctrl Pts',(-25.925524859626,-42.3809902029945,49.7740999900233));
#7784=CARTESIAN_POINT('Ctrl Pts',(-26.5455379160326,-43.1751907089609,49.7810079893785));
#7785=CARTESIAN_POINT('Ctrl Pts',(-25.8384311348461,-42.4680839277744,49.7810079893785));
#7786=CARTESIAN_POINT('Ctrl Pts',(-26.3813859182996,-43.339342706694,49.7940280077249));
#7787=CARTESIAN_POINT('Ctrl Pts',(-25.674279137113,-42.6322359255075,49.7940280077249));
#7788=CARTESIAN_POINT('Ctrl Pts',(-26.2512004736649,-43.4695281513287,49.9346898090604));
#7789=CARTESIAN_POINT('Ctrl Pts',(-25.5440936924783,-42.7624213701421,49.9346898090604));
#7790=CARTESIAN_POINT('Ctrl Pts',(-26.1900872026373,-43.5306414223563,50.0007210217845));
#7791=CARTESIAN_POINT('Ctrl Pts',(-25.4829804214507,-42.8235346411698,50.0007210217845));
#7792=CARTESIAN_POINT('',(-26.6326316408126,-43.088096984181,49.7740999900233));
#7793=CARTESIAN_POINT('Ctrl Pts',(-26.6326316408126,-43.088096984181,49.7740999900233));
#7794=CARTESIAN_POINT('Ctrl Pts',(-26.5455379160326,-43.1751907089609,49.7810079893785));
#7795=CARTESIAN_POINT('Ctrl Pts',(-26.3813859182996,-43.339342706694,49.7940280077249));
#7796=CARTESIAN_POINT('Ctrl Pts',(-26.2512004736649,-43.4695281513287,49.9346898090604));
#7797=CARTESIAN_POINT('Ctrl Pts',(-26.1900872026373,-43.5306414223563,50.0007210217845));
#7798=CARTESIAN_POINT('',(-25.925524859626,-42.3809902029945,49.7740999900233));
#7799=CARTESIAN_POINT('Ctrl Pts',(-25.925524859626,-42.3809902029945,49.7740999900233));
#7800=CARTESIAN_POINT('Ctrl Pts',(-25.8384311348461,-42.4680839277744,49.7810079893785));
#7801=CARTESIAN_POINT('Ctrl Pts',(-25.674279137113,-42.6322359255075,49.7940280077249));
#7802=CARTESIAN_POINT('Ctrl Pts',(-25.5440936924784,-42.7624213701422,49.9346898090604));
#7803=CARTESIAN_POINT('Ctrl Pts',(-25.4829804214507,-42.8235346411698,50.0007210217845));
#7804=CARTESIAN_POINT('',(-26.6326316408126,-43.088096984181,49.7740999900233));
#7805=CARTESIAN_POINT('Ctrl Pts',(-27.0775881431281,-42.6431404818655,50.0041047774684));
#7806=CARTESIAN_POINT('Ctrl Pts',(-26.3704813619416,-41.9360337006789,50.0041047774684));
#7807=CARTESIAN_POINT('Ctrl Pts',(-27.0163357386085,-42.7043928863851,49.9370881856139));
#7808=CARTESIAN_POINT('Ctrl Pts',(-26.309228957422,-41.9972861051985,49.9370881856139));
#7809=CARTESIAN_POINT('Ctrl Pts',(-26.885794809233,-42.8349338157606,49.7942626385538));
#7810=CARTESIAN_POINT('Ctrl Pts',(-26.1786880280464,-42.1278270345741,49.7942626385538));
#7811=CARTESIAN_POINT('Ctrl Pts',(-26.7204130069538,-43.0003156180398,49.7810911524585));
#7812=CARTESIAN_POINT('Ctrl Pts',(-26.0133062257673,-42.2932088368532,49.7810911524585));
#7813=CARTESIAN_POINT('Ctrl Pts',(-26.6326316408126,-43.088096984181,49.7740999900233));
#7814=CARTESIAN_POINT('Ctrl Pts',(-25.925524859626,-42.3809902029945,49.7740999900233));
#7815=CARTESIAN_POINT('',(-27.0775881431281,-42.6431404818655,50.0041047774684));
#7816=CARTESIAN_POINT('Ctrl Pts',(-27.0775881431281,-42.6431404818655,50.0041047774684));
#7817=CARTESIAN_POINT('Ctrl Pts',(-27.0163357386085,-42.7043928863851,49.9370881856139));
#7818=CARTESIAN_POINT('Ctrl Pts',(-26.885794809233,-42.8349338157606,49.7942626385538));
#7819=CARTESIAN_POINT('Ctrl Pts',(-26.7204130069538,-43.0003156180398,49.7810911524585));
#7820=CARTESIAN_POINT('Ctrl Pts',(-26.6326316408126,-43.088096984181,49.7740999900233));
#7821=CARTESIAN_POINT('',(-26.3704813619416,-41.9360337006789,50.0041047774684));
#7822=CARTESIAN_POINT('Ctrl Pts',(-26.3704813619416,-41.9360337006789,50.0041047774684));
#7823=CARTESIAN_POINT('Ctrl Pts',(-26.309228957422,-41.9972861051985,49.9370881856139));
#7824=CARTESIAN_POINT('Ctrl Pts',(-26.1786880280464,-42.1278270345741,49.7942626385538));
#7825=CARTESIAN_POINT('Ctrl Pts',(-26.0133062257673,-42.2932088368532,49.7810911524585));
#7826=CARTESIAN_POINT('Ctrl Pts',(-25.925524859626,-42.3809902029945,49.7740999900233));
#7827=CARTESIAN_POINT('',(-27.0775881431281,-42.6431404818655,50.0041047774684));
#7828=CARTESIAN_POINT('Ctrl Pts',(-27.2379653310818,-42.4827632939118,50.643067165507));
#7829=CARTESIAN_POINT('Ctrl Pts',(-26.5308585498952,-41.7756565127253,50.643067165507));
#7830=CARTESIAN_POINT('Ctrl Pts',(-27.2332252028458,-42.4875034221477,50.5171473218728));
#7831=CARTESIAN_POINT('Ctrl Pts',(-26.5261184216593,-41.7803966409612,50.5171473218728));
#7832=CARTESIAN_POINT('Ctrl Pts',(-27.2243296281012,-42.4963989968924,50.2808394995679));
#7833=CARTESIAN_POINT('Ctrl Pts',(-26.5172228469147,-41.7892922157058,50.2808394995679));
#7834=CARTESIAN_POINT('Ctrl Pts',(-27.1243106470285,-42.5964179779651,50.092217141433));
#7835=CARTESIAN_POINT('Ctrl Pts',(-26.4172038658419,-41.8893111967786,50.092217141433));
#7836=CARTESIAN_POINT('Ctrl Pts',(-27.0775881431281,-42.6431404818655,50.0041047774684));
#7837=CARTESIAN_POINT('Ctrl Pts',(-26.3704813619416,-41.9360337006789,50.0041047774684));
#7838=CARTESIAN_POINT('',(-27.2379653310818,-42.4827632939118,50.643067165507));
#7839=CARTESIAN_POINT('Ctrl Pts',(-27.2379653310818,-42.4827632939118,50.643067165507));
#7840=CARTESIAN_POINT('Ctrl Pts',(-27.2332252028458,-42.4875034221477,50.5171473218728));
#7841=CARTESIAN_POINT('Ctrl Pts',(-27.2243296281012,-42.4963989968924,50.2808394995679));
#7842=CARTESIAN_POINT('Ctrl Pts',(-27.1243106470285,-42.5964179779651,50.092217141433));
#7843=CARTESIAN_POINT('Ctrl Pts',(-27.0775881431281,-42.6431404818655,50.0041047774684));
#7844=CARTESIAN_POINT('',(-26.5308585498952,-41.7756565127253,50.643067165507));
#7845=CARTESIAN_POINT('Ctrl Pts',(-26.5308585498952,-41.7756565127253,50.643067165507));
#7846=CARTESIAN_POINT('Ctrl Pts',(-26.5261184216593,-41.7803966409612,50.5171473218728));
#7847=CARTESIAN_POINT('Ctrl Pts',(-26.5172228469147,-41.7892922157058,50.2808394995679));
#7848=CARTESIAN_POINT('Ctrl Pts',(-26.4172038658419,-41.8893111967786,50.092217141433));
#7849=CARTESIAN_POINT('Ctrl Pts',(-26.3704813619416,-41.9360337006789,50.0041047774684));
#7850=CARTESIAN_POINT('',(-27.2379653310818,-42.4827632939118,50.643067165507));
#7851=CARTESIAN_POINT('Origin',(-27.2379653310818,-42.4827632939118,53.6929265700709));
#7852=CARTESIAN_POINT('',(-27.2379653310818,-42.4827632939118,53.6929265700709));
#7853=CARTESIAN_POINT('',(-27.2379653310818,-42.4827632939118,53.6929265700709));
#7854=CARTESIAN_POINT('',(-26.5308585498952,-41.7756565127253,53.6929265700709));
#7855=CARTESIAN_POINT('',(-26.5308585498952,-41.7756565127253,53.6929265700709));
#7856=CARTESIAN_POINT('',(-27.2379653310818,-42.4827632939118,53.6929265700709));
#7857=CARTESIAN_POINT('Origin',(-28.3280480492197,-41.3926805757739,53.6929265700709));
#7858=CARTESIAN_POINT('',(-28.3280480492197,-41.3926805757739,53.6929265700709));
#7859=CARTESIAN_POINT('',(-28.3280480492197,-41.3926805757739,53.6929265700709));
#7860=CARTESIAN_POINT('',(-27.6209412680331,-40.6855737945874,53.6929265700709));
#7861=CARTESIAN_POINT('',(-27.6209412680331,-40.6855737945874,53.6929265700709));
#7862=CARTESIAN_POINT('',(-28.3280480492197,-41.3926805757739,53.6929265700709));
#7863=CARTESIAN_POINT('Origin',(-28.3280480492197,-41.3926805757739,50.7139978848826));
#7864=CARTESIAN_POINT('',(-28.3280480492197,-41.3926805757739,50.7139978848826));
#7865=CARTESIAN_POINT('',(-28.3280480492197,-41.3926805757739,50.7139978848826));
#7866=CARTESIAN_POINT('',(-27.6209412680331,-40.6855737945874,50.7139978848826));
#7867=CARTESIAN_POINT('',(-27.6209412680331,-40.6855737945874,50.7139978848826));
#7868=CARTESIAN_POINT('',(-28.3280480492197,-41.3926805757739,50.7139978848826));
#7869=CARTESIAN_POINT('Ctrl Pts',(-28.2267571603962,-41.4939714645974,49.8687450133693));
#7870=CARTESIAN_POINT('Ctrl Pts',(-27.5196503792096,-40.7868646834109,49.8687450133693));
#7871=CARTESIAN_POINT('Ctrl Pts',(-28.2562471757778,-41.4644814492158,50.0177456697834));
#7872=CARTESIAN_POINT('Ctrl Pts',(-27.5491403945912,-40.7573746680293,50.0177456697834));
#7873=CARTESIAN_POINT('Ctrl Pts',(-28.3110464431704,-41.4096821818232,50.2946233420012));
#7874=CARTESIAN_POINT('Ctrl Pts',(-27.6039396619839,-40.7025754006366,50.2946233420012));
#7875=CARTESIAN_POINT('Ctrl Pts',(-28.3226766113839,-41.3980520136097,50.5815019147684));
#7876=CARTESIAN_POINT('Ctrl Pts',(-27.6155698301973,-40.6909452324231,50.5815019147684));
#7877=CARTESIAN_POINT('Ctrl Pts',(-28.3280480492197,-41.3926805757739,50.7139978848826));
#7878=CARTESIAN_POINT('Ctrl Pts',(-27.6209412680331,-40.6855737945874,50.7139978848826));
#7879=CARTESIAN_POINT('',(-28.2267571603962,-41.4939714645974,49.8687450133693));
#7880=CARTESIAN_POINT('Ctrl Pts',(-28.2267571603962,-41.4939714645974,49.8687450133693));
#7881=CARTESIAN_POINT('Ctrl Pts',(-28.2562471757778,-41.4644814492158,50.0177456697834));
#7882=CARTESIAN_POINT('Ctrl Pts',(-28.3110464431704,-41.4096821818232,50.2946233420012));
#7883=CARTESIAN_POINT('Ctrl Pts',(-28.3226766113839,-41.3980520136097,50.5815019147684));
#7884=CARTESIAN_POINT('Ctrl Pts',(-28.3280480492197,-41.3926805757739,50.7139978848826));
#7885=CARTESIAN_POINT('',(-27.5196503792096,-40.7868646834109,49.8687450133693));
#7886=CARTESIAN_POINT('Ctrl Pts',(-27.5196503792096,-40.7868646834109,49.8687450133693));
#7887=CARTESIAN_POINT('Ctrl Pts',(-27.5491403945912,-40.7573746680293,50.0177456697834));
#7888=CARTESIAN_POINT('Ctrl Pts',(-27.6039396619839,-40.7025754006366,50.2946233420012));
#7889=CARTESIAN_POINT('Ctrl Pts',(-27.6155698301974,-40.6909452324232,50.5815019147684));
#7890=CARTESIAN_POINT('Ctrl Pts',(-27.6209412680331,-40.6855737945874,50.7139978848826));
#7891=CARTESIAN_POINT('',(-28.2267571603962,-41.4939714645974,49.8687450133693));
#7892=CARTESIAN_POINT('Ctrl Pts',(-27.994029217149,-41.7266994078446,49.2927465878856));
#7893=CARTESIAN_POINT('Ctrl Pts',(-27.2869224359625,-41.019592626658,49.2927465878856));
#7894=CARTESIAN_POINT('Ctrl Pts',(-28.0456973255922,-41.6750312994014,49.3841814029235));
#7895=CARTESIAN_POINT('Ctrl Pts',(-27.3385905444056,-40.9679245182149,49.3841814029235));
#7896=CARTESIAN_POINT('Ctrl Pts',(-28.1445737219209,-41.5761549030727,49.5591586816035));
#7897=CARTESIAN_POINT('Ctrl Pts',(-27.4374669407343,-40.8690481218862,49.5591586816035));
#7898=CARTESIAN_POINT('Ctrl Pts',(-28.2001990072001,-41.5205296177935,49.7687000240261));
#7899=CARTESIAN_POINT('Ctrl Pts',(-27.4930922260135,-40.813422836607,49.7687000240261));
#7900=CARTESIAN_POINT('Ctrl Pts',(-28.2267571603962,-41.4939714645974,49.8687450133693));
#7901=CARTESIAN_POINT('Ctrl Pts',(-27.5196503792096,-40.7868646834109,49.8687450133693));
#7902=CARTESIAN_POINT('',(-27.994029217149,-41.7266994078446,49.2927465878856));
#7903=CARTESIAN_POINT('Ctrl Pts',(-27.994029217149,-41.7266994078446,49.2927465878856));
#7904=CARTESIAN_POINT('Ctrl Pts',(-28.0456973255922,-41.6750312994014,49.3841814029235));
#7905=CARTESIAN_POINT('Ctrl Pts',(-28.1445737219209,-41.5761549030727,49.5591586816035));
#7906=CARTESIAN_POINT('Ctrl Pts',(-28.2001990072001,-41.5205296177935,49.7687000240261));
#7907=CARTESIAN_POINT('Ctrl Pts',(-28.2267571603962,-41.4939714645974,49.8687450133693));
#7908=CARTESIAN_POINT('',(-27.2869224359625,-41.019592626658,49.2927465878856));
#7909=CARTESIAN_POINT('Ctrl Pts',(-27.2869224359625,-41.019592626658,49.2927465878856));
#7910=CARTESIAN_POINT('Ctrl Pts',(-27.3385905444057,-40.9679245182149,49.3841814029235));
#7911=CARTESIAN_POINT('Ctrl Pts',(-27.4374669407343,-40.8690481218862,49.5591586816035));
#7912=CARTESIAN_POINT('Ctrl Pts',(-27.4930922260135,-40.813422836607,49.7687000240261));
#7913=CARTESIAN_POINT('Ctrl Pts',(-27.5196503792096,-40.7868646834109,49.8687450133693));
#7914=CARTESIAN_POINT('',(-27.994029217149,-41.7266994078446,49.2927465878856));
#7915=CARTESIAN_POINT('Ctrl Pts',(-27.6190120381894,-42.1017165868042,48.8615934096705));
#7916=CARTESIAN_POINT('Ctrl Pts',(-26.9119052570028,-41.3946098056177,48.8615934096705));
#7917=CARTESIAN_POINT('Ctrl Pts',(-27.6866998484828,-42.0340287765108,48.9188265765451));
#7918=CARTESIAN_POINT('Ctrl Pts',(-26.9795930672963,-41.3269219953242,48.9188265765451));
#7919=CARTESIAN_POINT('Ctrl Pts',(-27.826353418897,-41.8943752060966,49.0369101142676));
#7920=CARTESIAN_POINT('Ctrl Pts',(-27.1192466377104,-41.1872684249101,49.0369101142676));
#7921=CARTESIAN_POINT('Ctrl Pts',(-27.9370074117943,-41.7837212131993,49.2057438256899));
#7922=CARTESIAN_POINT('Ctrl Pts',(-27.2299006306077,-41.0766144320128,49.2057438256899));
#7923=CARTESIAN_POINT('Ctrl Pts',(-27.994029217149,-41.7266994078446,49.2927465878856));
#7924=CARTESIAN_POINT('Ctrl Pts',(-27.2869224359625,-41.019592626658,49.2927465878856));
#7925=CARTESIAN_POINT('',(-27.6190120381894,-42.1017165868042,48.8615934096705));
#7926=CARTESIAN_POINT('Ctrl Pts',(-27.6190120381894,-42.1017165868042,48.8615934096705));
#7927=CARTESIAN_POINT('Ctrl Pts',(-27.6866998484828,-42.0340287765108,48.9188265765451));
#7928=CARTESIAN_POINT('Ctrl Pts',(-27.826353418897,-41.8943752060966,49.0369101142676));
#7929=CARTESIAN_POINT('Ctrl Pts',(-27.9370074117943,-41.7837212131993,49.2057438256899));
#7930=CARTESIAN_POINT('Ctrl Pts',(-27.994029217149,-41.7266994078446,49.2927465878856));
#7931=CARTESIAN_POINT('',(-26.9119052570028,-41.3946098056177,48.8615934096705));
#7932=CARTESIAN_POINT('Ctrl Pts',(-26.9119052570028,-41.3946098056177,48.8615934096705));
#7933=CARTESIAN_POINT('Ctrl Pts',(-26.9795930672963,-41.3269219953243,48.9188265765451));
#7934=CARTESIAN_POINT('Ctrl Pts',(-27.1192466377104,-41.1872684249101,49.0369101142676));
#7935=CARTESIAN_POINT('Ctrl Pts',(-27.2299006306077,-41.0766144320128,49.2057438256899));
#7936=CARTESIAN_POINT('Ctrl Pts',(-27.2869224359625,-41.019592626658,49.2927465878856));
#7937=CARTESIAN_POINT('',(-27.6190120381894,-42.1017165868042,48.8615934096705));
#7938=CARTESIAN_POINT('Ctrl Pts',(-27.1089399193299,-42.6117887056637,48.6587933741939));
#7939=CARTESIAN_POINT('Ctrl Pts',(-26.4018331381434,-41.9046819244771,48.6587933741939));
#7940=CARTESIAN_POINT('Ctrl Pts',(-27.2035661407162,-42.5171624842774,48.6779653402577));
#7941=CARTESIAN_POINT('Ctrl Pts',(-26.4964593595297,-41.8100557030908,48.6779653402577));
#7942=CARTESIAN_POINT('Ctrl Pts',(-27.3800784683069,-42.3406501566867,48.7137280316645));
#7943=CARTESIAN_POINT('Ctrl Pts',(-26.6729716871203,-41.6335433755002,48.7137280316645));
#7944=CARTESIAN_POINT('Ctrl Pts',(-27.5432943204314,-42.1774343045622,48.8147350759356));
#7945=CARTESIAN_POINT('Ctrl Pts',(-26.8361875392449,-41.4703275233756,48.8147350759356));
#7946=CARTESIAN_POINT('Ctrl Pts',(-27.6190120381894,-42.1017165868042,48.8615934096705));
#7947=CARTESIAN_POINT('Ctrl Pts',(-26.9119052570028,-41.3946098056177,48.8615934096705));
#7948=CARTESIAN_POINT('',(-27.1089399193299,-42.6117887056637,48.6587933741939));
#7949=CARTESIAN_POINT('Ctrl Pts',(-27.1089399193299,-42.6117887056637,48.6587933741939));
#7950=CARTESIAN_POINT('Ctrl Pts',(-27.2035661407162,-42.5171624842774,48.6779653402577));
#7951=CARTESIAN_POINT('Ctrl Pts',(-27.3800784683069,-42.3406501566867,48.7137280316645));
#7952=CARTESIAN_POINT('Ctrl Pts',(-27.5432943204314,-42.1774343045622,48.8147350759356));
#7953=CARTESIAN_POINT('Ctrl Pts',(-27.6190120381894,-42.1017165868042,48.8615934096705));
#7954=CARTESIAN_POINT('',(-26.4018331381434,-41.9046819244771,48.6587933741939));
#7955=CARTESIAN_POINT('Ctrl Pts',(-26.4018331381434,-41.9046819244771,48.6587933741939));
#7956=CARTESIAN_POINT('Ctrl Pts',(-26.4964593595297,-41.8100557030909,48.6779653402577));
#7957=CARTESIAN_POINT('Ctrl Pts',(-26.6729716871203,-41.6335433755002,48.7137280316645));
#7958=CARTESIAN_POINT('Ctrl Pts',(-26.8361875392449,-41.4703275233756,48.8147350759356));
#7959=CARTESIAN_POINT('Ctrl Pts',(-26.9119052570028,-41.3946098056177,48.8615934096705));
#7960=CARTESIAN_POINT('',(-27.1089399193299,-42.6117887056637,48.6587933741939));
#7961=CARTESIAN_POINT('Ctrl Pts',(-26.545810818754,-43.1749178062395,48.6076603375804));
#7962=CARTESIAN_POINT('Ctrl Pts',(-25.8387040375675,-42.467811025053,48.6076603375804));
#7963=CARTESIAN_POINT('Ctrl Pts',(-26.6358260101725,-43.0849026148211,48.6101392294465));
#7964=CARTESIAN_POINT('Ctrl Pts',(-25.9287192289859,-42.3777958336346,48.6101392294465));
#7965=CARTESIAN_POINT('Ctrl Pts',(-26.8240634112314,-42.8966652137622,48.6153230229265));
#7966=CARTESIAN_POINT('Ctrl Pts',(-26.1169566300449,-42.1895584325756,48.6153230229265));
#7967=CARTESIAN_POINT('Ctrl Pts',(-27.0112605290948,-42.7094680958988,48.6438881177603));
#7968=CARTESIAN_POINT('Ctrl Pts',(-26.3041537479083,-42.0023613147122,48.6438881177603));
#7969=CARTESIAN_POINT('Ctrl Pts',(-27.1089399193299,-42.6117887056637,48.6587933741939));
#7970=CARTESIAN_POINT('Ctrl Pts',(-26.4018331381434,-41.9046819244771,48.6587933741939));
#7971=CARTESIAN_POINT('',(-26.545810818754,-43.1749178062395,48.6076603375804));
#7972=CARTESIAN_POINT('Ctrl Pts',(-26.545810818754,-43.1749178062395,48.6076603375804));
#7973=CARTESIAN_POINT('Ctrl Pts',(-26.6358260101725,-43.0849026148211,48.6101392294465));
#7974=CARTESIAN_POINT('Ctrl Pts',(-26.8240634112314,-42.8966652137622,48.6153230229265));
#7975=CARTESIAN_POINT('Ctrl Pts',(-27.0112605290948,-42.7094680958988,48.6438881177603));
#7976=CARTESIAN_POINT('Ctrl Pts',(-27.1089399193299,-42.6117887056637,48.6587933741939));
#7977=CARTESIAN_POINT('',(-25.8387040375675,-42.467811025053,48.6076603375804));
#7978=CARTESIAN_POINT('Ctrl Pts',(-25.8387040375675,-42.467811025053,48.6076603375804));
#7979=CARTESIAN_POINT('Ctrl Pts',(-25.9287192289859,-42.3777958336346,48.6101392294465));
#7980=CARTESIAN_POINT('Ctrl Pts',(-26.1169566300449,-42.1895584325756,48.6153230229265));
#7981=CARTESIAN_POINT('Ctrl Pts',(-26.3041537479083,-42.0023613147122,48.6438881177603));
#7982=CARTESIAN_POINT('Ctrl Pts',(-26.4018331381434,-41.9046819244771,48.6587933741939));
#7983=CARTESIAN_POINT('',(-26.545810818754,-43.1749178062395,48.6076603375804));
#7984=CARTESIAN_POINT('Ctrl Pts',(-25.7813057618671,-43.9394228631265,48.7746755324733));
#7985=CARTESIAN_POINT('Ctrl Pts',(-25.0741989806805,-43.23231608194,48.7746755324733));
#7986=CARTESIAN_POINT('Ctrl Pts',(-25.8972876483472,-43.8234409766464,48.7260254730927));
#7987=CARTESIAN_POINT('Ctrl Pts',(-25.1901808671606,-43.1163341954599,48.7260254730927));
#7988=CARTESIAN_POINT('Ctrl Pts',(-26.1465645760384,-43.5741640489552,48.621463134072));
#7989=CARTESIAN_POINT('Ctrl Pts',(-25.4394577948518,-42.8670572677687,48.621463134072));
#7990=CARTESIAN_POINT('Ctrl Pts',(-26.4067061568813,-43.3140224681123,48.612469483249));
#7991=CARTESIAN_POINT('Ctrl Pts',(-25.6995993756947,-42.6069156869258,48.612469483249));
#7992=CARTESIAN_POINT('Ctrl Pts',(-26.545810818754,-43.1749178062395,48.6076603375804));
#7993=CARTESIAN_POINT('Ctrl Pts',(-25.8387040375675,-42.467811025053,48.6076603375804));
#7994=CARTESIAN_POINT('',(-25.7813057618671,-43.9394228631265,48.7746755324733));
#7995=CARTESIAN_POINT('Ctrl Pts',(-25.7813057618671,-43.9394228631265,48.7746755324733));
#7996=CARTESIAN_POINT('Ctrl Pts',(-25.8972876483472,-43.8234409766464,48.7260254730927));
#7997=CARTESIAN_POINT('Ctrl Pts',(-26.1465645760384,-43.5741640489552,48.621463134072));
#7998=CARTESIAN_POINT('Ctrl Pts',(-26.4067061568813,-43.3140224681123,48.612469483249));
#7999=CARTESIAN_POINT('Ctrl Pts',(-26.545810818754,-43.1749178062395,48.6076603375804));
#8000=CARTESIAN_POINT('',(-25.0741989806805,-43.23231608194,48.7746755324733));
#8001=CARTESIAN_POINT('Ctrl Pts',(-25.0741989806805,-43.23231608194,48.7746755324733));
#8002=CARTESIAN_POINT('Ctrl Pts',(-25.1901808671606,-43.1163341954599,48.7260254730927));
#8003=CARTESIAN_POINT('Ctrl Pts',(-25.4394577948518,-42.8670572677687,48.621463134072));
#8004=CARTESIAN_POINT('Ctrl Pts',(-25.6995993756947,-42.6069156869258,48.612469483249));
#8005=CARTESIAN_POINT('Ctrl Pts',(-25.8387040375675,-42.467811025053,48.6076603375804));
#8006=CARTESIAN_POINT('',(-25.7813057618671,-43.9394228631265,48.7746755324733));
#8007=CARTESIAN_POINT('Ctrl Pts',(-25.3435846090354,-44.3771440159582,49.1887752257716));
#8008=CARTESIAN_POINT('Ctrl Pts',(-24.6364778278488,-43.6700372347717,49.1887752257716));
#8009=CARTESIAN_POINT('Ctrl Pts',(-25.4119263692724,-44.3088022557212,49.0989184697854));
#8010=CARTESIAN_POINT('Ctrl Pts',(-24.7048195880859,-43.6016954745346,49.0989184697854));
#8011=CARTESIAN_POINT('Ctrl Pts',(-25.5422525306788,-44.1784760943148,48.9275637074338));
#8012=CARTESIAN_POINT('Ctrl Pts',(-24.8351457494923,-43.4713693131282,48.9275637074338));
#8013=CARTESIAN_POINT('Ctrl Pts',(-25.7042555406814,-44.0164730843122,48.8239535432277));
#8014=CARTESIAN_POINT('Ctrl Pts',(-24.9971487594949,-43.3093663031256,48.8239535432277));
#8015=CARTESIAN_POINT('Ctrl Pts',(-25.7813057618671,-43.9394228631265,48.7746755324733));
#8016=CARTESIAN_POINT('Ctrl Pts',(-25.0741989806805,-43.23231608194,48.7746755324733));
#8017=CARTESIAN_POINT('',(-25.3435846090354,-44.3771440159582,49.1887752257716));
#8018=CARTESIAN_POINT('Ctrl Pts',(-25.3435846090354,-44.3771440159582,49.1887752257716));
#8019=CARTESIAN_POINT('Ctrl Pts',(-25.4119263692724,-44.3088022557212,49.0989184697854));
#8020=CARTESIAN_POINT('Ctrl Pts',(-25.5422525306788,-44.1784760943148,48.9275637074338));
#8021=CARTESIAN_POINT('Ctrl Pts',(-25.7042555406814,-44.0164730843122,48.8239535432277));
#8022=CARTESIAN_POINT('Ctrl Pts',(-25.7813057618671,-43.9394228631265,48.7746755324733));
#8023=CARTESIAN_POINT('',(-24.6364778278488,-43.6700372347717,49.1887752257716));
#8024=CARTESIAN_POINT('Ctrl Pts',(-24.6364778278488,-43.6700372347717,49.1887752257716));
#8025=CARTESIAN_POINT('Ctrl Pts',(-24.7048195880859,-43.6016954745346,49.0989184697854));
#8026=CARTESIAN_POINT('Ctrl Pts',(-24.8351457494923,-43.4713693131282,48.9275637074338));
#8027=CARTESIAN_POINT('Ctrl Pts',(-24.9971487594949,-43.3093663031256,48.8239535432277));
#8028=CARTESIAN_POINT('Ctrl Pts',(-25.0741989806805,-43.23231608194,48.7746755324733));
#8029=CARTESIAN_POINT('',(-25.3435846090354,-44.3771440159582,49.1887752257716));
#8030=CARTESIAN_POINT('Ctrl Pts',(-25.0373005106273,-44.6834281143663,49.8772714578044));
#8031=CARTESIAN_POINT('Ctrl Pts',(-24.3301937294407,-43.9763213331798,49.8772714578044));
#8032=CARTESIAN_POINT('Ctrl Pts',(-25.0744783355235,-44.6462502894701,49.750171477059));
#8033=CARTESIAN_POINT('Ctrl Pts',(-24.367371554337,-43.9391435082835,49.750171477059));
#8034=CARTESIAN_POINT('Ctrl Pts',(-25.1488291457444,-44.5718994792491,49.4959880606308));
#8035=CARTESIAN_POINT('Ctrl Pts',(-24.4417223645579,-43.8647926980626,49.4959880606308));
#8036=CARTESIAN_POINT('Ctrl Pts',(-25.2786689384074,-44.4420596865862,49.2911750602277));
#8037=CARTESIAN_POINT('Ctrl Pts',(-24.5715621572208,-43.7349529053997,49.2911750602277));
#8038=CARTESIAN_POINT('Ctrl Pts',(-25.3435846090354,-44.3771440159582,49.1887752257716));
#8039=CARTESIAN_POINT('Ctrl Pts',(-24.6364778278488,-43.6700372347717,49.1887752257716));
#8040=CARTESIAN_POINT('',(-25.0373005106273,-44.6834281143663,49.8772714578044));
#8041=CARTESIAN_POINT('Ctrl Pts',(-25.0373005106273,-44.6834281143663,49.8772714578044));
#8042=CARTESIAN_POINT('Ctrl Pts',(-25.0744783355235,-44.6462502894701,49.750171477059));
#8043=CARTESIAN_POINT('Ctrl Pts',(-25.1488291457444,-44.5718994792491,49.4959880606308));
#8044=CARTESIAN_POINT('Ctrl Pts',(-25.2786689384074,-44.4420596865862,49.2911750602277));
#8045=CARTESIAN_POINT('Ctrl Pts',(-25.3435846090354,-44.3771440159582,49.1887752257716));
#8046=CARTESIAN_POINT('',(-24.3301937294407,-43.9763213331798,49.8772714578044));
#8047=CARTESIAN_POINT('Ctrl Pts',(-24.3301937294408,-43.9763213331798,49.8772714578044));
#8048=CARTESIAN_POINT('Ctrl Pts',(-24.367371554337,-43.9391435082835,49.750171477059));
#8049=CARTESIAN_POINT('Ctrl Pts',(-24.4417223645579,-43.8647926980626,49.4959880606308));
#8050=CARTESIAN_POINT('Ctrl Pts',(-24.5715621572208,-43.7349529053997,49.2911750602277));
#8051=CARTESIAN_POINT('Ctrl Pts',(-24.6364778278488,-43.6700372347717,49.1887752257716));
#8052=CARTESIAN_POINT('',(-25.0373005106273,-44.6834281143663,49.8772714578044));
#8053=CARTESIAN_POINT('Ctrl Pts',(-24.9396268750772,-44.7811017499164,50.7139978848826));
#8054=CARTESIAN_POINT('Ctrl Pts',(-24.2325200938907,-44.0739949687298,50.7139978848826));
#8055=CARTESIAN_POINT('Ctrl Pts',(-24.9434406018126,-44.777288023181,50.5694086703141));
#8056=CARTESIAN_POINT('Ctrl Pts',(-24.2363338206261,-44.0701812419944,50.5694086703141));
#8057=CARTESIAN_POINT('Ctrl Pts',(-24.9509526672203,-44.7697759577733,50.2846049304417));
#8058=CARTESIAN_POINT('Ctrl Pts',(-24.2438458860337,-44.0626691765868,50.2846049304417));
#8059=CARTESIAN_POINT('Ctrl Pts',(-25.0088141540014,-44.7119144709922,50.0116517284559));
#8060=CARTESIAN_POINT('Ctrl Pts',(-24.3017073728149,-44.0048076898056,50.0116517284559));
#8061=CARTESIAN_POINT('Ctrl Pts',(-25.0373005106273,-44.6834281143663,49.8772714578044));
#8062=CARTESIAN_POINT('Ctrl Pts',(-24.3301937294407,-43.9763213331798,49.8772714578044));
#8063=CARTESIAN_POINT('',(-24.9396268750772,-44.7811017499164,50.7139978848826));
#8064=CARTESIAN_POINT('Ctrl Pts',(-24.9396268750772,-44.7811017499164,50.7139978848826));
#8065=CARTESIAN_POINT('Ctrl Pts',(-24.9434406018126,-44.777288023181,50.5694086703141));
#8066=CARTESIAN_POINT('Ctrl Pts',(-24.9509526672203,-44.7697759577733,50.2846049304417));
#8067=CARTESIAN_POINT('Ctrl Pts',(-25.0088141540014,-44.7119144709922,50.0116517284559));
#8068=CARTESIAN_POINT('Ctrl Pts',(-25.0373005106273,-44.6834281143663,49.8772714578044));
#8069=CARTESIAN_POINT('',(-24.2325200938907,-44.0739949687298,50.7139978848826));
#8070=CARTESIAN_POINT('Ctrl Pts',(-24.2325200938907,-44.0739949687298,50.7139978848826));
#8071=CARTESIAN_POINT('Ctrl Pts',(-24.2363338206261,-44.0701812419945,50.5694086703141));
#8072=CARTESIAN_POINT('Ctrl Pts',(-24.2438458860337,-44.0626691765868,50.2846049304417));
#8073=CARTESIAN_POINT('Ctrl Pts',(-24.3017073728149,-44.0048076898057,50.0116517284559));
#8074=CARTESIAN_POINT('Ctrl Pts',(-24.3301937294408,-43.9763213331798,49.8772714578044));
#8075=CARTESIAN_POINT('',(-24.9396268750772,-44.7811017499164,50.7139978848826));
#8076=CARTESIAN_POINT('Origin',(-24.9396268750772,-44.7811017499164,53.6929265700709));
#8077=CARTESIAN_POINT('',(-24.9396268750772,-44.7811017499164,53.6929265700709));
#8078=CARTESIAN_POINT('',(-24.9396268750772,-44.7811017499164,53.6929265700709));
#8079=CARTESIAN_POINT('',(-24.2325200938907,-44.0739949687298,53.6929265700709));
#8080=CARTESIAN_POINT('',(-24.2325200938907,-44.0739949687298,53.6929265700709));
#8081=CARTESIAN_POINT('',(-24.9396268750772,-44.7811017499164,53.6929265700709));
#8082=CARTESIAN_POINT('Origin',(-26.0297100146836,-43.69101861031,53.6929265700709));
#8083=CARTESIAN_POINT('',(-26.0297100146836,-43.69101861031,53.6929265700709));
#8084=CARTESIAN_POINT('',(-26.0297100146836,-43.69101861031,53.6929265700709));
#8085=CARTESIAN_POINT('',(-25.3226032334971,-42.9839118291234,53.6929265700709));
#8086=CARTESIAN_POINT('',(-25.3226032334971,-42.9839118291234,53.6929265700709));
#8087=CARTESIAN_POINT('',(-26.0297100146836,-43.69101861031,53.6929265700709));
#8088=CARTESIAN_POINT('Origin',(-26.0297100146836,-43.69101861031,50.643067165507));
#8089=CARTESIAN_POINT('',(-26.0297100146836,-43.69101861031,50.643067165507));
#8090=CARTESIAN_POINT('',(-25.3226032334971,-42.9839118291235,50.643067165507));
#8091=CARTESIAN_POINT('Origin',(-24.7744266125142,-44.9463020124794,51.1502934538257));
#8092=CARTESIAN_POINT('Origin',(-24.0673198313277,-44.2391952312928,51.1502934538257));
#8093=CARTESIAN_POINT('',(-23.1695677903469,-17.909696411483,31.1431883936423));
#8094=UNCERTAINTY_MEASURE_WITH_UNIT(LENGTH_MEASURE(0.01),#8100,
'DISTANCE_ACCURACY_VALUE',
'Maximum model space distance between geometric entities at asserted c
onnectivities');
#8095=UNCERTAINTY_MEASURE_WITH_UNIT(LENGTH_MEASURE(0.01),#8100,
'DISTANCE_ACCURACY_VALUE',
'Maximum model space distance between geometric entities at asserted c
onnectivities');
#8096=UNCERTAINTY_MEASURE_WITH_UNIT(LENGTH_MEASURE(0.01),#8100,
'DISTANCE_ACCURACY_VALUE',
'Maximum model space distance between geometric entities at asserted c
onnectivities');
#8097=(
GEOMETRIC_REPRESENTATION_CONTEXT(3)
GLOBAL_UNCERTAINTY_ASSIGNED_CONTEXT((#8094))
GLOBAL_UNIT_ASSIGNED_CONTEXT((#8100,#8102,#8103))
REPRESENTATION_CONTEXT('','3D')
);
#8098=(
GEOMETRIC_REPRESENTATION_CONTEXT(3)
GLOBAL_UNCERTAINTY_ASSIGNED_CONTEXT((#8095))
GLOBAL_UNIT_ASSIGNED_CONTEXT((#8100,#8102,#8103))
REPRESENTATION_CONTEXT('','3D')
);
#8099=(
GEOMETRIC_REPRESENTATION_CONTEXT(3)
GLOBAL_UNCERTAINTY_ASSIGNED_CONTEXT((#8096))
GLOBAL_UNIT_ASSIGNED_CONTEXT((#8100,#8102,#8103))
REPRESENTATION_CONTEXT('','3D')
);
#8100=(
LENGTH_UNIT()
NAMED_UNIT(*)
SI_UNIT(.MILLI.,.METRE.)
);
#8101=(
LENGTH_UNIT()
NAMED_UNIT(*)
SI_UNIT($,.METRE.)
);
#8102=(
NAMED_UNIT(*)
PLANE_ANGLE_UNIT()
SI_UNIT($,.RADIAN.)
);
#8103=(
NAMED_UNIT(*)
SI_UNIT($,.STERADIAN.)
SOLID_ANGLE_UNIT()
);
#8104=SHAPE_DEFINITION_REPRESENTATION(#8106,#8109);
#8105=SHAPE_DEFINITION_REPRESENTATION(#8107,#8110);
#8106=PRODUCT_DEFINITION_SHAPE('',$,#8112);
#8107=PRODUCT_DEFINITION_SHAPE('',$,#8113);
#8108=PRODUCT_DEFINITION_SHAPE($,$,#14);
#8109=SHAPE_REPRESENTATION('',(#4486,#4806),#8097);
#8110=SHAPE_REPRESENTATION('',(#4487),#8098);
#8111=PRODUCT_DEFINITION_CONTEXT('part definition',#8119,'design');
#8112=PRODUCT_DEFINITION('Enclosure Wallplate with SEN6X',
'Enclosure Wallplate with SEN6X v16',#8114,#8111);
#8113=PRODUCT_DEFINITION('Wall Plates v2','Wall Plates v2',#8115,#8111);
#8114=PRODUCT_DEFINITION_FORMATION('',$,#8121);
#8115=PRODUCT_DEFINITION_FORMATION('',$,#8122);
#8116=PRODUCT_RELATED_PRODUCT_CATEGORY(
'Enclosure Wallplate with SEN6X v16',
'Enclosure Wallplate with SEN6X v16',(#8121));
#8117=PRODUCT_RELATED_PRODUCT_CATEGORY('Wall Plates v2',
'Wall Plates v2',(#8122));
#8118=APPLICATION_PROTOCOL_DEFINITION('international standard',
'automotive_design',2009,#8119);
#8119=APPLICATION_CONTEXT(
'Core Data for Automotive Mechanical Design Process');
#8120=PRODUCT_CONTEXT('part definition',#8119,'mechanical');
#8121=PRODUCT('Enclosure Wallplate with SEN6X',
'Enclosure Wallplate with SEN6X v16',$,(#8120));
#8122=PRODUCT('Wall Plates v2','Wall Plates v2',$,(#8120));
#8123=PRESENTATION_STYLE_ASSIGNMENT((#8126));
#8124=PRESENTATION_STYLE_ASSIGNMENT((#8127));
#8125=PRESENTATION_STYLE_ASSIGNMENT((#8128));
#8126=SURFACE_STYLE_USAGE(.BOTH.,#8129);
#8127=SURFACE_STYLE_USAGE(.BOTH.,#8130);
#8128=SURFACE_STYLE_USAGE(.BOTH.,#8131);
#8129=SURFACE_SIDE_STYLE('',(#8132));
#8130=SURFACE_SIDE_STYLE('',(#8133));
#8131=SURFACE_SIDE_STYLE('',(#8134));
#8132=SURFACE_STYLE_FILL_AREA(#8135);
#8133=SURFACE_STYLE_FILL_AREA(#8136);
#8134=SURFACE_STYLE_FILL_AREA(#8137);
#8135=FILL_AREA_STYLE('Steel - Satin',(#8138));
#8136=FILL_AREA_STYLE('Plastic - Matte (White)',(#8139));
#8137=FILL_AREA_STYLE('ABS (White)',(#8140));
#8138=FILL_AREA_STYLE_COLOUR('Steel - Satin',#8141);
#8139=FILL_AREA_STYLE_COLOUR('Plastic - Matte (White)',#8142);
#8140=FILL_AREA_STYLE_COLOUR('ABS (White)',#8143);
#8141=COLOUR_RGB('Steel - Satin',0.627450980392157,0.627450980392157,0.627450980392157);
#8142=COLOUR_RGB('Plastic - Matte (White)',0.964705882352941,0.964705882352941,
0.952941176470588);
#8143=COLOUR_RGB('ABS (White)',0.964705882352941,0.964705882352941,0.952941176470588);
ENDSEC;
END-ISO-10303-21;
