ISO-10303-21;
HEADER;
/* Generated by software containing ST-Developer
 * from STEP Tools, Inc. (www.steptools.com) 
 */

FILE_DESCRIPTION(
/* description */ (''),
/* implementation_level */ '2;1');

FILE_NAME(
/* name */ 'ESPHome-Indoor-Multi-Sensor-Wallplate-Front-Body.step',
/* time_stamp */ '2025-09-27T15:42:01-05:00',
/* author */ (''),
/* organization */ (''),
/* preprocessor_version */ 'ST-DEVELOPER v20.1',
/* originating_system */ 'Autodesk Translation Framework v14.17.0.0',
/* authorisation */ '');

FILE_SCHEMA (('AUTOMOTIVE_DESIGN { 1 0 10303 214 3 1 1 }'));
ENDSEC;

DATA;
#10=MECHANICAL_DESIGN_GEOMETRIC_PRESENTATION_REPRESENTATION('',(#13),#16009);
#11=SHAPE_REPRESENTATION_RELATIONSHIP('SRR','None',#16015,#12);
#12=ADVANCED_BREP_SHAPE_REPRESENTATION('',(#14),#16008);
#13=STYLED_ITEM('',(#16025),#14);
#14=MANIFOLD_SOLID_BREP('Front Body',#9573);
#15=CONICAL_SURFACE('',#9621,7.,0.785398163397464);
#16=CONICAL_SURFACE('',#9630,7.,0.785398163397453);
#17=CONICAL_SURFACE('',#10484,7.,0.785398163397466);
#18=CONICAL_SURFACE('',#10488,7.,0.785398163397448);
#19=ELLIPSE('',#9598,9.8994949366117,7.);
#20=ELLIPSE('',#9599,9.8994949366116,7.);
#21=ELLIPSE('',#9601,9.8994949366116,7.);
#22=ELLIPSE('',#9602,9.8994949366117,7.);
#23=ELLIPSE('',#9604,7.42462120245875,5.25);
#24=ELLIPSE('',#9606,7.42462120245872,5.25);
#25=ELLIPSE('',#9616,9.89949493661183,7.);
#26=ELLIPSE('',#9617,9.89949493661162,7.);
#27=ELLIPSE('',#9619,9.89949493661162,7.);
#28=ELLIPSE('',#9620,9.89949493661183,7.);
#29=ELLIPSE('',#9635,9.89949493661169,7.);
#30=ELLIPSE('',#9636,9.89949493661107,7.);
#31=ELLIPSE('',#9638,9.89949493661107,7.);
#32=ELLIPSE('',#9639,9.89949493661169,7.);
#33=ELLIPSE('',#9650,9.8994949366117,7.);
#34=ELLIPSE('',#9651,9.89949493661158,7.);
#35=ELLIPSE('',#9653,9.89949493661158,7.);
#36=ELLIPSE('',#9654,9.8994949366117,7.);
#37=FACE_BOUND('',#2741,.T.);
#38=FACE_BOUND('',#2747,.T.);
#39=FACE_BOUND('',#2749,.T.);
#40=FACE_BOUND('',#2755,.T.);
#41=FACE_BOUND('',#2757,.T.);
#42=FACE_BOUND('',#2765,.T.);
#43=FACE_BOUND('',#2771,.T.);
#44=FACE_BOUND('',#3195,.T.);
#45=FACE_BOUND('',#3196,.T.);
#46=FACE_BOUND('',#3197,.T.);
#47=FACE_BOUND('',#3198,.T.);
#48=FACE_BOUND('',#3199,.T.);
#49=FACE_BOUND('',#3200,.T.);
#50=FACE_BOUND('',#3201,.T.);
#51=FACE_BOUND('',#3202,.T.);
#52=FACE_BOUND('',#3203,.T.);
#53=FACE_BOUND('',#3204,.T.);
#54=FACE_BOUND('',#3205,.T.);
#55=FACE_BOUND('',#3206,.T.);
#56=FACE_BOUND('',#3207,.T.);
#57=FACE_BOUND('',#3208,.T.);
#58=FACE_BOUND('',#3209,.T.);
#59=FACE_BOUND('',#3210,.T.);
#60=FACE_BOUND('',#3211,.T.);
#61=FACE_BOUND('',#3212,.T.);
#62=FACE_BOUND('',#3213,.T.);
#63=FACE_BOUND('',#3214,.T.);
#64=FACE_BOUND('',#3215,.T.);
#65=FACE_BOUND('',#3216,.T.);
#66=FACE_BOUND('',#3217,.T.);
#67=FACE_BOUND('',#3218,.T.);
#68=FACE_BOUND('',#3219,.T.);
#69=FACE_BOUND('',#3220,.T.);
#70=FACE_BOUND('',#3221,.T.);
#71=FACE_BOUND('',#3222,.T.);
#72=FACE_BOUND('',#3224,.T.);
#73=FACE_BOUND('',#3225,.T.);
#74=FACE_BOUND('',#3226,.T.);
#75=FACE_BOUND('',#3227,.T.);
#76=FACE_BOUND('',#3228,.T.);
#77=FACE_BOUND('',#3229,.T.);
#78=FACE_BOUND('',#3230,.T.);
#79=FACE_BOUND('',#3231,.T.);
#80=FACE_BOUND('',#3232,.T.);
#81=FACE_BOUND('',#3233,.T.);
#82=FACE_BOUND('',#3234,.T.);
#83=FACE_BOUND('',#3235,.T.);
#84=FACE_BOUND('',#3236,.T.);
#85=FACE_BOUND('',#3237,.T.);
#86=FACE_BOUND('',#3238,.T.);
#87=FACE_BOUND('',#3239,.T.);
#88=FACE_BOUND('',#3240,.T.);
#89=FACE_BOUND('',#3241,.T.);
#90=FACE_BOUND('',#3242,.T.);
#91=FACE_BOUND('',#3243,.T.);
#92=FACE_BOUND('',#3245,.T.);
#93=FACE_BOUND('',#3247,.T.);
#94=FACE_BOUND('',#3248,.T.);
#95=FACE_BOUND('',#3249,.T.);
#96=FACE_BOUND('',#3250,.T.);
#97=FACE_BOUND('',#3251,.T.);
#98=FACE_BOUND('',#3252,.T.);
#99=FACE_BOUND('',#3253,.T.);
#100=FACE_BOUND('',#3254,.T.);
#101=FACE_BOUND('',#3255,.T.);
#102=FACE_BOUND('',#3256,.T.);
#103=FACE_BOUND('',#3257,.T.);
#104=FACE_BOUND('',#3258,.T.);
#105=FACE_BOUND('',#3259,.T.);
#106=FACE_BOUND('',#3260,.T.);
#107=FACE_BOUND('',#3261,.T.);
#108=FACE_BOUND('',#3262,.T.);
#109=FACE_BOUND('',#3263,.T.);
#110=FACE_BOUND('',#3264,.T.);
#111=FACE_BOUND('',#3265,.T.);
#112=FACE_BOUND('',#3266,.T.);
#113=FACE_BOUND('',#3267,.T.);
#114=FACE_BOUND('',#3268,.T.);
#115=FACE_BOUND('',#3269,.T.);
#116=FACE_BOUND('',#3270,.T.);
#117=FACE_BOUND('',#3271,.T.);
#118=FACE_BOUND('',#3272,.T.);
#119=FACE_BOUND('',#3273,.T.);
#120=FACE_BOUND('',#3274,.T.);
#121=FACE_BOUND('',#3276,.T.);
#122=FACE_BOUND('',#3277,.T.);
#123=FACE_BOUND('',#3278,.T.);
#124=FACE_BOUND('',#3279,.T.);
#125=FACE_BOUND('',#3280,.T.);
#126=FACE_BOUND('',#3281,.T.);
#127=FACE_BOUND('',#3282,.T.);
#128=FACE_BOUND('',#3283,.T.);
#129=FACE_BOUND('',#3284,.T.);
#130=FACE_BOUND('',#3285,.T.);
#131=FACE_BOUND('',#3286,.T.);
#132=FACE_BOUND('',#3287,.T.);
#133=FACE_BOUND('',#3288,.T.);
#134=FACE_BOUND('',#3289,.T.);
#135=FACE_BOUND('',#3290,.T.);
#136=FACE_BOUND('',#3291,.T.);
#137=FACE_BOUND('',#3292,.T.);
#138=FACE_BOUND('',#3293,.T.);
#139=FACE_BOUND('',#3294,.T.);
#140=FACE_BOUND('',#3295,.T.);
#141=FACE_BOUND('',#3296,.T.);
#142=FACE_BOUND('',#3297,.T.);
#143=FACE_BOUND('',#3298,.T.);
#144=FACE_BOUND('',#3299,.T.);
#145=FACE_BOUND('',#3307,.T.);
#146=FACE_BOUND('',#3308,.T.);
#147=FACE_BOUND('',#3309,.T.);
#148=FACE_BOUND('',#3310,.T.);
#149=FACE_BOUND('',#3311,.T.);
#150=FACE_BOUND('',#3312,.T.);
#151=FACE_BOUND('',#3313,.T.);
#152=FACE_BOUND('',#3314,.T.);
#153=FACE_BOUND('',#3315,.T.);
#154=FACE_BOUND('',#3316,.T.);
#155=FACE_BOUND('',#3317,.T.);
#156=FACE_BOUND('',#3318,.T.);
#157=FACE_BOUND('',#3319,.T.);
#158=FACE_BOUND('',#3320,.T.);
#159=FACE_BOUND('',#3321,.T.);
#160=FACE_BOUND('',#3322,.T.);
#161=FACE_BOUND('',#3323,.T.);
#162=FACE_BOUND('',#3324,.T.);
#163=FACE_BOUND('',#3325,.T.);
#164=FACE_BOUND('',#3326,.T.);
#165=FACE_BOUND('',#3327,.T.);
#166=FACE_BOUND('',#3328,.T.);
#167=FACE_BOUND('',#3329,.T.);
#168=FACE_BOUND('',#3330,.T.);
#169=FACE_BOUND('',#3331,.T.);
#170=FACE_BOUND('',#3332,.T.);
#171=FACE_BOUND('',#3333,.T.);
#172=FACE_BOUND('',#3334,.T.);
#173=FACE_BOUND('',#3337,.T.);
#174=FACE_BOUND('',#3338,.T.);
#175=FACE_BOUND('',#3339,.T.);
#176=FACE_BOUND('',#3340,.T.);
#177=FACE_BOUND('',#3341,.T.);
#178=FACE_BOUND('',#3342,.T.);
#179=FACE_BOUND('',#3343,.T.);
#180=FACE_BOUND('',#3344,.T.);
#181=FACE_BOUND('',#3345,.T.);
#182=FACE_BOUND('',#3346,.T.);
#183=FACE_BOUND('',#3347,.T.);
#184=FACE_BOUND('',#3348,.T.);
#185=FACE_BOUND('',#3349,.T.);
#186=FACE_BOUND('',#3350,.T.);
#187=FACE_BOUND('',#3351,.T.);
#188=FACE_BOUND('',#3352,.T.);
#189=FACE_BOUND('',#3353,.T.);
#190=FACE_BOUND('',#3354,.T.);
#191=FACE_BOUND('',#3355,.T.);
#192=FACE_BOUND('',#3356,.T.);
#193=FACE_BOUND('',#3359,.T.);
#194=FACE_BOUND('',#3360,.T.);
#195=FACE_BOUND('',#3361,.T.);
#196=FACE_BOUND('',#3362,.T.);
#197=FACE_BOUND('',#3363,.T.);
#198=FACE_BOUND('',#3364,.T.);
#199=FACE_BOUND('',#3365,.T.);
#200=FACE_BOUND('',#3366,.T.);
#201=FACE_BOUND('',#3367,.T.);
#202=FACE_BOUND('',#3368,.T.);
#203=FACE_BOUND('',#3369,.T.);
#204=FACE_BOUND('',#3370,.T.);
#205=FACE_BOUND('',#3371,.T.);
#206=FACE_BOUND('',#3372,.T.);
#207=FACE_BOUND('',#3373,.T.);
#208=FACE_BOUND('',#3374,.T.);
#209=FACE_BOUND('',#3375,.T.);
#210=FACE_BOUND('',#3376,.T.);
#211=FACE_BOUND('',#3377,.T.);
#212=FACE_BOUND('',#3378,.T.);
#213=FACE_BOUND('',#3379,.T.);
#214=FACE_BOUND('',#3380,.T.);
#215=FACE_BOUND('',#3381,.T.);
#216=FACE_BOUND('',#3382,.T.);
#217=FACE_BOUND('',#3383,.T.);
#218=FACE_BOUND('',#3384,.T.);
#219=FACE_BOUND('',#3385,.T.);
#220=FACE_BOUND('',#3386,.T.);
#221=FACE_BOUND('',#3389,.T.);
#222=FACE_BOUND('',#3390,.T.);
#223=FACE_BOUND('',#3391,.T.);
#224=FACE_BOUND('',#3392,.T.);
#225=FACE_BOUND('',#3393,.T.);
#226=FACE_BOUND('',#3394,.T.);
#227=FACE_BOUND('',#3395,.T.);
#228=FACE_BOUND('',#3396,.T.);
#229=FACE_BOUND('',#3397,.T.);
#230=FACE_BOUND('',#3398,.T.);
#231=FACE_BOUND('',#3399,.T.);
#232=FACE_BOUND('',#3400,.T.);
#233=FACE_BOUND('',#3401,.T.);
#234=FACE_BOUND('',#3402,.T.);
#235=FACE_BOUND('',#3403,.T.);
#236=FACE_BOUND('',#3404,.T.);
#237=FACE_BOUND('',#3405,.T.);
#238=FACE_BOUND('',#3406,.T.);
#239=FACE_BOUND('',#3407,.T.);
#240=FACE_BOUND('',#3408,.T.);
#241=FACE_BOUND('',#3409,.T.);
#242=FACE_BOUND('',#3410,.T.);
#243=FACE_BOUND('',#3411,.T.);
#244=FACE_BOUND('',#3412,.T.);
#245=FACE_BOUND('',#3415,.T.);
#246=LINE('',#13276,#1150);
#247=LINE('',#13286,#1151);
#248=LINE('',#13289,#1152);
#249=LINE('',#13292,#1153);
#250=LINE('',#13294,#1154);
#251=LINE('',#13296,#1155);
#252=LINE('',#13297,#1156);
#253=LINE('',#13300,#1157);
#254=LINE('',#13302,#1158);
#255=LINE('',#13304,#1159);
#256=LINE('',#13305,#1160);
#257=LINE('',#13313,#1161);
#258=LINE('',#13317,#1162);
#259=LINE('',#13321,#1163);
#260=LINE('',#13324,#1164);
#261=LINE('',#13329,#1165);
#262=LINE('',#13332,#1166);
#263=LINE('',#13354,#1167);
#264=LINE('',#13357,#1168);
#265=LINE('',#13360,#1169);
#266=LINE('',#13362,#1170);
#267=LINE('',#13363,#1171);
#268=LINE('',#13365,#1172);
#269=LINE('',#13368,#1173);
#270=LINE('',#13370,#1174);
#271=LINE('',#13371,#1175);
#272=LINE('',#13376,#1176);
#273=LINE('',#13379,#1177);
#274=LINE('',#13392,#1178);
#275=LINE('',#13396,#1179);
#276=LINE('',#13399,#1180);
#277=LINE('',#13405,#1181);
#278=LINE('',#13408,#1182);
#279=LINE('',#13411,#1183);
#280=LINE('',#13413,#1184);
#281=LINE('',#13415,#1185);
#282=LINE('',#13416,#1186);
#283=LINE('',#13419,#1187);
#284=LINE('',#13421,#1188);
#285=LINE('',#13423,#1189);
#286=LINE('',#13424,#1190);
#287=LINE('',#13429,#1191);
#288=LINE('',#13432,#1192);
#289=LINE('',#13435,#1193);
#290=LINE('',#13438,#1194);
#291=LINE('',#13456,#1195);
#292=LINE('',#13459,#1196);
#293=LINE('',#13462,#1197);
#294=LINE('',#13464,#1198);
#295=LINE('',#13466,#1199);
#296=LINE('',#13467,#1200);
#297=LINE('',#13470,#1201);
#298=LINE('',#13472,#1202);
#299=LINE('',#13474,#1203);
#300=LINE('',#13475,#1204);
#301=LINE('',#13480,#1205);
#302=LINE('',#13483,#1206);
#303=LINE('',#13497,#1207);
#304=LINE('',#13498,#1208);
#305=LINE('',#13501,#1209);
#306=LINE('',#13504,#1210);
#307=LINE('',#13505,#1211);
#308=LINE('',#13507,#1212);
#309=LINE('',#13510,#1213);
#310=LINE('',#13511,#1214);
#311=LINE('',#13512,#1215);
#312=LINE('',#13514,#1216);
#313=LINE('',#13516,#1217);
#314=LINE('',#13518,#1218);
#315=LINE('',#13519,#1219);
#316=LINE('',#13521,#1220);
#317=LINE('',#13531,#1221);
#318=LINE('',#13533,#1222);
#319=LINE('',#13535,#1223);
#320=LINE('',#13536,#1224);
#321=LINE('',#13540,#1225);
#322=LINE('',#13542,#1226);
#323=LINE('',#13544,#1227);
#324=LINE('',#13545,#1228);
#325=LINE('',#13550,#1229);
#326=LINE('',#13557,#1230);
#327=LINE('',#13563,#1231);
#328=LINE('',#13565,#1232);
#329=LINE('',#13566,#1233);
#330=LINE('',#13569,#1234);
#331=LINE('',#13571,#1235);
#332=LINE('',#13572,#1236);
#333=LINE('',#13579,#1237);
#334=LINE('',#13581,#1238);
#335=LINE('',#13583,#1239);
#336=LINE('',#13584,#1240);
#337=LINE('',#13588,#1241);
#338=LINE('',#13590,#1242);
#339=LINE('',#13592,#1243);
#340=LINE('',#13593,#1244);
#341=LINE('',#13598,#1245);
#342=LINE('',#13605,#1246);
#343=LINE('',#13611,#1247);
#344=LINE('',#13613,#1248);
#345=LINE('',#13614,#1249);
#346=LINE('',#13617,#1250);
#347=LINE('',#13619,#1251);
#348=LINE('',#13620,#1252);
#349=LINE('',#13629,#1253);
#350=LINE('',#13632,#1254);
#351=LINE('',#13638,#1255);
#352=LINE('',#13641,#1256);
#353=LINE('',#13644,#1257);
#354=LINE('',#13646,#1258);
#355=LINE('',#13647,#1259);
#356=LINE('',#13650,#1260);
#357=LINE('',#13652,#1261);
#358=LINE('',#13653,#1262);
#359=LINE('',#13656,#1263);
#360=LINE('',#13658,#1264);
#361=LINE('',#13659,#1265);
#362=LINE('',#13668,#1266);
#363=LINE('',#13670,#1267);
#364=LINE('',#13671,#1268);
#365=LINE('',#13675,#1269);
#366=LINE('',#13677,#1270);
#367=LINE('',#13679,#1271);
#368=LINE('',#13680,#1272);
#369=LINE('',#13684,#1273);
#370=LINE('',#13686,#1274);
#371=LINE('',#13688,#1275);
#372=LINE('',#13689,#1276);
#373=LINE('',#13694,#1277);
#374=LINE('',#13701,#1278);
#375=LINE('',#13707,#1279);
#376=LINE('',#13709,#1280);
#377=LINE('',#13710,#1281);
#378=LINE('',#13713,#1282);
#379=LINE('',#13715,#1283);
#380=LINE('',#13716,#1284);
#381=LINE('',#13725,#1285);
#382=LINE('',#13728,#1286);
#383=LINE('',#13734,#1287);
#384=LINE('',#13737,#1288);
#385=LINE('',#13740,#1289);
#386=LINE('',#13742,#1290);
#387=LINE('',#13743,#1291);
#388=LINE('',#13746,#1292);
#389=LINE('',#13748,#1293);
#390=LINE('',#13749,#1294);
#391=LINE('',#13752,#1295);
#392=LINE('',#13754,#1296);
#393=LINE('',#13755,#1297);
#394=LINE('',#13764,#1298);
#395=LINE('',#13766,#1299);
#396=LINE('',#13767,#1300);
#397=LINE('',#13773,#1301);
#398=LINE('',#13776,#1302);
#399=LINE('',#13782,#1303);
#400=LINE('',#13785,#1304);
#401=LINE('',#13788,#1305);
#402=LINE('',#13790,#1306);
#403=LINE('',#13791,#1307);
#404=LINE('',#13794,#1308);
#405=LINE('',#13796,#1309);
#406=LINE('',#13797,#1310);
#407=LINE('',#13800,#1311);
#408=LINE('',#13802,#1312);
#409=LINE('',#13803,#1313);
#410=LINE('',#13812,#1314);
#411=LINE('',#13814,#1315);
#412=LINE('',#13815,#1316);
#413=LINE('',#13821,#1317);
#414=LINE('',#13824,#1318);
#415=LINE('',#13830,#1319);
#416=LINE('',#13833,#1320);
#417=LINE('',#13836,#1321);
#418=LINE('',#13838,#1322);
#419=LINE('',#13839,#1323);
#420=LINE('',#13842,#1324);
#421=LINE('',#13844,#1325);
#422=LINE('',#13845,#1326);
#423=LINE('',#13848,#1327);
#424=LINE('',#13850,#1328);
#425=LINE('',#13851,#1329);
#426=LINE('',#13860,#1330);
#427=LINE('',#13862,#1331);
#428=LINE('',#13863,#1332);
#429=LINE('',#13869,#1333);
#430=LINE('',#13872,#1334);
#431=LINE('',#13878,#1335);
#432=LINE('',#13881,#1336);
#433=LINE('',#13884,#1337);
#434=LINE('',#13886,#1338);
#435=LINE('',#13887,#1339);
#436=LINE('',#13890,#1340);
#437=LINE('',#13892,#1341);
#438=LINE('',#13893,#1342);
#439=LINE('',#13896,#1343);
#440=LINE('',#13898,#1344);
#441=LINE('',#13899,#1345);
#442=LINE('',#13908,#1346);
#443=LINE('',#13910,#1347);
#444=LINE('',#13911,#1348);
#445=LINE('',#13917,#1349);
#446=LINE('',#13920,#1350);
#447=LINE('',#13926,#1351);
#448=LINE('',#13929,#1352);
#449=LINE('',#13932,#1353);
#450=LINE('',#13934,#1354);
#451=LINE('',#13935,#1355);
#452=LINE('',#13938,#1356);
#453=LINE('',#13940,#1357);
#454=LINE('',#13941,#1358);
#455=LINE('',#13944,#1359);
#456=LINE('',#13946,#1360);
#457=LINE('',#13947,#1361);
#458=LINE('',#13956,#1362);
#459=LINE('',#13958,#1363);
#460=LINE('',#13959,#1364);
#461=LINE('',#13965,#1365);
#462=LINE('',#13968,#1366);
#463=LINE('',#13974,#1367);
#464=LINE('',#13977,#1368);
#465=LINE('',#13980,#1369);
#466=LINE('',#13982,#1370);
#467=LINE('',#13983,#1371);
#468=LINE('',#13986,#1372);
#469=LINE('',#13988,#1373);
#470=LINE('',#13989,#1374);
#471=LINE('',#13992,#1375);
#472=LINE('',#13994,#1376);
#473=LINE('',#13995,#1377);
#474=LINE('',#14004,#1378);
#475=LINE('',#14006,#1379);
#476=LINE('',#14007,#1380);
#477=LINE('',#14011,#1381);
#478=LINE('',#14013,#1382);
#479=LINE('',#14015,#1383);
#480=LINE('',#14016,#1384);
#481=LINE('',#14020,#1385);
#482=LINE('',#14022,#1386);
#483=LINE('',#14024,#1387);
#484=LINE('',#14025,#1388);
#485=LINE('',#14030,#1389);
#486=LINE('',#14037,#1390);
#487=LINE('',#14043,#1391);
#488=LINE('',#14045,#1392);
#489=LINE('',#14046,#1393);
#490=LINE('',#14049,#1394);
#491=LINE('',#14051,#1395);
#492=LINE('',#14052,#1396);
#493=LINE('',#14061,#1397);
#494=LINE('',#14064,#1398);
#495=LINE('',#14070,#1399);
#496=LINE('',#14073,#1400);
#497=LINE('',#14076,#1401);
#498=LINE('',#14078,#1402);
#499=LINE('',#14079,#1403);
#500=LINE('',#14082,#1404);
#501=LINE('',#14084,#1405);
#502=LINE('',#14085,#1406);
#503=LINE('',#14088,#1407);
#504=LINE('',#14090,#1408);
#505=LINE('',#14091,#1409);
#506=LINE('',#14100,#1410);
#507=LINE('',#14102,#1411);
#508=LINE('',#14103,#1412);
#509=LINE('',#14107,#1413);
#510=LINE('',#14109,#1414);
#511=LINE('',#14111,#1415);
#512=LINE('',#14112,#1416);
#513=LINE('',#14116,#1417);
#514=LINE('',#14118,#1418);
#515=LINE('',#14120,#1419);
#516=LINE('',#14121,#1420);
#517=LINE('',#14126,#1421);
#518=LINE('',#14133,#1422);
#519=LINE('',#14139,#1423);
#520=LINE('',#14141,#1424);
#521=LINE('',#14142,#1425);
#522=LINE('',#14145,#1426);
#523=LINE('',#14147,#1427);
#524=LINE('',#14148,#1428);
#525=LINE('',#14155,#1429);
#526=LINE('',#14157,#1430);
#527=LINE('',#14159,#1431);
#528=LINE('',#14160,#1432);
#529=LINE('',#14164,#1433);
#530=LINE('',#14166,#1434);
#531=LINE('',#14168,#1435);
#532=LINE('',#14169,#1436);
#533=LINE('',#14174,#1437);
#534=LINE('',#14181,#1438);
#535=LINE('',#14187,#1439);
#536=LINE('',#14189,#1440);
#537=LINE('',#14190,#1441);
#538=LINE('',#14193,#1442);
#539=LINE('',#14195,#1443);
#540=LINE('',#14196,#1444);
#541=LINE('',#14203,#1445);
#542=LINE('',#14205,#1446);
#543=LINE('',#14207,#1447);
#544=LINE('',#14208,#1448);
#545=LINE('',#14212,#1449);
#546=LINE('',#14214,#1450);
#547=LINE('',#14216,#1451);
#548=LINE('',#14217,#1452);
#549=LINE('',#14222,#1453);
#550=LINE('',#14229,#1454);
#551=LINE('',#14235,#1455);
#552=LINE('',#14237,#1456);
#553=LINE('',#14238,#1457);
#554=LINE('',#14241,#1458);
#555=LINE('',#14243,#1459);
#556=LINE('',#14244,#1460);
#557=LINE('',#14253,#1461);
#558=LINE('',#14256,#1462);
#559=LINE('',#14262,#1463);
#560=LINE('',#14265,#1464);
#561=LINE('',#14268,#1465);
#562=LINE('',#14270,#1466);
#563=LINE('',#14271,#1467);
#564=LINE('',#14274,#1468);
#565=LINE('',#14276,#1469);
#566=LINE('',#14277,#1470);
#567=LINE('',#14280,#1471);
#568=LINE('',#14282,#1472);
#569=LINE('',#14283,#1473);
#570=LINE('',#14292,#1474);
#571=LINE('',#14294,#1475);
#572=LINE('',#14295,#1476);
#573=LINE('',#14301,#1477);
#574=LINE('',#14304,#1478);
#575=LINE('',#14310,#1479);
#576=LINE('',#14313,#1480);
#577=LINE('',#14316,#1481);
#578=LINE('',#14318,#1482);
#579=LINE('',#14319,#1483);
#580=LINE('',#14322,#1484);
#581=LINE('',#14324,#1485);
#582=LINE('',#14325,#1486);
#583=LINE('',#14328,#1487);
#584=LINE('',#14330,#1488);
#585=LINE('',#14331,#1489);
#586=LINE('',#14340,#1490);
#587=LINE('',#14342,#1491);
#588=LINE('',#14343,#1492);
#589=LINE('',#14349,#1493);
#590=LINE('',#14352,#1494);
#591=LINE('',#14358,#1495);
#592=LINE('',#14361,#1496);
#593=LINE('',#14364,#1497);
#594=LINE('',#14366,#1498);
#595=LINE('',#14367,#1499);
#596=LINE('',#14370,#1500);
#597=LINE('',#14372,#1501);
#598=LINE('',#14373,#1502);
#599=LINE('',#14376,#1503);
#600=LINE('',#14378,#1504);
#601=LINE('',#14379,#1505);
#602=LINE('',#14388,#1506);
#603=LINE('',#14390,#1507);
#604=LINE('',#14391,#1508);
#605=LINE('',#14397,#1509);
#606=LINE('',#14400,#1510);
#607=LINE('',#14406,#1511);
#608=LINE('',#14409,#1512);
#609=LINE('',#14412,#1513);
#610=LINE('',#14414,#1514);
#611=LINE('',#14415,#1515);
#612=LINE('',#14418,#1516);
#613=LINE('',#14420,#1517);
#614=LINE('',#14421,#1518);
#615=LINE('',#14424,#1519);
#616=LINE('',#14426,#1520);
#617=LINE('',#14427,#1521);
#618=LINE('',#14436,#1522);
#619=LINE('',#14438,#1523);
#620=LINE('',#14439,#1524);
#621=LINE('',#14445,#1525);
#622=LINE('',#14448,#1526);
#623=LINE('',#14454,#1527);
#624=LINE('',#14457,#1528);
#625=LINE('',#14460,#1529);
#626=LINE('',#14462,#1530);
#627=LINE('',#14463,#1531);
#628=LINE('',#14466,#1532);
#629=LINE('',#14468,#1533);
#630=LINE('',#14469,#1534);
#631=LINE('',#14472,#1535);
#632=LINE('',#14474,#1536);
#633=LINE('',#14475,#1537);
#634=LINE('',#14484,#1538);
#635=LINE('',#14486,#1539);
#636=LINE('',#14487,#1540);
#637=LINE('',#14491,#1541);
#638=LINE('',#14493,#1542);
#639=LINE('',#14495,#1543);
#640=LINE('',#14496,#1544);
#641=LINE('',#14500,#1545);
#642=LINE('',#14502,#1546);
#643=LINE('',#14504,#1547);
#644=LINE('',#14505,#1548);
#645=LINE('',#14510,#1549);
#646=LINE('',#14517,#1550);
#647=LINE('',#14523,#1551);
#648=LINE('',#14525,#1552);
#649=LINE('',#14526,#1553);
#650=LINE('',#14529,#1554);
#651=LINE('',#14531,#1555);
#652=LINE('',#14532,#1556);
#653=LINE('',#14541,#1557);
#654=LINE('',#14544,#1558);
#655=LINE('',#14550,#1559);
#656=LINE('',#14553,#1560);
#657=LINE('',#14556,#1561);
#658=LINE('',#14558,#1562);
#659=LINE('',#14559,#1563);
#660=LINE('',#14562,#1564);
#661=LINE('',#14564,#1565);
#662=LINE('',#14565,#1566);
#663=LINE('',#14568,#1567);
#664=LINE('',#14570,#1568);
#665=LINE('',#14571,#1569);
#666=LINE('',#14580,#1570);
#667=LINE('',#14582,#1571);
#668=LINE('',#14583,#1572);
#669=LINE('',#14589,#1573);
#670=LINE('',#14592,#1574);
#671=LINE('',#14598,#1575);
#672=LINE('',#14601,#1576);
#673=LINE('',#14604,#1577);
#674=LINE('',#14606,#1578);
#675=LINE('',#14607,#1579);
#676=LINE('',#14610,#1580);
#677=LINE('',#14612,#1581);
#678=LINE('',#14613,#1582);
#679=LINE('',#14616,#1583);
#680=LINE('',#14618,#1584);
#681=LINE('',#14619,#1585);
#682=LINE('',#14628,#1586);
#683=LINE('',#14630,#1587);
#684=LINE('',#14631,#1588);
#685=LINE('',#14637,#1589);
#686=LINE('',#14640,#1590);
#687=LINE('',#14646,#1591);
#688=LINE('',#14649,#1592);
#689=LINE('',#14652,#1593);
#690=LINE('',#14654,#1594);
#691=LINE('',#14655,#1595);
#692=LINE('',#14658,#1596);
#693=LINE('',#14660,#1597);
#694=LINE('',#14661,#1598);
#695=LINE('',#14664,#1599);
#696=LINE('',#14666,#1600);
#697=LINE('',#14667,#1601);
#698=LINE('',#14676,#1602);
#699=LINE('',#14678,#1603);
#700=LINE('',#14679,#1604);
#701=LINE('',#14685,#1605);
#702=LINE('',#14688,#1606);
#703=LINE('',#14694,#1607);
#704=LINE('',#14697,#1608);
#705=LINE('',#14700,#1609);
#706=LINE('',#14702,#1610);
#707=LINE('',#14703,#1611);
#708=LINE('',#14706,#1612);
#709=LINE('',#14708,#1613);
#710=LINE('',#14709,#1614);
#711=LINE('',#14712,#1615);
#712=LINE('',#14714,#1616);
#713=LINE('',#14715,#1617);
#714=LINE('',#14724,#1618);
#715=LINE('',#14726,#1619);
#716=LINE('',#14727,#1620);
#717=LINE('',#14733,#1621);
#718=LINE('',#14736,#1622);
#719=LINE('',#14742,#1623);
#720=LINE('',#14745,#1624);
#721=LINE('',#14748,#1625);
#722=LINE('',#14750,#1626);
#723=LINE('',#14751,#1627);
#724=LINE('',#14754,#1628);
#725=LINE('',#14756,#1629);
#726=LINE('',#14757,#1630);
#727=LINE('',#14760,#1631);
#728=LINE('',#14762,#1632);
#729=LINE('',#14763,#1633);
#730=LINE('',#14772,#1634);
#731=LINE('',#14774,#1635);
#732=LINE('',#14775,#1636);
#733=LINE('',#14779,#1637);
#734=LINE('',#14781,#1638);
#735=LINE('',#14783,#1639);
#736=LINE('',#14784,#1640);
#737=LINE('',#14788,#1641);
#738=LINE('',#14790,#1642);
#739=LINE('',#14792,#1643);
#740=LINE('',#14793,#1644);
#741=LINE('',#14798,#1645);
#742=LINE('',#14805,#1646);
#743=LINE('',#14811,#1647);
#744=LINE('',#14813,#1648);
#745=LINE('',#14814,#1649);
#746=LINE('',#14817,#1650);
#747=LINE('',#14819,#1651);
#748=LINE('',#14820,#1652);
#749=LINE('',#14827,#1653);
#750=LINE('',#14829,#1654);
#751=LINE('',#14831,#1655);
#752=LINE('',#14832,#1656);
#753=LINE('',#14836,#1657);
#754=LINE('',#14838,#1658);
#755=LINE('',#14840,#1659);
#756=LINE('',#14841,#1660);
#757=LINE('',#14846,#1661);
#758=LINE('',#14853,#1662);
#759=LINE('',#14859,#1663);
#760=LINE('',#14861,#1664);
#761=LINE('',#14862,#1665);
#762=LINE('',#14865,#1666);
#763=LINE('',#14867,#1667);
#764=LINE('',#14868,#1668);
#765=LINE('',#14875,#1669);
#766=LINE('',#14877,#1670);
#767=LINE('',#14879,#1671);
#768=LINE('',#14880,#1672);
#769=LINE('',#14886,#1673);
#770=LINE('',#14889,#1674);
#771=LINE('',#14891,#1675);
#772=LINE('',#14892,#1676);
#773=LINE('',#14901,#1677);
#774=LINE('',#14904,#1678);
#775=LINE('',#14907,#1679);
#776=LINE('',#14909,#1680);
#777=LINE('',#14910,#1681);
#778=LINE('',#14916,#1682);
#779=LINE('',#14918,#1683);
#780=LINE('',#14919,#1684);
#781=LINE('',#14923,#1685);
#782=LINE('',#14925,#1686);
#783=LINE('',#14927,#1687);
#784=LINE('',#14928,#1688);
#785=LINE('',#14934,#1689);
#786=LINE('',#14937,#1690);
#787=LINE('',#14939,#1691);
#788=LINE('',#14940,#1692);
#789=LINE('',#14947,#1693);
#790=LINE('',#14949,#1694);
#791=LINE('',#14951,#1695);
#792=LINE('',#14952,#1696);
#793=LINE('',#14958,#1697);
#794=LINE('',#14961,#1698);
#795=LINE('',#14963,#1699);
#796=LINE('',#14964,#1700);
#797=LINE('',#14971,#1701);
#798=LINE('',#14973,#1702);
#799=LINE('',#14975,#1703);
#800=LINE('',#14976,#1704);
#801=LINE('',#14982,#1705);
#802=LINE('',#14985,#1706);
#803=LINE('',#14987,#1707);
#804=LINE('',#14988,#1708);
#805=LINE('',#14995,#1709);
#806=LINE('',#14997,#1710);
#807=LINE('',#14999,#1711);
#808=LINE('',#15000,#1712);
#809=LINE('',#15006,#1713);
#810=LINE('',#15009,#1714);
#811=LINE('',#15011,#1715);
#812=LINE('',#15012,#1716);
#813=LINE('',#15019,#1717);
#814=LINE('',#15021,#1718);
#815=LINE('',#15023,#1719);
#816=LINE('',#15024,#1720);
#817=LINE('',#15030,#1721);
#818=LINE('',#15033,#1722);
#819=LINE('',#15035,#1723);
#820=LINE('',#15036,#1724);
#821=LINE('',#15043,#1725);
#822=LINE('',#15045,#1726);
#823=LINE('',#15047,#1727);
#824=LINE('',#15048,#1728);
#825=LINE('',#15054,#1729);
#826=LINE('',#15057,#1730);
#827=LINE('',#15059,#1731);
#828=LINE('',#15060,#1732);
#829=LINE('',#15069,#1733);
#830=LINE('',#15072,#1734);
#831=LINE('',#15075,#1735);
#832=LINE('',#15077,#1736);
#833=LINE('',#15078,#1737);
#834=LINE('',#15084,#1738);
#835=LINE('',#15086,#1739);
#836=LINE('',#15087,#1740);
#837=LINE('',#15091,#1741);
#838=LINE('',#15093,#1742);
#839=LINE('',#15095,#1743);
#840=LINE('',#15096,#1744);
#841=LINE('',#15102,#1745);
#842=LINE('',#15105,#1746);
#843=LINE('',#15107,#1747);
#844=LINE('',#15108,#1748);
#845=LINE('',#15115,#1749);
#846=LINE('',#15117,#1750);
#847=LINE('',#15119,#1751);
#848=LINE('',#15120,#1752);
#849=LINE('',#15126,#1753);
#850=LINE('',#15129,#1754);
#851=LINE('',#15131,#1755);
#852=LINE('',#15132,#1756);
#853=LINE('',#15141,#1757);
#854=LINE('',#15144,#1758);
#855=LINE('',#15147,#1759);
#856=LINE('',#15149,#1760);
#857=LINE('',#15150,#1761);
#858=LINE('',#15156,#1762);
#859=LINE('',#15158,#1763);
#860=LINE('',#15159,#1764);
#861=LINE('',#15163,#1765);
#862=LINE('',#15165,#1766);
#863=LINE('',#15167,#1767);
#864=LINE('',#15168,#1768);
#865=LINE('',#15174,#1769);
#866=LINE('',#15177,#1770);
#867=LINE('',#15179,#1771);
#868=LINE('',#15180,#1772);
#869=LINE('',#15187,#1773);
#870=LINE('',#15189,#1774);
#871=LINE('',#15191,#1775);
#872=LINE('',#15192,#1776);
#873=LINE('',#15198,#1777);
#874=LINE('',#15201,#1778);
#875=LINE('',#15203,#1779);
#876=LINE('',#15204,#1780);
#877=LINE('',#15211,#1781);
#878=LINE('',#15213,#1782);
#879=LINE('',#15215,#1783);
#880=LINE('',#15216,#1784);
#881=LINE('',#15222,#1785);
#882=LINE('',#15225,#1786);
#883=LINE('',#15227,#1787);
#884=LINE('',#15228,#1788);
#885=LINE('',#15235,#1789);
#886=LINE('',#15237,#1790);
#887=LINE('',#15239,#1791);
#888=LINE('',#15240,#1792);
#889=LINE('',#15246,#1793);
#890=LINE('',#15249,#1794);
#891=LINE('',#15251,#1795);
#892=LINE('',#15252,#1796);
#893=LINE('',#15259,#1797);
#894=LINE('',#15261,#1798);
#895=LINE('',#15263,#1799);
#896=LINE('',#15264,#1800);
#897=LINE('',#15270,#1801);
#898=LINE('',#15273,#1802);
#899=LINE('',#15275,#1803);
#900=LINE('',#15276,#1804);
#901=LINE('',#15285,#1805);
#902=LINE('',#15288,#1806);
#903=LINE('',#15291,#1807);
#904=LINE('',#15293,#1808);
#905=LINE('',#15294,#1809);
#906=LINE('',#15300,#1810);
#907=LINE('',#15302,#1811);
#908=LINE('',#15303,#1812);
#909=LINE('',#15309,#1813);
#910=LINE('',#15312,#1814);
#911=LINE('',#15315,#1815);
#912=LINE('',#15317,#1816);
#913=LINE('',#15318,#1817);
#914=LINE('',#15324,#1818);
#915=LINE('',#15326,#1819);
#916=LINE('',#15327,#1820);
#917=LINE('',#15331,#1821);
#918=LINE('',#15333,#1822);
#919=LINE('',#15335,#1823);
#920=LINE('',#15336,#1824);
#921=LINE('',#15342,#1825);
#922=LINE('',#15345,#1826);
#923=LINE('',#15347,#1827);
#924=LINE('',#15348,#1828);
#925=LINE('',#15355,#1829);
#926=LINE('',#15357,#1830);
#927=LINE('',#15359,#1831);
#928=LINE('',#15360,#1832);
#929=LINE('',#15366,#1833);
#930=LINE('',#15369,#1834);
#931=LINE('',#15371,#1835);
#932=LINE('',#15372,#1836);
#933=LINE('',#15379,#1837);
#934=LINE('',#15381,#1838);
#935=LINE('',#15383,#1839);
#936=LINE('',#15384,#1840);
#937=LINE('',#15390,#1841);
#938=LINE('',#15393,#1842);
#939=LINE('',#15395,#1843);
#940=LINE('',#15396,#1844);
#941=LINE('',#15403,#1845);
#942=LINE('',#15405,#1846);
#943=LINE('',#15407,#1847);
#944=LINE('',#15408,#1848);
#945=LINE('',#15414,#1849);
#946=LINE('',#15417,#1850);
#947=LINE('',#15419,#1851);
#948=LINE('',#15420,#1852);
#949=LINE('',#15427,#1853);
#950=LINE('',#15429,#1854);
#951=LINE('',#15431,#1855);
#952=LINE('',#15432,#1856);
#953=LINE('',#15438,#1857);
#954=LINE('',#15441,#1858);
#955=LINE('',#15443,#1859);
#956=LINE('',#15444,#1860);
#957=LINE('',#15451,#1861);
#958=LINE('',#15453,#1862);
#959=LINE('',#15455,#1863);
#960=LINE('',#15456,#1864);
#961=LINE('',#15462,#1865);
#962=LINE('',#15465,#1866);
#963=LINE('',#15467,#1867);
#964=LINE('',#15468,#1868);
#965=LINE('',#15475,#1869);
#966=LINE('',#15477,#1870);
#967=LINE('',#15479,#1871);
#968=LINE('',#15480,#1872);
#969=LINE('',#15486,#1873);
#970=LINE('',#15489,#1874);
#971=LINE('',#15491,#1875);
#972=LINE('',#15492,#1876);
#973=LINE('',#15499,#1877);
#974=LINE('',#15501,#1878);
#975=LINE('',#15503,#1879);
#976=LINE('',#15504,#1880);
#977=LINE('',#15510,#1881);
#978=LINE('',#15513,#1882);
#979=LINE('',#15515,#1883);
#980=LINE('',#15516,#1884);
#981=LINE('',#15523,#1885);
#982=LINE('',#15525,#1886);
#983=LINE('',#15527,#1887);
#984=LINE('',#15528,#1888);
#985=LINE('',#15534,#1889);
#986=LINE('',#15537,#1890);
#987=LINE('',#15539,#1891);
#988=LINE('',#15540,#1892);
#989=LINE('',#15547,#1893);
#990=LINE('',#15549,#1894);
#991=LINE('',#15551,#1895);
#992=LINE('',#15552,#1896);
#993=LINE('',#15558,#1897);
#994=LINE('',#15561,#1898);
#995=LINE('',#15563,#1899);
#996=LINE('',#15564,#1900);
#997=LINE('',#15571,#1901);
#998=LINE('',#15573,#1902);
#999=LINE('',#15575,#1903);
#1000=LINE('',#15576,#1904);
#1001=LINE('',#15582,#1905);
#1002=LINE('',#15585,#1906);
#1003=LINE('',#15587,#1907);
#1004=LINE('',#15588,#1908);
#1005=LINE('',#15595,#1909);
#1006=LINE('',#15597,#1910);
#1007=LINE('',#15599,#1911);
#1008=LINE('',#15600,#1912);
#1009=LINE('',#15606,#1913);
#1010=LINE('',#15609,#1914);
#1011=LINE('',#15611,#1915);
#1012=LINE('',#15612,#1916);
#1013=LINE('',#15619,#1917);
#1014=LINE('',#15621,#1918);
#1015=LINE('',#15623,#1919);
#1016=LINE('',#15624,#1920);
#1017=LINE('',#15630,#1921);
#1018=LINE('',#15633,#1922);
#1019=LINE('',#15635,#1923);
#1020=LINE('',#15636,#1924);
#1021=LINE('',#15643,#1925);
#1022=LINE('',#15645,#1926);
#1023=LINE('',#15647,#1927);
#1024=LINE('',#15648,#1928);
#1025=LINE('',#15654,#1929);
#1026=LINE('',#15657,#1930);
#1027=LINE('',#15659,#1931);
#1028=LINE('',#15660,#1932);
#1029=LINE('',#15667,#1933);
#1030=LINE('',#15669,#1934);
#1031=LINE('',#15671,#1935);
#1032=LINE('',#15672,#1936);
#1033=LINE('',#15678,#1937);
#1034=LINE('',#15681,#1938);
#1035=LINE('',#15683,#1939);
#1036=LINE('',#15684,#1940);
#1037=LINE('',#15691,#1941);
#1038=LINE('',#15693,#1942);
#1039=LINE('',#15695,#1943);
#1040=LINE('',#15696,#1944);
#1041=LINE('',#15702,#1945);
#1042=LINE('',#15705,#1946);
#1043=LINE('',#15707,#1947);
#1044=LINE('',#15708,#1948);
#1045=LINE('',#15715,#1949);
#1046=LINE('',#15717,#1950);
#1047=LINE('',#15719,#1951);
#1048=LINE('',#15720,#1952);
#1049=LINE('',#15726,#1953);
#1050=LINE('',#15729,#1954);
#1051=LINE('',#15731,#1955);
#1052=LINE('',#15732,#1956);
#1053=LINE('',#15739,#1957);
#1054=LINE('',#15741,#1958);
#1055=LINE('',#15743,#1959);
#1056=LINE('',#15744,#1960);
#1057=LINE('',#15750,#1961);
#1058=LINE('',#15753,#1962);
#1059=LINE('',#15755,#1963);
#1060=LINE('',#15756,#1964);
#1061=LINE('',#15763,#1965);
#1062=LINE('',#15765,#1966);
#1063=LINE('',#15767,#1967);
#1064=LINE('',#15768,#1968);
#1065=LINE('',#15774,#1969);
#1066=LINE('',#15777,#1970);
#1067=LINE('',#15779,#1971);
#1068=LINE('',#15780,#1972);
#1069=LINE('',#15787,#1973);
#1070=LINE('',#15789,#1974);
#1071=LINE('',#15791,#1975);
#1072=LINE('',#15792,#1976);
#1073=LINE('',#15798,#1977);
#1074=LINE('',#15801,#1978);
#1075=LINE('',#15803,#1979);
#1076=LINE('',#15804,#1980);
#1077=LINE('',#15811,#1981);
#1078=LINE('',#15813,#1982);
#1079=LINE('',#15815,#1983);
#1080=LINE('',#15816,#1984);
#1081=LINE('',#15822,#1985);
#1082=LINE('',#15825,#1986);
#1083=LINE('',#15827,#1987);
#1084=LINE('',#15828,#1988);
#1085=LINE('',#15835,#1989);
#1086=LINE('',#15837,#1990);
#1087=LINE('',#15839,#1991);
#1088=LINE('',#15840,#1992);
#1089=LINE('',#15846,#1993);
#1090=LINE('',#15849,#1994);
#1091=LINE('',#15851,#1995);
#1092=LINE('',#15852,#1996);
#1093=LINE('',#15859,#1997);
#1094=LINE('',#15861,#1998);
#1095=LINE('',#15863,#1999);
#1096=LINE('',#15864,#2000);
#1097=LINE('',#15870,#2001);
#1098=LINE('',#15873,#2002);
#1099=LINE('',#15875,#2003);
#1100=LINE('',#15876,#2004);
#1101=LINE('',#15883,#2005);
#1102=LINE('',#15885,#2006);
#1103=LINE('',#15887,#2007);
#1104=LINE('',#15888,#2008);
#1105=LINE('',#15894,#2009);
#1106=LINE('',#15897,#2010);
#1107=LINE('',#15899,#2011);
#1108=LINE('',#15900,#2012);
#1109=LINE('',#15907,#2013);
#1110=LINE('',#15909,#2014);
#1111=LINE('',#15911,#2015);
#1112=LINE('',#15912,#2016);
#1113=LINE('',#15918,#2017);
#1114=LINE('',#15921,#2018);
#1115=LINE('',#15923,#2019);
#1116=LINE('',#15924,#2020);
#1117=LINE('',#15930,#2021);
#1118=LINE('',#15933,#2022);
#1119=LINE('',#15934,#2023);
#1120=LINE('',#15936,#2024);
#1121=LINE('',#15937,#2025);
#1122=LINE('',#15939,#2026);
#1123=LINE('',#15940,#2027);
#1124=LINE('',#15942,#2028);
#1125=LINE('',#15943,#2029);
#1126=LINE('',#15945,#2030);
#1127=LINE('',#15947,#2031);
#1128=LINE('',#15950,#2032);
#1129=LINE('',#15952,#2033);
#1130=LINE('',#15955,#2034);
#1131=LINE('',#15956,#2035);
#1132=LINE('',#15960,#2036);
#1133=LINE('',#15962,#2037);
#1134=LINE('',#15965,#2038);
#1135=LINE('',#15966,#2039);
#1136=LINE('',#15970,#2040);
#1137=LINE('',#15972,#2041);
#1138=LINE('',#15975,#2042);
#1139=LINE('',#15977,#2043);
#1140=LINE('',#15978,#2044);
#1141=LINE('',#15981,#2045);
#1142=LINE('',#15985,#2046);
#1143=LINE('',#15986,#2047);
#1144=LINE('',#15989,#2048);
#1145=LINE('',#15993,#2049);
#1146=LINE('',#15994,#2050);
#1147=LINE('',#15997,#2051);
#1148=LINE('',#16001,#2052);
#1149=LINE('',#16002,#2053);
#1150=VECTOR('',#10514,3.25);
#1151=VECTOR('',#10525,10.);
#1152=VECTOR('',#10528,10.);
#1153=VECTOR('',#10531,10.);
#1154=VECTOR('',#10532,10.);
#1155=VECTOR('',#10533,10.);
#1156=VECTOR('',#10534,10.);
#1157=VECTOR('',#10537,10.);
#1158=VECTOR('',#10538,10.);
#1159=VECTOR('',#10539,10.);
#1160=VECTOR('',#10540,10.);
#1161=VECTOR('',#10549,10.);
#1162=VECTOR('',#10552,10.);
#1163=VECTOR('',#10555,10.);
#1164=VECTOR('',#10558,10.);
#1165=VECTOR('',#10563,10.);
#1166=VECTOR('',#10566,10.);
#1167=VECTOR('',#10587,10.);
#1168=VECTOR('',#10590,10.);
#1169=VECTOR('',#10593,10.);
#1170=VECTOR('',#10594,10.);
#1171=VECTOR('',#10595,10.);
#1172=VECTOR('',#10598,2.75);
#1173=VECTOR('',#10601,10.);
#1174=VECTOR('',#10602,10.);
#1175=VECTOR('',#10603,10.);
#1176=VECTOR('',#10610,10.);
#1177=VECTOR('',#10613,10.);
#1178=VECTOR('',#10624,10.);
#1179=VECTOR('',#10629,10.);
#1180=VECTOR('',#10632,10.);
#1181=VECTOR('',#10637,10.);
#1182=VECTOR('',#10640,10.);
#1183=VECTOR('',#10643,10.);
#1184=VECTOR('',#10644,10.);
#1185=VECTOR('',#10645,10.);
#1186=VECTOR('',#10646,10.);
#1187=VECTOR('',#10649,10.);
#1188=VECTOR('',#10650,10.);
#1189=VECTOR('',#10651,10.);
#1190=VECTOR('',#10652,10.);
#1191=VECTOR('',#10659,10.);
#1192=VECTOR('',#10662,10.);
#1193=VECTOR('',#10665,10.);
#1194=VECTOR('',#10668,10.);
#1195=VECTOR('',#10685,10.);
#1196=VECTOR('',#10688,10.);
#1197=VECTOR('',#10691,10.);
#1198=VECTOR('',#10692,10.);
#1199=VECTOR('',#10693,10.);
#1200=VECTOR('',#10694,10.);
#1201=VECTOR('',#10697,10.);
#1202=VECTOR('',#10698,10.);
#1203=VECTOR('',#10699,10.);
#1204=VECTOR('',#10700,10.);
#1205=VECTOR('',#10707,10.);
#1206=VECTOR('',#10710,10.);
#1207=VECTOR('',#10725,10.);
#1208=VECTOR('',#10726,10.);
#1209=VECTOR('',#10731,10.);
#1210=VECTOR('',#10736,10.);
#1211=VECTOR('',#10737,10.);
#1212=VECTOR('',#10740,10.);
#1213=VECTOR('',#10743,10.);
#1214=VECTOR('',#10744,10.);
#1215=VECTOR('',#10745,10.);
#1216=VECTOR('',#10748,10.);
#1217=VECTOR('',#10751,10.);
#1218=VECTOR('',#10754,10.);
#1219=VECTOR('',#10755,10.);
#1220=VECTOR('',#10758,10.);
#1221=VECTOR('',#10773,10.);
#1222=VECTOR('',#10774,10.);
#1223=VECTOR('',#10775,10.);
#1224=VECTOR('',#10776,10.);
#1225=VECTOR('',#10779,10.);
#1226=VECTOR('',#10780,10.);
#1227=VECTOR('',#10781,10.);
#1228=VECTOR('',#10782,10.);
#1229=VECTOR('',#10787,10.);
#1230=VECTOR('',#10796,10.);
#1231=VECTOR('',#10803,10.);
#1232=VECTOR('',#10806,10.);
#1233=VECTOR('',#10807,10.);
#1234=VECTOR('',#10810,10.);
#1235=VECTOR('',#10811,10.);
#1236=VECTOR('',#10812,10.);
#1237=VECTOR('',#10821,10.);
#1238=VECTOR('',#10822,10.);
#1239=VECTOR('',#10823,10.);
#1240=VECTOR('',#10824,10.);
#1241=VECTOR('',#10827,10.);
#1242=VECTOR('',#10828,10.);
#1243=VECTOR('',#10829,10.);
#1244=VECTOR('',#10830,10.);
#1245=VECTOR('',#10835,10.);
#1246=VECTOR('',#10844,10.);
#1247=VECTOR('',#10851,10.);
#1248=VECTOR('',#10854,10.);
#1249=VECTOR('',#10855,10.);
#1250=VECTOR('',#10858,10.);
#1251=VECTOR('',#10859,10.);
#1252=VECTOR('',#10860,10.);
#1253=VECTOR('',#10871,10.);
#1254=VECTOR('',#10874,10.);
#1255=VECTOR('',#10879,10.);
#1256=VECTOR('',#10882,10.);
#1257=VECTOR('',#10885,10.);
#1258=VECTOR('',#10886,10.);
#1259=VECTOR('',#10887,10.);
#1260=VECTOR('',#10890,10.);
#1261=VECTOR('',#10891,10.);
#1262=VECTOR('',#10892,10.);
#1263=VECTOR('',#10895,10.);
#1264=VECTOR('',#10896,10.);
#1265=VECTOR('',#10897,10.);
#1266=VECTOR('',#10910,10.);
#1267=VECTOR('',#10913,10.);
#1268=VECTOR('',#10914,10.);
#1269=VECTOR('',#10917,10.);
#1270=VECTOR('',#10918,10.);
#1271=VECTOR('',#10919,10.);
#1272=VECTOR('',#10920,10.);
#1273=VECTOR('',#10923,10.);
#1274=VECTOR('',#10924,10.);
#1275=VECTOR('',#10925,10.);
#1276=VECTOR('',#10926,10.);
#1277=VECTOR('',#10931,10.);
#1278=VECTOR('',#10940,10.);
#1279=VECTOR('',#10947,10.);
#1280=VECTOR('',#10950,10.);
#1281=VECTOR('',#10951,10.);
#1282=VECTOR('',#10954,10.);
#1283=VECTOR('',#10955,10.);
#1284=VECTOR('',#10956,10.);
#1285=VECTOR('',#10967,10.);
#1286=VECTOR('',#10970,10.);
#1287=VECTOR('',#10975,10.);
#1288=VECTOR('',#10978,10.);
#1289=VECTOR('',#10981,10.);
#1290=VECTOR('',#10982,10.);
#1291=VECTOR('',#10983,10.);
#1292=VECTOR('',#10986,10.);
#1293=VECTOR('',#10987,10.);
#1294=VECTOR('',#10988,10.);
#1295=VECTOR('',#10991,10.);
#1296=VECTOR('',#10992,10.);
#1297=VECTOR('',#10993,10.);
#1298=VECTOR('',#11006,10.);
#1299=VECTOR('',#11009,10.);
#1300=VECTOR('',#11010,10.);
#1301=VECTOR('',#11015,10.);
#1302=VECTOR('',#11018,10.);
#1303=VECTOR('',#11023,10.);
#1304=VECTOR('',#11026,10.);
#1305=VECTOR('',#11029,10.);
#1306=VECTOR('',#11030,10.);
#1307=VECTOR('',#11031,10.);
#1308=VECTOR('',#11034,10.);
#1309=VECTOR('',#11035,10.);
#1310=VECTOR('',#11036,10.);
#1311=VECTOR('',#11039,10.);
#1312=VECTOR('',#11040,10.);
#1313=VECTOR('',#11041,10.);
#1314=VECTOR('',#11054,10.);
#1315=VECTOR('',#11057,10.);
#1316=VECTOR('',#11058,10.);
#1317=VECTOR('',#11063,10.);
#1318=VECTOR('',#11066,10.);
#1319=VECTOR('',#11071,10.);
#1320=VECTOR('',#11074,10.);
#1321=VECTOR('',#11077,10.);
#1322=VECTOR('',#11078,10.);
#1323=VECTOR('',#11079,10.);
#1324=VECTOR('',#11082,10.);
#1325=VECTOR('',#11083,10.);
#1326=VECTOR('',#11084,10.);
#1327=VECTOR('',#11087,10.);
#1328=VECTOR('',#11088,10.);
#1329=VECTOR('',#11089,10.);
#1330=VECTOR('',#11102,10.);
#1331=VECTOR('',#11105,10.);
#1332=VECTOR('',#11106,10.);
#1333=VECTOR('',#11111,10.);
#1334=VECTOR('',#11114,10.);
#1335=VECTOR('',#11119,10.);
#1336=VECTOR('',#11122,10.);
#1337=VECTOR('',#11125,10.);
#1338=VECTOR('',#11126,10.);
#1339=VECTOR('',#11127,10.);
#1340=VECTOR('',#11130,10.);
#1341=VECTOR('',#11131,10.);
#1342=VECTOR('',#11132,10.);
#1343=VECTOR('',#11135,10.);
#1344=VECTOR('',#11136,10.);
#1345=VECTOR('',#11137,10.);
#1346=VECTOR('',#11150,10.);
#1347=VECTOR('',#11153,10.);
#1348=VECTOR('',#11154,10.);
#1349=VECTOR('',#11159,10.);
#1350=VECTOR('',#11162,10.);
#1351=VECTOR('',#11167,10.);
#1352=VECTOR('',#11170,10.);
#1353=VECTOR('',#11173,10.);
#1354=VECTOR('',#11174,10.);
#1355=VECTOR('',#11175,10.);
#1356=VECTOR('',#11178,10.);
#1357=VECTOR('',#11179,10.);
#1358=VECTOR('',#11180,10.);
#1359=VECTOR('',#11183,10.);
#1360=VECTOR('',#11184,10.);
#1361=VECTOR('',#11185,10.);
#1362=VECTOR('',#11198,10.);
#1363=VECTOR('',#11201,10.);
#1364=VECTOR('',#11202,10.);
#1365=VECTOR('',#11207,10.);
#1366=VECTOR('',#11210,10.);
#1367=VECTOR('',#11215,10.);
#1368=VECTOR('',#11218,10.);
#1369=VECTOR('',#11221,10.);
#1370=VECTOR('',#11222,10.);
#1371=VECTOR('',#11223,10.);
#1372=VECTOR('',#11226,10.);
#1373=VECTOR('',#11227,10.);
#1374=VECTOR('',#11228,10.);
#1375=VECTOR('',#11231,10.);
#1376=VECTOR('',#11232,10.);
#1377=VECTOR('',#11233,10.);
#1378=VECTOR('',#11246,10.);
#1379=VECTOR('',#11249,10.);
#1380=VECTOR('',#11250,10.);
#1381=VECTOR('',#11253,10.);
#1382=VECTOR('',#11254,10.);
#1383=VECTOR('',#11255,10.);
#1384=VECTOR('',#11256,10.);
#1385=VECTOR('',#11259,10.);
#1386=VECTOR('',#11260,10.);
#1387=VECTOR('',#11261,10.);
#1388=VECTOR('',#11262,10.);
#1389=VECTOR('',#11267,10.);
#1390=VECTOR('',#11276,10.);
#1391=VECTOR('',#11283,10.);
#1392=VECTOR('',#11286,10.);
#1393=VECTOR('',#11287,10.);
#1394=VECTOR('',#11290,10.);
#1395=VECTOR('',#11291,10.);
#1396=VECTOR('',#11292,10.);
#1397=VECTOR('',#11303,10.);
#1398=VECTOR('',#11306,10.);
#1399=VECTOR('',#11311,10.);
#1400=VECTOR('',#11314,10.);
#1401=VECTOR('',#11317,10.);
#1402=VECTOR('',#11318,10.);
#1403=VECTOR('',#11319,10.);
#1404=VECTOR('',#11322,10.);
#1405=VECTOR('',#11323,10.);
#1406=VECTOR('',#11324,10.);
#1407=VECTOR('',#11327,10.);
#1408=VECTOR('',#11328,10.);
#1409=VECTOR('',#11329,10.);
#1410=VECTOR('',#11342,10.);
#1411=VECTOR('',#11345,10.);
#1412=VECTOR('',#11346,10.);
#1413=VECTOR('',#11349,10.);
#1414=VECTOR('',#11350,10.);
#1415=VECTOR('',#11351,10.);
#1416=VECTOR('',#11352,10.);
#1417=VECTOR('',#11355,10.);
#1418=VECTOR('',#11356,10.);
#1419=VECTOR('',#11357,10.);
#1420=VECTOR('',#11358,10.);
#1421=VECTOR('',#11363,10.);
#1422=VECTOR('',#11372,10.);
#1423=VECTOR('',#11379,10.);
#1424=VECTOR('',#11382,10.);
#1425=VECTOR('',#11383,10.);
#1426=VECTOR('',#11386,10.);
#1427=VECTOR('',#11387,10.);
#1428=VECTOR('',#11388,10.);
#1429=VECTOR('',#11397,10.);
#1430=VECTOR('',#11398,10.);
#1431=VECTOR('',#11399,10.);
#1432=VECTOR('',#11400,10.);
#1433=VECTOR('',#11403,10.);
#1434=VECTOR('',#11404,10.);
#1435=VECTOR('',#11405,10.);
#1436=VECTOR('',#11406,10.);
#1437=VECTOR('',#11411,10.);
#1438=VECTOR('',#11420,10.);
#1439=VECTOR('',#11427,10.);
#1440=VECTOR('',#11430,10.);
#1441=VECTOR('',#11431,10.);
#1442=VECTOR('',#11434,10.);
#1443=VECTOR('',#11435,10.);
#1444=VECTOR('',#11436,10.);
#1445=VECTOR('',#11445,10.);
#1446=VECTOR('',#11446,10.);
#1447=VECTOR('',#11447,10.);
#1448=VECTOR('',#11448,10.);
#1449=VECTOR('',#11451,10.);
#1450=VECTOR('',#11452,10.);
#1451=VECTOR('',#11453,10.);
#1452=VECTOR('',#11454,10.);
#1453=VECTOR('',#11459,10.);
#1454=VECTOR('',#11468,10.);
#1455=VECTOR('',#11475,10.);
#1456=VECTOR('',#11478,10.);
#1457=VECTOR('',#11479,10.);
#1458=VECTOR('',#11482,10.);
#1459=VECTOR('',#11483,10.);
#1460=VECTOR('',#11484,10.);
#1461=VECTOR('',#11495,10.);
#1462=VECTOR('',#11498,10.);
#1463=VECTOR('',#11503,10.);
#1464=VECTOR('',#11506,10.);
#1465=VECTOR('',#11509,10.);
#1466=VECTOR('',#11510,10.);
#1467=VECTOR('',#11511,10.);
#1468=VECTOR('',#11514,10.);
#1469=VECTOR('',#11515,10.);
#1470=VECTOR('',#11516,10.);
#1471=VECTOR('',#11519,10.);
#1472=VECTOR('',#11520,10.);
#1473=VECTOR('',#11521,10.);
#1474=VECTOR('',#11534,10.);
#1475=VECTOR('',#11537,10.);
#1476=VECTOR('',#11538,10.);
#1477=VECTOR('',#11543,10.);
#1478=VECTOR('',#11546,10.);
#1479=VECTOR('',#11551,10.);
#1480=VECTOR('',#11554,10.);
#1481=VECTOR('',#11557,10.);
#1482=VECTOR('',#11558,10.);
#1483=VECTOR('',#11559,10.);
#1484=VECTOR('',#11562,10.);
#1485=VECTOR('',#11563,10.);
#1486=VECTOR('',#11564,10.);
#1487=VECTOR('',#11567,10.);
#1488=VECTOR('',#11568,10.);
#1489=VECTOR('',#11569,10.);
#1490=VECTOR('',#11582,10.);
#1491=VECTOR('',#11585,10.);
#1492=VECTOR('',#11586,10.);
#1493=VECTOR('',#11591,10.);
#1494=VECTOR('',#11594,10.);
#1495=VECTOR('',#11599,10.);
#1496=VECTOR('',#11602,10.);
#1497=VECTOR('',#11605,10.);
#1498=VECTOR('',#11606,10.);
#1499=VECTOR('',#11607,10.);
#1500=VECTOR('',#11610,10.);
#1501=VECTOR('',#11611,10.);
#1502=VECTOR('',#11612,10.);
#1503=VECTOR('',#11615,10.);
#1504=VECTOR('',#11616,10.);
#1505=VECTOR('',#11617,10.);
#1506=VECTOR('',#11630,10.);
#1507=VECTOR('',#11633,10.);
#1508=VECTOR('',#11634,10.);
#1509=VECTOR('',#11639,10.);
#1510=VECTOR('',#11642,10.);
#1511=VECTOR('',#11647,10.);
#1512=VECTOR('',#11650,10.);
#1513=VECTOR('',#11653,10.);
#1514=VECTOR('',#11654,10.);
#1515=VECTOR('',#11655,10.);
#1516=VECTOR('',#11658,10.);
#1517=VECTOR('',#11659,10.);
#1518=VECTOR('',#11660,10.);
#1519=VECTOR('',#11663,10.);
#1520=VECTOR('',#11664,10.);
#1521=VECTOR('',#11665,10.);
#1522=VECTOR('',#11678,10.);
#1523=VECTOR('',#11681,10.);
#1524=VECTOR('',#11682,10.);
#1525=VECTOR('',#11687,10.);
#1526=VECTOR('',#11690,10.);
#1527=VECTOR('',#11695,10.);
#1528=VECTOR('',#11698,10.);
#1529=VECTOR('',#11701,10.);
#1530=VECTOR('',#11702,10.);
#1531=VECTOR('',#11703,10.);
#1532=VECTOR('',#11706,10.);
#1533=VECTOR('',#11707,10.);
#1534=VECTOR('',#11708,10.);
#1535=VECTOR('',#11711,10.);
#1536=VECTOR('',#11712,10.);
#1537=VECTOR('',#11713,10.);
#1538=VECTOR('',#11726,10.);
#1539=VECTOR('',#11729,10.);
#1540=VECTOR('',#11730,10.);
#1541=VECTOR('',#11733,10.);
#1542=VECTOR('',#11734,10.);
#1543=VECTOR('',#11735,10.);
#1544=VECTOR('',#11736,10.);
#1545=VECTOR('',#11739,10.);
#1546=VECTOR('',#11740,10.);
#1547=VECTOR('',#11741,10.);
#1548=VECTOR('',#11742,10.);
#1549=VECTOR('',#11747,10.);
#1550=VECTOR('',#11756,10.);
#1551=VECTOR('',#11763,10.);
#1552=VECTOR('',#11766,10.);
#1553=VECTOR('',#11767,10.);
#1554=VECTOR('',#11770,10.);
#1555=VECTOR('',#11771,10.);
#1556=VECTOR('',#11772,10.);
#1557=VECTOR('',#11783,10.);
#1558=VECTOR('',#11786,10.);
#1559=VECTOR('',#11791,10.);
#1560=VECTOR('',#11794,10.);
#1561=VECTOR('',#11797,10.);
#1562=VECTOR('',#11798,10.);
#1563=VECTOR('',#11799,10.);
#1564=VECTOR('',#11802,10.);
#1565=VECTOR('',#11803,10.);
#1566=VECTOR('',#11804,10.);
#1567=VECTOR('',#11807,10.);
#1568=VECTOR('',#11808,10.);
#1569=VECTOR('',#11809,10.);
#1570=VECTOR('',#11822,10.);
#1571=VECTOR('',#11825,10.);
#1572=VECTOR('',#11826,10.);
#1573=VECTOR('',#11831,10.);
#1574=VECTOR('',#11834,10.);
#1575=VECTOR('',#11839,10.);
#1576=VECTOR('',#11842,10.);
#1577=VECTOR('',#11845,10.);
#1578=VECTOR('',#11846,10.);
#1579=VECTOR('',#11847,10.);
#1580=VECTOR('',#11850,10.);
#1581=VECTOR('',#11851,10.);
#1582=VECTOR('',#11852,10.);
#1583=VECTOR('',#11855,10.);
#1584=VECTOR('',#11856,10.);
#1585=VECTOR('',#11857,10.);
#1586=VECTOR('',#11870,10.);
#1587=VECTOR('',#11873,10.);
#1588=VECTOR('',#11874,10.);
#1589=VECTOR('',#11879,10.);
#1590=VECTOR('',#11882,10.);
#1591=VECTOR('',#11887,10.);
#1592=VECTOR('',#11890,10.);
#1593=VECTOR('',#11893,10.);
#1594=VECTOR('',#11894,10.);
#1595=VECTOR('',#11895,10.);
#1596=VECTOR('',#11898,10.);
#1597=VECTOR('',#11899,10.);
#1598=VECTOR('',#11900,10.);
#1599=VECTOR('',#11903,10.);
#1600=VECTOR('',#11904,10.);
#1601=VECTOR('',#11905,10.);
#1602=VECTOR('',#11918,10.);
#1603=VECTOR('',#11921,10.);
#1604=VECTOR('',#11922,10.);
#1605=VECTOR('',#11927,10.);
#1606=VECTOR('',#11930,10.);
#1607=VECTOR('',#11935,10.);
#1608=VECTOR('',#11938,10.);
#1609=VECTOR('',#11941,10.);
#1610=VECTOR('',#11942,10.);
#1611=VECTOR('',#11943,10.);
#1612=VECTOR('',#11946,10.);
#1613=VECTOR('',#11947,10.);
#1614=VECTOR('',#11948,10.);
#1615=VECTOR('',#11951,10.);
#1616=VECTOR('',#11952,10.);
#1617=VECTOR('',#11953,10.);
#1618=VECTOR('',#11966,10.);
#1619=VECTOR('',#11969,10.);
#1620=VECTOR('',#11970,10.);
#1621=VECTOR('',#11975,10.);
#1622=VECTOR('',#11978,10.);
#1623=VECTOR('',#11983,10.);
#1624=VECTOR('',#11986,10.);
#1625=VECTOR('',#11989,10.);
#1626=VECTOR('',#11990,10.);
#1627=VECTOR('',#11991,10.);
#1628=VECTOR('',#11994,10.);
#1629=VECTOR('',#11995,10.);
#1630=VECTOR('',#11996,10.);
#1631=VECTOR('',#11999,10.);
#1632=VECTOR('',#12000,10.);
#1633=VECTOR('',#12001,10.);
#1634=VECTOR('',#12014,10.);
#1635=VECTOR('',#12017,10.);
#1636=VECTOR('',#12018,10.);
#1637=VECTOR('',#12021,10.);
#1638=VECTOR('',#12022,10.);
#1639=VECTOR('',#12023,10.);
#1640=VECTOR('',#12024,10.);
#1641=VECTOR('',#12027,10.);
#1642=VECTOR('',#12028,10.);
#1643=VECTOR('',#12029,10.);
#1644=VECTOR('',#12030,10.);
#1645=VECTOR('',#12035,10.);
#1646=VECTOR('',#12044,10.);
#1647=VECTOR('',#12051,10.);
#1648=VECTOR('',#12054,10.);
#1649=VECTOR('',#12055,10.);
#1650=VECTOR('',#12058,10.);
#1651=VECTOR('',#12059,10.);
#1652=VECTOR('',#12060,10.);
#1653=VECTOR('',#12069,10.);
#1654=VECTOR('',#12070,10.);
#1655=VECTOR('',#12071,10.);
#1656=VECTOR('',#12072,10.);
#1657=VECTOR('',#12075,10.);
#1658=VECTOR('',#12076,10.);
#1659=VECTOR('',#12077,10.);
#1660=VECTOR('',#12078,10.);
#1661=VECTOR('',#12083,10.);
#1662=VECTOR('',#12092,10.);
#1663=VECTOR('',#12099,10.);
#1664=VECTOR('',#12102,10.);
#1665=VECTOR('',#12103,10.);
#1666=VECTOR('',#12106,10.);
#1667=VECTOR('',#12107,10.);
#1668=VECTOR('',#12108,10.);
#1669=VECTOR('',#12117,10.);
#1670=VECTOR('',#12118,10.);
#1671=VECTOR('',#12119,10.);
#1672=VECTOR('',#12120,10.);
#1673=VECTOR('',#12127,10.);
#1674=VECTOR('',#12130,10.);
#1675=VECTOR('',#12131,10.);
#1676=VECTOR('',#12132,10.);
#1677=VECTOR('',#12143,10.);
#1678=VECTOR('',#12146,10.);
#1679=VECTOR('',#12149,10.);
#1680=VECTOR('',#12150,10.);
#1681=VECTOR('',#12151,10.);
#1682=VECTOR('',#12158,10.);
#1683=VECTOR('',#12161,10.);
#1684=VECTOR('',#12162,10.);
#1685=VECTOR('',#12165,10.);
#1686=VECTOR('',#12166,10.);
#1687=VECTOR('',#12167,10.);
#1688=VECTOR('',#12168,10.);
#1689=VECTOR('',#12175,10.);
#1690=VECTOR('',#12178,10.);
#1691=VECTOR('',#12179,10.);
#1692=VECTOR('',#12180,10.);
#1693=VECTOR('',#12189,10.);
#1694=VECTOR('',#12190,10.);
#1695=VECTOR('',#12191,10.);
#1696=VECTOR('',#12192,10.);
#1697=VECTOR('',#12199,10.);
#1698=VECTOR('',#12202,10.);
#1699=VECTOR('',#12203,10.);
#1700=VECTOR('',#12204,10.);
#1701=VECTOR('',#12213,10.);
#1702=VECTOR('',#12214,10.);
#1703=VECTOR('',#12215,10.);
#1704=VECTOR('',#12216,10.);
#1705=VECTOR('',#12223,10.);
#1706=VECTOR('',#12226,10.);
#1707=VECTOR('',#12227,10.);
#1708=VECTOR('',#12228,10.);
#1709=VECTOR('',#12237,10.);
#1710=VECTOR('',#12238,10.);
#1711=VECTOR('',#12239,10.);
#1712=VECTOR('',#12240,10.);
#1713=VECTOR('',#12247,10.);
#1714=VECTOR('',#12250,10.);
#1715=VECTOR('',#12251,10.);
#1716=VECTOR('',#12252,10.);
#1717=VECTOR('',#12261,10.);
#1718=VECTOR('',#12262,10.);
#1719=VECTOR('',#12263,10.);
#1720=VECTOR('',#12264,10.);
#1721=VECTOR('',#12271,10.);
#1722=VECTOR('',#12274,10.);
#1723=VECTOR('',#12275,10.);
#1724=VECTOR('',#12276,10.);
#1725=VECTOR('',#12285,10.);
#1726=VECTOR('',#12286,10.);
#1727=VECTOR('',#12287,10.);
#1728=VECTOR('',#12288,10.);
#1729=VECTOR('',#12295,10.);
#1730=VECTOR('',#12298,10.);
#1731=VECTOR('',#12299,10.);
#1732=VECTOR('',#12300,10.);
#1733=VECTOR('',#12311,10.);
#1734=VECTOR('',#12314,10.);
#1735=VECTOR('',#12317,10.);
#1736=VECTOR('',#12318,10.);
#1737=VECTOR('',#12319,10.);
#1738=VECTOR('',#12326,10.);
#1739=VECTOR('',#12329,10.);
#1740=VECTOR('',#12330,10.);
#1741=VECTOR('',#12333,10.);
#1742=VECTOR('',#12334,10.);
#1743=VECTOR('',#12335,10.);
#1744=VECTOR('',#12336,10.);
#1745=VECTOR('',#12343,10.);
#1746=VECTOR('',#12346,10.);
#1747=VECTOR('',#12347,10.);
#1748=VECTOR('',#12348,10.);
#1749=VECTOR('',#12357,10.);
#1750=VECTOR('',#12358,10.);
#1751=VECTOR('',#12359,10.);
#1752=VECTOR('',#12360,10.);
#1753=VECTOR('',#12367,10.);
#1754=VECTOR('',#12370,10.);
#1755=VECTOR('',#12371,10.);
#1756=VECTOR('',#12372,10.);
#1757=VECTOR('',#12383,10.);
#1758=VECTOR('',#12386,10.);
#1759=VECTOR('',#12389,10.);
#1760=VECTOR('',#12390,10.);
#1761=VECTOR('',#12391,10.);
#1762=VECTOR('',#12398,10.);
#1763=VECTOR('',#12401,10.);
#1764=VECTOR('',#12402,10.);
#1765=VECTOR('',#12405,10.);
#1766=VECTOR('',#12406,10.);
#1767=VECTOR('',#12407,10.);
#1768=VECTOR('',#12408,10.);
#1769=VECTOR('',#12415,10.);
#1770=VECTOR('',#12418,10.);
#1771=VECTOR('',#12419,10.);
#1772=VECTOR('',#12420,10.);
#1773=VECTOR('',#12429,10.);
#1774=VECTOR('',#12430,10.);
#1775=VECTOR('',#12431,10.);
#1776=VECTOR('',#12432,10.);
#1777=VECTOR('',#12439,10.);
#1778=VECTOR('',#12442,10.);
#1779=VECTOR('',#12443,10.);
#1780=VECTOR('',#12444,10.);
#1781=VECTOR('',#12453,10.);
#1782=VECTOR('',#12454,10.);
#1783=VECTOR('',#12455,10.);
#1784=VECTOR('',#12456,10.);
#1785=VECTOR('',#12463,10.);
#1786=VECTOR('',#12466,10.);
#1787=VECTOR('',#12467,10.);
#1788=VECTOR('',#12468,10.);
#1789=VECTOR('',#12477,10.);
#1790=VECTOR('',#12478,10.);
#1791=VECTOR('',#12479,10.);
#1792=VECTOR('',#12480,10.);
#1793=VECTOR('',#12487,10.);
#1794=VECTOR('',#12490,10.);
#1795=VECTOR('',#12491,10.);
#1796=VECTOR('',#12492,10.);
#1797=VECTOR('',#12501,10.);
#1798=VECTOR('',#12502,10.);
#1799=VECTOR('',#12503,10.);
#1800=VECTOR('',#12504,10.);
#1801=VECTOR('',#12511,10.);
#1802=VECTOR('',#12514,10.);
#1803=VECTOR('',#12515,10.);
#1804=VECTOR('',#12516,10.);
#1805=VECTOR('',#12527,10.);
#1806=VECTOR('',#12530,10.);
#1807=VECTOR('',#12533,10.);
#1808=VECTOR('',#12534,10.);
#1809=VECTOR('',#12535,10.);
#1810=VECTOR('',#12542,10.);
#1811=VECTOR('',#12545,10.);
#1812=VECTOR('',#12546,10.);
#1813=VECTOR('',#12551,10.);
#1814=VECTOR('',#12554,10.);
#1815=VECTOR('',#12557,10.);
#1816=VECTOR('',#12558,10.);
#1817=VECTOR('',#12559,10.);
#1818=VECTOR('',#12566,10.);
#1819=VECTOR('',#12569,10.);
#1820=VECTOR('',#12570,10.);
#1821=VECTOR('',#12573,10.);
#1822=VECTOR('',#12574,10.);
#1823=VECTOR('',#12575,10.);
#1824=VECTOR('',#12576,10.);
#1825=VECTOR('',#12583,10.);
#1826=VECTOR('',#12586,10.);
#1827=VECTOR('',#12587,10.);
#1828=VECTOR('',#12588,10.);
#1829=VECTOR('',#12597,10.);
#1830=VECTOR('',#12598,10.);
#1831=VECTOR('',#12599,10.);
#1832=VECTOR('',#12600,10.);
#1833=VECTOR('',#12607,10.);
#1834=VECTOR('',#12610,10.);
#1835=VECTOR('',#12611,10.);
#1836=VECTOR('',#12612,10.);
#1837=VECTOR('',#12621,10.);
#1838=VECTOR('',#12622,10.);
#1839=VECTOR('',#12623,10.);
#1840=VECTOR('',#12624,10.);
#1841=VECTOR('',#12631,10.);
#1842=VECTOR('',#12634,10.);
#1843=VECTOR('',#12635,10.);
#1844=VECTOR('',#12636,10.);
#1845=VECTOR('',#12645,10.);
#1846=VECTOR('',#12646,10.);
#1847=VECTOR('',#12647,10.);
#1848=VECTOR('',#12648,10.);
#1849=VECTOR('',#12655,10.);
#1850=VECTOR('',#12658,10.);
#1851=VECTOR('',#12659,10.);
#1852=VECTOR('',#12660,10.);
#1853=VECTOR('',#12669,10.);
#1854=VECTOR('',#12670,10.);
#1855=VECTOR('',#12671,10.);
#1856=VECTOR('',#12672,10.);
#1857=VECTOR('',#12679,10.);
#1858=VECTOR('',#12682,10.);
#1859=VECTOR('',#12683,10.);
#1860=VECTOR('',#12684,10.);
#1861=VECTOR('',#12693,10.);
#1862=VECTOR('',#12694,10.);
#1863=VECTOR('',#12695,10.);
#1864=VECTOR('',#12696,10.);
#1865=VECTOR('',#12703,10.);
#1866=VECTOR('',#12706,10.);
#1867=VECTOR('',#12707,10.);
#1868=VECTOR('',#12708,10.);
#1869=VECTOR('',#12717,10.);
#1870=VECTOR('',#12718,10.);
#1871=VECTOR('',#12719,10.);
#1872=VECTOR('',#12720,10.);
#1873=VECTOR('',#12727,10.);
#1874=VECTOR('',#12730,10.);
#1875=VECTOR('',#12731,10.);
#1876=VECTOR('',#12732,10.);
#1877=VECTOR('',#12741,10.);
#1878=VECTOR('',#12742,10.);
#1879=VECTOR('',#12743,10.);
#1880=VECTOR('',#12744,10.);
#1881=VECTOR('',#12751,10.);
#1882=VECTOR('',#12754,10.);
#1883=VECTOR('',#12755,10.);
#1884=VECTOR('',#12756,10.);
#1885=VECTOR('',#12765,10.);
#1886=VECTOR('',#12766,10.);
#1887=VECTOR('',#12767,10.);
#1888=VECTOR('',#12768,10.);
#1889=VECTOR('',#12775,10.);
#1890=VECTOR('',#12778,10.);
#1891=VECTOR('',#12779,10.);
#1892=VECTOR('',#12780,10.);
#1893=VECTOR('',#12789,10.);
#1894=VECTOR('',#12790,10.);
#1895=VECTOR('',#12791,10.);
#1896=VECTOR('',#12792,10.);
#1897=VECTOR('',#12799,10.);
#1898=VECTOR('',#12802,10.);
#1899=VECTOR('',#12803,10.);
#1900=VECTOR('',#12804,10.);
#1901=VECTOR('',#12813,10.);
#1902=VECTOR('',#12814,10.);
#1903=VECTOR('',#12815,10.);
#1904=VECTOR('',#12816,10.);
#1905=VECTOR('',#12823,10.);
#1906=VECTOR('',#12826,10.);
#1907=VECTOR('',#12827,10.);
#1908=VECTOR('',#12828,10.);
#1909=VECTOR('',#12837,10.);
#1910=VECTOR('',#12838,10.);
#1911=VECTOR('',#12839,10.);
#1912=VECTOR('',#12840,10.);
#1913=VECTOR('',#12847,10.);
#1914=VECTOR('',#12850,10.);
#1915=VECTOR('',#12851,10.);
#1916=VECTOR('',#12852,10.);
#1917=VECTOR('',#12861,10.);
#1918=VECTOR('',#12862,10.);
#1919=VECTOR('',#12863,10.);
#1920=VECTOR('',#12864,10.);
#1921=VECTOR('',#12871,10.);
#1922=VECTOR('',#12874,10.);
#1923=VECTOR('',#12875,10.);
#1924=VECTOR('',#12876,10.);
#1925=VECTOR('',#12885,10.);
#1926=VECTOR('',#12886,10.);
#1927=VECTOR('',#12887,10.);
#1928=VECTOR('',#12888,10.);
#1929=VECTOR('',#12895,10.);
#1930=VECTOR('',#12898,10.);
#1931=VECTOR('',#12899,10.);
#1932=VECTOR('',#12900,10.);
#1933=VECTOR('',#12909,10.);
#1934=VECTOR('',#12910,10.);
#1935=VECTOR('',#12911,10.);
#1936=VECTOR('',#12912,10.);
#1937=VECTOR('',#12919,10.);
#1938=VECTOR('',#12922,10.);
#1939=VECTOR('',#12923,10.);
#1940=VECTOR('',#12924,10.);
#1941=VECTOR('',#12933,10.);
#1942=VECTOR('',#12934,10.);
#1943=VECTOR('',#12935,10.);
#1944=VECTOR('',#12936,10.);
#1945=VECTOR('',#12943,10.);
#1946=VECTOR('',#12946,10.);
#1947=VECTOR('',#12947,10.);
#1948=VECTOR('',#12948,10.);
#1949=VECTOR('',#12957,10.);
#1950=VECTOR('',#12958,10.);
#1951=VECTOR('',#12959,10.);
#1952=VECTOR('',#12960,10.);
#1953=VECTOR('',#12967,10.);
#1954=VECTOR('',#12970,10.);
#1955=VECTOR('',#12971,10.);
#1956=VECTOR('',#12972,10.);
#1957=VECTOR('',#12981,10.);
#1958=VECTOR('',#12982,10.);
#1959=VECTOR('',#12983,10.);
#1960=VECTOR('',#12984,10.);
#1961=VECTOR('',#12991,10.);
#1962=VECTOR('',#12994,10.);
#1963=VECTOR('',#12995,10.);
#1964=VECTOR('',#12996,10.);
#1965=VECTOR('',#13005,10.);
#1966=VECTOR('',#13006,10.);
#1967=VECTOR('',#13007,10.);
#1968=VECTOR('',#13008,10.);
#1969=VECTOR('',#13015,10.);
#1970=VECTOR('',#13018,10.);
#1971=VECTOR('',#13019,10.);
#1972=VECTOR('',#13020,10.);
#1973=VECTOR('',#13029,10.);
#1974=VECTOR('',#13030,10.);
#1975=VECTOR('',#13031,10.);
#1976=VECTOR('',#13032,10.);
#1977=VECTOR('',#13039,10.);
#1978=VECTOR('',#13042,10.);
#1979=VECTOR('',#13043,10.);
#1980=VECTOR('',#13044,10.);
#1981=VECTOR('',#13053,10.);
#1982=VECTOR('',#13054,10.);
#1983=VECTOR('',#13055,10.);
#1984=VECTOR('',#13056,10.);
#1985=VECTOR('',#13063,10.);
#1986=VECTOR('',#13066,10.);
#1987=VECTOR('',#13067,10.);
#1988=VECTOR('',#13068,10.);
#1989=VECTOR('',#13077,10.);
#1990=VECTOR('',#13078,10.);
#1991=VECTOR('',#13079,10.);
#1992=VECTOR('',#13080,10.);
#1993=VECTOR('',#13087,10.);
#1994=VECTOR('',#13090,10.);
#1995=VECTOR('',#13091,10.);
#1996=VECTOR('',#13092,10.);
#1997=VECTOR('',#13101,10.);
#1998=VECTOR('',#13102,10.);
#1999=VECTOR('',#13103,10.);
#2000=VECTOR('',#13104,10.);
#2001=VECTOR('',#13111,10.);
#2002=VECTOR('',#13114,10.);
#2003=VECTOR('',#13115,10.);
#2004=VECTOR('',#13116,10.);
#2005=VECTOR('',#13125,10.);
#2006=VECTOR('',#13126,10.);
#2007=VECTOR('',#13127,10.);
#2008=VECTOR('',#13128,10.);
#2009=VECTOR('',#13135,10.);
#2010=VECTOR('',#13138,10.);
#2011=VECTOR('',#13139,10.);
#2012=VECTOR('',#13140,10.);
#2013=VECTOR('',#13149,10.);
#2014=VECTOR('',#13150,10.);
#2015=VECTOR('',#13151,10.);
#2016=VECTOR('',#13152,10.);
#2017=VECTOR('',#13159,10.);
#2018=VECTOR('',#13162,10.);
#2019=VECTOR('',#13163,10.);
#2020=VECTOR('',#13164,10.);
#2021=VECTOR('',#13173,10.461714357499);
#2022=VECTOR('',#13178,10.);
#2023=VECTOR('',#13179,10.);
#2024=VECTOR('',#13182,10.);
#2025=VECTOR('',#13183,10.);
#2026=VECTOR('',#13186,10.);
#2027=VECTOR('',#13187,10.);
#2028=VECTOR('',#13190,10.);
#2029=VECTOR('',#13191,10.);
#2030=VECTOR('',#13194,10.);
#2031=VECTOR('',#13197,10.);
#2032=VECTOR('',#13202,10.);
#2033=VECTOR('',#13205,10.);
#2034=VECTOR('',#13208,10.);
#2035=VECTOR('',#13209,10.);
#2036=VECTOR('',#13214,10.);
#2037=VECTOR('',#13217,10.);
#2038=VECTOR('',#13220,10.);
#2039=VECTOR('',#13221,10.);
#2040=VECTOR('',#13226,10.);
#2041=VECTOR('',#13229,10.);
#2042=VECTOR('',#13232,10.);
#2043=VECTOR('',#13233,10.);
#2044=VECTOR('',#13234,10.);
#2045=VECTOR('',#13237,10.);
#2046=VECTOR('',#13242,10.);
#2047=VECTOR('',#13243,10.);
#2048=VECTOR('',#13246,10.);
#2049=VECTOR('',#13251,10.);
#2050=VECTOR('',#13252,10.);
#2051=VECTOR('',#13255,10.);
#2052=VECTOR('',#13260,10.);
#2053=VECTOR('',#13261,10.);
#2054=CYLINDRICAL_SURFACE('',#9577,3.25);
#2055=CYLINDRICAL_SURFACE('',#9582,4.);
#2056=CYLINDRICAL_SURFACE('',#9595,7.);
#2057=CYLINDRICAL_SURFACE('',#9603,5.25);
#2058=CYLINDRICAL_SURFACE('',#9609,2.75);
#2059=CYLINDRICAL_SURFACE('',#9613,7.);
#2060=CYLINDRICAL_SURFACE('',#9623,4.);
#2061=CYLINDRICAL_SURFACE('',#9632,7.);
#2062=CYLINDRICAL_SURFACE('',#9640,3.99999999999999);
#2063=CYLINDRICAL_SURFACE('',#9647,7.);
#2064=CYLINDRICAL_SURFACE('',#9674,0.999999999999996);
#2065=CYLINDRICAL_SURFACE('',#9677,0.999999999999996);
#2066=CYLINDRICAL_SURFACE('',#9680,0.999999999999996);
#2067=CYLINDRICAL_SURFACE('',#9685,0.999999999999996);
#2068=CYLINDRICAL_SURFACE('',#9690,0.999999999999996);
#2069=CYLINDRICAL_SURFACE('',#9693,0.999999999999996);
#2070=CYLINDRICAL_SURFACE('',#9696,1.);
#2071=CYLINDRICAL_SURFACE('',#9701,1.);
#2072=CYLINDRICAL_SURFACE('',#9704,1.00000000000018);
#2073=CYLINDRICAL_SURFACE('',#9707,1.00000000000018);
#2074=CYLINDRICAL_SURFACE('',#9713,1.00000000000018);
#2075=CYLINDRICAL_SURFACE('',#9716,1.00000000000018);
#2076=CYLINDRICAL_SURFACE('',#9722,0.999999999978933);
#2077=CYLINDRICAL_SURFACE('',#9725,0.999999999978933);
#2078=CYLINDRICAL_SURFACE('',#9728,0.999999999978956);
#2079=CYLINDRICAL_SURFACE('',#9733,0.999999999978956);
#2080=CYLINDRICAL_SURFACE('',#9736,0.999999999978938);
#2081=CYLINDRICAL_SURFACE('',#9739,0.999999999978938);
#2082=CYLINDRICAL_SURFACE('',#9745,0.999999999978956);
#2083=CYLINDRICAL_SURFACE('',#9748,0.999999999978956);
#2084=CYLINDRICAL_SURFACE('',#9752,0.999999999736842);
#2085=CYLINDRICAL_SURFACE('',#9755,0.999999999736842);
#2086=CYLINDRICAL_SURFACE('',#9761,1.00032794648041);
#2087=CYLINDRICAL_SURFACE('',#9764,1.00032794648041);
#2088=CYLINDRICAL_SURFACE('',#9768,0.999999999736842);
#2089=CYLINDRICAL_SURFACE('',#9771,0.999999999736842);
#2090=CYLINDRICAL_SURFACE('',#9777,1.00032794648041);
#2091=CYLINDRICAL_SURFACE('',#9780,1.00032794648041);
#2092=CYLINDRICAL_SURFACE('',#9784,0.999999999736842);
#2093=CYLINDRICAL_SURFACE('',#9787,0.999999999736842);
#2094=CYLINDRICAL_SURFACE('',#9793,1.00032794648041);
#2095=CYLINDRICAL_SURFACE('',#9796,1.00032794648041);
#2096=CYLINDRICAL_SURFACE('',#9800,0.999999999736842);
#2097=CYLINDRICAL_SURFACE('',#9803,0.999999999736842);
#2098=CYLINDRICAL_SURFACE('',#9809,1.00032794648041);
#2099=CYLINDRICAL_SURFACE('',#9812,1.00032794648041);
#2100=CYLINDRICAL_SURFACE('',#9816,0.999999999978929);
#2101=CYLINDRICAL_SURFACE('',#9819,0.999999999978929);
#2102=CYLINDRICAL_SURFACE('',#9825,0.999999999978956);
#2103=CYLINDRICAL_SURFACE('',#9828,0.999999999978956);
#2104=CYLINDRICAL_SURFACE('',#9834,1.00000000000018);
#2105=CYLINDRICAL_SURFACE('',#9837,1.00000000000018);
#2106=CYLINDRICAL_SURFACE('',#9840,1.00000000000018);
#2107=CYLINDRICAL_SURFACE('',#9845,1.00000000000018);
#2108=CYLINDRICAL_SURFACE('',#9848,1.00000000000018);
#2109=CYLINDRICAL_SURFACE('',#9851,1.00000000000018);
#2110=CYLINDRICAL_SURFACE('',#9857,1.00000000000018);
#2111=CYLINDRICAL_SURFACE('',#9860,1.00000000000018);
#2112=CYLINDRICAL_SURFACE('',#9866,0.999999999999996);
#2113=CYLINDRICAL_SURFACE('',#9869,0.999999999999996);
#2114=CYLINDRICAL_SURFACE('',#9872,0.999999999999996);
#2115=CYLINDRICAL_SURFACE('',#9877,0.999999999999996);
#2116=CYLINDRICAL_SURFACE('',#9882,0.999999999999996);
#2117=CYLINDRICAL_SURFACE('',#9885,0.999999999999996);
#2118=CYLINDRICAL_SURFACE('',#9888,0.999999999999996);
#2119=CYLINDRICAL_SURFACE('',#9893,0.999999999999996);
#2120=CYLINDRICAL_SURFACE('',#9898,0.999999999999996);
#2121=CYLINDRICAL_SURFACE('',#9901,0.999999999999996);
#2122=CYLINDRICAL_SURFACE('',#9904,1.00000000000001);
#2123=CYLINDRICAL_SURFACE('',#9909,1.00000000000001);
#2124=CYLINDRICAL_SURFACE('',#9912,1.00000000000018);
#2125=CYLINDRICAL_SURFACE('',#9915,1.00000000000018);
#2126=CYLINDRICAL_SURFACE('',#9921,1.00000000000018);
#2127=CYLINDRICAL_SURFACE('',#9924,1.00000000000018);
#2128=CYLINDRICAL_SURFACE('',#9928,1.00000000000018);
#2129=CYLINDRICAL_SURFACE('',#9931,1.00000000000018);
#2130=CYLINDRICAL_SURFACE('',#9937,1.00000000000018);
#2131=CYLINDRICAL_SURFACE('',#9940,1.00000000000018);
#2132=CYLINDRICAL_SURFACE('',#9944,0.999999999978938);
#2133=CYLINDRICAL_SURFACE('',#9947,0.999999999978938);
#2134=CYLINDRICAL_SURFACE('',#9953,0.999999999978956);
#2135=CYLINDRICAL_SURFACE('',#9956,0.999999999978956);
#2136=CYLINDRICAL_SURFACE('',#9960,0.999999999978938);
#2137=CYLINDRICAL_SURFACE('',#9963,0.999999999978938);
#2138=CYLINDRICAL_SURFACE('',#9969,0.999999999978956);
#2139=CYLINDRICAL_SURFACE('',#9972,0.999999999978956);
#2140=CYLINDRICAL_SURFACE('',#9976,0.999999999736842);
#2141=CYLINDRICAL_SURFACE('',#9979,0.999999999736842);
#2142=CYLINDRICAL_SURFACE('',#9985,1.00032794648041);
#2143=CYLINDRICAL_SURFACE('',#9988,1.00032794648041);
#2144=CYLINDRICAL_SURFACE('',#9994,1.00032794648041);
#2145=CYLINDRICAL_SURFACE('',#9997,1.00032794648041);
#2146=CYLINDRICAL_SURFACE('',#10000,0.999999999736842);
#2147=CYLINDRICAL_SURFACE('',#10005,0.999999999736842);
#2148=CYLINDRICAL_SURFACE('',#10008,0.999999999736842);
#2149=CYLINDRICAL_SURFACE('',#10011,0.999999999736842);
#2150=CYLINDRICAL_SURFACE('',#10017,1.00032794648041);
#2151=CYLINDRICAL_SURFACE('',#10020,1.00032794648041);
#2152=CYLINDRICAL_SURFACE('',#10024,0.999999999978929);
#2153=CYLINDRICAL_SURFACE('',#10027,0.999999999978929);
#2154=CYLINDRICAL_SURFACE('',#10033,0.999999999978947);
#2155=CYLINDRICAL_SURFACE('',#10036,0.999999999978947);
#2156=CYLINDRICAL_SURFACE('',#10040,0.999999999978933);
#2157=CYLINDRICAL_SURFACE('',#10043,0.999999999978933);
#2158=CYLINDRICAL_SURFACE('',#10049,0.999999999978956);
#2159=CYLINDRICAL_SURFACE('',#10052,0.999999999978956);
#2160=CYLINDRICAL_SURFACE('',#10056,1.00000000000017);
#2161=CYLINDRICAL_SURFACE('',#10059,1.00000000000017);
#2162=CYLINDRICAL_SURFACE('',#10065,1.00000000000018);
#2163=CYLINDRICAL_SURFACE('',#10068,1.00000000000018);
#2164=CYLINDRICAL_SURFACE('',#10072,1.00000000000018);
#2165=CYLINDRICAL_SURFACE('',#10075,1.00000000000018);
#2166=CYLINDRICAL_SURFACE('',#10081,1.00000000000018);
#2167=CYLINDRICAL_SURFACE('',#10084,1.00000000000018);
#2168=CYLINDRICAL_SURFACE('',#10090,0.999999999999996);
#2169=CYLINDRICAL_SURFACE('',#10093,0.999999999999996);
#2170=CYLINDRICAL_SURFACE('',#10096,1.);
#2171=CYLINDRICAL_SURFACE('',#10101,1.);
#2172=CYLINDRICAL_SURFACE('',#10106,0.999999999999996);
#2173=CYLINDRICAL_SURFACE('',#10109,0.999999999999996);
#2174=CYLINDRICAL_SURFACE('',#10112,0.999999999999996);
#2175=CYLINDRICAL_SURFACE('',#10117,0.999999999999996);
#2176=CYLINDRICAL_SURFACE('',#10121,0.999999999999995);
#2177=CYLINDRICAL_SURFACE('',#10125,0.999999999999945);
#2178=CYLINDRICAL_SURFACE('',#10128,0.999999999999989);
#2179=CYLINDRICAL_SURFACE('',#10132,0.999999999999998);
#2180=CYLINDRICAL_SURFACE('',#10137,1.);
#2181=CYLINDRICAL_SURFACE('',#10141,1.00000000000002);
#2182=CYLINDRICAL_SURFACE('',#10145,1.00000000000002);
#2183=CYLINDRICAL_SURFACE('',#10149,1.00000000000002);
#2184=CYLINDRICAL_SURFACE('',#10153,1.00000000000003);
#2185=CYLINDRICAL_SURFACE('',#10157,1.00000000000002);
#2186=CYLINDRICAL_SURFACE('',#10161,1.00000000000002);
#2187=CYLINDRICAL_SURFACE('',#10165,1.00000000000002);
#2188=CYLINDRICAL_SURFACE('',#10169,1.00000000000002);
#2189=CYLINDRICAL_SURFACE('',#10173,1.00000000000002);
#2190=CYLINDRICAL_SURFACE('',#10177,1.);
#2191=CYLINDRICAL_SURFACE('',#10181,1.00000000000001);
#2192=CYLINDRICAL_SURFACE('',#10184,0.999999999999989);
#2193=CYLINDRICAL_SURFACE('',#10188,0.999999999999998);
#2194=CYLINDRICAL_SURFACE('',#10193,0.999999999999995);
#2195=CYLINDRICAL_SURFACE('',#10197,0.999999999999957);
#2196=CYLINDRICAL_SURFACE('',#10201,1.00000000000001);
#2197=CYLINDRICAL_SURFACE('',#10205,0.999999999999951);
#2198=CYLINDRICAL_SURFACE('',#10208,0.999999999999976);
#2199=CYLINDRICAL_SURFACE('',#10212,0.999999999999998);
#2200=CYLINDRICAL_SURFACE('',#10217,0.999999999999985);
#2201=CYLINDRICAL_SURFACE('',#10221,0.999999999999998);
#2202=CYLINDRICAL_SURFACE('',#10225,1.00000000000001);
#2203=CYLINDRICAL_SURFACE('',#10229,1.00000000000001);
#2204=CYLINDRICAL_SURFACE('',#10233,1.00000000000002);
#2205=CYLINDRICAL_SURFACE('',#10237,1.00000000000002);
#2206=CYLINDRICAL_SURFACE('',#10241,1.00000000000002);
#2207=CYLINDRICAL_SURFACE('',#10245,1.00000000000002);
#2208=CYLINDRICAL_SURFACE('',#10249,1.);
#2209=CYLINDRICAL_SURFACE('',#10253,1.00000000000002);
#2210=CYLINDRICAL_SURFACE('',#10256,0.999999999999985);
#2211=CYLINDRICAL_SURFACE('',#10260,0.999999999999992);
#2212=CYLINDRICAL_SURFACE('',#10264,0.999999999999989);
#2213=CYLINDRICAL_SURFACE('',#10268,0.999999999999985);
#2214=CYLINDRICAL_SURFACE('',#10273,0.999999999999957);
#2215=CYLINDRICAL_SURFACE('',#10277,1.);
#2216=CYLINDRICAL_SURFACE('',#10281,1.);
#2217=CYLINDRICAL_SURFACE('',#10285,0.999999999999995);
#2218=CYLINDRICAL_SURFACE('',#10289,0.999999999999998);
#2219=CYLINDRICAL_SURFACE('',#10293,1.00000000000001);
#2220=CYLINDRICAL_SURFACE('',#10297,1.00000000000001);
#2221=CYLINDRICAL_SURFACE('',#10301,1.);
#2222=CYLINDRICAL_SURFACE('',#10305,0.999999999999995);
#2223=CYLINDRICAL_SURFACE('',#10309,0.999999999999992);
#2224=CYLINDRICAL_SURFACE('',#10313,0.999999999999989);
#2225=CYLINDRICAL_SURFACE('',#10317,0.999999999999992);
#2226=CYLINDRICAL_SURFACE('',#10321,0.999999999999989);
#2227=CYLINDRICAL_SURFACE('',#10325,0.999999999999985);
#2228=CYLINDRICAL_SURFACE('',#10329,1.);
#2229=CYLINDRICAL_SURFACE('',#10333,1.);
#2230=CYLINDRICAL_SURFACE('',#10337,0.999999999999995);
#2231=CYLINDRICAL_SURFACE('',#10341,0.999999999999992);
#2232=CYLINDRICAL_SURFACE('',#10345,0.999999999999992);
#2233=CYLINDRICAL_SURFACE('',#10349,0.999999999999995);
#2234=CYLINDRICAL_SURFACE('',#10353,1.);
#2235=CYLINDRICAL_SURFACE('',#10357,1.);
#2236=CYLINDRICAL_SURFACE('',#10361,1.);
#2237=CYLINDRICAL_SURFACE('',#10365,1.00000000000001);
#2238=CYLINDRICAL_SURFACE('',#10369,0.999999999999998);
#2239=CYLINDRICAL_SURFACE('',#10373,1.);
#2240=CYLINDRICAL_SURFACE('',#10377,1.);
#2241=CYLINDRICAL_SURFACE('',#10381,0.999999999999995);
#2242=CYLINDRICAL_SURFACE('',#10385,1.00000000000001);
#2243=CYLINDRICAL_SURFACE('',#10389,0.999999999999995);
#2244=CYLINDRICAL_SURFACE('',#10393,0.999999999999992);
#2245=CYLINDRICAL_SURFACE('',#10397,1.);
#2246=CYLINDRICAL_SURFACE('',#10401,1.);
#2247=CYLINDRICAL_SURFACE('',#10405,1.);
#2248=CYLINDRICAL_SURFACE('',#10409,1.);
#2249=CYLINDRICAL_SURFACE('',#10413,1.);
#2250=CYLINDRICAL_SURFACE('',#10417,1.);
#2251=CYLINDRICAL_SURFACE('',#10421,1.);
#2252=CYLINDRICAL_SURFACE('',#10425,0.999999999999995);
#2253=CYLINDRICAL_SURFACE('',#10429,0.999999999999992);
#2254=CYLINDRICAL_SURFACE('',#10433,1.);
#2255=CYLINDRICAL_SURFACE('',#10437,1.);
#2256=CYLINDRICAL_SURFACE('',#10441,1.);
#2257=CYLINDRICAL_SURFACE('',#10445,1.);
#2258=CYLINDRICAL_SURFACE('',#10449,1.);
#2259=CYLINDRICAL_SURFACE('',#10453,0.999999999999992);
#2260=CYLINDRICAL_SURFACE('',#10457,1.);
#2261=CYLINDRICAL_SURFACE('',#10461,0.999999999999995);
#2262=CYLINDRICAL_SURFACE('',#10465,0.999999999999998);
#2263=CYLINDRICAL_SURFACE('',#10469,1.00000000000001);
#2264=CYLINDRICAL_SURFACE('',#10472,10.461714357499);
#2265=CYLINDRICAL_SURFACE('',#10492,8.);
#2266=CYLINDRICAL_SURFACE('',#10495,8.);
#2267=CYLINDRICAL_SURFACE('',#10498,8.);
#2268=CYLINDRICAL_SURFACE('',#10501,8.);
#2269=FACE_OUTER_BOUND('',#2738,.T.);
#2270=FACE_OUTER_BOUND('',#2739,.T.);
#2271=FACE_OUTER_BOUND('',#2740,.T.);
#2272=FACE_OUTER_BOUND('',#2742,.T.);
#2273=FACE_OUTER_BOUND('',#2743,.T.);
#2274=FACE_OUTER_BOUND('',#2744,.T.);
#2275=FACE_OUTER_BOUND('',#2745,.T.);
#2276=FACE_OUTER_BOUND('',#2746,.T.);
#2277=FACE_OUTER_BOUND('',#2748,.T.);
#2278=FACE_OUTER_BOUND('',#2750,.T.);
#2279=FACE_OUTER_BOUND('',#2751,.T.);
#2280=FACE_OUTER_BOUND('',#2752,.T.);
#2281=FACE_OUTER_BOUND('',#2753,.T.);
#2282=FACE_OUTER_BOUND('',#2754,.T.);
#2283=FACE_OUTER_BOUND('',#2756,.T.);
#2284=FACE_OUTER_BOUND('',#2758,.T.);
#2285=FACE_OUTER_BOUND('',#2759,.T.);
#2286=FACE_OUTER_BOUND('',#2760,.T.);
#2287=FACE_OUTER_BOUND('',#2761,.T.);
#2288=FACE_OUTER_BOUND('',#2762,.T.);
#2289=FACE_OUTER_BOUND('',#2763,.T.);
#2290=FACE_OUTER_BOUND('',#2764,.T.);
#2291=FACE_OUTER_BOUND('',#2766,.T.);
#2292=FACE_OUTER_BOUND('',#2767,.T.);
#2293=FACE_OUTER_BOUND('',#2768,.T.);
#2294=FACE_OUTER_BOUND('',#2769,.T.);
#2295=FACE_OUTER_BOUND('',#2770,.T.);
#2296=FACE_OUTER_BOUND('',#2772,.T.);
#2297=FACE_OUTER_BOUND('',#2773,.T.);
#2298=FACE_OUTER_BOUND('',#2774,.T.);
#2299=FACE_OUTER_BOUND('',#2775,.T.);
#2300=FACE_OUTER_BOUND('',#2776,.T.);
#2301=FACE_OUTER_BOUND('',#2777,.T.);
#2302=FACE_OUTER_BOUND('',#2778,.T.);
#2303=FACE_OUTER_BOUND('',#2779,.T.);
#2304=FACE_OUTER_BOUND('',#2780,.T.);
#2305=FACE_OUTER_BOUND('',#2781,.T.);
#2306=FACE_OUTER_BOUND('',#2782,.T.);
#2307=FACE_OUTER_BOUND('',#2783,.T.);
#2308=FACE_OUTER_BOUND('',#2784,.T.);
#2309=FACE_OUTER_BOUND('',#2785,.T.);
#2310=FACE_OUTER_BOUND('',#2786,.T.);
#2311=FACE_OUTER_BOUND('',#2787,.T.);
#2312=FACE_OUTER_BOUND('',#2788,.T.);
#2313=FACE_OUTER_BOUND('',#2789,.T.);
#2314=FACE_OUTER_BOUND('',#2790,.T.);
#2315=FACE_OUTER_BOUND('',#2791,.T.);
#2316=FACE_OUTER_BOUND('',#2792,.T.);
#2317=FACE_OUTER_BOUND('',#2793,.T.);
#2318=FACE_OUTER_BOUND('',#2794,.T.);
#2319=FACE_OUTER_BOUND('',#2795,.T.);
#2320=FACE_OUTER_BOUND('',#2796,.T.);
#2321=FACE_OUTER_BOUND('',#2797,.T.);
#2322=FACE_OUTER_BOUND('',#2798,.T.);
#2323=FACE_OUTER_BOUND('',#2799,.T.);
#2324=FACE_OUTER_BOUND('',#2800,.T.);
#2325=FACE_OUTER_BOUND('',#2801,.T.);
#2326=FACE_OUTER_BOUND('',#2802,.T.);
#2327=FACE_OUTER_BOUND('',#2803,.T.);
#2328=FACE_OUTER_BOUND('',#2804,.T.);
#2329=FACE_OUTER_BOUND('',#2805,.T.);
#2330=FACE_OUTER_BOUND('',#2806,.T.);
#2331=FACE_OUTER_BOUND('',#2807,.T.);
#2332=FACE_OUTER_BOUND('',#2808,.T.);
#2333=FACE_OUTER_BOUND('',#2809,.T.);
#2334=FACE_OUTER_BOUND('',#2810,.T.);
#2335=FACE_OUTER_BOUND('',#2811,.T.);
#2336=FACE_OUTER_BOUND('',#2812,.T.);
#2337=FACE_OUTER_BOUND('',#2813,.T.);
#2338=FACE_OUTER_BOUND('',#2814,.T.);
#2339=FACE_OUTER_BOUND('',#2815,.T.);
#2340=FACE_OUTER_BOUND('',#2816,.T.);
#2341=FACE_OUTER_BOUND('',#2817,.T.);
#2342=FACE_OUTER_BOUND('',#2818,.T.);
#2343=FACE_OUTER_BOUND('',#2819,.T.);
#2344=FACE_OUTER_BOUND('',#2820,.T.);
#2345=FACE_OUTER_BOUND('',#2821,.T.);
#2346=FACE_OUTER_BOUND('',#2822,.T.);
#2347=FACE_OUTER_BOUND('',#2823,.T.);
#2348=FACE_OUTER_BOUND('',#2824,.T.);
#2349=FACE_OUTER_BOUND('',#2825,.T.);
#2350=FACE_OUTER_BOUND('',#2826,.T.);
#2351=FACE_OUTER_BOUND('',#2827,.T.);
#2352=FACE_OUTER_BOUND('',#2828,.T.);
#2353=FACE_OUTER_BOUND('',#2829,.T.);
#2354=FACE_OUTER_BOUND('',#2830,.T.);
#2355=FACE_OUTER_BOUND('',#2831,.T.);
#2356=FACE_OUTER_BOUND('',#2832,.T.);
#2357=FACE_OUTER_BOUND('',#2833,.T.);
#2358=FACE_OUTER_BOUND('',#2834,.T.);
#2359=FACE_OUTER_BOUND('',#2835,.T.);
#2360=FACE_OUTER_BOUND('',#2836,.T.);
#2361=FACE_OUTER_BOUND('',#2837,.T.);
#2362=FACE_OUTER_BOUND('',#2838,.T.);
#2363=FACE_OUTER_BOUND('',#2839,.T.);
#2364=FACE_OUTER_BOUND('',#2840,.T.);
#2365=FACE_OUTER_BOUND('',#2841,.T.);
#2366=FACE_OUTER_BOUND('',#2842,.T.);
#2367=FACE_OUTER_BOUND('',#2843,.T.);
#2368=FACE_OUTER_BOUND('',#2844,.T.);
#2369=FACE_OUTER_BOUND('',#2845,.T.);
#2370=FACE_OUTER_BOUND('',#2846,.T.);
#2371=FACE_OUTER_BOUND('',#2847,.T.);
#2372=FACE_OUTER_BOUND('',#2848,.T.);
#2373=FACE_OUTER_BOUND('',#2849,.T.);
#2374=FACE_OUTER_BOUND('',#2850,.T.);
#2375=FACE_OUTER_BOUND('',#2851,.T.);
#2376=FACE_OUTER_BOUND('',#2852,.T.);
#2377=FACE_OUTER_BOUND('',#2853,.T.);
#2378=FACE_OUTER_BOUND('',#2854,.T.);
#2379=FACE_OUTER_BOUND('',#2855,.T.);
#2380=FACE_OUTER_BOUND('',#2856,.T.);
#2381=FACE_OUTER_BOUND('',#2857,.T.);
#2382=FACE_OUTER_BOUND('',#2858,.T.);
#2383=FACE_OUTER_BOUND('',#2859,.T.);
#2384=FACE_OUTER_BOUND('',#2860,.T.);
#2385=FACE_OUTER_BOUND('',#2861,.T.);
#2386=FACE_OUTER_BOUND('',#2862,.T.);
#2387=FACE_OUTER_BOUND('',#2863,.T.);
#2388=FACE_OUTER_BOUND('',#2864,.T.);
#2389=FACE_OUTER_BOUND('',#2865,.T.);
#2390=FACE_OUTER_BOUND('',#2866,.T.);
#2391=FACE_OUTER_BOUND('',#2867,.T.);
#2392=FACE_OUTER_BOUND('',#2868,.T.);
#2393=FACE_OUTER_BOUND('',#2869,.T.);
#2394=FACE_OUTER_BOUND('',#2870,.T.);
#2395=FACE_OUTER_BOUND('',#2871,.T.);
#2396=FACE_OUTER_BOUND('',#2872,.T.);
#2397=FACE_OUTER_BOUND('',#2873,.T.);
#2398=FACE_OUTER_BOUND('',#2874,.T.);
#2399=FACE_OUTER_BOUND('',#2875,.T.);
#2400=FACE_OUTER_BOUND('',#2876,.T.);
#2401=FACE_OUTER_BOUND('',#2877,.T.);
#2402=FACE_OUTER_BOUND('',#2878,.T.);
#2403=FACE_OUTER_BOUND('',#2879,.T.);
#2404=FACE_OUTER_BOUND('',#2880,.T.);
#2405=FACE_OUTER_BOUND('',#2881,.T.);
#2406=FACE_OUTER_BOUND('',#2882,.T.);
#2407=FACE_OUTER_BOUND('',#2883,.T.);
#2408=FACE_OUTER_BOUND('',#2884,.T.);
#2409=FACE_OUTER_BOUND('',#2885,.T.);
#2410=FACE_OUTER_BOUND('',#2886,.T.);
#2411=FACE_OUTER_BOUND('',#2887,.T.);
#2412=FACE_OUTER_BOUND('',#2888,.T.);
#2413=FACE_OUTER_BOUND('',#2889,.T.);
#2414=FACE_OUTER_BOUND('',#2890,.T.);
#2415=FACE_OUTER_BOUND('',#2891,.T.);
#2416=FACE_OUTER_BOUND('',#2892,.T.);
#2417=FACE_OUTER_BOUND('',#2893,.T.);
#2418=FACE_OUTER_BOUND('',#2894,.T.);
#2419=FACE_OUTER_BOUND('',#2895,.T.);
#2420=FACE_OUTER_BOUND('',#2896,.T.);
#2421=FACE_OUTER_BOUND('',#2897,.T.);
#2422=FACE_OUTER_BOUND('',#2898,.T.);
#2423=FACE_OUTER_BOUND('',#2899,.T.);
#2424=FACE_OUTER_BOUND('',#2900,.T.);
#2425=FACE_OUTER_BOUND('',#2901,.T.);
#2426=FACE_OUTER_BOUND('',#2902,.T.);
#2427=FACE_OUTER_BOUND('',#2903,.T.);
#2428=FACE_OUTER_BOUND('',#2904,.T.);
#2429=FACE_OUTER_BOUND('',#2905,.T.);
#2430=FACE_OUTER_BOUND('',#2906,.T.);
#2431=FACE_OUTER_BOUND('',#2907,.T.);
#2432=FACE_OUTER_BOUND('',#2908,.T.);
#2433=FACE_OUTER_BOUND('',#2909,.T.);
#2434=FACE_OUTER_BOUND('',#2910,.T.);
#2435=FACE_OUTER_BOUND('',#2911,.T.);
#2436=FACE_OUTER_BOUND('',#2912,.T.);
#2437=FACE_OUTER_BOUND('',#2913,.T.);
#2438=FACE_OUTER_BOUND('',#2914,.T.);
#2439=FACE_OUTER_BOUND('',#2915,.T.);
#2440=FACE_OUTER_BOUND('',#2916,.T.);
#2441=FACE_OUTER_BOUND('',#2917,.T.);
#2442=FACE_OUTER_BOUND('',#2918,.T.);
#2443=FACE_OUTER_BOUND('',#2919,.T.);
#2444=FACE_OUTER_BOUND('',#2920,.T.);
#2445=FACE_OUTER_BOUND('',#2921,.T.);
#2446=FACE_OUTER_BOUND('',#2922,.T.);
#2447=FACE_OUTER_BOUND('',#2923,.T.);
#2448=FACE_OUTER_BOUND('',#2924,.T.);
#2449=FACE_OUTER_BOUND('',#2925,.T.);
#2450=FACE_OUTER_BOUND('',#2926,.T.);
#2451=FACE_OUTER_BOUND('',#2927,.T.);
#2452=FACE_OUTER_BOUND('',#2928,.T.);
#2453=FACE_OUTER_BOUND('',#2929,.T.);
#2454=FACE_OUTER_BOUND('',#2930,.T.);
#2455=FACE_OUTER_BOUND('',#2931,.T.);
#2456=FACE_OUTER_BOUND('',#2932,.T.);
#2457=FACE_OUTER_BOUND('',#2933,.T.);
#2458=FACE_OUTER_BOUND('',#2934,.T.);
#2459=FACE_OUTER_BOUND('',#2935,.T.);
#2460=FACE_OUTER_BOUND('',#2936,.T.);
#2461=FACE_OUTER_BOUND('',#2937,.T.);
#2462=FACE_OUTER_BOUND('',#2938,.T.);
#2463=FACE_OUTER_BOUND('',#2939,.T.);
#2464=FACE_OUTER_BOUND('',#2940,.T.);
#2465=FACE_OUTER_BOUND('',#2941,.T.);
#2466=FACE_OUTER_BOUND('',#2942,.T.);
#2467=FACE_OUTER_BOUND('',#2943,.T.);
#2468=FACE_OUTER_BOUND('',#2944,.T.);
#2469=FACE_OUTER_BOUND('',#2945,.T.);
#2470=FACE_OUTER_BOUND('',#2946,.T.);
#2471=FACE_OUTER_BOUND('',#2947,.T.);
#2472=FACE_OUTER_BOUND('',#2948,.T.);
#2473=FACE_OUTER_BOUND('',#2949,.T.);
#2474=FACE_OUTER_BOUND('',#2950,.T.);
#2475=FACE_OUTER_BOUND('',#2951,.T.);
#2476=FACE_OUTER_BOUND('',#2952,.T.);
#2477=FACE_OUTER_BOUND('',#2953,.T.);
#2478=FACE_OUTER_BOUND('',#2954,.T.);
#2479=FACE_OUTER_BOUND('',#2955,.T.);
#2480=FACE_OUTER_BOUND('',#2956,.T.);
#2481=FACE_OUTER_BOUND('',#2957,.T.);
#2482=FACE_OUTER_BOUND('',#2958,.T.);
#2483=FACE_OUTER_BOUND('',#2959,.T.);
#2484=FACE_OUTER_BOUND('',#2960,.T.);
#2485=FACE_OUTER_BOUND('',#2961,.T.);
#2486=FACE_OUTER_BOUND('',#2962,.T.);
#2487=FACE_OUTER_BOUND('',#2963,.T.);
#2488=FACE_OUTER_BOUND('',#2964,.T.);
#2489=FACE_OUTER_BOUND('',#2965,.T.);
#2490=FACE_OUTER_BOUND('',#2966,.T.);
#2491=FACE_OUTER_BOUND('',#2967,.T.);
#2492=FACE_OUTER_BOUND('',#2968,.T.);
#2493=FACE_OUTER_BOUND('',#2969,.T.);
#2494=FACE_OUTER_BOUND('',#2970,.T.);
#2495=FACE_OUTER_BOUND('',#2971,.T.);
#2496=FACE_OUTER_BOUND('',#2972,.T.);
#2497=FACE_OUTER_BOUND('',#2973,.T.);
#2498=FACE_OUTER_BOUND('',#2974,.T.);
#2499=FACE_OUTER_BOUND('',#2975,.T.);
#2500=FACE_OUTER_BOUND('',#2976,.T.);
#2501=FACE_OUTER_BOUND('',#2977,.T.);
#2502=FACE_OUTER_BOUND('',#2978,.T.);
#2503=FACE_OUTER_BOUND('',#2979,.T.);
#2504=FACE_OUTER_BOUND('',#2980,.T.);
#2505=FACE_OUTER_BOUND('',#2981,.T.);
#2506=FACE_OUTER_BOUND('',#2982,.T.);
#2507=FACE_OUTER_BOUND('',#2983,.T.);
#2508=FACE_OUTER_BOUND('',#2984,.T.);
#2509=FACE_OUTER_BOUND('',#2985,.T.);
#2510=FACE_OUTER_BOUND('',#2986,.T.);
#2511=FACE_OUTER_BOUND('',#2987,.T.);
#2512=FACE_OUTER_BOUND('',#2988,.T.);
#2513=FACE_OUTER_BOUND('',#2989,.T.);
#2514=FACE_OUTER_BOUND('',#2990,.T.);
#2515=FACE_OUTER_BOUND('',#2991,.T.);
#2516=FACE_OUTER_BOUND('',#2992,.T.);
#2517=FACE_OUTER_BOUND('',#2993,.T.);
#2518=FACE_OUTER_BOUND('',#2994,.T.);
#2519=FACE_OUTER_BOUND('',#2995,.T.);
#2520=FACE_OUTER_BOUND('',#2996,.T.);
#2521=FACE_OUTER_BOUND('',#2997,.T.);
#2522=FACE_OUTER_BOUND('',#2998,.T.);
#2523=FACE_OUTER_BOUND('',#2999,.T.);
#2524=FACE_OUTER_BOUND('',#3000,.T.);
#2525=FACE_OUTER_BOUND('',#3001,.T.);
#2526=FACE_OUTER_BOUND('',#3002,.T.);
#2527=FACE_OUTER_BOUND('',#3003,.T.);
#2528=FACE_OUTER_BOUND('',#3004,.T.);
#2529=FACE_OUTER_BOUND('',#3005,.T.);
#2530=FACE_OUTER_BOUND('',#3006,.T.);
#2531=FACE_OUTER_BOUND('',#3007,.T.);
#2532=FACE_OUTER_BOUND('',#3008,.T.);
#2533=FACE_OUTER_BOUND('',#3009,.T.);
#2534=FACE_OUTER_BOUND('',#3010,.T.);
#2535=FACE_OUTER_BOUND('',#3011,.T.);
#2536=FACE_OUTER_BOUND('',#3012,.T.);
#2537=FACE_OUTER_BOUND('',#3013,.T.);
#2538=FACE_OUTER_BOUND('',#3014,.T.);
#2539=FACE_OUTER_BOUND('',#3015,.T.);
#2540=FACE_OUTER_BOUND('',#3016,.T.);
#2541=FACE_OUTER_BOUND('',#3017,.T.);
#2542=FACE_OUTER_BOUND('',#3018,.T.);
#2543=FACE_OUTER_BOUND('',#3019,.T.);
#2544=FACE_OUTER_BOUND('',#3020,.T.);
#2545=FACE_OUTER_BOUND('',#3021,.T.);
#2546=FACE_OUTER_BOUND('',#3022,.T.);
#2547=FACE_OUTER_BOUND('',#3023,.T.);
#2548=FACE_OUTER_BOUND('',#3024,.T.);
#2549=FACE_OUTER_BOUND('',#3025,.T.);
#2550=FACE_OUTER_BOUND('',#3026,.T.);
#2551=FACE_OUTER_BOUND('',#3027,.T.);
#2552=FACE_OUTER_BOUND('',#3028,.T.);
#2553=FACE_OUTER_BOUND('',#3029,.T.);
#2554=FACE_OUTER_BOUND('',#3030,.T.);
#2555=FACE_OUTER_BOUND('',#3031,.T.);
#2556=FACE_OUTER_BOUND('',#3032,.T.);
#2557=FACE_OUTER_BOUND('',#3033,.T.);
#2558=FACE_OUTER_BOUND('',#3034,.T.);
#2559=FACE_OUTER_BOUND('',#3035,.T.);
#2560=FACE_OUTER_BOUND('',#3036,.T.);
#2561=FACE_OUTER_BOUND('',#3037,.T.);
#2562=FACE_OUTER_BOUND('',#3038,.T.);
#2563=FACE_OUTER_BOUND('',#3039,.T.);
#2564=FACE_OUTER_BOUND('',#3040,.T.);
#2565=FACE_OUTER_BOUND('',#3041,.T.);
#2566=FACE_OUTER_BOUND('',#3042,.T.);
#2567=FACE_OUTER_BOUND('',#3043,.T.);
#2568=FACE_OUTER_BOUND('',#3044,.T.);
#2569=FACE_OUTER_BOUND('',#3045,.T.);
#2570=FACE_OUTER_BOUND('',#3046,.T.);
#2571=FACE_OUTER_BOUND('',#3047,.T.);
#2572=FACE_OUTER_BOUND('',#3048,.T.);
#2573=FACE_OUTER_BOUND('',#3049,.T.);
#2574=FACE_OUTER_BOUND('',#3050,.T.);
#2575=FACE_OUTER_BOUND('',#3051,.T.);
#2576=FACE_OUTER_BOUND('',#3052,.T.);
#2577=FACE_OUTER_BOUND('',#3053,.T.);
#2578=FACE_OUTER_BOUND('',#3054,.T.);
#2579=FACE_OUTER_BOUND('',#3055,.T.);
#2580=FACE_OUTER_BOUND('',#3056,.T.);
#2581=FACE_OUTER_BOUND('',#3057,.T.);
#2582=FACE_OUTER_BOUND('',#3058,.T.);
#2583=FACE_OUTER_BOUND('',#3059,.T.);
#2584=FACE_OUTER_BOUND('',#3060,.T.);
#2585=FACE_OUTER_BOUND('',#3061,.T.);
#2586=FACE_OUTER_BOUND('',#3062,.T.);
#2587=FACE_OUTER_BOUND('',#3063,.T.);
#2588=FACE_OUTER_BOUND('',#3064,.T.);
#2589=FACE_OUTER_BOUND('',#3065,.T.);
#2590=FACE_OUTER_BOUND('',#3066,.T.);
#2591=FACE_OUTER_BOUND('',#3067,.T.);
#2592=FACE_OUTER_BOUND('',#3068,.T.);
#2593=FACE_OUTER_BOUND('',#3069,.T.);
#2594=FACE_OUTER_BOUND('',#3070,.T.);
#2595=FACE_OUTER_BOUND('',#3071,.T.);
#2596=FACE_OUTER_BOUND('',#3072,.T.);
#2597=FACE_OUTER_BOUND('',#3073,.T.);
#2598=FACE_OUTER_BOUND('',#3074,.T.);
#2599=FACE_OUTER_BOUND('',#3075,.T.);
#2600=FACE_OUTER_BOUND('',#3076,.T.);
#2601=FACE_OUTER_BOUND('',#3077,.T.);
#2602=FACE_OUTER_BOUND('',#3078,.T.);
#2603=FACE_OUTER_BOUND('',#3079,.T.);
#2604=FACE_OUTER_BOUND('',#3080,.T.);
#2605=FACE_OUTER_BOUND('',#3081,.T.);
#2606=FACE_OUTER_BOUND('',#3082,.T.);
#2607=FACE_OUTER_BOUND('',#3083,.T.);
#2608=FACE_OUTER_BOUND('',#3084,.T.);
#2609=FACE_OUTER_BOUND('',#3085,.T.);
#2610=FACE_OUTER_BOUND('',#3086,.T.);
#2611=FACE_OUTER_BOUND('',#3087,.T.);
#2612=FACE_OUTER_BOUND('',#3088,.T.);
#2613=FACE_OUTER_BOUND('',#3089,.T.);
#2614=FACE_OUTER_BOUND('',#3090,.T.);
#2615=FACE_OUTER_BOUND('',#3091,.T.);
#2616=FACE_OUTER_BOUND('',#3092,.T.);
#2617=FACE_OUTER_BOUND('',#3093,.T.);
#2618=FACE_OUTER_BOUND('',#3094,.T.);
#2619=FACE_OUTER_BOUND('',#3095,.T.);
#2620=FACE_OUTER_BOUND('',#3096,.T.);
#2621=FACE_OUTER_BOUND('',#3097,.T.);
#2622=FACE_OUTER_BOUND('',#3098,.T.);
#2623=FACE_OUTER_BOUND('',#3099,.T.);
#2624=FACE_OUTER_BOUND('',#3100,.T.);
#2625=FACE_OUTER_BOUND('',#3101,.T.);
#2626=FACE_OUTER_BOUND('',#3102,.T.);
#2627=FACE_OUTER_BOUND('',#3103,.T.);
#2628=FACE_OUTER_BOUND('',#3104,.T.);
#2629=FACE_OUTER_BOUND('',#3105,.T.);
#2630=FACE_OUTER_BOUND('',#3106,.T.);
#2631=FACE_OUTER_BOUND('',#3107,.T.);
#2632=FACE_OUTER_BOUND('',#3108,.T.);
#2633=FACE_OUTER_BOUND('',#3109,.T.);
#2634=FACE_OUTER_BOUND('',#3110,.T.);
#2635=FACE_OUTER_BOUND('',#3111,.T.);
#2636=FACE_OUTER_BOUND('',#3112,.T.);
#2637=FACE_OUTER_BOUND('',#3113,.T.);
#2638=FACE_OUTER_BOUND('',#3114,.T.);
#2639=FACE_OUTER_BOUND('',#3115,.T.);
#2640=FACE_OUTER_BOUND('',#3116,.T.);
#2641=FACE_OUTER_BOUND('',#3117,.T.);
#2642=FACE_OUTER_BOUND('',#3118,.T.);
#2643=FACE_OUTER_BOUND('',#3119,.T.);
#2644=FACE_OUTER_BOUND('',#3120,.T.);
#2645=FACE_OUTER_BOUND('',#3121,.T.);
#2646=FACE_OUTER_BOUND('',#3122,.T.);
#2647=FACE_OUTER_BOUND('',#3123,.T.);
#2648=FACE_OUTER_BOUND('',#3124,.T.);
#2649=FACE_OUTER_BOUND('',#3125,.T.);
#2650=FACE_OUTER_BOUND('',#3126,.T.);
#2651=FACE_OUTER_BOUND('',#3127,.T.);
#2652=FACE_OUTER_BOUND('',#3128,.T.);
#2653=FACE_OUTER_BOUND('',#3129,.T.);
#2654=FACE_OUTER_BOUND('',#3130,.T.);
#2655=FACE_OUTER_BOUND('',#3131,.T.);
#2656=FACE_OUTER_BOUND('',#3132,.T.);
#2657=FACE_OUTER_BOUND('',#3133,.T.);
#2658=FACE_OUTER_BOUND('',#3134,.T.);
#2659=FACE_OUTER_BOUND('',#3135,.T.);
#2660=FACE_OUTER_BOUND('',#3136,.T.);
#2661=FACE_OUTER_BOUND('',#3137,.T.);
#2662=FACE_OUTER_BOUND('',#3138,.T.);
#2663=FACE_OUTER_BOUND('',#3139,.T.);
#2664=FACE_OUTER_BOUND('',#3140,.T.);
#2665=FACE_OUTER_BOUND('',#3141,.T.);
#2666=FACE_OUTER_BOUND('',#3142,.T.);
#2667=FACE_OUTER_BOUND('',#3143,.T.);
#2668=FACE_OUTER_BOUND('',#3144,.T.);
#2669=FACE_OUTER_BOUND('',#3145,.T.);
#2670=FACE_OUTER_BOUND('',#3146,.T.);
#2671=FACE_OUTER_BOUND('',#3147,.T.);
#2672=FACE_OUTER_BOUND('',#3148,.T.);
#2673=FACE_OUTER_BOUND('',#3149,.T.);
#2674=FACE_OUTER_BOUND('',#3150,.T.);
#2675=FACE_OUTER_BOUND('',#3151,.T.);
#2676=FACE_OUTER_BOUND('',#3152,.T.);
#2677=FACE_OUTER_BOUND('',#3153,.T.);
#2678=FACE_OUTER_BOUND('',#3154,.T.);
#2679=FACE_OUTER_BOUND('',#3155,.T.);
#2680=FACE_OUTER_BOUND('',#3156,.T.);
#2681=FACE_OUTER_BOUND('',#3157,.T.);
#2682=FACE_OUTER_BOUND('',#3158,.T.);
#2683=FACE_OUTER_BOUND('',#3159,.T.);
#2684=FACE_OUTER_BOUND('',#3160,.T.);
#2685=FACE_OUTER_BOUND('',#3161,.T.);
#2686=FACE_OUTER_BOUND('',#3162,.T.);
#2687=FACE_OUTER_BOUND('',#3163,.T.);
#2688=FACE_OUTER_BOUND('',#3164,.T.);
#2689=FACE_OUTER_BOUND('',#3165,.T.);
#2690=FACE_OUTER_BOUND('',#3166,.T.);
#2691=FACE_OUTER_BOUND('',#3167,.T.);
#2692=FACE_OUTER_BOUND('',#3168,.T.);
#2693=FACE_OUTER_BOUND('',#3169,.T.);
#2694=FACE_OUTER_BOUND('',#3170,.T.);
#2695=FACE_OUTER_BOUND('',#3171,.T.);
#2696=FACE_OUTER_BOUND('',#3172,.T.);
#2697=FACE_OUTER_BOUND('',#3173,.T.);
#2698=FACE_OUTER_BOUND('',#3174,.T.);
#2699=FACE_OUTER_BOUND('',#3175,.T.);
#2700=FACE_OUTER_BOUND('',#3176,.T.);
#2701=FACE_OUTER_BOUND('',#3177,.T.);
#2702=FACE_OUTER_BOUND('',#3178,.T.);
#2703=FACE_OUTER_BOUND('',#3179,.T.);
#2704=FACE_OUTER_BOUND('',#3180,.T.);
#2705=FACE_OUTER_BOUND('',#3181,.T.);
#2706=FACE_OUTER_BOUND('',#3182,.T.);
#2707=FACE_OUTER_BOUND('',#3183,.T.);
#2708=FACE_OUTER_BOUND('',#3184,.T.);
#2709=FACE_OUTER_BOUND('',#3185,.T.);
#2710=FACE_OUTER_BOUND('',#3186,.T.);
#2711=FACE_OUTER_BOUND('',#3187,.T.);
#2712=FACE_OUTER_BOUND('',#3188,.T.);
#2713=FACE_OUTER_BOUND('',#3189,.T.);
#2714=FACE_OUTER_BOUND('',#3190,.T.);
#2715=FACE_OUTER_BOUND('',#3191,.T.);
#2716=FACE_OUTER_BOUND('',#3192,.T.);
#2717=FACE_OUTER_BOUND('',#3193,.T.);
#2718=FACE_OUTER_BOUND('',#3194,.T.);
#2719=FACE_OUTER_BOUND('',#3223,.T.);
#2720=FACE_OUTER_BOUND('',#3244,.T.);
#2721=FACE_OUTER_BOUND('',#3246,.T.);
#2722=FACE_OUTER_BOUND('',#3275,.T.);
#2723=FACE_OUTER_BOUND('',#3300,.T.);
#2724=FACE_OUTER_BOUND('',#3301,.T.);
#2725=FACE_OUTER_BOUND('',#3302,.T.);
#2726=FACE_OUTER_BOUND('',#3303,.T.);
#2727=FACE_OUTER_BOUND('',#3304,.T.);
#2728=FACE_OUTER_BOUND('',#3305,.T.);
#2729=FACE_OUTER_BOUND('',#3306,.T.);
#2730=FACE_OUTER_BOUND('',#3335,.T.);
#2731=FACE_OUTER_BOUND('',#3336,.T.);
#2732=FACE_OUTER_BOUND('',#3357,.T.);
#2733=FACE_OUTER_BOUND('',#3358,.T.);
#2734=FACE_OUTER_BOUND('',#3387,.T.);
#2735=FACE_OUTER_BOUND('',#3388,.T.);
#2736=FACE_OUTER_BOUND('',#3413,.T.);
#2737=FACE_OUTER_BOUND('',#3414,.T.);
#2738=EDGE_LOOP('',(#6126));
#2739=EDGE_LOOP('',(#6127,#6128,#6129,#6130));
#2740=EDGE_LOOP('',(#6131));
#2741=EDGE_LOOP('',(#6132));
#2742=EDGE_LOOP('',(#6133,#6134,#6135,#6136));
#2743=EDGE_LOOP('',(#6137,#6138,#6139,#6140,#6141));
#2744=EDGE_LOOP('',(#6142,#6143,#6144,#6145,#6146));
#2745=EDGE_LOOP('',(#6147,#6148,#6149,#6150));
#2746=EDGE_LOOP('',(#6151,#6152,#6153,#6154,#6155,#6156,#6157,#6158));
#2747=EDGE_LOOP('',(#6159));
#2748=EDGE_LOOP('',(#6160,#6161,#6162,#6163));
#2749=EDGE_LOOP('',(#6164,#6165,#6166,#6167,#6168,#6169));
#2750=EDGE_LOOP('',(#6170,#6171,#6172,#6173,#6174,#6175));
#2751=EDGE_LOOP('',(#6176,#6177,#6178,#6179));
#2752=EDGE_LOOP('',(#6180,#6181,#6182,#6183));
#2753=EDGE_LOOP('',(#6184,#6185,#6186,#6187));
#2754=EDGE_LOOP('',(#6188,#6189,#6190,#6191));
#2755=EDGE_LOOP('',(#6192));
#2756=EDGE_LOOP('',(#6193,#6194,#6195,#6196));
#2757=EDGE_LOOP('',(#6197,#6198,#6199,#6200,#6201,#6202,#6203));
#2758=EDGE_LOOP('',(#6204,#6205,#6206,#6207));
#2759=EDGE_LOOP('',(#6208,#6209,#6210,#6211));
#2760=EDGE_LOOP('',(#6212,#6213,#6214,#6215,#6216));
#2761=EDGE_LOOP('',(#6217,#6218,#6219,#6220,#6221));
#2762=EDGE_LOOP('',(#6222,#6223,#6224,#6225));
#2763=EDGE_LOOP('',(#6226,#6227,#6228,#6229));
#2764=EDGE_LOOP('',(#6230,#6231,#6232,#6233));
#2765=EDGE_LOOP('',(#6234,#6235,#6236,#6237,#6238,#6239));
#2766=EDGE_LOOP('',(#6240,#6241,#6242,#6243));
#2767=EDGE_LOOP('',(#6244,#6245,#6246,#6247,#6248));
#2768=EDGE_LOOP('',(#6249,#6250,#6251,#6252,#6253));
#2769=EDGE_LOOP('',(#6254,#6255,#6256,#6257));
#2770=EDGE_LOOP('',(#6258,#6259,#6260,#6261));
#2771=EDGE_LOOP('',(#6262,#6263,#6264,#6265,#6266,#6267));
#2772=EDGE_LOOP('',(#6268,#6269,#6270,#6271));
#2773=EDGE_LOOP('',(#6272,#6273));
#2774=EDGE_LOOP('',(#6274,#6275,#6276,#6277));
#2775=EDGE_LOOP('',(#6278,#6279));
#2776=EDGE_LOOP('',(#6280,#6281,#6282,#6283));
#2777=EDGE_LOOP('',(#6284,#6285,#6286,#6287));
#2778=EDGE_LOOP('',(#6288,#6289,#6290,#6291,#6292));
#2779=EDGE_LOOP('',(#6293,#6294,#6295));
#2780=EDGE_LOOP('',(#6296,#6297,#6298,#6299,#6300));
#2781=EDGE_LOOP('',(#6301,#6302,#6303,#6304));
#2782=EDGE_LOOP('',(#6305,#6306,#6307,#6308));
#2783=EDGE_LOOP('',(#6309,#6310));
#2784=EDGE_LOOP('',(#6311,#6312));
#2785=EDGE_LOOP('',(#6313,#6314));
#2786=EDGE_LOOP('',(#6315,#6316));
#2787=EDGE_LOOP('',(#6317,#6318));
#2788=EDGE_LOOP('',(#6319,#6320));
#2789=EDGE_LOOP('',(#6321,#6322,#6323,#6324));
#2790=EDGE_LOOP('',(#6325,#6326,#6327,#6328));
#2791=EDGE_LOOP('',(#6329,#6330,#6331,#6332));
#2792=EDGE_LOOP('',(#6333,#6334,#6335,#6336));
#2793=EDGE_LOOP('',(#6337,#6338,#6339,#6340));
#2794=EDGE_LOOP('',(#6341,#6342,#6343,#6344));
#2795=EDGE_LOOP('',(#6345,#6346,#6347,#6348));
#2796=EDGE_LOOP('',(#6349,#6350,#6351,#6352));
#2797=EDGE_LOOP('',(#6353,#6354,#6355,#6356));
#2798=EDGE_LOOP('',(#6357,#6358,#6359,#6360));
#2799=EDGE_LOOP('',(#6361,#6362,#6363,#6364));
#2800=EDGE_LOOP('',(#6365,#6366,#6367,#6368));
#2801=EDGE_LOOP('',(#6369,#6370,#6371,#6372));
#2802=EDGE_LOOP('',(#6373,#6374,#6375,#6376));
#2803=EDGE_LOOP('',(#6377,#6378,#6379,#6380));
#2804=EDGE_LOOP('',(#6381,#6382,#6383,#6384));
#2805=EDGE_LOOP('',(#6385,#6386,#6387,#6388));
#2806=EDGE_LOOP('',(#6389,#6390,#6391,#6392));
#2807=EDGE_LOOP('',(#6393,#6394,#6395,#6396));
#2808=EDGE_LOOP('',(#6397,#6398,#6399,#6400));
#2809=EDGE_LOOP('',(#6401,#6402,#6403,#6404));
#2810=EDGE_LOOP('',(#6405,#6406,#6407,#6408));
#2811=EDGE_LOOP('',(#6409,#6410,#6411,#6412));
#2812=EDGE_LOOP('',(#6413,#6414,#6415,#6416));
#2813=EDGE_LOOP('',(#6417,#6418,#6419,#6420));
#2814=EDGE_LOOP('',(#6421,#6422,#6423,#6424));
#2815=EDGE_LOOP('',(#6425,#6426,#6427,#6428));
#2816=EDGE_LOOP('',(#6429,#6430,#6431,#6432));
#2817=EDGE_LOOP('',(#6433,#6434,#6435,#6436));
#2818=EDGE_LOOP('',(#6437,#6438,#6439,#6440));
#2819=EDGE_LOOP('',(#6441,#6442,#6443,#6444));
#2820=EDGE_LOOP('',(#6445,#6446,#6447,#6448));
#2821=EDGE_LOOP('',(#6449,#6450,#6451,#6452));
#2822=EDGE_LOOP('',(#6453,#6454,#6455,#6456));
#2823=EDGE_LOOP('',(#6457,#6458,#6459,#6460));
#2824=EDGE_LOOP('',(#6461,#6462,#6463,#6464));
#2825=EDGE_LOOP('',(#6465,#6466,#6467,#6468));
#2826=EDGE_LOOP('',(#6469,#6470,#6471,#6472));
#2827=EDGE_LOOP('',(#6473,#6474,#6475,#6476));
#2828=EDGE_LOOP('',(#6477,#6478,#6479,#6480));
#2829=EDGE_LOOP('',(#6481,#6482,#6483,#6484));
#2830=EDGE_LOOP('',(#6485,#6486,#6487,#6488));
#2831=EDGE_LOOP('',(#6489,#6490,#6491,#6492));
#2832=EDGE_LOOP('',(#6493,#6494,#6495,#6496));
#2833=EDGE_LOOP('',(#6497,#6498,#6499,#6500));
#2834=EDGE_LOOP('',(#6501,#6502,#6503,#6504));
#2835=EDGE_LOOP('',(#6505,#6506,#6507,#6508));
#2836=EDGE_LOOP('',(#6509,#6510,#6511,#6512));
#2837=EDGE_LOOP('',(#6513,#6514,#6515,#6516));
#2838=EDGE_LOOP('',(#6517,#6518,#6519,#6520));
#2839=EDGE_LOOP('',(#6521,#6522,#6523,#6524));
#2840=EDGE_LOOP('',(#6525,#6526,#6527,#6528));
#2841=EDGE_LOOP('',(#6529,#6530,#6531,#6532));
#2842=EDGE_LOOP('',(#6533,#6534,#6535,#6536));
#2843=EDGE_LOOP('',(#6537,#6538,#6539,#6540));
#2844=EDGE_LOOP('',(#6541,#6542,#6543,#6544));
#2845=EDGE_LOOP('',(#6545,#6546,#6547,#6548));
#2846=EDGE_LOOP('',(#6549,#6550,#6551,#6552));
#2847=EDGE_LOOP('',(#6553,#6554,#6555,#6556));
#2848=EDGE_LOOP('',(#6557,#6558,#6559,#6560));
#2849=EDGE_LOOP('',(#6561,#6562,#6563,#6564));
#2850=EDGE_LOOP('',(#6565,#6566,#6567,#6568));
#2851=EDGE_LOOP('',(#6569,#6570,#6571,#6572));
#2852=EDGE_LOOP('',(#6573,#6574,#6575,#6576));
#2853=EDGE_LOOP('',(#6577,#6578,#6579,#6580));
#2854=EDGE_LOOP('',(#6581,#6582,#6583,#6584));
#2855=EDGE_LOOP('',(#6585,#6586,#6587,#6588));
#2856=EDGE_LOOP('',(#6589,#6590,#6591,#6592));
#2857=EDGE_LOOP('',(#6593,#6594,#6595,#6596));
#2858=EDGE_LOOP('',(#6597,#6598,#6599,#6600));
#2859=EDGE_LOOP('',(#6601,#6602,#6603,#6604));
#2860=EDGE_LOOP('',(#6605,#6606,#6607,#6608));
#2861=EDGE_LOOP('',(#6609,#6610,#6611,#6612));
#2862=EDGE_LOOP('',(#6613,#6614,#6615,#6616));
#2863=EDGE_LOOP('',(#6617,#6618,#6619,#6620));
#2864=EDGE_LOOP('',(#6621,#6622,#6623,#6624));
#2865=EDGE_LOOP('',(#6625,#6626,#6627,#6628));
#2866=EDGE_LOOP('',(#6629,#6630,#6631,#6632));
#2867=EDGE_LOOP('',(#6633,#6634,#6635,#6636));
#2868=EDGE_LOOP('',(#6637,#6638,#6639,#6640));
#2869=EDGE_LOOP('',(#6641,#6642,#6643,#6644));
#2870=EDGE_LOOP('',(#6645,#6646,#6647,#6648));
#2871=EDGE_LOOP('',(#6649,#6650,#6651,#6652));
#2872=EDGE_LOOP('',(#6653,#6654,#6655,#6656));
#2873=EDGE_LOOP('',(#6657,#6658,#6659,#6660));
#2874=EDGE_LOOP('',(#6661,#6662,#6663,#6664));
#2875=EDGE_LOOP('',(#6665,#6666,#6667,#6668));
#2876=EDGE_LOOP('',(#6669,#6670,#6671,#6672));
#2877=EDGE_LOOP('',(#6673,#6674,#6675,#6676));
#2878=EDGE_LOOP('',(#6677,#6678,#6679,#6680));
#2879=EDGE_LOOP('',(#6681,#6682,#6683,#6684));
#2880=EDGE_LOOP('',(#6685,#6686,#6687,#6688));
#2881=EDGE_LOOP('',(#6689,#6690,#6691,#6692));
#2882=EDGE_LOOP('',(#6693,#6694,#6695,#6696));
#2883=EDGE_LOOP('',(#6697,#6698,#6699,#6700));
#2884=EDGE_LOOP('',(#6701,#6702,#6703,#6704));
#2885=EDGE_LOOP('',(#6705,#6706,#6707,#6708));
#2886=EDGE_LOOP('',(#6709,#6710,#6711,#6712));
#2887=EDGE_LOOP('',(#6713,#6714,#6715,#6716));
#2888=EDGE_LOOP('',(#6717,#6718,#6719,#6720));
#2889=EDGE_LOOP('',(#6721,#6722,#6723,#6724));
#2890=EDGE_LOOP('',(#6725,#6726,#6727,#6728));
#2891=EDGE_LOOP('',(#6729,#6730,#6731,#6732));
#2892=EDGE_LOOP('',(#6733,#6734,#6735,#6736));
#2893=EDGE_LOOP('',(#6737,#6738,#6739,#6740));
#2894=EDGE_LOOP('',(#6741,#6742,#6743,#6744));
#2895=EDGE_LOOP('',(#6745,#6746,#6747,#6748));
#2896=EDGE_LOOP('',(#6749,#6750,#6751,#6752));
#2897=EDGE_LOOP('',(#6753,#6754,#6755,#6756));
#2898=EDGE_LOOP('',(#6757,#6758,#6759,#6760));
#2899=EDGE_LOOP('',(#6761,#6762,#6763,#6764));
#2900=EDGE_LOOP('',(#6765,#6766,#6767,#6768));
#2901=EDGE_LOOP('',(#6769,#6770,#6771,#6772));
#2902=EDGE_LOOP('',(#6773,#6774,#6775,#6776));
#2903=EDGE_LOOP('',(#6777,#6778,#6779,#6780));
#2904=EDGE_LOOP('',(#6781,#6782,#6783,#6784));
#2905=EDGE_LOOP('',(#6785,#6786,#6787,#6788));
#2906=EDGE_LOOP('',(#6789,#6790,#6791,#6792));
#2907=EDGE_LOOP('',(#6793,#6794,#6795,#6796));
#2908=EDGE_LOOP('',(#6797,#6798,#6799,#6800));
#2909=EDGE_LOOP('',(#6801,#6802,#6803,#6804));
#2910=EDGE_LOOP('',(#6805,#6806,#6807,#6808));
#2911=EDGE_LOOP('',(#6809,#6810,#6811,#6812));
#2912=EDGE_LOOP('',(#6813,#6814,#6815,#6816));
#2913=EDGE_LOOP('',(#6817,#6818,#6819,#6820));
#2914=EDGE_LOOP('',(#6821,#6822,#6823,#6824));
#2915=EDGE_LOOP('',(#6825,#6826,#6827,#6828));
#2916=EDGE_LOOP('',(#6829,#6830,#6831,#6832));
#2917=EDGE_LOOP('',(#6833,#6834,#6835,#6836));
#2918=EDGE_LOOP('',(#6837,#6838,#6839,#6840));
#2919=EDGE_LOOP('',(#6841,#6842,#6843,#6844));
#2920=EDGE_LOOP('',(#6845,#6846,#6847,#6848));
#2921=EDGE_LOOP('',(#6849,#6850,#6851,#6852));
#2922=EDGE_LOOP('',(#6853,#6854,#6855,#6856));
#2923=EDGE_LOOP('',(#6857,#6858,#6859,#6860));
#2924=EDGE_LOOP('',(#6861,#6862,#6863,#6864));
#2925=EDGE_LOOP('',(#6865,#6866,#6867,#6868));
#2926=EDGE_LOOP('',(#6869,#6870,#6871,#6872));
#2927=EDGE_LOOP('',(#6873,#6874,#6875,#6876));
#2928=EDGE_LOOP('',(#6877,#6878,#6879,#6880));
#2929=EDGE_LOOP('',(#6881,#6882,#6883,#6884));
#2930=EDGE_LOOP('',(#6885,#6886,#6887,#6888));
#2931=EDGE_LOOP('',(#6889,#6890,#6891,#6892));
#2932=EDGE_LOOP('',(#6893,#6894,#6895,#6896));
#2933=EDGE_LOOP('',(#6897,#6898,#6899,#6900));
#2934=EDGE_LOOP('',(#6901,#6902,#6903,#6904));
#2935=EDGE_LOOP('',(#6905,#6906,#6907,#6908));
#2936=EDGE_LOOP('',(#6909,#6910,#6911,#6912));
#2937=EDGE_LOOP('',(#6913,#6914,#6915,#6916));
#2938=EDGE_LOOP('',(#6917,#6918,#6919,#6920));
#2939=EDGE_LOOP('',(#6921,#6922,#6923,#6924));
#2940=EDGE_LOOP('',(#6925,#6926,#6927,#6928));
#2941=EDGE_LOOP('',(#6929,#6930,#6931,#6932));
#2942=EDGE_LOOP('',(#6933,#6934,#6935,#6936));
#2943=EDGE_LOOP('',(#6937,#6938,#6939,#6940));
#2944=EDGE_LOOP('',(#6941,#6942,#6943,#6944));
#2945=EDGE_LOOP('',(#6945,#6946,#6947,#6948));
#2946=EDGE_LOOP('',(#6949,#6950,#6951,#6952));
#2947=EDGE_LOOP('',(#6953,#6954,#6955,#6956));
#2948=EDGE_LOOP('',(#6957,#6958,#6959,#6960));
#2949=EDGE_LOOP('',(#6961,#6962,#6963,#6964));
#2950=EDGE_LOOP('',(#6965,#6966,#6967,#6968));
#2951=EDGE_LOOP('',(#6969,#6970,#6971,#6972));
#2952=EDGE_LOOP('',(#6973,#6974,#6975,#6976));
#2953=EDGE_LOOP('',(#6977,#6978,#6979,#6980));
#2954=EDGE_LOOP('',(#6981,#6982,#6983,#6984));
#2955=EDGE_LOOP('',(#6985,#6986,#6987,#6988));
#2956=EDGE_LOOP('',(#6989,#6990,#6991,#6992));
#2957=EDGE_LOOP('',(#6993,#6994,#6995,#6996));
#2958=EDGE_LOOP('',(#6997,#6998,#6999,#7000));
#2959=EDGE_LOOP('',(#7001,#7002,#7003,#7004));
#2960=EDGE_LOOP('',(#7005,#7006,#7007,#7008));
#2961=EDGE_LOOP('',(#7009,#7010,#7011,#7012));
#2962=EDGE_LOOP('',(#7013,#7014,#7015,#7016));
#2963=EDGE_LOOP('',(#7017,#7018,#7019,#7020));
#2964=EDGE_LOOP('',(#7021,#7022,#7023,#7024));
#2965=EDGE_LOOP('',(#7025,#7026,#7027,#7028));
#2966=EDGE_LOOP('',(#7029,#7030,#7031,#7032));
#2967=EDGE_LOOP('',(#7033,#7034,#7035,#7036));
#2968=EDGE_LOOP('',(#7037,#7038,#7039,#7040));
#2969=EDGE_LOOP('',(#7041,#7042,#7043,#7044));
#2970=EDGE_LOOP('',(#7045,#7046,#7047,#7048));
#2971=EDGE_LOOP('',(#7049,#7050,#7051,#7052));
#2972=EDGE_LOOP('',(#7053,#7054,#7055,#7056));
#2973=EDGE_LOOP('',(#7057,#7058,#7059,#7060));
#2974=EDGE_LOOP('',(#7061,#7062,#7063,#7064));
#2975=EDGE_LOOP('',(#7065,#7066,#7067,#7068));
#2976=EDGE_LOOP('',(#7069,#7070,#7071,#7072));
#2977=EDGE_LOOP('',(#7073,#7074,#7075,#7076));
#2978=EDGE_LOOP('',(#7077,#7078,#7079,#7080));
#2979=EDGE_LOOP('',(#7081,#7082,#7083,#7084));
#2980=EDGE_LOOP('',(#7085,#7086,#7087,#7088));
#2981=EDGE_LOOP('',(#7089,#7090,#7091,#7092));
#2982=EDGE_LOOP('',(#7093,#7094,#7095,#7096));
#2983=EDGE_LOOP('',(#7097,#7098,#7099,#7100));
#2984=EDGE_LOOP('',(#7101,#7102,#7103,#7104));
#2985=EDGE_LOOP('',(#7105,#7106,#7107,#7108));
#2986=EDGE_LOOP('',(#7109,#7110,#7111,#7112));
#2987=EDGE_LOOP('',(#7113,#7114,#7115,#7116));
#2988=EDGE_LOOP('',(#7117,#7118,#7119,#7120));
#2989=EDGE_LOOP('',(#7121,#7122,#7123,#7124));
#2990=EDGE_LOOP('',(#7125,#7126,#7127,#7128));
#2991=EDGE_LOOP('',(#7129,#7130,#7131,#7132));
#2992=EDGE_LOOP('',(#7133,#7134,#7135,#7136));
#2993=EDGE_LOOP('',(#7137,#7138,#7139,#7140));
#2994=EDGE_LOOP('',(#7141,#7142,#7143,#7144));
#2995=EDGE_LOOP('',(#7145,#7146,#7147,#7148));
#2996=EDGE_LOOP('',(#7149,#7150,#7151,#7152));
#2997=EDGE_LOOP('',(#7153,#7154,#7155,#7156));
#2998=EDGE_LOOP('',(#7157,#7158,#7159,#7160));
#2999=EDGE_LOOP('',(#7161,#7162,#7163,#7164));
#3000=EDGE_LOOP('',(#7165,#7166,#7167,#7168));
#3001=EDGE_LOOP('',(#7169,#7170,#7171,#7172));
#3002=EDGE_LOOP('',(#7173,#7174,#7175,#7176));
#3003=EDGE_LOOP('',(#7177,#7178,#7179,#7180));
#3004=EDGE_LOOP('',(#7181,#7182,#7183,#7184));
#3005=EDGE_LOOP('',(#7185,#7186,#7187,#7188));
#3006=EDGE_LOOP('',(#7189,#7190,#7191,#7192));
#3007=EDGE_LOOP('',(#7193,#7194,#7195,#7196));
#3008=EDGE_LOOP('',(#7197,#7198,#7199,#7200));
#3009=EDGE_LOOP('',(#7201,#7202,#7203,#7204));
#3010=EDGE_LOOP('',(#7205,#7206,#7207,#7208));
#3011=EDGE_LOOP('',(#7209,#7210,#7211,#7212));
#3012=EDGE_LOOP('',(#7213,#7214,#7215,#7216));
#3013=EDGE_LOOP('',(#7217,#7218,#7219,#7220));
#3014=EDGE_LOOP('',(#7221,#7222,#7223,#7224));
#3015=EDGE_LOOP('',(#7225,#7226,#7227,#7228));
#3016=EDGE_LOOP('',(#7229,#7230,#7231,#7232));
#3017=EDGE_LOOP('',(#7233,#7234,#7235,#7236));
#3018=EDGE_LOOP('',(#7237,#7238,#7239,#7240));
#3019=EDGE_LOOP('',(#7241,#7242,#7243,#7244));
#3020=EDGE_LOOP('',(#7245,#7246,#7247,#7248));
#3021=EDGE_LOOP('',(#7249,#7250,#7251,#7252));
#3022=EDGE_LOOP('',(#7253,#7254,#7255,#7256));
#3023=EDGE_LOOP('',(#7257,#7258,#7259,#7260));
#3024=EDGE_LOOP('',(#7261,#7262,#7263,#7264));
#3025=EDGE_LOOP('',(#7265,#7266,#7267,#7268));
#3026=EDGE_LOOP('',(#7269,#7270,#7271,#7272));
#3027=EDGE_LOOP('',(#7273,#7274,#7275,#7276));
#3028=EDGE_LOOP('',(#7277,#7278,#7279,#7280));
#3029=EDGE_LOOP('',(#7281,#7282,#7283,#7284));
#3030=EDGE_LOOP('',(#7285,#7286,#7287,#7288));
#3031=EDGE_LOOP('',(#7289,#7290,#7291,#7292));
#3032=EDGE_LOOP('',(#7293,#7294,#7295,#7296));
#3033=EDGE_LOOP('',(#7297,#7298,#7299,#7300));
#3034=EDGE_LOOP('',(#7301,#7302,#7303,#7304));
#3035=EDGE_LOOP('',(#7305,#7306,#7307,#7308));
#3036=EDGE_LOOP('',(#7309,#7310,#7311,#7312));
#3037=EDGE_LOOP('',(#7313,#7314,#7315,#7316));
#3038=EDGE_LOOP('',(#7317,#7318,#7319,#7320));
#3039=EDGE_LOOP('',(#7321,#7322,#7323,#7324));
#3040=EDGE_LOOP('',(#7325,#7326,#7327,#7328));
#3041=EDGE_LOOP('',(#7329,#7330,#7331,#7332));
#3042=EDGE_LOOP('',(#7333,#7334,#7335,#7336));
#3043=EDGE_LOOP('',(#7337,#7338,#7339,#7340));
#3044=EDGE_LOOP('',(#7341,#7342,#7343,#7344));
#3045=EDGE_LOOP('',(#7345,#7346,#7347,#7348));
#3046=EDGE_LOOP('',(#7349,#7350,#7351,#7352));
#3047=EDGE_LOOP('',(#7353,#7354,#7355,#7356));
#3048=EDGE_LOOP('',(#7357,#7358,#7359,#7360));
#3049=EDGE_LOOP('',(#7361,#7362,#7363,#7364));
#3050=EDGE_LOOP('',(#7365,#7366,#7367,#7368));
#3051=EDGE_LOOP('',(#7369,#7370,#7371,#7372));
#3052=EDGE_LOOP('',(#7373,#7374,#7375,#7376));
#3053=EDGE_LOOP('',(#7377,#7378,#7379,#7380));
#3054=EDGE_LOOP('',(#7381,#7382,#7383,#7384));
#3055=EDGE_LOOP('',(#7385,#7386,#7387,#7388));
#3056=EDGE_LOOP('',(#7389,#7390,#7391,#7392));
#3057=EDGE_LOOP('',(#7393,#7394,#7395,#7396));
#3058=EDGE_LOOP('',(#7397,#7398,#7399,#7400));
#3059=EDGE_LOOP('',(#7401,#7402,#7403,#7404));
#3060=EDGE_LOOP('',(#7405,#7406,#7407,#7408));
#3061=EDGE_LOOP('',(#7409,#7410,#7411,#7412));
#3062=EDGE_LOOP('',(#7413,#7414,#7415,#7416));
#3063=EDGE_LOOP('',(#7417,#7418,#7419,#7420));
#3064=EDGE_LOOP('',(#7421,#7422,#7423,#7424));
#3065=EDGE_LOOP('',(#7425,#7426,#7427,#7428));
#3066=EDGE_LOOP('',(#7429,#7430,#7431,#7432));
#3067=EDGE_LOOP('',(#7433,#7434,#7435,#7436));
#3068=EDGE_LOOP('',(#7437,#7438,#7439,#7440));
#3069=EDGE_LOOP('',(#7441,#7442,#7443,#7444));
#3070=EDGE_LOOP('',(#7445,#7446,#7447,#7448));
#3071=EDGE_LOOP('',(#7449,#7450,#7451,#7452));
#3072=EDGE_LOOP('',(#7453,#7454,#7455,#7456));
#3073=EDGE_LOOP('',(#7457,#7458,#7459,#7460));
#3074=EDGE_LOOP('',(#7461,#7462,#7463,#7464));
#3075=EDGE_LOOP('',(#7465,#7466,#7467,#7468));
#3076=EDGE_LOOP('',(#7469,#7470,#7471,#7472));
#3077=EDGE_LOOP('',(#7473,#7474,#7475,#7476));
#3078=EDGE_LOOP('',(#7477,#7478,#7479,#7480));
#3079=EDGE_LOOP('',(#7481,#7482,#7483,#7484));
#3080=EDGE_LOOP('',(#7485,#7486,#7487,#7488));
#3081=EDGE_LOOP('',(#7489,#7490,#7491,#7492));
#3082=EDGE_LOOP('',(#7493,#7494,#7495,#7496));
#3083=EDGE_LOOP('',(#7497,#7498,#7499,#7500));
#3084=EDGE_LOOP('',(#7501,#7502,#7503,#7504));
#3085=EDGE_LOOP('',(#7505,#7506,#7507,#7508));
#3086=EDGE_LOOP('',(#7509,#7510,#7511,#7512));
#3087=EDGE_LOOP('',(#7513,#7514,#7515,#7516));
#3088=EDGE_LOOP('',(#7517,#7518,#7519,#7520));
#3089=EDGE_LOOP('',(#7521,#7522,#7523,#7524));
#3090=EDGE_LOOP('',(#7525,#7526,#7527,#7528));
#3091=EDGE_LOOP('',(#7529,#7530,#7531,#7532));
#3092=EDGE_LOOP('',(#7533,#7534,#7535,#7536));
#3093=EDGE_LOOP('',(#7537,#7538,#7539,#7540));
#3094=EDGE_LOOP('',(#7541,#7542,#7543,#7544));
#3095=EDGE_LOOP('',(#7545,#7546,#7547,#7548));
#3096=EDGE_LOOP('',(#7549,#7550,#7551,#7552));
#3097=EDGE_LOOP('',(#7553,#7554,#7555,#7556));
#3098=EDGE_LOOP('',(#7557,#7558,#7559,#7560));
#3099=EDGE_LOOP('',(#7561,#7562,#7563,#7564));
#3100=EDGE_LOOP('',(#7565,#7566,#7567,#7568));
#3101=EDGE_LOOP('',(#7569,#7570,#7571,#7572));
#3102=EDGE_LOOP('',(#7573,#7574,#7575,#7576));
#3103=EDGE_LOOP('',(#7577,#7578,#7579,#7580));
#3104=EDGE_LOOP('',(#7581,#7582,#7583,#7584));
#3105=EDGE_LOOP('',(#7585,#7586,#7587,#7588));
#3106=EDGE_LOOP('',(#7589,#7590,#7591,#7592));
#3107=EDGE_LOOP('',(#7593,#7594,#7595,#7596));
#3108=EDGE_LOOP('',(#7597,#7598,#7599,#7600));
#3109=EDGE_LOOP('',(#7601,#7602,#7603,#7604));
#3110=EDGE_LOOP('',(#7605,#7606,#7607,#7608));
#3111=EDGE_LOOP('',(#7609,#7610,#7611,#7612));
#3112=EDGE_LOOP('',(#7613,#7614,#7615,#7616));
#3113=EDGE_LOOP('',(#7617,#7618,#7619,#7620));
#3114=EDGE_LOOP('',(#7621,#7622,#7623,#7624));
#3115=EDGE_LOOP('',(#7625,#7626,#7627,#7628));
#3116=EDGE_LOOP('',(#7629,#7630,#7631,#7632));
#3117=EDGE_LOOP('',(#7633,#7634,#7635,#7636));
#3118=EDGE_LOOP('',(#7637,#7638,#7639,#7640));
#3119=EDGE_LOOP('',(#7641,#7642,#7643,#7644));
#3120=EDGE_LOOP('',(#7645,#7646,#7647,#7648));
#3121=EDGE_LOOP('',(#7649,#7650,#7651,#7652));
#3122=EDGE_LOOP('',(#7653,#7654,#7655,#7656));
#3123=EDGE_LOOP('',(#7657,#7658,#7659,#7660));
#3124=EDGE_LOOP('',(#7661,#7662,#7663,#7664));
#3125=EDGE_LOOP('',(#7665,#7666,#7667,#7668));
#3126=EDGE_LOOP('',(#7669,#7670,#7671,#7672));
#3127=EDGE_LOOP('',(#7673,#7674,#7675,#7676));
#3128=EDGE_LOOP('',(#7677,#7678,#7679,#7680));
#3129=EDGE_LOOP('',(#7681,#7682,#7683,#7684));
#3130=EDGE_LOOP('',(#7685,#7686,#7687,#7688));
#3131=EDGE_LOOP('',(#7689,#7690,#7691,#7692));
#3132=EDGE_LOOP('',(#7693,#7694,#7695,#7696));
#3133=EDGE_LOOP('',(#7697,#7698,#7699,#7700));
#3134=EDGE_LOOP('',(#7701,#7702,#7703,#7704));
#3135=EDGE_LOOP('',(#7705,#7706,#7707,#7708));
#3136=EDGE_LOOP('',(#7709,#7710,#7711,#7712));
#3137=EDGE_LOOP('',(#7713,#7714,#7715,#7716));
#3138=EDGE_LOOP('',(#7717,#7718,#7719,#7720));
#3139=EDGE_LOOP('',(#7721,#7722,#7723,#7724));
#3140=EDGE_LOOP('',(#7725,#7726,#7727,#7728));
#3141=EDGE_LOOP('',(#7729,#7730,#7731,#7732));
#3142=EDGE_LOOP('',(#7733,#7734,#7735,#7736));
#3143=EDGE_LOOP('',(#7737,#7738,#7739,#7740));
#3144=EDGE_LOOP('',(#7741,#7742,#7743,#7744));
#3145=EDGE_LOOP('',(#7745,#7746,#7747,#7748));
#3146=EDGE_LOOP('',(#7749,#7750,#7751,#7752));
#3147=EDGE_LOOP('',(#7753,#7754,#7755,#7756));
#3148=EDGE_LOOP('',(#7757,#7758,#7759,#7760));
#3149=EDGE_LOOP('',(#7761,#7762,#7763,#7764));
#3150=EDGE_LOOP('',(#7765,#7766,#7767,#7768));
#3151=EDGE_LOOP('',(#7769,#7770,#7771,#7772));
#3152=EDGE_LOOP('',(#7773,#7774,#7775,#7776));
#3153=EDGE_LOOP('',(#7777,#7778,#7779,#7780));
#3154=EDGE_LOOP('',(#7781,#7782,#7783,#7784));
#3155=EDGE_LOOP('',(#7785,#7786,#7787,#7788));
#3156=EDGE_LOOP('',(#7789,#7790,#7791,#7792));
#3157=EDGE_LOOP('',(#7793,#7794,#7795,#7796));
#3158=EDGE_LOOP('',(#7797,#7798,#7799,#7800));
#3159=EDGE_LOOP('',(#7801,#7802,#7803,#7804));
#3160=EDGE_LOOP('',(#7805,#7806,#7807,#7808));
#3161=EDGE_LOOP('',(#7809,#7810,#7811,#7812));
#3162=EDGE_LOOP('',(#7813,#7814,#7815,#7816));
#3163=EDGE_LOOP('',(#7817,#7818,#7819,#7820));
#3164=EDGE_LOOP('',(#7821,#7822,#7823,#7824));
#3165=EDGE_LOOP('',(#7825,#7826,#7827,#7828));
#3166=EDGE_LOOP('',(#7829,#7830,#7831,#7832));
#3167=EDGE_LOOP('',(#7833,#7834,#7835,#7836));
#3168=EDGE_LOOP('',(#7837,#7838,#7839,#7840));
#3169=EDGE_LOOP('',(#7841,#7842,#7843,#7844));
#3170=EDGE_LOOP('',(#7845,#7846,#7847,#7848));
#3171=EDGE_LOOP('',(#7849,#7850,#7851,#7852));
#3172=EDGE_LOOP('',(#7853,#7854,#7855,#7856));
#3173=EDGE_LOOP('',(#7857,#7858,#7859,#7860));
#3174=EDGE_LOOP('',(#7861,#7862,#7863,#7864));
#3175=EDGE_LOOP('',(#7865,#7866,#7867,#7868));
#3176=EDGE_LOOP('',(#7869,#7870,#7871,#7872));
#3177=EDGE_LOOP('',(#7873,#7874,#7875,#7876));
#3178=EDGE_LOOP('',(#7877,#7878,#7879,#7880));
#3179=EDGE_LOOP('',(#7881,#7882,#7883,#7884));
#3180=EDGE_LOOP('',(#7885,#7886,#7887,#7888));
#3181=EDGE_LOOP('',(#7889,#7890,#7891,#7892));
#3182=EDGE_LOOP('',(#7893,#7894,#7895,#7896));
#3183=EDGE_LOOP('',(#7897,#7898,#7899,#7900));
#3184=EDGE_LOOP('',(#7901,#7902,#7903,#7904));
#3185=EDGE_LOOP('',(#7905,#7906,#7907,#7908));
#3186=EDGE_LOOP('',(#7909,#7910,#7911,#7912));
#3187=EDGE_LOOP('',(#7913,#7914,#7915,#7916));
#3188=EDGE_LOOP('',(#7917,#7918,#7919,#7920));
#3189=EDGE_LOOP('',(#7921,#7922,#7923,#7924));
#3190=EDGE_LOOP('',(#7925,#7926,#7927,#7928));
#3191=EDGE_LOOP('',(#7929,#7930,#7931,#7932,#7933));
#3192=EDGE_LOOP('',(#7934,#7935,#7936,#7937,#7938));
#3193=EDGE_LOOP('',(#7939,#7940,#7941,#7942));
#3194=EDGE_LOOP('',(#7943,#7944,#7945,#7946,#7947,#7948));
#3195=EDGE_LOOP('',(#7949,#7950,#7951,#7952));
#3196=EDGE_LOOP('',(#7953,#7954,#7955,#7956));
#3197=EDGE_LOOP('',(#7957,#7958,#7959,#7960));
#3198=EDGE_LOOP('',(#7961,#7962,#7963,#7964));
#3199=EDGE_LOOP('',(#7965,#7966,#7967,#7968));
#3200=EDGE_LOOP('',(#7969,#7970,#7971,#7972));
#3201=EDGE_LOOP('',(#7973,#7974,#7975,#7976));
#3202=EDGE_LOOP('',(#7977,#7978,#7979,#7980));
#3203=EDGE_LOOP('',(#7981,#7982,#7983,#7984));
#3204=EDGE_LOOP('',(#7985,#7986,#7987,#7988));
#3205=EDGE_LOOP('',(#7989,#7990,#7991,#7992));
#3206=EDGE_LOOP('',(#7993,#7994,#7995,#7996));
#3207=EDGE_LOOP('',(#7997,#7998,#7999,#8000));
#3208=EDGE_LOOP('',(#8001,#8002,#8003,#8004));
#3209=EDGE_LOOP('',(#8005,#8006,#8007,#8008));
#3210=EDGE_LOOP('',(#8009,#8010,#8011,#8012));
#3211=EDGE_LOOP('',(#8013,#8014,#8015,#8016));
#3212=EDGE_LOOP('',(#8017,#8018,#8019,#8020));
#3213=EDGE_LOOP('',(#8021,#8022,#8023,#8024));
#3214=EDGE_LOOP('',(#8025,#8026,#8027,#8028));
#3215=EDGE_LOOP('',(#8029,#8030,#8031,#8032));
#3216=EDGE_LOOP('',(#8033,#8034,#8035,#8036));
#3217=EDGE_LOOP('',(#8037,#8038,#8039,#8040));
#3218=EDGE_LOOP('',(#8041,#8042,#8043,#8044));
#3219=EDGE_LOOP('',(#8045,#8046,#8047,#8048));
#3220=EDGE_LOOP('',(#8049,#8050,#8051,#8052));
#3221=EDGE_LOOP('',(#8053,#8054,#8055,#8056));
#3222=EDGE_LOOP('',(#8057,#8058,#8059,#8060));
#3223=EDGE_LOOP('',(#8061,#8062,#8063,#8064,#8065,#8066));
#3224=EDGE_LOOP('',(#8067,#8068,#8069,#8070));
#3225=EDGE_LOOP('',(#8071,#8072,#8073,#8074));
#3226=EDGE_LOOP('',(#8075,#8076,#8077,#8078));
#3227=EDGE_LOOP('',(#8079,#8080,#8081,#8082));
#3228=EDGE_LOOP('',(#8083,#8084,#8085,#8086));
#3229=EDGE_LOOP('',(#8087,#8088,#8089,#8090));
#3230=EDGE_LOOP('',(#8091,#8092,#8093,#8094));
#3231=EDGE_LOOP('',(#8095,#8096,#8097,#8098));
#3232=EDGE_LOOP('',(#8099,#8100,#8101,#8102));
#3233=EDGE_LOOP('',(#8103,#8104,#8105,#8106));
#3234=EDGE_LOOP('',(#8107,#8108,#8109,#8110));
#3235=EDGE_LOOP('',(#8111,#8112,#8113,#8114));
#3236=EDGE_LOOP('',(#8115,#8116,#8117,#8118));
#3237=EDGE_LOOP('',(#8119,#8120,#8121,#8122));
#3238=EDGE_LOOP('',(#8123,#8124,#8125,#8126));
#3239=EDGE_LOOP('',(#8127,#8128,#8129,#8130));
#3240=EDGE_LOOP('',(#8131,#8132,#8133,#8134));
#3241=EDGE_LOOP('',(#8135,#8136,#8137,#8138));
#3242=EDGE_LOOP('',(#8139,#8140,#8141,#8142));
#3243=EDGE_LOOP('',(#8143,#8144,#8145,#8146));
#3244=EDGE_LOOP('',(#8147,#8148,#8149,#8150,#8151,#8152,#8153,#8154,#8155,
#8156,#8157,#8158,#8159,#8160));
#3245=EDGE_LOOP('',(#8161));
#3246=EDGE_LOOP('',(#8162,#8163,#8164,#8165,#8166,#8167));
#3247=EDGE_LOOP('',(#8168,#8169,#8170,#8171));
#3248=EDGE_LOOP('',(#8172,#8173,#8174,#8175));
#3249=EDGE_LOOP('',(#8176,#8177,#8178,#8179));
#3250=EDGE_LOOP('',(#8180,#8181,#8182,#8183));
#3251=EDGE_LOOP('',(#8184,#8185,#8186,#8187));
#3252=EDGE_LOOP('',(#8188,#8189,#8190,#8191));
#3253=EDGE_LOOP('',(#8192,#8193,#8194,#8195));
#3254=EDGE_LOOP('',(#8196,#8197,#8198,#8199));
#3255=EDGE_LOOP('',(#8200,#8201,#8202,#8203));
#3256=EDGE_LOOP('',(#8204,#8205,#8206,#8207));
#3257=EDGE_LOOP('',(#8208,#8209,#8210,#8211));
#3258=EDGE_LOOP('',(#8212,#8213,#8214,#8215));
#3259=EDGE_LOOP('',(#8216,#8217,#8218,#8219));
#3260=EDGE_LOOP('',(#8220,#8221,#8222,#8223));
#3261=EDGE_LOOP('',(#8224,#8225,#8226,#8227));
#3262=EDGE_LOOP('',(#8228,#8229,#8230,#8231));
#3263=EDGE_LOOP('',(#8232,#8233,#8234,#8235));
#3264=EDGE_LOOP('',(#8236,#8237,#8238,#8239));
#3265=EDGE_LOOP('',(#8240,#8241,#8242,#8243));
#3266=EDGE_LOOP('',(#8244,#8245,#8246,#8247));
#3267=EDGE_LOOP('',(#8248,#8249,#8250,#8251));
#3268=EDGE_LOOP('',(#8252,#8253,#8254,#8255));
#3269=EDGE_LOOP('',(#8256,#8257,#8258,#8259));
#3270=EDGE_LOOP('',(#8260,#8261,#8262,#8263));
#3271=EDGE_LOOP('',(#8264,#8265,#8266,#8267));
#3272=EDGE_LOOP('',(#8268,#8269,#8270,#8271));
#3273=EDGE_LOOP('',(#8272,#8273,#8274,#8275));
#3274=EDGE_LOOP('',(#8276,#8277,#8278,#8279));
#3275=EDGE_LOOP('',(#8280,#8281,#8282,#8283,#8284,#8285));
#3276=EDGE_LOOP('',(#8286,#8287,#8288,#8289));
#3277=EDGE_LOOP('',(#8290,#8291,#8292,#8293));
#3278=EDGE_LOOP('',(#8294,#8295,#8296,#8297));
#3279=EDGE_LOOP('',(#8298,#8299,#8300,#8301));
#3280=EDGE_LOOP('',(#8302,#8303,#8304,#8305));
#3281=EDGE_LOOP('',(#8306,#8307,#8308,#8309));
#3282=EDGE_LOOP('',(#8310,#8311,#8312,#8313));
#3283=EDGE_LOOP('',(#8314,#8315,#8316,#8317));
#3284=EDGE_LOOP('',(#8318,#8319,#8320,#8321));
#3285=EDGE_LOOP('',(#8322,#8323,#8324,#8325));
#3286=EDGE_LOOP('',(#8326,#8327,#8328,#8329));
#3287=EDGE_LOOP('',(#8330,#8331,#8332,#8333));
#3288=EDGE_LOOP('',(#8334,#8335,#8336,#8337));
#3289=EDGE_LOOP('',(#8338,#8339,#8340,#8341));
#3290=EDGE_LOOP('',(#8342,#8343,#8344,#8345));
#3291=EDGE_LOOP('',(#8346,#8347,#8348,#8349));
#3292=EDGE_LOOP('',(#8350,#8351,#8352,#8353));
#3293=EDGE_LOOP('',(#8354,#8355,#8356,#8357));
#3294=EDGE_LOOP('',(#8358,#8359,#8360,#8361));
#3295=EDGE_LOOP('',(#8362,#8363,#8364,#8365));
#3296=EDGE_LOOP('',(#8366,#8367,#8368,#8369));
#3297=EDGE_LOOP('',(#8370,#8371,#8372,#8373));
#3298=EDGE_LOOP('',(#8374,#8375,#8376,#8377));
#3299=EDGE_LOOP('',(#8378,#8379,#8380,#8381));
#3300=EDGE_LOOP('',(#8382,#8383,#8384,#8385));
#3301=EDGE_LOOP('',(#8386,#8387,#8388,#8389));
#3302=EDGE_LOOP('',(#8390,#8391,#8392,#8393));
#3303=EDGE_LOOP('',(#8394,#8395,#8396,#8397));
#3304=EDGE_LOOP('',(#8398,#8399,#8400,#8401));
#3305=EDGE_LOOP('',(#8402,#8403,#8404,#8405));
#3306=EDGE_LOOP('',(#8406,#8407,#8408,#8409));
#3307=EDGE_LOOP('',(#8410,#8411,#8412,#8413));
#3308=EDGE_LOOP('',(#8414,#8415,#8416,#8417));
#3309=EDGE_LOOP('',(#8418,#8419,#8420,#8421));
#3310=EDGE_LOOP('',(#8422,#8423,#8424,#8425));
#3311=EDGE_LOOP('',(#8426,#8427,#8428,#8429));
#3312=EDGE_LOOP('',(#8430,#8431,#8432,#8433));
#3313=EDGE_LOOP('',(#8434,#8435,#8436,#8437));
#3314=EDGE_LOOP('',(#8438,#8439,#8440,#8441));
#3315=EDGE_LOOP('',(#8442,#8443,#8444,#8445));
#3316=EDGE_LOOP('',(#8446,#8447,#8448,#8449));
#3317=EDGE_LOOP('',(#8450,#8451,#8452,#8453));
#3318=EDGE_LOOP('',(#8454,#8455,#8456,#8457));
#3319=EDGE_LOOP('',(#8458,#8459,#8460,#8461));
#3320=EDGE_LOOP('',(#8462,#8463,#8464,#8465));
#3321=EDGE_LOOP('',(#8466,#8467,#8468,#8469));
#3322=EDGE_LOOP('',(#8470,#8471,#8472,#8473));
#3323=EDGE_LOOP('',(#8474,#8475,#8476,#8477));
#3324=EDGE_LOOP('',(#8478,#8479,#8480,#8481));
#3325=EDGE_LOOP('',(#8482,#8483,#8484,#8485));
#3326=EDGE_LOOP('',(#8486,#8487,#8488,#8489));
#3327=EDGE_LOOP('',(#8490,#8491,#8492,#8493));
#3328=EDGE_LOOP('',(#8494,#8495,#8496,#8497));
#3329=EDGE_LOOP('',(#8498,#8499,#8500,#8501));
#3330=EDGE_LOOP('',(#8502,#8503,#8504,#8505));
#3331=EDGE_LOOP('',(#8506,#8507,#8508,#8509));
#3332=EDGE_LOOP('',(#8510,#8511,#8512,#8513));
#3333=EDGE_LOOP('',(#8514,#8515,#8516,#8517));
#3334=EDGE_LOOP('',(#8518,#8519,#8520,#8521));
#3335=EDGE_LOOP('',(#8522,#8523,#8524,#8525));
#3336=EDGE_LOOP('',(#8526,#8527,#8528,#8529));
#3337=EDGE_LOOP('',(#8530,#8531,#8532,#8533));
#3338=EDGE_LOOP('',(#8534,#8535,#8536,#8537));
#3339=EDGE_LOOP('',(#8538,#8539,#8540,#8541));
#3340=EDGE_LOOP('',(#8542,#8543,#8544,#8545));
#3341=EDGE_LOOP('',(#8546,#8547,#8548,#8549));
#3342=EDGE_LOOP('',(#8550,#8551,#8552,#8553));
#3343=EDGE_LOOP('',(#8554,#8555,#8556,#8557));
#3344=EDGE_LOOP('',(#8558,#8559,#8560,#8561));
#3345=EDGE_LOOP('',(#8562,#8563,#8564,#8565));
#3346=EDGE_LOOP('',(#8566,#8567,#8568,#8569));
#3347=EDGE_LOOP('',(#8570,#8571,#8572,#8573));
#3348=EDGE_LOOP('',(#8574,#8575,#8576,#8577));
#3349=EDGE_LOOP('',(#8578,#8579,#8580,#8581));
#3350=EDGE_LOOP('',(#8582,#8583,#8584,#8585));
#3351=EDGE_LOOP('',(#8586,#8587,#8588,#8589));
#3352=EDGE_LOOP('',(#8590,#8591,#8592,#8593));
#3353=EDGE_LOOP('',(#8594,#8595,#8596,#8597));
#3354=EDGE_LOOP('',(#8598,#8599,#8600,#8601));
#3355=EDGE_LOOP('',(#8602,#8603,#8604,#8605));
#3356=EDGE_LOOP('',(#8606,#8607,#8608,#8609));
#3357=EDGE_LOOP('',(#8610,#8611,#8612,#8613));
#3358=EDGE_LOOP('',(#8614,#8615,#8616,#8617));
#3359=EDGE_LOOP('',(#8618,#8619,#8620,#8621));
#3360=EDGE_LOOP('',(#8622,#8623,#8624,#8625));
#3361=EDGE_LOOP('',(#8626,#8627,#8628,#8629));
#3362=EDGE_LOOP('',(#8630,#8631,#8632,#8633));
#3363=EDGE_LOOP('',(#8634,#8635,#8636,#8637));
#3364=EDGE_LOOP('',(#8638,#8639,#8640,#8641));
#3365=EDGE_LOOP('',(#8642,#8643,#8644,#8645));
#3366=EDGE_LOOP('',(#8646,#8647,#8648,#8649));
#3367=EDGE_LOOP('',(#8650,#8651,#8652,#8653));
#3368=EDGE_LOOP('',(#8654,#8655,#8656,#8657));
#3369=EDGE_LOOP('',(#8658,#8659,#8660,#8661));
#3370=EDGE_LOOP('',(#8662,#8663,#8664,#8665));
#3371=EDGE_LOOP('',(#8666,#8667,#8668,#8669));
#3372=EDGE_LOOP('',(#8670,#8671,#8672,#8673));
#3373=EDGE_LOOP('',(#8674,#8675,#8676,#8677));
#3374=EDGE_LOOP('',(#8678,#8679,#8680,#8681));
#3375=EDGE_LOOP('',(#8682,#8683,#8684,#8685));
#3376=EDGE_LOOP('',(#8686,#8687,#8688,#8689));
#3377=EDGE_LOOP('',(#8690,#8691,#8692,#8693));
#3378=EDGE_LOOP('',(#8694,#8695,#8696,#8697));
#3379=EDGE_LOOP('',(#8698,#8699,#8700,#8701));
#3380=EDGE_LOOP('',(#8702,#8703,#8704,#8705));
#3381=EDGE_LOOP('',(#8706,#8707,#8708,#8709));
#3382=EDGE_LOOP('',(#8710,#8711,#8712,#8713));
#3383=EDGE_LOOP('',(#8714,#8715,#8716,#8717));
#3384=EDGE_LOOP('',(#8718,#8719,#8720,#8721));
#3385=EDGE_LOOP('',(#8722,#8723,#8724,#8725));
#3386=EDGE_LOOP('',(#8726,#8727,#8728,#8729));
#3387=EDGE_LOOP('',(#8730,#8731,#8732,#8733));
#3388=EDGE_LOOP('',(#8734,#8735,#8736,#8737));
#3389=EDGE_LOOP('',(#8738,#8739,#8740,#8741));
#3390=EDGE_LOOP('',(#8742,#8743,#8744,#8745));
#3391=EDGE_LOOP('',(#8746,#8747,#8748,#8749));
#3392=EDGE_LOOP('',(#8750,#8751,#8752,#8753));
#3393=EDGE_LOOP('',(#8754,#8755,#8756,#8757));
#3394=EDGE_LOOP('',(#8758,#8759,#8760,#8761));
#3395=EDGE_LOOP('',(#8762,#8763,#8764,#8765));
#3396=EDGE_LOOP('',(#8766,#8767,#8768,#8769));
#3397=EDGE_LOOP('',(#8770,#8771,#8772,#8773));
#3398=EDGE_LOOP('',(#8774,#8775,#8776,#8777));
#3399=EDGE_LOOP('',(#8778,#8779,#8780,#8781));
#3400=EDGE_LOOP('',(#8782,#8783,#8784,#8785));
#3401=EDGE_LOOP('',(#8786,#8787,#8788,#8789));
#3402=EDGE_LOOP('',(#8790,#8791,#8792,#8793));
#3403=EDGE_LOOP('',(#8794,#8795,#8796,#8797));
#3404=EDGE_LOOP('',(#8798,#8799,#8800,#8801));
#3405=EDGE_LOOP('',(#8802,#8803,#8804,#8805));
#3406=EDGE_LOOP('',(#8806,#8807,#8808,#8809));
#3407=EDGE_LOOP('',(#8810,#8811,#8812,#8813));
#3408=EDGE_LOOP('',(#8814,#8815,#8816,#8817));
#3409=EDGE_LOOP('',(#8818,#8819,#8820,#8821));
#3410=EDGE_LOOP('',(#8822,#8823,#8824,#8825));
#3411=EDGE_LOOP('',(#8826,#8827,#8828,#8829));
#3412=EDGE_LOOP('',(#8830,#8831,#8832,#8833));
#3413=EDGE_LOOP('',(#8834,#8835,#8836,#8837));
#3414=EDGE_LOOP('',(#8838,#8839,#8840,#8841,#8842,#8843,#8844,#8845));
#3415=EDGE_LOOP('',(#8846,#8847,#8848,#8849,#8850,#8851,#8852,#8853));
#3416=CIRCLE('',#9576,2.75);
#3417=CIRCLE('',#9578,3.25);
#3418=CIRCLE('',#9579,3.25);
#3419=CIRCLE('',#9581,2.75);
#3420=CIRCLE('',#9583,4.);
#3421=CIRCLE('',#9584,4.);
#3422=CIRCLE('',#9588,7.);
#3423=CIRCLE('',#9590,6.);
#3424=CIRCLE('',#9591,6.);
#3425=CIRCLE('',#9592,6.00000000000001);
#3426=CIRCLE('',#9593,6.);
#3427=CIRCLE('',#9594,10.461714357499);
#3428=CIRCLE('',#9596,7.);
#3429=CIRCLE('',#9597,7.);
#3430=CIRCLE('',#9600,7.);
#3431=CIRCLE('',#9605,5.25);
#3432=CIRCLE('',#9607,5.25);
#3433=CIRCLE('',#9612,7.);
#3434=CIRCLE('',#9614,7.);
#3435=CIRCLE('',#9615,7.);
#3436=CIRCLE('',#9618,7.);
#3437=CIRCLE('',#9622,8.);
#3438=CIRCLE('',#9624,4.);
#3439=CIRCLE('',#9625,4.);
#3440=CIRCLE('',#9629,7.);
#3441=CIRCLE('',#9631,8.);
#3442=CIRCLE('',#9633,7.);
#3443=CIRCLE('',#9634,7.);
#3444=CIRCLE('',#9637,7.);
#3445=CIRCLE('',#9641,3.99999999999999);
#3446=CIRCLE('',#9642,3.99999999999999);
#3447=CIRCLE('',#9646,7.);
#3448=CIRCLE('',#9648,7.);
#3449=CIRCLE('',#9649,7.);
#3450=CIRCLE('',#9652,7.);
#3451=CIRCLE('',#9675,0.999999999999996);
#3452=CIRCLE('',#9676,0.999999999999996);
#3453=CIRCLE('',#9678,0.999999999999996);
#3454=CIRCLE('',#9679,0.999999999999996);
#3455=CIRCLE('',#9681,0.999999999999996);
#3456=CIRCLE('',#9682,0.999999999999996);
#3457=CIRCLE('',#9686,0.999999999999996);
#3458=CIRCLE('',#9687,0.999999999999996);
#3459=CIRCLE('',#9691,0.999999999999996);
#3460=CIRCLE('',#9692,0.999999999999996);
#3461=CIRCLE('',#9694,0.999999999999996);
#3462=CIRCLE('',#9695,0.999999999999996);
#3463=CIRCLE('',#9697,1.);
#3464=CIRCLE('',#9698,1.);
#3465=CIRCLE('',#9702,1.);
#3466=CIRCLE('',#9703,1.);
#3467=CIRCLE('',#9705,1.00000000000018);
#3468=CIRCLE('',#9706,1.00000000000018);
#3469=CIRCLE('',#9708,1.00000000000018);
#3470=CIRCLE('',#9709,1.00000000000018);
#3471=CIRCLE('',#9714,1.00000000000018);
#3472=CIRCLE('',#9715,1.00000000000018);
#3473=CIRCLE('',#9717,1.00000000000018);
#3474=CIRCLE('',#9718,1.00000000000018);
#3475=CIRCLE('',#9723,0.999999999978933);
#3476=CIRCLE('',#9724,0.999999999978933);
#3477=CIRCLE('',#9726,0.999999999978933);
#3478=CIRCLE('',#9727,0.999999999978933);
#3479=CIRCLE('',#9729,0.999999999978956);
#3480=CIRCLE('',#9730,0.999999999978956);
#3481=CIRCLE('',#9734,0.999999999978956);
#3482=CIRCLE('',#9735,0.999999999978956);
#3483=CIRCLE('',#9737,0.999999999978938);
#3484=CIRCLE('',#9738,0.999999999978938);
#3485=CIRCLE('',#9740,0.999999999978938);
#3486=CIRCLE('',#9741,0.999999999978938);
#3487=CIRCLE('',#9746,0.999999999978956);
#3488=CIRCLE('',#9747,0.999999999978956);
#3489=CIRCLE('',#9749,0.999999999978956);
#3490=CIRCLE('',#9750,0.999999999978956);
#3491=CIRCLE('',#9753,0.999999999736842);
#3492=CIRCLE('',#9754,0.999999999736842);
#3493=CIRCLE('',#9756,0.999999999736842);
#3494=CIRCLE('',#9757,0.999999999736842);
#3495=CIRCLE('',#9762,1.00032794648041);
#3496=CIRCLE('',#9763,1.00032794648041);
#3497=CIRCLE('',#9765,1.00032794648041);
#3498=CIRCLE('',#9766,1.00032794648041);
#3499=CIRCLE('',#9769,0.999999999736842);
#3500=CIRCLE('',#9770,0.999999999736842);
#3501=CIRCLE('',#9772,0.999999999736842);
#3502=CIRCLE('',#9773,0.999999999736842);
#3503=CIRCLE('',#9778,1.00032794648041);
#3504=CIRCLE('',#9779,1.00032794648041);
#3505=CIRCLE('',#9781,1.00032794648041);
#3506=CIRCLE('',#9782,1.00032794648041);
#3507=CIRCLE('',#9785,0.999999999736842);
#3508=CIRCLE('',#9786,0.999999999736842);
#3509=CIRCLE('',#9788,0.999999999736842);
#3510=CIRCLE('',#9789,0.999999999736842);
#3511=CIRCLE('',#9794,1.00032794648041);
#3512=CIRCLE('',#9795,1.00032794648041);
#3513=CIRCLE('',#9797,1.00032794648041);
#3514=CIRCLE('',#9798,1.00032794648041);
#3515=CIRCLE('',#9801,0.999999999736842);
#3516=CIRCLE('',#9802,0.999999999736842);
#3517=CIRCLE('',#9804,0.999999999736842);
#3518=CIRCLE('',#9805,0.999999999736842);
#3519=CIRCLE('',#9810,1.00032794648041);
#3520=CIRCLE('',#9811,1.00032794648041);
#3521=CIRCLE('',#9813,1.00032794648041);
#3522=CIRCLE('',#9814,1.00032794648041);
#3523=CIRCLE('',#9817,0.999999999978929);
#3524=CIRCLE('',#9818,0.999999999978929);
#3525=CIRCLE('',#9820,0.999999999978929);
#3526=CIRCLE('',#9821,0.999999999978929);
#3527=CIRCLE('',#9826,0.999999999978956);
#3528=CIRCLE('',#9827,0.999999999978956);
#3529=CIRCLE('',#9829,0.999999999978956);
#3530=CIRCLE('',#9830,0.999999999978956);
#3531=CIRCLE('',#9835,1.00000000000018);
#3532=CIRCLE('',#9836,1.00000000000018);
#3533=CIRCLE('',#9838,1.00000000000018);
#3534=CIRCLE('',#9839,1.00000000000018);
#3535=CIRCLE('',#9841,1.00000000000018);
#3536=CIRCLE('',#9842,1.00000000000018);
#3537=CIRCLE('',#9846,1.00000000000018);
#3538=CIRCLE('',#9847,1.00000000000018);
#3539=CIRCLE('',#9849,1.00000000000018);
#3540=CIRCLE('',#9850,1.00000000000018);
#3541=CIRCLE('',#9852,1.00000000000018);
#3542=CIRCLE('',#9853,1.00000000000018);
#3543=CIRCLE('',#9858,1.00000000000018);
#3544=CIRCLE('',#9859,1.00000000000018);
#3545=CIRCLE('',#9861,1.00000000000018);
#3546=CIRCLE('',#9862,1.00000000000018);
#3547=CIRCLE('',#9867,0.999999999999996);
#3548=CIRCLE('',#9868,0.999999999999996);
#3549=CIRCLE('',#9870,0.999999999999996);
#3550=CIRCLE('',#9871,0.999999999999996);
#3551=CIRCLE('',#9873,0.999999999999996);
#3552=CIRCLE('',#9874,0.999999999999996);
#3553=CIRCLE('',#9878,0.999999999999996);
#3554=CIRCLE('',#9879,0.999999999999996);
#3555=CIRCLE('',#9883,0.999999999999996);
#3556=CIRCLE('',#9884,0.999999999999996);
#3557=CIRCLE('',#9886,0.999999999999996);
#3558=CIRCLE('',#9887,0.999999999999996);
#3559=CIRCLE('',#9889,0.999999999999996);
#3560=CIRCLE('',#9890,0.999999999999996);
#3561=CIRCLE('',#9894,0.999999999999996);
#3562=CIRCLE('',#9895,0.999999999999996);
#3563=CIRCLE('',#9899,0.999999999999996);
#3564=CIRCLE('',#9900,0.999999999999996);
#3565=CIRCLE('',#9902,0.999999999999996);
#3566=CIRCLE('',#9903,0.999999999999996);
#3567=CIRCLE('',#9905,1.00000000000001);
#3568=CIRCLE('',#9906,1.00000000000001);
#3569=CIRCLE('',#9910,1.00000000000001);
#3570=CIRCLE('',#9911,1.00000000000001);
#3571=CIRCLE('',#9913,1.00000000000018);
#3572=CIRCLE('',#9914,1.00000000000018);
#3573=CIRCLE('',#9916,1.00000000000018);
#3574=CIRCLE('',#9917,1.00000000000018);
#3575=CIRCLE('',#9922,1.00000000000018);
#3576=CIRCLE('',#9923,1.00000000000018);
#3577=CIRCLE('',#9925,1.00000000000018);
#3578=CIRCLE('',#9926,1.00000000000018);
#3579=CIRCLE('',#9929,1.00000000000018);
#3580=CIRCLE('',#9930,1.00000000000018);
#3581=CIRCLE('',#9932,1.00000000000018);
#3582=CIRCLE('',#9933,1.00000000000018);
#3583=CIRCLE('',#9938,1.00000000000018);
#3584=CIRCLE('',#9939,1.00000000000018);
#3585=CIRCLE('',#9941,1.00000000000018);
#3586=CIRCLE('',#9942,1.00000000000018);
#3587=CIRCLE('',#9945,0.999999999978938);
#3588=CIRCLE('',#9946,0.999999999978938);
#3589=CIRCLE('',#9948,0.999999999978938);
#3590=CIRCLE('',#9949,0.999999999978938);
#3591=CIRCLE('',#9954,0.999999999978956);
#3592=CIRCLE('',#9955,0.999999999978956);
#3593=CIRCLE('',#9957,0.999999999978956);
#3594=CIRCLE('',#9958,0.999999999978956);
#3595=CIRCLE('',#9961,0.999999999978938);
#3596=CIRCLE('',#9962,0.999999999978938);
#3597=CIRCLE('',#9964,0.999999999978938);
#3598=CIRCLE('',#9965,0.999999999978938);
#3599=CIRCLE('',#9970,0.999999999978956);
#3600=CIRCLE('',#9971,0.999999999978956);
#3601=CIRCLE('',#9973,0.999999999978956);
#3602=CIRCLE('',#9974,0.999999999978956);
#3603=CIRCLE('',#9977,0.999999999736842);
#3604=CIRCLE('',#9978,0.999999999736842);
#3605=CIRCLE('',#9980,0.999999999736842);
#3606=CIRCLE('',#9981,0.999999999736842);
#3607=CIRCLE('',#9986,1.00032794648041);
#3608=CIRCLE('',#9987,1.00032794648041);
#3609=CIRCLE('',#9989,1.00032794648041);
#3610=CIRCLE('',#9990,1.00032794648041);
#3611=CIRCLE('',#9995,1.00032794648041);
#3612=CIRCLE('',#9996,1.00032794648041);
#3613=CIRCLE('',#9998,1.00032794648041);
#3614=CIRCLE('',#9999,1.00032794648041);
#3615=CIRCLE('',#10001,0.999999999736842);
#3616=CIRCLE('',#10002,0.999999999736842);
#3617=CIRCLE('',#10006,0.999999999736842);
#3618=CIRCLE('',#10007,0.999999999736842);
#3619=CIRCLE('',#10009,0.999999999736842);
#3620=CIRCLE('',#10010,0.999999999736842);
#3621=CIRCLE('',#10012,0.999999999736842);
#3622=CIRCLE('',#10013,0.999999999736842);
#3623=CIRCLE('',#10018,1.00032794648041);
#3624=CIRCLE('',#10019,1.00032794648041);
#3625=CIRCLE('',#10021,1.00032794648041);
#3626=CIRCLE('',#10022,1.00032794648041);
#3627=CIRCLE('',#10025,0.999999999978929);
#3628=CIRCLE('',#10026,0.999999999978929);
#3629=CIRCLE('',#10028,0.999999999978929);
#3630=CIRCLE('',#10029,0.999999999978929);
#3631=CIRCLE('',#10034,0.999999999978947);
#3632=CIRCLE('',#10035,0.999999999978947);
#3633=CIRCLE('',#10037,0.999999999978947);
#3634=CIRCLE('',#10038,0.999999999978947);
#3635=CIRCLE('',#10041,0.999999999978933);
#3636=CIRCLE('',#10042,0.999999999978933);
#3637=CIRCLE('',#10044,0.999999999978933);
#3638=CIRCLE('',#10045,0.999999999978933);
#3639=CIRCLE('',#10050,0.999999999978956);
#3640=CIRCLE('',#10051,0.999999999978956);
#3641=CIRCLE('',#10053,0.999999999978956);
#3642=CIRCLE('',#10054,0.999999999978956);
#3643=CIRCLE('',#10057,1.00000000000017);
#3644=CIRCLE('',#10058,1.00000000000017);
#3645=CIRCLE('',#10060,1.00000000000017);
#3646=CIRCLE('',#10061,1.00000000000017);
#3647=CIRCLE('',#10066,1.00000000000018);
#3648=CIRCLE('',#10067,1.00000000000018);
#3649=CIRCLE('',#10069,1.00000000000018);
#3650=CIRCLE('',#10070,1.00000000000018);
#3651=CIRCLE('',#10073,1.00000000000018);
#3652=CIRCLE('',#10074,1.00000000000018);
#3653=CIRCLE('',#10076,1.00000000000018);
#3654=CIRCLE('',#10077,1.00000000000018);
#3655=CIRCLE('',#10082,1.00000000000018);
#3656=CIRCLE('',#10083,1.00000000000018);
#3657=CIRCLE('',#10085,1.00000000000018);
#3658=CIRCLE('',#10086,1.00000000000018);
#3659=CIRCLE('',#10091,0.999999999999996);
#3660=CIRCLE('',#10092,0.999999999999996);
#3661=CIRCLE('',#10094,0.999999999999996);
#3662=CIRCLE('',#10095,0.999999999999996);
#3663=CIRCLE('',#10097,1.);
#3664=CIRCLE('',#10098,1.);
#3665=CIRCLE('',#10102,1.);
#3666=CIRCLE('',#10103,1.);
#3667=CIRCLE('',#10107,0.999999999999996);
#3668=CIRCLE('',#10108,0.999999999999996);
#3669=CIRCLE('',#10110,0.999999999999996);
#3670=CIRCLE('',#10111,0.999999999999996);
#3671=CIRCLE('',#10113,0.999999999999996);
#3672=CIRCLE('',#10114,0.999999999999996);
#3673=CIRCLE('',#10118,0.999999999999996);
#3674=CIRCLE('',#10119,0.999999999999996);
#3675=CIRCLE('',#10122,0.999999999999995);
#3676=CIRCLE('',#10123,0.999999999999995);
#3677=CIRCLE('',#10126,0.999999999999945);
#3678=CIRCLE('',#10127,0.999999999999945);
#3679=CIRCLE('',#10129,0.999999999999989);
#3680=CIRCLE('',#10130,0.999999999999989);
#3681=CIRCLE('',#10133,0.999999999999998);
#3682=CIRCLE('',#10134,0.999999999999998);
#3683=CIRCLE('',#10138,1.);
#3684=CIRCLE('',#10139,1.);
#3685=CIRCLE('',#10142,1.00000000000002);
#3686=CIRCLE('',#10143,1.00000000000002);
#3687=CIRCLE('',#10146,1.00000000000002);
#3688=CIRCLE('',#10147,1.00000000000002);
#3689=CIRCLE('',#10150,1.00000000000002);
#3690=CIRCLE('',#10151,1.00000000000002);
#3691=CIRCLE('',#10154,1.00000000000003);
#3692=CIRCLE('',#10155,1.00000000000003);
#3693=CIRCLE('',#10158,1.00000000000002);
#3694=CIRCLE('',#10159,1.00000000000002);
#3695=CIRCLE('',#10162,1.00000000000002);
#3696=CIRCLE('',#10163,1.00000000000002);
#3697=CIRCLE('',#10166,1.00000000000002);
#3698=CIRCLE('',#10167,1.00000000000002);
#3699=CIRCLE('',#10170,1.00000000000002);
#3700=CIRCLE('',#10171,1.00000000000002);
#3701=CIRCLE('',#10174,1.00000000000002);
#3702=CIRCLE('',#10175,1.00000000000002);
#3703=CIRCLE('',#10178,1.);
#3704=CIRCLE('',#10179,1.);
#3705=CIRCLE('',#10182,1.00000000000001);
#3706=CIRCLE('',#10183,1.00000000000001);
#3707=CIRCLE('',#10185,0.999999999999989);
#3708=CIRCLE('',#10186,0.999999999999989);
#3709=CIRCLE('',#10189,0.999999999999998);
#3710=CIRCLE('',#10190,0.999999999999998);
#3711=CIRCLE('',#10194,0.999999999999995);
#3712=CIRCLE('',#10195,0.999999999999995);
#3713=CIRCLE('',#10198,0.999999999999957);
#3714=CIRCLE('',#10199,0.999999999999957);
#3715=CIRCLE('',#10202,1.00000000000001);
#3716=CIRCLE('',#10203,1.00000000000001);
#3717=CIRCLE('',#10206,0.999999999999951);
#3718=CIRCLE('',#10207,0.999999999999951);
#3719=CIRCLE('',#10209,0.999999999999976);
#3720=CIRCLE('',#10210,0.999999999999976);
#3721=CIRCLE('',#10213,0.999999999999998);
#3722=CIRCLE('',#10214,0.999999999999998);
#3723=CIRCLE('',#10218,0.999999999999985);
#3724=CIRCLE('',#10219,0.999999999999985);
#3725=CIRCLE('',#10222,0.999999999999998);
#3726=CIRCLE('',#10223,0.999999999999998);
#3727=CIRCLE('',#10226,1.00000000000001);
#3728=CIRCLE('',#10227,1.00000000000001);
#3729=CIRCLE('',#10230,1.00000000000001);
#3730=CIRCLE('',#10231,1.00000000000001);
#3731=CIRCLE('',#10234,1.00000000000002);
#3732=CIRCLE('',#10235,1.00000000000002);
#3733=CIRCLE('',#10238,1.00000000000002);
#3734=CIRCLE('',#10239,1.00000000000002);
#3735=CIRCLE('',#10242,1.00000000000002);
#3736=CIRCLE('',#10243,1.00000000000002);
#3737=CIRCLE('',#10246,1.00000000000002);
#3738=CIRCLE('',#10247,1.00000000000002);
#3739=CIRCLE('',#10250,1.);
#3740=CIRCLE('',#10251,1.);
#3741=CIRCLE('',#10254,1.00000000000002);
#3742=CIRCLE('',#10255,1.00000000000002);
#3743=CIRCLE('',#10257,0.999999999999985);
#3744=CIRCLE('',#10258,0.999999999999985);
#3745=CIRCLE('',#10261,0.999999999999992);
#3746=CIRCLE('',#10262,0.999999999999992);
#3747=CIRCLE('',#10265,0.999999999999989);
#3748=CIRCLE('',#10266,0.999999999999989);
#3749=CIRCLE('',#10269,0.999999999999985);
#3750=CIRCLE('',#10270,0.999999999999985);
#3751=CIRCLE('',#10274,0.999999999999957);
#3752=CIRCLE('',#10275,0.999999999999957);
#3753=CIRCLE('',#10278,1.);
#3754=CIRCLE('',#10279,1.);
#3755=CIRCLE('',#10282,1.);
#3756=CIRCLE('',#10283,1.);
#3757=CIRCLE('',#10286,0.999999999999995);
#3758=CIRCLE('',#10287,0.999999999999995);
#3759=CIRCLE('',#10290,0.999999999999998);
#3760=CIRCLE('',#10291,0.999999999999998);
#3761=CIRCLE('',#10294,1.00000000000001);
#3762=CIRCLE('',#10295,1.00000000000001);
#3763=CIRCLE('',#10298,1.00000000000001);
#3764=CIRCLE('',#10299,1.00000000000001);
#3765=CIRCLE('',#10302,1.);
#3766=CIRCLE('',#10303,1.);
#3767=CIRCLE('',#10306,0.999999999999995);
#3768=CIRCLE('',#10307,0.999999999999995);
#3769=CIRCLE('',#10310,0.999999999999992);
#3770=CIRCLE('',#10311,0.999999999999992);
#3771=CIRCLE('',#10314,0.999999999999989);
#3772=CIRCLE('',#10315,0.999999999999989);
#3773=CIRCLE('',#10318,0.999999999999992);
#3774=CIRCLE('',#10319,0.999999999999992);
#3775=CIRCLE('',#10322,0.999999999999989);
#3776=CIRCLE('',#10323,0.999999999999989);
#3777=CIRCLE('',#10326,0.999999999999985);
#3778=CIRCLE('',#10327,0.999999999999985);
#3779=CIRCLE('',#10330,1.);
#3780=CIRCLE('',#10331,1.);
#3781=CIRCLE('',#10334,1.);
#3782=CIRCLE('',#10335,1.);
#3783=CIRCLE('',#10338,0.999999999999995);
#3784=CIRCLE('',#10339,0.999999999999995);
#3785=CIRCLE('',#10342,0.999999999999992);
#3786=CIRCLE('',#10343,0.999999999999992);
#3787=CIRCLE('',#10346,0.999999999999992);
#3788=CIRCLE('',#10347,0.999999999999992);
#3789=CIRCLE('',#10350,0.999999999999995);
#3790=CIRCLE('',#10351,0.999999999999995);
#3791=CIRCLE('',#10354,1.);
#3792=CIRCLE('',#10355,1.);
#3793=CIRCLE('',#10358,1.);
#3794=CIRCLE('',#10359,1.);
#3795=CIRCLE('',#10362,1.);
#3796=CIRCLE('',#10363,1.);
#3797=CIRCLE('',#10366,1.00000000000001);
#3798=CIRCLE('',#10367,1.00000000000001);
#3799=CIRCLE('',#10370,0.999999999999998);
#3800=CIRCLE('',#10371,0.999999999999998);
#3801=CIRCLE('',#10374,1.);
#3802=CIRCLE('',#10375,1.);
#3803=CIRCLE('',#10378,1.);
#3804=CIRCLE('',#10379,1.);
#3805=CIRCLE('',#10382,0.999999999999995);
#3806=CIRCLE('',#10383,0.999999999999995);
#3807=CIRCLE('',#10386,1.00000000000001);
#3808=CIRCLE('',#10387,1.00000000000001);
#3809=CIRCLE('',#10390,0.999999999999995);
#3810=CIRCLE('',#10391,0.999999999999995);
#3811=CIRCLE('',#10394,0.999999999999992);
#3812=CIRCLE('',#10395,0.999999999999992);
#3813=CIRCLE('',#10398,1.);
#3814=CIRCLE('',#10399,1.);
#3815=CIRCLE('',#10402,1.);
#3816=CIRCLE('',#10403,1.);
#3817=CIRCLE('',#10406,1.);
#3818=CIRCLE('',#10407,1.);
#3819=CIRCLE('',#10410,1.);
#3820=CIRCLE('',#10411,1.);
#3821=CIRCLE('',#10414,1.);
#3822=CIRCLE('',#10415,1.);
#3823=CIRCLE('',#10418,1.);
#3824=CIRCLE('',#10419,1.);
#3825=CIRCLE('',#10422,1.);
#3826=CIRCLE('',#10423,1.);
#3827=CIRCLE('',#10426,0.999999999999995);
#3828=CIRCLE('',#10427,0.999999999999995);
#3829=CIRCLE('',#10430,0.999999999999992);
#3830=CIRCLE('',#10431,0.999999999999992);
#3831=CIRCLE('',#10434,1.);
#3832=CIRCLE('',#10435,1.);
#3833=CIRCLE('',#10438,1.);
#3834=CIRCLE('',#10439,1.);
#3835=CIRCLE('',#10442,1.);
#3836=CIRCLE('',#10443,1.);
#3837=CIRCLE('',#10446,1.);
#3838=CIRCLE('',#10447,1.);
#3839=CIRCLE('',#10450,1.);
#3840=CIRCLE('',#10451,1.);
#3841=CIRCLE('',#10454,0.999999999999992);
#3842=CIRCLE('',#10455,0.999999999999992);
#3843=CIRCLE('',#10458,1.);
#3844=CIRCLE('',#10459,1.);
#3845=CIRCLE('',#10462,0.999999999999995);
#3846=CIRCLE('',#10463,0.999999999999995);
#3847=CIRCLE('',#10466,0.999999999999998);
#3848=CIRCLE('',#10467,0.999999999999998);
#3849=CIRCLE('',#10470,1.00000000000001);
#3850=CIRCLE('',#10471,1.00000000000001);
#3851=CIRCLE('',#10473,10.461714357499);
#3852=CIRCLE('',#10485,8.);
#3853=CIRCLE('',#10489,8.);
#3854=CIRCLE('',#10493,8.);
#3855=CIRCLE('',#10496,8.);
#3856=CIRCLE('',#10499,8.);
#3857=CIRCLE('',#10502,8.);
#3858=VERTEX_POINT('',#13270);
#3859=VERTEX_POINT('',#13273);
#3860=VERTEX_POINT('',#13275);
#3861=VERTEX_POINT('',#13279);
#3862=VERTEX_POINT('',#13282);
#3863=VERTEX_POINT('',#13283);
#3864=VERTEX_POINT('',#13285);
#3865=VERTEX_POINT('',#13287);
#3866=VERTEX_POINT('',#13291);
#3867=VERTEX_POINT('',#13293);
#3868=VERTEX_POINT('',#13295);
#3869=VERTEX_POINT('',#13299);
#3870=VERTEX_POINT('',#13301);
#3871=VERTEX_POINT('',#13303);
#3872=VERTEX_POINT('',#13309);
#3873=VERTEX_POINT('',#13310);
#3874=VERTEX_POINT('',#13312);
#3875=VERTEX_POINT('',#13314);
#3876=VERTEX_POINT('',#13316);
#3877=VERTEX_POINT('',#13318);
#3878=VERTEX_POINT('',#13320);
#3879=VERTEX_POINT('',#13322);
#3880=VERTEX_POINT('',#13325);
#3881=VERTEX_POINT('',#13328);
#3882=VERTEX_POINT('',#13330);
#3883=VERTEX_POINT('',#13333);
#3884=VERTEX_POINT('',#13334);
#3885=VERTEX_POINT('',#13336);
#3886=VERTEX_POINT('',#13338);
#3887=VERTEX_POINT('',#13340);
#3888=VERTEX_POINT('',#13342);
#3889=VERTEX_POINT('',#13346);
#3890=VERTEX_POINT('',#13347);
#3891=VERTEX_POINT('',#13349);
#3892=VERTEX_POINT('',#13351);
#3893=VERTEX_POINT('',#13353);
#3894=VERTEX_POINT('',#13355);
#3895=VERTEX_POINT('',#13359);
#3896=VERTEX_POINT('',#13361);
#3897=VERTEX_POINT('',#13367);
#3898=VERTEX_POINT('',#13369);
#3899=VERTEX_POINT('',#13375);
#3900=VERTEX_POINT('',#13377);
#3901=VERTEX_POINT('',#13380);
#3902=VERTEX_POINT('',#13381);
#3903=VERTEX_POINT('',#13383);
#3904=VERTEX_POINT('',#13385);
#3905=VERTEX_POINT('',#13387);
#3906=VERTEX_POINT('',#13389);
#3907=VERTEX_POINT('',#13391);
#3908=VERTEX_POINT('',#13395);
#3909=VERTEX_POINT('',#13397);
#3910=VERTEX_POINT('',#13401);
#3911=VERTEX_POINT('',#13402);
#3912=VERTEX_POINT('',#13404);
#3913=VERTEX_POINT('',#13406);
#3914=VERTEX_POINT('',#13410);
#3915=VERTEX_POINT('',#13412);
#3916=VERTEX_POINT('',#13414);
#3917=VERTEX_POINT('',#13418);
#3918=VERTEX_POINT('',#13420);
#3919=VERTEX_POINT('',#13422);
#3920=VERTEX_POINT('',#13428);
#3921=VERTEX_POINT('',#13430);
#3922=VERTEX_POINT('',#13434);
#3923=VERTEX_POINT('',#13436);
#3924=VERTEX_POINT('',#13439);
#3925=VERTEX_POINT('',#13440);
#3926=VERTEX_POINT('',#13442);
#3927=VERTEX_POINT('',#13444);
#3928=VERTEX_POINT('',#13446);
#3929=VERTEX_POINT('',#13448);
#3930=VERTEX_POINT('',#13452);
#3931=VERTEX_POINT('',#13453);
#3932=VERTEX_POINT('',#13455);
#3933=VERTEX_POINT('',#13457);
#3934=VERTEX_POINT('',#13461);
#3935=VERTEX_POINT('',#13463);
#3936=VERTEX_POINT('',#13465);
#3937=VERTEX_POINT('',#13469);
#3938=VERTEX_POINT('',#13471);
#3939=VERTEX_POINT('',#13473);
#3940=VERTEX_POINT('',#13479);
#3941=VERTEX_POINT('',#13481);
#3942=VERTEX_POINT('',#13484);
#3943=VERTEX_POINT('',#13485);
#3944=VERTEX_POINT('',#13487);
#3945=VERTEX_POINT('',#13489);
#3946=VERTEX_POINT('',#13491);
#3947=VERTEX_POINT('',#13493);
#3948=VERTEX_POINT('',#13509);
#3949=VERTEX_POINT('',#13529);
#3950=VERTEX_POINT('',#13530);
#3951=VERTEX_POINT('',#13532);
#3952=VERTEX_POINT('',#13534);
#3953=VERTEX_POINT('',#13538);
#3954=VERTEX_POINT('',#13539);
#3955=VERTEX_POINT('',#13541);
#3956=VERTEX_POINT('',#13543);
#3957=VERTEX_POINT('',#13547);
#3958=VERTEX_POINT('',#13549);
#3959=VERTEX_POINT('',#13553);
#3960=VERTEX_POINT('',#13555);
#3961=VERTEX_POINT('',#13559);
#3962=VERTEX_POINT('',#13561);
#3963=VERTEX_POINT('',#13568);
#3964=VERTEX_POINT('',#13570);
#3965=VERTEX_POINT('',#13577);
#3966=VERTEX_POINT('',#13578);
#3967=VERTEX_POINT('',#13580);
#3968=VERTEX_POINT('',#13582);
#3969=VERTEX_POINT('',#13586);
#3970=VERTEX_POINT('',#13587);
#3971=VERTEX_POINT('',#13589);
#3972=VERTEX_POINT('',#13591);
#3973=VERTEX_POINT('',#13595);
#3974=VERTEX_POINT('',#13597);
#3975=VERTEX_POINT('',#13601);
#3976=VERTEX_POINT('',#13603);
#3977=VERTEX_POINT('',#13607);
#3978=VERTEX_POINT('',#13609);
#3979=VERTEX_POINT('',#13616);
#3980=VERTEX_POINT('',#13618);
#3981=VERTEX_POINT('',#13625);
#3982=VERTEX_POINT('',#13626);
#3983=VERTEX_POINT('',#13628);
#3984=VERTEX_POINT('',#13630);
#3985=VERTEX_POINT('',#13634);
#3986=VERTEX_POINT('',#13635);
#3987=VERTEX_POINT('',#13637);
#3988=VERTEX_POINT('',#13639);
#3989=VERTEX_POINT('',#13643);
#3990=VERTEX_POINT('',#13645);
#3991=VERTEX_POINT('',#13649);
#3992=VERTEX_POINT('',#13651);
#3993=VERTEX_POINT('',#13655);
#3994=VERTEX_POINT('',#13657);
#3995=VERTEX_POINT('',#13664);
#3996=VERTEX_POINT('',#13666);
#3997=VERTEX_POINT('',#13673);
#3998=VERTEX_POINT('',#13674);
#3999=VERTEX_POINT('',#13676);
#4000=VERTEX_POINT('',#13678);
#4001=VERTEX_POINT('',#13682);
#4002=VERTEX_POINT('',#13683);
#4003=VERTEX_POINT('',#13685);
#4004=VERTEX_POINT('',#13687);
#4005=VERTEX_POINT('',#13691);
#4006=VERTEX_POINT('',#13693);
#4007=VERTEX_POINT('',#13697);
#4008=VERTEX_POINT('',#13699);
#4009=VERTEX_POINT('',#13703);
#4010=VERTEX_POINT('',#13705);
#4011=VERTEX_POINT('',#13712);
#4012=VERTEX_POINT('',#13714);
#4013=VERTEX_POINT('',#13721);
#4014=VERTEX_POINT('',#13722);
#4015=VERTEX_POINT('',#13724);
#4016=VERTEX_POINT('',#13726);
#4017=VERTEX_POINT('',#13730);
#4018=VERTEX_POINT('',#13731);
#4019=VERTEX_POINT('',#13733);
#4020=VERTEX_POINT('',#13735);
#4021=VERTEX_POINT('',#13739);
#4022=VERTEX_POINT('',#13741);
#4023=VERTEX_POINT('',#13745);
#4024=VERTEX_POINT('',#13747);
#4025=VERTEX_POINT('',#13751);
#4026=VERTEX_POINT('',#13753);
#4027=VERTEX_POINT('',#13760);
#4028=VERTEX_POINT('',#13762);
#4029=VERTEX_POINT('',#13769);
#4030=VERTEX_POINT('',#13770);
#4031=VERTEX_POINT('',#13772);
#4032=VERTEX_POINT('',#13774);
#4033=VERTEX_POINT('',#13778);
#4034=VERTEX_POINT('',#13779);
#4035=VERTEX_POINT('',#13781);
#4036=VERTEX_POINT('',#13783);
#4037=VERTEX_POINT('',#13787);
#4038=VERTEX_POINT('',#13789);
#4039=VERTEX_POINT('',#13793);
#4040=VERTEX_POINT('',#13795);
#4041=VERTEX_POINT('',#13799);
#4042=VERTEX_POINT('',#13801);
#4043=VERTEX_POINT('',#13808);
#4044=VERTEX_POINT('',#13810);
#4045=VERTEX_POINT('',#13817);
#4046=VERTEX_POINT('',#13818);
#4047=VERTEX_POINT('',#13820);
#4048=VERTEX_POINT('',#13822);
#4049=VERTEX_POINT('',#13826);
#4050=VERTEX_POINT('',#13827);
#4051=VERTEX_POINT('',#13829);
#4052=VERTEX_POINT('',#13831);
#4053=VERTEX_POINT('',#13835);
#4054=VERTEX_POINT('',#13837);
#4055=VERTEX_POINT('',#13841);
#4056=VERTEX_POINT('',#13843);
#4057=VERTEX_POINT('',#13847);
#4058=VERTEX_POINT('',#13849);
#4059=VERTEX_POINT('',#13856);
#4060=VERTEX_POINT('',#13858);
#4061=VERTEX_POINT('',#13865);
#4062=VERTEX_POINT('',#13866);
#4063=VERTEX_POINT('',#13868);
#4064=VERTEX_POINT('',#13870);
#4065=VERTEX_POINT('',#13874);
#4066=VERTEX_POINT('',#13875);
#4067=VERTEX_POINT('',#13877);
#4068=VERTEX_POINT('',#13879);
#4069=VERTEX_POINT('',#13883);
#4070=VERTEX_POINT('',#13885);
#4071=VERTEX_POINT('',#13889);
#4072=VERTEX_POINT('',#13891);
#4073=VERTEX_POINT('',#13895);
#4074=VERTEX_POINT('',#13897);
#4075=VERTEX_POINT('',#13904);
#4076=VERTEX_POINT('',#13906);
#4077=VERTEX_POINT('',#13913);
#4078=VERTEX_POINT('',#13914);
#4079=VERTEX_POINT('',#13916);
#4080=VERTEX_POINT('',#13918);
#4081=VERTEX_POINT('',#13922);
#4082=VERTEX_POINT('',#13923);
#4083=VERTEX_POINT('',#13925);
#4084=VERTEX_POINT('',#13927);
#4085=VERTEX_POINT('',#13931);
#4086=VERTEX_POINT('',#13933);
#4087=VERTEX_POINT('',#13937);
#4088=VERTEX_POINT('',#13939);
#4089=VERTEX_POINT('',#13943);
#4090=VERTEX_POINT('',#13945);
#4091=VERTEX_POINT('',#13952);
#4092=VERTEX_POINT('',#13954);
#4093=VERTEX_POINT('',#13961);
#4094=VERTEX_POINT('',#13962);
#4095=VERTEX_POINT('',#13964);
#4096=VERTEX_POINT('',#13966);
#4097=VERTEX_POINT('',#13970);
#4098=VERTEX_POINT('',#13971);
#4099=VERTEX_POINT('',#13973);
#4100=VERTEX_POINT('',#13975);
#4101=VERTEX_POINT('',#13979);
#4102=VERTEX_POINT('',#13981);
#4103=VERTEX_POINT('',#13985);
#4104=VERTEX_POINT('',#13987);
#4105=VERTEX_POINT('',#13991);
#4106=VERTEX_POINT('',#13993);
#4107=VERTEX_POINT('',#14000);
#4108=VERTEX_POINT('',#14002);
#4109=VERTEX_POINT('',#14009);
#4110=VERTEX_POINT('',#14010);
#4111=VERTEX_POINT('',#14012);
#4112=VERTEX_POINT('',#14014);
#4113=VERTEX_POINT('',#14018);
#4114=VERTEX_POINT('',#14019);
#4115=VERTEX_POINT('',#14021);
#4116=VERTEX_POINT('',#14023);
#4117=VERTEX_POINT('',#14027);
#4118=VERTEX_POINT('',#14029);
#4119=VERTEX_POINT('',#14033);
#4120=VERTEX_POINT('',#14035);
#4121=VERTEX_POINT('',#14039);
#4122=VERTEX_POINT('',#14041);
#4123=VERTEX_POINT('',#14048);
#4124=VERTEX_POINT('',#14050);
#4125=VERTEX_POINT('',#14057);
#4126=VERTEX_POINT('',#14058);
#4127=VERTEX_POINT('',#14060);
#4128=VERTEX_POINT('',#14062);
#4129=VERTEX_POINT('',#14066);
#4130=VERTEX_POINT('',#14067);
#4131=VERTEX_POINT('',#14069);
#4132=VERTEX_POINT('',#14071);
#4133=VERTEX_POINT('',#14075);
#4134=VERTEX_POINT('',#14077);
#4135=VERTEX_POINT('',#14081);
#4136=VERTEX_POINT('',#14083);
#4137=VERTEX_POINT('',#14087);
#4138=VERTEX_POINT('',#14089);
#4139=VERTEX_POINT('',#14096);
#4140=VERTEX_POINT('',#14098);
#4141=VERTEX_POINT('',#14105);
#4142=VERTEX_POINT('',#14106);
#4143=VERTEX_POINT('',#14108);
#4144=VERTEX_POINT('',#14110);
#4145=VERTEX_POINT('',#14114);
#4146=VERTEX_POINT('',#14115);
#4147=VERTEX_POINT('',#14117);
#4148=VERTEX_POINT('',#14119);
#4149=VERTEX_POINT('',#14123);
#4150=VERTEX_POINT('',#14125);
#4151=VERTEX_POINT('',#14129);
#4152=VERTEX_POINT('',#14131);
#4153=VERTEX_POINT('',#14135);
#4154=VERTEX_POINT('',#14137);
#4155=VERTEX_POINT('',#14144);
#4156=VERTEX_POINT('',#14146);
#4157=VERTEX_POINT('',#14153);
#4158=VERTEX_POINT('',#14154);
#4159=VERTEX_POINT('',#14156);
#4160=VERTEX_POINT('',#14158);
#4161=VERTEX_POINT('',#14162);
#4162=VERTEX_POINT('',#14163);
#4163=VERTEX_POINT('',#14165);
#4164=VERTEX_POINT('',#14167);
#4165=VERTEX_POINT('',#14171);
#4166=VERTEX_POINT('',#14173);
#4167=VERTEX_POINT('',#14177);
#4168=VERTEX_POINT('',#14179);
#4169=VERTEX_POINT('',#14183);
#4170=VERTEX_POINT('',#14185);
#4171=VERTEX_POINT('',#14192);
#4172=VERTEX_POINT('',#14194);
#4173=VERTEX_POINT('',#14201);
#4174=VERTEX_POINT('',#14202);
#4175=VERTEX_POINT('',#14204);
#4176=VERTEX_POINT('',#14206);
#4177=VERTEX_POINT('',#14210);
#4178=VERTEX_POINT('',#14211);
#4179=VERTEX_POINT('',#14213);
#4180=VERTEX_POINT('',#14215);
#4181=VERTEX_POINT('',#14219);
#4182=VERTEX_POINT('',#14221);
#4183=VERTEX_POINT('',#14225);
#4184=VERTEX_POINT('',#14227);
#4185=VERTEX_POINT('',#14231);
#4186=VERTEX_POINT('',#14233);
#4187=VERTEX_POINT('',#14240);
#4188=VERTEX_POINT('',#14242);
#4189=VERTEX_POINT('',#14249);
#4190=VERTEX_POINT('',#14250);
#4191=VERTEX_POINT('',#14252);
#4192=VERTEX_POINT('',#14254);
#4193=VERTEX_POINT('',#14258);
#4194=VERTEX_POINT('',#14259);
#4195=VERTEX_POINT('',#14261);
#4196=VERTEX_POINT('',#14263);
#4197=VERTEX_POINT('',#14267);
#4198=VERTEX_POINT('',#14269);
#4199=VERTEX_POINT('',#14273);
#4200=VERTEX_POINT('',#14275);
#4201=VERTEX_POINT('',#14279);
#4202=VERTEX_POINT('',#14281);
#4203=VERTEX_POINT('',#14288);
#4204=VERTEX_POINT('',#14290);
#4205=VERTEX_POINT('',#14297);
#4206=VERTEX_POINT('',#14298);
#4207=VERTEX_POINT('',#14300);
#4208=VERTEX_POINT('',#14302);
#4209=VERTEX_POINT('',#14306);
#4210=VERTEX_POINT('',#14307);
#4211=VERTEX_POINT('',#14309);
#4212=VERTEX_POINT('',#14311);
#4213=VERTEX_POINT('',#14315);
#4214=VERTEX_POINT('',#14317);
#4215=VERTEX_POINT('',#14321);
#4216=VERTEX_POINT('',#14323);
#4217=VERTEX_POINT('',#14327);
#4218=VERTEX_POINT('',#14329);
#4219=VERTEX_POINT('',#14336);
#4220=VERTEX_POINT('',#14338);
#4221=VERTEX_POINT('',#14345);
#4222=VERTEX_POINT('',#14346);
#4223=VERTEX_POINT('',#14348);
#4224=VERTEX_POINT('',#14350);
#4225=VERTEX_POINT('',#14354);
#4226=VERTEX_POINT('',#14355);
#4227=VERTEX_POINT('',#14357);
#4228=VERTEX_POINT('',#14359);
#4229=VERTEX_POINT('',#14363);
#4230=VERTEX_POINT('',#14365);
#4231=VERTEX_POINT('',#14369);
#4232=VERTEX_POINT('',#14371);
#4233=VERTEX_POINT('',#14375);
#4234=VERTEX_POINT('',#14377);
#4235=VERTEX_POINT('',#14384);
#4236=VERTEX_POINT('',#14386);
#4237=VERTEX_POINT('',#14393);
#4238=VERTEX_POINT('',#14394);
#4239=VERTEX_POINT('',#14396);
#4240=VERTEX_POINT('',#14398);
#4241=VERTEX_POINT('',#14402);
#4242=VERTEX_POINT('',#14403);
#4243=VERTEX_POINT('',#14405);
#4244=VERTEX_POINT('',#14407);
#4245=VERTEX_POINT('',#14411);
#4246=VERTEX_POINT('',#14413);
#4247=VERTEX_POINT('',#14417);
#4248=VERTEX_POINT('',#14419);
#4249=VERTEX_POINT('',#14423);
#4250=VERTEX_POINT('',#14425);
#4251=VERTEX_POINT('',#14432);
#4252=VERTEX_POINT('',#14434);
#4253=VERTEX_POINT('',#14441);
#4254=VERTEX_POINT('',#14442);
#4255=VERTEX_POINT('',#14444);
#4256=VERTEX_POINT('',#14446);
#4257=VERTEX_POINT('',#14450);
#4258=VERTEX_POINT('',#14451);
#4259=VERTEX_POINT('',#14453);
#4260=VERTEX_POINT('',#14455);
#4261=VERTEX_POINT('',#14459);
#4262=VERTEX_POINT('',#14461);
#4263=VERTEX_POINT('',#14465);
#4264=VERTEX_POINT('',#14467);
#4265=VERTEX_POINT('',#14471);
#4266=VERTEX_POINT('',#14473);
#4267=VERTEX_POINT('',#14480);
#4268=VERTEX_POINT('',#14482);
#4269=VERTEX_POINT('',#14489);
#4270=VERTEX_POINT('',#14490);
#4271=VERTEX_POINT('',#14492);
#4272=VERTEX_POINT('',#14494);
#4273=VERTEX_POINT('',#14498);
#4274=VERTEX_POINT('',#14499);
#4275=VERTEX_POINT('',#14501);
#4276=VERTEX_POINT('',#14503);
#4277=VERTEX_POINT('',#14507);
#4278=VERTEX_POINT('',#14509);
#4279=VERTEX_POINT('',#14513);
#4280=VERTEX_POINT('',#14515);
#4281=VERTEX_POINT('',#14519);
#4282=VERTEX_POINT('',#14521);
#4283=VERTEX_POINT('',#14528);
#4284=VERTEX_POINT('',#14530);
#4285=VERTEX_POINT('',#14537);
#4286=VERTEX_POINT('',#14538);
#4287=VERTEX_POINT('',#14540);
#4288=VERTEX_POINT('',#14542);
#4289=VERTEX_POINT('',#14546);
#4290=VERTEX_POINT('',#14547);
#4291=VERTEX_POINT('',#14549);
#4292=VERTEX_POINT('',#14551);
#4293=VERTEX_POINT('',#14555);
#4294=VERTEX_POINT('',#14557);
#4295=VERTEX_POINT('',#14561);
#4296=VERTEX_POINT('',#14563);
#4297=VERTEX_POINT('',#14567);
#4298=VERTEX_POINT('',#14569);
#4299=VERTEX_POINT('',#14576);
#4300=VERTEX_POINT('',#14578);
#4301=VERTEX_POINT('',#14585);
#4302=VERTEX_POINT('',#14586);
#4303=VERTEX_POINT('',#14588);
#4304=VERTEX_POINT('',#14590);
#4305=VERTEX_POINT('',#14594);
#4306=VERTEX_POINT('',#14595);
#4307=VERTEX_POINT('',#14597);
#4308=VERTEX_POINT('',#14599);
#4309=VERTEX_POINT('',#14603);
#4310=VERTEX_POINT('',#14605);
#4311=VERTEX_POINT('',#14609);
#4312=VERTEX_POINT('',#14611);
#4313=VERTEX_POINT('',#14615);
#4314=VERTEX_POINT('',#14617);
#4315=VERTEX_POINT('',#14624);
#4316=VERTEX_POINT('',#14626);
#4317=VERTEX_POINT('',#14633);
#4318=VERTEX_POINT('',#14634);
#4319=VERTEX_POINT('',#14636);
#4320=VERTEX_POINT('',#14638);
#4321=VERTEX_POINT('',#14642);
#4322=VERTEX_POINT('',#14643);
#4323=VERTEX_POINT('',#14645);
#4324=VERTEX_POINT('',#14647);
#4325=VERTEX_POINT('',#14651);
#4326=VERTEX_POINT('',#14653);
#4327=VERTEX_POINT('',#14657);
#4328=VERTEX_POINT('',#14659);
#4329=VERTEX_POINT('',#14663);
#4330=VERTEX_POINT('',#14665);
#4331=VERTEX_POINT('',#14672);
#4332=VERTEX_POINT('',#14674);
#4333=VERTEX_POINT('',#14681);
#4334=VERTEX_POINT('',#14682);
#4335=VERTEX_POINT('',#14684);
#4336=VERTEX_POINT('',#14686);
#4337=VERTEX_POINT('',#14690);
#4338=VERTEX_POINT('',#14691);
#4339=VERTEX_POINT('',#14693);
#4340=VERTEX_POINT('',#14695);
#4341=VERTEX_POINT('',#14699);
#4342=VERTEX_POINT('',#14701);
#4343=VERTEX_POINT('',#14705);
#4344=VERTEX_POINT('',#14707);
#4345=VERTEX_POINT('',#14711);
#4346=VERTEX_POINT('',#14713);
#4347=VERTEX_POINT('',#14720);
#4348=VERTEX_POINT('',#14722);
#4349=VERTEX_POINT('',#14729);
#4350=VERTEX_POINT('',#14730);
#4351=VERTEX_POINT('',#14732);
#4352=VERTEX_POINT('',#14734);
#4353=VERTEX_POINT('',#14738);
#4354=VERTEX_POINT('',#14739);
#4355=VERTEX_POINT('',#14741);
#4356=VERTEX_POINT('',#14743);
#4357=VERTEX_POINT('',#14747);
#4358=VERTEX_POINT('',#14749);
#4359=VERTEX_POINT('',#14753);
#4360=VERTEX_POINT('',#14755);
#4361=VERTEX_POINT('',#14759);
#4362=VERTEX_POINT('',#14761);
#4363=VERTEX_POINT('',#14768);
#4364=VERTEX_POINT('',#14770);
#4365=VERTEX_POINT('',#14777);
#4366=VERTEX_POINT('',#14778);
#4367=VERTEX_POINT('',#14780);
#4368=VERTEX_POINT('',#14782);
#4369=VERTEX_POINT('',#14786);
#4370=VERTEX_POINT('',#14787);
#4371=VERTEX_POINT('',#14789);
#4372=VERTEX_POINT('',#14791);
#4373=VERTEX_POINT('',#14795);
#4374=VERTEX_POINT('',#14797);
#4375=VERTEX_POINT('',#14801);
#4376=VERTEX_POINT('',#14803);
#4377=VERTEX_POINT('',#14807);
#4378=VERTEX_POINT('',#14809);
#4379=VERTEX_POINT('',#14816);
#4380=VERTEX_POINT('',#14818);
#4381=VERTEX_POINT('',#14825);
#4382=VERTEX_POINT('',#14826);
#4383=VERTEX_POINT('',#14828);
#4384=VERTEX_POINT('',#14830);
#4385=VERTEX_POINT('',#14834);
#4386=VERTEX_POINT('',#14835);
#4387=VERTEX_POINT('',#14837);
#4388=VERTEX_POINT('',#14839);
#4389=VERTEX_POINT('',#14843);
#4390=VERTEX_POINT('',#14845);
#4391=VERTEX_POINT('',#14849);
#4392=VERTEX_POINT('',#14851);
#4393=VERTEX_POINT('',#14855);
#4394=VERTEX_POINT('',#14857);
#4395=VERTEX_POINT('',#14864);
#4396=VERTEX_POINT('',#14866);
#4397=VERTEX_POINT('',#14873);
#4398=VERTEX_POINT('',#14874);
#4399=VERTEX_POINT('',#14876);
#4400=VERTEX_POINT('',#14878);
#4401=VERTEX_POINT('',#14882);
#4402=VERTEX_POINT('',#14884);
#4403=VERTEX_POINT('',#14888);
#4404=VERTEX_POINT('',#14890);
#4405=VERTEX_POINT('',#14897);
#4406=VERTEX_POINT('',#14898);
#4407=VERTEX_POINT('',#14900);
#4408=VERTEX_POINT('',#14902);
#4409=VERTEX_POINT('',#14906);
#4410=VERTEX_POINT('',#14908);
#4411=VERTEX_POINT('',#14912);
#4412=VERTEX_POINT('',#14914);
#4413=VERTEX_POINT('',#14921);
#4414=VERTEX_POINT('',#14922);
#4415=VERTEX_POINT('',#14924);
#4416=VERTEX_POINT('',#14926);
#4417=VERTEX_POINT('',#14930);
#4418=VERTEX_POINT('',#14932);
#4419=VERTEX_POINT('',#14936);
#4420=VERTEX_POINT('',#14938);
#4421=VERTEX_POINT('',#14945);
#4422=VERTEX_POINT('',#14946);
#4423=VERTEX_POINT('',#14948);
#4424=VERTEX_POINT('',#14950);
#4425=VERTEX_POINT('',#14954);
#4426=VERTEX_POINT('',#14956);
#4427=VERTEX_POINT('',#14960);
#4428=VERTEX_POINT('',#14962);
#4429=VERTEX_POINT('',#14969);
#4430=VERTEX_POINT('',#14970);
#4431=VERTEX_POINT('',#14972);
#4432=VERTEX_POINT('',#14974);
#4433=VERTEX_POINT('',#14978);
#4434=VERTEX_POINT('',#14980);
#4435=VERTEX_POINT('',#14984);
#4436=VERTEX_POINT('',#14986);
#4437=VERTEX_POINT('',#14993);
#4438=VERTEX_POINT('',#14994);
#4439=VERTEX_POINT('',#14996);
#4440=VERTEX_POINT('',#14998);
#4441=VERTEX_POINT('',#15002);
#4442=VERTEX_POINT('',#15004);
#4443=VERTEX_POINT('',#15008);
#4444=VERTEX_POINT('',#15010);
#4445=VERTEX_POINT('',#15017);
#4446=VERTEX_POINT('',#15018);
#4447=VERTEX_POINT('',#15020);
#4448=VERTEX_POINT('',#15022);
#4449=VERTEX_POINT('',#15026);
#4450=VERTEX_POINT('',#15028);
#4451=VERTEX_POINT('',#15032);
#4452=VERTEX_POINT('',#15034);
#4453=VERTEX_POINT('',#15041);
#4454=VERTEX_POINT('',#15042);
#4455=VERTEX_POINT('',#15044);
#4456=VERTEX_POINT('',#15046);
#4457=VERTEX_POINT('',#15050);
#4458=VERTEX_POINT('',#15052);
#4459=VERTEX_POINT('',#15056);
#4460=VERTEX_POINT('',#15058);
#4461=VERTEX_POINT('',#15065);
#4462=VERTEX_POINT('',#15066);
#4463=VERTEX_POINT('',#15068);
#4464=VERTEX_POINT('',#15070);
#4465=VERTEX_POINT('',#15074);
#4466=VERTEX_POINT('',#15076);
#4467=VERTEX_POINT('',#15080);
#4468=VERTEX_POINT('',#15082);
#4469=VERTEX_POINT('',#15089);
#4470=VERTEX_POINT('',#15090);
#4471=VERTEX_POINT('',#15092);
#4472=VERTEX_POINT('',#15094);
#4473=VERTEX_POINT('',#15098);
#4474=VERTEX_POINT('',#15100);
#4475=VERTEX_POINT('',#15104);
#4476=VERTEX_POINT('',#15106);
#4477=VERTEX_POINT('',#15113);
#4478=VERTEX_POINT('',#15114);
#4479=VERTEX_POINT('',#15116);
#4480=VERTEX_POINT('',#15118);
#4481=VERTEX_POINT('',#15122);
#4482=VERTEX_POINT('',#15124);
#4483=VERTEX_POINT('',#15128);
#4484=VERTEX_POINT('',#15130);
#4485=VERTEX_POINT('',#15137);
#4486=VERTEX_POINT('',#15138);
#4487=VERTEX_POINT('',#15140);
#4488=VERTEX_POINT('',#15142);
#4489=VERTEX_POINT('',#15146);
#4490=VERTEX_POINT('',#15148);
#4491=VERTEX_POINT('',#15152);
#4492=VERTEX_POINT('',#15154);
#4493=VERTEX_POINT('',#15161);
#4494=VERTEX_POINT('',#15162);
#4495=VERTEX_POINT('',#15164);
#4496=VERTEX_POINT('',#15166);
#4497=VERTEX_POINT('',#15170);
#4498=VERTEX_POINT('',#15172);
#4499=VERTEX_POINT('',#15176);
#4500=VERTEX_POINT('',#15178);
#4501=VERTEX_POINT('',#15185);
#4502=VERTEX_POINT('',#15186);
#4503=VERTEX_POINT('',#15188);
#4504=VERTEX_POINT('',#15190);
#4505=VERTEX_POINT('',#15194);
#4506=VERTEX_POINT('',#15196);
#4507=VERTEX_POINT('',#15200);
#4508=VERTEX_POINT('',#15202);
#4509=VERTEX_POINT('',#15209);
#4510=VERTEX_POINT('',#15210);
#4511=VERTEX_POINT('',#15212);
#4512=VERTEX_POINT('',#15214);
#4513=VERTEX_POINT('',#15218);
#4514=VERTEX_POINT('',#15220);
#4515=VERTEX_POINT('',#15224);
#4516=VERTEX_POINT('',#15226);
#4517=VERTEX_POINT('',#15233);
#4518=VERTEX_POINT('',#15234);
#4519=VERTEX_POINT('',#15236);
#4520=VERTEX_POINT('',#15238);
#4521=VERTEX_POINT('',#15242);
#4522=VERTEX_POINT('',#15244);
#4523=VERTEX_POINT('',#15248);
#4524=VERTEX_POINT('',#15250);
#4525=VERTEX_POINT('',#15257);
#4526=VERTEX_POINT('',#15258);
#4527=VERTEX_POINT('',#15260);
#4528=VERTEX_POINT('',#15262);
#4529=VERTEX_POINT('',#15266);
#4530=VERTEX_POINT('',#15268);
#4531=VERTEX_POINT('',#15272);
#4532=VERTEX_POINT('',#15274);
#4533=VERTEX_POINT('',#15281);
#4534=VERTEX_POINT('',#15282);
#4535=VERTEX_POINT('',#15284);
#4536=VERTEX_POINT('',#15286);
#4537=VERTEX_POINT('',#15290);
#4538=VERTEX_POINT('',#15292);
#4539=VERTEX_POINT('',#15296);
#4540=VERTEX_POINT('',#15298);
#4541=VERTEX_POINT('',#15305);
#4542=VERTEX_POINT('',#15306);
#4543=VERTEX_POINT('',#15308);
#4544=VERTEX_POINT('',#15310);
#4545=VERTEX_POINT('',#15314);
#4546=VERTEX_POINT('',#15316);
#4547=VERTEX_POINT('',#15320);
#4548=VERTEX_POINT('',#15322);
#4549=VERTEX_POINT('',#15329);
#4550=VERTEX_POINT('',#15330);
#4551=VERTEX_POINT('',#15332);
#4552=VERTEX_POINT('',#15334);
#4553=VERTEX_POINT('',#15338);
#4554=VERTEX_POINT('',#15340);
#4555=VERTEX_POINT('',#15344);
#4556=VERTEX_POINT('',#15346);
#4557=VERTEX_POINT('',#15353);
#4558=VERTEX_POINT('',#15354);
#4559=VERTEX_POINT('',#15356);
#4560=VERTEX_POINT('',#15358);
#4561=VERTEX_POINT('',#15362);
#4562=VERTEX_POINT('',#15364);
#4563=VERTEX_POINT('',#15368);
#4564=VERTEX_POINT('',#15370);
#4565=VERTEX_POINT('',#15377);
#4566=VERTEX_POINT('',#15378);
#4567=VERTEX_POINT('',#15380);
#4568=VERTEX_POINT('',#15382);
#4569=VERTEX_POINT('',#15386);
#4570=VERTEX_POINT('',#15388);
#4571=VERTEX_POINT('',#15392);
#4572=VERTEX_POINT('',#15394);
#4573=VERTEX_POINT('',#15401);
#4574=VERTEX_POINT('',#15402);
#4575=VERTEX_POINT('',#15404);
#4576=VERTEX_POINT('',#15406);
#4577=VERTEX_POINT('',#15410);
#4578=VERTEX_POINT('',#15412);
#4579=VERTEX_POINT('',#15416);
#4580=VERTEX_POINT('',#15418);
#4581=VERTEX_POINT('',#15425);
#4582=VERTEX_POINT('',#15426);
#4583=VERTEX_POINT('',#15428);
#4584=VERTEX_POINT('',#15430);
#4585=VERTEX_POINT('',#15434);
#4586=VERTEX_POINT('',#15436);
#4587=VERTEX_POINT('',#15440);
#4588=VERTEX_POINT('',#15442);
#4589=VERTEX_POINT('',#15449);
#4590=VERTEX_POINT('',#15450);
#4591=VERTEX_POINT('',#15452);
#4592=VERTEX_POINT('',#15454);
#4593=VERTEX_POINT('',#15458);
#4594=VERTEX_POINT('',#15460);
#4595=VERTEX_POINT('',#15464);
#4596=VERTEX_POINT('',#15466);
#4597=VERTEX_POINT('',#15473);
#4598=VERTEX_POINT('',#15474);
#4599=VERTEX_POINT('',#15476);
#4600=VERTEX_POINT('',#15478);
#4601=VERTEX_POINT('',#15482);
#4602=VERTEX_POINT('',#15484);
#4603=VERTEX_POINT('',#15488);
#4604=VERTEX_POINT('',#15490);
#4605=VERTEX_POINT('',#15497);
#4606=VERTEX_POINT('',#15498);
#4607=VERTEX_POINT('',#15500);
#4608=VERTEX_POINT('',#15502);
#4609=VERTEX_POINT('',#15506);
#4610=VERTEX_POINT('',#15508);
#4611=VERTEX_POINT('',#15512);
#4612=VERTEX_POINT('',#15514);
#4613=VERTEX_POINT('',#15521);
#4614=VERTEX_POINT('',#15522);
#4615=VERTEX_POINT('',#15524);
#4616=VERTEX_POINT('',#15526);
#4617=VERTEX_POINT('',#15530);
#4618=VERTEX_POINT('',#15532);
#4619=VERTEX_POINT('',#15536);
#4620=VERTEX_POINT('',#15538);
#4621=VERTEX_POINT('',#15545);
#4622=VERTEX_POINT('',#15546);
#4623=VERTEX_POINT('',#15548);
#4624=VERTEX_POINT('',#15550);
#4625=VERTEX_POINT('',#15554);
#4626=VERTEX_POINT('',#15556);
#4627=VERTEX_POINT('',#15560);
#4628=VERTEX_POINT('',#15562);
#4629=VERTEX_POINT('',#15569);
#4630=VERTEX_POINT('',#15570);
#4631=VERTEX_POINT('',#15572);
#4632=VERTEX_POINT('',#15574);
#4633=VERTEX_POINT('',#15578);
#4634=VERTEX_POINT('',#15580);
#4635=VERTEX_POINT('',#15584);
#4636=VERTEX_POINT('',#15586);
#4637=VERTEX_POINT('',#15593);
#4638=VERTEX_POINT('',#15594);
#4639=VERTEX_POINT('',#15596);
#4640=VERTEX_POINT('',#15598);
#4641=VERTEX_POINT('',#15602);
#4642=VERTEX_POINT('',#15604);
#4643=VERTEX_POINT('',#15608);
#4644=VERTEX_POINT('',#15610);
#4645=VERTEX_POINT('',#15617);
#4646=VERTEX_POINT('',#15618);
#4647=VERTEX_POINT('',#15620);
#4648=VERTEX_POINT('',#15622);
#4649=VERTEX_POINT('',#15626);
#4650=VERTEX_POINT('',#15628);
#4651=VERTEX_POINT('',#15632);
#4652=VERTEX_POINT('',#15634);
#4653=VERTEX_POINT('',#15641);
#4654=VERTEX_POINT('',#15642);
#4655=VERTEX_POINT('',#15644);
#4656=VERTEX_POINT('',#15646);
#4657=VERTEX_POINT('',#15650);
#4658=VERTEX_POINT('',#15652);
#4659=VERTEX_POINT('',#15656);
#4660=VERTEX_POINT('',#15658);
#4661=VERTEX_POINT('',#15665);
#4662=VERTEX_POINT('',#15666);
#4663=VERTEX_POINT('',#15668);
#4664=VERTEX_POINT('',#15670);
#4665=VERTEX_POINT('',#15674);
#4666=VERTEX_POINT('',#15676);
#4667=VERTEX_POINT('',#15680);
#4668=VERTEX_POINT('',#15682);
#4669=VERTEX_POINT('',#15689);
#4670=VERTEX_POINT('',#15690);
#4671=VERTEX_POINT('',#15692);
#4672=VERTEX_POINT('',#15694);
#4673=VERTEX_POINT('',#15698);
#4674=VERTEX_POINT('',#15700);
#4675=VERTEX_POINT('',#15704);
#4676=VERTEX_POINT('',#15706);
#4677=VERTEX_POINT('',#15713);
#4678=VERTEX_POINT('',#15714);
#4679=VERTEX_POINT('',#15716);
#4680=VERTEX_POINT('',#15718);
#4681=VERTEX_POINT('',#15722);
#4682=VERTEX_POINT('',#15724);
#4683=VERTEX_POINT('',#15728);
#4684=VERTEX_POINT('',#15730);
#4685=VERTEX_POINT('',#15737);
#4686=VERTEX_POINT('',#15738);
#4687=VERTEX_POINT('',#15740);
#4688=VERTEX_POINT('',#15742);
#4689=VERTEX_POINT('',#15746);
#4690=VERTEX_POINT('',#15748);
#4691=VERTEX_POINT('',#15752);
#4692=VERTEX_POINT('',#15754);
#4693=VERTEX_POINT('',#15761);
#4694=VERTEX_POINT('',#15762);
#4695=VERTEX_POINT('',#15764);
#4696=VERTEX_POINT('',#15766);
#4697=VERTEX_POINT('',#15770);
#4698=VERTEX_POINT('',#15772);
#4699=VERTEX_POINT('',#15776);
#4700=VERTEX_POINT('',#15778);
#4701=VERTEX_POINT('',#15785);
#4702=VERTEX_POINT('',#15786);
#4703=VERTEX_POINT('',#15788);
#4704=VERTEX_POINT('',#15790);
#4705=VERTEX_POINT('',#15794);
#4706=VERTEX_POINT('',#15796);
#4707=VERTEX_POINT('',#15800);
#4708=VERTEX_POINT('',#15802);
#4709=VERTEX_POINT('',#15809);
#4710=VERTEX_POINT('',#15810);
#4711=VERTEX_POINT('',#15812);
#4712=VERTEX_POINT('',#15814);
#4713=VERTEX_POINT('',#15818);
#4714=VERTEX_POINT('',#15820);
#4715=VERTEX_POINT('',#15824);
#4716=VERTEX_POINT('',#15826);
#4717=VERTEX_POINT('',#15833);
#4718=VERTEX_POINT('',#15834);
#4719=VERTEX_POINT('',#15836);
#4720=VERTEX_POINT('',#15838);
#4721=VERTEX_POINT('',#15842);
#4722=VERTEX_POINT('',#15844);
#4723=VERTEX_POINT('',#15848);
#4724=VERTEX_POINT('',#15850);
#4725=VERTEX_POINT('',#15857);
#4726=VERTEX_POINT('',#15858);
#4727=VERTEX_POINT('',#15860);
#4728=VERTEX_POINT('',#15862);
#4729=VERTEX_POINT('',#15866);
#4730=VERTEX_POINT('',#15868);
#4731=VERTEX_POINT('',#15872);
#4732=VERTEX_POINT('',#15874);
#4733=VERTEX_POINT('',#15881);
#4734=VERTEX_POINT('',#15882);
#4735=VERTEX_POINT('',#15884);
#4736=VERTEX_POINT('',#15886);
#4737=VERTEX_POINT('',#15890);
#4738=VERTEX_POINT('',#15892);
#4739=VERTEX_POINT('',#15896);
#4740=VERTEX_POINT('',#15898);
#4741=VERTEX_POINT('',#15905);
#4742=VERTEX_POINT('',#15906);
#4743=VERTEX_POINT('',#15908);
#4744=VERTEX_POINT('',#15910);
#4745=VERTEX_POINT('',#15914);
#4746=VERTEX_POINT('',#15916);
#4747=VERTEX_POINT('',#15920);
#4748=VERTEX_POINT('',#15922);
#4749=VERTEX_POINT('',#15929);
#4750=VERTEX_POINT('',#15954);
#4751=VERTEX_POINT('',#15958);
#4752=VERTEX_POINT('',#15964);
#4753=VERTEX_POINT('',#15968);
#4754=VERTEX_POINT('',#15974);
#4755=VERTEX_POINT('',#15976);
#4756=VERTEX_POINT('',#15980);
#4757=VERTEX_POINT('',#15984);
#4758=VERTEX_POINT('',#15988);
#4759=VERTEX_POINT('',#15992);
#4760=VERTEX_POINT('',#15996);
#4761=VERTEX_POINT('',#16000);
#4762=EDGE_CURVE('',#3858,#3858,#3416,.T.);
#4763=EDGE_CURVE('',#3859,#3859,#3417,.T.);
#4764=EDGE_CURVE('',#3859,#3860,#246,.T.);
#4765=EDGE_CURVE('',#3860,#3860,#3418,.T.);
#4766=EDGE_CURVE('',#3861,#3861,#3419,.T.);
#4767=EDGE_CURVE('',#3862,#3863,#3420,.T.);
#4768=EDGE_CURVE('',#3864,#3862,#247,.T.);
#4769=EDGE_CURVE('',#3865,#3864,#3421,.T.);
#4770=EDGE_CURVE('',#3865,#3863,#248,.T.);
#4771=EDGE_CURVE('',#3866,#3862,#249,.T.);
#4772=EDGE_CURVE('',#3867,#3866,#250,.T.);
#4773=EDGE_CURVE('',#3868,#3867,#251,.T.);
#4774=EDGE_CURVE('',#3864,#3868,#252,.T.);
#4775=EDGE_CURVE('',#3863,#3869,#253,.T.);
#4776=EDGE_CURVE('',#3865,#3870,#254,.T.);
#4777=EDGE_CURVE('',#3870,#3871,#255,.T.);
#4778=EDGE_CURVE('',#3871,#3869,#256,.T.);
#4779=EDGE_CURVE('',#3870,#3868,#3422,.T.);
#4780=EDGE_CURVE('',#3872,#3873,#3423,.T.);
#4781=EDGE_CURVE('',#3874,#3872,#257,.T.);
#4782=EDGE_CURVE('',#3875,#3874,#3424,.T.);
#4783=EDGE_CURVE('',#3876,#3875,#258,.T.);
#4784=EDGE_CURVE('',#3877,#3876,#3425,.T.);
#4785=EDGE_CURVE('',#3878,#3877,#259,.T.);
#4786=EDGE_CURVE('',#3879,#3878,#3426,.T.);
#4787=EDGE_CURVE('',#3873,#3879,#260,.T.);
#4788=EDGE_CURVE('',#3880,#3880,#3427,.T.);
#4789=EDGE_CURVE('',#3881,#3868,#261,.T.);
#4790=EDGE_CURVE('',#3882,#3881,#3428,.T.);
#4791=EDGE_CURVE('',#3882,#3870,#262,.T.);
#4792=EDGE_CURVE('',#3883,#3884,#3429,.T.);
#4793=EDGE_CURVE('',#3885,#3884,#19,.F.);
#4794=EDGE_CURVE('',#3886,#3885,#20,.F.);
#4795=EDGE_CURVE('',#3886,#3887,#3430,.T.);
#4796=EDGE_CURVE('',#3888,#3887,#21,.F.);
#4797=EDGE_CURVE('',#3883,#3888,#22,.F.);
#4798=EDGE_CURVE('',#3889,#3890,#23,.T.);
#4799=EDGE_CURVE('',#3891,#3889,#3431,.T.);
#4800=EDGE_CURVE('',#3892,#3891,#24,.T.);
#4801=EDGE_CURVE('',#3893,#3892,#263,.T.);
#4802=EDGE_CURVE('',#3893,#3894,#3432,.T.);
#4803=EDGE_CURVE('',#3894,#3890,#264,.T.);
#4804=EDGE_CURVE('',#3895,#3892,#265,.T.);
#4805=EDGE_CURVE('',#3896,#3895,#266,.T.);
#4806=EDGE_CURVE('',#3893,#3896,#267,.T.);
#4807=EDGE_CURVE('',#3858,#3861,#268,.T.);
#4808=EDGE_CURVE('',#3897,#3890,#269,.T.);
#4809=EDGE_CURVE('',#3898,#3894,#270,.T.);
#4810=EDGE_CURVE('',#3898,#3897,#271,.T.);
#4811=EDGE_CURVE('',#3898,#3896,#3433,.T.);
#4812=EDGE_CURVE('',#3899,#3896,#272,.T.);
#4813=EDGE_CURVE('',#3900,#3899,#3434,.T.);
#4814=EDGE_CURVE('',#3900,#3898,#273,.T.);
#4815=EDGE_CURVE('',#3901,#3902,#3435,.T.);
#4816=EDGE_CURVE('',#3903,#3902,#25,.F.);
#4817=EDGE_CURVE('',#3904,#3903,#26,.F.);
#4818=EDGE_CURVE('',#3904,#3905,#3436,.T.);
#4819=EDGE_CURVE('',#3905,#3906,#27,.T.);
#4820=EDGE_CURVE('',#3906,#3907,#274,.T.);
#4821=EDGE_CURVE('',#3901,#3907,#28,.F.);
#4822=EDGE_CURVE('',#3908,#3874,#275,.T.);
#4823=EDGE_CURVE('',#3908,#3909,#3437,.T.);
#4824=EDGE_CURVE('',#3909,#3875,#276,.T.);
#4825=EDGE_CURVE('',#3910,#3911,#3438,.T.);
#4826=EDGE_CURVE('',#3912,#3910,#277,.T.);
#4827=EDGE_CURVE('',#3913,#3912,#3439,.T.);
#4828=EDGE_CURVE('',#3913,#3911,#278,.T.);
#4829=EDGE_CURVE('',#3914,#3910,#279,.T.);
#4830=EDGE_CURVE('',#3915,#3914,#280,.T.);
#4831=EDGE_CURVE('',#3916,#3915,#281,.T.);
#4832=EDGE_CURVE('',#3912,#3916,#282,.T.);
#4833=EDGE_CURVE('',#3911,#3917,#283,.T.);
#4834=EDGE_CURVE('',#3913,#3918,#284,.T.);
#4835=EDGE_CURVE('',#3918,#3919,#285,.T.);
#4836=EDGE_CURVE('',#3917,#3919,#286,.T.);
#4837=EDGE_CURVE('',#3918,#3916,#3440,.T.);
#4838=EDGE_CURVE('',#3878,#3920,#287,.T.);
#4839=EDGE_CURVE('',#3920,#3921,#3441,.T.);
#4840=EDGE_CURVE('',#3921,#3879,#288,.T.);
#4841=EDGE_CURVE('',#3922,#3916,#289,.T.);
#4842=EDGE_CURVE('',#3923,#3922,#3442,.T.);
#4843=EDGE_CURVE('',#3923,#3918,#290,.T.);
#4844=EDGE_CURVE('',#3924,#3925,#3443,.T.);
#4845=EDGE_CURVE('',#3926,#3925,#29,.F.);
#4846=EDGE_CURVE('',#3927,#3926,#30,.F.);
#4847=EDGE_CURVE('',#3927,#3928,#3444,.T.);
#4848=EDGE_CURVE('',#3929,#3928,#31,.F.);
#4849=EDGE_CURVE('',#3924,#3929,#32,.F.);
#4850=EDGE_CURVE('',#3930,#3931,#3445,.T.);
#4851=EDGE_CURVE('',#3932,#3930,#291,.T.);
#4852=EDGE_CURVE('',#3933,#3932,#3446,.T.);
#4853=EDGE_CURVE('',#3933,#3931,#292,.T.);
#4854=EDGE_CURVE('',#3934,#3930,#293,.T.);
#4855=EDGE_CURVE('',#3935,#3934,#294,.T.);
#4856=EDGE_CURVE('',#3936,#3935,#295,.T.);
#4857=EDGE_CURVE('',#3932,#3936,#296,.T.);
#4858=EDGE_CURVE('',#3931,#3937,#297,.T.);
#4859=EDGE_CURVE('',#3933,#3938,#298,.T.);
#4860=EDGE_CURVE('',#3938,#3939,#299,.T.);
#4861=EDGE_CURVE('',#3939,#3937,#300,.T.);
#4862=EDGE_CURVE('',#3938,#3936,#3447,.T.);
#4863=EDGE_CURVE('',#3940,#3936,#301,.T.);
#4864=EDGE_CURVE('',#3941,#3940,#3448,.T.);
#4865=EDGE_CURVE('',#3941,#3938,#302,.T.);
#4866=EDGE_CURVE('',#3942,#3943,#3449,.T.);
#4867=EDGE_CURVE('',#3944,#3943,#33,.F.);
#4868=EDGE_CURVE('',#3945,#3944,#34,.F.);
#4869=EDGE_CURVE('',#3945,#3946,#3450,.T.);
#4870=EDGE_CURVE('',#3947,#3946,#35,.F.);
#4871=EDGE_CURVE('',#3942,#3947,#36,.F.);
#4872=EDGE_CURVE('',#3884,#3883,#303,.T.);
#4873=EDGE_CURVE('',#3885,#3888,#304,.T.);
#4874=EDGE_CURVE('',#3887,#3886,#305,.T.);
#4875=EDGE_CURVE('',#3929,#3926,#306,.T.);
#4876=EDGE_CURVE('',#3928,#3927,#307,.T.);
#4877=EDGE_CURVE('',#3925,#3924,#308,.T.);
#4878=EDGE_CURVE('',#3907,#3948,#309,.T.);
#4879=EDGE_CURVE('',#3903,#3948,#310,.T.);
#4880=EDGE_CURVE('',#3902,#3901,#311,.T.);
#4881=EDGE_CURVE('',#3948,#3906,#312,.T.);
#4882=EDGE_CURVE('',#3905,#3904,#313,.T.);
#4883=EDGE_CURVE('',#3944,#3947,#314,.T.);
#4884=EDGE_CURVE('',#3943,#3942,#315,.T.);
#4885=EDGE_CURVE('',#3946,#3945,#316,.T.);
#4886=EDGE_CURVE('',#3949,#3950,#317,.T.);
#4887=EDGE_CURVE('',#3951,#3949,#318,.T.);
#4888=EDGE_CURVE('',#3952,#3951,#319,.T.);
#4889=EDGE_CURVE('',#3952,#3950,#320,.T.);
#4890=EDGE_CURVE('',#3953,#3954,#321,.T.);
#4891=EDGE_CURVE('',#3953,#3955,#322,.T.);
#4892=EDGE_CURVE('',#3956,#3955,#323,.T.);
#4893=EDGE_CURVE('',#3954,#3956,#324,.T.);
#4894=EDGE_CURVE('',#3957,#3949,#3451,.T.);
#4895=EDGE_CURVE('',#3958,#3957,#325,.T.);
#4896=EDGE_CURVE('',#3951,#3958,#3452,.T.);
#4897=EDGE_CURVE('',#3954,#3959,#3453,.T.);
#4898=EDGE_CURVE('',#3960,#3956,#3454,.T.);
#4899=EDGE_CURVE('',#3959,#3960,#326,.T.);
#4900=EDGE_CURVE('',#3950,#3961,#3455,.T.);
#4901=EDGE_CURVE('',#3962,#3952,#3456,.T.);
#4902=EDGE_CURVE('',#3962,#3961,#327,.T.);
#4903=EDGE_CURVE('',#3961,#3957,#328,.T.);
#4904=EDGE_CURVE('',#3958,#3962,#329,.T.);
#4905=EDGE_CURVE('',#3959,#3963,#330,.T.);
#4906=EDGE_CURVE('',#3964,#3960,#331,.T.);
#4907=EDGE_CURVE('',#3963,#3964,#332,.T.);
#4908=EDGE_CURVE('',#3963,#3953,#3457,.T.);
#4909=EDGE_CURVE('',#3955,#3964,#3458,.T.);
#4910=EDGE_CURVE('',#3965,#3966,#333,.T.);
#4911=EDGE_CURVE('',#3967,#3965,#334,.T.);
#4912=EDGE_CURVE('',#3968,#3967,#335,.T.);
#4913=EDGE_CURVE('',#3968,#3966,#336,.T.);
#4914=EDGE_CURVE('',#3969,#3970,#337,.T.);
#4915=EDGE_CURVE('',#3969,#3971,#338,.T.);
#4916=EDGE_CURVE('',#3972,#3971,#339,.T.);
#4917=EDGE_CURVE('',#3970,#3972,#340,.T.);
#4918=EDGE_CURVE('',#3973,#3965,#3459,.T.);
#4919=EDGE_CURVE('',#3974,#3973,#341,.T.);
#4920=EDGE_CURVE('',#3967,#3974,#3460,.T.);
#4921=EDGE_CURVE('',#3970,#3975,#3461,.T.);
#4922=EDGE_CURVE('',#3976,#3972,#3462,.T.);
#4923=EDGE_CURVE('',#3975,#3976,#342,.T.);
#4924=EDGE_CURVE('',#3966,#3977,#3463,.T.);
#4925=EDGE_CURVE('',#3978,#3968,#3464,.T.);
#4926=EDGE_CURVE('',#3978,#3977,#343,.T.);
#4927=EDGE_CURVE('',#3977,#3973,#344,.T.);
#4928=EDGE_CURVE('',#3974,#3978,#345,.T.);
#4929=EDGE_CURVE('',#3975,#3979,#346,.T.);
#4930=EDGE_CURVE('',#3980,#3976,#347,.T.);
#4931=EDGE_CURVE('',#3979,#3980,#348,.T.);
#4932=EDGE_CURVE('',#3979,#3969,#3465,.T.);
#4933=EDGE_CURVE('',#3971,#3980,#3466,.T.);
#4934=EDGE_CURVE('',#3981,#3982,#3467,.T.);
#4935=EDGE_CURVE('',#3983,#3981,#349,.T.);
#4936=EDGE_CURVE('',#3984,#3983,#3468,.T.);
#4937=EDGE_CURVE('',#3984,#3982,#350,.T.);
#4938=EDGE_CURVE('',#3985,#3986,#3469,.T.);
#4939=EDGE_CURVE('',#3985,#3987,#351,.T.);
#4940=EDGE_CURVE('',#3988,#3987,#3470,.T.);
#4941=EDGE_CURVE('',#3986,#3988,#352,.T.);
#4942=EDGE_CURVE('',#3989,#3981,#353,.T.);
#4943=EDGE_CURVE('',#3990,#3989,#354,.T.);
#4944=EDGE_CURVE('',#3983,#3990,#355,.T.);
#4945=EDGE_CURVE('',#3986,#3991,#356,.T.);
#4946=EDGE_CURVE('',#3992,#3988,#357,.T.);
#4947=EDGE_CURVE('',#3991,#3992,#358,.T.);
#4948=EDGE_CURVE('',#3982,#3993,#359,.T.);
#4949=EDGE_CURVE('',#3994,#3984,#360,.T.);
#4950=EDGE_CURVE('',#3994,#3993,#361,.T.);
#4951=EDGE_CURVE('',#3993,#3989,#3471,.T.);
#4952=EDGE_CURVE('',#3990,#3994,#3472,.T.);
#4953=EDGE_CURVE('',#3991,#3995,#3473,.T.);
#4954=EDGE_CURVE('',#3996,#3992,#3474,.T.);
#4955=EDGE_CURVE('',#3995,#3996,#362,.T.);
#4956=EDGE_CURVE('',#3995,#3985,#363,.T.);
#4957=EDGE_CURVE('',#3987,#3996,#364,.T.);
#4958=EDGE_CURVE('',#3997,#3998,#365,.T.);
#4959=EDGE_CURVE('',#3999,#3997,#366,.T.);
#4960=EDGE_CURVE('',#4000,#3999,#367,.T.);
#4961=EDGE_CURVE('',#4000,#3998,#368,.T.);
#4962=EDGE_CURVE('',#4001,#4002,#369,.T.);
#4963=EDGE_CURVE('',#4001,#4003,#370,.T.);
#4964=EDGE_CURVE('',#4004,#4003,#371,.T.);
#4965=EDGE_CURVE('',#4002,#4004,#372,.T.);
#4966=EDGE_CURVE('',#4005,#3997,#3475,.T.);
#4967=EDGE_CURVE('',#4006,#4005,#373,.T.);
#4968=EDGE_CURVE('',#3999,#4006,#3476,.T.);
#4969=EDGE_CURVE('',#4002,#4007,#3477,.T.);
#4970=EDGE_CURVE('',#4008,#4004,#3478,.T.);
#4971=EDGE_CURVE('',#4007,#4008,#374,.T.);
#4972=EDGE_CURVE('',#3998,#4009,#3479,.T.);
#4973=EDGE_CURVE('',#4010,#4000,#3480,.T.);
#4974=EDGE_CURVE('',#4010,#4009,#375,.T.);
#4975=EDGE_CURVE('',#4009,#4005,#376,.T.);
#4976=EDGE_CURVE('',#4006,#4010,#377,.T.);
#4977=EDGE_CURVE('',#4007,#4011,#378,.T.);
#4978=EDGE_CURVE('',#4012,#4008,#379,.T.);
#4979=EDGE_CURVE('',#4011,#4012,#380,.T.);
#4980=EDGE_CURVE('',#4011,#4001,#3481,.T.);
#4981=EDGE_CURVE('',#4003,#4012,#3482,.T.);
#4982=EDGE_CURVE('',#4013,#4014,#3483,.T.);
#4983=EDGE_CURVE('',#4015,#4013,#381,.T.);
#4984=EDGE_CURVE('',#4016,#4015,#3484,.T.);
#4985=EDGE_CURVE('',#4016,#4014,#382,.T.);
#4986=EDGE_CURVE('',#4017,#4018,#3485,.T.);
#4987=EDGE_CURVE('',#4017,#4019,#383,.T.);
#4988=EDGE_CURVE('',#4020,#4019,#3486,.T.);
#4989=EDGE_CURVE('',#4018,#4020,#384,.T.);
#4990=EDGE_CURVE('',#4021,#4013,#385,.T.);
#4991=EDGE_CURVE('',#4022,#4021,#386,.T.);
#4992=EDGE_CURVE('',#4015,#4022,#387,.T.);
#4993=EDGE_CURVE('',#4018,#4023,#388,.T.);
#4994=EDGE_CURVE('',#4024,#4020,#389,.T.);
#4995=EDGE_CURVE('',#4023,#4024,#390,.T.);
#4996=EDGE_CURVE('',#4014,#4025,#391,.T.);
#4997=EDGE_CURVE('',#4026,#4016,#392,.T.);
#4998=EDGE_CURVE('',#4026,#4025,#393,.T.);
#4999=EDGE_CURVE('',#4025,#4021,#3487,.T.);
#5000=EDGE_CURVE('',#4022,#4026,#3488,.T.);
#5001=EDGE_CURVE('',#4023,#4027,#3489,.T.);
#5002=EDGE_CURVE('',#4028,#4024,#3490,.T.);
#5003=EDGE_CURVE('',#4027,#4028,#394,.T.);
#5004=EDGE_CURVE('',#4027,#4017,#395,.T.);
#5005=EDGE_CURVE('',#4019,#4028,#396,.T.);
#5006=EDGE_CURVE('',#4029,#4030,#3491,.T.);
#5007=EDGE_CURVE('',#4031,#4029,#397,.T.);
#5008=EDGE_CURVE('',#4032,#4031,#3492,.T.);
#5009=EDGE_CURVE('',#4032,#4030,#398,.T.);
#5010=EDGE_CURVE('',#4033,#4034,#3493,.T.);
#5011=EDGE_CURVE('',#4033,#4035,#399,.T.);
#5012=EDGE_CURVE('',#4036,#4035,#3494,.T.);
#5013=EDGE_CURVE('',#4034,#4036,#400,.T.);
#5014=EDGE_CURVE('',#4037,#4029,#401,.T.);
#5015=EDGE_CURVE('',#4038,#4037,#402,.T.);
#5016=EDGE_CURVE('',#4031,#4038,#403,.T.);
#5017=EDGE_CURVE('',#4034,#4039,#404,.T.);
#5018=EDGE_CURVE('',#4040,#4036,#405,.T.);
#5019=EDGE_CURVE('',#4039,#4040,#406,.T.);
#5020=EDGE_CURVE('',#4030,#4041,#407,.T.);
#5021=EDGE_CURVE('',#4042,#4032,#408,.T.);
#5022=EDGE_CURVE('',#4042,#4041,#409,.T.);
#5023=EDGE_CURVE('',#4041,#4037,#3495,.T.);
#5024=EDGE_CURVE('',#4038,#4042,#3496,.T.);
#5025=EDGE_CURVE('',#4039,#4043,#3497,.T.);
#5026=EDGE_CURVE('',#4044,#4040,#3498,.T.);
#5027=EDGE_CURVE('',#4043,#4044,#410,.T.);
#5028=EDGE_CURVE('',#4043,#4033,#411,.T.);
#5029=EDGE_CURVE('',#4035,#4044,#412,.T.);
#5030=EDGE_CURVE('',#4045,#4046,#3499,.T.);
#5031=EDGE_CURVE('',#4047,#4045,#413,.T.);
#5032=EDGE_CURVE('',#4048,#4047,#3500,.T.);
#5033=EDGE_CURVE('',#4048,#4046,#414,.T.);
#5034=EDGE_CURVE('',#4049,#4050,#3501,.T.);
#5035=EDGE_CURVE('',#4049,#4051,#415,.T.);
#5036=EDGE_CURVE('',#4052,#4051,#3502,.T.);
#5037=EDGE_CURVE('',#4050,#4052,#416,.T.);
#5038=EDGE_CURVE('',#4053,#4045,#417,.T.);
#5039=EDGE_CURVE('',#4054,#4053,#418,.T.);
#5040=EDGE_CURVE('',#4047,#4054,#419,.T.);
#5041=EDGE_CURVE('',#4050,#4055,#420,.T.);
#5042=EDGE_CURVE('',#4056,#4052,#421,.T.);
#5043=EDGE_CURVE('',#4055,#4056,#422,.T.);
#5044=EDGE_CURVE('',#4046,#4057,#423,.T.);
#5045=EDGE_CURVE('',#4058,#4048,#424,.T.);
#5046=EDGE_CURVE('',#4058,#4057,#425,.T.);
#5047=EDGE_CURVE('',#4057,#4053,#3503,.T.);
#5048=EDGE_CURVE('',#4054,#4058,#3504,.T.);
#5049=EDGE_CURVE('',#4055,#4059,#3505,.T.);
#5050=EDGE_CURVE('',#4060,#4056,#3506,.T.);
#5051=EDGE_CURVE('',#4059,#4060,#426,.T.);
#5052=EDGE_CURVE('',#4059,#4049,#427,.T.);
#5053=EDGE_CURVE('',#4051,#4060,#428,.T.);
#5054=EDGE_CURVE('',#4061,#4062,#3507,.T.);
#5055=EDGE_CURVE('',#4063,#4061,#429,.T.);
#5056=EDGE_CURVE('',#4064,#4063,#3508,.T.);
#5057=EDGE_CURVE('',#4064,#4062,#430,.T.);
#5058=EDGE_CURVE('',#4065,#4066,#3509,.T.);
#5059=EDGE_CURVE('',#4065,#4067,#431,.T.);
#5060=EDGE_CURVE('',#4068,#4067,#3510,.T.);
#5061=EDGE_CURVE('',#4066,#4068,#432,.T.);
#5062=EDGE_CURVE('',#4069,#4061,#433,.T.);
#5063=EDGE_CURVE('',#4070,#4069,#434,.T.);
#5064=EDGE_CURVE('',#4063,#4070,#435,.T.);
#5065=EDGE_CURVE('',#4066,#4071,#436,.T.);
#5066=EDGE_CURVE('',#4072,#4068,#437,.T.);
#5067=EDGE_CURVE('',#4071,#4072,#438,.T.);
#5068=EDGE_CURVE('',#4062,#4073,#439,.T.);
#5069=EDGE_CURVE('',#4074,#4064,#440,.T.);
#5070=EDGE_CURVE('',#4074,#4073,#441,.T.);
#5071=EDGE_CURVE('',#4073,#4069,#3511,.T.);
#5072=EDGE_CURVE('',#4070,#4074,#3512,.T.);
#5073=EDGE_CURVE('',#4071,#4075,#3513,.T.);
#5074=EDGE_CURVE('',#4076,#4072,#3514,.T.);
#5075=EDGE_CURVE('',#4075,#4076,#442,.T.);
#5076=EDGE_CURVE('',#4075,#4065,#443,.T.);
#5077=EDGE_CURVE('',#4067,#4076,#444,.T.);
#5078=EDGE_CURVE('',#4077,#4078,#3515,.T.);
#5079=EDGE_CURVE('',#4079,#4077,#445,.T.);
#5080=EDGE_CURVE('',#4080,#4079,#3516,.T.);
#5081=EDGE_CURVE('',#4080,#4078,#446,.T.);
#5082=EDGE_CURVE('',#4081,#4082,#3517,.T.);
#5083=EDGE_CURVE('',#4081,#4083,#447,.T.);
#5084=EDGE_CURVE('',#4084,#4083,#3518,.T.);
#5085=EDGE_CURVE('',#4082,#4084,#448,.T.);
#5086=EDGE_CURVE('',#4085,#4077,#449,.T.);
#5087=EDGE_CURVE('',#4086,#4085,#450,.T.);
#5088=EDGE_CURVE('',#4079,#4086,#451,.T.);
#5089=EDGE_CURVE('',#4082,#4087,#452,.T.);
#5090=EDGE_CURVE('',#4088,#4084,#453,.T.);
#5091=EDGE_CURVE('',#4087,#4088,#454,.T.);
#5092=EDGE_CURVE('',#4078,#4089,#455,.T.);
#5093=EDGE_CURVE('',#4090,#4080,#456,.T.);
#5094=EDGE_CURVE('',#4090,#4089,#457,.T.);
#5095=EDGE_CURVE('',#4089,#4085,#3519,.T.);
#5096=EDGE_CURVE('',#4086,#4090,#3520,.T.);
#5097=EDGE_CURVE('',#4087,#4091,#3521,.T.);
#5098=EDGE_CURVE('',#4092,#4088,#3522,.T.);
#5099=EDGE_CURVE('',#4091,#4092,#458,.T.);
#5100=EDGE_CURVE('',#4091,#4081,#459,.T.);
#5101=EDGE_CURVE('',#4083,#4092,#460,.T.);
#5102=EDGE_CURVE('',#4093,#4094,#3523,.T.);
#5103=EDGE_CURVE('',#4095,#4093,#461,.T.);
#5104=EDGE_CURVE('',#4096,#4095,#3524,.T.);
#5105=EDGE_CURVE('',#4096,#4094,#462,.T.);
#5106=EDGE_CURVE('',#4097,#4098,#3525,.T.);
#5107=EDGE_CURVE('',#4097,#4099,#463,.T.);
#5108=EDGE_CURVE('',#4100,#4099,#3526,.T.);
#5109=EDGE_CURVE('',#4098,#4100,#464,.T.);
#5110=EDGE_CURVE('',#4101,#4093,#465,.T.);
#5111=EDGE_CURVE('',#4102,#4101,#466,.T.);
#5112=EDGE_CURVE('',#4095,#4102,#467,.T.);
#5113=EDGE_CURVE('',#4098,#4103,#468,.T.);
#5114=EDGE_CURVE('',#4104,#4100,#469,.T.);
#5115=EDGE_CURVE('',#4103,#4104,#470,.T.);
#5116=EDGE_CURVE('',#4094,#4105,#471,.T.);
#5117=EDGE_CURVE('',#4106,#4096,#472,.T.);
#5118=EDGE_CURVE('',#4106,#4105,#473,.T.);
#5119=EDGE_CURVE('',#4105,#4101,#3527,.T.);
#5120=EDGE_CURVE('',#4102,#4106,#3528,.T.);
#5121=EDGE_CURVE('',#4103,#4107,#3529,.T.);
#5122=EDGE_CURVE('',#4108,#4104,#3530,.T.);
#5123=EDGE_CURVE('',#4107,#4108,#474,.T.);
#5124=EDGE_CURVE('',#4107,#4097,#475,.T.);
#5125=EDGE_CURVE('',#4099,#4108,#476,.T.);
#5126=EDGE_CURVE('',#4109,#4110,#477,.T.);
#5127=EDGE_CURVE('',#4111,#4109,#478,.T.);
#5128=EDGE_CURVE('',#4112,#4111,#479,.T.);
#5129=EDGE_CURVE('',#4112,#4110,#480,.T.);
#5130=EDGE_CURVE('',#4113,#4114,#481,.T.);
#5131=EDGE_CURVE('',#4113,#4115,#482,.T.);
#5132=EDGE_CURVE('',#4116,#4115,#483,.T.);
#5133=EDGE_CURVE('',#4114,#4116,#484,.T.);
#5134=EDGE_CURVE('',#4117,#4109,#3531,.T.);
#5135=EDGE_CURVE('',#4118,#4117,#485,.T.);
#5136=EDGE_CURVE('',#4111,#4118,#3532,.T.);
#5137=EDGE_CURVE('',#4114,#4119,#3533,.T.);
#5138=EDGE_CURVE('',#4120,#4116,#3534,.T.);
#5139=EDGE_CURVE('',#4119,#4120,#486,.T.);
#5140=EDGE_CURVE('',#4110,#4121,#3535,.T.);
#5141=EDGE_CURVE('',#4122,#4112,#3536,.T.);
#5142=EDGE_CURVE('',#4122,#4121,#487,.T.);
#5143=EDGE_CURVE('',#4121,#4117,#488,.T.);
#5144=EDGE_CURVE('',#4118,#4122,#489,.T.);
#5145=EDGE_CURVE('',#4119,#4123,#490,.T.);
#5146=EDGE_CURVE('',#4124,#4120,#491,.T.);
#5147=EDGE_CURVE('',#4123,#4124,#492,.T.);
#5148=EDGE_CURVE('',#4123,#4113,#3537,.T.);
#5149=EDGE_CURVE('',#4115,#4124,#3538,.T.);
#5150=EDGE_CURVE('',#4125,#4126,#3539,.T.);
#5151=EDGE_CURVE('',#4127,#4125,#493,.T.);
#5152=EDGE_CURVE('',#4128,#4127,#3540,.T.);
#5153=EDGE_CURVE('',#4128,#4126,#494,.T.);
#5154=EDGE_CURVE('',#4129,#4130,#3541,.T.);
#5155=EDGE_CURVE('',#4129,#4131,#495,.T.);
#5156=EDGE_CURVE('',#4132,#4131,#3542,.T.);
#5157=EDGE_CURVE('',#4130,#4132,#496,.T.);
#5158=EDGE_CURVE('',#4133,#4125,#497,.T.);
#5159=EDGE_CURVE('',#4134,#4133,#498,.T.);
#5160=EDGE_CURVE('',#4127,#4134,#499,.T.);
#5161=EDGE_CURVE('',#4130,#4135,#500,.T.);
#5162=EDGE_CURVE('',#4136,#4132,#501,.T.);
#5163=EDGE_CURVE('',#4135,#4136,#502,.T.);
#5164=EDGE_CURVE('',#4126,#4137,#503,.T.);
#5165=EDGE_CURVE('',#4138,#4128,#504,.T.);
#5166=EDGE_CURVE('',#4138,#4137,#505,.T.);
#5167=EDGE_CURVE('',#4137,#4133,#3543,.T.);
#5168=EDGE_CURVE('',#4134,#4138,#3544,.T.);
#5169=EDGE_CURVE('',#4135,#4139,#3545,.T.);
#5170=EDGE_CURVE('',#4140,#4136,#3546,.T.);
#5171=EDGE_CURVE('',#4139,#4140,#506,.T.);
#5172=EDGE_CURVE('',#4139,#4129,#507,.T.);
#5173=EDGE_CURVE('',#4131,#4140,#508,.T.);
#5174=EDGE_CURVE('',#4141,#4142,#509,.T.);
#5175=EDGE_CURVE('',#4143,#4141,#510,.T.);
#5176=EDGE_CURVE('',#4144,#4143,#511,.T.);
#5177=EDGE_CURVE('',#4144,#4142,#512,.T.);
#5178=EDGE_CURVE('',#4145,#4146,#513,.T.);
#5179=EDGE_CURVE('',#4145,#4147,#514,.T.);
#5180=EDGE_CURVE('',#4148,#4147,#515,.T.);
#5181=EDGE_CURVE('',#4146,#4148,#516,.T.);
#5182=EDGE_CURVE('',#4149,#4141,#3547,.T.);
#5183=EDGE_CURVE('',#4150,#4149,#517,.T.);
#5184=EDGE_CURVE('',#4143,#4150,#3548,.T.);
#5185=EDGE_CURVE('',#4146,#4151,#3549,.T.);
#5186=EDGE_CURVE('',#4152,#4148,#3550,.T.);
#5187=EDGE_CURVE('',#4151,#4152,#518,.T.);
#5188=EDGE_CURVE('',#4142,#4153,#3551,.T.);
#5189=EDGE_CURVE('',#4154,#4144,#3552,.T.);
#5190=EDGE_CURVE('',#4154,#4153,#519,.T.);
#5191=EDGE_CURVE('',#4153,#4149,#520,.T.);
#5192=EDGE_CURVE('',#4150,#4154,#521,.T.);
#5193=EDGE_CURVE('',#4151,#4155,#522,.T.);
#5194=EDGE_CURVE('',#4156,#4152,#523,.T.);
#5195=EDGE_CURVE('',#4155,#4156,#524,.T.);
#5196=EDGE_CURVE('',#4155,#4145,#3553,.T.);
#5197=EDGE_CURVE('',#4147,#4156,#3554,.T.);
#5198=EDGE_CURVE('',#4157,#4158,#525,.T.);
#5199=EDGE_CURVE('',#4159,#4157,#526,.T.);
#5200=EDGE_CURVE('',#4160,#4159,#527,.T.);
#5201=EDGE_CURVE('',#4160,#4158,#528,.T.);
#5202=EDGE_CURVE('',#4161,#4162,#529,.T.);
#5203=EDGE_CURVE('',#4161,#4163,#530,.T.);
#5204=EDGE_CURVE('',#4164,#4163,#531,.T.);
#5205=EDGE_CURVE('',#4162,#4164,#532,.T.);
#5206=EDGE_CURVE('',#4165,#4157,#3555,.T.);
#5207=EDGE_CURVE('',#4166,#4165,#533,.T.);
#5208=EDGE_CURVE('',#4159,#4166,#3556,.T.);
#5209=EDGE_CURVE('',#4162,#4167,#3557,.T.);
#5210=EDGE_CURVE('',#4168,#4164,#3558,.T.);
#5211=EDGE_CURVE('',#4167,#4168,#534,.T.);
#5212=EDGE_CURVE('',#4158,#4169,#3559,.T.);
#5213=EDGE_CURVE('',#4170,#4160,#3560,.T.);
#5214=EDGE_CURVE('',#4170,#4169,#535,.T.);
#5215=EDGE_CURVE('',#4169,#4165,#536,.T.);
#5216=EDGE_CURVE('',#4166,#4170,#537,.T.);
#5217=EDGE_CURVE('',#4167,#4171,#538,.T.);
#5218=EDGE_CURVE('',#4172,#4168,#539,.T.);
#5219=EDGE_CURVE('',#4171,#4172,#540,.T.);
#5220=EDGE_CURVE('',#4171,#4161,#3561,.T.);
#5221=EDGE_CURVE('',#4163,#4172,#3562,.T.);
#5222=EDGE_CURVE('',#4173,#4174,#541,.T.);
#5223=EDGE_CURVE('',#4175,#4173,#542,.T.);
#5224=EDGE_CURVE('',#4176,#4175,#543,.T.);
#5225=EDGE_CURVE('',#4176,#4174,#544,.T.);
#5226=EDGE_CURVE('',#4177,#4178,#545,.T.);
#5227=EDGE_CURVE('',#4177,#4179,#546,.T.);
#5228=EDGE_CURVE('',#4180,#4179,#547,.T.);
#5229=EDGE_CURVE('',#4178,#4180,#548,.T.);
#5230=EDGE_CURVE('',#4181,#4173,#3563,.T.);
#5231=EDGE_CURVE('',#4182,#4181,#549,.T.);
#5232=EDGE_CURVE('',#4175,#4182,#3564,.T.);
#5233=EDGE_CURVE('',#4178,#4183,#3565,.T.);
#5234=EDGE_CURVE('',#4184,#4180,#3566,.T.);
#5235=EDGE_CURVE('',#4183,#4184,#550,.T.);
#5236=EDGE_CURVE('',#4174,#4185,#3567,.T.);
#5237=EDGE_CURVE('',#4186,#4176,#3568,.T.);
#5238=EDGE_CURVE('',#4186,#4185,#551,.T.);
#5239=EDGE_CURVE('',#4185,#4181,#552,.T.);
#5240=EDGE_CURVE('',#4182,#4186,#553,.T.);
#5241=EDGE_CURVE('',#4183,#4187,#554,.T.);
#5242=EDGE_CURVE('',#4188,#4184,#555,.T.);
#5243=EDGE_CURVE('',#4187,#4188,#556,.T.);
#5244=EDGE_CURVE('',#4187,#4177,#3569,.T.);
#5245=EDGE_CURVE('',#4179,#4188,#3570,.T.);
#5246=EDGE_CURVE('',#4189,#4190,#3571,.T.);
#5247=EDGE_CURVE('',#4191,#4189,#557,.T.);
#5248=EDGE_CURVE('',#4192,#4191,#3572,.T.);
#5249=EDGE_CURVE('',#4192,#4190,#558,.T.);
#5250=EDGE_CURVE('',#4193,#4194,#3573,.T.);
#5251=EDGE_CURVE('',#4193,#4195,#559,.T.);
#5252=EDGE_CURVE('',#4196,#4195,#3574,.T.);
#5253=EDGE_CURVE('',#4194,#4196,#560,.T.);
#5254=EDGE_CURVE('',#4197,#4189,#561,.T.);
#5255=EDGE_CURVE('',#4198,#4197,#562,.T.);
#5256=EDGE_CURVE('',#4191,#4198,#563,.T.);
#5257=EDGE_CURVE('',#4194,#4199,#564,.T.);
#5258=EDGE_CURVE('',#4200,#4196,#565,.T.);
#5259=EDGE_CURVE('',#4199,#4200,#566,.T.);
#5260=EDGE_CURVE('',#4190,#4201,#567,.T.);
#5261=EDGE_CURVE('',#4202,#4192,#568,.T.);
#5262=EDGE_CURVE('',#4202,#4201,#569,.T.);
#5263=EDGE_CURVE('',#4201,#4197,#3575,.T.);
#5264=EDGE_CURVE('',#4198,#4202,#3576,.T.);
#5265=EDGE_CURVE('',#4199,#4203,#3577,.T.);
#5266=EDGE_CURVE('',#4204,#4200,#3578,.T.);
#5267=EDGE_CURVE('',#4203,#4204,#570,.T.);
#5268=EDGE_CURVE('',#4203,#4193,#571,.T.);
#5269=EDGE_CURVE('',#4195,#4204,#572,.T.);
#5270=EDGE_CURVE('',#4205,#4206,#3579,.T.);
#5271=EDGE_CURVE('',#4207,#4205,#573,.T.);
#5272=EDGE_CURVE('',#4208,#4207,#3580,.T.);
#5273=EDGE_CURVE('',#4208,#4206,#574,.T.);
#5274=EDGE_CURVE('',#4209,#4210,#3581,.T.);
#5275=EDGE_CURVE('',#4209,#4211,#575,.T.);
#5276=EDGE_CURVE('',#4212,#4211,#3582,.T.);
#5277=EDGE_CURVE('',#4210,#4212,#576,.T.);
#5278=EDGE_CURVE('',#4213,#4205,#577,.T.);
#5279=EDGE_CURVE('',#4214,#4213,#578,.T.);
#5280=EDGE_CURVE('',#4207,#4214,#579,.T.);
#5281=EDGE_CURVE('',#4210,#4215,#580,.T.);
#5282=EDGE_CURVE('',#4216,#4212,#581,.T.);
#5283=EDGE_CURVE('',#4215,#4216,#582,.T.);
#5284=EDGE_CURVE('',#4206,#4217,#583,.T.);
#5285=EDGE_CURVE('',#4218,#4208,#584,.T.);
#5286=EDGE_CURVE('',#4218,#4217,#585,.T.);
#5287=EDGE_CURVE('',#4217,#4213,#3583,.T.);
#5288=EDGE_CURVE('',#4214,#4218,#3584,.T.);
#5289=EDGE_CURVE('',#4215,#4219,#3585,.T.);
#5290=EDGE_CURVE('',#4220,#4216,#3586,.T.);
#5291=EDGE_CURVE('',#4219,#4220,#586,.T.);
#5292=EDGE_CURVE('',#4219,#4209,#587,.T.);
#5293=EDGE_CURVE('',#4211,#4220,#588,.T.);
#5294=EDGE_CURVE('',#4221,#4222,#3587,.T.);
#5295=EDGE_CURVE('',#4223,#4221,#589,.T.);
#5296=EDGE_CURVE('',#4224,#4223,#3588,.T.);
#5297=EDGE_CURVE('',#4224,#4222,#590,.T.);
#5298=EDGE_CURVE('',#4225,#4226,#3589,.T.);
#5299=EDGE_CURVE('',#4225,#4227,#591,.T.);
#5300=EDGE_CURVE('',#4228,#4227,#3590,.T.);
#5301=EDGE_CURVE('',#4226,#4228,#592,.T.);
#5302=EDGE_CURVE('',#4229,#4221,#593,.T.);
#5303=EDGE_CURVE('',#4230,#4229,#594,.T.);
#5304=EDGE_CURVE('',#4223,#4230,#595,.T.);
#5305=EDGE_CURVE('',#4226,#4231,#596,.T.);
#5306=EDGE_CURVE('',#4232,#4228,#597,.T.);
#5307=EDGE_CURVE('',#4231,#4232,#598,.T.);
#5308=EDGE_CURVE('',#4222,#4233,#599,.T.);
#5309=EDGE_CURVE('',#4234,#4224,#600,.T.);
#5310=EDGE_CURVE('',#4234,#4233,#601,.T.);
#5311=EDGE_CURVE('',#4233,#4229,#3591,.T.);
#5312=EDGE_CURVE('',#4230,#4234,#3592,.T.);
#5313=EDGE_CURVE('',#4231,#4235,#3593,.T.);
#5314=EDGE_CURVE('',#4236,#4232,#3594,.T.);
#5315=EDGE_CURVE('',#4235,#4236,#602,.T.);
#5316=EDGE_CURVE('',#4235,#4225,#603,.T.);
#5317=EDGE_CURVE('',#4227,#4236,#604,.T.);
#5318=EDGE_CURVE('',#4237,#4238,#3595,.T.);
#5319=EDGE_CURVE('',#4239,#4237,#605,.T.);
#5320=EDGE_CURVE('',#4240,#4239,#3596,.T.);
#5321=EDGE_CURVE('',#4240,#4238,#606,.T.);
#5322=EDGE_CURVE('',#4241,#4242,#3597,.T.);
#5323=EDGE_CURVE('',#4241,#4243,#607,.T.);
#5324=EDGE_CURVE('',#4244,#4243,#3598,.T.);
#5325=EDGE_CURVE('',#4242,#4244,#608,.T.);
#5326=EDGE_CURVE('',#4245,#4237,#609,.T.);
#5327=EDGE_CURVE('',#4246,#4245,#610,.T.);
#5328=EDGE_CURVE('',#4239,#4246,#611,.T.);
#5329=EDGE_CURVE('',#4242,#4247,#612,.T.);
#5330=EDGE_CURVE('',#4248,#4244,#613,.T.);
#5331=EDGE_CURVE('',#4247,#4248,#614,.T.);
#5332=EDGE_CURVE('',#4238,#4249,#615,.T.);
#5333=EDGE_CURVE('',#4250,#4240,#616,.T.);
#5334=EDGE_CURVE('',#4250,#4249,#617,.T.);
#5335=EDGE_CURVE('',#4249,#4245,#3599,.T.);
#5336=EDGE_CURVE('',#4246,#4250,#3600,.T.);
#5337=EDGE_CURVE('',#4247,#4251,#3601,.T.);
#5338=EDGE_CURVE('',#4252,#4248,#3602,.T.);
#5339=EDGE_CURVE('',#4251,#4252,#618,.T.);
#5340=EDGE_CURVE('',#4251,#4241,#619,.T.);
#5341=EDGE_CURVE('',#4243,#4252,#620,.T.);
#5342=EDGE_CURVE('',#4253,#4254,#3603,.T.);
#5343=EDGE_CURVE('',#4255,#4253,#621,.T.);
#5344=EDGE_CURVE('',#4256,#4255,#3604,.T.);
#5345=EDGE_CURVE('',#4256,#4254,#622,.T.);
#5346=EDGE_CURVE('',#4257,#4258,#3605,.T.);
#5347=EDGE_CURVE('',#4257,#4259,#623,.T.);
#5348=EDGE_CURVE('',#4260,#4259,#3606,.T.);
#5349=EDGE_CURVE('',#4258,#4260,#624,.T.);
#5350=EDGE_CURVE('',#4261,#4253,#625,.T.);
#5351=EDGE_CURVE('',#4262,#4261,#626,.T.);
#5352=EDGE_CURVE('',#4255,#4262,#627,.T.);
#5353=EDGE_CURVE('',#4258,#4263,#628,.T.);
#5354=EDGE_CURVE('',#4264,#4260,#629,.T.);
#5355=EDGE_CURVE('',#4263,#4264,#630,.T.);
#5356=EDGE_CURVE('',#4254,#4265,#631,.T.);
#5357=EDGE_CURVE('',#4266,#4256,#632,.T.);
#5358=EDGE_CURVE('',#4266,#4265,#633,.T.);
#5359=EDGE_CURVE('',#4265,#4261,#3607,.T.);
#5360=EDGE_CURVE('',#4262,#4266,#3608,.T.);
#5361=EDGE_CURVE('',#4263,#4267,#3609,.T.);
#5362=EDGE_CURVE('',#4268,#4264,#3610,.T.);
#5363=EDGE_CURVE('',#4267,#4268,#634,.T.);
#5364=EDGE_CURVE('',#4267,#4257,#635,.T.);
#5365=EDGE_CURVE('',#4259,#4268,#636,.T.);
#5366=EDGE_CURVE('',#4269,#4270,#637,.T.);
#5367=EDGE_CURVE('',#4271,#4269,#638,.T.);
#5368=EDGE_CURVE('',#4272,#4271,#639,.T.);
#5369=EDGE_CURVE('',#4272,#4270,#640,.T.);
#5370=EDGE_CURVE('',#4273,#4274,#641,.T.);
#5371=EDGE_CURVE('',#4273,#4275,#642,.T.);
#5372=EDGE_CURVE('',#4276,#4275,#643,.T.);
#5373=EDGE_CURVE('',#4274,#4276,#644,.T.);
#5374=EDGE_CURVE('',#4277,#4269,#3611,.T.);
#5375=EDGE_CURVE('',#4278,#4277,#645,.T.);
#5376=EDGE_CURVE('',#4271,#4278,#3612,.T.);
#5377=EDGE_CURVE('',#4274,#4279,#3613,.T.);
#5378=EDGE_CURVE('',#4280,#4276,#3614,.T.);
#5379=EDGE_CURVE('',#4279,#4280,#646,.T.);
#5380=EDGE_CURVE('',#4270,#4281,#3615,.T.);
#5381=EDGE_CURVE('',#4282,#4272,#3616,.T.);
#5382=EDGE_CURVE('',#4282,#4281,#647,.T.);
#5383=EDGE_CURVE('',#4281,#4277,#648,.T.);
#5384=EDGE_CURVE('',#4278,#4282,#649,.T.);
#5385=EDGE_CURVE('',#4279,#4283,#650,.T.);
#5386=EDGE_CURVE('',#4284,#4280,#651,.T.);
#5387=EDGE_CURVE('',#4283,#4284,#652,.T.);
#5388=EDGE_CURVE('',#4283,#4273,#3617,.T.);
#5389=EDGE_CURVE('',#4275,#4284,#3618,.T.);
#5390=EDGE_CURVE('',#4285,#4286,#3619,.T.);
#5391=EDGE_CURVE('',#4287,#4285,#653,.T.);
#5392=EDGE_CURVE('',#4288,#4287,#3620,.T.);
#5393=EDGE_CURVE('',#4288,#4286,#654,.T.);
#5394=EDGE_CURVE('',#4289,#4290,#3621,.T.);
#5395=EDGE_CURVE('',#4289,#4291,#655,.T.);
#5396=EDGE_CURVE('',#4292,#4291,#3622,.T.);
#5397=EDGE_CURVE('',#4290,#4292,#656,.T.);
#5398=EDGE_CURVE('',#4293,#4285,#657,.T.);
#5399=EDGE_CURVE('',#4294,#4293,#658,.T.);
#5400=EDGE_CURVE('',#4287,#4294,#659,.T.);
#5401=EDGE_CURVE('',#4290,#4295,#660,.T.);
#5402=EDGE_CURVE('',#4296,#4292,#661,.T.);
#5403=EDGE_CURVE('',#4295,#4296,#662,.T.);
#5404=EDGE_CURVE('',#4286,#4297,#663,.T.);
#5405=EDGE_CURVE('',#4298,#4288,#664,.T.);
#5406=EDGE_CURVE('',#4298,#4297,#665,.T.);
#5407=EDGE_CURVE('',#4297,#4293,#3623,.T.);
#5408=EDGE_CURVE('',#4294,#4298,#3624,.T.);
#5409=EDGE_CURVE('',#4295,#4299,#3625,.T.);
#5410=EDGE_CURVE('',#4300,#4296,#3626,.T.);
#5411=EDGE_CURVE('',#4299,#4300,#666,.T.);
#5412=EDGE_CURVE('',#4299,#4289,#667,.T.);
#5413=EDGE_CURVE('',#4291,#4300,#668,.T.);
#5414=EDGE_CURVE('',#4301,#4302,#3627,.T.);
#5415=EDGE_CURVE('',#4303,#4301,#669,.T.);
#5416=EDGE_CURVE('',#4304,#4303,#3628,.T.);
#5417=EDGE_CURVE('',#4304,#4302,#670,.T.);
#5418=EDGE_CURVE('',#4305,#4306,#3629,.T.);
#5419=EDGE_CURVE('',#4305,#4307,#671,.T.);
#5420=EDGE_CURVE('',#4308,#4307,#3630,.T.);
#5421=EDGE_CURVE('',#4306,#4308,#672,.T.);
#5422=EDGE_CURVE('',#4309,#4301,#673,.T.);
#5423=EDGE_CURVE('',#4310,#4309,#674,.T.);
#5424=EDGE_CURVE('',#4303,#4310,#675,.T.);
#5425=EDGE_CURVE('',#4306,#4311,#676,.T.);
#5426=EDGE_CURVE('',#4312,#4308,#677,.T.);
#5427=EDGE_CURVE('',#4311,#4312,#678,.T.);
#5428=EDGE_CURVE('',#4302,#4313,#679,.T.);
#5429=EDGE_CURVE('',#4314,#4304,#680,.T.);
#5430=EDGE_CURVE('',#4314,#4313,#681,.T.);
#5431=EDGE_CURVE('',#4313,#4309,#3631,.T.);
#5432=EDGE_CURVE('',#4310,#4314,#3632,.T.);
#5433=EDGE_CURVE('',#4311,#4315,#3633,.T.);
#5434=EDGE_CURVE('',#4316,#4312,#3634,.T.);
#5435=EDGE_CURVE('',#4315,#4316,#682,.T.);
#5436=EDGE_CURVE('',#4315,#4305,#683,.T.);
#5437=EDGE_CURVE('',#4307,#4316,#684,.T.);
#5438=EDGE_CURVE('',#4317,#4318,#3635,.T.);
#5439=EDGE_CURVE('',#4319,#4317,#685,.T.);
#5440=EDGE_CURVE('',#4320,#4319,#3636,.T.);
#5441=EDGE_CURVE('',#4320,#4318,#686,.T.);
#5442=EDGE_CURVE('',#4321,#4322,#3637,.T.);
#5443=EDGE_CURVE('',#4321,#4323,#687,.T.);
#5444=EDGE_CURVE('',#4324,#4323,#3638,.T.);
#5445=EDGE_CURVE('',#4322,#4324,#688,.T.);
#5446=EDGE_CURVE('',#4325,#4317,#689,.T.);
#5447=EDGE_CURVE('',#4326,#4325,#690,.T.);
#5448=EDGE_CURVE('',#4319,#4326,#691,.T.);
#5449=EDGE_CURVE('',#4322,#4327,#692,.T.);
#5450=EDGE_CURVE('',#4328,#4324,#693,.T.);
#5451=EDGE_CURVE('',#4327,#4328,#694,.T.);
#5452=EDGE_CURVE('',#4318,#4329,#695,.T.);
#5453=EDGE_CURVE('',#4330,#4320,#696,.T.);
#5454=EDGE_CURVE('',#4330,#4329,#697,.T.);
#5455=EDGE_CURVE('',#4329,#4325,#3639,.T.);
#5456=EDGE_CURVE('',#4326,#4330,#3640,.T.);
#5457=EDGE_CURVE('',#4327,#4331,#3641,.T.);
#5458=EDGE_CURVE('',#4332,#4328,#3642,.T.);
#5459=EDGE_CURVE('',#4331,#4332,#698,.T.);
#5460=EDGE_CURVE('',#4331,#4321,#699,.T.);
#5461=EDGE_CURVE('',#4323,#4332,#700,.T.);
#5462=EDGE_CURVE('',#4333,#4334,#3643,.T.);
#5463=EDGE_CURVE('',#4335,#4333,#701,.T.);
#5464=EDGE_CURVE('',#4336,#4335,#3644,.T.);
#5465=EDGE_CURVE('',#4336,#4334,#702,.T.);
#5466=EDGE_CURVE('',#4337,#4338,#3645,.T.);
#5467=EDGE_CURVE('',#4337,#4339,#703,.T.);
#5468=EDGE_CURVE('',#4340,#4339,#3646,.T.);
#5469=EDGE_CURVE('',#4338,#4340,#704,.T.);
#5470=EDGE_CURVE('',#4341,#4333,#705,.T.);
#5471=EDGE_CURVE('',#4342,#4341,#706,.T.);
#5472=EDGE_CURVE('',#4335,#4342,#707,.T.);
#5473=EDGE_CURVE('',#4338,#4343,#708,.T.);
#5474=EDGE_CURVE('',#4344,#4340,#709,.T.);
#5475=EDGE_CURVE('',#4343,#4344,#710,.T.);
#5476=EDGE_CURVE('',#4334,#4345,#711,.T.);
#5477=EDGE_CURVE('',#4346,#4336,#712,.T.);
#5478=EDGE_CURVE('',#4346,#4345,#713,.T.);
#5479=EDGE_CURVE('',#4345,#4341,#3647,.T.);
#5480=EDGE_CURVE('',#4342,#4346,#3648,.T.);
#5481=EDGE_CURVE('',#4343,#4347,#3649,.T.);
#5482=EDGE_CURVE('',#4348,#4344,#3650,.T.);
#5483=EDGE_CURVE('',#4347,#4348,#714,.T.);
#5484=EDGE_CURVE('',#4347,#4337,#715,.T.);
#5485=EDGE_CURVE('',#4339,#4348,#716,.T.);
#5486=EDGE_CURVE('',#4349,#4350,#3651,.T.);
#5487=EDGE_CURVE('',#4351,#4349,#717,.T.);
#5488=EDGE_CURVE('',#4352,#4351,#3652,.T.);
#5489=EDGE_CURVE('',#4352,#4350,#718,.T.);
#5490=EDGE_CURVE('',#4353,#4354,#3653,.T.);
#5491=EDGE_CURVE('',#4353,#4355,#719,.T.);
#5492=EDGE_CURVE('',#4356,#4355,#3654,.T.);
#5493=EDGE_CURVE('',#4354,#4356,#720,.T.);
#5494=EDGE_CURVE('',#4357,#4349,#721,.T.);
#5495=EDGE_CURVE('',#4358,#4357,#722,.T.);
#5496=EDGE_CURVE('',#4351,#4358,#723,.T.);
#5497=EDGE_CURVE('',#4354,#4359,#724,.T.);
#5498=EDGE_CURVE('',#4360,#4356,#725,.T.);
#5499=EDGE_CURVE('',#4359,#4360,#726,.T.);
#5500=EDGE_CURVE('',#4350,#4361,#727,.T.);
#5501=EDGE_CURVE('',#4362,#4352,#728,.T.);
#5502=EDGE_CURVE('',#4362,#4361,#729,.T.);
#5503=EDGE_CURVE('',#4361,#4357,#3655,.T.);
#5504=EDGE_CURVE('',#4358,#4362,#3656,.T.);
#5505=EDGE_CURVE('',#4359,#4363,#3657,.T.);
#5506=EDGE_CURVE('',#4364,#4360,#3658,.T.);
#5507=EDGE_CURVE('',#4363,#4364,#730,.T.);
#5508=EDGE_CURVE('',#4363,#4353,#731,.T.);
#5509=EDGE_CURVE('',#4355,#4364,#732,.T.);
#5510=EDGE_CURVE('',#4365,#4366,#733,.T.);
#5511=EDGE_CURVE('',#4367,#4365,#734,.T.);
#5512=EDGE_CURVE('',#4368,#4367,#735,.T.);
#5513=EDGE_CURVE('',#4368,#4366,#736,.T.);
#5514=EDGE_CURVE('',#4369,#4370,#737,.T.);
#5515=EDGE_CURVE('',#4369,#4371,#738,.T.);
#5516=EDGE_CURVE('',#4372,#4371,#739,.T.);
#5517=EDGE_CURVE('',#4370,#4372,#740,.T.);
#5518=EDGE_CURVE('',#4373,#4365,#3659,.T.);
#5519=EDGE_CURVE('',#4374,#4373,#741,.T.);
#5520=EDGE_CURVE('',#4367,#4374,#3660,.T.);
#5521=EDGE_CURVE('',#4370,#4375,#3661,.T.);
#5522=EDGE_CURVE('',#4376,#4372,#3662,.T.);
#5523=EDGE_CURVE('',#4375,#4376,#742,.T.);
#5524=EDGE_CURVE('',#4366,#4377,#3663,.T.);
#5525=EDGE_CURVE('',#4378,#4368,#3664,.T.);
#5526=EDGE_CURVE('',#4378,#4377,#743,.T.);
#5527=EDGE_CURVE('',#4377,#4373,#744,.T.);
#5528=EDGE_CURVE('',#4374,#4378,#745,.T.);
#5529=EDGE_CURVE('',#4375,#4379,#746,.T.);
#5530=EDGE_CURVE('',#4380,#4376,#747,.T.);
#5531=EDGE_CURVE('',#4379,#4380,#748,.T.);
#5532=EDGE_CURVE('',#4379,#4369,#3665,.T.);
#5533=EDGE_CURVE('',#4371,#4380,#3666,.T.);
#5534=EDGE_CURVE('',#4381,#4382,#749,.T.);
#5535=EDGE_CURVE('',#4383,#4381,#750,.T.);
#5536=EDGE_CURVE('',#4384,#4383,#751,.T.);
#5537=EDGE_CURVE('',#4384,#4382,#752,.T.);
#5538=EDGE_CURVE('',#4385,#4386,#753,.T.);
#5539=EDGE_CURVE('',#4385,#4387,#754,.T.);
#5540=EDGE_CURVE('',#4388,#4387,#755,.T.);
#5541=EDGE_CURVE('',#4386,#4388,#756,.T.);
#5542=EDGE_CURVE('',#4389,#4381,#3667,.T.);
#5543=EDGE_CURVE('',#4390,#4389,#757,.T.);
#5544=EDGE_CURVE('',#4383,#4390,#3668,.T.);
#5545=EDGE_CURVE('',#4386,#4391,#3669,.T.);
#5546=EDGE_CURVE('',#4392,#4388,#3670,.T.);
#5547=EDGE_CURVE('',#4391,#4392,#758,.T.);
#5548=EDGE_CURVE('',#4382,#4393,#3671,.T.);
#5549=EDGE_CURVE('',#4394,#4384,#3672,.T.);
#5550=EDGE_CURVE('',#4394,#4393,#759,.T.);
#5551=EDGE_CURVE('',#4393,#4389,#760,.T.);
#5552=EDGE_CURVE('',#4390,#4394,#761,.T.);
#5553=EDGE_CURVE('',#4391,#4395,#762,.T.);
#5554=EDGE_CURVE('',#4396,#4392,#763,.T.);
#5555=EDGE_CURVE('',#4395,#4396,#764,.T.);
#5556=EDGE_CURVE('',#4395,#4385,#3673,.T.);
#5557=EDGE_CURVE('',#4387,#4396,#3674,.T.);
#5558=EDGE_CURVE('',#4397,#4398,#765,.T.);
#5559=EDGE_CURVE('',#4399,#4397,#766,.T.);
#5560=EDGE_CURVE('',#4400,#4399,#767,.T.);
#5561=EDGE_CURVE('',#4400,#4398,#768,.T.);
#5562=EDGE_CURVE('',#4398,#4401,#3675,.T.);
#5563=EDGE_CURVE('',#4402,#4400,#3676,.T.);
#5564=EDGE_CURVE('',#4402,#4401,#769,.T.);
#5565=EDGE_CURVE('',#4401,#4403,#770,.T.);
#5566=EDGE_CURVE('',#4404,#4402,#771,.T.);
#5567=EDGE_CURVE('',#4404,#4403,#772,.T.);
#5568=EDGE_CURVE('',#4403,#4397,#3677,.T.);
#5569=EDGE_CURVE('',#4399,#4404,#3678,.T.);
#5570=EDGE_CURVE('',#4405,#4406,#3679,.T.);
#5571=EDGE_CURVE('',#4407,#4405,#773,.T.);
#5572=EDGE_CURVE('',#4408,#4407,#3680,.T.);
#5573=EDGE_CURVE('',#4408,#4406,#774,.T.);
#5574=EDGE_CURVE('',#4406,#4409,#775,.T.);
#5575=EDGE_CURVE('',#4410,#4408,#776,.T.);
#5576=EDGE_CURVE('',#4410,#4409,#777,.T.);
#5577=EDGE_CURVE('',#4409,#4411,#3681,.T.);
#5578=EDGE_CURVE('',#4412,#4410,#3682,.T.);
#5579=EDGE_CURVE('',#4412,#4411,#778,.T.);
#5580=EDGE_CURVE('',#4411,#4405,#779,.T.);
#5581=EDGE_CURVE('',#4407,#4412,#780,.T.);
#5582=EDGE_CURVE('',#4413,#4414,#781,.T.);
#5583=EDGE_CURVE('',#4415,#4413,#782,.T.);
#5584=EDGE_CURVE('',#4416,#4415,#783,.T.);
#5585=EDGE_CURVE('',#4416,#4414,#784,.T.);
#5586=EDGE_CURVE('',#4414,#4417,#3683,.T.);
#5587=EDGE_CURVE('',#4418,#4416,#3684,.T.);
#5588=EDGE_CURVE('',#4418,#4417,#785,.T.);
#5589=EDGE_CURVE('',#4417,#4419,#786,.T.);
#5590=EDGE_CURVE('',#4420,#4418,#787,.T.);
#5591=EDGE_CURVE('',#4420,#4419,#788,.T.);
#5592=EDGE_CURVE('',#4419,#4413,#3685,.T.);
#5593=EDGE_CURVE('',#4415,#4420,#3686,.T.);
#5594=EDGE_CURVE('',#4421,#4422,#789,.T.);
#5595=EDGE_CURVE('',#4423,#4421,#790,.T.);
#5596=EDGE_CURVE('',#4424,#4423,#791,.T.);
#5597=EDGE_CURVE('',#4424,#4422,#792,.T.);
#5598=EDGE_CURVE('',#4422,#4425,#3687,.T.);
#5599=EDGE_CURVE('',#4426,#4424,#3688,.T.);
#5600=EDGE_CURVE('',#4426,#4425,#793,.T.);
#5601=EDGE_CURVE('',#4425,#4427,#794,.T.);
#5602=EDGE_CURVE('',#4428,#4426,#795,.T.);
#5603=EDGE_CURVE('',#4428,#4427,#796,.T.);
#5604=EDGE_CURVE('',#4427,#4421,#3689,.T.);
#5605=EDGE_CURVE('',#4423,#4428,#3690,.T.);
#5606=EDGE_CURVE('',#4429,#4430,#797,.T.);
#5607=EDGE_CURVE('',#4431,#4429,#798,.T.);
#5608=EDGE_CURVE('',#4432,#4431,#799,.T.);
#5609=EDGE_CURVE('',#4432,#4430,#800,.T.);
#5610=EDGE_CURVE('',#4430,#4433,#3691,.T.);
#5611=EDGE_CURVE('',#4434,#4432,#3692,.T.);
#5612=EDGE_CURVE('',#4434,#4433,#801,.T.);
#5613=EDGE_CURVE('',#4433,#4435,#802,.T.);
#5614=EDGE_CURVE('',#4436,#4434,#803,.T.);
#5615=EDGE_CURVE('',#4436,#4435,#804,.T.);
#5616=EDGE_CURVE('',#4435,#4429,#3693,.T.);
#5617=EDGE_CURVE('',#4431,#4436,#3694,.T.);
#5618=EDGE_CURVE('',#4437,#4438,#805,.T.);
#5619=EDGE_CURVE('',#4439,#4437,#806,.T.);
#5620=EDGE_CURVE('',#4440,#4439,#807,.T.);
#5621=EDGE_CURVE('',#4440,#4438,#808,.T.);
#5622=EDGE_CURVE('',#4438,#4441,#3695,.T.);
#5623=EDGE_CURVE('',#4442,#4440,#3696,.T.);
#5624=EDGE_CURVE('',#4442,#4441,#809,.T.);
#5625=EDGE_CURVE('',#4441,#4443,#810,.T.);
#5626=EDGE_CURVE('',#4444,#4442,#811,.T.);
#5627=EDGE_CURVE('',#4444,#4443,#812,.T.);
#5628=EDGE_CURVE('',#4443,#4437,#3697,.T.);
#5629=EDGE_CURVE('',#4439,#4444,#3698,.T.);
#5630=EDGE_CURVE('',#4445,#4446,#813,.T.);
#5631=EDGE_CURVE('',#4447,#4445,#814,.T.);
#5632=EDGE_CURVE('',#4448,#4447,#815,.T.);
#5633=EDGE_CURVE('',#4448,#4446,#816,.T.);
#5634=EDGE_CURVE('',#4446,#4449,#3699,.T.);
#5635=EDGE_CURVE('',#4450,#4448,#3700,.T.);
#5636=EDGE_CURVE('',#4450,#4449,#817,.T.);
#5637=EDGE_CURVE('',#4449,#4451,#818,.T.);
#5638=EDGE_CURVE('',#4452,#4450,#819,.T.);
#5639=EDGE_CURVE('',#4452,#4451,#820,.T.);
#5640=EDGE_CURVE('',#4451,#4445,#3701,.T.);
#5641=EDGE_CURVE('',#4447,#4452,#3702,.T.);
#5642=EDGE_CURVE('',#4453,#4454,#821,.T.);
#5643=EDGE_CURVE('',#4455,#4453,#822,.T.);
#5644=EDGE_CURVE('',#4456,#4455,#823,.T.);
#5645=EDGE_CURVE('',#4456,#4454,#824,.T.);
#5646=EDGE_CURVE('',#4454,#4457,#3703,.T.);
#5647=EDGE_CURVE('',#4458,#4456,#3704,.T.);
#5648=EDGE_CURVE('',#4458,#4457,#825,.T.);
#5649=EDGE_CURVE('',#4457,#4459,#826,.T.);
#5650=EDGE_CURVE('',#4460,#4458,#827,.T.);
#5651=EDGE_CURVE('',#4460,#4459,#828,.T.);
#5652=EDGE_CURVE('',#4459,#4453,#3705,.T.);
#5653=EDGE_CURVE('',#4455,#4460,#3706,.T.);
#5654=EDGE_CURVE('',#4461,#4462,#3707,.T.);
#5655=EDGE_CURVE('',#4463,#4461,#829,.T.);
#5656=EDGE_CURVE('',#4464,#4463,#3708,.T.);
#5657=EDGE_CURVE('',#4464,#4462,#830,.T.);
#5658=EDGE_CURVE('',#4462,#4465,#831,.T.);
#5659=EDGE_CURVE('',#4466,#4464,#832,.T.);
#5660=EDGE_CURVE('',#4466,#4465,#833,.T.);
#5661=EDGE_CURVE('',#4465,#4467,#3709,.T.);
#5662=EDGE_CURVE('',#4468,#4466,#3710,.T.);
#5663=EDGE_CURVE('',#4468,#4467,#834,.T.);
#5664=EDGE_CURVE('',#4467,#4461,#835,.T.);
#5665=EDGE_CURVE('',#4463,#4468,#836,.T.);
#5666=EDGE_CURVE('',#4469,#4470,#837,.T.);
#5667=EDGE_CURVE('',#4471,#4469,#838,.T.);
#5668=EDGE_CURVE('',#4472,#4471,#839,.T.);
#5669=EDGE_CURVE('',#4472,#4470,#840,.T.);
#5670=EDGE_CURVE('',#4470,#4473,#3711,.T.);
#5671=EDGE_CURVE('',#4474,#4472,#3712,.T.);
#5672=EDGE_CURVE('',#4474,#4473,#841,.T.);
#5673=EDGE_CURVE('',#4473,#4475,#842,.T.);
#5674=EDGE_CURVE('',#4476,#4474,#843,.T.);
#5675=EDGE_CURVE('',#4476,#4475,#844,.T.);
#5676=EDGE_CURVE('',#4475,#4469,#3713,.T.);
#5677=EDGE_CURVE('',#4471,#4476,#3714,.T.);
#5678=EDGE_CURVE('',#4477,#4478,#845,.T.);
#5679=EDGE_CURVE('',#4479,#4477,#846,.T.);
#5680=EDGE_CURVE('',#4480,#4479,#847,.T.);
#5681=EDGE_CURVE('',#4480,#4478,#848,.T.);
#5682=EDGE_CURVE('',#4478,#4481,#3715,.T.);
#5683=EDGE_CURVE('',#4482,#4480,#3716,.T.);
#5684=EDGE_CURVE('',#4482,#4481,#849,.T.);
#5685=EDGE_CURVE('',#4481,#4483,#850,.T.);
#5686=EDGE_CURVE('',#4484,#4482,#851,.T.);
#5687=EDGE_CURVE('',#4484,#4483,#852,.T.);
#5688=EDGE_CURVE('',#4483,#4477,#3717,.T.);
#5689=EDGE_CURVE('',#4479,#4484,#3718,.T.);
#5690=EDGE_CURVE('',#4485,#4486,#3719,.T.);
#5691=EDGE_CURVE('',#4487,#4485,#853,.T.);
#5692=EDGE_CURVE('',#4488,#4487,#3720,.T.);
#5693=EDGE_CURVE('',#4488,#4486,#854,.T.);
#5694=EDGE_CURVE('',#4486,#4489,#855,.T.);
#5695=EDGE_CURVE('',#4490,#4488,#856,.T.);
#5696=EDGE_CURVE('',#4490,#4489,#857,.T.);
#5697=EDGE_CURVE('',#4489,#4491,#3721,.T.);
#5698=EDGE_CURVE('',#4492,#4490,#3722,.T.);
#5699=EDGE_CURVE('',#4492,#4491,#858,.T.);
#5700=EDGE_CURVE('',#4491,#4485,#859,.T.);
#5701=EDGE_CURVE('',#4487,#4492,#860,.T.);
#5702=EDGE_CURVE('',#4493,#4494,#861,.T.);
#5703=EDGE_CURVE('',#4495,#4493,#862,.T.);
#5704=EDGE_CURVE('',#4496,#4495,#863,.T.);
#5705=EDGE_CURVE('',#4496,#4494,#864,.T.);
#5706=EDGE_CURVE('',#4494,#4497,#3723,.T.);
#5707=EDGE_CURVE('',#4498,#4496,#3724,.T.);
#5708=EDGE_CURVE('',#4498,#4497,#865,.T.);
#5709=EDGE_CURVE('',#4497,#4499,#866,.T.);
#5710=EDGE_CURVE('',#4500,#4498,#867,.T.);
#5711=EDGE_CURVE('',#4500,#4499,#868,.T.);
#5712=EDGE_CURVE('',#4499,#4493,#3725,.T.);
#5713=EDGE_CURVE('',#4495,#4500,#3726,.T.);
#5714=EDGE_CURVE('',#4501,#4502,#869,.T.);
#5715=EDGE_CURVE('',#4503,#4501,#870,.T.);
#5716=EDGE_CURVE('',#4504,#4503,#871,.T.);
#5717=EDGE_CURVE('',#4504,#4502,#872,.T.);
#5718=EDGE_CURVE('',#4502,#4505,#3727,.T.);
#5719=EDGE_CURVE('',#4506,#4504,#3728,.T.);
#5720=EDGE_CURVE('',#4506,#4505,#873,.T.);
#5721=EDGE_CURVE('',#4505,#4507,#874,.T.);
#5722=EDGE_CURVE('',#4508,#4506,#875,.T.);
#5723=EDGE_CURVE('',#4508,#4507,#876,.T.);
#5724=EDGE_CURVE('',#4507,#4501,#3729,.T.);
#5725=EDGE_CURVE('',#4503,#4508,#3730,.T.);
#5726=EDGE_CURVE('',#4509,#4510,#877,.T.);
#5727=EDGE_CURVE('',#4511,#4509,#878,.T.);
#5728=EDGE_CURVE('',#4512,#4511,#879,.T.);
#5729=EDGE_CURVE('',#4512,#4510,#880,.T.);
#5730=EDGE_CURVE('',#4510,#4513,#3731,.T.);
#5731=EDGE_CURVE('',#4514,#4512,#3732,.T.);
#5732=EDGE_CURVE('',#4514,#4513,#881,.T.);
#5733=EDGE_CURVE('',#4513,#4515,#882,.T.);
#5734=EDGE_CURVE('',#4516,#4514,#883,.T.);
#5735=EDGE_CURVE('',#4516,#4515,#884,.T.);
#5736=EDGE_CURVE('',#4515,#4509,#3733,.T.);
#5737=EDGE_CURVE('',#4511,#4516,#3734,.T.);
#5738=EDGE_CURVE('',#4517,#4518,#885,.T.);
#5739=EDGE_CURVE('',#4519,#4517,#886,.T.);
#5740=EDGE_CURVE('',#4520,#4519,#887,.T.);
#5741=EDGE_CURVE('',#4520,#4518,#888,.T.);
#5742=EDGE_CURVE('',#4518,#4521,#3735,.T.);
#5743=EDGE_CURVE('',#4522,#4520,#3736,.T.);
#5744=EDGE_CURVE('',#4522,#4521,#889,.T.);
#5745=EDGE_CURVE('',#4521,#4523,#890,.T.);
#5746=EDGE_CURVE('',#4524,#4522,#891,.T.);
#5747=EDGE_CURVE('',#4524,#4523,#892,.T.);
#5748=EDGE_CURVE('',#4523,#4517,#3737,.T.);
#5749=EDGE_CURVE('',#4519,#4524,#3738,.T.);
#5750=EDGE_CURVE('',#4525,#4526,#893,.T.);
#5751=EDGE_CURVE('',#4527,#4525,#894,.T.);
#5752=EDGE_CURVE('',#4528,#4527,#895,.T.);
#5753=EDGE_CURVE('',#4528,#4526,#896,.T.);
#5754=EDGE_CURVE('',#4526,#4529,#3739,.T.);
#5755=EDGE_CURVE('',#4530,#4528,#3740,.T.);
#5756=EDGE_CURVE('',#4530,#4529,#897,.T.);
#5757=EDGE_CURVE('',#4529,#4531,#898,.T.);
#5758=EDGE_CURVE('',#4532,#4530,#899,.T.);
#5759=EDGE_CURVE('',#4532,#4531,#900,.T.);
#5760=EDGE_CURVE('',#4531,#4525,#3741,.T.);
#5761=EDGE_CURVE('',#4527,#4532,#3742,.T.);
#5762=EDGE_CURVE('',#4533,#4534,#3743,.T.);
#5763=EDGE_CURVE('',#4535,#4533,#901,.T.);
#5764=EDGE_CURVE('',#4536,#4535,#3744,.T.);
#5765=EDGE_CURVE('',#4536,#4534,#902,.T.);
#5766=EDGE_CURVE('',#4534,#4537,#903,.T.);
#5767=EDGE_CURVE('',#4538,#4536,#904,.T.);
#5768=EDGE_CURVE('',#4538,#4537,#905,.T.);
#5769=EDGE_CURVE('',#4537,#4539,#3745,.T.);
#5770=EDGE_CURVE('',#4540,#4538,#3746,.T.);
#5771=EDGE_CURVE('',#4540,#4539,#906,.T.);
#5772=EDGE_CURVE('',#4539,#4533,#907,.T.);
#5773=EDGE_CURVE('',#4535,#4540,#908,.T.);
#5774=EDGE_CURVE('',#4541,#4542,#3747,.T.);
#5775=EDGE_CURVE('',#4543,#4541,#909,.T.);
#5776=EDGE_CURVE('',#4544,#4543,#3748,.T.);
#5777=EDGE_CURVE('',#4544,#4542,#910,.T.);
#5778=EDGE_CURVE('',#4542,#4545,#911,.T.);
#5779=EDGE_CURVE('',#4546,#4544,#912,.T.);
#5780=EDGE_CURVE('',#4546,#4545,#913,.T.);
#5781=EDGE_CURVE('',#4545,#4547,#3749,.T.);
#5782=EDGE_CURVE('',#4548,#4546,#3750,.T.);
#5783=EDGE_CURVE('',#4548,#4547,#914,.T.);
#5784=EDGE_CURVE('',#4547,#4541,#915,.T.);
#5785=EDGE_CURVE('',#4543,#4548,#916,.T.);
#5786=EDGE_CURVE('',#4549,#4550,#917,.T.);
#5787=EDGE_CURVE('',#4551,#4549,#918,.T.);
#5788=EDGE_CURVE('',#4552,#4551,#919,.T.);
#5789=EDGE_CURVE('',#4552,#4550,#920,.T.);
#5790=EDGE_CURVE('',#4550,#4553,#3751,.T.);
#5791=EDGE_CURVE('',#4554,#4552,#3752,.T.);
#5792=EDGE_CURVE('',#4554,#4553,#921,.T.);
#5793=EDGE_CURVE('',#4553,#4555,#922,.T.);
#5794=EDGE_CURVE('',#4556,#4554,#923,.T.);
#5795=EDGE_CURVE('',#4556,#4555,#924,.T.);
#5796=EDGE_CURVE('',#4555,#4549,#3753,.T.);
#5797=EDGE_CURVE('',#4551,#4556,#3754,.T.);
#5798=EDGE_CURVE('',#4557,#4558,#925,.T.);
#5799=EDGE_CURVE('',#4559,#4557,#926,.T.);
#5800=EDGE_CURVE('',#4560,#4559,#927,.T.);
#5801=EDGE_CURVE('',#4560,#4558,#928,.T.);
#5802=EDGE_CURVE('',#4558,#4561,#3755,.T.);
#5803=EDGE_CURVE('',#4562,#4560,#3756,.T.);
#5804=EDGE_CURVE('',#4562,#4561,#929,.T.);
#5805=EDGE_CURVE('',#4561,#4563,#930,.T.);
#5806=EDGE_CURVE('',#4564,#4562,#931,.T.);
#5807=EDGE_CURVE('',#4564,#4563,#932,.T.);
#5808=EDGE_CURVE('',#4563,#4557,#3757,.T.);
#5809=EDGE_CURVE('',#4559,#4564,#3758,.T.);
#5810=EDGE_CURVE('',#4565,#4566,#933,.T.);
#5811=EDGE_CURVE('',#4567,#4565,#934,.T.);
#5812=EDGE_CURVE('',#4568,#4567,#935,.T.);
#5813=EDGE_CURVE('',#4568,#4566,#936,.T.);
#5814=EDGE_CURVE('',#4566,#4569,#3759,.T.);
#5815=EDGE_CURVE('',#4570,#4568,#3760,.T.);
#5816=EDGE_CURVE('',#4570,#4569,#937,.T.);
#5817=EDGE_CURVE('',#4569,#4571,#938,.T.);
#5818=EDGE_CURVE('',#4572,#4570,#939,.T.);
#5819=EDGE_CURVE('',#4572,#4571,#940,.T.);
#5820=EDGE_CURVE('',#4571,#4565,#3761,.T.);
#5821=EDGE_CURVE('',#4567,#4572,#3762,.T.);
#5822=EDGE_CURVE('',#4573,#4574,#941,.T.);
#5823=EDGE_CURVE('',#4575,#4573,#942,.T.);
#5824=EDGE_CURVE('',#4576,#4575,#943,.T.);
#5825=EDGE_CURVE('',#4576,#4574,#944,.T.);
#5826=EDGE_CURVE('',#4574,#4577,#3763,.T.);
#5827=EDGE_CURVE('',#4578,#4576,#3764,.T.);
#5828=EDGE_CURVE('',#4578,#4577,#945,.T.);
#5829=EDGE_CURVE('',#4577,#4579,#946,.T.);
#5830=EDGE_CURVE('',#4580,#4578,#947,.T.);
#5831=EDGE_CURVE('',#4580,#4579,#948,.T.);
#5832=EDGE_CURVE('',#4579,#4573,#3765,.T.);
#5833=EDGE_CURVE('',#4575,#4580,#3766,.T.);
#5834=EDGE_CURVE('',#4581,#4582,#949,.T.);
#5835=EDGE_CURVE('',#4583,#4581,#950,.T.);
#5836=EDGE_CURVE('',#4584,#4583,#951,.T.);
#5837=EDGE_CURVE('',#4584,#4582,#952,.T.);
#5838=EDGE_CURVE('',#4582,#4585,#3767,.T.);
#5839=EDGE_CURVE('',#4586,#4584,#3768,.T.);
#5840=EDGE_CURVE('',#4586,#4585,#953,.T.);
#5841=EDGE_CURVE('',#4585,#4587,#954,.T.);
#5842=EDGE_CURVE('',#4588,#4586,#955,.T.);
#5843=EDGE_CURVE('',#4588,#4587,#956,.T.);
#5844=EDGE_CURVE('',#4587,#4581,#3769,.T.);
#5845=EDGE_CURVE('',#4583,#4588,#3770,.T.);
#5846=EDGE_CURVE('',#4589,#4590,#957,.T.);
#5847=EDGE_CURVE('',#4591,#4589,#958,.T.);
#5848=EDGE_CURVE('',#4592,#4591,#959,.T.);
#5849=EDGE_CURVE('',#4592,#4590,#960,.T.);
#5850=EDGE_CURVE('',#4590,#4593,#3771,.T.);
#5851=EDGE_CURVE('',#4594,#4592,#3772,.T.);
#5852=EDGE_CURVE('',#4594,#4593,#961,.T.);
#5853=EDGE_CURVE('',#4593,#4595,#962,.T.);
#5854=EDGE_CURVE('',#4596,#4594,#963,.T.);
#5855=EDGE_CURVE('',#4596,#4595,#964,.T.);
#5856=EDGE_CURVE('',#4595,#4589,#3773,.T.);
#5857=EDGE_CURVE('',#4591,#4596,#3774,.T.);
#5858=EDGE_CURVE('',#4597,#4598,#965,.T.);
#5859=EDGE_CURVE('',#4599,#4597,#966,.T.);
#5860=EDGE_CURVE('',#4600,#4599,#967,.T.);
#5861=EDGE_CURVE('',#4600,#4598,#968,.T.);
#5862=EDGE_CURVE('',#4598,#4601,#3775,.T.);
#5863=EDGE_CURVE('',#4602,#4600,#3776,.T.);
#5864=EDGE_CURVE('',#4602,#4601,#969,.T.);
#5865=EDGE_CURVE('',#4601,#4603,#970,.T.);
#5866=EDGE_CURVE('',#4604,#4602,#971,.T.);
#5867=EDGE_CURVE('',#4604,#4603,#972,.T.);
#5868=EDGE_CURVE('',#4603,#4597,#3777,.T.);
#5869=EDGE_CURVE('',#4599,#4604,#3778,.T.);
#5870=EDGE_CURVE('',#4605,#4606,#973,.T.);
#5871=EDGE_CURVE('',#4607,#4605,#974,.T.);
#5872=EDGE_CURVE('',#4608,#4607,#975,.T.);
#5873=EDGE_CURVE('',#4608,#4606,#976,.T.);
#5874=EDGE_CURVE('',#4606,#4609,#3779,.T.);
#5875=EDGE_CURVE('',#4610,#4608,#3780,.T.);
#5876=EDGE_CURVE('',#4610,#4609,#977,.T.);
#5877=EDGE_CURVE('',#4609,#4611,#978,.T.);
#5878=EDGE_CURVE('',#4612,#4610,#979,.T.);
#5879=EDGE_CURVE('',#4612,#4611,#980,.T.);
#5880=EDGE_CURVE('',#4611,#4605,#3781,.T.);
#5881=EDGE_CURVE('',#4607,#4612,#3782,.T.);
#5882=EDGE_CURVE('',#4613,#4614,#981,.T.);
#5883=EDGE_CURVE('',#4615,#4613,#982,.T.);
#5884=EDGE_CURVE('',#4616,#4615,#983,.T.);
#5885=EDGE_CURVE('',#4616,#4614,#984,.T.);
#5886=EDGE_CURVE('',#4614,#4617,#3783,.T.);
#5887=EDGE_CURVE('',#4618,#4616,#3784,.T.);
#5888=EDGE_CURVE('',#4618,#4617,#985,.T.);
#5889=EDGE_CURVE('',#4617,#4619,#986,.T.);
#5890=EDGE_CURVE('',#4620,#4618,#987,.T.);
#5891=EDGE_CURVE('',#4620,#4619,#988,.T.);
#5892=EDGE_CURVE('',#4619,#4613,#3785,.T.);
#5893=EDGE_CURVE('',#4615,#4620,#3786,.T.);
#5894=EDGE_CURVE('',#4621,#4622,#989,.T.);
#5895=EDGE_CURVE('',#4623,#4621,#990,.T.);
#5896=EDGE_CURVE('',#4624,#4623,#991,.T.);
#5897=EDGE_CURVE('',#4624,#4622,#992,.T.);
#5898=EDGE_CURVE('',#4622,#4625,#3787,.T.);
#5899=EDGE_CURVE('',#4626,#4624,#3788,.T.);
#5900=EDGE_CURVE('',#4626,#4625,#993,.T.);
#5901=EDGE_CURVE('',#4625,#4627,#994,.T.);
#5902=EDGE_CURVE('',#4628,#4626,#995,.T.);
#5903=EDGE_CURVE('',#4628,#4627,#996,.T.);
#5904=EDGE_CURVE('',#4627,#4621,#3789,.T.);
#5905=EDGE_CURVE('',#4623,#4628,#3790,.T.);
#5906=EDGE_CURVE('',#4629,#4630,#997,.T.);
#5907=EDGE_CURVE('',#4631,#4629,#998,.T.);
#5908=EDGE_CURVE('',#4632,#4631,#999,.T.);
#5909=EDGE_CURVE('',#4632,#4630,#1000,.T.);
#5910=EDGE_CURVE('',#4630,#4633,#3791,.T.);
#5911=EDGE_CURVE('',#4634,#4632,#3792,.T.);
#5912=EDGE_CURVE('',#4634,#4633,#1001,.T.);
#5913=EDGE_CURVE('',#4633,#4635,#1002,.T.);
#5914=EDGE_CURVE('',#4636,#4634,#1003,.T.);
#5915=EDGE_CURVE('',#4636,#4635,#1004,.T.);
#5916=EDGE_CURVE('',#4635,#4629,#3793,.T.);
#5917=EDGE_CURVE('',#4631,#4636,#3794,.T.);
#5918=EDGE_CURVE('',#4637,#4638,#1005,.T.);
#5919=EDGE_CURVE('',#4639,#4637,#1006,.T.);
#5920=EDGE_CURVE('',#4640,#4639,#1007,.T.);
#5921=EDGE_CURVE('',#4640,#4638,#1008,.T.);
#5922=EDGE_CURVE('',#4638,#4641,#3795,.T.);
#5923=EDGE_CURVE('',#4642,#4640,#3796,.T.);
#5924=EDGE_CURVE('',#4642,#4641,#1009,.T.);
#5925=EDGE_CURVE('',#4641,#4643,#1010,.T.);
#5926=EDGE_CURVE('',#4644,#4642,#1011,.T.);
#5927=EDGE_CURVE('',#4644,#4643,#1012,.T.);
#5928=EDGE_CURVE('',#4643,#4637,#3797,.T.);
#5929=EDGE_CURVE('',#4639,#4644,#3798,.T.);
#5930=EDGE_CURVE('',#4645,#4646,#1013,.T.);
#5931=EDGE_CURVE('',#4647,#4645,#1014,.T.);
#5932=EDGE_CURVE('',#4648,#4647,#1015,.T.);
#5933=EDGE_CURVE('',#4648,#4646,#1016,.T.);
#5934=EDGE_CURVE('',#4646,#4649,#3799,.T.);
#5935=EDGE_CURVE('',#4650,#4648,#3800,.T.);
#5936=EDGE_CURVE('',#4650,#4649,#1017,.T.);
#5937=EDGE_CURVE('',#4649,#4651,#1018,.T.);
#5938=EDGE_CURVE('',#4652,#4650,#1019,.T.);
#5939=EDGE_CURVE('',#4652,#4651,#1020,.T.);
#5940=EDGE_CURVE('',#4651,#4645,#3801,.T.);
#5941=EDGE_CURVE('',#4647,#4652,#3802,.T.);
#5942=EDGE_CURVE('',#4653,#4654,#1021,.T.);
#5943=EDGE_CURVE('',#4655,#4653,#1022,.T.);
#5944=EDGE_CURVE('',#4656,#4655,#1023,.T.);
#5945=EDGE_CURVE('',#4656,#4654,#1024,.T.);
#5946=EDGE_CURVE('',#4654,#4657,#3803,.T.);
#5947=EDGE_CURVE('',#4658,#4656,#3804,.T.);
#5948=EDGE_CURVE('',#4658,#4657,#1025,.T.);
#5949=EDGE_CURVE('',#4657,#4659,#1026,.T.);
#5950=EDGE_CURVE('',#4660,#4658,#1027,.T.);
#5951=EDGE_CURVE('',#4660,#4659,#1028,.T.);
#5952=EDGE_CURVE('',#4659,#4653,#3805,.T.);
#5953=EDGE_CURVE('',#4655,#4660,#3806,.T.);
#5954=EDGE_CURVE('',#4661,#4662,#1029,.T.);
#5955=EDGE_CURVE('',#4663,#4661,#1030,.T.);
#5956=EDGE_CURVE('',#4664,#4663,#1031,.T.);
#5957=EDGE_CURVE('',#4664,#4662,#1032,.T.);
#5958=EDGE_CURVE('',#4662,#4665,#3807,.T.);
#5959=EDGE_CURVE('',#4666,#4664,#3808,.T.);
#5960=EDGE_CURVE('',#4666,#4665,#1033,.T.);
#5961=EDGE_CURVE('',#4665,#4667,#1034,.T.);
#5962=EDGE_CURVE('',#4668,#4666,#1035,.T.);
#5963=EDGE_CURVE('',#4668,#4667,#1036,.T.);
#5964=EDGE_CURVE('',#4667,#4661,#3809,.T.);
#5965=EDGE_CURVE('',#4663,#4668,#3810,.T.);
#5966=EDGE_CURVE('',#4669,#4670,#1037,.T.);
#5967=EDGE_CURVE('',#4671,#4669,#1038,.T.);
#5968=EDGE_CURVE('',#4672,#4671,#1039,.T.);
#5969=EDGE_CURVE('',#4672,#4670,#1040,.T.);
#5970=EDGE_CURVE('',#4670,#4673,#3811,.T.);
#5971=EDGE_CURVE('',#4674,#4672,#3812,.T.);
#5972=EDGE_CURVE('',#4674,#4673,#1041,.T.);
#5973=EDGE_CURVE('',#4673,#4675,#1042,.T.);
#5974=EDGE_CURVE('',#4676,#4674,#1043,.T.);
#5975=EDGE_CURVE('',#4676,#4675,#1044,.T.);
#5976=EDGE_CURVE('',#4675,#4669,#3813,.T.);
#5977=EDGE_CURVE('',#4671,#4676,#3814,.T.);
#5978=EDGE_CURVE('',#4677,#4678,#1045,.T.);
#5979=EDGE_CURVE('',#4679,#4677,#1046,.T.);
#5980=EDGE_CURVE('',#4680,#4679,#1047,.T.);
#5981=EDGE_CURVE('',#4680,#4678,#1048,.T.);
#5982=EDGE_CURVE('',#4678,#4681,#3815,.T.);
#5983=EDGE_CURVE('',#4682,#4680,#3816,.T.);
#5984=EDGE_CURVE('',#4682,#4681,#1049,.T.);
#5985=EDGE_CURVE('',#4681,#4683,#1050,.T.);
#5986=EDGE_CURVE('',#4684,#4682,#1051,.T.);
#5987=EDGE_CURVE('',#4684,#4683,#1052,.T.);
#5988=EDGE_CURVE('',#4683,#4677,#3817,.T.);
#5989=EDGE_CURVE('',#4679,#4684,#3818,.T.);
#5990=EDGE_CURVE('',#4685,#4686,#1053,.T.);
#5991=EDGE_CURVE('',#4687,#4685,#1054,.T.);
#5992=EDGE_CURVE('',#4688,#4687,#1055,.T.);
#5993=EDGE_CURVE('',#4688,#4686,#1056,.T.);
#5994=EDGE_CURVE('',#4686,#4689,#3819,.T.);
#5995=EDGE_CURVE('',#4690,#4688,#3820,.T.);
#5996=EDGE_CURVE('',#4690,#4689,#1057,.T.);
#5997=EDGE_CURVE('',#4689,#4691,#1058,.T.);
#5998=EDGE_CURVE('',#4692,#4690,#1059,.T.);
#5999=EDGE_CURVE('',#4692,#4691,#1060,.T.);
#6000=EDGE_CURVE('',#4691,#4685,#3821,.T.);
#6001=EDGE_CURVE('',#4687,#4692,#3822,.T.);
#6002=EDGE_CURVE('',#4693,#4694,#1061,.T.);
#6003=EDGE_CURVE('',#4695,#4693,#1062,.T.);
#6004=EDGE_CURVE('',#4696,#4695,#1063,.T.);
#6005=EDGE_CURVE('',#4696,#4694,#1064,.T.);
#6006=EDGE_CURVE('',#4694,#4697,#3823,.T.);
#6007=EDGE_CURVE('',#4698,#4696,#3824,.T.);
#6008=EDGE_CURVE('',#4698,#4697,#1065,.T.);
#6009=EDGE_CURVE('',#4697,#4699,#1066,.T.);
#6010=EDGE_CURVE('',#4700,#4698,#1067,.T.);
#6011=EDGE_CURVE('',#4700,#4699,#1068,.T.);
#6012=EDGE_CURVE('',#4699,#4693,#3825,.T.);
#6013=EDGE_CURVE('',#4695,#4700,#3826,.T.);
#6014=EDGE_CURVE('',#4701,#4702,#1069,.T.);
#6015=EDGE_CURVE('',#4703,#4701,#1070,.T.);
#6016=EDGE_CURVE('',#4704,#4703,#1071,.T.);
#6017=EDGE_CURVE('',#4704,#4702,#1072,.T.);
#6018=EDGE_CURVE('',#4702,#4705,#3827,.T.);
#6019=EDGE_CURVE('',#4706,#4704,#3828,.T.);
#6020=EDGE_CURVE('',#4706,#4705,#1073,.T.);
#6021=EDGE_CURVE('',#4705,#4707,#1074,.T.);
#6022=EDGE_CURVE('',#4708,#4706,#1075,.T.);
#6023=EDGE_CURVE('',#4708,#4707,#1076,.T.);
#6024=EDGE_CURVE('',#4707,#4701,#3829,.T.);
#6025=EDGE_CURVE('',#4703,#4708,#3830,.T.);
#6026=EDGE_CURVE('',#4709,#4710,#1077,.T.);
#6027=EDGE_CURVE('',#4711,#4709,#1078,.T.);
#6028=EDGE_CURVE('',#4712,#4711,#1079,.T.);
#6029=EDGE_CURVE('',#4712,#4710,#1080,.T.);
#6030=EDGE_CURVE('',#4710,#4713,#3831,.T.);
#6031=EDGE_CURVE('',#4714,#4712,#3832,.T.);
#6032=EDGE_CURVE('',#4714,#4713,#1081,.T.);
#6033=EDGE_CURVE('',#4713,#4715,#1082,.T.);
#6034=EDGE_CURVE('',#4716,#4714,#1083,.T.);
#6035=EDGE_CURVE('',#4716,#4715,#1084,.T.);
#6036=EDGE_CURVE('',#4715,#4709,#3833,.T.);
#6037=EDGE_CURVE('',#4711,#4716,#3834,.T.);
#6038=EDGE_CURVE('',#4717,#4718,#1085,.T.);
#6039=EDGE_CURVE('',#4719,#4717,#1086,.T.);
#6040=EDGE_CURVE('',#4720,#4719,#1087,.T.);
#6041=EDGE_CURVE('',#4720,#4718,#1088,.T.);
#6042=EDGE_CURVE('',#4718,#4721,#3835,.T.);
#6043=EDGE_CURVE('',#4722,#4720,#3836,.T.);
#6044=EDGE_CURVE('',#4722,#4721,#1089,.T.);
#6045=EDGE_CURVE('',#4721,#4723,#1090,.T.);
#6046=EDGE_CURVE('',#4724,#4722,#1091,.T.);
#6047=EDGE_CURVE('',#4724,#4723,#1092,.T.);
#6048=EDGE_CURVE('',#4723,#4717,#3837,.T.);
#6049=EDGE_CURVE('',#4719,#4724,#3838,.T.);
#6050=EDGE_CURVE('',#4725,#4726,#1093,.T.);
#6051=EDGE_CURVE('',#4727,#4725,#1094,.T.);
#6052=EDGE_CURVE('',#4728,#4727,#1095,.T.);
#6053=EDGE_CURVE('',#4728,#4726,#1096,.T.);
#6054=EDGE_CURVE('',#4726,#4729,#3839,.T.);
#6055=EDGE_CURVE('',#4730,#4728,#3840,.T.);
#6056=EDGE_CURVE('',#4730,#4729,#1097,.T.);
#6057=EDGE_CURVE('',#4729,#4731,#1098,.T.);
#6058=EDGE_CURVE('',#4732,#4730,#1099,.T.);
#6059=EDGE_CURVE('',#4732,#4731,#1100,.T.);
#6060=EDGE_CURVE('',#4731,#4725,#3841,.T.);
#6061=EDGE_CURVE('',#4727,#4732,#3842,.T.);
#6062=EDGE_CURVE('',#4733,#4734,#1101,.T.);
#6063=EDGE_CURVE('',#4735,#4733,#1102,.T.);
#6064=EDGE_CURVE('',#4736,#4735,#1103,.T.);
#6065=EDGE_CURVE('',#4736,#4734,#1104,.T.);
#6066=EDGE_CURVE('',#4734,#4737,#3843,.T.);
#6067=EDGE_CURVE('',#4738,#4736,#3844,.T.);
#6068=EDGE_CURVE('',#4738,#4737,#1105,.T.);
#6069=EDGE_CURVE('',#4737,#4739,#1106,.T.);
#6070=EDGE_CURVE('',#4740,#4738,#1107,.T.);
#6071=EDGE_CURVE('',#4740,#4739,#1108,.T.);
#6072=EDGE_CURVE('',#4739,#4733,#3845,.T.);
#6073=EDGE_CURVE('',#4735,#4740,#3846,.T.);
#6074=EDGE_CURVE('',#4741,#4742,#1109,.T.);
#6075=EDGE_CURVE('',#4743,#4741,#1110,.T.);
#6076=EDGE_CURVE('',#4744,#4743,#1111,.T.);
#6077=EDGE_CURVE('',#4744,#4742,#1112,.T.);
#6078=EDGE_CURVE('',#4742,#4745,#3847,.T.);
#6079=EDGE_CURVE('',#4746,#4744,#3848,.T.);
#6080=EDGE_CURVE('',#4746,#4745,#1113,.T.);
#6081=EDGE_CURVE('',#4745,#4747,#1114,.T.);
#6082=EDGE_CURVE('',#4748,#4746,#1115,.T.);
#6083=EDGE_CURVE('',#4748,#4747,#1116,.T.);
#6084=EDGE_CURVE('',#4747,#4741,#3849,.T.);
#6085=EDGE_CURVE('',#4743,#4748,#3850,.T.);
#6086=EDGE_CURVE('',#3880,#4749,#1117,.T.);
#6087=EDGE_CURVE('',#4749,#4749,#3851,.T.);
#6088=EDGE_CURVE('',#3915,#3871,#1118,.T.);
#6089=EDGE_CURVE('',#3869,#3914,#1119,.T.);
#6090=EDGE_CURVE('',#3867,#3897,#1120,.T.);
#6091=EDGE_CURVE('',#3889,#3866,#1121,.T.);
#6092=EDGE_CURVE('',#3937,#3891,#1122,.T.);
#6093=EDGE_CURVE('',#3895,#3939,#1123,.T.);
#6094=EDGE_CURVE('',#3935,#3919,#1124,.T.);
#6095=EDGE_CURVE('',#3917,#3934,#1125,.T.);
#6096=EDGE_CURVE('',#3881,#3900,#1126,.T.);
#6097=EDGE_CURVE('',#3922,#3882,#1127,.T.);
#6098=EDGE_CURVE('',#3940,#3923,#1128,.T.);
#6099=EDGE_CURVE('',#3899,#3941,#1129,.T.);
#6100=EDGE_CURVE('',#4750,#3873,#1130,.T.);
#6101=EDGE_CURVE('',#3921,#4750,#1131,.T.);
#6102=EDGE_CURVE('',#4750,#4751,#3852,.T.);
#6103=EDGE_CURVE('',#4751,#3872,#1132,.T.);
#6104=EDGE_CURVE('',#4751,#3908,#1133,.T.);
#6105=EDGE_CURVE('',#3909,#4752,#1134,.T.);
#6106=EDGE_CURVE('',#4752,#3876,#1135,.T.);
#6107=EDGE_CURVE('',#4752,#4753,#3853,.T.);
#6108=EDGE_CURVE('',#4753,#3877,#1136,.T.);
#6109=EDGE_CURVE('',#4753,#3920,#1137,.T.);
#6110=EDGE_CURVE('',#4754,#4751,#1138,.T.);
#6111=EDGE_CURVE('',#4754,#4755,#1139,.T.);
#6112=EDGE_CURVE('',#4755,#3908,#1140,.T.);
#6113=EDGE_CURVE('',#4756,#4750,#1141,.T.);
#6114=EDGE_CURVE('',#4754,#4756,#3854,.T.);
#6115=EDGE_CURVE('',#4757,#3921,#1142,.T.);
#6116=EDGE_CURVE('',#4757,#4756,#1143,.T.);
#6117=EDGE_CURVE('',#4758,#3920,#1144,.T.);
#6118=EDGE_CURVE('',#4757,#4758,#3855,.T.);
#6119=EDGE_CURVE('',#4759,#4753,#1145,.T.);
#6120=EDGE_CURVE('',#4758,#4759,#1146,.T.);
#6121=EDGE_CURVE('',#4760,#4752,#1147,.T.);
#6122=EDGE_CURVE('',#4759,#4760,#3856,.T.);
#6123=EDGE_CURVE('',#4761,#3909,#1148,.T.);
#6124=EDGE_CURVE('',#4760,#4761,#1149,.T.);
#6125=EDGE_CURVE('',#4761,#4755,#3857,.T.);
#6126=ORIENTED_EDGE('',*,*,#4762,.F.);
#6127=ORIENTED_EDGE('',*,*,#4763,.F.);
#6128=ORIENTED_EDGE('',*,*,#4764,.T.);
#6129=ORIENTED_EDGE('',*,*,#4765,.T.);
#6130=ORIENTED_EDGE('',*,*,#4764,.F.);
#6131=ORIENTED_EDGE('',*,*,#4765,.F.);
#6132=ORIENTED_EDGE('',*,*,#4766,.F.);
#6133=ORIENTED_EDGE('',*,*,#4767,.F.);
#6134=ORIENTED_EDGE('',*,*,#4768,.F.);
#6135=ORIENTED_EDGE('',*,*,#4769,.F.);
#6136=ORIENTED_EDGE('',*,*,#4770,.T.);
#6137=ORIENTED_EDGE('',*,*,#4771,.F.);
#6138=ORIENTED_EDGE('',*,*,#4772,.F.);
#6139=ORIENTED_EDGE('',*,*,#4773,.F.);
#6140=ORIENTED_EDGE('',*,*,#4774,.F.);
#6141=ORIENTED_EDGE('',*,*,#4768,.T.);
#6142=ORIENTED_EDGE('',*,*,#4775,.F.);
#6143=ORIENTED_EDGE('',*,*,#4770,.F.);
#6144=ORIENTED_EDGE('',*,*,#4776,.T.);
#6145=ORIENTED_EDGE('',*,*,#4777,.T.);
#6146=ORIENTED_EDGE('',*,*,#4778,.T.);
#6147=ORIENTED_EDGE('',*,*,#4769,.T.);
#6148=ORIENTED_EDGE('',*,*,#4774,.T.);
#6149=ORIENTED_EDGE('',*,*,#4779,.F.);
#6150=ORIENTED_EDGE('',*,*,#4776,.F.);
#6151=ORIENTED_EDGE('',*,*,#4780,.F.);
#6152=ORIENTED_EDGE('',*,*,#4781,.F.);
#6153=ORIENTED_EDGE('',*,*,#4782,.F.);
#6154=ORIENTED_EDGE('',*,*,#4783,.F.);
#6155=ORIENTED_EDGE('',*,*,#4784,.F.);
#6156=ORIENTED_EDGE('',*,*,#4785,.F.);
#6157=ORIENTED_EDGE('',*,*,#4786,.F.);
#6158=ORIENTED_EDGE('',*,*,#4787,.F.);
#6159=ORIENTED_EDGE('',*,*,#4788,.T.);
#6160=ORIENTED_EDGE('',*,*,#4779,.T.);
#6161=ORIENTED_EDGE('',*,*,#4789,.F.);
#6162=ORIENTED_EDGE('',*,*,#4790,.F.);
#6163=ORIENTED_EDGE('',*,*,#4791,.T.);
#6164=ORIENTED_EDGE('',*,*,#4792,.T.);
#6165=ORIENTED_EDGE('',*,*,#4793,.F.);
#6166=ORIENTED_EDGE('',*,*,#4794,.F.);
#6167=ORIENTED_EDGE('',*,*,#4795,.T.);
#6168=ORIENTED_EDGE('',*,*,#4796,.F.);
#6169=ORIENTED_EDGE('',*,*,#4797,.F.);
#6170=ORIENTED_EDGE('',*,*,#4798,.F.);
#6171=ORIENTED_EDGE('',*,*,#4799,.F.);
#6172=ORIENTED_EDGE('',*,*,#4800,.F.);
#6173=ORIENTED_EDGE('',*,*,#4801,.F.);
#6174=ORIENTED_EDGE('',*,*,#4802,.T.);
#6175=ORIENTED_EDGE('',*,*,#4803,.T.);
#6176=ORIENTED_EDGE('',*,*,#4804,.F.);
#6177=ORIENTED_EDGE('',*,*,#4805,.F.);
#6178=ORIENTED_EDGE('',*,*,#4806,.F.);
#6179=ORIENTED_EDGE('',*,*,#4801,.T.);
#6180=ORIENTED_EDGE('',*,*,#4762,.T.);
#6181=ORIENTED_EDGE('',*,*,#4807,.T.);
#6182=ORIENTED_EDGE('',*,*,#4766,.T.);
#6183=ORIENTED_EDGE('',*,*,#4807,.F.);
#6184=ORIENTED_EDGE('',*,*,#4808,.T.);
#6185=ORIENTED_EDGE('',*,*,#4803,.F.);
#6186=ORIENTED_EDGE('',*,*,#4809,.F.);
#6187=ORIENTED_EDGE('',*,*,#4810,.T.);
#6188=ORIENTED_EDGE('',*,*,#4806,.T.);
#6189=ORIENTED_EDGE('',*,*,#4811,.F.);
#6190=ORIENTED_EDGE('',*,*,#4809,.T.);
#6191=ORIENTED_EDGE('',*,*,#4802,.F.);
#6192=ORIENTED_EDGE('',*,*,#4763,.T.);
#6193=ORIENTED_EDGE('',*,*,#4811,.T.);
#6194=ORIENTED_EDGE('',*,*,#4812,.F.);
#6195=ORIENTED_EDGE('',*,*,#4813,.F.);
#6196=ORIENTED_EDGE('',*,*,#4814,.T.);
#6197=ORIENTED_EDGE('',*,*,#4815,.T.);
#6198=ORIENTED_EDGE('',*,*,#4816,.F.);
#6199=ORIENTED_EDGE('',*,*,#4817,.F.);
#6200=ORIENTED_EDGE('',*,*,#4818,.T.);
#6201=ORIENTED_EDGE('',*,*,#4819,.T.);
#6202=ORIENTED_EDGE('',*,*,#4820,.T.);
#6203=ORIENTED_EDGE('',*,*,#4821,.F.);
#6204=ORIENTED_EDGE('',*,*,#4822,.F.);
#6205=ORIENTED_EDGE('',*,*,#4823,.T.);
#6206=ORIENTED_EDGE('',*,*,#4824,.T.);
#6207=ORIENTED_EDGE('',*,*,#4782,.T.);
#6208=ORIENTED_EDGE('',*,*,#4825,.F.);
#6209=ORIENTED_EDGE('',*,*,#4826,.F.);
#6210=ORIENTED_EDGE('',*,*,#4827,.F.);
#6211=ORIENTED_EDGE('',*,*,#4828,.T.);
#6212=ORIENTED_EDGE('',*,*,#4829,.F.);
#6213=ORIENTED_EDGE('',*,*,#4830,.F.);
#6214=ORIENTED_EDGE('',*,*,#4831,.F.);
#6215=ORIENTED_EDGE('',*,*,#4832,.F.);
#6216=ORIENTED_EDGE('',*,*,#4826,.T.);
#6217=ORIENTED_EDGE('',*,*,#4833,.F.);
#6218=ORIENTED_EDGE('',*,*,#4828,.F.);
#6219=ORIENTED_EDGE('',*,*,#4834,.T.);
#6220=ORIENTED_EDGE('',*,*,#4835,.T.);
#6221=ORIENTED_EDGE('',*,*,#4836,.F.);
#6222=ORIENTED_EDGE('',*,*,#4834,.F.);
#6223=ORIENTED_EDGE('',*,*,#4827,.T.);
#6224=ORIENTED_EDGE('',*,*,#4832,.T.);
#6225=ORIENTED_EDGE('',*,*,#4837,.F.);
#6226=ORIENTED_EDGE('',*,*,#4838,.T.);
#6227=ORIENTED_EDGE('',*,*,#4839,.T.);
#6228=ORIENTED_EDGE('',*,*,#4840,.T.);
#6229=ORIENTED_EDGE('',*,*,#4786,.T.);
#6230=ORIENTED_EDGE('',*,*,#4837,.T.);
#6231=ORIENTED_EDGE('',*,*,#4841,.F.);
#6232=ORIENTED_EDGE('',*,*,#4842,.F.);
#6233=ORIENTED_EDGE('',*,*,#4843,.T.);
#6234=ORIENTED_EDGE('',*,*,#4844,.T.);
#6235=ORIENTED_EDGE('',*,*,#4845,.F.);
#6236=ORIENTED_EDGE('',*,*,#4846,.F.);
#6237=ORIENTED_EDGE('',*,*,#4847,.T.);
#6238=ORIENTED_EDGE('',*,*,#4848,.F.);
#6239=ORIENTED_EDGE('',*,*,#4849,.F.);
#6240=ORIENTED_EDGE('',*,*,#4850,.F.);
#6241=ORIENTED_EDGE('',*,*,#4851,.F.);
#6242=ORIENTED_EDGE('',*,*,#4852,.F.);
#6243=ORIENTED_EDGE('',*,*,#4853,.T.);
#6244=ORIENTED_EDGE('',*,*,#4854,.F.);
#6245=ORIENTED_EDGE('',*,*,#4855,.F.);
#6246=ORIENTED_EDGE('',*,*,#4856,.F.);
#6247=ORIENTED_EDGE('',*,*,#4857,.F.);
#6248=ORIENTED_EDGE('',*,*,#4851,.T.);
#6249=ORIENTED_EDGE('',*,*,#4858,.F.);
#6250=ORIENTED_EDGE('',*,*,#4853,.F.);
#6251=ORIENTED_EDGE('',*,*,#4859,.T.);
#6252=ORIENTED_EDGE('',*,*,#4860,.T.);
#6253=ORIENTED_EDGE('',*,*,#4861,.T.);
#6254=ORIENTED_EDGE('',*,*,#4859,.F.);
#6255=ORIENTED_EDGE('',*,*,#4852,.T.);
#6256=ORIENTED_EDGE('',*,*,#4857,.T.);
#6257=ORIENTED_EDGE('',*,*,#4862,.F.);
#6258=ORIENTED_EDGE('',*,*,#4862,.T.);
#6259=ORIENTED_EDGE('',*,*,#4863,.F.);
#6260=ORIENTED_EDGE('',*,*,#4864,.F.);
#6261=ORIENTED_EDGE('',*,*,#4865,.T.);
#6262=ORIENTED_EDGE('',*,*,#4866,.T.);
#6263=ORIENTED_EDGE('',*,*,#4867,.F.);
#6264=ORIENTED_EDGE('',*,*,#4868,.F.);
#6265=ORIENTED_EDGE('',*,*,#4869,.T.);
#6266=ORIENTED_EDGE('',*,*,#4870,.F.);
#6267=ORIENTED_EDGE('',*,*,#4871,.F.);
#6268=ORIENTED_EDGE('',*,*,#4793,.T.);
#6269=ORIENTED_EDGE('',*,*,#4872,.T.);
#6270=ORIENTED_EDGE('',*,*,#4797,.T.);
#6271=ORIENTED_EDGE('',*,*,#4873,.F.);
#6272=ORIENTED_EDGE('',*,*,#4872,.F.);
#6273=ORIENTED_EDGE('',*,*,#4792,.F.);
#6274=ORIENTED_EDGE('',*,*,#4796,.T.);
#6275=ORIENTED_EDGE('',*,*,#4874,.T.);
#6276=ORIENTED_EDGE('',*,*,#4794,.T.);
#6277=ORIENTED_EDGE('',*,*,#4873,.T.);
#6278=ORIENTED_EDGE('',*,*,#4874,.F.);
#6279=ORIENTED_EDGE('',*,*,#4795,.F.);
#6280=ORIENTED_EDGE('',*,*,#4846,.T.);
#6281=ORIENTED_EDGE('',*,*,#4875,.F.);
#6282=ORIENTED_EDGE('',*,*,#4848,.T.);
#6283=ORIENTED_EDGE('',*,*,#4876,.T.);
#6284=ORIENTED_EDGE('',*,*,#4849,.T.);
#6285=ORIENTED_EDGE('',*,*,#4875,.T.);
#6286=ORIENTED_EDGE('',*,*,#4845,.T.);
#6287=ORIENTED_EDGE('',*,*,#4877,.T.);
#6288=ORIENTED_EDGE('',*,*,#4878,.T.);
#6289=ORIENTED_EDGE('',*,*,#4879,.F.);
#6290=ORIENTED_EDGE('',*,*,#4816,.T.);
#6291=ORIENTED_EDGE('',*,*,#4880,.T.);
#6292=ORIENTED_EDGE('',*,*,#4821,.T.);
#6293=ORIENTED_EDGE('',*,*,#4878,.F.);
#6294=ORIENTED_EDGE('',*,*,#4820,.F.);
#6295=ORIENTED_EDGE('',*,*,#4881,.F.);
#6296=ORIENTED_EDGE('',*,*,#4881,.T.);
#6297=ORIENTED_EDGE('',*,*,#4819,.F.);
#6298=ORIENTED_EDGE('',*,*,#4882,.T.);
#6299=ORIENTED_EDGE('',*,*,#4817,.T.);
#6300=ORIENTED_EDGE('',*,*,#4879,.T.);
#6301=ORIENTED_EDGE('',*,*,#4871,.T.);
#6302=ORIENTED_EDGE('',*,*,#4883,.F.);
#6303=ORIENTED_EDGE('',*,*,#4867,.T.);
#6304=ORIENTED_EDGE('',*,*,#4884,.T.);
#6305=ORIENTED_EDGE('',*,*,#4868,.T.);
#6306=ORIENTED_EDGE('',*,*,#4883,.T.);
#6307=ORIENTED_EDGE('',*,*,#4870,.T.);
#6308=ORIENTED_EDGE('',*,*,#4885,.T.);
#6309=ORIENTED_EDGE('',*,*,#4884,.F.);
#6310=ORIENTED_EDGE('',*,*,#4866,.F.);
#6311=ORIENTED_EDGE('',*,*,#4885,.F.);
#6312=ORIENTED_EDGE('',*,*,#4869,.F.);
#6313=ORIENTED_EDGE('',*,*,#4880,.F.);
#6314=ORIENTED_EDGE('',*,*,#4815,.F.);
#6315=ORIENTED_EDGE('',*,*,#4882,.F.);
#6316=ORIENTED_EDGE('',*,*,#4818,.F.);
#6317=ORIENTED_EDGE('',*,*,#4877,.F.);
#6318=ORIENTED_EDGE('',*,*,#4844,.F.);
#6319=ORIENTED_EDGE('',*,*,#4876,.F.);
#6320=ORIENTED_EDGE('',*,*,#4847,.F.);
#6321=ORIENTED_EDGE('',*,*,#4886,.F.);
#6322=ORIENTED_EDGE('',*,*,#4887,.F.);
#6323=ORIENTED_EDGE('',*,*,#4888,.F.);
#6324=ORIENTED_EDGE('',*,*,#4889,.T.);
#6325=ORIENTED_EDGE('',*,*,#4890,.F.);
#6326=ORIENTED_EDGE('',*,*,#4891,.T.);
#6327=ORIENTED_EDGE('',*,*,#4892,.F.);
#6328=ORIENTED_EDGE('',*,*,#4893,.F.);
#6329=ORIENTED_EDGE('',*,*,#4894,.F.);
#6330=ORIENTED_EDGE('',*,*,#4895,.F.);
#6331=ORIENTED_EDGE('',*,*,#4896,.F.);
#6332=ORIENTED_EDGE('',*,*,#4887,.T.);
#6333=ORIENTED_EDGE('',*,*,#4897,.F.);
#6334=ORIENTED_EDGE('',*,*,#4893,.T.);
#6335=ORIENTED_EDGE('',*,*,#4898,.F.);
#6336=ORIENTED_EDGE('',*,*,#4899,.F.);
#6337=ORIENTED_EDGE('',*,*,#4900,.F.);
#6338=ORIENTED_EDGE('',*,*,#4889,.F.);
#6339=ORIENTED_EDGE('',*,*,#4901,.F.);
#6340=ORIENTED_EDGE('',*,*,#4902,.T.);
#6341=ORIENTED_EDGE('',*,*,#4903,.F.);
#6342=ORIENTED_EDGE('',*,*,#4902,.F.);
#6343=ORIENTED_EDGE('',*,*,#4904,.F.);
#6344=ORIENTED_EDGE('',*,*,#4895,.T.);
#6345=ORIENTED_EDGE('',*,*,#4905,.F.);
#6346=ORIENTED_EDGE('',*,*,#4899,.T.);
#6347=ORIENTED_EDGE('',*,*,#4906,.F.);
#6348=ORIENTED_EDGE('',*,*,#4907,.F.);
#6349=ORIENTED_EDGE('',*,*,#4908,.F.);
#6350=ORIENTED_EDGE('',*,*,#4907,.T.);
#6351=ORIENTED_EDGE('',*,*,#4909,.F.);
#6352=ORIENTED_EDGE('',*,*,#4891,.F.);
#6353=ORIENTED_EDGE('',*,*,#4910,.F.);
#6354=ORIENTED_EDGE('',*,*,#4911,.F.);
#6355=ORIENTED_EDGE('',*,*,#4912,.F.);
#6356=ORIENTED_EDGE('',*,*,#4913,.T.);
#6357=ORIENTED_EDGE('',*,*,#4914,.F.);
#6358=ORIENTED_EDGE('',*,*,#4915,.T.);
#6359=ORIENTED_EDGE('',*,*,#4916,.F.);
#6360=ORIENTED_EDGE('',*,*,#4917,.F.);
#6361=ORIENTED_EDGE('',*,*,#4918,.F.);
#6362=ORIENTED_EDGE('',*,*,#4919,.F.);
#6363=ORIENTED_EDGE('',*,*,#4920,.F.);
#6364=ORIENTED_EDGE('',*,*,#4911,.T.);
#6365=ORIENTED_EDGE('',*,*,#4921,.F.);
#6366=ORIENTED_EDGE('',*,*,#4917,.T.);
#6367=ORIENTED_EDGE('',*,*,#4922,.F.);
#6368=ORIENTED_EDGE('',*,*,#4923,.F.);
#6369=ORIENTED_EDGE('',*,*,#4924,.F.);
#6370=ORIENTED_EDGE('',*,*,#4913,.F.);
#6371=ORIENTED_EDGE('',*,*,#4925,.F.);
#6372=ORIENTED_EDGE('',*,*,#4926,.T.);
#6373=ORIENTED_EDGE('',*,*,#4927,.F.);
#6374=ORIENTED_EDGE('',*,*,#4926,.F.);
#6375=ORIENTED_EDGE('',*,*,#4928,.F.);
#6376=ORIENTED_EDGE('',*,*,#4919,.T.);
#6377=ORIENTED_EDGE('',*,*,#4929,.F.);
#6378=ORIENTED_EDGE('',*,*,#4923,.T.);
#6379=ORIENTED_EDGE('',*,*,#4930,.F.);
#6380=ORIENTED_EDGE('',*,*,#4931,.F.);
#6381=ORIENTED_EDGE('',*,*,#4932,.F.);
#6382=ORIENTED_EDGE('',*,*,#4931,.T.);
#6383=ORIENTED_EDGE('',*,*,#4933,.F.);
#6384=ORIENTED_EDGE('',*,*,#4915,.F.);
#6385=ORIENTED_EDGE('',*,*,#4934,.F.);
#6386=ORIENTED_EDGE('',*,*,#4935,.F.);
#6387=ORIENTED_EDGE('',*,*,#4936,.F.);
#6388=ORIENTED_EDGE('',*,*,#4937,.T.);
#6389=ORIENTED_EDGE('',*,*,#4938,.F.);
#6390=ORIENTED_EDGE('',*,*,#4939,.T.);
#6391=ORIENTED_EDGE('',*,*,#4940,.F.);
#6392=ORIENTED_EDGE('',*,*,#4941,.F.);
#6393=ORIENTED_EDGE('',*,*,#4942,.F.);
#6394=ORIENTED_EDGE('',*,*,#4943,.F.);
#6395=ORIENTED_EDGE('',*,*,#4944,.F.);
#6396=ORIENTED_EDGE('',*,*,#4935,.T.);
#6397=ORIENTED_EDGE('',*,*,#4945,.F.);
#6398=ORIENTED_EDGE('',*,*,#4941,.T.);
#6399=ORIENTED_EDGE('',*,*,#4946,.F.);
#6400=ORIENTED_EDGE('',*,*,#4947,.F.);
#6401=ORIENTED_EDGE('',*,*,#4948,.F.);
#6402=ORIENTED_EDGE('',*,*,#4937,.F.);
#6403=ORIENTED_EDGE('',*,*,#4949,.F.);
#6404=ORIENTED_EDGE('',*,*,#4950,.T.);
#6405=ORIENTED_EDGE('',*,*,#4951,.F.);
#6406=ORIENTED_EDGE('',*,*,#4950,.F.);
#6407=ORIENTED_EDGE('',*,*,#4952,.F.);
#6408=ORIENTED_EDGE('',*,*,#4943,.T.);
#6409=ORIENTED_EDGE('',*,*,#4953,.F.);
#6410=ORIENTED_EDGE('',*,*,#4947,.T.);
#6411=ORIENTED_EDGE('',*,*,#4954,.F.);
#6412=ORIENTED_EDGE('',*,*,#4955,.F.);
#6413=ORIENTED_EDGE('',*,*,#4956,.F.);
#6414=ORIENTED_EDGE('',*,*,#4955,.T.);
#6415=ORIENTED_EDGE('',*,*,#4957,.F.);
#6416=ORIENTED_EDGE('',*,*,#4939,.F.);
#6417=ORIENTED_EDGE('',*,*,#4958,.F.);
#6418=ORIENTED_EDGE('',*,*,#4959,.F.);
#6419=ORIENTED_EDGE('',*,*,#4960,.F.);
#6420=ORIENTED_EDGE('',*,*,#4961,.T.);
#6421=ORIENTED_EDGE('',*,*,#4962,.F.);
#6422=ORIENTED_EDGE('',*,*,#4963,.T.);
#6423=ORIENTED_EDGE('',*,*,#4964,.F.);
#6424=ORIENTED_EDGE('',*,*,#4965,.F.);
#6425=ORIENTED_EDGE('',*,*,#4966,.F.);
#6426=ORIENTED_EDGE('',*,*,#4967,.F.);
#6427=ORIENTED_EDGE('',*,*,#4968,.F.);
#6428=ORIENTED_EDGE('',*,*,#4959,.T.);
#6429=ORIENTED_EDGE('',*,*,#4969,.F.);
#6430=ORIENTED_EDGE('',*,*,#4965,.T.);
#6431=ORIENTED_EDGE('',*,*,#4970,.F.);
#6432=ORIENTED_EDGE('',*,*,#4971,.F.);
#6433=ORIENTED_EDGE('',*,*,#4972,.F.);
#6434=ORIENTED_EDGE('',*,*,#4961,.F.);
#6435=ORIENTED_EDGE('',*,*,#4973,.F.);
#6436=ORIENTED_EDGE('',*,*,#4974,.T.);
#6437=ORIENTED_EDGE('',*,*,#4975,.F.);
#6438=ORIENTED_EDGE('',*,*,#4974,.F.);
#6439=ORIENTED_EDGE('',*,*,#4976,.F.);
#6440=ORIENTED_EDGE('',*,*,#4967,.T.);
#6441=ORIENTED_EDGE('',*,*,#4977,.F.);
#6442=ORIENTED_EDGE('',*,*,#4971,.T.);
#6443=ORIENTED_EDGE('',*,*,#4978,.F.);
#6444=ORIENTED_EDGE('',*,*,#4979,.F.);
#6445=ORIENTED_EDGE('',*,*,#4980,.F.);
#6446=ORIENTED_EDGE('',*,*,#4979,.T.);
#6447=ORIENTED_EDGE('',*,*,#4981,.F.);
#6448=ORIENTED_EDGE('',*,*,#4963,.F.);
#6449=ORIENTED_EDGE('',*,*,#4982,.F.);
#6450=ORIENTED_EDGE('',*,*,#4983,.F.);
#6451=ORIENTED_EDGE('',*,*,#4984,.F.);
#6452=ORIENTED_EDGE('',*,*,#4985,.T.);
#6453=ORIENTED_EDGE('',*,*,#4986,.F.);
#6454=ORIENTED_EDGE('',*,*,#4987,.T.);
#6455=ORIENTED_EDGE('',*,*,#4988,.F.);
#6456=ORIENTED_EDGE('',*,*,#4989,.F.);
#6457=ORIENTED_EDGE('',*,*,#4990,.F.);
#6458=ORIENTED_EDGE('',*,*,#4991,.F.);
#6459=ORIENTED_EDGE('',*,*,#4992,.F.);
#6460=ORIENTED_EDGE('',*,*,#4983,.T.);
#6461=ORIENTED_EDGE('',*,*,#4993,.F.);
#6462=ORIENTED_EDGE('',*,*,#4989,.T.);
#6463=ORIENTED_EDGE('',*,*,#4994,.F.);
#6464=ORIENTED_EDGE('',*,*,#4995,.F.);
#6465=ORIENTED_EDGE('',*,*,#4996,.F.);
#6466=ORIENTED_EDGE('',*,*,#4985,.F.);
#6467=ORIENTED_EDGE('',*,*,#4997,.F.);
#6468=ORIENTED_EDGE('',*,*,#4998,.T.);
#6469=ORIENTED_EDGE('',*,*,#4999,.F.);
#6470=ORIENTED_EDGE('',*,*,#4998,.F.);
#6471=ORIENTED_EDGE('',*,*,#5000,.F.);
#6472=ORIENTED_EDGE('',*,*,#4991,.T.);
#6473=ORIENTED_EDGE('',*,*,#5001,.F.);
#6474=ORIENTED_EDGE('',*,*,#4995,.T.);
#6475=ORIENTED_EDGE('',*,*,#5002,.F.);
#6476=ORIENTED_EDGE('',*,*,#5003,.F.);
#6477=ORIENTED_EDGE('',*,*,#5004,.F.);
#6478=ORIENTED_EDGE('',*,*,#5003,.T.);
#6479=ORIENTED_EDGE('',*,*,#5005,.F.);
#6480=ORIENTED_EDGE('',*,*,#4987,.F.);
#6481=ORIENTED_EDGE('',*,*,#5006,.F.);
#6482=ORIENTED_EDGE('',*,*,#5007,.F.);
#6483=ORIENTED_EDGE('',*,*,#5008,.F.);
#6484=ORIENTED_EDGE('',*,*,#5009,.T.);
#6485=ORIENTED_EDGE('',*,*,#5010,.F.);
#6486=ORIENTED_EDGE('',*,*,#5011,.T.);
#6487=ORIENTED_EDGE('',*,*,#5012,.F.);
#6488=ORIENTED_EDGE('',*,*,#5013,.F.);
#6489=ORIENTED_EDGE('',*,*,#5014,.F.);
#6490=ORIENTED_EDGE('',*,*,#5015,.F.);
#6491=ORIENTED_EDGE('',*,*,#5016,.F.);
#6492=ORIENTED_EDGE('',*,*,#5007,.T.);
#6493=ORIENTED_EDGE('',*,*,#5017,.F.);
#6494=ORIENTED_EDGE('',*,*,#5013,.T.);
#6495=ORIENTED_EDGE('',*,*,#5018,.F.);
#6496=ORIENTED_EDGE('',*,*,#5019,.F.);
#6497=ORIENTED_EDGE('',*,*,#5020,.F.);
#6498=ORIENTED_EDGE('',*,*,#5009,.F.);
#6499=ORIENTED_EDGE('',*,*,#5021,.F.);
#6500=ORIENTED_EDGE('',*,*,#5022,.T.);
#6501=ORIENTED_EDGE('',*,*,#5023,.F.);
#6502=ORIENTED_EDGE('',*,*,#5022,.F.);
#6503=ORIENTED_EDGE('',*,*,#5024,.F.);
#6504=ORIENTED_EDGE('',*,*,#5015,.T.);
#6505=ORIENTED_EDGE('',*,*,#5025,.F.);
#6506=ORIENTED_EDGE('',*,*,#5019,.T.);
#6507=ORIENTED_EDGE('',*,*,#5026,.F.);
#6508=ORIENTED_EDGE('',*,*,#5027,.F.);
#6509=ORIENTED_EDGE('',*,*,#5028,.F.);
#6510=ORIENTED_EDGE('',*,*,#5027,.T.);
#6511=ORIENTED_EDGE('',*,*,#5029,.F.);
#6512=ORIENTED_EDGE('',*,*,#5011,.F.);
#6513=ORIENTED_EDGE('',*,*,#5030,.F.);
#6514=ORIENTED_EDGE('',*,*,#5031,.F.);
#6515=ORIENTED_EDGE('',*,*,#5032,.F.);
#6516=ORIENTED_EDGE('',*,*,#5033,.T.);
#6517=ORIENTED_EDGE('',*,*,#5034,.F.);
#6518=ORIENTED_EDGE('',*,*,#5035,.T.);
#6519=ORIENTED_EDGE('',*,*,#5036,.F.);
#6520=ORIENTED_EDGE('',*,*,#5037,.F.);
#6521=ORIENTED_EDGE('',*,*,#5038,.F.);
#6522=ORIENTED_EDGE('',*,*,#5039,.F.);
#6523=ORIENTED_EDGE('',*,*,#5040,.F.);
#6524=ORIENTED_EDGE('',*,*,#5031,.T.);
#6525=ORIENTED_EDGE('',*,*,#5041,.F.);
#6526=ORIENTED_EDGE('',*,*,#5037,.T.);
#6527=ORIENTED_EDGE('',*,*,#5042,.F.);
#6528=ORIENTED_EDGE('',*,*,#5043,.F.);
#6529=ORIENTED_EDGE('',*,*,#5044,.F.);
#6530=ORIENTED_EDGE('',*,*,#5033,.F.);
#6531=ORIENTED_EDGE('',*,*,#5045,.F.);
#6532=ORIENTED_EDGE('',*,*,#5046,.T.);
#6533=ORIENTED_EDGE('',*,*,#5047,.F.);
#6534=ORIENTED_EDGE('',*,*,#5046,.F.);
#6535=ORIENTED_EDGE('',*,*,#5048,.F.);
#6536=ORIENTED_EDGE('',*,*,#5039,.T.);
#6537=ORIENTED_EDGE('',*,*,#5049,.F.);
#6538=ORIENTED_EDGE('',*,*,#5043,.T.);
#6539=ORIENTED_EDGE('',*,*,#5050,.F.);
#6540=ORIENTED_EDGE('',*,*,#5051,.F.);
#6541=ORIENTED_EDGE('',*,*,#5052,.F.);
#6542=ORIENTED_EDGE('',*,*,#5051,.T.);
#6543=ORIENTED_EDGE('',*,*,#5053,.F.);
#6544=ORIENTED_EDGE('',*,*,#5035,.F.);
#6545=ORIENTED_EDGE('',*,*,#5054,.F.);
#6546=ORIENTED_EDGE('',*,*,#5055,.F.);
#6547=ORIENTED_EDGE('',*,*,#5056,.F.);
#6548=ORIENTED_EDGE('',*,*,#5057,.T.);
#6549=ORIENTED_EDGE('',*,*,#5058,.F.);
#6550=ORIENTED_EDGE('',*,*,#5059,.T.);
#6551=ORIENTED_EDGE('',*,*,#5060,.F.);
#6552=ORIENTED_EDGE('',*,*,#5061,.F.);
#6553=ORIENTED_EDGE('',*,*,#5062,.F.);
#6554=ORIENTED_EDGE('',*,*,#5063,.F.);
#6555=ORIENTED_EDGE('',*,*,#5064,.F.);
#6556=ORIENTED_EDGE('',*,*,#5055,.T.);
#6557=ORIENTED_EDGE('',*,*,#5065,.F.);
#6558=ORIENTED_EDGE('',*,*,#5061,.T.);
#6559=ORIENTED_EDGE('',*,*,#5066,.F.);
#6560=ORIENTED_EDGE('',*,*,#5067,.F.);
#6561=ORIENTED_EDGE('',*,*,#5068,.F.);
#6562=ORIENTED_EDGE('',*,*,#5057,.F.);
#6563=ORIENTED_EDGE('',*,*,#5069,.F.);
#6564=ORIENTED_EDGE('',*,*,#5070,.T.);
#6565=ORIENTED_EDGE('',*,*,#5071,.F.);
#6566=ORIENTED_EDGE('',*,*,#5070,.F.);
#6567=ORIENTED_EDGE('',*,*,#5072,.F.);
#6568=ORIENTED_EDGE('',*,*,#5063,.T.);
#6569=ORIENTED_EDGE('',*,*,#5073,.F.);
#6570=ORIENTED_EDGE('',*,*,#5067,.T.);
#6571=ORIENTED_EDGE('',*,*,#5074,.F.);
#6572=ORIENTED_EDGE('',*,*,#5075,.F.);
#6573=ORIENTED_EDGE('',*,*,#5076,.F.);
#6574=ORIENTED_EDGE('',*,*,#5075,.T.);
#6575=ORIENTED_EDGE('',*,*,#5077,.F.);
#6576=ORIENTED_EDGE('',*,*,#5059,.F.);
#6577=ORIENTED_EDGE('',*,*,#5078,.F.);
#6578=ORIENTED_EDGE('',*,*,#5079,.F.);
#6579=ORIENTED_EDGE('',*,*,#5080,.F.);
#6580=ORIENTED_EDGE('',*,*,#5081,.T.);
#6581=ORIENTED_EDGE('',*,*,#5082,.F.);
#6582=ORIENTED_EDGE('',*,*,#5083,.T.);
#6583=ORIENTED_EDGE('',*,*,#5084,.F.);
#6584=ORIENTED_EDGE('',*,*,#5085,.F.);
#6585=ORIENTED_EDGE('',*,*,#5086,.F.);
#6586=ORIENTED_EDGE('',*,*,#5087,.F.);
#6587=ORIENTED_EDGE('',*,*,#5088,.F.);
#6588=ORIENTED_EDGE('',*,*,#5079,.T.);
#6589=ORIENTED_EDGE('',*,*,#5089,.F.);
#6590=ORIENTED_EDGE('',*,*,#5085,.T.);
#6591=ORIENTED_EDGE('',*,*,#5090,.F.);
#6592=ORIENTED_EDGE('',*,*,#5091,.F.);
#6593=ORIENTED_EDGE('',*,*,#5092,.F.);
#6594=ORIENTED_EDGE('',*,*,#5081,.F.);
#6595=ORIENTED_EDGE('',*,*,#5093,.F.);
#6596=ORIENTED_EDGE('',*,*,#5094,.T.);
#6597=ORIENTED_EDGE('',*,*,#5095,.F.);
#6598=ORIENTED_EDGE('',*,*,#5094,.F.);
#6599=ORIENTED_EDGE('',*,*,#5096,.F.);
#6600=ORIENTED_EDGE('',*,*,#5087,.T.);
#6601=ORIENTED_EDGE('',*,*,#5097,.F.);
#6602=ORIENTED_EDGE('',*,*,#5091,.T.);
#6603=ORIENTED_EDGE('',*,*,#5098,.F.);
#6604=ORIENTED_EDGE('',*,*,#5099,.F.);
#6605=ORIENTED_EDGE('',*,*,#5100,.F.);
#6606=ORIENTED_EDGE('',*,*,#5099,.T.);
#6607=ORIENTED_EDGE('',*,*,#5101,.F.);
#6608=ORIENTED_EDGE('',*,*,#5083,.F.);
#6609=ORIENTED_EDGE('',*,*,#5102,.F.);
#6610=ORIENTED_EDGE('',*,*,#5103,.F.);
#6611=ORIENTED_EDGE('',*,*,#5104,.F.);
#6612=ORIENTED_EDGE('',*,*,#5105,.T.);
#6613=ORIENTED_EDGE('',*,*,#5106,.F.);
#6614=ORIENTED_EDGE('',*,*,#5107,.T.);
#6615=ORIENTED_EDGE('',*,*,#5108,.F.);
#6616=ORIENTED_EDGE('',*,*,#5109,.F.);
#6617=ORIENTED_EDGE('',*,*,#5110,.F.);
#6618=ORIENTED_EDGE('',*,*,#5111,.F.);
#6619=ORIENTED_EDGE('',*,*,#5112,.F.);
#6620=ORIENTED_EDGE('',*,*,#5103,.T.);
#6621=ORIENTED_EDGE('',*,*,#5113,.F.);
#6622=ORIENTED_EDGE('',*,*,#5109,.T.);
#6623=ORIENTED_EDGE('',*,*,#5114,.F.);
#6624=ORIENTED_EDGE('',*,*,#5115,.F.);
#6625=ORIENTED_EDGE('',*,*,#5116,.F.);
#6626=ORIENTED_EDGE('',*,*,#5105,.F.);
#6627=ORIENTED_EDGE('',*,*,#5117,.F.);
#6628=ORIENTED_EDGE('',*,*,#5118,.T.);
#6629=ORIENTED_EDGE('',*,*,#5119,.F.);
#6630=ORIENTED_EDGE('',*,*,#5118,.F.);
#6631=ORIENTED_EDGE('',*,*,#5120,.F.);
#6632=ORIENTED_EDGE('',*,*,#5111,.T.);
#6633=ORIENTED_EDGE('',*,*,#5121,.F.);
#6634=ORIENTED_EDGE('',*,*,#5115,.T.);
#6635=ORIENTED_EDGE('',*,*,#5122,.F.);
#6636=ORIENTED_EDGE('',*,*,#5123,.F.);
#6637=ORIENTED_EDGE('',*,*,#5124,.F.);
#6638=ORIENTED_EDGE('',*,*,#5123,.T.);
#6639=ORIENTED_EDGE('',*,*,#5125,.F.);
#6640=ORIENTED_EDGE('',*,*,#5107,.F.);
#6641=ORIENTED_EDGE('',*,*,#5126,.F.);
#6642=ORIENTED_EDGE('',*,*,#5127,.F.);
#6643=ORIENTED_EDGE('',*,*,#5128,.F.);
#6644=ORIENTED_EDGE('',*,*,#5129,.T.);
#6645=ORIENTED_EDGE('',*,*,#5130,.F.);
#6646=ORIENTED_EDGE('',*,*,#5131,.T.);
#6647=ORIENTED_EDGE('',*,*,#5132,.F.);
#6648=ORIENTED_EDGE('',*,*,#5133,.F.);
#6649=ORIENTED_EDGE('',*,*,#5134,.F.);
#6650=ORIENTED_EDGE('',*,*,#5135,.F.);
#6651=ORIENTED_EDGE('',*,*,#5136,.F.);
#6652=ORIENTED_EDGE('',*,*,#5127,.T.);
#6653=ORIENTED_EDGE('',*,*,#5137,.F.);
#6654=ORIENTED_EDGE('',*,*,#5133,.T.);
#6655=ORIENTED_EDGE('',*,*,#5138,.F.);
#6656=ORIENTED_EDGE('',*,*,#5139,.F.);
#6657=ORIENTED_EDGE('',*,*,#5140,.F.);
#6658=ORIENTED_EDGE('',*,*,#5129,.F.);
#6659=ORIENTED_EDGE('',*,*,#5141,.F.);
#6660=ORIENTED_EDGE('',*,*,#5142,.T.);
#6661=ORIENTED_EDGE('',*,*,#5143,.F.);
#6662=ORIENTED_EDGE('',*,*,#5142,.F.);
#6663=ORIENTED_EDGE('',*,*,#5144,.F.);
#6664=ORIENTED_EDGE('',*,*,#5135,.T.);
#6665=ORIENTED_EDGE('',*,*,#5145,.F.);
#6666=ORIENTED_EDGE('',*,*,#5139,.T.);
#6667=ORIENTED_EDGE('',*,*,#5146,.F.);
#6668=ORIENTED_EDGE('',*,*,#5147,.F.);
#6669=ORIENTED_EDGE('',*,*,#5148,.F.);
#6670=ORIENTED_EDGE('',*,*,#5147,.T.);
#6671=ORIENTED_EDGE('',*,*,#5149,.F.);
#6672=ORIENTED_EDGE('',*,*,#5131,.F.);
#6673=ORIENTED_EDGE('',*,*,#5150,.F.);
#6674=ORIENTED_EDGE('',*,*,#5151,.F.);
#6675=ORIENTED_EDGE('',*,*,#5152,.F.);
#6676=ORIENTED_EDGE('',*,*,#5153,.T.);
#6677=ORIENTED_EDGE('',*,*,#5154,.F.);
#6678=ORIENTED_EDGE('',*,*,#5155,.T.);
#6679=ORIENTED_EDGE('',*,*,#5156,.F.);
#6680=ORIENTED_EDGE('',*,*,#5157,.F.);
#6681=ORIENTED_EDGE('',*,*,#5158,.F.);
#6682=ORIENTED_EDGE('',*,*,#5159,.F.);
#6683=ORIENTED_EDGE('',*,*,#5160,.F.);
#6684=ORIENTED_EDGE('',*,*,#5151,.T.);
#6685=ORIENTED_EDGE('',*,*,#5161,.F.);
#6686=ORIENTED_EDGE('',*,*,#5157,.T.);
#6687=ORIENTED_EDGE('',*,*,#5162,.F.);
#6688=ORIENTED_EDGE('',*,*,#5163,.F.);
#6689=ORIENTED_EDGE('',*,*,#5164,.F.);
#6690=ORIENTED_EDGE('',*,*,#5153,.F.);
#6691=ORIENTED_EDGE('',*,*,#5165,.F.);
#6692=ORIENTED_EDGE('',*,*,#5166,.T.);
#6693=ORIENTED_EDGE('',*,*,#5167,.F.);
#6694=ORIENTED_EDGE('',*,*,#5166,.F.);
#6695=ORIENTED_EDGE('',*,*,#5168,.F.);
#6696=ORIENTED_EDGE('',*,*,#5159,.T.);
#6697=ORIENTED_EDGE('',*,*,#5169,.F.);
#6698=ORIENTED_EDGE('',*,*,#5163,.T.);
#6699=ORIENTED_EDGE('',*,*,#5170,.F.);
#6700=ORIENTED_EDGE('',*,*,#5171,.F.);
#6701=ORIENTED_EDGE('',*,*,#5172,.F.);
#6702=ORIENTED_EDGE('',*,*,#5171,.T.);
#6703=ORIENTED_EDGE('',*,*,#5173,.F.);
#6704=ORIENTED_EDGE('',*,*,#5155,.F.);
#6705=ORIENTED_EDGE('',*,*,#5174,.F.);
#6706=ORIENTED_EDGE('',*,*,#5175,.F.);
#6707=ORIENTED_EDGE('',*,*,#5176,.F.);
#6708=ORIENTED_EDGE('',*,*,#5177,.T.);
#6709=ORIENTED_EDGE('',*,*,#5178,.F.);
#6710=ORIENTED_EDGE('',*,*,#5179,.T.);
#6711=ORIENTED_EDGE('',*,*,#5180,.F.);
#6712=ORIENTED_EDGE('',*,*,#5181,.F.);
#6713=ORIENTED_EDGE('',*,*,#5182,.F.);
#6714=ORIENTED_EDGE('',*,*,#5183,.F.);
#6715=ORIENTED_EDGE('',*,*,#5184,.F.);
#6716=ORIENTED_EDGE('',*,*,#5175,.T.);
#6717=ORIENTED_EDGE('',*,*,#5185,.F.);
#6718=ORIENTED_EDGE('',*,*,#5181,.T.);
#6719=ORIENTED_EDGE('',*,*,#5186,.F.);
#6720=ORIENTED_EDGE('',*,*,#5187,.F.);
#6721=ORIENTED_EDGE('',*,*,#5188,.F.);
#6722=ORIENTED_EDGE('',*,*,#5177,.F.);
#6723=ORIENTED_EDGE('',*,*,#5189,.F.);
#6724=ORIENTED_EDGE('',*,*,#5190,.T.);
#6725=ORIENTED_EDGE('',*,*,#5191,.F.);
#6726=ORIENTED_EDGE('',*,*,#5190,.F.);
#6727=ORIENTED_EDGE('',*,*,#5192,.F.);
#6728=ORIENTED_EDGE('',*,*,#5183,.T.);
#6729=ORIENTED_EDGE('',*,*,#5193,.F.);
#6730=ORIENTED_EDGE('',*,*,#5187,.T.);
#6731=ORIENTED_EDGE('',*,*,#5194,.F.);
#6732=ORIENTED_EDGE('',*,*,#5195,.F.);
#6733=ORIENTED_EDGE('',*,*,#5196,.F.);
#6734=ORIENTED_EDGE('',*,*,#5195,.T.);
#6735=ORIENTED_EDGE('',*,*,#5197,.F.);
#6736=ORIENTED_EDGE('',*,*,#5179,.F.);
#6737=ORIENTED_EDGE('',*,*,#5198,.F.);
#6738=ORIENTED_EDGE('',*,*,#5199,.F.);
#6739=ORIENTED_EDGE('',*,*,#5200,.F.);
#6740=ORIENTED_EDGE('',*,*,#5201,.T.);
#6741=ORIENTED_EDGE('',*,*,#5202,.F.);
#6742=ORIENTED_EDGE('',*,*,#5203,.T.);
#6743=ORIENTED_EDGE('',*,*,#5204,.F.);
#6744=ORIENTED_EDGE('',*,*,#5205,.F.);
#6745=ORIENTED_EDGE('',*,*,#5206,.F.);
#6746=ORIENTED_EDGE('',*,*,#5207,.F.);
#6747=ORIENTED_EDGE('',*,*,#5208,.F.);
#6748=ORIENTED_EDGE('',*,*,#5199,.T.);
#6749=ORIENTED_EDGE('',*,*,#5209,.F.);
#6750=ORIENTED_EDGE('',*,*,#5205,.T.);
#6751=ORIENTED_EDGE('',*,*,#5210,.F.);
#6752=ORIENTED_EDGE('',*,*,#5211,.F.);
#6753=ORIENTED_EDGE('',*,*,#5212,.F.);
#6754=ORIENTED_EDGE('',*,*,#5201,.F.);
#6755=ORIENTED_EDGE('',*,*,#5213,.F.);
#6756=ORIENTED_EDGE('',*,*,#5214,.T.);
#6757=ORIENTED_EDGE('',*,*,#5215,.F.);
#6758=ORIENTED_EDGE('',*,*,#5214,.F.);
#6759=ORIENTED_EDGE('',*,*,#5216,.F.);
#6760=ORIENTED_EDGE('',*,*,#5207,.T.);
#6761=ORIENTED_EDGE('',*,*,#5217,.F.);
#6762=ORIENTED_EDGE('',*,*,#5211,.T.);
#6763=ORIENTED_EDGE('',*,*,#5218,.F.);
#6764=ORIENTED_EDGE('',*,*,#5219,.F.);
#6765=ORIENTED_EDGE('',*,*,#5220,.F.);
#6766=ORIENTED_EDGE('',*,*,#5219,.T.);
#6767=ORIENTED_EDGE('',*,*,#5221,.F.);
#6768=ORIENTED_EDGE('',*,*,#5203,.F.);
#6769=ORIENTED_EDGE('',*,*,#5222,.F.);
#6770=ORIENTED_EDGE('',*,*,#5223,.F.);
#6771=ORIENTED_EDGE('',*,*,#5224,.F.);
#6772=ORIENTED_EDGE('',*,*,#5225,.T.);
#6773=ORIENTED_EDGE('',*,*,#5226,.F.);
#6774=ORIENTED_EDGE('',*,*,#5227,.T.);
#6775=ORIENTED_EDGE('',*,*,#5228,.F.);
#6776=ORIENTED_EDGE('',*,*,#5229,.F.);
#6777=ORIENTED_EDGE('',*,*,#5230,.F.);
#6778=ORIENTED_EDGE('',*,*,#5231,.F.);
#6779=ORIENTED_EDGE('',*,*,#5232,.F.);
#6780=ORIENTED_EDGE('',*,*,#5223,.T.);
#6781=ORIENTED_EDGE('',*,*,#5233,.F.);
#6782=ORIENTED_EDGE('',*,*,#5229,.T.);
#6783=ORIENTED_EDGE('',*,*,#5234,.F.);
#6784=ORIENTED_EDGE('',*,*,#5235,.F.);
#6785=ORIENTED_EDGE('',*,*,#5236,.F.);
#6786=ORIENTED_EDGE('',*,*,#5225,.F.);
#6787=ORIENTED_EDGE('',*,*,#5237,.F.);
#6788=ORIENTED_EDGE('',*,*,#5238,.T.);
#6789=ORIENTED_EDGE('',*,*,#5239,.F.);
#6790=ORIENTED_EDGE('',*,*,#5238,.F.);
#6791=ORIENTED_EDGE('',*,*,#5240,.F.);
#6792=ORIENTED_EDGE('',*,*,#5231,.T.);
#6793=ORIENTED_EDGE('',*,*,#5241,.F.);
#6794=ORIENTED_EDGE('',*,*,#5235,.T.);
#6795=ORIENTED_EDGE('',*,*,#5242,.F.);
#6796=ORIENTED_EDGE('',*,*,#5243,.F.);
#6797=ORIENTED_EDGE('',*,*,#5244,.F.);
#6798=ORIENTED_EDGE('',*,*,#5243,.T.);
#6799=ORIENTED_EDGE('',*,*,#5245,.F.);
#6800=ORIENTED_EDGE('',*,*,#5227,.F.);
#6801=ORIENTED_EDGE('',*,*,#5246,.F.);
#6802=ORIENTED_EDGE('',*,*,#5247,.F.);
#6803=ORIENTED_EDGE('',*,*,#5248,.F.);
#6804=ORIENTED_EDGE('',*,*,#5249,.T.);
#6805=ORIENTED_EDGE('',*,*,#5250,.F.);
#6806=ORIENTED_EDGE('',*,*,#5251,.T.);
#6807=ORIENTED_EDGE('',*,*,#5252,.F.);
#6808=ORIENTED_EDGE('',*,*,#5253,.F.);
#6809=ORIENTED_EDGE('',*,*,#5254,.F.);
#6810=ORIENTED_EDGE('',*,*,#5255,.F.);
#6811=ORIENTED_EDGE('',*,*,#5256,.F.);
#6812=ORIENTED_EDGE('',*,*,#5247,.T.);
#6813=ORIENTED_EDGE('',*,*,#5257,.F.);
#6814=ORIENTED_EDGE('',*,*,#5253,.T.);
#6815=ORIENTED_EDGE('',*,*,#5258,.F.);
#6816=ORIENTED_EDGE('',*,*,#5259,.F.);
#6817=ORIENTED_EDGE('',*,*,#5260,.F.);
#6818=ORIENTED_EDGE('',*,*,#5249,.F.);
#6819=ORIENTED_EDGE('',*,*,#5261,.F.);
#6820=ORIENTED_EDGE('',*,*,#5262,.T.);
#6821=ORIENTED_EDGE('',*,*,#5263,.F.);
#6822=ORIENTED_EDGE('',*,*,#5262,.F.);
#6823=ORIENTED_EDGE('',*,*,#5264,.F.);
#6824=ORIENTED_EDGE('',*,*,#5255,.T.);
#6825=ORIENTED_EDGE('',*,*,#5265,.F.);
#6826=ORIENTED_EDGE('',*,*,#5259,.T.);
#6827=ORIENTED_EDGE('',*,*,#5266,.F.);
#6828=ORIENTED_EDGE('',*,*,#5267,.F.);
#6829=ORIENTED_EDGE('',*,*,#5268,.F.);
#6830=ORIENTED_EDGE('',*,*,#5267,.T.);
#6831=ORIENTED_EDGE('',*,*,#5269,.F.);
#6832=ORIENTED_EDGE('',*,*,#5251,.F.);
#6833=ORIENTED_EDGE('',*,*,#5270,.F.);
#6834=ORIENTED_EDGE('',*,*,#5271,.F.);
#6835=ORIENTED_EDGE('',*,*,#5272,.F.);
#6836=ORIENTED_EDGE('',*,*,#5273,.T.);
#6837=ORIENTED_EDGE('',*,*,#5274,.F.);
#6838=ORIENTED_EDGE('',*,*,#5275,.T.);
#6839=ORIENTED_EDGE('',*,*,#5276,.F.);
#6840=ORIENTED_EDGE('',*,*,#5277,.F.);
#6841=ORIENTED_EDGE('',*,*,#5278,.F.);
#6842=ORIENTED_EDGE('',*,*,#5279,.F.);
#6843=ORIENTED_EDGE('',*,*,#5280,.F.);
#6844=ORIENTED_EDGE('',*,*,#5271,.T.);
#6845=ORIENTED_EDGE('',*,*,#5281,.F.);
#6846=ORIENTED_EDGE('',*,*,#5277,.T.);
#6847=ORIENTED_EDGE('',*,*,#5282,.F.);
#6848=ORIENTED_EDGE('',*,*,#5283,.F.);
#6849=ORIENTED_EDGE('',*,*,#5284,.F.);
#6850=ORIENTED_EDGE('',*,*,#5273,.F.);
#6851=ORIENTED_EDGE('',*,*,#5285,.F.);
#6852=ORIENTED_EDGE('',*,*,#5286,.T.);
#6853=ORIENTED_EDGE('',*,*,#5287,.F.);
#6854=ORIENTED_EDGE('',*,*,#5286,.F.);
#6855=ORIENTED_EDGE('',*,*,#5288,.F.);
#6856=ORIENTED_EDGE('',*,*,#5279,.T.);
#6857=ORIENTED_EDGE('',*,*,#5289,.F.);
#6858=ORIENTED_EDGE('',*,*,#5283,.T.);
#6859=ORIENTED_EDGE('',*,*,#5290,.F.);
#6860=ORIENTED_EDGE('',*,*,#5291,.F.);
#6861=ORIENTED_EDGE('',*,*,#5292,.F.);
#6862=ORIENTED_EDGE('',*,*,#5291,.T.);
#6863=ORIENTED_EDGE('',*,*,#5293,.F.);
#6864=ORIENTED_EDGE('',*,*,#5275,.F.);
#6865=ORIENTED_EDGE('',*,*,#5294,.F.);
#6866=ORIENTED_EDGE('',*,*,#5295,.F.);
#6867=ORIENTED_EDGE('',*,*,#5296,.F.);
#6868=ORIENTED_EDGE('',*,*,#5297,.T.);
#6869=ORIENTED_EDGE('',*,*,#5298,.F.);
#6870=ORIENTED_EDGE('',*,*,#5299,.T.);
#6871=ORIENTED_EDGE('',*,*,#5300,.F.);
#6872=ORIENTED_EDGE('',*,*,#5301,.F.);
#6873=ORIENTED_EDGE('',*,*,#5302,.F.);
#6874=ORIENTED_EDGE('',*,*,#5303,.F.);
#6875=ORIENTED_EDGE('',*,*,#5304,.F.);
#6876=ORIENTED_EDGE('',*,*,#5295,.T.);
#6877=ORIENTED_EDGE('',*,*,#5305,.F.);
#6878=ORIENTED_EDGE('',*,*,#5301,.T.);
#6879=ORIENTED_EDGE('',*,*,#5306,.F.);
#6880=ORIENTED_EDGE('',*,*,#5307,.F.);
#6881=ORIENTED_EDGE('',*,*,#5308,.F.);
#6882=ORIENTED_EDGE('',*,*,#5297,.F.);
#6883=ORIENTED_EDGE('',*,*,#5309,.F.);
#6884=ORIENTED_EDGE('',*,*,#5310,.T.);
#6885=ORIENTED_EDGE('',*,*,#5311,.F.);
#6886=ORIENTED_EDGE('',*,*,#5310,.F.);
#6887=ORIENTED_EDGE('',*,*,#5312,.F.);
#6888=ORIENTED_EDGE('',*,*,#5303,.T.);
#6889=ORIENTED_EDGE('',*,*,#5313,.F.);
#6890=ORIENTED_EDGE('',*,*,#5307,.T.);
#6891=ORIENTED_EDGE('',*,*,#5314,.F.);
#6892=ORIENTED_EDGE('',*,*,#5315,.F.);
#6893=ORIENTED_EDGE('',*,*,#5316,.F.);
#6894=ORIENTED_EDGE('',*,*,#5315,.T.);
#6895=ORIENTED_EDGE('',*,*,#5317,.F.);
#6896=ORIENTED_EDGE('',*,*,#5299,.F.);
#6897=ORIENTED_EDGE('',*,*,#5318,.F.);
#6898=ORIENTED_EDGE('',*,*,#5319,.F.);
#6899=ORIENTED_EDGE('',*,*,#5320,.F.);
#6900=ORIENTED_EDGE('',*,*,#5321,.T.);
#6901=ORIENTED_EDGE('',*,*,#5322,.F.);
#6902=ORIENTED_EDGE('',*,*,#5323,.T.);
#6903=ORIENTED_EDGE('',*,*,#5324,.F.);
#6904=ORIENTED_EDGE('',*,*,#5325,.F.);
#6905=ORIENTED_EDGE('',*,*,#5326,.F.);
#6906=ORIENTED_EDGE('',*,*,#5327,.F.);
#6907=ORIENTED_EDGE('',*,*,#5328,.F.);
#6908=ORIENTED_EDGE('',*,*,#5319,.T.);
#6909=ORIENTED_EDGE('',*,*,#5329,.F.);
#6910=ORIENTED_EDGE('',*,*,#5325,.T.);
#6911=ORIENTED_EDGE('',*,*,#5330,.F.);
#6912=ORIENTED_EDGE('',*,*,#5331,.F.);
#6913=ORIENTED_EDGE('',*,*,#5332,.F.);
#6914=ORIENTED_EDGE('',*,*,#5321,.F.);
#6915=ORIENTED_EDGE('',*,*,#5333,.F.);
#6916=ORIENTED_EDGE('',*,*,#5334,.T.);
#6917=ORIENTED_EDGE('',*,*,#5335,.F.);
#6918=ORIENTED_EDGE('',*,*,#5334,.F.);
#6919=ORIENTED_EDGE('',*,*,#5336,.F.);
#6920=ORIENTED_EDGE('',*,*,#5327,.T.);
#6921=ORIENTED_EDGE('',*,*,#5337,.F.);
#6922=ORIENTED_EDGE('',*,*,#5331,.T.);
#6923=ORIENTED_EDGE('',*,*,#5338,.F.);
#6924=ORIENTED_EDGE('',*,*,#5339,.F.);
#6925=ORIENTED_EDGE('',*,*,#5340,.F.);
#6926=ORIENTED_EDGE('',*,*,#5339,.T.);
#6927=ORIENTED_EDGE('',*,*,#5341,.F.);
#6928=ORIENTED_EDGE('',*,*,#5323,.F.);
#6929=ORIENTED_EDGE('',*,*,#5342,.F.);
#6930=ORIENTED_EDGE('',*,*,#5343,.F.);
#6931=ORIENTED_EDGE('',*,*,#5344,.F.);
#6932=ORIENTED_EDGE('',*,*,#5345,.T.);
#6933=ORIENTED_EDGE('',*,*,#5346,.F.);
#6934=ORIENTED_EDGE('',*,*,#5347,.T.);
#6935=ORIENTED_EDGE('',*,*,#5348,.F.);
#6936=ORIENTED_EDGE('',*,*,#5349,.F.);
#6937=ORIENTED_EDGE('',*,*,#5350,.F.);
#6938=ORIENTED_EDGE('',*,*,#5351,.F.);
#6939=ORIENTED_EDGE('',*,*,#5352,.F.);
#6940=ORIENTED_EDGE('',*,*,#5343,.T.);
#6941=ORIENTED_EDGE('',*,*,#5353,.F.);
#6942=ORIENTED_EDGE('',*,*,#5349,.T.);
#6943=ORIENTED_EDGE('',*,*,#5354,.F.);
#6944=ORIENTED_EDGE('',*,*,#5355,.F.);
#6945=ORIENTED_EDGE('',*,*,#5356,.F.);
#6946=ORIENTED_EDGE('',*,*,#5345,.F.);
#6947=ORIENTED_EDGE('',*,*,#5357,.F.);
#6948=ORIENTED_EDGE('',*,*,#5358,.T.);
#6949=ORIENTED_EDGE('',*,*,#5359,.F.);
#6950=ORIENTED_EDGE('',*,*,#5358,.F.);
#6951=ORIENTED_EDGE('',*,*,#5360,.F.);
#6952=ORIENTED_EDGE('',*,*,#5351,.T.);
#6953=ORIENTED_EDGE('',*,*,#5361,.F.);
#6954=ORIENTED_EDGE('',*,*,#5355,.T.);
#6955=ORIENTED_EDGE('',*,*,#5362,.F.);
#6956=ORIENTED_EDGE('',*,*,#5363,.F.);
#6957=ORIENTED_EDGE('',*,*,#5364,.F.);
#6958=ORIENTED_EDGE('',*,*,#5363,.T.);
#6959=ORIENTED_EDGE('',*,*,#5365,.F.);
#6960=ORIENTED_EDGE('',*,*,#5347,.F.);
#6961=ORIENTED_EDGE('',*,*,#5366,.F.);
#6962=ORIENTED_EDGE('',*,*,#5367,.F.);
#6963=ORIENTED_EDGE('',*,*,#5368,.F.);
#6964=ORIENTED_EDGE('',*,*,#5369,.T.);
#6965=ORIENTED_EDGE('',*,*,#5370,.F.);
#6966=ORIENTED_EDGE('',*,*,#5371,.T.);
#6967=ORIENTED_EDGE('',*,*,#5372,.F.);
#6968=ORIENTED_EDGE('',*,*,#5373,.F.);
#6969=ORIENTED_EDGE('',*,*,#5374,.F.);
#6970=ORIENTED_EDGE('',*,*,#5375,.F.);
#6971=ORIENTED_EDGE('',*,*,#5376,.F.);
#6972=ORIENTED_EDGE('',*,*,#5367,.T.);
#6973=ORIENTED_EDGE('',*,*,#5377,.F.);
#6974=ORIENTED_EDGE('',*,*,#5373,.T.);
#6975=ORIENTED_EDGE('',*,*,#5378,.F.);
#6976=ORIENTED_EDGE('',*,*,#5379,.F.);
#6977=ORIENTED_EDGE('',*,*,#5380,.F.);
#6978=ORIENTED_EDGE('',*,*,#5369,.F.);
#6979=ORIENTED_EDGE('',*,*,#5381,.F.);
#6980=ORIENTED_EDGE('',*,*,#5382,.T.);
#6981=ORIENTED_EDGE('',*,*,#5383,.F.);
#6982=ORIENTED_EDGE('',*,*,#5382,.F.);
#6983=ORIENTED_EDGE('',*,*,#5384,.F.);
#6984=ORIENTED_EDGE('',*,*,#5375,.T.);
#6985=ORIENTED_EDGE('',*,*,#5385,.F.);
#6986=ORIENTED_EDGE('',*,*,#5379,.T.);
#6987=ORIENTED_EDGE('',*,*,#5386,.F.);
#6988=ORIENTED_EDGE('',*,*,#5387,.F.);
#6989=ORIENTED_EDGE('',*,*,#5388,.F.);
#6990=ORIENTED_EDGE('',*,*,#5387,.T.);
#6991=ORIENTED_EDGE('',*,*,#5389,.F.);
#6992=ORIENTED_EDGE('',*,*,#5371,.F.);
#6993=ORIENTED_EDGE('',*,*,#5390,.F.);
#6994=ORIENTED_EDGE('',*,*,#5391,.F.);
#6995=ORIENTED_EDGE('',*,*,#5392,.F.);
#6996=ORIENTED_EDGE('',*,*,#5393,.T.);
#6997=ORIENTED_EDGE('',*,*,#5394,.F.);
#6998=ORIENTED_EDGE('',*,*,#5395,.T.);
#6999=ORIENTED_EDGE('',*,*,#5396,.F.);
#7000=ORIENTED_EDGE('',*,*,#5397,.F.);
#7001=ORIENTED_EDGE('',*,*,#5398,.F.);
#7002=ORIENTED_EDGE('',*,*,#5399,.F.);
#7003=ORIENTED_EDGE('',*,*,#5400,.F.);
#7004=ORIENTED_EDGE('',*,*,#5391,.T.);
#7005=ORIENTED_EDGE('',*,*,#5401,.F.);
#7006=ORIENTED_EDGE('',*,*,#5397,.T.);
#7007=ORIENTED_EDGE('',*,*,#5402,.F.);
#7008=ORIENTED_EDGE('',*,*,#5403,.F.);
#7009=ORIENTED_EDGE('',*,*,#5404,.F.);
#7010=ORIENTED_EDGE('',*,*,#5393,.F.);
#7011=ORIENTED_EDGE('',*,*,#5405,.F.);
#7012=ORIENTED_EDGE('',*,*,#5406,.T.);
#7013=ORIENTED_EDGE('',*,*,#5407,.F.);
#7014=ORIENTED_EDGE('',*,*,#5406,.F.);
#7015=ORIENTED_EDGE('',*,*,#5408,.F.);
#7016=ORIENTED_EDGE('',*,*,#5399,.T.);
#7017=ORIENTED_EDGE('',*,*,#5409,.F.);
#7018=ORIENTED_EDGE('',*,*,#5403,.T.);
#7019=ORIENTED_EDGE('',*,*,#5410,.F.);
#7020=ORIENTED_EDGE('',*,*,#5411,.F.);
#7021=ORIENTED_EDGE('',*,*,#5412,.F.);
#7022=ORIENTED_EDGE('',*,*,#5411,.T.);
#7023=ORIENTED_EDGE('',*,*,#5413,.F.);
#7024=ORIENTED_EDGE('',*,*,#5395,.F.);
#7025=ORIENTED_EDGE('',*,*,#5414,.F.);
#7026=ORIENTED_EDGE('',*,*,#5415,.F.);
#7027=ORIENTED_EDGE('',*,*,#5416,.F.);
#7028=ORIENTED_EDGE('',*,*,#5417,.T.);
#7029=ORIENTED_EDGE('',*,*,#5418,.F.);
#7030=ORIENTED_EDGE('',*,*,#5419,.T.);
#7031=ORIENTED_EDGE('',*,*,#5420,.F.);
#7032=ORIENTED_EDGE('',*,*,#5421,.F.);
#7033=ORIENTED_EDGE('',*,*,#5422,.F.);
#7034=ORIENTED_EDGE('',*,*,#5423,.F.);
#7035=ORIENTED_EDGE('',*,*,#5424,.F.);
#7036=ORIENTED_EDGE('',*,*,#5415,.T.);
#7037=ORIENTED_EDGE('',*,*,#5425,.F.);
#7038=ORIENTED_EDGE('',*,*,#5421,.T.);
#7039=ORIENTED_EDGE('',*,*,#5426,.F.);
#7040=ORIENTED_EDGE('',*,*,#5427,.F.);
#7041=ORIENTED_EDGE('',*,*,#5428,.F.);
#7042=ORIENTED_EDGE('',*,*,#5417,.F.);
#7043=ORIENTED_EDGE('',*,*,#5429,.F.);
#7044=ORIENTED_EDGE('',*,*,#5430,.T.);
#7045=ORIENTED_EDGE('',*,*,#5431,.F.);
#7046=ORIENTED_EDGE('',*,*,#5430,.F.);
#7047=ORIENTED_EDGE('',*,*,#5432,.F.);
#7048=ORIENTED_EDGE('',*,*,#5423,.T.);
#7049=ORIENTED_EDGE('',*,*,#5433,.F.);
#7050=ORIENTED_EDGE('',*,*,#5427,.T.);
#7051=ORIENTED_EDGE('',*,*,#5434,.F.);
#7052=ORIENTED_EDGE('',*,*,#5435,.F.);
#7053=ORIENTED_EDGE('',*,*,#5436,.F.);
#7054=ORIENTED_EDGE('',*,*,#5435,.T.);
#7055=ORIENTED_EDGE('',*,*,#5437,.F.);
#7056=ORIENTED_EDGE('',*,*,#5419,.F.);
#7057=ORIENTED_EDGE('',*,*,#5438,.F.);
#7058=ORIENTED_EDGE('',*,*,#5439,.F.);
#7059=ORIENTED_EDGE('',*,*,#5440,.F.);
#7060=ORIENTED_EDGE('',*,*,#5441,.T.);
#7061=ORIENTED_EDGE('',*,*,#5442,.F.);
#7062=ORIENTED_EDGE('',*,*,#5443,.T.);
#7063=ORIENTED_EDGE('',*,*,#5444,.F.);
#7064=ORIENTED_EDGE('',*,*,#5445,.F.);
#7065=ORIENTED_EDGE('',*,*,#5446,.F.);
#7066=ORIENTED_EDGE('',*,*,#5447,.F.);
#7067=ORIENTED_EDGE('',*,*,#5448,.F.);
#7068=ORIENTED_EDGE('',*,*,#5439,.T.);
#7069=ORIENTED_EDGE('',*,*,#5449,.F.);
#7070=ORIENTED_EDGE('',*,*,#5445,.T.);
#7071=ORIENTED_EDGE('',*,*,#5450,.F.);
#7072=ORIENTED_EDGE('',*,*,#5451,.F.);
#7073=ORIENTED_EDGE('',*,*,#5452,.F.);
#7074=ORIENTED_EDGE('',*,*,#5441,.F.);
#7075=ORIENTED_EDGE('',*,*,#5453,.F.);
#7076=ORIENTED_EDGE('',*,*,#5454,.T.);
#7077=ORIENTED_EDGE('',*,*,#5455,.F.);
#7078=ORIENTED_EDGE('',*,*,#5454,.F.);
#7079=ORIENTED_EDGE('',*,*,#5456,.F.);
#7080=ORIENTED_EDGE('',*,*,#5447,.T.);
#7081=ORIENTED_EDGE('',*,*,#5457,.F.);
#7082=ORIENTED_EDGE('',*,*,#5451,.T.);
#7083=ORIENTED_EDGE('',*,*,#5458,.F.);
#7084=ORIENTED_EDGE('',*,*,#5459,.F.);
#7085=ORIENTED_EDGE('',*,*,#5460,.F.);
#7086=ORIENTED_EDGE('',*,*,#5459,.T.);
#7087=ORIENTED_EDGE('',*,*,#5461,.F.);
#7088=ORIENTED_EDGE('',*,*,#5443,.F.);
#7089=ORIENTED_EDGE('',*,*,#5462,.F.);
#7090=ORIENTED_EDGE('',*,*,#5463,.F.);
#7091=ORIENTED_EDGE('',*,*,#5464,.F.);
#7092=ORIENTED_EDGE('',*,*,#5465,.T.);
#7093=ORIENTED_EDGE('',*,*,#5466,.F.);
#7094=ORIENTED_EDGE('',*,*,#5467,.T.);
#7095=ORIENTED_EDGE('',*,*,#5468,.F.);
#7096=ORIENTED_EDGE('',*,*,#5469,.F.);
#7097=ORIENTED_EDGE('',*,*,#5470,.F.);
#7098=ORIENTED_EDGE('',*,*,#5471,.F.);
#7099=ORIENTED_EDGE('',*,*,#5472,.F.);
#7100=ORIENTED_EDGE('',*,*,#5463,.T.);
#7101=ORIENTED_EDGE('',*,*,#5473,.F.);
#7102=ORIENTED_EDGE('',*,*,#5469,.T.);
#7103=ORIENTED_EDGE('',*,*,#5474,.F.);
#7104=ORIENTED_EDGE('',*,*,#5475,.F.);
#7105=ORIENTED_EDGE('',*,*,#5476,.F.);
#7106=ORIENTED_EDGE('',*,*,#5465,.F.);
#7107=ORIENTED_EDGE('',*,*,#5477,.F.);
#7108=ORIENTED_EDGE('',*,*,#5478,.T.);
#7109=ORIENTED_EDGE('',*,*,#5479,.F.);
#7110=ORIENTED_EDGE('',*,*,#5478,.F.);
#7111=ORIENTED_EDGE('',*,*,#5480,.F.);
#7112=ORIENTED_EDGE('',*,*,#5471,.T.);
#7113=ORIENTED_EDGE('',*,*,#5481,.F.);
#7114=ORIENTED_EDGE('',*,*,#5475,.T.);
#7115=ORIENTED_EDGE('',*,*,#5482,.F.);
#7116=ORIENTED_EDGE('',*,*,#5483,.F.);
#7117=ORIENTED_EDGE('',*,*,#5484,.F.);
#7118=ORIENTED_EDGE('',*,*,#5483,.T.);
#7119=ORIENTED_EDGE('',*,*,#5485,.F.);
#7120=ORIENTED_EDGE('',*,*,#5467,.F.);
#7121=ORIENTED_EDGE('',*,*,#5486,.F.);
#7122=ORIENTED_EDGE('',*,*,#5487,.F.);
#7123=ORIENTED_EDGE('',*,*,#5488,.F.);
#7124=ORIENTED_EDGE('',*,*,#5489,.T.);
#7125=ORIENTED_EDGE('',*,*,#5490,.F.);
#7126=ORIENTED_EDGE('',*,*,#5491,.T.);
#7127=ORIENTED_EDGE('',*,*,#5492,.F.);
#7128=ORIENTED_EDGE('',*,*,#5493,.F.);
#7129=ORIENTED_EDGE('',*,*,#5494,.F.);
#7130=ORIENTED_EDGE('',*,*,#5495,.F.);
#7131=ORIENTED_EDGE('',*,*,#5496,.F.);
#7132=ORIENTED_EDGE('',*,*,#5487,.T.);
#7133=ORIENTED_EDGE('',*,*,#5497,.F.);
#7134=ORIENTED_EDGE('',*,*,#5493,.T.);
#7135=ORIENTED_EDGE('',*,*,#5498,.F.);
#7136=ORIENTED_EDGE('',*,*,#5499,.F.);
#7137=ORIENTED_EDGE('',*,*,#5500,.F.);
#7138=ORIENTED_EDGE('',*,*,#5489,.F.);
#7139=ORIENTED_EDGE('',*,*,#5501,.F.);
#7140=ORIENTED_EDGE('',*,*,#5502,.T.);
#7141=ORIENTED_EDGE('',*,*,#5503,.F.);
#7142=ORIENTED_EDGE('',*,*,#5502,.F.);
#7143=ORIENTED_EDGE('',*,*,#5504,.F.);
#7144=ORIENTED_EDGE('',*,*,#5495,.T.);
#7145=ORIENTED_EDGE('',*,*,#5505,.F.);
#7146=ORIENTED_EDGE('',*,*,#5499,.T.);
#7147=ORIENTED_EDGE('',*,*,#5506,.F.);
#7148=ORIENTED_EDGE('',*,*,#5507,.F.);
#7149=ORIENTED_EDGE('',*,*,#5508,.F.);
#7150=ORIENTED_EDGE('',*,*,#5507,.T.);
#7151=ORIENTED_EDGE('',*,*,#5509,.F.);
#7152=ORIENTED_EDGE('',*,*,#5491,.F.);
#7153=ORIENTED_EDGE('',*,*,#5510,.F.);
#7154=ORIENTED_EDGE('',*,*,#5511,.F.);
#7155=ORIENTED_EDGE('',*,*,#5512,.F.);
#7156=ORIENTED_EDGE('',*,*,#5513,.T.);
#7157=ORIENTED_EDGE('',*,*,#5514,.F.);
#7158=ORIENTED_EDGE('',*,*,#5515,.T.);
#7159=ORIENTED_EDGE('',*,*,#5516,.F.);
#7160=ORIENTED_EDGE('',*,*,#5517,.F.);
#7161=ORIENTED_EDGE('',*,*,#5518,.F.);
#7162=ORIENTED_EDGE('',*,*,#5519,.F.);
#7163=ORIENTED_EDGE('',*,*,#5520,.F.);
#7164=ORIENTED_EDGE('',*,*,#5511,.T.);
#7165=ORIENTED_EDGE('',*,*,#5521,.F.);
#7166=ORIENTED_EDGE('',*,*,#5517,.T.);
#7167=ORIENTED_EDGE('',*,*,#5522,.F.);
#7168=ORIENTED_EDGE('',*,*,#5523,.F.);
#7169=ORIENTED_EDGE('',*,*,#5524,.F.);
#7170=ORIENTED_EDGE('',*,*,#5513,.F.);
#7171=ORIENTED_EDGE('',*,*,#5525,.F.);
#7172=ORIENTED_EDGE('',*,*,#5526,.T.);
#7173=ORIENTED_EDGE('',*,*,#5527,.F.);
#7174=ORIENTED_EDGE('',*,*,#5526,.F.);
#7175=ORIENTED_EDGE('',*,*,#5528,.F.);
#7176=ORIENTED_EDGE('',*,*,#5519,.T.);
#7177=ORIENTED_EDGE('',*,*,#5529,.F.);
#7178=ORIENTED_EDGE('',*,*,#5523,.T.);
#7179=ORIENTED_EDGE('',*,*,#5530,.F.);
#7180=ORIENTED_EDGE('',*,*,#5531,.F.);
#7181=ORIENTED_EDGE('',*,*,#5532,.F.);
#7182=ORIENTED_EDGE('',*,*,#5531,.T.);
#7183=ORIENTED_EDGE('',*,*,#5533,.F.);
#7184=ORIENTED_EDGE('',*,*,#5515,.F.);
#7185=ORIENTED_EDGE('',*,*,#5534,.F.);
#7186=ORIENTED_EDGE('',*,*,#5535,.F.);
#7187=ORIENTED_EDGE('',*,*,#5536,.F.);
#7188=ORIENTED_EDGE('',*,*,#5537,.T.);
#7189=ORIENTED_EDGE('',*,*,#5538,.F.);
#7190=ORIENTED_EDGE('',*,*,#5539,.T.);
#7191=ORIENTED_EDGE('',*,*,#5540,.F.);
#7192=ORIENTED_EDGE('',*,*,#5541,.F.);
#7193=ORIENTED_EDGE('',*,*,#5542,.F.);
#7194=ORIENTED_EDGE('',*,*,#5543,.F.);
#7195=ORIENTED_EDGE('',*,*,#5544,.F.);
#7196=ORIENTED_EDGE('',*,*,#5535,.T.);
#7197=ORIENTED_EDGE('',*,*,#5545,.F.);
#7198=ORIENTED_EDGE('',*,*,#5541,.T.);
#7199=ORIENTED_EDGE('',*,*,#5546,.F.);
#7200=ORIENTED_EDGE('',*,*,#5547,.F.);
#7201=ORIENTED_EDGE('',*,*,#5548,.F.);
#7202=ORIENTED_EDGE('',*,*,#5537,.F.);
#7203=ORIENTED_EDGE('',*,*,#5549,.F.);
#7204=ORIENTED_EDGE('',*,*,#5550,.T.);
#7205=ORIENTED_EDGE('',*,*,#5551,.F.);
#7206=ORIENTED_EDGE('',*,*,#5550,.F.);
#7207=ORIENTED_EDGE('',*,*,#5552,.F.);
#7208=ORIENTED_EDGE('',*,*,#5543,.T.);
#7209=ORIENTED_EDGE('',*,*,#5553,.F.);
#7210=ORIENTED_EDGE('',*,*,#5547,.T.);
#7211=ORIENTED_EDGE('',*,*,#5554,.F.);
#7212=ORIENTED_EDGE('',*,*,#5555,.F.);
#7213=ORIENTED_EDGE('',*,*,#5556,.F.);
#7214=ORIENTED_EDGE('',*,*,#5555,.T.);
#7215=ORIENTED_EDGE('',*,*,#5557,.F.);
#7216=ORIENTED_EDGE('',*,*,#5539,.F.);
#7217=ORIENTED_EDGE('',*,*,#5558,.F.);
#7218=ORIENTED_EDGE('',*,*,#5559,.F.);
#7219=ORIENTED_EDGE('',*,*,#5560,.F.);
#7220=ORIENTED_EDGE('',*,*,#5561,.T.);
#7221=ORIENTED_EDGE('',*,*,#5562,.F.);
#7222=ORIENTED_EDGE('',*,*,#5561,.F.);
#7223=ORIENTED_EDGE('',*,*,#5563,.F.);
#7224=ORIENTED_EDGE('',*,*,#5564,.T.);
#7225=ORIENTED_EDGE('',*,*,#5565,.F.);
#7226=ORIENTED_EDGE('',*,*,#5564,.F.);
#7227=ORIENTED_EDGE('',*,*,#5566,.F.);
#7228=ORIENTED_EDGE('',*,*,#5567,.T.);
#7229=ORIENTED_EDGE('',*,*,#5568,.F.);
#7230=ORIENTED_EDGE('',*,*,#5567,.F.);
#7231=ORIENTED_EDGE('',*,*,#5569,.F.);
#7232=ORIENTED_EDGE('',*,*,#5559,.T.);
#7233=ORIENTED_EDGE('',*,*,#5570,.F.);
#7234=ORIENTED_EDGE('',*,*,#5571,.F.);
#7235=ORIENTED_EDGE('',*,*,#5572,.F.);
#7236=ORIENTED_EDGE('',*,*,#5573,.T.);
#7237=ORIENTED_EDGE('',*,*,#5574,.F.);
#7238=ORIENTED_EDGE('',*,*,#5573,.F.);
#7239=ORIENTED_EDGE('',*,*,#5575,.F.);
#7240=ORIENTED_EDGE('',*,*,#5576,.T.);
#7241=ORIENTED_EDGE('',*,*,#5577,.F.);
#7242=ORIENTED_EDGE('',*,*,#5576,.F.);
#7243=ORIENTED_EDGE('',*,*,#5578,.F.);
#7244=ORIENTED_EDGE('',*,*,#5579,.T.);
#7245=ORIENTED_EDGE('',*,*,#5580,.F.);
#7246=ORIENTED_EDGE('',*,*,#5579,.F.);
#7247=ORIENTED_EDGE('',*,*,#5581,.F.);
#7248=ORIENTED_EDGE('',*,*,#5571,.T.);
#7249=ORIENTED_EDGE('',*,*,#5582,.F.);
#7250=ORIENTED_EDGE('',*,*,#5583,.F.);
#7251=ORIENTED_EDGE('',*,*,#5584,.F.);
#7252=ORIENTED_EDGE('',*,*,#5585,.T.);
#7253=ORIENTED_EDGE('',*,*,#5586,.F.);
#7254=ORIENTED_EDGE('',*,*,#5585,.F.);
#7255=ORIENTED_EDGE('',*,*,#5587,.F.);
#7256=ORIENTED_EDGE('',*,*,#5588,.T.);
#7257=ORIENTED_EDGE('',*,*,#5589,.F.);
#7258=ORIENTED_EDGE('',*,*,#5588,.F.);
#7259=ORIENTED_EDGE('',*,*,#5590,.F.);
#7260=ORIENTED_EDGE('',*,*,#5591,.T.);
#7261=ORIENTED_EDGE('',*,*,#5592,.F.);
#7262=ORIENTED_EDGE('',*,*,#5591,.F.);
#7263=ORIENTED_EDGE('',*,*,#5593,.F.);
#7264=ORIENTED_EDGE('',*,*,#5583,.T.);
#7265=ORIENTED_EDGE('',*,*,#5594,.F.);
#7266=ORIENTED_EDGE('',*,*,#5595,.F.);
#7267=ORIENTED_EDGE('',*,*,#5596,.F.);
#7268=ORIENTED_EDGE('',*,*,#5597,.T.);
#7269=ORIENTED_EDGE('',*,*,#5598,.F.);
#7270=ORIENTED_EDGE('',*,*,#5597,.F.);
#7271=ORIENTED_EDGE('',*,*,#5599,.F.);
#7272=ORIENTED_EDGE('',*,*,#5600,.T.);
#7273=ORIENTED_EDGE('',*,*,#5601,.F.);
#7274=ORIENTED_EDGE('',*,*,#5600,.F.);
#7275=ORIENTED_EDGE('',*,*,#5602,.F.);
#7276=ORIENTED_EDGE('',*,*,#5603,.T.);
#7277=ORIENTED_EDGE('',*,*,#5604,.F.);
#7278=ORIENTED_EDGE('',*,*,#5603,.F.);
#7279=ORIENTED_EDGE('',*,*,#5605,.F.);
#7280=ORIENTED_EDGE('',*,*,#5595,.T.);
#7281=ORIENTED_EDGE('',*,*,#5606,.F.);
#7282=ORIENTED_EDGE('',*,*,#5607,.F.);
#7283=ORIENTED_EDGE('',*,*,#5608,.F.);
#7284=ORIENTED_EDGE('',*,*,#5609,.T.);
#7285=ORIENTED_EDGE('',*,*,#5610,.F.);
#7286=ORIENTED_EDGE('',*,*,#5609,.F.);
#7287=ORIENTED_EDGE('',*,*,#5611,.F.);
#7288=ORIENTED_EDGE('',*,*,#5612,.T.);
#7289=ORIENTED_EDGE('',*,*,#5613,.F.);
#7290=ORIENTED_EDGE('',*,*,#5612,.F.);
#7291=ORIENTED_EDGE('',*,*,#5614,.F.);
#7292=ORIENTED_EDGE('',*,*,#5615,.T.);
#7293=ORIENTED_EDGE('',*,*,#5616,.F.);
#7294=ORIENTED_EDGE('',*,*,#5615,.F.);
#7295=ORIENTED_EDGE('',*,*,#5617,.F.);
#7296=ORIENTED_EDGE('',*,*,#5607,.T.);
#7297=ORIENTED_EDGE('',*,*,#5618,.F.);
#7298=ORIENTED_EDGE('',*,*,#5619,.F.);
#7299=ORIENTED_EDGE('',*,*,#5620,.F.);
#7300=ORIENTED_EDGE('',*,*,#5621,.T.);
#7301=ORIENTED_EDGE('',*,*,#5622,.F.);
#7302=ORIENTED_EDGE('',*,*,#5621,.F.);
#7303=ORIENTED_EDGE('',*,*,#5623,.F.);
#7304=ORIENTED_EDGE('',*,*,#5624,.T.);
#7305=ORIENTED_EDGE('',*,*,#5625,.F.);
#7306=ORIENTED_EDGE('',*,*,#5624,.F.);
#7307=ORIENTED_EDGE('',*,*,#5626,.F.);
#7308=ORIENTED_EDGE('',*,*,#5627,.T.);
#7309=ORIENTED_EDGE('',*,*,#5628,.F.);
#7310=ORIENTED_EDGE('',*,*,#5627,.F.);
#7311=ORIENTED_EDGE('',*,*,#5629,.F.);
#7312=ORIENTED_EDGE('',*,*,#5619,.T.);
#7313=ORIENTED_EDGE('',*,*,#5630,.F.);
#7314=ORIENTED_EDGE('',*,*,#5631,.F.);
#7315=ORIENTED_EDGE('',*,*,#5632,.F.);
#7316=ORIENTED_EDGE('',*,*,#5633,.T.);
#7317=ORIENTED_EDGE('',*,*,#5634,.F.);
#7318=ORIENTED_EDGE('',*,*,#5633,.F.);
#7319=ORIENTED_EDGE('',*,*,#5635,.F.);
#7320=ORIENTED_EDGE('',*,*,#5636,.T.);
#7321=ORIENTED_EDGE('',*,*,#5637,.F.);
#7322=ORIENTED_EDGE('',*,*,#5636,.F.);
#7323=ORIENTED_EDGE('',*,*,#5638,.F.);
#7324=ORIENTED_EDGE('',*,*,#5639,.T.);
#7325=ORIENTED_EDGE('',*,*,#5640,.F.);
#7326=ORIENTED_EDGE('',*,*,#5639,.F.);
#7327=ORIENTED_EDGE('',*,*,#5641,.F.);
#7328=ORIENTED_EDGE('',*,*,#5631,.T.);
#7329=ORIENTED_EDGE('',*,*,#5642,.F.);
#7330=ORIENTED_EDGE('',*,*,#5643,.F.);
#7331=ORIENTED_EDGE('',*,*,#5644,.F.);
#7332=ORIENTED_EDGE('',*,*,#5645,.T.);
#7333=ORIENTED_EDGE('',*,*,#5646,.F.);
#7334=ORIENTED_EDGE('',*,*,#5645,.F.);
#7335=ORIENTED_EDGE('',*,*,#5647,.F.);
#7336=ORIENTED_EDGE('',*,*,#5648,.T.);
#7337=ORIENTED_EDGE('',*,*,#5649,.F.);
#7338=ORIENTED_EDGE('',*,*,#5648,.F.);
#7339=ORIENTED_EDGE('',*,*,#5650,.F.);
#7340=ORIENTED_EDGE('',*,*,#5651,.T.);
#7341=ORIENTED_EDGE('',*,*,#5652,.F.);
#7342=ORIENTED_EDGE('',*,*,#5651,.F.);
#7343=ORIENTED_EDGE('',*,*,#5653,.F.);
#7344=ORIENTED_EDGE('',*,*,#5643,.T.);
#7345=ORIENTED_EDGE('',*,*,#5654,.F.);
#7346=ORIENTED_EDGE('',*,*,#5655,.F.);
#7347=ORIENTED_EDGE('',*,*,#5656,.F.);
#7348=ORIENTED_EDGE('',*,*,#5657,.T.);
#7349=ORIENTED_EDGE('',*,*,#5658,.F.);
#7350=ORIENTED_EDGE('',*,*,#5657,.F.);
#7351=ORIENTED_EDGE('',*,*,#5659,.F.);
#7352=ORIENTED_EDGE('',*,*,#5660,.T.);
#7353=ORIENTED_EDGE('',*,*,#5661,.F.);
#7354=ORIENTED_EDGE('',*,*,#5660,.F.);
#7355=ORIENTED_EDGE('',*,*,#5662,.F.);
#7356=ORIENTED_EDGE('',*,*,#5663,.T.);
#7357=ORIENTED_EDGE('',*,*,#5664,.F.);
#7358=ORIENTED_EDGE('',*,*,#5663,.F.);
#7359=ORIENTED_EDGE('',*,*,#5665,.F.);
#7360=ORIENTED_EDGE('',*,*,#5655,.T.);
#7361=ORIENTED_EDGE('',*,*,#5666,.F.);
#7362=ORIENTED_EDGE('',*,*,#5667,.F.);
#7363=ORIENTED_EDGE('',*,*,#5668,.F.);
#7364=ORIENTED_EDGE('',*,*,#5669,.T.);
#7365=ORIENTED_EDGE('',*,*,#5670,.F.);
#7366=ORIENTED_EDGE('',*,*,#5669,.F.);
#7367=ORIENTED_EDGE('',*,*,#5671,.F.);
#7368=ORIENTED_EDGE('',*,*,#5672,.T.);
#7369=ORIENTED_EDGE('',*,*,#5673,.F.);
#7370=ORIENTED_EDGE('',*,*,#5672,.F.);
#7371=ORIENTED_EDGE('',*,*,#5674,.F.);
#7372=ORIENTED_EDGE('',*,*,#5675,.T.);
#7373=ORIENTED_EDGE('',*,*,#5676,.F.);
#7374=ORIENTED_EDGE('',*,*,#5675,.F.);
#7375=ORIENTED_EDGE('',*,*,#5677,.F.);
#7376=ORIENTED_EDGE('',*,*,#5667,.T.);
#7377=ORIENTED_EDGE('',*,*,#5678,.F.);
#7378=ORIENTED_EDGE('',*,*,#5679,.F.);
#7379=ORIENTED_EDGE('',*,*,#5680,.F.);
#7380=ORIENTED_EDGE('',*,*,#5681,.T.);
#7381=ORIENTED_EDGE('',*,*,#5682,.F.);
#7382=ORIENTED_EDGE('',*,*,#5681,.F.);
#7383=ORIENTED_EDGE('',*,*,#5683,.F.);
#7384=ORIENTED_EDGE('',*,*,#5684,.T.);
#7385=ORIENTED_EDGE('',*,*,#5685,.F.);
#7386=ORIENTED_EDGE('',*,*,#5684,.F.);
#7387=ORIENTED_EDGE('',*,*,#5686,.F.);
#7388=ORIENTED_EDGE('',*,*,#5687,.T.);
#7389=ORIENTED_EDGE('',*,*,#5688,.F.);
#7390=ORIENTED_EDGE('',*,*,#5687,.F.);
#7391=ORIENTED_EDGE('',*,*,#5689,.F.);
#7392=ORIENTED_EDGE('',*,*,#5679,.T.);
#7393=ORIENTED_EDGE('',*,*,#5690,.F.);
#7394=ORIENTED_EDGE('',*,*,#5691,.F.);
#7395=ORIENTED_EDGE('',*,*,#5692,.F.);
#7396=ORIENTED_EDGE('',*,*,#5693,.T.);
#7397=ORIENTED_EDGE('',*,*,#5694,.F.);
#7398=ORIENTED_EDGE('',*,*,#5693,.F.);
#7399=ORIENTED_EDGE('',*,*,#5695,.F.);
#7400=ORIENTED_EDGE('',*,*,#5696,.T.);
#7401=ORIENTED_EDGE('',*,*,#5697,.F.);
#7402=ORIENTED_EDGE('',*,*,#5696,.F.);
#7403=ORIENTED_EDGE('',*,*,#5698,.F.);
#7404=ORIENTED_EDGE('',*,*,#5699,.T.);
#7405=ORIENTED_EDGE('',*,*,#5700,.F.);
#7406=ORIENTED_EDGE('',*,*,#5699,.F.);
#7407=ORIENTED_EDGE('',*,*,#5701,.F.);
#7408=ORIENTED_EDGE('',*,*,#5691,.T.);
#7409=ORIENTED_EDGE('',*,*,#5702,.F.);
#7410=ORIENTED_EDGE('',*,*,#5703,.F.);
#7411=ORIENTED_EDGE('',*,*,#5704,.F.);
#7412=ORIENTED_EDGE('',*,*,#5705,.T.);
#7413=ORIENTED_EDGE('',*,*,#5706,.F.);
#7414=ORIENTED_EDGE('',*,*,#5705,.F.);
#7415=ORIENTED_EDGE('',*,*,#5707,.F.);
#7416=ORIENTED_EDGE('',*,*,#5708,.T.);
#7417=ORIENTED_EDGE('',*,*,#5709,.F.);
#7418=ORIENTED_EDGE('',*,*,#5708,.F.);
#7419=ORIENTED_EDGE('',*,*,#5710,.F.);
#7420=ORIENTED_EDGE('',*,*,#5711,.T.);
#7421=ORIENTED_EDGE('',*,*,#5712,.F.);
#7422=ORIENTED_EDGE('',*,*,#5711,.F.);
#7423=ORIENTED_EDGE('',*,*,#5713,.F.);
#7424=ORIENTED_EDGE('',*,*,#5703,.T.);
#7425=ORIENTED_EDGE('',*,*,#5714,.F.);
#7426=ORIENTED_EDGE('',*,*,#5715,.F.);
#7427=ORIENTED_EDGE('',*,*,#5716,.F.);
#7428=ORIENTED_EDGE('',*,*,#5717,.T.);
#7429=ORIENTED_EDGE('',*,*,#5718,.F.);
#7430=ORIENTED_EDGE('',*,*,#5717,.F.);
#7431=ORIENTED_EDGE('',*,*,#5719,.F.);
#7432=ORIENTED_EDGE('',*,*,#5720,.T.);
#7433=ORIENTED_EDGE('',*,*,#5721,.F.);
#7434=ORIENTED_EDGE('',*,*,#5720,.F.);
#7435=ORIENTED_EDGE('',*,*,#5722,.F.);
#7436=ORIENTED_EDGE('',*,*,#5723,.T.);
#7437=ORIENTED_EDGE('',*,*,#5724,.F.);
#7438=ORIENTED_EDGE('',*,*,#5723,.F.);
#7439=ORIENTED_EDGE('',*,*,#5725,.F.);
#7440=ORIENTED_EDGE('',*,*,#5715,.T.);
#7441=ORIENTED_EDGE('',*,*,#5726,.F.);
#7442=ORIENTED_EDGE('',*,*,#5727,.F.);
#7443=ORIENTED_EDGE('',*,*,#5728,.F.);
#7444=ORIENTED_EDGE('',*,*,#5729,.T.);
#7445=ORIENTED_EDGE('',*,*,#5730,.F.);
#7446=ORIENTED_EDGE('',*,*,#5729,.F.);
#7447=ORIENTED_EDGE('',*,*,#5731,.F.);
#7448=ORIENTED_EDGE('',*,*,#5732,.T.);
#7449=ORIENTED_EDGE('',*,*,#5733,.F.);
#7450=ORIENTED_EDGE('',*,*,#5732,.F.);
#7451=ORIENTED_EDGE('',*,*,#5734,.F.);
#7452=ORIENTED_EDGE('',*,*,#5735,.T.);
#7453=ORIENTED_EDGE('',*,*,#5736,.F.);
#7454=ORIENTED_EDGE('',*,*,#5735,.F.);
#7455=ORIENTED_EDGE('',*,*,#5737,.F.);
#7456=ORIENTED_EDGE('',*,*,#5727,.T.);
#7457=ORIENTED_EDGE('',*,*,#5738,.F.);
#7458=ORIENTED_EDGE('',*,*,#5739,.F.);
#7459=ORIENTED_EDGE('',*,*,#5740,.F.);
#7460=ORIENTED_EDGE('',*,*,#5741,.T.);
#7461=ORIENTED_EDGE('',*,*,#5742,.F.);
#7462=ORIENTED_EDGE('',*,*,#5741,.F.);
#7463=ORIENTED_EDGE('',*,*,#5743,.F.);
#7464=ORIENTED_EDGE('',*,*,#5744,.T.);
#7465=ORIENTED_EDGE('',*,*,#5745,.F.);
#7466=ORIENTED_EDGE('',*,*,#5744,.F.);
#7467=ORIENTED_EDGE('',*,*,#5746,.F.);
#7468=ORIENTED_EDGE('',*,*,#5747,.T.);
#7469=ORIENTED_EDGE('',*,*,#5748,.F.);
#7470=ORIENTED_EDGE('',*,*,#5747,.F.);
#7471=ORIENTED_EDGE('',*,*,#5749,.F.);
#7472=ORIENTED_EDGE('',*,*,#5739,.T.);
#7473=ORIENTED_EDGE('',*,*,#5750,.F.);
#7474=ORIENTED_EDGE('',*,*,#5751,.F.);
#7475=ORIENTED_EDGE('',*,*,#5752,.F.);
#7476=ORIENTED_EDGE('',*,*,#5753,.T.);
#7477=ORIENTED_EDGE('',*,*,#5754,.F.);
#7478=ORIENTED_EDGE('',*,*,#5753,.F.);
#7479=ORIENTED_EDGE('',*,*,#5755,.F.);
#7480=ORIENTED_EDGE('',*,*,#5756,.T.);
#7481=ORIENTED_EDGE('',*,*,#5757,.F.);
#7482=ORIENTED_EDGE('',*,*,#5756,.F.);
#7483=ORIENTED_EDGE('',*,*,#5758,.F.);
#7484=ORIENTED_EDGE('',*,*,#5759,.T.);
#7485=ORIENTED_EDGE('',*,*,#5760,.F.);
#7486=ORIENTED_EDGE('',*,*,#5759,.F.);
#7487=ORIENTED_EDGE('',*,*,#5761,.F.);
#7488=ORIENTED_EDGE('',*,*,#5751,.T.);
#7489=ORIENTED_EDGE('',*,*,#5762,.F.);
#7490=ORIENTED_EDGE('',*,*,#5763,.F.);
#7491=ORIENTED_EDGE('',*,*,#5764,.F.);
#7492=ORIENTED_EDGE('',*,*,#5765,.T.);
#7493=ORIENTED_EDGE('',*,*,#5766,.F.);
#7494=ORIENTED_EDGE('',*,*,#5765,.F.);
#7495=ORIENTED_EDGE('',*,*,#5767,.F.);
#7496=ORIENTED_EDGE('',*,*,#5768,.T.);
#7497=ORIENTED_EDGE('',*,*,#5769,.F.);
#7498=ORIENTED_EDGE('',*,*,#5768,.F.);
#7499=ORIENTED_EDGE('',*,*,#5770,.F.);
#7500=ORIENTED_EDGE('',*,*,#5771,.T.);
#7501=ORIENTED_EDGE('',*,*,#5772,.F.);
#7502=ORIENTED_EDGE('',*,*,#5771,.F.);
#7503=ORIENTED_EDGE('',*,*,#5773,.F.);
#7504=ORIENTED_EDGE('',*,*,#5763,.T.);
#7505=ORIENTED_EDGE('',*,*,#5774,.F.);
#7506=ORIENTED_EDGE('',*,*,#5775,.F.);
#7507=ORIENTED_EDGE('',*,*,#5776,.F.);
#7508=ORIENTED_EDGE('',*,*,#5777,.T.);
#7509=ORIENTED_EDGE('',*,*,#5778,.F.);
#7510=ORIENTED_EDGE('',*,*,#5777,.F.);
#7511=ORIENTED_EDGE('',*,*,#5779,.F.);
#7512=ORIENTED_EDGE('',*,*,#5780,.T.);
#7513=ORIENTED_EDGE('',*,*,#5781,.F.);
#7514=ORIENTED_EDGE('',*,*,#5780,.F.);
#7515=ORIENTED_EDGE('',*,*,#5782,.F.);
#7516=ORIENTED_EDGE('',*,*,#5783,.T.);
#7517=ORIENTED_EDGE('',*,*,#5784,.F.);
#7518=ORIENTED_EDGE('',*,*,#5783,.F.);
#7519=ORIENTED_EDGE('',*,*,#5785,.F.);
#7520=ORIENTED_EDGE('',*,*,#5775,.T.);
#7521=ORIENTED_EDGE('',*,*,#5786,.F.);
#7522=ORIENTED_EDGE('',*,*,#5787,.F.);
#7523=ORIENTED_EDGE('',*,*,#5788,.F.);
#7524=ORIENTED_EDGE('',*,*,#5789,.T.);
#7525=ORIENTED_EDGE('',*,*,#5790,.F.);
#7526=ORIENTED_EDGE('',*,*,#5789,.F.);
#7527=ORIENTED_EDGE('',*,*,#5791,.F.);
#7528=ORIENTED_EDGE('',*,*,#5792,.T.);
#7529=ORIENTED_EDGE('',*,*,#5793,.F.);
#7530=ORIENTED_EDGE('',*,*,#5792,.F.);
#7531=ORIENTED_EDGE('',*,*,#5794,.F.);
#7532=ORIENTED_EDGE('',*,*,#5795,.T.);
#7533=ORIENTED_EDGE('',*,*,#5796,.F.);
#7534=ORIENTED_EDGE('',*,*,#5795,.F.);
#7535=ORIENTED_EDGE('',*,*,#5797,.F.);
#7536=ORIENTED_EDGE('',*,*,#5787,.T.);
#7537=ORIENTED_EDGE('',*,*,#5798,.F.);
#7538=ORIENTED_EDGE('',*,*,#5799,.F.);
#7539=ORIENTED_EDGE('',*,*,#5800,.F.);
#7540=ORIENTED_EDGE('',*,*,#5801,.T.);
#7541=ORIENTED_EDGE('',*,*,#5802,.F.);
#7542=ORIENTED_EDGE('',*,*,#5801,.F.);
#7543=ORIENTED_EDGE('',*,*,#5803,.F.);
#7544=ORIENTED_EDGE('',*,*,#5804,.T.);
#7545=ORIENTED_EDGE('',*,*,#5805,.F.);
#7546=ORIENTED_EDGE('',*,*,#5804,.F.);
#7547=ORIENTED_EDGE('',*,*,#5806,.F.);
#7548=ORIENTED_EDGE('',*,*,#5807,.T.);
#7549=ORIENTED_EDGE('',*,*,#5808,.F.);
#7550=ORIENTED_EDGE('',*,*,#5807,.F.);
#7551=ORIENTED_EDGE('',*,*,#5809,.F.);
#7552=ORIENTED_EDGE('',*,*,#5799,.T.);
#7553=ORIENTED_EDGE('',*,*,#5810,.F.);
#7554=ORIENTED_EDGE('',*,*,#5811,.F.);
#7555=ORIENTED_EDGE('',*,*,#5812,.F.);
#7556=ORIENTED_EDGE('',*,*,#5813,.T.);
#7557=ORIENTED_EDGE('',*,*,#5814,.F.);
#7558=ORIENTED_EDGE('',*,*,#5813,.F.);
#7559=ORIENTED_EDGE('',*,*,#5815,.F.);
#7560=ORIENTED_EDGE('',*,*,#5816,.T.);
#7561=ORIENTED_EDGE('',*,*,#5817,.F.);
#7562=ORIENTED_EDGE('',*,*,#5816,.F.);
#7563=ORIENTED_EDGE('',*,*,#5818,.F.);
#7564=ORIENTED_EDGE('',*,*,#5819,.T.);
#7565=ORIENTED_EDGE('',*,*,#5820,.F.);
#7566=ORIENTED_EDGE('',*,*,#5819,.F.);
#7567=ORIENTED_EDGE('',*,*,#5821,.F.);
#7568=ORIENTED_EDGE('',*,*,#5811,.T.);
#7569=ORIENTED_EDGE('',*,*,#5822,.F.);
#7570=ORIENTED_EDGE('',*,*,#5823,.F.);
#7571=ORIENTED_EDGE('',*,*,#5824,.F.);
#7572=ORIENTED_EDGE('',*,*,#5825,.T.);
#7573=ORIENTED_EDGE('',*,*,#5826,.F.);
#7574=ORIENTED_EDGE('',*,*,#5825,.F.);
#7575=ORIENTED_EDGE('',*,*,#5827,.F.);
#7576=ORIENTED_EDGE('',*,*,#5828,.T.);
#7577=ORIENTED_EDGE('',*,*,#5829,.F.);
#7578=ORIENTED_EDGE('',*,*,#5828,.F.);
#7579=ORIENTED_EDGE('',*,*,#5830,.F.);
#7580=ORIENTED_EDGE('',*,*,#5831,.T.);
#7581=ORIENTED_EDGE('',*,*,#5832,.F.);
#7582=ORIENTED_EDGE('',*,*,#5831,.F.);
#7583=ORIENTED_EDGE('',*,*,#5833,.F.);
#7584=ORIENTED_EDGE('',*,*,#5823,.T.);
#7585=ORIENTED_EDGE('',*,*,#5834,.F.);
#7586=ORIENTED_EDGE('',*,*,#5835,.F.);
#7587=ORIENTED_EDGE('',*,*,#5836,.F.);
#7588=ORIENTED_EDGE('',*,*,#5837,.T.);
#7589=ORIENTED_EDGE('',*,*,#5838,.F.);
#7590=ORIENTED_EDGE('',*,*,#5837,.F.);
#7591=ORIENTED_EDGE('',*,*,#5839,.F.);
#7592=ORIENTED_EDGE('',*,*,#5840,.T.);
#7593=ORIENTED_EDGE('',*,*,#5841,.F.);
#7594=ORIENTED_EDGE('',*,*,#5840,.F.);
#7595=ORIENTED_EDGE('',*,*,#5842,.F.);
#7596=ORIENTED_EDGE('',*,*,#5843,.T.);
#7597=ORIENTED_EDGE('',*,*,#5844,.F.);
#7598=ORIENTED_EDGE('',*,*,#5843,.F.);
#7599=ORIENTED_EDGE('',*,*,#5845,.F.);
#7600=ORIENTED_EDGE('',*,*,#5835,.T.);
#7601=ORIENTED_EDGE('',*,*,#5846,.F.);
#7602=ORIENTED_EDGE('',*,*,#5847,.F.);
#7603=ORIENTED_EDGE('',*,*,#5848,.F.);
#7604=ORIENTED_EDGE('',*,*,#5849,.T.);
#7605=ORIENTED_EDGE('',*,*,#5850,.F.);
#7606=ORIENTED_EDGE('',*,*,#5849,.F.);
#7607=ORIENTED_EDGE('',*,*,#5851,.F.);
#7608=ORIENTED_EDGE('',*,*,#5852,.T.);
#7609=ORIENTED_EDGE('',*,*,#5853,.F.);
#7610=ORIENTED_EDGE('',*,*,#5852,.F.);
#7611=ORIENTED_EDGE('',*,*,#5854,.F.);
#7612=ORIENTED_EDGE('',*,*,#5855,.T.);
#7613=ORIENTED_EDGE('',*,*,#5856,.F.);
#7614=ORIENTED_EDGE('',*,*,#5855,.F.);
#7615=ORIENTED_EDGE('',*,*,#5857,.F.);
#7616=ORIENTED_EDGE('',*,*,#5847,.T.);
#7617=ORIENTED_EDGE('',*,*,#5858,.F.);
#7618=ORIENTED_EDGE('',*,*,#5859,.F.);
#7619=ORIENTED_EDGE('',*,*,#5860,.F.);
#7620=ORIENTED_EDGE('',*,*,#5861,.T.);
#7621=ORIENTED_EDGE('',*,*,#5862,.F.);
#7622=ORIENTED_EDGE('',*,*,#5861,.F.);
#7623=ORIENTED_EDGE('',*,*,#5863,.F.);
#7624=ORIENTED_EDGE('',*,*,#5864,.T.);
#7625=ORIENTED_EDGE('',*,*,#5865,.F.);
#7626=ORIENTED_EDGE('',*,*,#5864,.F.);
#7627=ORIENTED_EDGE('',*,*,#5866,.F.);
#7628=ORIENTED_EDGE('',*,*,#5867,.T.);
#7629=ORIENTED_EDGE('',*,*,#5868,.F.);
#7630=ORIENTED_EDGE('',*,*,#5867,.F.);
#7631=ORIENTED_EDGE('',*,*,#5869,.F.);
#7632=ORIENTED_EDGE('',*,*,#5859,.T.);
#7633=ORIENTED_EDGE('',*,*,#5870,.F.);
#7634=ORIENTED_EDGE('',*,*,#5871,.F.);
#7635=ORIENTED_EDGE('',*,*,#5872,.F.);
#7636=ORIENTED_EDGE('',*,*,#5873,.T.);
#7637=ORIENTED_EDGE('',*,*,#5874,.F.);
#7638=ORIENTED_EDGE('',*,*,#5873,.F.);
#7639=ORIENTED_EDGE('',*,*,#5875,.F.);
#7640=ORIENTED_EDGE('',*,*,#5876,.T.);
#7641=ORIENTED_EDGE('',*,*,#5877,.F.);
#7642=ORIENTED_EDGE('',*,*,#5876,.F.);
#7643=ORIENTED_EDGE('',*,*,#5878,.F.);
#7644=ORIENTED_EDGE('',*,*,#5879,.T.);
#7645=ORIENTED_EDGE('',*,*,#5880,.F.);
#7646=ORIENTED_EDGE('',*,*,#5879,.F.);
#7647=ORIENTED_EDGE('',*,*,#5881,.F.);
#7648=ORIENTED_EDGE('',*,*,#5871,.T.);
#7649=ORIENTED_EDGE('',*,*,#5882,.F.);
#7650=ORIENTED_EDGE('',*,*,#5883,.F.);
#7651=ORIENTED_EDGE('',*,*,#5884,.F.);
#7652=ORIENTED_EDGE('',*,*,#5885,.T.);
#7653=ORIENTED_EDGE('',*,*,#5886,.F.);
#7654=ORIENTED_EDGE('',*,*,#5885,.F.);
#7655=ORIENTED_EDGE('',*,*,#5887,.F.);
#7656=ORIENTED_EDGE('',*,*,#5888,.T.);
#7657=ORIENTED_EDGE('',*,*,#5889,.F.);
#7658=ORIENTED_EDGE('',*,*,#5888,.F.);
#7659=ORIENTED_EDGE('',*,*,#5890,.F.);
#7660=ORIENTED_EDGE('',*,*,#5891,.T.);
#7661=ORIENTED_EDGE('',*,*,#5892,.F.);
#7662=ORIENTED_EDGE('',*,*,#5891,.F.);
#7663=ORIENTED_EDGE('',*,*,#5893,.F.);
#7664=ORIENTED_EDGE('',*,*,#5883,.T.);
#7665=ORIENTED_EDGE('',*,*,#5894,.F.);
#7666=ORIENTED_EDGE('',*,*,#5895,.F.);
#7667=ORIENTED_EDGE('',*,*,#5896,.F.);
#7668=ORIENTED_EDGE('',*,*,#5897,.T.);
#7669=ORIENTED_EDGE('',*,*,#5898,.F.);
#7670=ORIENTED_EDGE('',*,*,#5897,.F.);
#7671=ORIENTED_EDGE('',*,*,#5899,.F.);
#7672=ORIENTED_EDGE('',*,*,#5900,.T.);
#7673=ORIENTED_EDGE('',*,*,#5901,.F.);
#7674=ORIENTED_EDGE('',*,*,#5900,.F.);
#7675=ORIENTED_EDGE('',*,*,#5902,.F.);
#7676=ORIENTED_EDGE('',*,*,#5903,.T.);
#7677=ORIENTED_EDGE('',*,*,#5904,.F.);
#7678=ORIENTED_EDGE('',*,*,#5903,.F.);
#7679=ORIENTED_EDGE('',*,*,#5905,.F.);
#7680=ORIENTED_EDGE('',*,*,#5895,.T.);
#7681=ORIENTED_EDGE('',*,*,#5906,.F.);
#7682=ORIENTED_EDGE('',*,*,#5907,.F.);
#7683=ORIENTED_EDGE('',*,*,#5908,.F.);
#7684=ORIENTED_EDGE('',*,*,#5909,.T.);
#7685=ORIENTED_EDGE('',*,*,#5910,.F.);
#7686=ORIENTED_EDGE('',*,*,#5909,.F.);
#7687=ORIENTED_EDGE('',*,*,#5911,.F.);
#7688=ORIENTED_EDGE('',*,*,#5912,.T.);
#7689=ORIENTED_EDGE('',*,*,#5913,.F.);
#7690=ORIENTED_EDGE('',*,*,#5912,.F.);
#7691=ORIENTED_EDGE('',*,*,#5914,.F.);
#7692=ORIENTED_EDGE('',*,*,#5915,.T.);
#7693=ORIENTED_EDGE('',*,*,#5916,.F.);
#7694=ORIENTED_EDGE('',*,*,#5915,.F.);
#7695=ORIENTED_EDGE('',*,*,#5917,.F.);
#7696=ORIENTED_EDGE('',*,*,#5907,.T.);
#7697=ORIENTED_EDGE('',*,*,#5918,.F.);
#7698=ORIENTED_EDGE('',*,*,#5919,.F.);
#7699=ORIENTED_EDGE('',*,*,#5920,.F.);
#7700=ORIENTED_EDGE('',*,*,#5921,.T.);
#7701=ORIENTED_EDGE('',*,*,#5922,.F.);
#7702=ORIENTED_EDGE('',*,*,#5921,.F.);
#7703=ORIENTED_EDGE('',*,*,#5923,.F.);
#7704=ORIENTED_EDGE('',*,*,#5924,.T.);
#7705=ORIENTED_EDGE('',*,*,#5925,.F.);
#7706=ORIENTED_EDGE('',*,*,#5924,.F.);
#7707=ORIENTED_EDGE('',*,*,#5926,.F.);
#7708=ORIENTED_EDGE('',*,*,#5927,.T.);
#7709=ORIENTED_EDGE('',*,*,#5928,.F.);
#7710=ORIENTED_EDGE('',*,*,#5927,.F.);
#7711=ORIENTED_EDGE('',*,*,#5929,.F.);
#7712=ORIENTED_EDGE('',*,*,#5919,.T.);
#7713=ORIENTED_EDGE('',*,*,#5930,.F.);
#7714=ORIENTED_EDGE('',*,*,#5931,.F.);
#7715=ORIENTED_EDGE('',*,*,#5932,.F.);
#7716=ORIENTED_EDGE('',*,*,#5933,.T.);
#7717=ORIENTED_EDGE('',*,*,#5934,.F.);
#7718=ORIENTED_EDGE('',*,*,#5933,.F.);
#7719=ORIENTED_EDGE('',*,*,#5935,.F.);
#7720=ORIENTED_EDGE('',*,*,#5936,.T.);
#7721=ORIENTED_EDGE('',*,*,#5937,.F.);
#7722=ORIENTED_EDGE('',*,*,#5936,.F.);
#7723=ORIENTED_EDGE('',*,*,#5938,.F.);
#7724=ORIENTED_EDGE('',*,*,#5939,.T.);
#7725=ORIENTED_EDGE('',*,*,#5940,.F.);
#7726=ORIENTED_EDGE('',*,*,#5939,.F.);
#7727=ORIENTED_EDGE('',*,*,#5941,.F.);
#7728=ORIENTED_EDGE('',*,*,#5931,.T.);
#7729=ORIENTED_EDGE('',*,*,#5942,.F.);
#7730=ORIENTED_EDGE('',*,*,#5943,.F.);
#7731=ORIENTED_EDGE('',*,*,#5944,.F.);
#7732=ORIENTED_EDGE('',*,*,#5945,.T.);
#7733=ORIENTED_EDGE('',*,*,#5946,.F.);
#7734=ORIENTED_EDGE('',*,*,#5945,.F.);
#7735=ORIENTED_EDGE('',*,*,#5947,.F.);
#7736=ORIENTED_EDGE('',*,*,#5948,.T.);
#7737=ORIENTED_EDGE('',*,*,#5949,.F.);
#7738=ORIENTED_EDGE('',*,*,#5948,.F.);
#7739=ORIENTED_EDGE('',*,*,#5950,.F.);
#7740=ORIENTED_EDGE('',*,*,#5951,.T.);
#7741=ORIENTED_EDGE('',*,*,#5952,.F.);
#7742=ORIENTED_EDGE('',*,*,#5951,.F.);
#7743=ORIENTED_EDGE('',*,*,#5953,.F.);
#7744=ORIENTED_EDGE('',*,*,#5943,.T.);
#7745=ORIENTED_EDGE('',*,*,#5954,.F.);
#7746=ORIENTED_EDGE('',*,*,#5955,.F.);
#7747=ORIENTED_EDGE('',*,*,#5956,.F.);
#7748=ORIENTED_EDGE('',*,*,#5957,.T.);
#7749=ORIENTED_EDGE('',*,*,#5958,.F.);
#7750=ORIENTED_EDGE('',*,*,#5957,.F.);
#7751=ORIENTED_EDGE('',*,*,#5959,.F.);
#7752=ORIENTED_EDGE('',*,*,#5960,.T.);
#7753=ORIENTED_EDGE('',*,*,#5961,.F.);
#7754=ORIENTED_EDGE('',*,*,#5960,.F.);
#7755=ORIENTED_EDGE('',*,*,#5962,.F.);
#7756=ORIENTED_EDGE('',*,*,#5963,.T.);
#7757=ORIENTED_EDGE('',*,*,#5964,.F.);
#7758=ORIENTED_EDGE('',*,*,#5963,.F.);
#7759=ORIENTED_EDGE('',*,*,#5965,.F.);
#7760=ORIENTED_EDGE('',*,*,#5955,.T.);
#7761=ORIENTED_EDGE('',*,*,#5966,.F.);
#7762=ORIENTED_EDGE('',*,*,#5967,.F.);
#7763=ORIENTED_EDGE('',*,*,#5968,.F.);
#7764=ORIENTED_EDGE('',*,*,#5969,.T.);
#7765=ORIENTED_EDGE('',*,*,#5970,.F.);
#7766=ORIENTED_EDGE('',*,*,#5969,.F.);
#7767=ORIENTED_EDGE('',*,*,#5971,.F.);
#7768=ORIENTED_EDGE('',*,*,#5972,.T.);
#7769=ORIENTED_EDGE('',*,*,#5973,.F.);
#7770=ORIENTED_EDGE('',*,*,#5972,.F.);
#7771=ORIENTED_EDGE('',*,*,#5974,.F.);
#7772=ORIENTED_EDGE('',*,*,#5975,.T.);
#7773=ORIENTED_EDGE('',*,*,#5976,.F.);
#7774=ORIENTED_EDGE('',*,*,#5975,.F.);
#7775=ORIENTED_EDGE('',*,*,#5977,.F.);
#7776=ORIENTED_EDGE('',*,*,#5967,.T.);
#7777=ORIENTED_EDGE('',*,*,#5978,.F.);
#7778=ORIENTED_EDGE('',*,*,#5979,.F.);
#7779=ORIENTED_EDGE('',*,*,#5980,.F.);
#7780=ORIENTED_EDGE('',*,*,#5981,.T.);
#7781=ORIENTED_EDGE('',*,*,#5982,.F.);
#7782=ORIENTED_EDGE('',*,*,#5981,.F.);
#7783=ORIENTED_EDGE('',*,*,#5983,.F.);
#7784=ORIENTED_EDGE('',*,*,#5984,.T.);
#7785=ORIENTED_EDGE('',*,*,#5985,.F.);
#7786=ORIENTED_EDGE('',*,*,#5984,.F.);
#7787=ORIENTED_EDGE('',*,*,#5986,.F.);
#7788=ORIENTED_EDGE('',*,*,#5987,.T.);
#7789=ORIENTED_EDGE('',*,*,#5988,.F.);
#7790=ORIENTED_EDGE('',*,*,#5987,.F.);
#7791=ORIENTED_EDGE('',*,*,#5989,.F.);
#7792=ORIENTED_EDGE('',*,*,#5979,.T.);
#7793=ORIENTED_EDGE('',*,*,#5990,.F.);
#7794=ORIENTED_EDGE('',*,*,#5991,.F.);
#7795=ORIENTED_EDGE('',*,*,#5992,.F.);
#7796=ORIENTED_EDGE('',*,*,#5993,.T.);
#7797=ORIENTED_EDGE('',*,*,#5994,.F.);
#7798=ORIENTED_EDGE('',*,*,#5993,.F.);
#7799=ORIENTED_EDGE('',*,*,#5995,.F.);
#7800=ORIENTED_EDGE('',*,*,#5996,.T.);
#7801=ORIENTED_EDGE('',*,*,#5997,.F.);
#7802=ORIENTED_EDGE('',*,*,#5996,.F.);
#7803=ORIENTED_EDGE('',*,*,#5998,.F.);
#7804=ORIENTED_EDGE('',*,*,#5999,.T.);
#7805=ORIENTED_EDGE('',*,*,#6000,.F.);
#7806=ORIENTED_EDGE('',*,*,#5999,.F.);
#7807=ORIENTED_EDGE('',*,*,#6001,.F.);
#7808=ORIENTED_EDGE('',*,*,#5991,.T.);
#7809=ORIENTED_EDGE('',*,*,#6002,.F.);
#7810=ORIENTED_EDGE('',*,*,#6003,.F.);
#7811=ORIENTED_EDGE('',*,*,#6004,.F.);
#7812=ORIENTED_EDGE('',*,*,#6005,.T.);
#7813=ORIENTED_EDGE('',*,*,#6006,.F.);
#7814=ORIENTED_EDGE('',*,*,#6005,.F.);
#7815=ORIENTED_EDGE('',*,*,#6007,.F.);
#7816=ORIENTED_EDGE('',*,*,#6008,.T.);
#7817=ORIENTED_EDGE('',*,*,#6009,.F.);
#7818=ORIENTED_EDGE('',*,*,#6008,.F.);
#7819=ORIENTED_EDGE('',*,*,#6010,.F.);
#7820=ORIENTED_EDGE('',*,*,#6011,.T.);
#7821=ORIENTED_EDGE('',*,*,#6012,.F.);
#7822=ORIENTED_EDGE('',*,*,#6011,.F.);
#7823=ORIENTED_EDGE('',*,*,#6013,.F.);
#7824=ORIENTED_EDGE('',*,*,#6003,.T.);
#7825=ORIENTED_EDGE('',*,*,#6014,.F.);
#7826=ORIENTED_EDGE('',*,*,#6015,.F.);
#7827=ORIENTED_EDGE('',*,*,#6016,.F.);
#7828=ORIENTED_EDGE('',*,*,#6017,.T.);
#7829=ORIENTED_EDGE('',*,*,#6018,.F.);
#7830=ORIENTED_EDGE('',*,*,#6017,.F.);
#7831=ORIENTED_EDGE('',*,*,#6019,.F.);
#7832=ORIENTED_EDGE('',*,*,#6020,.T.);
#7833=ORIENTED_EDGE('',*,*,#6021,.F.);
#7834=ORIENTED_EDGE('',*,*,#6020,.F.);
#7835=ORIENTED_EDGE('',*,*,#6022,.F.);
#7836=ORIENTED_EDGE('',*,*,#6023,.T.);
#7837=ORIENTED_EDGE('',*,*,#6024,.F.);
#7838=ORIENTED_EDGE('',*,*,#6023,.F.);
#7839=ORIENTED_EDGE('',*,*,#6025,.F.);
#7840=ORIENTED_EDGE('',*,*,#6015,.T.);
#7841=ORIENTED_EDGE('',*,*,#6026,.F.);
#7842=ORIENTED_EDGE('',*,*,#6027,.F.);
#7843=ORIENTED_EDGE('',*,*,#6028,.F.);
#7844=ORIENTED_EDGE('',*,*,#6029,.T.);
#7845=ORIENTED_EDGE('',*,*,#6030,.F.);
#7846=ORIENTED_EDGE('',*,*,#6029,.F.);
#7847=ORIENTED_EDGE('',*,*,#6031,.F.);
#7848=ORIENTED_EDGE('',*,*,#6032,.T.);
#7849=ORIENTED_EDGE('',*,*,#6033,.F.);
#7850=ORIENTED_EDGE('',*,*,#6032,.F.);
#7851=ORIENTED_EDGE('',*,*,#6034,.F.);
#7852=ORIENTED_EDGE('',*,*,#6035,.T.);
#7853=ORIENTED_EDGE('',*,*,#6036,.F.);
#7854=ORIENTED_EDGE('',*,*,#6035,.F.);
#7855=ORIENTED_EDGE('',*,*,#6037,.F.);
#7856=ORIENTED_EDGE('',*,*,#6027,.T.);
#7857=ORIENTED_EDGE('',*,*,#6038,.F.);
#7858=ORIENTED_EDGE('',*,*,#6039,.F.);
#7859=ORIENTED_EDGE('',*,*,#6040,.F.);
#7860=ORIENTED_EDGE('',*,*,#6041,.T.);
#7861=ORIENTED_EDGE('',*,*,#6042,.F.);
#7862=ORIENTED_EDGE('',*,*,#6041,.F.);
#7863=ORIENTED_EDGE('',*,*,#6043,.F.);
#7864=ORIENTED_EDGE('',*,*,#6044,.T.);
#7865=ORIENTED_EDGE('',*,*,#6045,.F.);
#7866=ORIENTED_EDGE('',*,*,#6044,.F.);
#7867=ORIENTED_EDGE('',*,*,#6046,.F.);
#7868=ORIENTED_EDGE('',*,*,#6047,.T.);
#7869=ORIENTED_EDGE('',*,*,#6048,.F.);
#7870=ORIENTED_EDGE('',*,*,#6047,.F.);
#7871=ORIENTED_EDGE('',*,*,#6049,.F.);
#7872=ORIENTED_EDGE('',*,*,#6039,.T.);
#7873=ORIENTED_EDGE('',*,*,#6050,.F.);
#7874=ORIENTED_EDGE('',*,*,#6051,.F.);
#7875=ORIENTED_EDGE('',*,*,#6052,.F.);
#7876=ORIENTED_EDGE('',*,*,#6053,.T.);
#7877=ORIENTED_EDGE('',*,*,#6054,.F.);
#7878=ORIENTED_EDGE('',*,*,#6053,.F.);
#7879=ORIENTED_EDGE('',*,*,#6055,.F.);
#7880=ORIENTED_EDGE('',*,*,#6056,.T.);
#7881=ORIENTED_EDGE('',*,*,#6057,.F.);
#7882=ORIENTED_EDGE('',*,*,#6056,.F.);
#7883=ORIENTED_EDGE('',*,*,#6058,.F.);
#7884=ORIENTED_EDGE('',*,*,#6059,.T.);
#7885=ORIENTED_EDGE('',*,*,#6060,.F.);
#7886=ORIENTED_EDGE('',*,*,#6059,.F.);
#7887=ORIENTED_EDGE('',*,*,#6061,.F.);
#7888=ORIENTED_EDGE('',*,*,#6051,.T.);
#7889=ORIENTED_EDGE('',*,*,#6062,.F.);
#7890=ORIENTED_EDGE('',*,*,#6063,.F.);
#7891=ORIENTED_EDGE('',*,*,#6064,.F.);
#7892=ORIENTED_EDGE('',*,*,#6065,.T.);
#7893=ORIENTED_EDGE('',*,*,#6066,.F.);
#7894=ORIENTED_EDGE('',*,*,#6065,.F.);
#7895=ORIENTED_EDGE('',*,*,#6067,.F.);
#7896=ORIENTED_EDGE('',*,*,#6068,.T.);
#7897=ORIENTED_EDGE('',*,*,#6069,.F.);
#7898=ORIENTED_EDGE('',*,*,#6068,.F.);
#7899=ORIENTED_EDGE('',*,*,#6070,.F.);
#7900=ORIENTED_EDGE('',*,*,#6071,.T.);
#7901=ORIENTED_EDGE('',*,*,#6072,.F.);
#7902=ORIENTED_EDGE('',*,*,#6071,.F.);
#7903=ORIENTED_EDGE('',*,*,#6073,.F.);
#7904=ORIENTED_EDGE('',*,*,#6063,.T.);
#7905=ORIENTED_EDGE('',*,*,#6074,.F.);
#7906=ORIENTED_EDGE('',*,*,#6075,.F.);
#7907=ORIENTED_EDGE('',*,*,#6076,.F.);
#7908=ORIENTED_EDGE('',*,*,#6077,.T.);
#7909=ORIENTED_EDGE('',*,*,#6078,.F.);
#7910=ORIENTED_EDGE('',*,*,#6077,.F.);
#7911=ORIENTED_EDGE('',*,*,#6079,.F.);
#7912=ORIENTED_EDGE('',*,*,#6080,.T.);
#7913=ORIENTED_EDGE('',*,*,#6081,.F.);
#7914=ORIENTED_EDGE('',*,*,#6080,.F.);
#7915=ORIENTED_EDGE('',*,*,#6082,.F.);
#7916=ORIENTED_EDGE('',*,*,#6083,.T.);
#7917=ORIENTED_EDGE('',*,*,#6084,.F.);
#7918=ORIENTED_EDGE('',*,*,#6083,.F.);
#7919=ORIENTED_EDGE('',*,*,#6085,.F.);
#7920=ORIENTED_EDGE('',*,*,#6075,.T.);
#7921=ORIENTED_EDGE('',*,*,#4788,.F.);
#7922=ORIENTED_EDGE('',*,*,#6086,.T.);
#7923=ORIENTED_EDGE('',*,*,#6087,.F.);
#7924=ORIENTED_EDGE('',*,*,#6086,.F.);
#7925=ORIENTED_EDGE('',*,*,#4778,.F.);
#7926=ORIENTED_EDGE('',*,*,#6088,.F.);
#7927=ORIENTED_EDGE('',*,*,#4830,.T.);
#7928=ORIENTED_EDGE('',*,*,#6089,.F.);
#7929=ORIENTED_EDGE('',*,*,#4798,.T.);
#7930=ORIENTED_EDGE('',*,*,#4808,.F.);
#7931=ORIENTED_EDGE('',*,*,#6090,.F.);
#7932=ORIENTED_EDGE('',*,*,#4772,.T.);
#7933=ORIENTED_EDGE('',*,*,#6091,.F.);
#7934=ORIENTED_EDGE('',*,*,#4800,.T.);
#7935=ORIENTED_EDGE('',*,*,#6092,.F.);
#7936=ORIENTED_EDGE('',*,*,#4861,.F.);
#7937=ORIENTED_EDGE('',*,*,#6093,.F.);
#7938=ORIENTED_EDGE('',*,*,#4804,.T.);
#7939=ORIENTED_EDGE('',*,*,#4836,.T.);
#7940=ORIENTED_EDGE('',*,*,#6094,.F.);
#7941=ORIENTED_EDGE('',*,*,#4855,.T.);
#7942=ORIENTED_EDGE('',*,*,#6095,.F.);
#7943=ORIENTED_EDGE('',*,*,#6090,.T.);
#7944=ORIENTED_EDGE('',*,*,#4810,.F.);
#7945=ORIENTED_EDGE('',*,*,#4814,.F.);
#7946=ORIENTED_EDGE('',*,*,#6096,.F.);
#7947=ORIENTED_EDGE('',*,*,#4789,.T.);
#7948=ORIENTED_EDGE('',*,*,#4773,.T.);
#7949=ORIENTED_EDGE('',*,*,#4905,.T.);
#7950=ORIENTED_EDGE('',*,*,#4908,.T.);
#7951=ORIENTED_EDGE('',*,*,#4890,.T.);
#7952=ORIENTED_EDGE('',*,*,#4897,.T.);
#7953=ORIENTED_EDGE('',*,*,#4929,.T.);
#7954=ORIENTED_EDGE('',*,*,#4932,.T.);
#7955=ORIENTED_EDGE('',*,*,#4914,.T.);
#7956=ORIENTED_EDGE('',*,*,#4921,.T.);
#7957=ORIENTED_EDGE('',*,*,#4953,.T.);
#7958=ORIENTED_EDGE('',*,*,#4956,.T.);
#7959=ORIENTED_EDGE('',*,*,#4938,.T.);
#7960=ORIENTED_EDGE('',*,*,#4945,.T.);
#7961=ORIENTED_EDGE('',*,*,#4977,.T.);
#7962=ORIENTED_EDGE('',*,*,#4980,.T.);
#7963=ORIENTED_EDGE('',*,*,#4962,.T.);
#7964=ORIENTED_EDGE('',*,*,#4969,.T.);
#7965=ORIENTED_EDGE('',*,*,#5001,.T.);
#7966=ORIENTED_EDGE('',*,*,#5004,.T.);
#7967=ORIENTED_EDGE('',*,*,#4986,.T.);
#7968=ORIENTED_EDGE('',*,*,#4993,.T.);
#7969=ORIENTED_EDGE('',*,*,#5025,.T.);
#7970=ORIENTED_EDGE('',*,*,#5028,.T.);
#7971=ORIENTED_EDGE('',*,*,#5010,.T.);
#7972=ORIENTED_EDGE('',*,*,#5017,.T.);
#7973=ORIENTED_EDGE('',*,*,#5049,.T.);
#7974=ORIENTED_EDGE('',*,*,#5052,.T.);
#7975=ORIENTED_EDGE('',*,*,#5034,.T.);
#7976=ORIENTED_EDGE('',*,*,#5041,.T.);
#7977=ORIENTED_EDGE('',*,*,#5073,.T.);
#7978=ORIENTED_EDGE('',*,*,#5076,.T.);
#7979=ORIENTED_EDGE('',*,*,#5058,.T.);
#7980=ORIENTED_EDGE('',*,*,#5065,.T.);
#7981=ORIENTED_EDGE('',*,*,#5097,.T.);
#7982=ORIENTED_EDGE('',*,*,#5100,.T.);
#7983=ORIENTED_EDGE('',*,*,#5082,.T.);
#7984=ORIENTED_EDGE('',*,*,#5089,.T.);
#7985=ORIENTED_EDGE('',*,*,#5121,.T.);
#7986=ORIENTED_EDGE('',*,*,#5124,.T.);
#7987=ORIENTED_EDGE('',*,*,#5106,.T.);
#7988=ORIENTED_EDGE('',*,*,#5113,.T.);
#7989=ORIENTED_EDGE('',*,*,#5145,.T.);
#7990=ORIENTED_EDGE('',*,*,#5148,.T.);
#7991=ORIENTED_EDGE('',*,*,#5130,.T.);
#7992=ORIENTED_EDGE('',*,*,#5137,.T.);
#7993=ORIENTED_EDGE('',*,*,#5169,.T.);
#7994=ORIENTED_EDGE('',*,*,#5172,.T.);
#7995=ORIENTED_EDGE('',*,*,#5154,.T.);
#7996=ORIENTED_EDGE('',*,*,#5161,.T.);
#7997=ORIENTED_EDGE('',*,*,#5193,.T.);
#7998=ORIENTED_EDGE('',*,*,#5196,.T.);
#7999=ORIENTED_EDGE('',*,*,#5178,.T.);
#8000=ORIENTED_EDGE('',*,*,#5185,.T.);
#8001=ORIENTED_EDGE('',*,*,#5217,.T.);
#8002=ORIENTED_EDGE('',*,*,#5220,.T.);
#8003=ORIENTED_EDGE('',*,*,#5202,.T.);
#8004=ORIENTED_EDGE('',*,*,#5209,.T.);
#8005=ORIENTED_EDGE('',*,*,#5241,.T.);
#8006=ORIENTED_EDGE('',*,*,#5244,.T.);
#8007=ORIENTED_EDGE('',*,*,#5226,.T.);
#8008=ORIENTED_EDGE('',*,*,#5233,.T.);
#8009=ORIENTED_EDGE('',*,*,#5265,.T.);
#8010=ORIENTED_EDGE('',*,*,#5268,.T.);
#8011=ORIENTED_EDGE('',*,*,#5250,.T.);
#8012=ORIENTED_EDGE('',*,*,#5257,.T.);
#8013=ORIENTED_EDGE('',*,*,#5289,.T.);
#8014=ORIENTED_EDGE('',*,*,#5292,.T.);
#8015=ORIENTED_EDGE('',*,*,#5274,.T.);
#8016=ORIENTED_EDGE('',*,*,#5281,.T.);
#8017=ORIENTED_EDGE('',*,*,#5313,.T.);
#8018=ORIENTED_EDGE('',*,*,#5316,.T.);
#8019=ORIENTED_EDGE('',*,*,#5298,.T.);
#8020=ORIENTED_EDGE('',*,*,#5305,.T.);
#8021=ORIENTED_EDGE('',*,*,#5337,.T.);
#8022=ORIENTED_EDGE('',*,*,#5340,.T.);
#8023=ORIENTED_EDGE('',*,*,#5322,.T.);
#8024=ORIENTED_EDGE('',*,*,#5329,.T.);
#8025=ORIENTED_EDGE('',*,*,#5361,.T.);
#8026=ORIENTED_EDGE('',*,*,#5364,.T.);
#8027=ORIENTED_EDGE('',*,*,#5346,.T.);
#8028=ORIENTED_EDGE('',*,*,#5353,.T.);
#8029=ORIENTED_EDGE('',*,*,#5385,.T.);
#8030=ORIENTED_EDGE('',*,*,#5388,.T.);
#8031=ORIENTED_EDGE('',*,*,#5370,.T.);
#8032=ORIENTED_EDGE('',*,*,#5377,.T.);
#8033=ORIENTED_EDGE('',*,*,#5409,.T.);
#8034=ORIENTED_EDGE('',*,*,#5412,.T.);
#8035=ORIENTED_EDGE('',*,*,#5394,.T.);
#8036=ORIENTED_EDGE('',*,*,#5401,.T.);
#8037=ORIENTED_EDGE('',*,*,#5433,.T.);
#8038=ORIENTED_EDGE('',*,*,#5436,.T.);
#8039=ORIENTED_EDGE('',*,*,#5418,.T.);
#8040=ORIENTED_EDGE('',*,*,#5425,.T.);
#8041=ORIENTED_EDGE('',*,*,#5457,.T.);
#8042=ORIENTED_EDGE('',*,*,#5460,.T.);
#8043=ORIENTED_EDGE('',*,*,#5442,.T.);
#8044=ORIENTED_EDGE('',*,*,#5449,.T.);
#8045=ORIENTED_EDGE('',*,*,#5481,.T.);
#8046=ORIENTED_EDGE('',*,*,#5484,.T.);
#8047=ORIENTED_EDGE('',*,*,#5466,.T.);
#8048=ORIENTED_EDGE('',*,*,#5473,.T.);
#8049=ORIENTED_EDGE('',*,*,#5505,.T.);
#8050=ORIENTED_EDGE('',*,*,#5508,.T.);
#8051=ORIENTED_EDGE('',*,*,#5490,.T.);
#8052=ORIENTED_EDGE('',*,*,#5497,.T.);
#8053=ORIENTED_EDGE('',*,*,#5529,.T.);
#8054=ORIENTED_EDGE('',*,*,#5532,.T.);
#8055=ORIENTED_EDGE('',*,*,#5514,.T.);
#8056=ORIENTED_EDGE('',*,*,#5521,.T.);
#8057=ORIENTED_EDGE('',*,*,#5553,.T.);
#8058=ORIENTED_EDGE('',*,*,#5556,.T.);
#8059=ORIENTED_EDGE('',*,*,#5538,.T.);
#8060=ORIENTED_EDGE('',*,*,#5545,.T.);
#8061=ORIENTED_EDGE('',*,*,#6088,.T.);
#8062=ORIENTED_EDGE('',*,*,#4777,.F.);
#8063=ORIENTED_EDGE('',*,*,#4791,.F.);
#8064=ORIENTED_EDGE('',*,*,#6097,.F.);
#8065=ORIENTED_EDGE('',*,*,#4841,.T.);
#8066=ORIENTED_EDGE('',*,*,#4831,.T.);
#8067=ORIENTED_EDGE('',*,*,#5558,.T.);
#8068=ORIENTED_EDGE('',*,*,#5562,.T.);
#8069=ORIENTED_EDGE('',*,*,#5565,.T.);
#8070=ORIENTED_EDGE('',*,*,#5568,.T.);
#8071=ORIENTED_EDGE('',*,*,#5570,.T.);
#8072=ORIENTED_EDGE('',*,*,#5574,.T.);
#8073=ORIENTED_EDGE('',*,*,#5577,.T.);
#8074=ORIENTED_EDGE('',*,*,#5580,.T.);
#8075=ORIENTED_EDGE('',*,*,#5582,.T.);
#8076=ORIENTED_EDGE('',*,*,#5586,.T.);
#8077=ORIENTED_EDGE('',*,*,#5589,.T.);
#8078=ORIENTED_EDGE('',*,*,#5592,.T.);
#8079=ORIENTED_EDGE('',*,*,#5594,.T.);
#8080=ORIENTED_EDGE('',*,*,#5598,.T.);
#8081=ORIENTED_EDGE('',*,*,#5601,.T.);
#8082=ORIENTED_EDGE('',*,*,#5604,.T.);
#8083=ORIENTED_EDGE('',*,*,#5606,.T.);
#8084=ORIENTED_EDGE('',*,*,#5610,.T.);
#8085=ORIENTED_EDGE('',*,*,#5613,.T.);
#8086=ORIENTED_EDGE('',*,*,#5616,.T.);
#8087=ORIENTED_EDGE('',*,*,#5618,.T.);
#8088=ORIENTED_EDGE('',*,*,#5622,.T.);
#8089=ORIENTED_EDGE('',*,*,#5625,.T.);
#8090=ORIENTED_EDGE('',*,*,#5628,.T.);
#8091=ORIENTED_EDGE('',*,*,#5630,.T.);
#8092=ORIENTED_EDGE('',*,*,#5634,.T.);
#8093=ORIENTED_EDGE('',*,*,#5637,.T.);
#8094=ORIENTED_EDGE('',*,*,#5640,.T.);
#8095=ORIENTED_EDGE('',*,*,#5642,.T.);
#8096=ORIENTED_EDGE('',*,*,#5646,.T.);
#8097=ORIENTED_EDGE('',*,*,#5649,.T.);
#8098=ORIENTED_EDGE('',*,*,#5652,.T.);
#8099=ORIENTED_EDGE('',*,*,#5654,.T.);
#8100=ORIENTED_EDGE('',*,*,#5658,.T.);
#8101=ORIENTED_EDGE('',*,*,#5661,.T.);
#8102=ORIENTED_EDGE('',*,*,#5664,.T.);
#8103=ORIENTED_EDGE('',*,*,#5666,.T.);
#8104=ORIENTED_EDGE('',*,*,#5670,.T.);
#8105=ORIENTED_EDGE('',*,*,#5673,.T.);
#8106=ORIENTED_EDGE('',*,*,#5676,.T.);
#8107=ORIENTED_EDGE('',*,*,#5678,.T.);
#8108=ORIENTED_EDGE('',*,*,#5682,.T.);
#8109=ORIENTED_EDGE('',*,*,#5685,.T.);
#8110=ORIENTED_EDGE('',*,*,#5688,.T.);
#8111=ORIENTED_EDGE('',*,*,#5690,.T.);
#8112=ORIENTED_EDGE('',*,*,#5694,.T.);
#8113=ORIENTED_EDGE('',*,*,#5697,.T.);
#8114=ORIENTED_EDGE('',*,*,#5700,.T.);
#8115=ORIENTED_EDGE('',*,*,#5702,.T.);
#8116=ORIENTED_EDGE('',*,*,#5706,.T.);
#8117=ORIENTED_EDGE('',*,*,#5709,.T.);
#8118=ORIENTED_EDGE('',*,*,#5712,.T.);
#8119=ORIENTED_EDGE('',*,*,#5714,.T.);
#8120=ORIENTED_EDGE('',*,*,#5718,.T.);
#8121=ORIENTED_EDGE('',*,*,#5721,.T.);
#8122=ORIENTED_EDGE('',*,*,#5724,.T.);
#8123=ORIENTED_EDGE('',*,*,#5726,.T.);
#8124=ORIENTED_EDGE('',*,*,#5730,.T.);
#8125=ORIENTED_EDGE('',*,*,#5733,.T.);
#8126=ORIENTED_EDGE('',*,*,#5736,.T.);
#8127=ORIENTED_EDGE('',*,*,#5738,.T.);
#8128=ORIENTED_EDGE('',*,*,#5742,.T.);
#8129=ORIENTED_EDGE('',*,*,#5745,.T.);
#8130=ORIENTED_EDGE('',*,*,#5748,.T.);
#8131=ORIENTED_EDGE('',*,*,#5750,.T.);
#8132=ORIENTED_EDGE('',*,*,#5754,.T.);
#8133=ORIENTED_EDGE('',*,*,#5757,.T.);
#8134=ORIENTED_EDGE('',*,*,#5760,.T.);
#8135=ORIENTED_EDGE('',*,*,#5762,.T.);
#8136=ORIENTED_EDGE('',*,*,#5766,.T.);
#8137=ORIENTED_EDGE('',*,*,#5769,.T.);
#8138=ORIENTED_EDGE('',*,*,#5772,.T.);
#8139=ORIENTED_EDGE('',*,*,#5774,.T.);
#8140=ORIENTED_EDGE('',*,*,#5778,.T.);
#8141=ORIENTED_EDGE('',*,*,#5781,.T.);
#8142=ORIENTED_EDGE('',*,*,#5784,.T.);
#8143=ORIENTED_EDGE('',*,*,#5786,.T.);
#8144=ORIENTED_EDGE('',*,*,#5790,.T.);
#8145=ORIENTED_EDGE('',*,*,#5793,.T.);
#8146=ORIENTED_EDGE('',*,*,#5796,.T.);
#8147=ORIENTED_EDGE('',*,*,#4775,.T.);
#8148=ORIENTED_EDGE('',*,*,#6089,.T.);
#8149=ORIENTED_EDGE('',*,*,#4829,.T.);
#8150=ORIENTED_EDGE('',*,*,#4825,.T.);
#8151=ORIENTED_EDGE('',*,*,#4833,.T.);
#8152=ORIENTED_EDGE('',*,*,#6095,.T.);
#8153=ORIENTED_EDGE('',*,*,#4854,.T.);
#8154=ORIENTED_EDGE('',*,*,#4850,.T.);
#8155=ORIENTED_EDGE('',*,*,#4858,.T.);
#8156=ORIENTED_EDGE('',*,*,#6092,.T.);
#8157=ORIENTED_EDGE('',*,*,#4799,.T.);
#8158=ORIENTED_EDGE('',*,*,#6091,.T.);
#8159=ORIENTED_EDGE('',*,*,#4771,.T.);
#8160=ORIENTED_EDGE('',*,*,#4767,.T.);
#8161=ORIENTED_EDGE('',*,*,#6087,.T.);
#8162=ORIENTED_EDGE('',*,*,#6094,.T.);
#8163=ORIENTED_EDGE('',*,*,#4835,.F.);
#8164=ORIENTED_EDGE('',*,*,#4843,.F.);
#8165=ORIENTED_EDGE('',*,*,#6098,.F.);
#8166=ORIENTED_EDGE('',*,*,#4863,.T.);
#8167=ORIENTED_EDGE('',*,*,#4856,.T.);
#8168=ORIENTED_EDGE('',*,*,#4903,.T.);
#8169=ORIENTED_EDGE('',*,*,#4894,.T.);
#8170=ORIENTED_EDGE('',*,*,#4886,.T.);
#8171=ORIENTED_EDGE('',*,*,#4900,.T.);
#8172=ORIENTED_EDGE('',*,*,#4927,.T.);
#8173=ORIENTED_EDGE('',*,*,#4918,.T.);
#8174=ORIENTED_EDGE('',*,*,#4910,.T.);
#8175=ORIENTED_EDGE('',*,*,#4924,.T.);
#8176=ORIENTED_EDGE('',*,*,#4951,.T.);
#8177=ORIENTED_EDGE('',*,*,#4942,.T.);
#8178=ORIENTED_EDGE('',*,*,#4934,.T.);
#8179=ORIENTED_EDGE('',*,*,#4948,.T.);
#8180=ORIENTED_EDGE('',*,*,#4975,.T.);
#8181=ORIENTED_EDGE('',*,*,#4966,.T.);
#8182=ORIENTED_EDGE('',*,*,#4958,.T.);
#8183=ORIENTED_EDGE('',*,*,#4972,.T.);
#8184=ORIENTED_EDGE('',*,*,#4999,.T.);
#8185=ORIENTED_EDGE('',*,*,#4990,.T.);
#8186=ORIENTED_EDGE('',*,*,#4982,.T.);
#8187=ORIENTED_EDGE('',*,*,#4996,.T.);
#8188=ORIENTED_EDGE('',*,*,#5023,.T.);
#8189=ORIENTED_EDGE('',*,*,#5014,.T.);
#8190=ORIENTED_EDGE('',*,*,#5006,.T.);
#8191=ORIENTED_EDGE('',*,*,#5020,.T.);
#8192=ORIENTED_EDGE('',*,*,#5047,.T.);
#8193=ORIENTED_EDGE('',*,*,#5038,.T.);
#8194=ORIENTED_EDGE('',*,*,#5030,.T.);
#8195=ORIENTED_EDGE('',*,*,#5044,.T.);
#8196=ORIENTED_EDGE('',*,*,#5071,.T.);
#8197=ORIENTED_EDGE('',*,*,#5062,.T.);
#8198=ORIENTED_EDGE('',*,*,#5054,.T.);
#8199=ORIENTED_EDGE('',*,*,#5068,.T.);
#8200=ORIENTED_EDGE('',*,*,#5095,.T.);
#8201=ORIENTED_EDGE('',*,*,#5086,.T.);
#8202=ORIENTED_EDGE('',*,*,#5078,.T.);
#8203=ORIENTED_EDGE('',*,*,#5092,.T.);
#8204=ORIENTED_EDGE('',*,*,#5119,.T.);
#8205=ORIENTED_EDGE('',*,*,#5110,.T.);
#8206=ORIENTED_EDGE('',*,*,#5102,.T.);
#8207=ORIENTED_EDGE('',*,*,#5116,.T.);
#8208=ORIENTED_EDGE('',*,*,#5143,.T.);
#8209=ORIENTED_EDGE('',*,*,#5134,.T.);
#8210=ORIENTED_EDGE('',*,*,#5126,.T.);
#8211=ORIENTED_EDGE('',*,*,#5140,.T.);
#8212=ORIENTED_EDGE('',*,*,#5167,.T.);
#8213=ORIENTED_EDGE('',*,*,#5158,.T.);
#8214=ORIENTED_EDGE('',*,*,#5150,.T.);
#8215=ORIENTED_EDGE('',*,*,#5164,.T.);
#8216=ORIENTED_EDGE('',*,*,#5191,.T.);
#8217=ORIENTED_EDGE('',*,*,#5182,.T.);
#8218=ORIENTED_EDGE('',*,*,#5174,.T.);
#8219=ORIENTED_EDGE('',*,*,#5188,.T.);
#8220=ORIENTED_EDGE('',*,*,#5215,.T.);
#8221=ORIENTED_EDGE('',*,*,#5206,.T.);
#8222=ORIENTED_EDGE('',*,*,#5198,.T.);
#8223=ORIENTED_EDGE('',*,*,#5212,.T.);
#8224=ORIENTED_EDGE('',*,*,#5239,.T.);
#8225=ORIENTED_EDGE('',*,*,#5230,.T.);
#8226=ORIENTED_EDGE('',*,*,#5222,.T.);
#8227=ORIENTED_EDGE('',*,*,#5236,.T.);
#8228=ORIENTED_EDGE('',*,*,#5263,.T.);
#8229=ORIENTED_EDGE('',*,*,#5254,.T.);
#8230=ORIENTED_EDGE('',*,*,#5246,.T.);
#8231=ORIENTED_EDGE('',*,*,#5260,.T.);
#8232=ORIENTED_EDGE('',*,*,#5287,.T.);
#8233=ORIENTED_EDGE('',*,*,#5278,.T.);
#8234=ORIENTED_EDGE('',*,*,#5270,.T.);
#8235=ORIENTED_EDGE('',*,*,#5284,.T.);
#8236=ORIENTED_EDGE('',*,*,#5311,.T.);
#8237=ORIENTED_EDGE('',*,*,#5302,.T.);
#8238=ORIENTED_EDGE('',*,*,#5294,.T.);
#8239=ORIENTED_EDGE('',*,*,#5308,.T.);
#8240=ORIENTED_EDGE('',*,*,#5335,.T.);
#8241=ORIENTED_EDGE('',*,*,#5326,.T.);
#8242=ORIENTED_EDGE('',*,*,#5318,.T.);
#8243=ORIENTED_EDGE('',*,*,#5332,.T.);
#8244=ORIENTED_EDGE('',*,*,#5359,.T.);
#8245=ORIENTED_EDGE('',*,*,#5350,.T.);
#8246=ORIENTED_EDGE('',*,*,#5342,.T.);
#8247=ORIENTED_EDGE('',*,*,#5356,.T.);
#8248=ORIENTED_EDGE('',*,*,#5383,.T.);
#8249=ORIENTED_EDGE('',*,*,#5374,.T.);
#8250=ORIENTED_EDGE('',*,*,#5366,.T.);
#8251=ORIENTED_EDGE('',*,*,#5380,.T.);
#8252=ORIENTED_EDGE('',*,*,#5407,.T.);
#8253=ORIENTED_EDGE('',*,*,#5398,.T.);
#8254=ORIENTED_EDGE('',*,*,#5390,.T.);
#8255=ORIENTED_EDGE('',*,*,#5404,.T.);
#8256=ORIENTED_EDGE('',*,*,#5431,.T.);
#8257=ORIENTED_EDGE('',*,*,#5422,.T.);
#8258=ORIENTED_EDGE('',*,*,#5414,.T.);
#8259=ORIENTED_EDGE('',*,*,#5428,.T.);
#8260=ORIENTED_EDGE('',*,*,#5455,.T.);
#8261=ORIENTED_EDGE('',*,*,#5446,.T.);
#8262=ORIENTED_EDGE('',*,*,#5438,.T.);
#8263=ORIENTED_EDGE('',*,*,#5452,.T.);
#8264=ORIENTED_EDGE('',*,*,#5479,.T.);
#8265=ORIENTED_EDGE('',*,*,#5470,.T.);
#8266=ORIENTED_EDGE('',*,*,#5462,.T.);
#8267=ORIENTED_EDGE('',*,*,#5476,.T.);
#8268=ORIENTED_EDGE('',*,*,#5503,.T.);
#8269=ORIENTED_EDGE('',*,*,#5494,.T.);
#8270=ORIENTED_EDGE('',*,*,#5486,.T.);
#8271=ORIENTED_EDGE('',*,*,#5500,.T.);
#8272=ORIENTED_EDGE('',*,*,#5527,.T.);
#8273=ORIENTED_EDGE('',*,*,#5518,.T.);
#8274=ORIENTED_EDGE('',*,*,#5510,.T.);
#8275=ORIENTED_EDGE('',*,*,#5524,.T.);
#8276=ORIENTED_EDGE('',*,*,#5551,.T.);
#8277=ORIENTED_EDGE('',*,*,#5542,.T.);
#8278=ORIENTED_EDGE('',*,*,#5534,.T.);
#8279=ORIENTED_EDGE('',*,*,#5548,.T.);
#8280=ORIENTED_EDGE('',*,*,#6093,.T.);
#8281=ORIENTED_EDGE('',*,*,#4860,.F.);
#8282=ORIENTED_EDGE('',*,*,#4865,.F.);
#8283=ORIENTED_EDGE('',*,*,#6099,.F.);
#8284=ORIENTED_EDGE('',*,*,#4812,.T.);
#8285=ORIENTED_EDGE('',*,*,#4805,.T.);
#8286=ORIENTED_EDGE('',*,*,#5798,.T.);
#8287=ORIENTED_EDGE('',*,*,#5802,.T.);
#8288=ORIENTED_EDGE('',*,*,#5805,.T.);
#8289=ORIENTED_EDGE('',*,*,#5808,.T.);
#8290=ORIENTED_EDGE('',*,*,#5810,.T.);
#8291=ORIENTED_EDGE('',*,*,#5814,.T.);
#8292=ORIENTED_EDGE('',*,*,#5817,.T.);
#8293=ORIENTED_EDGE('',*,*,#5820,.T.);
#8294=ORIENTED_EDGE('',*,*,#5822,.T.);
#8295=ORIENTED_EDGE('',*,*,#5826,.T.);
#8296=ORIENTED_EDGE('',*,*,#5829,.T.);
#8297=ORIENTED_EDGE('',*,*,#5832,.T.);
#8298=ORIENTED_EDGE('',*,*,#5834,.T.);
#8299=ORIENTED_EDGE('',*,*,#5838,.T.);
#8300=ORIENTED_EDGE('',*,*,#5841,.T.);
#8301=ORIENTED_EDGE('',*,*,#5844,.T.);
#8302=ORIENTED_EDGE('',*,*,#5846,.T.);
#8303=ORIENTED_EDGE('',*,*,#5850,.T.);
#8304=ORIENTED_EDGE('',*,*,#5853,.T.);
#8305=ORIENTED_EDGE('',*,*,#5856,.T.);
#8306=ORIENTED_EDGE('',*,*,#5858,.T.);
#8307=ORIENTED_EDGE('',*,*,#5862,.T.);
#8308=ORIENTED_EDGE('',*,*,#5865,.T.);
#8309=ORIENTED_EDGE('',*,*,#5868,.T.);
#8310=ORIENTED_EDGE('',*,*,#5870,.T.);
#8311=ORIENTED_EDGE('',*,*,#5874,.T.);
#8312=ORIENTED_EDGE('',*,*,#5877,.T.);
#8313=ORIENTED_EDGE('',*,*,#5880,.T.);
#8314=ORIENTED_EDGE('',*,*,#5882,.T.);
#8315=ORIENTED_EDGE('',*,*,#5886,.T.);
#8316=ORIENTED_EDGE('',*,*,#5889,.T.);
#8317=ORIENTED_EDGE('',*,*,#5892,.T.);
#8318=ORIENTED_EDGE('',*,*,#5894,.T.);
#8319=ORIENTED_EDGE('',*,*,#5898,.T.);
#8320=ORIENTED_EDGE('',*,*,#5901,.T.);
#8321=ORIENTED_EDGE('',*,*,#5904,.T.);
#8322=ORIENTED_EDGE('',*,*,#5906,.T.);
#8323=ORIENTED_EDGE('',*,*,#5910,.T.);
#8324=ORIENTED_EDGE('',*,*,#5913,.T.);
#8325=ORIENTED_EDGE('',*,*,#5916,.T.);
#8326=ORIENTED_EDGE('',*,*,#5918,.T.);
#8327=ORIENTED_EDGE('',*,*,#5922,.T.);
#8328=ORIENTED_EDGE('',*,*,#5925,.T.);
#8329=ORIENTED_EDGE('',*,*,#5928,.T.);
#8330=ORIENTED_EDGE('',*,*,#5930,.T.);
#8331=ORIENTED_EDGE('',*,*,#5934,.T.);
#8332=ORIENTED_EDGE('',*,*,#5937,.T.);
#8333=ORIENTED_EDGE('',*,*,#5940,.T.);
#8334=ORIENTED_EDGE('',*,*,#5942,.T.);
#8335=ORIENTED_EDGE('',*,*,#5946,.T.);
#8336=ORIENTED_EDGE('',*,*,#5949,.T.);
#8337=ORIENTED_EDGE('',*,*,#5952,.T.);
#8338=ORIENTED_EDGE('',*,*,#5954,.T.);
#8339=ORIENTED_EDGE('',*,*,#5958,.T.);
#8340=ORIENTED_EDGE('',*,*,#5961,.T.);
#8341=ORIENTED_EDGE('',*,*,#5964,.T.);
#8342=ORIENTED_EDGE('',*,*,#5966,.T.);
#8343=ORIENTED_EDGE('',*,*,#5970,.T.);
#8344=ORIENTED_EDGE('',*,*,#5973,.T.);
#8345=ORIENTED_EDGE('',*,*,#5976,.T.);
#8346=ORIENTED_EDGE('',*,*,#5978,.T.);
#8347=ORIENTED_EDGE('',*,*,#5982,.T.);
#8348=ORIENTED_EDGE('',*,*,#5985,.T.);
#8349=ORIENTED_EDGE('',*,*,#5988,.T.);
#8350=ORIENTED_EDGE('',*,*,#5990,.T.);
#8351=ORIENTED_EDGE('',*,*,#5994,.T.);
#8352=ORIENTED_EDGE('',*,*,#5997,.T.);
#8353=ORIENTED_EDGE('',*,*,#6000,.T.);
#8354=ORIENTED_EDGE('',*,*,#6002,.T.);
#8355=ORIENTED_EDGE('',*,*,#6006,.T.);
#8356=ORIENTED_EDGE('',*,*,#6009,.T.);
#8357=ORIENTED_EDGE('',*,*,#6012,.T.);
#8358=ORIENTED_EDGE('',*,*,#6014,.T.);
#8359=ORIENTED_EDGE('',*,*,#6018,.T.);
#8360=ORIENTED_EDGE('',*,*,#6021,.T.);
#8361=ORIENTED_EDGE('',*,*,#6024,.T.);
#8362=ORIENTED_EDGE('',*,*,#6026,.T.);
#8363=ORIENTED_EDGE('',*,*,#6030,.T.);
#8364=ORIENTED_EDGE('',*,*,#6033,.T.);
#8365=ORIENTED_EDGE('',*,*,#6036,.T.);
#8366=ORIENTED_EDGE('',*,*,#6038,.T.);
#8367=ORIENTED_EDGE('',*,*,#6042,.T.);
#8368=ORIENTED_EDGE('',*,*,#6045,.T.);
#8369=ORIENTED_EDGE('',*,*,#6048,.T.);
#8370=ORIENTED_EDGE('',*,*,#6050,.T.);
#8371=ORIENTED_EDGE('',*,*,#6054,.T.);
#8372=ORIENTED_EDGE('',*,*,#6057,.T.);
#8373=ORIENTED_EDGE('',*,*,#6060,.T.);
#8374=ORIENTED_EDGE('',*,*,#6062,.T.);
#8375=ORIENTED_EDGE('',*,*,#6066,.T.);
#8376=ORIENTED_EDGE('',*,*,#6069,.T.);
#8377=ORIENTED_EDGE('',*,*,#6072,.T.);
#8378=ORIENTED_EDGE('',*,*,#6074,.T.);
#8379=ORIENTED_EDGE('',*,*,#6078,.T.);
#8380=ORIENTED_EDGE('',*,*,#6081,.T.);
#8381=ORIENTED_EDGE('',*,*,#6084,.T.);
#8382=ORIENTED_EDGE('',*,*,#6100,.T.);
#8383=ORIENTED_EDGE('',*,*,#4787,.T.);
#8384=ORIENTED_EDGE('',*,*,#4840,.F.);
#8385=ORIENTED_EDGE('',*,*,#6101,.T.);
#8386=ORIENTED_EDGE('',*,*,#6100,.F.);
#8387=ORIENTED_EDGE('',*,*,#6102,.T.);
#8388=ORIENTED_EDGE('',*,*,#6103,.T.);
#8389=ORIENTED_EDGE('',*,*,#4780,.T.);
#8390=ORIENTED_EDGE('',*,*,#4781,.T.);
#8391=ORIENTED_EDGE('',*,*,#6103,.F.);
#8392=ORIENTED_EDGE('',*,*,#6104,.T.);
#8393=ORIENTED_EDGE('',*,*,#4822,.T.);
#8394=ORIENTED_EDGE('',*,*,#4824,.F.);
#8395=ORIENTED_EDGE('',*,*,#6105,.T.);
#8396=ORIENTED_EDGE('',*,*,#6106,.T.);
#8397=ORIENTED_EDGE('',*,*,#4783,.T.);
#8398=ORIENTED_EDGE('',*,*,#6106,.F.);
#8399=ORIENTED_EDGE('',*,*,#6107,.T.);
#8400=ORIENTED_EDGE('',*,*,#6108,.T.);
#8401=ORIENTED_EDGE('',*,*,#4784,.T.);
#8402=ORIENTED_EDGE('',*,*,#4838,.F.);
#8403=ORIENTED_EDGE('',*,*,#4785,.T.);
#8404=ORIENTED_EDGE('',*,*,#6108,.F.);
#8405=ORIENTED_EDGE('',*,*,#6109,.T.);
#8406=ORIENTED_EDGE('',*,*,#6104,.F.);
#8407=ORIENTED_EDGE('',*,*,#6110,.F.);
#8408=ORIENTED_EDGE('',*,*,#6111,.T.);
#8409=ORIENTED_EDGE('',*,*,#6112,.T.);
#8410=ORIENTED_EDGE('',*,*,#4906,.T.);
#8411=ORIENTED_EDGE('',*,*,#4898,.T.);
#8412=ORIENTED_EDGE('',*,*,#4892,.T.);
#8413=ORIENTED_EDGE('',*,*,#4909,.T.);
#8414=ORIENTED_EDGE('',*,*,#4930,.T.);
#8415=ORIENTED_EDGE('',*,*,#4922,.T.);
#8416=ORIENTED_EDGE('',*,*,#4916,.T.);
#8417=ORIENTED_EDGE('',*,*,#4933,.T.);
#8418=ORIENTED_EDGE('',*,*,#4954,.T.);
#8419=ORIENTED_EDGE('',*,*,#4946,.T.);
#8420=ORIENTED_EDGE('',*,*,#4940,.T.);
#8421=ORIENTED_EDGE('',*,*,#4957,.T.);
#8422=ORIENTED_EDGE('',*,*,#4978,.T.);
#8423=ORIENTED_EDGE('',*,*,#4970,.T.);
#8424=ORIENTED_EDGE('',*,*,#4964,.T.);
#8425=ORIENTED_EDGE('',*,*,#4981,.T.);
#8426=ORIENTED_EDGE('',*,*,#5002,.T.);
#8427=ORIENTED_EDGE('',*,*,#4994,.T.);
#8428=ORIENTED_EDGE('',*,*,#4988,.T.);
#8429=ORIENTED_EDGE('',*,*,#5005,.T.);
#8430=ORIENTED_EDGE('',*,*,#5026,.T.);
#8431=ORIENTED_EDGE('',*,*,#5018,.T.);
#8432=ORIENTED_EDGE('',*,*,#5012,.T.);
#8433=ORIENTED_EDGE('',*,*,#5029,.T.);
#8434=ORIENTED_EDGE('',*,*,#5050,.T.);
#8435=ORIENTED_EDGE('',*,*,#5042,.T.);
#8436=ORIENTED_EDGE('',*,*,#5036,.T.);
#8437=ORIENTED_EDGE('',*,*,#5053,.T.);
#8438=ORIENTED_EDGE('',*,*,#5074,.T.);
#8439=ORIENTED_EDGE('',*,*,#5066,.T.);
#8440=ORIENTED_EDGE('',*,*,#5060,.T.);
#8441=ORIENTED_EDGE('',*,*,#5077,.T.);
#8442=ORIENTED_EDGE('',*,*,#5098,.T.);
#8443=ORIENTED_EDGE('',*,*,#5090,.T.);
#8444=ORIENTED_EDGE('',*,*,#5084,.T.);
#8445=ORIENTED_EDGE('',*,*,#5101,.T.);
#8446=ORIENTED_EDGE('',*,*,#5122,.T.);
#8447=ORIENTED_EDGE('',*,*,#5114,.T.);
#8448=ORIENTED_EDGE('',*,*,#5108,.T.);
#8449=ORIENTED_EDGE('',*,*,#5125,.T.);
#8450=ORIENTED_EDGE('',*,*,#5146,.T.);
#8451=ORIENTED_EDGE('',*,*,#5138,.T.);
#8452=ORIENTED_EDGE('',*,*,#5132,.T.);
#8453=ORIENTED_EDGE('',*,*,#5149,.T.);
#8454=ORIENTED_EDGE('',*,*,#5170,.T.);
#8455=ORIENTED_EDGE('',*,*,#5162,.T.);
#8456=ORIENTED_EDGE('',*,*,#5156,.T.);
#8457=ORIENTED_EDGE('',*,*,#5173,.T.);
#8458=ORIENTED_EDGE('',*,*,#5194,.T.);
#8459=ORIENTED_EDGE('',*,*,#5186,.T.);
#8460=ORIENTED_EDGE('',*,*,#5180,.T.);
#8461=ORIENTED_EDGE('',*,*,#5197,.T.);
#8462=ORIENTED_EDGE('',*,*,#5218,.T.);
#8463=ORIENTED_EDGE('',*,*,#5210,.T.);
#8464=ORIENTED_EDGE('',*,*,#5204,.T.);
#8465=ORIENTED_EDGE('',*,*,#5221,.T.);
#8466=ORIENTED_EDGE('',*,*,#5242,.T.);
#8467=ORIENTED_EDGE('',*,*,#5234,.T.);
#8468=ORIENTED_EDGE('',*,*,#5228,.T.);
#8469=ORIENTED_EDGE('',*,*,#5245,.T.);
#8470=ORIENTED_EDGE('',*,*,#5266,.T.);
#8471=ORIENTED_EDGE('',*,*,#5258,.T.);
#8472=ORIENTED_EDGE('',*,*,#5252,.T.);
#8473=ORIENTED_EDGE('',*,*,#5269,.T.);
#8474=ORIENTED_EDGE('',*,*,#5290,.T.);
#8475=ORIENTED_EDGE('',*,*,#5282,.T.);
#8476=ORIENTED_EDGE('',*,*,#5276,.T.);
#8477=ORIENTED_EDGE('',*,*,#5293,.T.);
#8478=ORIENTED_EDGE('',*,*,#5314,.T.);
#8479=ORIENTED_EDGE('',*,*,#5306,.T.);
#8480=ORIENTED_EDGE('',*,*,#5300,.T.);
#8481=ORIENTED_EDGE('',*,*,#5317,.T.);
#8482=ORIENTED_EDGE('',*,*,#5338,.T.);
#8483=ORIENTED_EDGE('',*,*,#5330,.T.);
#8484=ORIENTED_EDGE('',*,*,#5324,.T.);
#8485=ORIENTED_EDGE('',*,*,#5341,.T.);
#8486=ORIENTED_EDGE('',*,*,#5362,.T.);
#8487=ORIENTED_EDGE('',*,*,#5354,.T.);
#8488=ORIENTED_EDGE('',*,*,#5348,.T.);
#8489=ORIENTED_EDGE('',*,*,#5365,.T.);
#8490=ORIENTED_EDGE('',*,*,#5386,.T.);
#8491=ORIENTED_EDGE('',*,*,#5378,.T.);
#8492=ORIENTED_EDGE('',*,*,#5372,.T.);
#8493=ORIENTED_EDGE('',*,*,#5389,.T.);
#8494=ORIENTED_EDGE('',*,*,#5410,.T.);
#8495=ORIENTED_EDGE('',*,*,#5402,.T.);
#8496=ORIENTED_EDGE('',*,*,#5396,.T.);
#8497=ORIENTED_EDGE('',*,*,#5413,.T.);
#8498=ORIENTED_EDGE('',*,*,#5434,.T.);
#8499=ORIENTED_EDGE('',*,*,#5426,.T.);
#8500=ORIENTED_EDGE('',*,*,#5420,.T.);
#8501=ORIENTED_EDGE('',*,*,#5437,.T.);
#8502=ORIENTED_EDGE('',*,*,#5458,.T.);
#8503=ORIENTED_EDGE('',*,*,#5450,.T.);
#8504=ORIENTED_EDGE('',*,*,#5444,.T.);
#8505=ORIENTED_EDGE('',*,*,#5461,.T.);
#8506=ORIENTED_EDGE('',*,*,#5482,.T.);
#8507=ORIENTED_EDGE('',*,*,#5474,.T.);
#8508=ORIENTED_EDGE('',*,*,#5468,.T.);
#8509=ORIENTED_EDGE('',*,*,#5485,.T.);
#8510=ORIENTED_EDGE('',*,*,#5506,.T.);
#8511=ORIENTED_EDGE('',*,*,#5498,.T.);
#8512=ORIENTED_EDGE('',*,*,#5492,.T.);
#8513=ORIENTED_EDGE('',*,*,#5509,.T.);
#8514=ORIENTED_EDGE('',*,*,#5530,.T.);
#8515=ORIENTED_EDGE('',*,*,#5522,.T.);
#8516=ORIENTED_EDGE('',*,*,#5516,.T.);
#8517=ORIENTED_EDGE('',*,*,#5533,.T.);
#8518=ORIENTED_EDGE('',*,*,#5554,.T.);
#8519=ORIENTED_EDGE('',*,*,#5546,.T.);
#8520=ORIENTED_EDGE('',*,*,#5540,.T.);
#8521=ORIENTED_EDGE('',*,*,#5557,.T.);
#8522=ORIENTED_EDGE('',*,*,#6102,.F.);
#8523=ORIENTED_EDGE('',*,*,#6113,.F.);
#8524=ORIENTED_EDGE('',*,*,#6114,.F.);
#8525=ORIENTED_EDGE('',*,*,#6110,.T.);
#8526=ORIENTED_EDGE('',*,*,#6101,.F.);
#8527=ORIENTED_EDGE('',*,*,#6115,.F.);
#8528=ORIENTED_EDGE('',*,*,#6116,.T.);
#8529=ORIENTED_EDGE('',*,*,#6113,.T.);
#8530=ORIENTED_EDGE('',*,*,#5560,.T.);
#8531=ORIENTED_EDGE('',*,*,#5569,.T.);
#8532=ORIENTED_EDGE('',*,*,#5566,.T.);
#8533=ORIENTED_EDGE('',*,*,#5563,.T.);
#8534=ORIENTED_EDGE('',*,*,#5572,.T.);
#8535=ORIENTED_EDGE('',*,*,#5581,.T.);
#8536=ORIENTED_EDGE('',*,*,#5578,.T.);
#8537=ORIENTED_EDGE('',*,*,#5575,.T.);
#8538=ORIENTED_EDGE('',*,*,#5584,.T.);
#8539=ORIENTED_EDGE('',*,*,#5593,.T.);
#8540=ORIENTED_EDGE('',*,*,#5590,.T.);
#8541=ORIENTED_EDGE('',*,*,#5587,.T.);
#8542=ORIENTED_EDGE('',*,*,#5596,.T.);
#8543=ORIENTED_EDGE('',*,*,#5605,.T.);
#8544=ORIENTED_EDGE('',*,*,#5602,.T.);
#8545=ORIENTED_EDGE('',*,*,#5599,.T.);
#8546=ORIENTED_EDGE('',*,*,#5608,.T.);
#8547=ORIENTED_EDGE('',*,*,#5617,.T.);
#8548=ORIENTED_EDGE('',*,*,#5614,.T.);
#8549=ORIENTED_EDGE('',*,*,#5611,.T.);
#8550=ORIENTED_EDGE('',*,*,#5620,.T.);
#8551=ORIENTED_EDGE('',*,*,#5629,.T.);
#8552=ORIENTED_EDGE('',*,*,#5626,.T.);
#8553=ORIENTED_EDGE('',*,*,#5623,.T.);
#8554=ORIENTED_EDGE('',*,*,#5632,.T.);
#8555=ORIENTED_EDGE('',*,*,#5641,.T.);
#8556=ORIENTED_EDGE('',*,*,#5638,.T.);
#8557=ORIENTED_EDGE('',*,*,#5635,.T.);
#8558=ORIENTED_EDGE('',*,*,#5644,.T.);
#8559=ORIENTED_EDGE('',*,*,#5653,.T.);
#8560=ORIENTED_EDGE('',*,*,#5650,.T.);
#8561=ORIENTED_EDGE('',*,*,#5647,.T.);
#8562=ORIENTED_EDGE('',*,*,#5656,.T.);
#8563=ORIENTED_EDGE('',*,*,#5665,.T.);
#8564=ORIENTED_EDGE('',*,*,#5662,.T.);
#8565=ORIENTED_EDGE('',*,*,#5659,.T.);
#8566=ORIENTED_EDGE('',*,*,#5668,.T.);
#8567=ORIENTED_EDGE('',*,*,#5677,.T.);
#8568=ORIENTED_EDGE('',*,*,#5674,.T.);
#8569=ORIENTED_EDGE('',*,*,#5671,.T.);
#8570=ORIENTED_EDGE('',*,*,#5680,.T.);
#8571=ORIENTED_EDGE('',*,*,#5689,.T.);
#8572=ORIENTED_EDGE('',*,*,#5686,.T.);
#8573=ORIENTED_EDGE('',*,*,#5683,.T.);
#8574=ORIENTED_EDGE('',*,*,#5692,.T.);
#8575=ORIENTED_EDGE('',*,*,#5701,.T.);
#8576=ORIENTED_EDGE('',*,*,#5698,.T.);
#8577=ORIENTED_EDGE('',*,*,#5695,.T.);
#8578=ORIENTED_EDGE('',*,*,#5704,.T.);
#8579=ORIENTED_EDGE('',*,*,#5713,.T.);
#8580=ORIENTED_EDGE('',*,*,#5710,.T.);
#8581=ORIENTED_EDGE('',*,*,#5707,.T.);
#8582=ORIENTED_EDGE('',*,*,#5716,.T.);
#8583=ORIENTED_EDGE('',*,*,#5725,.T.);
#8584=ORIENTED_EDGE('',*,*,#5722,.T.);
#8585=ORIENTED_EDGE('',*,*,#5719,.T.);
#8586=ORIENTED_EDGE('',*,*,#5728,.T.);
#8587=ORIENTED_EDGE('',*,*,#5737,.T.);
#8588=ORIENTED_EDGE('',*,*,#5734,.T.);
#8589=ORIENTED_EDGE('',*,*,#5731,.T.);
#8590=ORIENTED_EDGE('',*,*,#5740,.T.);
#8591=ORIENTED_EDGE('',*,*,#5749,.T.);
#8592=ORIENTED_EDGE('',*,*,#5746,.T.);
#8593=ORIENTED_EDGE('',*,*,#5743,.T.);
#8594=ORIENTED_EDGE('',*,*,#5752,.T.);
#8595=ORIENTED_EDGE('',*,*,#5761,.T.);
#8596=ORIENTED_EDGE('',*,*,#5758,.T.);
#8597=ORIENTED_EDGE('',*,*,#5755,.T.);
#8598=ORIENTED_EDGE('',*,*,#5764,.T.);
#8599=ORIENTED_EDGE('',*,*,#5773,.T.);
#8600=ORIENTED_EDGE('',*,*,#5770,.T.);
#8601=ORIENTED_EDGE('',*,*,#5767,.T.);
#8602=ORIENTED_EDGE('',*,*,#5776,.T.);
#8603=ORIENTED_EDGE('',*,*,#5785,.T.);
#8604=ORIENTED_EDGE('',*,*,#5782,.T.);
#8605=ORIENTED_EDGE('',*,*,#5779,.T.);
#8606=ORIENTED_EDGE('',*,*,#5788,.T.);
#8607=ORIENTED_EDGE('',*,*,#5797,.T.);
#8608=ORIENTED_EDGE('',*,*,#5794,.T.);
#8609=ORIENTED_EDGE('',*,*,#5791,.T.);
#8610=ORIENTED_EDGE('',*,*,#4839,.F.);
#8611=ORIENTED_EDGE('',*,*,#6117,.F.);
#8612=ORIENTED_EDGE('',*,*,#6118,.F.);
#8613=ORIENTED_EDGE('',*,*,#6115,.T.);
#8614=ORIENTED_EDGE('',*,*,#6109,.F.);
#8615=ORIENTED_EDGE('',*,*,#6119,.F.);
#8616=ORIENTED_EDGE('',*,*,#6120,.F.);
#8617=ORIENTED_EDGE('',*,*,#6117,.T.);
#8618=ORIENTED_EDGE('',*,*,#4904,.T.);
#8619=ORIENTED_EDGE('',*,*,#4901,.T.);
#8620=ORIENTED_EDGE('',*,*,#4888,.T.);
#8621=ORIENTED_EDGE('',*,*,#4896,.T.);
#8622=ORIENTED_EDGE('',*,*,#4928,.T.);
#8623=ORIENTED_EDGE('',*,*,#4925,.T.);
#8624=ORIENTED_EDGE('',*,*,#4912,.T.);
#8625=ORIENTED_EDGE('',*,*,#4920,.T.);
#8626=ORIENTED_EDGE('',*,*,#4952,.T.);
#8627=ORIENTED_EDGE('',*,*,#4949,.T.);
#8628=ORIENTED_EDGE('',*,*,#4936,.T.);
#8629=ORIENTED_EDGE('',*,*,#4944,.T.);
#8630=ORIENTED_EDGE('',*,*,#4976,.T.);
#8631=ORIENTED_EDGE('',*,*,#4973,.T.);
#8632=ORIENTED_EDGE('',*,*,#4960,.T.);
#8633=ORIENTED_EDGE('',*,*,#4968,.T.);
#8634=ORIENTED_EDGE('',*,*,#5000,.T.);
#8635=ORIENTED_EDGE('',*,*,#4997,.T.);
#8636=ORIENTED_EDGE('',*,*,#4984,.T.);
#8637=ORIENTED_EDGE('',*,*,#4992,.T.);
#8638=ORIENTED_EDGE('',*,*,#5024,.T.);
#8639=ORIENTED_EDGE('',*,*,#5021,.T.);
#8640=ORIENTED_EDGE('',*,*,#5008,.T.);
#8641=ORIENTED_EDGE('',*,*,#5016,.T.);
#8642=ORIENTED_EDGE('',*,*,#5048,.T.);
#8643=ORIENTED_EDGE('',*,*,#5045,.T.);
#8644=ORIENTED_EDGE('',*,*,#5032,.T.);
#8645=ORIENTED_EDGE('',*,*,#5040,.T.);
#8646=ORIENTED_EDGE('',*,*,#5072,.T.);
#8647=ORIENTED_EDGE('',*,*,#5069,.T.);
#8648=ORIENTED_EDGE('',*,*,#5056,.T.);
#8649=ORIENTED_EDGE('',*,*,#5064,.T.);
#8650=ORIENTED_EDGE('',*,*,#5096,.T.);
#8651=ORIENTED_EDGE('',*,*,#5093,.T.);
#8652=ORIENTED_EDGE('',*,*,#5080,.T.);
#8653=ORIENTED_EDGE('',*,*,#5088,.T.);
#8654=ORIENTED_EDGE('',*,*,#5120,.T.);
#8655=ORIENTED_EDGE('',*,*,#5117,.T.);
#8656=ORIENTED_EDGE('',*,*,#5104,.T.);
#8657=ORIENTED_EDGE('',*,*,#5112,.T.);
#8658=ORIENTED_EDGE('',*,*,#5144,.T.);
#8659=ORIENTED_EDGE('',*,*,#5141,.T.);
#8660=ORIENTED_EDGE('',*,*,#5128,.T.);
#8661=ORIENTED_EDGE('',*,*,#5136,.T.);
#8662=ORIENTED_EDGE('',*,*,#5168,.T.);
#8663=ORIENTED_EDGE('',*,*,#5165,.T.);
#8664=ORIENTED_EDGE('',*,*,#5152,.T.);
#8665=ORIENTED_EDGE('',*,*,#5160,.T.);
#8666=ORIENTED_EDGE('',*,*,#5192,.T.);
#8667=ORIENTED_EDGE('',*,*,#5189,.T.);
#8668=ORIENTED_EDGE('',*,*,#5176,.T.);
#8669=ORIENTED_EDGE('',*,*,#5184,.T.);
#8670=ORIENTED_EDGE('',*,*,#5216,.T.);
#8671=ORIENTED_EDGE('',*,*,#5213,.T.);
#8672=ORIENTED_EDGE('',*,*,#5200,.T.);
#8673=ORIENTED_EDGE('',*,*,#5208,.T.);
#8674=ORIENTED_EDGE('',*,*,#5240,.T.);
#8675=ORIENTED_EDGE('',*,*,#5237,.T.);
#8676=ORIENTED_EDGE('',*,*,#5224,.T.);
#8677=ORIENTED_EDGE('',*,*,#5232,.T.);
#8678=ORIENTED_EDGE('',*,*,#5264,.T.);
#8679=ORIENTED_EDGE('',*,*,#5261,.T.);
#8680=ORIENTED_EDGE('',*,*,#5248,.T.);
#8681=ORIENTED_EDGE('',*,*,#5256,.T.);
#8682=ORIENTED_EDGE('',*,*,#5288,.T.);
#8683=ORIENTED_EDGE('',*,*,#5285,.T.);
#8684=ORIENTED_EDGE('',*,*,#5272,.T.);
#8685=ORIENTED_EDGE('',*,*,#5280,.T.);
#8686=ORIENTED_EDGE('',*,*,#5312,.T.);
#8687=ORIENTED_EDGE('',*,*,#5309,.T.);
#8688=ORIENTED_EDGE('',*,*,#5296,.T.);
#8689=ORIENTED_EDGE('',*,*,#5304,.T.);
#8690=ORIENTED_EDGE('',*,*,#5336,.T.);
#8691=ORIENTED_EDGE('',*,*,#5333,.T.);
#8692=ORIENTED_EDGE('',*,*,#5320,.T.);
#8693=ORIENTED_EDGE('',*,*,#5328,.T.);
#8694=ORIENTED_EDGE('',*,*,#5360,.T.);
#8695=ORIENTED_EDGE('',*,*,#5357,.T.);
#8696=ORIENTED_EDGE('',*,*,#5344,.T.);
#8697=ORIENTED_EDGE('',*,*,#5352,.T.);
#8698=ORIENTED_EDGE('',*,*,#5384,.T.);
#8699=ORIENTED_EDGE('',*,*,#5381,.T.);
#8700=ORIENTED_EDGE('',*,*,#5368,.T.);
#8701=ORIENTED_EDGE('',*,*,#5376,.T.);
#8702=ORIENTED_EDGE('',*,*,#5408,.T.);
#8703=ORIENTED_EDGE('',*,*,#5405,.T.);
#8704=ORIENTED_EDGE('',*,*,#5392,.T.);
#8705=ORIENTED_EDGE('',*,*,#5400,.T.);
#8706=ORIENTED_EDGE('',*,*,#5432,.T.);
#8707=ORIENTED_EDGE('',*,*,#5429,.T.);
#8708=ORIENTED_EDGE('',*,*,#5416,.T.);
#8709=ORIENTED_EDGE('',*,*,#5424,.T.);
#8710=ORIENTED_EDGE('',*,*,#5456,.T.);
#8711=ORIENTED_EDGE('',*,*,#5453,.T.);
#8712=ORIENTED_EDGE('',*,*,#5440,.T.);
#8713=ORIENTED_EDGE('',*,*,#5448,.T.);
#8714=ORIENTED_EDGE('',*,*,#5480,.T.);
#8715=ORIENTED_EDGE('',*,*,#5477,.T.);
#8716=ORIENTED_EDGE('',*,*,#5464,.T.);
#8717=ORIENTED_EDGE('',*,*,#5472,.T.);
#8718=ORIENTED_EDGE('',*,*,#5504,.T.);
#8719=ORIENTED_EDGE('',*,*,#5501,.T.);
#8720=ORIENTED_EDGE('',*,*,#5488,.T.);
#8721=ORIENTED_EDGE('',*,*,#5496,.T.);
#8722=ORIENTED_EDGE('',*,*,#5528,.T.);
#8723=ORIENTED_EDGE('',*,*,#5525,.T.);
#8724=ORIENTED_EDGE('',*,*,#5512,.T.);
#8725=ORIENTED_EDGE('',*,*,#5520,.T.);
#8726=ORIENTED_EDGE('',*,*,#5552,.T.);
#8727=ORIENTED_EDGE('',*,*,#5549,.T.);
#8728=ORIENTED_EDGE('',*,*,#5536,.T.);
#8729=ORIENTED_EDGE('',*,*,#5544,.T.);
#8730=ORIENTED_EDGE('',*,*,#6107,.F.);
#8731=ORIENTED_EDGE('',*,*,#6121,.F.);
#8732=ORIENTED_EDGE('',*,*,#6122,.F.);
#8733=ORIENTED_EDGE('',*,*,#6119,.T.);
#8734=ORIENTED_EDGE('',*,*,#6105,.F.);
#8735=ORIENTED_EDGE('',*,*,#6123,.F.);
#8736=ORIENTED_EDGE('',*,*,#6124,.F.);
#8737=ORIENTED_EDGE('',*,*,#6121,.T.);
#8738=ORIENTED_EDGE('',*,*,#5800,.T.);
#8739=ORIENTED_EDGE('',*,*,#5809,.T.);
#8740=ORIENTED_EDGE('',*,*,#5806,.T.);
#8741=ORIENTED_EDGE('',*,*,#5803,.T.);
#8742=ORIENTED_EDGE('',*,*,#5812,.T.);
#8743=ORIENTED_EDGE('',*,*,#5821,.T.);
#8744=ORIENTED_EDGE('',*,*,#5818,.T.);
#8745=ORIENTED_EDGE('',*,*,#5815,.T.);
#8746=ORIENTED_EDGE('',*,*,#5824,.T.);
#8747=ORIENTED_EDGE('',*,*,#5833,.T.);
#8748=ORIENTED_EDGE('',*,*,#5830,.T.);
#8749=ORIENTED_EDGE('',*,*,#5827,.T.);
#8750=ORIENTED_EDGE('',*,*,#5836,.T.);
#8751=ORIENTED_EDGE('',*,*,#5845,.T.);
#8752=ORIENTED_EDGE('',*,*,#5842,.T.);
#8753=ORIENTED_EDGE('',*,*,#5839,.T.);
#8754=ORIENTED_EDGE('',*,*,#5848,.T.);
#8755=ORIENTED_EDGE('',*,*,#5857,.T.);
#8756=ORIENTED_EDGE('',*,*,#5854,.T.);
#8757=ORIENTED_EDGE('',*,*,#5851,.T.);
#8758=ORIENTED_EDGE('',*,*,#5860,.T.);
#8759=ORIENTED_EDGE('',*,*,#5869,.T.);
#8760=ORIENTED_EDGE('',*,*,#5866,.T.);
#8761=ORIENTED_EDGE('',*,*,#5863,.T.);
#8762=ORIENTED_EDGE('',*,*,#5872,.T.);
#8763=ORIENTED_EDGE('',*,*,#5881,.T.);
#8764=ORIENTED_EDGE('',*,*,#5878,.T.);
#8765=ORIENTED_EDGE('',*,*,#5875,.T.);
#8766=ORIENTED_EDGE('',*,*,#5884,.T.);
#8767=ORIENTED_EDGE('',*,*,#5893,.T.);
#8768=ORIENTED_EDGE('',*,*,#5890,.T.);
#8769=ORIENTED_EDGE('',*,*,#5887,.T.);
#8770=ORIENTED_EDGE('',*,*,#5896,.T.);
#8771=ORIENTED_EDGE('',*,*,#5905,.T.);
#8772=ORIENTED_EDGE('',*,*,#5902,.T.);
#8773=ORIENTED_EDGE('',*,*,#5899,.T.);
#8774=ORIENTED_EDGE('',*,*,#5908,.T.);
#8775=ORIENTED_EDGE('',*,*,#5917,.T.);
#8776=ORIENTED_EDGE('',*,*,#5914,.T.);
#8777=ORIENTED_EDGE('',*,*,#5911,.T.);
#8778=ORIENTED_EDGE('',*,*,#5920,.T.);
#8779=ORIENTED_EDGE('',*,*,#5929,.T.);
#8780=ORIENTED_EDGE('',*,*,#5926,.T.);
#8781=ORIENTED_EDGE('',*,*,#5923,.T.);
#8782=ORIENTED_EDGE('',*,*,#5932,.T.);
#8783=ORIENTED_EDGE('',*,*,#5941,.T.);
#8784=ORIENTED_EDGE('',*,*,#5938,.T.);
#8785=ORIENTED_EDGE('',*,*,#5935,.T.);
#8786=ORIENTED_EDGE('',*,*,#5944,.T.);
#8787=ORIENTED_EDGE('',*,*,#5953,.T.);
#8788=ORIENTED_EDGE('',*,*,#5950,.T.);
#8789=ORIENTED_EDGE('',*,*,#5947,.T.);
#8790=ORIENTED_EDGE('',*,*,#5956,.T.);
#8791=ORIENTED_EDGE('',*,*,#5965,.T.);
#8792=ORIENTED_EDGE('',*,*,#5962,.T.);
#8793=ORIENTED_EDGE('',*,*,#5959,.T.);
#8794=ORIENTED_EDGE('',*,*,#5968,.T.);
#8795=ORIENTED_EDGE('',*,*,#5977,.T.);
#8796=ORIENTED_EDGE('',*,*,#5974,.T.);
#8797=ORIENTED_EDGE('',*,*,#5971,.T.);
#8798=ORIENTED_EDGE('',*,*,#5980,.T.);
#8799=ORIENTED_EDGE('',*,*,#5989,.T.);
#8800=ORIENTED_EDGE('',*,*,#5986,.T.);
#8801=ORIENTED_EDGE('',*,*,#5983,.T.);
#8802=ORIENTED_EDGE('',*,*,#5992,.T.);
#8803=ORIENTED_EDGE('',*,*,#6001,.T.);
#8804=ORIENTED_EDGE('',*,*,#5998,.T.);
#8805=ORIENTED_EDGE('',*,*,#5995,.T.);
#8806=ORIENTED_EDGE('',*,*,#6004,.T.);
#8807=ORIENTED_EDGE('',*,*,#6013,.T.);
#8808=ORIENTED_EDGE('',*,*,#6010,.T.);
#8809=ORIENTED_EDGE('',*,*,#6007,.T.);
#8810=ORIENTED_EDGE('',*,*,#6016,.T.);
#8811=ORIENTED_EDGE('',*,*,#6025,.T.);
#8812=ORIENTED_EDGE('',*,*,#6022,.T.);
#8813=ORIENTED_EDGE('',*,*,#6019,.T.);
#8814=ORIENTED_EDGE('',*,*,#6028,.T.);
#8815=ORIENTED_EDGE('',*,*,#6037,.T.);
#8816=ORIENTED_EDGE('',*,*,#6034,.T.);
#8817=ORIENTED_EDGE('',*,*,#6031,.T.);
#8818=ORIENTED_EDGE('',*,*,#6040,.T.);
#8819=ORIENTED_EDGE('',*,*,#6049,.T.);
#8820=ORIENTED_EDGE('',*,*,#6046,.T.);
#8821=ORIENTED_EDGE('',*,*,#6043,.T.);
#8822=ORIENTED_EDGE('',*,*,#6052,.T.);
#8823=ORIENTED_EDGE('',*,*,#6061,.T.);
#8824=ORIENTED_EDGE('',*,*,#6058,.T.);
#8825=ORIENTED_EDGE('',*,*,#6055,.T.);
#8826=ORIENTED_EDGE('',*,*,#6064,.T.);
#8827=ORIENTED_EDGE('',*,*,#6073,.T.);
#8828=ORIENTED_EDGE('',*,*,#6070,.T.);
#8829=ORIENTED_EDGE('',*,*,#6067,.T.);
#8830=ORIENTED_EDGE('',*,*,#6076,.T.);
#8831=ORIENTED_EDGE('',*,*,#6085,.T.);
#8832=ORIENTED_EDGE('',*,*,#6082,.T.);
#8833=ORIENTED_EDGE('',*,*,#6079,.T.);
#8834=ORIENTED_EDGE('',*,*,#4823,.F.);
#8835=ORIENTED_EDGE('',*,*,#6112,.F.);
#8836=ORIENTED_EDGE('',*,*,#6125,.F.);
#8837=ORIENTED_EDGE('',*,*,#6123,.T.);
#8838=ORIENTED_EDGE('',*,*,#6118,.T.);
#8839=ORIENTED_EDGE('',*,*,#6120,.T.);
#8840=ORIENTED_EDGE('',*,*,#6122,.T.);
#8841=ORIENTED_EDGE('',*,*,#6124,.T.);
#8842=ORIENTED_EDGE('',*,*,#6125,.T.);
#8843=ORIENTED_EDGE('',*,*,#6111,.F.);
#8844=ORIENTED_EDGE('',*,*,#6114,.T.);
#8845=ORIENTED_EDGE('',*,*,#6116,.F.);
#8846=ORIENTED_EDGE('',*,*,#6096,.T.);
#8847=ORIENTED_EDGE('',*,*,#4813,.T.);
#8848=ORIENTED_EDGE('',*,*,#6099,.T.);
#8849=ORIENTED_EDGE('',*,*,#4864,.T.);
#8850=ORIENTED_EDGE('',*,*,#6098,.T.);
#8851=ORIENTED_EDGE('',*,*,#4842,.T.);
#8852=ORIENTED_EDGE('',*,*,#6097,.T.);
#8853=ORIENTED_EDGE('',*,*,#4790,.T.);
#8854=PLANE('',#9575);
#8855=PLANE('',#9580);
#8856=PLANE('',#9585);
#8857=PLANE('',#9586);
#8858=PLANE('',#9587);
#8859=PLANE('',#9589);
#8860=PLANE('',#9608);
#8861=PLANE('',#9610);
#8862=PLANE('',#9611);
#8863=PLANE('',#9626);
#8864=PLANE('',#9627);
#8865=PLANE('',#9628);
#8866=PLANE('',#9643);
#8867=PLANE('',#9644);
#8868=PLANE('',#9645);
#8869=PLANE('',#9655);
#8870=PLANE('',#9656);
#8871=PLANE('',#9657);
#8872=PLANE('',#9658);
#8873=PLANE('',#9659);
#8874=PLANE('',#9660);
#8875=PLANE('',#9661);
#8876=PLANE('',#9662);
#8877=PLANE('',#9663);
#8878=PLANE('',#9664);
#8879=PLANE('',#9665);
#8880=PLANE('',#9666);
#8881=PLANE('',#9667);
#8882=PLANE('',#9668);
#8883=PLANE('',#9669);
#8884=PLANE('',#9670);
#8885=PLANE('',#9671);
#8886=PLANE('',#9672);
#8887=PLANE('',#9673);
#8888=PLANE('',#9683);
#8889=PLANE('',#9684);
#8890=PLANE('',#9688);
#8891=PLANE('',#9689);
#8892=PLANE('',#9699);
#8893=PLANE('',#9700);
#8894=PLANE('',#9710);
#8895=PLANE('',#9711);
#8896=PLANE('',#9712);
#8897=PLANE('',#9719);
#8898=PLANE('',#9720);
#8899=PLANE('',#9721);
#8900=PLANE('',#9731);
#8901=PLANE('',#9732);
#8902=PLANE('',#9742);
#8903=PLANE('',#9743);
#8904=PLANE('',#9744);
#8905=PLANE('',#9751);
#8906=PLANE('',#9758);
#8907=PLANE('',#9759);
#8908=PLANE('',#9760);
#8909=PLANE('',#9767);
#8910=PLANE('',#9774);
#8911=PLANE('',#9775);
#8912=PLANE('',#9776);
#8913=PLANE('',#9783);
#8914=PLANE('',#9790);
#8915=PLANE('',#9791);
#8916=PLANE('',#9792);
#8917=PLANE('',#9799);
#8918=PLANE('',#9806);
#8919=PLANE('',#9807);
#8920=PLANE('',#9808);
#8921=PLANE('',#9815);
#8922=PLANE('',#9822);
#8923=PLANE('',#9823);
#8924=PLANE('',#9824);
#8925=PLANE('',#9831);
#8926=PLANE('',#9832);
#8927=PLANE('',#9833);
#8928=PLANE('',#9843);
#8929=PLANE('',#9844);
#8930=PLANE('',#9854);
#8931=PLANE('',#9855);
#8932=PLANE('',#9856);
#8933=PLANE('',#9863);
#8934=PLANE('',#9864);
#8935=PLANE('',#9865);
#8936=PLANE('',#9875);
#8937=PLANE('',#9876);
#8938=PLANE('',#9880);
#8939=PLANE('',#9881);
#8940=PLANE('',#9891);
#8941=PLANE('',#9892);
#8942=PLANE('',#9896);
#8943=PLANE('',#9897);
#8944=PLANE('',#9907);
#8945=PLANE('',#9908);
#8946=PLANE('',#9918);
#8947=PLANE('',#9919);
#8948=PLANE('',#9920);
#8949=PLANE('',#9927);
#8950=PLANE('',#9934);
#8951=PLANE('',#9935);
#8952=PLANE('',#9936);
#8953=PLANE('',#9943);
#8954=PLANE('',#9950);
#8955=PLANE('',#9951);
#8956=PLANE('',#9952);
#8957=PLANE('',#9959);
#8958=PLANE('',#9966);
#8959=PLANE('',#9967);
#8960=PLANE('',#9968);
#8961=PLANE('',#9975);
#8962=PLANE('',#9982);
#8963=PLANE('',#9983);
#8964=PLANE('',#9984);
#8965=PLANE('',#9991);
#8966=PLANE('',#9992);
#8967=PLANE('',#9993);
#8968=PLANE('',#10003);
#8969=PLANE('',#10004);
#8970=PLANE('',#10014);
#8971=PLANE('',#10015);
#8972=PLANE('',#10016);
#8973=PLANE('',#10023);
#8974=PLANE('',#10030);
#8975=PLANE('',#10031);
#8976=PLANE('',#10032);
#8977=PLANE('',#10039);
#8978=PLANE('',#10046);
#8979=PLANE('',#10047);
#8980=PLANE('',#10048);
#8981=PLANE('',#10055);
#8982=PLANE('',#10062);
#8983=PLANE('',#10063);
#8984=PLANE('',#10064);
#8985=PLANE('',#10071);
#8986=PLANE('',#10078);
#8987=PLANE('',#10079);
#8988=PLANE('',#10080);
#8989=PLANE('',#10087);
#8990=PLANE('',#10088);
#8991=PLANE('',#10089);
#8992=PLANE('',#10099);
#8993=PLANE('',#10100);
#8994=PLANE('',#10104);
#8995=PLANE('',#10105);
#8996=PLANE('',#10115);
#8997=PLANE('',#10116);
#8998=PLANE('',#10120);
#8999=PLANE('',#10124);
#9000=PLANE('',#10131);
#9001=PLANE('',#10135);
#9002=PLANE('',#10136);
#9003=PLANE('',#10140);
#9004=PLANE('',#10144);
#9005=PLANE('',#10148);
#9006=PLANE('',#10152);
#9007=PLANE('',#10156);
#9008=PLANE('',#10160);
#9009=PLANE('',#10164);
#9010=PLANE('',#10168);
#9011=PLANE('',#10172);
#9012=PLANE('',#10176);
#9013=PLANE('',#10180);
#9014=PLANE('',#10187);
#9015=PLANE('',#10191);
#9016=PLANE('',#10192);
#9017=PLANE('',#10196);
#9018=PLANE('',#10200);
#9019=PLANE('',#10204);
#9020=PLANE('',#10211);
#9021=PLANE('',#10215);
#9022=PLANE('',#10216);
#9023=PLANE('',#10220);
#9024=PLANE('',#10224);
#9025=PLANE('',#10228);
#9026=PLANE('',#10232);
#9027=PLANE('',#10236);
#9028=PLANE('',#10240);
#9029=PLANE('',#10244);
#9030=PLANE('',#10248);
#9031=PLANE('',#10252);
#9032=PLANE('',#10259);
#9033=PLANE('',#10263);
#9034=PLANE('',#10267);
#9035=PLANE('',#10271);
#9036=PLANE('',#10272);
#9037=PLANE('',#10276);
#9038=PLANE('',#10280);
#9039=PLANE('',#10284);
#9040=PLANE('',#10288);
#9041=PLANE('',#10292);
#9042=PLANE('',#10296);
#9043=PLANE('',#10300);
#9044=PLANE('',#10304);
#9045=PLANE('',#10308);
#9046=PLANE('',#10312);
#9047=PLANE('',#10316);
#9048=PLANE('',#10320);
#9049=PLANE('',#10324);
#9050=PLANE('',#10328);
#9051=PLANE('',#10332);
#9052=PLANE('',#10336);
#9053=PLANE('',#10340);
#9054=PLANE('',#10344);
#9055=PLANE('',#10348);
#9056=PLANE('',#10352);
#9057=PLANE('',#10356);
#9058=PLANE('',#10360);
#9059=PLANE('',#10364);
#9060=PLANE('',#10368);
#9061=PLANE('',#10372);
#9062=PLANE('',#10376);
#9063=PLANE('',#10380);
#9064=PLANE('',#10384);
#9065=PLANE('',#10388);
#9066=PLANE('',#10392);
#9067=PLANE('',#10396);
#9068=PLANE('',#10400);
#9069=PLANE('',#10404);
#9070=PLANE('',#10408);
#9071=PLANE('',#10412);
#9072=PLANE('',#10416);
#9073=PLANE('',#10420);
#9074=PLANE('',#10424);
#9075=PLANE('',#10428);
#9076=PLANE('',#10432);
#9077=PLANE('',#10436);
#9078=PLANE('',#10440);
#9079=PLANE('',#10444);
#9080=PLANE('',#10448);
#9081=PLANE('',#10452);
#9082=PLANE('',#10456);
#9083=PLANE('',#10460);
#9084=PLANE('',#10464);
#9085=PLANE('',#10468);
#9086=PLANE('',#10474);
#9087=PLANE('',#10475);
#9088=PLANE('',#10476);
#9089=PLANE('',#10477);
#9090=PLANE('',#10478);
#9091=PLANE('',#10479);
#9092=PLANE('',#10480);
#9093=PLANE('',#10481);
#9094=PLANE('',#10482);
#9095=PLANE('',#10483);
#9096=PLANE('',#10486);
#9097=PLANE('',#10487);
#9098=PLANE('',#10490);
#9099=PLANE('',#10491);
#9100=PLANE('',#10494);
#9101=PLANE('',#10497);
#9102=PLANE('',#10500);
#9103=PLANE('',#10503);
#9104=ADVANCED_FACE('',(#2269),#8854,.F.);
#9105=ADVANCED_FACE('',(#2270),#2054,.F.);
#9106=ADVANCED_FACE('',(#2271,#37),#8855,.T.);
#9107=ADVANCED_FACE('',(#2272),#2055,.F.);
#9108=ADVANCED_FACE('',(#2273),#8856,.T.);
#9109=ADVANCED_FACE('',(#2274),#8857,.T.);
#9110=ADVANCED_FACE('',(#2275),#8858,.F.);
#9111=ADVANCED_FACE('',(#2276,#38),#8859,.T.);
#9112=ADVANCED_FACE('',(#2277,#39),#2056,.F.);
#9113=ADVANCED_FACE('',(#2278),#2057,.T.);
#9114=ADVANCED_FACE('',(#2279),#8860,.T.);
#9115=ADVANCED_FACE('',(#2280),#2058,.F.);
#9116=ADVANCED_FACE('',(#2281),#8861,.T.);
#9117=ADVANCED_FACE('',(#2282,#40),#8862,.F.);
#9118=ADVANCED_FACE('',(#2283,#41),#2059,.F.);
#9119=ADVANCED_FACE('',(#2284),#15,.T.);
#9120=ADVANCED_FACE('',(#2285),#2060,.F.);
#9121=ADVANCED_FACE('',(#2286),#8863,.T.);
#9122=ADVANCED_FACE('',(#2287),#8864,.T.);
#9123=ADVANCED_FACE('',(#2288),#8865,.F.);
#9124=ADVANCED_FACE('',(#2289),#16,.T.);
#9125=ADVANCED_FACE('',(#2290,#42),#2061,.F.);
#9126=ADVANCED_FACE('',(#2291),#2062,.F.);
#9127=ADVANCED_FACE('',(#2292),#8866,.T.);
#9128=ADVANCED_FACE('',(#2293),#8867,.T.);
#9129=ADVANCED_FACE('',(#2294),#8868,.F.);
#9130=ADVANCED_FACE('',(#2295,#43),#2063,.F.);
#9131=ADVANCED_FACE('',(#2296),#8869,.T.);
#9132=ADVANCED_FACE('',(#2297),#8870,.T.);
#9133=ADVANCED_FACE('',(#2298),#8871,.T.);
#9134=ADVANCED_FACE('',(#2299),#8872,.T.);
#9135=ADVANCED_FACE('',(#2300),#8873,.T.);
#9136=ADVANCED_FACE('',(#2301),#8874,.T.);
#9137=ADVANCED_FACE('',(#2302),#8875,.T.);
#9138=ADVANCED_FACE('',(#2303),#8876,.T.);
#9139=ADVANCED_FACE('',(#2304),#8877,.T.);
#9140=ADVANCED_FACE('',(#2305),#8878,.T.);
#9141=ADVANCED_FACE('',(#2306),#8879,.T.);
#9142=ADVANCED_FACE('',(#2307),#8880,.T.);
#9143=ADVANCED_FACE('',(#2308),#8881,.T.);
#9144=ADVANCED_FACE('',(#2309),#8882,.T.);
#9145=ADVANCED_FACE('',(#2310),#8883,.T.);
#9146=ADVANCED_FACE('',(#2311),#8884,.T.);
#9147=ADVANCED_FACE('',(#2312),#8885,.T.);
#9148=ADVANCED_FACE('',(#2313),#8886,.F.);
#9149=ADVANCED_FACE('',(#2314),#8887,.F.);
#9150=ADVANCED_FACE('',(#2315),#2064,.F.);
#9151=ADVANCED_FACE('',(#2316),#2065,.F.);
#9152=ADVANCED_FACE('',(#2317),#2066,.F.);
#9153=ADVANCED_FACE('',(#2318),#8888,.F.);
#9154=ADVANCED_FACE('',(#2319),#8889,.F.);
#9155=ADVANCED_FACE('',(#2320),#2067,.F.);
#9156=ADVANCED_FACE('',(#2321),#8890,.F.);
#9157=ADVANCED_FACE('',(#2322),#8891,.F.);
#9158=ADVANCED_FACE('',(#2323),#2068,.F.);
#9159=ADVANCED_FACE('',(#2324),#2069,.F.);
#9160=ADVANCED_FACE('',(#2325),#2070,.F.);
#9161=ADVANCED_FACE('',(#2326),#8892,.F.);
#9162=ADVANCED_FACE('',(#2327),#8893,.F.);
#9163=ADVANCED_FACE('',(#2328),#2071,.F.);
#9164=ADVANCED_FACE('',(#2329),#2072,.F.);
#9165=ADVANCED_FACE('',(#2330),#2073,.F.);
#9166=ADVANCED_FACE('',(#2331),#8894,.F.);
#9167=ADVANCED_FACE('',(#2332),#8895,.F.);
#9168=ADVANCED_FACE('',(#2333),#8896,.F.);
#9169=ADVANCED_FACE('',(#2334),#2074,.F.);
#9170=ADVANCED_FACE('',(#2335),#2075,.F.);
#9171=ADVANCED_FACE('',(#2336),#8897,.F.);
#9172=ADVANCED_FACE('',(#2337),#8898,.F.);
#9173=ADVANCED_FACE('',(#2338),#8899,.F.);
#9174=ADVANCED_FACE('',(#2339),#2076,.F.);
#9175=ADVANCED_FACE('',(#2340),#2077,.F.);
#9176=ADVANCED_FACE('',(#2341),#2078,.F.);
#9177=ADVANCED_FACE('',(#2342),#8900,.F.);
#9178=ADVANCED_FACE('',(#2343),#8901,.F.);
#9179=ADVANCED_FACE('',(#2344),#2079,.F.);
#9180=ADVANCED_FACE('',(#2345),#2080,.F.);
#9181=ADVANCED_FACE('',(#2346),#2081,.F.);
#9182=ADVANCED_FACE('',(#2347),#8902,.F.);
#9183=ADVANCED_FACE('',(#2348),#8903,.F.);
#9184=ADVANCED_FACE('',(#2349),#8904,.F.);
#9185=ADVANCED_FACE('',(#2350),#2082,.F.);
#9186=ADVANCED_FACE('',(#2351),#2083,.F.);
#9187=ADVANCED_FACE('',(#2352),#8905,.F.);
#9188=ADVANCED_FACE('',(#2353),#2084,.F.);
#9189=ADVANCED_FACE('',(#2354),#2085,.F.);
#9190=ADVANCED_FACE('',(#2355),#8906,.F.);
#9191=ADVANCED_FACE('',(#2356),#8907,.F.);
#9192=ADVANCED_FACE('',(#2357),#8908,.F.);
#9193=ADVANCED_FACE('',(#2358),#2086,.F.);
#9194=ADVANCED_FACE('',(#2359),#2087,.F.);
#9195=ADVANCED_FACE('',(#2360),#8909,.F.);
#9196=ADVANCED_FACE('',(#2361),#2088,.F.);
#9197=ADVANCED_FACE('',(#2362),#2089,.F.);
#9198=ADVANCED_FACE('',(#2363),#8910,.F.);
#9199=ADVANCED_FACE('',(#2364),#8911,.F.);
#9200=ADVANCED_FACE('',(#2365),#8912,.F.);
#9201=ADVANCED_FACE('',(#2366),#2090,.F.);
#9202=ADVANCED_FACE('',(#2367),#2091,.F.);
#9203=ADVANCED_FACE('',(#2368),#8913,.F.);
#9204=ADVANCED_FACE('',(#2369),#2092,.F.);
#9205=ADVANCED_FACE('',(#2370),#2093,.F.);
#9206=ADVANCED_FACE('',(#2371),#8914,.F.);
#9207=ADVANCED_FACE('',(#2372),#8915,.F.);
#9208=ADVANCED_FACE('',(#2373),#8916,.F.);
#9209=ADVANCED_FACE('',(#2374),#2094,.F.);
#9210=ADVANCED_FACE('',(#2375),#2095,.F.);
#9211=ADVANCED_FACE('',(#2376),#8917,.F.);
#9212=ADVANCED_FACE('',(#2377),#2096,.F.);
#9213=ADVANCED_FACE('',(#2378),#2097,.F.);
#9214=ADVANCED_FACE('',(#2379),#8918,.F.);
#9215=ADVANCED_FACE('',(#2380),#8919,.F.);
#9216=ADVANCED_FACE('',(#2381),#8920,.F.);
#9217=ADVANCED_FACE('',(#2382),#2098,.F.);
#9218=ADVANCED_FACE('',(#2383),#2099,.F.);
#9219=ADVANCED_FACE('',(#2384),#8921,.F.);
#9220=ADVANCED_FACE('',(#2385),#2100,.F.);
#9221=ADVANCED_FACE('',(#2386),#2101,.F.);
#9222=ADVANCED_FACE('',(#2387),#8922,.F.);
#9223=ADVANCED_FACE('',(#2388),#8923,.F.);
#9224=ADVANCED_FACE('',(#2389),#8924,.F.);
#9225=ADVANCED_FACE('',(#2390),#2102,.F.);
#9226=ADVANCED_FACE('',(#2391),#2103,.F.);
#9227=ADVANCED_FACE('',(#2392),#8925,.F.);
#9228=ADVANCED_FACE('',(#2393),#8926,.F.);
#9229=ADVANCED_FACE('',(#2394),#8927,.F.);
#9230=ADVANCED_FACE('',(#2395),#2104,.F.);
#9231=ADVANCED_FACE('',(#2396),#2105,.F.);
#9232=ADVANCED_FACE('',(#2397),#2106,.F.);
#9233=ADVANCED_FACE('',(#2398),#8928,.F.);
#9234=ADVANCED_FACE('',(#2399),#8929,.F.);
#9235=ADVANCED_FACE('',(#2400),#2107,.F.);
#9236=ADVANCED_FACE('',(#2401),#2108,.F.);
#9237=ADVANCED_FACE('',(#2402),#2109,.F.);
#9238=ADVANCED_FACE('',(#2403),#8930,.F.);
#9239=ADVANCED_FACE('',(#2404),#8931,.F.);
#9240=ADVANCED_FACE('',(#2405),#8932,.F.);
#9241=ADVANCED_FACE('',(#2406),#2110,.F.);
#9242=ADVANCED_FACE('',(#2407),#2111,.F.);
#9243=ADVANCED_FACE('',(#2408),#8933,.F.);
#9244=ADVANCED_FACE('',(#2409),#8934,.F.);
#9245=ADVANCED_FACE('',(#2410),#8935,.F.);
#9246=ADVANCED_FACE('',(#2411),#2112,.F.);
#9247=ADVANCED_FACE('',(#2412),#2113,.F.);
#9248=ADVANCED_FACE('',(#2413),#2114,.F.);
#9249=ADVANCED_FACE('',(#2414),#8936,.F.);
#9250=ADVANCED_FACE('',(#2415),#8937,.F.);
#9251=ADVANCED_FACE('',(#2416),#2115,.F.);
#9252=ADVANCED_FACE('',(#2417),#8938,.F.);
#9253=ADVANCED_FACE('',(#2418),#8939,.F.);
#9254=ADVANCED_FACE('',(#2419),#2116,.F.);
#9255=ADVANCED_FACE('',(#2420),#2117,.F.);
#9256=ADVANCED_FACE('',(#2421),#2118,.F.);
#9257=ADVANCED_FACE('',(#2422),#8940,.F.);
#9258=ADVANCED_FACE('',(#2423),#8941,.F.);
#9259=ADVANCED_FACE('',(#2424),#2119,.F.);
#9260=ADVANCED_FACE('',(#2425),#8942,.F.);
#9261=ADVANCED_FACE('',(#2426),#8943,.F.);
#9262=ADVANCED_FACE('',(#2427),#2120,.F.);
#9263=ADVANCED_FACE('',(#2428),#2121,.F.);
#9264=ADVANCED_FACE('',(#2429),#2122,.F.);
#9265=ADVANCED_FACE('',(#2430),#8944,.F.);
#9266=ADVANCED_FACE('',(#2431),#8945,.F.);
#9267=ADVANCED_FACE('',(#2432),#2123,.F.);
#9268=ADVANCED_FACE('',(#2433),#2124,.F.);
#9269=ADVANCED_FACE('',(#2434),#2125,.F.);
#9270=ADVANCED_FACE('',(#2435),#8946,.F.);
#9271=ADVANCED_FACE('',(#2436),#8947,.F.);
#9272=ADVANCED_FACE('',(#2437),#8948,.F.);
#9273=ADVANCED_FACE('',(#2438),#2126,.F.);
#9274=ADVANCED_FACE('',(#2439),#2127,.F.);
#9275=ADVANCED_FACE('',(#2440),#8949,.F.);
#9276=ADVANCED_FACE('',(#2441),#2128,.F.);
#9277=ADVANCED_FACE('',(#2442),#2129,.F.);
#9278=ADVANCED_FACE('',(#2443),#8950,.F.);
#9279=ADVANCED_FACE('',(#2444),#8951,.F.);
#9280=ADVANCED_FACE('',(#2445),#8952,.F.);
#9281=ADVANCED_FACE('',(#2446),#2130,.F.);
#9282=ADVANCED_FACE('',(#2447),#2131,.F.);
#9283=ADVANCED_FACE('',(#2448),#8953,.F.);
#9284=ADVANCED_FACE('',(#2449),#2132,.F.);
#9285=ADVANCED_FACE('',(#2450),#2133,.F.);
#9286=ADVANCED_FACE('',(#2451),#8954,.F.);
#9287=ADVANCED_FACE('',(#2452),#8955,.F.);
#9288=ADVANCED_FACE('',(#2453),#8956,.F.);
#9289=ADVANCED_FACE('',(#2454),#2134,.F.);
#9290=ADVANCED_FACE('',(#2455),#2135,.F.);
#9291=ADVANCED_FACE('',(#2456),#8957,.F.);
#9292=ADVANCED_FACE('',(#2457),#2136,.F.);
#9293=ADVANCED_FACE('',(#2458),#2137,.F.);
#9294=ADVANCED_FACE('',(#2459),#8958,.F.);
#9295=ADVANCED_FACE('',(#2460),#8959,.F.);
#9296=ADVANCED_FACE('',(#2461),#8960,.F.);
#9297=ADVANCED_FACE('',(#2462),#2138,.F.);
#9298=ADVANCED_FACE('',(#2463),#2139,.F.);
#9299=ADVANCED_FACE('',(#2464),#8961,.F.);
#9300=ADVANCED_FACE('',(#2465),#2140,.F.);
#9301=ADVANCED_FACE('',(#2466),#2141,.F.);
#9302=ADVANCED_FACE('',(#2467),#8962,.F.);
#9303=ADVANCED_FACE('',(#2468),#8963,.F.);
#9304=ADVANCED_FACE('',(#2469),#8964,.F.);
#9305=ADVANCED_FACE('',(#2470),#2142,.F.);
#9306=ADVANCED_FACE('',(#2471),#2143,.F.);
#9307=ADVANCED_FACE('',(#2472),#8965,.F.);
#9308=ADVANCED_FACE('',(#2473),#8966,.F.);
#9309=ADVANCED_FACE('',(#2474),#8967,.F.);
#9310=ADVANCED_FACE('',(#2475),#2144,.F.);
#9311=ADVANCED_FACE('',(#2476),#2145,.F.);
#9312=ADVANCED_FACE('',(#2477),#2146,.F.);
#9313=ADVANCED_FACE('',(#2478),#8968,.F.);
#9314=ADVANCED_FACE('',(#2479),#8969,.F.);
#9315=ADVANCED_FACE('',(#2480),#2147,.F.);
#9316=ADVANCED_FACE('',(#2481),#2148,.F.);
#9317=ADVANCED_FACE('',(#2482),#2149,.F.);
#9318=ADVANCED_FACE('',(#2483),#8970,.F.);
#9319=ADVANCED_FACE('',(#2484),#8971,.F.);
#9320=ADVANCED_FACE('',(#2485),#8972,.F.);
#9321=ADVANCED_FACE('',(#2486),#2150,.F.);
#9322=ADVANCED_FACE('',(#2487),#2151,.F.);
#9323=ADVANCED_FACE('',(#2488),#8973,.F.);
#9324=ADVANCED_FACE('',(#2489),#2152,.F.);
#9325=ADVANCED_FACE('',(#2490),#2153,.F.);
#9326=ADVANCED_FACE('',(#2491),#8974,.F.);
#9327=ADVANCED_FACE('',(#2492),#8975,.F.);
#9328=ADVANCED_FACE('',(#2493),#8976,.F.);
#9329=ADVANCED_FACE('',(#2494),#2154,.F.);
#9330=ADVANCED_FACE('',(#2495),#2155,.F.);
#9331=ADVANCED_FACE('',(#2496),#8977,.F.);
#9332=ADVANCED_FACE('',(#2497),#2156,.F.);
#9333=ADVANCED_FACE('',(#2498),#2157,.F.);
#9334=ADVANCED_FACE('',(#2499),#8978,.F.);
#9335=ADVANCED_FACE('',(#2500),#8979,.F.);
#9336=ADVANCED_FACE('',(#2501),#8980,.F.);
#9337=ADVANCED_FACE('',(#2502),#2158,.F.);
#9338=ADVANCED_FACE('',(#2503),#2159,.F.);
#9339=ADVANCED_FACE('',(#2504),#8981,.F.);
#9340=ADVANCED_FACE('',(#2505),#2160,.F.);
#9341=ADVANCED_FACE('',(#2506),#2161,.F.);
#9342=ADVANCED_FACE('',(#2507),#8982,.F.);
#9343=ADVANCED_FACE('',(#2508),#8983,.F.);
#9344=ADVANCED_FACE('',(#2509),#8984,.F.);
#9345=ADVANCED_FACE('',(#2510),#2162,.F.);
#9346=ADVANCED_FACE('',(#2511),#2163,.F.);
#9347=ADVANCED_FACE('',(#2512),#8985,.F.);
#9348=ADVANCED_FACE('',(#2513),#2164,.F.);
#9349=ADVANCED_FACE('',(#2514),#2165,.F.);
#9350=ADVANCED_FACE('',(#2515),#8986,.F.);
#9351=ADVANCED_FACE('',(#2516),#8987,.F.);
#9352=ADVANCED_FACE('',(#2517),#8988,.F.);
#9353=ADVANCED_FACE('',(#2518),#2166,.F.);
#9354=ADVANCED_FACE('',(#2519),#2167,.F.);
#9355=ADVANCED_FACE('',(#2520),#8989,.F.);
#9356=ADVANCED_FACE('',(#2521),#8990,.F.);
#9357=ADVANCED_FACE('',(#2522),#8991,.F.);
#9358=ADVANCED_FACE('',(#2523),#2168,.F.);
#9359=ADVANCED_FACE('',(#2524),#2169,.F.);
#9360=ADVANCED_FACE('',(#2525),#2170,.F.);
#9361=ADVANCED_FACE('',(#2526),#8992,.F.);
#9362=ADVANCED_FACE('',(#2527),#8993,.F.);
#9363=ADVANCED_FACE('',(#2528),#2171,.F.);
#9364=ADVANCED_FACE('',(#2529),#8994,.F.);
#9365=ADVANCED_FACE('',(#2530),#8995,.F.);
#9366=ADVANCED_FACE('',(#2531),#2172,.F.);
#9367=ADVANCED_FACE('',(#2532),#2173,.F.);
#9368=ADVANCED_FACE('',(#2533),#2174,.F.);
#9369=ADVANCED_FACE('',(#2534),#8996,.F.);
#9370=ADVANCED_FACE('',(#2535),#8997,.F.);
#9371=ADVANCED_FACE('',(#2536),#2175,.F.);
#9372=ADVANCED_FACE('',(#2537),#8998,.F.);
#9373=ADVANCED_FACE('',(#2538),#2176,.F.);
#9374=ADVANCED_FACE('',(#2539),#8999,.F.);
#9375=ADVANCED_FACE('',(#2540),#2177,.F.);
#9376=ADVANCED_FACE('',(#2541),#2178,.F.);
#9377=ADVANCED_FACE('',(#2542),#9000,.F.);
#9378=ADVANCED_FACE('',(#2543),#2179,.F.);
#9379=ADVANCED_FACE('',(#2544),#9001,.F.);
#9380=ADVANCED_FACE('',(#2545),#9002,.F.);
#9381=ADVANCED_FACE('',(#2546),#2180,.F.);
#9382=ADVANCED_FACE('',(#2547),#9003,.F.);
#9383=ADVANCED_FACE('',(#2548),#2181,.F.);
#9384=ADVANCED_FACE('',(#2549),#9004,.F.);
#9385=ADVANCED_FACE('',(#2550),#2182,.F.);
#9386=ADVANCED_FACE('',(#2551),#9005,.F.);
#9387=ADVANCED_FACE('',(#2552),#2183,.F.);
#9388=ADVANCED_FACE('',(#2553),#9006,.F.);
#9389=ADVANCED_FACE('',(#2554),#2184,.F.);
#9390=ADVANCED_FACE('',(#2555),#9007,.F.);
#9391=ADVANCED_FACE('',(#2556),#2185,.F.);
#9392=ADVANCED_FACE('',(#2557),#9008,.F.);
#9393=ADVANCED_FACE('',(#2558),#2186,.F.);
#9394=ADVANCED_FACE('',(#2559),#9009,.F.);
#9395=ADVANCED_FACE('',(#2560),#2187,.F.);
#9396=ADVANCED_FACE('',(#2561),#9010,.F.);
#9397=ADVANCED_FACE('',(#2562),#2188,.F.);
#9398=ADVANCED_FACE('',(#2563),#9011,.F.);
#9399=ADVANCED_FACE('',(#2564),#2189,.F.);
#9400=ADVANCED_FACE('',(#2565),#9012,.F.);
#9401=ADVANCED_FACE('',(#2566),#2190,.F.);
#9402=ADVANCED_FACE('',(#2567),#9013,.F.);
#9403=ADVANCED_FACE('',(#2568),#2191,.F.);
#9404=ADVANCED_FACE('',(#2569),#2192,.F.);
#9405=ADVANCED_FACE('',(#2570),#9014,.F.);
#9406=ADVANCED_FACE('',(#2571),#2193,.F.);
#9407=ADVANCED_FACE('',(#2572),#9015,.F.);
#9408=ADVANCED_FACE('',(#2573),#9016,.F.);
#9409=ADVANCED_FACE('',(#2574),#2194,.F.);
#9410=ADVANCED_FACE('',(#2575),#9017,.F.);
#9411=ADVANCED_FACE('',(#2576),#2195,.F.);
#9412=ADVANCED_FACE('',(#2577),#9018,.F.);
#9413=ADVANCED_FACE('',(#2578),#2196,.F.);
#9414=ADVANCED_FACE('',(#2579),#9019,.F.);
#9415=ADVANCED_FACE('',(#2580),#2197,.F.);
#9416=ADVANCED_FACE('',(#2581),#2198,.F.);
#9417=ADVANCED_FACE('',(#2582),#9020,.F.);
#9418=ADVANCED_FACE('',(#2583),#2199,.F.);
#9419=ADVANCED_FACE('',(#2584),#9021,.F.);
#9420=ADVANCED_FACE('',(#2585),#9022,.F.);
#9421=ADVANCED_FACE('',(#2586),#2200,.F.);
#9422=ADVANCED_FACE('',(#2587),#9023,.F.);
#9423=ADVANCED_FACE('',(#2588),#2201,.F.);
#9424=ADVANCED_FACE('',(#2589),#9024,.F.);
#9425=ADVANCED_FACE('',(#2590),#2202,.F.);
#9426=ADVANCED_FACE('',(#2591),#9025,.F.);
#9427=ADVANCED_FACE('',(#2592),#2203,.F.);
#9428=ADVANCED_FACE('',(#2593),#9026,.F.);
#9429=ADVANCED_FACE('',(#2594),#2204,.F.);
#9430=ADVANCED_FACE('',(#2595),#9027,.F.);
#9431=ADVANCED_FACE('',(#2596),#2205,.F.);
#9432=ADVANCED_FACE('',(#2597),#9028,.F.);
#9433=ADVANCED_FACE('',(#2598),#2206,.F.);
#9434=ADVANCED_FACE('',(#2599),#9029,.F.);
#9435=ADVANCED_FACE('',(#2600),#2207,.F.);
#9436=ADVANCED_FACE('',(#2601),#9030,.F.);
#9437=ADVANCED_FACE('',(#2602),#2208,.F.);
#9438=ADVANCED_FACE('',(#2603),#9031,.F.);
#9439=ADVANCED_FACE('',(#2604),#2209,.F.);
#9440=ADVANCED_FACE('',(#2605),#2210,.F.);
#9441=ADVANCED_FACE('',(#2606),#9032,.F.);
#9442=ADVANCED_FACE('',(#2607),#2211,.F.);
#9443=ADVANCED_FACE('',(#2608),#9033,.F.);
#9444=ADVANCED_FACE('',(#2609),#2212,.F.);
#9445=ADVANCED_FACE('',(#2610),#9034,.F.);
#9446=ADVANCED_FACE('',(#2611),#2213,.F.);
#9447=ADVANCED_FACE('',(#2612),#9035,.F.);
#9448=ADVANCED_FACE('',(#2613),#9036,.F.);
#9449=ADVANCED_FACE('',(#2614),#2214,.F.);
#9450=ADVANCED_FACE('',(#2615),#9037,.F.);
#9451=ADVANCED_FACE('',(#2616),#2215,.F.);
#9452=ADVANCED_FACE('',(#2617),#9038,.F.);
#9453=ADVANCED_FACE('',(#2618),#2216,.F.);
#9454=ADVANCED_FACE('',(#2619),#9039,.F.);
#9455=ADVANCED_FACE('',(#2620),#2217,.F.);
#9456=ADVANCED_FACE('',(#2621),#9040,.F.);
#9457=ADVANCED_FACE('',(#2622),#2218,.F.);
#9458=ADVANCED_FACE('',(#2623),#9041,.F.);
#9459=ADVANCED_FACE('',(#2624),#2219,.F.);
#9460=ADVANCED_FACE('',(#2625),#9042,.F.);
#9461=ADVANCED_FACE('',(#2626),#2220,.F.);
#9462=ADVANCED_FACE('',(#2627),#9043,.F.);
#9463=ADVANCED_FACE('',(#2628),#2221,.F.);
#9464=ADVANCED_FACE('',(#2629),#9044,.F.);
#9465=ADVANCED_FACE('',(#2630),#2222,.F.);
#9466=ADVANCED_FACE('',(#2631),#9045,.F.);
#9467=ADVANCED_FACE('',(#2632),#2223,.F.);
#9468=ADVANCED_FACE('',(#2633),#9046,.F.);
#9469=ADVANCED_FACE('',(#2634),#2224,.F.);
#9470=ADVANCED_FACE('',(#2635),#9047,.F.);
#9471=ADVANCED_FACE('',(#2636),#2225,.F.);
#9472=ADVANCED_FACE('',(#2637),#9048,.F.);
#9473=ADVANCED_FACE('',(#2638),#2226,.F.);
#9474=ADVANCED_FACE('',(#2639),#9049,.F.);
#9475=ADVANCED_FACE('',(#2640),#2227,.F.);
#9476=ADVANCED_FACE('',(#2641),#9050,.F.);
#9477=ADVANCED_FACE('',(#2642),#2228,.F.);
#9478=ADVANCED_FACE('',(#2643),#9051,.F.);
#9479=ADVANCED_FACE('',(#2644),#2229,.F.);
#9480=ADVANCED_FACE('',(#2645),#9052,.F.);
#9481=ADVANCED_FACE('',(#2646),#2230,.F.);
#9482=ADVANCED_FACE('',(#2647),#9053,.F.);
#9483=ADVANCED_FACE('',(#2648),#2231,.F.);
#9484=ADVANCED_FACE('',(#2649),#9054,.F.);
#9485=ADVANCED_FACE('',(#2650),#2232,.F.);
#9486=ADVANCED_FACE('',(#2651),#9055,.F.);
#9487=ADVANCED_FACE('',(#2652),#2233,.F.);
#9488=ADVANCED_FACE('',(#2653),#9056,.F.);
#9489=ADVANCED_FACE('',(#2654),#2234,.F.);
#9490=ADVANCED_FACE('',(#2655),#9057,.F.);
#9491=ADVANCED_FACE('',(#2656),#2235,.F.);
#9492=ADVANCED_FACE('',(#2657),#9058,.F.);
#9493=ADVANCED_FACE('',(#2658),#2236,.F.);
#9494=ADVANCED_FACE('',(#2659),#9059,.F.);
#9495=ADVANCED_FACE('',(#2660),#2237,.F.);
#9496=ADVANCED_FACE('',(#2661),#9060,.F.);
#9497=ADVANCED_FACE('',(#2662),#2238,.F.);
#9498=ADVANCED_FACE('',(#2663),#9061,.F.);
#9499=ADVANCED_FACE('',(#2664),#2239,.F.);
#9500=ADVANCED_FACE('',(#2665),#9062,.F.);
#9501=ADVANCED_FACE('',(#2666),#2240,.F.);
#9502=ADVANCED_FACE('',(#2667),#9063,.F.);
#9503=ADVANCED_FACE('',(#2668),#2241,.F.);
#9504=ADVANCED_FACE('',(#2669),#9064,.F.);
#9505=ADVANCED_FACE('',(#2670),#2242,.F.);
#9506=ADVANCED_FACE('',(#2671),#9065,.F.);
#9507=ADVANCED_FACE('',(#2672),#2243,.F.);
#9508=ADVANCED_FACE('',(#2673),#9066,.F.);
#9509=ADVANCED_FACE('',(#2674),#2244,.F.);
#9510=ADVANCED_FACE('',(#2675),#9067,.F.);
#9511=ADVANCED_FACE('',(#2676),#2245,.F.);
#9512=ADVANCED_FACE('',(#2677),#9068,.F.);
#9513=ADVANCED_FACE('',(#2678),#2246,.F.);
#9514=ADVANCED_FACE('',(#2679),#9069,.F.);
#9515=ADVANCED_FACE('',(#2680),#2247,.F.);
#9516=ADVANCED_FACE('',(#2681),#9070,.F.);
#9517=ADVANCED_FACE('',(#2682),#2248,.F.);
#9518=ADVANCED_FACE('',(#2683),#9071,.F.);
#9519=ADVANCED_FACE('',(#2684),#2249,.F.);
#9520=ADVANCED_FACE('',(#2685),#9072,.F.);
#9521=ADVANCED_FACE('',(#2686),#2250,.F.);
#9522=ADVANCED_FACE('',(#2687),#9073,.F.);
#9523=ADVANCED_FACE('',(#2688),#2251,.F.);
#9524=ADVANCED_FACE('',(#2689),#9074,.F.);
#9525=ADVANCED_FACE('',(#2690),#2252,.F.);
#9526=ADVANCED_FACE('',(#2691),#9075,.F.);
#9527=ADVANCED_FACE('',(#2692),#2253,.F.);
#9528=ADVANCED_FACE('',(#2693),#9076,.F.);
#9529=ADVANCED_FACE('',(#2694),#2254,.F.);
#9530=ADVANCED_FACE('',(#2695),#9077,.F.);
#9531=ADVANCED_FACE('',(#2696),#2255,.F.);
#9532=ADVANCED_FACE('',(#2697),#9078,.F.);
#9533=ADVANCED_FACE('',(#2698),#2256,.F.);
#9534=ADVANCED_FACE('',(#2699),#9079,.F.);
#9535=ADVANCED_FACE('',(#2700),#2257,.F.);
#9536=ADVANCED_FACE('',(#2701),#9080,.F.);
#9537=ADVANCED_FACE('',(#2702),#2258,.F.);
#9538=ADVANCED_FACE('',(#2703),#9081,.F.);
#9539=ADVANCED_FACE('',(#2704),#2259,.F.);
#9540=ADVANCED_FACE('',(#2705),#9082,.F.);
#9541=ADVANCED_FACE('',(#2706),#2260,.F.);
#9542=ADVANCED_FACE('',(#2707),#9083,.F.);
#9543=ADVANCED_FACE('',(#2708),#2261,.F.);
#9544=ADVANCED_FACE('',(#2709),#9084,.F.);
#9545=ADVANCED_FACE('',(#2710),#2262,.F.);
#9546=ADVANCED_FACE('',(#2711),#9085,.F.);
#9547=ADVANCED_FACE('',(#2712),#2263,.F.);
#9548=ADVANCED_FACE('',(#2713),#2264,.F.);
#9549=ADVANCED_FACE('',(#2714),#9086,.F.);
#9550=ADVANCED_FACE('',(#2715),#9087,.F.);
#9551=ADVANCED_FACE('',(#2716),#9088,.F.);
#9552=ADVANCED_FACE('',(#2717),#9089,.F.);
#9553=ADVANCED_FACE('',(#2718,#44,#45,#46,#47,#48,#49,#50,#51,#52,#53,#54,
#55,#56,#57,#58,#59,#60,#61,#62,#63,#64,#65,#66,#67,#68,#69,#70,#71),#9090,
 .F.);
#9554=ADVANCED_FACE('',(#2719,#72,#73,#74,#75,#76,#77,#78,#79,#80,#81,#82,
#83,#84,#85,#86,#87,#88,#89,#90,#91),#9091,.F.);
#9555=ADVANCED_FACE('',(#2720,#92),#9092,.F.);
#9556=ADVANCED_FACE('',(#2721,#93,#94,#95,#96,#97,#98,#99,#100,#101,#102,
#103,#104,#105,#106,#107,#108,#109,#110,#111,#112,#113,#114,#115,#116,#117,
#118,#119,#120),#9093,.F.);
#9557=ADVANCED_FACE('',(#2722,#121,#122,#123,#124,#125,#126,#127,#128,#129,
#130,#131,#132,#133,#134,#135,#136,#137,#138,#139,#140,#141,#142,#143,#144),
#9094,.F.);
#9558=ADVANCED_FACE('',(#2723),#9095,.T.);
#9559=ADVANCED_FACE('',(#2724),#17,.T.);
#9560=ADVANCED_FACE('',(#2725),#9096,.T.);
#9561=ADVANCED_FACE('',(#2726),#9097,.T.);
#9562=ADVANCED_FACE('',(#2727),#18,.T.);
#9563=ADVANCED_FACE('',(#2728),#9098,.T.);
#9564=ADVANCED_FACE('',(#2729,#145,#146,#147,#148,#149,#150,#151,#152,#153,
#154,#155,#156,#157,#158,#159,#160,#161,#162,#163,#164,#165,#166,#167,#168,
#169,#170,#171,#172),#9099,.T.);
#9565=ADVANCED_FACE('',(#2730),#2265,.T.);
#9566=ADVANCED_FACE('',(#2731,#173,#174,#175,#176,#177,#178,#179,#180,#181,
#182,#183,#184,#185,#186,#187,#188,#189,#190,#191,#192),#9100,.T.);
#9567=ADVANCED_FACE('',(#2732),#2266,.T.);
#9568=ADVANCED_FACE('',(#2733,#193,#194,#195,#196,#197,#198,#199,#200,#201,
#202,#203,#204,#205,#206,#207,#208,#209,#210,#211,#212,#213,#214,#215,#216,
#217,#218,#219,#220),#9101,.T.);
#9569=ADVANCED_FACE('',(#2734),#2267,.T.);
#9570=ADVANCED_FACE('',(#2735,#221,#222,#223,#224,#225,#226,#227,#228,#229,
#230,#231,#232,#233,#234,#235,#236,#237,#238,#239,#240,#241,#242,#243,#244),
#9102,.T.);
#9571=ADVANCED_FACE('',(#2736),#2268,.T.);
#9572=ADVANCED_FACE('',(#2737,#245),#9103,.F.);
#9573=CLOSED_SHELL('',(#9104,#9105,#9106,#9107,#9108,#9109,#9110,#9111,
#9112,#9113,#9114,#9115,#9116,#9117,#9118,#9119,#9120,#9121,#9122,#9123,
#9124,#9125,#9126,#9127,#9128,#9129,#9130,#9131,#9132,#9133,#9134,#9135,
#9136,#9137,#9138,#9139,#9140,#9141,#9142,#9143,#9144,#9145,#9146,#9147,
#9148,#9149,#9150,#9151,#9152,#9153,#9154,#9155,#9156,#9157,#9158,#9159,
#9160,#9161,#9162,#9163,#9164,#9165,#9166,#9167,#9168,#9169,#9170,#9171,
#9172,#9173,#9174,#9175,#9176,#9177,#9178,#9179,#9180,#9181,#9182,#9183,
#9184,#9185,#9186,#9187,#9188,#9189,#9190,#9191,#9192,#9193,#9194,#9195,
#9196,#9197,#9198,#9199,#9200,#9201,#9202,#9203,#9204,#9205,#9206,#9207,
#9208,#9209,#9210,#9211,#9212,#9213,#9214,#9215,#9216,#9217,#9218,#9219,
#9220,#9221,#9222,#9223,#9224,#9225,#9226,#9227,#9228,#9229,#9230,#9231,
#9232,#9233,#9234,#9235,#9236,#9237,#9238,#9239,#9240,#9241,#9242,#9243,
#9244,#9245,#9246,#9247,#9248,#9249,#9250,#9251,#9252,#9253,#9254,#9255,
#9256,#9257,#9258,#9259,#9260,#9261,#9262,#9263,#9264,#9265,#9266,#9267,
#9268,#9269,#9270,#9271,#9272,#9273,#9274,#9275,#9276,#9277,#9278,#9279,
#9280,#9281,#9282,#9283,#9284,#9285,#9286,#9287,#9288,#9289,#9290,#9291,
#9292,#9293,#9294,#9295,#9296,#9297,#9298,#9299,#9300,#9301,#9302,#9303,
#9304,#9305,#9306,#9307,#9308,#9309,#9310,#9311,#9312,#9313,#9314,#9315,
#9316,#9317,#9318,#9319,#9320,#9321,#9322,#9323,#9324,#9325,#9326,#9327,
#9328,#9329,#9330,#9331,#9332,#9333,#9334,#9335,#9336,#9337,#9338,#9339,
#9340,#9341,#9342,#9343,#9344,#9345,#9346,#9347,#9348,#9349,#9350,#9351,
#9352,#9353,#9354,#9355,#9356,#9357,#9358,#9359,#9360,#9361,#9362,#9363,
#9364,#9365,#9366,#9367,#9368,#9369,#9370,#9371,#9372,#9373,#9374,#9375,
#9376,#9377,#9378,#9379,#9380,#9381,#9382,#9383,#9384,#9385,#9386,#9387,
#9388,#9389,#9390,#9391,#9392,#9393,#9394,#9395,#9396,#9397,#9398,#9399,
#9400,#9401,#9402,#9403,#9404,#9405,#9406,#9407,#9408,#9409,#9410,#9411,
#9412,#9413,#9414,#9415,#9416,#9417,#9418,#9419,#9420,#9421,#9422,#9423,
#9424,#9425,#9426,#9427,#9428,#9429,#9430,#9431,#9432,#9433,#9434,#9435,
#9436,#9437,#9438,#9439,#9440,#9441,#9442,#9443,#9444,#9445,#9446,#9447,
#9448,#9449,#9450,#9451,#9452,#9453,#9454,#9455,#9456,#9457,#9458,#9459,
#9460,#9461,#9462,#9463,#9464,#9465,#9466,#9467,#9468,#9469,#9470,#9471,
#9472,#9473,#9474,#9475,#9476,#9477,#9478,#9479,#9480,#9481,#9482,#9483,
#9484,#9485,#9486,#9487,#9488,#9489,#9490,#9491,#9492,#9493,#9494,#9495,
#9496,#9497,#9498,#9499,#9500,#9501,#9502,#9503,#9504,#9505,#9506,#9507,
#9508,#9509,#9510,#9511,#9512,#9513,#9514,#9515,#9516,#9517,#9518,#9519,
#9520,#9521,#9522,#9523,#9524,#9525,#9526,#9527,#9528,#9529,#9530,#9531,
#9532,#9533,#9534,#9535,#9536,#9537,#9538,#9539,#9540,#9541,#9542,#9543,
#9544,#9545,#9546,#9547,#9548,#9549,#9550,#9551,#9552,#9553,#9554,#9555,
#9556,#9557,#9558,#9559,#9560,#9561,#9562,#9563,#9564,#9565,#9566,#9567,
#9568,#9569,#9570,#9571,#9572));
#9574=AXIS2_PLACEMENT_3D('',#13268,#10504,#10505);
#9575=AXIS2_PLACEMENT_3D('',#13269,#10506,#10507);
#9576=AXIS2_PLACEMENT_3D('',#13271,#10508,#10509);
#9577=AXIS2_PLACEMENT_3D('',#13272,#10510,#10511);
#9578=AXIS2_PLACEMENT_3D('',#13274,#10512,#10513);
#9579=AXIS2_PLACEMENT_3D('',#13277,#10515,#10516);
#9580=AXIS2_PLACEMENT_3D('',#13278,#10517,#10518);
#9581=AXIS2_PLACEMENT_3D('',#13280,#10519,#10520);
#9582=AXIS2_PLACEMENT_3D('',#13281,#10521,#10522);
#9583=AXIS2_PLACEMENT_3D('',#13284,#10523,#10524);
#9584=AXIS2_PLACEMENT_3D('',#13288,#10526,#10527);
#9585=AXIS2_PLACEMENT_3D('',#13290,#10529,#10530);
#9586=AXIS2_PLACEMENT_3D('',#13298,#10535,#10536);
#9587=AXIS2_PLACEMENT_3D('',#13306,#10541,#10542);
#9588=AXIS2_PLACEMENT_3D('',#13307,#10543,#10544);
#9589=AXIS2_PLACEMENT_3D('',#13308,#10545,#10546);
#9590=AXIS2_PLACEMENT_3D('',#13311,#10547,#10548);
#9591=AXIS2_PLACEMENT_3D('',#13315,#10550,#10551);
#9592=AXIS2_PLACEMENT_3D('',#13319,#10553,#10554);
#9593=AXIS2_PLACEMENT_3D('',#13323,#10556,#10557);
#9594=AXIS2_PLACEMENT_3D('',#13326,#10559,#10560);
#9595=AXIS2_PLACEMENT_3D('',#13327,#10561,#10562);
#9596=AXIS2_PLACEMENT_3D('',#13331,#10564,#10565);
#9597=AXIS2_PLACEMENT_3D('',#13335,#10567,#10568);
#9598=AXIS2_PLACEMENT_3D('',#13337,#10569,#10570);
#9599=AXIS2_PLACEMENT_3D('',#13339,#10571,#10572);
#9600=AXIS2_PLACEMENT_3D('',#13341,#10573,#10574);
#9601=AXIS2_PLACEMENT_3D('',#13343,#10575,#10576);
#9602=AXIS2_PLACEMENT_3D('',#13344,#10577,#10578);
#9603=AXIS2_PLACEMENT_3D('',#13345,#10579,#10580);
#9604=AXIS2_PLACEMENT_3D('',#13348,#10581,#10582);
#9605=AXIS2_PLACEMENT_3D('',#13350,#10583,#10584);
#9606=AXIS2_PLACEMENT_3D('',#13352,#10585,#10586);
#9607=AXIS2_PLACEMENT_3D('',#13356,#10588,#10589);
#9608=AXIS2_PLACEMENT_3D('',#13358,#10591,#10592);
#9609=AXIS2_PLACEMENT_3D('',#13364,#10596,#10597);
#9610=AXIS2_PLACEMENT_3D('',#13366,#10599,#10600);
#9611=AXIS2_PLACEMENT_3D('',#13372,#10604,#10605);
#9612=AXIS2_PLACEMENT_3D('',#13373,#10606,#10607);
#9613=AXIS2_PLACEMENT_3D('',#13374,#10608,#10609);
#9614=AXIS2_PLACEMENT_3D('',#13378,#10611,#10612);
#9615=AXIS2_PLACEMENT_3D('',#13382,#10614,#10615);
#9616=AXIS2_PLACEMENT_3D('',#13384,#10616,#10617);
#9617=AXIS2_PLACEMENT_3D('',#13386,#10618,#10619);
#9618=AXIS2_PLACEMENT_3D('',#13388,#10620,#10621);
#9619=AXIS2_PLACEMENT_3D('',#13390,#10622,#10623);
#9620=AXIS2_PLACEMENT_3D('',#13393,#10625,#10626);
#9621=AXIS2_PLACEMENT_3D('',#13394,#10627,#10628);
#9622=AXIS2_PLACEMENT_3D('',#13398,#10630,#10631);
#9623=AXIS2_PLACEMENT_3D('',#13400,#10633,#10634);
#9624=AXIS2_PLACEMENT_3D('',#13403,#10635,#10636);
#9625=AXIS2_PLACEMENT_3D('',#13407,#10638,#10639);
#9626=AXIS2_PLACEMENT_3D('',#13409,#10641,#10642);
#9627=AXIS2_PLACEMENT_3D('',#13417,#10647,#10648);
#9628=AXIS2_PLACEMENT_3D('',#13425,#10653,#10654);
#9629=AXIS2_PLACEMENT_3D('',#13426,#10655,#10656);
#9630=AXIS2_PLACEMENT_3D('',#13427,#10657,#10658);
#9631=AXIS2_PLACEMENT_3D('',#13431,#10660,#10661);
#9632=AXIS2_PLACEMENT_3D('',#13433,#10663,#10664);
#9633=AXIS2_PLACEMENT_3D('',#13437,#10666,#10667);
#9634=AXIS2_PLACEMENT_3D('',#13441,#10669,#10670);
#9635=AXIS2_PLACEMENT_3D('',#13443,#10671,#10672);
#9636=AXIS2_PLACEMENT_3D('',#13445,#10673,#10674);
#9637=AXIS2_PLACEMENT_3D('',#13447,#10675,#10676);
#9638=AXIS2_PLACEMENT_3D('',#13449,#10677,#10678);
#9639=AXIS2_PLACEMENT_3D('',#13450,#10679,#10680);
#9640=AXIS2_PLACEMENT_3D('',#13451,#10681,#10682);
#9641=AXIS2_PLACEMENT_3D('',#13454,#10683,#10684);
#9642=AXIS2_PLACEMENT_3D('',#13458,#10686,#10687);
#9643=AXIS2_PLACEMENT_3D('',#13460,#10689,#10690);
#9644=AXIS2_PLACEMENT_3D('',#13468,#10695,#10696);
#9645=AXIS2_PLACEMENT_3D('',#13476,#10701,#10702);
#9646=AXIS2_PLACEMENT_3D('',#13477,#10703,#10704);
#9647=AXIS2_PLACEMENT_3D('',#13478,#10705,#10706);
#9648=AXIS2_PLACEMENT_3D('',#13482,#10708,#10709);
#9649=AXIS2_PLACEMENT_3D('',#13486,#10711,#10712);
#9650=AXIS2_PLACEMENT_3D('',#13488,#10713,#10714);
#9651=AXIS2_PLACEMENT_3D('',#13490,#10715,#10716);
#9652=AXIS2_PLACEMENT_3D('',#13492,#10717,#10718);
#9653=AXIS2_PLACEMENT_3D('',#13494,#10719,#10720);
#9654=AXIS2_PLACEMENT_3D('',#13495,#10721,#10722);
#9655=AXIS2_PLACEMENT_3D('',#13496,#10723,#10724);
#9656=AXIS2_PLACEMENT_3D('',#13499,#10727,#10728);
#9657=AXIS2_PLACEMENT_3D('',#13500,#10729,#10730);
#9658=AXIS2_PLACEMENT_3D('',#13502,#10732,#10733);
#9659=AXIS2_PLACEMENT_3D('',#13503,#10734,#10735);
#9660=AXIS2_PLACEMENT_3D('',#13506,#10738,#10739);
#9661=AXIS2_PLACEMENT_3D('',#13508,#10741,#10742);
#9662=AXIS2_PLACEMENT_3D('',#13513,#10746,#10747);
#9663=AXIS2_PLACEMENT_3D('',#13515,#10749,#10750);
#9664=AXIS2_PLACEMENT_3D('',#13517,#10752,#10753);
#9665=AXIS2_PLACEMENT_3D('',#13520,#10756,#10757);
#9666=AXIS2_PLACEMENT_3D('',#13522,#10759,#10760);
#9667=AXIS2_PLACEMENT_3D('',#13523,#10761,#10762);
#9668=AXIS2_PLACEMENT_3D('',#13524,#10763,#10764);
#9669=AXIS2_PLACEMENT_3D('',#13525,#10765,#10766);
#9670=AXIS2_PLACEMENT_3D('',#13526,#10767,#10768);
#9671=AXIS2_PLACEMENT_3D('',#13527,#10769,#10770);
#9672=AXIS2_PLACEMENT_3D('',#13528,#10771,#10772);
#9673=AXIS2_PLACEMENT_3D('',#13537,#10777,#10778);
#9674=AXIS2_PLACEMENT_3D('',#13546,#10783,#10784);
#9675=AXIS2_PLACEMENT_3D('',#13548,#10785,#10786);
#9676=AXIS2_PLACEMENT_3D('',#13551,#10788,#10789);
#9677=AXIS2_PLACEMENT_3D('',#13552,#10790,#10791);
#9678=AXIS2_PLACEMENT_3D('',#13554,#10792,#10793);
#9679=AXIS2_PLACEMENT_3D('',#13556,#10794,#10795);
#9680=AXIS2_PLACEMENT_3D('',#13558,#10797,#10798);
#9681=AXIS2_PLACEMENT_3D('',#13560,#10799,#10800);
#9682=AXIS2_PLACEMENT_3D('',#13562,#10801,#10802);
#9683=AXIS2_PLACEMENT_3D('',#13564,#10804,#10805);
#9684=AXIS2_PLACEMENT_3D('',#13567,#10808,#10809);
#9685=AXIS2_PLACEMENT_3D('',#13573,#10813,#10814);
#9686=AXIS2_PLACEMENT_3D('',#13574,#10815,#10816);
#9687=AXIS2_PLACEMENT_3D('',#13575,#10817,#10818);
#9688=AXIS2_PLACEMENT_3D('',#13576,#10819,#10820);
#9689=AXIS2_PLACEMENT_3D('',#13585,#10825,#10826);
#9690=AXIS2_PLACEMENT_3D('',#13594,#10831,#10832);
#9691=AXIS2_PLACEMENT_3D('',#13596,#10833,#10834);
#9692=AXIS2_PLACEMENT_3D('',#13599,#10836,#10837);
#9693=AXIS2_PLACEMENT_3D('',#13600,#10838,#10839);
#9694=AXIS2_PLACEMENT_3D('',#13602,#10840,#10841);
#9695=AXIS2_PLACEMENT_3D('',#13604,#10842,#10843);
#9696=AXIS2_PLACEMENT_3D('',#13606,#10845,#10846);
#9697=AXIS2_PLACEMENT_3D('',#13608,#10847,#10848);
#9698=AXIS2_PLACEMENT_3D('',#13610,#10849,#10850);
#9699=AXIS2_PLACEMENT_3D('',#13612,#10852,#10853);
#9700=AXIS2_PLACEMENT_3D('',#13615,#10856,#10857);
#9701=AXIS2_PLACEMENT_3D('',#13621,#10861,#10862);
#9702=AXIS2_PLACEMENT_3D('',#13622,#10863,#10864);
#9703=AXIS2_PLACEMENT_3D('',#13623,#10865,#10866);
#9704=AXIS2_PLACEMENT_3D('',#13624,#10867,#10868);
#9705=AXIS2_PLACEMENT_3D('',#13627,#10869,#10870);
#9706=AXIS2_PLACEMENT_3D('',#13631,#10872,#10873);
#9707=AXIS2_PLACEMENT_3D('',#13633,#10875,#10876);
#9708=AXIS2_PLACEMENT_3D('',#13636,#10877,#10878);
#9709=AXIS2_PLACEMENT_3D('',#13640,#10880,#10881);
#9710=AXIS2_PLACEMENT_3D('',#13642,#10883,#10884);
#9711=AXIS2_PLACEMENT_3D('',#13648,#10888,#10889);
#9712=AXIS2_PLACEMENT_3D('',#13654,#10893,#10894);
#9713=AXIS2_PLACEMENT_3D('',#13660,#10898,#10899);
#9714=AXIS2_PLACEMENT_3D('',#13661,#10900,#10901);
#9715=AXIS2_PLACEMENT_3D('',#13662,#10902,#10903);
#9716=AXIS2_PLACEMENT_3D('',#13663,#10904,#10905);
#9717=AXIS2_PLACEMENT_3D('',#13665,#10906,#10907);
#9718=AXIS2_PLACEMENT_3D('',#13667,#10908,#10909);
#9719=AXIS2_PLACEMENT_3D('',#13669,#10911,#10912);
#9720=AXIS2_PLACEMENT_3D('',#13672,#10915,#10916);
#9721=AXIS2_PLACEMENT_3D('',#13681,#10921,#10922);
#9722=AXIS2_PLACEMENT_3D('',#13690,#10927,#10928);
#9723=AXIS2_PLACEMENT_3D('',#13692,#10929,#10930);
#9724=AXIS2_PLACEMENT_3D('',#13695,#10932,#10933);
#9725=AXIS2_PLACEMENT_3D('',#13696,#10934,#10935);
#9726=AXIS2_PLACEMENT_3D('',#13698,#10936,#10937);
#9727=AXIS2_PLACEMENT_3D('',#13700,#10938,#10939);
#9728=AXIS2_PLACEMENT_3D('',#13702,#10941,#10942);
#9729=AXIS2_PLACEMENT_3D('',#13704,#10943,#10944);
#9730=AXIS2_PLACEMENT_3D('',#13706,#10945,#10946);
#9731=AXIS2_PLACEMENT_3D('',#13708,#10948,#10949);
#9732=AXIS2_PLACEMENT_3D('',#13711,#10952,#10953);
#9733=AXIS2_PLACEMENT_3D('',#13717,#10957,#10958);
#9734=AXIS2_PLACEMENT_3D('',#13718,#10959,#10960);
#9735=AXIS2_PLACEMENT_3D('',#13719,#10961,#10962);
#9736=AXIS2_PLACEMENT_3D('',#13720,#10963,#10964);
#9737=AXIS2_PLACEMENT_3D('',#13723,#10965,#10966);
#9738=AXIS2_PLACEMENT_3D('',#13727,#10968,#10969);
#9739=AXIS2_PLACEMENT_3D('',#13729,#10971,#10972);
#9740=AXIS2_PLACEMENT_3D('',#13732,#10973,#10974);
#9741=AXIS2_PLACEMENT_3D('',#13736,#10976,#10977);
#9742=AXIS2_PLACEMENT_3D('',#13738,#10979,#10980);
#9743=AXIS2_PLACEMENT_3D('',#13744,#10984,#10985);
#9744=AXIS2_PLACEMENT_3D('',#13750,#10989,#10990);
#9745=AXIS2_PLACEMENT_3D('',#13756,#10994,#10995);
#9746=AXIS2_PLACEMENT_3D('',#13757,#10996,#10997);
#9747=AXIS2_PLACEMENT_3D('',#13758,#10998,#10999);
#9748=AXIS2_PLACEMENT_3D('',#13759,#11000,#11001);
#9749=AXIS2_PLACEMENT_3D('',#13761,#11002,#11003);
#9750=AXIS2_PLACEMENT_3D('',#13763,#11004,#11005);
#9751=AXIS2_PLACEMENT_3D('',#13765,#11007,#11008);
#9752=AXIS2_PLACEMENT_3D('',#13768,#11011,#11012);
#9753=AXIS2_PLACEMENT_3D('',#13771,#11013,#11014);
#9754=AXIS2_PLACEMENT_3D('',#13775,#11016,#11017);
#9755=AXIS2_PLACEMENT_3D('',#13777,#11019,#11020);
#9756=AXIS2_PLACEMENT_3D('',#13780,#11021,#11022);
#9757=AXIS2_PLACEMENT_3D('',#13784,#11024,#11025);
#9758=AXIS2_PLACEMENT_3D('',#13786,#11027,#11028);
#9759=AXIS2_PLACEMENT_3D('',#13792,#11032,#11033);
#9760=AXIS2_PLACEMENT_3D('',#13798,#11037,#11038);
#9761=AXIS2_PLACEMENT_3D('',#13804,#11042,#11043);
#9762=AXIS2_PLACEMENT_3D('',#13805,#11044,#11045);
#9763=AXIS2_PLACEMENT_3D('',#13806,#11046,#11047);
#9764=AXIS2_PLACEMENT_3D('',#13807,#11048,#11049);
#9765=AXIS2_PLACEMENT_3D('',#13809,#11050,#11051);
#9766=AXIS2_PLACEMENT_3D('',#13811,#11052,#11053);
#9767=AXIS2_PLACEMENT_3D('',#13813,#11055,#11056);
#9768=AXIS2_PLACEMENT_3D('',#13816,#11059,#11060);
#9769=AXIS2_PLACEMENT_3D('',#13819,#11061,#11062);
#9770=AXIS2_PLACEMENT_3D('',#13823,#11064,#11065);
#9771=AXIS2_PLACEMENT_3D('',#13825,#11067,#11068);
#9772=AXIS2_PLACEMENT_3D('',#13828,#11069,#11070);
#9773=AXIS2_PLACEMENT_3D('',#13832,#11072,#11073);
#9774=AXIS2_PLACEMENT_3D('',#13834,#11075,#11076);
#9775=AXIS2_PLACEMENT_3D('',#13840,#11080,#11081);
#9776=AXIS2_PLACEMENT_3D('',#13846,#11085,#11086);
#9777=AXIS2_PLACEMENT_3D('',#13852,#11090,#11091);
#9778=AXIS2_PLACEMENT_3D('',#13853,#11092,#11093);
#9779=AXIS2_PLACEMENT_3D('',#13854,#11094,#11095);
#9780=AXIS2_PLACEMENT_3D('',#13855,#11096,#11097);
#9781=AXIS2_PLACEMENT_3D('',#13857,#11098,#11099);
#9782=AXIS2_PLACEMENT_3D('',#13859,#11100,#11101);
#9783=AXIS2_PLACEMENT_3D('',#13861,#11103,#11104);
#9784=AXIS2_PLACEMENT_3D('',#13864,#11107,#11108);
#9785=AXIS2_PLACEMENT_3D('',#13867,#11109,#11110);
#9786=AXIS2_PLACEMENT_3D('',#13871,#11112,#11113);
#9787=AXIS2_PLACEMENT_3D('',#13873,#11115,#11116);
#9788=AXIS2_PLACEMENT_3D('',#13876,#11117,#11118);
#9789=AXIS2_PLACEMENT_3D('',#13880,#11120,#11121);
#9790=AXIS2_PLACEMENT_3D('',#13882,#11123,#11124);
#9791=AXIS2_PLACEMENT_3D('',#13888,#11128,#11129);
#9792=AXIS2_PLACEMENT_3D('',#13894,#11133,#11134);
#9793=AXIS2_PLACEMENT_3D('',#13900,#11138,#11139);
#9794=AXIS2_PLACEMENT_3D('',#13901,#11140,#11141);
#9795=AXIS2_PLACEMENT_3D('',#13902,#11142,#11143);
#9796=AXIS2_PLACEMENT_3D('',#13903,#11144,#11145);
#9797=AXIS2_PLACEMENT_3D('',#13905,#11146,#11147);
#9798=AXIS2_PLACEMENT_3D('',#13907,#11148,#11149);
#9799=AXIS2_PLACEMENT_3D('',#13909,#11151,#11152);
#9800=AXIS2_PLACEMENT_3D('',#13912,#11155,#11156);
#9801=AXIS2_PLACEMENT_3D('',#13915,#11157,#11158);
#9802=AXIS2_PLACEMENT_3D('',#13919,#11160,#11161);
#9803=AXIS2_PLACEMENT_3D('',#13921,#11163,#11164);
#9804=AXIS2_PLACEMENT_3D('',#13924,#11165,#11166);
#9805=AXIS2_PLACEMENT_3D('',#13928,#11168,#11169);
#9806=AXIS2_PLACEMENT_3D('',#13930,#11171,#11172);
#9807=AXIS2_PLACEMENT_3D('',#13936,#11176,#11177);
#9808=AXIS2_PLACEMENT_3D('',#13942,#11181,#11182);
#9809=AXIS2_PLACEMENT_3D('',#13948,#11186,#11187);
#9810=AXIS2_PLACEMENT_3D('',#13949,#11188,#11189);
#9811=AXIS2_PLACEMENT_3D('',#13950,#11190,#11191);
#9812=AXIS2_PLACEMENT_3D('',#13951,#11192,#11193);
#9813=AXIS2_PLACEMENT_3D('',#13953,#11194,#11195);
#9814=AXIS2_PLACEMENT_3D('',#13955,#11196,#11197);
#9815=AXIS2_PLACEMENT_3D('',#13957,#11199,#11200);
#9816=AXIS2_PLACEMENT_3D('',#13960,#11203,#11204);
#9817=AXIS2_PLACEMENT_3D('',#13963,#11205,#11206);
#9818=AXIS2_PLACEMENT_3D('',#13967,#11208,#11209);
#9819=AXIS2_PLACEMENT_3D('',#13969,#11211,#11212);
#9820=AXIS2_PLACEMENT_3D('',#13972,#11213,#11214);
#9821=AXIS2_PLACEMENT_3D('',#13976,#11216,#11217);
#9822=AXIS2_PLACEMENT_3D('',#13978,#11219,#11220);
#9823=AXIS2_PLACEMENT_3D('',#13984,#11224,#11225);
#9824=AXIS2_PLACEMENT_3D('',#13990,#11229,#11230);
#9825=AXIS2_PLACEMENT_3D('',#13996,#11234,#11235);
#9826=AXIS2_PLACEMENT_3D('',#13997,#11236,#11237);
#9827=AXIS2_PLACEMENT_3D('',#13998,#11238,#11239);
#9828=AXIS2_PLACEMENT_3D('',#13999,#11240,#11241);
#9829=AXIS2_PLACEMENT_3D('',#14001,#11242,#11243);
#9830=AXIS2_PLACEMENT_3D('',#14003,#11244,#11245);
#9831=AXIS2_PLACEMENT_3D('',#14005,#11247,#11248);
#9832=AXIS2_PLACEMENT_3D('',#14008,#11251,#11252);
#9833=AXIS2_PLACEMENT_3D('',#14017,#11257,#11258);
#9834=AXIS2_PLACEMENT_3D('',#14026,#11263,#11264);
#9835=AXIS2_PLACEMENT_3D('',#14028,#11265,#11266);
#9836=AXIS2_PLACEMENT_3D('',#14031,#11268,#11269);
#9837=AXIS2_PLACEMENT_3D('',#14032,#11270,#11271);
#9838=AXIS2_PLACEMENT_3D('',#14034,#11272,#11273);
#9839=AXIS2_PLACEMENT_3D('',#14036,#11274,#11275);
#9840=AXIS2_PLACEMENT_3D('',#14038,#11277,#11278);
#9841=AXIS2_PLACEMENT_3D('',#14040,#11279,#11280);
#9842=AXIS2_PLACEMENT_3D('',#14042,#11281,#11282);
#9843=AXIS2_PLACEMENT_3D('',#14044,#11284,#11285);
#9844=AXIS2_PLACEMENT_3D('',#14047,#11288,#11289);
#9845=AXIS2_PLACEMENT_3D('',#14053,#11293,#11294);
#9846=AXIS2_PLACEMENT_3D('',#14054,#11295,#11296);
#9847=AXIS2_PLACEMENT_3D('',#14055,#11297,#11298);
#9848=AXIS2_PLACEMENT_3D('',#14056,#11299,#11300);
#9849=AXIS2_PLACEMENT_3D('',#14059,#11301,#11302);
#9850=AXIS2_PLACEMENT_3D('',#14063,#11304,#11305);
#9851=AXIS2_PLACEMENT_3D('',#14065,#11307,#11308);
#9852=AXIS2_PLACEMENT_3D('',#14068,#11309,#11310);
#9853=AXIS2_PLACEMENT_3D('',#14072,#11312,#11313);
#9854=AXIS2_PLACEMENT_3D('',#14074,#11315,#11316);
#9855=AXIS2_PLACEMENT_3D('',#14080,#11320,#11321);
#9856=AXIS2_PLACEMENT_3D('',#14086,#11325,#11326);
#9857=AXIS2_PLACEMENT_3D('',#14092,#11330,#11331);
#9858=AXIS2_PLACEMENT_3D('',#14093,#11332,#11333);
#9859=AXIS2_PLACEMENT_3D('',#14094,#11334,#11335);
#9860=AXIS2_PLACEMENT_3D('',#14095,#11336,#11337);
#9861=AXIS2_PLACEMENT_3D('',#14097,#11338,#11339);
#9862=AXIS2_PLACEMENT_3D('',#14099,#11340,#11341);
#9863=AXIS2_PLACEMENT_3D('',#14101,#11343,#11344);
#9864=AXIS2_PLACEMENT_3D('',#14104,#11347,#11348);
#9865=AXIS2_PLACEMENT_3D('',#14113,#11353,#11354);
#9866=AXIS2_PLACEMENT_3D('',#14122,#11359,#11360);
#9867=AXIS2_PLACEMENT_3D('',#14124,#11361,#11362);
#9868=AXIS2_PLACEMENT_3D('',#14127,#11364,#11365);
#9869=AXIS2_PLACEMENT_3D('',#14128,#11366,#11367);
#9870=AXIS2_PLACEMENT_3D('',#14130,#11368,#11369);
#9871=AXIS2_PLACEMENT_3D('',#14132,#11370,#11371);
#9872=AXIS2_PLACEMENT_3D('',#14134,#11373,#11374);
#9873=AXIS2_PLACEMENT_3D('',#14136,#11375,#11376);
#9874=AXIS2_PLACEMENT_3D('',#14138,#11377,#11378);
#9875=AXIS2_PLACEMENT_3D('',#14140,#11380,#11381);
#9876=AXIS2_PLACEMENT_3D('',#14143,#11384,#11385);
#9877=AXIS2_PLACEMENT_3D('',#14149,#11389,#11390);
#9878=AXIS2_PLACEMENT_3D('',#14150,#11391,#11392);
#9879=AXIS2_PLACEMENT_3D('',#14151,#11393,#11394);
#9880=AXIS2_PLACEMENT_3D('',#14152,#11395,#11396);
#9881=AXIS2_PLACEMENT_3D('',#14161,#11401,#11402);
#9882=AXIS2_PLACEMENT_3D('',#14170,#11407,#11408);
#9883=AXIS2_PLACEMENT_3D('',#14172,#11409,#11410);
#9884=AXIS2_PLACEMENT_3D('',#14175,#11412,#11413);
#9885=AXIS2_PLACEMENT_3D('',#14176,#11414,#11415);
#9886=AXIS2_PLACEMENT_3D('',#14178,#11416,#11417);
#9887=AXIS2_PLACEMENT_3D('',#14180,#11418,#11419);
#9888=AXIS2_PLACEMENT_3D('',#14182,#11421,#11422);
#9889=AXIS2_PLACEMENT_3D('',#14184,#11423,#11424);
#9890=AXIS2_PLACEMENT_3D('',#14186,#11425,#11426);
#9891=AXIS2_PLACEMENT_3D('',#14188,#11428,#11429);
#9892=AXIS2_PLACEMENT_3D('',#14191,#11432,#11433);
#9893=AXIS2_PLACEMENT_3D('',#14197,#11437,#11438);
#9894=AXIS2_PLACEMENT_3D('',#14198,#11439,#11440);
#9895=AXIS2_PLACEMENT_3D('',#14199,#11441,#11442);
#9896=AXIS2_PLACEMENT_3D('',#14200,#11443,#11444);
#9897=AXIS2_PLACEMENT_3D('',#14209,#11449,#11450);
#9898=AXIS2_PLACEMENT_3D('',#14218,#11455,#11456);
#9899=AXIS2_PLACEMENT_3D('',#14220,#11457,#11458);
#9900=AXIS2_PLACEMENT_3D('',#14223,#11460,#11461);
#9901=AXIS2_PLACEMENT_3D('',#14224,#11462,#11463);
#9902=AXIS2_PLACEMENT_3D('',#14226,#11464,#11465);
#9903=AXIS2_PLACEMENT_3D('',#14228,#11466,#11467);
#9904=AXIS2_PLACEMENT_3D('',#14230,#11469,#11470);
#9905=AXIS2_PLACEMENT_3D('',#14232,#11471,#11472);
#9906=AXIS2_PLACEMENT_3D('',#14234,#11473,#11474);
#9907=AXIS2_PLACEMENT_3D('',#14236,#11476,#11477);
#9908=AXIS2_PLACEMENT_3D('',#14239,#11480,#11481);
#9909=AXIS2_PLACEMENT_3D('',#14245,#11485,#11486);
#9910=AXIS2_PLACEMENT_3D('',#14246,#11487,#11488);
#9911=AXIS2_PLACEMENT_3D('',#14247,#11489,#11490);
#9912=AXIS2_PLACEMENT_3D('',#14248,#11491,#11492);
#9913=AXIS2_PLACEMENT_3D('',#14251,#11493,#11494);
#9914=AXIS2_PLACEMENT_3D('',#14255,#11496,#11497);
#9915=AXIS2_PLACEMENT_3D('',#14257,#11499,#11500);
#9916=AXIS2_PLACEMENT_3D('',#14260,#11501,#11502);
#9917=AXIS2_PLACEMENT_3D('',#14264,#11504,#11505);
#9918=AXIS2_PLACEMENT_3D('',#14266,#11507,#11508);
#9919=AXIS2_PLACEMENT_3D('',#14272,#11512,#11513);
#9920=AXIS2_PLACEMENT_3D('',#14278,#11517,#11518);
#9921=AXIS2_PLACEMENT_3D('',#14284,#11522,#11523);
#9922=AXIS2_PLACEMENT_3D('',#14285,#11524,#11525);
#9923=AXIS2_PLACEMENT_3D('',#14286,#11526,#11527);
#9924=AXIS2_PLACEMENT_3D('',#14287,#11528,#11529);
#9925=AXIS2_PLACEMENT_3D('',#14289,#11530,#11531);
#9926=AXIS2_PLACEMENT_3D('',#14291,#11532,#11533);
#9927=AXIS2_PLACEMENT_3D('',#14293,#11535,#11536);
#9928=AXIS2_PLACEMENT_3D('',#14296,#11539,#11540);
#9929=AXIS2_PLACEMENT_3D('',#14299,#11541,#11542);
#9930=AXIS2_PLACEMENT_3D('',#14303,#11544,#11545);
#9931=AXIS2_PLACEMENT_3D('',#14305,#11547,#11548);
#9932=AXIS2_PLACEMENT_3D('',#14308,#11549,#11550);
#9933=AXIS2_PLACEMENT_3D('',#14312,#11552,#11553);
#9934=AXIS2_PLACEMENT_3D('',#14314,#11555,#11556);
#9935=AXIS2_PLACEMENT_3D('',#14320,#11560,#11561);
#9936=AXIS2_PLACEMENT_3D('',#14326,#11565,#11566);
#9937=AXIS2_PLACEMENT_3D('',#14332,#11570,#11571);
#9938=AXIS2_PLACEMENT_3D('',#14333,#11572,#11573);
#9939=AXIS2_PLACEMENT_3D('',#14334,#11574,#11575);
#9940=AXIS2_PLACEMENT_3D('',#14335,#11576,#11577);
#9941=AXIS2_PLACEMENT_3D('',#14337,#11578,#11579);
#9942=AXIS2_PLACEMENT_3D('',#14339,#11580,#11581);
#9943=AXIS2_PLACEMENT_3D('',#14341,#11583,#11584);
#9944=AXIS2_PLACEMENT_3D('',#14344,#11587,#11588);
#9945=AXIS2_PLACEMENT_3D('',#14347,#11589,#11590);
#9946=AXIS2_PLACEMENT_3D('',#14351,#11592,#11593);
#9947=AXIS2_PLACEMENT_3D('',#14353,#11595,#11596);
#9948=AXIS2_PLACEMENT_3D('',#14356,#11597,#11598);
#9949=AXIS2_PLACEMENT_3D('',#14360,#11600,#11601);
#9950=AXIS2_PLACEMENT_3D('',#14362,#11603,#11604);
#9951=AXIS2_PLACEMENT_3D('',#14368,#11608,#11609);
#9952=AXIS2_PLACEMENT_3D('',#14374,#11613,#11614);
#9953=AXIS2_PLACEMENT_3D('',#14380,#11618,#11619);
#9954=AXIS2_PLACEMENT_3D('',#14381,#11620,#11621);
#9955=AXIS2_PLACEMENT_3D('',#14382,#11622,#11623);
#9956=AXIS2_PLACEMENT_3D('',#14383,#11624,#11625);
#9957=AXIS2_PLACEMENT_3D('',#14385,#11626,#11627);
#9958=AXIS2_PLACEMENT_3D('',#14387,#11628,#11629);
#9959=AXIS2_PLACEMENT_3D('',#14389,#11631,#11632);
#9960=AXIS2_PLACEMENT_3D('',#14392,#11635,#11636);
#9961=AXIS2_PLACEMENT_3D('',#14395,#11637,#11638);
#9962=AXIS2_PLACEMENT_3D('',#14399,#11640,#11641);
#9963=AXIS2_PLACEMENT_3D('',#14401,#11643,#11644);
#9964=AXIS2_PLACEMENT_3D('',#14404,#11645,#11646);
#9965=AXIS2_PLACEMENT_3D('',#14408,#11648,#11649);
#9966=AXIS2_PLACEMENT_3D('',#14410,#11651,#11652);
#9967=AXIS2_PLACEMENT_3D('',#14416,#11656,#11657);
#9968=AXIS2_PLACEMENT_3D('',#14422,#11661,#11662);
#9969=AXIS2_PLACEMENT_3D('',#14428,#11666,#11667);
#9970=AXIS2_PLACEMENT_3D('',#14429,#11668,#11669);
#9971=AXIS2_PLACEMENT_3D('',#14430,#11670,#11671);
#9972=AXIS2_PLACEMENT_3D('',#14431,#11672,#11673);
#9973=AXIS2_PLACEMENT_3D('',#14433,#11674,#11675);
#9974=AXIS2_PLACEMENT_3D('',#14435,#11676,#11677);
#9975=AXIS2_PLACEMENT_3D('',#14437,#11679,#11680);
#9976=AXIS2_PLACEMENT_3D('',#14440,#11683,#11684);
#9977=AXIS2_PLACEMENT_3D('',#14443,#11685,#11686);
#9978=AXIS2_PLACEMENT_3D('',#14447,#11688,#11689);
#9979=AXIS2_PLACEMENT_3D('',#14449,#11691,#11692);
#9980=AXIS2_PLACEMENT_3D('',#14452,#11693,#11694);
#9981=AXIS2_PLACEMENT_3D('',#14456,#11696,#11697);
#9982=AXIS2_PLACEMENT_3D('',#14458,#11699,#11700);
#9983=AXIS2_PLACEMENT_3D('',#14464,#11704,#11705);
#9984=AXIS2_PLACEMENT_3D('',#14470,#11709,#11710);
#9985=AXIS2_PLACEMENT_3D('',#14476,#11714,#11715);
#9986=AXIS2_PLACEMENT_3D('',#14477,#11716,#11717);
#9987=AXIS2_PLACEMENT_3D('',#14478,#11718,#11719);
#9988=AXIS2_PLACEMENT_3D('',#14479,#11720,#11721);
#9989=AXIS2_PLACEMENT_3D('',#14481,#11722,#11723);
#9990=AXIS2_PLACEMENT_3D('',#14483,#11724,#11725);
#9991=AXIS2_PLACEMENT_3D('',#14485,#11727,#11728);
#9992=AXIS2_PLACEMENT_3D('',#14488,#11731,#11732);
#9993=AXIS2_PLACEMENT_3D('',#14497,#11737,#11738);
#9994=AXIS2_PLACEMENT_3D('',#14506,#11743,#11744);
#9995=AXIS2_PLACEMENT_3D('',#14508,#11745,#11746);
#9996=AXIS2_PLACEMENT_3D('',#14511,#11748,#11749);
#9997=AXIS2_PLACEMENT_3D('',#14512,#11750,#11751);
#9998=AXIS2_PLACEMENT_3D('',#14514,#11752,#11753);
#9999=AXIS2_PLACEMENT_3D('',#14516,#11754,#11755);
#10000=AXIS2_PLACEMENT_3D('',#14518,#11757,#11758);
#10001=AXIS2_PLACEMENT_3D('',#14520,#11759,#11760);
#10002=AXIS2_PLACEMENT_3D('',#14522,#11761,#11762);
#10003=AXIS2_PLACEMENT_3D('',#14524,#11764,#11765);
#10004=AXIS2_PLACEMENT_3D('',#14527,#11768,#11769);
#10005=AXIS2_PLACEMENT_3D('',#14533,#11773,#11774);
#10006=AXIS2_PLACEMENT_3D('',#14534,#11775,#11776);
#10007=AXIS2_PLACEMENT_3D('',#14535,#11777,#11778);
#10008=AXIS2_PLACEMENT_3D('',#14536,#11779,#11780);
#10009=AXIS2_PLACEMENT_3D('',#14539,#11781,#11782);
#10010=AXIS2_PLACEMENT_3D('',#14543,#11784,#11785);
#10011=AXIS2_PLACEMENT_3D('',#14545,#11787,#11788);
#10012=AXIS2_PLACEMENT_3D('',#14548,#11789,#11790);
#10013=AXIS2_PLACEMENT_3D('',#14552,#11792,#11793);
#10014=AXIS2_PLACEMENT_3D('',#14554,#11795,#11796);
#10015=AXIS2_PLACEMENT_3D('',#14560,#11800,#11801);
#10016=AXIS2_PLACEMENT_3D('',#14566,#11805,#11806);
#10017=AXIS2_PLACEMENT_3D('',#14572,#11810,#11811);
#10018=AXIS2_PLACEMENT_3D('',#14573,#11812,#11813);
#10019=AXIS2_PLACEMENT_3D('',#14574,#11814,#11815);
#10020=AXIS2_PLACEMENT_3D('',#14575,#11816,#11817);
#10021=AXIS2_PLACEMENT_3D('',#14577,#11818,#11819);
#10022=AXIS2_PLACEMENT_3D('',#14579,#11820,#11821);
#10023=AXIS2_PLACEMENT_3D('',#14581,#11823,#11824);
#10024=AXIS2_PLACEMENT_3D('',#14584,#11827,#11828);
#10025=AXIS2_PLACEMENT_3D('',#14587,#11829,#11830);
#10026=AXIS2_PLACEMENT_3D('',#14591,#11832,#11833);
#10027=AXIS2_PLACEMENT_3D('',#14593,#11835,#11836);
#10028=AXIS2_PLACEMENT_3D('',#14596,#11837,#11838);
#10029=AXIS2_PLACEMENT_3D('',#14600,#11840,#11841);
#10030=AXIS2_PLACEMENT_3D('',#14602,#11843,#11844);
#10031=AXIS2_PLACEMENT_3D('',#14608,#11848,#11849);
#10032=AXIS2_PLACEMENT_3D('',#14614,#11853,#11854);
#10033=AXIS2_PLACEMENT_3D('',#14620,#11858,#11859);
#10034=AXIS2_PLACEMENT_3D('',#14621,#11860,#11861);
#10035=AXIS2_PLACEMENT_3D('',#14622,#11862,#11863);
#10036=AXIS2_PLACEMENT_3D('',#14623,#11864,#11865);
#10037=AXIS2_PLACEMENT_3D('',#14625,#11866,#11867);
#10038=AXIS2_PLACEMENT_3D('',#14627,#11868,#11869);
#10039=AXIS2_PLACEMENT_3D('',#14629,#11871,#11872);
#10040=AXIS2_PLACEMENT_3D('',#14632,#11875,#11876);
#10041=AXIS2_PLACEMENT_3D('',#14635,#11877,#11878);
#10042=AXIS2_PLACEMENT_3D('',#14639,#11880,#11881);
#10043=AXIS2_PLACEMENT_3D('',#14641,#11883,#11884);
#10044=AXIS2_PLACEMENT_3D('',#14644,#11885,#11886);
#10045=AXIS2_PLACEMENT_3D('',#14648,#11888,#11889);
#10046=AXIS2_PLACEMENT_3D('',#14650,#11891,#11892);
#10047=AXIS2_PLACEMENT_3D('',#14656,#11896,#11897);
#10048=AXIS2_PLACEMENT_3D('',#14662,#11901,#11902);
#10049=AXIS2_PLACEMENT_3D('',#14668,#11906,#11907);
#10050=AXIS2_PLACEMENT_3D('',#14669,#11908,#11909);
#10051=AXIS2_PLACEMENT_3D('',#14670,#11910,#11911);
#10052=AXIS2_PLACEMENT_3D('',#14671,#11912,#11913);
#10053=AXIS2_PLACEMENT_3D('',#14673,#11914,#11915);
#10054=AXIS2_PLACEMENT_3D('',#14675,#11916,#11917);
#10055=AXIS2_PLACEMENT_3D('',#14677,#11919,#11920);
#10056=AXIS2_PLACEMENT_3D('',#14680,#11923,#11924);
#10057=AXIS2_PLACEMENT_3D('',#14683,#11925,#11926);
#10058=AXIS2_PLACEMENT_3D('',#14687,#11928,#11929);
#10059=AXIS2_PLACEMENT_3D('',#14689,#11931,#11932);
#10060=AXIS2_PLACEMENT_3D('',#14692,#11933,#11934);
#10061=AXIS2_PLACEMENT_3D('',#14696,#11936,#11937);
#10062=AXIS2_PLACEMENT_3D('',#14698,#11939,#11940);
#10063=AXIS2_PLACEMENT_3D('',#14704,#11944,#11945);
#10064=AXIS2_PLACEMENT_3D('',#14710,#11949,#11950);
#10065=AXIS2_PLACEMENT_3D('',#14716,#11954,#11955);
#10066=AXIS2_PLACEMENT_3D('',#14717,#11956,#11957);
#10067=AXIS2_PLACEMENT_3D('',#14718,#11958,#11959);
#10068=AXIS2_PLACEMENT_3D('',#14719,#11960,#11961);
#10069=AXIS2_PLACEMENT_3D('',#14721,#11962,#11963);
#10070=AXIS2_PLACEMENT_3D('',#14723,#11964,#11965);
#10071=AXIS2_PLACEMENT_3D('',#14725,#11967,#11968);
#10072=AXIS2_PLACEMENT_3D('',#14728,#11971,#11972);
#10073=AXIS2_PLACEMENT_3D('',#14731,#11973,#11974);
#10074=AXIS2_PLACEMENT_3D('',#14735,#11976,#11977);
#10075=AXIS2_PLACEMENT_3D('',#14737,#11979,#11980);
#10076=AXIS2_PLACEMENT_3D('',#14740,#11981,#11982);
#10077=AXIS2_PLACEMENT_3D('',#14744,#11984,#11985);
#10078=AXIS2_PLACEMENT_3D('',#14746,#11987,#11988);
#10079=AXIS2_PLACEMENT_3D('',#14752,#11992,#11993);
#10080=AXIS2_PLACEMENT_3D('',#14758,#11997,#11998);
#10081=AXIS2_PLACEMENT_3D('',#14764,#12002,#12003);
#10082=AXIS2_PLACEMENT_3D('',#14765,#12004,#12005);
#10083=AXIS2_PLACEMENT_3D('',#14766,#12006,#12007);
#10084=AXIS2_PLACEMENT_3D('',#14767,#12008,#12009);
#10085=AXIS2_PLACEMENT_3D('',#14769,#12010,#12011);
#10086=AXIS2_PLACEMENT_3D('',#14771,#12012,#12013);
#10087=AXIS2_PLACEMENT_3D('',#14773,#12015,#12016);
#10088=AXIS2_PLACEMENT_3D('',#14776,#12019,#12020);
#10089=AXIS2_PLACEMENT_3D('',#14785,#12025,#12026);
#10090=AXIS2_PLACEMENT_3D('',#14794,#12031,#12032);
#10091=AXIS2_PLACEMENT_3D('',#14796,#12033,#12034);
#10092=AXIS2_PLACEMENT_3D('',#14799,#12036,#12037);
#10093=AXIS2_PLACEMENT_3D('',#14800,#12038,#12039);
#10094=AXIS2_PLACEMENT_3D('',#14802,#12040,#12041);
#10095=AXIS2_PLACEMENT_3D('',#14804,#12042,#12043);
#10096=AXIS2_PLACEMENT_3D('',#14806,#12045,#12046);
#10097=AXIS2_PLACEMENT_3D('',#14808,#12047,#12048);
#10098=AXIS2_PLACEMENT_3D('',#14810,#12049,#12050);
#10099=AXIS2_PLACEMENT_3D('',#14812,#12052,#12053);
#10100=AXIS2_PLACEMENT_3D('',#14815,#12056,#12057);
#10101=AXIS2_PLACEMENT_3D('',#14821,#12061,#12062);
#10102=AXIS2_PLACEMENT_3D('',#14822,#12063,#12064);
#10103=AXIS2_PLACEMENT_3D('',#14823,#12065,#12066);
#10104=AXIS2_PLACEMENT_3D('',#14824,#12067,#12068);
#10105=AXIS2_PLACEMENT_3D('',#14833,#12073,#12074);
#10106=AXIS2_PLACEMENT_3D('',#14842,#12079,#12080);
#10107=AXIS2_PLACEMENT_3D('',#14844,#12081,#12082);
#10108=AXIS2_PLACEMENT_3D('',#14847,#12084,#12085);
#10109=AXIS2_PLACEMENT_3D('',#14848,#12086,#12087);
#10110=AXIS2_PLACEMENT_3D('',#14850,#12088,#12089);
#10111=AXIS2_PLACEMENT_3D('',#14852,#12090,#12091);
#10112=AXIS2_PLACEMENT_3D('',#14854,#12093,#12094);
#10113=AXIS2_PLACEMENT_3D('',#14856,#12095,#12096);
#10114=AXIS2_PLACEMENT_3D('',#14858,#12097,#12098);
#10115=AXIS2_PLACEMENT_3D('',#14860,#12100,#12101);
#10116=AXIS2_PLACEMENT_3D('',#14863,#12104,#12105);
#10117=AXIS2_PLACEMENT_3D('',#14869,#12109,#12110);
#10118=AXIS2_PLACEMENT_3D('',#14870,#12111,#12112);
#10119=AXIS2_PLACEMENT_3D('',#14871,#12113,#12114);
#10120=AXIS2_PLACEMENT_3D('',#14872,#12115,#12116);
#10121=AXIS2_PLACEMENT_3D('',#14881,#12121,#12122);
#10122=AXIS2_PLACEMENT_3D('',#14883,#12123,#12124);
#10123=AXIS2_PLACEMENT_3D('',#14885,#12125,#12126);
#10124=AXIS2_PLACEMENT_3D('',#14887,#12128,#12129);
#10125=AXIS2_PLACEMENT_3D('',#14893,#12133,#12134);
#10126=AXIS2_PLACEMENT_3D('',#14894,#12135,#12136);
#10127=AXIS2_PLACEMENT_3D('',#14895,#12137,#12138);
#10128=AXIS2_PLACEMENT_3D('',#14896,#12139,#12140);
#10129=AXIS2_PLACEMENT_3D('',#14899,#12141,#12142);
#10130=AXIS2_PLACEMENT_3D('',#14903,#12144,#12145);
#10131=AXIS2_PLACEMENT_3D('',#14905,#12147,#12148);
#10132=AXIS2_PLACEMENT_3D('',#14911,#12152,#12153);
#10133=AXIS2_PLACEMENT_3D('',#14913,#12154,#12155);
#10134=AXIS2_PLACEMENT_3D('',#14915,#12156,#12157);
#10135=AXIS2_PLACEMENT_3D('',#14917,#12159,#12160);
#10136=AXIS2_PLACEMENT_3D('',#14920,#12163,#12164);
#10137=AXIS2_PLACEMENT_3D('',#14929,#12169,#12170);
#10138=AXIS2_PLACEMENT_3D('',#14931,#12171,#12172);
#10139=AXIS2_PLACEMENT_3D('',#14933,#12173,#12174);
#10140=AXIS2_PLACEMENT_3D('',#14935,#12176,#12177);
#10141=AXIS2_PLACEMENT_3D('',#14941,#12181,#12182);
#10142=AXIS2_PLACEMENT_3D('',#14942,#12183,#12184);
#10143=AXIS2_PLACEMENT_3D('',#14943,#12185,#12186);
#10144=AXIS2_PLACEMENT_3D('',#14944,#12187,#12188);
#10145=AXIS2_PLACEMENT_3D('',#14953,#12193,#12194);
#10146=AXIS2_PLACEMENT_3D('',#14955,#12195,#12196);
#10147=AXIS2_PLACEMENT_3D('',#14957,#12197,#12198);
#10148=AXIS2_PLACEMENT_3D('',#14959,#12200,#12201);
#10149=AXIS2_PLACEMENT_3D('',#14965,#12205,#12206);
#10150=AXIS2_PLACEMENT_3D('',#14966,#12207,#12208);
#10151=AXIS2_PLACEMENT_3D('',#14967,#12209,#12210);
#10152=AXIS2_PLACEMENT_3D('',#14968,#12211,#12212);
#10153=AXIS2_PLACEMENT_3D('',#14977,#12217,#12218);
#10154=AXIS2_PLACEMENT_3D('',#14979,#12219,#12220);
#10155=AXIS2_PLACEMENT_3D('',#14981,#12221,#12222);
#10156=AXIS2_PLACEMENT_3D('',#14983,#12224,#12225);
#10157=AXIS2_PLACEMENT_3D('',#14989,#12229,#12230);
#10158=AXIS2_PLACEMENT_3D('',#14990,#12231,#12232);
#10159=AXIS2_PLACEMENT_3D('',#14991,#12233,#12234);
#10160=AXIS2_PLACEMENT_3D('',#14992,#12235,#12236);
#10161=AXIS2_PLACEMENT_3D('',#15001,#12241,#12242);
#10162=AXIS2_PLACEMENT_3D('',#15003,#12243,#12244);
#10163=AXIS2_PLACEMENT_3D('',#15005,#12245,#12246);
#10164=AXIS2_PLACEMENT_3D('',#15007,#12248,#12249);
#10165=AXIS2_PLACEMENT_3D('',#15013,#12253,#12254);
#10166=AXIS2_PLACEMENT_3D('',#15014,#12255,#12256);
#10167=AXIS2_PLACEMENT_3D('',#15015,#12257,#12258);
#10168=AXIS2_PLACEMENT_3D('',#15016,#12259,#12260);
#10169=AXIS2_PLACEMENT_3D('',#15025,#12265,#12266);
#10170=AXIS2_PLACEMENT_3D('',#15027,#12267,#12268);
#10171=AXIS2_PLACEMENT_3D('',#15029,#12269,#12270);
#10172=AXIS2_PLACEMENT_3D('',#15031,#12272,#12273);
#10173=AXIS2_PLACEMENT_3D('',#15037,#12277,#12278);
#10174=AXIS2_PLACEMENT_3D('',#15038,#12279,#12280);
#10175=AXIS2_PLACEMENT_3D('',#15039,#12281,#12282);
#10176=AXIS2_PLACEMENT_3D('',#15040,#12283,#12284);
#10177=AXIS2_PLACEMENT_3D('',#15049,#12289,#12290);
#10178=AXIS2_PLACEMENT_3D('',#15051,#12291,#12292);
#10179=AXIS2_PLACEMENT_3D('',#15053,#12293,#12294);
#10180=AXIS2_PLACEMENT_3D('',#15055,#12296,#12297);
#10181=AXIS2_PLACEMENT_3D('',#15061,#12301,#12302);
#10182=AXIS2_PLACEMENT_3D('',#15062,#12303,#12304);
#10183=AXIS2_PLACEMENT_3D('',#15063,#12305,#12306);
#10184=AXIS2_PLACEMENT_3D('',#15064,#12307,#12308);
#10185=AXIS2_PLACEMENT_3D('',#15067,#12309,#12310);
#10186=AXIS2_PLACEMENT_3D('',#15071,#12312,#12313);
#10187=AXIS2_PLACEMENT_3D('',#15073,#12315,#12316);
#10188=AXIS2_PLACEMENT_3D('',#15079,#12320,#12321);
#10189=AXIS2_PLACEMENT_3D('',#15081,#12322,#12323);
#10190=AXIS2_PLACEMENT_3D('',#15083,#12324,#12325);
#10191=AXIS2_PLACEMENT_3D('',#15085,#12327,#12328);
#10192=AXIS2_PLACEMENT_3D('',#15088,#12331,#12332);
#10193=AXIS2_PLACEMENT_3D('',#15097,#12337,#12338);
#10194=AXIS2_PLACEMENT_3D('',#15099,#12339,#12340);
#10195=AXIS2_PLACEMENT_3D('',#15101,#12341,#12342);
#10196=AXIS2_PLACEMENT_3D('',#15103,#12344,#12345);
#10197=AXIS2_PLACEMENT_3D('',#15109,#12349,#12350);
#10198=AXIS2_PLACEMENT_3D('',#15110,#12351,#12352);
#10199=AXIS2_PLACEMENT_3D('',#15111,#12353,#12354);
#10200=AXIS2_PLACEMENT_3D('',#15112,#12355,#12356);
#10201=AXIS2_PLACEMENT_3D('',#15121,#12361,#12362);
#10202=AXIS2_PLACEMENT_3D('',#15123,#12363,#12364);
#10203=AXIS2_PLACEMENT_3D('',#15125,#12365,#12366);
#10204=AXIS2_PLACEMENT_3D('',#15127,#12368,#12369);
#10205=AXIS2_PLACEMENT_3D('',#15133,#12373,#12374);
#10206=AXIS2_PLACEMENT_3D('',#15134,#12375,#12376);
#10207=AXIS2_PLACEMENT_3D('',#15135,#12377,#12378);
#10208=AXIS2_PLACEMENT_3D('',#15136,#12379,#12380);
#10209=AXIS2_PLACEMENT_3D('',#15139,#12381,#12382);
#10210=AXIS2_PLACEMENT_3D('',#15143,#12384,#12385);
#10211=AXIS2_PLACEMENT_3D('',#15145,#12387,#12388);
#10212=AXIS2_PLACEMENT_3D('',#15151,#12392,#12393);
#10213=AXIS2_PLACEMENT_3D('',#15153,#12394,#12395);
#10214=AXIS2_PLACEMENT_3D('',#15155,#12396,#12397);
#10215=AXIS2_PLACEMENT_3D('',#15157,#12399,#12400);
#10216=AXIS2_PLACEMENT_3D('',#15160,#12403,#12404);
#10217=AXIS2_PLACEMENT_3D('',#15169,#12409,#12410);
#10218=AXIS2_PLACEMENT_3D('',#15171,#12411,#12412);
#10219=AXIS2_PLACEMENT_3D('',#15173,#12413,#12414);
#10220=AXIS2_PLACEMENT_3D('',#15175,#12416,#12417);
#10221=AXIS2_PLACEMENT_3D('',#15181,#12421,#12422);
#10222=AXIS2_PLACEMENT_3D('',#15182,#12423,#12424);
#10223=AXIS2_PLACEMENT_3D('',#15183,#12425,#12426);
#10224=AXIS2_PLACEMENT_3D('',#15184,#12427,#12428);
#10225=AXIS2_PLACEMENT_3D('',#15193,#12433,#12434);
#10226=AXIS2_PLACEMENT_3D('',#15195,#12435,#12436);
#10227=AXIS2_PLACEMENT_3D('',#15197,#12437,#12438);
#10228=AXIS2_PLACEMENT_3D('',#15199,#12440,#12441);
#10229=AXIS2_PLACEMENT_3D('',#15205,#12445,#12446);
#10230=AXIS2_PLACEMENT_3D('',#15206,#12447,#12448);
#10231=AXIS2_PLACEMENT_3D('',#15207,#12449,#12450);
#10232=AXIS2_PLACEMENT_3D('',#15208,#12451,#12452);
#10233=AXIS2_PLACEMENT_3D('',#15217,#12457,#12458);
#10234=AXIS2_PLACEMENT_3D('',#15219,#12459,#12460);
#10235=AXIS2_PLACEMENT_3D('',#15221,#12461,#12462);
#10236=AXIS2_PLACEMENT_3D('',#15223,#12464,#12465);
#10237=AXIS2_PLACEMENT_3D('',#15229,#12469,#12470);
#10238=AXIS2_PLACEMENT_3D('',#15230,#12471,#12472);
#10239=AXIS2_PLACEMENT_3D('',#15231,#12473,#12474);
#10240=AXIS2_PLACEMENT_3D('',#15232,#12475,#12476);
#10241=AXIS2_PLACEMENT_3D('',#15241,#12481,#12482);
#10242=AXIS2_PLACEMENT_3D('',#15243,#12483,#12484);
#10243=AXIS2_PLACEMENT_3D('',#15245,#12485,#12486);
#10244=AXIS2_PLACEMENT_3D('',#15247,#12488,#12489);
#10245=AXIS2_PLACEMENT_3D('',#15253,#12493,#12494);
#10246=AXIS2_PLACEMENT_3D('',#15254,#12495,#12496);
#10247=AXIS2_PLACEMENT_3D('',#15255,#12497,#12498);
#10248=AXIS2_PLACEMENT_3D('',#15256,#12499,#12500);
#10249=AXIS2_PLACEMENT_3D('',#15265,#12505,#12506);
#10250=AXIS2_PLACEMENT_3D('',#15267,#12507,#12508);
#10251=AXIS2_PLACEMENT_3D('',#15269,#12509,#12510);
#10252=AXIS2_PLACEMENT_3D('',#15271,#12512,#12513);
#10253=AXIS2_PLACEMENT_3D('',#15277,#12517,#12518);
#10254=AXIS2_PLACEMENT_3D('',#15278,#12519,#12520);
#10255=AXIS2_PLACEMENT_3D('',#15279,#12521,#12522);
#10256=AXIS2_PLACEMENT_3D('',#15280,#12523,#12524);
#10257=AXIS2_PLACEMENT_3D('',#15283,#12525,#12526);
#10258=AXIS2_PLACEMENT_3D('',#15287,#12528,#12529);
#10259=AXIS2_PLACEMENT_3D('',#15289,#12531,#12532);
#10260=AXIS2_PLACEMENT_3D('',#15295,#12536,#12537);
#10261=AXIS2_PLACEMENT_3D('',#15297,#12538,#12539);
#10262=AXIS2_PLACEMENT_3D('',#15299,#12540,#12541);
#10263=AXIS2_PLACEMENT_3D('',#15301,#12543,#12544);
#10264=AXIS2_PLACEMENT_3D('',#15304,#12547,#12548);
#10265=AXIS2_PLACEMENT_3D('',#15307,#12549,#12550);
#10266=AXIS2_PLACEMENT_3D('',#15311,#12552,#12553);
#10267=AXIS2_PLACEMENT_3D('',#15313,#12555,#12556);
#10268=AXIS2_PLACEMENT_3D('',#15319,#12560,#12561);
#10269=AXIS2_PLACEMENT_3D('',#15321,#12562,#12563);
#10270=AXIS2_PLACEMENT_3D('',#15323,#12564,#12565);
#10271=AXIS2_PLACEMENT_3D('',#15325,#12567,#12568);
#10272=AXIS2_PLACEMENT_3D('',#15328,#12571,#12572);
#10273=AXIS2_PLACEMENT_3D('',#15337,#12577,#12578);
#10274=AXIS2_PLACEMENT_3D('',#15339,#12579,#12580);
#10275=AXIS2_PLACEMENT_3D('',#15341,#12581,#12582);
#10276=AXIS2_PLACEMENT_3D('',#15343,#12584,#12585);
#10277=AXIS2_PLACEMENT_3D('',#15349,#12589,#12590);
#10278=AXIS2_PLACEMENT_3D('',#15350,#12591,#12592);
#10279=AXIS2_PLACEMENT_3D('',#15351,#12593,#12594);
#10280=AXIS2_PLACEMENT_3D('',#15352,#12595,#12596);
#10281=AXIS2_PLACEMENT_3D('',#15361,#12601,#12602);
#10282=AXIS2_PLACEMENT_3D('',#15363,#12603,#12604);
#10283=AXIS2_PLACEMENT_3D('',#15365,#12605,#12606);
#10284=AXIS2_PLACEMENT_3D('',#15367,#12608,#12609);
#10285=AXIS2_PLACEMENT_3D('',#15373,#12613,#12614);
#10286=AXIS2_PLACEMENT_3D('',#15374,#12615,#12616);
#10287=AXIS2_PLACEMENT_3D('',#15375,#12617,#12618);
#10288=AXIS2_PLACEMENT_3D('',#15376,#12619,#12620);
#10289=AXIS2_PLACEMENT_3D('',#15385,#12625,#12626);
#10290=AXIS2_PLACEMENT_3D('',#15387,#12627,#12628);
#10291=AXIS2_PLACEMENT_3D('',#15389,#12629,#12630);
#10292=AXIS2_PLACEMENT_3D('',#15391,#12632,#12633);
#10293=AXIS2_PLACEMENT_3D('',#15397,#12637,#12638);
#10294=AXIS2_PLACEMENT_3D('',#15398,#12639,#12640);
#10295=AXIS2_PLACEMENT_3D('',#15399,#12641,#12642);
#10296=AXIS2_PLACEMENT_3D('',#15400,#12643,#12644);
#10297=AXIS2_PLACEMENT_3D('',#15409,#12649,#12650);
#10298=AXIS2_PLACEMENT_3D('',#15411,#12651,#12652);
#10299=AXIS2_PLACEMENT_3D('',#15413,#12653,#12654);
#10300=AXIS2_PLACEMENT_3D('',#15415,#12656,#12657);
#10301=AXIS2_PLACEMENT_3D('',#15421,#12661,#12662);
#10302=AXIS2_PLACEMENT_3D('',#15422,#12663,#12664);
#10303=AXIS2_PLACEMENT_3D('',#15423,#12665,#12666);
#10304=AXIS2_PLACEMENT_3D('',#15424,#12667,#12668);
#10305=AXIS2_PLACEMENT_3D('',#15433,#12673,#12674);
#10306=AXIS2_PLACEMENT_3D('',#15435,#12675,#12676);
#10307=AXIS2_PLACEMENT_3D('',#15437,#12677,#12678);
#10308=AXIS2_PLACEMENT_3D('',#15439,#12680,#12681);
#10309=AXIS2_PLACEMENT_3D('',#15445,#12685,#12686);
#10310=AXIS2_PLACEMENT_3D('',#15446,#12687,#12688);
#10311=AXIS2_PLACEMENT_3D('',#15447,#12689,#12690);
#10312=AXIS2_PLACEMENT_3D('',#15448,#12691,#12692);
#10313=AXIS2_PLACEMENT_3D('',#15457,#12697,#12698);
#10314=AXIS2_PLACEMENT_3D('',#15459,#12699,#12700);
#10315=AXIS2_PLACEMENT_3D('',#15461,#12701,#12702);
#10316=AXIS2_PLACEMENT_3D('',#15463,#12704,#12705);
#10317=AXIS2_PLACEMENT_3D('',#15469,#12709,#12710);
#10318=AXIS2_PLACEMENT_3D('',#15470,#12711,#12712);
#10319=AXIS2_PLACEMENT_3D('',#15471,#12713,#12714);
#10320=AXIS2_PLACEMENT_3D('',#15472,#12715,#12716);
#10321=AXIS2_PLACEMENT_3D('',#15481,#12721,#12722);
#10322=AXIS2_PLACEMENT_3D('',#15483,#12723,#12724);
#10323=AXIS2_PLACEMENT_3D('',#15485,#12725,#12726);
#10324=AXIS2_PLACEMENT_3D('',#15487,#12728,#12729);
#10325=AXIS2_PLACEMENT_3D('',#15493,#12733,#12734);
#10326=AXIS2_PLACEMENT_3D('',#15494,#12735,#12736);
#10327=AXIS2_PLACEMENT_3D('',#15495,#12737,#12738);
#10328=AXIS2_PLACEMENT_3D('',#15496,#12739,#12740);
#10329=AXIS2_PLACEMENT_3D('',#15505,#12745,#12746);
#10330=AXIS2_PLACEMENT_3D('',#15507,#12747,#12748);
#10331=AXIS2_PLACEMENT_3D('',#15509,#12749,#12750);
#10332=AXIS2_PLACEMENT_3D('',#15511,#12752,#12753);
#10333=AXIS2_PLACEMENT_3D('',#15517,#12757,#12758);
#10334=AXIS2_PLACEMENT_3D('',#15518,#12759,#12760);
#10335=AXIS2_PLACEMENT_3D('',#15519,#12761,#12762);
#10336=AXIS2_PLACEMENT_3D('',#15520,#12763,#12764);
#10337=AXIS2_PLACEMENT_3D('',#15529,#12769,#12770);
#10338=AXIS2_PLACEMENT_3D('',#15531,#12771,#12772);
#10339=AXIS2_PLACEMENT_3D('',#15533,#12773,#12774);
#10340=AXIS2_PLACEMENT_3D('',#15535,#12776,#12777);
#10341=AXIS2_PLACEMENT_3D('',#15541,#12781,#12782);
#10342=AXIS2_PLACEMENT_3D('',#15542,#12783,#12784);
#10343=AXIS2_PLACEMENT_3D('',#15543,#12785,#12786);
#10344=AXIS2_PLACEMENT_3D('',#15544,#12787,#12788);
#10345=AXIS2_PLACEMENT_3D('',#15553,#12793,#12794);
#10346=AXIS2_PLACEMENT_3D('',#15555,#12795,#12796);
#10347=AXIS2_PLACEMENT_3D('',#15557,#12797,#12798);
#10348=AXIS2_PLACEMENT_3D('',#15559,#12800,#12801);
#10349=AXIS2_PLACEMENT_3D('',#15565,#12805,#12806);
#10350=AXIS2_PLACEMENT_3D('',#15566,#12807,#12808);
#10351=AXIS2_PLACEMENT_3D('',#15567,#12809,#12810);
#10352=AXIS2_PLACEMENT_3D('',#15568,#12811,#12812);
#10353=AXIS2_PLACEMENT_3D('',#15577,#12817,#12818);
#10354=AXIS2_PLACEMENT_3D('',#15579,#12819,#12820);
#10355=AXIS2_PLACEMENT_3D('',#15581,#12821,#12822);
#10356=AXIS2_PLACEMENT_3D('',#15583,#12824,#12825);
#10357=AXIS2_PLACEMENT_3D('',#15589,#12829,#12830);
#10358=AXIS2_PLACEMENT_3D('',#15590,#12831,#12832);
#10359=AXIS2_PLACEMENT_3D('',#15591,#12833,#12834);
#10360=AXIS2_PLACEMENT_3D('',#15592,#12835,#12836);
#10361=AXIS2_PLACEMENT_3D('',#15601,#12841,#12842);
#10362=AXIS2_PLACEMENT_3D('',#15603,#12843,#12844);
#10363=AXIS2_PLACEMENT_3D('',#15605,#12845,#12846);
#10364=AXIS2_PLACEMENT_3D('',#15607,#12848,#12849);
#10365=AXIS2_PLACEMENT_3D('',#15613,#12853,#12854);
#10366=AXIS2_PLACEMENT_3D('',#15614,#12855,#12856);
#10367=AXIS2_PLACEMENT_3D('',#15615,#12857,#12858);
#10368=AXIS2_PLACEMENT_3D('',#15616,#12859,#12860);
#10369=AXIS2_PLACEMENT_3D('',#15625,#12865,#12866);
#10370=AXIS2_PLACEMENT_3D('',#15627,#12867,#12868);
#10371=AXIS2_PLACEMENT_3D('',#15629,#12869,#12870);
#10372=AXIS2_PLACEMENT_3D('',#15631,#12872,#12873);
#10373=AXIS2_PLACEMENT_3D('',#15637,#12877,#12878);
#10374=AXIS2_PLACEMENT_3D('',#15638,#12879,#12880);
#10375=AXIS2_PLACEMENT_3D('',#15639,#12881,#12882);
#10376=AXIS2_PLACEMENT_3D('',#15640,#12883,#12884);
#10377=AXIS2_PLACEMENT_3D('',#15649,#12889,#12890);
#10378=AXIS2_PLACEMENT_3D('',#15651,#12891,#12892);
#10379=AXIS2_PLACEMENT_3D('',#15653,#12893,#12894);
#10380=AXIS2_PLACEMENT_3D('',#15655,#12896,#12897);
#10381=AXIS2_PLACEMENT_3D('',#15661,#12901,#12902);
#10382=AXIS2_PLACEMENT_3D('',#15662,#12903,#12904);
#10383=AXIS2_PLACEMENT_3D('',#15663,#12905,#12906);
#10384=AXIS2_PLACEMENT_3D('',#15664,#12907,#12908);
#10385=AXIS2_PLACEMENT_3D('',#15673,#12913,#12914);
#10386=AXIS2_PLACEMENT_3D('',#15675,#12915,#12916);
#10387=AXIS2_PLACEMENT_3D('',#15677,#12917,#12918);
#10388=AXIS2_PLACEMENT_3D('',#15679,#12920,#12921);
#10389=AXIS2_PLACEMENT_3D('',#15685,#12925,#12926);
#10390=AXIS2_PLACEMENT_3D('',#15686,#12927,#12928);
#10391=AXIS2_PLACEMENT_3D('',#15687,#12929,#12930);
#10392=AXIS2_PLACEMENT_3D('',#15688,#12931,#12932);
#10393=AXIS2_PLACEMENT_3D('',#15697,#12937,#12938);
#10394=AXIS2_PLACEMENT_3D('',#15699,#12939,#12940);
#10395=AXIS2_PLACEMENT_3D('',#15701,#12941,#12942);
#10396=AXIS2_PLACEMENT_3D('',#15703,#12944,#12945);
#10397=AXIS2_PLACEMENT_3D('',#15709,#12949,#12950);
#10398=AXIS2_PLACEMENT_3D('',#15710,#12951,#12952);
#10399=AXIS2_PLACEMENT_3D('',#15711,#12953,#12954);
#10400=AXIS2_PLACEMENT_3D('',#15712,#12955,#12956);
#10401=AXIS2_PLACEMENT_3D('',#15721,#12961,#12962);
#10402=AXIS2_PLACEMENT_3D('',#15723,#12963,#12964);
#10403=AXIS2_PLACEMENT_3D('',#15725,#12965,#12966);
#10404=AXIS2_PLACEMENT_3D('',#15727,#12968,#12969);
#10405=AXIS2_PLACEMENT_3D('',#15733,#12973,#12974);
#10406=AXIS2_PLACEMENT_3D('',#15734,#12975,#12976);
#10407=AXIS2_PLACEMENT_3D('',#15735,#12977,#12978);
#10408=AXIS2_PLACEMENT_3D('',#15736,#12979,#12980);
#10409=AXIS2_PLACEMENT_3D('',#15745,#12985,#12986);
#10410=AXIS2_PLACEMENT_3D('',#15747,#12987,#12988);
#10411=AXIS2_PLACEMENT_3D('',#15749,#12989,#12990);
#10412=AXIS2_PLACEMENT_3D('',#15751,#12992,#12993);
#10413=AXIS2_PLACEMENT_3D('',#15757,#12997,#12998);
#10414=AXIS2_PLACEMENT_3D('',#15758,#12999,#13000);
#10415=AXIS2_PLACEMENT_3D('',#15759,#13001,#13002);
#10416=AXIS2_PLACEMENT_3D('',#15760,#13003,#13004);
#10417=AXIS2_PLACEMENT_3D('',#15769,#13009,#13010);
#10418=AXIS2_PLACEMENT_3D('',#15771,#13011,#13012);
#10419=AXIS2_PLACEMENT_3D('',#15773,#13013,#13014);
#10420=AXIS2_PLACEMENT_3D('',#15775,#13016,#13017);
#10421=AXIS2_PLACEMENT_3D('',#15781,#13021,#13022);
#10422=AXIS2_PLACEMENT_3D('',#15782,#13023,#13024);
#10423=AXIS2_PLACEMENT_3D('',#15783,#13025,#13026);
#10424=AXIS2_PLACEMENT_3D('',#15784,#13027,#13028);
#10425=AXIS2_PLACEMENT_3D('',#15793,#13033,#13034);
#10426=AXIS2_PLACEMENT_3D('',#15795,#13035,#13036);
#10427=AXIS2_PLACEMENT_3D('',#15797,#13037,#13038);
#10428=AXIS2_PLACEMENT_3D('',#15799,#13040,#13041);
#10429=AXIS2_PLACEMENT_3D('',#15805,#13045,#13046);
#10430=AXIS2_PLACEMENT_3D('',#15806,#13047,#13048);
#10431=AXIS2_PLACEMENT_3D('',#15807,#13049,#13050);
#10432=AXIS2_PLACEMENT_3D('',#15808,#13051,#13052);
#10433=AXIS2_PLACEMENT_3D('',#15817,#13057,#13058);
#10434=AXIS2_PLACEMENT_3D('',#15819,#13059,#13060);
#10435=AXIS2_PLACEMENT_3D('',#15821,#13061,#13062);
#10436=AXIS2_PLACEMENT_3D('',#15823,#13064,#13065);
#10437=AXIS2_PLACEMENT_3D('',#15829,#13069,#13070);
#10438=AXIS2_PLACEMENT_3D('',#15830,#13071,#13072);
#10439=AXIS2_PLACEMENT_3D('',#15831,#13073,#13074);
#10440=AXIS2_PLACEMENT_3D('',#15832,#13075,#13076);
#10441=AXIS2_PLACEMENT_3D('',#15841,#13081,#13082);
#10442=AXIS2_PLACEMENT_3D('',#15843,#13083,#13084);
#10443=AXIS2_PLACEMENT_3D('',#15845,#13085,#13086);
#10444=AXIS2_PLACEMENT_3D('',#15847,#13088,#13089);
#10445=AXIS2_PLACEMENT_3D('',#15853,#13093,#13094);
#10446=AXIS2_PLACEMENT_3D('',#15854,#13095,#13096);
#10447=AXIS2_PLACEMENT_3D('',#15855,#13097,#13098);
#10448=AXIS2_PLACEMENT_3D('',#15856,#13099,#13100);
#10449=AXIS2_PLACEMENT_3D('',#15865,#13105,#13106);
#10450=AXIS2_PLACEMENT_3D('',#15867,#13107,#13108);
#10451=AXIS2_PLACEMENT_3D('',#15869,#13109,#13110);
#10452=AXIS2_PLACEMENT_3D('',#15871,#13112,#13113);
#10453=AXIS2_PLACEMENT_3D('',#15877,#13117,#13118);
#10454=AXIS2_PLACEMENT_3D('',#15878,#13119,#13120);
#10455=AXIS2_PLACEMENT_3D('',#15879,#13121,#13122);
#10456=AXIS2_PLACEMENT_3D('',#15880,#13123,#13124);
#10457=AXIS2_PLACEMENT_3D('',#15889,#13129,#13130);
#10458=AXIS2_PLACEMENT_3D('',#15891,#13131,#13132);
#10459=AXIS2_PLACEMENT_3D('',#15893,#13133,#13134);
#10460=AXIS2_PLACEMENT_3D('',#15895,#13136,#13137);
#10461=AXIS2_PLACEMENT_3D('',#15901,#13141,#13142);
#10462=AXIS2_PLACEMENT_3D('',#15902,#13143,#13144);
#10463=AXIS2_PLACEMENT_3D('',#15903,#13145,#13146);
#10464=AXIS2_PLACEMENT_3D('',#15904,#13147,#13148);
#10465=AXIS2_PLACEMENT_3D('',#15913,#13153,#13154);
#10466=AXIS2_PLACEMENT_3D('',#15915,#13155,#13156);
#10467=AXIS2_PLACEMENT_3D('',#15917,#13157,#13158);
#10468=AXIS2_PLACEMENT_3D('',#15919,#13160,#13161);
#10469=AXIS2_PLACEMENT_3D('',#15925,#13165,#13166);
#10470=AXIS2_PLACEMENT_3D('',#15926,#13167,#13168);
#10471=AXIS2_PLACEMENT_3D('',#15927,#13169,#13170);
#10472=AXIS2_PLACEMENT_3D('',#15928,#13171,#13172);
#10473=AXIS2_PLACEMENT_3D('',#15931,#13174,#13175);
#10474=AXIS2_PLACEMENT_3D('',#15932,#13176,#13177);
#10475=AXIS2_PLACEMENT_3D('',#15935,#13180,#13181);
#10476=AXIS2_PLACEMENT_3D('',#15938,#13184,#13185);
#10477=AXIS2_PLACEMENT_3D('',#15941,#13188,#13189);
#10478=AXIS2_PLACEMENT_3D('',#15944,#13192,#13193);
#10479=AXIS2_PLACEMENT_3D('',#15946,#13195,#13196);
#10480=AXIS2_PLACEMENT_3D('',#15948,#13198,#13199);
#10481=AXIS2_PLACEMENT_3D('',#15949,#13200,#13201);
#10482=AXIS2_PLACEMENT_3D('',#15951,#13203,#13204);
#10483=AXIS2_PLACEMENT_3D('',#15953,#13206,#13207);
#10484=AXIS2_PLACEMENT_3D('',#15957,#13210,#13211);
#10485=AXIS2_PLACEMENT_3D('',#15959,#13212,#13213);
#10486=AXIS2_PLACEMENT_3D('',#15961,#13215,#13216);
#10487=AXIS2_PLACEMENT_3D('',#15963,#13218,#13219);
#10488=AXIS2_PLACEMENT_3D('',#15967,#13222,#13223);
#10489=AXIS2_PLACEMENT_3D('',#15969,#13224,#13225);
#10490=AXIS2_PLACEMENT_3D('',#15971,#13227,#13228);
#10491=AXIS2_PLACEMENT_3D('',#15973,#13230,#13231);
#10492=AXIS2_PLACEMENT_3D('',#15979,#13235,#13236);
#10493=AXIS2_PLACEMENT_3D('',#15982,#13238,#13239);
#10494=AXIS2_PLACEMENT_3D('',#15983,#13240,#13241);
#10495=AXIS2_PLACEMENT_3D('',#15987,#13244,#13245);
#10496=AXIS2_PLACEMENT_3D('',#15990,#13247,#13248);
#10497=AXIS2_PLACEMENT_3D('',#15991,#13249,#13250);
#10498=AXIS2_PLACEMENT_3D('',#15995,#13253,#13254);
#10499=AXIS2_PLACEMENT_3D('',#15998,#13256,#13257);
#10500=AXIS2_PLACEMENT_3D('',#15999,#13258,#13259);
#10501=AXIS2_PLACEMENT_3D('',#16003,#13262,#13263);
#10502=AXIS2_PLACEMENT_3D('',#16004,#13264,#13265);
#10503=AXIS2_PLACEMENT_3D('',#16005,#13266,#13267);
#10504=DIRECTION('axis',(0.,0.,1.));
#10505=DIRECTION('refdir',(1.,0.,0.));
#10506=DIRECTION('center_axis',(-0.707106781186547,-0.707106781186548,0.));
#10507=DIRECTION('ref_axis',(0.707106781186548,-0.707106781186547,0.));
#10508=DIRECTION('center_axis',(-0.707106781186547,-0.707106781186548,0.));
#10509=DIRECTION('ref_axis',(0.707106781186548,-0.707106781186547,0.));
#10510=DIRECTION('center_axis',(-0.707106781186546,-0.707106781186549,0.));
#10511=DIRECTION('ref_axis',(0.707106781186549,-0.707106781186546,0.));
#10512=DIRECTION('center_axis',(-0.707106781186547,-0.707106781186548,0.));
#10513=DIRECTION('ref_axis',(0.707106781186549,-0.707106781186546,0.));
#10514=DIRECTION('',(-0.707106781186546,-0.707106781186549,0.));
#10515=DIRECTION('center_axis',(-0.707106781186547,-0.707106781186548,0.));
#10516=DIRECTION('ref_axis',(0.707106781186547,-0.707106781186548,0.));
#10517=DIRECTION('center_axis',(0.707106781186547,0.707106781186548,0.));
#10518=DIRECTION('ref_axis',(0.,0.,-1.));
#10519=DIRECTION('center_axis',(0.707106781186547,0.707106781186548,0.));
#10520=DIRECTION('ref_axis',(0.707106781186548,-0.707106781186547,0.));
#10521=DIRECTION('center_axis',(-0.707106781186547,-0.707106781186548,0.));
#10522=DIRECTION('ref_axis',(0.,0.,-1.));
#10523=DIRECTION('center_axis',(0.707106781186547,0.707106781186548,0.));
#10524=DIRECTION('ref_axis',(0.,0.,-1.));
#10525=DIRECTION('',(-0.707106781186547,-0.707106781186548,0.));
#10526=DIRECTION('center_axis',(-0.707106781186547,-0.707106781186548,0.));
#10527=DIRECTION('ref_axis',(0.,0.,-1.));
#10528=DIRECTION('',(-0.707106781186547,-0.707106781186548,0.));
#10529=DIRECTION('center_axis',(2.61682076447296E-16,-2.61682076447296E-16,
1.));
#10530=DIRECTION('ref_axis',(-0.707106781186548,0.707106781186547,3.70074341541719E-16));
#10531=DIRECTION('',(-0.707106781186548,0.707106781186547,3.70074341541719E-16));
#10532=DIRECTION('',(-1.,1.88411095042056E-14,0.));
#10533=DIRECTION('',(-0.707106781186547,-0.707106781186548,0.));
#10534=DIRECTION('',(0.707106781186548,-0.707106781186547,-3.70074341541719E-16));
#10535=DIRECTION('center_axis',(-0.707106781186548,0.707106781186547,-2.96059473233377E-15));
#10536=DIRECTION('ref_axis',(2.09345661157838E-15,-2.09345661157838E-15,
-1.));
#10537=DIRECTION('',(2.09345661157838E-15,-2.09345661157838E-15,-1.));
#10538=DIRECTION('',(2.09345661157838E-15,-2.09345661157838E-15,-1.));
#10539=DIRECTION('',(-0.707106781186547,-0.707106781186548,0.));
#10540=DIRECTION('',(-0.499999999999997,-0.5,0.707106781186549));
#10541=DIRECTION('center_axis',(-0.707106781186547,-0.707106781186548,0.));
#10542=DIRECTION('ref_axis',(0.707106781186548,-0.707106781186547,0.));
#10543=DIRECTION('center_axis',(-0.707106781186547,-0.707106781186548,0.));
#10544=DIRECTION('ref_axis',(0.5,-0.5,-0.707106781186547));
#10545=DIRECTION('center_axis',(-0.707106781186547,-0.707106781186548,0.));
#10546=DIRECTION('ref_axis',(0.707106781186548,-0.707106781186547,0.));
#10547=DIRECTION('center_axis',(0.707106781186547,0.707106781186548,0.));
#10548=DIRECTION('ref_axis',(0.5,-0.5,-0.707106781186547));
#10549=DIRECTION('',(0.,0.,-1.));
#10550=DIRECTION('center_axis',(0.707106781186547,0.707106781186548,0.));
#10551=DIRECTION('ref_axis',(0.500000000000001,-0.5,0.707106781186547));
#10552=DIRECTION('',(0.707106781186548,-0.707106781186547,0.));
#10553=DIRECTION('center_axis',(0.707106781186547,0.707106781186548,0.));
#10554=DIRECTION('ref_axis',(-0.500000000000001,0.5,0.707106781186547));
#10555=DIRECTION('',(0.,0.,1.));
#10556=DIRECTION('center_axis',(0.707106781186547,0.707106781186548,0.));
#10557=DIRECTION('ref_axis',(-0.5,0.5,-0.707106781186547));
#10558=DIRECTION('',(-0.707106781186548,0.707106781186547,0.));
#10559=DIRECTION('center_axis',(0.707106781186547,0.707106781186548,0.));
#10560=DIRECTION('ref_axis',(0.70710678118655,-0.707106781186546,0.));
#10561=DIRECTION('center_axis',(-0.707106781186547,-0.707106781186548,0.));
#10562=DIRECTION('ref_axis',(0.5,-0.5,-0.707106781186547));
#10563=DIRECTION('',(-0.707106781186547,-0.707106781186548,0.));
#10564=DIRECTION('center_axis',(-0.707106781186547,-0.707106781186548,0.));
#10565=DIRECTION('ref_axis',(0.5,-0.5,-0.707106781186547));
#10566=DIRECTION('',(-0.707106781186547,-0.707106781186548,0.));
#10567=DIRECTION('center_axis',(0.707106781186548,0.707106781186547,-5.55111512312578E-17));
#10568=DIRECTION('ref_axis',(0.5,-0.5,-0.707106781186547));
#10569=DIRECTION('center_axis',(0.853553390593274,0.146446609406723,-0.500000000000001));
#10570=DIRECTION('ref_axis',(-0.146446609406729,-0.853553390593274,-0.499999999999998));
#10571=DIRECTION('center_axis',(-0.146446609406732,-0.853553390593275,-0.499999999999997));
#10572=DIRECTION('ref_axis',(0.853553390593273,0.146446609406721,-0.500000000000003));
#10573=DIRECTION('center_axis',(-0.707106781186548,-0.707106781186547,5.55111512312578E-17));
#10574=DIRECTION('ref_axis',(0.5,-0.5,-0.707106781186547));
#10575=DIRECTION('center_axis',(-0.146446609406732,-0.853553390593275,-0.499999999999997));
#10576=DIRECTION('ref_axis',(0.853553390593273,0.146446609406721,-0.500000000000003));
#10577=DIRECTION('center_axis',(0.853553390593274,0.146446609406723,-0.500000000000001));
#10578=DIRECTION('ref_axis',(-0.146446609406729,-0.853553390593274,-0.499999999999998));
#10579=DIRECTION('center_axis',(-0.707106781186547,-0.707106781186548,0.));
#10580=DIRECTION('ref_axis',(-0.5,0.5,-0.707106781186547));
#10581=DIRECTION('center_axis',(0.,-1.,0.));
#10582=DIRECTION('ref_axis',(-1.,7.16496626240144E-17,-7.47663075563703E-17));
#10583=DIRECTION('center_axis',(-0.707106781186547,-0.707106781186548,0.));
#10584=DIRECTION('ref_axis',(-0.20203050891044,0.20203050891044,0.958314847499911));
#10585=DIRECTION('center_axis',(-0.500000000000002,-0.500000000000002,0.707106781186545));
#10586=DIRECTION('ref_axis',(0.499999999999998,0.499999999999998,0.70710678118655));
#10587=DIRECTION('',(-0.707106781186547,-0.707106781186548,0.));
#10588=DIRECTION('center_axis',(-0.707106781186547,-0.707106781186548,0.));
#10589=DIRECTION('ref_axis',(-0.20203050891044,0.20203050891044,0.958314847499911));
#10590=DIRECTION('',(-0.707106781186547,-0.707106781186548,0.));
#10591=DIRECTION('center_axis',(-0.707106781186548,0.707106781186547,1.5116931666267E-15));
#10592=DIRECTION('ref_axis',(-5.34464244597551E-15,-3.20678546758531E-15,
-1.));
#10593=DIRECTION('',(-0.499999999999991,-0.499999999999993,-0.707106781186559));
#10594=DIRECTION('',(-0.707106781186547,-0.707106781186548,0.));
#10595=DIRECTION('',(5.34464244597551E-15,3.20678546758531E-15,1.));
#10596=DIRECTION('center_axis',(-0.707106781186547,-0.707106781186548,0.));
#10597=DIRECTION('ref_axis',(0.707106781186548,-0.707106781186547,0.));
#10598=DIRECTION('',(0.707106781186547,0.707106781186548,0.));
#10599=DIRECTION('center_axis',(0.,0.,-1.));
#10600=DIRECTION('ref_axis',(0.707106781186549,-0.707106781186546,0.));
#10601=DIRECTION('',(-1.,0.,0.));
#10602=DIRECTION('',(-0.707106781186549,0.707106781186546,0.));
#10603=DIRECTION('',(-0.707106781186547,-0.707106781186548,0.));
#10604=DIRECTION('center_axis',(-0.707106781186547,-0.707106781186548,0.));
#10605=DIRECTION('ref_axis',(0.707106781186548,-0.707106781186547,0.));
#10606=DIRECTION('center_axis',(-0.707106781186547,-0.707106781186548,0.));
#10607=DIRECTION('ref_axis',(0.500000000000001,-0.5,0.707106781186547));
#10608=DIRECTION('center_axis',(-0.707106781186547,-0.707106781186548,0.));
#10609=DIRECTION('ref_axis',(0.500000000000001,-0.5,0.707106781186547));
#10610=DIRECTION('',(-0.707106781186547,-0.707106781186548,0.));
#10611=DIRECTION('center_axis',(-0.707106781186547,-0.707106781186548,0.));
#10612=DIRECTION('ref_axis',(0.500000000000001,-0.5,0.707106781186547));
#10613=DIRECTION('',(-0.707106781186547,-0.707106781186548,0.));
#10614=DIRECTION('center_axis',(0.707106781186547,0.707106781186548,1.77635683940025E-15));
#10615=DIRECTION('ref_axis',(0.500000000000001,-0.5,0.707106781186547));
#10616=DIRECTION('center_axis',(0.853553390593273,0.146446609406711,0.500000000000006));
#10617=DIRECTION('ref_axis',(-0.14644660940674,-0.853553390593276,0.499999999999991));
#10618=DIRECTION('center_axis',(-0.146446609406728,-0.853553390593276,0.499999999999996));
#10619=DIRECTION('ref_axis',(0.853553390593273,0.146446609406723,0.500000000000002));
#10620=DIRECTION('center_axis',(-0.707106781186548,-0.707106781186547,0.));
#10621=DIRECTION('ref_axis',(0.500000000000001,-0.5,0.707106781186547));
#10622=DIRECTION('center_axis',(-0.146446609406728,-0.853553390593276,0.499999999999996));
#10623=DIRECTION('ref_axis',(0.853553390593273,0.146446609406723,0.500000000000002));
#10624=DIRECTION('',(-0.707106781186547,-0.707106781186548,0.));
#10625=DIRECTION('center_axis',(0.853553390593273,0.146446609406711,0.500000000000006));
#10626=DIRECTION('ref_axis',(-0.14644660940674,-0.853553390593276,0.499999999999991));
#10627=DIRECTION('center_axis',(0.707106781186546,0.707106781186549,0.));
#10628=DIRECTION('ref_axis',(0.500000000000001,-0.5,0.707106781186547));
#10629=DIRECTION('',(-1.,0.,0.));
#10630=DIRECTION('center_axis',(-0.707106781186547,-0.707106781186548,0.));
#10631=DIRECTION('ref_axis',(0.500000000000001,-0.5,0.707106781186547));
#10632=DIRECTION('',(-0.499999999999991,-0.499999999999993,-0.707106781186559));
#10633=DIRECTION('center_axis',(-0.707106781186547,-0.707106781186548,0.));
#10634=DIRECTION('ref_axis',(-0.707106781186548,0.707106781186547,0.));
#10635=DIRECTION('center_axis',(0.707106781186547,0.707106781186548,0.));
#10636=DIRECTION('ref_axis',(-0.707106781186548,0.707106781186547,0.));
#10637=DIRECTION('',(-0.707106781186547,-0.707106781186548,0.));
#10638=DIRECTION('center_axis',(-0.707106781186547,-0.707106781186548,-2.8587762320729E-15));
#10639=DIRECTION('ref_axis',(-0.707106781186548,0.707106781186547,0.));
#10640=DIRECTION('',(-0.707106781186547,-0.707106781186548,0.));
#10641=DIRECTION('center_axis',(0.707106781186548,-0.707106781186547,-1.4791141972894E-31));
#10642=DIRECTION('ref_axis',(6.01823467879867E-16,6.01823467879868E-16,
1.));
#10643=DIRECTION('',(1.04589167905263E-31,-1.04589167905263E-31,1.));
#10644=DIRECTION('',(-0.499999999999996,-0.499999999999997,0.707106781186553));
#10645=DIRECTION('',(-0.707106781186547,-0.707106781186548,0.));
#10646=DIRECTION('',(-6.01823467879867E-16,-6.01823467879868E-16,-1.));
#10647=DIRECTION('center_axis',(2.61682076447296E-16,-2.61682076447296E-16,
1.));
#10648=DIRECTION('ref_axis',(-0.707106781186546,0.707106781186549,3.70074341541719E-16));
#10649=DIRECTION('',(-0.707106781186548,0.707106781186547,3.70074341541719E-16));
#10650=DIRECTION('',(-0.707106781186546,0.707106781186549,3.70074341541719E-16));
#10651=DIRECTION('',(-0.707106781186547,-0.707106781186548,0.));
#10652=DIRECTION('',(-3.14018491736757E-15,1.,0.));
#10653=DIRECTION('center_axis',(-0.707106781186547,-0.707106781186548,-2.81736037578933E-32));
#10654=DIRECTION('ref_axis',(0.707106781186548,-0.707106781186547,0.));
#10655=DIRECTION('center_axis',(-0.707106781186547,-0.707106781186548,-2.81736037578933E-32));
#10656=DIRECTION('ref_axis',(-0.5,0.5,-0.707106781186548));
#10657=DIRECTION('center_axis',(0.707106781186548,0.707106781186548,0.));
#10658=DIRECTION('ref_axis',(-0.5,0.5,-0.707106781186547));
#10659=DIRECTION('',(-3.14018491736757E-15,1.,0.));
#10660=DIRECTION('center_axis',(-0.707106781186547,-0.707106781186548,0.));
#10661=DIRECTION('ref_axis',(-0.5,0.5,-0.707106781186547));
#10662=DIRECTION('',(-0.499999999999996,-0.499999999999997,0.707106781186553));
#10663=DIRECTION('center_axis',(-0.707106781186547,-0.707106781186548,0.));
#10664=DIRECTION('ref_axis',(-0.5,0.5,-0.707106781186548));
#10665=DIRECTION('',(-0.707106781186547,-0.707106781186548,0.));
#10666=DIRECTION('center_axis',(-0.707106781186547,-0.707106781186548,0.));
#10667=DIRECTION('ref_axis',(-0.5,0.5,-0.707106781186548));
#10668=DIRECTION('',(-0.707106781186547,-0.707106781186548,0.));
#10669=DIRECTION('center_axis',(-0.707106781186547,-0.707106781186548,1.38777878078145E-16));
#10670=DIRECTION('ref_axis',(-0.5,0.5,-0.707106781186548));
#10671=DIRECTION('center_axis',(-0.853553390593265,-0.146446609406733,-0.500000000000014));
#10672=DIRECTION('ref_axis',(0.146446609406728,0.853553390593274,-0.499999999999999));
#10673=DIRECTION('center_axis',(0.146446609406786,0.853553390593274,-0.499999999999982));
#10674=DIRECTION('ref_axis',(-0.853553390593265,-0.146446609406675,-0.50000000000003));
#10675=DIRECTION('center_axis',(0.707106781186547,0.707106781186549,7.49400541621981E-16));
#10676=DIRECTION('ref_axis',(-0.5,0.5,-0.707106781186548));
#10677=DIRECTION('center_axis',(0.146446609406786,0.853553390593274,-0.499999999999982));
#10678=DIRECTION('ref_axis',(-0.853553390593265,-0.146446609406675,-0.50000000000003));
#10679=DIRECTION('center_axis',(-0.853553390593265,-0.146446609406733,-0.500000000000014));
#10680=DIRECTION('ref_axis',(0.146446609406728,0.853553390593274,-0.499999999999999));
#10681=DIRECTION('center_axis',(-0.707106781186547,-0.707106781186548,0.));
#10682=DIRECTION('ref_axis',(0.,0.,1.));
#10683=DIRECTION('center_axis',(0.707106781186547,0.707106781186548,0.));
#10684=DIRECTION('ref_axis',(0.,0.,1.));
#10685=DIRECTION('',(-0.707106781186547,-0.707106781186548,0.));
#10686=DIRECTION('center_axis',(-0.707106781186547,-0.707106781186548,0.));
#10687=DIRECTION('ref_axis',(0.,0.,1.));
#10688=DIRECTION('',(-0.707106781186547,-0.707106781186548,0.));
#10689=DIRECTION('center_axis',(-8.37382644631355E-15,8.37382644631354E-15,
-1.));
#10690=DIRECTION('ref_axis',(0.707106781186546,-0.707106781186549,-1.18423789293351E-14));
#10691=DIRECTION('',(0.707106781186548,-0.707106781186547,-1.18423789293351E-14));
#10692=DIRECTION('',(0.,-1.,-3.14018491736756E-15));
#10693=DIRECTION('',(-0.707106781186547,-0.707106781186548,0.));
#10694=DIRECTION('',(-0.707106781186546,0.707106781186549,1.18423789293351E-14));
#10695=DIRECTION('center_axis',(0.707106781186548,-0.707106781186547,0.));
#10696=DIRECTION('ref_axis',(0.,0.,1.));
#10697=DIRECTION('',(0.,0.,1.));
#10698=DIRECTION('',(0.,0.,1.));
#10699=DIRECTION('',(-0.707106781186547,-0.707106781186548,0.));
#10700=DIRECTION('',(-0.499999999999999,-0.499999999999997,-0.707106781186551));
#10701=DIRECTION('center_axis',(-0.707106781186547,-0.707106781186548,0.));
#10702=DIRECTION('ref_axis',(0.707106781186548,-0.707106781186547,0.));
#10703=DIRECTION('center_axis',(-0.707106781186547,-0.707106781186548,0.));
#10704=DIRECTION('ref_axis',(-0.500000000000001,0.5,0.707106781186547));
#10705=DIRECTION('center_axis',(-0.707106781186547,-0.707106781186548,0.));
#10706=DIRECTION('ref_axis',(-0.500000000000001,0.5,0.707106781186547));
#10707=DIRECTION('',(-0.707106781186547,-0.707106781186548,0.));
#10708=DIRECTION('center_axis',(-0.707106781186547,-0.707106781186548,0.));
#10709=DIRECTION('ref_axis',(-0.500000000000001,0.5,0.707106781186547));
#10710=DIRECTION('',(-0.707106781186547,-0.707106781186548,0.));
#10711=DIRECTION('center_axis',(0.707106781186547,0.707106781186548,-8.32667268468867E-17));
#10712=DIRECTION('ref_axis',(-0.500000000000001,0.5,0.707106781186547));
#10713=DIRECTION('center_axis',(0.146446609406725,0.853553390593271,0.500000000000005));
#10714=DIRECTION('ref_axis',(-0.853553390593274,-0.146446609406729,0.499999999999998));
#10715=DIRECTION('center_axis',(-0.853553390593273,-0.146446609406736,0.499999999999998));
#10716=DIRECTION('ref_axis',(0.146446609406718,0.853553390593273,0.500000000000004));
#10717=DIRECTION('center_axis',(-0.707106781186547,-0.707106781186548,8.32667268468867E-17));
#10718=DIRECTION('ref_axis',(-0.500000000000001,0.5,0.707106781186547));
#10719=DIRECTION('center_axis',(-0.853553390593273,-0.146446609406736,0.499999999999998));
#10720=DIRECTION('ref_axis',(0.146446609406718,0.853553390593273,0.500000000000004));
#10721=DIRECTION('center_axis',(0.146446609406725,0.853553390593271,0.500000000000005));
#10722=DIRECTION('ref_axis',(-0.853553390593274,-0.146446609406729,0.499999999999998));
#10723=DIRECTION('center_axis',(-0.853553390593274,-0.146446609406723,0.500000000000001));
#10724=DIRECTION('ref_axis',(0.505449465124425,0.,0.862856209461016));
#10725=DIRECTION('',(0.5,-0.5,0.707106781186547));
#10726=DIRECTION('',(0.5,-0.500000000000001,0.707106781186547));
#10727=DIRECTION('center_axis',(-0.707106781186548,-0.707106781186547,5.55111512312578E-17));
#10728=DIRECTION('ref_axis',(-0.5,0.5,-0.707106781186547));
#10729=DIRECTION('center_axis',(0.146446609406732,0.853553390593275,0.499999999999997));
#10730=DIRECTION('ref_axis',(0.959682982260664,0.,-0.281084637714831));
#10731=DIRECTION('',(-0.5,0.5,-0.707106781186547));
#10732=DIRECTION('center_axis',(0.707106781186548,0.707106781186547,-5.55111512312578E-17));
#10733=DIRECTION('ref_axis',(0.5,-0.5,0.707106781186547));
#10734=DIRECTION('center_axis',(-0.146446609406786,-0.853553390593274,0.499999999999982));
#10735=DIRECTION('ref_axis',(0.959682982260634,0.,0.281084637714935));
#10736=DIRECTION('',(0.500000000000012,-0.500000000000012,-0.70710678118653));
#10737=DIRECTION('',(0.500000000000013,-0.500000000000011,-0.70710678118653));
#10738=DIRECTION('center_axis',(0.853553390593265,0.146446609406733,0.500000000000014));
#10739=DIRECTION('ref_axis',(0.505449465124438,0.,-0.862856209461009));
#10740=DIRECTION('',(-0.500000000000012,0.500000000000012,0.70710678118653));
#10741=DIRECTION('center_axis',(-0.853553390593273,-0.146446609406711,-0.500000000000006));
#10742=DIRECTION('ref_axis',(-0.505449465124429,0.,0.862856209461014));
#10743=DIRECTION('',(0.146446609406738,0.853553390593278,-0.499999999999989));
#10744=DIRECTION('',(-0.499999999999997,0.499999999999998,0.707106781186552));
#10745=DIRECTION('',(-0.499999999999999,0.499999999999996,0.707106781186552));
#10746=DIRECTION('center_axis',(-0.499999999999997,0.499999999999998,0.707106781186552));
#10747=DIRECTION('ref_axis',(-0.707106781186561,-0.707106781186533,-1.88402225943159E-14));
#10748=DIRECTION('',(0.853553390593276,0.146446609406721,0.499999999999999));
#10749=DIRECTION('center_axis',(0.146446609406728,0.853553390593276,-0.499999999999996));
#10750=DIRECTION('ref_axis',(-0.959682982260666,0.,-0.281084637714825));
#10751=DIRECTION('',(0.499999999999997,-0.499999999999998,-0.707106781186552));
#10752=DIRECTION('center_axis',(-0.146446609406725,-0.853553390593271,-0.500000000000005));
#10753=DIRECTION('ref_axis',(-0.959682982260669,0.,0.281084637714816));
#10754=DIRECTION('',(-0.500000000000003,0.500000000000003,-0.707106781186544));
#10755=DIRECTION('',(-0.500000000000003,0.500000000000003,-0.707106781186544));
#10756=DIRECTION('center_axis',(0.853553390593273,0.146446609406736,-0.499999999999998));
#10757=DIRECTION('ref_axis',(-0.505449465124423,0.,-0.862856209461017));
#10758=DIRECTION('',(0.500000000000003,-0.500000000000003,0.707106781186544));
#10759=DIRECTION('center_axis',(-0.707106781186547,-0.707106781186548,8.32667268468867E-17));
#10760=DIRECTION('ref_axis',(0.500000000000003,-0.500000000000003,0.707106781186544));
#10761=DIRECTION('center_axis',(0.707106781186547,0.707106781186548,-8.32667268468867E-17));
#10762=DIRECTION('ref_axis',(-0.5,0.5,-0.707106781186548));
#10763=DIRECTION('center_axis',(-0.707106781186547,-0.707106781186548,-1.77635683940025E-15));
#10764=DIRECTION('ref_axis',(0.500000000000001,-0.499999999999999,-0.707106781186548));
#10765=DIRECTION('center_axis',(0.707106781186548,0.707106781186547,0.));
#10766=DIRECTION('ref_axis',(-0.499999999999997,0.499999999999998,0.707106781186552));
#10767=DIRECTION('center_axis',(0.707106781186547,0.707106781186548,-1.38777878078145E-16));
#10768=DIRECTION('ref_axis',(0.500000000000012,-0.500000000000012,-0.70710678118653));
#10769=DIRECTION('center_axis',(-0.707106781186547,-0.707106781186549,-7.49400541621981E-16));
#10770=DIRECTION('ref_axis',(-0.500000000000001,0.499999999999999,0.707106781186547));
#10771=DIRECTION('center_axis',(2.85687786265432E-15,2.85687786265432E-15,
1.));
#10772=DIRECTION('ref_axis',(-0.707106781186547,-0.707106781186548,4.0402354194092E-15));
#10773=DIRECTION('',(0.707106781186547,0.707106781186548,-4.0402354194092E-15));
#10774=DIRECTION('',(0.707106781186548,-0.707106781186547,0.));
#10775=DIRECTION('',(-0.707106781186547,-0.707106781186548,4.0402354194092E-15));
#10776=DIRECTION('',(0.707106781186548,-0.707106781186547,0.));
#10777=DIRECTION('center_axis',(2.85687786265432E-15,2.85687786265432E-15,
1.));
#10778=DIRECTION('ref_axis',(-0.707106781186547,-0.707106781186548,4.0402354194092E-15));
#10779=DIRECTION('',(-0.707106781186547,-0.707106781186548,4.0402354194092E-15));
#10780=DIRECTION('',(0.707106781186548,-0.707106781186547,0.));
#10781=DIRECTION('',(0.707106781186547,0.707106781186548,-4.0402354194092E-15));
#10782=DIRECTION('',(0.707106781186548,-0.707106781186547,0.));
#10783=DIRECTION('center_axis',(0.707106781186548,-0.707106781186547,0.));
#10784=DIRECTION('ref_axis',(6.28036983473512E-15,6.28036983473512E-15,
-1.));
#10785=DIRECTION('center_axis',(-0.707106781186548,0.707106781186547,0.));
#10786=DIRECTION('ref_axis',(6.28036983473512E-15,6.28036983473512E-15,
-1.));
#10787=DIRECTION('',(0.707106781186548,-0.707106781186547,0.));
#10788=DIRECTION('center_axis',(0.707106781186548,-0.707106781186547,0.));
#10789=DIRECTION('ref_axis',(6.28036983473512E-15,6.28036983473512E-15,
-1.));
#10790=DIRECTION('center_axis',(0.707106781186548,-0.707106781186547,0.));
#10791=DIRECTION('ref_axis',(6.28036983473512E-15,6.28036983473512E-15,
-1.));
#10792=DIRECTION('center_axis',(0.707106781186548,-0.707106781186547,0.));
#10793=DIRECTION('ref_axis',(6.28036983473512E-15,6.28036983473512E-15,
-1.));
#10794=DIRECTION('center_axis',(-0.707106781186548,0.707106781186547,0.));
#10795=DIRECTION('ref_axis',(6.28036983473512E-15,6.28036983473512E-15,
-1.));
#10796=DIRECTION('',(0.707106781186548,-0.707106781186547,0.));
#10797=DIRECTION('center_axis',(0.707106781186548,-0.707106781186547,0.));
#10798=DIRECTION('ref_axis',(0.,0.,1.));
#10799=DIRECTION('center_axis',(-0.707106781186548,0.707106781186547,0.));
#10800=DIRECTION('ref_axis',(0.,0.,1.));
#10801=DIRECTION('center_axis',(0.707106781186548,-0.707106781186547,0.));
#10802=DIRECTION('ref_axis',(0.,0.,1.));
#10803=DIRECTION('',(0.707106781186548,-0.707106781186547,0.));
#10804=DIRECTION('center_axis',(-2.85687786265432E-15,-2.85687786265432E-15,
-1.));
#10805=DIRECTION('ref_axis',(0.707106781186547,0.707106781186548,-4.0402354194092E-15));
#10806=DIRECTION('',(-0.707106781186547,-0.707106781186548,4.0402354194092E-15));
#10807=DIRECTION('',(0.707106781186547,0.707106781186548,-4.0402354194092E-15));
#10808=DIRECTION('center_axis',(-2.85687786265432E-15,-2.85687786265432E-15,
-1.));
#10809=DIRECTION('ref_axis',(0.707106781186547,0.707106781186548,-4.0402354194092E-15));
#10810=DIRECTION('',(0.707106781186547,0.707106781186548,-4.0402354194092E-15));
#10811=DIRECTION('',(-0.707106781186547,-0.707106781186548,4.0402354194092E-15));
#10812=DIRECTION('',(0.707106781186548,-0.707106781186547,0.));
#10813=DIRECTION('center_axis',(0.707106781186548,-0.707106781186547,0.));
#10814=DIRECTION('ref_axis',(0.,0.,1.));
#10815=DIRECTION('center_axis',(0.707106781186548,-0.707106781186547,0.));
#10816=DIRECTION('ref_axis',(0.,0.,1.));
#10817=DIRECTION('center_axis',(-0.707106781186548,0.707106781186547,0.));
#10818=DIRECTION('ref_axis',(0.,0.,1.));
#10819=DIRECTION('center_axis',(2.85687786265432E-15,2.85687786265432E-15,
1.));
#10820=DIRECTION('ref_axis',(-0.707106781186547,-0.707106781186548,4.0402354194092E-15));
#10821=DIRECTION('',(0.707106781186547,0.707106781186548,-4.0402354194092E-15));
#10822=DIRECTION('',(0.707106781186548,-0.707106781186547,0.));
#10823=DIRECTION('',(-0.707106781186547,-0.707106781186548,4.0402354194092E-15));
#10824=DIRECTION('',(0.707106781186548,-0.707106781186547,0.));
#10825=DIRECTION('center_axis',(2.85687786265432E-15,2.85687786265432E-15,
1.));
#10826=DIRECTION('ref_axis',(-0.707106781186547,-0.707106781186548,4.0402354194092E-15));
#10827=DIRECTION('',(-0.707106781186547,-0.707106781186548,4.0402354194092E-15));
#10828=DIRECTION('',(0.707106781186548,-0.707106781186547,0.));
#10829=DIRECTION('',(0.707106781186547,0.707106781186548,-4.0402354194092E-15));
#10830=DIRECTION('',(0.707106781186548,-0.707106781186547,0.));
#10831=DIRECTION('center_axis',(0.707106781186548,-0.707106781186547,0.));
#10832=DIRECTION('ref_axis',(6.28036983473512E-15,6.28036983473512E-15,
-1.));
#10833=DIRECTION('center_axis',(-0.707106781186548,0.707106781186547,0.));
#10834=DIRECTION('ref_axis',(6.28036983473512E-15,6.28036983473512E-15,
-1.));
#10835=DIRECTION('',(0.707106781186548,-0.707106781186547,0.));
#10836=DIRECTION('center_axis',(0.707106781186548,-0.707106781186547,0.));
#10837=DIRECTION('ref_axis',(6.28036983473512E-15,6.28036983473512E-15,
-1.));
#10838=DIRECTION('center_axis',(0.707106781186548,-0.707106781186547,0.));
#10839=DIRECTION('ref_axis',(6.28036983473512E-15,6.28036983473512E-15,
-1.));
#10840=DIRECTION('center_axis',(0.707106781186548,-0.707106781186547,0.));
#10841=DIRECTION('ref_axis',(6.28036983473512E-15,6.28036983473512E-15,
-1.));
#10842=DIRECTION('center_axis',(-0.707106781186548,0.707106781186547,0.));
#10843=DIRECTION('ref_axis',(6.28036983473512E-15,6.28036983473512E-15,
-1.));
#10844=DIRECTION('',(0.707106781186548,-0.707106781186547,0.));
#10845=DIRECTION('center_axis',(0.707106781186548,-0.707106781186547,0.));
#10846=DIRECTION('ref_axis',(0.,0.,1.));
#10847=DIRECTION('center_axis',(-0.707106781186548,0.707106781186547,0.));
#10848=DIRECTION('ref_axis',(0.,0.,1.));
#10849=DIRECTION('center_axis',(0.707106781186548,-0.707106781186547,0.));
#10850=DIRECTION('ref_axis',(0.,0.,1.));
#10851=DIRECTION('',(0.707106781186548,-0.707106781186547,0.));
#10852=DIRECTION('center_axis',(-3.33302417309671E-15,-3.33302417309671E-15,
-1.));
#10853=DIRECTION('ref_axis',(0.707106781186547,0.707106781186548,-4.71360798931074E-15));
#10854=DIRECTION('',(-0.707106781186547,-0.707106781186548,4.71360798931074E-15));
#10855=DIRECTION('',(0.707106781186547,0.707106781186548,-4.71360798931074E-15));
#10856=DIRECTION('center_axis',(-3.33302417309671E-15,-3.33302417309671E-15,
-1.));
#10857=DIRECTION('ref_axis',(0.707106781186547,0.707106781186548,-4.71360798931074E-15));
#10858=DIRECTION('',(0.707106781186547,0.707106781186548,-4.71360798931074E-15));
#10859=DIRECTION('',(-0.707106781186547,-0.707106781186548,4.71360798931074E-15));
#10860=DIRECTION('',(0.707106781186548,-0.707106781186547,0.));
#10861=DIRECTION('center_axis',(0.707106781186548,-0.707106781186547,0.));
#10862=DIRECTION('ref_axis',(0.,0.,1.));
#10863=DIRECTION('center_axis',(0.707106781186548,-0.707106781186547,0.));
#10864=DIRECTION('ref_axis',(0.,0.,1.));
#10865=DIRECTION('center_axis',(-0.707106781186548,0.707106781186547,0.));
#10866=DIRECTION('ref_axis',(0.,0.,1.));
#10867=DIRECTION('center_axis',(0.707106781186548,-0.707106781186547,0.));
#10868=DIRECTION('ref_axis',(2.74452161777874E-12,2.74452161777874E-12,
-1.));
#10869=DIRECTION('center_axis',(-0.707106781186548,0.707106781186547,0.));
#10870=DIRECTION('ref_axis',(2.74452161777874E-12,2.74452161777874E-12,
-1.));
#10871=DIRECTION('',(0.707106781186548,-0.707106781186547,0.));
#10872=DIRECTION('center_axis',(0.707106781186548,-0.707106781186547,0.));
#10873=DIRECTION('ref_axis',(2.74452161777874E-12,2.74452161777874E-12,
-1.));
#10874=DIRECTION('',(0.707106781186548,-0.707106781186547,0.));
#10875=DIRECTION('center_axis',(0.707106781186548,-0.707106781186547,0.));
#10876=DIRECTION('ref_axis',(2.74452161777874E-12,2.74452161777874E-12,
-1.));
#10877=DIRECTION('center_axis',(0.707106781186548,-0.707106781186547,0.));
#10878=DIRECTION('ref_axis',(2.74452161777874E-12,2.74452161777874E-12,
-1.));
#10879=DIRECTION('',(0.707106781186548,-0.707106781186547,0.));
#10880=DIRECTION('center_axis',(-0.707106781186548,0.707106781186547,0.));
#10881=DIRECTION('ref_axis',(2.74452161777874E-12,2.74452161777874E-12,
-1.));
#10882=DIRECTION('',(0.707106781186548,-0.707106781186547,0.));
#10883=DIRECTION('center_axis',(2.73914925322182E-12,2.73914925322182E-12,
-1.));
#10884=DIRECTION('ref_axis',(0.707106781186547,0.707106781186548,3.87374202327044E-12));
#10885=DIRECTION('',(-0.707106781186547,-0.707106781186548,-3.87374202327044E-12));
#10886=DIRECTION('',(0.707106781186548,-0.707106781186547,0.));
#10887=DIRECTION('',(0.707106781186547,0.707106781186548,3.87374202327044E-12));
#10888=DIRECTION('center_axis',(2.73914925322182E-12,2.73914925322182E-12,
-1.));
#10889=DIRECTION('ref_axis',(0.707106781186547,0.707106781186548,3.87374202327044E-12));
#10890=DIRECTION('',(0.707106781186547,0.707106781186548,3.87374202327044E-12));
#10891=DIRECTION('',(-0.707106781186547,-0.707106781186548,-3.87374202327044E-12));
#10892=DIRECTION('',(0.707106781186548,-0.707106781186547,0.));
#10893=DIRECTION('center_axis',(-2.74293260854392E-12,-2.74293260854392E-12,
1.));
#10894=DIRECTION('ref_axis',(-0.707106781186547,-0.707106781186548,-3.87909249567823E-12));
#10895=DIRECTION('',(0.707106781186547,0.707106781186548,3.87909249567823E-12));
#10896=DIRECTION('',(-0.707106781186547,-0.707106781186548,-3.87909249567823E-12));
#10897=DIRECTION('',(0.707106781186548,-0.707106781186547,0.));
#10898=DIRECTION('center_axis',(0.707106781186548,-0.707106781186547,0.));
#10899=DIRECTION('ref_axis',(-2.738241247944E-12,-2.738241247944E-12,1.));
#10900=DIRECTION('center_axis',(-0.707106781186548,0.707106781186547,0.));
#10901=DIRECTION('ref_axis',(-2.738241247944E-12,-2.738241247944E-12,1.));
#10902=DIRECTION('center_axis',(0.707106781186548,-0.707106781186547,0.));
#10903=DIRECTION('ref_axis',(-2.738241247944E-12,-2.738241247944E-12,1.));
#10904=DIRECTION('center_axis',(0.707106781186548,-0.707106781186547,0.));
#10905=DIRECTION('ref_axis',(-2.738241247944E-12,-2.738241247944E-12,1.));
#10906=DIRECTION('center_axis',(0.707106781186548,-0.707106781186547,0.));
#10907=DIRECTION('ref_axis',(-2.738241247944E-12,-2.738241247944E-12,1.));
#10908=DIRECTION('center_axis',(-0.707106781186548,0.707106781186547,0.));
#10909=DIRECTION('ref_axis',(-2.738241247944E-12,-2.738241247944E-12,1.));
#10910=DIRECTION('',(0.707106781186548,-0.707106781186547,0.));
#10911=DIRECTION('center_axis',(-2.74293260854392E-12,-2.74293260854392E-12,
1.));
#10912=DIRECTION('ref_axis',(-0.707106781186547,-0.707106781186548,-3.87909249567823E-12));
#10913=DIRECTION('',(-0.707106781186547,-0.707106781186548,-3.87909249567823E-12));
#10914=DIRECTION('',(0.707106781186547,0.707106781186548,3.87909249567823E-12));
#10915=DIRECTION('center_axis',(1.7346684151964E-12,1.7346684151964E-12,
1.));
#10916=DIRECTION('ref_axis',(-0.707106781186547,-0.707106781186548,2.45319159899099E-12));
#10917=DIRECTION('',(0.707106781186547,0.707106781186548,-2.45319159899099E-12));
#10918=DIRECTION('',(0.707106781186548,-0.707106781186547,0.));
#10919=DIRECTION('',(-0.707106781186547,-0.707106781186548,2.45319159899099E-12));
#10920=DIRECTION('',(0.707106781186548,-0.707106781186547,0.));
#10921=DIRECTION('center_axis',(1.7346684151964E-12,1.7346684151964E-12,
1.));
#10922=DIRECTION('ref_axis',(-0.707106781186547,-0.707106781186548,2.45319159899099E-12));
#10923=DIRECTION('',(-0.707106781186547,-0.707106781186548,2.45319159899099E-12));
#10924=DIRECTION('',(0.707106781186548,-0.707106781186547,0.));
#10925=DIRECTION('',(0.707106781186547,0.707106781186548,-2.45319159899099E-12));
#10926=DIRECTION('',(0.707106781186548,-0.707106781186547,0.));
#10927=DIRECTION('center_axis',(0.707106781186548,-0.707106781186547,0.));
#10928=DIRECTION('ref_axis',(-6.28036983486741E-15,-6.28036983486741E-15,
-1.));
#10929=DIRECTION('center_axis',(-0.707106781186548,0.707106781186547,0.));
#10930=DIRECTION('ref_axis',(-6.28036983486741E-15,-6.28036983486741E-15,
-1.));
#10931=DIRECTION('',(0.707106781186548,-0.707106781186547,0.));
#10932=DIRECTION('center_axis',(0.707106781186548,-0.707106781186547,0.));
#10933=DIRECTION('ref_axis',(-6.28036983486741E-15,-6.28036983486741E-15,
-1.));
#10934=DIRECTION('center_axis',(0.707106781186548,-0.707106781186547,0.));
#10935=DIRECTION('ref_axis',(-6.28036983486741E-15,-6.28036983486741E-15,
-1.));
#10936=DIRECTION('center_axis',(0.707106781186548,-0.707106781186547,0.));
#10937=DIRECTION('ref_axis',(-6.28036983486741E-15,-6.28036983486741E-15,
-1.));
#10938=DIRECTION('center_axis',(-0.707106781186548,0.707106781186547,0.));
#10939=DIRECTION('ref_axis',(-6.28036983486741E-15,-6.28036983486741E-15,
-1.));
#10940=DIRECTION('',(0.707106781186548,-0.707106781186547,0.));
#10941=DIRECTION('center_axis',(0.707106781186548,-0.707106781186547,0.));
#10942=DIRECTION('ref_axis',(1.25607396697345E-14,1.25607396697345E-14,
1.));
#10943=DIRECTION('center_axis',(-0.707106781186548,0.707106781186547,0.));
#10944=DIRECTION('ref_axis',(1.25607396697345E-14,1.25607396697345E-14,
1.));
#10945=DIRECTION('center_axis',(0.707106781186548,-0.707106781186547,0.));
#10946=DIRECTION('ref_axis',(1.25607396697345E-14,1.25607396697345E-14,
1.));
#10947=DIRECTION('',(0.707106781186548,-0.707106781186547,0.));
#10948=DIRECTION('center_axis',(-7.56671064425914E-15,-7.56671064425914E-15,
-1.));
#10949=DIRECTION('ref_axis',(0.707106781186547,0.707106781186548,-1.07009448156641E-14));
#10950=DIRECTION('',(-0.707106781186547,-0.707106781186548,1.07009448156641E-14));
#10951=DIRECTION('',(0.707106781186547,0.707106781186548,-1.07009448156641E-14));
#10952=DIRECTION('center_axis',(-7.56671064425914E-15,-7.56671064425914E-15,
-1.));
#10953=DIRECTION('ref_axis',(0.707106781186547,0.707106781186548,-1.07009448156641E-14));
#10954=DIRECTION('',(0.707106781186547,0.707106781186548,-1.07009448156641E-14));
#10955=DIRECTION('',(-0.707106781186547,-0.707106781186548,1.07009448156641E-14));
#10956=DIRECTION('',(0.707106781186548,-0.707106781186547,0.));
#10957=DIRECTION('center_axis',(0.707106781186548,-0.707106781186547,0.));
#10958=DIRECTION('ref_axis',(1.25607396697345E-14,1.25607396697345E-14,
1.));
#10959=DIRECTION('center_axis',(0.707106781186548,-0.707106781186547,0.));
#10960=DIRECTION('ref_axis',(1.25607396697345E-14,1.25607396697345E-14,
1.));
#10961=DIRECTION('center_axis',(-0.707106781186548,0.707106781186547,0.));
#10962=DIRECTION('ref_axis',(1.25607396697345E-14,1.25607396697345E-14,
1.));
#10963=DIRECTION('center_axis',(0.707106781186548,-0.707106781186547,0.));
#10964=DIRECTION('ref_axis',(-6.28036983486738E-15,-6.28036983486738E-15,
-1.));
#10965=DIRECTION('center_axis',(-0.707106781186548,0.707106781186547,0.));
#10966=DIRECTION('ref_axis',(-6.28036983486738E-15,-6.28036983486738E-15,
-1.));
#10967=DIRECTION('',(0.707106781186548,-0.707106781186547,0.));
#10968=DIRECTION('center_axis',(0.707106781186548,-0.707106781186547,0.));
#10969=DIRECTION('ref_axis',(-6.28036983486738E-15,-6.28036983486738E-15,
-1.));
#10970=DIRECTION('',(0.707106781186548,-0.707106781186547,0.));
#10971=DIRECTION('center_axis',(0.707106781186548,-0.707106781186547,0.));
#10972=DIRECTION('ref_axis',(-6.28036983486738E-15,-6.28036983486738E-15,
-1.));
#10973=DIRECTION('center_axis',(0.707106781186548,-0.707106781186547,0.));
#10974=DIRECTION('ref_axis',(-6.28036983486738E-15,-6.28036983486738E-15,
-1.));
#10975=DIRECTION('',(0.707106781186548,-0.707106781186547,0.));
#10976=DIRECTION('center_axis',(-0.707106781186548,0.707106781186547,0.));
#10977=DIRECTION('ref_axis',(-6.28036983486738E-15,-6.28036983486738E-15,
-1.));
#10978=DIRECTION('',(0.707106781186548,-0.707106781186547,0.));
#10979=DIRECTION('center_axis',(-7.56671064425914E-15,-7.56671064425914E-15,
-1.));
#10980=DIRECTION('ref_axis',(0.707106781186547,0.707106781186548,-1.07009448156641E-14));
#10981=DIRECTION('',(-0.707106781186547,-0.707106781186548,1.07009448156641E-14));
#10982=DIRECTION('',(0.707106781186548,-0.707106781186547,0.));
#10983=DIRECTION('',(0.707106781186547,0.707106781186548,-1.07009448156641E-14));
#10984=DIRECTION('center_axis',(-7.56671064425914E-15,-7.56671064425914E-15,
-1.));
#10985=DIRECTION('ref_axis',(0.707106781186547,0.707106781186548,-1.07009448156641E-14));
#10986=DIRECTION('',(0.707106781186547,0.707106781186548,-1.07009448156641E-14));
#10987=DIRECTION('',(-0.707106781186547,-0.707106781186548,1.07009448156641E-14));
#10988=DIRECTION('',(0.707106781186548,-0.707106781186547,0.));
#10989=DIRECTION('center_axis',(1.73277673753533E-12,1.73277673753533E-12,
1.));
#10990=DIRECTION('ref_axis',(-0.707106781186547,-0.707106781186548,2.45051636278707E-12));
#10991=DIRECTION('',(0.707106781186547,0.707106781186548,-2.45051636278707E-12));
#10992=DIRECTION('',(-0.707106781186547,-0.707106781186548,2.45051636278707E-12));
#10993=DIRECTION('',(0.707106781186548,-0.707106781186547,0.));
#10994=DIRECTION('center_axis',(0.707106781186548,-0.707106781186547,0.));
#10995=DIRECTION('ref_axis',(1.25607396697345E-14,1.25607396697345E-14,
1.));
#10996=DIRECTION('center_axis',(-0.707106781186548,0.707106781186547,0.));
#10997=DIRECTION('ref_axis',(1.25607396697345E-14,1.25607396697345E-14,
1.));
#10998=DIRECTION('center_axis',(0.707106781186548,-0.707106781186547,0.));
#10999=DIRECTION('ref_axis',(1.25607396697345E-14,1.25607396697345E-14,
1.));
#11000=DIRECTION('center_axis',(0.707106781186548,-0.707106781186547,0.));
#11001=DIRECTION('ref_axis',(1.25607396697345E-14,1.25607396697345E-14,
1.));
#11002=DIRECTION('center_axis',(0.707106781186548,-0.707106781186547,0.));
#11003=DIRECTION('ref_axis',(1.25607396697345E-14,1.25607396697345E-14,
1.));
#11004=DIRECTION('center_axis',(-0.707106781186548,0.707106781186547,0.));
#11005=DIRECTION('ref_axis',(1.25607396697345E-14,1.25607396697345E-14,
1.));
#11006=DIRECTION('',(0.707106781186548,-0.707106781186547,0.));
#11007=DIRECTION('center_axis',(1.73277673753533E-12,1.73277673753533E-12,
1.));
#11008=DIRECTION('ref_axis',(-0.707106781186547,-0.707106781186548,2.45051636278707E-12));
#11009=DIRECTION('',(-0.707106781186547,-0.707106781186548,2.45051636278707E-12));
#11010=DIRECTION('',(0.707106781186547,0.707106781186548,-2.45051636278707E-12));
#11011=DIRECTION('center_axis',(0.707106781186548,-0.707106781186547,0.));
#11012=DIRECTION('ref_axis',(3.51619993577666E-5,3.51619993577667E-5,0.999999998763634));
#11013=DIRECTION('center_axis',(-0.707106781186548,0.707106781186547,0.));
#11014=DIRECTION('ref_axis',(3.51619993577666E-5,3.51619993577667E-5,0.999999998763634));
#11015=DIRECTION('',(0.707106781186548,-0.707106781186547,0.));
#11016=DIRECTION('center_axis',(0.707106781186548,-0.707106781186547,0.));
#11017=DIRECTION('ref_axis',(3.51619993577666E-5,3.51619993577667E-5,0.999999998763634));
#11018=DIRECTION('',(0.707106781186548,-0.707106781186547,0.));
#11019=DIRECTION('center_axis',(0.707106781186548,-0.707106781186547,0.));
#11020=DIRECTION('ref_axis',(3.51619993577666E-5,3.51619993577667E-5,0.999999998763634));
#11021=DIRECTION('center_axis',(0.707106781186548,-0.707106781186547,0.));
#11022=DIRECTION('ref_axis',(3.51619993577666E-5,3.51619993577667E-5,0.999999998763634));
#11023=DIRECTION('',(0.707106781186548,-0.707106781186547,0.));
#11024=DIRECTION('center_axis',(-0.707106781186548,0.707106781186547,0.));
#11025=DIRECTION('ref_axis',(3.51619993577666E-5,3.51619993577667E-5,0.999999998763634));
#11026=DIRECTION('',(0.707106781186548,-0.707106781186547,0.));
#11027=DIRECTION('center_axis',(3.51619993557469E-5,3.51619993557469E-5,
0.999999998763634));
#11028=DIRECTION('ref_axis',(-0.707106780312304,-0.707106780312305,4.97265763690513E-5));
#11029=DIRECTION('',(0.707106780312304,0.707106780312305,-4.97265763690513E-5));
#11030=DIRECTION('',(0.707106781186548,-0.707106781186547,0.));
#11031=DIRECTION('',(-0.707106780312304,-0.707106780312305,4.97265763690513E-5));
#11032=DIRECTION('center_axis',(3.51619993557469E-5,3.51619993557469E-5,
0.999999998763634));
#11033=DIRECTION('ref_axis',(-0.707106780312304,-0.707106780312305,4.97265763690513E-5));
#11034=DIRECTION('',(-0.707106780312304,-0.707106780312305,4.97265763690513E-5));
#11035=DIRECTION('',(0.707106780312304,0.707106780312305,-4.97265763690513E-5));
#11036=DIRECTION('',(0.707106781186548,-0.707106781186547,0.));
#11037=DIRECTION('center_axis',(3.51619934415336E-5,3.51619934415337E-5,
-0.999999998763634));
#11038=DIRECTION('ref_axis',(0.707106780312305,0.707106780312305,4.97265680050907E-5));
#11039=DIRECTION('',(-0.707106780312305,-0.707106780312305,-4.97265680050907E-5));
#11040=DIRECTION('',(0.707106780312305,0.707106780312305,4.97265680050907E-5));
#11041=DIRECTION('',(0.707106781186548,-0.707106781186547,0.));
#11042=DIRECTION('center_axis',(0.707106781186548,-0.707106781186547,0.));
#11043=DIRECTION('ref_axis',(-0.707106781186547,-0.707106781186548,4.17984050617724E-12));
#11044=DIRECTION('center_axis',(-0.707106781186548,0.707106781186547,0.));
#11045=DIRECTION('ref_axis',(3.51619934418578E-5,3.51619934418579E-5,-0.999999998763634));
#11046=DIRECTION('center_axis',(0.707106781186548,-0.707106781186547,0.));
#11047=DIRECTION('ref_axis',(3.51619934418578E-5,3.51619934418579E-5,-0.999999998763634));
#11048=DIRECTION('center_axis',(0.707106781186548,-0.707106781186547,0.));
#11049=DIRECTION('ref_axis',(-0.707106781186547,-0.707106781186548,4.17984050617724E-12));
#11050=DIRECTION('center_axis',(0.707106781186548,-0.707106781186547,0.));
#11051=DIRECTION('ref_axis',(3.51619934418578E-5,3.51619934418579E-5,-0.999999998763634));
#11052=DIRECTION('center_axis',(-0.707106781186548,0.707106781186547,0.));
#11053=DIRECTION('ref_axis',(3.51619934418578E-5,3.51619934418579E-5,-0.999999998763634));
#11054=DIRECTION('',(0.707106781186548,-0.707106781186547,0.));
#11055=DIRECTION('center_axis',(3.51619934415336E-5,3.51619934415337E-5,
-0.999999998763634));
#11056=DIRECTION('ref_axis',(0.707106780312305,0.707106780312305,4.97265680050907E-5));
#11057=DIRECTION('',(0.707106780312305,0.707106780312305,4.97265680050907E-5));
#11058=DIRECTION('',(-0.707106780312305,-0.707106780312305,-4.97265680050907E-5));
#11059=DIRECTION('center_axis',(0.707106781186548,-0.707106781186547,0.));
#11060=DIRECTION('ref_axis',(3.51619993577666E-5,3.51619993577667E-5,0.999999998763634));
#11061=DIRECTION('center_axis',(-0.707106781186548,0.707106781186547,0.));
#11062=DIRECTION('ref_axis',(3.51619993577666E-5,3.51619993577667E-5,0.999999998763634));
#11063=DIRECTION('',(0.707106781186548,-0.707106781186547,0.));
#11064=DIRECTION('center_axis',(0.707106781186548,-0.707106781186547,0.));
#11065=DIRECTION('ref_axis',(3.51619993577666E-5,3.51619993577667E-5,0.999999998763634));
#11066=DIRECTION('',(0.707106781186548,-0.707106781186547,0.));
#11067=DIRECTION('center_axis',(0.707106781186548,-0.707106781186547,0.));
#11068=DIRECTION('ref_axis',(3.51619993577666E-5,3.51619993577667E-5,0.999999998763634));
#11069=DIRECTION('center_axis',(0.707106781186548,-0.707106781186547,0.));
#11070=DIRECTION('ref_axis',(3.51619993577666E-5,3.51619993577667E-5,0.999999998763634));
#11071=DIRECTION('',(0.707106781186548,-0.707106781186547,0.));
#11072=DIRECTION('center_axis',(-0.707106781186548,0.707106781186547,0.));
#11073=DIRECTION('ref_axis',(3.51619993577666E-5,3.51619993577667E-5,0.999999998763634));
#11074=DIRECTION('',(0.707106781186548,-0.707106781186547,0.));
#11075=DIRECTION('center_axis',(3.51619993557469E-5,3.51619993557469E-5,
0.999999998763634));
#11076=DIRECTION('ref_axis',(-0.707106780312304,-0.707106780312305,4.97265763690513E-5));
#11077=DIRECTION('',(0.707106780312304,0.707106780312305,-4.97265763690513E-5));
#11078=DIRECTION('',(0.707106781186548,-0.707106781186547,0.));
#11079=DIRECTION('',(-0.707106780312304,-0.707106780312305,4.97265763690513E-5));
#11080=DIRECTION('center_axis',(3.51619993557469E-5,3.51619993557469E-5,
0.999999998763634));
#11081=DIRECTION('ref_axis',(-0.707106780312304,-0.707106780312305,4.97265763690513E-5));
#11082=DIRECTION('',(-0.707106780312304,-0.707106780312305,4.97265763690513E-5));
#11083=DIRECTION('',(0.707106780312304,0.707106780312305,-4.97265763690513E-5));
#11084=DIRECTION('',(0.707106781186548,-0.707106781186547,0.));
#11085=DIRECTION('center_axis',(3.51619934415336E-5,3.51619934415337E-5,
-0.999999998763634));
#11086=DIRECTION('ref_axis',(0.707106780312305,0.707106780312305,4.97265680050907E-5));
#11087=DIRECTION('',(-0.707106780312305,-0.707106780312305,-4.97265680050907E-5));
#11088=DIRECTION('',(0.707106780312305,0.707106780312305,4.97265680050907E-5));
#11089=DIRECTION('',(0.707106781186548,-0.707106781186547,0.));
#11090=DIRECTION('center_axis',(0.707106781186548,-0.707106781186547,0.));
#11091=DIRECTION('ref_axis',(-0.707106781186547,-0.707106781186548,4.17984050617724E-12));
#11092=DIRECTION('center_axis',(-0.707106781186548,0.707106781186547,0.));
#11093=DIRECTION('ref_axis',(3.51619934418578E-5,3.51619934418579E-5,-0.999999998763634));
#11094=DIRECTION('center_axis',(0.707106781186548,-0.707106781186547,0.));
#11095=DIRECTION('ref_axis',(3.51619934418578E-5,3.51619934418579E-5,-0.999999998763634));
#11096=DIRECTION('center_axis',(0.707106781186548,-0.707106781186547,0.));
#11097=DIRECTION('ref_axis',(-0.707106781186547,-0.707106781186548,4.17984050617724E-12));
#11098=DIRECTION('center_axis',(0.707106781186548,-0.707106781186547,0.));
#11099=DIRECTION('ref_axis',(3.51619934418578E-5,3.51619934418579E-5,-0.999999998763634));
#11100=DIRECTION('center_axis',(-0.707106781186548,0.707106781186547,0.));
#11101=DIRECTION('ref_axis',(3.51619934418578E-5,3.51619934418579E-5,-0.999999998763634));
#11102=DIRECTION('',(0.707106781186548,-0.707106781186547,0.));
#11103=DIRECTION('center_axis',(3.51619934415336E-5,3.51619934415337E-5,
-0.999999998763634));
#11104=DIRECTION('ref_axis',(0.707106780312305,0.707106780312305,4.97265680050907E-5));
#11105=DIRECTION('',(0.707106780312305,0.707106780312305,4.97265680050907E-5));
#11106=DIRECTION('',(-0.707106780312305,-0.707106780312305,-4.97265680050907E-5));
#11107=DIRECTION('center_axis',(0.707106781186548,-0.707106781186547,0.));
#11108=DIRECTION('ref_axis',(3.51619993577666E-5,3.51619993577667E-5,0.999999998763634));
#11109=DIRECTION('center_axis',(-0.707106781186548,0.707106781186547,0.));
#11110=DIRECTION('ref_axis',(3.51619993577666E-5,3.51619993577667E-5,0.999999998763634));
#11111=DIRECTION('',(0.707106781186548,-0.707106781186547,0.));
#11112=DIRECTION('center_axis',(0.707106781186548,-0.707106781186547,0.));
#11113=DIRECTION('ref_axis',(3.51619993577666E-5,3.51619993577667E-5,0.999999998763634));
#11114=DIRECTION('',(0.707106781186548,-0.707106781186547,0.));
#11115=DIRECTION('center_axis',(0.707106781186548,-0.707106781186547,0.));
#11116=DIRECTION('ref_axis',(3.51619993577666E-5,3.51619993577667E-5,0.999999998763634));
#11117=DIRECTION('center_axis',(0.707106781186548,-0.707106781186547,0.));
#11118=DIRECTION('ref_axis',(3.51619993577666E-5,3.51619993577667E-5,0.999999998763634));
#11119=DIRECTION('',(0.707106781186548,-0.707106781186547,0.));
#11120=DIRECTION('center_axis',(-0.707106781186548,0.707106781186547,0.));
#11121=DIRECTION('ref_axis',(3.51619993577666E-5,3.51619993577667E-5,0.999999998763634));
#11122=DIRECTION('',(0.707106781186548,-0.707106781186547,0.));
#11123=DIRECTION('center_axis',(3.51619993557469E-5,3.51619993557469E-5,
0.999999998763634));
#11124=DIRECTION('ref_axis',(-0.707106780312304,-0.707106780312305,4.97265763690513E-5));
#11125=DIRECTION('',(0.707106780312304,0.707106780312305,-4.97265763690513E-5));
#11126=DIRECTION('',(0.707106781186548,-0.707106781186547,0.));
#11127=DIRECTION('',(-0.707106780312304,-0.707106780312305,4.97265763690513E-5));
#11128=DIRECTION('center_axis',(3.51619993557469E-5,3.51619993557469E-5,
0.999999998763634));
#11129=DIRECTION('ref_axis',(-0.707106780312304,-0.707106780312305,4.97265763690513E-5));
#11130=DIRECTION('',(-0.707106780312304,-0.707106780312305,4.97265763690513E-5));
#11131=DIRECTION('',(0.707106780312304,0.707106780312305,-4.97265763690513E-5));
#11132=DIRECTION('',(0.707106781186548,-0.707106781186547,0.));
#11133=DIRECTION('center_axis',(3.51619934415336E-5,3.51619934415337E-5,
-0.999999998763634));
#11134=DIRECTION('ref_axis',(0.707106780312305,0.707106780312305,4.97265680050907E-5));
#11135=DIRECTION('',(-0.707106780312305,-0.707106780312305,-4.97265680050907E-5));
#11136=DIRECTION('',(0.707106780312305,0.707106780312305,4.97265680050907E-5));
#11137=DIRECTION('',(0.707106781186548,-0.707106781186547,0.));
#11138=DIRECTION('center_axis',(0.707106781186548,-0.707106781186547,0.));
#11139=DIRECTION('ref_axis',(-0.707106781186547,-0.707106781186548,4.17984050617724E-12));
#11140=DIRECTION('center_axis',(-0.707106781186548,0.707106781186547,0.));
#11141=DIRECTION('ref_axis',(3.51619934418578E-5,3.51619934418579E-5,-0.999999998763634));
#11142=DIRECTION('center_axis',(0.707106781186548,-0.707106781186547,0.));
#11143=DIRECTION('ref_axis',(3.51619934418578E-5,3.51619934418579E-5,-0.999999998763634));
#11144=DIRECTION('center_axis',(0.707106781186548,-0.707106781186547,0.));
#11145=DIRECTION('ref_axis',(-0.707106781186547,-0.707106781186548,4.17984050617724E-12));
#11146=DIRECTION('center_axis',(0.707106781186548,-0.707106781186547,0.));
#11147=DIRECTION('ref_axis',(3.51619934418578E-5,3.51619934418579E-5,-0.999999998763634));
#11148=DIRECTION('center_axis',(-0.707106781186548,0.707106781186547,0.));
#11149=DIRECTION('ref_axis',(3.51619934418578E-5,3.51619934418579E-5,-0.999999998763634));
#11150=DIRECTION('',(0.707106781186548,-0.707106781186547,0.));
#11151=DIRECTION('center_axis',(3.51619934415336E-5,3.51619934415337E-5,
-0.999999998763634));
#11152=DIRECTION('ref_axis',(0.707106780312305,0.707106780312305,4.97265680050907E-5));
#11153=DIRECTION('',(0.707106780312305,0.707106780312305,4.97265680050907E-5));
#11154=DIRECTION('',(-0.707106780312305,-0.707106780312305,-4.97265680050907E-5));
#11155=DIRECTION('center_axis',(0.707106781186548,-0.707106781186547,0.));
#11156=DIRECTION('ref_axis',(3.51619993577666E-5,3.51619993577667E-5,0.999999998763634));
#11157=DIRECTION('center_axis',(-0.707106781186548,0.707106781186547,0.));
#11158=DIRECTION('ref_axis',(3.51619993577666E-5,3.51619993577667E-5,0.999999998763634));
#11159=DIRECTION('',(0.707106781186548,-0.707106781186547,0.));
#11160=DIRECTION('center_axis',(0.707106781186548,-0.707106781186547,0.));
#11161=DIRECTION('ref_axis',(3.51619993577666E-5,3.51619993577667E-5,0.999999998763634));
#11162=DIRECTION('',(0.707106781186548,-0.707106781186547,0.));
#11163=DIRECTION('center_axis',(0.707106781186548,-0.707106781186547,0.));
#11164=DIRECTION('ref_axis',(3.51619993577666E-5,3.51619993577667E-5,0.999999998763634));
#11165=DIRECTION('center_axis',(0.707106781186548,-0.707106781186547,0.));
#11166=DIRECTION('ref_axis',(3.51619993577666E-5,3.51619993577667E-5,0.999999998763634));
#11167=DIRECTION('',(0.707106781186548,-0.707106781186547,0.));
#11168=DIRECTION('center_axis',(-0.707106781186548,0.707106781186547,0.));
#11169=DIRECTION('ref_axis',(3.51619993577666E-5,3.51619993577667E-5,0.999999998763634));
#11170=DIRECTION('',(0.707106781186548,-0.707106781186547,0.));
#11171=DIRECTION('center_axis',(3.51619993552707E-5,3.51619993552707E-5,
0.999999998763634));
#11172=DIRECTION('ref_axis',(-0.707106780312304,-0.707106780312305,4.97265763683779E-5));
#11173=DIRECTION('',(0.707106780312304,0.707106780312305,-4.97265763683779E-5));
#11174=DIRECTION('',(0.707106781186548,-0.707106781186547,0.));
#11175=DIRECTION('',(-0.707106780312304,-0.707106780312305,4.97265763683779E-5));
#11176=DIRECTION('center_axis',(3.51619993552707E-5,3.51619993552707E-5,
0.999999998763634));
#11177=DIRECTION('ref_axis',(-0.707106780312304,-0.707106780312305,4.97265763683779E-5));
#11178=DIRECTION('',(-0.707106780312304,-0.707106780312305,4.97265763683779E-5));
#11179=DIRECTION('',(0.707106780312304,0.707106780312305,-4.97265763683779E-5));
#11180=DIRECTION('',(0.707106781186548,-0.707106781186547,0.));
#11181=DIRECTION('center_axis',(3.51619934415336E-5,3.51619934415337E-5,
-0.999999998763634));
#11182=DIRECTION('ref_axis',(0.707106780312305,0.707106780312305,4.97265680050907E-5));
#11183=DIRECTION('',(-0.707106780312305,-0.707106780312305,-4.97265680050907E-5));
#11184=DIRECTION('',(0.707106780312305,0.707106780312305,4.97265680050907E-5));
#11185=DIRECTION('',(0.707106781186548,-0.707106781186547,0.));
#11186=DIRECTION('center_axis',(0.707106781186548,-0.707106781186547,0.));
#11187=DIRECTION('ref_axis',(-0.707106781186547,-0.707106781186548,4.17984072633359E-12));
#11188=DIRECTION('center_axis',(-0.707106781186548,0.707106781186547,0.));
#11189=DIRECTION('ref_axis',(3.51619934418577E-5,3.51619934418577E-5,-0.999999998763634));
#11190=DIRECTION('center_axis',(0.707106781186548,-0.707106781186547,0.));
#11191=DIRECTION('ref_axis',(3.51619934418577E-5,3.51619934418577E-5,-0.999999998763634));
#11192=DIRECTION('center_axis',(0.707106781186548,-0.707106781186547,0.));
#11193=DIRECTION('ref_axis',(-0.707106781186547,-0.707106781186548,4.17984072633359E-12));
#11194=DIRECTION('center_axis',(0.707106781186548,-0.707106781186547,0.));
#11195=DIRECTION('ref_axis',(3.51619934418577E-5,3.51619934418577E-5,-0.999999998763634));
#11196=DIRECTION('center_axis',(-0.707106781186548,0.707106781186547,0.));
#11197=DIRECTION('ref_axis',(3.51619934418577E-5,3.51619934418577E-5,-0.999999998763634));
#11198=DIRECTION('',(0.707106781186548,-0.707106781186547,0.));
#11199=DIRECTION('center_axis',(3.51619934415336E-5,3.51619934415337E-5,
-0.999999998763634));
#11200=DIRECTION('ref_axis',(0.707106780312305,0.707106780312305,4.97265680050907E-5));
#11201=DIRECTION('',(0.707106780312305,0.707106780312305,4.97265680050907E-5));
#11202=DIRECTION('',(-0.707106780312305,-0.707106780312305,-4.97265680050907E-5));
#11203=DIRECTION('center_axis',(0.707106781186548,-0.707106781186547,0.));
#11204=DIRECTION('ref_axis',(-6.28036983486743E-15,-6.28036983486744E-15,
-1.));
#11205=DIRECTION('center_axis',(-0.707106781186548,0.707106781186547,0.));
#11206=DIRECTION('ref_axis',(-6.28036983486743E-15,-6.28036983486744E-15,
-1.));
#11207=DIRECTION('',(0.707106781186548,-0.707106781186547,0.));
#11208=DIRECTION('center_axis',(0.707106781186548,-0.707106781186547,0.));
#11209=DIRECTION('ref_axis',(-6.28036983486743E-15,-6.28036983486744E-15,
-1.));
#11210=DIRECTION('',(0.707106781186548,-0.707106781186547,0.));
#11211=DIRECTION('center_axis',(0.707106781186548,-0.707106781186547,0.));
#11212=DIRECTION('ref_axis',(-6.28036983486743E-15,-6.28036983486744E-15,
-1.));
#11213=DIRECTION('center_axis',(0.707106781186548,-0.707106781186547,0.));
#11214=DIRECTION('ref_axis',(-6.28036983486743E-15,-6.28036983486744E-15,
-1.));
#11215=DIRECTION('',(0.707106781186548,-0.707106781186547,0.));
#11216=DIRECTION('center_axis',(-0.707106781186548,0.707106781186547,0.));
#11217=DIRECTION('ref_axis',(-6.28036983486743E-15,-6.28036983486744E-15,
-1.));
#11218=DIRECTION('',(0.707106781186548,-0.707106781186547,0.));
#11219=DIRECTION('center_axis',(-7.56671064425914E-15,-7.56671064425914E-15,
-1.));
#11220=DIRECTION('ref_axis',(0.707106781186547,0.707106781186548,-1.07009448156641E-14));
#11221=DIRECTION('',(-0.707106781186547,-0.707106781186548,1.07009448156641E-14));
#11222=DIRECTION('',(0.707106781186548,-0.707106781186547,0.));
#11223=DIRECTION('',(0.707106781186547,0.707106781186548,-1.07009448156641E-14));
#11224=DIRECTION('center_axis',(-7.56671064425914E-15,-7.56671064425914E-15,
-1.));
#11225=DIRECTION('ref_axis',(0.707106781186547,0.707106781186548,-1.07009448156641E-14));
#11226=DIRECTION('',(0.707106781186547,0.707106781186548,-1.07009448156641E-14));
#11227=DIRECTION('',(-0.707106781186547,-0.707106781186548,1.07009448156641E-14));
#11228=DIRECTION('',(0.707106781186548,-0.707106781186547,0.));
#11229=DIRECTION('center_axis',(1.73277673753533E-12,1.73277673753533E-12,
1.));
#11230=DIRECTION('ref_axis',(-0.707106781186547,-0.707106781186548,2.45051636278707E-12));
#11231=DIRECTION('',(0.707106781186547,0.707106781186548,-2.45051636278707E-12));
#11232=DIRECTION('',(-0.707106781186547,-0.707106781186548,2.45051636278707E-12));
#11233=DIRECTION('',(0.707106781186548,-0.707106781186547,0.));
#11234=DIRECTION('center_axis',(0.707106781186548,-0.707106781186547,0.));
#11235=DIRECTION('ref_axis',(1.25607396697345E-14,1.25607396697345E-14,
1.));
#11236=DIRECTION('center_axis',(-0.707106781186548,0.707106781186547,0.));
#11237=DIRECTION('ref_axis',(1.25607396697345E-14,1.25607396697345E-14,
1.));
#11238=DIRECTION('center_axis',(0.707106781186548,-0.707106781186547,0.));
#11239=DIRECTION('ref_axis',(1.25607396697345E-14,1.25607396697345E-14,
1.));
#11240=DIRECTION('center_axis',(0.707106781186548,-0.707106781186547,0.));
#11241=DIRECTION('ref_axis',(1.25607396697345E-14,1.25607396697345E-14,
1.));
#11242=DIRECTION('center_axis',(0.707106781186548,-0.707106781186547,0.));
#11243=DIRECTION('ref_axis',(1.25607396697345E-14,1.25607396697345E-14,
1.));
#11244=DIRECTION('center_axis',(-0.707106781186548,0.707106781186547,0.));
#11245=DIRECTION('ref_axis',(1.25607396697345E-14,1.25607396697345E-14,
1.));
#11246=DIRECTION('',(0.707106781186548,-0.707106781186547,0.));
#11247=DIRECTION('center_axis',(1.73277673753533E-12,1.73277673753533E-12,
1.));
#11248=DIRECTION('ref_axis',(-0.707106781186547,-0.707106781186548,2.45051636278707E-12));
#11249=DIRECTION('',(-0.707106781186547,-0.707106781186548,2.45051636278707E-12));
#11250=DIRECTION('',(0.707106781186547,0.707106781186548,-2.45051636278707E-12));
#11251=DIRECTION('center_axis',(-2.74293260854392E-12,-2.74293260854392E-12,
1.));
#11252=DIRECTION('ref_axis',(-0.707106781186547,-0.707106781186548,-3.87909249567823E-12));
#11253=DIRECTION('',(0.707106781186547,0.707106781186548,3.87909249567823E-12));
#11254=DIRECTION('',(0.707106781186548,-0.707106781186547,0.));
#11255=DIRECTION('',(-0.707106781186547,-0.707106781186548,-3.87909249567823E-12));
#11256=DIRECTION('',(0.707106781186548,-0.707106781186547,0.));
#11257=DIRECTION('center_axis',(-2.74293260854392E-12,-2.74293260854392E-12,
1.));
#11258=DIRECTION('ref_axis',(-0.707106781186547,-0.707106781186548,-3.87909249567823E-12));
#11259=DIRECTION('',(-0.707106781186547,-0.707106781186548,-3.87909249567823E-12));
#11260=DIRECTION('',(0.707106781186548,-0.707106781186547,0.));
#11261=DIRECTION('',(0.707106781186547,0.707106781186548,3.87909249567823E-12));
#11262=DIRECTION('',(0.707106781186548,-0.707106781186547,0.));
#11263=DIRECTION('center_axis',(0.707106781186548,-0.707106781186547,0.));
#11264=DIRECTION('ref_axis',(2.74452161777875E-12,2.74452161777875E-12,
-1.));
#11265=DIRECTION('center_axis',(-0.707106781186548,0.707106781186547,0.));
#11266=DIRECTION('ref_axis',(2.74452161777875E-12,2.74452161777875E-12,
-1.));
#11267=DIRECTION('',(0.707106781186548,-0.707106781186547,0.));
#11268=DIRECTION('center_axis',(0.707106781186548,-0.707106781186547,0.));
#11269=DIRECTION('ref_axis',(2.74452161777875E-12,2.74452161777875E-12,
-1.));
#11270=DIRECTION('center_axis',(0.707106781186548,-0.707106781186547,0.));
#11271=DIRECTION('ref_axis',(2.74452161777875E-12,2.74452161777875E-12,
-1.));
#11272=DIRECTION('center_axis',(0.707106781186548,-0.707106781186547,0.));
#11273=DIRECTION('ref_axis',(2.74452161777875E-12,2.74452161777875E-12,
-1.));
#11274=DIRECTION('center_axis',(-0.707106781186548,0.707106781186547,0.));
#11275=DIRECTION('ref_axis',(2.74452161777875E-12,2.74452161777875E-12,
-1.));
#11276=DIRECTION('',(0.707106781186548,-0.707106781186547,0.));
#11277=DIRECTION('center_axis',(0.707106781186548,-0.707106781186547,0.));
#11278=DIRECTION('ref_axis',(-2.738241247944E-12,-2.738241247944E-12,1.));
#11279=DIRECTION('center_axis',(-0.707106781186548,0.707106781186547,0.));
#11280=DIRECTION('ref_axis',(-2.738241247944E-12,-2.738241247944E-12,1.));
#11281=DIRECTION('center_axis',(0.707106781186548,-0.707106781186547,0.));
#11282=DIRECTION('ref_axis',(-2.738241247944E-12,-2.738241247944E-12,1.));
#11283=DIRECTION('',(0.707106781186548,-0.707106781186547,0.));
#11284=DIRECTION('center_axis',(2.73914925322182E-12,2.73914925322182E-12,
-1.));
#11285=DIRECTION('ref_axis',(0.707106781186547,0.707106781186548,3.87374202327044E-12));
#11286=DIRECTION('',(-0.707106781186547,-0.707106781186548,-3.87374202327044E-12));
#11287=DIRECTION('',(0.707106781186547,0.707106781186548,3.87374202327044E-12));
#11288=DIRECTION('center_axis',(2.73914925322182E-12,2.73914925322182E-12,
-1.));
#11289=DIRECTION('ref_axis',(0.707106781186547,0.707106781186548,3.87374202327044E-12));
#11290=DIRECTION('',(0.707106781186547,0.707106781186548,3.87374202327044E-12));
#11291=DIRECTION('',(-0.707106781186547,-0.707106781186548,-3.87374202327044E-12));
#11292=DIRECTION('',(0.707106781186548,-0.707106781186547,0.));
#11293=DIRECTION('center_axis',(0.707106781186548,-0.707106781186547,0.));
#11294=DIRECTION('ref_axis',(-2.738241247944E-12,-2.738241247944E-12,1.));
#11295=DIRECTION('center_axis',(0.707106781186548,-0.707106781186547,0.));
#11296=DIRECTION('ref_axis',(-2.738241247944E-12,-2.738241247944E-12,1.));
#11297=DIRECTION('center_axis',(-0.707106781186548,0.707106781186547,0.));
#11298=DIRECTION('ref_axis',(-2.738241247944E-12,-2.738241247944E-12,1.));
#11299=DIRECTION('center_axis',(0.707106781186548,-0.707106781186547,0.));
#11300=DIRECTION('ref_axis',(2.74452161777875E-12,2.74452161777875E-12,
-1.));
#11301=DIRECTION('center_axis',(-0.707106781186548,0.707106781186547,0.));
#11302=DIRECTION('ref_axis',(2.74452161777875E-12,2.74452161777875E-12,
-1.));
#11303=DIRECTION('',(0.707106781186548,-0.707106781186547,0.));
#11304=DIRECTION('center_axis',(0.707106781186548,-0.707106781186547,0.));
#11305=DIRECTION('ref_axis',(2.74452161777875E-12,2.74452161777875E-12,
-1.));
#11306=DIRECTION('',(0.707106781186548,-0.707106781186547,0.));
#11307=DIRECTION('center_axis',(0.707106781186548,-0.707106781186547,0.));
#11308=DIRECTION('ref_axis',(2.74452161777875E-12,2.74452161777875E-12,
-1.));
#11309=DIRECTION('center_axis',(0.707106781186548,-0.707106781186547,0.));
#11310=DIRECTION('ref_axis',(2.74452161777875E-12,2.74452161777875E-12,
-1.));
#11311=DIRECTION('',(0.707106781186548,-0.707106781186547,0.));
#11312=DIRECTION('center_axis',(-0.707106781186548,0.707106781186547,0.));
#11313=DIRECTION('ref_axis',(2.74452161777875E-12,2.74452161777875E-12,
-1.));
#11314=DIRECTION('',(0.707106781186548,-0.707106781186547,0.));
#11315=DIRECTION('center_axis',(2.73914925322182E-12,2.73914925322182E-12,
-1.));
#11316=DIRECTION('ref_axis',(0.707106781186547,0.707106781186548,3.87374202327044E-12));
#11317=DIRECTION('',(-0.707106781186547,-0.707106781186548,-3.87374202327044E-12));
#11318=DIRECTION('',(0.707106781186548,-0.707106781186547,0.));
#11319=DIRECTION('',(0.707106781186547,0.707106781186548,3.87374202327044E-12));
#11320=DIRECTION('center_axis',(2.73914925322182E-12,2.73914925322182E-12,
-1.));
#11321=DIRECTION('ref_axis',(0.707106781186547,0.707106781186548,3.87374202327044E-12));
#11322=DIRECTION('',(0.707106781186547,0.707106781186548,3.87374202327044E-12));
#11323=DIRECTION('',(-0.707106781186547,-0.707106781186548,-3.87374202327044E-12));
#11324=DIRECTION('',(0.707106781186548,-0.707106781186547,0.));
#11325=DIRECTION('center_axis',(-2.74293260854392E-12,-2.74293260854392E-12,
1.));
#11326=DIRECTION('ref_axis',(-0.707106781186547,-0.707106781186548,-3.87909249567823E-12));
#11327=DIRECTION('',(0.707106781186547,0.707106781186548,3.87909249567823E-12));
#11328=DIRECTION('',(-0.707106781186547,-0.707106781186548,-3.87909249567823E-12));
#11329=DIRECTION('',(0.707106781186548,-0.707106781186547,0.));
#11330=DIRECTION('center_axis',(0.707106781186548,-0.707106781186547,0.));
#11331=DIRECTION('ref_axis',(-2.738241247944E-12,-2.738241247944E-12,1.));
#11332=DIRECTION('center_axis',(-0.707106781186548,0.707106781186547,0.));
#11333=DIRECTION('ref_axis',(-2.738241247944E-12,-2.738241247944E-12,1.));
#11334=DIRECTION('center_axis',(0.707106781186548,-0.707106781186547,0.));
#11335=DIRECTION('ref_axis',(-2.738241247944E-12,-2.738241247944E-12,1.));
#11336=DIRECTION('center_axis',(0.707106781186548,-0.707106781186547,0.));
#11337=DIRECTION('ref_axis',(-2.738241247944E-12,-2.738241247944E-12,1.));
#11338=DIRECTION('center_axis',(0.707106781186548,-0.707106781186547,0.));
#11339=DIRECTION('ref_axis',(-2.738241247944E-12,-2.738241247944E-12,1.));
#11340=DIRECTION('center_axis',(-0.707106781186548,0.707106781186547,0.));
#11341=DIRECTION('ref_axis',(-2.738241247944E-12,-2.738241247944E-12,1.));
#11342=DIRECTION('',(0.707106781186548,-0.707106781186547,0.));
#11343=DIRECTION('center_axis',(-2.74293260854392E-12,-2.74293260854392E-12,
1.));
#11344=DIRECTION('ref_axis',(-0.707106781186547,-0.707106781186548,-3.87909249567823E-12));
#11345=DIRECTION('',(-0.707106781186547,-0.707106781186548,-3.87909249567823E-12));
#11346=DIRECTION('',(0.707106781186547,0.707106781186548,3.87909249567823E-12));
#11347=DIRECTION('center_axis',(2.85687786265432E-15,2.85687786265432E-15,
1.));
#11348=DIRECTION('ref_axis',(-0.707106781186547,-0.707106781186548,4.0402354194092E-15));
#11349=DIRECTION('',(0.707106781186547,0.707106781186548,-4.0402354194092E-15));
#11350=DIRECTION('',(0.707106781186548,-0.707106781186547,0.));
#11351=DIRECTION('',(-0.707106781186547,-0.707106781186548,4.0402354194092E-15));
#11352=DIRECTION('',(0.707106781186548,-0.707106781186547,0.));
#11353=DIRECTION('center_axis',(2.85687786265432E-15,2.85687786265432E-15,
1.));
#11354=DIRECTION('ref_axis',(-0.707106781186547,-0.707106781186548,4.0402354194092E-15));
#11355=DIRECTION('',(-0.707106781186547,-0.707106781186548,4.0402354194092E-15));
#11356=DIRECTION('',(0.707106781186548,-0.707106781186547,0.));
#11357=DIRECTION('',(0.707106781186547,0.707106781186548,-4.0402354194092E-15));
#11358=DIRECTION('',(0.707106781186548,-0.707106781186547,0.));
#11359=DIRECTION('center_axis',(0.707106781186548,-0.707106781186547,0.));
#11360=DIRECTION('ref_axis',(6.28036983473512E-15,6.28036983473512E-15,
-1.));
#11361=DIRECTION('center_axis',(-0.707106781186548,0.707106781186547,0.));
#11362=DIRECTION('ref_axis',(6.28036983473512E-15,6.28036983473512E-15,
-1.));
#11363=DIRECTION('',(0.707106781186548,-0.707106781186547,0.));
#11364=DIRECTION('center_axis',(0.707106781186548,-0.707106781186547,0.));
#11365=DIRECTION('ref_axis',(6.28036983473512E-15,6.28036983473512E-15,
-1.));
#11366=DIRECTION('center_axis',(0.707106781186548,-0.707106781186547,0.));
#11367=DIRECTION('ref_axis',(6.28036983473512E-15,6.28036983473512E-15,
-1.));
#11368=DIRECTION('center_axis',(0.707106781186548,-0.707106781186547,0.));
#11369=DIRECTION('ref_axis',(6.28036983473512E-15,6.28036983473512E-15,
-1.));
#11370=DIRECTION('center_axis',(-0.707106781186548,0.707106781186547,0.));
#11371=DIRECTION('ref_axis',(6.28036983473512E-15,6.28036983473512E-15,
-1.));
#11372=DIRECTION('',(0.707106781186548,-0.707106781186547,0.));
#11373=DIRECTION('center_axis',(0.707106781186548,-0.707106781186547,0.));
#11374=DIRECTION('ref_axis',(0.,0.,1.));
#11375=DIRECTION('center_axis',(-0.707106781186548,0.707106781186547,0.));
#11376=DIRECTION('ref_axis',(0.,0.,1.));
#11377=DIRECTION('center_axis',(0.707106781186548,-0.707106781186547,0.));
#11378=DIRECTION('ref_axis',(0.,0.,1.));
#11379=DIRECTION('',(0.707106781186548,-0.707106781186547,0.));
#11380=DIRECTION('center_axis',(-3.8091704835391E-15,-3.8091704835391E-15,
-1.));
#11381=DIRECTION('ref_axis',(0.707106781186547,0.707106781186548,-5.38698055921227E-15));
#11382=DIRECTION('',(-0.707106781186547,-0.707106781186548,5.38698055921227E-15));
#11383=DIRECTION('',(0.707106781186547,0.707106781186548,-5.38698055921227E-15));
#11384=DIRECTION('center_axis',(-3.8091704835391E-15,-3.8091704835391E-15,
-1.));
#11385=DIRECTION('ref_axis',(0.707106781186547,0.707106781186548,-5.38698055921227E-15));
#11386=DIRECTION('',(0.707106781186547,0.707106781186548,-5.38698055921227E-15));
#11387=DIRECTION('',(-0.707106781186547,-0.707106781186548,5.38698055921227E-15));
#11388=DIRECTION('',(0.707106781186548,-0.707106781186547,0.));
#11389=DIRECTION('center_axis',(0.707106781186548,-0.707106781186547,0.));
#11390=DIRECTION('ref_axis',(0.,0.,1.));
#11391=DIRECTION('center_axis',(0.707106781186548,-0.707106781186547,0.));
#11392=DIRECTION('ref_axis',(0.,0.,1.));
#11393=DIRECTION('center_axis',(-0.707106781186548,0.707106781186547,0.));
#11394=DIRECTION('ref_axis',(0.,0.,1.));
#11395=DIRECTION('center_axis',(2.85687786265432E-15,2.85687786265432E-15,
1.));
#11396=DIRECTION('ref_axis',(-0.707106781186547,-0.707106781186548,4.0402354194092E-15));
#11397=DIRECTION('',(0.707106781186547,0.707106781186548,-4.0402354194092E-15));
#11398=DIRECTION('',(0.707106781186548,-0.707106781186547,0.));
#11399=DIRECTION('',(-0.707106781186547,-0.707106781186548,4.0402354194092E-15));
#11400=DIRECTION('',(0.707106781186548,-0.707106781186547,0.));
#11401=DIRECTION('center_axis',(2.85687786265432E-15,2.85687786265432E-15,
1.));
#11402=DIRECTION('ref_axis',(-0.707106781186547,-0.707106781186548,4.0402354194092E-15));
#11403=DIRECTION('',(-0.707106781186547,-0.707106781186548,4.0402354194092E-15));
#11404=DIRECTION('',(0.707106781186548,-0.707106781186547,0.));
#11405=DIRECTION('',(0.707106781186547,0.707106781186548,-4.0402354194092E-15));
#11406=DIRECTION('',(0.707106781186548,-0.707106781186547,0.));
#11407=DIRECTION('center_axis',(0.707106781186548,-0.707106781186547,0.));
#11408=DIRECTION('ref_axis',(6.28036983473512E-15,6.28036983473512E-15,
-1.));
#11409=DIRECTION('center_axis',(-0.707106781186548,0.707106781186547,0.));
#11410=DIRECTION('ref_axis',(6.28036983473512E-15,6.28036983473512E-15,
-1.));
#11411=DIRECTION('',(0.707106781186548,-0.707106781186547,0.));
#11412=DIRECTION('center_axis',(0.707106781186548,-0.707106781186547,0.));
#11413=DIRECTION('ref_axis',(6.28036983473512E-15,6.28036983473512E-15,
-1.));
#11414=DIRECTION('center_axis',(0.707106781186548,-0.707106781186547,0.));
#11415=DIRECTION('ref_axis',(6.28036983473512E-15,6.28036983473512E-15,
-1.));
#11416=DIRECTION('center_axis',(0.707106781186548,-0.707106781186547,0.));
#11417=DIRECTION('ref_axis',(6.28036983473512E-15,6.28036983473512E-15,
-1.));
#11418=DIRECTION('center_axis',(-0.707106781186548,0.707106781186547,0.));
#11419=DIRECTION('ref_axis',(6.28036983473512E-15,6.28036983473512E-15,
-1.));
#11420=DIRECTION('',(0.707106781186548,-0.707106781186547,0.));
#11421=DIRECTION('center_axis',(0.707106781186548,-0.707106781186547,0.));
#11422=DIRECTION('ref_axis',(0.,0.,1.));
#11423=DIRECTION('center_axis',(-0.707106781186548,0.707106781186547,0.));
#11424=DIRECTION('ref_axis',(0.,0.,1.));
#11425=DIRECTION('center_axis',(0.707106781186548,-0.707106781186547,0.));
#11426=DIRECTION('ref_axis',(0.,0.,1.));
#11427=DIRECTION('',(0.707106781186548,-0.707106781186547,0.));
#11428=DIRECTION('center_axis',(-3.8091704835391E-15,-3.8091704835391E-15,
-1.));
#11429=DIRECTION('ref_axis',(0.707106781186547,0.707106781186548,-5.38698055921227E-15));
#11430=DIRECTION('',(-0.707106781186547,-0.707106781186548,5.38698055921227E-15));
#11431=DIRECTION('',(0.707106781186547,0.707106781186548,-5.38698055921227E-15));
#11432=DIRECTION('center_axis',(-3.8091704835391E-15,-3.8091704835391E-15,
-1.));
#11433=DIRECTION('ref_axis',(0.707106781186547,0.707106781186548,-5.38698055921227E-15));
#11434=DIRECTION('',(0.707106781186547,0.707106781186548,-5.38698055921227E-15));
#11435=DIRECTION('',(-0.707106781186547,-0.707106781186548,5.38698055921227E-15));
#11436=DIRECTION('',(0.707106781186548,-0.707106781186547,0.));
#11437=DIRECTION('center_axis',(0.707106781186548,-0.707106781186547,0.));
#11438=DIRECTION('ref_axis',(0.,0.,1.));
#11439=DIRECTION('center_axis',(0.707106781186548,-0.707106781186547,0.));
#11440=DIRECTION('ref_axis',(0.,0.,1.));
#11441=DIRECTION('center_axis',(-0.707106781186548,0.707106781186547,0.));
#11442=DIRECTION('ref_axis',(0.,0.,1.));
#11443=DIRECTION('center_axis',(2.85687786265432E-15,2.85687786265432E-15,
1.));
#11444=DIRECTION('ref_axis',(-0.707106781186547,-0.707106781186548,4.0402354194092E-15));
#11445=DIRECTION('',(0.707106781186547,0.707106781186548,-4.0402354194092E-15));
#11446=DIRECTION('',(0.707106781186548,-0.707106781186547,0.));
#11447=DIRECTION('',(-0.707106781186547,-0.707106781186548,4.0402354194092E-15));
#11448=DIRECTION('',(0.707106781186548,-0.707106781186547,0.));
#11449=DIRECTION('center_axis',(2.85687786265432E-15,2.85687786265432E-15,
1.));
#11450=DIRECTION('ref_axis',(-0.707106781186547,-0.707106781186548,4.0402354194092E-15));
#11451=DIRECTION('',(-0.707106781186547,-0.707106781186548,4.0402354194092E-15));
#11452=DIRECTION('',(0.707106781186548,-0.707106781186547,0.));
#11453=DIRECTION('',(0.707106781186547,0.707106781186548,-4.0402354194092E-15));
#11454=DIRECTION('',(0.707106781186548,-0.707106781186547,0.));
#11455=DIRECTION('center_axis',(0.707106781186548,-0.707106781186547,0.));
#11456=DIRECTION('ref_axis',(6.28036983473512E-15,6.28036983473512E-15,
-1.));
#11457=DIRECTION('center_axis',(-0.707106781186548,0.707106781186547,0.));
#11458=DIRECTION('ref_axis',(6.28036983473512E-15,6.28036983473512E-15,
-1.));
#11459=DIRECTION('',(0.707106781186548,-0.707106781186547,0.));
#11460=DIRECTION('center_axis',(0.707106781186548,-0.707106781186547,0.));
#11461=DIRECTION('ref_axis',(6.28036983473512E-15,6.28036983473512E-15,
-1.));
#11462=DIRECTION('center_axis',(0.707106781186548,-0.707106781186547,0.));
#11463=DIRECTION('ref_axis',(6.28036983473512E-15,6.28036983473512E-15,
-1.));
#11464=DIRECTION('center_axis',(0.707106781186548,-0.707106781186547,0.));
#11465=DIRECTION('ref_axis',(6.28036983473512E-15,6.28036983473512E-15,
-1.));
#11466=DIRECTION('center_axis',(-0.707106781186548,0.707106781186547,0.));
#11467=DIRECTION('ref_axis',(6.28036983473512E-15,6.28036983473512E-15,
-1.));
#11468=DIRECTION('',(0.707106781186548,-0.707106781186547,0.));
#11469=DIRECTION('center_axis',(0.707106781186548,-0.707106781186547,0.));
#11470=DIRECTION('ref_axis',(0.,0.,1.));
#11471=DIRECTION('center_axis',(-0.707106781186548,0.707106781186547,0.));
#11472=DIRECTION('ref_axis',(0.,0.,1.));
#11473=DIRECTION('center_axis',(0.707106781186548,-0.707106781186547,0.));
#11474=DIRECTION('ref_axis',(0.,0.,1.));
#11475=DIRECTION('',(0.707106781186548,-0.707106781186547,0.));
#11476=DIRECTION('center_axis',(-2.85687786265432E-15,-2.85687786265432E-15,
-1.));
#11477=DIRECTION('ref_axis',(0.707106781186547,0.707106781186548,-4.0402354194092E-15));
#11478=DIRECTION('',(-0.707106781186547,-0.707106781186548,4.0402354194092E-15));
#11479=DIRECTION('',(0.707106781186547,0.707106781186548,-4.0402354194092E-15));
#11480=DIRECTION('center_axis',(-2.85687786265432E-15,-2.85687786265432E-15,
-1.));
#11481=DIRECTION('ref_axis',(0.707106781186547,0.707106781186548,-4.0402354194092E-15));
#11482=DIRECTION('',(0.707106781186547,0.707106781186548,-4.0402354194092E-15));
#11483=DIRECTION('',(-0.707106781186547,-0.707106781186548,4.0402354194092E-15));
#11484=DIRECTION('',(0.707106781186548,-0.707106781186547,0.));
#11485=DIRECTION('center_axis',(0.707106781186548,-0.707106781186547,0.));
#11486=DIRECTION('ref_axis',(0.,0.,1.));
#11487=DIRECTION('center_axis',(0.707106781186548,-0.707106781186547,0.));
#11488=DIRECTION('ref_axis',(0.,0.,1.));
#11489=DIRECTION('center_axis',(-0.707106781186548,0.707106781186547,0.));
#11490=DIRECTION('ref_axis',(0.,0.,1.));
#11491=DIRECTION('center_axis',(0.707106781186548,-0.707106781186547,0.));
#11492=DIRECTION('ref_axis',(2.74452161777875E-12,2.74452161777875E-12,
-1.));
#11493=DIRECTION('center_axis',(-0.707106781186548,0.707106781186547,0.));
#11494=DIRECTION('ref_axis',(2.74452161777875E-12,2.74452161777875E-12,
-1.));
#11495=DIRECTION('',(0.707106781186548,-0.707106781186547,0.));
#11496=DIRECTION('center_axis',(0.707106781186548,-0.707106781186547,0.));
#11497=DIRECTION('ref_axis',(2.74452161777875E-12,2.74452161777875E-12,
-1.));
#11498=DIRECTION('',(0.707106781186548,-0.707106781186547,0.));
#11499=DIRECTION('center_axis',(0.707106781186548,-0.707106781186547,0.));
#11500=DIRECTION('ref_axis',(2.74452161777875E-12,2.74452161777875E-12,
-1.));
#11501=DIRECTION('center_axis',(0.707106781186548,-0.707106781186547,0.));
#11502=DIRECTION('ref_axis',(2.74452161777875E-12,2.74452161777875E-12,
-1.));
#11503=DIRECTION('',(0.707106781186548,-0.707106781186547,0.));
#11504=DIRECTION('center_axis',(-0.707106781186548,0.707106781186547,0.));
#11505=DIRECTION('ref_axis',(2.74452161777875E-12,2.74452161777875E-12,
-1.));
#11506=DIRECTION('',(0.707106781186548,-0.707106781186547,0.));
#11507=DIRECTION('center_axis',(2.73914925322182E-12,2.73914925322182E-12,
-1.));
#11508=DIRECTION('ref_axis',(0.707106781186547,0.707106781186548,3.87374202327044E-12));
#11509=DIRECTION('',(-0.707106781186547,-0.707106781186548,-3.87374202327044E-12));
#11510=DIRECTION('',(0.707106781186548,-0.707106781186547,0.));
#11511=DIRECTION('',(0.707106781186547,0.707106781186548,3.87374202327044E-12));
#11512=DIRECTION('center_axis',(2.73914925322182E-12,2.73914925322182E-12,
-1.));
#11513=DIRECTION('ref_axis',(0.707106781186547,0.707106781186548,3.87374202327044E-12));
#11514=DIRECTION('',(0.707106781186547,0.707106781186548,3.87374202327044E-12));
#11515=DIRECTION('',(-0.707106781186547,-0.707106781186548,-3.87374202327044E-12));
#11516=DIRECTION('',(0.707106781186548,-0.707106781186547,0.));
#11517=DIRECTION('center_axis',(-2.74293260854392E-12,-2.74293260854392E-12,
1.));
#11518=DIRECTION('ref_axis',(-0.707106781186547,-0.707106781186548,-3.87909249567823E-12));
#11519=DIRECTION('',(0.707106781186547,0.707106781186548,3.87909249567823E-12));
#11520=DIRECTION('',(-0.707106781186547,-0.707106781186548,-3.87909249567823E-12));
#11521=DIRECTION('',(0.707106781186548,-0.707106781186547,0.));
#11522=DIRECTION('center_axis',(0.707106781186548,-0.707106781186547,0.));
#11523=DIRECTION('ref_axis',(-2.738241247944E-12,-2.738241247944E-12,1.));
#11524=DIRECTION('center_axis',(-0.707106781186548,0.707106781186547,0.));
#11525=DIRECTION('ref_axis',(-2.738241247944E-12,-2.738241247944E-12,1.));
#11526=DIRECTION('center_axis',(0.707106781186548,-0.707106781186547,0.));
#11527=DIRECTION('ref_axis',(-2.738241247944E-12,-2.738241247944E-12,1.));
#11528=DIRECTION('center_axis',(0.707106781186548,-0.707106781186547,0.));
#11529=DIRECTION('ref_axis',(-2.738241247944E-12,-2.738241247944E-12,1.));
#11530=DIRECTION('center_axis',(0.707106781186548,-0.707106781186547,0.));
#11531=DIRECTION('ref_axis',(-2.738241247944E-12,-2.738241247944E-12,1.));
#11532=DIRECTION('center_axis',(-0.707106781186548,0.707106781186547,0.));
#11533=DIRECTION('ref_axis',(-2.738241247944E-12,-2.738241247944E-12,1.));
#11534=DIRECTION('',(0.707106781186548,-0.707106781186547,0.));
#11535=DIRECTION('center_axis',(-2.74293260854392E-12,-2.74293260854392E-12,
1.));
#11536=DIRECTION('ref_axis',(-0.707106781186547,-0.707106781186548,-3.87909249567823E-12));
#11537=DIRECTION('',(-0.707106781186547,-0.707106781186548,-3.87909249567823E-12));
#11538=DIRECTION('',(0.707106781186547,0.707106781186548,3.87909249567823E-12));
#11539=DIRECTION('center_axis',(0.707106781186548,-0.707106781186547,0.));
#11540=DIRECTION('ref_axis',(2.74452161777875E-12,2.74452161777875E-12,
-1.));
#11541=DIRECTION('center_axis',(-0.707106781186548,0.707106781186547,0.));
#11542=DIRECTION('ref_axis',(2.74452161777875E-12,2.74452161777875E-12,
-1.));
#11543=DIRECTION('',(0.707106781186548,-0.707106781186547,0.));
#11544=DIRECTION('center_axis',(0.707106781186548,-0.707106781186547,0.));
#11545=DIRECTION('ref_axis',(2.74452161777875E-12,2.74452161777875E-12,
-1.));
#11546=DIRECTION('',(0.707106781186548,-0.707106781186547,0.));
#11547=DIRECTION('center_axis',(0.707106781186548,-0.707106781186547,0.));
#11548=DIRECTION('ref_axis',(2.74452161777875E-12,2.74452161777875E-12,
-1.));
#11549=DIRECTION('center_axis',(0.707106781186548,-0.707106781186547,0.));
#11550=DIRECTION('ref_axis',(2.74452161777875E-12,2.74452161777875E-12,
-1.));
#11551=DIRECTION('',(0.707106781186548,-0.707106781186547,0.));
#11552=DIRECTION('center_axis',(-0.707106781186548,0.707106781186547,0.));
#11553=DIRECTION('ref_axis',(2.74452161777875E-12,2.74452161777875E-12,
-1.));
#11554=DIRECTION('',(0.707106781186548,-0.707106781186547,0.));
#11555=DIRECTION('center_axis',(2.73914925322182E-12,2.73914925322182E-12,
-1.));
#11556=DIRECTION('ref_axis',(0.707106781186547,0.707106781186548,3.87374202327044E-12));
#11557=DIRECTION('',(-0.707106781186547,-0.707106781186548,-3.87374202327044E-12));
#11558=DIRECTION('',(0.707106781186548,-0.707106781186547,0.));
#11559=DIRECTION('',(0.707106781186547,0.707106781186548,3.87374202327044E-12));
#11560=DIRECTION('center_axis',(2.73914925322182E-12,2.73914925322182E-12,
-1.));
#11561=DIRECTION('ref_axis',(0.707106781186547,0.707106781186548,3.87374202327044E-12));
#11562=DIRECTION('',(0.707106781186547,0.707106781186548,3.87374202327044E-12));
#11563=DIRECTION('',(-0.707106781186547,-0.707106781186548,-3.87374202327044E-12));
#11564=DIRECTION('',(0.707106781186548,-0.707106781186547,0.));
#11565=DIRECTION('center_axis',(-2.74293260854392E-12,-2.74293260854392E-12,
1.));
#11566=DIRECTION('ref_axis',(-0.707106781186547,-0.707106781186548,-3.87909249567823E-12));
#11567=DIRECTION('',(0.707106781186547,0.707106781186548,3.87909249567823E-12));
#11568=DIRECTION('',(-0.707106781186547,-0.707106781186548,-3.87909249567823E-12));
#11569=DIRECTION('',(0.707106781186548,-0.707106781186547,0.));
#11570=DIRECTION('center_axis',(0.707106781186548,-0.707106781186547,0.));
#11571=DIRECTION('ref_axis',(-2.738241247944E-12,-2.738241247944E-12,1.));
#11572=DIRECTION('center_axis',(-0.707106781186548,0.707106781186547,0.));
#11573=DIRECTION('ref_axis',(-2.738241247944E-12,-2.738241247944E-12,1.));
#11574=DIRECTION('center_axis',(0.707106781186548,-0.707106781186547,0.));
#11575=DIRECTION('ref_axis',(-2.738241247944E-12,-2.738241247944E-12,1.));
#11576=DIRECTION('center_axis',(0.707106781186548,-0.707106781186547,0.));
#11577=DIRECTION('ref_axis',(-2.738241247944E-12,-2.738241247944E-12,1.));
#11578=DIRECTION('center_axis',(0.707106781186548,-0.707106781186547,0.));
#11579=DIRECTION('ref_axis',(-2.738241247944E-12,-2.738241247944E-12,1.));
#11580=DIRECTION('center_axis',(-0.707106781186548,0.707106781186547,0.));
#11581=DIRECTION('ref_axis',(-2.738241247944E-12,-2.738241247944E-12,1.));
#11582=DIRECTION('',(0.707106781186548,-0.707106781186547,0.));
#11583=DIRECTION('center_axis',(-2.74293260854392E-12,-2.74293260854392E-12,
1.));
#11584=DIRECTION('ref_axis',(-0.707106781186547,-0.707106781186548,-3.87909249567823E-12));
#11585=DIRECTION('',(-0.707106781186547,-0.707106781186548,-3.87909249567823E-12));
#11586=DIRECTION('',(0.707106781186547,0.707106781186548,3.87909249567823E-12));
#11587=DIRECTION('center_axis',(0.707106781186548,-0.707106781186547,0.));
#11588=DIRECTION('ref_axis',(-6.28036983486738E-15,-6.28036983486738E-15,
-1.));
#11589=DIRECTION('center_axis',(-0.707106781186548,0.707106781186547,0.));
#11590=DIRECTION('ref_axis',(-6.28036983486738E-15,-6.28036983486738E-15,
-1.));
#11591=DIRECTION('',(0.707106781186548,-0.707106781186547,0.));
#11592=DIRECTION('center_axis',(0.707106781186548,-0.707106781186547,0.));
#11593=DIRECTION('ref_axis',(-6.28036983486738E-15,-6.28036983486738E-15,
-1.));
#11594=DIRECTION('',(0.707106781186548,-0.707106781186547,0.));
#11595=DIRECTION('center_axis',(0.707106781186548,-0.707106781186547,0.));
#11596=DIRECTION('ref_axis',(-6.28036983486738E-15,-6.28036983486738E-15,
-1.));
#11597=DIRECTION('center_axis',(0.707106781186548,-0.707106781186547,0.));
#11598=DIRECTION('ref_axis',(-6.28036983486738E-15,-6.28036983486738E-15,
-1.));
#11599=DIRECTION('',(0.707106781186548,-0.707106781186547,0.));
#11600=DIRECTION('center_axis',(-0.707106781186548,0.707106781186547,0.));
#11601=DIRECTION('ref_axis',(-6.28036983486738E-15,-6.28036983486738E-15,
-1.));
#11602=DIRECTION('',(0.707106781186548,-0.707106781186547,0.));
#11603=DIRECTION('center_axis',(-7.56671064425914E-15,-7.56671064425914E-15,
-1.));
#11604=DIRECTION('ref_axis',(0.707106781186547,0.707106781186548,-1.07009448156641E-14));
#11605=DIRECTION('',(-0.707106781186547,-0.707106781186548,1.07009448156641E-14));
#11606=DIRECTION('',(0.707106781186548,-0.707106781186547,0.));
#11607=DIRECTION('',(0.707106781186547,0.707106781186548,-1.07009448156641E-14));
#11608=DIRECTION('center_axis',(-7.56671064425914E-15,-7.56671064425914E-15,
-1.));
#11609=DIRECTION('ref_axis',(0.707106781186547,0.707106781186548,-1.07009448156641E-14));
#11610=DIRECTION('',(0.707106781186547,0.707106781186548,-1.07009448156641E-14));
#11611=DIRECTION('',(-0.707106781186547,-0.707106781186548,1.07009448156641E-14));
#11612=DIRECTION('',(0.707106781186548,-0.707106781186547,0.));
#11613=DIRECTION('center_axis',(1.73656009285746E-12,1.73656009285746E-12,
1.));
#11614=DIRECTION('ref_axis',(-0.707106781186547,-0.707106781186548,2.45586683519491E-12));
#11615=DIRECTION('',(0.707106781186547,0.707106781186548,-2.45586683519491E-12));
#11616=DIRECTION('',(-0.707106781186547,-0.707106781186548,2.45586683519491E-12));
#11617=DIRECTION('',(0.707106781186548,-0.707106781186547,0.));
#11618=DIRECTION('center_axis',(0.707106781186548,-0.707106781186547,0.));
#11619=DIRECTION('ref_axis',(1.25607396697345E-14,1.25607396697345E-14,
1.));
#11620=DIRECTION('center_axis',(-0.707106781186548,0.707106781186547,0.));
#11621=DIRECTION('ref_axis',(1.25607396697345E-14,1.25607396697345E-14,
1.));
#11622=DIRECTION('center_axis',(0.707106781186548,-0.707106781186547,0.));
#11623=DIRECTION('ref_axis',(1.25607396697345E-14,1.25607396697345E-14,
1.));
#11624=DIRECTION('center_axis',(0.707106781186548,-0.707106781186547,0.));
#11625=DIRECTION('ref_axis',(1.25607396697345E-14,1.25607396697345E-14,
1.));
#11626=DIRECTION('center_axis',(0.707106781186548,-0.707106781186547,0.));
#11627=DIRECTION('ref_axis',(1.25607396697345E-14,1.25607396697345E-14,
1.));
#11628=DIRECTION('center_axis',(-0.707106781186548,0.707106781186547,0.));
#11629=DIRECTION('ref_axis',(1.25607396697345E-14,1.25607396697345E-14,
1.));
#11630=DIRECTION('',(0.707106781186548,-0.707106781186547,0.));
#11631=DIRECTION('center_axis',(1.73656009285746E-12,1.73656009285746E-12,
1.));
#11632=DIRECTION('ref_axis',(-0.707106781186547,-0.707106781186548,2.45586683519491E-12));
#11633=DIRECTION('',(-0.707106781186547,-0.707106781186548,2.45586683519491E-12));
#11634=DIRECTION('',(0.707106781186547,0.707106781186548,-2.45586683519491E-12));
#11635=DIRECTION('center_axis',(0.707106781186548,-0.707106781186547,0.));
#11636=DIRECTION('ref_axis',(-6.28036983486738E-15,-6.28036983486738E-15,
-1.));
#11637=DIRECTION('center_axis',(-0.707106781186548,0.707106781186547,0.));
#11638=DIRECTION('ref_axis',(-6.28036983486738E-15,-6.28036983486738E-15,
-1.));
#11639=DIRECTION('',(0.707106781186548,-0.707106781186547,0.));
#11640=DIRECTION('center_axis',(0.707106781186548,-0.707106781186547,0.));
#11641=DIRECTION('ref_axis',(-6.28036983486738E-15,-6.28036983486738E-15,
-1.));
#11642=DIRECTION('',(0.707106781186548,-0.707106781186547,0.));
#11643=DIRECTION('center_axis',(0.707106781186548,-0.707106781186547,0.));
#11644=DIRECTION('ref_axis',(-6.28036983486738E-15,-6.28036983486738E-15,
-1.));
#11645=DIRECTION('center_axis',(0.707106781186548,-0.707106781186547,0.));
#11646=DIRECTION('ref_axis',(-6.28036983486738E-15,-6.28036983486738E-15,
-1.));
#11647=DIRECTION('',(0.707106781186548,-0.707106781186547,0.));
#11648=DIRECTION('center_axis',(-0.707106781186548,0.707106781186547,0.));
#11649=DIRECTION('ref_axis',(-6.28036983486738E-15,-6.28036983486738E-15,
-1.));
#11650=DIRECTION('',(0.707106781186548,-0.707106781186547,0.));
#11651=DIRECTION('center_axis',(-7.56671064425914E-15,-7.56671064425914E-15,
-1.));
#11652=DIRECTION('ref_axis',(0.707106781186547,0.707106781186548,-1.07009448156641E-14));
#11653=DIRECTION('',(-0.707106781186547,-0.707106781186548,1.07009448156641E-14));
#11654=DIRECTION('',(0.707106781186548,-0.707106781186547,0.));
#11655=DIRECTION('',(0.707106781186547,0.707106781186548,-1.07009448156641E-14));
#11656=DIRECTION('center_axis',(-7.56671064425914E-15,-7.56671064425914E-15,
-1.));
#11657=DIRECTION('ref_axis',(0.707106781186547,0.707106781186548,-1.07009448156641E-14));
#11658=DIRECTION('',(0.707106781186547,0.707106781186548,-1.07009448156641E-14));
#11659=DIRECTION('',(-0.707106781186547,-0.707106781186548,1.07009448156641E-14));
#11660=DIRECTION('',(0.707106781186548,-0.707106781186547,0.));
#11661=DIRECTION('center_axis',(1.73656009285746E-12,1.73656009285746E-12,
1.));
#11662=DIRECTION('ref_axis',(-0.707106781186547,-0.707106781186548,2.45586683519491E-12));
#11663=DIRECTION('',(0.707106781186547,0.707106781186548,-2.45586683519491E-12));
#11664=DIRECTION('',(-0.707106781186547,-0.707106781186548,2.45586683519491E-12));
#11665=DIRECTION('',(0.707106781186548,-0.707106781186547,0.));
#11666=DIRECTION('center_axis',(0.707106781186548,-0.707106781186547,0.));
#11667=DIRECTION('ref_axis',(1.25607396697345E-14,1.25607396697345E-14,
1.));
#11668=DIRECTION('center_axis',(-0.707106781186548,0.707106781186547,0.));
#11669=DIRECTION('ref_axis',(1.25607396697345E-14,1.25607396697345E-14,
1.));
#11670=DIRECTION('center_axis',(0.707106781186548,-0.707106781186547,0.));
#11671=DIRECTION('ref_axis',(1.25607396697345E-14,1.25607396697345E-14,
1.));
#11672=DIRECTION('center_axis',(0.707106781186548,-0.707106781186547,0.));
#11673=DIRECTION('ref_axis',(1.25607396697345E-14,1.25607396697345E-14,
1.));
#11674=DIRECTION('center_axis',(0.707106781186548,-0.707106781186547,0.));
#11675=DIRECTION('ref_axis',(1.25607396697345E-14,1.25607396697345E-14,
1.));
#11676=DIRECTION('center_axis',(-0.707106781186548,0.707106781186547,0.));
#11677=DIRECTION('ref_axis',(1.25607396697345E-14,1.25607396697345E-14,
1.));
#11678=DIRECTION('',(0.707106781186548,-0.707106781186547,0.));
#11679=DIRECTION('center_axis',(1.73656009285746E-12,1.73656009285746E-12,
1.));
#11680=DIRECTION('ref_axis',(-0.707106781186547,-0.707106781186548,2.45586683519491E-12));
#11681=DIRECTION('',(-0.707106781186547,-0.707106781186548,2.45586683519491E-12));
#11682=DIRECTION('',(0.707106781186547,0.707106781186548,-2.45586683519491E-12));
#11683=DIRECTION('center_axis',(0.707106781186548,-0.707106781186547,0.));
#11684=DIRECTION('ref_axis',(3.51619993577666E-5,3.51619993577667E-5,0.999999998763634));
#11685=DIRECTION('center_axis',(-0.707106781186548,0.707106781186547,0.));
#11686=DIRECTION('ref_axis',(3.51619993577666E-5,3.51619993577667E-5,0.999999998763634));
#11687=DIRECTION('',(0.707106781186548,-0.707106781186547,0.));
#11688=DIRECTION('center_axis',(0.707106781186548,-0.707106781186547,0.));
#11689=DIRECTION('ref_axis',(3.51619993577666E-5,3.51619993577667E-5,0.999999998763634));
#11690=DIRECTION('',(0.707106781186548,-0.707106781186547,0.));
#11691=DIRECTION('center_axis',(0.707106781186548,-0.707106781186547,0.));
#11692=DIRECTION('ref_axis',(3.51619993577666E-5,3.51619993577667E-5,0.999999998763634));
#11693=DIRECTION('center_axis',(0.707106781186548,-0.707106781186547,0.));
#11694=DIRECTION('ref_axis',(3.51619993577666E-5,3.51619993577667E-5,0.999999998763634));
#11695=DIRECTION('',(0.707106781186548,-0.707106781186547,0.));
#11696=DIRECTION('center_axis',(-0.707106781186548,0.707106781186547,0.));
#11697=DIRECTION('ref_axis',(3.51619993577666E-5,3.51619993577667E-5,0.999999998763634));
#11698=DIRECTION('',(0.707106781186548,-0.707106781186547,0.));
#11699=DIRECTION('center_axis',(3.5161999356223E-5,3.5161999356223E-5,0.999999998763634));
#11700=DIRECTION('ref_axis',(-0.707106780312304,-0.707106780312305,4.97265763697246E-5));
#11701=DIRECTION('',(0.707106780312304,0.707106780312305,-4.97265763697246E-5));
#11702=DIRECTION('',(0.707106781186548,-0.707106781186547,0.));
#11703=DIRECTION('',(-0.707106780312304,-0.707106780312305,4.97265763697246E-5));
#11704=DIRECTION('center_axis',(3.5161999356223E-5,3.5161999356223E-5,0.999999998763634));
#11705=DIRECTION('ref_axis',(-0.707106780312304,-0.707106780312305,4.97265763697246E-5));
#11706=DIRECTION('',(-0.707106780312304,-0.707106780312305,4.97265763697246E-5));
#11707=DIRECTION('',(0.707106780312304,0.707106780312305,-4.97265763697246E-5));
#11708=DIRECTION('',(0.707106781186548,-0.707106781186547,0.));
#11709=DIRECTION('center_axis',(3.51619934415336E-5,3.51619934415337E-5,
-0.999999998763634));
#11710=DIRECTION('ref_axis',(0.707106780312305,0.707106780312305,4.97265680050907E-5));
#11711=DIRECTION('',(-0.707106780312305,-0.707106780312305,-4.97265680050907E-5));
#11712=DIRECTION('',(0.707106780312305,0.707106780312305,4.97265680050907E-5));
#11713=DIRECTION('',(0.707106781186548,-0.707106781186547,0.));
#11714=DIRECTION('center_axis',(0.707106781186548,-0.707106781186547,0.));
#11715=DIRECTION('ref_axis',(-0.707106781186547,-0.707106781186548,4.17984039609907E-12));
#11716=DIRECTION('center_axis',(-0.707106781186548,0.707106781186547,0.));
#11717=DIRECTION('ref_axis',(3.51619934418579E-5,3.51619934418579E-5,-0.999999998763634));
#11718=DIRECTION('center_axis',(0.707106781186548,-0.707106781186547,0.));
#11719=DIRECTION('ref_axis',(3.51619934418579E-5,3.51619934418579E-5,-0.999999998763634));
#11720=DIRECTION('center_axis',(0.707106781186548,-0.707106781186547,0.));
#11721=DIRECTION('ref_axis',(-0.707106781186547,-0.707106781186548,4.17984039609907E-12));
#11722=DIRECTION('center_axis',(0.707106781186548,-0.707106781186547,0.));
#11723=DIRECTION('ref_axis',(3.51619934418579E-5,3.51619934418579E-5,-0.999999998763634));
#11724=DIRECTION('center_axis',(-0.707106781186548,0.707106781186547,0.));
#11725=DIRECTION('ref_axis',(3.51619934418579E-5,3.51619934418579E-5,-0.999999998763634));
#11726=DIRECTION('',(0.707106781186548,-0.707106781186547,0.));
#11727=DIRECTION('center_axis',(3.51619934415336E-5,3.51619934415337E-5,
-0.999999998763634));
#11728=DIRECTION('ref_axis',(0.707106780312305,0.707106780312305,4.97265680050907E-5));
#11729=DIRECTION('',(0.707106780312305,0.707106780312305,4.97265680050907E-5));
#11730=DIRECTION('',(-0.707106780312305,-0.707106780312305,-4.97265680050907E-5));
#11731=DIRECTION('center_axis',(3.51619993557469E-5,3.51619993557469E-5,
0.999999998763634));
#11732=DIRECTION('ref_axis',(-0.707106780312304,-0.707106780312305,4.97265763690513E-5));
#11733=DIRECTION('',(0.707106780312304,0.707106780312305,-4.97265763690513E-5));
#11734=DIRECTION('',(0.707106781186548,-0.707106781186547,0.));
#11735=DIRECTION('',(-0.707106780312304,-0.707106780312305,4.97265763690513E-5));
#11736=DIRECTION('',(0.707106781186548,-0.707106781186547,0.));
#11737=DIRECTION('center_axis',(3.51619993557469E-5,3.51619993557469E-5,
0.999999998763634));
#11738=DIRECTION('ref_axis',(-0.707106780312304,-0.707106780312305,4.97265763690513E-5));
#11739=DIRECTION('',(-0.707106780312304,-0.707106780312305,4.97265763690513E-5));
#11740=DIRECTION('',(0.707106781186548,-0.707106781186547,0.));
#11741=DIRECTION('',(0.707106780312304,0.707106780312305,-4.97265763690513E-5));
#11742=DIRECTION('',(0.707106781186548,-0.707106781186547,0.));
#11743=DIRECTION('center_axis',(0.707106781186548,-0.707106781186547,0.));
#11744=DIRECTION('ref_axis',(-0.707106781186547,-0.707106781186548,4.00398117535776E-12));
#11745=DIRECTION('center_axis',(-0.707106781186548,0.707106781186547,0.));
#11746=DIRECTION('ref_axis',(3.51619934418578E-5,3.51619934418579E-5,-0.999999998763634));
#11747=DIRECTION('',(0.707106781186548,-0.707106781186547,0.));
#11748=DIRECTION('center_axis',(0.707106781186548,-0.707106781186547,0.));
#11749=DIRECTION('ref_axis',(3.51619934418578E-5,3.51619934418579E-5,-0.999999998763634));
#11750=DIRECTION('center_axis',(0.707106781186548,-0.707106781186547,0.));
#11751=DIRECTION('ref_axis',(-0.707106781186547,-0.707106781186548,4.00486935388178E-12));
#11752=DIRECTION('center_axis',(0.707106781186548,-0.707106781186547,0.));
#11753=DIRECTION('ref_axis',(3.51619934418578E-5,3.51619934418579E-5,-0.999999998763634));
#11754=DIRECTION('center_axis',(-0.707106781186548,0.707106781186547,0.));
#11755=DIRECTION('ref_axis',(3.51619934418578E-5,3.51619934418579E-5,-0.999999998763634));
#11756=DIRECTION('',(0.707106781186548,-0.707106781186547,0.));
#11757=DIRECTION('center_axis',(0.707106781186548,-0.707106781186547,0.));
#11758=DIRECTION('ref_axis',(3.51619993577666E-5,3.51619993577667E-5,0.999999998763634));
#11759=DIRECTION('center_axis',(-0.707106781186548,0.707106781186547,0.));
#11760=DIRECTION('ref_axis',(3.51619993577666E-5,3.51619993577667E-5,0.999999998763634));
#11761=DIRECTION('center_axis',(0.707106781186548,-0.707106781186547,0.));
#11762=DIRECTION('ref_axis',(3.51619993577666E-5,3.51619993577667E-5,0.999999998763634));
#11763=DIRECTION('',(0.707106781186548,-0.707106781186547,0.));
#11764=DIRECTION('center_axis',(3.51619934415336E-5,3.51619934415337E-5,
-0.999999998763634));
#11765=DIRECTION('ref_axis',(0.707106780312305,0.707106780312305,4.97265680050907E-5));
#11766=DIRECTION('',(-0.707106780312305,-0.707106780312305,-4.97265680050907E-5));
#11767=DIRECTION('',(0.707106780312305,0.707106780312305,4.97265680050907E-5));
#11768=DIRECTION('center_axis',(3.51619934415336E-5,3.51619934415337E-5,
-0.999999998763634));
#11769=DIRECTION('ref_axis',(0.707106780312305,0.707106780312305,4.97265680050907E-5));
#11770=DIRECTION('',(0.707106780312305,0.707106780312305,4.97265680050907E-5));
#11771=DIRECTION('',(-0.707106780312305,-0.707106780312305,-4.97265680050907E-5));
#11772=DIRECTION('',(0.707106781186548,-0.707106781186547,0.));
#11773=DIRECTION('center_axis',(0.707106781186548,-0.707106781186547,0.));
#11774=DIRECTION('ref_axis',(3.51619993577666E-5,3.51619993577667E-5,0.999999998763634));
#11775=DIRECTION('center_axis',(0.707106781186548,-0.707106781186547,0.));
#11776=DIRECTION('ref_axis',(3.51619993577666E-5,3.51619993577667E-5,0.999999998763634));
#11777=DIRECTION('center_axis',(-0.707106781186548,0.707106781186547,0.));
#11778=DIRECTION('ref_axis',(3.51619993577666E-5,3.51619993577667E-5,0.999999998763634));
#11779=DIRECTION('center_axis',(0.707106781186548,-0.707106781186547,0.));
#11780=DIRECTION('ref_axis',(3.51619993577666E-5,3.51619993577667E-5,0.999999998763634));
#11781=DIRECTION('center_axis',(-0.707106781186548,0.707106781186547,0.));
#11782=DIRECTION('ref_axis',(3.51619993577666E-5,3.51619993577667E-5,0.999999998763634));
#11783=DIRECTION('',(0.707106781186548,-0.707106781186547,0.));
#11784=DIRECTION('center_axis',(0.707106781186548,-0.707106781186547,0.));
#11785=DIRECTION('ref_axis',(3.51619993577666E-5,3.51619993577667E-5,0.999999998763634));
#11786=DIRECTION('',(0.707106781186548,-0.707106781186547,0.));
#11787=DIRECTION('center_axis',(0.707106781186548,-0.707106781186547,0.));
#11788=DIRECTION('ref_axis',(3.51619993577666E-5,3.51619993577667E-5,0.999999998763634));
#11789=DIRECTION('center_axis',(0.707106781186548,-0.707106781186547,0.));
#11790=DIRECTION('ref_axis',(3.51619993577666E-5,3.51619993577667E-5,0.999999998763634));
#11791=DIRECTION('',(0.707106781186548,-0.707106781186547,0.));
#11792=DIRECTION('center_axis',(-0.707106781186548,0.707106781186547,0.));
#11793=DIRECTION('ref_axis',(3.51619993577666E-5,3.51619993577667E-5,0.999999998763634));
#11794=DIRECTION('',(0.707106781186548,-0.707106781186547,0.));
#11795=DIRECTION('center_axis',(3.51619993557469E-5,3.51619993557469E-5,
0.999999998763634));
#11796=DIRECTION('ref_axis',(-0.707106780312304,-0.707106780312305,4.97265763690513E-5));
#11797=DIRECTION('',(0.707106780312304,0.707106780312305,-4.97265763690513E-5));
#11798=DIRECTION('',(0.707106781186548,-0.707106781186547,0.));
#11799=DIRECTION('',(-0.707106780312304,-0.707106780312305,4.97265763690513E-5));
#11800=DIRECTION('center_axis',(3.51619993557469E-5,3.51619993557469E-5,
0.999999998763634));
#11801=DIRECTION('ref_axis',(-0.707106780312304,-0.707106780312305,4.97265763690513E-5));
#11802=DIRECTION('',(-0.707106780312304,-0.707106780312305,4.97265763690513E-5));
#11803=DIRECTION('',(0.707106780312304,0.707106780312305,-4.97265763690513E-5));
#11804=DIRECTION('',(0.707106781186548,-0.707106781186547,0.));
#11805=DIRECTION('center_axis',(3.51619934415336E-5,3.51619934415337E-5,
-0.999999998763634));
#11806=DIRECTION('ref_axis',(0.707106780312305,0.707106780312305,4.97265680050907E-5));
#11807=DIRECTION('',(-0.707106780312305,-0.707106780312305,-4.97265680050907E-5));
#11808=DIRECTION('',(0.707106780312305,0.707106780312305,4.97265680050907E-5));
#11809=DIRECTION('',(0.707106781186548,-0.707106781186547,0.));
#11810=DIRECTION('center_axis',(0.707106781186548,-0.707106781186547,0.));
#11811=DIRECTION('ref_axis',(-0.707106781186547,-0.707106781186548,4.17984050617724E-12));
#11812=DIRECTION('center_axis',(-0.707106781186548,0.707106781186547,0.));
#11813=DIRECTION('ref_axis',(3.51619934418578E-5,3.51619934418579E-5,-0.999999998763634));
#11814=DIRECTION('center_axis',(0.707106781186548,-0.707106781186547,0.));
#11815=DIRECTION('ref_axis',(3.51619934418578E-5,3.51619934418579E-5,-0.999999998763634));
#11816=DIRECTION('center_axis',(0.707106781186548,-0.707106781186547,0.));
#11817=DIRECTION('ref_axis',(-0.707106781186547,-0.707106781186548,4.17984050617724E-12));
#11818=DIRECTION('center_axis',(0.707106781186548,-0.707106781186547,0.));
#11819=DIRECTION('ref_axis',(3.51619934418578E-5,3.51619934418579E-5,-0.999999998763634));
#11820=DIRECTION('center_axis',(-0.707106781186548,0.707106781186547,0.));
#11821=DIRECTION('ref_axis',(3.51619934418578E-5,3.51619934418579E-5,-0.999999998763634));
#11822=DIRECTION('',(0.707106781186548,-0.707106781186547,0.));
#11823=DIRECTION('center_axis',(3.51619934415336E-5,3.51619934415337E-5,
-0.999999998763634));
#11824=DIRECTION('ref_axis',(0.707106780312305,0.707106780312305,4.97265680050907E-5));
#11825=DIRECTION('',(0.707106780312305,0.707106780312305,4.97265680050907E-5));
#11826=DIRECTION('',(-0.707106780312305,-0.707106780312305,-4.97265680050907E-5));
#11827=DIRECTION('center_axis',(0.707106781186548,-0.707106781186547,0.));
#11828=DIRECTION('ref_axis',(-6.28036983486743E-15,-6.28036983486744E-15,
-1.));
#11829=DIRECTION('center_axis',(-0.707106781186548,0.707106781186547,0.));
#11830=DIRECTION('ref_axis',(-6.28036983486743E-15,-6.28036983486744E-15,
-1.));
#11831=DIRECTION('',(0.707106781186548,-0.707106781186547,0.));
#11832=DIRECTION('center_axis',(0.707106781186548,-0.707106781186547,0.));
#11833=DIRECTION('ref_axis',(-6.28036983486743E-15,-6.28036983486744E-15,
-1.));
#11834=DIRECTION('',(0.707106781186548,-0.707106781186547,0.));
#11835=DIRECTION('center_axis',(0.707106781186548,-0.707106781186547,0.));
#11836=DIRECTION('ref_axis',(-6.28036983486743E-15,-6.28036983486744E-15,
-1.));
#11837=DIRECTION('center_axis',(0.707106781186548,-0.707106781186547,0.));
#11838=DIRECTION('ref_axis',(-6.28036983486743E-15,-6.28036983486744E-15,
-1.));
#11839=DIRECTION('',(0.707106781186548,-0.707106781186547,0.));
#11840=DIRECTION('center_axis',(-0.707106781186548,0.707106781186547,0.));
#11841=DIRECTION('ref_axis',(-6.28036983486743E-15,-6.28036983486744E-15,
-1.));
#11842=DIRECTION('',(0.707106781186548,-0.707106781186547,0.));
#11843=DIRECTION('center_axis',(-7.56671064425914E-15,-7.56671064425914E-15,
-1.));
#11844=DIRECTION('ref_axis',(0.707106781186547,0.707106781186548,-1.07009448156641E-14));
#11845=DIRECTION('',(-0.707106781186547,-0.707106781186548,1.07009448156641E-14));
#11846=DIRECTION('',(0.707106781186548,-0.707106781186547,0.));
#11847=DIRECTION('',(0.707106781186547,0.707106781186548,-1.07009448156641E-14));
#11848=DIRECTION('center_axis',(-7.56671064425914E-15,-7.56671064425914E-15,
-1.));
#11849=DIRECTION('ref_axis',(0.707106781186547,0.707106781186548,-1.07009448156641E-14));
#11850=DIRECTION('',(0.707106781186547,0.707106781186548,-1.07009448156641E-14));
#11851=DIRECTION('',(-0.707106781186547,-0.707106781186548,1.07009448156641E-14));
#11852=DIRECTION('',(0.707106781186548,-0.707106781186547,0.));
#11853=DIRECTION('center_axis',(1.73656009285746E-12,1.73656009285746E-12,
1.));
#11854=DIRECTION('ref_axis',(-0.707106781186547,-0.707106781186548,2.45586683519491E-12));
#11855=DIRECTION('',(0.707106781186547,0.707106781186548,-2.45586683519491E-12));
#11856=DIRECTION('',(-0.707106781186547,-0.707106781186548,2.45586683519491E-12));
#11857=DIRECTION('',(0.707106781186548,-0.707106781186547,0.));
#11858=DIRECTION('center_axis',(0.707106781186548,-0.707106781186547,0.));
#11859=DIRECTION('ref_axis',(1.25607396697346E-14,1.25607396697347E-14,
1.));
#11860=DIRECTION('center_axis',(-0.707106781186548,0.707106781186547,0.));
#11861=DIRECTION('ref_axis',(1.25607396697346E-14,1.25607396697347E-14,
1.));
#11862=DIRECTION('center_axis',(0.707106781186548,-0.707106781186547,0.));
#11863=DIRECTION('ref_axis',(1.25607396697346E-14,1.25607396697347E-14,
1.));
#11864=DIRECTION('center_axis',(0.707106781186548,-0.707106781186547,0.));
#11865=DIRECTION('ref_axis',(1.25607396697346E-14,1.25607396697347E-14,
1.));
#11866=DIRECTION('center_axis',(0.707106781186548,-0.707106781186547,0.));
#11867=DIRECTION('ref_axis',(1.25607396697346E-14,1.25607396697347E-14,
1.));
#11868=DIRECTION('center_axis',(-0.707106781186548,0.707106781186547,0.));
#11869=DIRECTION('ref_axis',(1.25607396697346E-14,1.25607396697347E-14,
1.));
#11870=DIRECTION('',(0.707106781186548,-0.707106781186547,0.));
#11871=DIRECTION('center_axis',(1.73656009285746E-12,1.73656009285746E-12,
1.));
#11872=DIRECTION('ref_axis',(-0.707106781186547,-0.707106781186548,2.45586683519491E-12));
#11873=DIRECTION('',(-0.707106781186547,-0.707106781186548,2.45586683519491E-12));
#11874=DIRECTION('',(0.707106781186547,0.707106781186548,-2.45586683519491E-12));
#11875=DIRECTION('center_axis',(0.707106781186548,-0.707106781186547,0.));
#11876=DIRECTION('ref_axis',(-6.28036983486741E-15,-6.28036983486741E-15,
-1.));
#11877=DIRECTION('center_axis',(-0.707106781186548,0.707106781186547,0.));
#11878=DIRECTION('ref_axis',(-6.28036983486741E-15,-6.28036983486741E-15,
-1.));
#11879=DIRECTION('',(0.707106781186548,-0.707106781186547,0.));
#11880=DIRECTION('center_axis',(0.707106781186548,-0.707106781186547,0.));
#11881=DIRECTION('ref_axis',(-6.28036983486741E-15,-6.28036983486741E-15,
-1.));
#11882=DIRECTION('',(0.707106781186548,-0.707106781186547,0.));
#11883=DIRECTION('center_axis',(0.707106781186548,-0.707106781186547,0.));
#11884=DIRECTION('ref_axis',(-6.28036983486741E-15,-6.28036983486741E-15,
-1.));
#11885=DIRECTION('center_axis',(0.707106781186548,-0.707106781186547,0.));
#11886=DIRECTION('ref_axis',(-6.28036983486741E-15,-6.28036983486741E-15,
-1.));
#11887=DIRECTION('',(0.707106781186548,-0.707106781186547,0.));
#11888=DIRECTION('center_axis',(-0.707106781186548,0.707106781186547,0.));
#11889=DIRECTION('ref_axis',(-6.28036983486741E-15,-6.28036983486741E-15,
-1.));
#11890=DIRECTION('',(0.707106781186548,-0.707106781186547,0.));
#11891=DIRECTION('center_axis',(-7.56671064425914E-15,-7.56671064425914E-15,
-1.));
#11892=DIRECTION('ref_axis',(0.707106781186547,0.707106781186548,-1.07009448156641E-14));
#11893=DIRECTION('',(-0.707106781186547,-0.707106781186548,1.07009448156641E-14));
#11894=DIRECTION('',(0.707106781186548,-0.707106781186547,0.));
#11895=DIRECTION('',(0.707106781186547,0.707106781186548,-1.07009448156641E-14));
#11896=DIRECTION('center_axis',(-7.56671064425914E-15,-7.56671064425914E-15,
-1.));
#11897=DIRECTION('ref_axis',(0.707106781186547,0.707106781186548,-1.07009448156641E-14));
#11898=DIRECTION('',(0.707106781186547,0.707106781186548,-1.07009448156641E-14));
#11899=DIRECTION('',(-0.707106781186547,-0.707106781186548,1.07009448156641E-14));
#11900=DIRECTION('',(0.707106781186548,-0.707106781186547,0.));
#11901=DIRECTION('center_axis',(1.7346684151964E-12,1.7346684151964E-12,
1.));
#11902=DIRECTION('ref_axis',(-0.707106781186547,-0.707106781186548,2.45319159899099E-12));
#11903=DIRECTION('',(0.707106781186547,0.707106781186548,-2.45319159899099E-12));
#11904=DIRECTION('',(-0.707106781186547,-0.707106781186548,2.45319159899099E-12));
#11905=DIRECTION('',(0.707106781186548,-0.707106781186547,0.));
#11906=DIRECTION('center_axis',(0.707106781186548,-0.707106781186547,0.));
#11907=DIRECTION('ref_axis',(1.25607396697345E-14,1.25607396697345E-14,
1.));
#11908=DIRECTION('center_axis',(-0.707106781186548,0.707106781186547,0.));
#11909=DIRECTION('ref_axis',(1.25607396697345E-14,1.25607396697345E-14,
1.));
#11910=DIRECTION('center_axis',(0.707106781186548,-0.707106781186547,0.));
#11911=DIRECTION('ref_axis',(1.25607396697345E-14,1.25607396697345E-14,
1.));
#11912=DIRECTION('center_axis',(0.707106781186548,-0.707106781186547,0.));
#11913=DIRECTION('ref_axis',(1.25607396697345E-14,1.25607396697345E-14,
1.));
#11914=DIRECTION('center_axis',(0.707106781186548,-0.707106781186547,0.));
#11915=DIRECTION('ref_axis',(1.25607396697345E-14,1.25607396697345E-14,
1.));
#11916=DIRECTION('center_axis',(-0.707106781186548,0.707106781186547,0.));
#11917=DIRECTION('ref_axis',(1.25607396697345E-14,1.25607396697345E-14,
1.));
#11918=DIRECTION('',(0.707106781186548,-0.707106781186547,0.));
#11919=DIRECTION('center_axis',(1.7346684151964E-12,1.7346684151964E-12,
1.));
#11920=DIRECTION('ref_axis',(-0.707106781186547,-0.707106781186548,2.45319159899099E-12));
#11921=DIRECTION('',(-0.707106781186547,-0.707106781186548,2.45319159899099E-12));
#11922=DIRECTION('',(0.707106781186547,0.707106781186548,-2.45319159899099E-12));
#11923=DIRECTION('center_axis',(0.707106781186548,-0.707106781186547,0.));
#11924=DIRECTION('ref_axis',(2.74452161777876E-12,2.74452161777876E-12,
-1.));
#11925=DIRECTION('center_axis',(-0.707106781186548,0.707106781186547,0.));
#11926=DIRECTION('ref_axis',(2.74452161777876E-12,2.74452161777876E-12,
-1.));
#11927=DIRECTION('',(0.707106781186548,-0.707106781186547,0.));
#11928=DIRECTION('center_axis',(0.707106781186548,-0.707106781186547,0.));
#11929=DIRECTION('ref_axis',(2.74452161777876E-12,2.74452161777876E-12,
-1.));
#11930=DIRECTION('',(0.707106781186548,-0.707106781186547,0.));
#11931=DIRECTION('center_axis',(0.707106781186548,-0.707106781186547,0.));
#11932=DIRECTION('ref_axis',(2.74452161777876E-12,2.74452161777876E-12,
-1.));
#11933=DIRECTION('center_axis',(0.707106781186548,-0.707106781186547,0.));
#11934=DIRECTION('ref_axis',(2.74452161777876E-12,2.74452161777876E-12,
-1.));
#11935=DIRECTION('',(0.707106781186548,-0.707106781186547,0.));
#11936=DIRECTION('center_axis',(-0.707106781186548,0.707106781186547,0.));
#11937=DIRECTION('ref_axis',(2.74452161777876E-12,2.74452161777876E-12,
-1.));
#11938=DIRECTION('',(0.707106781186548,-0.707106781186547,0.));
#11939=DIRECTION('center_axis',(2.73914925322182E-12,2.73914925322182E-12,
-1.));
#11940=DIRECTION('ref_axis',(0.707106781186547,0.707106781186548,3.87374202327044E-12));
#11941=DIRECTION('',(-0.707106781186547,-0.707106781186548,-3.87374202327044E-12));
#11942=DIRECTION('',(0.707106781186548,-0.707106781186547,0.));
#11943=DIRECTION('',(0.707106781186547,0.707106781186548,3.87374202327044E-12));
#11944=DIRECTION('center_axis',(2.73914925322182E-12,2.73914925322182E-12,
-1.));
#11945=DIRECTION('ref_axis',(0.707106781186547,0.707106781186548,3.87374202327044E-12));
#11946=DIRECTION('',(0.707106781186547,0.707106781186548,3.87374202327044E-12));
#11947=DIRECTION('',(-0.707106781186547,-0.707106781186548,-3.87374202327044E-12));
#11948=DIRECTION('',(0.707106781186548,-0.707106781186547,0.));
#11949=DIRECTION('center_axis',(-2.74293260854392E-12,-2.74293260854392E-12,
1.));
#11950=DIRECTION('ref_axis',(-0.707106781186547,-0.707106781186548,-3.87909249567823E-12));
#11951=DIRECTION('',(0.707106781186547,0.707106781186548,3.87909249567823E-12));
#11952=DIRECTION('',(-0.707106781186547,-0.707106781186548,-3.87909249567823E-12));
#11953=DIRECTION('',(0.707106781186548,-0.707106781186547,0.));
#11954=DIRECTION('center_axis',(0.707106781186548,-0.707106781186547,0.));
#11955=DIRECTION('ref_axis',(-2.738241247944E-12,-2.738241247944E-12,1.));
#11956=DIRECTION('center_axis',(-0.707106781186548,0.707106781186547,0.));
#11957=DIRECTION('ref_axis',(-2.738241247944E-12,-2.738241247944E-12,1.));
#11958=DIRECTION('center_axis',(0.707106781186548,-0.707106781186547,0.));
#11959=DIRECTION('ref_axis',(-2.738241247944E-12,-2.738241247944E-12,1.));
#11960=DIRECTION('center_axis',(0.707106781186548,-0.707106781186547,0.));
#11961=DIRECTION('ref_axis',(-2.738241247944E-12,-2.738241247944E-12,1.));
#11962=DIRECTION('center_axis',(0.707106781186548,-0.707106781186547,0.));
#11963=DIRECTION('ref_axis',(-2.738241247944E-12,-2.738241247944E-12,1.));
#11964=DIRECTION('center_axis',(-0.707106781186548,0.707106781186547,0.));
#11965=DIRECTION('ref_axis',(-2.738241247944E-12,-2.738241247944E-12,1.));
#11966=DIRECTION('',(0.707106781186548,-0.707106781186547,0.));
#11967=DIRECTION('center_axis',(-2.74293260854392E-12,-2.74293260854392E-12,
1.));
#11968=DIRECTION('ref_axis',(-0.707106781186547,-0.707106781186548,-3.87909249567823E-12));
#11969=DIRECTION('',(-0.707106781186547,-0.707106781186548,-3.87909249567823E-12));
#11970=DIRECTION('',(0.707106781186547,0.707106781186548,3.87909249567823E-12));
#11971=DIRECTION('center_axis',(0.707106781186548,-0.707106781186547,0.));
#11972=DIRECTION('ref_axis',(2.74452161777875E-12,2.74452161777875E-12,
-1.));
#11973=DIRECTION('center_axis',(-0.707106781186548,0.707106781186547,0.));
#11974=DIRECTION('ref_axis',(2.74452161777875E-12,2.74452161777875E-12,
-1.));
#11975=DIRECTION('',(0.707106781186548,-0.707106781186547,0.));
#11976=DIRECTION('center_axis',(0.707106781186548,-0.707106781186547,0.));
#11977=DIRECTION('ref_axis',(2.74452161777875E-12,2.74452161777875E-12,
-1.));
#11978=DIRECTION('',(0.707106781186548,-0.707106781186547,0.));
#11979=DIRECTION('center_axis',(0.707106781186548,-0.707106781186547,0.));
#11980=DIRECTION('ref_axis',(2.74452161777875E-12,2.74452161777875E-12,
-1.));
#11981=DIRECTION('center_axis',(0.707106781186548,-0.707106781186547,0.));
#11982=DIRECTION('ref_axis',(2.74452161777875E-12,2.74452161777875E-12,
-1.));
#11983=DIRECTION('',(0.707106781186548,-0.707106781186547,0.));
#11984=DIRECTION('center_axis',(-0.707106781186548,0.707106781186547,0.));
#11985=DIRECTION('ref_axis',(2.74452161777875E-12,2.74452161777875E-12,
-1.));
#11986=DIRECTION('',(0.707106781186548,-0.707106781186547,0.));
#11987=DIRECTION('center_axis',(2.73914925322182E-12,2.73914925322182E-12,
-1.));
#11988=DIRECTION('ref_axis',(0.707106781186547,0.707106781186548,3.87374202327044E-12));
#11989=DIRECTION('',(-0.707106781186547,-0.707106781186548,-3.87374202327044E-12));
#11990=DIRECTION('',(0.707106781186548,-0.707106781186547,0.));
#11991=DIRECTION('',(0.707106781186547,0.707106781186548,3.87374202327044E-12));
#11992=DIRECTION('center_axis',(2.73914925322182E-12,2.73914925322182E-12,
-1.));
#11993=DIRECTION('ref_axis',(0.707106781186547,0.707106781186548,3.87374202327044E-12));
#11994=DIRECTION('',(0.707106781186547,0.707106781186548,3.87374202327044E-12));
#11995=DIRECTION('',(-0.707106781186547,-0.707106781186548,-3.87374202327044E-12));
#11996=DIRECTION('',(0.707106781186548,-0.707106781186547,0.));
#11997=DIRECTION('center_axis',(-2.74293260854392E-12,-2.74293260854392E-12,
1.));
#11998=DIRECTION('ref_axis',(-0.707106781186547,-0.707106781186548,-3.87909249567823E-12));
#11999=DIRECTION('',(0.707106781186547,0.707106781186548,3.87909249567823E-12));
#12000=DIRECTION('',(-0.707106781186547,-0.707106781186548,-3.87909249567823E-12));
#12001=DIRECTION('',(0.707106781186548,-0.707106781186547,0.));
#12002=DIRECTION('center_axis',(0.707106781186548,-0.707106781186547,0.));
#12003=DIRECTION('ref_axis',(-2.738241247944E-12,-2.738241247944E-12,1.));
#12004=DIRECTION('center_axis',(-0.707106781186548,0.707106781186547,0.));
#12005=DIRECTION('ref_axis',(-2.738241247944E-12,-2.738241247944E-12,1.));
#12006=DIRECTION('center_axis',(0.707106781186548,-0.707106781186547,0.));
#12007=DIRECTION('ref_axis',(-2.738241247944E-12,-2.738241247944E-12,1.));
#12008=DIRECTION('center_axis',(0.707106781186548,-0.707106781186547,0.));
#12009=DIRECTION('ref_axis',(-2.738241247944E-12,-2.738241247944E-12,1.));
#12010=DIRECTION('center_axis',(0.707106781186548,-0.707106781186547,0.));
#12011=DIRECTION('ref_axis',(-2.738241247944E-12,-2.738241247944E-12,1.));
#12012=DIRECTION('center_axis',(-0.707106781186548,0.707106781186547,0.));
#12013=DIRECTION('ref_axis',(-2.738241247944E-12,-2.738241247944E-12,1.));
#12014=DIRECTION('',(0.707106781186548,-0.707106781186547,0.));
#12015=DIRECTION('center_axis',(-2.74293260854392E-12,-2.74293260854392E-12,
1.));
#12016=DIRECTION('ref_axis',(-0.707106781186547,-0.707106781186548,-3.87909249567823E-12));
#12017=DIRECTION('',(-0.707106781186547,-0.707106781186548,-3.87909249567823E-12));
#12018=DIRECTION('',(0.707106781186547,0.707106781186548,3.87909249567823E-12));
#12019=DIRECTION('center_axis',(2.85687786265432E-15,2.85687786265432E-15,
1.));
#12020=DIRECTION('ref_axis',(-0.707106781186547,-0.707106781186548,4.0402354194092E-15));
#12021=DIRECTION('',(0.707106781186547,0.707106781186548,-4.0402354194092E-15));
#12022=DIRECTION('',(0.707106781186548,-0.707106781186547,0.));
#12023=DIRECTION('',(-0.707106781186547,-0.707106781186548,4.0402354194092E-15));
#12024=DIRECTION('',(0.707106781186548,-0.707106781186547,0.));
#12025=DIRECTION('center_axis',(2.85687786265432E-15,2.85687786265432E-15,
1.));
#12026=DIRECTION('ref_axis',(-0.707106781186547,-0.707106781186548,4.0402354194092E-15));
#12027=DIRECTION('',(-0.707106781186547,-0.707106781186548,4.0402354194092E-15));
#12028=DIRECTION('',(0.707106781186548,-0.707106781186547,0.));
#12029=DIRECTION('',(0.707106781186547,0.707106781186548,-4.0402354194092E-15));
#12030=DIRECTION('',(0.707106781186548,-0.707106781186547,0.));
#12031=DIRECTION('center_axis',(0.707106781186548,-0.707106781186547,0.));
#12032=DIRECTION('ref_axis',(6.28036983473512E-15,6.28036983473512E-15,
-1.));
#12033=DIRECTION('center_axis',(-0.707106781186548,0.707106781186547,0.));
#12034=DIRECTION('ref_axis',(6.28036983473512E-15,6.28036983473512E-15,
-1.));
#12035=DIRECTION('',(0.707106781186548,-0.707106781186547,0.));
#12036=DIRECTION('center_axis',(0.707106781186548,-0.707106781186547,0.));
#12037=DIRECTION('ref_axis',(6.28036983473512E-15,6.28036983473512E-15,
-1.));
#12038=DIRECTION('center_axis',(0.707106781186548,-0.707106781186547,0.));
#12039=DIRECTION('ref_axis',(6.28036983473512E-15,6.28036983473512E-15,
-1.));
#12040=DIRECTION('center_axis',(0.707106781186548,-0.707106781186547,0.));
#12041=DIRECTION('ref_axis',(6.28036983473512E-15,6.28036983473512E-15,
-1.));
#12042=DIRECTION('center_axis',(-0.707106781186548,0.707106781186547,0.));
#12043=DIRECTION('ref_axis',(6.28036983473512E-15,6.28036983473512E-15,
-1.));
#12044=DIRECTION('',(0.707106781186548,-0.707106781186547,0.));
#12045=DIRECTION('center_axis',(0.707106781186548,-0.707106781186547,0.));
#12046=DIRECTION('ref_axis',(0.,0.,1.));
#12047=DIRECTION('center_axis',(-0.707106781186548,0.707106781186547,0.));
#12048=DIRECTION('ref_axis',(0.,0.,1.));
#12049=DIRECTION('center_axis',(0.707106781186548,-0.707106781186547,0.));
#12050=DIRECTION('ref_axis',(0.,0.,1.));
#12051=DIRECTION('',(0.707106781186548,-0.707106781186547,0.));
#12052=DIRECTION('center_axis',(-3.33302417309671E-15,-3.33302417309671E-15,
-1.));
#12053=DIRECTION('ref_axis',(0.707106781186547,0.707106781186548,-4.71360798931074E-15));
#12054=DIRECTION('',(-0.707106781186547,-0.707106781186548,4.71360798931074E-15));
#12055=DIRECTION('',(0.707106781186547,0.707106781186548,-4.71360798931074E-15));
#12056=DIRECTION('center_axis',(-3.33302417309671E-15,-3.33302417309671E-15,
-1.));
#12057=DIRECTION('ref_axis',(0.707106781186547,0.707106781186548,-4.71360798931074E-15));
#12058=DIRECTION('',(0.707106781186547,0.707106781186548,-4.71360798931074E-15));
#12059=DIRECTION('',(-0.707106781186547,-0.707106781186548,4.71360798931074E-15));
#12060=DIRECTION('',(0.707106781186548,-0.707106781186547,0.));
#12061=DIRECTION('center_axis',(0.707106781186548,-0.707106781186547,0.));
#12062=DIRECTION('ref_axis',(0.,0.,1.));
#12063=DIRECTION('center_axis',(0.707106781186548,-0.707106781186547,0.));
#12064=DIRECTION('ref_axis',(0.,0.,1.));
#12065=DIRECTION('center_axis',(-0.707106781186548,0.707106781186547,0.));
#12066=DIRECTION('ref_axis',(0.,0.,1.));
#12067=DIRECTION('center_axis',(3.8091704835391E-15,3.8091704835391E-15,
1.));
#12068=DIRECTION('ref_axis',(-0.707106781186547,-0.707106781186548,5.38698055921227E-15));
#12069=DIRECTION('',(0.707106781186547,0.707106781186548,-5.38698055921227E-15));
#12070=DIRECTION('',(0.707106781186548,-0.707106781186547,0.));
#12071=DIRECTION('',(-0.707106781186547,-0.707106781186548,5.38698055921227E-15));
#12072=DIRECTION('',(0.707106781186548,-0.707106781186547,0.));
#12073=DIRECTION('center_axis',(3.8091704835391E-15,3.8091704835391E-15,
1.));
#12074=DIRECTION('ref_axis',(-0.707106781186547,-0.707106781186548,5.38698055921227E-15));
#12075=DIRECTION('',(-0.707106781186547,-0.707106781186548,5.38698055921227E-15));
#12076=DIRECTION('',(0.707106781186548,-0.707106781186547,0.));
#12077=DIRECTION('',(0.707106781186547,0.707106781186548,-5.38698055921227E-15));
#12078=DIRECTION('',(0.707106781186548,-0.707106781186547,0.));
#12079=DIRECTION('center_axis',(0.707106781186548,-0.707106781186547,0.));
#12080=DIRECTION('ref_axis',(6.28036983473512E-15,6.28036983473512E-15,
-1.));
#12081=DIRECTION('center_axis',(-0.707106781186548,0.707106781186547,0.));
#12082=DIRECTION('ref_axis',(6.28036983473512E-15,6.28036983473512E-15,
-1.));
#12083=DIRECTION('',(0.707106781186548,-0.707106781186547,0.));
#12084=DIRECTION('center_axis',(0.707106781186548,-0.707106781186547,0.));
#12085=DIRECTION('ref_axis',(6.28036983473512E-15,6.28036983473512E-15,
-1.));
#12086=DIRECTION('center_axis',(0.707106781186548,-0.707106781186547,0.));
#12087=DIRECTION('ref_axis',(6.28036983473512E-15,6.28036983473512E-15,
-1.));
#12088=DIRECTION('center_axis',(0.707106781186548,-0.707106781186547,0.));
#12089=DIRECTION('ref_axis',(6.28036983473512E-15,6.28036983473512E-15,
-1.));
#12090=DIRECTION('center_axis',(-0.707106781186548,0.707106781186547,0.));
#12091=DIRECTION('ref_axis',(6.28036983473512E-15,6.28036983473512E-15,
-1.));
#12092=DIRECTION('',(0.707106781186548,-0.707106781186547,0.));
#12093=DIRECTION('center_axis',(0.707106781186548,-0.707106781186547,0.));
#12094=DIRECTION('ref_axis',(0.,0.,1.));
#12095=DIRECTION('center_axis',(-0.707106781186548,0.707106781186547,0.));
#12096=DIRECTION('ref_axis',(0.,0.,1.));
#12097=DIRECTION('center_axis',(0.707106781186548,-0.707106781186547,0.));
#12098=DIRECTION('ref_axis',(0.,0.,1.));
#12099=DIRECTION('',(0.707106781186548,-0.707106781186547,0.));
#12100=DIRECTION('center_axis',(-2.85687786265432E-15,-2.85687786265432E-15,
-1.));
#12101=DIRECTION('ref_axis',(0.707106781186547,0.707106781186548,-4.0402354194092E-15));
#12102=DIRECTION('',(-0.707106781186547,-0.707106781186548,4.0402354194092E-15));
#12103=DIRECTION('',(0.707106781186547,0.707106781186548,-4.0402354194092E-15));
#12104=DIRECTION('center_axis',(-2.85687786265432E-15,-2.85687786265432E-15,
-1.));
#12105=DIRECTION('ref_axis',(0.707106781186547,0.707106781186548,-4.0402354194092E-15));
#12106=DIRECTION('',(0.707106781186547,0.707106781186548,-4.0402354194092E-15));
#12107=DIRECTION('',(-0.707106781186547,-0.707106781186548,4.0402354194092E-15));
#12108=DIRECTION('',(0.707106781186548,-0.707106781186547,0.));
#12109=DIRECTION('center_axis',(0.707106781186548,-0.707106781186547,0.));
#12110=DIRECTION('ref_axis',(0.,0.,1.));
#12111=DIRECTION('center_axis',(0.707106781186548,-0.707106781186547,0.));
#12112=DIRECTION('ref_axis',(0.,0.,1.));
#12113=DIRECTION('center_axis',(-0.707106781186548,0.707106781186547,0.));
#12114=DIRECTION('ref_axis',(0.,0.,1.));
#12115=DIRECTION('center_axis',(-0.707106781186543,0.707106781186552,0.));
#12116=DIRECTION('ref_axis',(-0.707106781186552,-0.707106781186543,0.));
#12117=DIRECTION('',(0.707106781186552,0.707106781186543,0.));
#12118=DIRECTION('',(0.,0.,1.));
#12119=DIRECTION('',(-0.707106781186552,-0.707106781186543,0.));
#12120=DIRECTION('',(0.,0.,1.));
#12121=DIRECTION('center_axis',(0.,0.,1.));
#12122=DIRECTION('ref_axis',(0.707106781186545,-0.70710678118655,0.));
#12123=DIRECTION('center_axis',(0.,0.,-1.));
#12124=DIRECTION('ref_axis',(0.707106781186545,-0.70710678118655,0.));
#12125=DIRECTION('center_axis',(0.,0.,1.));
#12126=DIRECTION('ref_axis',(0.707106781186545,-0.70710678118655,0.));
#12127=DIRECTION('',(0.,0.,1.));
#12128=DIRECTION('center_axis',(0.707106781186543,-0.707106781186552,0.));
#12129=DIRECTION('ref_axis',(0.707106781186552,0.707106781186543,0.));
#12130=DIRECTION('',(-0.707106781186552,-0.707106781186543,0.));
#12131=DIRECTION('',(0.707106781186552,0.707106781186543,0.));
#12132=DIRECTION('',(0.,0.,1.));
#12133=DIRECTION('center_axis',(0.,0.,1.));
#12134=DIRECTION('ref_axis',(-0.707106781186545,0.70710678118655,0.));
#12135=DIRECTION('center_axis',(0.,0.,-1.));
#12136=DIRECTION('ref_axis',(-0.707106781186545,0.70710678118655,0.));
#12137=DIRECTION('center_axis',(0.,0.,1.));
#12138=DIRECTION('ref_axis',(-0.707106781186545,0.70710678118655,0.));
#12139=DIRECTION('center_axis',(0.,0.,1.));
#12140=DIRECTION('ref_axis',(-0.707106781186559,0.707106781186536,0.));
#12141=DIRECTION('center_axis',(0.,0.,-1.));
#12142=DIRECTION('ref_axis',(-0.707106781186559,0.707106781186536,0.));
#12143=DIRECTION('',(0.,0.,1.));
#12144=DIRECTION('center_axis',(0.,0.,1.));
#12145=DIRECTION('ref_axis',(-0.707106781186559,0.707106781186536,0.));
#12146=DIRECTION('',(0.,0.,1.));
#12147=DIRECTION('center_axis',(-0.707106781186556,0.707106781186539,0.));
#12148=DIRECTION('ref_axis',(-0.707106781186539,-0.707106781186556,0.));
#12149=DIRECTION('',(0.707106781186539,0.707106781186556,0.));
#12150=DIRECTION('',(-0.707106781186539,-0.707106781186556,0.));
#12151=DIRECTION('',(0.,0.,1.));
#12152=DIRECTION('center_axis',(0.,0.,1.));
#12153=DIRECTION('ref_axis',(0.707106781186548,-0.707106781186548,0.));
#12154=DIRECTION('center_axis',(0.,0.,-1.));
#12155=DIRECTION('ref_axis',(0.707106781186548,-0.707106781186548,0.));
#12156=DIRECTION('center_axis',(0.,0.,1.));
#12157=DIRECTION('ref_axis',(0.707106781186548,-0.707106781186548,0.));
#12158=DIRECTION('',(0.,0.,1.));
#12159=DIRECTION('center_axis',(0.707106781186556,-0.707106781186539,0.));
#12160=DIRECTION('ref_axis',(0.707106781186539,0.707106781186556,0.));
#12161=DIRECTION('',(-0.707106781186539,-0.707106781186556,0.));
#12162=DIRECTION('',(0.707106781186539,0.707106781186556,0.));
#12163=DIRECTION('center_axis',(-0.707106781186493,0.707106781186602,0.));
#12164=DIRECTION('ref_axis',(-0.707106781186602,-0.707106781186493,0.));
#12165=DIRECTION('',(0.707106781186602,0.707106781186493,0.));
#12166=DIRECTION('',(0.,0.,1.));
#12167=DIRECTION('',(-0.707106781186602,-0.707106781186493,0.));
#12168=DIRECTION('',(0.,0.,1.));
#12169=DIRECTION('center_axis',(0.,0.,1.));
#12170=DIRECTION('ref_axis',(0.707106781186552,-0.707106781186543,0.));
#12171=DIRECTION('center_axis',(0.,0.,-1.));
#12172=DIRECTION('ref_axis',(0.707106781186552,-0.707106781186543,0.));
#12173=DIRECTION('center_axis',(0.,0.,1.));
#12174=DIRECTION('ref_axis',(0.707106781186552,-0.707106781186543,0.));
#12175=DIRECTION('',(0.,0.,1.));
#12176=DIRECTION('center_axis',(0.707106781186493,-0.707106781186602,0.));
#12177=DIRECTION('ref_axis',(0.707106781186602,0.707106781186493,0.));
#12178=DIRECTION('',(-0.707106781186602,-0.707106781186493,0.));
#12179=DIRECTION('',(0.707106781186602,0.707106781186493,0.));
#12180=DIRECTION('',(0.,0.,1.));
#12181=DIRECTION('center_axis',(0.,0.,1.));
#12182=DIRECTION('ref_axis',(-0.70710678118655,0.707106781186545,0.));
#12183=DIRECTION('center_axis',(0.,0.,-1.));
#12184=DIRECTION('ref_axis',(-0.70710678118655,0.707106781186545,0.));
#12185=DIRECTION('center_axis',(0.,0.,1.));
#12186=DIRECTION('ref_axis',(-0.70710678118655,0.707106781186545,0.));
#12187=DIRECTION('center_axis',(-0.70710678118655,0.707106781186546,0.));
#12188=DIRECTION('ref_axis',(-0.707106781186545,-0.707106781186549,0.));
#12189=DIRECTION('',(0.707106781186545,0.707106781186549,0.));
#12190=DIRECTION('',(0.,0.,1.));
#12191=DIRECTION('',(-0.707106781186545,-0.707106781186549,0.));
#12192=DIRECTION('',(0.,0.,1.));
#12193=DIRECTION('center_axis',(0.,0.,1.));
#12194=DIRECTION('ref_axis',(0.70710678118655,-0.707106781186545,0.));
#12195=DIRECTION('center_axis',(0.,0.,-1.));
#12196=DIRECTION('ref_axis',(0.70710678118655,-0.707106781186545,0.));
#12197=DIRECTION('center_axis',(0.,0.,1.));
#12198=DIRECTION('ref_axis',(0.70710678118655,-0.707106781186545,0.));
#12199=DIRECTION('',(0.,0.,1.));
#12200=DIRECTION('center_axis',(0.707106781186549,-0.707106781186546,0.));
#12201=DIRECTION('ref_axis',(0.707106781186546,0.707106781186549,0.));
#12202=DIRECTION('',(-0.707106781186546,-0.707106781186549,0.));
#12203=DIRECTION('',(0.707106781186546,0.707106781186549,0.));
#12204=DIRECTION('',(0.,0.,1.));
#12205=DIRECTION('center_axis',(0.,0.,1.));
#12206=DIRECTION('ref_axis',(-0.707106781186565,0.70710678118653,0.));
#12207=DIRECTION('center_axis',(0.,0.,-1.));
#12208=DIRECTION('ref_axis',(-0.707106781186565,0.70710678118653,0.));
#12209=DIRECTION('center_axis',(0.,0.,1.));
#12210=DIRECTION('ref_axis',(-0.707106781186565,0.70710678118653,0.));
#12211=DIRECTION('center_axis',(-0.70710678118655,0.707106781186545,0.));
#12212=DIRECTION('ref_axis',(-0.707106781186545,-0.70710678118655,0.));
#12213=DIRECTION('',(0.707106781186545,0.70710678118655,0.));
#12214=DIRECTION('',(0.,0.,1.));
#12215=DIRECTION('',(-0.707106781186545,-0.70710678118655,0.));
#12216=DIRECTION('',(0.,0.,1.));
#12217=DIRECTION('center_axis',(0.,0.,1.));
#12218=DIRECTION('ref_axis',(0.707106781186554,-0.707106781186541,0.));
#12219=DIRECTION('center_axis',(0.,0.,-1.));
#12220=DIRECTION('ref_axis',(0.707106781186554,-0.707106781186541,0.));
#12221=DIRECTION('center_axis',(0.,0.,1.));
#12222=DIRECTION('ref_axis',(0.707106781186554,-0.707106781186541,0.));
#12223=DIRECTION('',(0.,0.,1.));
#12224=DIRECTION('center_axis',(0.707106781186549,-0.707106781186546,0.));
#12225=DIRECTION('ref_axis',(0.707106781186546,0.707106781186549,0.));
#12226=DIRECTION('',(-0.707106781186546,-0.707106781186549,0.));
#12227=DIRECTION('',(0.707106781186546,0.707106781186549,0.));
#12228=DIRECTION('',(0.,0.,1.));
#12229=DIRECTION('center_axis',(0.,0.,1.));
#12230=DIRECTION('ref_axis',(-0.707106781186561,0.707106781186534,0.));
#12231=DIRECTION('center_axis',(0.,0.,-1.));
#12232=DIRECTION('ref_axis',(-0.707106781186561,0.707106781186534,0.));
#12233=DIRECTION('center_axis',(0.,0.,1.));
#12234=DIRECTION('ref_axis',(-0.707106781186561,0.707106781186534,0.));
#12235=DIRECTION('center_axis',(-0.70710678118655,0.707106781186546,0.));
#12236=DIRECTION('ref_axis',(-0.707106781186545,-0.707106781186549,0.));
#12237=DIRECTION('',(0.707106781186545,0.707106781186549,0.));
#12238=DIRECTION('',(0.,0.,1.));
#12239=DIRECTION('',(-0.707106781186545,-0.707106781186549,0.));
#12240=DIRECTION('',(0.,0.,1.));
#12241=DIRECTION('center_axis',(0.,0.,1.));
#12242=DIRECTION('ref_axis',(0.70710678118655,-0.707106781186545,0.));
#12243=DIRECTION('center_axis',(0.,0.,-1.));
#12244=DIRECTION('ref_axis',(0.70710678118655,-0.707106781186545,0.));
#12245=DIRECTION('center_axis',(0.,0.,1.));
#12246=DIRECTION('ref_axis',(0.70710678118655,-0.707106781186545,0.));
#12247=DIRECTION('',(0.,0.,1.));
#12248=DIRECTION('center_axis',(0.707106781186549,-0.707106781186546,0.));
#12249=DIRECTION('ref_axis',(0.707106781186546,0.707106781186549,0.));
#12250=DIRECTION('',(-0.707106781186546,-0.707106781186549,0.));
#12251=DIRECTION('',(0.707106781186546,0.707106781186549,0.));
#12252=DIRECTION('',(0.,0.,1.));
#12253=DIRECTION('center_axis',(0.,0.,1.));
#12254=DIRECTION('ref_axis',(-0.707106781186561,0.707106781186534,0.));
#12255=DIRECTION('center_axis',(0.,0.,-1.));
#12256=DIRECTION('ref_axis',(-0.707106781186561,0.707106781186534,0.));
#12257=DIRECTION('center_axis',(0.,0.,1.));
#12258=DIRECTION('ref_axis',(-0.707106781186561,0.707106781186534,0.));
#12259=DIRECTION('center_axis',(-0.70710678118655,0.707106781186545,0.));
#12260=DIRECTION('ref_axis',(-0.707106781186545,-0.70710678118655,0.));
#12261=DIRECTION('',(0.707106781186545,0.70710678118655,0.));
#12262=DIRECTION('',(0.,0.,1.));
#12263=DIRECTION('',(-0.707106781186545,-0.70710678118655,0.));
#12264=DIRECTION('',(0.,0.,1.));
#12265=DIRECTION('center_axis',(0.,0.,1.));
#12266=DIRECTION('ref_axis',(0.70710678118655,-0.707106781186545,0.));
#12267=DIRECTION('center_axis',(0.,0.,-1.));
#12268=DIRECTION('ref_axis',(0.70710678118655,-0.707106781186545,0.));
#12269=DIRECTION('center_axis',(0.,0.,1.));
#12270=DIRECTION('ref_axis',(0.70710678118655,-0.707106781186545,0.));
#12271=DIRECTION('',(0.,0.,1.));
#12272=DIRECTION('center_axis',(0.70710678118655,-0.707106781186545,0.));
#12273=DIRECTION('ref_axis',(0.707106781186545,0.70710678118655,0.));
#12274=DIRECTION('',(-0.707106781186545,-0.70710678118655,0.));
#12275=DIRECTION('',(0.707106781186545,0.70710678118655,0.));
#12276=DIRECTION('',(0.,0.,1.));
#12277=DIRECTION('center_axis',(0.,0.,1.));
#12278=DIRECTION('ref_axis',(-0.707106781186561,0.707106781186534,0.));
#12279=DIRECTION('center_axis',(0.,0.,-1.));
#12280=DIRECTION('ref_axis',(-0.707106781186561,0.707106781186534,0.));
#12281=DIRECTION('center_axis',(0.,0.,1.));
#12282=DIRECTION('ref_axis',(-0.707106781186561,0.707106781186534,0.));
#12283=DIRECTION('center_axis',(-0.707106781186493,0.707106781186602,0.));
#12284=DIRECTION('ref_axis',(-0.707106781186602,-0.707106781186493,0.));
#12285=DIRECTION('',(0.707106781186602,0.707106781186493,0.));
#12286=DIRECTION('',(0.,0.,1.));
#12287=DIRECTION('',(-0.707106781186602,-0.707106781186493,0.));
#12288=DIRECTION('',(0.,0.,1.));
#12289=DIRECTION('center_axis',(0.,0.,1.));
#12290=DIRECTION('ref_axis',(0.707106781186552,-0.707106781186543,0.));
#12291=DIRECTION('center_axis',(0.,0.,-1.));
#12292=DIRECTION('ref_axis',(0.707106781186552,-0.707106781186543,0.));
#12293=DIRECTION('center_axis',(0.,0.,1.));
#12294=DIRECTION('ref_axis',(0.707106781186552,-0.707106781186543,0.));
#12295=DIRECTION('',(0.,0.,1.));
#12296=DIRECTION('center_axis',(0.707106781186493,-0.707106781186602,0.));
#12297=DIRECTION('ref_axis',(0.707106781186602,0.707106781186493,0.));
#12298=DIRECTION('',(-0.707106781186602,-0.707106781186493,0.));
#12299=DIRECTION('',(0.707106781186602,0.707106781186493,0.));
#12300=DIRECTION('',(0.,0.,1.));
#12301=DIRECTION('center_axis',(0.,0.,1.));
#12302=DIRECTION('ref_axis',(-0.707106781186545,0.70710678118655,0.));
#12303=DIRECTION('center_axis',(0.,0.,-1.));
#12304=DIRECTION('ref_axis',(-0.707106781186545,0.70710678118655,0.));
#12305=DIRECTION('center_axis',(0.,0.,1.));
#12306=DIRECTION('ref_axis',(-0.707106781186545,0.70710678118655,0.));
#12307=DIRECTION('center_axis',(0.,0.,1.));
#12308=DIRECTION('ref_axis',(-0.707106781186559,0.707106781186536,0.));
#12309=DIRECTION('center_axis',(0.,0.,-1.));
#12310=DIRECTION('ref_axis',(-0.707106781186559,0.707106781186536,0.));
#12311=DIRECTION('',(0.,0.,1.));
#12312=DIRECTION('center_axis',(0.,0.,1.));
#12313=DIRECTION('ref_axis',(-0.707106781186559,0.707106781186536,0.));
#12314=DIRECTION('',(0.,0.,1.));
#12315=DIRECTION('center_axis',(-0.707106781186556,0.707106781186539,0.));
#12316=DIRECTION('ref_axis',(-0.707106781186539,-0.707106781186556,0.));
#12317=DIRECTION('',(0.707106781186539,0.707106781186556,0.));
#12318=DIRECTION('',(-0.707106781186539,-0.707106781186556,0.));
#12319=DIRECTION('',(0.,0.,1.));
#12320=DIRECTION('center_axis',(0.,0.,1.));
#12321=DIRECTION('ref_axis',(0.707106781186548,-0.707106781186548,0.));
#12322=DIRECTION('center_axis',(0.,0.,-1.));
#12323=DIRECTION('ref_axis',(0.707106781186548,-0.707106781186548,0.));
#12324=DIRECTION('center_axis',(0.,0.,1.));
#12325=DIRECTION('ref_axis',(0.707106781186548,-0.707106781186548,0.));
#12326=DIRECTION('',(0.,0.,1.));
#12327=DIRECTION('center_axis',(0.707106781186556,-0.707106781186539,0.));
#12328=DIRECTION('ref_axis',(0.707106781186539,0.707106781186556,0.));
#12329=DIRECTION('',(-0.707106781186539,-0.707106781186556,0.));
#12330=DIRECTION('',(0.707106781186539,0.707106781186556,0.));
#12331=DIRECTION('center_axis',(-0.707106781186543,0.707106781186552,0.));
#12332=DIRECTION('ref_axis',(-0.707106781186552,-0.707106781186543,0.));
#12333=DIRECTION('',(0.707106781186552,0.707106781186543,0.));
#12334=DIRECTION('',(0.,0.,1.));
#12335=DIRECTION('',(-0.707106781186552,-0.707106781186543,0.));
#12336=DIRECTION('',(0.,0.,1.));
#12337=DIRECTION('center_axis',(0.,0.,1.));
#12338=DIRECTION('ref_axis',(0.707106781186545,-0.70710678118655,0.));
#12339=DIRECTION('center_axis',(0.,0.,-1.));
#12340=DIRECTION('ref_axis',(0.707106781186545,-0.70710678118655,0.));
#12341=DIRECTION('center_axis',(0.,0.,1.));
#12342=DIRECTION('ref_axis',(0.707106781186545,-0.70710678118655,0.));
#12343=DIRECTION('',(0.,0.,1.));
#12344=DIRECTION('center_axis',(0.707106781186543,-0.707106781186552,0.));
#12345=DIRECTION('ref_axis',(0.707106781186552,0.707106781186543,0.));
#12346=DIRECTION('',(-0.707106781186552,-0.707106781186543,0.));
#12347=DIRECTION('',(0.707106781186552,0.707106781186543,0.));
#12348=DIRECTION('',(0.,0.,1.));
#12349=DIRECTION('center_axis',(0.,0.,1.));
#12350=DIRECTION('ref_axis',(-0.707106773735977,-0.707106788637118,0.));
#12351=DIRECTION('center_axis',(0.,0.,-1.));
#12352=DIRECTION('ref_axis',(-0.707106781186536,0.707106781186559,0.));
#12353=DIRECTION('center_axis',(0.,0.,1.));
#12354=DIRECTION('ref_axis',(-0.707106781186536,0.707106781186559,0.));
#12355=DIRECTION('center_axis',(-0.707106781186541,0.707106781186554,0.));
#12356=DIRECTION('ref_axis',(-0.707106781186554,-0.707106781186541,0.));
#12357=DIRECTION('',(0.707106781186554,0.707106781186541,0.));
#12358=DIRECTION('',(0.,0.,1.));
#12359=DIRECTION('',(-0.707106781186554,-0.707106781186541,0.));
#12360=DIRECTION('',(0.,0.,1.));
#12361=DIRECTION('center_axis',(0.,0.,1.));
#12362=DIRECTION('ref_axis',(0.707106781186536,-0.707106781186559,0.));
#12363=DIRECTION('center_axis',(0.,0.,-1.));
#12364=DIRECTION('ref_axis',(0.707106781186536,-0.707106781186559,0.));
#12365=DIRECTION('center_axis',(0.,0.,1.));
#12366=DIRECTION('ref_axis',(0.707106781186536,-0.707106781186559,0.));
#12367=DIRECTION('',(0.,0.,1.));
#12368=DIRECTION('center_axis',(0.707106781186543,-0.707106781186552,0.));
#12369=DIRECTION('ref_axis',(0.707106781186552,0.707106781186543,0.));
#12370=DIRECTION('',(-0.707106781186552,-0.707106781186543,0.));
#12371=DIRECTION('',(0.707106781186552,0.707106781186543,0.));
#12372=DIRECTION('',(0.,0.,1.));
#12373=DIRECTION('center_axis',(0.,0.,1.));
#12374=DIRECTION('ref_axis',(-0.707106781186541,0.707106781186554,0.));
#12375=DIRECTION('center_axis',(0.,0.,-1.));
#12376=DIRECTION('ref_axis',(-0.707106781186541,0.707106781186554,0.));
#12377=DIRECTION('center_axis',(0.,0.,1.));
#12378=DIRECTION('ref_axis',(-0.707106781186541,0.707106781186554,0.));
#12379=DIRECTION('center_axis',(0.,0.,1.));
#12380=DIRECTION('ref_axis',(-0.707106781186568,0.707106781186528,0.));
#12381=DIRECTION('center_axis',(0.,0.,-1.));
#12382=DIRECTION('ref_axis',(-0.707106781186568,0.707106781186528,0.));
#12383=DIRECTION('',(0.,0.,1.));
#12384=DIRECTION('center_axis',(0.,0.,1.));
#12385=DIRECTION('ref_axis',(-0.707106781186568,0.707106781186528,0.));
#12386=DIRECTION('',(0.,0.,1.));
#12387=DIRECTION('center_axis',(-0.707106781186556,0.707106781186539,0.));
#12388=DIRECTION('ref_axis',(-0.707106781186539,-0.707106781186556,0.));
#12389=DIRECTION('',(0.707106781186539,0.707106781186556,0.));
#12390=DIRECTION('',(-0.707106781186539,-0.707106781186556,0.));
#12391=DIRECTION('',(0.,0.,1.));
#12392=DIRECTION('center_axis',(0.,0.,1.));
#12393=DIRECTION('ref_axis',(0.707106781186548,-0.707106781186548,0.));
#12394=DIRECTION('center_axis',(0.,0.,-1.));
#12395=DIRECTION('ref_axis',(0.707106781186548,-0.707106781186548,0.));
#12396=DIRECTION('center_axis',(0.,0.,1.));
#12397=DIRECTION('ref_axis',(0.707106781186548,-0.707106781186548,0.));
#12398=DIRECTION('',(0.,0.,1.));
#12399=DIRECTION('center_axis',(0.707106781186556,-0.707106781186539,0.));
#12400=DIRECTION('ref_axis',(0.707106781186539,0.707106781186556,0.));
#12401=DIRECTION('',(-0.707106781186539,-0.707106781186556,0.));
#12402=DIRECTION('',(0.707106781186539,0.707106781186556,0.));
#12403=DIRECTION('center_axis',(0.707106781186557,-0.707106781186538,0.));
#12404=DIRECTION('ref_axis',(0.707106781186538,0.707106781186557,0.));
#12405=DIRECTION('',(-0.707106781186538,-0.707106781186557,0.));
#12406=DIRECTION('',(0.,0.,1.));
#12407=DIRECTION('',(0.707106781186538,0.707106781186557,0.));
#12408=DIRECTION('',(0.,0.,1.));
#12409=DIRECTION('center_axis',(0.,0.,1.));
#12410=DIRECTION('ref_axis',(-0.707106781186565,0.70710678118653,0.));
#12411=DIRECTION('center_axis',(0.,0.,-1.));
#12412=DIRECTION('ref_axis',(-0.707106781186565,0.70710678118653,0.));
#12413=DIRECTION('center_axis',(0.,0.,1.));
#12414=DIRECTION('ref_axis',(-0.707106781186565,0.70710678118653,0.));
#12415=DIRECTION('',(0.,0.,1.));
#12416=DIRECTION('center_axis',(-0.707106781186556,0.707106781186539,0.));
#12417=DIRECTION('ref_axis',(-0.707106781186539,-0.707106781186556,0.));
#12418=DIRECTION('',(0.707106781186539,0.707106781186556,0.));
#12419=DIRECTION('',(-0.707106781186539,-0.707106781186556,0.));
#12420=DIRECTION('',(0.,0.,1.));
#12421=DIRECTION('center_axis',(0.,0.,1.));
#12422=DIRECTION('ref_axis',(0.707106781186548,-0.707106781186548,0.));
#12423=DIRECTION('center_axis',(0.,0.,-1.));
#12424=DIRECTION('ref_axis',(0.707106781186548,-0.707106781186548,0.));
#12425=DIRECTION('center_axis',(0.,0.,1.));
#12426=DIRECTION('ref_axis',(0.707106781186548,-0.707106781186548,0.));
#12427=DIRECTION('center_axis',(0.707106781186493,-0.707106781186602,0.));
#12428=DIRECTION('ref_axis',(0.707106781186602,0.707106781186493,0.));
#12429=DIRECTION('',(-0.707106781186602,-0.707106781186493,0.));
#12430=DIRECTION('',(0.,0.,1.));
#12431=DIRECTION('',(0.707106781186602,0.707106781186493,0.));
#12432=DIRECTION('',(0.,0.,1.));
#12433=DIRECTION('center_axis',(0.,0.,1.));
#12434=DIRECTION('ref_axis',(-0.707106781186545,0.70710678118655,0.));
#12435=DIRECTION('center_axis',(0.,0.,-1.));
#12436=DIRECTION('ref_axis',(-0.707106781186545,0.70710678118655,0.));
#12437=DIRECTION('center_axis',(0.,0.,1.));
#12438=DIRECTION('ref_axis',(-0.707106781186545,0.70710678118655,0.));
#12439=DIRECTION('',(0.,0.,1.));
#12440=DIRECTION('center_axis',(-0.707106781186493,0.707106781186602,0.));
#12441=DIRECTION('ref_axis',(-0.707106781186602,-0.707106781186493,0.));
#12442=DIRECTION('',(0.707106781186602,0.707106781186493,0.));
#12443=DIRECTION('',(-0.707106781186602,-0.707106781186493,0.));
#12444=DIRECTION('',(0.,0.,1.));
#12445=DIRECTION('center_axis',(0.,0.,1.));
#12446=DIRECTION('ref_axis',(0.707106781186556,-0.707106781186539,0.));
#12447=DIRECTION('center_axis',(0.,0.,-1.));
#12448=DIRECTION('ref_axis',(0.707106781186556,-0.707106781186539,0.));
#12449=DIRECTION('center_axis',(0.,0.,1.));
#12450=DIRECTION('ref_axis',(0.707106781186556,-0.707106781186539,0.));
#12451=DIRECTION('center_axis',(0.70710678118655,-0.707106781186545,0.));
#12452=DIRECTION('ref_axis',(0.707106781186545,0.70710678118655,0.));
#12453=DIRECTION('',(-0.707106781186545,-0.70710678118655,0.));
#12454=DIRECTION('',(0.,0.,1.));
#12455=DIRECTION('',(0.707106781186545,0.70710678118655,0.));
#12456=DIRECTION('',(0.,0.,1.));
#12457=DIRECTION('center_axis',(0.,0.,1.));
#12458=DIRECTION('ref_axis',(-0.707106781186561,0.707106781186534,0.));
#12459=DIRECTION('center_axis',(0.,0.,-1.));
#12460=DIRECTION('ref_axis',(-0.707106781186561,0.707106781186534,0.));
#12461=DIRECTION('center_axis',(0.,0.,1.));
#12462=DIRECTION('ref_axis',(-0.707106781186561,0.707106781186534,0.));
#12463=DIRECTION('',(0.,0.,1.));
#12464=DIRECTION('center_axis',(-0.70710678118655,0.707106781186545,0.));
#12465=DIRECTION('ref_axis',(-0.707106781186545,-0.70710678118655,0.));
#12466=DIRECTION('',(0.707106781186545,0.70710678118655,0.));
#12467=DIRECTION('',(-0.707106781186545,-0.70710678118655,0.));
#12468=DIRECTION('',(0.,0.,1.));
#12469=DIRECTION('center_axis',(0.,0.,1.));
#12470=DIRECTION('ref_axis',(0.707106781186552,-0.707106781186543,0.));
#12471=DIRECTION('center_axis',(0.,0.,-1.));
#12472=DIRECTION('ref_axis',(0.707106781186552,-0.707106781186543,0.));
#12473=DIRECTION('center_axis',(0.,0.,1.));
#12474=DIRECTION('ref_axis',(0.707106781186552,-0.707106781186543,0.));
#12475=DIRECTION('center_axis',(-0.70710678118655,0.707106781186546,0.));
#12476=DIRECTION('ref_axis',(-0.707106781186545,-0.707106781186549,0.));
#12477=DIRECTION('',(0.707106781186545,0.707106781186549,0.));
#12478=DIRECTION('',(0.,0.,1.));
#12479=DIRECTION('',(-0.707106781186545,-0.707106781186549,0.));
#12480=DIRECTION('',(0.,0.,1.));
#12481=DIRECTION('center_axis',(0.,0.,1.));
#12482=DIRECTION('ref_axis',(0.70710678118655,-0.707106781186545,0.));
#12483=DIRECTION('center_axis',(0.,0.,-1.));
#12484=DIRECTION('ref_axis',(0.70710678118655,-0.707106781186545,0.));
#12485=DIRECTION('center_axis',(0.,0.,1.));
#12486=DIRECTION('ref_axis',(0.70710678118655,-0.707106781186545,0.));
#12487=DIRECTION('',(0.,0.,1.));
#12488=DIRECTION('center_axis',(0.707106781186549,-0.707106781186546,0.));
#12489=DIRECTION('ref_axis',(0.707106781186546,0.707106781186549,0.));
#12490=DIRECTION('',(-0.707106781186546,-0.707106781186549,0.));
#12491=DIRECTION('',(0.707106781186546,0.707106781186549,0.));
#12492=DIRECTION('',(0.,0.,1.));
#12493=DIRECTION('center_axis',(0.,0.,1.));
#12494=DIRECTION('ref_axis',(-0.707106781186561,0.707106781186534,0.));
#12495=DIRECTION('center_axis',(0.,0.,-1.));
#12496=DIRECTION('ref_axis',(-0.707106781186561,0.707106781186534,0.));
#12497=DIRECTION('center_axis',(0.,0.,1.));
#12498=DIRECTION('ref_axis',(-0.707106781186561,0.707106781186534,0.));
#12499=DIRECTION('center_axis',(-0.70710678118649,0.707106781186605,0.));
#12500=DIRECTION('ref_axis',(-0.707106781186605,-0.70710678118649,0.));
#12501=DIRECTION('',(0.707106781186605,0.70710678118649,0.));
#12502=DIRECTION('',(0.,0.,1.));
#12503=DIRECTION('',(-0.707106781186605,-0.70710678118649,0.));
#12504=DIRECTION('',(0.,0.,1.));
#12505=DIRECTION('center_axis',(0.,0.,1.));
#12506=DIRECTION('ref_axis',(0.707106781186552,-0.707106781186543,0.));
#12507=DIRECTION('center_axis',(0.,0.,-1.));
#12508=DIRECTION('ref_axis',(0.707106781186552,-0.707106781186543,0.));
#12509=DIRECTION('center_axis',(0.,0.,1.));
#12510=DIRECTION('ref_axis',(0.707106781186552,-0.707106781186543,0.));
#12511=DIRECTION('',(0.,0.,1.));
#12512=DIRECTION('center_axis',(0.707106781186493,-0.707106781186602,0.));
#12513=DIRECTION('ref_axis',(0.707106781186602,0.707106781186493,0.));
#12514=DIRECTION('',(-0.707106781186602,-0.707106781186493,0.));
#12515=DIRECTION('',(0.707106781186602,0.707106781186493,0.));
#12516=DIRECTION('',(0.,0.,1.));
#12517=DIRECTION('center_axis',(0.,0.,1.));
#12518=DIRECTION('ref_axis',(-0.70710678118655,0.707106781186545,0.));
#12519=DIRECTION('center_axis',(0.,0.,-1.));
#12520=DIRECTION('ref_axis',(-0.70710678118655,0.707106781186545,0.));
#12521=DIRECTION('center_axis',(0.,0.,1.));
#12522=DIRECTION('ref_axis',(-0.70710678118655,0.707106781186545,0.));
#12523=DIRECTION('center_axis',(0.,0.,1.));
#12524=DIRECTION('ref_axis',(-0.707106781186556,0.707106781186539,0.));
#12525=DIRECTION('center_axis',(0.,0.,-1.));
#12526=DIRECTION('ref_axis',(-0.707106781186556,0.707106781186539,0.));
#12527=DIRECTION('',(0.,0.,1.));
#12528=DIRECTION('center_axis',(0.,0.,1.));
#12529=DIRECTION('ref_axis',(-0.707106781186556,0.707106781186539,0.));
#12530=DIRECTION('',(0.,0.,1.));
#12531=DIRECTION('center_axis',(-0.707106781186556,0.707106781186539,0.));
#12532=DIRECTION('ref_axis',(-0.707106781186539,-0.707106781186556,0.));
#12533=DIRECTION('',(0.707106781186539,0.707106781186556,0.));
#12534=DIRECTION('',(-0.707106781186539,-0.707106781186556,0.));
#12535=DIRECTION('',(0.,0.,1.));
#12536=DIRECTION('center_axis',(0.,0.,1.));
#12537=DIRECTION('ref_axis',(0.707106781186552,-0.707106781186543,0.));
#12538=DIRECTION('center_axis',(0.,0.,-1.));
#12539=DIRECTION('ref_axis',(0.707106781186552,-0.707106781186543,0.));
#12540=DIRECTION('center_axis',(0.,0.,1.));
#12541=DIRECTION('ref_axis',(0.707106781186552,-0.707106781186543,0.));
#12542=DIRECTION('',(0.,0.,1.));
#12543=DIRECTION('center_axis',(0.707106781186558,-0.707106781186537,0.));
#12544=DIRECTION('ref_axis',(0.707106781186537,0.707106781186558,0.));
#12545=DIRECTION('',(-0.707106781186537,-0.707106781186558,0.));
#12546=DIRECTION('',(0.707106781186537,0.707106781186558,0.));
#12547=DIRECTION('center_axis',(0.,0.,1.));
#12548=DIRECTION('ref_axis',(-0.707106781186559,0.707106781186536,0.));
#12549=DIRECTION('center_axis',(0.,0.,-1.));
#12550=DIRECTION('ref_axis',(-0.707106781186559,0.707106781186536,0.));
#12551=DIRECTION('',(0.,0.,1.));
#12552=DIRECTION('center_axis',(0.,0.,1.));
#12553=DIRECTION('ref_axis',(-0.707106781186559,0.707106781186536,0.));
#12554=DIRECTION('',(0.,0.,1.));
#12555=DIRECTION('center_axis',(-0.707106781186556,0.707106781186539,0.));
#12556=DIRECTION('ref_axis',(-0.707106781186539,-0.707106781186556,0.));
#12557=DIRECTION('',(0.707106781186539,0.707106781186556,0.));
#12558=DIRECTION('',(-0.707106781186539,-0.707106781186556,0.));
#12559=DIRECTION('',(0.,0.,1.));
#12560=DIRECTION('center_axis',(0.,0.,1.));
#12561=DIRECTION('ref_axis',(0.707106781186556,-0.707106781186539,0.));
#12562=DIRECTION('center_axis',(0.,0.,-1.));
#12563=DIRECTION('ref_axis',(0.707106781186556,-0.707106781186539,0.));
#12564=DIRECTION('center_axis',(0.,0.,1.));
#12565=DIRECTION('ref_axis',(0.707106781186556,-0.707106781186539,0.));
#12566=DIRECTION('',(0.,0.,1.));
#12567=DIRECTION('center_axis',(0.707106781186558,-0.707106781186537,0.));
#12568=DIRECTION('ref_axis',(0.707106781186537,0.707106781186558,0.));
#12569=DIRECTION('',(-0.707106781186537,-0.707106781186558,0.));
#12570=DIRECTION('',(0.707106781186537,0.707106781186558,0.));
#12571=DIRECTION('center_axis',(0.707106781186541,-0.707106781186554,0.));
#12572=DIRECTION('ref_axis',(0.707106781186554,0.707106781186541,0.));
#12573=DIRECTION('',(-0.707106781186554,-0.707106781186541,0.));
#12574=DIRECTION('',(0.,0.,1.));
#12575=DIRECTION('',(0.707106781186554,0.707106781186541,0.));
#12576=DIRECTION('',(0.,0.,1.));
#12577=DIRECTION('center_axis',(0.,0.,1.));
#12578=DIRECTION('ref_axis',(-0.707106773735977,-0.707106788637118,0.));
#12579=DIRECTION('center_axis',(0.,0.,-1.));
#12580=DIRECTION('ref_axis',(-0.707106781186536,0.707106781186559,0.));
#12581=DIRECTION('center_axis',(0.,0.,1.));
#12582=DIRECTION('ref_axis',(-0.707106781186536,0.707106781186559,0.));
#12583=DIRECTION('',(0.,0.,1.));
#12584=DIRECTION('center_axis',(-0.707106781186541,0.707106781186554,0.));
#12585=DIRECTION('ref_axis',(-0.707106781186554,-0.707106781186541,0.));
#12586=DIRECTION('',(0.707106781186554,0.707106781186541,0.));
#12587=DIRECTION('',(-0.707106781186554,-0.707106781186541,0.));
#12588=DIRECTION('',(0.,0.,1.));
#12589=DIRECTION('center_axis',(0.,0.,1.));
#12590=DIRECTION('ref_axis',(0.707106781186541,-0.707106781186554,0.));
#12591=DIRECTION('center_axis',(0.,0.,-1.));
#12592=DIRECTION('ref_axis',(0.707106781186541,-0.707106781186554,0.));
#12593=DIRECTION('center_axis',(0.,0.,1.));
#12594=DIRECTION('ref_axis',(0.707106781186541,-0.707106781186554,0.));
#12595=DIRECTION('center_axis',(0.707106781186548,-0.707106781186548,0.));
#12596=DIRECTION('ref_axis',(-0.707106781186548,-0.707106781186548,0.));
#12597=DIRECTION('',(0.707106781186548,0.707106781186548,0.));
#12598=DIRECTION('',(0.,0.,-1.));
#12599=DIRECTION('',(-0.707106781186548,-0.707106781186548,0.));
#12600=DIRECTION('',(0.,0.,-1.));
#12601=DIRECTION('center_axis',(0.,0.,-1.));
#12602=DIRECTION('ref_axis',(0.707106781186541,-0.707106781186554,0.));
#12603=DIRECTION('center_axis',(0.,0.,1.));
#12604=DIRECTION('ref_axis',(0.707106781186541,-0.707106781186554,0.));
#12605=DIRECTION('center_axis',(0.,0.,-1.));
#12606=DIRECTION('ref_axis',(0.707106781186541,-0.707106781186554,0.));
#12607=DIRECTION('',(0.,0.,-1.));
#12608=DIRECTION('center_axis',(-0.707106781186543,0.707106781186552,0.));
#12609=DIRECTION('ref_axis',(0.707106781186552,0.707106781186543,0.));
#12610=DIRECTION('',(-0.707106781186552,-0.707106781186543,0.));
#12611=DIRECTION('',(0.707106781186552,0.707106781186543,0.));
#12612=DIRECTION('',(0.,0.,-1.));
#12613=DIRECTION('center_axis',(0.,0.,-1.));
#12614=DIRECTION('ref_axis',(-0.707106781186545,0.70710678118655,0.));
#12615=DIRECTION('center_axis',(0.,0.,1.));
#12616=DIRECTION('ref_axis',(-0.707106781186545,0.70710678118655,0.));
#12617=DIRECTION('center_axis',(0.,0.,-1.));
#12618=DIRECTION('ref_axis',(-0.707106781186545,0.70710678118655,0.));
#12619=DIRECTION('center_axis',(0.707106781186548,-0.707106781186547,0.));
#12620=DIRECTION('ref_axis',(-0.707106781186547,-0.707106781186548,0.));
#12621=DIRECTION('',(0.707106781186547,0.707106781186548,0.));
#12622=DIRECTION('',(0.,0.,-1.));
#12623=DIRECTION('',(-0.707106781186547,-0.707106781186548,0.));
#12624=DIRECTION('',(0.,0.,-1.));
#12625=DIRECTION('center_axis',(0.,0.,-1.));
#12626=DIRECTION('ref_axis',(0.707106781186548,-0.707106781186548,0.));
#12627=DIRECTION('center_axis',(0.,0.,1.));
#12628=DIRECTION('ref_axis',(0.707106781186548,-0.707106781186548,0.));
#12629=DIRECTION('center_axis',(0.,0.,-1.));
#12630=DIRECTION('ref_axis',(0.707106781186548,-0.707106781186548,0.));
#12631=DIRECTION('',(0.,0.,-1.));
#12632=DIRECTION('center_axis',(-0.707106781186548,0.707106781186547,0.));
#12633=DIRECTION('ref_axis',(0.707106781186547,0.707106781186548,0.));
#12634=DIRECTION('',(-0.707106781186547,-0.707106781186548,0.));
#12635=DIRECTION('',(0.707106781186547,0.707106781186548,0.));
#12636=DIRECTION('',(0.,0.,-1.));
#12637=DIRECTION('center_axis',(0.,0.,-1.));
#12638=DIRECTION('ref_axis',(-0.707106781186548,0.707106781186548,0.));
#12639=DIRECTION('center_axis',(0.,0.,1.));
#12640=DIRECTION('ref_axis',(-0.707106781186548,0.707106781186548,0.));
#12641=DIRECTION('center_axis',(0.,0.,-1.));
#12642=DIRECTION('ref_axis',(-0.707106781186548,0.707106781186548,0.));
#12643=DIRECTION('center_axis',(-0.707106781186548,0.707106781186547,0.));
#12644=DIRECTION('ref_axis',(0.707106781186547,0.707106781186548,0.));
#12645=DIRECTION('',(-0.707106781186547,-0.707106781186548,0.));
#12646=DIRECTION('',(0.,0.,-1.));
#12647=DIRECTION('',(0.707106781186547,0.707106781186548,0.));
#12648=DIRECTION('',(0.,0.,-1.));
#12649=DIRECTION('center_axis',(0.,0.,-1.));
#12650=DIRECTION('ref_axis',(-0.707106781186548,0.707106781186548,0.));
#12651=DIRECTION('center_axis',(0.,0.,1.));
#12652=DIRECTION('ref_axis',(-0.707106781186548,0.707106781186548,0.));
#12653=DIRECTION('center_axis',(0.,0.,-1.));
#12654=DIRECTION('ref_axis',(-0.707106781186548,0.707106781186548,0.));
#12655=DIRECTION('',(0.,0.,-1.));
#12656=DIRECTION('center_axis',(0.707106781186548,-0.707106781186547,0.));
#12657=DIRECTION('ref_axis',(-0.707106781186547,-0.707106781186548,0.));
#12658=DIRECTION('',(0.707106781186547,0.707106781186548,0.));
#12659=DIRECTION('',(-0.707106781186547,-0.707106781186548,0.));
#12660=DIRECTION('',(0.,0.,-1.));
#12661=DIRECTION('center_axis',(0.,0.,-1.));
#12662=DIRECTION('ref_axis',(0.707106781186543,-0.707106781186552,0.));
#12663=DIRECTION('center_axis',(0.,0.,1.));
#12664=DIRECTION('ref_axis',(0.707106781186543,-0.707106781186552,0.));
#12665=DIRECTION('center_axis',(0.,0.,-1.));
#12666=DIRECTION('ref_axis',(0.707106781186543,-0.707106781186552,0.));
#12667=DIRECTION('center_axis',(0.707106781186545,-0.70710678118655,0.));
#12668=DIRECTION('ref_axis',(-0.70710678118655,-0.707106781186545,0.));
#12669=DIRECTION('',(0.70710678118655,0.707106781186545,0.));
#12670=DIRECTION('',(0.,0.,-1.));
#12671=DIRECTION('',(-0.70710678118655,-0.707106781186545,0.));
#12672=DIRECTION('',(0.,0.,-1.));
#12673=DIRECTION('center_axis',(0.,0.,-1.));
#12674=DIRECTION('ref_axis',(0.70710678118655,-0.707106781186545,0.));
#12675=DIRECTION('center_axis',(0.,0.,1.));
#12676=DIRECTION('ref_axis',(0.70710678118655,-0.707106781186545,0.));
#12677=DIRECTION('center_axis',(0.,0.,-1.));
#12678=DIRECTION('ref_axis',(0.70710678118655,-0.707106781186545,0.));
#12679=DIRECTION('',(0.,0.,-1.));
#12680=DIRECTION('center_axis',(-0.707106781186546,0.70710678118655,0.));
#12681=DIRECTION('ref_axis',(0.707106781186549,0.707106781186545,0.));
#12682=DIRECTION('',(-0.707106781186549,-0.707106781186545,0.));
#12683=DIRECTION('',(0.707106781186549,0.707106781186545,0.));
#12684=DIRECTION('',(0.,0.,-1.));
#12685=DIRECTION('center_axis',(0.,0.,-1.));
#12686=DIRECTION('ref_axis',(-0.707106781186543,0.707106781186552,0.));
#12687=DIRECTION('center_axis',(0.,0.,1.));
#12688=DIRECTION('ref_axis',(-0.707106781186543,0.707106781186552,0.));
#12689=DIRECTION('center_axis',(0.,0.,-1.));
#12690=DIRECTION('ref_axis',(-0.707106781186543,0.707106781186552,0.));
#12691=DIRECTION('center_axis',(0.707106781186546,-0.70710678118655,0.));
#12692=DIRECTION('ref_axis',(-0.707106781186549,-0.707106781186545,0.));
#12693=DIRECTION('',(0.707106781186549,0.707106781186545,0.));
#12694=DIRECTION('',(0.,0.,-1.));
#12695=DIRECTION('',(-0.707106781186549,-0.707106781186545,0.));
#12696=DIRECTION('',(0.,0.,-1.));
#12697=DIRECTION('center_axis',(0.,0.,-1.));
#12698=DIRECTION('ref_axis',(0.707106781186545,-0.70710678118655,0.));
#12699=DIRECTION('center_axis',(0.,0.,1.));
#12700=DIRECTION('ref_axis',(0.707106781186545,-0.70710678118655,0.));
#12701=DIRECTION('center_axis',(0.,0.,-1.));
#12702=DIRECTION('ref_axis',(0.707106781186545,-0.70710678118655,0.));
#12703=DIRECTION('',(0.,0.,-1.));
#12704=DIRECTION('center_axis',(-0.707106781186546,0.70710678118655,0.));
#12705=DIRECTION('ref_axis',(0.707106781186549,0.707106781186545,0.));
#12706=DIRECTION('',(-0.707106781186549,-0.707106781186545,0.));
#12707=DIRECTION('',(0.707106781186549,0.707106781186545,0.));
#12708=DIRECTION('',(0.,0.,-1.));
#12709=DIRECTION('center_axis',(0.,0.,-1.));
#12710=DIRECTION('ref_axis',(-0.707106781186543,0.707106781186552,0.));
#12711=DIRECTION('center_axis',(0.,0.,1.));
#12712=DIRECTION('ref_axis',(-0.707106781186543,0.707106781186552,0.));
#12713=DIRECTION('center_axis',(0.,0.,-1.));
#12714=DIRECTION('ref_axis',(-0.707106781186543,0.707106781186552,0.));
#12715=DIRECTION('center_axis',(0.707106781186546,-0.707106781186549,0.));
#12716=DIRECTION('ref_axis',(-0.707106781186549,-0.707106781186546,0.));
#12717=DIRECTION('',(0.707106781186549,0.707106781186546,0.));
#12718=DIRECTION('',(0.,0.,-1.));
#12719=DIRECTION('',(-0.707106781186549,-0.707106781186546,0.));
#12720=DIRECTION('',(0.,0.,-1.));
#12721=DIRECTION('center_axis',(0.,0.,-1.));
#12722=DIRECTION('ref_axis',(0.707106781186545,-0.70710678118655,0.));
#12723=DIRECTION('center_axis',(0.,0.,1.));
#12724=DIRECTION('ref_axis',(0.707106781186545,-0.70710678118655,0.));
#12725=DIRECTION('center_axis',(0.,0.,-1.));
#12726=DIRECTION('ref_axis',(0.707106781186545,-0.70710678118655,0.));
#12727=DIRECTION('',(0.,0.,-1.));
#12728=DIRECTION('center_axis',(-0.707106781186546,0.70710678118655,0.));
#12729=DIRECTION('ref_axis',(0.707106781186549,0.707106781186545,0.));
#12730=DIRECTION('',(-0.707106781186549,-0.707106781186545,0.));
#12731=DIRECTION('',(0.707106781186549,0.707106781186545,0.));
#12732=DIRECTION('',(0.,0.,-1.));
#12733=DIRECTION('center_axis',(0.,0.,-1.));
#12734=DIRECTION('ref_axis',(-0.707106781186539,0.707106781186556,0.));
#12735=DIRECTION('center_axis',(0.,0.,1.));
#12736=DIRECTION('ref_axis',(-0.707106781186539,0.707106781186556,0.));
#12737=DIRECTION('center_axis',(0.,0.,-1.));
#12738=DIRECTION('ref_axis',(-0.707106781186539,0.707106781186556,0.));
#12739=DIRECTION('center_axis',(0.707106781186545,-0.70710678118655,0.));
#12740=DIRECTION('ref_axis',(-0.70710678118655,-0.707106781186545,0.));
#12741=DIRECTION('',(0.70710678118655,0.707106781186545,0.));
#12742=DIRECTION('',(0.,0.,-1.));
#12743=DIRECTION('',(-0.70710678118655,-0.707106781186545,0.));
#12744=DIRECTION('',(0.,0.,-1.));
#12745=DIRECTION('center_axis',(0.,0.,-1.));
#12746=DIRECTION('ref_axis',(0.707106781186545,-0.70710678118655,0.));
#12747=DIRECTION('center_axis',(0.,0.,1.));
#12748=DIRECTION('ref_axis',(0.707106781186545,-0.70710678118655,0.));
#12749=DIRECTION('center_axis',(0.,0.,-1.));
#12750=DIRECTION('ref_axis',(0.707106781186545,-0.70710678118655,0.));
#12751=DIRECTION('',(0.,0.,-1.));
#12752=DIRECTION('center_axis',(-0.707106781186545,0.70710678118655,0.));
#12753=DIRECTION('ref_axis',(0.70710678118655,0.707106781186545,0.));
#12754=DIRECTION('',(-0.70710678118655,-0.707106781186545,0.));
#12755=DIRECTION('',(0.70710678118655,0.707106781186545,0.));
#12756=DIRECTION('',(0.,0.,-1.));
#12757=DIRECTION('center_axis',(0.,0.,-1.));
#12758=DIRECTION('ref_axis',(-0.707106781186545,0.70710678118655,0.));
#12759=DIRECTION('center_axis',(0.,0.,1.));
#12760=DIRECTION('ref_axis',(-0.707106781186545,0.70710678118655,0.));
#12761=DIRECTION('center_axis',(0.,0.,-1.));
#12762=DIRECTION('ref_axis',(-0.707106781186545,0.70710678118655,0.));
#12763=DIRECTION('center_axis',(0.707106781186546,-0.70710678118655,0.));
#12764=DIRECTION('ref_axis',(-0.707106781186549,-0.707106781186545,0.));
#12765=DIRECTION('',(0.707106781186549,0.707106781186545,0.));
#12766=DIRECTION('',(0.,0.,-1.));
#12767=DIRECTION('',(-0.707106781186549,-0.707106781186545,0.));
#12768=DIRECTION('',(0.,0.,-1.));
#12769=DIRECTION('center_axis',(0.,0.,-1.));
#12770=DIRECTION('ref_axis',(0.70710678118655,-0.707106781186545,0.));
#12771=DIRECTION('center_axis',(0.,0.,1.));
#12772=DIRECTION('ref_axis',(0.70710678118655,-0.707106781186545,0.));
#12773=DIRECTION('center_axis',(0.,0.,-1.));
#12774=DIRECTION('ref_axis',(0.70710678118655,-0.707106781186545,0.));
#12775=DIRECTION('',(0.,0.,-1.));
#12776=DIRECTION('center_axis',(-0.707106781186546,0.70710678118655,0.));
#12777=DIRECTION('ref_axis',(0.707106781186549,0.707106781186545,0.));
#12778=DIRECTION('',(-0.707106781186549,-0.707106781186545,0.));
#12779=DIRECTION('',(0.707106781186549,0.707106781186545,0.));
#12780=DIRECTION('',(0.,0.,-1.));
#12781=DIRECTION('center_axis',(0.,0.,-1.));
#12782=DIRECTION('ref_axis',(-0.707106781186543,0.707106781186552,0.));
#12783=DIRECTION('center_axis',(0.,0.,1.));
#12784=DIRECTION('ref_axis',(-0.707106781186543,0.707106781186552,0.));
#12785=DIRECTION('center_axis',(0.,0.,-1.));
#12786=DIRECTION('ref_axis',(-0.707106781186543,0.707106781186552,0.));
#12787=DIRECTION('center_axis',(-0.707106781186546,0.707106781186549,0.));
#12788=DIRECTION('ref_axis',(0.707106781186549,0.707106781186546,0.));
#12789=DIRECTION('',(-0.707106781186549,-0.707106781186546,0.));
#12790=DIRECTION('',(0.,0.,-1.));
#12791=DIRECTION('',(0.707106781186549,0.707106781186546,0.));
#12792=DIRECTION('',(0.,0.,-1.));
#12793=DIRECTION('center_axis',(0.,0.,-1.));
#12794=DIRECTION('ref_axis',(-0.707106781186543,0.707106781186552,0.));
#12795=DIRECTION('center_axis',(0.,0.,1.));
#12796=DIRECTION('ref_axis',(-0.707106781186543,0.707106781186552,0.));
#12797=DIRECTION('center_axis',(0.,0.,-1.));
#12798=DIRECTION('ref_axis',(-0.707106781186543,0.707106781186552,0.));
#12799=DIRECTION('',(0.,0.,-1.));
#12800=DIRECTION('center_axis',(0.707106781186546,-0.707106781186549,0.));
#12801=DIRECTION('ref_axis',(-0.707106781186549,-0.707106781186546,0.));
#12802=DIRECTION('',(0.707106781186549,0.707106781186546,0.));
#12803=DIRECTION('',(-0.707106781186549,-0.707106781186546,0.));
#12804=DIRECTION('',(0.,0.,-1.));
#12805=DIRECTION('center_axis',(0.,0.,-1.));
#12806=DIRECTION('ref_axis',(0.70710678118655,-0.707106781186545,0.));
#12807=DIRECTION('center_axis',(0.,0.,1.));
#12808=DIRECTION('ref_axis',(0.70710678118655,-0.707106781186545,0.));
#12809=DIRECTION('center_axis',(0.,0.,-1.));
#12810=DIRECTION('ref_axis',(0.70710678118655,-0.707106781186545,0.));
#12811=DIRECTION('center_axis',(0.707106781186548,-0.707106781186547,0.));
#12812=DIRECTION('ref_axis',(-0.707106781186547,-0.707106781186548,0.));
#12813=DIRECTION('',(0.707106781186547,0.707106781186548,0.));
#12814=DIRECTION('',(0.,0.,-1.));
#12815=DIRECTION('',(-0.707106781186547,-0.707106781186548,0.));
#12816=DIRECTION('',(0.,0.,-1.));
#12817=DIRECTION('center_axis',(0.,0.,-1.));
#12818=DIRECTION('ref_axis',(0.707106781186543,-0.707106781186552,0.));
#12819=DIRECTION('center_axis',(0.,0.,1.));
#12820=DIRECTION('ref_axis',(0.707106781186543,-0.707106781186552,0.));
#12821=DIRECTION('center_axis',(0.,0.,-1.));
#12822=DIRECTION('ref_axis',(0.707106781186543,-0.707106781186552,0.));
#12823=DIRECTION('',(0.,0.,-1.));
#12824=DIRECTION('center_axis',(-0.707106781186549,0.707106781186547,0.));
#12825=DIRECTION('ref_axis',(0.707106781186546,0.707106781186548,0.));
#12826=DIRECTION('',(-0.707106781186546,-0.707106781186548,0.));
#12827=DIRECTION('',(0.707106781186546,0.707106781186548,0.));
#12828=DIRECTION('',(0.,0.,-1.));
#12829=DIRECTION('center_axis',(0.,0.,-1.));
#12830=DIRECTION('ref_axis',(-0.707106781186543,0.707106781186552,0.));
#12831=DIRECTION('center_axis',(0.,0.,1.));
#12832=DIRECTION('ref_axis',(-0.707106781186543,0.707106781186552,0.));
#12833=DIRECTION('center_axis',(0.,0.,-1.));
#12834=DIRECTION('ref_axis',(-0.707106781186543,0.707106781186552,0.));
#12835=DIRECTION('center_axis',(0.707106781186548,-0.707106781186547,0.));
#12836=DIRECTION('ref_axis',(-0.707106781186547,-0.707106781186548,0.));
#12837=DIRECTION('',(0.707106781186547,0.707106781186548,0.));
#12838=DIRECTION('',(0.,0.,-1.));
#12839=DIRECTION('',(-0.707106781186547,-0.707106781186548,0.));
#12840=DIRECTION('',(0.,0.,-1.));
#12841=DIRECTION('center_axis',(0.,0.,-1.));
#12842=DIRECTION('ref_axis',(0.707106781186543,-0.707106781186552,0.));
#12843=DIRECTION('center_axis',(0.,0.,1.));
#12844=DIRECTION('ref_axis',(0.707106781186543,-0.707106781186552,0.));
#12845=DIRECTION('center_axis',(0.,0.,-1.));
#12846=DIRECTION('ref_axis',(0.707106781186543,-0.707106781186552,0.));
#12847=DIRECTION('',(0.,0.,-1.));
#12848=DIRECTION('center_axis',(-0.707106781186548,0.707106781186547,0.));
#12849=DIRECTION('ref_axis',(0.707106781186547,0.707106781186548,0.));
#12850=DIRECTION('',(-0.707106781186547,-0.707106781186548,0.));
#12851=DIRECTION('',(0.707106781186547,0.707106781186548,0.));
#12852=DIRECTION('',(0.,0.,-1.));
#12853=DIRECTION('center_axis',(0.,0.,-1.));
#12854=DIRECTION('ref_axis',(-0.707106781186548,0.707106781186548,0.));
#12855=DIRECTION('center_axis',(0.,0.,1.));
#12856=DIRECTION('ref_axis',(-0.707106781186548,0.707106781186548,0.));
#12857=DIRECTION('center_axis',(0.,0.,-1.));
#12858=DIRECTION('ref_axis',(-0.707106781186548,0.707106781186548,0.));
#12859=DIRECTION('center_axis',(0.707106781186548,-0.707106781186547,0.));
#12860=DIRECTION('ref_axis',(-0.707106781186547,-0.707106781186548,0.));
#12861=DIRECTION('',(0.707106781186547,0.707106781186548,0.));
#12862=DIRECTION('',(0.,0.,-1.));
#12863=DIRECTION('',(-0.707106781186547,-0.707106781186548,0.));
#12864=DIRECTION('',(0.,0.,-1.));
#12865=DIRECTION('center_axis',(0.,0.,-1.));
#12866=DIRECTION('ref_axis',(0.707106781186548,-0.707106781186548,0.));
#12867=DIRECTION('center_axis',(0.,0.,1.));
#12868=DIRECTION('ref_axis',(0.707106781186548,-0.707106781186548,0.));
#12869=DIRECTION('center_axis',(0.,0.,-1.));
#12870=DIRECTION('ref_axis',(0.707106781186548,-0.707106781186548,0.));
#12871=DIRECTION('',(0.,0.,-1.));
#12872=DIRECTION('center_axis',(-0.707106781186549,0.707106781186546,0.));
#12873=DIRECTION('ref_axis',(0.707106781186546,0.707106781186549,0.));
#12874=DIRECTION('',(-0.707106781186546,-0.707106781186549,0.));
#12875=DIRECTION('',(0.707106781186546,0.707106781186549,0.));
#12876=DIRECTION('',(0.,0.,-1.));
#12877=DIRECTION('center_axis',(0.,0.,-1.));
#12878=DIRECTION('ref_axis',(-0.707106781186552,0.707106781186543,0.));
#12879=DIRECTION('center_axis',(0.,0.,1.));
#12880=DIRECTION('ref_axis',(-0.707106781186552,0.707106781186543,0.));
#12881=DIRECTION('center_axis',(0.,0.,-1.));
#12882=DIRECTION('ref_axis',(-0.707106781186552,0.707106781186543,0.));
#12883=DIRECTION('center_axis',(0.707106781186548,-0.707106781186548,0.));
#12884=DIRECTION('ref_axis',(-0.707106781186548,-0.707106781186548,0.));
#12885=DIRECTION('',(0.707106781186548,0.707106781186548,0.));
#12886=DIRECTION('',(0.,0.,-1.));
#12887=DIRECTION('',(-0.707106781186548,-0.707106781186548,0.));
#12888=DIRECTION('',(0.,0.,-1.));
#12889=DIRECTION('center_axis',(0.,0.,-1.));
#12890=DIRECTION('ref_axis',(0.707106781186541,-0.707106781186554,0.));
#12891=DIRECTION('center_axis',(0.,0.,1.));
#12892=DIRECTION('ref_axis',(0.707106781186541,-0.707106781186554,0.));
#12893=DIRECTION('center_axis',(0.,0.,-1.));
#12894=DIRECTION('ref_axis',(0.707106781186541,-0.707106781186554,0.));
#12895=DIRECTION('',(0.,0.,-1.));
#12896=DIRECTION('center_axis',(-0.707106781186546,0.707106781186549,0.));
#12897=DIRECTION('ref_axis',(0.707106781186549,0.707106781186546,0.));
#12898=DIRECTION('',(-0.707106781186549,-0.707106781186546,0.));
#12899=DIRECTION('',(0.707106781186549,0.707106781186546,0.));
#12900=DIRECTION('',(0.,0.,-1.));
#12901=DIRECTION('center_axis',(0.,0.,-1.));
#12902=DIRECTION('ref_axis',(-0.707106781186545,0.70710678118655,0.));
#12903=DIRECTION('center_axis',(0.,0.,1.));
#12904=DIRECTION('ref_axis',(-0.707106781186545,0.70710678118655,0.));
#12905=DIRECTION('center_axis',(0.,0.,-1.));
#12906=DIRECTION('ref_axis',(-0.707106781186545,0.70710678118655,0.));
#12907=DIRECTION('center_axis',(0.707106781186545,-0.70710678118655,0.));
#12908=DIRECTION('ref_axis',(-0.70710678118655,-0.707106781186545,0.));
#12909=DIRECTION('',(0.70710678118655,0.707106781186545,0.));
#12910=DIRECTION('',(0.,0.,-1.));
#12911=DIRECTION('',(-0.70710678118655,-0.707106781186545,0.));
#12912=DIRECTION('',(0.,0.,-1.));
#12913=DIRECTION('center_axis',(0.,0.,-1.));
#12914=DIRECTION('ref_axis',(0.707106781186536,-0.707106781186559,0.));
#12915=DIRECTION('center_axis',(0.,0.,1.));
#12916=DIRECTION('ref_axis',(0.707106781186536,-0.707106781186559,0.));
#12917=DIRECTION('center_axis',(0.,0.,-1.));
#12918=DIRECTION('ref_axis',(0.707106781186536,-0.707106781186559,0.));
#12919=DIRECTION('',(0.,0.,-1.));
#12920=DIRECTION('center_axis',(-0.707106781186546,0.707106781186549,0.));
#12921=DIRECTION('ref_axis',(0.707106781186549,0.707106781186546,0.));
#12922=DIRECTION('',(-0.707106781186549,-0.707106781186546,0.));
#12923=DIRECTION('',(0.707106781186549,0.707106781186546,0.));
#12924=DIRECTION('',(0.,0.,-1.));
#12925=DIRECTION('center_axis',(0.,0.,-1.));
#12926=DIRECTION('ref_axis',(-0.707106781186545,0.70710678118655,0.));
#12927=DIRECTION('center_axis',(0.,0.,1.));
#12928=DIRECTION('ref_axis',(-0.707106781186545,0.70710678118655,0.));
#12929=DIRECTION('center_axis',(0.,0.,-1.));
#12930=DIRECTION('ref_axis',(-0.707106781186545,0.70710678118655,0.));
#12931=DIRECTION('center_axis',(-0.707106781186546,0.707106781186549,0.));
#12932=DIRECTION('ref_axis',(0.707106781186549,0.707106781186546,0.));
#12933=DIRECTION('',(-0.707106781186549,-0.707106781186546,0.));
#12934=DIRECTION('',(0.,0.,-1.));
#12935=DIRECTION('',(0.707106781186549,0.707106781186546,0.));
#12936=DIRECTION('',(0.,0.,-1.));
#12937=DIRECTION('center_axis',(0.,0.,-1.));
#12938=DIRECTION('ref_axis',(-0.707106781186548,0.707106781186548,0.));
#12939=DIRECTION('center_axis',(0.,0.,1.));
#12940=DIRECTION('ref_axis',(-0.707106781186548,0.707106781186548,0.));
#12941=DIRECTION('center_axis',(0.,0.,-1.));
#12942=DIRECTION('ref_axis',(-0.707106781186548,0.707106781186548,0.));
#12943=DIRECTION('',(0.,0.,-1.));
#12944=DIRECTION('center_axis',(0.707106781186548,-0.707106781186548,0.));
#12945=DIRECTION('ref_axis',(-0.707106781186548,-0.707106781186548,0.));
#12946=DIRECTION('',(0.707106781186548,0.707106781186548,0.));
#12947=DIRECTION('',(-0.707106781186548,-0.707106781186548,0.));
#12948=DIRECTION('',(0.,0.,-1.));
#12949=DIRECTION('center_axis',(0.,0.,-1.));
#12950=DIRECTION('ref_axis',(0.707106781186541,-0.707106781186554,0.));
#12951=DIRECTION('center_axis',(0.,0.,1.));
#12952=DIRECTION('ref_axis',(0.707106781186541,-0.707106781186554,0.));
#12953=DIRECTION('center_axis',(0.,0.,-1.));
#12954=DIRECTION('ref_axis',(0.707106781186541,-0.707106781186554,0.));
#12955=DIRECTION('center_axis',(0.707106781186546,-0.707106781186549,0.));
#12956=DIRECTION('ref_axis',(-0.707106781186549,-0.707106781186546,0.));
#12957=DIRECTION('',(0.707106781186549,0.707106781186546,0.));
#12958=DIRECTION('',(0.,0.,-1.));
#12959=DIRECTION('',(-0.707106781186549,-0.707106781186546,0.));
#12960=DIRECTION('',(0.,0.,-1.));
#12961=DIRECTION('center_axis',(0.,0.,-1.));
#12962=DIRECTION('ref_axis',(0.707106781186545,-0.70710678118655,0.));
#12963=DIRECTION('center_axis',(0.,0.,1.));
#12964=DIRECTION('ref_axis',(0.707106781186545,-0.70710678118655,0.));
#12965=DIRECTION('center_axis',(0.,0.,-1.));
#12966=DIRECTION('ref_axis',(0.707106781186545,-0.70710678118655,0.));
#12967=DIRECTION('',(0.,0.,-1.));
#12968=DIRECTION('center_axis',(-0.707106781186546,0.707106781186549,0.));
#12969=DIRECTION('ref_axis',(0.707106781186549,0.707106781186546,0.));
#12970=DIRECTION('',(-0.707106781186549,-0.707106781186546,0.));
#12971=DIRECTION('',(0.707106781186549,0.707106781186546,0.));
#12972=DIRECTION('',(0.,0.,-1.));
#12973=DIRECTION('center_axis',(0.,0.,-1.));
#12974=DIRECTION('ref_axis',(-0.707106781186545,0.70710678118655,0.));
#12975=DIRECTION('center_axis',(0.,0.,1.));
#12976=DIRECTION('ref_axis',(-0.707106781186545,0.70710678118655,0.));
#12977=DIRECTION('center_axis',(0.,0.,-1.));
#12978=DIRECTION('ref_axis',(-0.707106781186545,0.70710678118655,0.));
#12979=DIRECTION('center_axis',(0.707106781186548,-0.707106781186548,0.));
#12980=DIRECTION('ref_axis',(-0.707106781186548,-0.707106781186548,0.));
#12981=DIRECTION('',(0.707106781186548,0.707106781186548,0.));
#12982=DIRECTION('',(0.,0.,-1.));
#12983=DIRECTION('',(-0.707106781186548,-0.707106781186548,0.));
#12984=DIRECTION('',(0.,0.,-1.));
#12985=DIRECTION('center_axis',(0.,0.,-1.));
#12986=DIRECTION('ref_axis',(0.707106781186545,-0.70710678118655,0.));
#12987=DIRECTION('center_axis',(0.,0.,1.));
#12988=DIRECTION('ref_axis',(0.707106781186545,-0.70710678118655,0.));
#12989=DIRECTION('center_axis',(0.,0.,-1.));
#12990=DIRECTION('ref_axis',(0.707106781186545,-0.70710678118655,0.));
#12991=DIRECTION('',(0.,0.,-1.));
#12992=DIRECTION('center_axis',(-0.707106781186548,0.707106781186548,0.));
#12993=DIRECTION('ref_axis',(0.707106781186548,0.707106781186548,0.));
#12994=DIRECTION('',(-0.707106781186548,-0.707106781186548,0.));
#12995=DIRECTION('',(0.707106781186548,0.707106781186548,0.));
#12996=DIRECTION('',(0.,0.,-1.));
#12997=DIRECTION('center_axis',(0.,0.,-1.));
#12998=DIRECTION('ref_axis',(-0.707106781186545,0.70710678118655,0.));
#12999=DIRECTION('center_axis',(0.,0.,1.));
#13000=DIRECTION('ref_axis',(-0.707106781186545,0.70710678118655,0.));
#13001=DIRECTION('center_axis',(0.,0.,-1.));
#13002=DIRECTION('ref_axis',(-0.707106781186545,0.70710678118655,0.));
#13003=DIRECTION('center_axis',(0.707106781186548,-0.707106781186548,0.));
#13004=DIRECTION('ref_axis',(-0.707106781186548,-0.707106781186548,0.));
#13005=DIRECTION('',(0.707106781186548,0.707106781186548,0.));
#13006=DIRECTION('',(0.,0.,-1.));
#13007=DIRECTION('',(-0.707106781186548,-0.707106781186548,0.));
#13008=DIRECTION('',(0.,0.,-1.));
#13009=DIRECTION('center_axis',(0.,0.,-1.));
#13010=DIRECTION('ref_axis',(0.707106781186545,-0.70710678118655,0.));
#13011=DIRECTION('center_axis',(0.,0.,1.));
#13012=DIRECTION('ref_axis',(0.707106781186545,-0.70710678118655,0.));
#13013=DIRECTION('center_axis',(0.,0.,-1.));
#13014=DIRECTION('ref_axis',(0.707106781186545,-0.70710678118655,0.));
#13015=DIRECTION('',(0.,0.,-1.));
#13016=DIRECTION('center_axis',(-0.707106781186548,0.707106781186548,0.));
#13017=DIRECTION('ref_axis',(0.707106781186548,0.707106781186548,0.));
#13018=DIRECTION('',(-0.707106781186548,-0.707106781186548,0.));
#13019=DIRECTION('',(0.707106781186548,0.707106781186548,0.));
#13020=DIRECTION('',(0.,0.,-1.));
#13021=DIRECTION('center_axis',(0.,0.,-1.));
#13022=DIRECTION('ref_axis',(-0.707106781186545,0.70710678118655,0.));
#13023=DIRECTION('center_axis',(0.,0.,1.));
#13024=DIRECTION('ref_axis',(-0.707106781186545,0.70710678118655,0.));
#13025=DIRECTION('center_axis',(0.,0.,-1.));
#13026=DIRECTION('ref_axis',(-0.707106781186545,0.70710678118655,0.));
#13027=DIRECTION('center_axis',(0.707106781186546,-0.70710678118655,0.));
#13028=DIRECTION('ref_axis',(-0.707106781186549,-0.707106781186545,0.));
#13029=DIRECTION('',(0.707106781186549,0.707106781186545,0.));
#13030=DIRECTION('',(0.,0.,-1.));
#13031=DIRECTION('',(-0.707106781186549,-0.707106781186545,0.));
#13032=DIRECTION('',(0.,0.,-1.));
#13033=DIRECTION('center_axis',(0.,0.,-1.));
#13034=DIRECTION('ref_axis',(0.70710678118655,-0.707106781186545,0.));
#13035=DIRECTION('center_axis',(0.,0.,1.));
#13036=DIRECTION('ref_axis',(0.70710678118655,-0.707106781186545,0.));
#13037=DIRECTION('center_axis',(0.,0.,-1.));
#13038=DIRECTION('ref_axis',(0.70710678118655,-0.707106781186545,0.));
#13039=DIRECTION('',(0.,0.,-1.));
#13040=DIRECTION('center_axis',(-0.707106781186546,0.70710678118655,0.));
#13041=DIRECTION('ref_axis',(0.707106781186549,0.707106781186545,0.));
#13042=DIRECTION('',(-0.707106781186549,-0.707106781186545,0.));
#13043=DIRECTION('',(0.707106781186549,0.707106781186545,0.));
#13044=DIRECTION('',(0.,0.,-1.));
#13045=DIRECTION('center_axis',(0.,0.,-1.));
#13046=DIRECTION('ref_axis',(-0.707106781186543,0.707106781186552,0.));
#13047=DIRECTION('center_axis',(0.,0.,1.));
#13048=DIRECTION('ref_axis',(-0.707106781186543,0.707106781186552,0.));
#13049=DIRECTION('center_axis',(0.,0.,-1.));
#13050=DIRECTION('ref_axis',(-0.707106781186543,0.707106781186552,0.));
#13051=DIRECTION('center_axis',(0.707106781186545,-0.70710678118655,0.));
#13052=DIRECTION('ref_axis',(-0.70710678118655,-0.707106781186545,0.));
#13053=DIRECTION('',(0.70710678118655,0.707106781186545,0.));
#13054=DIRECTION('',(0.,0.,-1.));
#13055=DIRECTION('',(-0.70710678118655,-0.707106781186545,0.));
#13056=DIRECTION('',(0.,0.,-1.));
#13057=DIRECTION('center_axis',(0.,0.,-1.));
#13058=DIRECTION('ref_axis',(0.707106781186545,-0.70710678118655,0.));
#13059=DIRECTION('center_axis',(0.,0.,1.));
#13060=DIRECTION('ref_axis',(0.707106781186545,-0.70710678118655,0.));
#13061=DIRECTION('center_axis',(0.,0.,-1.));
#13062=DIRECTION('ref_axis',(0.707106781186545,-0.70710678118655,0.));
#13063=DIRECTION('',(0.,0.,-1.));
#13064=DIRECTION('center_axis',(-0.707106781186545,0.70710678118655,0.));
#13065=DIRECTION('ref_axis',(0.70710678118655,0.707106781186545,0.));
#13066=DIRECTION('',(-0.70710678118655,-0.707106781186545,0.));
#13067=DIRECTION('',(0.70710678118655,0.707106781186545,0.));
#13068=DIRECTION('',(0.,0.,-1.));
#13069=DIRECTION('center_axis',(0.,0.,-1.));
#13070=DIRECTION('ref_axis',(-0.707106781186545,0.70710678118655,0.));
#13071=DIRECTION('center_axis',(0.,0.,1.));
#13072=DIRECTION('ref_axis',(-0.707106781186545,0.70710678118655,0.));
#13073=DIRECTION('center_axis',(0.,0.,-1.));
#13074=DIRECTION('ref_axis',(-0.707106781186545,0.70710678118655,0.));
#13075=DIRECTION('center_axis',(-0.707106781186546,0.707106781186549,0.));
#13076=DIRECTION('ref_axis',(0.707106781186549,0.707106781186546,0.));
#13077=DIRECTION('',(-0.707106781186549,-0.707106781186546,0.));
#13078=DIRECTION('',(0.,0.,-1.));
#13079=DIRECTION('',(0.707106781186549,0.707106781186546,0.));
#13080=DIRECTION('',(0.,0.,-1.));
#13081=DIRECTION('center_axis',(0.,0.,-1.));
#13082=DIRECTION('ref_axis',(-0.707106781186545,0.70710678118655,0.));
#13083=DIRECTION('center_axis',(0.,0.,1.));
#13084=DIRECTION('ref_axis',(-0.707106781186545,0.70710678118655,0.));
#13085=DIRECTION('center_axis',(0.,0.,-1.));
#13086=DIRECTION('ref_axis',(-0.707106781186545,0.70710678118655,0.));
#13087=DIRECTION('',(0.,0.,-1.));
#13088=DIRECTION('center_axis',(0.707106781186546,-0.707106781186549,0.));
#13089=DIRECTION('ref_axis',(-0.707106781186549,-0.707106781186546,0.));
#13090=DIRECTION('',(0.707106781186549,0.707106781186546,0.));
#13091=DIRECTION('',(-0.707106781186549,-0.707106781186546,0.));
#13092=DIRECTION('',(0.,0.,-1.));
#13093=DIRECTION('center_axis',(0.,0.,-1.));
#13094=DIRECTION('ref_axis',(0.707106781186545,-0.70710678118655,0.));
#13095=DIRECTION('center_axis',(0.,0.,1.));
#13096=DIRECTION('ref_axis',(0.707106781186545,-0.70710678118655,0.));
#13097=DIRECTION('center_axis',(0.,0.,-1.));
#13098=DIRECTION('ref_axis',(0.707106781186545,-0.70710678118655,0.));
#13099=DIRECTION('center_axis',(0.707106781186548,-0.707106781186548,0.));
#13100=DIRECTION('ref_axis',(-0.707106781186548,-0.707106781186548,0.));
#13101=DIRECTION('',(0.707106781186548,0.707106781186548,0.));
#13102=DIRECTION('',(0.,0.,-1.));
#13103=DIRECTION('',(-0.707106781186548,-0.707106781186548,0.));
#13104=DIRECTION('',(0.,0.,-1.));
#13105=DIRECTION('center_axis',(0.,0.,-1.));
#13106=DIRECTION('ref_axis',(0.707106781186541,-0.707106781186554,0.));
#13107=DIRECTION('center_axis',(0.,0.,1.));
#13108=DIRECTION('ref_axis',(0.707106781186541,-0.707106781186554,0.));
#13109=DIRECTION('center_axis',(0.,0.,-1.));
#13110=DIRECTION('ref_axis',(0.707106781186541,-0.707106781186554,0.));
#13111=DIRECTION('',(0.,0.,-1.));
#13112=DIRECTION('center_axis',(-0.707106781186546,0.707106781186549,0.));
#13113=DIRECTION('ref_axis',(0.707106781186549,0.707106781186546,0.));
#13114=DIRECTION('',(-0.707106781186549,-0.707106781186546,0.));
#13115=DIRECTION('',(0.707106781186549,0.707106781186546,0.));
#13116=DIRECTION('',(0.,0.,-1.));
#13117=DIRECTION('center_axis',(0.,0.,-1.));
#13118=DIRECTION('ref_axis',(-0.707106781186548,0.707106781186548,0.));
#13119=DIRECTION('center_axis',(0.,0.,1.));
#13120=DIRECTION('ref_axis',(-0.707106781186548,0.707106781186548,0.));
#13121=DIRECTION('center_axis',(0.,0.,-1.));
#13122=DIRECTION('ref_axis',(-0.707106781186548,0.707106781186548,0.));
#13123=DIRECTION('center_axis',(0.707106781186548,-0.707106781186548,0.));
#13124=DIRECTION('ref_axis',(-0.707106781186548,-0.707106781186548,0.));
#13125=DIRECTION('',(0.707106781186548,0.707106781186548,0.));
#13126=DIRECTION('',(0.,0.,-1.));
#13127=DIRECTION('',(-0.707106781186548,-0.707106781186548,0.));
#13128=DIRECTION('',(0.,0.,-1.));
#13129=DIRECTION('center_axis',(0.,0.,-1.));
#13130=DIRECTION('ref_axis',(0.707106781186541,-0.707106781186554,0.));
#13131=DIRECTION('center_axis',(0.,0.,1.));
#13132=DIRECTION('ref_axis',(0.707106781186541,-0.707106781186554,0.));
#13133=DIRECTION('center_axis',(0.,0.,-1.));
#13134=DIRECTION('ref_axis',(0.707106781186541,-0.707106781186554,0.));
#13135=DIRECTION('',(0.,0.,-1.));
#13136=DIRECTION('center_axis',(-0.707106781186543,0.707106781186552,0.));
#13137=DIRECTION('ref_axis',(0.707106781186552,0.707106781186543,0.));
#13138=DIRECTION('',(-0.707106781186552,-0.707106781186543,0.));
#13139=DIRECTION('',(0.707106781186552,0.707106781186543,0.));
#13140=DIRECTION('',(0.,0.,-1.));
#13141=DIRECTION('center_axis',(0.,0.,-1.));
#13142=DIRECTION('ref_axis',(-0.707106781186545,0.70710678118655,0.));
#13143=DIRECTION('center_axis',(0.,0.,1.));
#13144=DIRECTION('ref_axis',(-0.707106781186545,0.70710678118655,0.));
#13145=DIRECTION('center_axis',(0.,0.,-1.));
#13146=DIRECTION('ref_axis',(-0.707106781186545,0.70710678118655,0.));
#13147=DIRECTION('center_axis',(0.707106781186548,-0.707106781186547,0.));
#13148=DIRECTION('ref_axis',(-0.707106781186547,-0.707106781186548,0.));
#13149=DIRECTION('',(0.707106781186547,0.707106781186548,0.));
#13150=DIRECTION('',(0.,0.,-1.));
#13151=DIRECTION('',(-0.707106781186547,-0.707106781186548,0.));
#13152=DIRECTION('',(0.,0.,-1.));
#13153=DIRECTION('center_axis',(0.,0.,-1.));
#13154=DIRECTION('ref_axis',(0.707106781186548,-0.707106781186548,0.));
#13155=DIRECTION('center_axis',(0.,0.,1.));
#13156=DIRECTION('ref_axis',(0.707106781186548,-0.707106781186548,0.));
#13157=DIRECTION('center_axis',(0.,0.,-1.));
#13158=DIRECTION('ref_axis',(0.707106781186548,-0.707106781186548,0.));
#13159=DIRECTION('',(0.,0.,-1.));
#13160=DIRECTION('center_axis',(-0.707106781186548,0.707106781186547,0.));
#13161=DIRECTION('ref_axis',(0.707106781186547,0.707106781186548,0.));
#13162=DIRECTION('',(-0.707106781186547,-0.707106781186548,0.));
#13163=DIRECTION('',(0.707106781186547,0.707106781186548,0.));
#13164=DIRECTION('',(0.,0.,-1.));
#13165=DIRECTION('center_axis',(0.,0.,-1.));
#13166=DIRECTION('ref_axis',(-0.707106781186548,0.707106781186548,0.));
#13167=DIRECTION('center_axis',(0.,0.,1.));
#13168=DIRECTION('ref_axis',(-0.707106781186548,0.707106781186548,0.));
#13169=DIRECTION('center_axis',(0.,0.,-1.));
#13170=DIRECTION('ref_axis',(-0.707106781186548,0.707106781186548,0.));
#13171=DIRECTION('center_axis',(0.707106781186546,0.70710678118655,0.));
#13172=DIRECTION('ref_axis',(0.70710678118655,-0.707106781186546,0.));
#13173=DIRECTION('',(0.707106781186546,0.70710678118655,0.));
#13174=DIRECTION('center_axis',(-0.707106781186547,-0.707106781186548,0.));
#13175=DIRECTION('ref_axis',(0.70710678118655,-0.707106781186546,0.));
#13176=DIRECTION('center_axis',(-0.5,-0.500000000000001,-0.707106781186547));
#13177=DIRECTION('ref_axis',(-0.816496580927726,0.,0.577350269189626));
#13178=DIRECTION('',(0.707106781186548,-0.707106781186547,0.));
#13179=DIRECTION('',(-0.707106781186548,0.707106781186547,0.));
#13180=DIRECTION('center_axis',(0.,-1.,0.));
#13181=DIRECTION('ref_axis',(0.,0.,-1.));
#13182=DIRECTION('',(0.,0.,1.));
#13183=DIRECTION('',(0.,0.,-1.));
#13184=DIRECTION('center_axis',(-0.500000000000002,-0.500000000000002,0.707106781186545));
#13185=DIRECTION('ref_axis',(0.816496580927724,0.,0.577350269189628));
#13186=DIRECTION('',(0.707106781186548,-0.707106781186547,-7.8504622934189E-17));
#13187=DIRECTION('',(-0.707106781186548,0.707106781186547,0.));
#13188=DIRECTION('center_axis',(-1.,0.,0.));
#13189=DIRECTION('ref_axis',(0.,0.,1.));
#13190=DIRECTION('',(0.,0.,-1.));
#13191=DIRECTION('',(0.,0.,1.));
#13192=DIRECTION('center_axis',(0.707106781186548,-0.707106781186547,0.));
#13193=DIRECTION('ref_axis',(0.,0.,1.));
#13194=DIRECTION('',(0.,0.,1.));
#13195=DIRECTION('center_axis',(0.,0.,-1.));
#13196=DIRECTION('ref_axis',(0.707106781186548,-0.707106781186547,0.));
#13197=DIRECTION('',(0.707106781186548,-0.707106781186547,0.));
#13198=DIRECTION('center_axis',(-0.707106781186547,-0.707106781186548,0.));
#13199=DIRECTION('ref_axis',(0.707106781186548,-0.707106781186547,0.));
#13200=DIRECTION('center_axis',(-0.707106781186548,0.707106781186547,0.));
#13201=DIRECTION('ref_axis',(0.,0.,-1.));
#13202=DIRECTION('',(0.,0.,-1.));
#13203=DIRECTION('center_axis',(0.,0.,1.));
#13204=DIRECTION('ref_axis',(-0.707106781186548,0.707106781186547,0.));
#13205=DIRECTION('',(-0.707106781186548,0.707106781186547,0.));
#13206=DIRECTION('center_axis',(-0.5,-0.500000000000001,-0.707106781186547));
#13207=DIRECTION('ref_axis',(-0.816496580927726,0.,0.577350269189626));
#13208=DIRECTION('',(-0.499999999999997,-0.5,0.707106781186549));
#13209=DIRECTION('',(0.707106781186548,-0.707106781186547,0.));
#13210=DIRECTION('center_axis',(0.707106781186548,0.707106781186548,0.));
#13211=DIRECTION('ref_axis',(0.5,-0.5,-0.707106781186547));
#13212=DIRECTION('center_axis',(-0.707106781186547,-0.707106781186548,0.));
#13213=DIRECTION('ref_axis',(0.5,-0.5,-0.707106781186547));
#13214=DIRECTION('',(-1.,1.88411095042056E-14,0.));
#13215=DIRECTION('center_axis',(0.,-1.,0.));
#13216=DIRECTION('ref_axis',(0.,0.,-1.));
#13217=DIRECTION('',(0.,0.,1.));
#13218=DIRECTION('center_axis',(-0.500000000000002,-0.500000000000002,0.707106781186545));
#13219=DIRECTION('ref_axis',(0.816496580927724,0.,0.577350269189628));
#13220=DIRECTION('',(-0.707106781186548,0.707106781186547,0.));
#13221=DIRECTION('',(-0.499999999999999,-0.499999999999997,-0.707106781186551));
#13222=DIRECTION('center_axis',(0.707106781186548,0.707106781186548,0.));
#13223=DIRECTION('ref_axis',(-0.500000000000001,0.5,0.707106781186547));
#13224=DIRECTION('center_axis',(-0.707106781186547,-0.707106781186548,0.));
#13225=DIRECTION('ref_axis',(-0.500000000000001,0.5,0.707106781186547));
#13226=DIRECTION('',(0.,-1.,-3.14018491736756E-15));
#13227=DIRECTION('center_axis',(-1.,0.,0.));
#13228=DIRECTION('ref_axis',(0.,0.,1.));
#13229=DIRECTION('',(0.,0.,-1.));
#13230=DIRECTION('center_axis',(0.707106781186548,-0.707106781186547,0.));
#13231=DIRECTION('ref_axis',(0.,0.,1.));
#13232=DIRECTION('',(-0.707106781186547,-0.707106781186548,0.));
#13233=DIRECTION('',(0.,0.,1.));
#13234=DIRECTION('',(-0.707106781186547,-0.707106781186548,0.));
#13235=DIRECTION('center_axis',(-0.707106781186547,-0.707106781186548,0.));
#13236=DIRECTION('ref_axis',(0.5,-0.5,-0.707106781186547));
#13237=DIRECTION('',(-0.707106781186547,-0.707106781186548,0.));
#13238=DIRECTION('center_axis',(0.707106781186547,0.707106781186548,0.));
#13239=DIRECTION('ref_axis',(0.5,-0.5,-0.707106781186547));
#13240=DIRECTION('center_axis',(0.,0.,-1.));
#13241=DIRECTION('ref_axis',(0.707106781186548,-0.707106781186547,0.));
#13242=DIRECTION('',(-0.707106781186547,-0.707106781186548,0.));
#13243=DIRECTION('',(0.707106781186548,-0.707106781186547,0.));
#13244=DIRECTION('center_axis',(-0.707106781186547,-0.707106781186548,0.));
#13245=DIRECTION('ref_axis',(-0.5,0.5,-0.707106781186547));
#13246=DIRECTION('',(-0.707106781186547,-0.707106781186548,0.));
#13247=DIRECTION('center_axis',(0.707106781186547,0.707106781186548,0.));
#13248=DIRECTION('ref_axis',(-0.5,0.5,-0.707106781186547));
#13249=DIRECTION('center_axis',(-0.707106781186548,0.707106781186547,0.));
#13250=DIRECTION('ref_axis',(0.,0.,-1.));
#13251=DIRECTION('',(-0.707106781186547,-0.707106781186548,0.));
#13252=DIRECTION('',(0.,0.,1.));
#13253=DIRECTION('center_axis',(-0.707106781186547,-0.707106781186548,0.));
#13254=DIRECTION('ref_axis',(-0.5,0.5,0.707106781186547));
#13255=DIRECTION('',(-0.707106781186547,-0.707106781186548,0.));
#13256=DIRECTION('center_axis',(0.707106781186547,0.707106781186548,0.));
#13257=DIRECTION('ref_axis',(-0.5,0.500000000000001,0.707106781186547));
#13258=DIRECTION('center_axis',(0.,0.,1.));
#13259=DIRECTION('ref_axis',(-0.707106781186548,0.707106781186547,0.));
#13260=DIRECTION('',(-0.707106781186547,-0.707106781186548,0.));
#13261=DIRECTION('',(0.707106781186548,-0.707106781186547,0.));
#13262=DIRECTION('center_axis',(-0.707106781186547,-0.707106781186548,0.));
#13263=DIRECTION('ref_axis',(0.500000000000001,-0.5,0.707106781186547));
#13264=DIRECTION('center_axis',(0.707106781186547,0.707106781186548,0.));
#13265=DIRECTION('ref_axis',(0.5,-0.500000000000001,0.707106781186547));
#13266=DIRECTION('center_axis',(-0.707106781186547,-0.707106781186548,0.));
#13267=DIRECTION('ref_axis',(0.707106781186548,-0.707106781186547,0.));
#13268=CARTESIAN_POINT('',(0.,0.,0.));
#13269=CARTESIAN_POINT('Origin',(-65.9730626847049,-27.0821897194448,0.));
#13270=CARTESIAN_POINT('',(-33.6229274454203,-59.4323249587293,55.7));
#13271=CARTESIAN_POINT('Origin',(-31.6783837971573,-61.3768686069923,55.7));
#13272=CARTESIAN_POINT('Origin',(-23.758787847868,-53.457272657703,55.7));
#13273=CARTESIAN_POINT('',(-26.0568848867243,-51.1591756188467,55.7));
#13274=CARTESIAN_POINT('Origin',(-23.758787847868,-53.457272657703,55.7));
#13275=CARTESIAN_POINT('',(-26.9054130241481,-52.0077037562706,55.7));
#13276=CARTESIAN_POINT('',(-26.0568848867243,-51.1591756188467,55.7));
#13277=CARTESIAN_POINT('Origin',(-24.6073159852919,-54.3058007951268,55.7));
#13278=CARTESIAN_POINT('Origin',(-24.6073159852919,-54.3058007951268,55.7));
#13279=CARTESIAN_POINT('',(-26.5518596335549,-52.3612571468638,55.7));
#13280=CARTESIAN_POINT('Origin',(-24.6073159852919,-54.3058007951268,55.7));
#13281=CARTESIAN_POINT('Origin',(-24.8194480196478,-52.3966124859232,7.99999999999998));
#13282=CARTESIAN_POINT('',(-29.5570634535977,-62.7910821693654,8.));
#13283=CARTESIAN_POINT('',(-32.3854905783439,-59.9626550446192,3.99999999999999));
#13284=CARTESIAN_POINT('Origin',(-32.3854905783439,-59.9626550446192,7.99999999999998));
#13285=CARTESIAN_POINT('',(-21.9910208949016,-55.2250396106694,8.));
#13286=CARTESIAN_POINT('',(-21.9910208949016,-55.2250396106694,8.));
#13287=CARTESIAN_POINT('',(-24.8194480196478,-52.3966124859232,3.99999999999999));
#13288=CARTESIAN_POINT('Origin',(-24.8194480196478,-52.3966124859232,7.99999999999998));
#13289=CARTESIAN_POINT('',(-24.8194480196478,-52.3966124859232,3.99999999999999));
#13290=CARTESIAN_POINT('Origin',(-19.869700551342,-57.346359954229,8.));
#13291=CARTESIAN_POINT('',(-28.435743110038,-63.9124025129251,8.));
#13292=CARTESIAN_POINT('',(-46.5276262020748,-45.8205194208883,8.00000000000001));
#13293=CARTESIAN_POINT('',(-26.4357431100381,-63.9124025129251,8.));
#13294=CARTESIAN_POINT('',(-26.021529547665,-63.9124025129251,8.));
#13295=CARTESIAN_POINT('',(-19.869700551342,-57.346359954229,8.));
#13296=CARTESIAN_POINT('',(-14.7078210486802,-52.1844804515672,8.));
#13297=CARTESIAN_POINT('',(-21.9910208949016,-55.2250396106694,8.));
#13298=CARTESIAN_POINT('Origin',(-24.8194480196478,-52.3966124859232,3.99999999999999));
#13299=CARTESIAN_POINT('',(-32.3854905783439,-59.9626550446192,2.41421356237309));
#13300=CARTESIAN_POINT('',(-32.3854905783439,-59.9626550446192,2.00000000000006));
#13301=CARTESIAN_POINT('',(-24.8194480196478,-52.3966124859232,1.));
#13302=CARTESIAN_POINT('',(-24.8194480196478,-52.3966124859232,3.99999999999999));
#13303=CARTESIAN_POINT('',(-31.3854905783439,-58.9626550446192,1.));
#13304=CARTESIAN_POINT('',(-19.657568516986,-47.2347329832614,1.));
#13305=CARTESIAN_POINT('',(-31.1783837971573,-58.7555482634327,0.707106781186547));
#13306=CARTESIAN_POINT('Origin',(-22.3445742854949,-54.8714862200761,4.5));
#13307=CARTESIAN_POINT('Origin',(-24.8194480196478,-52.3966124859232,8.));
#13308=CARTESIAN_POINT('Origin',(-66.3266160752982,-27.4357431100381,0.));
#13309=CARTESIAN_POINT('',(-28.8499566724111,-64.9124025129251,8.));
#13310=CARTESIAN_POINT('',(-33.0925973595304,-60.6697618258058,2.));
#13311=CARTESIAN_POINT('Origin',(-33.0925973595304,-60.6697618258058,8.));
#13312=CARTESIAN_POINT('',(-28.8499566724111,-64.9124025129251,54.2));
#13313=CARTESIAN_POINT('',(-28.8499566724111,-64.9124025129251,4.));
#13314=CARTESIAN_POINT('',(-33.0925973595304,-60.6697618258058,60.2));
#13315=CARTESIAN_POINT('Origin',(-33.0925973595304,-60.6697618258058,54.2));
#13316=CARTESIAN_POINT('',(-60.6697618258058,-33.0925973595304,60.2));
#13317=CARTESIAN_POINT('',(-49.7096067174143,-44.0527524679219,60.2));
#13318=CARTESIAN_POINT('',(-64.9124025129251,-28.8499566724111,54.2));
#13319=CARTESIAN_POINT('Origin',(-60.6697618258058,-33.0925973595304,54.2));
#13320=CARTESIAN_POINT('',(-64.9124025129251,-28.8499566724111,8.));
#13321=CARTESIAN_POINT('',(-64.9124025129251,-28.8499566724111,27.1));
#13322=CARTESIAN_POINT('',(-60.6697618258058,-33.0925973595304,2.));
#13323=CARTESIAN_POINT('Origin',(-60.6697618258058,-33.0925973595304,8.));
#13324=CARTESIAN_POINT('',(-63.498188950552,-30.2641702347842,2.));
#13325=CARTESIAN_POINT('',(-54.2787287576923,-39.4836304276439,18.896));
#13326=CARTESIAN_POINT('Origin',(-46.8811795926681,-46.881179592668,18.896));
#13327=CARTESIAN_POINT('Origin',(-19.6575685169861,-47.2347329832614,8.));
#13328=CARTESIAN_POINT('',(-14.7078210486802,-52.1844804515672,8.));
#13329=CARTESIAN_POINT('',(-14.7078210486802,-52.1844804515672,8.));
#13330=CARTESIAN_POINT('',(-19.657568516986,-47.2347329832614,1.));
#13331=CARTESIAN_POINT('Origin',(-19.657568516986,-47.2347329832614,8.));
#13332=CARTESIAN_POINT('',(-19.657568516986,-47.2347329832614,1.));
#13333=CARTESIAN_POINT('',(-18.9760423443238,-54.5982018142468,3.92090356872477));
#13334=CARTESIAN_POINT('',(-20.1141830984791,-53.4600610600915,2.31132947830886));
#13335=CARTESIAN_POINT('Origin',(-22.9985398461476,-50.575704312423,8.));
#13336=CARTESIAN_POINT('',(-21.0551013550445,-51.4584826317463,1.29133029056942));
#13337=CARTESIAN_POINT('Origin',(-18.1146563696644,-45.6918208359397,8.));
#13338=CARTESIAN_POINT('',(-19.0535229266992,-52.3994008883117,2.31132947830889));
#13339=CARTESIAN_POINT('Origin',(-26.8217631508509,-54.3989276171263,8.));
#13340=CARTESIAN_POINT('',(-17.915382172544,-53.5375416424669,3.92090356872473));
#13341=CARTESIAN_POINT('Origin',(-21.9378796743678,-49.5150441406431,8.));
#13342=CARTESIAN_POINT('',(-17.7244639159785,-54.7891200708122,6.00156292824403));
#13343=CARTESIAN_POINT('Origin',(-26.8217631508509,-54.3989276171263,8.));
#13344=CARTESIAN_POINT('Origin',(-18.1146563696644,-45.6918208359397,8.));
#13345=CARTESIAN_POINT('Origin',(-23.758787847868,-53.457272657703,55.7));
#13346=CARTESIAN_POINT('',(-28.435743110038,-63.9124025129251,52.4032062263308));
#13347=CARTESIAN_POINT('',(-27.0987929677112,-63.9124025129251,54.2));
#13348=CARTESIAN_POINT('Origin',(-34.2139177030901,-63.9124025129251,55.7));
#13349=CARTESIAN_POINT('',(-33.6560156400991,-58.692129982864,59.7857864376269));
#13350=CARTESIAN_POINT('Origin',(-31.3248304065641,-61.023315216399,55.7));
#13351=CARTESIAN_POINT('',(-31.7170155071805,-59.2941799734559,60.7311529493745));
#13352=CARTESIAN_POINT('Origin',(-34.21391770309,-63.912402512925,55.7));
#13353=CARTESIAN_POINT('',(-24.8194480196478,-52.3966124859232,60.7311529493745));
#13354=CARTESIAN_POINT('',(-24.8194480196478,-52.3966124859232,60.7311529493745));
#13355=CARTESIAN_POINT('',(-20.2012254801786,-57.0148350253924,54.2));
#13356=CARTESIAN_POINT('Origin',(-23.758787847868,-53.457272657703,55.7));
#13357=CARTESIAN_POINT('',(-20.2012254801786,-57.0148350253924,54.2));
#13358=CARTESIAN_POINT('Origin',(-24.8194480196478,-52.3966124859232,61.2));
#13359=CARTESIAN_POINT('',(-31.3854905783439,-58.9626550446193,61.2));
#13360=CARTESIAN_POINT('',(-31.1783837971574,-58.7555482634327,61.4928932188135));
#13361=CARTESIAN_POINT('',(-24.8194480196478,-52.3966124859232,61.2));
#13362=CARTESIAN_POINT('',(-19.657568516986,-47.2347329832614,61.2));
#13363=CARTESIAN_POINT('',(-24.8194480196478,-52.3966124859232,60.7311529493745));
#13364=CARTESIAN_POINT('Origin',(-23.758787847868,-53.457272657703,55.7));
#13365=CARTESIAN_POINT('',(-25.703331496131,-51.51272900944,55.7));
#13366=CARTESIAN_POINT('Origin',(-20.2012254801786,-57.0148350253924,54.2));
#13367=CARTESIAN_POINT('',(-26.435743110038,-63.9124025129251,54.2));
#13368=CARTESIAN_POINT('',(-26.0215295476649,-63.9124025129251,54.2));
#13369=CARTESIAN_POINT('',(-19.869700551342,-57.346359954229,54.2));
#13370=CARTESIAN_POINT('',(-19.869700551342,-57.346359954229,54.2));
#13371=CARTESIAN_POINT('',(-14.7078210486802,-52.1844804515672,54.2));
#13372=CARTESIAN_POINT('Origin',(-23.758787847868,-53.457272657703,55.7));
#13373=CARTESIAN_POINT('Origin',(-24.8194480196478,-52.3966124859232,54.2));
#13374=CARTESIAN_POINT('Origin',(-19.6575685169861,-47.2347329832614,54.2));
#13375=CARTESIAN_POINT('',(-19.657568516986,-47.2347329832614,61.2));
#13376=CARTESIAN_POINT('',(-19.657568516986,-47.2347329832614,61.2));
#13377=CARTESIAN_POINT('',(-14.7078210486802,-52.1844804515672,54.2));
#13378=CARTESIAN_POINT('Origin',(-19.657568516986,-47.2347329832614,54.2));
#13379=CARTESIAN_POINT('',(-14.7078210486802,-52.1844804515672,54.2));
#13380=CARTESIAN_POINT('',(-20.1439121649476,-53.48979012656,59.8886705216912));
#13381=CARTESIAN_POINT('',(-19.0057714107923,-54.6279308807153,58.2790964312752));
#13382=CARTESIAN_POINT('Origin',(-23.0282689126161,-50.6054333788915,54.2));
#13383=CARTESIAN_POINT('',(-17.7541929824471,-54.8188491372807,56.198437071756));
#13384=CARTESIAN_POINT('Origin',(-18.1443854361328,-45.7215499024081,54.2));
#13385=CARTESIAN_POINT('',(-17.9451112390125,-53.5672707089354,58.2790964312753));
#13386=CARTESIAN_POINT('Origin',(-26.8514922173194,-54.4286566835948,54.2));
#13387=CARTESIAN_POINT('',(-19.0832519931676,-52.4291299547803,59.888670521691));
#13388=CARTESIAN_POINT('Origin',(-21.9676087408363,-49.5447732071116,54.2));
#13389=CARTESIAN_POINT('',(-21.0398272882974,-51.5034529673515,60.8958323480776));
#13390=CARTESIAN_POINT('Origin',(-26.8514922173194,-54.4286566835948,54.2));
#13391=CARTESIAN_POINT('',(-21.0695891523762,-51.5332148314303,60.8958323480776));
#13392=CARTESIAN_POINT('',(-18.2143379105967,-48.6779635896508,60.8958323480776));
#13393=CARTESIAN_POINT('Origin',(-18.1443854361328,-45.7215499024081,54.2));
#13394=CARTESIAN_POINT('Origin',(-32.3854905783439,-59.9626550446193,54.2));
#13395=CARTESIAN_POINT('',(-26.0215295476649,-64.9124025129251,54.2));
#13396=CARTESIAN_POINT('',(-26.0215295476649,-64.9124025129251,54.2));
#13397=CARTESIAN_POINT('',(-31.6783837971574,-59.2555482634327,62.2));
#13398=CARTESIAN_POINT('Origin',(-31.6783837971574,-59.2555482634327,54.2));
#13399=CARTESIAN_POINT('',(-31.6783837971574,-59.2555482634327,62.2));
#13400=CARTESIAN_POINT('Origin',(-52.3966124859232,-24.8194480196478,8.));
#13401=CARTESIAN_POINT('',(-59.9626550446192,-32.3854905783439,4.));
#13402=CARTESIAN_POINT('',(-62.7910821693654,-29.5570634535977,8.));
#13403=CARTESIAN_POINT('Origin',(-59.9626550446192,-32.3854905783439,8.));
#13404=CARTESIAN_POINT('',(-52.3966124859232,-24.8194480196478,4.));
#13405=CARTESIAN_POINT('',(-52.3966124859232,-24.8194480196478,4.));
#13406=CARTESIAN_POINT('',(-55.2250396106694,-21.9910208949016,8.));
#13407=CARTESIAN_POINT('Origin',(-52.3966124859232,-24.8194480196478,8.));
#13408=CARTESIAN_POINT('',(-55.2250396106694,-21.9910208949016,8.));
#13409=CARTESIAN_POINT('Origin',(-52.3966124859232,-24.8194480196478,1.));
#13410=CARTESIAN_POINT('',(-59.9626550446192,-32.3854905783439,2.4142135623731));
#13411=CARTESIAN_POINT('',(-59.9626550446192,-32.3854905783439,0.5));
#13412=CARTESIAN_POINT('',(-58.9626550446193,-31.3854905783439,1.));
#13413=CARTESIAN_POINT('',(-58.7555482634327,-31.1783837971574,0.707106781186547));
#13414=CARTESIAN_POINT('',(-52.3966124859232,-24.8194480196478,1.));
#13415=CARTESIAN_POINT('',(-47.2347329832614,-19.657568516986,1.));
#13416=CARTESIAN_POINT('',(-52.3966124859232,-24.8194480196478,4.));
#13417=CARTESIAN_POINT('Origin',(-55.2250396106694,-21.9910208949016,8.));
#13418=CARTESIAN_POINT('',(-63.9124025129251,-28.435743110038,8.));
#13419=CARTESIAN_POINT('',(-64.2052957317385,-28.1428498912246,8.));
#13420=CARTESIAN_POINT('',(-57.346359954229,-19.869700551342,8.));
#13421=CARTESIAN_POINT('',(-55.2250396106694,-21.9910208949016,8.));
#13422=CARTESIAN_POINT('',(-63.9124025129251,-26.4357431100381,8.));
#13423=CARTESIAN_POINT('',(-52.1844804515672,-14.7078210486802,8.));
#13424=CARTESIAN_POINT('',(-63.9124025129251,-28.8499566724111,8.));
#13425=CARTESIAN_POINT('Origin',(-54.8714862200761,-22.3445742854949,4.5));
#13426=CARTESIAN_POINT('Origin',(-52.3966124859232,-24.8194480196478,8.));
#13427=CARTESIAN_POINT('Origin',(-59.9626550446192,-32.3854905783439,8.));
#13428=CARTESIAN_POINT('',(-64.9124025129251,-26.021529547665,8.));
#13429=CARTESIAN_POINT('',(-64.9124025129251,-28.8499566724111,8.));
#13430=CARTESIAN_POINT('',(-59.2555482634327,-31.6783837971574,0.));
#13431=CARTESIAN_POINT('Origin',(-59.2555482634327,-31.6783837971574,8.));
#13432=CARTESIAN_POINT('',(-59.2555482634327,-31.6783837971574,0.));
#13433=CARTESIAN_POINT('Origin',(-47.2347329832614,-19.657568516986,8.));
#13434=CARTESIAN_POINT('',(-47.2347329832614,-19.657568516986,1.));
#13435=CARTESIAN_POINT('',(-47.2347329832614,-19.657568516986,1.));
#13436=CARTESIAN_POINT('',(-52.1844804515672,-14.7078210486802,8.));
#13437=CARTESIAN_POINT('Origin',(-47.2347329832614,-19.657568516986,8.));
#13438=CARTESIAN_POINT('',(-52.1844804515672,-14.7078210486802,8.));
#13439=CARTESIAN_POINT('',(-53.5376498544117,-17.9154903844888,3.92090356872468));
#13440=CARTESIAN_POINT('',(-52.3995091002564,-19.0536311386442,2.31132947830873));
#13441=CARTESIAN_POINT('Origin',(-49.515152352588,-21.9379878863126,8.));
#13442=CARTESIAN_POINT('',(-51.458590843691,-21.0552095669894,1.29133029056936));
#13443=CARTESIAN_POINT('Origin',(-54.3990358290712,-26.8218713627958,8.));
#13444=CARTESIAN_POINT('',(-53.4601692720365,-20.1142913104237,2.31132947830905));
#13445=CARTESIAN_POINT('Origin',(-45.6919290478851,-18.1147645816098,8.));
#13446=CARTESIAN_POINT('',(-54.5983100261913,-18.9761505562689,3.92090356872423));
#13447=CARTESIAN_POINT('Origin',(-50.5758125243678,-22.9986480580924,8.));
#13448=CARTESIAN_POINT('',(-54.789228282757,-17.7245721279234,6.00156292824389));
#13449=CARTESIAN_POINT('Origin',(-45.6919290478851,-18.1147645816098,8.));
#13450=CARTESIAN_POINT('Origin',(-54.3990358290712,-26.8218713627958,8.));
#13451=CARTESIAN_POINT('Origin',(-52.3966124859232,-24.8194480196478,54.2));
#13452=CARTESIAN_POINT('',(-62.7910821693654,-29.5570634535977,54.2));
#13453=CARTESIAN_POINT('',(-59.9626550446192,-32.3854905783439,58.2));
#13454=CARTESIAN_POINT('Origin',(-59.9626550446192,-32.3854905783439,54.2));
#13455=CARTESIAN_POINT('',(-55.2250396106694,-21.9910208949016,54.2));
#13456=CARTESIAN_POINT('',(-55.2250396106694,-21.9910208949016,54.2));
#13457=CARTESIAN_POINT('',(-52.3966124859232,-24.8194480196478,58.2));
#13458=CARTESIAN_POINT('Origin',(-52.3966124859232,-24.8194480196478,54.2));
#13459=CARTESIAN_POINT('',(-52.3966124859232,-24.8194480196478,58.2));
#13460=CARTESIAN_POINT('Origin',(-57.346359954229,-19.869700551342,54.2));
#13461=CARTESIAN_POINT('',(-63.9124025129251,-28.435743110038,54.2));
#13462=CARTESIAN_POINT('',(-65.2659559035181,-27.082189719445,54.2));
#13463=CARTESIAN_POINT('',(-63.9124025129251,-26.4357431100381,54.2));
#13464=CARTESIAN_POINT('',(-63.9124025129251,-26.021529547665,54.2));
#13465=CARTESIAN_POINT('',(-57.346359954229,-19.869700551342,54.2));
#13466=CARTESIAN_POINT('',(-52.1844804515672,-14.7078210486802,54.2));
#13467=CARTESIAN_POINT('',(-55.2250396106694,-21.9910208949016,54.2));
#13468=CARTESIAN_POINT('Origin',(-52.3966124859232,-24.8194480196478,58.2));
#13469=CARTESIAN_POINT('',(-59.9626550446192,-32.3854905783439,59.7857864376269));
#13470=CARTESIAN_POINT('',(-59.9626550446192,-32.3854905783439,29.1));
#13471=CARTESIAN_POINT('',(-52.3966124859232,-24.8194480196478,61.2));
#13472=CARTESIAN_POINT('',(-52.3966124859232,-24.8194480196478,58.2));
#13473=CARTESIAN_POINT('',(-58.9626550446192,-31.3854905783439,61.2));
#13474=CARTESIAN_POINT('',(-47.2347329832614,-19.657568516986,61.2));
#13475=CARTESIAN_POINT('',(-58.7555482634327,-31.1783837971573,61.4928932188135));
#13476=CARTESIAN_POINT('Origin',(-54.8714862200761,-22.3445742854949,57.7));
#13477=CARTESIAN_POINT('Origin',(-52.3966124859232,-24.8194480196478,54.2));
#13478=CARTESIAN_POINT('Origin',(-47.2347329832614,-19.657568516986,54.2));
#13479=CARTESIAN_POINT('',(-52.1844804515672,-14.7078210486802,54.2));
#13480=CARTESIAN_POINT('',(-52.1844804515672,-14.7078210486802,54.2));
#13481=CARTESIAN_POINT('',(-47.2347329832614,-19.657568516986,61.2));
#13482=CARTESIAN_POINT('Origin',(-47.2347329832614,-19.657568516986,54.2));
#13483=CARTESIAN_POINT('',(-47.2347329832614,-19.657568516986,61.2));
#13484=CARTESIAN_POINT('',(-54.5980258272347,-18.9758663573117,58.2790964312753));
#13485=CARTESIAN_POINT('',(-53.4598850730794,-20.114007111467,59.8886705216911));
#13486=CARTESIAN_POINT('Origin',(-50.5755283254109,-22.9983638591355,54.2));
#13487=CARTESIAN_POINT('',(-51.4583066447342,-21.0549253680324,60.9086697094306));
#13488=CARTESIAN_POINT('Origin',(-45.6916448489277,-18.1144803826523,54.2));
#13489=CARTESIAN_POINT('',(-52.3992249012997,-19.0533469396871,59.8886705216911));
#13490=CARTESIAN_POINT('Origin',(-54.3987516301142,-26.8215871638388,54.2));
#13491=CARTESIAN_POINT('',(-53.5373656554548,-17.915206185532,58.2790964312754));
#13492=CARTESIAN_POINT('Origin',(-49.514868153631,-21.9377036873557,54.2));
#13493=CARTESIAN_POINT('',(-54.7889440838001,-17.7242879289665,56.198437071756));
#13494=CARTESIAN_POINT('Origin',(-54.3987516301142,-26.8215871638388,54.2));
#13495=CARTESIAN_POINT('Origin',(-45.6916448489277,-18.1144803826523,54.2));
#13496=CARTESIAN_POINT('Origin',(-18.5924476784565,-54.4514663942242,4.61871843353822));
#13497=CARTESIAN_POINT('',(-18.6701127214014,-54.9041314371691,4.35355339059326));
#13498=CARTESIAN_POINT('',(-20.2647826355115,-52.2488013512792,2.40900974233025));
#13499=CARTESIAN_POINT('Origin',(-18.1701127214014,-55.4041314371691,6.12132034355963));
#13500=CARTESIAN_POINT('Origin',(-19.8121175925666,-52.1711363083343,2.1438446993853));
#13501=CARTESIAN_POINT('',(-19.3594525496216,-52.0934712653893,1.87867965644034));
#13502=CARTESIAN_POINT('Origin',(-20.6094525496216,-50.8434712653893,1.1715728752538));
#13503=CARTESIAN_POINT('Origin',(-52.701574606169,-20.3425558904013,2.14384469938528));
#13504=CARTESIAN_POINT('',(-53.9989095632241,-18.5148908474563,4.88388347648313));
#13505=CARTESIAN_POINT('',(-53.154239649114,-20.4202209333462,1.87867965644029));
#13506=CARTESIAN_POINT('Origin',(-53.9212445202791,-18.0622258045114,4.61871843353817));
#13507=CARTESIAN_POINT('',(-53.8435794773341,-17.6095607615664,4.35355339059321));
#13508=CARTESIAN_POINT('Origin',(-20.2678956712372,-52.8354765343805,59.9086795919067));
#13509=CARTESIAN_POINT('',(-21.0652306282923,-51.5078114914355,60.8809514160382));
#13510=CARTESIAN_POINT('',(-21.0652306282922,-51.5078114914355,60.8809514160382));
#13511=CARTESIAN_POINT('',(-18.4402306282923,-54.1328114914355,57.1686408148088));
#13512=CARTESIAN_POINT('',(-20.3455607141822,-53.2881415773254,60.1738446348516));
#13513=CARTESIAN_POINT('Origin',(-20.5349005424023,-50.9774814055456,60.8809514160382));
#13514=CARTESIAN_POINT('',(-20.6125655853473,-51.4301464484906,61.1461164589831));
#13515=CARTESIAN_POINT('Origin',(-17.9875655853473,-54.0551464484906,57.4338058577537));
#13516=CARTESIAN_POINT('',(-17.5349005424023,-53.9774814055456,57.6989709006987));
#13517=CARTESIAN_POINT('Origin',(-54.4512904072121,-18.5922716914444,57.5812815664618));
#13518=CARTESIAN_POINT('',(-52.2486253642671,-20.2646066484994,59.7909902576698));
#13519=CARTESIAN_POINT('',(-54.903955450157,-18.6699367343894,57.8464466094068));
#13520=CARTESIAN_POINT('Origin',(-52.1709603213222,-19.8119416055545,60.0561553006147));
#13521=CARTESIAN_POINT('',(-52.0932952783772,-19.3592765626095,60.3213203435597));
#13522=CARTESIAN_POINT('Origin',(-55.4039554501571,-18.1699367343894,56.0786796564404));
#13523=CARTESIAN_POINT('Origin',(-50.8432952783772,-20.6092765626095,61.0284271247463));
#13524=CARTESIAN_POINT('Origin',(-21.5955607141822,-52.0381415773254,60.8809514160382));
#13525=CARTESIAN_POINT('Origin',(-17.0349005424023,-54.4774814055456,55.9312039477323));
#13526=CARTESIAN_POINT('Origin',(-54.3435794773342,-17.1095607615664,6.12132034355956));
#13527=CARTESIAN_POINT('Origin',(-51.904239649114,-21.6702209333462,1.17157287525373));
#13528=CARTESIAN_POINT('Origin',(-58.8348197286267,-19.9439467633666,45.6));
#13529=CARTESIAN_POINT('',(-62.7910821693655,-25.3144227664784,45.6));
#13530=CARTESIAN_POINT('',(-58.1277129474402,-20.6510535445531,45.6));
#13531=CARTESIAN_POINT('',(-55.1560966995037,-17.6794372966167,45.6));
#13532=CARTESIAN_POINT('',(-63.498188950552,-24.6073159852919,45.6));
#13533=CARTESIAN_POINT('',(-63.498188950552,-24.6073159852919,45.6));
#13534=CARTESIAN_POINT('',(-58.8348197286267,-19.9439467633666,45.6));
#13535=CARTESIAN_POINT('',(-55.8632034806902,-16.9723305154301,45.6));
#13536=CARTESIAN_POINT('',(-58.8348197286267,-19.9439467633666,45.6));
#13537=CARTESIAN_POINT('Origin',(-58.8348197286267,-19.9439467633666,45.6));
#13538=CARTESIAN_POINT('',(-20.6510535445531,-58.1277129474402,45.6));
#13539=CARTESIAN_POINT('',(-25.3144227664784,-62.7910821693655,45.6));
#13540=CARTESIAN_POINT('',(-17.6794372966166,-55.1560966995036,45.6));
#13541=CARTESIAN_POINT('',(-19.9439467633666,-58.8348197286267,45.6));
#13542=CARTESIAN_POINT('',(-58.8348197286267,-19.9439467633666,45.6));
#13543=CARTESIAN_POINT('',(-24.6073159852919,-63.498188950552,45.6));
#13544=CARTESIAN_POINT('',(-16.97233051543,-55.8632034806902,45.6));
#13545=CARTESIAN_POINT('',(-63.498188950552,-24.6073159852919,45.6));
#13546=CARTESIAN_POINT('Origin',(-63.498188950552,-24.6073159852919,44.6));
#13547=CARTESIAN_POINT('',(-62.7910821693654,-25.3144227664784,43.6));
#13548=CARTESIAN_POINT('Origin',(-62.7910821693655,-25.3144227664784,44.6));
#13549=CARTESIAN_POINT('',(-63.498188950552,-24.6073159852919,43.6));
#13550=CARTESIAN_POINT('',(-63.498188950552,-24.6073159852919,43.6));
#13551=CARTESIAN_POINT('Origin',(-63.498188950552,-24.6073159852919,44.6));
#13552=CARTESIAN_POINT('Origin',(-63.498188950552,-24.6073159852919,44.6));
#13553=CARTESIAN_POINT('',(-25.3144227664784,-62.7910821693654,43.6));
#13554=CARTESIAN_POINT('Origin',(-25.3144227664784,-62.7910821693655,44.6));
#13555=CARTESIAN_POINT('',(-24.6073159852918,-63.498188950552,43.6));
#13556=CARTESIAN_POINT('Origin',(-24.6073159852919,-63.498188950552,44.6));
#13557=CARTESIAN_POINT('',(-63.498188950552,-24.6073159852919,43.6));
#13558=CARTESIAN_POINT('Origin',(-58.8348197286267,-19.9439467633666,44.6));
#13559=CARTESIAN_POINT('',(-58.1277129474402,-20.6510535445531,43.6));
#13560=CARTESIAN_POINT('Origin',(-58.1277129474402,-20.6510535445531,44.6));
#13561=CARTESIAN_POINT('',(-58.8348197286267,-19.9439467633666,43.6));
#13562=CARTESIAN_POINT('Origin',(-58.8348197286267,-19.9439467633666,44.6));
#13563=CARTESIAN_POINT('',(-58.8348197286267,-19.9439467633666,43.6));
#13564=CARTESIAN_POINT('Origin',(-63.498188950552,-24.6073159852919,43.6));
#13565=CARTESIAN_POINT('',(-57.4877813104663,-20.0111219075793,43.6));
#13566=CARTESIAN_POINT('',(-58.1948880916529,-19.3040151263928,43.6));
#13567=CARTESIAN_POINT('Origin',(-63.498188950552,-24.6073159852919,43.6));
#13568=CARTESIAN_POINT('',(-20.6510535445531,-58.1277129474402,43.6));
#13569=CARTESIAN_POINT('',(-20.0111219075792,-57.4877813104663,43.6));
#13570=CARTESIAN_POINT('',(-19.9439467633666,-58.8348197286267,43.6));
#13571=CARTESIAN_POINT('',(-19.3040151263927,-58.1948880916528,43.6));
#13572=CARTESIAN_POINT('',(-58.8348197286267,-19.9439467633666,43.6));
#13573=CARTESIAN_POINT('Origin',(-58.8348197286267,-19.9439467633666,44.6));
#13574=CARTESIAN_POINT('Origin',(-20.6510535445531,-58.1277129474402,44.6));
#13575=CARTESIAN_POINT('Origin',(-19.9439467633666,-58.8348197286267,44.6));
#13576=CARTESIAN_POINT('Origin',(-58.8348197286267,-19.9439467633666,33.6));
#13577=CARTESIAN_POINT('',(-62.7910821693655,-25.3144227664784,33.6));
#13578=CARTESIAN_POINT('',(-58.1277129474402,-20.6510535445531,33.6));
#13579=CARTESIAN_POINT('',(-55.1560966995037,-17.6794372966167,33.6));
#13580=CARTESIAN_POINT('',(-63.498188950552,-24.6073159852919,33.6));
#13581=CARTESIAN_POINT('',(-63.498188950552,-24.6073159852919,33.6));
#13582=CARTESIAN_POINT('',(-58.8348197286267,-19.9439467633666,33.6));
#13583=CARTESIAN_POINT('',(-55.8632034806903,-16.9723305154301,33.6));
#13584=CARTESIAN_POINT('',(-58.8348197286267,-19.9439467633666,33.6));
#13585=CARTESIAN_POINT('Origin',(-58.8348197286267,-19.9439467633666,33.6));
#13586=CARTESIAN_POINT('',(-20.6510535445531,-58.1277129474402,33.6));
#13587=CARTESIAN_POINT('',(-25.3144227664784,-62.7910821693655,33.6));
#13588=CARTESIAN_POINT('',(-17.6794372966166,-55.1560966995036,33.6));
#13589=CARTESIAN_POINT('',(-19.9439467633666,-58.8348197286267,33.6));
#13590=CARTESIAN_POINT('',(-58.8348197286267,-19.9439467633666,33.6));
#13591=CARTESIAN_POINT('',(-24.6073159852919,-63.498188950552,33.6));
#13592=CARTESIAN_POINT('',(-16.9723305154301,-55.8632034806902,33.6));
#13593=CARTESIAN_POINT('',(-63.498188950552,-24.6073159852919,33.6));
#13594=CARTESIAN_POINT('Origin',(-63.498188950552,-24.6073159852919,32.6));
#13595=CARTESIAN_POINT('',(-62.7910821693654,-25.3144227664784,31.6));
#13596=CARTESIAN_POINT('Origin',(-62.7910821693655,-25.3144227664784,32.6));
#13597=CARTESIAN_POINT('',(-63.498188950552,-24.6073159852919,31.6));
#13598=CARTESIAN_POINT('',(-63.498188950552,-24.6073159852919,31.6));
#13599=CARTESIAN_POINT('Origin',(-63.498188950552,-24.6073159852919,32.6));
#13600=CARTESIAN_POINT('Origin',(-63.498188950552,-24.6073159852919,32.6));
#13601=CARTESIAN_POINT('',(-25.3144227664784,-62.7910821693654,31.6));
#13602=CARTESIAN_POINT('Origin',(-25.3144227664784,-62.7910821693655,32.6));
#13603=CARTESIAN_POINT('',(-24.6073159852918,-63.498188950552,31.6));
#13604=CARTESIAN_POINT('Origin',(-24.6073159852919,-63.498188950552,32.6));
#13605=CARTESIAN_POINT('',(-63.498188950552,-24.6073159852919,31.6));
#13606=CARTESIAN_POINT('Origin',(-58.8348197286267,-19.9439467633666,32.6));
#13607=CARTESIAN_POINT('',(-58.1277129474402,-20.6510535445531,31.6));
#13608=CARTESIAN_POINT('Origin',(-58.1277129474402,-20.6510535445531,32.6));
#13609=CARTESIAN_POINT('',(-58.8348197286267,-19.9439467633666,31.6));
#13610=CARTESIAN_POINT('Origin',(-58.8348197286267,-19.9439467633666,32.6));
#13611=CARTESIAN_POINT('',(-58.8348197286267,-19.9439467633666,31.6));
#13612=CARTESIAN_POINT('Origin',(-63.498188950552,-24.6073159852919,31.6));
#13613=CARTESIAN_POINT('',(-57.4877813104664,-20.0111219075793,31.6));
#13614=CARTESIAN_POINT('',(-58.1948880916529,-19.3040151263928,31.6));
#13615=CARTESIAN_POINT('Origin',(-63.498188950552,-24.6073159852919,31.6));
#13616=CARTESIAN_POINT('',(-20.6510535445531,-58.1277129474402,31.6));
#13617=CARTESIAN_POINT('',(-20.0111219075793,-57.4877813104663,31.6));
#13618=CARTESIAN_POINT('',(-19.9439467633666,-58.8348197286267,31.6));
#13619=CARTESIAN_POINT('',(-19.3040151263927,-58.1948880916528,31.6));
#13620=CARTESIAN_POINT('',(-58.8348197286267,-19.9439467633666,31.6));
#13621=CARTESIAN_POINT('Origin',(-58.8348197286267,-19.9439467633666,32.6));
#13622=CARTESIAN_POINT('Origin',(-20.6510535445531,-58.1277129474402,32.6));
#13623=CARTESIAN_POINT('Origin',(-19.9439467633666,-58.8348197286267,32.6));
#13624=CARTESIAN_POINT('Origin',(-56.2892353163551,-17.398362351095,20.5999999999554));
#13625=CARTESIAN_POINT('',(-55.5821285351658,-18.1054691322788,19.5999999999552));
#13626=CARTESIAN_POINT('',(-55.5821285351713,-18.1054691322843,21.5999999999556));
#13627=CARTESIAN_POINT('Origin',(-55.5821285351686,-18.1054691322816,20.5999999999554));
#13628=CARTESIAN_POINT('',(-56.2892353163524,-17.3983623510923,19.5999999999552));
#13629=CARTESIAN_POINT('',(-56.2892353163524,-17.3983623510923,19.5999999999552));
#13630=CARTESIAN_POINT('',(-56.2892353163579,-17.3983623510978,21.5999999999556));
#13631=CARTESIAN_POINT('Origin',(-56.2892353163551,-17.398362351095,20.5999999999554));
#13632=CARTESIAN_POINT('',(-56.2892353163579,-17.3983623510978,21.5999999999556));
#13633=CARTESIAN_POINT('Origin',(-56.2892353163551,-17.398362351095,20.5999999999554));
#13634=CARTESIAN_POINT('',(-18.1054691322843,-55.5821285351713,21.5999999999556));
#13635=CARTESIAN_POINT('',(-18.1054691322788,-55.5821285351658,19.5999999999552));
#13636=CARTESIAN_POINT('Origin',(-18.1054691322815,-55.5821285351686,20.5999999999554));
#13637=CARTESIAN_POINT('',(-17.3983623510977,-56.2892353163579,21.5999999999556));
#13638=CARTESIAN_POINT('',(-56.2892353163579,-17.3983623510978,21.5999999999556));
#13639=CARTESIAN_POINT('',(-17.3983623510922,-56.2892353163524,19.5999999999552));
#13640=CARTESIAN_POINT('Origin',(-17.398362351095,-56.2892353163551,20.5999999999554));
#13641=CARTESIAN_POINT('',(-56.2892353163524,-17.3983623510923,19.5999999999552));
#13642=CARTESIAN_POINT('Origin',(-56.2892353163524,-17.3983623510923,19.5999999999552));
#13643=CARTESIAN_POINT('',(-54.4083312783962,-16.9316718755092,19.5999999999617));
#13644=CARTESIAN_POINT('',(-53.8833044933191,-16.4066450904321,19.5999999999645));
#13645=CARTESIAN_POINT('',(-55.1154380595827,-16.2245650943226,19.5999999999617));
#13646=CARTESIAN_POINT('',(-55.1154380595827,-16.2245650943226,19.5999999999617));
#13647=CARTESIAN_POINT('',(-54.5904112745057,-15.6995383092456,19.5999999999645));
#13648=CARTESIAN_POINT('Origin',(-56.2892353163524,-17.3983623510923,19.5999999999552));
#13649=CARTESIAN_POINT('',(-16.9316718755091,-54.4083312783962,19.5999999999617));
#13650=CARTESIAN_POINT('',(-16.4066450904954,-53.8833044933824,19.5999999999645));
#13651=CARTESIAN_POINT('',(-16.2245650943226,-55.1154380595827,19.5999999999617));
#13652=CARTESIAN_POINT('',(-15.6995383093088,-54.590411274569,19.5999999999645));
#13653=CARTESIAN_POINT('',(-55.1154380595827,-16.2245650943226,19.5999999999617));
#13654=CARTESIAN_POINT('Origin',(-55.1154380595882,-16.2245650943281,21.599999999962));
#13655=CARTESIAN_POINT('',(-54.4083312784016,-16.9316718755146,21.599999999962));
#13656=CARTESIAN_POINT('',(-53.2964058649397,-15.8197464620527,21.5999999999681));
#13657=CARTESIAN_POINT('',(-55.1154380595882,-16.2245650943281,21.599999999962));
#13658=CARTESIAN_POINT('',(-54.0035126461263,-15.1126396808662,21.5999999999681));
#13659=CARTESIAN_POINT('',(-55.1154380595882,-16.2245650943281,21.599999999962));
#13660=CARTESIAN_POINT('Origin',(-55.1154380595855,-16.2245650943253,20.5999999999618));
#13661=CARTESIAN_POINT('Origin',(-54.4083312783989,-16.9316718755119,20.5999999999618));
#13662=CARTESIAN_POINT('Origin',(-55.1154380595855,-16.2245650943253,20.5999999999618));
#13663=CARTESIAN_POINT('Origin',(-55.1154380595855,-16.2245650943253,20.5999999999618));
#13664=CARTESIAN_POINT('',(-16.9316718755146,-54.4083312784016,21.599999999962));
#13665=CARTESIAN_POINT('Origin',(-16.9316718755119,-54.4083312783989,20.5999999999618));
#13666=CARTESIAN_POINT('',(-16.2245650943281,-55.1154380595882,21.599999999962));
#13667=CARTESIAN_POINT('Origin',(-16.2245650943253,-55.1154380595855,20.5999999999618));
#13668=CARTESIAN_POINT('',(-55.1154380595882,-16.2245650943281,21.599999999962));
#13669=CARTESIAN_POINT('Origin',(-55.1154380595882,-16.2245650943281,21.599999999962));
#13670=CARTESIAN_POINT('',(-15.819746462116,-53.2964058650031,21.5999999999681));
#13671=CARTESIAN_POINT('',(-15.1126396809295,-54.0035126461896,21.5999999999681));
#13672=CARTESIAN_POINT('Origin',(-55.1154380595855,-16.2245650943253,33.5999999999789));
#13673=CARTESIAN_POINT('',(-55.5821285351686,-18.1054691322816,33.5999999999789));
#13674=CARTESIAN_POINT('',(-54.4083312783989,-16.9316718755119,33.5999999999789));
#13675=CARTESIAN_POINT('',(-53.2964058650009,-15.8197464621139,33.599999999975));
#13676=CARTESIAN_POINT('',(-56.2892353163551,-17.398362351095,33.5999999999789));
#13677=CARTESIAN_POINT('',(-56.2892353163551,-17.398362351095,33.5999999999789));
#13678=CARTESIAN_POINT('',(-55.1154380595854,-16.2245650943253,33.5999999999789));
#13679=CARTESIAN_POINT('',(-54.0035126461875,-15.1126396809274,33.599999999975));
#13680=CARTESIAN_POINT('',(-55.1154380595854,-16.2245650943253,33.5999999999789));
#13681=CARTESIAN_POINT('Origin',(-55.1154380595855,-16.2245650943253,33.5999999999789));
#13682=CARTESIAN_POINT('',(-16.9316718755119,-54.4083312783989,33.5999999999789));
#13683=CARTESIAN_POINT('',(-18.1054691322815,-55.5821285351686,33.5999999999789));
#13684=CARTESIAN_POINT('',(-15.8197464620738,-53.2964058649608,33.599999999975));
#13685=CARTESIAN_POINT('',(-16.2245650943253,-55.1154380595854,33.5999999999789));
#13686=CARTESIAN_POINT('',(-55.1154380595854,-16.2245650943253,33.5999999999789));
#13687=CARTESIAN_POINT('',(-17.398362351095,-56.2892353163551,33.5999999999789));
#13688=CARTESIAN_POINT('',(-15.1126396808873,-54.0035126461474,33.599999999975));
#13689=CARTESIAN_POINT('',(-56.2892353163551,-17.398362351095,33.5999999999789));
#13690=CARTESIAN_POINT('Origin',(-56.2892353163551,-17.398362351095,32.6));
#13691=CARTESIAN_POINT('',(-55.5821285351686,-18.1054691322816,31.600000000021));
#13692=CARTESIAN_POINT('Origin',(-55.5821285351686,-18.1054691322816,32.6));
#13693=CARTESIAN_POINT('',(-56.2892353163551,-17.398362351095,31.600000000021));
#13694=CARTESIAN_POINT('',(-56.2892353163551,-17.398362351095,31.600000000021));
#13695=CARTESIAN_POINT('Origin',(-56.2892353163551,-17.398362351095,32.6));
#13696=CARTESIAN_POINT('Origin',(-56.2892353163551,-17.398362351095,32.6));
#13697=CARTESIAN_POINT('',(-18.1054691322815,-55.5821285351686,31.600000000021));
#13698=CARTESIAN_POINT('Origin',(-18.1054691322815,-55.5821285351686,32.6));
#13699=CARTESIAN_POINT('',(-17.398362351095,-56.2892353163551,31.600000000021));
#13700=CARTESIAN_POINT('Origin',(-17.398362351095,-56.2892353163551,32.6));
#13701=CARTESIAN_POINT('',(-56.2892353163551,-17.398362351095,31.600000000021));
#13702=CARTESIAN_POINT('Origin',(-55.1154380595855,-16.2245650943253,32.5999999999999));
#13703=CARTESIAN_POINT('',(-54.4083312783989,-16.9316718755119,31.600000000021));
#13704=CARTESIAN_POINT('Origin',(-54.4083312783989,-16.9316718755119,32.5999999999999));
#13705=CARTESIAN_POINT('',(-55.1154380595855,-16.2245650943253,31.600000000021));
#13706=CARTESIAN_POINT('Origin',(-55.1154380595855,-16.2245650943253,32.5999999999999));
#13707=CARTESIAN_POINT('',(-55.1154380595855,-16.2245650943253,31.600000000021));
#13708=CARTESIAN_POINT('Origin',(-56.2892353163551,-17.398362351095,31.600000000021));
#13709=CARTESIAN_POINT('',(-53.883304493368,-16.406645090481,31.600000000021));
#13710=CARTESIAN_POINT('',(-54.5904112745545,-15.6995383092944,31.600000000021));
#13711=CARTESIAN_POINT('Origin',(-56.2892353163551,-17.398362351095,31.600000000021));
#13712=CARTESIAN_POINT('',(-16.9316718755119,-54.4083312783989,31.600000000021));
#13713=CARTESIAN_POINT('',(-16.4066450904808,-53.8833044933678,31.600000000021));
#13714=CARTESIAN_POINT('',(-16.2245650943253,-55.1154380595855,31.600000000021));
#13715=CARTESIAN_POINT('',(-15.6995383092942,-54.5904112745544,31.600000000021));
#13716=CARTESIAN_POINT('',(-55.1154380595855,-16.2245650943253,31.600000000021));
#13717=CARTESIAN_POINT('Origin',(-55.1154380595855,-16.2245650943253,32.5999999999999));
#13718=CARTESIAN_POINT('Origin',(-16.9316718755119,-54.4083312783989,32.5999999999999));
#13719=CARTESIAN_POINT('Origin',(-16.2245650943253,-55.1154380595855,32.5999999999999));
#13720=CARTESIAN_POINT('Origin',(-56.2892353163551,-17.398362351095,44.6));
#13721=CARTESIAN_POINT('',(-55.5821285351686,-18.1054691322816,43.600000000021));
#13722=CARTESIAN_POINT('',(-55.5821285351686,-18.1054691322816,45.5999999999789));
#13723=CARTESIAN_POINT('Origin',(-55.5821285351686,-18.1054691322816,44.6));
#13724=CARTESIAN_POINT('',(-56.2892353163551,-17.398362351095,43.600000000021));
#13725=CARTESIAN_POINT('',(-56.2892353163551,-17.398362351095,43.600000000021));
#13726=CARTESIAN_POINT('',(-56.2892353163551,-17.398362351095,45.5999999999789));
#13727=CARTESIAN_POINT('Origin',(-56.2892353163551,-17.398362351095,44.6));
#13728=CARTESIAN_POINT('',(-56.2892353163551,-17.398362351095,45.5999999999789));
#13729=CARTESIAN_POINT('Origin',(-56.2892353163551,-17.398362351095,44.6));
#13730=CARTESIAN_POINT('',(-18.1054691322815,-55.5821285351686,45.5999999999789));
#13731=CARTESIAN_POINT('',(-18.1054691322815,-55.5821285351686,43.600000000021));
#13732=CARTESIAN_POINT('Origin',(-18.1054691322815,-55.5821285351686,44.6));
#13733=CARTESIAN_POINT('',(-17.398362351095,-56.2892353163551,45.5999999999789));
#13734=CARTESIAN_POINT('',(-56.2892353163551,-17.398362351095,45.5999999999789));
#13735=CARTESIAN_POINT('',(-17.398362351095,-56.2892353163551,43.600000000021));
#13736=CARTESIAN_POINT('Origin',(-17.398362351095,-56.2892353163551,44.6));
#13737=CARTESIAN_POINT('',(-56.2892353163551,-17.398362351095,43.600000000021));
#13738=CARTESIAN_POINT('Origin',(-56.2892353163551,-17.398362351095,43.600000000021));
#13739=CARTESIAN_POINT('',(-54.4083312783989,-16.9316718755119,43.600000000021));
#13740=CARTESIAN_POINT('',(-53.883304493368,-16.4066450904809,43.600000000021));
#13741=CARTESIAN_POINT('',(-55.1154380595855,-16.2245650943253,43.600000000021));
#13742=CARTESIAN_POINT('',(-55.1154380595855,-16.2245650943253,43.600000000021));
#13743=CARTESIAN_POINT('',(-54.5904112745545,-15.6995383092944,43.600000000021));
#13744=CARTESIAN_POINT('Origin',(-56.2892353163551,-17.398362351095,43.600000000021));
#13745=CARTESIAN_POINT('',(-16.9316718755119,-54.4083312783989,43.600000000021));
#13746=CARTESIAN_POINT('',(-16.4066450904807,-53.8833044933678,43.600000000021));
#13747=CARTESIAN_POINT('',(-16.2245650943253,-55.1154380595855,43.600000000021));
#13748=CARTESIAN_POINT('',(-15.6995383092942,-54.5904112745543,43.600000000021));
#13749=CARTESIAN_POINT('',(-55.1154380595855,-16.2245650943253,43.600000000021));
#13750=CARTESIAN_POINT('Origin',(-55.1154380595855,-16.2245650943253,45.5999999999789));
#13751=CARTESIAN_POINT('',(-54.4083312783989,-16.9316718755119,45.5999999999789));
#13752=CARTESIAN_POINT('',(-53.2964058649905,-15.8197464621035,45.599999999975));
#13753=CARTESIAN_POINT('',(-55.1154380595854,-16.2245650943253,45.5999999999789));
#13754=CARTESIAN_POINT('',(-54.0035126461771,-15.1126396809169,45.599999999975));
#13755=CARTESIAN_POINT('',(-55.1154380595854,-16.2245650943253,45.5999999999789));
#13756=CARTESIAN_POINT('Origin',(-55.1154380595855,-16.2245650943253,44.5999999999999));
#13757=CARTESIAN_POINT('Origin',(-54.4083312783989,-16.9316718755119,44.5999999999999));
#13758=CARTESIAN_POINT('Origin',(-55.1154380595855,-16.2245650943253,44.5999999999999));
#13759=CARTESIAN_POINT('Origin',(-55.1154380595855,-16.2245650943253,44.5999999999999));
#13760=CARTESIAN_POINT('',(-16.9316718755119,-54.4083312783989,45.5999999999789));
#13761=CARTESIAN_POINT('Origin',(-16.9316718755119,-54.4083312783989,44.5999999999999));
#13762=CARTESIAN_POINT('',(-16.2245650943253,-55.1154380595854,45.5999999999789));
#13763=CARTESIAN_POINT('Origin',(-16.2245650943253,-55.1154380595855,44.5999999999999));
#13764=CARTESIAN_POINT('',(-55.1154380595854,-16.2245650943253,45.5999999999789));
#13765=CARTESIAN_POINT('Origin',(-55.1154380595855,-16.2245650943253,45.5999999999789));
#13766=CARTESIAN_POINT('',(-15.8197464620634,-53.2964058649505,45.599999999975));
#13767=CARTESIAN_POINT('',(-15.1126396808769,-54.003512646137,45.599999999975));
#13768=CARTESIAN_POINT('Origin',(-58.8348197286267,-19.9439467633666,23.5999999999724));
#13769=CARTESIAN_POINT('',(-58.1276777854408,-20.6510183825538,24.5999999984729));
#13770=CARTESIAN_POINT('',(-58.1276777854462,-20.6510183825592,22.6000000014719));
#13771=CARTESIAN_POINT('Origin',(-58.1277129474402,-20.6510535445531,23.5999999999724));
#13772=CARTESIAN_POINT('',(-58.8347845666274,-19.9439116013672,24.5999999984729));
#13773=CARTESIAN_POINT('',(-58.8347845666274,-19.9439116013672,24.5999999984729));
#13774=CARTESIAN_POINT('',(-58.8347845666327,-19.9439116013726,22.6000000014719));
#13775=CARTESIAN_POINT('Origin',(-58.8348197286267,-19.9439467633666,23.5999999999724));
#13776=CARTESIAN_POINT('',(-58.8347845666327,-19.9439116013726,22.6000000014719));
#13777=CARTESIAN_POINT('Origin',(-58.8348197286267,-19.9439467633666,23.5999999999724));
#13778=CARTESIAN_POINT('',(-20.6510183825591,-58.1276777854462,22.6000000014719));
#13779=CARTESIAN_POINT('',(-20.6510183825538,-58.1276777854408,24.5999999984729));
#13780=CARTESIAN_POINT('Origin',(-20.6510535445531,-58.1277129474402,23.5999999999724));
#13781=CARTESIAN_POINT('',(-19.9439116013726,-58.8347845666327,22.6000000014719));
#13782=CARTESIAN_POINT('',(-58.8347845666327,-19.9439116013726,22.6000000014719));
#13783=CARTESIAN_POINT('',(-19.9439116013672,-58.8347845666274,24.5999999984729));
#13784=CARTESIAN_POINT('Origin',(-19.9439467633666,-58.8348197286267,23.5999999999724));
#13785=CARTESIAN_POINT('',(-58.8347845666274,-19.9439116013672,24.5999999984729));
#13786=CARTESIAN_POINT('Origin',(-58.8347845666273,-19.9439116013672,24.5999999984729));
#13787=CARTESIAN_POINT('',(-62.7910469958348,-25.3143875929478,24.6003279452436));
#13788=CARTESIAN_POINT('',(-55.1565995234418,-17.6799401205548,24.5997910603688));
#13789=CARTESIAN_POINT('',(-63.4981537770214,-24.6072808117613,24.6003279452436));
#13790=CARTESIAN_POINT('',(-63.4981537770214,-24.6072808117613,24.6003279452436));
#13791=CARTESIAN_POINT('',(-55.8637063046284,-16.9728333393683,24.5997910603688));
#13792=CARTESIAN_POINT('Origin',(-58.8347845666273,-19.9439116013672,24.5999999984729));
#13793=CARTESIAN_POINT('',(-25.3143875929478,-62.7910469958348,24.6003279452436));
#13794=CARTESIAN_POINT('',(-17.6791278783707,-55.1557872812577,24.5997910032486));
#13795=CARTESIAN_POINT('',(-24.6072808117613,-63.4981537770214,24.6003279452436));
#13796=CARTESIAN_POINT('',(-16.9720210971841,-55.8628940624442,24.5997910032486));
#13797=CARTESIAN_POINT('',(-63.4981537770214,-24.6072808117613,24.6003279452436));
#13798=CARTESIAN_POINT('Origin',(-63.4981537770273,-24.6072808117672,22.5996720547564));
#13799=CARTESIAN_POINT('',(-62.7910469958408,-25.3143875929537,22.5996720547564));
#13800=CARTESIAN_POINT('',(-57.4872081715563,-20.0105487686693,22.6000450418487));
#13801=CARTESIAN_POINT('',(-63.4981537770273,-24.6072808117672,22.5996720547564));
#13802=CARTESIAN_POINT('',(-58.1943149527428,-19.3034419874827,22.6000450418487));
#13803=CARTESIAN_POINT('',(-63.4981537770273,-24.6072808117672,22.5996720547564));
#13804=CARTESIAN_POINT('Origin',(-63.498188950552,-24.6073159852919,23.6));
#13805=CARTESIAN_POINT('Origin',(-62.7910821693655,-25.3144227664784,23.6));
#13806=CARTESIAN_POINT('Origin',(-63.498188950552,-24.6073159852919,23.6));
#13807=CARTESIAN_POINT('Origin',(-63.498188950552,-24.6073159852919,23.6));
#13808=CARTESIAN_POINT('',(-25.3143875929537,-62.7910469958408,22.5996720547564));
#13809=CARTESIAN_POINT('Origin',(-25.3144227664784,-62.7910821693655,23.6));
#13810=CARTESIAN_POINT('',(-24.6072808117672,-63.4981537770273,22.5996720547564));
#13811=CARTESIAN_POINT('Origin',(-24.6073159852919,-63.498188950552,23.6));
#13812=CARTESIAN_POINT('',(-63.4981537770273,-24.6072808117672,22.5996720547564));
#13813=CARTESIAN_POINT('Origin',(-63.4981537770273,-24.6072808117672,22.5996720547564));
#13814=CARTESIAN_POINT('',(-20.0113610107167,-57.4880204136038,22.6000449847286));
#13815=CARTESIAN_POINT('',(-19.3042542295302,-58.1951271947903,22.6000449847286));
#13816=CARTESIAN_POINT('Origin',(-58.8348197286267,-19.9439467633666,11.5999999999724));
#13817=CARTESIAN_POINT('',(-58.1276777854408,-20.6510183825538,12.5999999984729));
#13818=CARTESIAN_POINT('',(-58.1276777854462,-20.6510183825592,10.6000000014719));
#13819=CARTESIAN_POINT('Origin',(-58.1277129474402,-20.6510535445531,11.5999999999724));
#13820=CARTESIAN_POINT('',(-58.8347845666274,-19.9439116013672,12.5999999984729));
#13821=CARTESIAN_POINT('',(-58.8347845666274,-19.9439116013672,12.5999999984729));
#13822=CARTESIAN_POINT('',(-58.8347845666327,-19.9439116013726,10.6000000014719));
#13823=CARTESIAN_POINT('Origin',(-58.8348197286267,-19.9439467633666,11.5999999999724));
#13824=CARTESIAN_POINT('',(-58.8347845666327,-19.9439116013726,10.6000000014719));
#13825=CARTESIAN_POINT('Origin',(-58.8348197286267,-19.9439467633666,11.5999999999724));
#13826=CARTESIAN_POINT('',(-20.6510183825591,-58.1276777854462,10.6000000014719));
#13827=CARTESIAN_POINT('',(-20.6510183825538,-58.1276777854408,12.5999999984729));
#13828=CARTESIAN_POINT('Origin',(-20.6510535445531,-58.1277129474402,11.5999999999724));
#13829=CARTESIAN_POINT('',(-19.9439116013726,-58.8347845666327,10.6000000014719));
#13830=CARTESIAN_POINT('',(-58.8347845666327,-19.9439116013726,10.6000000014719));
#13831=CARTESIAN_POINT('',(-19.9439116013672,-58.8347845666274,12.5999999984729));
#13832=CARTESIAN_POINT('Origin',(-19.9439467633666,-58.8348197286267,11.5999999999724));
#13833=CARTESIAN_POINT('',(-58.8347845666274,-19.9439116013672,12.5999999984729));
#13834=CARTESIAN_POINT('Origin',(-58.8347845666273,-19.9439116013672,12.5999999984729));
#13835=CARTESIAN_POINT('',(-62.7910469958348,-25.3143875929478,12.6003279452436));
#13836=CARTESIAN_POINT('',(-55.1568104954377,-17.6801510925507,12.5997910752051));
#13837=CARTESIAN_POINT('',(-63.4981537770214,-24.6072808117613,12.6003279452436));
#13838=CARTESIAN_POINT('',(-63.4981537770214,-24.6072808117613,12.6003279452436));
#13839=CARTESIAN_POINT('',(-55.8639172766242,-16.9730443113641,12.5997910752051));
#13840=CARTESIAN_POINT('Origin',(-58.8347845666273,-19.9439116013672,12.5999999984729));
#13841=CARTESIAN_POINT('',(-25.3143875929478,-62.7910469958348,12.6003279452436));
#13842=CARTESIAN_POINT('',(-17.6793388503665,-55.1559982532536,12.599791018085));
#13843=CARTESIAN_POINT('',(-24.6072808117613,-63.4981537770214,12.6003279452436));
#13844=CARTESIAN_POINT('',(-16.97223206918,-55.8631050344401,12.599791018085));
#13845=CARTESIAN_POINT('',(-63.4981537770214,-24.6072808117613,12.6003279452436));
#13846=CARTESIAN_POINT('Origin',(-63.4981537770273,-24.6072808117672,10.5996720547564));
#13847=CARTESIAN_POINT('',(-62.7910469958408,-25.3143875929537,10.5996720547564));
#13848=CARTESIAN_POINT('',(-57.4869971995959,-20.0103377967089,10.6000450566851));
#13849=CARTESIAN_POINT('',(-63.4981537770273,-24.6072808117672,10.5996720547564));
#13850=CARTESIAN_POINT('',(-58.1941039807824,-19.3032310155223,10.6000450566851));
#13851=CARTESIAN_POINT('',(-63.4981537770273,-24.6072808117672,10.5996720547564));
#13852=CARTESIAN_POINT('Origin',(-63.498188950552,-24.6073159852919,11.6));
#13853=CARTESIAN_POINT('Origin',(-62.7910821693655,-25.3144227664784,11.6));
#13854=CARTESIAN_POINT('Origin',(-63.498188950552,-24.6073159852919,11.6));
#13855=CARTESIAN_POINT('Origin',(-63.498188950552,-24.6073159852919,11.6));
#13856=CARTESIAN_POINT('',(-25.3143875929537,-62.7910469958408,10.5996720547564));
#13857=CARTESIAN_POINT('Origin',(-25.3144227664784,-62.7910821693655,11.6));
#13858=CARTESIAN_POINT('',(-24.6072808117672,-63.4981537770273,10.5996720547564));
#13859=CARTESIAN_POINT('Origin',(-24.6073159852919,-63.498188950552,11.6));
#13860=CARTESIAN_POINT('',(-63.4981537770273,-24.6072808117672,10.5996720547564));
#13861=CARTESIAN_POINT('Origin',(-63.4981537770273,-24.6072808117672,10.5996720547564));
#13862=CARTESIAN_POINT('',(-20.0111500387564,-57.4878094416434,10.600044999565));
#13863=CARTESIAN_POINT('',(-19.3040432575698,-58.1949162228299,10.600044999565));
#13864=CARTESIAN_POINT('Origin',(-58.8348197286267,-19.9439467633666,14.5999999999724));
#13865=CARTESIAN_POINT('',(-58.1276777854408,-20.6510183825538,15.5999999984729));
#13866=CARTESIAN_POINT('',(-58.1276777854462,-20.6510183825592,13.6000000014719));
#13867=CARTESIAN_POINT('Origin',(-58.1277129474402,-20.6510535445531,14.5999999999724));
#13868=CARTESIAN_POINT('',(-58.8347845666274,-19.9439116013672,15.5999999984729));
#13869=CARTESIAN_POINT('',(-58.8347845666274,-19.9439116013672,15.5999999984729));
#13870=CARTESIAN_POINT('',(-58.8347845666327,-19.9439116013726,13.6000000014719));
#13871=CARTESIAN_POINT('Origin',(-58.8348197286267,-19.9439467633666,14.5999999999724));
#13872=CARTESIAN_POINT('',(-58.8347845666327,-19.9439116013726,13.6000000014719));
#13873=CARTESIAN_POINT('Origin',(-58.8348197286267,-19.9439467633666,14.5999999999724));
#13874=CARTESIAN_POINT('',(-20.6510183825591,-58.1276777854462,13.6000000014719));
#13875=CARTESIAN_POINT('',(-20.6510183825538,-58.1276777854408,15.5999999984729));
#13876=CARTESIAN_POINT('Origin',(-20.6510535445531,-58.1277129474402,14.5999999999724));
#13877=CARTESIAN_POINT('',(-19.9439116013726,-58.8347845666327,13.6000000014719));
#13878=CARTESIAN_POINT('',(-58.8347845666327,-19.9439116013726,13.6000000014719));
#13879=CARTESIAN_POINT('',(-19.9439116013672,-58.8347845666274,15.5999999984729));
#13880=CARTESIAN_POINT('Origin',(-19.9439467633666,-58.8348197286267,14.5999999999724));
#13881=CARTESIAN_POINT('',(-58.8347845666274,-19.9439116013672,15.5999999984729));
#13882=CARTESIAN_POINT('Origin',(-58.8347845666273,-19.9439116013672,15.5999999984729));
#13883=CARTESIAN_POINT('',(-62.7910469958348,-25.3143875929478,15.6003279452436));
#13884=CARTESIAN_POINT('',(-55.1567577524387,-17.6800983495517,15.599791071496));
#13885=CARTESIAN_POINT('',(-63.4981537770214,-24.6072808117613,15.6003279452436));
#13886=CARTESIAN_POINT('',(-63.4981537770214,-24.6072808117613,15.6003279452436));
#13887=CARTESIAN_POINT('',(-55.8638645336253,-16.9729915683652,15.599791071496));
#13888=CARTESIAN_POINT('Origin',(-58.8347845666273,-19.9439116013672,15.5999999984729));
#13889=CARTESIAN_POINT('',(-25.3143875929478,-62.7910469958348,15.6003279452436));
#13890=CARTESIAN_POINT('',(-17.6792861073676,-55.1559455102546,15.5997910143759));
#13891=CARTESIAN_POINT('',(-24.6072808117613,-63.4981537770214,15.6003279452436));
#13892=CARTESIAN_POINT('',(-16.972179326181,-55.8630522914412,15.5997910143759));
#13893=CARTESIAN_POINT('',(-63.4981537770214,-24.6072808117613,15.6003279452436));
#13894=CARTESIAN_POINT('Origin',(-63.4981537770273,-24.6072808117672,13.5996720547564));
#13895=CARTESIAN_POINT('',(-62.7910469958408,-25.3143875929537,13.5996720547564));
#13896=CARTESIAN_POINT('',(-57.487049942586,-20.010390539699,13.600045052976));
#13897=CARTESIAN_POINT('',(-63.4981537770273,-24.6072808117672,13.5996720547564));
#13898=CARTESIAN_POINT('',(-58.1941567237725,-19.3032837585124,13.600045052976));
#13899=CARTESIAN_POINT('',(-63.4981537770273,-24.6072808117672,13.5996720547564));
#13900=CARTESIAN_POINT('Origin',(-63.498188950552,-24.6073159852919,14.6));
#13901=CARTESIAN_POINT('Origin',(-62.7910821693655,-25.3144227664784,14.6));
#13902=CARTESIAN_POINT('Origin',(-63.498188950552,-24.6073159852919,14.6));
#13903=CARTESIAN_POINT('Origin',(-63.498188950552,-24.6073159852919,14.6));
#13904=CARTESIAN_POINT('',(-25.3143875929537,-62.7910469958408,13.5996720547564));
#13905=CARTESIAN_POINT('Origin',(-25.3144227664784,-62.7910821693655,14.6));
#13906=CARTESIAN_POINT('',(-24.6072808117672,-63.4981537770273,13.5996720547564));
#13907=CARTESIAN_POINT('Origin',(-24.6073159852919,-63.498188950552,14.6));
#13908=CARTESIAN_POINT('',(-63.4981537770273,-24.6072808117672,13.5996720547564));
#13909=CARTESIAN_POINT('Origin',(-63.4981537770273,-24.6072808117672,13.5996720547564));
#13910=CARTESIAN_POINT('',(-20.0112027817465,-57.4878621846335,13.6000449958559));
#13911=CARTESIAN_POINT('',(-19.3040960005599,-58.19496896582,13.6000449958559));
#13912=CARTESIAN_POINT('Origin',(-58.8348197286267,-19.9439467633666,26.5999999999724));
#13913=CARTESIAN_POINT('',(-58.1276777854408,-20.6510183825538,27.5999999984729));
#13914=CARTESIAN_POINT('',(-58.1276777854454,-20.6510183825584,25.6000000014719));
#13915=CARTESIAN_POINT('Origin',(-58.1277129474402,-20.6510535445531,26.5999999999724));
#13916=CARTESIAN_POINT('',(-58.8347845666274,-19.9439116013672,27.5999999984729));
#13917=CARTESIAN_POINT('',(-58.8347845666274,-19.9439116013672,27.5999999984729));
#13918=CARTESIAN_POINT('',(-58.8347845666319,-19.9439116013718,25.6000000014719));
#13919=CARTESIAN_POINT('Origin',(-58.8348197286267,-19.9439467633666,26.5999999999724));
#13920=CARTESIAN_POINT('',(-58.8347845666319,-19.9439116013718,25.6000000014719));
#13921=CARTESIAN_POINT('Origin',(-58.8348197286267,-19.9439467633666,26.5999999999724));
#13922=CARTESIAN_POINT('',(-20.6510183825584,-58.1276777854454,25.6000000014719));
#13923=CARTESIAN_POINT('',(-20.6510183825538,-58.1276777854408,27.5999999984729));
#13924=CARTESIAN_POINT('Origin',(-20.6510535445531,-58.1277129474402,26.5999999999724));
#13925=CARTESIAN_POINT('',(-19.9439116013718,-58.8347845666319,25.6000000014719));
#13926=CARTESIAN_POINT('',(-58.8347845666319,-19.9439116013718,25.6000000014719));
#13927=CARTESIAN_POINT('',(-19.9439116013672,-58.8347845666274,27.5999999984729));
#13928=CARTESIAN_POINT('Origin',(-19.9439467633666,-58.8348197286267,26.5999999999724));
#13929=CARTESIAN_POINT('',(-58.8347845666274,-19.9439116013672,27.5999999984729));
#13930=CARTESIAN_POINT('Origin',(-58.8347845666273,-19.9439116013672,27.5999999984729));
#13931=CARTESIAN_POINT('',(-62.7910469958348,-25.3143875929478,27.6003279452436));
#13932=CARTESIAN_POINT('',(-55.1565467804429,-17.6798873775558,27.5997910566597));
#13933=CARTESIAN_POINT('',(-63.4981537770214,-24.6072808117613,27.6003279452436));
#13934=CARTESIAN_POINT('',(-63.4981537770214,-24.6072808117613,27.6003279452436));
#13935=CARTESIAN_POINT('',(-55.8636535616294,-16.9727805963693,27.5997910566597));
#13936=CARTESIAN_POINT('Origin',(-58.8347845666273,-19.9439116013672,27.5999999984729));
#13937=CARTESIAN_POINT('',(-25.3143875929478,-62.7910469958348,27.6003279452436));
#13938=CARTESIAN_POINT('',(-17.6790751353717,-55.1557345382587,27.5997909995395));
#13939=CARTESIAN_POINT('',(-24.6072808117613,-63.4981537770214,27.6003279452436));
#13940=CARTESIAN_POINT('',(-16.9719683541852,-55.8628413194453,27.5997909995395));
#13941=CARTESIAN_POINT('',(-63.4981537770214,-24.6072808117613,27.6003279452436));
#13942=CARTESIAN_POINT('Origin',(-63.4981537770273,-24.6072808117672,25.5996720547564));
#13943=CARTESIAN_POINT('',(-62.7910469958408,-25.3143875929537,25.5996720547564));
#13944=CARTESIAN_POINT('',(-57.4872609145464,-20.0106015116594,25.6000450381396));
#13945=CARTESIAN_POINT('',(-63.4981537770273,-24.6072808117672,25.5996720547564));
#13946=CARTESIAN_POINT('',(-58.1943676957329,-19.3034947304728,25.6000450381396));
#13947=CARTESIAN_POINT('',(-63.4981537770273,-24.6072808117672,25.5996720547564));
#13948=CARTESIAN_POINT('Origin',(-63.498188950552,-24.6073159852919,26.6));
#13949=CARTESIAN_POINT('Origin',(-62.7910821693655,-25.3144227664784,26.6));
#13950=CARTESIAN_POINT('Origin',(-63.498188950552,-24.6073159852919,26.6));
#13951=CARTESIAN_POINT('Origin',(-63.498188950552,-24.6073159852919,26.6));
#13952=CARTESIAN_POINT('',(-25.3143875929537,-62.7910469958408,25.5996720547564));
#13953=CARTESIAN_POINT('Origin',(-25.3144227664784,-62.7910821693655,26.6));
#13954=CARTESIAN_POINT('',(-24.6072808117672,-63.4981537770273,25.5996720547564));
#13955=CARTESIAN_POINT('Origin',(-24.6073159852919,-63.498188950552,26.6));
#13956=CARTESIAN_POINT('',(-63.4981537770273,-24.6072808117672,25.5996720547564));
#13957=CARTESIAN_POINT('Origin',(-63.4981537770273,-24.6072808117672,25.5996720547564));
#13958=CARTESIAN_POINT('',(-20.0114137537068,-57.4880731565939,25.6000449810195));
#13959=CARTESIAN_POINT('',(-19.3043069725203,-58.1951799377804,25.6000449810195));
#13960=CARTESIAN_POINT('Origin',(-56.2892353163551,-17.398362351095,41.6));
#13961=CARTESIAN_POINT('',(-55.5821285351686,-18.1054691322816,40.600000000021));
#13962=CARTESIAN_POINT('',(-55.5821285351686,-18.1054691322816,42.5999999999789));
#13963=CARTESIAN_POINT('Origin',(-55.5821285351686,-18.1054691322816,41.6));
#13964=CARTESIAN_POINT('',(-56.2892353163551,-17.398362351095,40.600000000021));
#13965=CARTESIAN_POINT('',(-56.2892353163551,-17.398362351095,40.600000000021));
#13966=CARTESIAN_POINT('',(-56.2892353163551,-17.398362351095,42.5999999999789));
#13967=CARTESIAN_POINT('Origin',(-56.2892353163551,-17.398362351095,41.6));
#13968=CARTESIAN_POINT('',(-56.2892353163551,-17.398362351095,42.5999999999789));
#13969=CARTESIAN_POINT('Origin',(-56.2892353163551,-17.398362351095,41.6));
#13970=CARTESIAN_POINT('',(-18.1054691322815,-55.5821285351686,42.5999999999789));
#13971=CARTESIAN_POINT('',(-18.1054691322815,-55.5821285351686,40.600000000021));
#13972=CARTESIAN_POINT('Origin',(-18.1054691322815,-55.5821285351686,41.6));
#13973=CARTESIAN_POINT('',(-17.398362351095,-56.2892353163551,42.5999999999789));
#13974=CARTESIAN_POINT('',(-56.2892353163551,-17.398362351095,42.5999999999789));
#13975=CARTESIAN_POINT('',(-17.398362351095,-56.2892353163551,40.600000000021));
#13976=CARTESIAN_POINT('Origin',(-17.398362351095,-56.2892353163551,41.6));
#13977=CARTESIAN_POINT('',(-56.2892353163551,-17.398362351095,40.600000000021));
#13978=CARTESIAN_POINT('Origin',(-56.2892353163551,-17.398362351095,40.600000000021));
#13979=CARTESIAN_POINT('',(-54.4083312783989,-16.9316718755119,40.600000000021));
#13980=CARTESIAN_POINT('',(-53.883304493368,-16.4066450904809,40.600000000021));
#13981=CARTESIAN_POINT('',(-55.1154380595855,-16.2245650943253,40.600000000021));
#13982=CARTESIAN_POINT('',(-55.1154380595855,-16.2245650943253,40.600000000021));
#13983=CARTESIAN_POINT('',(-54.5904112745545,-15.6995383092944,40.600000000021));
#13984=CARTESIAN_POINT('Origin',(-56.2892353163551,-17.398362351095,40.600000000021));
#13985=CARTESIAN_POINT('',(-16.9316718755119,-54.4083312783989,40.600000000021));
#13986=CARTESIAN_POINT('',(-16.4066450904807,-53.8833044933678,40.600000000021));
#13987=CARTESIAN_POINT('',(-16.2245650943253,-55.1154380595855,40.600000000021));
#13988=CARTESIAN_POINT('',(-15.6995383092942,-54.5904112745543,40.600000000021));
#13989=CARTESIAN_POINT('',(-55.1154380595855,-16.2245650943253,40.600000000021));
#13990=CARTESIAN_POINT('Origin',(-55.1154380595855,-16.2245650943253,42.5999999999789));
#13991=CARTESIAN_POINT('',(-54.4083312783989,-16.9316718755119,42.5999999999789));
#13992=CARTESIAN_POINT('',(-53.2964058649931,-15.8197464621061,42.599999999975));
#13993=CARTESIAN_POINT('',(-55.1154380595854,-16.2245650943253,42.5999999999789));
#13994=CARTESIAN_POINT('',(-54.0035126461797,-15.1126396809195,42.599999999975));
#13995=CARTESIAN_POINT('',(-55.1154380595854,-16.2245650943253,42.5999999999789));
#13996=CARTESIAN_POINT('Origin',(-55.1154380595855,-16.2245650943253,41.5999999999999));
#13997=CARTESIAN_POINT('Origin',(-54.4083312783989,-16.9316718755119,41.5999999999999));
#13998=CARTESIAN_POINT('Origin',(-55.1154380595855,-16.2245650943253,41.5999999999999));
#13999=CARTESIAN_POINT('Origin',(-55.1154380595855,-16.2245650943253,41.5999999999999));
#14000=CARTESIAN_POINT('',(-16.9316718755119,-54.4083312783989,42.5999999999789));
#14001=CARTESIAN_POINT('Origin',(-16.9316718755119,-54.4083312783989,41.5999999999999));
#14002=CARTESIAN_POINT('',(-16.2245650943253,-55.1154380595854,42.5999999999789));
#14003=CARTESIAN_POINT('Origin',(-16.2245650943253,-55.1154380595855,41.5999999999999));
#14004=CARTESIAN_POINT('',(-55.1154380595854,-16.2245650943253,42.5999999999789));
#14005=CARTESIAN_POINT('Origin',(-55.1154380595855,-16.2245650943253,42.5999999999789));
#14006=CARTESIAN_POINT('',(-15.819746462066,-53.2964058649531,42.599999999975));
#14007=CARTESIAN_POINT('',(-15.1126396808795,-54.0035126461396,42.599999999975));
#14008=CARTESIAN_POINT('Origin',(-55.1154380595882,-16.2245650943281,30.599999999962));
#14009=CARTESIAN_POINT('',(-55.5821285351713,-18.1054691322843,30.5999999999556));
#14010=CARTESIAN_POINT('',(-54.4083312784016,-16.9316718755146,30.599999999962));
#14011=CARTESIAN_POINT('',(-53.2964058649521,-15.819746462065,30.5999999999681));
#14012=CARTESIAN_POINT('',(-56.2892353163579,-17.3983623510978,30.5999999999556));
#14013=CARTESIAN_POINT('',(-56.2892353163579,-17.3983623510978,30.5999999999556));
#14014=CARTESIAN_POINT('',(-55.1154380595882,-16.2245650943281,30.599999999962));
#14015=CARTESIAN_POINT('',(-54.0035126461386,-15.1126396808785,30.5999999999681));
#14016=CARTESIAN_POINT('',(-55.1154380595882,-16.2245650943281,30.599999999962));
#14017=CARTESIAN_POINT('Origin',(-55.1154380595882,-16.2245650943281,30.599999999962));
#14018=CARTESIAN_POINT('',(-16.9316718755146,-54.4083312784016,30.599999999962));
#14019=CARTESIAN_POINT('',(-18.1054691322843,-55.5821285351713,30.5999999999556));
#14020=CARTESIAN_POINT('',(-15.8197464621284,-53.2964058650154,30.5999999999681));
#14021=CARTESIAN_POINT('',(-16.2245650943281,-55.1154380595882,30.599999999962));
#14022=CARTESIAN_POINT('',(-55.1154380595882,-16.2245650943281,30.599999999962));
#14023=CARTESIAN_POINT('',(-17.3983623510977,-56.2892353163579,30.5999999999556));
#14024=CARTESIAN_POINT('',(-15.1126396809418,-54.003512646202,30.5999999999681));
#14025=CARTESIAN_POINT('',(-56.2892353163579,-17.3983623510978,30.5999999999556));
#14026=CARTESIAN_POINT('Origin',(-56.2892353163551,-17.398362351095,29.5999999999554));
#14027=CARTESIAN_POINT('',(-55.5821285351658,-18.1054691322788,28.5999999999552));
#14028=CARTESIAN_POINT('Origin',(-55.5821285351686,-18.1054691322816,29.5999999999554));
#14029=CARTESIAN_POINT('',(-56.2892353163524,-17.3983623510923,28.5999999999552));
#14030=CARTESIAN_POINT('',(-56.2892353163524,-17.3983623510923,28.5999999999552));
#14031=CARTESIAN_POINT('Origin',(-56.2892353163551,-17.398362351095,29.5999999999554));
#14032=CARTESIAN_POINT('Origin',(-56.2892353163551,-17.398362351095,29.5999999999554));
#14033=CARTESIAN_POINT('',(-18.1054691322788,-55.5821285351658,28.5999999999552));
#14034=CARTESIAN_POINT('Origin',(-18.1054691322815,-55.5821285351686,29.5999999999554));
#14035=CARTESIAN_POINT('',(-17.3983623510922,-56.2892353163524,28.5999999999552));
#14036=CARTESIAN_POINT('Origin',(-17.398362351095,-56.2892353163551,29.5999999999554));
#14037=CARTESIAN_POINT('',(-56.2892353163524,-17.3983623510923,28.5999999999552));
#14038=CARTESIAN_POINT('Origin',(-55.1154380595855,-16.2245650943253,29.5999999999618));
#14039=CARTESIAN_POINT('',(-54.4083312783962,-16.9316718755092,28.5999999999617));
#14040=CARTESIAN_POINT('Origin',(-54.4083312783989,-16.9316718755119,29.5999999999618));
#14041=CARTESIAN_POINT('',(-55.1154380595827,-16.2245650943226,28.5999999999617));
#14042=CARTESIAN_POINT('Origin',(-55.1154380595855,-16.2245650943253,29.5999999999618));
#14043=CARTESIAN_POINT('',(-55.1154380595827,-16.2245650943226,28.5999999999617));
#14044=CARTESIAN_POINT('Origin',(-56.2892353163524,-17.3983623510923,28.5999999999552));
#14045=CARTESIAN_POINT('',(-53.8833044933315,-16.4066450904444,28.5999999999645));
#14046=CARTESIAN_POINT('',(-54.590411274518,-15.6995383092579,28.5999999999645));
#14047=CARTESIAN_POINT('Origin',(-56.2892353163524,-17.3983623510923,28.5999999999552));
#14048=CARTESIAN_POINT('',(-16.9316718755091,-54.4083312783962,28.5999999999617));
#14049=CARTESIAN_POINT('',(-16.4066450905077,-53.8833044933947,28.5999999999645));
#14050=CARTESIAN_POINT('',(-16.2245650943226,-55.1154380595827,28.5999999999617));
#14051=CARTESIAN_POINT('',(-15.6995383093212,-54.5904112745813,28.5999999999645));
#14052=CARTESIAN_POINT('',(-55.1154380595827,-16.2245650943226,28.5999999999617));
#14053=CARTESIAN_POINT('Origin',(-55.1154380595855,-16.2245650943253,29.5999999999618));
#14054=CARTESIAN_POINT('Origin',(-16.9316718755119,-54.4083312783989,29.5999999999618));
#14055=CARTESIAN_POINT('Origin',(-16.2245650943253,-55.1154380595855,29.5999999999618));
#14056=CARTESIAN_POINT('Origin',(-56.2892353163551,-17.398362351095,17.5999999999554));
#14057=CARTESIAN_POINT('',(-55.5821285351658,-18.1054691322788,16.5999999999552));
#14058=CARTESIAN_POINT('',(-55.5821285351713,-18.1054691322843,18.5999999999556));
#14059=CARTESIAN_POINT('Origin',(-55.5821285351686,-18.1054691322816,17.5999999999554));
#14060=CARTESIAN_POINT('',(-56.2892353163524,-17.3983623510923,16.5999999999552));
#14061=CARTESIAN_POINT('',(-56.2892353163524,-17.3983623510923,16.5999999999552));
#14062=CARTESIAN_POINT('',(-56.2892353163579,-17.3983623510978,18.5999999999556));
#14063=CARTESIAN_POINT('Origin',(-56.2892353163551,-17.398362351095,17.5999999999554));
#14064=CARTESIAN_POINT('',(-56.2892353163579,-17.3983623510978,18.5999999999556));
#14065=CARTESIAN_POINT('Origin',(-56.2892353163551,-17.398362351095,17.5999999999554));
#14066=CARTESIAN_POINT('',(-18.1054691322843,-55.5821285351713,18.5999999999556));
#14067=CARTESIAN_POINT('',(-18.1054691322788,-55.5821285351658,16.5999999999552));
#14068=CARTESIAN_POINT('Origin',(-18.1054691322815,-55.5821285351686,17.5999999999554));
#14069=CARTESIAN_POINT('',(-17.3983623510977,-56.2892353163579,18.5999999999556));
#14070=CARTESIAN_POINT('',(-56.2892353163579,-17.3983623510978,18.5999999999556));
#14071=CARTESIAN_POINT('',(-17.3983623510922,-56.2892353163524,16.5999999999552));
#14072=CARTESIAN_POINT('Origin',(-17.398362351095,-56.2892353163551,17.5999999999554));
#14073=CARTESIAN_POINT('',(-56.2892353163524,-17.3983623510923,16.5999999999552));
#14074=CARTESIAN_POINT('Origin',(-56.2892353163524,-17.3983623510923,16.5999999999552));
#14075=CARTESIAN_POINT('',(-54.4083312783962,-16.9316718755092,16.5999999999617));
#14076=CARTESIAN_POINT('',(-53.883304493315,-16.406645090428,16.5999999999645));
#14077=CARTESIAN_POINT('',(-55.1154380595827,-16.2245650943226,16.5999999999617));
#14078=CARTESIAN_POINT('',(-55.1154380595827,-16.2245650943226,16.5999999999617));
#14079=CARTESIAN_POINT('',(-54.5904112745016,-15.6995383092415,16.5999999999645));
#14080=CARTESIAN_POINT('Origin',(-56.2892353163524,-17.3983623510923,16.5999999999552));
#14081=CARTESIAN_POINT('',(-16.9316718755091,-54.4083312783962,16.5999999999617));
#14082=CARTESIAN_POINT('',(-16.4066450904913,-53.8833044933783,16.5999999999645));
#14083=CARTESIAN_POINT('',(-16.2245650943226,-55.1154380595827,16.5999999999617));
#14084=CARTESIAN_POINT('',(-15.6995383093047,-54.5904112745648,16.5999999999645));
#14085=CARTESIAN_POINT('',(-55.1154380595827,-16.2245650943226,16.5999999999617));
#14086=CARTESIAN_POINT('Origin',(-55.1154380595882,-16.2245650943281,18.599999999962));
#14087=CARTESIAN_POINT('',(-54.4083312784016,-16.9316718755146,18.599999999962));
#14088=CARTESIAN_POINT('',(-53.2964058649356,-15.8197464620486,18.5999999999681));
#14089=CARTESIAN_POINT('',(-55.1154380595882,-16.2245650943281,18.599999999962));
#14090=CARTESIAN_POINT('',(-54.0035126461222,-15.112639680862,18.5999999999681));
#14091=CARTESIAN_POINT('',(-55.1154380595882,-16.2245650943281,18.599999999962));
#14092=CARTESIAN_POINT('Origin',(-55.1154380595855,-16.2245650943253,17.5999999999618));
#14093=CARTESIAN_POINT('Origin',(-54.4083312783989,-16.9316718755119,17.5999999999618));
#14094=CARTESIAN_POINT('Origin',(-55.1154380595855,-16.2245650943253,17.5999999999618));
#14095=CARTESIAN_POINT('Origin',(-55.1154380595855,-16.2245650943253,17.5999999999618));
#14096=CARTESIAN_POINT('',(-16.9316718755146,-54.4083312784016,18.599999999962));
#14097=CARTESIAN_POINT('Origin',(-16.9316718755119,-54.4083312783989,17.5999999999618));
#14098=CARTESIAN_POINT('',(-16.2245650943281,-55.1154380595882,18.599999999962));
#14099=CARTESIAN_POINT('Origin',(-16.2245650943253,-55.1154380595855,17.5999999999618));
#14100=CARTESIAN_POINT('',(-55.1154380595882,-16.2245650943281,18.599999999962));
#14101=CARTESIAN_POINT('Origin',(-55.1154380595882,-16.2245650943281,18.599999999962));
#14102=CARTESIAN_POINT('',(-15.8197464621119,-53.296405864999,18.5999999999681));
#14103=CARTESIAN_POINT('',(-15.1126396809254,-54.0035126461855,18.5999999999681));
#14104=CARTESIAN_POINT('Origin',(-58.8348197286267,-19.9439467633666,36.6));
#14105=CARTESIAN_POINT('',(-62.7910821693655,-25.3144227664784,36.6));
#14106=CARTESIAN_POINT('',(-58.1277129474402,-20.6510535445531,36.6));
#14107=CARTESIAN_POINT('',(-55.1560966995037,-17.6794372966167,36.6));
#14108=CARTESIAN_POINT('',(-63.498188950552,-24.6073159852919,36.6));
#14109=CARTESIAN_POINT('',(-63.498188950552,-24.6073159852919,36.6));
#14110=CARTESIAN_POINT('',(-58.8348197286267,-19.9439467633666,36.6));
#14111=CARTESIAN_POINT('',(-55.8632034806903,-16.9723305154301,36.6));
#14112=CARTESIAN_POINT('',(-58.8348197286267,-19.9439467633666,36.6));
#14113=CARTESIAN_POINT('Origin',(-58.8348197286267,-19.9439467633666,36.6));
#14114=CARTESIAN_POINT('',(-20.6510535445531,-58.1277129474402,36.6));
#14115=CARTESIAN_POINT('',(-25.3144227664784,-62.7910821693655,36.6));
#14116=CARTESIAN_POINT('',(-17.6794372966166,-55.1560966995036,36.6));
#14117=CARTESIAN_POINT('',(-19.9439467633666,-58.8348197286267,36.6));
#14118=CARTESIAN_POINT('',(-58.8348197286267,-19.9439467633666,36.6));
#14119=CARTESIAN_POINT('',(-24.6073159852919,-63.498188950552,36.6));
#14120=CARTESIAN_POINT('',(-16.9723305154301,-55.8632034806902,36.6));
#14121=CARTESIAN_POINT('',(-63.498188950552,-24.6073159852919,36.6));
#14122=CARTESIAN_POINT('Origin',(-63.498188950552,-24.6073159852919,35.6));
#14123=CARTESIAN_POINT('',(-62.7910821693654,-25.3144227664784,34.6));
#14124=CARTESIAN_POINT('Origin',(-62.7910821693655,-25.3144227664784,35.6));
#14125=CARTESIAN_POINT('',(-63.498188950552,-24.6073159852919,34.6));
#14126=CARTESIAN_POINT('',(-63.498188950552,-24.6073159852919,34.6));
#14127=CARTESIAN_POINT('Origin',(-63.498188950552,-24.6073159852919,35.6));
#14128=CARTESIAN_POINT('Origin',(-63.498188950552,-24.6073159852919,35.6));
#14129=CARTESIAN_POINT('',(-25.3144227664784,-62.7910821693654,34.6));
#14130=CARTESIAN_POINT('Origin',(-25.3144227664784,-62.7910821693655,35.6));
#14131=CARTESIAN_POINT('',(-24.6073159852918,-63.498188950552,34.6));
#14132=CARTESIAN_POINT('Origin',(-24.6073159852919,-63.498188950552,35.6));
#14133=CARTESIAN_POINT('',(-63.498188950552,-24.6073159852919,34.6));
#14134=CARTESIAN_POINT('Origin',(-58.8348197286267,-19.9439467633666,35.6));
#14135=CARTESIAN_POINT('',(-58.1277129474402,-20.6510535445531,34.6));
#14136=CARTESIAN_POINT('Origin',(-58.1277129474402,-20.6510535445531,35.6));
#14137=CARTESIAN_POINT('',(-58.8348197286267,-19.9439467633666,34.6));
#14138=CARTESIAN_POINT('Origin',(-58.8348197286267,-19.9439467633666,35.6));
#14139=CARTESIAN_POINT('',(-58.8348197286267,-19.9439467633666,34.6));
#14140=CARTESIAN_POINT('Origin',(-63.498188950552,-24.6073159852919,34.6));
#14141=CARTESIAN_POINT('',(-57.4877813104664,-20.0111219075793,34.6));
#14142=CARTESIAN_POINT('',(-58.1948880916529,-19.3040151263928,34.6));
#14143=CARTESIAN_POINT('Origin',(-63.498188950552,-24.6073159852919,34.6));
#14144=CARTESIAN_POINT('',(-20.6510535445531,-58.1277129474402,34.6));
#14145=CARTESIAN_POINT('',(-20.0111219075792,-57.4877813104663,34.6));
#14146=CARTESIAN_POINT('',(-19.9439467633666,-58.8348197286267,34.6));
#14147=CARTESIAN_POINT('',(-19.3040151263927,-58.1948880916528,34.6));
#14148=CARTESIAN_POINT('',(-58.8348197286267,-19.9439467633666,34.6));
#14149=CARTESIAN_POINT('Origin',(-58.8348197286267,-19.9439467633666,35.6));
#14150=CARTESIAN_POINT('Origin',(-20.6510535445531,-58.1277129474402,35.6));
#14151=CARTESIAN_POINT('Origin',(-19.9439467633666,-58.8348197286267,35.6));
#14152=CARTESIAN_POINT('Origin',(-58.8348197286267,-19.9439467633666,48.6));
#14153=CARTESIAN_POINT('',(-62.7910821693655,-25.3144227664784,48.6));
#14154=CARTESIAN_POINT('',(-58.1277129474402,-20.6510535445531,48.6));
#14155=CARTESIAN_POINT('',(-55.1560966995037,-17.6794372966167,48.6));
#14156=CARTESIAN_POINT('',(-63.498188950552,-24.6073159852919,48.6));
#14157=CARTESIAN_POINT('',(-63.498188950552,-24.6073159852919,48.6));
#14158=CARTESIAN_POINT('',(-58.8348197286267,-19.9439467633666,48.6));
#14159=CARTESIAN_POINT('',(-55.8632034806902,-16.9723305154301,48.6));
#14160=CARTESIAN_POINT('',(-58.8348197286267,-19.9439467633666,48.6));
#14161=CARTESIAN_POINT('Origin',(-58.8348197286267,-19.9439467633666,48.6));
#14162=CARTESIAN_POINT('',(-20.6510535445531,-58.1277129474402,48.6));
#14163=CARTESIAN_POINT('',(-25.3144227664784,-62.7910821693655,48.6));
#14164=CARTESIAN_POINT('',(-17.6794372966166,-55.1560966995036,48.6));
#14165=CARTESIAN_POINT('',(-19.9439467633666,-58.8348197286267,48.6));
#14166=CARTESIAN_POINT('',(-58.8348197286267,-19.9439467633666,48.6));
#14167=CARTESIAN_POINT('',(-24.6073159852919,-63.498188950552,48.6));
#14168=CARTESIAN_POINT('',(-16.97233051543,-55.8632034806902,48.6));
#14169=CARTESIAN_POINT('',(-63.498188950552,-24.6073159852919,48.6));
#14170=CARTESIAN_POINT('Origin',(-63.498188950552,-24.6073159852919,47.6));
#14171=CARTESIAN_POINT('',(-62.7910821693654,-25.3144227664784,46.6));
#14172=CARTESIAN_POINT('Origin',(-62.7910821693655,-25.3144227664784,47.6));
#14173=CARTESIAN_POINT('',(-63.498188950552,-24.6073159852919,46.6));
#14174=CARTESIAN_POINT('',(-63.498188950552,-24.6073159852919,46.6));
#14175=CARTESIAN_POINT('Origin',(-63.498188950552,-24.6073159852919,47.6));
#14176=CARTESIAN_POINT('Origin',(-63.498188950552,-24.6073159852919,47.6));
#14177=CARTESIAN_POINT('',(-25.3144227664784,-62.7910821693654,46.6));
#14178=CARTESIAN_POINT('Origin',(-25.3144227664784,-62.7910821693655,47.6));
#14179=CARTESIAN_POINT('',(-24.6073159852918,-63.498188950552,46.6));
#14180=CARTESIAN_POINT('Origin',(-24.6073159852919,-63.498188950552,47.6));
#14181=CARTESIAN_POINT('',(-63.498188950552,-24.6073159852919,46.6));
#14182=CARTESIAN_POINT('Origin',(-58.8348197286267,-19.9439467633666,47.6));
#14183=CARTESIAN_POINT('',(-58.1277129474402,-20.6510535445531,46.6));
#14184=CARTESIAN_POINT('Origin',(-58.1277129474402,-20.6510535445531,47.6));
#14185=CARTESIAN_POINT('',(-58.8348197286267,-19.9439467633666,46.6));
#14186=CARTESIAN_POINT('Origin',(-58.8348197286267,-19.9439467633666,47.6));
#14187=CARTESIAN_POINT('',(-58.8348197286267,-19.9439467633666,46.6));
#14188=CARTESIAN_POINT('Origin',(-63.498188950552,-24.6073159852919,46.6));
#14189=CARTESIAN_POINT('',(-57.4877813104663,-20.0111219075793,46.6));
#14190=CARTESIAN_POINT('',(-58.1948880916529,-19.3040151263928,46.6));
#14191=CARTESIAN_POINT('Origin',(-63.498188950552,-24.6073159852919,46.6));
#14192=CARTESIAN_POINT('',(-20.6510535445531,-58.1277129474402,46.6));
#14193=CARTESIAN_POINT('',(-20.0111219075792,-57.4877813104662,46.6));
#14194=CARTESIAN_POINT('',(-19.9439467633666,-58.8348197286267,46.6));
#14195=CARTESIAN_POINT('',(-19.3040151263927,-58.1948880916528,46.6));
#14196=CARTESIAN_POINT('',(-58.8348197286267,-19.9439467633666,46.6));
#14197=CARTESIAN_POINT('Origin',(-58.8348197286267,-19.9439467633666,47.6));
#14198=CARTESIAN_POINT('Origin',(-20.6510535445531,-58.1277129474402,47.6));
#14199=CARTESIAN_POINT('Origin',(-19.9439467633666,-58.8348197286267,47.6));
#14200=CARTESIAN_POINT('Origin',(-58.8348197286267,-19.9439467633666,42.6));
#14201=CARTESIAN_POINT('',(-62.7910821693655,-25.3144227664784,42.6));
#14202=CARTESIAN_POINT('',(-58.1277129474402,-20.6510535445531,42.6));
#14203=CARTESIAN_POINT('',(-55.1560966995037,-17.6794372966167,42.6));
#14204=CARTESIAN_POINT('',(-63.498188950552,-24.6073159852919,42.6));
#14205=CARTESIAN_POINT('',(-63.498188950552,-24.6073159852919,42.6));
#14206=CARTESIAN_POINT('',(-58.8348197286267,-19.9439467633666,42.6));
#14207=CARTESIAN_POINT('',(-55.8632034806902,-16.9723305154301,42.6));
#14208=CARTESIAN_POINT('',(-58.8348197286267,-19.9439467633666,42.6));
#14209=CARTESIAN_POINT('Origin',(-58.8348197286267,-19.9439467633666,42.6));
#14210=CARTESIAN_POINT('',(-20.6510535445531,-58.1277129474402,42.6));
#14211=CARTESIAN_POINT('',(-25.3144227664784,-62.7910821693655,42.6));
#14212=CARTESIAN_POINT('',(-17.6794372966166,-55.1560966995036,42.6));
#14213=CARTESIAN_POINT('',(-19.9439467633666,-58.8348197286267,42.6));
#14214=CARTESIAN_POINT('',(-58.8348197286267,-19.9439467633666,42.6));
#14215=CARTESIAN_POINT('',(-24.6073159852919,-63.498188950552,42.6));
#14216=CARTESIAN_POINT('',(-16.9723305154301,-55.8632034806902,42.6));
#14217=CARTESIAN_POINT('',(-63.498188950552,-24.6073159852919,42.6));
#14218=CARTESIAN_POINT('Origin',(-63.498188950552,-24.6073159852919,41.6));
#14219=CARTESIAN_POINT('',(-62.7910821693654,-25.3144227664784,40.6));
#14220=CARTESIAN_POINT('Origin',(-62.7910821693655,-25.3144227664784,41.6));
#14221=CARTESIAN_POINT('',(-63.498188950552,-24.6073159852919,40.6));
#14222=CARTESIAN_POINT('',(-63.498188950552,-24.6073159852919,40.6));
#14223=CARTESIAN_POINT('Origin',(-63.498188950552,-24.6073159852919,41.6));
#14224=CARTESIAN_POINT('Origin',(-63.498188950552,-24.6073159852919,41.6));
#14225=CARTESIAN_POINT('',(-25.3144227664784,-62.7910821693654,40.6));
#14226=CARTESIAN_POINT('Origin',(-25.3144227664784,-62.7910821693655,41.6));
#14227=CARTESIAN_POINT('',(-24.6073159852918,-63.498188950552,40.6));
#14228=CARTESIAN_POINT('Origin',(-24.6073159852919,-63.498188950552,41.6));
#14229=CARTESIAN_POINT('',(-63.498188950552,-24.6073159852919,40.6));
#14230=CARTESIAN_POINT('Origin',(-58.8348197286267,-19.9439467633666,41.6));
#14231=CARTESIAN_POINT('',(-58.1277129474402,-20.6510535445531,40.6));
#14232=CARTESIAN_POINT('Origin',(-58.1277129474402,-20.6510535445531,41.6));
#14233=CARTESIAN_POINT('',(-58.8348197286267,-19.9439467633666,40.6));
#14234=CARTESIAN_POINT('Origin',(-58.8348197286267,-19.9439467633666,41.6));
#14235=CARTESIAN_POINT('',(-58.8348197286267,-19.9439467633666,40.6));
#14236=CARTESIAN_POINT('Origin',(-63.498188950552,-24.6073159852919,40.6));
#14237=CARTESIAN_POINT('',(-57.4877813104663,-20.0111219075793,40.6));
#14238=CARTESIAN_POINT('',(-58.1948880916529,-19.3040151263928,40.6));
#14239=CARTESIAN_POINT('Origin',(-63.498188950552,-24.6073159852919,40.6));
#14240=CARTESIAN_POINT('',(-20.6510535445531,-58.1277129474402,40.6));
#14241=CARTESIAN_POINT('',(-20.0111219075793,-57.4877813104663,40.6));
#14242=CARTESIAN_POINT('',(-19.9439467633666,-58.8348197286267,40.6));
#14243=CARTESIAN_POINT('',(-19.3040151263927,-58.1948880916528,40.6));
#14244=CARTESIAN_POINT('',(-58.8348197286267,-19.9439467633666,40.6));
#14245=CARTESIAN_POINT('Origin',(-58.8348197286267,-19.9439467633666,41.6));
#14246=CARTESIAN_POINT('Origin',(-20.6510535445531,-58.1277129474402,41.6));
#14247=CARTESIAN_POINT('Origin',(-19.9439467633666,-58.8348197286267,41.6));
#14248=CARTESIAN_POINT('Origin',(-56.2892353163551,-17.398362351095,11.5999999999554));
#14249=CARTESIAN_POINT('',(-55.5821285351658,-18.1054691322788,10.5999999999552));
#14250=CARTESIAN_POINT('',(-55.5821285351713,-18.1054691322843,12.5999999999556));
#14251=CARTESIAN_POINT('Origin',(-55.5821285351686,-18.1054691322816,11.5999999999554));
#14252=CARTESIAN_POINT('',(-56.2892353163524,-17.3983623510923,10.5999999999552));
#14253=CARTESIAN_POINT('',(-56.2892353163524,-17.3983623510923,10.5999999999552));
#14254=CARTESIAN_POINT('',(-56.2892353163579,-17.3983623510978,12.5999999999556));
#14255=CARTESIAN_POINT('Origin',(-56.2892353163551,-17.398362351095,11.5999999999554));
#14256=CARTESIAN_POINT('',(-56.2892353163579,-17.3983623510978,12.5999999999556));
#14257=CARTESIAN_POINT('Origin',(-56.2892353163551,-17.398362351095,11.5999999999554));
#14258=CARTESIAN_POINT('',(-18.1054691322843,-55.5821285351713,12.5999999999556));
#14259=CARTESIAN_POINT('',(-18.1054691322788,-55.5821285351658,10.5999999999552));
#14260=CARTESIAN_POINT('Origin',(-18.1054691322815,-55.5821285351686,11.5999999999554));
#14261=CARTESIAN_POINT('',(-17.3983623510977,-56.2892353163579,12.5999999999556));
#14262=CARTESIAN_POINT('',(-56.2892353163579,-17.3983623510978,12.5999999999556));
#14263=CARTESIAN_POINT('',(-17.3983623510922,-56.2892353163524,10.5999999999552));
#14264=CARTESIAN_POINT('Origin',(-17.398362351095,-56.2892353163551,11.5999999999554));
#14265=CARTESIAN_POINT('',(-56.2892353163524,-17.3983623510923,10.5999999999552));
#14266=CARTESIAN_POINT('Origin',(-56.2892353163524,-17.3983623510923,10.5999999999552));
#14267=CARTESIAN_POINT('',(-54.4083312783962,-16.9316718755092,10.5999999999617));
#14268=CARTESIAN_POINT('',(-53.8833044933068,-16.4066450904198,10.5999999999645));
#14269=CARTESIAN_POINT('',(-55.1154380595827,-16.2245650943226,10.5999999999617));
#14270=CARTESIAN_POINT('',(-55.1154380595827,-16.2245650943226,10.5999999999617));
#14271=CARTESIAN_POINT('',(-54.5904112744934,-15.6995383092332,10.5999999999645));
#14272=CARTESIAN_POINT('Origin',(-56.2892353163524,-17.3983623510923,10.5999999999552));
#14273=CARTESIAN_POINT('',(-16.9316718755091,-54.4083312783962,10.5999999999617));
#14274=CARTESIAN_POINT('',(-16.4066450904831,-53.8833044933701,10.5999999999645));
#14275=CARTESIAN_POINT('',(-16.2245650943226,-55.1154380595827,10.5999999999617));
#14276=CARTESIAN_POINT('',(-15.6995383092965,-54.5904112745566,10.5999999999645));
#14277=CARTESIAN_POINT('',(-55.1154380595827,-16.2245650943226,10.5999999999617));
#14278=CARTESIAN_POINT('Origin',(-55.1154380595882,-16.2245650943281,12.599999999962));
#14279=CARTESIAN_POINT('',(-54.4083312784016,-16.9316718755146,12.599999999962));
#14280=CARTESIAN_POINT('',(-53.2964058649274,-15.8197464620404,12.5999999999681));
#14281=CARTESIAN_POINT('',(-55.1154380595882,-16.2245650943281,12.599999999962));
#14282=CARTESIAN_POINT('',(-54.0035126461139,-15.1126396808538,12.5999999999681));
#14283=CARTESIAN_POINT('',(-55.1154380595882,-16.2245650943281,12.599999999962));
#14284=CARTESIAN_POINT('Origin',(-55.1154380595855,-16.2245650943253,11.5999999999618));
#14285=CARTESIAN_POINT('Origin',(-54.4083312783989,-16.9316718755119,11.5999999999618));
#14286=CARTESIAN_POINT('Origin',(-55.1154380595855,-16.2245650943253,11.5999999999618));
#14287=CARTESIAN_POINT('Origin',(-55.1154380595855,-16.2245650943253,11.5999999999618));
#14288=CARTESIAN_POINT('',(-16.9316718755146,-54.4083312784016,12.599999999962));
#14289=CARTESIAN_POINT('Origin',(-16.9316718755119,-54.4083312783989,11.5999999999618));
#14290=CARTESIAN_POINT('',(-16.2245650943281,-55.1154380595882,12.599999999962));
#14291=CARTESIAN_POINT('Origin',(-16.2245650943253,-55.1154380595855,11.5999999999618));
#14292=CARTESIAN_POINT('',(-55.1154380595882,-16.2245650943281,12.599999999962));
#14293=CARTESIAN_POINT('Origin',(-55.1154380595882,-16.2245650943281,12.599999999962));
#14294=CARTESIAN_POINT('',(-15.8197464621037,-53.2964058649907,12.5999999999681));
#14295=CARTESIAN_POINT('',(-15.1126396809172,-54.0035126461773,12.5999999999681));
#14296=CARTESIAN_POINT('Origin',(-56.2892353163551,-17.398362351095,23.5999999999554));
#14297=CARTESIAN_POINT('',(-55.5821285351658,-18.1054691322788,22.5999999999552));
#14298=CARTESIAN_POINT('',(-55.5821285351713,-18.1054691322843,24.5999999999556));
#14299=CARTESIAN_POINT('Origin',(-55.5821285351686,-18.1054691322816,23.5999999999554));
#14300=CARTESIAN_POINT('',(-56.2892353163524,-17.3983623510923,22.5999999999552));
#14301=CARTESIAN_POINT('',(-56.2892353163524,-17.3983623510923,22.5999999999552));
#14302=CARTESIAN_POINT('',(-56.2892353163579,-17.3983623510978,24.5999999999556));
#14303=CARTESIAN_POINT('Origin',(-56.2892353163551,-17.398362351095,23.5999999999554));
#14304=CARTESIAN_POINT('',(-56.2892353163579,-17.3983623510978,24.5999999999556));
#14305=CARTESIAN_POINT('Origin',(-56.2892353163551,-17.398362351095,23.5999999999554));
#14306=CARTESIAN_POINT('',(-18.1054691322843,-55.5821285351713,24.5999999999556));
#14307=CARTESIAN_POINT('',(-18.1054691322788,-55.5821285351658,22.5999999999552));
#14308=CARTESIAN_POINT('Origin',(-18.1054691322815,-55.5821285351686,23.5999999999554));
#14309=CARTESIAN_POINT('',(-17.3983623510977,-56.2892353163579,24.5999999999556));
#14310=CARTESIAN_POINT('',(-56.2892353163579,-17.3983623510978,24.5999999999556));
#14311=CARTESIAN_POINT('',(-17.3983623510922,-56.2892353163524,22.5999999999552));
#14312=CARTESIAN_POINT('Origin',(-17.398362351095,-56.2892353163551,23.5999999999554));
#14313=CARTESIAN_POINT('',(-56.2892353163524,-17.3983623510923,22.5999999999552));
#14314=CARTESIAN_POINT('Origin',(-56.2892353163524,-17.3983623510923,22.5999999999552));
#14315=CARTESIAN_POINT('',(-54.4083312783962,-16.9316718755092,22.5999999999617));
#14316=CARTESIAN_POINT('',(-53.8833044933233,-16.4066450904362,22.5999999999645));
#14317=CARTESIAN_POINT('',(-55.1154380595827,-16.2245650943226,22.5999999999617));
#14318=CARTESIAN_POINT('',(-55.1154380595827,-16.2245650943226,22.5999999999617));
#14319=CARTESIAN_POINT('',(-54.5904112745098,-15.6995383092497,22.5999999999645));
#14320=CARTESIAN_POINT('Origin',(-56.2892353163524,-17.3983623510923,22.5999999999552));
#14321=CARTESIAN_POINT('',(-16.9316718755091,-54.4083312783962,22.5999999999617));
#14322=CARTESIAN_POINT('',(-16.4066450904995,-53.8833044933865,22.5999999999645));
#14323=CARTESIAN_POINT('',(-16.2245650943226,-55.1154380595827,22.5999999999617));
#14324=CARTESIAN_POINT('',(-15.6995383093129,-54.5904112745731,22.5999999999645));
#14325=CARTESIAN_POINT('',(-55.1154380595827,-16.2245650943226,22.5999999999617));
#14326=CARTESIAN_POINT('Origin',(-55.1154380595882,-16.2245650943281,24.599999999962));
#14327=CARTESIAN_POINT('',(-54.4083312784016,-16.9316718755146,24.599999999962));
#14328=CARTESIAN_POINT('',(-53.2964058649438,-15.8197464620568,24.5999999999681));
#14329=CARTESIAN_POINT('',(-55.1154380595882,-16.2245650943281,24.599999999962));
#14330=CARTESIAN_POINT('',(-54.0035126461304,-15.1126396808703,24.5999999999681));
#14331=CARTESIAN_POINT('',(-55.1154380595882,-16.2245650943281,24.599999999962));
#14332=CARTESIAN_POINT('Origin',(-55.1154380595855,-16.2245650943253,23.5999999999618));
#14333=CARTESIAN_POINT('Origin',(-54.4083312783989,-16.9316718755119,23.5999999999618));
#14334=CARTESIAN_POINT('Origin',(-55.1154380595855,-16.2245650943253,23.5999999999618));
#14335=CARTESIAN_POINT('Origin',(-55.1154380595855,-16.2245650943253,23.5999999999618));
#14336=CARTESIAN_POINT('',(-16.9316718755146,-54.4083312784016,24.599999999962));
#14337=CARTESIAN_POINT('Origin',(-16.9316718755119,-54.4083312783989,23.5999999999618));
#14338=CARTESIAN_POINT('',(-16.2245650943281,-55.1154380595882,24.599999999962));
#14339=CARTESIAN_POINT('Origin',(-16.2245650943253,-55.1154380595855,23.5999999999618));
#14340=CARTESIAN_POINT('',(-55.1154380595882,-16.2245650943281,24.599999999962));
#14341=CARTESIAN_POINT('Origin',(-55.1154380595882,-16.2245650943281,24.599999999962));
#14342=CARTESIAN_POINT('',(-15.8197464621202,-53.2964058650072,24.5999999999681));
#14343=CARTESIAN_POINT('',(-15.1126396809336,-54.0035126461937,24.5999999999681));
#14344=CARTESIAN_POINT('Origin',(-56.2892353163551,-17.398362351095,35.6));
#14345=CARTESIAN_POINT('',(-55.5821285351686,-18.1054691322816,34.600000000021));
#14346=CARTESIAN_POINT('',(-55.5821285351686,-18.1054691322816,36.5999999999789));
#14347=CARTESIAN_POINT('Origin',(-55.5821285351686,-18.1054691322816,35.6));
#14348=CARTESIAN_POINT('',(-56.2892353163551,-17.398362351095,34.600000000021));
#14349=CARTESIAN_POINT('',(-56.2892353163551,-17.398362351095,34.600000000021));
#14350=CARTESIAN_POINT('',(-56.2892353163551,-17.398362351095,36.5999999999789));
#14351=CARTESIAN_POINT('Origin',(-56.2892353163551,-17.398362351095,35.6));
#14352=CARTESIAN_POINT('',(-56.2892353163551,-17.398362351095,36.5999999999789));
#14353=CARTESIAN_POINT('Origin',(-56.2892353163551,-17.398362351095,35.6));
#14354=CARTESIAN_POINT('',(-18.1054691322815,-55.5821285351686,36.5999999999789));
#14355=CARTESIAN_POINT('',(-18.1054691322815,-55.5821285351686,34.600000000021));
#14356=CARTESIAN_POINT('Origin',(-18.1054691322815,-55.5821285351686,35.6));
#14357=CARTESIAN_POINT('',(-17.398362351095,-56.2892353163551,36.5999999999789));
#14358=CARTESIAN_POINT('',(-56.2892353163551,-17.398362351095,36.5999999999789));
#14359=CARTESIAN_POINT('',(-17.398362351095,-56.2892353163551,34.600000000021));
#14360=CARTESIAN_POINT('Origin',(-17.398362351095,-56.2892353163551,35.6));
#14361=CARTESIAN_POINT('',(-56.2892353163551,-17.398362351095,34.600000000021));
#14362=CARTESIAN_POINT('Origin',(-56.2892353163551,-17.398362351095,34.600000000021));
#14363=CARTESIAN_POINT('',(-54.4083312783989,-16.9316718755119,34.600000000021));
#14364=CARTESIAN_POINT('',(-53.883304493368,-16.406645090481,34.600000000021));
#14365=CARTESIAN_POINT('',(-55.1154380595855,-16.2245650943253,34.600000000021));
#14366=CARTESIAN_POINT('',(-55.1154380595855,-16.2245650943253,34.600000000021));
#14367=CARTESIAN_POINT('',(-54.5904112745545,-15.6995383092944,34.600000000021));
#14368=CARTESIAN_POINT('Origin',(-56.2892353163551,-17.398362351095,34.600000000021));
#14369=CARTESIAN_POINT('',(-16.9316718755119,-54.4083312783989,34.600000000021));
#14370=CARTESIAN_POINT('',(-16.4066450904808,-53.8833044933678,34.600000000021));
#14371=CARTESIAN_POINT('',(-16.2245650943253,-55.1154380595855,34.600000000021));
#14372=CARTESIAN_POINT('',(-15.6995383092942,-54.5904112745543,34.600000000021));
#14373=CARTESIAN_POINT('',(-55.1154380595855,-16.2245650943253,34.600000000021));
#14374=CARTESIAN_POINT('Origin',(-55.1154380595855,-16.2245650943253,36.5999999999789));
#14375=CARTESIAN_POINT('',(-54.4083312783989,-16.9316718755119,36.5999999999789));
#14376=CARTESIAN_POINT('',(-53.2964058649983,-15.8197464621113,36.599999999975));
#14377=CARTESIAN_POINT('',(-55.1154380595854,-16.2245650943253,36.5999999999789));
#14378=CARTESIAN_POINT('',(-54.0035126461849,-15.1126396809248,36.599999999975));
#14379=CARTESIAN_POINT('',(-55.1154380595854,-16.2245650943253,36.5999999999789));
#14380=CARTESIAN_POINT('Origin',(-55.1154380595855,-16.2245650943253,35.5999999999999));
#14381=CARTESIAN_POINT('Origin',(-54.4083312783989,-16.9316718755119,35.5999999999999));
#14382=CARTESIAN_POINT('Origin',(-55.1154380595855,-16.2245650943253,35.5999999999999));
#14383=CARTESIAN_POINT('Origin',(-55.1154380595855,-16.2245650943253,35.5999999999999));
#14384=CARTESIAN_POINT('',(-16.9316718755119,-54.4083312783989,36.5999999999789));
#14385=CARTESIAN_POINT('Origin',(-16.9316718755119,-54.4083312783989,35.5999999999999));
#14386=CARTESIAN_POINT('',(-16.2245650943253,-55.1154380595854,36.5999999999789));
#14387=CARTESIAN_POINT('Origin',(-16.2245650943253,-55.1154380595855,35.5999999999999));
#14388=CARTESIAN_POINT('',(-55.1154380595854,-16.2245650943253,36.5999999999789));
#14389=CARTESIAN_POINT('Origin',(-55.1154380595855,-16.2245650943253,36.5999999999789));
#14390=CARTESIAN_POINT('',(-15.8197464620712,-53.2964058649582,36.599999999975));
#14391=CARTESIAN_POINT('',(-15.1126396808846,-54.0035126461448,36.599999999975));
#14392=CARTESIAN_POINT('Origin',(-56.2892353163551,-17.398362351095,47.6));
#14393=CARTESIAN_POINT('',(-55.5821285351686,-18.1054691322816,46.600000000021));
#14394=CARTESIAN_POINT('',(-55.5821285351686,-18.1054691322816,48.5999999999789));
#14395=CARTESIAN_POINT('Origin',(-55.5821285351686,-18.1054691322816,47.6));
#14396=CARTESIAN_POINT('',(-56.2892353163551,-17.398362351095,46.600000000021));
#14397=CARTESIAN_POINT('',(-56.2892353163551,-17.398362351095,46.600000000021));
#14398=CARTESIAN_POINT('',(-56.2892353163551,-17.398362351095,48.5999999999789));
#14399=CARTESIAN_POINT('Origin',(-56.2892353163551,-17.398362351095,47.6));
#14400=CARTESIAN_POINT('',(-56.2892353163551,-17.398362351095,48.5999999999789));
#14401=CARTESIAN_POINT('Origin',(-56.2892353163551,-17.398362351095,47.6));
#14402=CARTESIAN_POINT('',(-18.1054691322815,-55.5821285351686,48.5999999999789));
#14403=CARTESIAN_POINT('',(-18.1054691322815,-55.5821285351686,46.600000000021));
#14404=CARTESIAN_POINT('Origin',(-18.1054691322815,-55.5821285351686,47.6));
#14405=CARTESIAN_POINT('',(-17.398362351095,-56.2892353163551,48.5999999999789));
#14406=CARTESIAN_POINT('',(-56.2892353163551,-17.398362351095,48.5999999999789));
#14407=CARTESIAN_POINT('',(-17.398362351095,-56.2892353163551,46.600000000021));
#14408=CARTESIAN_POINT('Origin',(-17.398362351095,-56.2892353163551,47.6));
#14409=CARTESIAN_POINT('',(-56.2892353163551,-17.398362351095,46.600000000021));
#14410=CARTESIAN_POINT('Origin',(-56.2892353163551,-17.398362351095,46.600000000021));
#14411=CARTESIAN_POINT('',(-54.4083312783989,-16.9316718755119,46.600000000021));
#14412=CARTESIAN_POINT('',(-53.8833044933679,-16.4066450904809,46.600000000021));
#14413=CARTESIAN_POINT('',(-55.1154380595855,-16.2245650943253,46.600000000021));
#14414=CARTESIAN_POINT('',(-55.1154380595855,-16.2245650943253,46.600000000021));
#14415=CARTESIAN_POINT('',(-54.5904112745545,-15.6995383092944,46.600000000021));
#14416=CARTESIAN_POINT('Origin',(-56.2892353163551,-17.398362351095,46.600000000021));
#14417=CARTESIAN_POINT('',(-16.9316718755119,-54.4083312783989,46.600000000021));
#14418=CARTESIAN_POINT('',(-16.4066450904807,-53.8833044933677,46.600000000021));
#14419=CARTESIAN_POINT('',(-16.2245650943253,-55.1154380595855,46.600000000021));
#14420=CARTESIAN_POINT('',(-15.6995383092942,-54.5904112745543,46.600000000021));
#14421=CARTESIAN_POINT('',(-55.1154380595855,-16.2245650943253,46.600000000021));
#14422=CARTESIAN_POINT('Origin',(-55.1154380595855,-16.2245650943253,48.5999999999789));
#14423=CARTESIAN_POINT('',(-54.4083312783989,-16.9316718755119,48.5999999999789));
#14424=CARTESIAN_POINT('',(-53.2964058649879,-15.8197464621009,48.599999999975));
#14425=CARTESIAN_POINT('',(-55.1154380595854,-16.2245650943253,48.5999999999789));
#14426=CARTESIAN_POINT('',(-54.0035126461745,-15.1126396809144,48.599999999975));
#14427=CARTESIAN_POINT('',(-55.1154380595854,-16.2245650943253,48.5999999999789));
#14428=CARTESIAN_POINT('Origin',(-55.1154380595855,-16.2245650943253,47.5999999999999));
#14429=CARTESIAN_POINT('Origin',(-54.4083312783989,-16.9316718755119,47.5999999999999));
#14430=CARTESIAN_POINT('Origin',(-55.1154380595855,-16.2245650943253,47.5999999999999));
#14431=CARTESIAN_POINT('Origin',(-55.1154380595855,-16.2245650943253,47.5999999999999));
#14432=CARTESIAN_POINT('',(-16.9316718755119,-54.4083312783989,48.5999999999789));
#14433=CARTESIAN_POINT('Origin',(-16.9316718755119,-54.4083312783989,47.5999999999999));
#14434=CARTESIAN_POINT('',(-16.2245650943253,-55.1154380595854,48.5999999999789));
#14435=CARTESIAN_POINT('Origin',(-16.2245650943253,-55.1154380595855,47.5999999999999));
#14436=CARTESIAN_POINT('',(-55.1154380595854,-16.2245650943253,48.5999999999789));
#14437=CARTESIAN_POINT('Origin',(-55.1154380595855,-16.2245650943253,48.5999999999789));
#14438=CARTESIAN_POINT('',(-15.8197464620608,-53.2964058649478,48.599999999975));
#14439=CARTESIAN_POINT('',(-15.1126396808742,-54.0035126461343,48.599999999975));
#14440=CARTESIAN_POINT('Origin',(-58.8348197286267,-19.9439467633666,20.5999999999724));
#14441=CARTESIAN_POINT('',(-58.1276777854408,-20.6510183825538,21.5999999984729));
#14442=CARTESIAN_POINT('',(-58.1276777854478,-20.6510183825607,19.6000000014719));
#14443=CARTESIAN_POINT('Origin',(-58.1277129474402,-20.6510535445531,20.5999999999724));
#14444=CARTESIAN_POINT('',(-58.8347845666274,-19.9439116013672,21.5999999984729));
#14445=CARTESIAN_POINT('',(-58.8347845666274,-19.9439116013672,21.5999999984729));
#14446=CARTESIAN_POINT('',(-58.8347845666343,-19.9439116013742,19.6000000014719));
#14447=CARTESIAN_POINT('Origin',(-58.8348197286267,-19.9439467633666,20.5999999999724));
#14448=CARTESIAN_POINT('',(-58.8347845666343,-19.9439116013742,19.6000000014719));
#14449=CARTESIAN_POINT('Origin',(-58.8348197286267,-19.9439467633666,20.5999999999724));
#14450=CARTESIAN_POINT('',(-20.6510183825607,-58.1276777854478,19.6000000014719));
#14451=CARTESIAN_POINT('',(-20.6510183825538,-58.1276777854408,21.5999999984729));
#14452=CARTESIAN_POINT('Origin',(-20.6510535445531,-58.1277129474402,20.5999999999724));
#14453=CARTESIAN_POINT('',(-19.9439116013742,-58.8347845666343,19.6000000014719));
#14454=CARTESIAN_POINT('',(-58.8347845666343,-19.9439116013742,19.6000000014719));
#14455=CARTESIAN_POINT('',(-19.9439116013672,-58.8347845666274,21.5999999984729));
#14456=CARTESIAN_POINT('Origin',(-19.9439467633666,-58.8348197286267,20.5999999999724));
#14457=CARTESIAN_POINT('',(-58.8347845666274,-19.9439116013672,21.5999999984729));
#14458=CARTESIAN_POINT('Origin',(-58.8347845666273,-19.9439116013672,21.5999999984729));
#14459=CARTESIAN_POINT('',(-62.7910469958348,-25.3143875929478,21.6003279452436));
#14460=CARTESIAN_POINT('',(-55.1566522664408,-17.6799928635538,21.5997910640778));
#14461=CARTESIAN_POINT('',(-63.4981537770214,-24.6072808117613,21.6003279452436));
#14462=CARTESIAN_POINT('',(-63.4981537770214,-24.6072808117613,21.6003279452436));
#14463=CARTESIAN_POINT('',(-55.8637590476274,-16.9728860823672,21.5997910640778));
#14464=CARTESIAN_POINT('Origin',(-58.8347845666273,-19.9439116013672,21.5999999984729));
#14465=CARTESIAN_POINT('',(-25.3143875929478,-62.7910469958348,21.6003279452436));
#14466=CARTESIAN_POINT('',(-17.6791806213696,-55.1558400242567,21.5997910069577));
#14467=CARTESIAN_POINT('',(-24.6072808117613,-63.4981537770214,21.6003279452436));
#14468=CARTESIAN_POINT('',(-16.9720738401831,-55.8629468054432,21.5997910069577));
#14469=CARTESIAN_POINT('',(-63.4981537770214,-24.6072808117613,21.6003279452436));
#14470=CARTESIAN_POINT('Origin',(-63.4981537770273,-24.6072808117672,19.5996720547564));
#14471=CARTESIAN_POINT('',(-62.7910469958408,-25.3143875929537,19.5996720547564));
#14472=CARTESIAN_POINT('',(-57.4871554285662,-20.0104960256792,19.6000450455578));
#14473=CARTESIAN_POINT('',(-63.4981537770273,-24.6072808117672,19.5996720547564));
#14474=CARTESIAN_POINT('',(-58.1942622097527,-19.3033892444926,19.6000450455578));
#14475=CARTESIAN_POINT('',(-63.4981537770273,-24.6072808117672,19.5996720547564));
#14476=CARTESIAN_POINT('Origin',(-63.498188950552,-24.6073159852919,20.6));
#14477=CARTESIAN_POINT('Origin',(-62.7910821693655,-25.3144227664784,20.6));
#14478=CARTESIAN_POINT('Origin',(-63.498188950552,-24.6073159852919,20.6));
#14479=CARTESIAN_POINT('Origin',(-63.498188950552,-24.6073159852919,20.6));
#14480=CARTESIAN_POINT('',(-25.3143875929537,-62.7910469958408,19.5996720547564));
#14481=CARTESIAN_POINT('Origin',(-25.3144227664784,-62.7910821693655,20.6));
#14482=CARTESIAN_POINT('',(-24.6072808117672,-63.4981537770273,19.5996720547564));
#14483=CARTESIAN_POINT('Origin',(-24.6073159852919,-63.498188950552,20.6));
#14484=CARTESIAN_POINT('',(-63.4981537770273,-24.6072808117672,19.5996720547564));
#14485=CARTESIAN_POINT('Origin',(-63.4981537770273,-24.6072808117672,19.5996720547564));
#14486=CARTESIAN_POINT('',(-20.0113082677267,-57.4879676706137,19.6000449884377));
#14487=CARTESIAN_POINT('',(-19.3042014865401,-58.1950744518002,19.6000449884377));
#14488=CARTESIAN_POINT('Origin',(-58.8347845666273,-19.9439116013672,30.5999999984729));
#14489=CARTESIAN_POINT('',(-62.7910469958351,-25.3143875929481,30.6003279452436));
#14490=CARTESIAN_POINT('',(-58.1276777854408,-20.6510183825538,30.5999999984729));
#14491=CARTESIAN_POINT('',(-55.1564940374439,-17.6798346345569,30.5997910529506));
#14492=CARTESIAN_POINT('',(-63.4981537770216,-24.6072808117615,30.6003279452436));
#14493=CARTESIAN_POINT('',(-63.4981537770216,-24.6072808117615,30.6003279452436));
#14494=CARTESIAN_POINT('',(-58.8347845666274,-19.9439116013672,30.5999999984729));
#14495=CARTESIAN_POINT('',(-55.8636008186304,-16.9727278533703,30.5997910529506));
#14496=CARTESIAN_POINT('',(-58.8347845666274,-19.9439116013672,30.5999999984729));
#14497=CARTESIAN_POINT('Origin',(-58.8347845666273,-19.9439116013672,30.5999999984729));
#14498=CARTESIAN_POINT('',(-20.6510183825538,-58.1276777854408,30.5999999984729));
#14499=CARTESIAN_POINT('',(-25.3143875929481,-62.7910469958351,30.6003279452436));
#14500=CARTESIAN_POINT('',(-17.6790223923727,-55.1556817952598,30.5997909958304));
#14501=CARTESIAN_POINT('',(-19.9439116013672,-58.8347845666274,30.5999999984729));
#14502=CARTESIAN_POINT('',(-58.8347845666274,-19.9439116013672,30.5999999984729));
#14503=CARTESIAN_POINT('',(-24.6072808117615,-63.4981537770216,30.6003279452436));
#14504=CARTESIAN_POINT('',(-16.9719156111862,-55.8627885764463,30.5997909958304));
#14505=CARTESIAN_POINT('',(-63.4981537770216,-24.6072808117615,30.6003279452436));
#14506=CARTESIAN_POINT('Origin',(-63.498188950552,-24.6073159852919,29.6));
#14507=CARTESIAN_POINT('',(-62.7910469958408,-25.3143875929537,28.5996720547564));
#14508=CARTESIAN_POINT('Origin',(-62.7910821693655,-25.3144227664784,29.6));
#14509=CARTESIAN_POINT('',(-63.4981537770273,-24.6072808117672,28.5996720547564));
#14510=CARTESIAN_POINT('',(-63.4981537770273,-24.6072808117672,28.5996720547564));
#14511=CARTESIAN_POINT('Origin',(-63.498188950552,-24.6073159852919,29.6));
#14512=CARTESIAN_POINT('Origin',(-63.498188950552,-24.6073159852919,29.6));
#14513=CARTESIAN_POINT('',(-25.3143875929537,-62.7910469958408,28.5996720547564));
#14514=CARTESIAN_POINT('Origin',(-25.3144227664784,-62.7910821693655,29.6));
#14515=CARTESIAN_POINT('',(-24.6072808117672,-63.4981537770273,28.5996720547564));
#14516=CARTESIAN_POINT('Origin',(-24.6073159852919,-63.498188950552,29.6));
#14517=CARTESIAN_POINT('',(-63.4981537770273,-24.6072808117672,28.5996720547564));
#14518=CARTESIAN_POINT('Origin',(-58.8348197286267,-19.9439467633666,29.5999999999724));
#14519=CARTESIAN_POINT('',(-58.1276777854467,-20.6510183825597,28.600000001472));
#14520=CARTESIAN_POINT('Origin',(-58.1277129474402,-20.6510535445531,29.5999999999724));
#14521=CARTESIAN_POINT('',(-58.8347845666333,-19.9439116013732,28.600000001472));
#14522=CARTESIAN_POINT('Origin',(-58.8348197286267,-19.9439467633666,29.5999999999724));
#14523=CARTESIAN_POINT('',(-58.8347845666333,-19.9439116013732,28.600000001472));
#14524=CARTESIAN_POINT('Origin',(-63.4981537770273,-24.6072808117672,28.5996720547564));
#14525=CARTESIAN_POINT('',(-57.4873136575365,-20.0106542546495,28.6000450344305));
#14526=CARTESIAN_POINT('',(-58.194420438723,-19.3035474734629,28.6000450344305));
#14527=CARTESIAN_POINT('Origin',(-63.4981537770273,-24.6072808117672,28.5996720547564));
#14528=CARTESIAN_POINT('',(-20.6510183825597,-58.1276777854467,28.600000001472));
#14529=CARTESIAN_POINT('',(-20.0114664966969,-57.488125899584,28.6000449773104));
#14530=CARTESIAN_POINT('',(-19.9439116013731,-58.8347845666333,28.600000001472));
#14531=CARTESIAN_POINT('',(-19.3043597155104,-58.1952326807705,28.6000449773104));
#14532=CARTESIAN_POINT('',(-58.8347845666333,-19.9439116013732,28.600000001472));
#14533=CARTESIAN_POINT('Origin',(-58.8348197286267,-19.9439467633666,29.5999999999724));
#14534=CARTESIAN_POINT('Origin',(-20.6510535445531,-58.1277129474402,29.5999999999724));
#14535=CARTESIAN_POINT('Origin',(-19.9439467633666,-58.8348197286267,29.5999999999724));
#14536=CARTESIAN_POINT('Origin',(-58.8348197286267,-19.9439467633666,17.5999999999724));
#14537=CARTESIAN_POINT('',(-58.1276777854408,-20.6510183825538,18.5999999984729));
#14538=CARTESIAN_POINT('',(-58.1276777854462,-20.6510183825592,16.6000000014719));
#14539=CARTESIAN_POINT('Origin',(-58.1277129474402,-20.6510535445531,17.5999999999724));
#14540=CARTESIAN_POINT('',(-58.8347845666274,-19.9439116013672,18.5999999984729));
#14541=CARTESIAN_POINT('',(-58.8347845666274,-19.9439116013672,18.5999999984729));
#14542=CARTESIAN_POINT('',(-58.8347845666327,-19.9439116013726,16.6000000014719));
#14543=CARTESIAN_POINT('Origin',(-58.8348197286267,-19.9439467633666,17.5999999999724));
#14544=CARTESIAN_POINT('',(-58.8347845666327,-19.9439116013726,16.6000000014719));
#14545=CARTESIAN_POINT('Origin',(-58.8348197286267,-19.9439467633666,17.5999999999724));
#14546=CARTESIAN_POINT('',(-20.6510183825591,-58.1276777854462,16.6000000014719));
#14547=CARTESIAN_POINT('',(-20.6510183825538,-58.1276777854408,18.5999999984729));
#14548=CARTESIAN_POINT('Origin',(-20.6510535445531,-58.1277129474402,17.5999999999724));
#14549=CARTESIAN_POINT('',(-19.9439116013726,-58.8347845666327,16.6000000014719));
#14550=CARTESIAN_POINT('',(-58.8347845666327,-19.9439116013726,16.6000000014719));
#14551=CARTESIAN_POINT('',(-19.9439116013672,-58.8347845666274,18.5999999984729));
#14552=CARTESIAN_POINT('Origin',(-19.9439467633666,-58.8348197286267,17.5999999999724));
#14553=CARTESIAN_POINT('',(-58.8347845666274,-19.9439116013672,18.5999999984729));
#14554=CARTESIAN_POINT('Origin',(-58.8347845666273,-19.9439116013672,18.5999999984729));
#14555=CARTESIAN_POINT('',(-62.7910469958348,-25.3143875929478,18.6003279452436));
#14556=CARTESIAN_POINT('',(-55.1567050094398,-17.6800456065527,18.5997910677869));
#14557=CARTESIAN_POINT('',(-63.4981537770214,-24.6072808117613,18.6003279452436));
#14558=CARTESIAN_POINT('',(-63.4981537770214,-24.6072808117613,18.6003279452436));
#14559=CARTESIAN_POINT('',(-55.8638117906263,-16.9729388253662,18.5997910677869));
#14560=CARTESIAN_POINT('Origin',(-58.8347845666273,-19.9439116013672,18.5999999984729));
#14561=CARTESIAN_POINT('',(-25.3143875929478,-62.7910469958348,18.6003279452436));
#14562=CARTESIAN_POINT('',(-17.6792333643686,-55.1558927672556,18.5997910106668));
#14563=CARTESIAN_POINT('',(-24.6072808117613,-63.4981537770214,18.6003279452436));
#14564=CARTESIAN_POINT('',(-16.9721265831821,-55.8629995484422,18.5997910106668));
#14565=CARTESIAN_POINT('',(-63.4981537770214,-24.6072808117613,18.6003279452436));
#14566=CARTESIAN_POINT('Origin',(-63.4981537770273,-24.6072808117672,16.5996720547564));
#14567=CARTESIAN_POINT('',(-62.7910469958408,-25.3143875929537,16.5996720547564));
#14568=CARTESIAN_POINT('',(-57.4871026855761,-20.0104432826891,16.6000450492669));
#14569=CARTESIAN_POINT('',(-63.4981537770273,-24.6072808117672,16.5996720547564));
#14570=CARTESIAN_POINT('',(-58.1942094667626,-19.3033365015025,16.6000450492669));
#14571=CARTESIAN_POINT('',(-63.4981537770273,-24.6072808117672,16.5996720547564));
#14572=CARTESIAN_POINT('Origin',(-63.498188950552,-24.6073159852919,17.6));
#14573=CARTESIAN_POINT('Origin',(-62.7910821693655,-25.3144227664784,17.6));
#14574=CARTESIAN_POINT('Origin',(-63.498188950552,-24.6073159852919,17.6));
#14575=CARTESIAN_POINT('Origin',(-63.498188950552,-24.6073159852919,17.6));
#14576=CARTESIAN_POINT('',(-25.3143875929537,-62.7910469958408,16.5996720547564));
#14577=CARTESIAN_POINT('Origin',(-25.3144227664784,-62.7910821693655,17.6));
#14578=CARTESIAN_POINT('',(-24.6072808117672,-63.4981537770273,16.5996720547564));
#14579=CARTESIAN_POINT('Origin',(-24.6073159852919,-63.498188950552,17.6));
#14580=CARTESIAN_POINT('',(-63.4981537770273,-24.6072808117672,16.5996720547564));
#14581=CARTESIAN_POINT('Origin',(-63.4981537770273,-24.6072808117672,16.5996720547564));
#14582=CARTESIAN_POINT('',(-20.0112555247366,-57.4879149276236,16.6000449921468));
#14583=CARTESIAN_POINT('',(-19.30414874355,-58.1950217088101,16.6000449921468));
#14584=CARTESIAN_POINT('Origin',(-56.2892353163551,-17.398362351095,50.6));
#14585=CARTESIAN_POINT('',(-55.5821285351686,-18.1054691322816,49.600000000021));
#14586=CARTESIAN_POINT('',(-55.5821285351686,-18.1054691322816,51.5999999999789));
#14587=CARTESIAN_POINT('Origin',(-55.5821285351686,-18.1054691322816,50.6));
#14588=CARTESIAN_POINT('',(-56.2892353163551,-17.398362351095,49.600000000021));
#14589=CARTESIAN_POINT('',(-56.2892353163551,-17.398362351095,49.600000000021));
#14590=CARTESIAN_POINT('',(-56.2892353163551,-17.398362351095,51.5999999999789));
#14591=CARTESIAN_POINT('Origin',(-56.2892353163551,-17.398362351095,50.6));
#14592=CARTESIAN_POINT('',(-56.2892353163551,-17.398362351095,51.5999999999789));
#14593=CARTESIAN_POINT('Origin',(-56.2892353163551,-17.398362351095,50.6));
#14594=CARTESIAN_POINT('',(-18.1054691322815,-55.5821285351686,51.5999999999789));
#14595=CARTESIAN_POINT('',(-18.1054691322815,-55.5821285351686,49.600000000021));
#14596=CARTESIAN_POINT('Origin',(-18.1054691322815,-55.5821285351686,50.6));
#14597=CARTESIAN_POINT('',(-17.398362351095,-56.2892353163551,51.5999999999789));
#14598=CARTESIAN_POINT('',(-56.2892353163551,-17.398362351095,51.5999999999789));
#14599=CARTESIAN_POINT('',(-17.398362351095,-56.2892353163551,49.600000000021));
#14600=CARTESIAN_POINT('Origin',(-17.398362351095,-56.2892353163551,50.6));
#14601=CARTESIAN_POINT('',(-56.2892353163551,-17.398362351095,49.600000000021));
#14602=CARTESIAN_POINT('Origin',(-56.2892353163551,-17.398362351095,49.600000000021));
#14603=CARTESIAN_POINT('',(-54.4083312783989,-16.9316718755119,49.600000000021));
#14604=CARTESIAN_POINT('',(-53.8833044933679,-16.4066450904809,49.600000000021));
#14605=CARTESIAN_POINT('',(-55.1154380595855,-16.2245650943253,49.600000000021));
#14606=CARTESIAN_POINT('',(-55.1154380595855,-16.2245650943253,49.600000000021));
#14607=CARTESIAN_POINT('',(-54.5904112745545,-15.6995383092944,49.600000000021));
#14608=CARTESIAN_POINT('Origin',(-56.2892353163551,-17.398362351095,49.600000000021));
#14609=CARTESIAN_POINT('',(-16.9316718755119,-54.4083312783989,49.600000000021));
#14610=CARTESIAN_POINT('',(-16.4066450904807,-53.8833044933677,49.600000000021));
#14611=CARTESIAN_POINT('',(-16.2245650943253,-55.1154380595855,49.600000000021));
#14612=CARTESIAN_POINT('',(-15.6995383092942,-54.5904112745543,49.600000000021));
#14613=CARTESIAN_POINT('',(-55.1154380595855,-16.2245650943253,49.600000000021));
#14614=CARTESIAN_POINT('Origin',(-55.1154380595855,-16.2245650943253,51.5999999999789));
#14615=CARTESIAN_POINT('',(-54.4083312783989,-16.9316718755119,51.5999999999789));
#14616=CARTESIAN_POINT('',(-53.2964058649853,-15.8197464620983,51.599999999975));
#14617=CARTESIAN_POINT('',(-55.1154380595854,-16.2245650943253,51.5999999999789));
#14618=CARTESIAN_POINT('',(-54.0035126461719,-15.1126396809117,51.599999999975));
#14619=CARTESIAN_POINT('',(-55.1154380595854,-16.2245650943253,51.5999999999789));
#14620=CARTESIAN_POINT('Origin',(-55.1154380595855,-16.2245650943253,50.5999999999999));
#14621=CARTESIAN_POINT('Origin',(-54.4083312783989,-16.9316718755119,50.5999999999999));
#14622=CARTESIAN_POINT('Origin',(-55.1154380595855,-16.2245650943253,50.5999999999999));
#14623=CARTESIAN_POINT('Origin',(-55.1154380595855,-16.2245650943253,50.5999999999999));
#14624=CARTESIAN_POINT('',(-16.9316718755119,-54.4083312783989,51.5999999999789));
#14625=CARTESIAN_POINT('Origin',(-16.9316718755119,-54.4083312783989,50.5999999999999));
#14626=CARTESIAN_POINT('',(-16.2245650943253,-55.1154380595854,51.5999999999789));
#14627=CARTESIAN_POINT('Origin',(-16.2245650943253,-55.1154380595855,50.5999999999999));
#14628=CARTESIAN_POINT('',(-55.1154380595854,-16.2245650943253,51.5999999999789));
#14629=CARTESIAN_POINT('Origin',(-55.1154380595855,-16.2245650943253,51.5999999999789));
#14630=CARTESIAN_POINT('',(-15.8197464620582,-53.2964058649452,51.599999999975));
#14631=CARTESIAN_POINT('',(-15.1126396808716,-54.0035126461317,51.599999999975));
#14632=CARTESIAN_POINT('Origin',(-56.2892353163551,-17.398362351095,38.6));
#14633=CARTESIAN_POINT('',(-55.5821285351686,-18.1054691322816,37.600000000021));
#14634=CARTESIAN_POINT('',(-55.5821285351686,-18.1054691322816,39.5999999999789));
#14635=CARTESIAN_POINT('Origin',(-55.5821285351686,-18.1054691322816,38.6));
#14636=CARTESIAN_POINT('',(-56.2892353163551,-17.398362351095,37.600000000021));
#14637=CARTESIAN_POINT('',(-56.2892353163551,-17.398362351095,37.600000000021));
#14638=CARTESIAN_POINT('',(-56.2892353163551,-17.398362351095,39.5999999999789));
#14639=CARTESIAN_POINT('Origin',(-56.2892353163551,-17.398362351095,38.6));
#14640=CARTESIAN_POINT('',(-56.2892353163551,-17.398362351095,39.5999999999789));
#14641=CARTESIAN_POINT('Origin',(-56.2892353163551,-17.398362351095,38.6));
#14642=CARTESIAN_POINT('',(-18.1054691322815,-55.5821285351686,39.5999999999789));
#14643=CARTESIAN_POINT('',(-18.1054691322815,-55.5821285351686,37.600000000021));
#14644=CARTESIAN_POINT('Origin',(-18.1054691322815,-55.5821285351686,38.6));
#14645=CARTESIAN_POINT('',(-17.398362351095,-56.2892353163551,39.5999999999789));
#14646=CARTESIAN_POINT('',(-56.2892353163551,-17.398362351095,39.5999999999789));
#14647=CARTESIAN_POINT('',(-17.398362351095,-56.2892353163551,37.600000000021));
#14648=CARTESIAN_POINT('Origin',(-17.398362351095,-56.2892353163551,38.6));
#14649=CARTESIAN_POINT('',(-56.2892353163551,-17.398362351095,37.600000000021));
#14650=CARTESIAN_POINT('Origin',(-56.2892353163551,-17.398362351095,37.600000000021));
#14651=CARTESIAN_POINT('',(-54.4083312783989,-16.9316718755119,37.600000000021));
#14652=CARTESIAN_POINT('',(-53.883304493368,-16.4066450904809,37.600000000021));
#14653=CARTESIAN_POINT('',(-55.1154380595855,-16.2245650943253,37.600000000021));
#14654=CARTESIAN_POINT('',(-55.1154380595855,-16.2245650943253,37.600000000021));
#14655=CARTESIAN_POINT('',(-54.5904112745545,-15.6995383092944,37.600000000021));
#14656=CARTESIAN_POINT('Origin',(-56.2892353163551,-17.398362351095,37.600000000021));
#14657=CARTESIAN_POINT('',(-16.9316718755119,-54.4083312783989,37.600000000021));
#14658=CARTESIAN_POINT('',(-16.4066450904808,-53.8833044933678,37.600000000021));
#14659=CARTESIAN_POINT('',(-16.2245650943253,-55.1154380595855,37.600000000021));
#14660=CARTESIAN_POINT('',(-15.6995383092942,-54.5904112745543,37.600000000021));
#14661=CARTESIAN_POINT('',(-55.1154380595855,-16.2245650943253,37.600000000021));
#14662=CARTESIAN_POINT('Origin',(-55.1154380595855,-16.2245650943253,39.5999999999789));
#14663=CARTESIAN_POINT('',(-54.4083312783989,-16.9316718755119,39.5999999999789));
#14664=CARTESIAN_POINT('',(-53.2964058649957,-15.8197464621087,39.599999999975));
#14665=CARTESIAN_POINT('',(-55.1154380595854,-16.2245650943253,39.5999999999789));
#14666=CARTESIAN_POINT('',(-54.0035126461823,-15.1126396809222,39.599999999975));
#14667=CARTESIAN_POINT('',(-55.1154380595854,-16.2245650943253,39.5999999999789));
#14668=CARTESIAN_POINT('Origin',(-55.1154380595855,-16.2245650943253,38.5999999999999));
#14669=CARTESIAN_POINT('Origin',(-54.4083312783989,-16.9316718755119,38.5999999999999));
#14670=CARTESIAN_POINT('Origin',(-55.1154380595855,-16.2245650943253,38.5999999999999));
#14671=CARTESIAN_POINT('Origin',(-55.1154380595855,-16.2245650943253,38.5999999999999));
#14672=CARTESIAN_POINT('',(-16.9316718755119,-54.4083312783989,39.5999999999789));
#14673=CARTESIAN_POINT('Origin',(-16.9316718755119,-54.4083312783989,38.5999999999999));
#14674=CARTESIAN_POINT('',(-16.2245650943253,-55.1154380595854,39.5999999999789));
#14675=CARTESIAN_POINT('Origin',(-16.2245650943253,-55.1154380595855,38.5999999999999));
#14676=CARTESIAN_POINT('',(-55.1154380595854,-16.2245650943253,39.5999999999789));
#14677=CARTESIAN_POINT('Origin',(-55.1154380595855,-16.2245650943253,39.5999999999789));
#14678=CARTESIAN_POINT('',(-15.8197464620686,-53.2964058649556,39.599999999975));
#14679=CARTESIAN_POINT('',(-15.1126396808821,-54.0035126461422,39.599999999975));
#14680=CARTESIAN_POINT('Origin',(-56.2892353163551,-17.398362351095,26.5999999999554));
#14681=CARTESIAN_POINT('',(-55.5821285351658,-18.1054691322788,25.5999999999552));
#14682=CARTESIAN_POINT('',(-55.5821285351713,-18.1054691322843,27.5999999999556));
#14683=CARTESIAN_POINT('Origin',(-55.5821285351686,-18.1054691322816,26.5999999999554));
#14684=CARTESIAN_POINT('',(-56.2892353163524,-17.3983623510923,25.5999999999552));
#14685=CARTESIAN_POINT('',(-56.2892353163524,-17.3983623510923,25.5999999999552));
#14686=CARTESIAN_POINT('',(-56.2892353163579,-17.3983623510978,27.5999999999556));
#14687=CARTESIAN_POINT('Origin',(-56.2892353163551,-17.398362351095,26.5999999999554));
#14688=CARTESIAN_POINT('',(-56.2892353163579,-17.3983623510978,27.5999999999556));
#14689=CARTESIAN_POINT('Origin',(-56.2892353163551,-17.398362351095,26.5999999999554));
#14690=CARTESIAN_POINT('',(-18.1054691322843,-55.5821285351713,27.5999999999556));
#14691=CARTESIAN_POINT('',(-18.1054691322788,-55.5821285351658,25.5999999999552));
#14692=CARTESIAN_POINT('Origin',(-18.1054691322815,-55.5821285351686,26.5999999999554));
#14693=CARTESIAN_POINT('',(-17.3983623510977,-56.2892353163579,27.5999999999556));
#14694=CARTESIAN_POINT('',(-56.2892353163579,-17.3983623510978,27.5999999999556));
#14695=CARTESIAN_POINT('',(-17.3983623510922,-56.2892353163524,25.5999999999552));
#14696=CARTESIAN_POINT('Origin',(-17.398362351095,-56.2892353163551,26.5999999999554));
#14697=CARTESIAN_POINT('',(-56.2892353163524,-17.3983623510923,25.5999999999552));
#14698=CARTESIAN_POINT('Origin',(-56.2892353163524,-17.3983623510923,25.5999999999552));
#14699=CARTESIAN_POINT('',(-54.4083312783962,-16.9316718755092,25.5999999999617));
#14700=CARTESIAN_POINT('',(-53.8833044933274,-16.4066450904403,25.5999999999645));
#14701=CARTESIAN_POINT('',(-55.1154380595827,-16.2245650943226,25.5999999999617));
#14702=CARTESIAN_POINT('',(-55.1154380595827,-16.2245650943226,25.5999999999617));
#14703=CARTESIAN_POINT('',(-54.5904112745139,-15.6995383092538,25.5999999999645));
#14704=CARTESIAN_POINT('Origin',(-56.2892353163524,-17.3983623510923,25.5999999999552));
#14705=CARTESIAN_POINT('',(-16.9316718755091,-54.4083312783962,25.5999999999617));
#14706=CARTESIAN_POINT('',(-16.4066450905036,-53.8833044933906,25.5999999999645));
#14707=CARTESIAN_POINT('',(-16.2245650943226,-55.1154380595827,25.5999999999617));
#14708=CARTESIAN_POINT('',(-15.699538309317,-54.5904112745772,25.5999999999645));
#14709=CARTESIAN_POINT('',(-55.1154380595827,-16.2245650943226,25.5999999999617));
#14710=CARTESIAN_POINT('Origin',(-55.1154380595882,-16.2245650943281,27.599999999962));
#14711=CARTESIAN_POINT('',(-54.4083312784016,-16.9316718755146,27.599999999962));
#14712=CARTESIAN_POINT('',(-53.296405864948,-15.8197464620609,27.5999999999681));
#14713=CARTESIAN_POINT('',(-55.1154380595882,-16.2245650943281,27.599999999962));
#14714=CARTESIAN_POINT('',(-54.0035126461345,-15.1126396808744,27.5999999999681));
#14715=CARTESIAN_POINT('',(-55.1154380595882,-16.2245650943281,27.599999999962));
#14716=CARTESIAN_POINT('Origin',(-55.1154380595855,-16.2245650943253,26.5999999999618));
#14717=CARTESIAN_POINT('Origin',(-54.4083312783989,-16.9316718755119,26.5999999999618));
#14718=CARTESIAN_POINT('Origin',(-55.1154380595855,-16.2245650943253,26.5999999999618));
#14719=CARTESIAN_POINT('Origin',(-55.1154380595855,-16.2245650943253,26.5999999999618));
#14720=CARTESIAN_POINT('',(-16.9316718755146,-54.4083312784016,27.599999999962));
#14721=CARTESIAN_POINT('Origin',(-16.9316718755119,-54.4083312783989,26.5999999999618));
#14722=CARTESIAN_POINT('',(-16.2245650943281,-55.1154380595882,27.599999999962));
#14723=CARTESIAN_POINT('Origin',(-16.2245650943253,-55.1154380595855,26.5999999999618));
#14724=CARTESIAN_POINT('',(-55.1154380595882,-16.2245650943281,27.599999999962));
#14725=CARTESIAN_POINT('Origin',(-55.1154380595882,-16.2245650943281,27.599999999962));
#14726=CARTESIAN_POINT('',(-15.8197464621243,-53.2964058650113,27.5999999999681));
#14727=CARTESIAN_POINT('',(-15.1126396809377,-54.0035126461979,27.5999999999681));
#14728=CARTESIAN_POINT('Origin',(-56.2892353163551,-17.398362351095,14.5999999999554));
#14729=CARTESIAN_POINT('',(-55.5821285351658,-18.1054691322788,13.5999999999552));
#14730=CARTESIAN_POINT('',(-55.5821285351713,-18.1054691322843,15.5999999999556));
#14731=CARTESIAN_POINT('Origin',(-55.5821285351686,-18.1054691322816,14.5999999999554));
#14732=CARTESIAN_POINT('',(-56.2892353163524,-17.3983623510923,13.5999999999552));
#14733=CARTESIAN_POINT('',(-56.2892353163524,-17.3983623510923,13.5999999999552));
#14734=CARTESIAN_POINT('',(-56.2892353163579,-17.3983623510978,15.5999999999556));
#14735=CARTESIAN_POINT('Origin',(-56.2892353163551,-17.398362351095,14.5999999999554));
#14736=CARTESIAN_POINT('',(-56.2892353163579,-17.3983623510978,15.5999999999556));
#14737=CARTESIAN_POINT('Origin',(-56.2892353163551,-17.398362351095,14.5999999999554));
#14738=CARTESIAN_POINT('',(-18.1054691322843,-55.5821285351713,15.5999999999556));
#14739=CARTESIAN_POINT('',(-18.1054691322788,-55.5821285351658,13.5999999999552));
#14740=CARTESIAN_POINT('Origin',(-18.1054691322815,-55.5821285351686,14.5999999999554));
#14741=CARTESIAN_POINT('',(-17.3983623510977,-56.2892353163579,15.5999999999556));
#14742=CARTESIAN_POINT('',(-56.2892353163579,-17.3983623510978,15.5999999999556));
#14743=CARTESIAN_POINT('',(-17.3983623510922,-56.2892353163524,13.5999999999552));
#14744=CARTESIAN_POINT('Origin',(-17.398362351095,-56.2892353163551,14.5999999999554));
#14745=CARTESIAN_POINT('',(-56.2892353163524,-17.3983623510923,13.5999999999552));
#14746=CARTESIAN_POINT('Origin',(-56.2892353163524,-17.3983623510923,13.5999999999552));
#14747=CARTESIAN_POINT('',(-54.4083312783962,-16.9316718755092,13.5999999999617));
#14748=CARTESIAN_POINT('',(-53.8833044933109,-16.4066450904239,13.5999999999645));
#14749=CARTESIAN_POINT('',(-55.1154380595827,-16.2245650943226,13.5999999999617));
#14750=CARTESIAN_POINT('',(-55.1154380595827,-16.2245650943226,13.5999999999617));
#14751=CARTESIAN_POINT('',(-54.5904112744975,-15.6995383092374,13.5999999999645));
#14752=CARTESIAN_POINT('Origin',(-56.2892353163524,-17.3983623510923,13.5999999999552));
#14753=CARTESIAN_POINT('',(-16.9316718755091,-54.4083312783962,13.5999999999617));
#14754=CARTESIAN_POINT('',(-16.4066450904872,-53.8833044933742,13.5999999999645));
#14755=CARTESIAN_POINT('',(-16.2245650943226,-55.1154380595827,13.5999999999617));
#14756=CARTESIAN_POINT('',(-15.6995383093006,-54.5904112745607,13.5999999999645));
#14757=CARTESIAN_POINT('',(-55.1154380595827,-16.2245650943226,13.5999999999617));
#14758=CARTESIAN_POINT('Origin',(-55.1154380595882,-16.2245650943281,15.599999999962));
#14759=CARTESIAN_POINT('',(-54.4083312784016,-16.9316718755146,15.599999999962));
#14760=CARTESIAN_POINT('',(-53.2964058649315,-15.8197464620445,15.5999999999681));
#14761=CARTESIAN_POINT('',(-55.1154380595882,-16.2245650943281,15.599999999962));
#14762=CARTESIAN_POINT('',(-54.0035126461181,-15.1126396808579,15.5999999999681));
#14763=CARTESIAN_POINT('',(-55.1154380595882,-16.2245650943281,15.599999999962));
#14764=CARTESIAN_POINT('Origin',(-55.1154380595855,-16.2245650943253,14.5999999999618));
#14765=CARTESIAN_POINT('Origin',(-54.4083312783989,-16.9316718755119,14.5999999999618));
#14766=CARTESIAN_POINT('Origin',(-55.1154380595855,-16.2245650943253,14.5999999999618));
#14767=CARTESIAN_POINT('Origin',(-55.1154380595855,-16.2245650943253,14.5999999999618));
#14768=CARTESIAN_POINT('',(-16.9316718755146,-54.4083312784016,15.599999999962));
#14769=CARTESIAN_POINT('Origin',(-16.9316718755119,-54.4083312783989,14.5999999999618));
#14770=CARTESIAN_POINT('',(-16.2245650943281,-55.1154380595882,15.599999999962));
#14771=CARTESIAN_POINT('Origin',(-16.2245650943253,-55.1154380595855,14.5999999999618));
#14772=CARTESIAN_POINT('',(-55.1154380595882,-16.2245650943281,15.599999999962));
#14773=CARTESIAN_POINT('Origin',(-55.1154380595882,-16.2245650943281,15.599999999962));
#14774=CARTESIAN_POINT('',(-15.8197464621078,-53.2964058649948,15.5999999999681));
#14775=CARTESIAN_POINT('',(-15.1126396809213,-54.0035126461814,15.5999999999681));
#14776=CARTESIAN_POINT('Origin',(-58.8348197286267,-19.9439467633666,39.6));
#14777=CARTESIAN_POINT('',(-62.7910821693655,-25.3144227664784,39.6));
#14778=CARTESIAN_POINT('',(-58.1277129474402,-20.6510535445531,39.6));
#14779=CARTESIAN_POINT('',(-55.1560966995037,-17.6794372966167,39.6));
#14780=CARTESIAN_POINT('',(-63.498188950552,-24.6073159852919,39.6));
#14781=CARTESIAN_POINT('',(-63.498188950552,-24.6073159852919,39.6));
#14782=CARTESIAN_POINT('',(-58.8348197286267,-19.9439467633666,39.6));
#14783=CARTESIAN_POINT('',(-55.8632034806902,-16.9723305154301,39.6));
#14784=CARTESIAN_POINT('',(-58.8348197286267,-19.9439467633666,39.6));
#14785=CARTESIAN_POINT('Origin',(-58.8348197286267,-19.9439467633666,39.6));
#14786=CARTESIAN_POINT('',(-20.6510535445531,-58.1277129474402,39.6));
#14787=CARTESIAN_POINT('',(-25.3144227664784,-62.7910821693655,39.6));
#14788=CARTESIAN_POINT('',(-17.6794372966166,-55.1560966995036,39.6));
#14789=CARTESIAN_POINT('',(-19.9439467633666,-58.8348197286267,39.6));
#14790=CARTESIAN_POINT('',(-58.8348197286267,-19.9439467633666,39.6));
#14791=CARTESIAN_POINT('',(-24.6073159852919,-63.498188950552,39.6));
#14792=CARTESIAN_POINT('',(-16.9723305154301,-55.8632034806902,39.6));
#14793=CARTESIAN_POINT('',(-63.498188950552,-24.6073159852919,39.6));
#14794=CARTESIAN_POINT('Origin',(-63.498188950552,-24.6073159852919,38.6));
#14795=CARTESIAN_POINT('',(-62.7910821693654,-25.3144227664784,37.6));
#14796=CARTESIAN_POINT('Origin',(-62.7910821693655,-25.3144227664784,38.6));
#14797=CARTESIAN_POINT('',(-63.498188950552,-24.6073159852919,37.6));
#14798=CARTESIAN_POINT('',(-63.498188950552,-24.6073159852919,37.6));
#14799=CARTESIAN_POINT('Origin',(-63.498188950552,-24.6073159852919,38.6));
#14800=CARTESIAN_POINT('Origin',(-63.498188950552,-24.6073159852919,38.6));
#14801=CARTESIAN_POINT('',(-25.3144227664784,-62.7910821693654,37.6));
#14802=CARTESIAN_POINT('Origin',(-25.3144227664784,-62.7910821693655,38.6));
#14803=CARTESIAN_POINT('',(-24.6073159852918,-63.498188950552,37.6));
#14804=CARTESIAN_POINT('Origin',(-24.6073159852919,-63.498188950552,38.6));
#14805=CARTESIAN_POINT('',(-63.498188950552,-24.6073159852919,37.6));
#14806=CARTESIAN_POINT('Origin',(-58.8348197286267,-19.9439467633666,38.6));
#14807=CARTESIAN_POINT('',(-58.1277129474402,-20.6510535445531,37.6));
#14808=CARTESIAN_POINT('Origin',(-58.1277129474402,-20.6510535445531,38.6));
#14809=CARTESIAN_POINT('',(-58.8348197286267,-19.9439467633666,37.6));
#14810=CARTESIAN_POINT('Origin',(-58.8348197286267,-19.9439467633666,38.6));
#14811=CARTESIAN_POINT('',(-58.8348197286267,-19.9439467633666,37.6));
#14812=CARTESIAN_POINT('Origin',(-63.498188950552,-24.6073159852919,37.6));
#14813=CARTESIAN_POINT('',(-57.4877813104664,-20.0111219075793,37.6));
#14814=CARTESIAN_POINT('',(-58.1948880916529,-19.3040151263928,37.6));
#14815=CARTESIAN_POINT('Origin',(-63.498188950552,-24.6073159852919,37.6));
#14816=CARTESIAN_POINT('',(-20.6510535445531,-58.1277129474402,37.6));
#14817=CARTESIAN_POINT('',(-20.0111219075792,-57.4877813104663,37.6));
#14818=CARTESIAN_POINT('',(-19.9439467633666,-58.8348197286267,37.6));
#14819=CARTESIAN_POINT('',(-19.3040151263927,-58.1948880916528,37.6));
#14820=CARTESIAN_POINT('',(-58.8348197286267,-19.9439467633666,37.6));
#14821=CARTESIAN_POINT('Origin',(-58.8348197286267,-19.9439467633666,38.6));
#14822=CARTESIAN_POINT('Origin',(-20.6510535445531,-58.1277129474402,38.6));
#14823=CARTESIAN_POINT('Origin',(-19.9439467633666,-58.8348197286267,38.6));
#14824=CARTESIAN_POINT('Origin',(-58.8348197286267,-19.9439467633666,51.6));
#14825=CARTESIAN_POINT('',(-62.7910821693655,-25.3144227664784,51.6));
#14826=CARTESIAN_POINT('',(-58.1277129474402,-20.6510535445531,51.6));
#14827=CARTESIAN_POINT('',(-55.1560966995037,-17.6794372966167,51.6));
#14828=CARTESIAN_POINT('',(-63.498188950552,-24.6073159852919,51.6));
#14829=CARTESIAN_POINT('',(-63.498188950552,-24.6073159852919,51.6));
#14830=CARTESIAN_POINT('',(-58.8348197286267,-19.9439467633666,51.6));
#14831=CARTESIAN_POINT('',(-55.8632034806902,-16.9723305154301,51.6));
#14832=CARTESIAN_POINT('',(-58.8348197286267,-19.9439467633666,51.6));
#14833=CARTESIAN_POINT('Origin',(-58.8348197286267,-19.9439467633666,51.6));
#14834=CARTESIAN_POINT('',(-20.6510535445531,-58.1277129474402,51.6));
#14835=CARTESIAN_POINT('',(-25.3144227664784,-62.7910821693655,51.6));
#14836=CARTESIAN_POINT('',(-17.6794372966166,-55.1560966995036,51.6));
#14837=CARTESIAN_POINT('',(-19.9439467633666,-58.8348197286267,51.6));
#14838=CARTESIAN_POINT('',(-58.8348197286267,-19.9439467633666,51.6));
#14839=CARTESIAN_POINT('',(-24.6073159852919,-63.498188950552,51.6));
#14840=CARTESIAN_POINT('',(-16.97233051543,-55.8632034806901,51.6));
#14841=CARTESIAN_POINT('',(-63.498188950552,-24.6073159852919,51.6));
#14842=CARTESIAN_POINT('Origin',(-63.498188950552,-24.6073159852919,50.6));
#14843=CARTESIAN_POINT('',(-62.7910821693654,-25.3144227664784,49.6));
#14844=CARTESIAN_POINT('Origin',(-62.7910821693655,-25.3144227664784,50.6));
#14845=CARTESIAN_POINT('',(-63.498188950552,-24.6073159852919,49.6));
#14846=CARTESIAN_POINT('',(-63.498188950552,-24.6073159852919,49.6));
#14847=CARTESIAN_POINT('Origin',(-63.498188950552,-24.6073159852919,50.6));
#14848=CARTESIAN_POINT('Origin',(-63.498188950552,-24.6073159852919,50.6));
#14849=CARTESIAN_POINT('',(-25.3144227664784,-62.7910821693654,49.6));
#14850=CARTESIAN_POINT('Origin',(-25.3144227664784,-62.7910821693655,50.6));
#14851=CARTESIAN_POINT('',(-24.6073159852918,-63.498188950552,49.6));
#14852=CARTESIAN_POINT('Origin',(-24.6073159852919,-63.498188950552,50.6));
#14853=CARTESIAN_POINT('',(-63.498188950552,-24.6073159852919,49.6));
#14854=CARTESIAN_POINT('Origin',(-58.8348197286267,-19.9439467633666,50.6));
#14855=CARTESIAN_POINT('',(-58.1277129474402,-20.6510535445531,49.6));
#14856=CARTESIAN_POINT('Origin',(-58.1277129474402,-20.6510535445531,50.6));
#14857=CARTESIAN_POINT('',(-58.8348197286267,-19.9439467633666,49.6));
#14858=CARTESIAN_POINT('Origin',(-58.8348197286267,-19.9439467633666,50.6));
#14859=CARTESIAN_POINT('',(-58.8348197286267,-19.9439467633666,49.6));
#14860=CARTESIAN_POINT('Origin',(-63.498188950552,-24.6073159852919,49.6));
#14861=CARTESIAN_POINT('',(-57.4877813104663,-20.0111219075793,49.6));
#14862=CARTESIAN_POINT('',(-58.1948880916529,-19.3040151263928,49.6));
#14863=CARTESIAN_POINT('Origin',(-63.498188950552,-24.6073159852919,49.6));
#14864=CARTESIAN_POINT('',(-20.6510535445531,-58.1277129474402,49.6));
#14865=CARTESIAN_POINT('',(-20.0111219075792,-57.4877813104663,49.6));
#14866=CARTESIAN_POINT('',(-19.9439467633666,-58.8348197286267,49.6));
#14867=CARTESIAN_POINT('',(-19.3040151263927,-58.1948880916528,49.6));
#14868=CARTESIAN_POINT('',(-58.8348197286267,-19.9439467633666,49.6));
#14869=CARTESIAN_POINT('Origin',(-58.8348197286267,-19.9439467633666,50.6));
#14870=CARTESIAN_POINT('Origin',(-20.6510535445531,-58.1277129474402,50.6));
#14871=CARTESIAN_POINT('Origin',(-19.9439467633666,-58.8348197286267,50.6));
#14872=CARTESIAN_POINT('Origin',(-26.8311668121236,-44.5088363417872,0.));
#14873=CARTESIAN_POINT('',(-28.0049640688932,-45.6826335985568,1.));
#14874=CARTESIAN_POINT('',(-26.8311668121236,-44.5088363417872,1.));
#14875=CARTESIAN_POINT('',(-25.7192413987078,-43.3969109283714,1.));
#14876=CARTESIAN_POINT('',(-28.0049640688932,-45.6826335985568,0.));
#14877=CARTESIAN_POINT('',(-28.0049640688932,-45.6826335985568,0.));
#14878=CARTESIAN_POINT('',(-26.8311668121236,-44.5088363417872,0.));
#14879=CARTESIAN_POINT('',(-25.7192413987078,-43.3969109283714,0.));
#14880=CARTESIAN_POINT('',(-26.8311668121236,-44.5088363417872,0.));
#14881=CARTESIAN_POINT('Origin',(-26.124060030937,-45.2159431229738,0.));
#14882=CARTESIAN_POINT('',(-25.4169532497505,-45.9230499041603,1.));
#14883=CARTESIAN_POINT('Origin',(-26.124060030937,-45.2159431229738,1.));
#14884=CARTESIAN_POINT('',(-25.4169532497505,-45.9230499041603,0.));
#14885=CARTESIAN_POINT('Origin',(-26.124060030937,-45.2159431229738,0.));
#14886=CARTESIAN_POINT('',(-25.4169532497505,-45.9230499041603,0.));
#14887=CARTESIAN_POINT('Origin',(-26.5907505065201,-47.0968471609299,0.));
#14888=CARTESIAN_POINT('',(-26.5907505065202,-47.0968471609298,1.));
#14889=CARTESIAN_POINT('',(-24.8919264647195,-45.3980231191293,1.));
#14890=CARTESIAN_POINT('',(-26.5907505065202,-47.0968471609298,0.));
#14891=CARTESIAN_POINT('',(-24.8919264647195,-45.3980231191293,0.));
#14892=CARTESIAN_POINT('',(-26.5907505065202,-47.0968471609298,0.));
#14893=CARTESIAN_POINT('Origin',(-27.2978572877067,-46.3897403797433,0.));
#14894=CARTESIAN_POINT('Origin',(-27.2978572877067,-46.3897403797433,1.));
#14895=CARTESIAN_POINT('Origin',(-27.2978572877067,-46.3897403797433,0.));
#14896=CARTESIAN_POINT('Origin',(-36.6281312654632,-51.4773736703806,0.));
#14897=CARTESIAN_POINT('',(-35.9210244842766,-52.1844804515671,1.));
#14898=CARTESIAN_POINT('',(-37.3352380466498,-50.7702668891941,1.));
#14899=CARTESIAN_POINT('Origin',(-36.6281312654632,-51.4773736703806,1.));
#14900=CARTESIAN_POINT('',(-35.9210244842766,-52.1844804515671,0.));
#14901=CARTESIAN_POINT('',(-35.9210244842766,-52.1844804515671,0.));
#14902=CARTESIAN_POINT('',(-37.3352380466498,-50.7702668891941,0.));
#14903=CARTESIAN_POINT('Origin',(-36.6281312654632,-51.4773736703806,0.));
#14904=CARTESIAN_POINT('',(-37.3352380466498,-50.7702668891941,0.));
#14905=CARTESIAN_POINT('Origin',(-32.6718688247245,-46.1068976672687,0.));
#14906=CARTESIAN_POINT('',(-32.6718688247245,-46.1068976672687,1.));
#14907=CARTESIAN_POINT('',(-29.700252576788,-43.1352814193321,1.));
#14908=CARTESIAN_POINT('',(-32.6718688247245,-46.1068976672687,0.));
#14909=CARTESIAN_POINT('',(-29.700252576788,-43.1352814193321,0.));
#14910=CARTESIAN_POINT('',(-32.6718688247245,-46.1068976672687,0.));
#14911=CARTESIAN_POINT('Origin',(-31.9647620435379,-46.8140044484552,0.));
#14912=CARTESIAN_POINT('',(-31.2576552623514,-47.5211112296418,1.));
#14913=CARTESIAN_POINT('Origin',(-31.9647620435379,-46.8140044484552,1.));
#14914=CARTESIAN_POINT('',(-31.2576552623514,-47.5211112296418,0.));
#14915=CARTESIAN_POINT('Origin',(-31.9647620435379,-46.8140044484552,0.));
#14916=CARTESIAN_POINT('',(-31.2576552623514,-47.5211112296418,0.));
#14917=CARTESIAN_POINT('Origin',(-35.9210244842766,-52.1844804515671,0.));
#14918=CARTESIAN_POINT('',(-30.6177236253775,-46.8811795926678,1.));
#14919=CARTESIAN_POINT('',(-30.6177236253775,-46.8811795926678,0.));
#14920=CARTESIAN_POINT('Origin',(-48.04437024772,-23.2956329061908,0.));
#14921=CARTESIAN_POINT('',(-49.2181675044897,-24.4694301629603,1.));
#14922=CARTESIAN_POINT('',(-48.04437024772,-23.2956329061908,1.));
#14923=CARTESIAN_POINT('',(-46.9324448343041,-22.1837074927751,1.));
#14924=CARTESIAN_POINT('',(-49.2181675044897,-24.4694301629603,0.));
#14925=CARTESIAN_POINT('',(-49.2181675044897,-24.4694301629603,0.));
#14926=CARTESIAN_POINT('',(-48.04437024772,-23.2956329061908,0.));
#14927=CARTESIAN_POINT('',(-46.9324448343041,-22.1837074927751,0.));
#14928=CARTESIAN_POINT('',(-48.04437024772,-23.2956329061908,0.));
#14929=CARTESIAN_POINT('Origin',(-47.3372634665335,-24.0027396873773,0.));
#14930=CARTESIAN_POINT('',(-46.6301566853469,-24.7098464685639,1.));
#14931=CARTESIAN_POINT('Origin',(-47.3372634665335,-24.0027396873773,1.));
#14932=CARTESIAN_POINT('',(-46.6301566853469,-24.7098464685639,0.));
#14933=CARTESIAN_POINT('Origin',(-47.3372634665335,-24.0027396873773,0.));
#14934=CARTESIAN_POINT('',(-46.6301566853469,-24.7098464685639,0.));
#14935=CARTESIAN_POINT('Origin',(-47.8039539421166,-25.8836437253334,0.));
#14936=CARTESIAN_POINT('',(-47.8039539421166,-25.8836437253334,1.));
#14937=CARTESIAN_POINT('',(-46.105129900316,-24.184819683533,1.));
#14938=CARTESIAN_POINT('',(-47.8039539421166,-25.8836437253334,0.));
#14939=CARTESIAN_POINT('',(-46.105129900316,-24.184819683533,0.));
#14940=CARTESIAN_POINT('',(-47.8039539421166,-25.8836437253334,0.));
#14941=CARTESIAN_POINT('Origin',(-48.5110607233032,-25.1765369441469,0.));
#14942=CARTESIAN_POINT('Origin',(-48.5110607233032,-25.1765369441469,1.));
#14943=CARTESIAN_POINT('Origin',(-48.5110607233032,-25.1765369441469,0.));
#14944=CARTESIAN_POINT('Origin',(-51.7637519167613,-27.0150145752319,0.));
#14945=CARTESIAN_POINT('',(-56.4271211386866,-31.6783837971572,1.));
#14946=CARTESIAN_POINT('',(-51.7637519167613,-27.0150145752319,1.));
#14947=CARTESIAN_POINT('',(-48.7921356688248,-24.0433983272954,1.));
#14948=CARTESIAN_POINT('',(-56.4271211386866,-31.6783837971572,0.));
#14949=CARTESIAN_POINT('',(-56.4271211386866,-31.6783837971572,0.));
#14950=CARTESIAN_POINT('',(-51.7637519167613,-27.0150145752319,0.));
#14951=CARTESIAN_POINT('',(-48.7921356688248,-24.0433983272954,0.));
#14952=CARTESIAN_POINT('',(-51.7637519167613,-27.0150145752319,0.));
#14953=CARTESIAN_POINT('Origin',(-51.0566451355747,-27.7221213564185,0.));
#14954=CARTESIAN_POINT('',(-50.3495383543882,-28.429228137605,1.));
#14955=CARTESIAN_POINT('Origin',(-51.0566451355747,-27.7221213564185,1.));
#14956=CARTESIAN_POINT('',(-50.3495383543882,-28.429228137605,0.));
#14957=CARTESIAN_POINT('Origin',(-51.0566451355747,-27.7221213564185,0.));
#14958=CARTESIAN_POINT('',(-50.3495383543882,-28.429228137605,0.));
#14959=CARTESIAN_POINT('Origin',(-55.0129075763135,-33.0925973595303,0.));
#14960=CARTESIAN_POINT('',(-55.0129075763135,-33.0925973595303,1.));
#14961=CARTESIAN_POINT('',(-49.7096067174144,-27.7892965006312,1.));
#14962=CARTESIAN_POINT('',(-55.0129075763135,-33.0925973595303,0.));
#14963=CARTESIAN_POINT('',(-49.7096067174144,-27.7892965006312,0.));
#14964=CARTESIAN_POINT('',(-55.0129075763135,-33.0925973595303,0.));
#14965=CARTESIAN_POINT('Origin',(-55.7200143575,-32.3854905783438,0.));
#14966=CARTESIAN_POINT('Origin',(-55.7200143575,-32.3854905783438,1.));
#14967=CARTESIAN_POINT('Origin',(-55.7200143575,-32.3854905783438,0.));
#14968=CARTESIAN_POINT('Origin',(-45.3997908860824,-33.3789756059108,0.));
#14969=CARTESIAN_POINT('',(-50.0631601080077,-38.0423448278362,1.));
#14970=CARTESIAN_POINT('',(-45.3997908860824,-33.3789756059108,1.));
#14971=CARTESIAN_POINT('',(-42.4281746381459,-30.4073593579744,1.));
#14972=CARTESIAN_POINT('',(-50.0631601080077,-38.0423448278362,0.));
#14973=CARTESIAN_POINT('',(-50.0631601080077,-38.0423448278362,0.));
#14974=CARTESIAN_POINT('',(-45.3997908860824,-33.3789756059108,0.));
#14975=CARTESIAN_POINT('',(-42.4281746381459,-30.4073593579744,0.));
#14976=CARTESIAN_POINT('',(-45.3997908860824,-33.3789756059108,0.));
#14977=CARTESIAN_POINT('Origin',(-44.6926841048958,-34.0860823870974,0.));
#14978=CARTESIAN_POINT('',(-43.9855773237092,-34.7931891682839,1.));
#14979=CARTESIAN_POINT('Origin',(-44.6926841048958,-34.0860823870974,1.));
#14980=CARTESIAN_POINT('',(-43.9855773237092,-34.7931891682839,0.));
#14981=CARTESIAN_POINT('Origin',(-44.6926841048958,-34.0860823870974,0.));
#14982=CARTESIAN_POINT('',(-43.9855773237092,-34.7931891682839,0.));
#14983=CARTESIAN_POINT('Origin',(-48.6489465456345,-39.4565583902093,0.));
#14984=CARTESIAN_POINT('',(-48.6489465456345,-39.4565583902093,1.));
#14985=CARTESIAN_POINT('',(-43.3456456867354,-34.1532575313101,1.));
#14986=CARTESIAN_POINT('',(-48.6489465456345,-39.4565583902093,0.));
#14987=CARTESIAN_POINT('',(-43.3456456867354,-34.1532575313101,0.));
#14988=CARTESIAN_POINT('',(-48.6489465456345,-39.4565583902093,0.));
#14989=CARTESIAN_POINT('Origin',(-49.3560533268211,-38.7494516090227,0.));
#14990=CARTESIAN_POINT('Origin',(-49.3560533268211,-38.7494516090227,1.));
#14991=CARTESIAN_POINT('Origin',(-49.3560533268211,-38.7494516090227,0.));
#14992=CARTESIAN_POINT('Origin',(-43.2784705425227,-35.5002959494705,0.));
#14993=CARTESIAN_POINT('',(-47.941839764448,-40.1636651713958,1.));
#14994=CARTESIAN_POINT('',(-43.2784705425227,-35.5002959494705,1.));
#14995=CARTESIAN_POINT('',(-40.3068542945863,-32.528679701534,1.));
#14996=CARTESIAN_POINT('',(-47.941839764448,-40.1636651713958,0.));
#14997=CARTESIAN_POINT('',(-47.941839764448,-40.1636651713958,0.));
#14998=CARTESIAN_POINT('',(-43.2784705425227,-35.5002959494705,0.));
#14999=CARTESIAN_POINT('',(-40.3068542945863,-32.528679701534,0.));
#15000=CARTESIAN_POINT('',(-43.2784705425227,-35.5002959494705,0.));
#15001=CARTESIAN_POINT('Origin',(-42.5713637613362,-36.207402730657,0.));
#15002=CARTESIAN_POINT('',(-41.8642569801496,-36.9145095118436,1.));
#15003=CARTESIAN_POINT('Origin',(-42.5713637613362,-36.207402730657,1.));
#15004=CARTESIAN_POINT('',(-41.8642569801496,-36.9145095118436,0.));
#15005=CARTESIAN_POINT('Origin',(-42.5713637613362,-36.207402730657,0.));
#15006=CARTESIAN_POINT('',(-41.8642569801496,-36.9145095118436,0.));
#15007=CARTESIAN_POINT('Origin',(-46.5276262020749,-41.5778787337689,0.));
#15008=CARTESIAN_POINT('',(-46.5276262020749,-41.5778787337689,1.));
#15009=CARTESIAN_POINT('',(-41.2243253431758,-36.2745778748698,1.));
#15010=CARTESIAN_POINT('',(-46.5276262020749,-41.5778787337689,0.));
#15011=CARTESIAN_POINT('',(-41.2243253431758,-36.2745778748698,0.));
#15012=CARTESIAN_POINT('',(-46.5276262020749,-41.5778787337689,0.));
#15013=CARTESIAN_POINT('Origin',(-47.2347329832615,-40.8707719525824,0.));
#15014=CARTESIAN_POINT('Origin',(-47.2347329832615,-40.8707719525824,1.));
#15015=CARTESIAN_POINT('Origin',(-47.2347329832615,-40.8707719525824,0.));
#15016=CARTESIAN_POINT('Origin',(-49.6424315732017,-29.1363349187915,0.));
#15017=CARTESIAN_POINT('',(-54.305800795127,-33.7997041407169,1.));
#15018=CARTESIAN_POINT('',(-49.6424315732017,-29.1363349187915,1.));
#15019=CARTESIAN_POINT('',(-46.6708153252652,-26.1647186708551,1.));
#15020=CARTESIAN_POINT('',(-54.305800795127,-33.7997041407169,0.));
#15021=CARTESIAN_POINT('',(-54.305800795127,-33.7997041407169,0.));
#15022=CARTESIAN_POINT('',(-49.6424315732017,-29.1363349187915,0.));
#15023=CARTESIAN_POINT('',(-46.6708153252652,-26.1647186708551,0.));
#15024=CARTESIAN_POINT('',(-49.6424315732017,-29.1363349187915,0.));
#15025=CARTESIAN_POINT('Origin',(-48.9353247920151,-29.8434416999781,0.));
#15026=CARTESIAN_POINT('',(-48.2282180108285,-30.5505484811647,1.));
#15027=CARTESIAN_POINT('Origin',(-48.9353247920151,-29.8434416999781,1.));
#15028=CARTESIAN_POINT('',(-48.2282180108285,-30.5505484811647,0.));
#15029=CARTESIAN_POINT('Origin',(-48.9353247920151,-29.8434416999781,0.));
#15030=CARTESIAN_POINT('',(-48.2282180108285,-30.5505484811647,0.));
#15031=CARTESIAN_POINT('Origin',(-52.8915872327538,-35.21391770309,0.));
#15032=CARTESIAN_POINT('',(-52.8915872327538,-35.21391770309,1.));
#15033=CARTESIAN_POINT('',(-47.5882863738547,-29.9106168441909,1.));
#15034=CARTESIAN_POINT('',(-52.8915872327538,-35.21391770309,0.));
#15035=CARTESIAN_POINT('',(-47.5882863738547,-29.9106168441909,0.));
#15036=CARTESIAN_POINT('',(-52.8915872327538,-35.21391770309,0.));
#15037=CARTESIAN_POINT('Origin',(-53.5986940139404,-34.5068109219034,0.));
#15038=CARTESIAN_POINT('Origin',(-53.5986940139404,-34.5068109219034,1.));
#15039=CARTESIAN_POINT('Origin',(-53.5986940139404,-34.5068109219034,0.));
#15040=CARTESIAN_POINT('Origin',(-45.9230499041604,-25.4169532497504,0.));
#15041=CARTESIAN_POINT('',(-47.0968471609301,-26.5907505065199,1.));
#15042=CARTESIAN_POINT('',(-45.9230499041604,-25.4169532497504,1.));
#15043=CARTESIAN_POINT('',(-44.8111244907446,-24.3050278363348,1.));
#15044=CARTESIAN_POINT('',(-47.0968471609301,-26.5907505065199,0.));
#15045=CARTESIAN_POINT('',(-47.0968471609301,-26.5907505065199,0.));
#15046=CARTESIAN_POINT('',(-45.9230499041604,-25.4169532497504,0.));
#15047=CARTESIAN_POINT('',(-44.8111244907446,-24.3050278363348,0.));
#15048=CARTESIAN_POINT('',(-45.9230499041604,-25.4169532497504,0.));
#15049=CARTESIAN_POINT('Origin',(-45.2159431229738,-26.124060030937,0.));
#15050=CARTESIAN_POINT('',(-44.5088363417873,-26.8311668121235,1.));
#15051=CARTESIAN_POINT('Origin',(-45.2159431229738,-26.124060030937,1.));
#15052=CARTESIAN_POINT('',(-44.5088363417873,-26.8311668121235,0.));
#15053=CARTESIAN_POINT('Origin',(-45.2159431229738,-26.124060030937,0.));
#15054=CARTESIAN_POINT('',(-44.5088363417873,-26.8311668121235,0.));
#15055=CARTESIAN_POINT('Origin',(-45.682633598557,-28.004964068893,0.));
#15056=CARTESIAN_POINT('',(-45.682633598557,-28.0049640688931,1.));
#15057=CARTESIAN_POINT('',(-43.9838095567564,-26.3061400270927,1.));
#15058=CARTESIAN_POINT('',(-45.682633598557,-28.0049640688931,0.));
#15059=CARTESIAN_POINT('',(-43.9838095567564,-26.3061400270927,0.));
#15060=CARTESIAN_POINT('',(-45.682633598557,-28.0049640688931,0.));
#15061=CARTESIAN_POINT('Origin',(-46.3897403797435,-27.2978572877065,0.));
#15062=CARTESIAN_POINT('Origin',(-46.3897403797435,-27.2978572877065,1.));
#15063=CARTESIAN_POINT('Origin',(-46.3897403797435,-27.2978572877065,0.));
#15064=CARTESIAN_POINT('Origin',(-38.7494516090228,-49.356053326821,0.));
#15065=CARTESIAN_POINT('',(-38.0423448278363,-50.0631601080075,1.));
#15066=CARTESIAN_POINT('',(-39.4565583902094,-48.6489465456344,1.));
#15067=CARTESIAN_POINT('Origin',(-38.7494516090228,-49.356053326821,1.));
#15068=CARTESIAN_POINT('',(-38.0423448278363,-50.0631601080075,0.));
#15069=CARTESIAN_POINT('',(-38.0423448278363,-50.0631601080075,0.));
#15070=CARTESIAN_POINT('',(-39.4565583902094,-48.6489465456344,0.));
#15071=CARTESIAN_POINT('Origin',(-38.7494516090228,-49.356053326821,0.));
#15072=CARTESIAN_POINT('',(-39.4565583902094,-48.6489465456344,0.));
#15073=CARTESIAN_POINT('Origin',(-34.7931891682841,-43.985577323709,0.));
#15074=CARTESIAN_POINT('',(-34.7931891682841,-43.985577323709,1.));
#15075=CARTESIAN_POINT('',(-31.8215729203476,-41.0139610757725,1.));
#15076=CARTESIAN_POINT('',(-34.7931891682841,-43.985577323709,0.));
#15077=CARTESIAN_POINT('',(-31.8215729203476,-41.0139610757725,0.));
#15078=CARTESIAN_POINT('',(-34.7931891682841,-43.985577323709,0.));
#15079=CARTESIAN_POINT('Origin',(-34.0860823870976,-44.6926841048956,0.));
#15080=CARTESIAN_POINT('',(-33.378975605911,-45.3997908860821,1.));
#15081=CARTESIAN_POINT('Origin',(-34.0860823870976,-44.6926841048956,1.));
#15082=CARTESIAN_POINT('',(-33.378975605911,-45.3997908860821,0.));
#15083=CARTESIAN_POINT('Origin',(-34.0860823870976,-44.6926841048956,0.));
#15084=CARTESIAN_POINT('',(-33.378975605911,-45.3997908860821,0.));
#15085=CARTESIAN_POINT('Origin',(-38.0423448278363,-50.0631601080075,0.));
#15086=CARTESIAN_POINT('',(-32.7390439689371,-44.7598592491082,1.));
#15087=CARTESIAN_POINT('',(-32.7390439689371,-44.7598592491082,0.));
#15088=CARTESIAN_POINT('Origin',(-24.7098464685639,-46.6301566853468,0.));
#15089=CARTESIAN_POINT('',(-25.8836437253336,-47.8039539421165,1.));
#15090=CARTESIAN_POINT('',(-24.7098464685639,-46.6301566853468,1.));
#15091=CARTESIAN_POINT('',(-23.5979210551482,-45.5182312719311,1.));
#15092=CARTESIAN_POINT('',(-25.8836437253336,-47.8039539421165,0.));
#15093=CARTESIAN_POINT('',(-25.8836437253336,-47.8039539421165,0.));
#15094=CARTESIAN_POINT('',(-24.7098464685639,-46.6301566853468,0.));
#15095=CARTESIAN_POINT('',(-23.5979210551482,-45.5182312719311,0.));
#15096=CARTESIAN_POINT('',(-24.7098464685639,-46.6301566853468,0.));
#15097=CARTESIAN_POINT('Origin',(-24.0027396873774,-47.3372634665334,0.));
#15098=CARTESIAN_POINT('',(-23.2956329061909,-48.0443702477199,1.));
#15099=CARTESIAN_POINT('Origin',(-24.0027396873774,-47.3372634665334,1.));
#15100=CARTESIAN_POINT('',(-23.2956329061909,-48.0443702477199,0.));
#15101=CARTESIAN_POINT('Origin',(-24.0027396873774,-47.3372634665334,0.));
#15102=CARTESIAN_POINT('',(-23.2956329061909,-48.0443702477199,0.));
#15103=CARTESIAN_POINT('Origin',(-24.4694301480593,-49.2181674895884,0.));
#15104=CARTESIAN_POINT('',(-24.4694301480594,-49.2181674895883,1.));
#15105=CARTESIAN_POINT('',(-22.7706061137093,-47.5193434552384,1.));
#15106=CARTESIAN_POINT('',(-24.4694301480594,-49.2181674895883,0.));
#15107=CARTESIAN_POINT('',(-22.7706061137093,-47.5193434552384,0.));
#15108=CARTESIAN_POINT('',(-24.4694301480594,-49.2181674895883,0.));
#15109=CARTESIAN_POINT('Origin',(-25.1765369441471,-48.511060723303,0.));
#15110=CARTESIAN_POINT('Origin',(-25.1765369441471,-48.511060723303,1.));
#15111=CARTESIAN_POINT('Origin',(-25.1765369441471,-48.511060723303,0.));
#15112=CARTESIAN_POINT('Origin',(-28.9524871556832,-42.3875159982276,0.));
#15113=CARTESIAN_POINT('',(-30.1262844124529,-43.5613132549972,1.));
#15114=CARTESIAN_POINT('',(-28.9524871556832,-42.3875159982275,1.));
#15115=CARTESIAN_POINT('',(-27.8405617422675,-41.2755905848118,1.));
#15116=CARTESIAN_POINT('',(-30.1262844124529,-43.5613132549972,0.));
#15117=CARTESIAN_POINT('',(-30.1262844124529,-43.5613132549972,0.));
#15118=CARTESIAN_POINT('',(-28.9524871556832,-42.3875159982275,0.));
#15119=CARTESIAN_POINT('',(-27.8405617422675,-41.2755905848118,0.));
#15120=CARTESIAN_POINT('',(-28.9524871556832,-42.3875159982275,0.));
#15121=CARTESIAN_POINT('Origin',(-28.2453803744967,-43.0946227794141,0.));
#15122=CARTESIAN_POINT('',(-27.5382735933101,-43.8017295606007,1.));
#15123=CARTESIAN_POINT('Origin',(-28.2453803744967,-43.0946227794141,1.));
#15124=CARTESIAN_POINT('',(-27.5382735933101,-43.8017295606007,0.));
#15125=CARTESIAN_POINT('Origin',(-28.2453803744967,-43.0946227794141,0.));
#15126=CARTESIAN_POINT('',(-27.5382735933101,-43.8017295606007,0.));
#15127=CARTESIAN_POINT('Origin',(-28.7120708500798,-44.9755268173703,0.));
#15128=CARTESIAN_POINT('',(-28.7120708500798,-44.9755268173702,1.));
#15129=CARTESIAN_POINT('',(-27.0132468082792,-43.2767027755697,1.));
#15130=CARTESIAN_POINT('',(-28.7120708500798,-44.9755268173702,0.));
#15131=CARTESIAN_POINT('',(-27.0132468082792,-43.2767027755697,0.));
#15132=CARTESIAN_POINT('',(-28.7120708500798,-44.9755268173702,0.));
#15133=CARTESIAN_POINT('Origin',(-29.4191776312664,-44.2684200361837,0.));
#15134=CARTESIAN_POINT('Origin',(-29.4191776312664,-44.2684200361837,1.));
#15135=CARTESIAN_POINT('Origin',(-29.4191776312664,-44.2684200361837,0.));
#15136=CARTESIAN_POINT('Origin',(-34.5068109219036,-53.5986940139402,0.));
#15137=CARTESIAN_POINT('',(-33.799704140717,-54.3058007951268,1.));
#15138=CARTESIAN_POINT('',(-35.2139177030901,-52.8915872327537,1.));
#15139=CARTESIAN_POINT('Origin',(-34.5068109219036,-53.5986940139402,1.));
#15140=CARTESIAN_POINT('',(-33.799704140717,-54.3058007951268,0.));
#15141=CARTESIAN_POINT('',(-33.799704140717,-54.3058007951268,0.));
#15142=CARTESIAN_POINT('',(-35.2139177030901,-52.8915872327537,0.));
#15143=CARTESIAN_POINT('Origin',(-34.5068109219036,-53.5986940139402,0.));
#15144=CARTESIAN_POINT('',(-35.2139177030901,-52.8915872327537,0.));
#15145=CARTESIAN_POINT('Origin',(-30.5505484811648,-48.2282180108283,0.));
#15146=CARTESIAN_POINT('',(-30.5505484811648,-48.2282180108283,1.));
#15147=CARTESIAN_POINT('',(-27.5789322332283,-45.2566017628917,1.));
#15148=CARTESIAN_POINT('',(-30.5505484811648,-48.2282180108283,0.));
#15149=CARTESIAN_POINT('',(-27.5789322332283,-45.2566017628917,0.));
#15150=CARTESIAN_POINT('',(-30.5505484811648,-48.2282180108283,0.));
#15151=CARTESIAN_POINT('Origin',(-29.8434416999783,-48.9353247920149,0.));
#15152=CARTESIAN_POINT('',(-29.1363349187917,-49.6424315732014,1.));
#15153=CARTESIAN_POINT('Origin',(-29.8434416999783,-48.9353247920149,1.));
#15154=CARTESIAN_POINT('',(-29.1363349187917,-49.6424315732014,0.));
#15155=CARTESIAN_POINT('Origin',(-29.8434416999783,-48.9353247920149,0.));
#15156=CARTESIAN_POINT('',(-29.1363349187917,-49.6424315732014,0.));
#15157=CARTESIAN_POINT('Origin',(-33.799704140717,-54.3058007951268,0.));
#15158=CARTESIAN_POINT('',(-28.4964032818178,-49.0024999362275,1.));
#15159=CARTESIAN_POINT('',(-28.4964032818178,-49.0024999362275,0.));
#15160=CARTESIAN_POINT('Origin',(-42.2849855149556,-45.8205194208882,0.));
#15161=CARTESIAN_POINT('',(-37.6216162930303,-41.1571501989628,1.));
#15162=CARTESIAN_POINT('',(-42.2849855149556,-45.8205194208882,1.));
#15163=CARTESIAN_POINT('',(-36.9816846560564,-40.5172185619889,1.));
#15164=CARTESIAN_POINT('',(-37.6216162930303,-41.1571501989628,0.));
#15165=CARTESIAN_POINT('',(-37.6216162930303,-41.1571501989628,0.));
#15166=CARTESIAN_POINT('',(-42.2849855149556,-45.8205194208882,0.));
#15167=CARTESIAN_POINT('',(-36.9816846560564,-40.5172185619889,0.));
#15168=CARTESIAN_POINT('',(-42.2849855149556,-45.8205194208882,0.));
#15169=CARTESIAN_POINT('Origin',(-42.9920922961421,-45.1134126397017,0.));
#15170=CARTESIAN_POINT('',(-43.6991990773287,-44.4063058585151,1.));
#15171=CARTESIAN_POINT('Origin',(-42.9920922961421,-45.1134126397017,1.));
#15172=CARTESIAN_POINT('',(-43.6991990773287,-44.4063058585151,0.));
#15173=CARTESIAN_POINT('Origin',(-42.9920922961421,-45.1134126397017,0.));
#15174=CARTESIAN_POINT('',(-43.6991990773287,-44.4063058585151,0.));
#15175=CARTESIAN_POINT('Origin',(-39.0358298554034,-39.7429366365898,0.));
#15176=CARTESIAN_POINT('',(-39.0358298554034,-39.7429366365898,1.));
#15177=CARTESIAN_POINT('',(-36.0642136074669,-36.7713203886532,1.));
#15178=CARTESIAN_POINT('',(-39.0358298554034,-39.7429366365898,0.));
#15179=CARTESIAN_POINT('',(-36.0642136074669,-36.7713203886532,0.));
#15180=CARTESIAN_POINT('',(-39.0358298554034,-39.7429366365898,0.));
#15181=CARTESIAN_POINT('Origin',(-38.3287230742169,-40.4500434177763,0.));
#15182=CARTESIAN_POINT('Origin',(-38.3287230742169,-40.4500434177763,1.));
#15183=CARTESIAN_POINT('Origin',(-38.3287230742169,-40.4500434177763,0.));
#15184=CARTESIAN_POINT('Origin',(-41.4399929114377,-32.2476047560123,0.));
#15185=CARTESIAN_POINT('',(-40.266195654668,-31.0738074992428,1.));
#15186=CARTESIAN_POINT('',(-41.4399929114377,-32.2476047560123,1.));
#15187=CARTESIAN_POINT('',(-39.7411688696373,-30.5487807142122,1.));
#15188=CARTESIAN_POINT('',(-40.266195654668,-31.0738074992428,0.));
#15189=CARTESIAN_POINT('',(-40.266195654668,-31.0738074992428,0.));
#15190=CARTESIAN_POINT('',(-41.4399929114377,-32.2476047560123,0.));
#15191=CARTESIAN_POINT('',(-39.7411688696373,-30.5487807142122,0.));
#15192=CARTESIAN_POINT('',(-41.4399929114377,-32.2476047560123,0.));
#15193=CARTESIAN_POINT('Origin',(-42.1470996926243,-31.5404979748258,0.));
#15194=CARTESIAN_POINT('',(-42.8542064738108,-30.8333911936392,1.));
#15195=CARTESIAN_POINT('Origin',(-42.1470996926243,-31.5404979748258,1.));
#15196=CARTESIAN_POINT('',(-42.8542064738108,-30.8333911936392,0.));
#15197=CARTESIAN_POINT('Origin',(-42.1470996926243,-31.5404979748258,0.));
#15198=CARTESIAN_POINT('',(-42.8542064738108,-30.8333911936392,0.));
#15199=CARTESIAN_POINT('Origin',(-41.6804092170411,-29.6595939368697,0.));
#15200=CARTESIAN_POINT('',(-41.6804092170411,-29.6595939368697,1.));
#15201=CARTESIAN_POINT('',(-40.5684838036255,-28.5476685234542,1.));
#15202=CARTESIAN_POINT('',(-41.6804092170411,-29.6595939368697,0.));
#15203=CARTESIAN_POINT('',(-40.5684838036255,-28.5476685234542,0.));
#15204=CARTESIAN_POINT('',(-41.6804092170411,-29.6595939368697,0.));
#15205=CARTESIAN_POINT('Origin',(-40.9733024358545,-30.3667007180562,0.));
#15206=CARTESIAN_POINT('Origin',(-40.9733024358545,-30.3667007180562,1.));
#15207=CARTESIAN_POINT('Origin',(-40.9733024358545,-30.3667007180562,0.));
#15208=CARTESIAN_POINT('Origin',(-44.4063058585152,-43.6991990773285,0.));
#15209=CARTESIAN_POINT('',(-39.74293663659,-39.0358298554032,1.));
#15210=CARTESIAN_POINT('',(-44.4063058734164,-43.6991990922297,1.));
#15211=CARTESIAN_POINT('',(-39.1030049996161,-38.3958982184294,1.));
#15212=CARTESIAN_POINT('',(-39.74293663659,-39.0358298554032,0.));
#15213=CARTESIAN_POINT('',(-39.74293663659,-39.0358298554032,0.));
#15214=CARTESIAN_POINT('',(-44.4063058734164,-43.6991990922297,0.));
#15215=CARTESIAN_POINT('',(-39.1030049996161,-38.3958982184294,0.));
#15216=CARTESIAN_POINT('',(-44.4063058734164,-43.6991990922297,0.));
#15217=CARTESIAN_POINT('Origin',(-45.1134126397018,-42.992092296142,0.));
#15218=CARTESIAN_POINT('',(-45.8205194208884,-42.2849855149554,1.));
#15219=CARTESIAN_POINT('Origin',(-45.1134126397018,-42.992092296142,1.));
#15220=CARTESIAN_POINT('',(-45.8205194208884,-42.2849855149554,0.));
#15221=CARTESIAN_POINT('Origin',(-45.1134126397018,-42.992092296142,0.));
#15222=CARTESIAN_POINT('',(-45.8205194208884,-42.2849855149554,0.));
#15223=CARTESIAN_POINT('Origin',(-41.1571501989631,-37.6216162930301,0.));
#15224=CARTESIAN_POINT('',(-41.1571501989631,-37.6216162930301,1.));
#15225=CARTESIAN_POINT('',(-38.1855339510266,-34.6500000450936,1.));
#15226=CARTESIAN_POINT('',(-41.1571501989631,-37.6216162930301,0.));
#15227=CARTESIAN_POINT('',(-38.1855339510266,-34.6500000450936,0.));
#15228=CARTESIAN_POINT('',(-41.1571501989631,-37.6216162930301,0.));
#15229=CARTESIAN_POINT('Origin',(-40.4500434177765,-38.3287230742167,0.));
#15230=CARTESIAN_POINT('Origin',(-40.4500434177765,-38.3287230742167,1.));
#15231=CARTESIAN_POINT('Origin',(-40.4500434177765,-38.3287230742167,0.));
#15232=CARTESIAN_POINT('Origin',(-47.521111229642,-31.2576552623512,0.));
#15233=CARTESIAN_POINT('',(-52.1844804515673,-35.9210244842765,1.));
#15234=CARTESIAN_POINT('',(-47.521111229642,-31.2576552623512,1.));
#15235=CARTESIAN_POINT('',(-44.5494949817056,-28.2860390144147,1.));
#15236=CARTESIAN_POINT('',(-52.1844804515673,-35.9210244842765,0.));
#15237=CARTESIAN_POINT('',(-52.1844804515673,-35.9210244842765,0.));
#15238=CARTESIAN_POINT('',(-47.521111229642,-31.2576552623512,0.));
#15239=CARTESIAN_POINT('',(-44.5494949817056,-28.2860390144147,0.));
#15240=CARTESIAN_POINT('',(-47.521111229642,-31.2576552623512,0.));
#15241=CARTESIAN_POINT('Origin',(-46.8140044484554,-31.9647620435377,0.));
#15242=CARTESIAN_POINT('',(-46.1068976672689,-32.6718688247243,1.));
#15243=CARTESIAN_POINT('Origin',(-46.8140044484554,-31.9647620435377,1.));
#15244=CARTESIAN_POINT('',(-46.1068976672689,-32.6718688247243,0.));
#15245=CARTESIAN_POINT('Origin',(-46.8140044484554,-31.9647620435377,0.));
#15246=CARTESIAN_POINT('',(-46.1068976672689,-32.6718688247243,0.));
#15247=CARTESIAN_POINT('Origin',(-50.7702668891942,-37.3352380466496,0.));
#15248=CARTESIAN_POINT('',(-50.7702668891942,-37.3352380466496,1.));
#15249=CARTESIAN_POINT('',(-45.4669660302951,-32.0319371877505,1.));
#15250=CARTESIAN_POINT('',(-50.7702668891942,-37.3352380466496,0.));
#15251=CARTESIAN_POINT('',(-45.4669660302951,-32.0319371877505,0.));
#15252=CARTESIAN_POINT('',(-50.7702668891942,-37.3352380466496,0.));
#15253=CARTESIAN_POINT('Origin',(-51.4773736703808,-36.6281312654631,0.));
#15254=CARTESIAN_POINT('Origin',(-51.4773736703808,-36.6281312654631,1.));
#15255=CARTESIAN_POINT('Origin',(-51.4773736703808,-36.6281312654631,0.));
#15256=CARTESIAN_POINT('Origin',(-43.8017295606007,-27.5382735933101,0.));
#15257=CARTESIAN_POINT('',(-44.9755268173705,-28.7120708500796,1.));
#15258=CARTESIAN_POINT('',(-43.8017295606007,-27.53827359331,1.));
#15259=CARTESIAN_POINT('',(-42.689804147185,-26.4263481798945,1.));
#15260=CARTESIAN_POINT('',(-44.9755268173705,-28.7120708500796,0.));
#15261=CARTESIAN_POINT('',(-44.9755268173705,-28.7120708500796,0.));
#15262=CARTESIAN_POINT('',(-43.8017295606007,-27.53827359331,0.));
#15263=CARTESIAN_POINT('',(-42.689804147185,-26.4263481798945,0.));
#15264=CARTESIAN_POINT('',(-43.8017295606007,-27.53827359331,0.));
#15265=CARTESIAN_POINT('Origin',(-43.0946227794142,-28.2453803744966,0.));
#15266=CARTESIAN_POINT('',(-42.3875159982276,-28.9524871556831,1.));
#15267=CARTESIAN_POINT('Origin',(-43.0946227794142,-28.2453803744966,1.));
#15268=CARTESIAN_POINT('',(-42.3875159982276,-28.9524871556831,0.));
#15269=CARTESIAN_POINT('Origin',(-43.0946227794142,-28.2453803744966,0.));
#15270=CARTESIAN_POINT('',(-42.3875159982276,-28.9524871556831,0.));
#15271=CARTESIAN_POINT('Origin',(-43.5613132549974,-30.1262844124527,0.));
#15272=CARTESIAN_POINT('',(-43.5613132549973,-30.1262844124527,1.));
#15273=CARTESIAN_POINT('',(-41.8624892131968,-28.4274603706524,1.));
#15274=CARTESIAN_POINT('',(-43.5613132549973,-30.1262844124527,0.));
#15275=CARTESIAN_POINT('',(-41.8624892131968,-28.4274603706524,0.));
#15276=CARTESIAN_POINT('',(-43.5613132549973,-30.1262844124527,0.));
#15277=CARTESIAN_POINT('Origin',(-44.2684200361839,-29.4191776312661,0.));
#15278=CARTESIAN_POINT('Origin',(-44.2684200361839,-29.4191776312661,1.));
#15279=CARTESIAN_POINT('Origin',(-44.2684200361839,-29.4191776312661,0.));
#15280=CARTESIAN_POINT('Origin',(-40.8707719525825,-47.2347329832613,0.));
#15281=CARTESIAN_POINT('',(-40.1636651713959,-47.9418397644479,1.));
#15282=CARTESIAN_POINT('',(-41.577878733769,-46.5276262020748,1.));
#15283=CARTESIAN_POINT('Origin',(-40.8707719525825,-47.2347329832613,1.));
#15284=CARTESIAN_POINT('',(-40.1636651713959,-47.9418397644479,0.));
#15285=CARTESIAN_POINT('',(-40.1636651713959,-47.9418397644479,0.));
#15286=CARTESIAN_POINT('',(-41.577878733769,-46.5276262020748,0.));
#15287=CARTESIAN_POINT('Origin',(-40.8707719525825,-47.2347329832613,0.));
#15288=CARTESIAN_POINT('',(-41.577878733769,-46.5276262020748,0.));
#15289=CARTESIAN_POINT('Origin',(-36.9145095118438,-41.8642569801494,0.));
#15290=CARTESIAN_POINT('',(-36.9145095118438,-41.8642569801494,1.));
#15291=CARTESIAN_POINT('',(-33.9428932639073,-38.8926407322128,1.));
#15292=CARTESIAN_POINT('',(-36.9145095118438,-41.8642569801494,0.));
#15293=CARTESIAN_POINT('',(-33.9428932639073,-38.8926407322128,0.));
#15294=CARTESIAN_POINT('',(-36.9145095118438,-41.8642569801494,0.));
#15295=CARTESIAN_POINT('Origin',(-36.2074027306572,-42.5713637613359,0.));
#15296=CARTESIAN_POINT('',(-35.5002959494707,-43.2784705425225,1.));
#15297=CARTESIAN_POINT('Origin',(-36.2074027306572,-42.5713637613359,1.));
#15298=CARTESIAN_POINT('',(-35.5002959494707,-43.2784705425225,0.));
#15299=CARTESIAN_POINT('Origin',(-36.2074027306572,-42.5713637613359,0.));
#15300=CARTESIAN_POINT('',(-35.5002959494707,-43.2784705425225,0.));
#15301=CARTESIAN_POINT('Origin',(-40.1636651713959,-47.9418397644479,0.));
#15302=CARTESIAN_POINT('',(-34.8603643124968,-42.6385389055486,1.));
#15303=CARTESIAN_POINT('',(-34.8603643124968,-42.6385389055486,0.));
#15304=CARTESIAN_POINT('Origin',(-32.3854905783439,-55.7200143574999,0.));
#15305=CARTESIAN_POINT('',(-31.6783837971574,-56.4271211386864,1.));
#15306=CARTESIAN_POINT('',(-33.0925973595305,-55.0129075763134,1.));
#15307=CARTESIAN_POINT('Origin',(-32.3854905783439,-55.7200143574999,1.));
#15308=CARTESIAN_POINT('',(-31.6783837971574,-56.4271211386864,0.));
#15309=CARTESIAN_POINT('',(-31.6783837971574,-56.4271211386864,0.));
#15310=CARTESIAN_POINT('',(-33.0925973595305,-55.0129075763134,0.));
#15311=CARTESIAN_POINT('Origin',(-32.3854905783439,-55.7200143574999,0.));
#15312=CARTESIAN_POINT('',(-33.0925973595305,-55.0129075763134,0.));
#15313=CARTESIAN_POINT('Origin',(-28.4292281376052,-50.349538354388,0.));
#15314=CARTESIAN_POINT('',(-28.4292281376052,-50.349538354388,1.));
#15315=CARTESIAN_POINT('',(-25.4576118896686,-47.3779221064514,1.));
#15316=CARTESIAN_POINT('',(-28.4292281376052,-50.349538354388,0.));
#15317=CARTESIAN_POINT('',(-25.4576118896686,-47.3779221064514,0.));
#15318=CARTESIAN_POINT('',(-28.4292281376052,-50.349538354388,0.));
#15319=CARTESIAN_POINT('Origin',(-27.7221213564186,-51.0566451355745,0.));
#15320=CARTESIAN_POINT('',(-27.0150145752321,-51.763751916761,1.));
#15321=CARTESIAN_POINT('Origin',(-27.7221213564186,-51.0566451355745,1.));
#15322=CARTESIAN_POINT('',(-27.0150145752321,-51.763751916761,0.));
#15323=CARTESIAN_POINT('Origin',(-27.7221213564186,-51.0566451355745,0.));
#15324=CARTESIAN_POINT('',(-27.0150145752321,-51.763751916761,0.));
#15325=CARTESIAN_POINT('Origin',(-31.6783837971574,-56.4271211386864,0.));
#15326=CARTESIAN_POINT('',(-26.3750829382581,-51.1238202797871,1.));
#15327=CARTESIAN_POINT('',(-26.3750829382581,-51.1238202797871,0.));
#15328=CARTESIAN_POINT('Origin',(-30.8333911787383,-42.8542064589095,0.));
#15329=CARTESIAN_POINT('',(-29.6595939368698,-41.680409217041,1.));
#15330=CARTESIAN_POINT('',(-30.8333911787383,-42.8542064589094,1.));
#15331=CARTESIAN_POINT('',(-29.1345671443883,-41.1553824245595,1.));
#15332=CARTESIAN_POINT('',(-29.6595939368698,-41.680409217041,0.));
#15333=CARTESIAN_POINT('',(-29.6595939368698,-41.680409217041,0.));
#15334=CARTESIAN_POINT('',(-30.8333911787383,-42.8542064589094,0.));
#15335=CARTESIAN_POINT('',(-29.1345671443883,-41.1553824245595,0.));
#15336=CARTESIAN_POINT('',(-30.8333911787383,-42.8542064589094,0.));
#15337=CARTESIAN_POINT('Origin',(-31.540497974826,-42.147099692624,0.));
#15338=CARTESIAN_POINT('',(-32.2476047560125,-41.4399929114375,1.));
#15339=CARTESIAN_POINT('Origin',(-31.540497974826,-42.147099692624,1.));
#15340=CARTESIAN_POINT('',(-32.2476047560125,-41.4399929114375,0.));
#15341=CARTESIAN_POINT('Origin',(-31.540497974826,-42.147099692624,0.));
#15342=CARTESIAN_POINT('',(-32.2476047560125,-41.4399929114375,0.));
#15343=CARTESIAN_POINT('Origin',(-31.0738074992429,-40.2661956546679,0.));
#15344=CARTESIAN_POINT('',(-31.0738074992429,-40.2661956546679,1.));
#15345=CARTESIAN_POINT('',(-29.9618820858271,-39.1542702412522,1.));
#15346=CARTESIAN_POINT('',(-31.0738074992429,-40.2661956546679,0.));
#15347=CARTESIAN_POINT('',(-29.9618820858271,-39.1542702412522,0.));
#15348=CARTESIAN_POINT('',(-31.0738074992429,-40.2661956546679,0.));
#15349=CARTESIAN_POINT('Origin',(-30.3667007180563,-40.9733024358545,0.));
#15350=CARTESIAN_POINT('Origin',(-30.3667007180563,-40.9733024358545,1.));
#15351=CARTESIAN_POINT('Origin',(-30.3667007180563,-40.9733024358545,0.));
#15352=CARTESIAN_POINT('Origin',(-23.2956329061908,-48.04437024772,62.2));
#15353=CARTESIAN_POINT('',(-24.4694301629605,-49.2181675044896,61.2));
#15354=CARTESIAN_POINT('',(-23.2956329061908,-48.04437024772,61.2));
#15355=CARTESIAN_POINT('',(-22.183707492775,-46.9324448343041,61.2));
#15356=CARTESIAN_POINT('',(-24.4694301629605,-49.2181675044896,62.2));
#15357=CARTESIAN_POINT('',(-24.4694301629605,-49.2181675044896,62.2));
#15358=CARTESIAN_POINT('',(-23.2956329061908,-48.04437024772,62.2));
#15359=CARTESIAN_POINT('',(-22.183707492775,-46.9324448343041,62.2));
#15360=CARTESIAN_POINT('',(-23.2956329061908,-48.04437024772,62.2));
#15361=CARTESIAN_POINT('Origin',(-24.0027396873774,-47.3372634665334,62.2));
#15362=CARTESIAN_POINT('',(-24.7098464685639,-46.6301566853469,61.2));
#15363=CARTESIAN_POINT('Origin',(-24.0027396873774,-47.3372634665334,61.2));
#15364=CARTESIAN_POINT('',(-24.7098464685639,-46.6301566853469,62.2));
#15365=CARTESIAN_POINT('Origin',(-24.0027396873774,-47.3372634665334,62.2));
#15366=CARTESIAN_POINT('',(-24.7098464685639,-46.6301566853469,62.2));
#15367=CARTESIAN_POINT('Origin',(-25.8836437253336,-47.8039539421166,62.2));
#15368=CARTESIAN_POINT('',(-25.8836437253336,-47.8039539421166,61.2));
#15369=CARTESIAN_POINT('',(-24.1848196835329,-46.1051299003159,61.2));
#15370=CARTESIAN_POINT('',(-25.8836437253336,-47.8039539421166,62.2));
#15371=CARTESIAN_POINT('',(-24.1848196835329,-46.1051299003159,62.2));
#15372=CARTESIAN_POINT('',(-25.8836437253336,-47.8039539421166,62.2));
#15373=CARTESIAN_POINT('Origin',(-25.176536944147,-48.5110607233031,62.2));
#15374=CARTESIAN_POINT('Origin',(-25.176536944147,-48.5110607233031,61.2));
#15375=CARTESIAN_POINT('Origin',(-25.176536944147,-48.5110607233031,62.2));
#15376=CARTESIAN_POINT('Origin',(-33.378975605911,-45.3997908860823,62.2));
#15377=CARTESIAN_POINT('',(-38.0423448278363,-50.0631601080076,61.2));
#15378=CARTESIAN_POINT('',(-33.378975605911,-45.3997908860823,61.2));
#15379=CARTESIAN_POINT('',(-30.4073593579745,-42.4281746381458,61.2));
#15380=CARTESIAN_POINT('',(-38.0423448278363,-50.0631601080076,62.2));
#15381=CARTESIAN_POINT('',(-38.0423448278363,-50.0631601080076,62.2));
#15382=CARTESIAN_POINT('',(-33.378975605911,-45.3997908860823,62.2));
#15383=CARTESIAN_POINT('',(-30.4073593579745,-42.4281746381458,62.2));
#15384=CARTESIAN_POINT('',(-33.378975605911,-45.3997908860823,62.2));
#15385=CARTESIAN_POINT('Origin',(-34.0860823870975,-44.6926841048957,62.2));
#15386=CARTESIAN_POINT('',(-34.7931891682841,-43.9855773237092,61.2));
#15387=CARTESIAN_POINT('Origin',(-34.0860823870975,-44.6926841048957,61.2));
#15388=CARTESIAN_POINT('',(-34.7931891682841,-43.9855773237092,62.2));
#15389=CARTESIAN_POINT('Origin',(-34.0860823870975,-44.6926841048957,62.2));
#15390=CARTESIAN_POINT('',(-34.7931891682841,-43.9855773237092,62.2));
#15391=CARTESIAN_POINT('Origin',(-39.4565583902094,-48.6489465456345,62.2));
#15392=CARTESIAN_POINT('',(-39.4565583902094,-48.6489465456345,61.2));
#15393=CARTESIAN_POINT('',(-34.1532575313103,-43.3456456867354,61.2));
#15394=CARTESIAN_POINT('',(-39.4565583902094,-48.6489465456345,62.2));
#15395=CARTESIAN_POINT('',(-34.1532575313103,-43.3456456867354,62.2));
#15396=CARTESIAN_POINT('',(-39.4565583902094,-48.6489465456345,62.2));
#15397=CARTESIAN_POINT('Origin',(-38.7494516090228,-49.356053326821,62.2));
#15398=CARTESIAN_POINT('Origin',(-38.7494516090228,-49.356053326821,61.2));
#15399=CARTESIAN_POINT('Origin',(-38.7494516090228,-49.356053326821,62.2));
#15400=CARTESIAN_POINT('Origin',(-43.6991990773287,-44.4063058585152,62.2));
#15401=CARTESIAN_POINT('',(-39.0358298554034,-39.7429366365899,61.2));
#15402=CARTESIAN_POINT('',(-43.6991990773287,-44.4063058585152,61.2));
#15403=CARTESIAN_POINT('',(-38.3958982184296,-39.1030049996161,61.2));
#15404=CARTESIAN_POINT('',(-39.0358298554034,-39.7429366365899,62.2));
#15405=CARTESIAN_POINT('',(-39.0358298554034,-39.7429366365899,62.2));
#15406=CARTESIAN_POINT('',(-43.6991990773287,-44.4063058585152,62.2));
#15407=CARTESIAN_POINT('',(-38.3958982184296,-39.1030049996161,62.2));
#15408=CARTESIAN_POINT('',(-43.6991990773287,-44.4063058585152,62.2));
#15409=CARTESIAN_POINT('Origin',(-42.9920922961421,-45.1134126397018,62.2));
#15410=CARTESIAN_POINT('',(-42.2849855149555,-45.8205194208883,61.2));
#15411=CARTESIAN_POINT('Origin',(-42.9920922961421,-45.1134126397018,61.2));
#15412=CARTESIAN_POINT('',(-42.2849855149555,-45.8205194208883,62.2));
#15413=CARTESIAN_POINT('Origin',(-42.9920922961421,-45.1134126397018,62.2));
#15414=CARTESIAN_POINT('',(-42.2849855149555,-45.8205194208883,62.2));
#15415=CARTESIAN_POINT('Origin',(-37.6216162930303,-41.157150198963,62.2));
#15416=CARTESIAN_POINT('',(-37.6216162930303,-41.157150198963,61.2));
#15417=CARTESIAN_POINT('',(-34.6500000450938,-38.1855339510265,61.2));
#15418=CARTESIAN_POINT('',(-37.6216162930303,-41.157150198963,62.2));
#15419=CARTESIAN_POINT('',(-34.6500000450938,-38.1855339510265,62.2));
#15420=CARTESIAN_POINT('',(-37.6216162930303,-41.157150198963,62.2));
#15421=CARTESIAN_POINT('Origin',(-38.3287230742168,-40.4500434177764,62.2));
#15422=CARTESIAN_POINT('Origin',(-38.3287230742168,-40.4500434177764,61.2));
#15423=CARTESIAN_POINT('Origin',(-38.3287230742168,-40.4500434177764,62.2));
#15424=CARTESIAN_POINT('Origin',(-41.8642569801496,-36.9145095118437,62.2));
#15425=CARTESIAN_POINT('',(-46.5276262020749,-41.577878733769,61.2));
#15426=CARTESIAN_POINT('',(-41.8642569801496,-36.9145095118437,61.2));
#15427=CARTESIAN_POINT('',(-38.892640732213,-33.9428932639073,61.2));
#15428=CARTESIAN_POINT('',(-46.5276262020749,-41.577878733769,62.2));
#15429=CARTESIAN_POINT('',(-46.5276262020749,-41.577878733769,62.2));
#15430=CARTESIAN_POINT('',(-41.8642569801496,-36.9145095118437,62.2));
#15431=CARTESIAN_POINT('',(-38.892640732213,-33.9428932639073,62.2));
#15432=CARTESIAN_POINT('',(-41.8642569801496,-36.9145095118437,62.2));
#15433=CARTESIAN_POINT('Origin',(-42.5713637613361,-36.2074027306572,62.2));
#15434=CARTESIAN_POINT('',(-43.2784705425227,-35.5002959494707,61.2));
#15435=CARTESIAN_POINT('Origin',(-42.5713637613361,-36.2074027306572,61.2));
#15436=CARTESIAN_POINT('',(-43.2784705425227,-35.5002959494707,62.2));
#15437=CARTESIAN_POINT('Origin',(-42.5713637613361,-36.2074027306572,62.2));
#15438=CARTESIAN_POINT('',(-43.2784705425227,-35.5002959494707,62.2));
#15439=CARTESIAN_POINT('Origin',(-47.9418397644479,-40.1636651713959,62.2));
#15440=CARTESIAN_POINT('',(-47.9418397644479,-40.1636651713959,61.2));
#15441=CARTESIAN_POINT('',(-42.6385389055488,-34.8603643124968,61.2));
#15442=CARTESIAN_POINT('',(-47.9418397644479,-40.1636651713959,62.2));
#15443=CARTESIAN_POINT('',(-42.6385389055488,-34.8603643124968,62.2));
#15444=CARTESIAN_POINT('',(-47.9418397644479,-40.1636651713959,62.2));
#15445=CARTESIAN_POINT('Origin',(-47.2347329832614,-40.8707719525825,62.2));
#15446=CARTESIAN_POINT('Origin',(-47.2347329832614,-40.8707719525825,61.2));
#15447=CARTESIAN_POINT('Origin',(-47.2347329832614,-40.8707719525825,62.2));
#15448=CARTESIAN_POINT('Origin',(-46.1068976672689,-32.6718688247245,62.2));
#15449=CARTESIAN_POINT('',(-50.7702668891941,-37.3352380466497,61.2));
#15450=CARTESIAN_POINT('',(-46.1068976672689,-32.6718688247245,61.2));
#15451=CARTESIAN_POINT('',(-43.1352814193323,-29.700252576788,61.2));
#15452=CARTESIAN_POINT('',(-50.7702668891941,-37.3352380466497,62.2));
#15453=CARTESIAN_POINT('',(-50.7702668891941,-37.3352380466497,62.2));
#15454=CARTESIAN_POINT('',(-46.1068976672689,-32.6718688247245,62.2));
#15455=CARTESIAN_POINT('',(-43.1352814193323,-29.700252576788,62.2));
#15456=CARTESIAN_POINT('',(-46.1068976672689,-32.6718688247245,62.2));
#15457=CARTESIAN_POINT('Origin',(-46.8140044484554,-31.9647620435379,62.2));
#15458=CARTESIAN_POINT('',(-47.5211112296419,-31.2576552623514,61.2));
#15459=CARTESIAN_POINT('Origin',(-46.8140044484554,-31.9647620435379,61.2));
#15460=CARTESIAN_POINT('',(-47.5211112296419,-31.2576552623514,62.2));
#15461=CARTESIAN_POINT('Origin',(-46.8140044484554,-31.9647620435379,62.2));
#15462=CARTESIAN_POINT('',(-47.5211112296419,-31.2576552623514,62.2));
#15463=CARTESIAN_POINT('Origin',(-52.1844804515672,-35.9210244842766,62.2));
#15464=CARTESIAN_POINT('',(-52.1844804515672,-35.9210244842766,61.2));
#15465=CARTESIAN_POINT('',(-46.8811795926681,-30.6177236253775,61.2));
#15466=CARTESIAN_POINT('',(-52.1844804515672,-35.9210244842766,62.2));
#15467=CARTESIAN_POINT('',(-46.8811795926681,-30.6177236253775,62.2));
#15468=CARTESIAN_POINT('',(-52.1844804515672,-35.9210244842766,62.2));
#15469=CARTESIAN_POINT('Origin',(-51.4773736703807,-36.6281312654632,62.2));
#15470=CARTESIAN_POINT('Origin',(-51.4773736703807,-36.6281312654632,61.2));
#15471=CARTESIAN_POINT('Origin',(-51.4773736703807,-36.6281312654632,62.2));
#15472=CARTESIAN_POINT('Origin',(-50.3495383543881,-28.4292281376052,62.2));
#15473=CARTESIAN_POINT('',(-55.0129075763134,-33.0925973595304,61.2));
#15474=CARTESIAN_POINT('',(-50.3495383543881,-28.4292281376052,61.2));
#15475=CARTESIAN_POINT('',(-47.3779221064516,-25.4576118896687,61.2));
#15476=CARTESIAN_POINT('',(-55.0129075763134,-33.0925973595304,62.2));
#15477=CARTESIAN_POINT('',(-55.0129075763134,-33.0925973595304,62.2));
#15478=CARTESIAN_POINT('',(-50.3495383543881,-28.4292281376052,62.2));
#15479=CARTESIAN_POINT('',(-47.3779221064516,-25.4576118896687,62.2));
#15480=CARTESIAN_POINT('',(-50.3495383543881,-28.4292281376052,62.2));
#15481=CARTESIAN_POINT('Origin',(-51.0566451355747,-27.7221213564186,62.2));
#15482=CARTESIAN_POINT('',(-51.7637519167612,-27.0150145752321,61.2));
#15483=CARTESIAN_POINT('Origin',(-51.0566451355747,-27.7221213564186,61.2));
#15484=CARTESIAN_POINT('',(-51.7637519167612,-27.0150145752321,62.2));
#15485=CARTESIAN_POINT('Origin',(-51.0566451355747,-27.7221213564186,62.2));
#15486=CARTESIAN_POINT('',(-51.7637519167612,-27.0150145752321,62.2));
#15487=CARTESIAN_POINT('Origin',(-56.4271211386865,-31.6783837971574,62.2));
#15488=CARTESIAN_POINT('',(-56.4271211386865,-31.6783837971574,61.2));
#15489=CARTESIAN_POINT('',(-51.1238202797873,-26.3750829382582,61.2));
#15490=CARTESIAN_POINT('',(-56.4271211386865,-31.6783837971574,62.2));
#15491=CARTESIAN_POINT('',(-51.1238202797873,-26.3750829382582,62.2));
#15492=CARTESIAN_POINT('',(-56.4271211386865,-31.6783837971574,62.2));
#15493=CARTESIAN_POINT('Origin',(-55.7200143575,-32.3854905783439,62.2));
#15494=CARTESIAN_POINT('Origin',(-55.7200143575,-32.3854905783439,61.2));
#15495=CARTESIAN_POINT('Origin',(-55.7200143575,-32.3854905783439,62.2));
#15496=CARTESIAN_POINT('Origin',(-44.5088363417872,-26.8311668121236,62.2));
#15497=CARTESIAN_POINT('',(-45.6826335985569,-28.0049640688932,61.2));
#15498=CARTESIAN_POINT('',(-44.5088363417872,-26.8311668121236,61.2));
#15499=CARTESIAN_POINT('',(-43.3969109283713,-25.7192413987077,61.2));
#15500=CARTESIAN_POINT('',(-45.6826335985569,-28.0049640688932,62.2));
#15501=CARTESIAN_POINT('',(-45.6826335985569,-28.0049640688932,62.2));
#15502=CARTESIAN_POINT('',(-44.5088363417872,-26.8311668121236,62.2));
#15503=CARTESIAN_POINT('',(-43.3969109283713,-25.7192413987077,62.2));
#15504=CARTESIAN_POINT('',(-44.5088363417872,-26.8311668121236,62.2));
#15505=CARTESIAN_POINT('Origin',(-45.2159431229738,-26.124060030937,62.2));
#15506=CARTESIAN_POINT('',(-45.9230499041603,-25.4169532497505,61.2));
#15507=CARTESIAN_POINT('Origin',(-45.2159431229738,-26.124060030937,61.2));
#15508=CARTESIAN_POINT('',(-45.9230499041603,-25.4169532497505,62.2));
#15509=CARTESIAN_POINT('Origin',(-45.2159431229738,-26.124060030937,62.2));
#15510=CARTESIAN_POINT('',(-45.9230499041603,-25.4169532497505,62.2));
#15511=CARTESIAN_POINT('Origin',(-47.09684716093,-26.5907505065201,62.2));
#15512=CARTESIAN_POINT('',(-47.09684716093,-26.5907505065201,61.2));
#15513=CARTESIAN_POINT('',(-45.3980231191293,-24.8919264647194,61.2));
#15514=CARTESIAN_POINT('',(-47.09684716093,-26.5907505065201,62.2));
#15515=CARTESIAN_POINT('',(-45.3980231191293,-24.8919264647194,62.2));
#15516=CARTESIAN_POINT('',(-47.09684716093,-26.5907505065201,62.2));
#15517=CARTESIAN_POINT('Origin',(-46.3897403797435,-27.2978572877067,62.2));
#15518=CARTESIAN_POINT('Origin',(-46.3897403797435,-27.2978572877067,61.2));
#15519=CARTESIAN_POINT('Origin',(-46.3897403797435,-27.2978572877067,62.2));
#15520=CARTESIAN_POINT('Origin',(-43.9855773237092,-34.7931891682841,62.2));
#15521=CARTESIAN_POINT('',(-48.6489465456345,-39.4565583902094,61.2));
#15522=CARTESIAN_POINT('',(-43.9855773237092,-34.7931891682841,61.2));
#15523=CARTESIAN_POINT('',(-41.0139610757727,-31.8215729203476,61.2));
#15524=CARTESIAN_POINT('',(-48.6489465456345,-39.4565583902094,62.2));
#15525=CARTESIAN_POINT('',(-48.6489465456345,-39.4565583902094,62.2));
#15526=CARTESIAN_POINT('',(-43.9855773237092,-34.7931891682841,62.2));
#15527=CARTESIAN_POINT('',(-41.0139610757727,-31.8215729203476,62.2));
#15528=CARTESIAN_POINT('',(-43.9855773237092,-34.7931891682841,62.2));
#15529=CARTESIAN_POINT('Origin',(-44.6926841048958,-34.0860823870976,62.2));
#15530=CARTESIAN_POINT('',(-45.3997908860823,-33.378975605911,61.2));
#15531=CARTESIAN_POINT('Origin',(-44.6926841048958,-34.0860823870976,61.2));
#15532=CARTESIAN_POINT('',(-45.3997908860823,-33.378975605911,62.2));
#15533=CARTESIAN_POINT('Origin',(-44.6926841048958,-34.0860823870976,62.2));
#15534=CARTESIAN_POINT('',(-45.3997908860823,-33.378975605911,62.2));
#15535=CARTESIAN_POINT('Origin',(-50.0631601080076,-38.0423448278363,62.2));
#15536=CARTESIAN_POINT('',(-50.0631601080076,-38.0423448278363,61.2));
#15537=CARTESIAN_POINT('',(-44.7598592491084,-32.7390439689371,61.2));
#15538=CARTESIAN_POINT('',(-50.0631601080076,-38.0423448278363,62.2));
#15539=CARTESIAN_POINT('',(-44.7598592491084,-32.7390439689371,62.2));
#15540=CARTESIAN_POINT('',(-50.0631601080076,-38.0423448278363,62.2));
#15541=CARTESIAN_POINT('Origin',(-49.356053326821,-38.7494516090228,62.2));
#15542=CARTESIAN_POINT('Origin',(-49.356053326821,-38.7494516090228,61.2));
#15543=CARTESIAN_POINT('Origin',(-49.356053326821,-38.7494516090228,62.2));
#15544=CARTESIAN_POINT('Origin',(-45.8205194208883,-42.2849855149556,62.2));
#15545=CARTESIAN_POINT('',(-41.157150198963,-37.6216162930303,61.2));
#15546=CARTESIAN_POINT('',(-45.8205194208883,-42.2849855149556,61.2));
#15547=CARTESIAN_POINT('',(-40.5172185619891,-36.9816846560564,61.2));
#15548=CARTESIAN_POINT('',(-41.157150198963,-37.6216162930303,62.2));
#15549=CARTESIAN_POINT('',(-41.157150198963,-37.6216162930303,62.2));
#15550=CARTESIAN_POINT('',(-45.8205194208883,-42.2849855149556,62.2));
#15551=CARTESIAN_POINT('',(-40.5172185619891,-36.9816846560564,62.2));
#15552=CARTESIAN_POINT('',(-45.8205194208883,-42.2849855149556,62.2));
#15553=CARTESIAN_POINT('Origin',(-45.1134126397017,-42.9920922961421,62.2));
#15554=CARTESIAN_POINT('',(-44.4063058585152,-43.6991990773287,61.2));
#15555=CARTESIAN_POINT('Origin',(-45.1134126397017,-42.9920922961421,61.2));
#15556=CARTESIAN_POINT('',(-44.4063058585152,-43.6991990773287,62.2));
#15557=CARTESIAN_POINT('Origin',(-45.1134126397017,-42.9920922961421,62.2));
#15558=CARTESIAN_POINT('',(-44.4063058585152,-43.6991990773287,62.2));
#15559=CARTESIAN_POINT('Origin',(-39.7429366365899,-39.0358298554034,62.2));
#15560=CARTESIAN_POINT('',(-39.7429366365899,-39.0358298554034,61.2));
#15561=CARTESIAN_POINT('',(-36.7713203886534,-36.0642136074669,61.2));
#15562=CARTESIAN_POINT('',(-39.7429366365899,-39.0358298554034,62.2));
#15563=CARTESIAN_POINT('',(-36.7713203886534,-36.0642136074669,62.2));
#15564=CARTESIAN_POINT('',(-39.7429366365899,-39.0358298554034,62.2));
#15565=CARTESIAN_POINT('Origin',(-40.4500434177765,-38.3287230742168,62.2));
#15566=CARTESIAN_POINT('Origin',(-40.4500434177765,-38.3287230742168,61.2));
#15567=CARTESIAN_POINT('Origin',(-40.4500434177765,-38.3287230742168,62.2));
#15568=CARTESIAN_POINT('Origin',(-35.5002959494706,-43.2784705425227,62.2));
#15569=CARTESIAN_POINT('',(-40.1636651713959,-47.9418397644479,61.2));
#15570=CARTESIAN_POINT('',(-35.5002959494706,-43.2784705425227,61.2));
#15571=CARTESIAN_POINT('',(-32.5286797015342,-40.3068542945862,61.2));
#15572=CARTESIAN_POINT('',(-40.1636651713959,-47.9418397644479,62.2));
#15573=CARTESIAN_POINT('',(-40.1636651713959,-47.9418397644479,62.2));
#15574=CARTESIAN_POINT('',(-35.5002959494706,-43.2784705425227,62.2));
#15575=CARTESIAN_POINT('',(-32.5286797015342,-40.3068542945862,62.2));
#15576=CARTESIAN_POINT('',(-35.5002959494706,-43.2784705425227,62.2));
#15577=CARTESIAN_POINT('Origin',(-36.2074027306572,-42.5713637613361,62.2));
#15578=CARTESIAN_POINT('',(-36.9145095118437,-41.8642569801495,61.2));
#15579=CARTESIAN_POINT('Origin',(-36.2074027306572,-42.5713637613361,61.2));
#15580=CARTESIAN_POINT('',(-36.9145095118437,-41.8642569801495,62.2));
#15581=CARTESIAN_POINT('Origin',(-36.2074027306572,-42.5713637613361,62.2));
#15582=CARTESIAN_POINT('',(-36.9145095118437,-41.8642569801495,62.2));
#15583=CARTESIAN_POINT('Origin',(-41.577878733769,-46.5276262020749,62.2));
#15584=CARTESIAN_POINT('',(-41.577878733769,-46.5276262020749,61.2));
#15585=CARTESIAN_POINT('',(-36.2745778748699,-41.2243253431757,61.2));
#15586=CARTESIAN_POINT('',(-41.577878733769,-46.5276262020749,62.2));
#15587=CARTESIAN_POINT('',(-36.2745778748699,-41.2243253431757,62.2));
#15588=CARTESIAN_POINT('',(-41.577878733769,-46.5276262020749,62.2));
#15589=CARTESIAN_POINT('Origin',(-40.8707719525825,-47.2347329832614,62.2));
#15590=CARTESIAN_POINT('Origin',(-40.8707719525825,-47.2347329832614,61.2));
#15591=CARTESIAN_POINT('Origin',(-40.8707719525825,-47.2347329832614,62.2));
#15592=CARTESIAN_POINT('Origin',(-31.2576552623513,-47.5211112296419,62.2));
#15593=CARTESIAN_POINT('',(-35.9210244842766,-52.1844804515672,61.2));
#15594=CARTESIAN_POINT('',(-31.2576552623513,-47.5211112296419,61.2));
#15595=CARTESIAN_POINT('',(-28.2860390144149,-44.5494949817055,61.2));
#15596=CARTESIAN_POINT('',(-35.9210244842766,-52.1844804515672,62.2));
#15597=CARTESIAN_POINT('',(-35.9210244842766,-52.1844804515672,62.2));
#15598=CARTESIAN_POINT('',(-31.2576552623513,-47.5211112296419,62.2));
#15599=CARTESIAN_POINT('',(-28.2860390144149,-44.5494949817055,62.2));
#15600=CARTESIAN_POINT('',(-31.2576552623513,-47.5211112296419,62.2));
#15601=CARTESIAN_POINT('Origin',(-31.9647620435379,-46.8140044484554,62.2));
#15602=CARTESIAN_POINT('',(-32.6718688247244,-46.1068976672688,61.2));
#15603=CARTESIAN_POINT('Origin',(-31.9647620435379,-46.8140044484554,61.2));
#15604=CARTESIAN_POINT('',(-32.6718688247244,-46.1068976672688,62.2));
#15605=CARTESIAN_POINT('Origin',(-31.9647620435379,-46.8140044484554,62.2));
#15606=CARTESIAN_POINT('',(-32.6718688247244,-46.1068976672688,62.2));
#15607=CARTESIAN_POINT('Origin',(-37.3352380466497,-50.7702668891941,62.2));
#15608=CARTESIAN_POINT('',(-37.3352380466497,-50.7702668891941,61.2));
#15609=CARTESIAN_POINT('',(-32.0319371877506,-45.466966030295,61.2));
#15610=CARTESIAN_POINT('',(-37.3352380466497,-50.7702668891941,62.2));
#15611=CARTESIAN_POINT('',(-32.0319371877506,-45.466966030295,62.2));
#15612=CARTESIAN_POINT('',(-37.3352380466497,-50.7702668891941,62.2));
#15613=CARTESIAN_POINT('Origin',(-36.6281312654632,-51.4773736703807,62.2));
#15614=CARTESIAN_POINT('Origin',(-36.6281312654632,-51.4773736703807,61.2));
#15615=CARTESIAN_POINT('Origin',(-36.6281312654632,-51.4773736703807,62.2));
#15616=CARTESIAN_POINT('Origin',(-27.0150145752321,-51.7637519167612,62.2));
#15617=CARTESIAN_POINT('',(-31.6783837971573,-56.4271211386865,61.2));
#15618=CARTESIAN_POINT('',(-27.0150145752321,-51.7637519167612,61.2));
#15619=CARTESIAN_POINT('',(-24.0433983272956,-48.7921356688247,61.2));
#15620=CARTESIAN_POINT('',(-31.6783837971573,-56.4271211386865,62.2));
#15621=CARTESIAN_POINT('',(-31.6783837971573,-56.4271211386865,62.2));
#15622=CARTESIAN_POINT('',(-27.0150145752321,-51.7637519167612,62.2));
#15623=CARTESIAN_POINT('',(-24.0433983272956,-48.7921356688247,62.2));
#15624=CARTESIAN_POINT('',(-27.0150145752321,-51.7637519167612,62.2));
#15625=CARTESIAN_POINT('Origin',(-27.7221213564186,-51.0566451355747,62.2));
#15626=CARTESIAN_POINT('',(-28.4292281376052,-50.3495383543881,61.2));
#15627=CARTESIAN_POINT('Origin',(-27.7221213564186,-51.0566451355747,61.2));
#15628=CARTESIAN_POINT('',(-28.4292281376052,-50.3495383543881,62.2));
#15629=CARTESIAN_POINT('Origin',(-27.7221213564186,-51.0566451355747,62.2));
#15630=CARTESIAN_POINT('',(-28.4292281376052,-50.3495383543881,62.2));
#15631=CARTESIAN_POINT('Origin',(-33.0925973595304,-55.0129075763134,62.2));
#15632=CARTESIAN_POINT('',(-33.0925973595304,-55.0129075763134,61.2));
#15633=CARTESIAN_POINT('',(-27.7892965006313,-49.7096067174143,61.2));
#15634=CARTESIAN_POINT('',(-33.0925973595304,-55.0129075763134,62.2));
#15635=CARTESIAN_POINT('',(-27.7892965006313,-49.7096067174143,62.2));
#15636=CARTESIAN_POINT('',(-33.0925973595304,-55.0129075763134,62.2));
#15637=CARTESIAN_POINT('Origin',(-32.3854905783439,-55.7200143575,62.2));
#15638=CARTESIAN_POINT('Origin',(-32.3854905783439,-55.7200143575,61.2));
#15639=CARTESIAN_POINT('Origin',(-32.3854905783439,-55.7200143575,62.2));
#15640=CARTESIAN_POINT('Origin',(-25.4169532497505,-45.9230499041604,62.2));
#15641=CARTESIAN_POINT('',(-26.5907505065201,-47.09684716093,61.2));
#15642=CARTESIAN_POINT('',(-25.4169532497505,-45.9230499041604,61.2));
#15643=CARTESIAN_POINT('',(-24.3050278363346,-44.8111244907445,61.2));
#15644=CARTESIAN_POINT('',(-26.5907505065201,-47.09684716093,62.2));
#15645=CARTESIAN_POINT('',(-26.5907505065201,-47.09684716093,62.2));
#15646=CARTESIAN_POINT('',(-25.4169532497505,-45.9230499041604,62.2));
#15647=CARTESIAN_POINT('',(-24.3050278363346,-44.8111244907445,62.2));
#15648=CARTESIAN_POINT('',(-25.4169532497505,-45.9230499041604,62.2));
#15649=CARTESIAN_POINT('Origin',(-26.124060030937,-45.2159431229738,62.2));
#15650=CARTESIAN_POINT('',(-26.8311668121236,-44.5088363417872,61.2));
#15651=CARTESIAN_POINT('Origin',(-26.124060030937,-45.2159431229738,61.2));
#15652=CARTESIAN_POINT('',(-26.8311668121236,-44.5088363417872,62.2));
#15653=CARTESIAN_POINT('Origin',(-26.124060030937,-45.2159431229738,62.2));
#15654=CARTESIAN_POINT('',(-26.8311668121236,-44.5088363417872,62.2));
#15655=CARTESIAN_POINT('Origin',(-28.0049640688932,-45.6826335985569,62.2));
#15656=CARTESIAN_POINT('',(-28.0049640688932,-45.6826335985569,61.2));
#15657=CARTESIAN_POINT('',(-26.3061400270925,-43.9838095567562,61.2));
#15658=CARTESIAN_POINT('',(-28.0049640688932,-45.6826335985569,62.2));
#15659=CARTESIAN_POINT('',(-26.3061400270925,-43.9838095567562,62.2));
#15660=CARTESIAN_POINT('',(-28.0049640688932,-45.6826335985569,62.2));
#15661=CARTESIAN_POINT('Origin',(-27.2978572877067,-46.3897403797435,62.2));
#15662=CARTESIAN_POINT('Origin',(-27.2978572877067,-46.3897403797435,61.2));
#15663=CARTESIAN_POINT('Origin',(-27.2978572877067,-46.3897403797435,62.2));
#15664=CARTESIAN_POINT('Origin',(-29.6595939368698,-41.6804092170411,62.2));
#15665=CARTESIAN_POINT('',(-30.8333911936394,-42.8542064738107,61.2));
#15666=CARTESIAN_POINT('',(-29.6595939368698,-41.6804092170411,61.2));
#15667=CARTESIAN_POINT('',(-28.5476685234539,-40.5684838036252,61.2));
#15668=CARTESIAN_POINT('',(-30.8333911936394,-42.8542064738107,62.2));
#15669=CARTESIAN_POINT('',(-30.8333911936394,-42.8542064738107,62.2));
#15670=CARTESIAN_POINT('',(-29.6595939368698,-41.6804092170411,62.2));
#15671=CARTESIAN_POINT('',(-28.5476685234539,-40.5684838036252,62.2));
#15672=CARTESIAN_POINT('',(-29.6595939368698,-41.6804092170411,62.2));
#15673=CARTESIAN_POINT('Origin',(-30.3667007180563,-40.9733024358545,62.2));
#15674=CARTESIAN_POINT('',(-31.0738074992428,-40.2661956546679,61.2));
#15675=CARTESIAN_POINT('Origin',(-30.3667007180563,-40.9733024358545,61.2));
#15676=CARTESIAN_POINT('',(-31.0738074992428,-40.2661956546679,62.2));
#15677=CARTESIAN_POINT('Origin',(-30.3667007180563,-40.9733024358545,62.2));
#15678=CARTESIAN_POINT('',(-31.0738074992428,-40.2661956546679,62.2));
#15679=CARTESIAN_POINT('Origin',(-32.2476047560125,-41.4399929114376,62.2));
#15680=CARTESIAN_POINT('',(-32.2476047560125,-41.4399929114376,61.2));
#15681=CARTESIAN_POINT('',(-30.5487807142118,-39.7411688696369,61.2));
#15682=CARTESIAN_POINT('',(-32.2476047560125,-41.4399929114376,62.2));
#15683=CARTESIAN_POINT('',(-30.5487807142118,-39.7411688696369,62.2));
#15684=CARTESIAN_POINT('',(-32.2476047560125,-41.4399929114376,62.2));
#15685=CARTESIAN_POINT('Origin',(-31.540497974826,-42.1470996926242,62.2));
#15686=CARTESIAN_POINT('Origin',(-31.540497974826,-42.1470996926242,61.2));
#15687=CARTESIAN_POINT('Origin',(-31.540497974826,-42.1470996926242,62.2));
#15688=CARTESIAN_POINT('Origin',(-36.4902454431318,-37.1973522243183,62.2));
#15689=CARTESIAN_POINT('',(-35.3164481863621,-36.0235549675487,61.2));
#15690=CARTESIAN_POINT('',(-36.4902454431318,-37.1973522243183,61.2));
#15691=CARTESIAN_POINT('',(-34.7914214013311,-35.4985281825176,61.2));
#15692=CARTESIAN_POINT('',(-35.3164481863621,-36.0235549675487,62.2));
#15693=CARTESIAN_POINT('',(-35.3164481863621,-36.0235549675487,62.2));
#15694=CARTESIAN_POINT('',(-36.4902454431318,-37.1973522243183,62.2));
#15695=CARTESIAN_POINT('',(-34.7914214013311,-35.4985281825176,62.2));
#15696=CARTESIAN_POINT('',(-36.4902454431318,-37.1973522243183,62.2));
#15697=CARTESIAN_POINT('Origin',(-35.7831386619453,-37.9044590055049,62.2));
#15698=CARTESIAN_POINT('',(-35.0760318807587,-38.6115657866914,61.2));
#15699=CARTESIAN_POINT('Origin',(-35.7831386619453,-37.9044590055049,61.2));
#15700=CARTESIAN_POINT('',(-35.0760318807587,-38.6115657866914,62.2));
#15701=CARTESIAN_POINT('Origin',(-35.7831386619453,-37.9044590055049,62.2));
#15702=CARTESIAN_POINT('',(-35.0760318807587,-38.6115657866914,62.2));
#15703=CARTESIAN_POINT('Origin',(-33.902234623989,-37.4377685299218,62.2));
#15704=CARTESIAN_POINT('',(-33.902234623989,-37.4377685299218,61.2));
#15705=CARTESIAN_POINT('',(-32.7903092105732,-36.3258431165059,61.2));
#15706=CARTESIAN_POINT('',(-33.902234623989,-37.4377685299218,62.2));
#15707=CARTESIAN_POINT('',(-32.7903092105732,-36.3258431165059,62.2));
#15708=CARTESIAN_POINT('',(-33.902234623989,-37.4377685299218,62.2));
#15709=CARTESIAN_POINT('Origin',(-34.6093414051756,-36.7306617487352,62.2));
#15710=CARTESIAN_POINT('Origin',(-34.6093414051756,-36.7306617487352,61.2));
#15711=CARTESIAN_POINT('Origin',(-34.6093414051756,-36.7306617487352,62.2));
#15712=CARTESIAN_POINT('Origin',(-38.1448753111083,-33.1951278428025,62.2));
#15713=CARTESIAN_POINT('',(-39.318672567878,-34.3689250995722,61.2));
#15714=CARTESIAN_POINT('',(-38.1448753111083,-33.1951278428025,61.2));
#15715=CARTESIAN_POINT('',(-37.0329498976924,-32.0832024293866,61.2));
#15716=CARTESIAN_POINT('',(-39.318672567878,-34.3689250995722,62.2));
#15717=CARTESIAN_POINT('',(-39.318672567878,-34.3689250995722,62.2));
#15718=CARTESIAN_POINT('',(-38.1448753111083,-33.1951278428025,62.2));
#15719=CARTESIAN_POINT('',(-37.0329498976924,-32.0832024293866,62.2));
#15720=CARTESIAN_POINT('',(-38.1448753111083,-33.1951278428025,62.2));
#15721=CARTESIAN_POINT('Origin',(-38.8519820922949,-32.488021061616,62.2));
#15722=CARTESIAN_POINT('',(-39.5590888734814,-31.7809142804294,61.2));
#15723=CARTESIAN_POINT('Origin',(-38.8519820922949,-32.488021061616,61.2));
#15724=CARTESIAN_POINT('',(-39.5590888734814,-31.7809142804294,62.2));
#15725=CARTESIAN_POINT('Origin',(-38.8519820922949,-32.488021061616,62.2));
#15726=CARTESIAN_POINT('',(-39.5590888734814,-31.7809142804294,62.2));
#15727=CARTESIAN_POINT('Origin',(-40.7328861302511,-32.9547115371991,62.2));
#15728=CARTESIAN_POINT('',(-40.7328861302511,-32.9547115371991,61.2));
#15729=CARTESIAN_POINT('',(-39.0340620884504,-31.2558874953984,61.2));
#15730=CARTESIAN_POINT('',(-40.7328861302511,-32.9547115371991,62.2));
#15731=CARTESIAN_POINT('',(-39.0340620884504,-31.2558874953984,62.2));
#15732=CARTESIAN_POINT('',(-40.7328861302511,-32.9547115371991,62.2));
#15733=CARTESIAN_POINT('Origin',(-40.0257793490645,-33.6618183183856,62.2));
#15734=CARTESIAN_POINT('Origin',(-40.0257793490645,-33.6618183183856,61.2));
#15735=CARTESIAN_POINT('Origin',(-40.0257793490645,-33.6618183183856,62.2));
#15736=CARTESIAN_POINT('Origin',(-42.3875159982276,-28.9524871556832,62.2));
#15737=CARTESIAN_POINT('',(-43.5613132549973,-30.1262844124529,61.2));
#15738=CARTESIAN_POINT('',(-42.3875159982276,-28.9524871556832,61.2));
#15739=CARTESIAN_POINT('',(-41.2755905848118,-27.8405617422674,61.2));
#15740=CARTESIAN_POINT('',(-43.5613132549973,-30.1262844124529,62.2));
#15741=CARTESIAN_POINT('',(-43.5613132549973,-30.1262844124529,62.2));
#15742=CARTESIAN_POINT('',(-42.3875159982276,-28.9524871556832,62.2));
#15743=CARTESIAN_POINT('',(-41.2755905848118,-27.8405617422674,62.2));
#15744=CARTESIAN_POINT('',(-42.3875159982276,-28.9524871556832,62.2));
#15745=CARTESIAN_POINT('Origin',(-43.0946227794142,-28.2453803744967,62.2));
#15746=CARTESIAN_POINT('',(-43.8017295606007,-27.5382735933101,61.2));
#15747=CARTESIAN_POINT('Origin',(-43.0946227794142,-28.2453803744967,61.2));
#15748=CARTESIAN_POINT('',(-43.8017295606007,-27.5382735933101,62.2));
#15749=CARTESIAN_POINT('Origin',(-43.0946227794142,-28.2453803744967,62.2));
#15750=CARTESIAN_POINT('',(-43.8017295606007,-27.5382735933101,62.2));
#15751=CARTESIAN_POINT('Origin',(-44.9755268173704,-28.7120708500798,62.2));
#15752=CARTESIAN_POINT('',(-44.9755268173704,-28.7120708500798,61.2));
#15753=CARTESIAN_POINT('',(-43.2767027755697,-27.0132468082791,61.2));
#15754=CARTESIAN_POINT('',(-44.9755268173704,-28.7120708500798,62.2));
#15755=CARTESIAN_POINT('',(-43.2767027755697,-27.0132468082791,62.2));
#15756=CARTESIAN_POINT('',(-44.9755268173704,-28.7120708500798,62.2));
#15757=CARTESIAN_POINT('Origin',(-44.2684200361838,-29.4191776312663,62.2));
#15758=CARTESIAN_POINT('Origin',(-44.2684200361838,-29.4191776312663,61.2));
#15759=CARTESIAN_POINT('Origin',(-44.2684200361838,-29.4191776312663,62.2));
#15760=CARTESIAN_POINT('Origin',(-46.6301566853469,-24.7098464685639,62.2));
#15761=CARTESIAN_POINT('',(-47.8039539421166,-25.8836437253336,61.2));
#15762=CARTESIAN_POINT('',(-46.6301566853469,-24.7098464685639,61.2));
#15763=CARTESIAN_POINT('',(-45.518231271931,-23.5979210551481,61.2));
#15764=CARTESIAN_POINT('',(-47.8039539421166,-25.8836437253336,62.2));
#15765=CARTESIAN_POINT('',(-47.8039539421166,-25.8836437253336,62.2));
#15766=CARTESIAN_POINT('',(-46.6301566853469,-24.7098464685639,62.2));
#15767=CARTESIAN_POINT('',(-45.518231271931,-23.5979210551481,62.2));
#15768=CARTESIAN_POINT('',(-46.6301566853469,-24.7098464685639,62.2));
#15769=CARTESIAN_POINT('Origin',(-47.3372634665334,-24.0027396873774,62.2));
#15770=CARTESIAN_POINT('',(-48.04437024772,-23.2956329061908,61.2));
#15771=CARTESIAN_POINT('Origin',(-47.3372634665334,-24.0027396873774,61.2));
#15772=CARTESIAN_POINT('',(-48.04437024772,-23.2956329061908,62.2));
#15773=CARTESIAN_POINT('Origin',(-47.3372634665334,-24.0027396873774,62.2));
#15774=CARTESIAN_POINT('',(-48.04437024772,-23.2956329061908,62.2));
#15775=CARTESIAN_POINT('Origin',(-49.2181675044897,-24.4694301629605,62.2));
#15776=CARTESIAN_POINT('',(-49.2181675044897,-24.4694301629605,61.2));
#15777=CARTESIAN_POINT('',(-47.519343462689,-22.7706061211598,61.2));
#15778=CARTESIAN_POINT('',(-49.2181675044897,-24.4694301629605,62.2));
#15779=CARTESIAN_POINT('',(-47.519343462689,-22.7706061211598,62.2));
#15780=CARTESIAN_POINT('',(-49.2181675044897,-24.4694301629605,62.2));
#15781=CARTESIAN_POINT('Origin',(-48.5110607233031,-25.176536944147,62.2));
#15782=CARTESIAN_POINT('Origin',(-48.5110607233031,-25.176536944147,61.2));
#15783=CARTESIAN_POINT('Origin',(-48.5110607233031,-25.176536944147,62.2));
#15784=CARTESIAN_POINT('Origin',(-48.2282180108285,-30.5505484811648,62.2));
#15785=CARTESIAN_POINT('',(-52.8915872327538,-35.2139177030901,61.2));
#15786=CARTESIAN_POINT('',(-48.2282180108285,-30.5505484811648,61.2));
#15787=CARTESIAN_POINT('',(-45.256601762892,-27.5789322332283,61.2));
#15788=CARTESIAN_POINT('',(-52.8915872327538,-35.2139177030901,62.2));
#15789=CARTESIAN_POINT('',(-52.8915872327538,-35.2139177030901,62.2));
#15790=CARTESIAN_POINT('',(-48.2282180108285,-30.5505484811648,62.2));
#15791=CARTESIAN_POINT('',(-45.256601762892,-27.5789322332283,62.2));
#15792=CARTESIAN_POINT('',(-48.2282180108285,-30.5505484811648,62.2));
#15793=CARTESIAN_POINT('Origin',(-48.935324792015,-29.8434416999783,62.2));
#15794=CARTESIAN_POINT('',(-49.6424315732016,-29.1363349187917,61.2));
#15795=CARTESIAN_POINT('Origin',(-48.935324792015,-29.8434416999783,61.2));
#15796=CARTESIAN_POINT('',(-49.6424315732016,-29.1363349187917,62.2));
#15797=CARTESIAN_POINT('Origin',(-48.935324792015,-29.8434416999783,62.2));
#15798=CARTESIAN_POINT('',(-49.6424315732016,-29.1363349187917,62.2));
#15799=CARTESIAN_POINT('Origin',(-54.3058007951269,-33.799704140717,62.2));
#15800=CARTESIAN_POINT('',(-54.3058007951269,-33.799704140717,61.2));
#15801=CARTESIAN_POINT('',(-49.0024999362277,-28.4964032818179,61.2));
#15802=CARTESIAN_POINT('',(-54.3058007951269,-33.799704140717,62.2));
#15803=CARTESIAN_POINT('',(-49.0024999362277,-28.4964032818179,62.2));
#15804=CARTESIAN_POINT('',(-54.3058007951269,-33.799704140717,62.2));
#15805=CARTESIAN_POINT('Origin',(-53.5986940139403,-34.5068109219035,62.2));
#15806=CARTESIAN_POINT('Origin',(-53.5986940139403,-34.5068109219035,61.2));
#15807=CARTESIAN_POINT('Origin',(-53.5986940139403,-34.5068109219035,62.2));
#15808=CARTESIAN_POINT('Origin',(-40.266195654668,-31.0738074992429,62.2));
#15809=CARTESIAN_POINT('',(-41.4399929114376,-32.2476047560125,61.2));
#15810=CARTESIAN_POINT('',(-40.266195654668,-31.0738074992429,61.2));
#15811=CARTESIAN_POINT('',(-39.1542702412521,-29.961882085827,61.2));
#15812=CARTESIAN_POINT('',(-41.4399929114376,-32.2476047560125,62.2));
#15813=CARTESIAN_POINT('',(-41.4399929114376,-32.2476047560125,62.2));
#15814=CARTESIAN_POINT('',(-40.266195654668,-31.0738074992429,62.2));
#15815=CARTESIAN_POINT('',(-39.1542702412521,-29.961882085827,62.2));
#15816=CARTESIAN_POINT('',(-40.266195654668,-31.0738074992429,62.2));
#15817=CARTESIAN_POINT('Origin',(-40.9733024358545,-30.3667007180563,62.2));
#15818=CARTESIAN_POINT('',(-41.6804092170411,-29.6595939368698,61.2));
#15819=CARTESIAN_POINT('Origin',(-40.9733024358545,-30.3667007180563,61.2));
#15820=CARTESIAN_POINT('',(-41.6804092170411,-29.6595939368698,62.2));
#15821=CARTESIAN_POINT('Origin',(-40.9733024358545,-30.3667007180563,62.2));
#15822=CARTESIAN_POINT('',(-41.6804092170411,-29.6595939368698,62.2));
#15823=CARTESIAN_POINT('Origin',(-42.8542064738107,-30.8333911936394,62.2));
#15824=CARTESIAN_POINT('',(-42.8542064738107,-30.8333911936394,61.2));
#15825=CARTESIAN_POINT('',(-41.15538243201,-29.1345671518387,61.2));
#15826=CARTESIAN_POINT('',(-42.8542064738107,-30.8333911936394,62.2));
#15827=CARTESIAN_POINT('',(-41.15538243201,-29.1345671518387,62.2));
#15828=CARTESIAN_POINT('',(-42.8542064738107,-30.8333911936394,62.2));
#15829=CARTESIAN_POINT('Origin',(-42.1470996926242,-31.540497974826,62.2));
#15830=CARTESIAN_POINT('Origin',(-42.1470996926242,-31.540497974826,61.2));
#15831=CARTESIAN_POINT('Origin',(-42.1470996926242,-31.540497974826,62.2));
#15832=CARTESIAN_POINT('Origin',(-38.6115657866914,-35.0760318807587,62.2));
#15833=CARTESIAN_POINT('',(-37.4377685299218,-33.902234623989,61.2));
#15834=CARTESIAN_POINT('',(-38.6115657866914,-35.0760318807587,61.2));
#15835=CARTESIAN_POINT('',(-36.9127417448907,-33.377207838958,61.2));
#15836=CARTESIAN_POINT('',(-37.4377685299218,-33.902234623989,62.2));
#15837=CARTESIAN_POINT('',(-37.4377685299218,-33.902234623989,62.2));
#15838=CARTESIAN_POINT('',(-38.6115657866914,-35.0760318807587,62.2));
#15839=CARTESIAN_POINT('',(-36.9127417448907,-33.377207838958,62.2));
#15840=CARTESIAN_POINT('',(-38.6115657866914,-35.0760318807587,62.2));
#15841=CARTESIAN_POINT('Origin',(-37.9044590055049,-35.7831386619453,62.2));
#15842=CARTESIAN_POINT('',(-37.1973522243184,-36.4902454431318,61.2));
#15843=CARTESIAN_POINT('Origin',(-37.9044590055049,-35.7831386619453,61.2));
#15844=CARTESIAN_POINT('',(-37.1973522243184,-36.4902454431318,62.2));
#15845=CARTESIAN_POINT('Origin',(-37.9044590055049,-35.7831386619453,62.2));
#15846=CARTESIAN_POINT('',(-37.1973522243184,-36.4902454431318,62.2));
#15847=CARTESIAN_POINT('Origin',(-36.0235549675487,-35.3164481863621,62.2));
#15848=CARTESIAN_POINT('',(-36.0235549675487,-35.3164481863621,61.2));
#15849=CARTESIAN_POINT('',(-34.9116295541328,-34.2045227729463,61.2));
#15850=CARTESIAN_POINT('',(-36.0235549675487,-35.3164481863621,62.2));
#15851=CARTESIAN_POINT('',(-34.9116295541328,-34.2045227729463,62.2));
#15852=CARTESIAN_POINT('',(-36.0235549675487,-35.3164481863621,62.2));
#15853=CARTESIAN_POINT('Origin',(-36.7306617487352,-34.6093414051756,62.2));
#15854=CARTESIAN_POINT('Origin',(-36.7306617487352,-34.6093414051756,61.2));
#15855=CARTESIAN_POINT('Origin',(-36.7306617487352,-34.6093414051756,62.2));
#15856=CARTESIAN_POINT('Origin',(-31.7809142804294,-39.5590888734814,62.2));
#15857=CARTESIAN_POINT('',(-32.9547115371991,-40.7328861302511,61.2));
#15858=CARTESIAN_POINT('',(-31.7809142804294,-39.5590888734814,61.2));
#15859=CARTESIAN_POINT('',(-30.6689888670135,-38.4471634600656,61.2));
#15860=CARTESIAN_POINT('',(-32.9547115371991,-40.7328861302511,62.2));
#15861=CARTESIAN_POINT('',(-32.9547115371991,-40.7328861302511,62.2));
#15862=CARTESIAN_POINT('',(-31.7809142804294,-39.5590888734814,62.2));
#15863=CARTESIAN_POINT('',(-30.6689888670135,-38.4471634600656,62.2));
#15864=CARTESIAN_POINT('',(-31.7809142804294,-39.5590888734814,62.2));
#15865=CARTESIAN_POINT('Origin',(-32.4880210616159,-38.8519820922949,62.2));
#15866=CARTESIAN_POINT('',(-33.1951278428025,-38.1448753111083,61.2));
#15867=CARTESIAN_POINT('Origin',(-32.4880210616159,-38.8519820922949,61.2));
#15868=CARTESIAN_POINT('',(-33.1951278428025,-38.1448753111083,62.2));
#15869=CARTESIAN_POINT('Origin',(-32.4880210616159,-38.8519820922949,62.2));
#15870=CARTESIAN_POINT('',(-33.1951278428025,-38.1448753111083,62.2));
#15871=CARTESIAN_POINT('Origin',(-34.3689250995722,-39.318672567878,62.2));
#15872=CARTESIAN_POINT('',(-34.3689250995722,-39.318672567878,61.2));
#15873=CARTESIAN_POINT('',(-32.6701010577715,-37.6198485260773,61.2));
#15874=CARTESIAN_POINT('',(-34.3689250995722,-39.318672567878,62.2));
#15875=CARTESIAN_POINT('',(-32.6701010577715,-37.6198485260773,62.2));
#15876=CARTESIAN_POINT('',(-34.3689250995722,-39.318672567878,62.2));
#15877=CARTESIAN_POINT('Origin',(-33.6618183183856,-40.0257793490645,62.2));
#15878=CARTESIAN_POINT('Origin',(-33.6618183183856,-40.0257793490645,61.2));
#15879=CARTESIAN_POINT('Origin',(-33.6618183183856,-40.0257793490645,62.2));
#15880=CARTESIAN_POINT('Origin',(-27.5382735933101,-43.8017295606007,62.2));
#15881=CARTESIAN_POINT('',(-28.7120708500798,-44.9755268173704,61.2));
#15882=CARTESIAN_POINT('',(-27.5382735933101,-43.8017295606007,61.2));
#15883=CARTESIAN_POINT('',(-26.4263481798943,-42.6898041471848,61.2));
#15884=CARTESIAN_POINT('',(-28.7120708500798,-44.9755268173704,62.2));
#15885=CARTESIAN_POINT('',(-28.7120708500798,-44.9755268173704,62.2));
#15886=CARTESIAN_POINT('',(-27.5382735933101,-43.8017295606007,62.2));
#15887=CARTESIAN_POINT('',(-26.4263481798943,-42.6898041471848,62.2));
#15888=CARTESIAN_POINT('',(-27.5382735933101,-43.8017295606007,62.2));
#15889=CARTESIAN_POINT('Origin',(-28.2453803744967,-43.0946227794141,62.2));
#15890=CARTESIAN_POINT('',(-28.9524871556832,-42.3875159982276,61.2));
#15891=CARTESIAN_POINT('Origin',(-28.2453803744967,-43.0946227794141,61.2));
#15892=CARTESIAN_POINT('',(-28.9524871556832,-42.3875159982276,62.2));
#15893=CARTESIAN_POINT('Origin',(-28.2453803744967,-43.0946227794141,62.2));
#15894=CARTESIAN_POINT('',(-28.9524871556832,-42.3875159982276,62.2));
#15895=CARTESIAN_POINT('Origin',(-30.1262844124529,-43.5613132549973,62.2));
#15896=CARTESIAN_POINT('',(-30.1262844124529,-43.5613132549973,61.2));
#15897=CARTESIAN_POINT('',(-28.4274603706522,-41.8624892131966,61.2));
#15898=CARTESIAN_POINT('',(-30.1262844124529,-43.5613132549973,62.2));
#15899=CARTESIAN_POINT('',(-28.4274603706522,-41.8624892131966,62.2));
#15900=CARTESIAN_POINT('',(-30.1262844124529,-43.5613132549973,62.2));
#15901=CARTESIAN_POINT('Origin',(-29.4191776312663,-44.2684200361838,62.2));
#15902=CARTESIAN_POINT('Origin',(-29.4191776312663,-44.2684200361838,61.2));
#15903=CARTESIAN_POINT('Origin',(-29.4191776312663,-44.2684200361838,62.2));
#15904=CARTESIAN_POINT('Origin',(-29.1363349187917,-49.6424315732016,62.2));
#15905=CARTESIAN_POINT('',(-33.799704140717,-54.3058007951269,61.2));
#15906=CARTESIAN_POINT('',(-29.1363349187917,-49.6424315732016,61.2));
#15907=CARTESIAN_POINT('',(-26.1647186708552,-46.6708153252651,61.2));
#15908=CARTESIAN_POINT('',(-33.799704140717,-54.3058007951269,62.2));
#15909=CARTESIAN_POINT('',(-33.799704140717,-54.3058007951269,62.2));
#15910=CARTESIAN_POINT('',(-29.1363349187917,-49.6424315732016,62.2));
#15911=CARTESIAN_POINT('',(-26.1647186708552,-46.6708153252651,62.2));
#15912=CARTESIAN_POINT('',(-29.1363349187917,-49.6424315732016,62.2));
#15913=CARTESIAN_POINT('Origin',(-29.8434416999782,-48.935324792015,62.2));
#15914=CARTESIAN_POINT('',(-30.5505484811648,-48.2282180108285,61.2));
#15915=CARTESIAN_POINT('Origin',(-29.8434416999782,-48.935324792015,61.2));
#15916=CARTESIAN_POINT('',(-30.5505484811648,-48.2282180108285,62.2));
#15917=CARTESIAN_POINT('Origin',(-29.8434416999782,-48.935324792015,62.2));
#15918=CARTESIAN_POINT('',(-30.5505484811648,-48.2282180108285,62.2));
#15919=CARTESIAN_POINT('Origin',(-35.2139177030901,-52.8915872327538,62.2));
#15920=CARTESIAN_POINT('',(-35.2139177030901,-52.8915872327538,61.2));
#15921=CARTESIAN_POINT('',(-29.910616844191,-47.5882863738547,61.2));
#15922=CARTESIAN_POINT('',(-35.2139177030901,-52.8915872327538,62.2));
#15923=CARTESIAN_POINT('',(-29.910616844191,-47.5882863738547,62.2));
#15924=CARTESIAN_POINT('',(-35.2139177030901,-52.8915872327538,62.2));
#15925=CARTESIAN_POINT('Origin',(-34.5068109219035,-53.5986940139403,62.2));
#15926=CARTESIAN_POINT('Origin',(-34.5068109219035,-53.5986940139403,61.2));
#15927=CARTESIAN_POINT('Origin',(-34.5068109219035,-53.5986940139403,62.2));
#15928=CARTESIAN_POINT('Origin',(-46.8811795926681,-46.8811795926681,18.896));
#15929=CARTESIAN_POINT('',(-53.5716219765058,-38.7765236464573,18.896));
#15930=CARTESIAN_POINT('',(-54.2787287576924,-39.4836304276439,18.896));
#15931=CARTESIAN_POINT('Origin',(-46.1740728114815,-46.1740728114815,18.896));
#15932=CARTESIAN_POINT('Origin',(-62.2910821693654,-29.0570634535977,1.70710678118655));
#15933=CARTESIAN_POINT('',(-60.3768686069923,-29.9712770159708,1.));
#15934=CARTESIAN_POINT('',(-64.2052957317385,-28.1428498912246,2.41421356237309));
#15935=CARTESIAN_POINT('Origin',(-27.435743110038,-63.9124025129251,4.));
#15936=CARTESIAN_POINT('',(-26.435743110038,-63.9124025129251,6.));
#15937=CARTESIAN_POINT('',(-28.435743110038,-63.9124025129251,2.));
#15938=CARTESIAN_POINT('Origin',(-48.5024999362277,-42.8456456867354,60.4928932188135));
#15939=CARTESIAN_POINT('',(-57.3110046151697,-35.0371410077934,59.7857864376269));
#15940=CARTESIAN_POINT('',(-39.6939952572858,-50.6541503656773,61.2));
#15941=CARTESIAN_POINT('Origin',(-63.9124025129251,-27.4357431100381,27.1));
#15942=CARTESIAN_POINT('',(-63.9124025129251,-26.4357431100381,40.65));
#15943=CARTESIAN_POINT('',(-63.9124025129251,-28.4357431100381,13.55));
#15944=CARTESIAN_POINT('Origin',(-14.7078210486802,-52.1844804515672,8.));
#15945=CARTESIAN_POINT('',(-14.7078210486802,-52.1844804515672,4.));
#15946=CARTESIAN_POINT('Origin',(-47.2347329832614,-19.657568516986,1.));
#15947=CARTESIAN_POINT('',(-50.0631601080076,-16.8291413922398,1.));
#15948=CARTESIAN_POINT('Origin',(-65.6195092941116,-26.7286363288515,0.));
#15949=CARTESIAN_POINT('Origin',(-52.1844804515672,-14.7078210486802,54.2));
#15950=CARTESIAN_POINT('',(-52.1844804515672,-14.7078210486802,27.1));
#15951=CARTESIAN_POINT('Origin',(-19.657568516986,-47.2347329832614,61.2));
#15952=CARTESIAN_POINT('',(-36.2745778748699,-30.6177236253775,61.2));
#15953=CARTESIAN_POINT('Origin',(-62.7910821693654,-29.5570634535977,1.));
#15954=CARTESIAN_POINT('',(-31.6783837971573,-59.2555482634327,0.));
#15955=CARTESIAN_POINT('',(-31.6783837971573,-59.2555482634327,0.));
#15956=CARTESIAN_POINT('',(-62.0839753881789,-28.8499566724112,0.));
#15957=CARTESIAN_POINT('Origin',(-32.3854905783439,-59.9626550446193,8.));
#15958=CARTESIAN_POINT('',(-26.021529547665,-64.9124025129251,8.));
#15959=CARTESIAN_POINT('Origin',(-31.6783837971574,-59.2555482634327,8.));
#15960=CARTESIAN_POINT('',(-26.021529547665,-64.9124025129251,8.));
#15961=CARTESIAN_POINT('Origin',(-27.435743110038,-64.9124025129251,4.));
#15962=CARTESIAN_POINT('',(-26.0215295476649,-64.9124025129251,4.));
#15963=CARTESIAN_POINT('Origin',(-49.0024999362277,-43.3456456867354,61.2));
#15964=CARTESIAN_POINT('',(-59.2555482634327,-31.6783837971573,62.2));
#15965=CARTESIAN_POINT('',(-48.2953931550412,-42.6385389055488,62.2));
#15966=CARTESIAN_POINT('',(-59.2555482634327,-31.6783837971573,62.2));
#15967=CARTESIAN_POINT('Origin',(-59.9626550446192,-32.3854905783439,54.2));
#15968=CARTESIAN_POINT('',(-64.9124025129251,-26.021529547665,54.2));
#15969=CARTESIAN_POINT('Origin',(-59.2555482634327,-31.6783837971573,54.2));
#15970=CARTESIAN_POINT('',(-64.9124025129251,-26.021529547665,54.2));
#15971=CARTESIAN_POINT('Origin',(-64.9124025129251,-27.4357431100381,27.1));
#15972=CARTESIAN_POINT('',(-64.9124025129251,-26.021529547665,27.1));
#15973=CARTESIAN_POINT('Origin',(-14.0007142674936,-52.8915872327537,8.));
#15974=CARTESIAN_POINT('',(-14.0007142674936,-52.8915872327537,8.));
#15975=CARTESIAN_POINT('',(-14.0007142674936,-52.8915872327537,8.));
#15976=CARTESIAN_POINT('',(-14.0007142674936,-52.8915872327537,54.2));
#15977=CARTESIAN_POINT('',(-14.0007142674936,-52.8915872327537,0.));
#15978=CARTESIAN_POINT('',(-14.0007142674936,-52.8915872327537,54.2));
#15979=CARTESIAN_POINT('Origin',(-19.6575685169861,-47.2347329832614,8.));
#15980=CARTESIAN_POINT('',(-19.657568516986,-47.2347329832614,0.));
#15981=CARTESIAN_POINT('',(-19.657568516986,-47.2347329832614,0.));
#15982=CARTESIAN_POINT('Origin',(-19.6575685169861,-47.2347329832614,8.));
#15983=CARTESIAN_POINT('Origin',(-47.2347329832614,-19.657568516986,0.));
#15984=CARTESIAN_POINT('',(-47.2347329832614,-19.657568516986,0.));
#15985=CARTESIAN_POINT('',(-47.2347329832614,-19.657568516986,0.));
#15986=CARTESIAN_POINT('',(-52.8915872327538,-14.0007142674937,0.));
#15987=CARTESIAN_POINT('Origin',(-47.2347329832614,-19.657568516986,8.));
#15988=CARTESIAN_POINT('',(-52.8915872327538,-14.0007142674937,8.));
#15989=CARTESIAN_POINT('',(-52.8915872327538,-14.0007142674937,8.));
#15990=CARTESIAN_POINT('Origin',(-47.2347329832614,-19.657568516986,8.));
#15991=CARTESIAN_POINT('Origin',(-52.8915872327538,-14.0007142674937,54.2));
#15992=CARTESIAN_POINT('',(-52.8915872327538,-14.0007142674937,54.2));
#15993=CARTESIAN_POINT('',(-52.8915872327538,-14.0007142674937,54.2));
#15994=CARTESIAN_POINT('',(-52.8915872327538,-14.0007142674937,0.));
#15995=CARTESIAN_POINT('Origin',(-47.2347329832614,-19.657568516986,54.2));
#15996=CARTESIAN_POINT('',(-47.2347329832614,-19.657568516986,62.2));
#15997=CARTESIAN_POINT('',(-47.2347329832614,-19.657568516986,62.2));
#15998=CARTESIAN_POINT('Origin',(-47.2347329832614,-19.657568516986,54.2));
#15999=CARTESIAN_POINT('Origin',(-19.657568516986,-47.2347329832614,62.2));
#16000=CARTESIAN_POINT('',(-19.657568516986,-47.2347329832614,62.2));
#16001=CARTESIAN_POINT('',(-19.657568516986,-47.2347329832614,62.2));
#16002=CARTESIAN_POINT('',(-52.8915872327538,-14.0007142674937,62.2));
#16003=CARTESIAN_POINT('Origin',(-19.6575685169861,-47.2347329832614,54.2));
#16004=CARTESIAN_POINT('Origin',(-19.6575685169861,-47.2347329832614,54.2));
#16005=CARTESIAN_POINT('Origin',(-52.8915872327538,-14.0007142674937,0.));
#16006=UNCERTAINTY_MEASURE_WITH_UNIT(LENGTH_MEASURE(0.01),#16010,
'DISTANCE_ACCURACY_VALUE',
'Maximum model space distance between geometric entities at asserted c
onnectivities');
#16007=UNCERTAINTY_MEASURE_WITH_UNIT(LENGTH_MEASURE(0.01),#16010,
'DISTANCE_ACCURACY_VALUE',
'Maximum model space distance between geometric entities at asserted c
onnectivities');
#16008=(
GEOMETRIC_REPRESENTATION_CONTEXT(3)
GLOBAL_UNCERTAINTY_ASSIGNED_CONTEXT((#16006))
GLOBAL_UNIT_ASSIGNED_CONTEXT((#16010,#16011,#16012))
REPRESENTATION_CONTEXT('','3D')
);
#16009=(
GEOMETRIC_REPRESENTATION_CONTEXT(3)
GLOBAL_UNCERTAINTY_ASSIGNED_CONTEXT((#16007))
GLOBAL_UNIT_ASSIGNED_CONTEXT((#16010,#16011,#16012))
REPRESENTATION_CONTEXT('','3D')
);
#16010=(
LENGTH_UNIT()
NAMED_UNIT(*)
SI_UNIT(.MILLI.,.METRE.)
);
#16011=(
NAMED_UNIT(*)
PLANE_ANGLE_UNIT()
SI_UNIT($,.RADIAN.)
);
#16012=(
NAMED_UNIT(*)
SI_UNIT($,.STERADIAN.)
SOLID_ANGLE_UNIT()
);
#16013=SHAPE_DEFINITION_REPRESENTATION(#16014,#16015);
#16014=PRODUCT_DEFINITION_SHAPE('',$,#16017);
#16015=SHAPE_REPRESENTATION('',(#9574),#16008);
#16016=PRODUCT_DEFINITION_CONTEXT('part definition',#16021,'design');
#16017=PRODUCT_DEFINITION('Enclosure Wallplate with SEN6X',
'Enclosure Wallplate with SEN6X v12',#16018,#16016);
#16018=PRODUCT_DEFINITION_FORMATION('',$,#16023);
#16019=PRODUCT_RELATED_PRODUCT_CATEGORY(
'Enclosure Wallplate with SEN6X v12',
'Enclosure Wallplate with SEN6X v12',(#16023));
#16020=APPLICATION_PROTOCOL_DEFINITION('international standard',
'automotive_design',2009,#16021);
#16021=APPLICATION_CONTEXT(
'Core Data for Automotive Mechanical Design Process');
#16022=PRODUCT_CONTEXT('part definition',#16021,'mechanical');
#16023=PRODUCT('Enclosure Wallplate with SEN6X',
'Enclosure Wallplate with SEN6X v12',$,(#16022));
#16024=PRESENTATION_STYLE_ASSIGNMENT((#16026));
#16025=PRESENTATION_STYLE_ASSIGNMENT((#16027));
#16026=SURFACE_STYLE_USAGE(.BOTH.,#16028);
#16027=SURFACE_STYLE_USAGE(.BOTH.,#16029);
#16028=SURFACE_SIDE_STYLE('',(#16030));
#16029=SURFACE_SIDE_STYLE('',(#16031));
#16030=SURFACE_STYLE_FILL_AREA(#16032);
#16031=SURFACE_STYLE_FILL_AREA(#16033);
#16032=FILL_AREA_STYLE('Steel - Satin',(#16034));
#16033=FILL_AREA_STYLE('Plastic - Matte (White)',(#16035));
#16034=FILL_AREA_STYLE_COLOUR('Steel - Satin',#16036);
#16035=FILL_AREA_STYLE_COLOUR('Plastic - Matte (White)',#16037);
#16036=COLOUR_RGB('Steel - Satin',0.627450980392157,0.627450980392157,0.627450980392157);
#16037=COLOUR_RGB('Plastic - Matte (White)',0.964705882352941,0.964705882352941,
0.952941176470588);
ENDSEC;
END-ISO-10303-21;
