ISO-10303-21;
HEADER;
/* Generated by software containing ST-Developer
 * from STEP Tools, Inc. (www.steptools.com) 
 */

FILE_DESCRIPTION(
/* description */ (''),
/* implementation_level */ '2;1');

FILE_NAME(
/* name */ 
'ESPHome-Indoor-Multi-Sensor-Wallplate-Right-Facing-SEN66.step',
/* time_stamp */ '2025-09-30T18:47:07-05:00',
/* author */ (''),
/* organization */ (''),
/* preprocessor_version */ 'ST-DEVELOPER v20.1',
/* originating_system */ 'Autodesk Translation Framework v14.17.0.0',
/* authorisation */ '');

FILE_SCHEMA (('AUTOMOTIVE_DESIGN { 1 0 10303 214 3 1 1 }'));
ENDSEC;

DATA;
#10=MECHANICAL_DESIGN_GEOMETRIC_PRESENTATION_REPRESENTATION('',(#51,#52,
#53,#54,#55,#56,#57),#10146);
#11=ITEM_DEFINED_TRANSFORMATION($,$,#5523,#6020);
#12=(
REPRESENTATION_RELATIONSHIP($,$,#10157,#10156)
REPRESENTATION_RELATIONSHIP_WITH_TRANSFORMATION(#11)
SHAPE_REPRESENTATION_RELATIONSHIP()
);
#13=CONTEXT_DEPENDENT_SHAPE_REPRESENTATION(#12,#10155);
#14=NEXT_ASSEMBLY_USAGE_OCCURRENCE('Wall Plates v2:1',
'Wall Plates v2:1','Wall Plates v2:1',#10159,#10160,'Wall Plates v2:1');
#15=TOROIDAL_SURFACE('',#5632,6.50000000000001,0.5);
#16=TOROIDAL_SURFACE('',#5643,4.5,0.5);
#17=TOROIDAL_SURFACE('',#5668,6.5,0.5);
#18=TOROIDAL_SURFACE('',#5679,4.5,0.5);
#19=TOROIDAL_SURFACE('',#5713,4.49999999999999,0.5);
#20=TOROIDAL_SURFACE('',#5720,6.49999999999999,0.5);
#21=TOROIDAL_SURFACE('',#5745,4.50000000000002,0.5);
#22=TOROIDAL_SURFACE('',#5751,5.50000000000001,0.5);
#23=TOROIDAL_SURFACE('',#5757,5.50000000000002,0.5);
#24=TOROIDAL_SURFACE('',#5763,4.50000000000006,0.5);
#25=TOROIDAL_SURFACE('',#5795,6.5,0.5);
#26=TOROIDAL_SURFACE('',#5806,4.5,0.5);
#27=TOROIDAL_SURFACE('',#5887,6.565,1.435);
#28=TOROIDAL_SURFACE('',#5890,6.565,1.435);
#29=TOROIDAL_SURFACE('',#5900,4.95602224193583,1.435);
#30=TOROIDAL_SURFACE('',#5907,12.2060222419358,1.435);
#31=SPHERICAL_SURFACE('',#5624,0.499999999999999);
#32=SPHERICAL_SURFACE('',#5628,0.500000000000002);
#33=SPHERICAL_SURFACE('',#5635,0.500000000000002);
#34=SPHERICAL_SURFACE('',#5639,0.499999999999992);
#35=SPHERICAL_SURFACE('',#5660,0.499999999999999);
#36=SPHERICAL_SURFACE('',#5664,0.499999999999987);
#37=SPHERICAL_SURFACE('',#5671,0.499999999999987);
#38=SPHERICAL_SURFACE('',#5675,0.5);
#39=SPHERICAL_SURFACE('',#5696,0.500000000000002);
#40=SPHERICAL_SURFACE('',#5700,0.500000000000002);
#41=SPHERICAL_SURFACE('',#5704,0.500000000000002);
#42=SPHERICAL_SURFACE('',#5708,0.499999999999999);
#43=SPHERICAL_SURFACE('',#5787,0.499999999999999);
#44=SPHERICAL_SURFACE('',#5791,0.499999999999999);
#45=SPHERICAL_SURFACE('',#5798,0.499999999999999);
#46=SPHERICAL_SURFACE('',#5802,0.500000000000001);
#47=SHAPE_REPRESENTATION_RELATIONSHIP('SRR','None',#10157,#49);
#48=SHAPE_REPRESENTATION_RELATIONSHIP('SRR','None',#10156,#50);
#49=ADVANCED_BREP_SHAPE_REPRESENTATION('',(#58,#59,#60),#10145);
#50=ADVANCED_BREP_SHAPE_REPRESENTATION('',(#61,#62,#63,#64),#10144);
#51=STYLED_ITEM('',(#10172),#58);
#52=STYLED_ITEM('',(#10172),#59);
#53=STYLED_ITEM('',(#10172),#60);
#54=STYLED_ITEM('',(#10171),#61);
#55=STYLED_ITEM('',(#10170),#62);
#56=STYLED_ITEM('',(#10170),#63);
#57=STYLED_ITEM('',(#10170),#64);
#58=MANIFOLD_SOLID_BREP('Body1',#5503);
#59=MANIFOLD_SOLID_BREP('Body4',#5504);
#60=MANIFOLD_SOLID_BREP('Body3',#5505);
#61=MANIFOLD_SOLID_BREP('Back Body',#5506);
#62=MANIFOLD_SOLID_BREP('Body79',#5507);
#63=MANIFOLD_SOLID_BREP('Body80',#5508);
#64=MANIFOLD_SOLID_BREP('Body81',#5509);
#65=CONICAL_SURFACE('',#5568,2.848,0.715584993317675);
#66=CONICAL_SURFACE('',#5572,2.848,0.715584993317675);
#67=CONICAL_SURFACE('',#5594,1.7,0.10471975511966);
#68=CONICAL_SURFACE('',#5609,1.7,0.10471975511966);
#69=FACE_BOUND('',#1742,.T.);
#70=FACE_BOUND('',#1743,.T.);
#71=FACE_BOUND('',#1744,.T.);
#72=FACE_BOUND('',#1777,.T.);
#73=FACE_BOUND('',#1778,.T.);
#74=FACE_BOUND('',#1780,.T.);
#75=FACE_BOUND('',#1789,.T.);
#76=FACE_BOUND('',#1791,.T.);
#77=FACE_BOUND('',#1800,.T.);
#78=FACE_BOUND('',#1802,.T.);
#79=FACE_BOUND('',#1889,.T.);
#80=FACE_BOUND('',#1929,.T.);
#81=FACE_BOUND('',#1939,.T.);
#82=FACE_BOUND('',#1940,.T.);
#83=FACE_BOUND('',#1941,.T.);
#84=FACE_BOUND('',#1974,.T.);
#85=FACE_BOUND('',#1975,.T.);
#86=FACE_BOUND('',#1976,.T.);
#87=FACE_BOUND('',#1982,.T.);
#88=FACE_BOUND('',#1985,.T.);
#89=FACE_BOUND('',#1988,.T.);
#90=FACE_BOUND('',#1990,.T.);
#91=FACE_BOUND('',#2056,.T.);
#92=FACE_BOUND('',#2058,.T.);
#93=PLANE('',#5533);
#94=PLANE('',#5534);
#95=PLANE('',#5548);
#96=PLANE('',#5551);
#97=PLANE('',#5552);
#98=PLANE('',#5553);
#99=PLANE('',#5554);
#100=PLANE('',#5561);
#101=PLANE('',#5562);
#102=PLANE('',#5563);
#103=PLANE('',#5564);
#104=PLANE('',#5565);
#105=PLANE('',#5566);
#106=PLANE('',#5567);
#107=PLANE('',#5592);
#108=PLANE('',#5593);
#109=PLANE('',#5600);
#110=PLANE('',#5601);
#111=PLANE('',#5602);
#112=PLANE('',#5606);
#113=PLANE('',#5607);
#114=PLANE('',#5608);
#115=PLANE('',#5612);
#116=PLANE('',#5616);
#117=PLANE('',#5617);
#118=PLANE('',#5618);
#119=PLANE('',#5622);
#120=PLANE('',#5623);
#121=PLANE('',#5658);
#122=PLANE('',#5659);
#123=PLANE('',#5694);
#124=PLANE('',#5695);
#125=PLANE('',#5730);
#126=PLANE('',#5733);
#127=PLANE('',#5736);
#128=PLANE('',#5740);
#129=PLANE('',#5741);
#130=PLANE('',#5771);
#131=PLANE('',#5775);
#132=PLANE('',#5778);
#133=PLANE('',#5781);
#134=PLANE('',#5784);
#135=PLANE('',#5786);
#136=PLANE('',#5825);
#137=PLANE('',#5832);
#138=PLANE('',#5833);
#139=PLANE('',#5834);
#140=PLANE('',#5835);
#141=PLANE('',#5836);
#142=PLANE('',#5837);
#143=PLANE('',#5838);
#144=PLANE('',#5839);
#145=PLANE('',#5840);
#146=PLANE('',#5841);
#147=PLANE('',#5842);
#148=PLANE('',#5843);
#149=PLANE('',#5844);
#150=PLANE('',#5845);
#151=PLANE('',#5846);
#152=PLANE('',#5847);
#153=PLANE('',#5848);
#154=PLANE('',#5849);
#155=PLANE('',#5850);
#156=PLANE('',#5851);
#157=PLANE('',#5852);
#158=PLANE('',#5853);
#159=PLANE('',#5854);
#160=PLANE('',#5855);
#161=PLANE('',#5856);
#162=PLANE('',#5857);
#163=PLANE('',#5858);
#164=PLANE('',#5864);
#165=PLANE('',#5865);
#166=PLANE('',#5866);
#167=PLANE('',#5875);
#168=PLANE('',#5876);
#169=PLANE('',#5877);
#170=PLANE('',#5895);
#171=PLANE('',#5898);
#172=PLANE('',#5899);
#173=PLANE('',#5913);
#174=PLANE('',#5914);
#175=PLANE('',#5919);
#176=PLANE('',#5922);
#177=PLANE('',#5923);
#178=PLANE('',#5928);
#179=PLANE('',#5931);
#180=PLANE('',#5932);
#181=PLANE('',#5933);
#182=PLANE('',#5941);
#183=PLANE('',#5950);
#184=PLANE('',#5966);
#185=PLANE('',#5967);
#186=PLANE('',#5968);
#187=PLANE('',#5969);
#188=PLANE('',#5970);
#189=PLANE('',#5971);
#190=PLANE('',#5972);
#191=PLANE('',#5973);
#192=PLANE('',#5974);
#193=PLANE('',#5975);
#194=PLANE('',#5976);
#195=PLANE('',#5977);
#196=PLANE('',#5978);
#197=PLANE('',#5979);
#198=PLANE('',#5980);
#199=PLANE('',#5981);
#200=PLANE('',#5982);
#201=PLANE('',#5983);
#202=PLANE('',#5984);
#203=PLANE('',#5985);
#204=PLANE('',#5986);
#205=PLANE('',#5987);
#206=PLANE('',#5989);
#207=PLANE('',#5991);
#208=PLANE('',#5992);
#209=PLANE('',#5993);
#210=PLANE('',#5994);
#211=PLANE('',#5995);
#212=PLANE('',#5996);
#213=PLANE('',#5997);
#214=PLANE('',#5998);
#215=PLANE('',#5999);
#216=PLANE('',#6000);
#217=PLANE('',#6001);
#218=PLANE('',#6002);
#219=PLANE('',#6003);
#220=PLANE('',#6004);
#221=PLANE('',#6005);
#222=PLANE('',#6006);
#223=PLANE('',#6007);
#224=PLANE('',#6008);
#225=PLANE('',#6009);
#226=PLANE('',#6010);
#227=PLANE('',#6011);
#228=PLANE('',#6012);
#229=PLANE('',#6013);
#230=PLANE('',#6014);
#231=PLANE('',#6015);
#232=PLANE('',#6016);
#233=PLANE('',#6017);
#234=PLANE('',#6018);
#235=PLANE('',#6019);
#236=CIRCLE('',#5527,0.5);
#237=CIRCLE('',#5535,2.1525);
#238=CIRCLE('',#5536,2.1525);
#239=CIRCLE('',#5546,0.5);
#240=CIRCLE('',#5557,4.50000000000002);
#241=CIRCLE('',#5560,3.00000000000001);
#242=CIRCLE('',#5569,3.5435);
#243=CIRCLE('',#5570,2.1525);
#244=CIRCLE('',#5573,3.5435);
#245=CIRCLE('',#5574,2.1525);
#246=CIRCLE('',#5595,1.7);
#247=CIRCLE('',#5596,1.22703094130445);
#248=CIRCLE('',#5598,3.);
#249=CIRCLE('',#5599,3.);
#250=CIRCLE('',#5604,3.);
#251=CIRCLE('',#5605,3.);
#252=CIRCLE('',#5610,1.7);
#253=CIRCLE('',#5611,1.22703094130445);
#254=CIRCLE('',#5614,3.);
#255=CIRCLE('',#5615,3.);
#256=CIRCLE('',#5620,3.00000000000001);
#257=CIRCLE('',#5621,3.00000000000001);
#258=CIRCLE('',#5625,0.499999999999999);
#259=CIRCLE('',#5626,0.499999999999999);
#260=CIRCLE('',#5627,0.5);
#261=CIRCLE('',#5629,0.499999999999997);
#262=CIRCLE('',#5630,0.500000000000002);
#263=CIRCLE('',#5631,0.499999999999998);
#264=CIRCLE('',#5633,6.50000000000001);
#265=CIRCLE('',#5634,7.00000000000001);
#266=CIRCLE('',#5636,0.500000000000004);
#267=CIRCLE('',#5637,0.500000000000002);
#268=CIRCLE('',#5638,0.499999999999999);
#269=CIRCLE('',#5640,0.499999999999999);
#270=CIRCLE('',#5641,0.499999999999992);
#271=CIRCLE('',#5642,0.499999999999998);
#272=CIRCLE('',#5644,4.5);
#273=CIRCLE('',#5645,4.);
#274=CIRCLE('',#5647,0.5);
#275=CIRCLE('',#5651,0.5);
#276=CIRCLE('',#5653,0.5);
#277=CIRCLE('',#5655,0.5);
#278=CIRCLE('',#5657,4.);
#279=CIRCLE('',#5661,0.500000000000002);
#280=CIRCLE('',#5662,0.499999999999999);
#281=CIRCLE('',#5663,0.499999999999994);
#282=CIRCLE('',#5665,0.500000000000001);
#283=CIRCLE('',#5666,0.499999999999986);
#284=CIRCLE('',#5667,0.499999999999999);
#285=CIRCLE('',#5669,6.5);
#286=CIRCLE('',#5670,7.);
#287=CIRCLE('',#5672,0.500000000000001);
#288=CIRCLE('',#5673,0.499999999999986);
#289=CIRCLE('',#5674,0.5);
#290=CIRCLE('',#5676,0.499999999999999);
#291=CIRCLE('',#5677,0.5);
#292=CIRCLE('',#5678,0.500000000000005);
#293=CIRCLE('',#5680,4.5);
#294=CIRCLE('',#5681,4.);
#295=CIRCLE('',#5683,0.5);
#296=CIRCLE('',#5687,0.5);
#297=CIRCLE('',#5689,0.5);
#298=CIRCLE('',#5691,0.5);
#299=CIRCLE('',#5693,4.);
#300=CIRCLE('',#5697,0.499999999999998);
#301=CIRCLE('',#5698,0.500000000000002);
#302=CIRCLE('',#5699,0.499999999999994);
#303=CIRCLE('',#5701,0.500000000000001);
#304=CIRCLE('',#5702,0.500000000000002);
#305=CIRCLE('',#5703,0.499999999999998);
#306=CIRCLE('',#5705,0.499999999999999);
#307=CIRCLE('',#5706,0.500000000000002);
#308=CIRCLE('',#5707,0.5);
#309=CIRCLE('',#5709,0.499999999999999);
#310=CIRCLE('',#5710,0.499999999999999);
#311=CIRCLE('',#5711,0.500000000000005);
#312=CIRCLE('',#5714,4.49999999999999);
#313=CIRCLE('',#5715,3.99999999999999);
#314=CIRCLE('',#5719,0.5);
#315=CIRCLE('',#5721,6.49999999999999);
#316=CIRCLE('',#5722,6.99999999999999);
#317=CIRCLE('',#5727,0.5);
#318=CIRCLE('',#5731,0.5);
#319=CIRCLE('',#5732,0.5);
#320=CIRCLE('',#5735,0.5);
#321=CIRCLE('',#5738,0.5);
#322=CIRCLE('',#5739,0.5);
#323=CIRCLE('',#5743,0.5);
#324=CIRCLE('',#5744,0.499999999999993);
#325=CIRCLE('',#5746,0.500000000000012);
#326=CIRCLE('',#5747,5.00000000000002);
#327=CIRCLE('',#5748,4.50000000000002);
#328=CIRCLE('',#5750,0.499999999999999);
#329=CIRCLE('',#5752,0.500000000000012);
#330=CIRCLE('',#5753,5.00000000000001);
#331=CIRCLE('',#5754,5.50000000000001);
#332=CIRCLE('',#5756,0.499999999999999);
#333=CIRCLE('',#5758,0.500000000000012);
#334=CIRCLE('',#5759,5.00000000000002);
#335=CIRCLE('',#5760,5.50000000000002);
#336=CIRCLE('',#5762,0.499999999999996);
#337=CIRCLE('',#5764,0.500000000000008);
#338=CIRCLE('',#5765,5.00000000000006);
#339=CIRCLE('',#5766,4.50000000000006);
#340=CIRCLE('',#5770,0.5);
#341=CIRCLE('',#5772,4.50000000000001);
#342=CIRCLE('',#5774,5.00000000000002);
#343=CIRCLE('',#5777,5.00000000000001);
#344=CIRCLE('',#5780,5.00000000000002);
#345=CIRCLE('',#5783,5.00000000000006);
#346=CIRCLE('',#5785,3.00000000000001);
#347=CIRCLE('',#5788,0.499999999999999);
#348=CIRCLE('',#5789,0.499999999999999);
#349=CIRCLE('',#5790,0.500000000000001);
#350=CIRCLE('',#5792,0.5);
#351=CIRCLE('',#5793,0.499999999999999);
#352=CIRCLE('',#5794,0.5);
#353=CIRCLE('',#5796,6.5);
#354=CIRCLE('',#5797,7.);
#355=CIRCLE('',#5799,0.5);
#356=CIRCLE('',#5800,0.499999999999999);
#357=CIRCLE('',#5801,0.500000000000002);
#358=CIRCLE('',#5803,0.500000000000002);
#359=CIRCLE('',#5804,0.500000000000001);
#360=CIRCLE('',#5805,0.5);
#361=CIRCLE('',#5807,4.5);
#362=CIRCLE('',#5808,4.);
#363=CIRCLE('',#5810,0.5);
#364=CIRCLE('',#5820,0.5);
#365=CIRCLE('',#5822,0.5);
#366=CIRCLE('',#5859,7.);
#367=CIRCLE('',#5860,7.);
#368=CIRCLE('',#5861,7.00000000000001);
#369=CIRCLE('',#5862,7.00000000000001);
#370=CIRCLE('',#5863,6.99999999999999);
#371=CIRCLE('',#5867,7.);
#372=CIRCLE('',#5868,7.);
#373=CIRCLE('',#5869,7.);
#374=CIRCLE('',#5870,7.);
#375=CIRCLE('',#5871,8.);
#376=CIRCLE('',#5872,8.);
#377=CIRCLE('',#5873,8.);
#378=CIRCLE('',#5874,8.);
#379=CIRCLE('',#5878,7.);
#380=CIRCLE('',#5880,1.435);
#381=CIRCLE('',#5881,1.435);
#382=CIRCLE('',#5886,1.435);
#383=CIRCLE('',#5888,8.);
#384=CIRCLE('',#5889,6.565);
#385=CIRCLE('',#5891,6.565);
#386=CIRCLE('',#5892,1.43500000000027);
#387=CIRCLE('',#5893,8.);
#388=CIRCLE('',#5896,4.95602224193583);
#389=CIRCLE('',#5897,12.2060222419358);
#390=CIRCLE('',#5901,1.43499999999942);
#391=CIRCLE('',#5902,3.52102224193583);
#392=CIRCLE('',#5903,3.52102224193583);
#393=CIRCLE('',#5904,1.435);
#394=CIRCLE('',#5906,3.52102224193583);
#395=CIRCLE('',#5908,1.43499999999996);
#396=CIRCLE('',#5909,10.7710222419358);
#397=CIRCLE('',#5910,1.435);
#398=CIRCLE('',#5912,10.7710222419358);
#399=CIRCLE('',#5916,8.);
#400=CIRCLE('',#5918,4.50000000000002);
#401=CIRCLE('',#5921,3.00000000000001);
#402=CIRCLE('',#5925,3.00000000000001);
#403=CIRCLE('',#5927,4.50000000000001);
#404=CIRCLE('',#5930,8.);
#405=CIRCLE('',#5937,7.);
#406=CIRCLE('',#5940,7.);
#407=CIRCLE('',#5943,6.99999999999999);
#408=CIRCLE('',#5946,6.99999999999999);
#409=CIRCLE('',#5949,6.99999999999999);
#410=CIRCLE('',#5952,7.);
#411=CIRCLE('',#5955,7.);
#412=CIRCLE('',#5958,7.);
#413=CIRCLE('',#5962,7.00000000000001);
#414=CIRCLE('',#5965,7.00000000000001);
#415=LINE('',#7548,#880);
#416=LINE('',#7557,#881);
#417=LINE('',#7563,#882);
#418=LINE('',#7566,#883);
#419=LINE('',#7569,#884);
#420=LINE('',#7572,#885);
#421=LINE('',#7575,#886);
#422=LINE('',#7577,#887);
#423=LINE('',#7578,#888);
#424=LINE('',#7582,#889);
#425=LINE('',#7584,#890);
#426=LINE('',#7586,#891);
#427=LINE('',#7587,#892);
#428=LINE('',#7593,#893);
#429=LINE('',#7595,#894);
#430=LINE('',#7599,#895);
#431=LINE('',#7603,#896);
#432=LINE('',#7605,#897);
#433=LINE('',#7607,#898);
#434=LINE('',#7609,#899);
#435=LINE('',#7613,#900);
#436=LINE('',#7614,#901);
#437=LINE('',#7618,#902);
#438=LINE('',#7638,#903);
#439=LINE('',#7644,#904);
#440=LINE('',#7704,#905);
#441=LINE('',#7706,#906);
#442=LINE('',#7707,#907);
#443=LINE('',#7710,#908);
#444=LINE('',#7714,#909);
#445=LINE('',#7715,#910);
#446=LINE('',#7718,#911);
#447=LINE('',#7719,#912);
#448=LINE('',#7723,#913);
#449=LINE('',#7724,#914);
#450=LINE('',#7725,#915);
#451=LINE('',#7728,#916);
#452=LINE('',#7730,#917);
#453=LINE('',#7731,#918);
#454=LINE('',#7752,#919);
#455=LINE('',#7756,#920);
#456=LINE('',#7757,#921);
#457=LINE('',#7759,#922);
#458=LINE('',#7761,#923);
#459=LINE('',#7764,#924);
#460=LINE('',#7765,#925);
#461=LINE('',#7768,#926);
#462=LINE('',#7769,#927);
#463=LINE('',#7771,#928);
#464=LINE('',#7773,#929);
#465=LINE('',#7778,#930);
#466=LINE('',#7781,#931);
#467=LINE('',#7786,#932);
#468=LINE('',#7789,#933);
#469=LINE('',#7794,#934);
#470=LINE('',#7798,#935);
#471=LINE('',#7802,#936);
#472=LINE('',#7805,#937);
#473=LINE('',#7809,#938);
#474=LINE('',#7813,#939);
#475=LINE('',#7817,#940);
#476=LINE('',#7820,#941);
#477=LINE('',#7821,#942);
#478=LINE('',#7824,#943);
#479=LINE('',#7827,#944);
#480=LINE('',#7829,#945);
#481=LINE('',#7830,#946);
#482=LINE('',#7837,#947);
#483=LINE('',#7844,#948);
#484=LINE('',#7847,#949);
#485=LINE('',#7850,#950);
#486=LINE('',#7852,#951);
#487=LINE('',#7853,#952);
#488=LINE('',#7856,#953);
#489=LINE('',#7858,#954);
#490=LINE('',#7859,#955);
#491=LINE('',#7862,#956);
#492=LINE('',#7864,#957);
#493=LINE('',#7865,#958);
#494=LINE('',#7870,#959);
#495=LINE('',#7873,#960);
#496=LINE('',#7874,#961);
#497=LINE('',#7881,#962);
#498=LINE('',#7886,#963);
#499=LINE('',#7888,#964);
#500=LINE('',#7890,#965);
#501=LINE('',#7891,#966);
#502=LINE('',#7896,#967);
#503=LINE('',#7900,#968);
#504=LINE('',#7902,#969);
#505=LINE('',#7903,#970);
#506=LINE('',#7906,#971);
#507=LINE('',#7908,#972);
#508=LINE('',#7909,#973);
#509=LINE('',#7912,#974);
#510=LINE('',#7914,#975);
#511=LINE('',#7915,#976);
#512=LINE('',#7959,#977);
#513=LINE('',#7960,#978);
#514=LINE('',#7962,#979);
#515=LINE('',#7963,#980);
#516=LINE('',#7965,#981);
#517=LINE('',#7966,#982);
#518=LINE('',#7971,#983);
#519=LINE('',#7972,#984);
#520=LINE('',#7977,#985);
#521=LINE('',#7978,#986);
#522=LINE('',#7983,#987);
#523=LINE('',#7984,#988);
#524=LINE('',#7988,#989);
#525=LINE('',#8028,#990);
#526=LINE('',#8029,#991);
#527=LINE('',#8031,#992);
#528=LINE('',#8032,#993);
#529=LINE('',#8034,#994);
#530=LINE('',#8035,#995);
#531=LINE('',#8040,#996);
#532=LINE('',#8041,#997);
#533=LINE('',#8046,#998);
#534=LINE('',#8047,#999);
#535=LINE('',#8052,#1000);
#536=LINE('',#8053,#1001);
#537=LINE('',#8057,#1002);
#538=LINE('',#8088,#1003);
#539=LINE('',#8089,#1004);
#540=LINE('',#8097,#1005);
#541=LINE('',#8098,#1006);
#542=LINE('',#8103,#1007);
#543=LINE('',#8104,#1008);
#544=LINE('',#8109,#1009);
#545=LINE('',#8110,#1010);
#546=LINE('',#8115,#1011);
#547=LINE('',#8116,#1012);
#548=LINE('',#8121,#1013);
#549=LINE('',#8122,#1014);
#550=LINE('',#8127,#1015);
#551=LINE('',#8131,#1016);
#552=LINE('',#8134,#1017);
#553=LINE('',#8140,#1018);
#554=LINE('',#8141,#1019);
#555=LINE('',#8144,#1020);
#556=LINE('',#8145,#1021);
#557=LINE('',#8151,#1022);
#558=LINE('',#8154,#1023);
#559=LINE('',#8157,#1024);
#560=LINE('',#8159,#1025);
#561=LINE('',#8161,#1026);
#562=LINE('',#8163,#1027);
#563=LINE('',#8164,#1028);
#564=LINE('',#8167,#1029);
#565=LINE('',#8169,#1030);
#566=LINE('',#8171,#1031);
#567=LINE('',#8173,#1032);
#568=LINE('',#8174,#1033);
#569=LINE('',#8180,#1034);
#570=LINE('',#8183,#1035);
#571=LINE('',#8194,#1036);
#572=LINE('',#8195,#1037);
#573=LINE('',#8206,#1038);
#574=LINE('',#8207,#1039);
#575=LINE('',#8218,#1040);
#576=LINE('',#8219,#1041);
#577=LINE('',#8228,#1042);
#578=LINE('',#8230,#1043);
#579=LINE('',#8234,#1044);
#580=LINE('',#8237,#1045);
#581=LINE('',#8240,#1046);
#582=LINE('',#8244,#1047);
#583=LINE('',#8245,#1048);
#584=LINE('',#8247,#1049);
#585=LINE('',#8249,#1050);
#586=LINE('',#8251,#1051);
#587=LINE('',#8252,#1052);
#588=LINE('',#8255,#1053);
#589=LINE('',#8266,#1054);
#590=LINE('',#8267,#1055);
#591=LINE('',#8270,#1056);
#592=LINE('',#8274,#1057);
#593=LINE('',#8275,#1058);
#594=LINE('',#8278,#1059);
#595=LINE('',#8282,#1060);
#596=LINE('',#8283,#1061);
#597=LINE('',#8286,#1062);
#598=LINE('',#8295,#1063);
#599=LINE('',#8297,#1064);
#600=LINE('',#8299,#1065);
#601=LINE('',#8303,#1066);
#602=LINE('',#8304,#1067);
#603=LINE('',#8341,#1068);
#604=LINE('',#8347,#1069);
#605=LINE('',#8349,#1070);
#606=LINE('',#8357,#1071);
#607=LINE('',#8358,#1072);
#608=LINE('',#8360,#1073);
#609=LINE('',#8361,#1074);
#610=LINE('',#8363,#1075);
#611=LINE('',#8364,#1076);
#612=LINE('',#8369,#1077);
#613=LINE('',#8370,#1078);
#614=LINE('',#8375,#1079);
#615=LINE('',#8376,#1080);
#616=LINE('',#8381,#1081);
#617=LINE('',#8382,#1082);
#618=LINE('',#8390,#1083);
#619=LINE('',#8394,#1084);
#620=LINE('',#8398,#1085);
#621=LINE('',#8401,#1086);
#622=LINE('',#8402,#1087);
#623=LINE('',#8404,#1088);
#624=LINE('',#8408,#1089);
#625=LINE('',#8411,#1090);
#626=LINE('',#8412,#1091);
#627=LINE('',#8414,#1092);
#628=LINE('',#8434,#1093);
#629=LINE('',#8441,#1094);
#630=LINE('',#8459,#1095);
#631=LINE('',#8482,#1096);
#632=LINE('',#8505,#1097);
#633=LINE('',#8513,#1098);
#634=LINE('',#8515,#1099);
#635=LINE('',#8516,#1100);
#636=LINE('',#8519,#1101);
#637=LINE('',#8521,#1102);
#638=LINE('',#8522,#1103);
#639=LINE('',#8525,#1104);
#640=LINE('',#8527,#1105);
#641=LINE('',#8528,#1106);
#642=LINE('',#8546,#1107);
#643=LINE('',#8569,#1108);
#644=LINE('',#8592,#1109);
#645=LINE('',#8615,#1110);
#646=LINE('',#8638,#1111);
#647=LINE('',#8661,#1112);
#648=LINE('',#8684,#1113);
#649=LINE('',#8707,#1114);
#650=LINE('',#8730,#1115);
#651=LINE('',#8738,#1116);
#652=LINE('',#8740,#1117);
#653=LINE('',#8741,#1118);
#654=LINE('',#8744,#1119);
#655=LINE('',#8746,#1120);
#656=LINE('',#8747,#1121);
#657=LINE('',#8749,#1122);
#658=LINE('',#8750,#1123);
#659=LINE('',#8755,#1124);
#660=LINE('',#8757,#1125);
#661=LINE('',#8759,#1126);
#662=LINE('',#8760,#1127);
#663=LINE('',#8778,#1128);
#664=LINE('',#8801,#1129);
#665=LINE('',#8824,#1130);
#666=LINE('',#8847,#1131);
#667=LINE('',#8855,#1132);
#668=LINE('',#8857,#1133);
#669=LINE('',#8858,#1134);
#670=LINE('',#8860,#1135);
#671=LINE('',#8861,#1136);
#672=LINE('',#8865,#1137);
#673=LINE('',#8867,#1138);
#674=LINE('',#8869,#1139);
#675=LINE('',#8870,#1140);
#676=LINE('',#8873,#1141);
#677=LINE('',#8875,#1142);
#678=LINE('',#8876,#1143);
#679=LINE('',#8879,#1144);
#680=LINE('',#8881,#1145);
#681=LINE('',#8882,#1146);
#682=LINE('',#8900,#1147);
#683=LINE('',#8923,#1148);
#684=LINE('',#8946,#1149);
#685=LINE('',#8969,#1150);
#686=LINE('',#8977,#1151);
#687=LINE('',#8979,#1152);
#688=LINE('',#8980,#1153);
#689=LINE('',#8982,#1154);
#690=LINE('',#8983,#1155);
#691=LINE('',#8988,#1156);
#692=LINE('',#8990,#1157);
#693=LINE('',#8992,#1158);
#694=LINE('',#8993,#1159);
#695=LINE('',#8996,#1160);
#696=LINE('',#8998,#1161);
#697=LINE('',#8999,#1162);
#698=LINE('',#9002,#1163);
#699=LINE('',#9004,#1164);
#700=LINE('',#9005,#1165);
#701=LINE('',#9008,#1166);
#702=LINE('',#9010,#1167);
#703=LINE('',#9011,#1168);
#704=LINE('',#9014,#1169);
#705=LINE('',#9016,#1170);
#706=LINE('',#9017,#1171);
#707=LINE('',#9020,#1172);
#708=LINE('',#9022,#1173);
#709=LINE('',#9023,#1174);
#710=LINE('',#9025,#1175);
#711=LINE('',#9026,#1176);
#712=LINE('',#9030,#1177);
#713=LINE('',#9032,#1178);
#714=LINE('',#9036,#1179);
#715=LINE('',#9038,#1180);
#716=LINE('',#9042,#1181);
#717=LINE('',#9044,#1182);
#718=LINE('',#9046,#1183);
#719=LINE('',#9049,#1184);
#720=LINE('',#9051,#1185);
#721=LINE('',#9052,#1186);
#722=LINE('',#9055,#1187);
#723=LINE('',#9059,#1188);
#724=LINE('',#9063,#1189);
#725=LINE('',#9067,#1190);
#726=LINE('',#9070,#1191);
#727=LINE('',#9072,#1192);
#728=LINE('',#9076,#1193);
#729=LINE('',#9080,#1194);
#730=LINE('',#9084,#1195);
#731=LINE('',#9087,#1196);
#732=LINE('',#9089,#1197);
#733=LINE('',#9092,#1198);
#734=LINE('',#9093,#1199);
#735=LINE('',#9099,#1200);
#736=LINE('',#9120,#1201);
#737=LINE('',#9140,#1202);
#738=LINE('',#9144,#1203);
#739=LINE('',#9148,#1204);
#740=LINE('',#9151,#1205);
#741=LINE('',#9162,#1206);
#742=LINE('',#9163,#1207);
#743=LINE('',#9166,#1208);
#744=LINE('',#9169,#1209);
#745=LINE('',#9171,#1210);
#746=LINE('',#9175,#1211);
#747=LINE('',#9177,#1212);
#748=LINE('',#9178,#1213);
#749=LINE('',#9181,#1214);
#750=LINE('',#9183,#1215);
#751=LINE('',#9184,#1216);
#752=LINE('',#9187,#1217);
#753=LINE('',#9188,#1218);
#754=LINE('',#9272,#1219);
#755=LINE('',#9371,#1220);
#756=LINE('',#9372,#1221);
#757=LINE('',#9374,#1222);
#758=LINE('',#9377,#1223);
#759=LINE('',#9380,#1224);
#760=LINE('',#9383,#1225);
#761=LINE('',#9386,#1226);
#762=LINE('',#9387,#1227);
#763=LINE('',#9391,#1228);
#764=LINE('',#9394,#1229);
#765=LINE('',#9395,#1230);
#766=LINE('',#9398,#1231);
#767=LINE('',#9399,#1232);
#768=LINE('',#9406,#1233);
#769=LINE('',#9410,#1234);
#770=LINE('',#9412,#1235);
#771=LINE('',#9414,#1236);
#772=LINE('',#9429,#1237);
#773=LINE('',#9431,#1238);
#774=LINE('',#9449,#1239);
#775=LINE('',#9463,#1240);
#776=LINE('',#9464,#1241);
#777=LINE('',#9469,#1242);
#778=LINE('',#9481,#1243);
#779=LINE('',#9484,#1244);
#780=LINE('',#9486,#1245);
#781=LINE('',#9488,#1246);
#782=LINE('',#9490,#1247);
#783=LINE('',#9492,#1248);
#784=LINE('',#9494,#1249);
#785=LINE('',#9496,#1250);
#786=LINE('',#9500,#1251);
#787=LINE('',#9501,#1252);
#788=LINE('',#9503,#1253);
#789=LINE('',#9506,#1254);
#790=LINE('',#9509,#1255);
#791=LINE('',#9511,#1256);
#792=LINE('',#9513,#1257);
#793=LINE('',#9518,#1258);
#794=LINE('',#9520,#1259);
#795=LINE('',#9522,#1260);
#796=LINE('',#9543,#1261);
#797=LINE('',#9550,#1262);
#798=LINE('',#9573,#1263);
#799=LINE('',#9596,#1264);
#800=LINE('',#9619,#1265);
#801=LINE('',#9622,#1266);
#802=LINE('',#9624,#1267);
#803=LINE('',#9625,#1268);
#804=LINE('',#9628,#1269);
#805=LINE('',#9630,#1270);
#806=LINE('',#9631,#1271);
#807=LINE('',#9634,#1272);
#808=LINE('',#9636,#1273);
#809=LINE('',#9637,#1274);
#810=LINE('',#9660,#1275);
#811=LINE('',#9683,#1276);
#812=LINE('',#9706,#1277);
#813=LINE('',#9729,#1278);
#814=LINE('',#9752,#1279);
#815=LINE('',#9775,#1280);
#816=LINE('',#9798,#1281);
#817=LINE('',#9821,#1282);
#818=LINE('',#9844,#1283);
#819=LINE('',#9847,#1284);
#820=LINE('',#9849,#1285);
#821=LINE('',#9850,#1286);
#822=LINE('',#9853,#1287);
#823=LINE('',#9855,#1288);
#824=LINE('',#9856,#1289);
#825=LINE('',#9858,#1290);
#826=LINE('',#9859,#1291);
#827=LINE('',#9865,#1292);
#828=LINE('',#9867,#1293);
#829=LINE('',#9869,#1294);
#830=LINE('',#9870,#1295);
#831=LINE('',#9893,#1296);
#832=LINE('',#9916,#1297);
#833=LINE('',#9939,#1298);
#834=LINE('',#9962,#1299);
#835=LINE('',#9965,#1300);
#836=LINE('',#9967,#1301);
#837=LINE('',#9968,#1302);
#838=LINE('',#9970,#1303);
#839=LINE('',#9971,#1304);
#840=LINE('',#9975,#1305);
#841=LINE('',#9977,#1306);
#842=LINE('',#9979,#1307);
#843=LINE('',#9980,#1308);
#844=LINE('',#9983,#1309);
#845=LINE('',#9985,#1310);
#846=LINE('',#9986,#1311);
#847=LINE('',#9989,#1312);
#848=LINE('',#9991,#1313);
#849=LINE('',#9992,#1314);
#850=LINE('',#10015,#1315);
#851=LINE('',#10038,#1316);
#852=LINE('',#10061,#1317);
#853=LINE('',#10084,#1318);
#854=LINE('',#10087,#1319);
#855=LINE('',#10089,#1320);
#856=LINE('',#10090,#1321);
#857=LINE('',#10092,#1322);
#858=LINE('',#10093,#1323);
#859=LINE('',#10099,#1324);
#860=LINE('',#10101,#1325);
#861=LINE('',#10103,#1326);
#862=LINE('',#10104,#1327);
#863=LINE('',#10107,#1328);
#864=LINE('',#10109,#1329);
#865=LINE('',#10110,#1330);
#866=LINE('',#10113,#1331);
#867=LINE('',#10115,#1332);
#868=LINE('',#10116,#1333);
#869=LINE('',#10119,#1334);
#870=LINE('',#10121,#1335);
#871=LINE('',#10122,#1336);
#872=LINE('',#10125,#1337);
#873=LINE('',#10127,#1338);
#874=LINE('',#10128,#1339);
#875=LINE('',#10131,#1340);
#876=LINE('',#10133,#1341);
#877=LINE('',#10134,#1342);
#878=LINE('',#10136,#1343);
#879=LINE('',#10137,#1344);
#880=VECTOR('',#6031,10.);
#881=VECTOR('',#6032,10.);
#882=VECTOR('',#6039,10.);
#883=VECTOR('',#6042,10.);
#884=VECTOR('',#6045,10.);
#885=VECTOR('',#6048,10.);
#886=VECTOR('',#6051,10.);
#887=VECTOR('',#6052,10.);
#888=VECTOR('',#6053,10.);
#889=VECTOR('',#6056,10.);
#890=VECTOR('',#6057,10.);
#891=VECTOR('',#6058,10.);
#892=VECTOR('',#6059,10.);
#893=VECTOR('',#6064,10.);
#894=VECTOR('',#6065,10.);
#895=VECTOR('',#6068,10.);
#896=VECTOR('',#6071,10.);
#897=VECTOR('',#6072,10.);
#898=VECTOR('',#6073,10.);
#899=VECTOR('',#6074,10.);
#900=VECTOR('',#6077,10.);
#901=VECTOR('',#6078,10.);
#902=VECTOR('',#6081,10.);
#903=VECTOR('',#6088,10.);
#904=VECTOR('',#6095,10.);
#905=VECTOR('',#6100,10.);
#906=VECTOR('',#6101,10.);
#907=VECTOR('',#6102,10.);
#908=VECTOR('',#6105,10.);
#909=VECTOR('',#6110,10.);
#910=VECTOR('',#6111,10.);
#911=VECTOR('',#6114,10.);
#912=VECTOR('',#6115,10.);
#913=VECTOR('',#6118,10.);
#914=VECTOR('',#6119,10.);
#915=VECTOR('',#6120,10.);
#916=VECTOR('',#6123,10.);
#917=VECTOR('',#6124,10.);
#918=VECTOR('',#6125,10.);
#919=VECTOR('',#6136,10.);
#920=VECTOR('',#6141,10.);
#921=VECTOR('',#6142,10.);
#922=VECTOR('',#6145,10.);
#923=VECTOR('',#6148,10.);
#924=VECTOR('',#6151,10.);
#925=VECTOR('',#6152,10.);
#926=VECTOR('',#6155,10.);
#927=VECTOR('',#6156,10.);
#928=VECTOR('',#6159,10.);
#929=VECTOR('',#6162,10.);
#930=VECTOR('',#6167,2.848);
#931=VECTOR('',#6172,2.1525);
#932=VECTOR('',#6177,2.848);
#933=VECTOR('',#6182,2.1525);
#934=VECTOR('',#6187,10.);
#935=VECTOR('',#6192,10.);
#936=VECTOR('',#6197,10.);
#937=VECTOR('',#6202,10.);
#938=VECTOR('',#6205,10.);
#939=VECTOR('',#6208,10.);
#940=VECTOR('',#6213,10.);
#941=VECTOR('',#6216,10.);
#942=VECTOR('',#6217,10.);
#943=VECTOR('',#6220,10.);
#944=VECTOR('',#6223,10.);
#945=VECTOR('',#6226,10.);
#946=VECTOR('',#6227,10.);
#947=VECTOR('',#6236,1.7);
#948=VECTOR('',#6243,10.);
#949=VECTOR('',#6246,10.);
#950=VECTOR('',#6249,10.);
#951=VECTOR('',#6250,10.);
#952=VECTOR('',#6251,10.);
#953=VECTOR('',#6254,10.);
#954=VECTOR('',#6255,10.);
#955=VECTOR('',#6256,10.);
#956=VECTOR('',#6259,10.);
#957=VECTOR('',#6260,10.);
#958=VECTOR('',#6261,10.);
#959=VECTOR('',#6266,10.);
#960=VECTOR('',#6271,10.);
#961=VECTOR('',#6272,10.);
#962=VECTOR('',#6281,1.7);
#963=VECTOR('',#6286,10.);
#964=VECTOR('',#6287,10.);
#965=VECTOR('',#6288,10.);
#966=VECTOR('',#6289,10.);
#967=VECTOR('',#6294,10.);
#968=VECTOR('',#6299,10.);
#969=VECTOR('',#6300,10.);
#970=VECTOR('',#6301,10.);
#971=VECTOR('',#6304,10.);
#972=VECTOR('',#6305,10.);
#973=VECTOR('',#6306,10.);
#974=VECTOR('',#6309,10.);
#975=VECTOR('',#6310,10.);
#976=VECTOR('',#6311,10.);
#977=VECTOR('',#6370,10.);
#978=VECTOR('',#6371,10.);
#979=VECTOR('',#6374,10.);
#980=VECTOR('',#6375,10.);
#981=VECTOR('',#6378,10.);
#982=VECTOR('',#6379,10.);
#983=VECTOR('',#6384,10.);
#984=VECTOR('',#6385,10.);
#985=VECTOR('',#6390,10.);
#986=VECTOR('',#6391,10.);
#987=VECTOR('',#6396,10.);
#988=VECTOR('',#6397,10.);
#989=VECTOR('',#6404,10.);
#990=VECTOR('',#6455,10.);
#991=VECTOR('',#6456,10.);
#992=VECTOR('',#6459,10.);
#993=VECTOR('',#6460,10.);
#994=VECTOR('',#6463,10.);
#995=VECTOR('',#6464,10.);
#996=VECTOR('',#6469,10.);
#997=VECTOR('',#6470,10.);
#998=VECTOR('',#6475,10.);
#999=VECTOR('',#6476,10.);
#1000=VECTOR('',#6481,10.);
#1001=VECTOR('',#6482,10.);
#1002=VECTOR('',#6489,10.);
#1003=VECTOR('',#6526,10.);
#1004=VECTOR('',#6527,10.);
#1005=VECTOR('',#6538,10.);
#1006=VECTOR('',#6539,10.);
#1007=VECTOR('',#6544,10.);
#1008=VECTOR('',#6545,10.);
#1009=VECTOR('',#6554,10.);
#1010=VECTOR('',#6555,10.);
#1011=VECTOR('',#6560,10.);
#1012=VECTOR('',#6561,10.);
#1013=VECTOR('',#6566,10.);
#1014=VECTOR('',#6567,10.);
#1015=VECTOR('',#6574,10.);
#1016=VECTOR('',#6577,10.);
#1017=VECTOR('',#6580,10.);
#1018=VECTOR('',#6587,10.);
#1019=VECTOR('',#6588,10.);
#1020=VECTOR('',#6591,10.);
#1021=VECTOR('',#6592,10.);
#1022=VECTOR('',#6597,10.);
#1023=VECTOR('',#6600,10.);
#1024=VECTOR('',#6603,10.);
#1025=VECTOR('',#6604,10.);
#1026=VECTOR('',#6605,10.);
#1027=VECTOR('',#6606,10.);
#1028=VECTOR('',#6607,10.);
#1029=VECTOR('',#6610,10.);
#1030=VECTOR('',#6611,10.);
#1031=VECTOR('',#6612,10.);
#1032=VECTOR('',#6613,10.);
#1033=VECTOR('',#6614,10.);
#1034=VECTOR('',#6619,10.);
#1035=VECTOR('',#6622,10.);
#1036=VECTOR('',#6635,10.);
#1037=VECTOR('',#6636,10.);
#1038=VECTOR('',#6649,10.);
#1039=VECTOR('',#6650,10.);
#1040=VECTOR('',#6663,10.);
#1041=VECTOR('',#6664,10.);
#1042=VECTOR('',#6675,10.);
#1043=VECTOR('',#6676,10.);
#1044=VECTOR('',#6681,10.);
#1045=VECTOR('',#6684,10.);
#1046=VECTOR('',#6687,10.);
#1047=VECTOR('',#6690,10.);
#1048=VECTOR('',#6691,10.);
#1049=VECTOR('',#6692,10.);
#1050=VECTOR('',#6693,10.);
#1051=VECTOR('',#6694,10.);
#1052=VECTOR('',#6695,10.);
#1053=VECTOR('',#6698,10.);
#1054=VECTOR('',#6703,10.);
#1055=VECTOR('',#6704,10.);
#1056=VECTOR('',#6707,10.);
#1057=VECTOR('',#6712,10.);
#1058=VECTOR('',#6713,10.);
#1059=VECTOR('',#6716,10.);
#1060=VECTOR('',#6721,10.);
#1061=VECTOR('',#6722,10.);
#1062=VECTOR('',#6725,10.);
#1063=VECTOR('',#6730,10.);
#1064=VECTOR('',#6731,10.);
#1065=VECTOR('',#6732,10.);
#1066=VECTOR('',#6737,10.);
#1067=VECTOR('',#6738,10.);
#1068=VECTOR('',#6785,10.);
#1069=VECTOR('',#6792,10.);
#1070=VECTOR('',#6793,10.);
#1071=VECTOR('',#6798,10.);
#1072=VECTOR('',#6799,10.);
#1073=VECTOR('',#6802,10.);
#1074=VECTOR('',#6803,10.);
#1075=VECTOR('',#6806,10.);
#1076=VECTOR('',#6807,10.);
#1077=VECTOR('',#6812,10.);
#1078=VECTOR('',#6813,10.);
#1079=VECTOR('',#6818,10.);
#1080=VECTOR('',#6819,10.);
#1081=VECTOR('',#6824,10.);
#1082=VECTOR('',#6825,10.);
#1083=VECTOR('',#6834,10.);
#1084=VECTOR('',#6837,10.);
#1085=VECTOR('',#6840,10.);
#1086=VECTOR('',#6843,10.);
#1087=VECTOR('',#6844,10.);
#1088=VECTOR('',#6845,10.);
#1089=VECTOR('',#6848,10.);
#1090=VECTOR('',#6851,10.);
#1091=VECTOR('',#6852,10.);
#1092=VECTOR('',#6855,10.);
#1093=VECTOR('',#6858,10.);
#1094=VECTOR('',#6859,10.);
#1095=VECTOR('',#6860,10.);
#1096=VECTOR('',#6861,10.);
#1097=VECTOR('',#6862,10.);
#1098=VECTOR('',#6865,10.);
#1099=VECTOR('',#6866,10.);
#1100=VECTOR('',#6867,10.);
#1101=VECTOR('',#6870,10.);
#1102=VECTOR('',#6871,10.);
#1103=VECTOR('',#6872,10.);
#1104=VECTOR('',#6875,10.);
#1105=VECTOR('',#6876,10.);
#1106=VECTOR('',#6877,10.);
#1107=VECTOR('',#6878,10.);
#1108=VECTOR('',#6879,10.);
#1109=VECTOR('',#6880,10.);
#1110=VECTOR('',#6881,10.);
#1111=VECTOR('',#6882,10.);
#1112=VECTOR('',#6883,10.);
#1113=VECTOR('',#6884,10.);
#1114=VECTOR('',#6885,10.);
#1115=VECTOR('',#6886,10.);
#1116=VECTOR('',#6889,10.);
#1117=VECTOR('',#6890,10.);
#1118=VECTOR('',#6891,10.);
#1119=VECTOR('',#6894,10.);
#1120=VECTOR('',#6895,10.);
#1121=VECTOR('',#6896,10.);
#1122=VECTOR('',#6899,10.);
#1123=VECTOR('',#6900,10.);
#1124=VECTOR('',#6905,10.);
#1125=VECTOR('',#6906,10.);
#1126=VECTOR('',#6907,10.);
#1127=VECTOR('',#6908,10.);
#1128=VECTOR('',#6909,10.);
#1129=VECTOR('',#6910,10.);
#1130=VECTOR('',#6911,10.);
#1131=VECTOR('',#6912,10.);
#1132=VECTOR('',#6915,10.);
#1133=VECTOR('',#6916,10.);
#1134=VECTOR('',#6917,10.);
#1135=VECTOR('',#6920,10.);
#1136=VECTOR('',#6921,10.);
#1137=VECTOR('',#6924,10.);
#1138=VECTOR('',#6925,10.);
#1139=VECTOR('',#6926,10.);
#1140=VECTOR('',#6927,10.);
#1141=VECTOR('',#6930,10.);
#1142=VECTOR('',#6931,10.);
#1143=VECTOR('',#6932,10.);
#1144=VECTOR('',#6935,10.);
#1145=VECTOR('',#6936,10.);
#1146=VECTOR('',#6937,10.);
#1147=VECTOR('',#6938,10.);
#1148=VECTOR('',#6939,10.);
#1149=VECTOR('',#6940,10.);
#1150=VECTOR('',#6941,10.);
#1151=VECTOR('',#6944,10.);
#1152=VECTOR('',#6945,10.);
#1153=VECTOR('',#6946,10.);
#1154=VECTOR('',#6949,10.);
#1155=VECTOR('',#6950,10.);
#1156=VECTOR('',#6955,10.);
#1157=VECTOR('',#6956,10.);
#1158=VECTOR('',#6957,10.);
#1159=VECTOR('',#6958,10.);
#1160=VECTOR('',#6961,10.);
#1161=VECTOR('',#6962,10.);
#1162=VECTOR('',#6963,10.);
#1163=VECTOR('',#6966,10.);
#1164=VECTOR('',#6967,10.);
#1165=VECTOR('',#6968,10.);
#1166=VECTOR('',#6971,10.);
#1167=VECTOR('',#6972,10.);
#1168=VECTOR('',#6973,10.);
#1169=VECTOR('',#6976,10.);
#1170=VECTOR('',#6977,10.);
#1171=VECTOR('',#6978,10.);
#1172=VECTOR('',#6981,10.);
#1173=VECTOR('',#6982,10.);
#1174=VECTOR('',#6983,10.);
#1175=VECTOR('',#6986,10.);
#1176=VECTOR('',#6987,10.);
#1177=VECTOR('',#6992,10.);
#1178=VECTOR('',#6995,10.);
#1179=VECTOR('',#6998,10.);
#1180=VECTOR('',#7001,10.);
#1181=VECTOR('',#7004,10.);
#1182=VECTOR('',#7007,10.);
#1183=VECTOR('',#7010,10.);
#1184=VECTOR('',#7013,10.);
#1185=VECTOR('',#7014,10.);
#1186=VECTOR('',#7015,10.);
#1187=VECTOR('',#7018,10.);
#1188=VECTOR('',#7021,10.);
#1189=VECTOR('',#7024,10.);
#1190=VECTOR('',#7027,10.);
#1191=VECTOR('',#7030,10.);
#1192=VECTOR('',#7031,10.);
#1193=VECTOR('',#7034,10.);
#1194=VECTOR('',#7037,10.);
#1195=VECTOR('',#7040,10.);
#1196=VECTOR('',#7043,10.);
#1197=VECTOR('',#7046,10.);
#1198=VECTOR('',#7049,10.);
#1199=VECTOR('',#7050,10.);
#1200=VECTOR('',#7057,10.);
#1201=VECTOR('',#7060,10.);
#1202=VECTOR('',#7065,10.);
#1203=VECTOR('',#7068,10.);
#1204=VECTOR('',#7073,10.);
#1205=VECTOR('',#7076,10.);
#1206=VECTOR('',#7093,10.);
#1207=VECTOR('',#7094,10.);
#1208=VECTOR('',#7097,10.);
#1209=VECTOR('',#7100,10.);
#1210=VECTOR('',#7101,10.);
#1211=VECTOR('',#7104,10.);
#1212=VECTOR('',#7105,10.);
#1213=VECTOR('',#7106,10.);
#1214=VECTOR('',#7109,10.);
#1215=VECTOR('',#7110,10.);
#1216=VECTOR('',#7111,10.);
#1217=VECTOR('',#7114,10.);
#1218=VECTOR('',#7115,10.);
#1219=VECTOR('',#7130,3.52102224193583);
#1220=VECTOR('',#7145,10.);
#1221=VECTOR('',#7146,10.);
#1222=VECTOR('',#7149,10.);
#1223=VECTOR('',#7154,10.);
#1224=VECTOR('',#7157,10.);
#1225=VECTOR('',#7160,10.);
#1226=VECTOR('',#7163,10.);
#1227=VECTOR('',#7164,10.);
#1228=VECTOR('',#7169,10.);
#1229=VECTOR('',#7172,10.);
#1230=VECTOR('',#7173,10.);
#1231=VECTOR('',#7176,10.);
#1232=VECTOR('',#7177,10.);
#1233=VECTOR('',#7190,10.);
#1234=VECTOR('',#7197,10.);
#1235=VECTOR('',#7200,10.);
#1236=VECTOR('',#7203,10.);
#1237=VECTOR('',#7220,10.);
#1238=VECTOR('',#7221,10.);
#1239=VECTOR('',#7242,10.);
#1240=VECTOR('',#7257,10.);
#1241=VECTOR('',#7258,10.);
#1242=VECTOR('',#7261,10.);
#1243=VECTOR('',#7276,10.);
#1244=VECTOR('',#7281,10.);
#1245=VECTOR('',#7284,10.);
#1246=VECTOR('',#7287,10.);
#1247=VECTOR('',#7290,10.);
#1248=VECTOR('',#7293,10.);
#1249=VECTOR('',#7296,10.);
#1250=VECTOR('',#7299,10.);
#1251=VECTOR('',#7304,10.);
#1252=VECTOR('',#7305,10.);
#1253=VECTOR('',#7308,10.);
#1254=VECTOR('',#7313,10.);
#1255=VECTOR('',#7318,10.);
#1256=VECTOR('',#7321,10.);
#1257=VECTOR('',#7324,10.);
#1258=VECTOR('',#7333,10.);
#1259=VECTOR('',#7336,10.);
#1260=VECTOR('',#7339,10.);
#1261=VECTOR('',#7344,10.);
#1262=VECTOR('',#7345,10.);
#1263=VECTOR('',#7346,10.);
#1264=VECTOR('',#7347,10.);
#1265=VECTOR('',#7348,10.);
#1266=VECTOR('',#7351,10.);
#1267=VECTOR('',#7352,10.);
#1268=VECTOR('',#7353,10.);
#1269=VECTOR('',#7356,10.);
#1270=VECTOR('',#7357,10.);
#1271=VECTOR('',#7358,10.);
#1272=VECTOR('',#7361,10.);
#1273=VECTOR('',#7362,10.);
#1274=VECTOR('',#7363,10.);
#1275=VECTOR('',#7364,10.);
#1276=VECTOR('',#7365,10.);
#1277=VECTOR('',#7366,10.);
#1278=VECTOR('',#7367,10.);
#1279=VECTOR('',#7368,10.);
#1280=VECTOR('',#7369,10.);
#1281=VECTOR('',#7370,10.);
#1282=VECTOR('',#7371,10.);
#1283=VECTOR('',#7372,10.);
#1284=VECTOR('',#7375,10.);
#1285=VECTOR('',#7376,10.);
#1286=VECTOR('',#7377,10.);
#1287=VECTOR('',#7380,10.);
#1288=VECTOR('',#7381,10.);
#1289=VECTOR('',#7382,10.);
#1290=VECTOR('',#7385,10.);
#1291=VECTOR('',#7386,10.);
#1292=VECTOR('',#7393,10.);
#1293=VECTOR('',#7394,10.);
#1294=VECTOR('',#7395,10.);
#1295=VECTOR('',#7396,10.);
#1296=VECTOR('',#7397,10.);
#1297=VECTOR('',#7398,10.);
#1298=VECTOR('',#7399,10.);
#1299=VECTOR('',#7400,10.);
#1300=VECTOR('',#7403,10.);
#1301=VECTOR('',#7404,10.);
#1302=VECTOR('',#7405,10.);
#1303=VECTOR('',#7408,10.);
#1304=VECTOR('',#7409,10.);
#1305=VECTOR('',#7412,10.);
#1306=VECTOR('',#7413,10.);
#1307=VECTOR('',#7414,10.);
#1308=VECTOR('',#7415,10.);
#1309=VECTOR('',#7418,10.);
#1310=VECTOR('',#7419,10.);
#1311=VECTOR('',#7420,10.);
#1312=VECTOR('',#7423,10.);
#1313=VECTOR('',#7424,10.);
#1314=VECTOR('',#7425,10.);
#1315=VECTOR('',#7426,10.);
#1316=VECTOR('',#7427,10.);
#1317=VECTOR('',#7428,10.);
#1318=VECTOR('',#7429,10.);
#1319=VECTOR('',#7432,10.);
#1320=VECTOR('',#7433,10.);
#1321=VECTOR('',#7434,10.);
#1322=VECTOR('',#7437,10.);
#1323=VECTOR('',#7438,10.);
#1324=VECTOR('',#7445,10.);
#1325=VECTOR('',#7446,10.);
#1326=VECTOR('',#7447,10.);
#1327=VECTOR('',#7448,10.);
#1328=VECTOR('',#7451,10.);
#1329=VECTOR('',#7452,10.);
#1330=VECTOR('',#7453,10.);
#1331=VECTOR('',#7456,10.);
#1332=VECTOR('',#7457,10.);
#1333=VECTOR('',#7458,10.);
#1334=VECTOR('',#7461,10.);
#1335=VECTOR('',#7462,10.);
#1336=VECTOR('',#7463,10.);
#1337=VECTOR('',#7466,10.);
#1338=VECTOR('',#7467,10.);
#1339=VECTOR('',#7468,10.);
#1340=VECTOR('',#7471,10.);
#1341=VECTOR('',#7472,10.);
#1342=VECTOR('',#7473,10.);
#1343=VECTOR('',#7476,10.);
#1344=VECTOR('',#7477,10.);
#1345=CYLINDRICAL_SURFACE('',#5526,0.5);
#1346=CYLINDRICAL_SURFACE('',#5529,0.5);
#1347=CYLINDRICAL_SURFACE('',#5531,4.);
#1348=CYLINDRICAL_SURFACE('',#5540,0.5);
#1349=CYLINDRICAL_SURFACE('',#5542,0.5);
#1350=CYLINDRICAL_SURFACE('',#5545,0.5);
#1351=CYLINDRICAL_SURFACE('',#5549,4.);
#1352=CYLINDRICAL_SURFACE('',#5555,4.50000000000002);
#1353=CYLINDRICAL_SURFACE('',#5558,3.00000000000001);
#1354=CYLINDRICAL_SURFACE('',#5571,2.1525);
#1355=CYLINDRICAL_SURFACE('',#5575,2.1525);
#1356=CYLINDRICAL_SURFACE('',#5576,4.5);
#1357=CYLINDRICAL_SURFACE('',#5579,4.5);
#1358=CYLINDRICAL_SURFACE('',#5581,4.5);
#1359=CYLINDRICAL_SURFACE('',#5583,4.5);
#1360=CYLINDRICAL_SURFACE('',#5584,6.5);
#1361=CYLINDRICAL_SURFACE('',#5587,6.5);
#1362=CYLINDRICAL_SURFACE('',#5589,6.5);
#1363=CYLINDRICAL_SURFACE('',#5591,6.5);
#1364=CYLINDRICAL_SURFACE('',#5597,3.);
#1365=CYLINDRICAL_SURFACE('',#5603,3.);
#1366=CYLINDRICAL_SURFACE('',#5613,3.);
#1367=CYLINDRICAL_SURFACE('',#5619,3.00000000000001);
#1368=CYLINDRICAL_SURFACE('',#5646,0.5);
#1369=CYLINDRICAL_SURFACE('',#5648,0.5);
#1370=CYLINDRICAL_SURFACE('',#5649,0.5);
#1371=CYLINDRICAL_SURFACE('',#5650,0.5);
#1372=CYLINDRICAL_SURFACE('',#5652,0.5);
#1373=CYLINDRICAL_SURFACE('',#5654,0.5);
#1374=CYLINDRICAL_SURFACE('',#5656,4.);
#1375=CYLINDRICAL_SURFACE('',#5682,0.5);
#1376=CYLINDRICAL_SURFACE('',#5684,0.5);
#1377=CYLINDRICAL_SURFACE('',#5685,0.5);
#1378=CYLINDRICAL_SURFACE('',#5686,0.5);
#1379=CYLINDRICAL_SURFACE('',#5688,0.5);
#1380=CYLINDRICAL_SURFACE('',#5690,0.5);
#1381=CYLINDRICAL_SURFACE('',#5692,4.);
#1382=CYLINDRICAL_SURFACE('',#5712,0.5);
#1383=CYLINDRICAL_SURFACE('',#5716,0.5);
#1384=CYLINDRICAL_SURFACE('',#5718,0.5);
#1385=CYLINDRICAL_SURFACE('',#5723,0.5);
#1386=CYLINDRICAL_SURFACE('',#5724,0.5);
#1387=CYLINDRICAL_SURFACE('',#5726,0.5);
#1388=CYLINDRICAL_SURFACE('',#5728,3.99999999999999);
#1389=CYLINDRICAL_SURFACE('',#5734,0.5);
#1390=CYLINDRICAL_SURFACE('',#5737,0.5);
#1391=CYLINDRICAL_SURFACE('',#5742,0.5);
#1392=CYLINDRICAL_SURFACE('',#5749,0.5);
#1393=CYLINDRICAL_SURFACE('',#5755,0.5);
#1394=CYLINDRICAL_SURFACE('',#5761,0.5);
#1395=CYLINDRICAL_SURFACE('',#5767,0.5);
#1396=CYLINDRICAL_SURFACE('',#5769,0.5);
#1397=CYLINDRICAL_SURFACE('',#5773,5.00000000000002);
#1398=CYLINDRICAL_SURFACE('',#5776,5.00000000000001);
#1399=CYLINDRICAL_SURFACE('',#5779,5.00000000000002);
#1400=CYLINDRICAL_SURFACE('',#5782,5.00000000000006);
#1401=CYLINDRICAL_SURFACE('',#5809,0.5);
#1402=CYLINDRICAL_SURFACE('',#5812,0.5);
#1403=CYLINDRICAL_SURFACE('',#5814,0.5);
#1404=CYLINDRICAL_SURFACE('',#5815,0.5);
#1405=CYLINDRICAL_SURFACE('',#5816,0.5);
#1406=CYLINDRICAL_SURFACE('',#5817,0.5);
#1407=CYLINDRICAL_SURFACE('',#5819,0.5);
#1408=CYLINDRICAL_SURFACE('',#5821,0.5);
#1409=CYLINDRICAL_SURFACE('',#5823,4.);
#1410=CYLINDRICAL_SURFACE('',#5879,1.435);
#1411=CYLINDRICAL_SURFACE('',#5882,1.435);
#1412=CYLINDRICAL_SURFACE('',#5885,1.435);
#1413=CYLINDRICAL_SURFACE('',#5894,1.435);
#1414=CYLINDRICAL_SURFACE('',#5905,3.52102224193583);
#1415=CYLINDRICAL_SURFACE('',#5911,10.7710222419358);
#1416=CYLINDRICAL_SURFACE('',#5915,8.);
#1417=CYLINDRICAL_SURFACE('',#5917,4.50000000000002);
#1418=CYLINDRICAL_SURFACE('',#5920,3.00000000000001);
#1419=CYLINDRICAL_SURFACE('',#5924,3.00000000000001);
#1420=CYLINDRICAL_SURFACE('',#5926,4.50000000000001);
#1421=CYLINDRICAL_SURFACE('',#5929,8.);
#1422=CYLINDRICAL_SURFACE('',#5934,7.);
#1423=CYLINDRICAL_SURFACE('',#5942,6.99999999999999);
#1424=CYLINDRICAL_SURFACE('',#5951,7.);
#1425=CYLINDRICAL_SURFACE('',#5959,7.00000000000001);
#1426=CYLINDRICAL_SURFACE('',#5988,8.);
#1427=CYLINDRICAL_SURFACE('',#5990,8.);
#1428=FACE_OUTER_BOUND('',#1736,.T.);
#1429=FACE_OUTER_BOUND('',#1737,.T.);
#1430=FACE_OUTER_BOUND('',#1738,.T.);
#1431=FACE_OUTER_BOUND('',#1739,.T.);
#1432=FACE_OUTER_BOUND('',#1740,.T.);
#1433=FACE_OUTER_BOUND('',#1741,.T.);
#1434=FACE_OUTER_BOUND('',#1745,.T.);
#1435=FACE_OUTER_BOUND('',#1746,.T.);
#1436=FACE_OUTER_BOUND('',#1747,.T.);
#1437=FACE_OUTER_BOUND('',#1748,.T.);
#1438=FACE_OUTER_BOUND('',#1749,.T.);
#1439=FACE_OUTER_BOUND('',#1750,.T.);
#1440=FACE_OUTER_BOUND('',#1751,.T.);
#1441=FACE_OUTER_BOUND('',#1752,.T.);
#1442=FACE_OUTER_BOUND('',#1753,.T.);
#1443=FACE_OUTER_BOUND('',#1754,.T.);
#1444=FACE_OUTER_BOUND('',#1755,.T.);
#1445=FACE_OUTER_BOUND('',#1756,.T.);
#1446=FACE_OUTER_BOUND('',#1757,.T.);
#1447=FACE_OUTER_BOUND('',#1758,.T.);
#1448=FACE_OUTER_BOUND('',#1759,.T.);
#1449=FACE_OUTER_BOUND('',#1760,.T.);
#1450=FACE_OUTER_BOUND('',#1761,.T.);
#1451=FACE_OUTER_BOUND('',#1762,.T.);
#1452=FACE_OUTER_BOUND('',#1763,.T.);
#1453=FACE_OUTER_BOUND('',#1764,.T.);
#1454=FACE_OUTER_BOUND('',#1765,.T.);
#1455=FACE_OUTER_BOUND('',#1766,.T.);
#1456=FACE_OUTER_BOUND('',#1767,.T.);
#1457=FACE_OUTER_BOUND('',#1768,.T.);
#1458=FACE_OUTER_BOUND('',#1769,.T.);
#1459=FACE_OUTER_BOUND('',#1770,.T.);
#1460=FACE_OUTER_BOUND('',#1771,.T.);
#1461=FACE_OUTER_BOUND('',#1772,.T.);
#1462=FACE_OUTER_BOUND('',#1773,.T.);
#1463=FACE_OUTER_BOUND('',#1774,.T.);
#1464=FACE_OUTER_BOUND('',#1775,.T.);
#1465=FACE_OUTER_BOUND('',#1776,.T.);
#1466=FACE_OUTER_BOUND('',#1779,.T.);
#1467=FACE_OUTER_BOUND('',#1781,.T.);
#1468=FACE_OUTER_BOUND('',#1782,.T.);
#1469=FACE_OUTER_BOUND('',#1783,.T.);
#1470=FACE_OUTER_BOUND('',#1784,.T.);
#1471=FACE_OUTER_BOUND('',#1785,.T.);
#1472=FACE_OUTER_BOUND('',#1786,.T.);
#1473=FACE_OUTER_BOUND('',#1787,.T.);
#1474=FACE_OUTER_BOUND('',#1788,.T.);
#1475=FACE_OUTER_BOUND('',#1790,.T.);
#1476=FACE_OUTER_BOUND('',#1792,.T.);
#1477=FACE_OUTER_BOUND('',#1793,.T.);
#1478=FACE_OUTER_BOUND('',#1794,.T.);
#1479=FACE_OUTER_BOUND('',#1795,.T.);
#1480=FACE_OUTER_BOUND('',#1796,.T.);
#1481=FACE_OUTER_BOUND('',#1797,.T.);
#1482=FACE_OUTER_BOUND('',#1798,.T.);
#1483=FACE_OUTER_BOUND('',#1799,.T.);
#1484=FACE_OUTER_BOUND('',#1801,.T.);
#1485=FACE_OUTER_BOUND('',#1803,.T.);
#1486=FACE_OUTER_BOUND('',#1804,.T.);
#1487=FACE_OUTER_BOUND('',#1805,.T.);
#1488=FACE_OUTER_BOUND('',#1806,.T.);
#1489=FACE_OUTER_BOUND('',#1807,.T.);
#1490=FACE_OUTER_BOUND('',#1808,.T.);
#1491=FACE_OUTER_BOUND('',#1809,.T.);
#1492=FACE_OUTER_BOUND('',#1810,.T.);
#1493=FACE_OUTER_BOUND('',#1811,.T.);
#1494=FACE_OUTER_BOUND('',#1812,.T.);
#1495=FACE_OUTER_BOUND('',#1813,.T.);
#1496=FACE_OUTER_BOUND('',#1814,.T.);
#1497=FACE_OUTER_BOUND('',#1815,.T.);
#1498=FACE_OUTER_BOUND('',#1816,.T.);
#1499=FACE_OUTER_BOUND('',#1817,.T.);
#1500=FACE_OUTER_BOUND('',#1818,.T.);
#1501=FACE_OUTER_BOUND('',#1819,.T.);
#1502=FACE_OUTER_BOUND('',#1820,.T.);
#1503=FACE_OUTER_BOUND('',#1821,.T.);
#1504=FACE_OUTER_BOUND('',#1822,.T.);
#1505=FACE_OUTER_BOUND('',#1823,.T.);
#1506=FACE_OUTER_BOUND('',#1824,.T.);
#1507=FACE_OUTER_BOUND('',#1825,.T.);
#1508=FACE_OUTER_BOUND('',#1826,.T.);
#1509=FACE_OUTER_BOUND('',#1827,.T.);
#1510=FACE_OUTER_BOUND('',#1828,.T.);
#1511=FACE_OUTER_BOUND('',#1829,.T.);
#1512=FACE_OUTER_BOUND('',#1830,.T.);
#1513=FACE_OUTER_BOUND('',#1831,.T.);
#1514=FACE_OUTER_BOUND('',#1832,.T.);
#1515=FACE_OUTER_BOUND('',#1833,.T.);
#1516=FACE_OUTER_BOUND('',#1834,.T.);
#1517=FACE_OUTER_BOUND('',#1835,.T.);
#1518=FACE_OUTER_BOUND('',#1836,.T.);
#1519=FACE_OUTER_BOUND('',#1837,.T.);
#1520=FACE_OUTER_BOUND('',#1838,.T.);
#1521=FACE_OUTER_BOUND('',#1839,.T.);
#1522=FACE_OUTER_BOUND('',#1840,.T.);
#1523=FACE_OUTER_BOUND('',#1841,.T.);
#1524=FACE_OUTER_BOUND('',#1842,.T.);
#1525=FACE_OUTER_BOUND('',#1843,.T.);
#1526=FACE_OUTER_BOUND('',#1844,.T.);
#1527=FACE_OUTER_BOUND('',#1845,.T.);
#1528=FACE_OUTER_BOUND('',#1846,.T.);
#1529=FACE_OUTER_BOUND('',#1847,.T.);
#1530=FACE_OUTER_BOUND('',#1848,.T.);
#1531=FACE_OUTER_BOUND('',#1849,.T.);
#1532=FACE_OUTER_BOUND('',#1850,.T.);
#1533=FACE_OUTER_BOUND('',#1851,.T.);
#1534=FACE_OUTER_BOUND('',#1852,.T.);
#1535=FACE_OUTER_BOUND('',#1853,.T.);
#1536=FACE_OUTER_BOUND('',#1854,.T.);
#1537=FACE_OUTER_BOUND('',#1855,.T.);
#1538=FACE_OUTER_BOUND('',#1856,.T.);
#1539=FACE_OUTER_BOUND('',#1857,.T.);
#1540=FACE_OUTER_BOUND('',#1858,.T.);
#1541=FACE_OUTER_BOUND('',#1859,.T.);
#1542=FACE_OUTER_BOUND('',#1860,.T.);
#1543=FACE_OUTER_BOUND('',#1861,.T.);
#1544=FACE_OUTER_BOUND('',#1862,.T.);
#1545=FACE_OUTER_BOUND('',#1863,.T.);
#1546=FACE_OUTER_BOUND('',#1864,.T.);
#1547=FACE_OUTER_BOUND('',#1865,.T.);
#1548=FACE_OUTER_BOUND('',#1866,.T.);
#1549=FACE_OUTER_BOUND('',#1867,.T.);
#1550=FACE_OUTER_BOUND('',#1868,.T.);
#1551=FACE_OUTER_BOUND('',#1869,.T.);
#1552=FACE_OUTER_BOUND('',#1870,.T.);
#1553=FACE_OUTER_BOUND('',#1871,.T.);
#1554=FACE_OUTER_BOUND('',#1872,.T.);
#1555=FACE_OUTER_BOUND('',#1873,.T.);
#1556=FACE_OUTER_BOUND('',#1874,.T.);
#1557=FACE_OUTER_BOUND('',#1875,.T.);
#1558=FACE_OUTER_BOUND('',#1876,.T.);
#1559=FACE_OUTER_BOUND('',#1877,.T.);
#1560=FACE_OUTER_BOUND('',#1878,.T.);
#1561=FACE_OUTER_BOUND('',#1879,.T.);
#1562=FACE_OUTER_BOUND('',#1880,.T.);
#1563=FACE_OUTER_BOUND('',#1881,.T.);
#1564=FACE_OUTER_BOUND('',#1882,.T.);
#1565=FACE_OUTER_BOUND('',#1883,.T.);
#1566=FACE_OUTER_BOUND('',#1884,.T.);
#1567=FACE_OUTER_BOUND('',#1885,.T.);
#1568=FACE_OUTER_BOUND('',#1886,.T.);
#1569=FACE_OUTER_BOUND('',#1887,.T.);
#1570=FACE_OUTER_BOUND('',#1888,.T.);
#1571=FACE_OUTER_BOUND('',#1890,.T.);
#1572=FACE_OUTER_BOUND('',#1891,.T.);
#1573=FACE_OUTER_BOUND('',#1892,.T.);
#1574=FACE_OUTER_BOUND('',#1893,.T.);
#1575=FACE_OUTER_BOUND('',#1894,.T.);
#1576=FACE_OUTER_BOUND('',#1895,.T.);
#1577=FACE_OUTER_BOUND('',#1896,.T.);
#1578=FACE_OUTER_BOUND('',#1897,.T.);
#1579=FACE_OUTER_BOUND('',#1898,.T.);
#1580=FACE_OUTER_BOUND('',#1899,.T.);
#1581=FACE_OUTER_BOUND('',#1900,.T.);
#1582=FACE_OUTER_BOUND('',#1901,.T.);
#1583=FACE_OUTER_BOUND('',#1902,.T.);
#1584=FACE_OUTER_BOUND('',#1903,.T.);
#1585=FACE_OUTER_BOUND('',#1904,.T.);
#1586=FACE_OUTER_BOUND('',#1905,.T.);
#1587=FACE_OUTER_BOUND('',#1906,.T.);
#1588=FACE_OUTER_BOUND('',#1907,.T.);
#1589=FACE_OUTER_BOUND('',#1908,.T.);
#1590=FACE_OUTER_BOUND('',#1909,.T.);
#1591=FACE_OUTER_BOUND('',#1910,.T.);
#1592=FACE_OUTER_BOUND('',#1911,.T.);
#1593=FACE_OUTER_BOUND('',#1912,.T.);
#1594=FACE_OUTER_BOUND('',#1913,.T.);
#1595=FACE_OUTER_BOUND('',#1914,.T.);
#1596=FACE_OUTER_BOUND('',#1915,.T.);
#1597=FACE_OUTER_BOUND('',#1916,.T.);
#1598=FACE_OUTER_BOUND('',#1917,.T.);
#1599=FACE_OUTER_BOUND('',#1918,.T.);
#1600=FACE_OUTER_BOUND('',#1919,.T.);
#1601=FACE_OUTER_BOUND('',#1920,.T.);
#1602=FACE_OUTER_BOUND('',#1921,.T.);
#1603=FACE_OUTER_BOUND('',#1922,.T.);
#1604=FACE_OUTER_BOUND('',#1923,.T.);
#1605=FACE_OUTER_BOUND('',#1924,.T.);
#1606=FACE_OUTER_BOUND('',#1925,.T.);
#1607=FACE_OUTER_BOUND('',#1926,.T.);
#1608=FACE_OUTER_BOUND('',#1927,.T.);
#1609=FACE_OUTER_BOUND('',#1928,.T.);
#1610=FACE_OUTER_BOUND('',#1930,.T.);
#1611=FACE_OUTER_BOUND('',#1931,.T.);
#1612=FACE_OUTER_BOUND('',#1932,.T.);
#1613=FACE_OUTER_BOUND('',#1933,.T.);
#1614=FACE_OUTER_BOUND('',#1934,.T.);
#1615=FACE_OUTER_BOUND('',#1935,.T.);
#1616=FACE_OUTER_BOUND('',#1936,.T.);
#1617=FACE_OUTER_BOUND('',#1937,.T.);
#1618=FACE_OUTER_BOUND('',#1938,.T.);
#1619=FACE_OUTER_BOUND('',#1942,.T.);
#1620=FACE_OUTER_BOUND('',#1943,.T.);
#1621=FACE_OUTER_BOUND('',#1944,.T.);
#1622=FACE_OUTER_BOUND('',#1945,.T.);
#1623=FACE_OUTER_BOUND('',#1946,.T.);
#1624=FACE_OUTER_BOUND('',#1947,.T.);
#1625=FACE_OUTER_BOUND('',#1948,.T.);
#1626=FACE_OUTER_BOUND('',#1949,.T.);
#1627=FACE_OUTER_BOUND('',#1950,.T.);
#1628=FACE_OUTER_BOUND('',#1951,.T.);
#1629=FACE_OUTER_BOUND('',#1952,.T.);
#1630=FACE_OUTER_BOUND('',#1953,.T.);
#1631=FACE_OUTER_BOUND('',#1954,.T.);
#1632=FACE_OUTER_BOUND('',#1955,.T.);
#1633=FACE_OUTER_BOUND('',#1956,.T.);
#1634=FACE_OUTER_BOUND('',#1957,.T.);
#1635=FACE_OUTER_BOUND('',#1958,.T.);
#1636=FACE_OUTER_BOUND('',#1959,.T.);
#1637=FACE_OUTER_BOUND('',#1960,.T.);
#1638=FACE_OUTER_BOUND('',#1961,.T.);
#1639=FACE_OUTER_BOUND('',#1962,.T.);
#1640=FACE_OUTER_BOUND('',#1963,.T.);
#1641=FACE_OUTER_BOUND('',#1964,.T.);
#1642=FACE_OUTER_BOUND('',#1965,.T.);
#1643=FACE_OUTER_BOUND('',#1966,.T.);
#1644=FACE_OUTER_BOUND('',#1967,.T.);
#1645=FACE_OUTER_BOUND('',#1968,.T.);
#1646=FACE_OUTER_BOUND('',#1969,.T.);
#1647=FACE_OUTER_BOUND('',#1970,.T.);
#1648=FACE_OUTER_BOUND('',#1971,.T.);
#1649=FACE_OUTER_BOUND('',#1972,.T.);
#1650=FACE_OUTER_BOUND('',#1973,.T.);
#1651=FACE_OUTER_BOUND('',#1977,.T.);
#1652=FACE_OUTER_BOUND('',#1978,.T.);
#1653=FACE_OUTER_BOUND('',#1979,.T.);
#1654=FACE_OUTER_BOUND('',#1980,.T.);
#1655=FACE_OUTER_BOUND('',#1981,.T.);
#1656=FACE_OUTER_BOUND('',#1983,.T.);
#1657=FACE_OUTER_BOUND('',#1984,.T.);
#1658=FACE_OUTER_BOUND('',#1986,.T.);
#1659=FACE_OUTER_BOUND('',#1987,.T.);
#1660=FACE_OUTER_BOUND('',#1989,.T.);
#1661=FACE_OUTER_BOUND('',#1991,.T.);
#1662=FACE_OUTER_BOUND('',#1992,.T.);
#1663=FACE_OUTER_BOUND('',#1993,.T.);
#1664=FACE_OUTER_BOUND('',#1994,.T.);
#1665=FACE_OUTER_BOUND('',#1995,.T.);
#1666=FACE_OUTER_BOUND('',#1996,.T.);
#1667=FACE_OUTER_BOUND('',#1997,.T.);
#1668=FACE_OUTER_BOUND('',#1998,.T.);
#1669=FACE_OUTER_BOUND('',#1999,.T.);
#1670=FACE_OUTER_BOUND('',#2000,.T.);
#1671=FACE_OUTER_BOUND('',#2001,.T.);
#1672=FACE_OUTER_BOUND('',#2002,.T.);
#1673=FACE_OUTER_BOUND('',#2003,.T.);
#1674=FACE_OUTER_BOUND('',#2004,.T.);
#1675=FACE_OUTER_BOUND('',#2005,.T.);
#1676=FACE_OUTER_BOUND('',#2006,.T.);
#1677=FACE_OUTER_BOUND('',#2007,.T.);
#1678=FACE_OUTER_BOUND('',#2008,.T.);
#1679=FACE_OUTER_BOUND('',#2009,.T.);
#1680=FACE_OUTER_BOUND('',#2010,.T.);
#1681=FACE_OUTER_BOUND('',#2011,.T.);
#1682=FACE_OUTER_BOUND('',#2012,.T.);
#1683=FACE_OUTER_BOUND('',#2013,.T.);
#1684=FACE_OUTER_BOUND('',#2014,.T.);
#1685=FACE_OUTER_BOUND('',#2015,.T.);
#1686=FACE_OUTER_BOUND('',#2016,.T.);
#1687=FACE_OUTER_BOUND('',#2017,.T.);
#1688=FACE_OUTER_BOUND('',#2018,.T.);
#1689=FACE_OUTER_BOUND('',#2019,.T.);
#1690=FACE_OUTER_BOUND('',#2020,.T.);
#1691=FACE_OUTER_BOUND('',#2021,.T.);
#1692=FACE_OUTER_BOUND('',#2022,.T.);
#1693=FACE_OUTER_BOUND('',#2023,.T.);
#1694=FACE_OUTER_BOUND('',#2024,.T.);
#1695=FACE_OUTER_BOUND('',#2025,.T.);
#1696=FACE_OUTER_BOUND('',#2026,.T.);
#1697=FACE_OUTER_BOUND('',#2027,.T.);
#1698=FACE_OUTER_BOUND('',#2028,.T.);
#1699=FACE_OUTER_BOUND('',#2029,.T.);
#1700=FACE_OUTER_BOUND('',#2030,.T.);
#1701=FACE_OUTER_BOUND('',#2031,.T.);
#1702=FACE_OUTER_BOUND('',#2032,.T.);
#1703=FACE_OUTER_BOUND('',#2033,.T.);
#1704=FACE_OUTER_BOUND('',#2034,.T.);
#1705=FACE_OUTER_BOUND('',#2035,.T.);
#1706=FACE_OUTER_BOUND('',#2036,.T.);
#1707=FACE_OUTER_BOUND('',#2037,.T.);
#1708=FACE_OUTER_BOUND('',#2038,.T.);
#1709=FACE_OUTER_BOUND('',#2039,.T.);
#1710=FACE_OUTER_BOUND('',#2040,.T.);
#1711=FACE_OUTER_BOUND('',#2041,.T.);
#1712=FACE_OUTER_BOUND('',#2042,.T.);
#1713=FACE_OUTER_BOUND('',#2043,.T.);
#1714=FACE_OUTER_BOUND('',#2044,.T.);
#1715=FACE_OUTER_BOUND('',#2045,.T.);
#1716=FACE_OUTER_BOUND('',#2046,.T.);
#1717=FACE_OUTER_BOUND('',#2047,.T.);
#1718=FACE_OUTER_BOUND('',#2048,.T.);
#1719=FACE_OUTER_BOUND('',#2049,.T.);
#1720=FACE_OUTER_BOUND('',#2050,.T.);
#1721=FACE_OUTER_BOUND('',#2051,.T.);
#1722=FACE_OUTER_BOUND('',#2052,.T.);
#1723=FACE_OUTER_BOUND('',#2053,.T.);
#1724=FACE_OUTER_BOUND('',#2054,.T.);
#1725=FACE_OUTER_BOUND('',#2055,.T.);
#1726=FACE_OUTER_BOUND('',#2057,.T.);
#1727=FACE_OUTER_BOUND('',#2059,.T.);
#1728=FACE_OUTER_BOUND('',#2060,.T.);
#1729=FACE_OUTER_BOUND('',#2061,.T.);
#1730=FACE_OUTER_BOUND('',#2062,.T.);
#1731=FACE_OUTER_BOUND('',#2063,.T.);
#1732=FACE_OUTER_BOUND('',#2064,.T.);
#1733=FACE_OUTER_BOUND('',#2065,.T.);
#1734=FACE_OUTER_BOUND('',#2066,.T.);
#1735=FACE_OUTER_BOUND('',#2067,.T.);
#1736=EDGE_LOOP('',(#3543,#3544,#3545,#3546));
#1737=EDGE_LOOP('',(#3547,#3548,#3549,#3550,#3551,#3552));
#1738=EDGE_LOOP('',(#3553,#3554,#3555,#3556));
#1739=EDGE_LOOP('',(#3557,#3558,#3559,#3560,#3561));
#1740=EDGE_LOOP('',(#3562,#3563,#3564,#3565,#3566));
#1741=EDGE_LOOP('',(#3567,#3568,#3569,#3570));
#1742=EDGE_LOOP('',(#3571));
#1743=EDGE_LOOP('',(#3572));
#1744=EDGE_LOOP('',(#3573,#3574,#3575,#3576,#3577,#3578,#3579,#3580,#3581,
#3582,#3583,#3584,#3585,#3586,#3587,#3588));
#1745=EDGE_LOOP('',(#3589,#3590,#3591,#3592));
#1746=EDGE_LOOP('',(#3593,#3594,#3595,#3596));
#1747=EDGE_LOOP('',(#3597,#3598,#3599,#3600,#3601,#3602));
#1748=EDGE_LOOP('',(#3603,#3604,#3605,#3606,#3607));
#1749=EDGE_LOOP('',(#3608,#3609,#3610,#3611,#3612));
#1750=EDGE_LOOP('',(#3613,#3614,#3615,#3616,#3617));
#1751=EDGE_LOOP('',(#3618,#3619,#3620,#3621));
#1752=EDGE_LOOP('',(#3622,#3623,#3624,#3625,#3626));
#1753=EDGE_LOOP('',(#3627,#3628,#3629,#3630));
#1754=EDGE_LOOP('',(#3631,#3632,#3633,#3634));
#1755=EDGE_LOOP('',(#3635,#3636,#3637,#3638,#3639,#3640));
#1756=EDGE_LOOP('',(#3641,#3642,#3643,#3644,#3645,#3646));
#1757=EDGE_LOOP('',(#3647,#3648,#3649,#3650));
#1758=EDGE_LOOP('',(#3651,#3652,#3653,#3654));
#1759=EDGE_LOOP('',(#3655,#3656,#3657,#3658,#3659));
#1760=EDGE_LOOP('',(#3660,#3661,#3662,#3663,#3664));
#1761=EDGE_LOOP('',(#3665,#3666,#3667,#3668,#3669));
#1762=EDGE_LOOP('',(#3670,#3671,#3672,#3673,#3674));
#1763=EDGE_LOOP('',(#3675,#3676,#3677,#3678));
#1764=EDGE_LOOP('',(#3679,#3680,#3681,#3682));
#1765=EDGE_LOOP('',(#3683,#3684,#3685,#3686));
#1766=EDGE_LOOP('',(#3687,#3688,#3689,#3690));
#1767=EDGE_LOOP('',(#3691,#3692,#3693,#3694));
#1768=EDGE_LOOP('',(#3695,#3696,#3697,#3698));
#1769=EDGE_LOOP('',(#3699,#3700,#3701,#3702));
#1770=EDGE_LOOP('',(#3703,#3704,#3705,#3706));
#1771=EDGE_LOOP('',(#3707,#3708,#3709,#3710));
#1772=EDGE_LOOP('',(#3711,#3712,#3713,#3714));
#1773=EDGE_LOOP('',(#3715,#3716,#3717,#3718,#3719,#3720,#3721,#3722));
#1774=EDGE_LOOP('',(#3723,#3724,#3725,#3726));
#1775=EDGE_LOOP('',(#3727,#3728,#3729,#3730));
#1776=EDGE_LOOP('',(#3731,#3732,#3733,#3734,#3735,#3736,#3737,#3738,#3739,
#3740,#3741,#3742,#3743,#3744,#3745,#3746,#3747,#3748,#3749,#3750));
#1777=EDGE_LOOP('',(#3751));
#1778=EDGE_LOOP('',(#3752));
#1779=EDGE_LOOP('',(#3753,#3754,#3755,#3756));
#1780=EDGE_LOOP('',(#3757,#3758,#3759,#3760));
#1781=EDGE_LOOP('',(#3761,#3762,#3763,#3764));
#1782=EDGE_LOOP('',(#3765,#3766,#3767,#3768));
#1783=EDGE_LOOP('',(#3769,#3770,#3771,#3772));
#1784=EDGE_LOOP('',(#3773,#3774,#3775,#3776));
#1785=EDGE_LOOP('',(#3777,#3778,#3779,#3780));
#1786=EDGE_LOOP('',(#3781,#3782,#3783,#3784));
#1787=EDGE_LOOP('',(#3785,#3786,#3787,#3788));
#1788=EDGE_LOOP('',(#3789,#3790,#3791,#3792,#3793,#3794));
#1789=EDGE_LOOP('',(#3795));
#1790=EDGE_LOOP('',(#3796,#3797,#3798,#3799,#3800,#3801));
#1791=EDGE_LOOP('',(#3802));
#1792=EDGE_LOOP('',(#3803,#3804,#3805,#3806));
#1793=EDGE_LOOP('',(#3807,#3808,#3809,#3810));
#1794=EDGE_LOOP('',(#3811,#3812,#3813,#3814));
#1795=EDGE_LOOP('',(#3815,#3816,#3817,#3818));
#1796=EDGE_LOOP('',(#3819,#3820,#3821,#3822));
#1797=EDGE_LOOP('',(#3823,#3824,#3825,#3826));
#1798=EDGE_LOOP('',(#3827,#3828,#3829,#3830));
#1799=EDGE_LOOP('',(#3831,#3832,#3833,#3834,#3835,#3836));
#1800=EDGE_LOOP('',(#3837));
#1801=EDGE_LOOP('',(#3838,#3839,#3840,#3841,#3842,#3843));
#1802=EDGE_LOOP('',(#3844));
#1803=EDGE_LOOP('',(#3845,#3846,#3847));
#1804=EDGE_LOOP('',(#3848,#3849,#3850));
#1805=EDGE_LOOP('',(#3851,#3852,#3853,#3854));
#1806=EDGE_LOOP('',(#3855,#3856,#3857));
#1807=EDGE_LOOP('',(#3858,#3859,#3860));
#1808=EDGE_LOOP('',(#3861,#3862,#3863,#3864));
#1809=EDGE_LOOP('',(#3865,#3866,#3867,#3868));
#1810=EDGE_LOOP('',(#3869,#3870,#3871,#3872));
#1811=EDGE_LOOP('',(#3873,#3874,#3875,#3876));
#1812=EDGE_LOOP('',(#3877,#3878,#3879,#3880));
#1813=EDGE_LOOP('',(#3881,#3882,#3883,#3884));
#1814=EDGE_LOOP('',(#3885,#3886,#3887,#3888));
#1815=EDGE_LOOP('',(#3889,#3890,#3891,#3892));
#1816=EDGE_LOOP('',(#3893,#3894,#3895,#3896));
#1817=EDGE_LOOP('',(#3897,#3898,#3899,#3900));
#1818=EDGE_LOOP('',(#3901,#3902,#3903));
#1819=EDGE_LOOP('',(#3904,#3905,#3906));
#1820=EDGE_LOOP('',(#3907,#3908,#3909,#3910));
#1821=EDGE_LOOP('',(#3911,#3912,#3913));
#1822=EDGE_LOOP('',(#3914,#3915,#3916));
#1823=EDGE_LOOP('',(#3917,#3918,#3919,#3920));
#1824=EDGE_LOOP('',(#3921,#3922,#3923,#3924));
#1825=EDGE_LOOP('',(#3925,#3926,#3927,#3928));
#1826=EDGE_LOOP('',(#3929,#3930,#3931,#3932));
#1827=EDGE_LOOP('',(#3933,#3934,#3935,#3936));
#1828=EDGE_LOOP('',(#3937,#3938,#3939,#3940));
#1829=EDGE_LOOP('',(#3941,#3942,#3943,#3944));
#1830=EDGE_LOOP('',(#3945,#3946,#3947,#3948));
#1831=EDGE_LOOP('',(#3949,#3950,#3951,#3952));
#1832=EDGE_LOOP('',(#3953,#3954,#3955,#3956));
#1833=EDGE_LOOP('',(#3957,#3958,#3959));
#1834=EDGE_LOOP('',(#3960,#3961,#3962));
#1835=EDGE_LOOP('',(#3963,#3964,#3965));
#1836=EDGE_LOOP('',(#3966,#3967,#3968));
#1837=EDGE_LOOP('',(#3969,#3970,#3971,#3972));
#1838=EDGE_LOOP('',(#3973,#3974,#3975,#3976));
#1839=EDGE_LOOP('',(#3977,#3978,#3979,#3980));
#1840=EDGE_LOOP('',(#3981,#3982,#3983,#3984));
#1841=EDGE_LOOP('',(#3985,#3986,#3987,#3988));
#1842=EDGE_LOOP('',(#3989,#3990,#3991,#3992));
#1843=EDGE_LOOP('',(#3993,#3994,#3995,#3996));
#1844=EDGE_LOOP('',(#3997,#3998,#3999,#4000));
#1845=EDGE_LOOP('',(#4001,#4002,#4003,#4004));
#1846=EDGE_LOOP('',(#4005,#4006,#4007,#4008,#4009,#4010,#4011,#4012));
#1847=EDGE_LOOP('',(#4013,#4014,#4015,#4016));
#1848=EDGE_LOOP('',(#4017,#4018,#4019,#4020));
#1849=EDGE_LOOP('',(#4021,#4022,#4023,#4024));
#1850=EDGE_LOOP('',(#4025,#4026,#4027,#4028));
#1851=EDGE_LOOP('',(#4029,#4030,#4031,#4032,#4033,#4034));
#1852=EDGE_LOOP('',(#4035,#4036,#4037,#4038,#4039,#4040,#4041));
#1853=EDGE_LOOP('',(#4042,#4043,#4044,#4045));
#1854=EDGE_LOOP('',(#4046,#4047,#4048,#4049));
#1855=EDGE_LOOP('',(#4050,#4051,#4052,#4053));
#1856=EDGE_LOOP('',(#4054,#4055,#4056,#4057));
#1857=EDGE_LOOP('',(#4058,#4059,#4060,#4061));
#1858=EDGE_LOOP('',(#4062,#4063,#4064,#4065));
#1859=EDGE_LOOP('',(#4066,#4067,#4068,#4069));
#1860=EDGE_LOOP('',(#4070,#4071,#4072,#4073));
#1861=EDGE_LOOP('',(#4074,#4075,#4076,#4077));
#1862=EDGE_LOOP('',(#4078,#4079,#4080,#4081));
#1863=EDGE_LOOP('',(#4082,#4083,#4084,#4085,#4086,#4087,#4088,#4089,#4090,
#4091));
#1864=EDGE_LOOP('',(#4092,#4093,#4094,#4095,#4096));
#1865=EDGE_LOOP('',(#4097,#4098,#4099,#4100));
#1866=EDGE_LOOP('',(#4101,#4102,#4103,#4104));
#1867=EDGE_LOOP('',(#4105,#4106,#4107,#4108));
#1868=EDGE_LOOP('',(#4109,#4110,#4111,#4112));
#1869=EDGE_LOOP('',(#4113,#4114,#4115,#4116));
#1870=EDGE_LOOP('',(#4117,#4118,#4119,#4120,#4121));
#1871=EDGE_LOOP('',(#4122,#4123,#4124,#4125,#4126,#4127));
#1872=EDGE_LOOP('',(#4128,#4129,#4130,#4131));
#1873=EDGE_LOOP('',(#4132,#4133,#4134));
#1874=EDGE_LOOP('',(#4135,#4136,#4137));
#1875=EDGE_LOOP('',(#4138,#4139,#4140,#4141));
#1876=EDGE_LOOP('',(#4142,#4143,#4144));
#1877=EDGE_LOOP('',(#4145,#4146,#4147));
#1878=EDGE_LOOP('',(#4148,#4149,#4150,#4151));
#1879=EDGE_LOOP('',(#4152,#4153,#4154,#4155,#4156));
#1880=EDGE_LOOP('',(#4157,#4158,#4159,#4160,#4161));
#1881=EDGE_LOOP('',(#4162,#4163,#4164,#4165));
#1882=EDGE_LOOP('',(#4166,#4167,#4168,#4169));
#1883=EDGE_LOOP('',(#4170,#4171,#4172,#4173));
#1884=EDGE_LOOP('',(#4174,#4175,#4176,#4177));
#1885=EDGE_LOOP('',(#4178,#4179,#4180,#4181));
#1886=EDGE_LOOP('',(#4182,#4183,#4184,#4185));
#1887=EDGE_LOOP('',(#4186,#4187,#4188,#4189,#4190));
#1888=EDGE_LOOP('',(#4191,#4192,#4193,#4194,#4195,#4196,#4197,#4198));
#1889=EDGE_LOOP('',(#4199,#4200,#4201,#4202,#4203,#4204,#4205,#4206,#4207,
#4208,#4209,#4210,#4211,#4212,#4213,#4214,#4215,#4216,#4217));
#1890=EDGE_LOOP('',(#4218,#4219,#4220,#4221,#4222,#4223,#4224));
#1891=EDGE_LOOP('',(#4225,#4226,#4227,#4228));
#1892=EDGE_LOOP('',(#4229,#4230,#4231,#4232));
#1893=EDGE_LOOP('',(#4233,#4234,#4235,#4236));
#1894=EDGE_LOOP('',(#4237,#4238,#4239,#4240));
#1895=EDGE_LOOP('',(#4241,#4242,#4243,#4244));
#1896=EDGE_LOOP('',(#4245,#4246,#4247,#4248));
#1897=EDGE_LOOP('',(#4249,#4250,#4251,#4252));
#1898=EDGE_LOOP('',(#4253,#4254,#4255,#4256));
#1899=EDGE_LOOP('',(#4257,#4258,#4259,#4260));
#1900=EDGE_LOOP('',(#4261,#4262,#4263,#4264));
#1901=EDGE_LOOP('',(#4265,#4266,#4267,#4268));
#1902=EDGE_LOOP('',(#4269,#4270,#4271,#4272));
#1903=EDGE_LOOP('',(#4273,#4274,#4275,#4276));
#1904=EDGE_LOOP('',(#4277,#4278,#4279,#4280));
#1905=EDGE_LOOP('',(#4281,#4282,#4283,#4284));
#1906=EDGE_LOOP('',(#4285,#4286,#4287,#4288));
#1907=EDGE_LOOP('',(#4289,#4290,#4291,#4292));
#1908=EDGE_LOOP('',(#4293,#4294,#4295,#4296));
#1909=EDGE_LOOP('',(#4297,#4298,#4299,#4300));
#1910=EDGE_LOOP('',(#4301,#4302,#4303,#4304));
#1911=EDGE_LOOP('',(#4305,#4306,#4307,#4308,#4309,#4310,#4311,#4312,#4313,
#4314,#4315,#4316,#4317,#4318,#4319,#4320,#4321,#4322,#4323));
#1912=EDGE_LOOP('',(#4324,#4325,#4326,#4327));
#1913=EDGE_LOOP('',(#4328,#4329,#4330,#4331));
#1914=EDGE_LOOP('',(#4332,#4333,#4334,#4335));
#1915=EDGE_LOOP('',(#4336,#4337,#4338,#4339));
#1916=EDGE_LOOP('',(#4340,#4341,#4342,#4343));
#1917=EDGE_LOOP('',(#4344,#4345,#4346,#4347));
#1918=EDGE_LOOP('',(#4348,#4349,#4350,#4351));
#1919=EDGE_LOOP('',(#4352,#4353,#4354,#4355));
#1920=EDGE_LOOP('',(#4356,#4357,#4358,#4359));
#1921=EDGE_LOOP('',(#4360,#4361,#4362,#4363));
#1922=EDGE_LOOP('',(#4364,#4365,#4366,#4367));
#1923=EDGE_LOOP('',(#4368,#4369,#4370,#4371));
#1924=EDGE_LOOP('',(#4372,#4373,#4374,#4375));
#1925=EDGE_LOOP('',(#4376,#4377,#4378,#4379));
#1926=EDGE_LOOP('',(#4380,#4381,#4382,#4383));
#1927=EDGE_LOOP('',(#4384,#4385,#4386,#4387));
#1928=EDGE_LOOP('',(#4388,#4389,#4390,#4391,#4392,#4393,#4394,#4395,#4396));
#1929=EDGE_LOOP('',(#4397,#4398,#4399,#4400,#4401,#4402,#4403));
#1930=EDGE_LOOP('',(#4404,#4405,#4406,#4407));
#1931=EDGE_LOOP('',(#4408,#4409,#4410,#4411));
#1932=EDGE_LOOP('',(#4412,#4413,#4414,#4415));
#1933=EDGE_LOOP('',(#4416,#4417,#4418,#4419));
#1934=EDGE_LOOP('',(#4420,#4421,#4422,#4423));
#1935=EDGE_LOOP('',(#4424,#4425,#4426,#4427));
#1936=EDGE_LOOP('',(#4428,#4429,#4430,#4431));
#1937=EDGE_LOOP('',(#4432,#4433,#4434,#4435,#4436,#4437,#4438));
#1938=EDGE_LOOP('',(#4439,#4440,#4441,#4442,#4443,#4444,#4445,#4446,#4447,
#4448,#4449,#4450,#4451,#4452,#4453,#4454,#4455,#4456,#4457,#4458,#4459,
#4460,#4461,#4462,#4463,#4464,#4465,#4466,#4467,#4468,#4469,#4470,#4471,
#4472));
#1939=EDGE_LOOP('',(#4473,#4474,#4475,#4476,#4477,#4478,#4479));
#1940=EDGE_LOOP('',(#4480,#4481,#4482,#4483,#4484,#4485,#4486,#4487,#4488));
#1941=EDGE_LOOP('',(#4489,#4490,#4491,#4492,#4493,#4494,#4495,#4496,#4497,
#4498,#4499,#4500,#4501,#4502,#4503,#4504,#4505,#4506,#4507));
#1942=EDGE_LOOP('',(#4508,#4509,#4510,#4511));
#1943=EDGE_LOOP('',(#4512,#4513,#4514,#4515,#4516,#4517,#4518,#4519,#4520,
#4521));
#1944=EDGE_LOOP('',(#4522,#4523,#4524,#4525,#4526,#4527,#4528,#4529,#4530,
#4531,#4532,#4533,#4534,#4535,#4536,#4537,#4538,#4539,#4540,#4541));
#1945=EDGE_LOOP('',(#4542,#4543,#4544,#4545,#4546));
#1946=EDGE_LOOP('',(#4547,#4548,#4549,#4550));
#1947=EDGE_LOOP('',(#4551,#4552,#4553,#4554,#4555,#4556));
#1948=EDGE_LOOP('',(#4557,#4558,#4559,#4560,#4561,#4562));
#1949=EDGE_LOOP('',(#4563,#4564,#4565,#4566));
#1950=EDGE_LOOP('',(#4567,#4568,#4569,#4570));
#1951=EDGE_LOOP('',(#4571,#4572,#4573,#4574));
#1952=EDGE_LOOP('',(#4575,#4576,#4577,#4578));
#1953=EDGE_LOOP('',(#4579,#4580,#4581,#4582));
#1954=EDGE_LOOP('',(#4583,#4584,#4585,#4586,#4587,#4588,#4589,#4590,#4591,
#4592,#4593,#4594));
#1955=EDGE_LOOP('',(#4595,#4596,#4597,#4598,#4599,#4600));
#1956=EDGE_LOOP('',(#4601,#4602,#4603,#4604));
#1957=EDGE_LOOP('',(#4605,#4606,#4607,#4608,#4609));
#1958=EDGE_LOOP('',(#4610,#4611,#4612,#4613));
#1959=EDGE_LOOP('',(#4614,#4615,#4616,#4617,#4618,#4619));
#1960=EDGE_LOOP('',(#4620,#4621,#4622,#4623));
#1961=EDGE_LOOP('',(#4624,#4625,#4626,#4627,#4628,#4629));
#1962=EDGE_LOOP('',(#4630,#4631,#4632,#4633));
#1963=EDGE_LOOP('',(#4634,#4635,#4636,#4637));
#1964=EDGE_LOOP('',(#4638,#4639,#4640,#4641,#4642,#4643));
#1965=EDGE_LOOP('',(#4644,#4645,#4646,#4647,#4648,#4649,#4650,#4651,#4652,
#4653,#4654));
#1966=EDGE_LOOP('',(#4655,#4656,#4657,#4658));
#1967=EDGE_LOOP('',(#4659,#4660,#4661,#4662));
#1968=EDGE_LOOP('',(#4663,#4664,#4665,#4666));
#1969=EDGE_LOOP('',(#4667,#4668,#4669,#4670,#4671));
#1970=EDGE_LOOP('',(#4672,#4673,#4674,#4675,#4676));
#1971=EDGE_LOOP('',(#4677,#4678,#4679,#4680,#4681));
#1972=EDGE_LOOP('',(#4682,#4683,#4684,#4685,#4686));
#1973=EDGE_LOOP('',(#4687,#4688,#4689,#4690,#4691,#4692,#4693,#4694));
#1974=EDGE_LOOP('',(#4695,#4696));
#1975=EDGE_LOOP('',(#4697));
#1976=EDGE_LOOP('',(#4698,#4699,#4700,#4701));
#1977=EDGE_LOOP('',(#4702,#4703,#4704,#4705,#4706,#4707,#4708));
#1978=EDGE_LOOP('',(#4709,#4710,#4711,#4712));
#1979=EDGE_LOOP('',(#4713,#4714,#4715,#4716,#4717,#4718,#4719,#4720));
#1980=EDGE_LOOP('',(#4721,#4722,#4723,#4724,#4725,#4726,#4727,#4728));
#1981=EDGE_LOOP('',(#4729,#4730,#4731,#4732,#4733,#4734,#4735,#4736));
#1982=EDGE_LOOP('',(#4737,#4738,#4739,#4740,#4741,#4742));
#1983=EDGE_LOOP('',(#4743,#4744,#4745,#4746));
#1984=EDGE_LOOP('',(#4747,#4748,#4749,#4750,#4751,#4752,#4753,#4754));
#1985=EDGE_LOOP('',(#4755,#4756,#4757,#4758,#4759,#4760));
#1986=EDGE_LOOP('',(#4761,#4762,#4763,#4764,#4765,#4766,#4767));
#1987=EDGE_LOOP('',(#4768,#4769,#4770,#4771,#4772,#4773,#4774,#4775));
#1988=EDGE_LOOP('',(#4776,#4777,#4778,#4779,#4780,#4781));
#1989=EDGE_LOOP('',(#4782,#4783,#4784,#4785,#4786,#4787,#4788,#4789));
#1990=EDGE_LOOP('',(#4790,#4791,#4792,#4793,#4794,#4795,#4796));
#1991=EDGE_LOOP('',(#4797,#4798,#4799,#4800));
#1992=EDGE_LOOP('',(#4801,#4802,#4803,#4804,#4805,#4806,#4807,#4808));
#1993=EDGE_LOOP('',(#4809,#4810,#4811,#4812));
#1994=EDGE_LOOP('',(#4813,#4814));
#1995=EDGE_LOOP('',(#4815,#4816));
#1996=EDGE_LOOP('',(#4817,#4818));
#1997=EDGE_LOOP('',(#4819,#4820));
#1998=EDGE_LOOP('',(#4821,#4822));
#1999=EDGE_LOOP('',(#4823,#4824));
#2000=EDGE_LOOP('',(#4825,#4826,#4827,#4828));
#2001=EDGE_LOOP('',(#4829,#4830,#4831,#4832));
#2002=EDGE_LOOP('',(#4833,#4834,#4835,#4836,#4837));
#2003=EDGE_LOOP('',(#4838,#4839,#4840));
#2004=EDGE_LOOP('',(#4841,#4842,#4843,#4844,#4845));
#2005=EDGE_LOOP('',(#4846,#4847,#4848,#4849));
#2006=EDGE_LOOP('',(#4850,#4851,#4852,#4853));
#2007=EDGE_LOOP('',(#4854,#4855));
#2008=EDGE_LOOP('',(#4856,#4857,#4858,#4859));
#2009=EDGE_LOOP('',(#4860,#4861));
#2010=EDGE_LOOP('',(#4862,#4863,#4864,#4865));
#2011=EDGE_LOOP('',(#4866,#4867,#4868,#4869));
#2012=EDGE_LOOP('',(#4870,#4871,#4872,#4873));
#2013=EDGE_LOOP('',(#4874,#4875,#4876,#4877));
#2014=EDGE_LOOP('',(#4878,#4879,#4880,#4881));
#2015=EDGE_LOOP('',(#4882,#4883,#4884,#4885));
#2016=EDGE_LOOP('',(#4886,#4887,#4888,#4889));
#2017=EDGE_LOOP('',(#4890,#4891,#4892,#4893,#4894,#4895,#4896));
#2018=EDGE_LOOP('',(#4897,#4898,#4899,#4900));
#2019=EDGE_LOOP('',(#4901,#4902,#4903,#4904));
#2020=EDGE_LOOP('',(#4905,#4906,#4907,#4908));
#2021=EDGE_LOOP('',(#4909,#4910,#4911,#4912));
#2022=EDGE_LOOP('',(#4913,#4914,#4915,#4916));
#2023=EDGE_LOOP('',(#4917,#4918,#4919,#4920));
#2024=EDGE_LOOP('',(#4921,#4922,#4923,#4924));
#2025=EDGE_LOOP('',(#4925,#4926,#4927,#4928));
#2026=EDGE_LOOP('',(#4929,#4930,#4931,#4932));
#2027=EDGE_LOOP('',(#4933,#4934,#4935,#4936));
#2028=EDGE_LOOP('',(#4937,#4938,#4939,#4940));
#2029=EDGE_LOOP('',(#4941,#4942,#4943,#4944));
#2030=EDGE_LOOP('',(#4945,#4946,#4947,#4948));
#2031=EDGE_LOOP('',(#4949,#4950,#4951,#4952));
#2032=EDGE_LOOP('',(#4953,#4954,#4955,#4956));
#2033=EDGE_LOOP('',(#4957,#4958,#4959,#4960));
#2034=EDGE_LOOP('',(#4961,#4962,#4963,#4964));
#2035=EDGE_LOOP('',(#4965,#4966,#4967,#4968));
#2036=EDGE_LOOP('',(#4969,#4970,#4971,#4972));
#2037=EDGE_LOOP('',(#4973,#4974,#4975,#4976,#4977,#4978,#4979,#4980,#4981,
#4982,#4983,#4984,#4985,#4986,#4987,#4988,#4989,#4990,#4991));
#2038=EDGE_LOOP('',(#4992,#4993,#4994,#4995,#4996,#4997,#4998,#4999,#5000,
#5001,#5002,#5003,#5004,#5005,#5006,#5007,#5008,#5009,#5010));
#2039=EDGE_LOOP('',(#5011,#5012,#5013,#5014));
#2040=EDGE_LOOP('',(#5015,#5016,#5017,#5018));
#2041=EDGE_LOOP('',(#5019,#5020,#5021,#5022));
#2042=EDGE_LOOP('',(#5023,#5024,#5025,#5026));
#2043=EDGE_LOOP('',(#5027,#5028,#5029,#5030));
#2044=EDGE_LOOP('',(#5031,#5032,#5033,#5034));
#2045=EDGE_LOOP('',(#5035,#5036,#5037,#5038));
#2046=EDGE_LOOP('',(#5039,#5040,#5041,#5042));
#2047=EDGE_LOOP('',(#5043,#5044,#5045,#5046));
#2048=EDGE_LOOP('',(#5047,#5048,#5049,#5050));
#2049=EDGE_LOOP('',(#5051,#5052,#5053,#5054));
#2050=EDGE_LOOP('',(#5055,#5056,#5057,#5058));
#2051=EDGE_LOOP('',(#5059,#5060,#5061,#5062));
#2052=EDGE_LOOP('',(#5063,#5064,#5065,#5066));
#2053=EDGE_LOOP('',(#5067,#5068,#5069,#5070));
#2054=EDGE_LOOP('',(#5071,#5072,#5073,#5074));
#2055=EDGE_LOOP('',(#5075,#5076,#5077,#5078,#5079,#5080,#5081,#5082,#5083));
#2056=EDGE_LOOP('',(#5084,#5085,#5086,#5087,#5088,#5089,#5090));
#2057=EDGE_LOOP('',(#5091,#5092,#5093,#5094,#5095,#5096,#5097,#5098,#5099));
#2058=EDGE_LOOP('',(#5100,#5101,#5102,#5103,#5104,#5105,#5106));
#2059=EDGE_LOOP('',(#5107,#5108,#5109,#5110));
#2060=EDGE_LOOP('',(#5111,#5112,#5113,#5114));
#2061=EDGE_LOOP('',(#5115,#5116,#5117,#5118));
#2062=EDGE_LOOP('',(#5119,#5120,#5121,#5122));
#2063=EDGE_LOOP('',(#5123,#5124,#5125,#5126));
#2064=EDGE_LOOP('',(#5127,#5128,#5129,#5130));
#2065=EDGE_LOOP('',(#5131,#5132,#5133,#5134));
#2066=EDGE_LOOP('',(#5135,#5136,#5137,#5138,#5139,#5140,#5141));
#2067=EDGE_LOOP('',(#5142,#5143,#5144,#5145,#5146,#5147,#5148));
#2068=B_SPLINE_CURVE_WITH_KNOTS('',3,(#7520,#7521,#7522,#7523,#7524,#7525,
#7526,#7527,#7528,#7529),.UNSPECIFIED.,.F.,.F.,(4,3,3,4),(6.93889390390723E-18,
0.0431251184191381,0.0718751973652301,0.100625276311322),.UNSPECIFIED.);
#2069=B_SPLINE_CURVE_WITH_KNOTS('',3,(#7532,#7533,#7534,#7535,#7536,#7537,
#7538,#7539,#7540,#7541,#7542,#7543,#7544,#7545),.UNSPECIFIED.,.F.,.F.,
(4,2,2,2,2,2,4),(0.,0.0140194439529858,0.0300553645419201,0.0514709857626264,
0.0717938534092042,0.0931299081087139,0.0935523273172677),.UNSPECIFIED.);
#2070=B_SPLINE_CURVE_WITH_KNOTS('',3,(#7550,#7551,#7552,#7553,#7554,#7555),
 .UNSPECIFIED.,.F.,.F.,(4,2,4),(0.130792305681395,0.132617755758019,0.151454058810082),
 .UNSPECIFIED.);
#2071=B_SPLINE_CURVE_WITH_KNOTS('',3,(#7620,#7621,#7622,#7623,#7624,#7625,
#7626,#7627,#7628,#7629,#7630,#7631,#7632,#7633),.UNSPECIFIED.,.F.,.F.,
(4,2,2,2,2,2,4),(-0.0930818213513348,-0.0926634685412526,-0.0718895640656186,
-0.0516938739301497,-0.0301407389970489,-0.0140330572996445,0.),
 .UNSPECIFIED.);
#2072=B_SPLINE_CURVE_WITH_KNOTS('',3,(#7646,#7647,#7648,#7649,#7650,#7651),
 .UNSPECIFIED.,.F.,.F.,(4,2,4),(0.151454222862876,0.17029052591494,0.172115975991564),
 .UNSPECIFIED.);
#2073=B_SPLINE_CURVE_WITH_KNOTS('',3,(#7652,#7653,#7654,#7655,#7656,#7657,
#7658,#7659,#7660,#7661,#7662,#7663,#7664,#7665),.UNSPECIFIED.,.F.,.F.,
(4,2,2,2,2,2,4),(-0.0939443329656747,-0.0798022884016684,-0.0636261330310278,
-0.042023231326455,-0.0215226393707295,0.,0.00042611328195692),
 .UNSPECIFIED.);
#2074=B_SPLINE_CURVE_WITH_KNOTS('',3,(#7698,#7699,#7700,#7701),
 .UNSPECIFIED.,.F.,.F.,(4,4),(0.,0.0218803913530185),.UNSPECIFIED.);
#2075=B_SPLINE_CURVE_WITH_KNOTS('',3,(#7736,#7737,#7738,#7739,#7740,#7741),
 .UNSPECIFIED.,.F.,.F.,(4,2,4),(0.932805493084981,0.947944680018678,0.989154669183305),
 .UNSPECIFIED.);
#2076=B_SPLINE_CURVE_WITH_KNOTS('',3,(#7746,#7747,#7748,#7749),
 .UNSPECIFIED.,.F.,.F.,(4,4),(0.281354015959437,0.335433440199283),
 .UNSPECIFIED.);
#2077=B_SPLINE_CURVE_WITH_KNOTS('',3,(#8258,#8259,#8260,#8261,#8262,#8263),
 .UNSPECIFIED.,.F.,.F.,(4,2,4),(0.497446193705581,0.619643782259682,0.685344509528789),
 .UNSPECIFIED.);
#2078=B_SPLINE_CURVE_WITH_KNOTS('',3,(#8288,#8289,#8290,#8291),
 .UNSPECIFIED.,.F.,.F.,(4,4),(1.40899580952773,1.44568360817447),
 .UNSPECIFIED.);
#2079=B_SPLINE_CURVE_WITH_KNOTS('',3,(#8352,#8353,#8354,#8355),
 .UNSPECIFIED.,.F.,.F.,(4,4),(0.235670914690291,0.24121733870878),
 .UNSPECIFIED.);
#2080=B_SPLINE_CURVE_WITH_KNOTS('',3,(#8428,#8429,#8430,#8431,#8432),
 .UNSPECIFIED.,.F.,.F.,(4,1,4),(0.,0.0322421374460176,0.0695207960367265),
 .UNSPECIFIED.);
#2081=B_SPLINE_CURVE_WITH_KNOTS('',3,(#8436,#8437,#8438,#8439,#8440),
 .UNSPECIFIED.,.F.,.F.,(4,1,4),(0.,0.0322421374460176,0.0695207960367265),
 .UNSPECIFIED.);
#2082=B_SPLINE_CURVE_WITH_KNOTS('',3,(#8453,#8454,#8455,#8456,#8457),
 .UNSPECIFIED.,.F.,.F.,(4,1,4),(0.,0.0360465355592345,0.067939577028743),
 .UNSPECIFIED.);
#2083=B_SPLINE_CURVE_WITH_KNOTS('',3,(#8460,#8461,#8462,#8463,#8464),
 .UNSPECIFIED.,.F.,.F.,(4,1,4),(0.,0.0360465355592345,0.067939577028743),
 .UNSPECIFIED.);
#2084=B_SPLINE_CURVE_WITH_KNOTS('',3,(#8476,#8477,#8478,#8479,#8480),
 .UNSPECIFIED.,.F.,.F.,(4,1,4),(0.,0.0321009470383701,0.0684134360616355),
 .UNSPECIFIED.);
#2085=B_SPLINE_CURVE_WITH_KNOTS('',3,(#8483,#8484,#8485,#8486,#8487),
 .UNSPECIFIED.,.F.,.F.,(4,1,4),(0.,0.0321009470383701,0.0684134360616355),
 .UNSPECIFIED.);
#2086=B_SPLINE_CURVE_WITH_KNOTS('',3,(#8499,#8500,#8501,#8502,#8503),
 .UNSPECIFIED.,.F.,.F.,(4,1,4),(0.,0.0368606813857421,0.069174699519458),
 .UNSPECIFIED.);
#2087=B_SPLINE_CURVE_WITH_KNOTS('',3,(#8506,#8507,#8508,#8509,#8510),
 .UNSPECIFIED.,.F.,.F.,(4,1,4),(0.,0.0368606813857421,0.069174699519458),
 .UNSPECIFIED.);
#2088=B_SPLINE_CURVE_WITH_KNOTS('',3,(#8540,#8541,#8542,#8543,#8544),
 .UNSPECIFIED.,.F.,.F.,(4,1,4),(0.,0.0462548126898682,0.0859521372230913),
 .UNSPECIFIED.);
#2089=B_SPLINE_CURVE_WITH_KNOTS('',3,(#8547,#8548,#8549,#8550,#8551),
 .UNSPECIFIED.,.F.,.F.,(4,1,4),(0.,0.0462548126898682,0.0859521372230913),
 .UNSPECIFIED.);
#2090=B_SPLINE_CURVE_WITH_KNOTS('',3,(#8563,#8564,#8565,#8566,#8567),
 .UNSPECIFIED.,.F.,.F.,(4,1,4),(0.,0.0348595682561364,0.0667101736563706),
 .UNSPECIFIED.);
#2091=B_SPLINE_CURVE_WITH_KNOTS('',3,(#8570,#8571,#8572,#8573,#8574),
 .UNSPECIFIED.,.F.,.F.,(4,1,4),(0.,0.0348595682561364,0.0667101736563706),
 .UNSPECIFIED.);
#2092=B_SPLINE_CURVE_WITH_KNOTS('',3,(#8586,#8587,#8588,#8589,#8590),
 .UNSPECIFIED.,.F.,.F.,(4,1,4),(0.,0.0332784824830178,0.0686602044972776),
 .UNSPECIFIED.);
#2093=B_SPLINE_CURVE_WITH_KNOTS('',3,(#8593,#8594,#8595,#8596,#8597),
 .UNSPECIFIED.,.F.,.F.,(4,1,4),(0.,0.0332784824830178,0.0686602044972776),
 .UNSPECIFIED.);
#2094=B_SPLINE_CURVE_WITH_KNOTS('',3,(#8609,#8610,#8611,#8612,#8613),
 .UNSPECIFIED.,.F.,.F.,(4,1,4),(0.,0.0403337147081173,0.0752370512021768),
 .UNSPECIFIED.);
#2095=B_SPLINE_CURVE_WITH_KNOTS('',3,(#8616,#8617,#8618,#8619,#8620),
 .UNSPECIFIED.,.F.,.F.,(4,1,4),(0.,0.0403337147081173,0.0752370512021768),
 .UNSPECIFIED.);
#2096=B_SPLINE_CURVE_WITH_KNOTS('',3,(#8632,#8633,#8634,#8635,#8636),
 .UNSPECIFIED.,.F.,.F.,(4,1,4),(0.,0.0381779768113061,0.0798367810966748),
 .UNSPECIFIED.);
#2097=B_SPLINE_CURVE_WITH_KNOTS('',3,(#8639,#8640,#8641,#8642,#8643),
 .UNSPECIFIED.,.F.,.F.,(4,1,4),(0.,0.0381779768113061,0.0798367810966748),
 .UNSPECIFIED.);
#2098=B_SPLINE_CURVE_WITH_KNOTS('',3,(#8655,#8656,#8657,#8658,#8659),
 .UNSPECIFIED.,.F.,.F.,(4,1,4),(0.,0.0510986609457371,0.109825056276117),
 .UNSPECIFIED.);
#2099=B_SPLINE_CURVE_WITH_KNOTS('',3,(#8662,#8663,#8664,#8665,#8666),
 .UNSPECIFIED.,.F.,.F.,(4,1,4),(0.,0.0510986609457371,0.109825056276117),
 .UNSPECIFIED.);
#2100=B_SPLINE_CURVE_WITH_KNOTS('',3,(#8678,#8679,#8680,#8681,#8682),
 .UNSPECIFIED.,.F.,.F.,(4,1,4),(0.,0.0392858433758661,0.0749171977284496),
 .UNSPECIFIED.);
#2101=B_SPLINE_CURVE_WITH_KNOTS('',3,(#8685,#8686,#8687,#8688,#8689),
 .UNSPECIFIED.,.F.,.F.,(4,1,4),(0.,0.0392858433758661,0.0749171977284496),
 .UNSPECIFIED.);
#2102=B_SPLINE_CURVE_WITH_KNOTS('',3,(#8701,#8702,#8703,#8704,#8705),
 .UNSPECIFIED.,.F.,.F.,(4,1,4),(0.,0.0409368326840399,0.0818683364729968),
 .UNSPECIFIED.);
#2103=B_SPLINE_CURVE_WITH_KNOTS('',3,(#8708,#8709,#8710,#8711,#8712),
 .UNSPECIFIED.,.F.,.F.,(4,1,4),(0.,0.0409368326840399,0.0818683364729968),
 .UNSPECIFIED.);
#2104=B_SPLINE_CURVE_WITH_KNOTS('',3,(#8724,#8725,#8726,#8727,#8728),
 .UNSPECIFIED.,.F.,.F.,(4,1,4),(0.,0.0432095406245728,0.0851117339891027),
 .UNSPECIFIED.);
#2105=B_SPLINE_CURVE_WITH_KNOTS('',3,(#8731,#8732,#8733,#8734,#8735),
 .UNSPECIFIED.,.F.,.F.,(4,1,4),(0.,0.0432095406245728,0.0851117339891027),
 .UNSPECIFIED.);
#2106=B_SPLINE_CURVE_WITH_KNOTS('',3,(#8772,#8773,#8774,#8775,#8776),
 .UNSPECIFIED.,.F.,.F.,(4,1,4),(0.,0.0257159377841895,0.0623539180385239),
 .UNSPECIFIED.);
#2107=B_SPLINE_CURVE_WITH_KNOTS('',3,(#8779,#8780,#8781,#8782,#8783),
 .UNSPECIFIED.,.F.,.F.,(4,1,4),(0.,0.0257159377841895,0.0623539180385239),
 .UNSPECIFIED.);
#2108=B_SPLINE_CURVE_WITH_KNOTS('',3,(#8795,#8796,#8797,#8798,#8799),
 .UNSPECIFIED.,.F.,.F.,(4,1,4),(0.,0.0220937569276558,0.0437340033747627),
 .UNSPECIFIED.);
#2109=B_SPLINE_CURVE_WITH_KNOTS('',3,(#8802,#8803,#8804,#8805,#8806),
 .UNSPECIFIED.,.F.,.F.,(4,1,4),(0.,0.0220937569276558,0.0437340033747627),
 .UNSPECIFIED.);
#2110=B_SPLINE_CURVE_WITH_KNOTS('',3,(#8818,#8819,#8820,#8821,#8822),
 .UNSPECIFIED.,.F.,.F.,(4,1,4),(0.,0.0222897498446723,0.0447895166153289),
 .UNSPECIFIED.);
#2111=B_SPLINE_CURVE_WITH_KNOTS('',3,(#8825,#8826,#8827,#8828,#8829),
 .UNSPECIFIED.,.F.,.F.,(4,1,4),(0.,0.0222897498446723,0.0447895166153289),
 .UNSPECIFIED.);
#2112=B_SPLINE_CURVE_WITH_KNOTS('',3,(#8841,#8842,#8843,#8844,#8845),
 .UNSPECIFIED.,.F.,.F.,(4,1,4),(0.,0.0382260993055383,0.0655554098906238),
 .UNSPECIFIED.);
#2113=B_SPLINE_CURVE_WITH_KNOTS('',3,(#8848,#8849,#8850,#8851,#8852),
 .UNSPECIFIED.,.F.,.F.,(4,1,4),(0.,0.0382260993055383,0.0655554098906238),
 .UNSPECIFIED.);
#2114=B_SPLINE_CURVE_WITH_KNOTS('',3,(#8894,#8895,#8896,#8897,#8898),
 .UNSPECIFIED.,.F.,.F.,(4,1,4),(0.,0.065802774560767,0.14796866466609),
 .UNSPECIFIED.);
#2115=B_SPLINE_CURVE_WITH_KNOTS('',3,(#8901,#8902,#8903,#8904,#8905),
 .UNSPECIFIED.,.F.,.F.,(4,1,4),(0.,0.065802774560767,0.14796866466609),
 .UNSPECIFIED.);
#2116=B_SPLINE_CURVE_WITH_KNOTS('',3,(#8917,#8918,#8919,#8920,#8921),
 .UNSPECIFIED.,.F.,.F.,(4,1,4),(0.,0.0683992956538917,0.129696490427147),
 .UNSPECIFIED.);
#2117=B_SPLINE_CURVE_WITH_KNOTS('',3,(#8924,#8925,#8926,#8927,#8928),
 .UNSPECIFIED.,.F.,.F.,(4,1,4),(0.,0.0683992956538917,0.129696490427147),
 .UNSPECIFIED.);
#2118=B_SPLINE_CURVE_WITH_KNOTS('',3,(#8940,#8941,#8942,#8943,#8944),
 .UNSPECIFIED.,.F.,.F.,(4,1,4),(0.,0.0576125778451465,0.123672100613082),
 .UNSPECIFIED.);
#2119=B_SPLINE_CURVE_WITH_KNOTS('',3,(#8947,#8948,#8949,#8950,#8951),
 .UNSPECIFIED.,.F.,.F.,(4,1,4),(0.,0.0576125778451465,0.123672100613082),
 .UNSPECIFIED.);
#2120=B_SPLINE_CURVE_WITH_KNOTS('',3,(#8963,#8964,#8965,#8966,#8967),
 .UNSPECIFIED.,.F.,.F.,(4,1,4),(0.,0.0740465178522013,0.134313575007531),
 .UNSPECIFIED.);
#2121=B_SPLINE_CURVE_WITH_KNOTS('',3,(#8970,#8971,#8972,#8973,#8974),
 .UNSPECIFIED.,.F.,.F.,(4,1,4),(0.,0.0740465178522013,0.134313575007531),
 .UNSPECIFIED.);
#2122=B_SPLINE_CURVE_WITH_KNOTS('',3,(#9101,#9102,#9103,#9104,#9105,#9106,
#9107,#9108,#9109,#9110,#9111,#9112,#9113,#9114,#9115,#9116),
 .UNSPECIFIED.,.F.,.F.,(4,2,2,2,2,2,2,4),(-0.00078275706573837,0.,0.0629309607160886,
0.123398517323521,0.189595081390286,0.239722657241087,0.281647215573715,
0.287369401087212),.UNSPECIFIED.);
#2123=B_SPLINE_CURVE_WITH_KNOTS('',3,(#9123,#9124,#9125,#9126,#9127,#9128,
#9129,#9130,#9131,#9132,#9133,#9134,#9135,#9136),.UNSPECIFIED.,.F.,.F.,
(4,2,2,2,2,2,4),(0.,0.0409908063715537,0.0889595349429155,0.151793810719288,
0.216525484871891,0.284376524389556,0.285150938570622),.UNSPECIFIED.);
#2124=B_SPLINE_CURVE_WITH_KNOTS('',3,(#9251,#9252,#9253,#9254,#9255,#9256,
#9257,#9258,#9259),.UNSPECIFIED.,.F.,.F.,(4,1,1,1,1,1,4),(-1.10914835886858,
-0.792248827763273,-0.633799062210618,-0.475349296657964,-0.316899531105309,
-0.237674648328982,-6.19061143563688E-16),.UNSPECIFIED.);
#2125=B_SPLINE_CURVE_WITH_KNOTS('',3,(#9260,#9261,#9262,#9263,#9264,#9265,
#9266,#9267,#9268),.UNSPECIFIED.,.F.,.F.,(4,1,1,1,1,1,4),(6.19061143563688E-16,
0.237674648328982,0.316899531105309,0.475349296657964,0.633799062210618,
0.792248827763273,1.10914835886858),.UNSPECIFIED.);
#2126=B_SPLINE_CURVE_WITH_KNOTS('',3,(#9335,#9336,#9337,#9338,#9339,#9340,
#9341,#9342,#9343,#9344,#9345,#9346),.UNSPECIFIED.,.F.,.F.,(4,2,2,2,2,4),
(0.,0.215190511618558,0.323213168996638,0.417964586910881,0.552549210687515,
0.699323866994825),.UNSPECIFIED.);
#2127=B_SPLINE_CURVE_WITH_KNOTS('',3,(#9347,#9348,#9349,#9350,#9351,#9352),
 .UNSPECIFIED.,.F.,.F.,(4,1,1,4),(1.41720585103883,1.44942272538507,1.73930727046208,
2.0291918155391),.UNSPECIFIED.);
#2128=B_SPLINE_CURVE_WITH_KNOTS('',3,(#9353,#9354,#9355,#9356,#9357,#9358,
#9359,#9360,#9361),.UNSPECIFIED.,.F.,.F.,(4,1,1,1,1,1,4),(-2.0291918155391,
-1.73930727046208,-1.44942272538507,-1.15953818030806,-0.869653635231042,
-0.289884545077014,-1.90435239381274E-16),.UNSPECIFIED.);
#2129=B_SPLINE_CURVE_WITH_KNOTS('',3,(#9362,#9363,#9364,#9365,#9366),
 .UNSPECIFIED.,.F.,.F.,(4,1,4),(1.90435239381274E-16,0.289884545077014,
0.611803351751056),.UNSPECIFIED.);
#2130=B_SPLINE_CURVE_WITH_KNOTS('',3,(#9537,#9538,#9539,#9540,#9541),
 .UNSPECIFIED.,.F.,.F.,(4,1,4),(0.,0.0322421374460176,0.0695207960367265),
 .UNSPECIFIED.);
#2131=B_SPLINE_CURVE_WITH_KNOTS('',3,(#9545,#9546,#9547,#9548,#9549),
 .UNSPECIFIED.,.F.,.F.,(4,1,4),(0.,0.0322421374460176,0.0695207960367265),
 .UNSPECIFIED.);
#2132=B_SPLINE_CURVE_WITH_KNOTS('',3,(#9562,#9563,#9564,#9565,#9566),
 .UNSPECIFIED.,.F.,.F.,(4,1,4),(0.,0.0360465355592345,0.067939577028743),
 .UNSPECIFIED.);
#2133=B_SPLINE_CURVE_WITH_KNOTS('',3,(#9568,#9569,#9570,#9571,#9572),
 .UNSPECIFIED.,.F.,.F.,(4,1,4),(0.,0.0360465355592345,0.067939577028743),
 .UNSPECIFIED.);
#2134=B_SPLINE_CURVE_WITH_KNOTS('',3,(#9585,#9586,#9587,#9588,#9589),
 .UNSPECIFIED.,.F.,.F.,(4,1,4),(0.,0.0321009470383701,0.0684134360616355),
 .UNSPECIFIED.);
#2135=B_SPLINE_CURVE_WITH_KNOTS('',3,(#9591,#9592,#9593,#9594,#9595),
 .UNSPECIFIED.,.F.,.F.,(4,1,4),(0.,0.0321009470383701,0.0684134360616355),
 .UNSPECIFIED.);
#2136=B_SPLINE_CURVE_WITH_KNOTS('',3,(#9608,#9609,#9610,#9611,#9612),
 .UNSPECIFIED.,.F.,.F.,(4,1,4),(0.,0.0368606813857421,0.069174699519458),
 .UNSPECIFIED.);
#2137=B_SPLINE_CURVE_WITH_KNOTS('',3,(#9614,#9615,#9616,#9617,#9618),
 .UNSPECIFIED.,.F.,.F.,(4,1,4),(0.,0.0368606813857421,0.069174699519458),
 .UNSPECIFIED.);
#2138=B_SPLINE_CURVE_WITH_KNOTS('',3,(#9649,#9650,#9651,#9652,#9653),
 .UNSPECIFIED.,.F.,.F.,(4,1,4),(0.,0.0462548126898682,0.0859521372230913),
 .UNSPECIFIED.);
#2139=B_SPLINE_CURVE_WITH_KNOTS('',3,(#9655,#9656,#9657,#9658,#9659),
 .UNSPECIFIED.,.F.,.F.,(4,1,4),(0.,0.0462548126898682,0.0859521372230913),
 .UNSPECIFIED.);
#2140=B_SPLINE_CURVE_WITH_KNOTS('',3,(#9672,#9673,#9674,#9675,#9676),
 .UNSPECIFIED.,.F.,.F.,(4,1,4),(0.,0.0348595682561364,0.0667101736563706),
 .UNSPECIFIED.);
#2141=B_SPLINE_CURVE_WITH_KNOTS('',3,(#9678,#9679,#9680,#9681,#9682),
 .UNSPECIFIED.,.F.,.F.,(4,1,4),(0.,0.0348595682561364,0.0667101736563706),
 .UNSPECIFIED.);
#2142=B_SPLINE_CURVE_WITH_KNOTS('',3,(#9695,#9696,#9697,#9698,#9699),
 .UNSPECIFIED.,.F.,.F.,(4,1,4),(0.,0.0332784824830178,0.0686602044972776),
 .UNSPECIFIED.);
#2143=B_SPLINE_CURVE_WITH_KNOTS('',3,(#9701,#9702,#9703,#9704,#9705),
 .UNSPECIFIED.,.F.,.F.,(4,1,4),(0.,0.0332784824830178,0.0686602044972776),
 .UNSPECIFIED.);
#2144=B_SPLINE_CURVE_WITH_KNOTS('',3,(#9718,#9719,#9720,#9721,#9722),
 .UNSPECIFIED.,.F.,.F.,(4,1,4),(0.,0.0403337147081173,0.0752370512021768),
 .UNSPECIFIED.);
#2145=B_SPLINE_CURVE_WITH_KNOTS('',3,(#9724,#9725,#9726,#9727,#9728),
 .UNSPECIFIED.,.F.,.F.,(4,1,4),(0.,0.0403337147081173,0.0752370512021768),
 .UNSPECIFIED.);
#2146=B_SPLINE_CURVE_WITH_KNOTS('',3,(#9741,#9742,#9743,#9744,#9745),
 .UNSPECIFIED.,.F.,.F.,(4,1,4),(0.,0.0381779768113061,0.0798367810966748),
 .UNSPECIFIED.);
#2147=B_SPLINE_CURVE_WITH_KNOTS('',3,(#9747,#9748,#9749,#9750,#9751),
 .UNSPECIFIED.,.F.,.F.,(4,1,4),(0.,0.0381779768113061,0.0798367810966748),
 .UNSPECIFIED.);
#2148=B_SPLINE_CURVE_WITH_KNOTS('',3,(#9764,#9765,#9766,#9767,#9768),
 .UNSPECIFIED.,.F.,.F.,(4,1,4),(0.,0.0510986609457371,0.109825056276117),
 .UNSPECIFIED.);
#2149=B_SPLINE_CURVE_WITH_KNOTS('',3,(#9770,#9771,#9772,#9773,#9774),
 .UNSPECIFIED.,.F.,.F.,(4,1,4),(0.,0.0510986609457371,0.109825056276117),
 .UNSPECIFIED.);
#2150=B_SPLINE_CURVE_WITH_KNOTS('',3,(#9787,#9788,#9789,#9790,#9791),
 .UNSPECIFIED.,.F.,.F.,(4,1,4),(0.,0.0392858433758661,0.0749171977284496),
 .UNSPECIFIED.);
#2151=B_SPLINE_CURVE_WITH_KNOTS('',3,(#9793,#9794,#9795,#9796,#9797),
 .UNSPECIFIED.,.F.,.F.,(4,1,4),(0.,0.0392858433758661,0.0749171977284496),
 .UNSPECIFIED.);
#2152=B_SPLINE_CURVE_WITH_KNOTS('',3,(#9810,#9811,#9812,#9813,#9814),
 .UNSPECIFIED.,.F.,.F.,(4,1,4),(0.,0.0409368326840399,0.0818683364729968),
 .UNSPECIFIED.);
#2153=B_SPLINE_CURVE_WITH_KNOTS('',3,(#9816,#9817,#9818,#9819,#9820),
 .UNSPECIFIED.,.F.,.F.,(4,1,4),(0.,0.0409368326840399,0.0818683364729968),
 .UNSPECIFIED.);
#2154=B_SPLINE_CURVE_WITH_KNOTS('',3,(#9833,#9834,#9835,#9836,#9837),
 .UNSPECIFIED.,.F.,.F.,(4,1,4),(0.,0.0432095406245728,0.0851117339891027),
 .UNSPECIFIED.);
#2155=B_SPLINE_CURVE_WITH_KNOTS('',3,(#9839,#9840,#9841,#9842,#9843),
 .UNSPECIFIED.,.F.,.F.,(4,1,4),(0.,0.0432095406245728,0.0851117339891027),
 .UNSPECIFIED.);
#2156=B_SPLINE_CURVE_WITH_KNOTS('',3,(#9882,#9883,#9884,#9885,#9886),
 .UNSPECIFIED.,.F.,.F.,(4,1,4),(0.,0.0257159377841895,0.0623539180385239),
 .UNSPECIFIED.);
#2157=B_SPLINE_CURVE_WITH_KNOTS('',3,(#9888,#9889,#9890,#9891,#9892),
 .UNSPECIFIED.,.F.,.F.,(4,1,4),(0.,0.0257159377841895,0.0623539180385239),
 .UNSPECIFIED.);
#2158=B_SPLINE_CURVE_WITH_KNOTS('',3,(#9905,#9906,#9907,#9908,#9909),
 .UNSPECIFIED.,.F.,.F.,(4,1,4),(0.,0.0220937569276558,0.0437340033747627),
 .UNSPECIFIED.);
#2159=B_SPLINE_CURVE_WITH_KNOTS('',3,(#9911,#9912,#9913,#9914,#9915),
 .UNSPECIFIED.,.F.,.F.,(4,1,4),(0.,0.0220937569276558,0.0437340033747627),
 .UNSPECIFIED.);
#2160=B_SPLINE_CURVE_WITH_KNOTS('',3,(#9928,#9929,#9930,#9931,#9932),
 .UNSPECIFIED.,.F.,.F.,(4,1,4),(0.,0.0222897498446723,0.0447895166153289),
 .UNSPECIFIED.);
#2161=B_SPLINE_CURVE_WITH_KNOTS('',3,(#9934,#9935,#9936,#9937,#9938),
 .UNSPECIFIED.,.F.,.F.,(4,1,4),(0.,0.0222897498446723,0.0447895166153289),
 .UNSPECIFIED.);
#2162=B_SPLINE_CURVE_WITH_KNOTS('',3,(#9951,#9952,#9953,#9954,#9955),
 .UNSPECIFIED.,.F.,.F.,(4,1,4),(0.,0.0382260993055383,0.0655554098906238),
 .UNSPECIFIED.);
#2163=B_SPLINE_CURVE_WITH_KNOTS('',3,(#9957,#9958,#9959,#9960,#9961),
 .UNSPECIFIED.,.F.,.F.,(4,1,4),(0.,0.0382260993055383,0.0655554098906238),
 .UNSPECIFIED.);
#2164=B_SPLINE_CURVE_WITH_KNOTS('',3,(#10004,#10005,#10006,#10007,#10008),
 .UNSPECIFIED.,.F.,.F.,(4,1,4),(0.,0.065802774560767,0.14796866466609),
 .UNSPECIFIED.);
#2165=B_SPLINE_CURVE_WITH_KNOTS('',3,(#10010,#10011,#10012,#10013,#10014),
 .UNSPECIFIED.,.F.,.F.,(4,1,4),(0.,0.065802774560767,0.14796866466609),
 .UNSPECIFIED.);
#2166=B_SPLINE_CURVE_WITH_KNOTS('',3,(#10027,#10028,#10029,#10030,#10031),
 .UNSPECIFIED.,.F.,.F.,(4,1,4),(0.,0.0683992956538917,0.129696490427147),
 .UNSPECIFIED.);
#2167=B_SPLINE_CURVE_WITH_KNOTS('',3,(#10033,#10034,#10035,#10036,#10037),
 .UNSPECIFIED.,.F.,.F.,(4,1,4),(0.,0.0683992956538917,0.129696490427147),
 .UNSPECIFIED.);
#2168=B_SPLINE_CURVE_WITH_KNOTS('',3,(#10050,#10051,#10052,#10053,#10054),
 .UNSPECIFIED.,.F.,.F.,(4,1,4),(0.,0.0576125778451465,0.123672100613082),
 .UNSPECIFIED.);
#2169=B_SPLINE_CURVE_WITH_KNOTS('',3,(#10056,#10057,#10058,#10059,#10060),
 .UNSPECIFIED.,.F.,.F.,(4,1,4),(0.,0.0576125778451465,0.123672100613082),
 .UNSPECIFIED.);
#2170=B_SPLINE_CURVE_WITH_KNOTS('',3,(#10073,#10074,#10075,#10076,#10077),
 .UNSPECIFIED.,.F.,.F.,(4,1,4),(0.,0.0740465178522013,0.134313575007531),
 .UNSPECIFIED.);
#2171=B_SPLINE_CURVE_WITH_KNOTS('',3,(#10079,#10080,#10081,#10082,#10083),
 .UNSPECIFIED.,.F.,.F.,(4,1,4),(0.,0.0740465178522013,0.134313575007531),
 .UNSPECIFIED.);
#2172=ELLIPSE('',#5524,4.96520063533121,4.5);
#2173=ELLIPSE('',#5525,4.51699206874369,3.99999999999999);
#2174=ELLIPSE('',#5528,0.707106781186547,0.5);
#2175=ELLIPSE('',#5530,0.551688959481246,0.5);
#2176=ELLIPSE('',#5532,4.41351167584996,4.);
#2177=ELLIPSE('',#5537,10.6479071241866,4.50000000000002);
#2178=ELLIPSE('',#5538,7.0986047494577,3.00000000000001);
#2179=ELLIPSE('',#5539,4.96520063533121,4.5);
#2180=ELLIPSE('',#5541,0.551688959481246,0.5);
#2181=ELLIPSE('',#5543,0.551688959481246,0.5);
#2182=ELLIPSE('',#5544,0.707106781186552,0.5);
#2183=ELLIPSE('',#5547,4.51699206874369,3.99999999999999);
#2184=ELLIPSE('',#5550,4.41351167584996,4.);
#2185=ELLIPSE('',#5556,10.6479071241866,4.50000000000002);
#2186=ELLIPSE('',#5559,7.0986047494577,3.00000000000001);
#2187=ELLIPSE('',#5577,6.36396103067893,4.5);
#2188=ELLIPSE('',#5578,6.36396103067892,4.5);
#2189=ELLIPSE('',#5580,6.36396103067893,4.5);
#2190=ELLIPSE('',#5582,6.36396103067892,4.5);
#2191=ELLIPSE('',#5585,9.19238815542511,6.5);
#2192=ELLIPSE('',#5586,9.19238815542513,6.5);
#2193=ELLIPSE('',#5588,9.19238815542513,6.5);
#2194=ELLIPSE('',#5590,9.19238815542511,6.5);
#2195=ELLIPSE('',#5717,0.551688959481246,0.5);
#2196=ELLIPSE('',#5725,0.551688959481246,0.5);
#2197=ELLIPSE('',#5729,4.41351167584996,4.);
#2198=ELLIPSE('',#5768,0.707106781186541,0.5);
#2199=ELLIPSE('',#5811,0.707106781186549,0.5);
#2200=ELLIPSE('',#5813,0.93057949835179,0.5);
#2201=ELLIPSE('',#5818,0.551688959481246,0.5);
#2202=ELLIPSE('',#5824,4.41351167584996,4.);
#2203=ELLIPSE('',#5826,8.82702335169994,8.);
#2204=ELLIPSE('',#5827,8.82702335169994,8.);
#2205=ELLIPSE('',#5828,8.82702335169994,8.);
#2206=ELLIPSE('',#5829,8.82702335169994,8.);
#2207=ELLIPSE('',#5830,10.6479071241866,4.50000000000002);
#2208=ELLIPSE('',#5831,7.0986047494577,3.00000000000001);
#2209=ELLIPSE('',#5883,2.02939646200539,1.435);
#2210=ELLIPSE('',#5884,2.0293964620054,1.435);
#2211=ELLIPSE('',#5935,9.8994949366117,7.);
#2212=ELLIPSE('',#5936,9.8994949366116,7.);
#2213=ELLIPSE('',#5938,9.8994949366116,7.);
#2214=ELLIPSE('',#5939,9.8994949366117,7.);
#2215=ELLIPSE('',#5944,9.89949493661169,6.99999999999999);
#2216=ELLIPSE('',#5945,9.89949493661157,6.99999999999999);
#2217=ELLIPSE('',#5947,9.89949493661157,6.99999999999999);
#2218=ELLIPSE('',#5948,9.89949493661169,6.99999999999999);
#2219=ELLIPSE('',#5953,9.89949493661106,7.);
#2220=ELLIPSE('',#5954,9.89949493661169,7.);
#2221=ELLIPSE('',#5956,9.89949493661169,7.);
#2222=ELLIPSE('',#5957,9.89949493661106,7.);
#2223=ELLIPSE('',#5960,9.89949493661185,7.00000000000001);
#2224=ELLIPSE('',#5961,9.89949493661164,7.00000000000001);
#2225=ELLIPSE('',#5963,9.89949493661164,7.00000000000001);
#2226=ELLIPSE('',#5964,9.89949493661185,7.00000000000001);
#2227=VERTEX_POINT('',#7516);
#2228=VERTEX_POINT('',#7517);
#2229=VERTEX_POINT('',#7519);
#2230=VERTEX_POINT('',#7530);
#2231=VERTEX_POINT('',#7547);
#2232=VERTEX_POINT('',#7549);
#2233=VERTEX_POINT('',#7556);
#2234=VERTEX_POINT('',#7558);
#2235=VERTEX_POINT('',#7562);
#2236=VERTEX_POINT('',#7564);
#2237=VERTEX_POINT('',#7568);
#2238=VERTEX_POINT('',#7570);
#2239=VERTEX_POINT('',#7574);
#2240=VERTEX_POINT('',#7576);
#2241=VERTEX_POINT('',#7580);
#2242=VERTEX_POINT('',#7581);
#2243=VERTEX_POINT('',#7583);
#2244=VERTEX_POINT('',#7585);
#2245=VERTEX_POINT('',#7588);
#2246=VERTEX_POINT('',#7590);
#2247=VERTEX_POINT('',#7592);
#2248=VERTEX_POINT('',#7594);
#2249=VERTEX_POINT('',#7596);
#2250=VERTEX_POINT('',#7598);
#2251=VERTEX_POINT('',#7600);
#2252=VERTEX_POINT('',#7602);
#2253=VERTEX_POINT('',#7604);
#2254=VERTEX_POINT('',#7606);
#2255=VERTEX_POINT('',#7608);
#2256=VERTEX_POINT('',#7610);
#2257=VERTEX_POINT('',#7612);
#2258=VERTEX_POINT('',#7616);
#2259=VERTEX_POINT('',#7617);
#2260=VERTEX_POINT('',#7635);
#2261=VERTEX_POINT('',#7637);
#2262=VERTEX_POINT('',#7641);
#2263=VERTEX_POINT('',#7643);
#2264=VERTEX_POINT('',#7645);
#2265=VERTEX_POINT('',#7696);
#2266=VERTEX_POINT('',#7703);
#2267=VERTEX_POINT('',#7705);
#2268=VERTEX_POINT('',#7709);
#2269=VERTEX_POINT('',#7713);
#2270=VERTEX_POINT('',#7717);
#2271=VERTEX_POINT('',#7721);
#2272=VERTEX_POINT('',#7722);
#2273=VERTEX_POINT('',#7727);
#2274=VERTEX_POINT('',#7729);
#2275=VERTEX_POINT('',#7733);
#2276=VERTEX_POINT('',#7735);
#2277=VERTEX_POINT('',#7744);
#2278=VERTEX_POINT('',#7745);
#2279=VERTEX_POINT('',#7750);
#2280=VERTEX_POINT('',#7755);
#2281=VERTEX_POINT('',#7763);
#2282=VERTEX_POINT('',#7767);
#2283=VERTEX_POINT('',#7775);
#2284=VERTEX_POINT('',#7777);
#2285=VERTEX_POINT('',#7783);
#2286=VERTEX_POINT('',#7785);
#2287=VERTEX_POINT('',#7791);
#2288=VERTEX_POINT('',#7793);
#2289=VERTEX_POINT('',#7797);
#2290=VERTEX_POINT('',#7801);
#2291=VERTEX_POINT('',#7807);
#2292=VERTEX_POINT('',#7808);
#2293=VERTEX_POINT('',#7810);
#2294=VERTEX_POINT('',#7812);
#2295=VERTEX_POINT('',#7816);
#2296=VERTEX_POINT('',#7818);
#2297=VERTEX_POINT('',#7823);
#2298=VERTEX_POINT('',#7825);
#2299=VERTEX_POINT('',#7834);
#2300=VERTEX_POINT('',#7836);
#2301=VERTEX_POINT('',#7840);
#2302=VERTEX_POINT('',#7841);
#2303=VERTEX_POINT('',#7843);
#2304=VERTEX_POINT('',#7845);
#2305=VERTEX_POINT('',#7849);
#2306=VERTEX_POINT('',#7851);
#2307=VERTEX_POINT('',#7855);
#2308=VERTEX_POINT('',#7857);
#2309=VERTEX_POINT('',#7861);
#2310=VERTEX_POINT('',#7863);
#2311=VERTEX_POINT('',#7867);
#2312=VERTEX_POINT('',#7869);
#2313=VERTEX_POINT('',#7878);
#2314=VERTEX_POINT('',#7880);
#2315=VERTEX_POINT('',#7884);
#2316=VERTEX_POINT('',#7885);
#2317=VERTEX_POINT('',#7887);
#2318=VERTEX_POINT('',#7889);
#2319=VERTEX_POINT('',#7893);
#2320=VERTEX_POINT('',#7895);
#2321=VERTEX_POINT('',#7899);
#2322=VERTEX_POINT('',#7901);
#2323=VERTEX_POINT('',#7905);
#2324=VERTEX_POINT('',#7907);
#2325=VERTEX_POINT('',#7911);
#2326=VERTEX_POINT('',#7913);
#2327=VERTEX_POINT('',#7922);
#2328=VERTEX_POINT('',#7923);
#2329=VERTEX_POINT('',#7925);
#2330=VERTEX_POINT('',#7929);
#2331=VERTEX_POINT('',#7930);
#2332=VERTEX_POINT('',#7932);
#2333=VERTEX_POINT('',#7939);
#2334=VERTEX_POINT('',#7940);
#2335=VERTEX_POINT('',#7942);
#2336=VERTEX_POINT('',#7946);
#2337=VERTEX_POINT('',#7947);
#2338=VERTEX_POINT('',#7949);
#2339=VERTEX_POINT('',#7956);
#2340=VERTEX_POINT('',#7957);
#2341=VERTEX_POINT('',#7968);
#2342=VERTEX_POINT('',#7969);
#2343=VERTEX_POINT('',#7974);
#2344=VERTEX_POINT('',#7975);
#2345=VERTEX_POINT('',#7980);
#2346=VERTEX_POINT('',#7981);
#2347=VERTEX_POINT('',#7991);
#2348=VERTEX_POINT('',#7992);
#2349=VERTEX_POINT('',#7994);
#2350=VERTEX_POINT('',#7998);
#2351=VERTEX_POINT('',#7999);
#2352=VERTEX_POINT('',#8001);
#2353=VERTEX_POINT('',#8008);
#2354=VERTEX_POINT('',#8009);
#2355=VERTEX_POINT('',#8011);
#2356=VERTEX_POINT('',#8015);
#2357=VERTEX_POINT('',#8016);
#2358=VERTEX_POINT('',#8018);
#2359=VERTEX_POINT('',#8025);
#2360=VERTEX_POINT('',#8026);
#2361=VERTEX_POINT('',#8037);
#2362=VERTEX_POINT('',#8038);
#2363=VERTEX_POINT('',#8043);
#2364=VERTEX_POINT('',#8044);
#2365=VERTEX_POINT('',#8049);
#2366=VERTEX_POINT('',#8050);
#2367=VERTEX_POINT('',#8060);
#2368=VERTEX_POINT('',#8061);
#2369=VERTEX_POINT('',#8063);
#2370=VERTEX_POINT('',#8067);
#2371=VERTEX_POINT('',#8068);
#2372=VERTEX_POINT('',#8070);
#2373=VERTEX_POINT('',#8074);
#2374=VERTEX_POINT('',#8075);
#2375=VERTEX_POINT('',#8077);
#2376=VERTEX_POINT('',#8081);
#2377=VERTEX_POINT('',#8082);
#2378=VERTEX_POINT('',#8084);
#2379=VERTEX_POINT('',#8094);
#2380=VERTEX_POINT('',#8095);
#2381=VERTEX_POINT('',#8100);
#2382=VERTEX_POINT('',#8101);
#2383=VERTEX_POINT('',#8112);
#2384=VERTEX_POINT('',#8113);
#2385=VERTEX_POINT('',#8118);
#2386=VERTEX_POINT('',#8119);
#2387=VERTEX_POINT('',#8126);
#2388=VERTEX_POINT('',#8128);
#2389=VERTEX_POINT('',#8130);
#2390=VERTEX_POINT('',#8132);
#2391=VERTEX_POINT('',#8137);
#2392=VERTEX_POINT('',#8138);
#2393=VERTEX_POINT('',#8143);
#2394=VERTEX_POINT('',#8147);
#2395=VERTEX_POINT('',#8148);
#2396=VERTEX_POINT('',#8150);
#2397=VERTEX_POINT('',#8152);
#2398=VERTEX_POINT('',#8156);
#2399=VERTEX_POINT('',#8158);
#2400=VERTEX_POINT('',#8160);
#2401=VERTEX_POINT('',#8162);
#2402=VERTEX_POINT('',#8166);
#2403=VERTEX_POINT('',#8168);
#2404=VERTEX_POINT('',#8170);
#2405=VERTEX_POINT('',#8172);
#2406=VERTEX_POINT('',#8176);
#2407=VERTEX_POINT('',#8177);
#2408=VERTEX_POINT('',#8179);
#2409=VERTEX_POINT('',#8181);
#2410=VERTEX_POINT('',#8185);
#2411=VERTEX_POINT('',#8186);
#2412=VERTEX_POINT('',#8191);
#2413=VERTEX_POINT('',#8192);
#2414=VERTEX_POINT('',#8197);
#2415=VERTEX_POINT('',#8198);
#2416=VERTEX_POINT('',#8203);
#2417=VERTEX_POINT('',#8204);
#2418=VERTEX_POINT('',#8209);
#2419=VERTEX_POINT('',#8210);
#2420=VERTEX_POINT('',#8215);
#2421=VERTEX_POINT('',#8216);
#2422=VERTEX_POINT('',#8221);
#2423=VERTEX_POINT('',#8222);
#2424=VERTEX_POINT('',#8227);
#2425=VERTEX_POINT('',#8229);
#2426=VERTEX_POINT('',#8233);
#2427=VERTEX_POINT('',#8235);
#2428=VERTEX_POINT('',#8239);
#2429=VERTEX_POINT('',#8241);
#2430=VERTEX_POINT('',#8243);
#2431=VERTEX_POINT('',#8246);
#2432=VERTEX_POINT('',#8248);
#2433=VERTEX_POINT('',#8250);
#2434=VERTEX_POINT('',#8254);
#2435=VERTEX_POINT('',#8256);
#2436=VERTEX_POINT('',#8265);
#2437=VERTEX_POINT('',#8269);
#2438=VERTEX_POINT('',#8273);
#2439=VERTEX_POINT('',#8277);
#2440=VERTEX_POINT('',#8281);
#2441=VERTEX_POINT('',#8285);
#2442=VERTEX_POINT('',#8287);
#2443=VERTEX_POINT('',#8294);
#2444=VERTEX_POINT('',#8296);
#2445=VERTEX_POINT('',#8298);
#2446=VERTEX_POINT('',#8302);
#2447=VERTEX_POINT('',#8306);
#2448=VERTEX_POINT('',#8307);
#2449=VERTEX_POINT('',#8309);
#2450=VERTEX_POINT('',#8313);
#2451=VERTEX_POINT('',#8314);
#2452=VERTEX_POINT('',#8316);
#2453=VERTEX_POINT('',#8323);
#2454=VERTEX_POINT('',#8324);
#2455=VERTEX_POINT('',#8326);
#2456=VERTEX_POINT('',#8330);
#2457=VERTEX_POINT('',#8331);
#2458=VERTEX_POINT('',#8333);
#2459=VERTEX_POINT('',#8340);
#2460=VERTEX_POINT('',#8342);
#2461=VERTEX_POINT('',#8346);
#2462=VERTEX_POINT('',#8348);
#2463=VERTEX_POINT('',#8350);
#2464=VERTEX_POINT('',#8366);
#2465=VERTEX_POINT('',#8367);
#2466=VERTEX_POINT('',#8372);
#2467=VERTEX_POINT('',#8373);
#2468=VERTEX_POINT('',#8378);
#2469=VERTEX_POINT('',#8379);
#2470=VERTEX_POINT('',#8386);
#2471=VERTEX_POINT('',#8387);
#2472=VERTEX_POINT('',#8389);
#2473=VERTEX_POINT('',#8391);
#2474=VERTEX_POINT('',#8393);
#2475=VERTEX_POINT('',#8395);
#2476=VERTEX_POINT('',#8397);
#2477=VERTEX_POINT('',#8399);
#2478=VERTEX_POINT('',#8403);
#2479=VERTEX_POINT('',#8405);
#2480=VERTEX_POINT('',#8407);
#2481=VERTEX_POINT('',#8409);
#2482=VERTEX_POINT('',#8426);
#2483=VERTEX_POINT('',#8427);
#2484=VERTEX_POINT('',#8433);
#2485=VERTEX_POINT('',#8435);
#2486=VERTEX_POINT('',#8452);
#2487=VERTEX_POINT('',#8458);
#2488=VERTEX_POINT('',#8475);
#2489=VERTEX_POINT('',#8481);
#2490=VERTEX_POINT('',#8498);
#2491=VERTEX_POINT('',#8504);
#2492=VERTEX_POINT('',#8512);
#2493=VERTEX_POINT('',#8514);
#2494=VERTEX_POINT('',#8518);
#2495=VERTEX_POINT('',#8520);
#2496=VERTEX_POINT('',#8524);
#2497=VERTEX_POINT('',#8526);
#2498=VERTEX_POINT('',#8539);
#2499=VERTEX_POINT('',#8545);
#2500=VERTEX_POINT('',#8562);
#2501=VERTEX_POINT('',#8568);
#2502=VERTEX_POINT('',#8585);
#2503=VERTEX_POINT('',#8591);
#2504=VERTEX_POINT('',#8608);
#2505=VERTEX_POINT('',#8614);
#2506=VERTEX_POINT('',#8631);
#2507=VERTEX_POINT('',#8637);
#2508=VERTEX_POINT('',#8654);
#2509=VERTEX_POINT('',#8660);
#2510=VERTEX_POINT('',#8677);
#2511=VERTEX_POINT('',#8683);
#2512=VERTEX_POINT('',#8700);
#2513=VERTEX_POINT('',#8706);
#2514=VERTEX_POINT('',#8723);
#2515=VERTEX_POINT('',#8729);
#2516=VERTEX_POINT('',#8737);
#2517=VERTEX_POINT('',#8739);
#2518=VERTEX_POINT('',#8743);
#2519=VERTEX_POINT('',#8745);
#2520=VERTEX_POINT('',#8753);
#2521=VERTEX_POINT('',#8754);
#2522=VERTEX_POINT('',#8756);
#2523=VERTEX_POINT('',#8758);
#2524=VERTEX_POINT('',#8771);
#2525=VERTEX_POINT('',#8777);
#2526=VERTEX_POINT('',#8794);
#2527=VERTEX_POINT('',#8800);
#2528=VERTEX_POINT('',#8817);
#2529=VERTEX_POINT('',#8823);
#2530=VERTEX_POINT('',#8840);
#2531=VERTEX_POINT('',#8846);
#2532=VERTEX_POINT('',#8854);
#2533=VERTEX_POINT('',#8856);
#2534=VERTEX_POINT('',#8863);
#2535=VERTEX_POINT('',#8864);
#2536=VERTEX_POINT('',#8866);
#2537=VERTEX_POINT('',#8868);
#2538=VERTEX_POINT('',#8872);
#2539=VERTEX_POINT('',#8874);
#2540=VERTEX_POINT('',#8878);
#2541=VERTEX_POINT('',#8880);
#2542=VERTEX_POINT('',#8893);
#2543=VERTEX_POINT('',#8899);
#2544=VERTEX_POINT('',#8916);
#2545=VERTEX_POINT('',#8922);
#2546=VERTEX_POINT('',#8939);
#2547=VERTEX_POINT('',#8945);
#2548=VERTEX_POINT('',#8962);
#2549=VERTEX_POINT('',#8968);
#2550=VERTEX_POINT('',#8976);
#2551=VERTEX_POINT('',#8978);
#2552=VERTEX_POINT('',#8986);
#2553=VERTEX_POINT('',#8987);
#2554=VERTEX_POINT('',#8989);
#2555=VERTEX_POINT('',#8991);
#2556=VERTEX_POINT('',#8995);
#2557=VERTEX_POINT('',#8997);
#2558=VERTEX_POINT('',#9001);
#2559=VERTEX_POINT('',#9003);
#2560=VERTEX_POINT('',#9007);
#2561=VERTEX_POINT('',#9009);
#2562=VERTEX_POINT('',#9013);
#2563=VERTEX_POINT('',#9015);
#2564=VERTEX_POINT('',#9019);
#2565=VERTEX_POINT('',#9021);
#2566=VERTEX_POINT('',#9029);
#2567=VERTEX_POINT('',#9033);
#2568=VERTEX_POINT('',#9035);
#2569=VERTEX_POINT('',#9039);
#2570=VERTEX_POINT('',#9041);
#2571=VERTEX_POINT('',#9048);
#2572=VERTEX_POINT('',#9050);
#2573=VERTEX_POINT('',#9054);
#2574=VERTEX_POINT('',#9056);
#2575=VERTEX_POINT('',#9058);
#2576=VERTEX_POINT('',#9060);
#2577=VERTEX_POINT('',#9062);
#2578=VERTEX_POINT('',#9064);
#2579=VERTEX_POINT('',#9066);
#2580=VERTEX_POINT('',#9068);
#2581=VERTEX_POINT('',#9071);
#2582=VERTEX_POINT('',#9073);
#2583=VERTEX_POINT('',#9075);
#2584=VERTEX_POINT('',#9077);
#2585=VERTEX_POINT('',#9079);
#2586=VERTEX_POINT('',#9081);
#2587=VERTEX_POINT('',#9083);
#2588=VERTEX_POINT('',#9085);
#2589=VERTEX_POINT('',#9091);
#2590=VERTEX_POINT('',#9097);
#2591=VERTEX_POINT('',#9098);
#2592=VERTEX_POINT('',#9100);
#2593=VERTEX_POINT('',#9117);
#2594=VERTEX_POINT('',#9119);
#2595=VERTEX_POINT('',#9121);
#2596=VERTEX_POINT('',#9138);
#2597=VERTEX_POINT('',#9139);
#2598=VERTEX_POINT('',#9141);
#2599=VERTEX_POINT('',#9143);
#2600=VERTEX_POINT('',#9147);
#2601=VERTEX_POINT('',#9149);
#2602=VERTEX_POINT('',#9156);
#2603=VERTEX_POINT('',#9158);
#2604=VERTEX_POINT('',#9165);
#2605=VERTEX_POINT('',#9167);
#2606=VERTEX_POINT('',#9170);
#2607=VERTEX_POINT('',#9172);
#2608=VERTEX_POINT('',#9174);
#2609=VERTEX_POINT('',#9176);
#2610=VERTEX_POINT('',#9180);
#2611=VERTEX_POINT('',#9182);
#2612=VERTEX_POINT('',#9186);
#2613=VERTEX_POINT('',#9190);
#2614=VERTEX_POINT('',#9192);
#2615=VERTEX_POINT('',#9194);
#2616=VERTEX_POINT('',#9270);
#2617=VERTEX_POINT('',#9274);
#2618=VERTEX_POINT('',#9276);
#2619=VERTEX_POINT('',#9333);
#2620=VERTEX_POINT('',#9334);
#2621=VERTEX_POINT('',#9370);
#2622=VERTEX_POINT('',#9379);
#2623=VERTEX_POINT('',#9381);
#2624=VERTEX_POINT('',#9385);
#2625=VERTEX_POINT('',#9389);
#2626=VERTEX_POINT('',#9393);
#2627=VERTEX_POINT('',#9397);
#2628=VERTEX_POINT('',#9415);
#2629=VERTEX_POINT('',#9416);
#2630=VERTEX_POINT('',#9418);
#2631=VERTEX_POINT('',#9420);
#2632=VERTEX_POINT('',#9422);
#2633=VERTEX_POINT('',#9424);
#2634=VERTEX_POINT('',#9430);
#2635=VERTEX_POINT('',#9433);
#2636=VERTEX_POINT('',#9434);
#2637=VERTEX_POINT('',#9436);
#2638=VERTEX_POINT('',#9438);
#2639=VERTEX_POINT('',#9440);
#2640=VERTEX_POINT('',#9442);
#2641=VERTEX_POINT('',#9447);
#2642=VERTEX_POINT('',#9450);
#2643=VERTEX_POINT('',#9451);
#2644=VERTEX_POINT('',#9453);
#2645=VERTEX_POINT('',#9455);
#2646=VERTEX_POINT('',#9457);
#2647=VERTEX_POINT('',#9459);
#2648=VERTEX_POINT('',#9465);
#2649=VERTEX_POINT('',#9466);
#2650=VERTEX_POINT('',#9468);
#2651=VERTEX_POINT('',#9470);
#2652=VERTEX_POINT('',#9472);
#2653=VERTEX_POINT('',#9474);
#2654=VERTEX_POINT('',#9476);
#2655=VERTEX_POINT('',#9499);
#2656=VERTEX_POINT('',#9535);
#2657=VERTEX_POINT('',#9536);
#2658=VERTEX_POINT('',#9542);
#2659=VERTEX_POINT('',#9544);
#2660=VERTEX_POINT('',#9561);
#2661=VERTEX_POINT('',#9567);
#2662=VERTEX_POINT('',#9584);
#2663=VERTEX_POINT('',#9590);
#2664=VERTEX_POINT('',#9607);
#2665=VERTEX_POINT('',#9613);
#2666=VERTEX_POINT('',#9621);
#2667=VERTEX_POINT('',#9623);
#2668=VERTEX_POINT('',#9627);
#2669=VERTEX_POINT('',#9629);
#2670=VERTEX_POINT('',#9633);
#2671=VERTEX_POINT('',#9635);
#2672=VERTEX_POINT('',#9648);
#2673=VERTEX_POINT('',#9654);
#2674=VERTEX_POINT('',#9671);
#2675=VERTEX_POINT('',#9677);
#2676=VERTEX_POINT('',#9694);
#2677=VERTEX_POINT('',#9700);
#2678=VERTEX_POINT('',#9717);
#2679=VERTEX_POINT('',#9723);
#2680=VERTEX_POINT('',#9740);
#2681=VERTEX_POINT('',#9746);
#2682=VERTEX_POINT('',#9763);
#2683=VERTEX_POINT('',#9769);
#2684=VERTEX_POINT('',#9786);
#2685=VERTEX_POINT('',#9792);
#2686=VERTEX_POINT('',#9809);
#2687=VERTEX_POINT('',#9815);
#2688=VERTEX_POINT('',#9832);
#2689=VERTEX_POINT('',#9838);
#2690=VERTEX_POINT('',#9846);
#2691=VERTEX_POINT('',#9848);
#2692=VERTEX_POINT('',#9852);
#2693=VERTEX_POINT('',#9854);
#2694=VERTEX_POINT('',#9863);
#2695=VERTEX_POINT('',#9864);
#2696=VERTEX_POINT('',#9866);
#2697=VERTEX_POINT('',#9868);
#2698=VERTEX_POINT('',#9881);
#2699=VERTEX_POINT('',#9887);
#2700=VERTEX_POINT('',#9904);
#2701=VERTEX_POINT('',#9910);
#2702=VERTEX_POINT('',#9927);
#2703=VERTEX_POINT('',#9933);
#2704=VERTEX_POINT('',#9950);
#2705=VERTEX_POINT('',#9956);
#2706=VERTEX_POINT('',#9964);
#2707=VERTEX_POINT('',#9966);
#2708=VERTEX_POINT('',#9973);
#2709=VERTEX_POINT('',#9974);
#2710=VERTEX_POINT('',#9976);
#2711=VERTEX_POINT('',#9978);
#2712=VERTEX_POINT('',#9982);
#2713=VERTEX_POINT('',#9984);
#2714=VERTEX_POINT('',#9988);
#2715=VERTEX_POINT('',#9990);
#2716=VERTEX_POINT('',#10003);
#2717=VERTEX_POINT('',#10009);
#2718=VERTEX_POINT('',#10026);
#2719=VERTEX_POINT('',#10032);
#2720=VERTEX_POINT('',#10049);
#2721=VERTEX_POINT('',#10055);
#2722=VERTEX_POINT('',#10072);
#2723=VERTEX_POINT('',#10078);
#2724=VERTEX_POINT('',#10086);
#2725=VERTEX_POINT('',#10088);
#2726=VERTEX_POINT('',#10097);
#2727=VERTEX_POINT('',#10098);
#2728=VERTEX_POINT('',#10100);
#2729=VERTEX_POINT('',#10102);
#2730=VERTEX_POINT('',#10106);
#2731=VERTEX_POINT('',#10108);
#2732=VERTEX_POINT('',#10112);
#2733=VERTEX_POINT('',#10114);
#2734=VERTEX_POINT('',#10118);
#2735=VERTEX_POINT('',#10120);
#2736=VERTEX_POINT('',#10124);
#2737=VERTEX_POINT('',#10126);
#2738=VERTEX_POINT('',#10130);
#2739=VERTEX_POINT('',#10132);
#2740=EDGE_CURVE('',#2227,#2228,#2172,.T.);
#2741=EDGE_CURVE('',#2228,#2229,#2068,.T.);
#2742=EDGE_CURVE('',#2229,#2230,#2173,.T.);
#2743=EDGE_CURVE('',#2230,#2227,#2069,.T.);
#2744=EDGE_CURVE('',#2231,#2227,#415,.T.);
#2745=EDGE_CURVE('',#2230,#2232,#2070,.T.);
#2746=EDGE_CURVE('',#2232,#2233,#416,.T.);
#2747=EDGE_CURVE('',#2233,#2234,#236,.T.);
#2748=EDGE_CURVE('',#2234,#2231,#2174,.T.);
#2749=EDGE_CURVE('',#2234,#2235,#417,.T.);
#2750=EDGE_CURVE('',#2235,#2236,#2175,.F.);
#2751=EDGE_CURVE('',#2236,#2231,#418,.T.);
#2752=EDGE_CURVE('',#2237,#2229,#419,.T.);
#2753=EDGE_CURVE('',#2238,#2237,#2176,.T.);
#2754=EDGE_CURVE('',#2238,#2232,#420,.T.);
#2755=EDGE_CURVE('',#2239,#2228,#421,.T.);
#2756=EDGE_CURVE('',#2240,#2239,#422,.T.);
#2757=EDGE_CURVE('',#2237,#2240,#423,.T.);
#2758=EDGE_CURVE('',#2241,#2242,#424,.T.);
#2759=EDGE_CURVE('',#2242,#2243,#425,.T.);
#2760=EDGE_CURVE('',#2243,#2244,#426,.T.);
#2761=EDGE_CURVE('',#2244,#2241,#427,.T.);
#2762=EDGE_CURVE('',#2245,#2245,#237,.T.);
#2763=EDGE_CURVE('',#2246,#2246,#238,.T.);
#2764=EDGE_CURVE('',#2236,#2247,#428,.T.);
#2765=EDGE_CURVE('',#2247,#2248,#429,.T.);
#2766=EDGE_CURVE('',#2248,#2249,#2177,.T.);
#2767=EDGE_CURVE('',#2249,#2250,#430,.T.);
#2768=EDGE_CURVE('',#2250,#2251,#2178,.T.);
#2769=EDGE_CURVE('',#2251,#2252,#431,.T.);
#2770=EDGE_CURVE('',#2252,#2253,#432,.T.);
#2771=EDGE_CURVE('',#2254,#2253,#433,.T.);
#2772=EDGE_CURVE('',#2255,#2254,#434,.T.);
#2773=EDGE_CURVE('',#2256,#2255,#2179,.T.);
#2774=EDGE_CURVE('',#2257,#2256,#435,.T.);
#2775=EDGE_CURVE('',#2257,#2239,#436,.T.);
#2776=EDGE_CURVE('',#2258,#2259,#437,.T.);
#2777=EDGE_CURVE('',#2259,#2257,#2180,.F.);
#2778=EDGE_CURVE('',#2256,#2258,#2071,.T.);
#2779=EDGE_CURVE('',#2253,#2260,#2181,.F.);
#2780=EDGE_CURVE('',#2260,#2261,#438,.T.);
#2781=EDGE_CURVE('',#2261,#2254,#2182,.T.);
#2782=EDGE_CURVE('',#2261,#2262,#239,.T.);
#2783=EDGE_CURVE('',#2262,#2263,#439,.T.);
#2784=EDGE_CURVE('',#2263,#2264,#2072,.T.);
#2785=EDGE_CURVE('',#2264,#2255,#2073,.T.);
#2786=EDGE_CURVE('',#2264,#2265,#2183,.T.);
#2787=EDGE_CURVE('',#2265,#2258,#2074,.T.);
#2788=EDGE_CURVE('',#2266,#2265,#440,.T.);
#2789=EDGE_CURVE('',#2267,#2266,#441,.T.);
#2790=EDGE_CURVE('',#2267,#2259,#442,.T.);
#2791=EDGE_CURVE('',#2268,#2263,#443,.T.);
#2792=EDGE_CURVE('',#2266,#2268,#2184,.T.);
#2793=EDGE_CURVE('',#2269,#2262,#444,.T.);
#2794=EDGE_CURVE('',#2268,#2269,#445,.T.);
#2795=EDGE_CURVE('',#2270,#2260,#446,.T.);
#2796=EDGE_CURVE('',#2269,#2270,#447,.T.);
#2797=EDGE_CURVE('',#2271,#2272,#448,.T.);
#2798=EDGE_CURVE('',#2271,#2248,#449,.T.);
#2799=EDGE_CURVE('',#2272,#2247,#450,.T.);
#2800=EDGE_CURVE('',#2273,#2249,#451,.T.);
#2801=EDGE_CURVE('',#2274,#2273,#452,.T.);
#2802=EDGE_CURVE('',#2274,#2250,#453,.T.);
#2803=EDGE_CURVE('',#2275,#2271,#2185,.T.);
#2804=EDGE_CURVE('',#2276,#2275,#2075,.T.);
#2805=EDGE_CURVE('',#2276,#2273,#240,.T.);
#2806=EDGE_CURVE('',#2277,#2278,#2076,.T.);
#2807=EDGE_CURVE('',#2279,#2277,#2186,.T.);
#2808=EDGE_CURVE('',#2279,#2251,#454,.T.);
#2809=EDGE_CURVE('',#2274,#2278,#241,.T.);
#2810=EDGE_CURVE('',#2280,#2279,#455,.T.);
#2811=EDGE_CURVE('',#2252,#2280,#456,.T.);
#2812=EDGE_CURVE('',#2278,#2276,#457,.T.);
#2813=EDGE_CURVE('',#2270,#2280,#458,.T.);
#2814=EDGE_CURVE('',#2281,#2235,#459,.T.);
#2815=EDGE_CURVE('',#2272,#2281,#460,.T.);
#2816=EDGE_CURVE('',#2282,#2233,#461,.T.);
#2817=EDGE_CURVE('',#2281,#2282,#462,.T.);
#2818=EDGE_CURVE('',#2240,#2267,#463,.T.);
#2819=EDGE_CURVE('',#2282,#2238,#464,.T.);
#2820=EDGE_CURVE('',#2283,#2283,#242,.T.);
#2821=EDGE_CURVE('',#2283,#2284,#465,.T.);
#2822=EDGE_CURVE('',#2284,#2284,#243,.T.);
#2823=EDGE_CURVE('',#2284,#2245,#466,.T.);
#2824=EDGE_CURVE('',#2285,#2285,#244,.T.);
#2825=EDGE_CURVE('',#2285,#2286,#467,.T.);
#2826=EDGE_CURVE('',#2286,#2286,#245,.T.);
#2827=EDGE_CURVE('',#2286,#2246,#468,.T.);
#2828=EDGE_CURVE('',#2241,#2287,#2187,.T.);
#2829=EDGE_CURVE('',#2288,#2287,#469,.T.);
#2830=EDGE_CURVE('',#2242,#2288,#2188,.T.);
#2831=EDGE_CURVE('',#2289,#2288,#470,.T.);
#2832=EDGE_CURVE('',#2243,#2289,#2189,.T.);
#2833=EDGE_CURVE('',#2290,#2289,#471,.T.);
#2834=EDGE_CURVE('',#2244,#2290,#2190,.T.);
#2835=EDGE_CURVE('',#2287,#2290,#472,.T.);
#2836=EDGE_CURVE('',#2291,#2292,#473,.T.);
#2837=EDGE_CURVE('',#2292,#2293,#2191,.T.);
#2838=EDGE_CURVE('',#2294,#2293,#474,.T.);
#2839=EDGE_CURVE('',#2291,#2294,#2192,.T.);
#2840=EDGE_CURVE('',#2275,#2295,#475,.T.);
#2841=EDGE_CURVE('',#2295,#2296,#2193,.T.);
#2842=EDGE_CURVE('',#2293,#2296,#476,.T.);
#2843=EDGE_CURVE('',#2292,#2277,#477,.T.);
#2844=EDGE_CURVE('',#2295,#2297,#478,.T.);
#2845=EDGE_CURVE('',#2297,#2298,#2194,.T.);
#2846=EDGE_CURVE('',#2296,#2298,#479,.T.);
#2847=EDGE_CURVE('',#2298,#2294,#480,.T.);
#2848=EDGE_CURVE('',#2297,#2291,#481,.T.);
#2849=EDGE_CURVE('',#2299,#2299,#246,.T.);
#2850=EDGE_CURVE('',#2299,#2300,#482,.T.);
#2851=EDGE_CURVE('',#2300,#2300,#247,.T.);
#2852=EDGE_CURVE('',#2301,#2302,#248,.T.);
#2853=EDGE_CURVE('',#2303,#2302,#483,.T.);
#2854=EDGE_CURVE('',#2303,#2304,#249,.T.);
#2855=EDGE_CURVE('',#2304,#2301,#484,.T.);
#2856=EDGE_CURVE('',#2302,#2305,#485,.T.);
#2857=EDGE_CURVE('',#2306,#2305,#486,.T.);
#2858=EDGE_CURVE('',#2303,#2306,#487,.T.);
#2859=EDGE_CURVE('',#2305,#2307,#488,.T.);
#2860=EDGE_CURVE('',#2308,#2307,#489,.T.);
#2861=EDGE_CURVE('',#2308,#2306,#490,.T.);
#2862=EDGE_CURVE('',#2307,#2309,#491,.T.);
#2863=EDGE_CURVE('',#2310,#2309,#492,.T.);
#2864=EDGE_CURVE('',#2308,#2310,#493,.T.);
#2865=EDGE_CURVE('',#2309,#2311,#250,.T.);
#2866=EDGE_CURVE('',#2312,#2311,#494,.T.);
#2867=EDGE_CURVE('',#2312,#2310,#251,.T.);
#2868=EDGE_CURVE('',#2311,#2301,#495,.T.);
#2869=EDGE_CURVE('',#2312,#2304,#496,.T.);
#2870=EDGE_CURVE('',#2313,#2313,#252,.T.);
#2871=EDGE_CURVE('',#2313,#2314,#497,.T.);
#2872=EDGE_CURVE('',#2314,#2314,#253,.T.);
#2873=EDGE_CURVE('',#2315,#2316,#498,.T.);
#2874=EDGE_CURVE('',#2317,#2316,#499,.T.);
#2875=EDGE_CURVE('',#2318,#2317,#500,.T.);
#2876=EDGE_CURVE('',#2318,#2315,#501,.T.);
#2877=EDGE_CURVE('',#2316,#2319,#254,.T.);
#2878=EDGE_CURVE('',#2320,#2319,#502,.T.);
#2879=EDGE_CURVE('',#2320,#2317,#255,.T.);
#2880=EDGE_CURVE('',#2319,#2321,#503,.T.);
#2881=EDGE_CURVE('',#2322,#2321,#504,.T.);
#2882=EDGE_CURVE('',#2320,#2322,#505,.T.);
#2883=EDGE_CURVE('',#2321,#2323,#506,.T.);
#2884=EDGE_CURVE('',#2324,#2323,#507,.T.);
#2885=EDGE_CURVE('',#2322,#2324,#508,.T.);
#2886=EDGE_CURVE('',#2323,#2325,#509,.T.);
#2887=EDGE_CURVE('',#2326,#2325,#510,.T.);
#2888=EDGE_CURVE('',#2324,#2326,#511,.T.);
#2889=EDGE_CURVE('',#2325,#2315,#256,.T.);
#2890=EDGE_CURVE('',#2318,#2326,#257,.T.);
#2891=EDGE_CURVE('',#2327,#2328,#258,.F.);
#2892=EDGE_CURVE('',#2329,#2327,#259,.F.);
#2893=EDGE_CURVE('',#2328,#2329,#260,.F.);
#2894=EDGE_CURVE('',#2330,#2331,#261,.F.);
#2895=EDGE_CURVE('',#2332,#2330,#262,.F.);
#2896=EDGE_CURVE('',#2331,#2332,#263,.F.);
#2897=EDGE_CURVE('',#2329,#2332,#264,.T.);
#2898=EDGE_CURVE('',#2330,#2328,#265,.T.);
#2899=EDGE_CURVE('',#2333,#2334,#266,.F.);
#2900=EDGE_CURVE('',#2335,#2333,#267,.F.);
#2901=EDGE_CURVE('',#2334,#2335,#268,.F.);
#2902=EDGE_CURVE('',#2336,#2337,#269,.F.);
#2903=EDGE_CURVE('',#2338,#2336,#270,.F.);
#2904=EDGE_CURVE('',#2337,#2338,#271,.F.);
#2905=EDGE_CURVE('',#2336,#2335,#272,.T.);
#2906=EDGE_CURVE('',#2333,#2338,#273,.T.);
#2907=EDGE_CURVE('',#2339,#2340,#274,.F.);
#2908=EDGE_CURVE('',#2340,#2337,#512,.T.);
#2909=EDGE_CURVE('',#2338,#2339,#513,.T.);
#2910=EDGE_CURVE('',#2332,#2336,#514,.T.);
#2911=EDGE_CURVE('',#2337,#2331,#515,.T.);
#2912=EDGE_CURVE('',#2335,#2329,#516,.T.);
#2913=EDGE_CURVE('',#2327,#2334,#517,.T.);
#2914=EDGE_CURVE('',#2341,#2342,#275,.F.);
#2915=EDGE_CURVE('',#2342,#2333,#518,.T.);
#2916=EDGE_CURVE('',#2334,#2341,#519,.T.);
#2917=EDGE_CURVE('',#2343,#2344,#276,.T.);
#2918=EDGE_CURVE('',#2343,#2330,#520,.T.);
#2919=EDGE_CURVE('',#2331,#2344,#521,.T.);
#2920=EDGE_CURVE('',#2345,#2346,#277,.F.);
#2921=EDGE_CURVE('',#2346,#2327,#522,.T.);
#2922=EDGE_CURVE('',#2328,#2345,#523,.T.);
#2923=EDGE_CURVE('',#2339,#2342,#278,.T.);
#2924=EDGE_CURVE('',#2341,#2346,#524,.T.);
#2925=EDGE_CURVE('',#2347,#2348,#279,.F.);
#2926=EDGE_CURVE('',#2349,#2347,#280,.F.);
#2927=EDGE_CURVE('',#2348,#2349,#281,.F.);
#2928=EDGE_CURVE('',#2350,#2351,#282,.F.);
#2929=EDGE_CURVE('',#2352,#2350,#283,.F.);
#2930=EDGE_CURVE('',#2351,#2352,#284,.F.);
#2931=EDGE_CURVE('',#2349,#2352,#285,.T.);
#2932=EDGE_CURVE('',#2350,#2348,#286,.T.);
#2933=EDGE_CURVE('',#2353,#2354,#287,.F.);
#2934=EDGE_CURVE('',#2355,#2353,#288,.F.);
#2935=EDGE_CURVE('',#2354,#2355,#289,.F.);
#2936=EDGE_CURVE('',#2356,#2357,#290,.F.);
#2937=EDGE_CURVE('',#2358,#2356,#291,.F.);
#2938=EDGE_CURVE('',#2357,#2358,#292,.F.);
#2939=EDGE_CURVE('',#2356,#2355,#293,.T.);
#2940=EDGE_CURVE('',#2353,#2358,#294,.T.);
#2941=EDGE_CURVE('',#2359,#2360,#295,.F.);
#2942=EDGE_CURVE('',#2360,#2357,#525,.T.);
#2943=EDGE_CURVE('',#2358,#2359,#526,.T.);
#2944=EDGE_CURVE('',#2352,#2356,#527,.T.);
#2945=EDGE_CURVE('',#2357,#2351,#528,.T.);
#2946=EDGE_CURVE('',#2355,#2349,#529,.T.);
#2947=EDGE_CURVE('',#2347,#2354,#530,.T.);
#2948=EDGE_CURVE('',#2361,#2362,#296,.F.);
#2949=EDGE_CURVE('',#2362,#2353,#531,.T.);
#2950=EDGE_CURVE('',#2354,#2361,#532,.T.);
#2951=EDGE_CURVE('',#2363,#2364,#297,.T.);
#2952=EDGE_CURVE('',#2363,#2350,#533,.T.);
#2953=EDGE_CURVE('',#2351,#2364,#534,.T.);
#2954=EDGE_CURVE('',#2365,#2366,#298,.F.);
#2955=EDGE_CURVE('',#2366,#2347,#535,.T.);
#2956=EDGE_CURVE('',#2348,#2365,#536,.T.);
#2957=EDGE_CURVE('',#2359,#2362,#299,.T.);
#2958=EDGE_CURVE('',#2361,#2366,#537,.T.);
#2959=EDGE_CURVE('',#2367,#2368,#300,.F.);
#2960=EDGE_CURVE('',#2369,#2367,#301,.F.);
#2961=EDGE_CURVE('',#2368,#2369,#302,.F.);
#2962=EDGE_CURVE('',#2370,#2371,#303,.F.);
#2963=EDGE_CURVE('',#2372,#2370,#304,.F.);
#2964=EDGE_CURVE('',#2371,#2372,#305,.F.);
#2965=EDGE_CURVE('',#2373,#2374,#306,.F.);
#2966=EDGE_CURVE('',#2375,#2373,#307,.F.);
#2967=EDGE_CURVE('',#2374,#2375,#308,.F.);
#2968=EDGE_CURVE('',#2376,#2377,#309,.F.);
#2969=EDGE_CURVE('',#2378,#2376,#310,.F.);
#2970=EDGE_CURVE('',#2377,#2378,#311,.F.);
#2971=EDGE_CURVE('',#2373,#2378,#538,.T.);
#2972=EDGE_CURVE('',#2376,#2375,#539,.T.);
#2973=EDGE_CURVE('',#2378,#2372,#312,.T.);
#2974=EDGE_CURVE('',#2370,#2377,#313,.T.);
#2975=EDGE_CURVE('',#2379,#2380,#2195,.T.);
#2976=EDGE_CURVE('',#2380,#2376,#540,.T.);
#2977=EDGE_CURVE('',#2377,#2379,#541,.T.);
#2978=EDGE_CURVE('',#2381,#2382,#314,.T.);
#2979=EDGE_CURVE('',#2381,#2374,#542,.T.);
#2980=EDGE_CURVE('',#2375,#2382,#543,.T.);
#2981=EDGE_CURVE('',#2369,#2373,#315,.T.);
#2982=EDGE_CURVE('',#2374,#2368,#316,.T.);
#2983=EDGE_CURVE('',#2372,#2369,#544,.T.);
#2984=EDGE_CURVE('',#2367,#2371,#545,.T.);
#2985=EDGE_CURVE('',#2383,#2384,#2196,.T.);
#2986=EDGE_CURVE('',#2384,#2370,#546,.T.);
#2987=EDGE_CURVE('',#2371,#2383,#547,.T.);
#2988=EDGE_CURVE('',#2385,#2386,#317,.F.);
#2989=EDGE_CURVE('',#2386,#2367,#548,.T.);
#2990=EDGE_CURVE('',#2368,#2385,#549,.T.);
#2991=EDGE_CURVE('',#2379,#2384,#2197,.T.);
#2992=EDGE_CURVE('',#2387,#2386,#550,.T.);
#2993=EDGE_CURVE('',#2388,#2387,#318,.F.);
#2994=EDGE_CURVE('',#2389,#2388,#551,.T.);
#2995=EDGE_CURVE('',#2390,#2389,#319,.F.);
#2996=EDGE_CURVE('',#2383,#2390,#552,.T.);
#2997=EDGE_CURVE('',#2391,#2392,#320,.F.);
#2998=EDGE_CURVE('',#2392,#2388,#553,.T.);
#2999=EDGE_CURVE('',#2387,#2391,#554,.T.);
#3000=EDGE_CURVE('',#2392,#2393,#555,.T.);
#3001=EDGE_CURVE('',#2389,#2393,#556,.T.);
#3002=EDGE_CURVE('',#2394,#2395,#321,.T.);
#3003=EDGE_CURVE('',#2395,#2396,#557,.T.);
#3004=EDGE_CURVE('',#2396,#2397,#322,.F.);
#3005=EDGE_CURVE('',#2397,#2394,#558,.T.);
#3006=EDGE_CURVE('',#2395,#2398,#559,.T.);
#3007=EDGE_CURVE('',#2398,#2399,#560,.T.);
#3008=EDGE_CURVE('',#2399,#2400,#561,.T.);
#3009=EDGE_CURVE('',#2401,#2400,#562,.T.);
#3010=EDGE_CURVE('',#2401,#2396,#563,.T.);
#3011=EDGE_CURVE('',#2402,#2394,#564,.T.);
#3012=EDGE_CURVE('',#2403,#2402,#565,.T.);
#3013=EDGE_CURVE('',#2404,#2403,#566,.T.);
#3014=EDGE_CURVE('',#2405,#2404,#567,.T.);
#3015=EDGE_CURVE('',#2405,#2398,#568,.T.);
#3016=EDGE_CURVE('',#2406,#2407,#323,.T.);
#3017=EDGE_CURVE('',#2407,#2408,#569,.T.);
#3018=EDGE_CURVE('',#2408,#2409,#324,.T.);
#3019=EDGE_CURVE('',#2409,#2406,#570,.T.);
#3020=EDGE_CURVE('',#2410,#2411,#325,.T.);
#3021=EDGE_CURVE('',#2411,#2409,#326,.T.);
#3022=EDGE_CURVE('',#2408,#2410,#327,.T.);
#3023=EDGE_CURVE('',#2412,#2413,#328,.T.);
#3024=EDGE_CURVE('',#2413,#2411,#571,.T.);
#3025=EDGE_CURVE('',#2410,#2412,#572,.T.);
#3026=EDGE_CURVE('',#2414,#2415,#329,.T.);
#3027=EDGE_CURVE('',#2415,#2413,#330,.T.);
#3028=EDGE_CURVE('',#2412,#2414,#331,.T.);
#3029=EDGE_CURVE('',#2416,#2417,#332,.T.);
#3030=EDGE_CURVE('',#2417,#2415,#573,.T.);
#3031=EDGE_CURVE('',#2414,#2416,#574,.T.);
#3032=EDGE_CURVE('',#2418,#2419,#333,.T.);
#3033=EDGE_CURVE('',#2419,#2417,#334,.T.);
#3034=EDGE_CURVE('',#2416,#2418,#335,.T.);
#3035=EDGE_CURVE('',#2420,#2421,#336,.T.);
#3036=EDGE_CURVE('',#2421,#2419,#575,.T.);
#3037=EDGE_CURVE('',#2418,#2420,#576,.T.);
#3038=EDGE_CURVE('',#2422,#2423,#337,.T.);
#3039=EDGE_CURVE('',#2423,#2421,#338,.T.);
#3040=EDGE_CURVE('',#2420,#2422,#339,.T.);
#3041=EDGE_CURVE('',#2424,#2423,#577,.T.);
#3042=EDGE_CURVE('',#2422,#2425,#578,.T.);
#3043=EDGE_CURVE('',#2425,#2424,#2198,.T.);
#3044=EDGE_CURVE('',#2425,#2426,#579,.T.);
#3045=EDGE_CURVE('',#2426,#2427,#340,.F.);
#3046=EDGE_CURVE('',#2427,#2424,#580,.T.);
#3047=EDGE_CURVE('',#2428,#2409,#581,.T.);
#3048=EDGE_CURVE('',#2428,#2429,#341,.T.);
#3049=EDGE_CURVE('',#2429,#2430,#582,.T.);
#3050=EDGE_CURVE('',#2400,#2430,#583,.T.);
#3051=EDGE_CURVE('',#2399,#2431,#584,.T.);
#3052=EDGE_CURVE('',#2432,#2431,#585,.T.);
#3053=EDGE_CURVE('',#2433,#2432,#586,.T.);
#3054=EDGE_CURVE('',#2406,#2433,#587,.T.);
#3055=EDGE_CURVE('',#2411,#2434,#588,.T.);
#3056=EDGE_CURVE('',#2435,#2434,#342,.T.);
#3057=EDGE_CURVE('',#2428,#2435,#2077,.T.);
#3058=EDGE_CURVE('',#2413,#2436,#589,.T.);
#3059=EDGE_CURVE('',#2434,#2436,#590,.T.);
#3060=EDGE_CURVE('',#2415,#2437,#591,.T.);
#3061=EDGE_CURVE('',#2436,#2437,#343,.T.);
#3062=EDGE_CURVE('',#2417,#2438,#592,.T.);
#3063=EDGE_CURVE('',#2437,#2438,#593,.T.);
#3064=EDGE_CURVE('',#2419,#2439,#594,.T.);
#3065=EDGE_CURVE('',#2438,#2439,#344,.T.);
#3066=EDGE_CURVE('',#2421,#2440,#595,.T.);
#3067=EDGE_CURVE('',#2439,#2440,#596,.T.);
#3068=EDGE_CURVE('',#2441,#2423,#597,.T.);
#3069=EDGE_CURVE('',#2442,#2441,#2078,.T.);
#3070=EDGE_CURVE('',#2440,#2442,#345,.T.);
#3071=EDGE_CURVE('',#2443,#2424,#598,.T.);
#3072=EDGE_CURVE('',#2444,#2443,#599,.T.);
#3073=EDGE_CURVE('',#2444,#2445,#600,.T.);
#3074=EDGE_CURVE('',#2445,#2441,#346,.T.);
#3075=EDGE_CURVE('',#2427,#2446,#601,.T.);
#3076=EDGE_CURVE('',#2443,#2446,#602,.T.);
#3077=EDGE_CURVE('',#2447,#2448,#347,.F.);
#3078=EDGE_CURVE('',#2449,#2447,#348,.F.);
#3079=EDGE_CURVE('',#2448,#2449,#349,.F.);
#3080=EDGE_CURVE('',#2450,#2451,#350,.F.);
#3081=EDGE_CURVE('',#2452,#2450,#351,.F.);
#3082=EDGE_CURVE('',#2451,#2452,#352,.F.);
#3083=EDGE_CURVE('',#2449,#2452,#353,.T.);
#3084=EDGE_CURVE('',#2450,#2448,#354,.T.);
#3085=EDGE_CURVE('',#2453,#2454,#355,.F.);
#3086=EDGE_CURVE('',#2455,#2453,#356,.F.);
#3087=EDGE_CURVE('',#2454,#2455,#357,.F.);
#3088=EDGE_CURVE('',#2456,#2457,#358,.F.);
#3089=EDGE_CURVE('',#2458,#2456,#359,.F.);
#3090=EDGE_CURVE('',#2457,#2458,#360,.F.);
#3091=EDGE_CURVE('',#2456,#2455,#361,.T.);
#3092=EDGE_CURVE('',#2453,#2458,#362,.T.);
#3093=EDGE_CURVE('',#2459,#2390,#603,.T.);
#3094=EDGE_CURVE('',#2393,#2460,#363,.T.);
#3095=EDGE_CURVE('',#2460,#2459,#2199,.T.);
#3096=EDGE_CURVE('',#2461,#2459,#604,.T.);
#3097=EDGE_CURVE('',#2460,#2462,#605,.T.);
#3098=EDGE_CURVE('',#2462,#2463,#2200,.T.);
#3099=EDGE_CURVE('',#2463,#2461,#2079,.T.);
#3100=EDGE_CURVE('',#2462,#2457,#606,.T.);
#3101=EDGE_CURVE('',#2458,#2463,#607,.T.);
#3102=EDGE_CURVE('',#2452,#2456,#608,.T.);
#3103=EDGE_CURVE('',#2457,#2451,#609,.T.);
#3104=EDGE_CURVE('',#2455,#2449,#610,.T.);
#3105=EDGE_CURVE('',#2447,#2454,#611,.T.);
#3106=EDGE_CURVE('',#2464,#2465,#2201,.T.);
#3107=EDGE_CURVE('',#2465,#2453,#612,.T.);
#3108=EDGE_CURVE('',#2454,#2464,#613,.T.);
#3109=EDGE_CURVE('',#2466,#2467,#364,.T.);
#3110=EDGE_CURVE('',#2466,#2450,#614,.T.);
#3111=EDGE_CURVE('',#2451,#2467,#615,.T.);
#3112=EDGE_CURVE('',#2468,#2469,#365,.F.);
#3113=EDGE_CURVE('',#2469,#2447,#616,.T.);
#3114=EDGE_CURVE('',#2448,#2468,#617,.T.);
#3115=EDGE_CURVE('',#2461,#2465,#2202,.T.);
#3116=EDGE_CURVE('',#2470,#2471,#2203,.T.);
#3117=EDGE_CURVE('',#2471,#2472,#618,.T.);
#3118=EDGE_CURVE('',#2472,#2473,#2204,.T.);
#3119=EDGE_CURVE('',#2473,#2474,#619,.T.);
#3120=EDGE_CURVE('',#2474,#2475,#2205,.T.);
#3121=EDGE_CURVE('',#2475,#2476,#620,.T.);
#3122=EDGE_CURVE('',#2476,#2477,#2206,.T.);
#3123=EDGE_CURVE('',#2477,#2470,#621,.T.);
#3124=EDGE_CURVE('',#2464,#2401,#622,.T.);
#3125=EDGE_CURVE('',#2430,#2478,#623,.T.);
#3126=EDGE_CURVE('',#2478,#2479,#2207,.T.);
#3127=EDGE_CURVE('',#2479,#2480,#624,.T.);
#3128=EDGE_CURVE('',#2480,#2481,#2208,.T.);
#3129=EDGE_CURVE('',#2481,#2444,#625,.T.);
#3130=EDGE_CURVE('',#2446,#2380,#626,.T.);
#3131=EDGE_CURVE('',#2397,#2469,#627,.T.);
#3132=EDGE_CURVE('',#2482,#2483,#2080,.T.);
#3133=EDGE_CURVE('',#2482,#2484,#628,.T.);
#3134=EDGE_CURVE('',#2484,#2485,#2081,.T.);
#3135=EDGE_CURVE('',#2483,#2485,#629,.T.);
#3136=EDGE_CURVE('',#2486,#2482,#2082,.T.);
#3137=EDGE_CURVE('',#2486,#2487,#630,.T.);
#3138=EDGE_CURVE('',#2487,#2484,#2083,.T.);
#3139=EDGE_CURVE('',#2488,#2486,#2084,.T.);
#3140=EDGE_CURVE('',#2488,#2489,#631,.T.);
#3141=EDGE_CURVE('',#2489,#2487,#2085,.T.);
#3142=EDGE_CURVE('',#2490,#2488,#2086,.T.);
#3143=EDGE_CURVE('',#2490,#2491,#632,.T.);
#3144=EDGE_CURVE('',#2491,#2489,#2087,.T.);
#3145=EDGE_CURVE('',#2492,#2490,#633,.T.);
#3146=EDGE_CURVE('',#2492,#2493,#634,.T.);
#3147=EDGE_CURVE('',#2493,#2491,#635,.T.);
#3148=EDGE_CURVE('',#2494,#2492,#636,.T.);
#3149=EDGE_CURVE('',#2494,#2495,#637,.T.);
#3150=EDGE_CURVE('',#2495,#2493,#638,.T.);
#3151=EDGE_CURVE('',#2496,#2494,#639,.T.);
#3152=EDGE_CURVE('',#2496,#2497,#640,.T.);
#3153=EDGE_CURVE('',#2497,#2495,#641,.T.);
#3154=EDGE_CURVE('',#2498,#2496,#2088,.T.);
#3155=EDGE_CURVE('',#2498,#2499,#642,.T.);
#3156=EDGE_CURVE('',#2499,#2497,#2089,.T.);
#3157=EDGE_CURVE('',#2500,#2498,#2090,.T.);
#3158=EDGE_CURVE('',#2500,#2501,#643,.T.);
#3159=EDGE_CURVE('',#2501,#2499,#2091,.T.);
#3160=EDGE_CURVE('',#2502,#2500,#2092,.T.);
#3161=EDGE_CURVE('',#2502,#2503,#644,.T.);
#3162=EDGE_CURVE('',#2503,#2501,#2093,.T.);
#3163=EDGE_CURVE('',#2504,#2502,#2094,.T.);
#3164=EDGE_CURVE('',#2504,#2505,#645,.T.);
#3165=EDGE_CURVE('',#2505,#2503,#2095,.T.);
#3166=EDGE_CURVE('',#2506,#2504,#2096,.T.);
#3167=EDGE_CURVE('',#2506,#2507,#646,.T.);
#3168=EDGE_CURVE('',#2507,#2505,#2097,.T.);
#3169=EDGE_CURVE('',#2508,#2506,#2098,.T.);
#3170=EDGE_CURVE('',#2508,#2509,#647,.T.);
#3171=EDGE_CURVE('',#2509,#2507,#2099,.T.);
#3172=EDGE_CURVE('',#2510,#2508,#2100,.T.);
#3173=EDGE_CURVE('',#2510,#2511,#648,.T.);
#3174=EDGE_CURVE('',#2511,#2509,#2101,.T.);
#3175=EDGE_CURVE('',#2512,#2510,#2102,.T.);
#3176=EDGE_CURVE('',#2512,#2513,#649,.T.);
#3177=EDGE_CURVE('',#2513,#2511,#2103,.T.);
#3178=EDGE_CURVE('',#2514,#2512,#2104,.T.);
#3179=EDGE_CURVE('',#2514,#2515,#650,.T.);
#3180=EDGE_CURVE('',#2515,#2513,#2105,.T.);
#3181=EDGE_CURVE('',#2516,#2514,#651,.T.);
#3182=EDGE_CURVE('',#2516,#2517,#652,.T.);
#3183=EDGE_CURVE('',#2517,#2515,#653,.T.);
#3184=EDGE_CURVE('',#2518,#2516,#654,.T.);
#3185=EDGE_CURVE('',#2518,#2519,#655,.T.);
#3186=EDGE_CURVE('',#2519,#2517,#656,.T.);
#3187=EDGE_CURVE('',#2483,#2518,#657,.T.);
#3188=EDGE_CURVE('',#2485,#2519,#658,.T.);
#3189=EDGE_CURVE('',#2520,#2521,#659,.T.);
#3190=EDGE_CURVE('',#2520,#2522,#660,.T.);
#3191=EDGE_CURVE('',#2522,#2523,#661,.T.);
#3192=EDGE_CURVE('',#2521,#2523,#662,.T.);
#3193=EDGE_CURVE('',#2524,#2520,#2106,.T.);
#3194=EDGE_CURVE('',#2524,#2525,#663,.T.);
#3195=EDGE_CURVE('',#2525,#2522,#2107,.T.);
#3196=EDGE_CURVE('',#2526,#2524,#2108,.T.);
#3197=EDGE_CURVE('',#2526,#2527,#664,.T.);
#3198=EDGE_CURVE('',#2527,#2525,#2109,.T.);
#3199=EDGE_CURVE('',#2528,#2526,#2110,.T.);
#3200=EDGE_CURVE('',#2528,#2529,#665,.T.);
#3201=EDGE_CURVE('',#2529,#2527,#2111,.T.);
#3202=EDGE_CURVE('',#2530,#2528,#2112,.T.);
#3203=EDGE_CURVE('',#2530,#2531,#666,.T.);
#3204=EDGE_CURVE('',#2531,#2529,#2113,.T.);
#3205=EDGE_CURVE('',#2532,#2530,#667,.T.);
#3206=EDGE_CURVE('',#2532,#2533,#668,.T.);
#3207=EDGE_CURVE('',#2533,#2531,#669,.T.);
#3208=EDGE_CURVE('',#2521,#2532,#670,.T.);
#3209=EDGE_CURVE('',#2523,#2533,#671,.T.);
#3210=EDGE_CURVE('',#2534,#2535,#672,.T.);
#3211=EDGE_CURVE('',#2534,#2536,#673,.T.);
#3212=EDGE_CURVE('',#2536,#2537,#674,.T.);
#3213=EDGE_CURVE('',#2535,#2537,#675,.T.);
#3214=EDGE_CURVE('',#2538,#2534,#676,.T.);
#3215=EDGE_CURVE('',#2538,#2539,#677,.T.);
#3216=EDGE_CURVE('',#2539,#2536,#678,.T.);
#3217=EDGE_CURVE('',#2540,#2538,#679,.T.);
#3218=EDGE_CURVE('',#2540,#2541,#680,.T.);
#3219=EDGE_CURVE('',#2541,#2539,#681,.T.);
#3220=EDGE_CURVE('',#2542,#2540,#2114,.T.);
#3221=EDGE_CURVE('',#2542,#2543,#682,.T.);
#3222=EDGE_CURVE('',#2543,#2541,#2115,.T.);
#3223=EDGE_CURVE('',#2544,#2542,#2116,.T.);
#3224=EDGE_CURVE('',#2544,#2545,#683,.T.);
#3225=EDGE_CURVE('',#2545,#2543,#2117,.T.);
#3226=EDGE_CURVE('',#2546,#2544,#2118,.T.);
#3227=EDGE_CURVE('',#2546,#2547,#684,.T.);
#3228=EDGE_CURVE('',#2547,#2545,#2119,.T.);
#3229=EDGE_CURVE('',#2548,#2546,#2120,.T.);
#3230=EDGE_CURVE('',#2548,#2549,#685,.T.);
#3231=EDGE_CURVE('',#2549,#2547,#2121,.T.);
#3232=EDGE_CURVE('',#2550,#2548,#686,.T.);
#3233=EDGE_CURVE('',#2550,#2551,#687,.T.);
#3234=EDGE_CURVE('',#2551,#2549,#688,.T.);
#3235=EDGE_CURVE('',#2535,#2550,#689,.T.);
#3236=EDGE_CURVE('',#2537,#2551,#690,.T.);
#3237=EDGE_CURVE('',#2552,#2553,#691,.T.);
#3238=EDGE_CURVE('',#2552,#2554,#692,.T.);
#3239=EDGE_CURVE('',#2554,#2555,#693,.T.);
#3240=EDGE_CURVE('',#2553,#2555,#694,.T.);
#3241=EDGE_CURVE('',#2556,#2552,#695,.T.);
#3242=EDGE_CURVE('',#2556,#2557,#696,.T.);
#3243=EDGE_CURVE('',#2557,#2554,#697,.T.);
#3244=EDGE_CURVE('',#2558,#2556,#698,.T.);
#3245=EDGE_CURVE('',#2558,#2559,#699,.T.);
#3246=EDGE_CURVE('',#2559,#2557,#700,.T.);
#3247=EDGE_CURVE('',#2560,#2558,#701,.T.);
#3248=EDGE_CURVE('',#2560,#2561,#702,.T.);
#3249=EDGE_CURVE('',#2561,#2559,#703,.T.);
#3250=EDGE_CURVE('',#2562,#2560,#704,.T.);
#3251=EDGE_CURVE('',#2562,#2563,#705,.T.);
#3252=EDGE_CURVE('',#2563,#2561,#706,.T.);
#3253=EDGE_CURVE('',#2564,#2562,#707,.T.);
#3254=EDGE_CURVE('',#2564,#2565,#708,.T.);
#3255=EDGE_CURVE('',#2565,#2563,#709,.T.);
#3256=EDGE_CURVE('',#2553,#2564,#710,.T.);
#3257=EDGE_CURVE('',#2555,#2565,#711,.T.);
#3258=EDGE_CURVE('',#2407,#2566,#712,.T.);
#3259=EDGE_CURVE('',#2566,#2363,#366,.T.);
#3260=EDGE_CURVE('',#2364,#2360,#713,.T.);
#3261=EDGE_CURVE('',#2365,#2567,#367,.T.);
#3262=EDGE_CURVE('',#2567,#2568,#714,.T.);
#3263=EDGE_CURVE('',#2568,#2343,#368,.T.);
#3264=EDGE_CURVE('',#2344,#2340,#715,.T.);
#3265=EDGE_CURVE('',#2345,#2569,#369,.T.);
#3266=EDGE_CURVE('',#2569,#2570,#716,.T.);
#3267=EDGE_CURVE('',#2570,#2381,#370,.T.);
#3268=EDGE_CURVE('',#2382,#2426,#717,.T.);
#3269=EDGE_CURVE('',#2431,#2405,#718,.T.);
#3270=EDGE_CURVE('',#2571,#2442,#719,.T.);
#3271=EDGE_CURVE('',#2572,#2571,#720,.T.);
#3272=EDGE_CURVE('',#2572,#2435,#721,.T.);
#3273=EDGE_CURVE('',#2573,#2403,#722,.T.);
#3274=EDGE_CURVE('',#2574,#2573,#371,.T.);
#3275=EDGE_CURVE('',#2575,#2574,#723,.T.);
#3276=EDGE_CURVE('',#2576,#2575,#372,.T.);
#3277=EDGE_CURVE('',#2577,#2576,#724,.T.);
#3278=EDGE_CURVE('',#2578,#2577,#373,.T.);
#3279=EDGE_CURVE('',#2579,#2578,#725,.T.);
#3280=EDGE_CURVE('',#2580,#2579,#374,.T.);
#3281=EDGE_CURVE('',#2433,#2580,#726,.T.);
#3282=EDGE_CURVE('',#2581,#2432,#727,.T.);
#3283=EDGE_CURVE('',#2582,#2581,#375,.T.);
#3284=EDGE_CURVE('',#2583,#2582,#728,.T.);
#3285=EDGE_CURVE('',#2584,#2583,#376,.T.);
#3286=EDGE_CURVE('',#2585,#2584,#729,.T.);
#3287=EDGE_CURVE('',#2586,#2585,#377,.T.);
#3288=EDGE_CURVE('',#2587,#2586,#730,.T.);
#3289=EDGE_CURVE('',#2588,#2587,#378,.T.);
#3290=EDGE_CURVE('',#2404,#2588,#731,.T.);
#3291=EDGE_CURVE('',#2580,#2566,#732,.T.);
#3292=EDGE_CURVE('',#2589,#2402,#733,.T.);
#3293=EDGE_CURVE('',#2573,#2589,#734,.T.);
#3294=EDGE_CURVE('',#2468,#2589,#379,.T.);
#3295=EDGE_CURVE('',#2590,#2591,#735,.T.);
#3296=EDGE_CURVE('',#2591,#2592,#2122,.T.);
#3297=EDGE_CURVE('',#2592,#2593,#380,.T.);
#3298=EDGE_CURVE('',#2593,#2594,#736,.T.);
#3299=EDGE_CURVE('',#2594,#2595,#381,.T.);
#3300=EDGE_CURVE('',#2595,#2590,#2123,.T.);
#3301=EDGE_CURVE('',#2596,#2597,#737,.T.);
#3302=EDGE_CURVE('',#2597,#2598,#2209,.T.);
#3303=EDGE_CURVE('',#2598,#2599,#738,.T.);
#3304=EDGE_CURVE('',#2596,#2599,#2210,.T.);
#3305=EDGE_CURVE('',#2597,#2600,#739,.T.);
#3306=EDGE_CURVE('',#2600,#2601,#382,.T.);
#3307=EDGE_CURVE('',#2601,#2598,#740,.T.);
#3308=EDGE_CURVE('',#2591,#2601,#383,.T.);
#3309=EDGE_CURVE('',#2600,#2592,#384,.T.);
#3310=EDGE_CURVE('',#2595,#2602,#385,.T.);
#3311=EDGE_CURVE('',#2602,#2603,#386,.T.);
#3312=EDGE_CURVE('',#2603,#2590,#387,.T.);
#3313=EDGE_CURVE('',#2599,#2603,#741,.T.);
#3314=EDGE_CURVE('',#2602,#2596,#742,.T.);
#3315=EDGE_CURVE('',#2604,#2601,#743,.T.);
#3316=EDGE_CURVE('',#2605,#2604,#388,.T.);
#3317=EDGE_CURVE('',#2583,#2605,#744,.T.);
#3318=EDGE_CURVE('',#2606,#2582,#745,.T.);
#3319=EDGE_CURVE('',#2607,#2606,#389,.T.);
#3320=EDGE_CURVE('',#2608,#2607,#746,.T.);
#3321=EDGE_CURVE('',#2608,#2609,#747,.T.);
#3322=EDGE_CURVE('',#2603,#2609,#748,.T.);
#3323=EDGE_CURVE('',#2610,#2597,#749,.T.);
#3324=EDGE_CURVE('',#2611,#2610,#750,.T.);
#3325=EDGE_CURVE('',#2611,#2593,#751,.T.);
#3326=EDGE_CURVE('',#2612,#2596,#752,.T.);
#3327=EDGE_CURVE('',#2610,#2612,#753,.T.);
#3328=EDGE_CURVE('',#2604,#2613,#390,.T.);
#3329=EDGE_CURVE('',#2613,#2614,#391,.T.);
#3330=EDGE_CURVE('',#2614,#2615,#392,.T.);
#3331=EDGE_CURVE('',#2615,#2605,#393,.T.);
#3332=EDGE_CURVE('',#2604,#2605,#2124,.T.);
#3333=EDGE_CURVE('',#2615,#2613,#2125,.T.);
#3334=EDGE_CURVE('',#2616,#2616,#394,.T.);
#3335=EDGE_CURVE('',#2616,#2614,#754,.T.);
#3336=EDGE_CURVE('',#2606,#2617,#395,.T.);
#3337=EDGE_CURVE('',#2617,#2618,#396,.T.);
#3338=EDGE_CURVE('',#2618,#2607,#397,.T.);
#3339=EDGE_CURVE('',#2619,#2620,#2126,.T.);
#3340=EDGE_CURVE('',#2620,#2617,#2127,.T.);
#3341=EDGE_CURVE('',#2606,#2607,#2128,.T.);
#3342=EDGE_CURVE('',#2618,#2619,#2129,.T.);
#3343=EDGE_CURVE('',#2619,#2620,#398,.T.);
#3344=EDGE_CURVE('',#2621,#2611,#755,.T.);
#3345=EDGE_CURVE('',#2621,#2594,#756,.T.);
#3346=EDGE_CURVE('',#2612,#2621,#757,.T.);
#3347=EDGE_CURVE('',#2609,#2475,#399,.T.);
#3348=EDGE_CURVE('',#2474,#2584,#758,.T.);
#3349=EDGE_CURVE('',#2622,#2478,#759,.T.);
#3350=EDGE_CURVE('',#2622,#2623,#400,.T.);
#3351=EDGE_CURVE('',#2623,#2479,#760,.T.);
#3352=EDGE_CURVE('',#2624,#2623,#761,.T.);
#3353=EDGE_CURVE('',#2624,#2480,#762,.T.);
#3354=EDGE_CURVE('',#2624,#2625,#401,.T.);
#3355=EDGE_CURVE('',#2625,#2481,#763,.T.);
#3356=EDGE_CURVE('',#2626,#2625,#764,.T.);
#3357=EDGE_CURVE('',#2626,#2445,#765,.T.);
#3358=EDGE_CURVE('',#2627,#2429,#766,.T.);
#3359=EDGE_CURVE('',#2622,#2627,#767,.T.);
#3360=EDGE_CURVE('',#2626,#2571,#402,.T.);
#3361=EDGE_CURVE('',#2572,#2627,#403,.T.);
#3362=EDGE_CURVE('',#2581,#2477,#768,.T.);
#3363=EDGE_CURVE('',#2476,#2608,#404,.T.);
#3364=EDGE_CURVE('',#2470,#2588,#769,.T.);
#3365=EDGE_CURVE('',#2467,#2391,#770,.T.);
#3366=EDGE_CURVE('',#2579,#2567,#771,.T.);
#3367=EDGE_CURVE('',#2628,#2629,#2211,.T.);
#3368=EDGE_CURVE('',#2629,#2630,#2212,.T.);
#3369=EDGE_CURVE('',#2630,#2631,#405,.T.);
#3370=EDGE_CURVE('',#2631,#2632,#2213,.T.);
#3371=EDGE_CURVE('',#2632,#2633,#2214,.T.);
#3372=EDGE_CURVE('',#2633,#2628,#406,.T.);
#3373=EDGE_CURVE('',#2576,#2570,#772,.T.);
#3374=EDGE_CURVE('',#2575,#2634,#773,.T.);
#3375=EDGE_CURVE('',#2385,#2634,#407,.T.);
#3376=EDGE_CURVE('',#2635,#2636,#2215,.T.);
#3377=EDGE_CURVE('',#2636,#2637,#2216,.T.);
#3378=EDGE_CURVE('',#2637,#2638,#408,.T.);
#3379=EDGE_CURVE('',#2638,#2639,#2217,.T.);
#3380=EDGE_CURVE('',#2639,#2640,#2218,.T.);
#3381=EDGE_CURVE('',#2640,#2635,#409,.T.);
#3382=EDGE_CURVE('',#2641,#2466,#410,.T.);
#3383=EDGE_CURVE('',#2574,#2641,#774,.T.);
#3384=EDGE_CURVE('',#2642,#2643,#2219,.T.);
#3385=EDGE_CURVE('',#2643,#2644,#2220,.T.);
#3386=EDGE_CURVE('',#2644,#2645,#411,.T.);
#3387=EDGE_CURVE('',#2645,#2646,#2221,.T.);
#3388=EDGE_CURVE('',#2646,#2647,#2222,.T.);
#3389=EDGE_CURVE('',#2647,#2642,#412,.T.);
#3390=EDGE_CURVE('',#2578,#2568,#775,.T.);
#3391=EDGE_CURVE('',#2577,#2569,#776,.T.);
#3392=EDGE_CURVE('',#2648,#2649,#2223,.T.);
#3393=EDGE_CURVE('',#2649,#2650,#777,.T.);
#3394=EDGE_CURVE('',#2650,#2651,#2224,.T.);
#3395=EDGE_CURVE('',#2651,#2652,#413,.T.);
#3396=EDGE_CURVE('',#2652,#2653,#2225,.T.);
#3397=EDGE_CURVE('',#2653,#2654,#2226,.T.);
#3398=EDGE_CURVE('',#2654,#2648,#414,.T.);
#3399=EDGE_CURVE('',#2634,#2641,#778,.T.);
#3400=EDGE_CURVE('',#2647,#2642,#779,.T.);
#3401=EDGE_CURVE('',#2644,#2645,#780,.T.);
#3402=EDGE_CURVE('',#2651,#2652,#781,.T.);
#3403=EDGE_CURVE('',#2654,#2648,#782,.T.);
#3404=EDGE_CURVE('',#2637,#2638,#783,.T.);
#3405=EDGE_CURVE('',#2640,#2635,#784,.T.);
#3406=EDGE_CURVE('',#2639,#2636,#785,.T.);
#3407=EDGE_CURVE('',#2655,#2650,#786,.T.);
#3408=EDGE_CURVE('',#2653,#2655,#787,.T.);
#3409=EDGE_CURVE('',#2649,#2655,#788,.T.);
#3410=EDGE_CURVE('',#2646,#2643,#789,.T.);
#3411=EDGE_CURVE('',#2630,#2631,#790,.T.);
#3412=EDGE_CURVE('',#2632,#2629,#791,.T.);
#3413=EDGE_CURVE('',#2633,#2628,#792,.T.);
#3414=EDGE_CURVE('',#2587,#2471,#793,.T.);
#3415=EDGE_CURVE('',#2472,#2586,#794,.T.);
#3416=EDGE_CURVE('',#2585,#2473,#795,.T.);
#3417=EDGE_CURVE('',#2656,#2657,#2130,.T.);
#3418=EDGE_CURVE('',#2657,#2658,#796,.T.);
#3419=EDGE_CURVE('',#2659,#2658,#2131,.T.);
#3420=EDGE_CURVE('',#2656,#2659,#797,.T.);
#3421=EDGE_CURVE('',#2660,#2656,#2132,.T.);
#3422=EDGE_CURVE('',#2661,#2659,#2133,.T.);
#3423=EDGE_CURVE('',#2660,#2661,#798,.T.);
#3424=EDGE_CURVE('',#2662,#2660,#2134,.T.);
#3425=EDGE_CURVE('',#2663,#2661,#2135,.T.);
#3426=EDGE_CURVE('',#2662,#2663,#799,.T.);
#3427=EDGE_CURVE('',#2664,#2662,#2136,.T.);
#3428=EDGE_CURVE('',#2665,#2663,#2137,.T.);
#3429=EDGE_CURVE('',#2664,#2665,#800,.T.);
#3430=EDGE_CURVE('',#2666,#2664,#801,.T.);
#3431=EDGE_CURVE('',#2667,#2665,#802,.T.);
#3432=EDGE_CURVE('',#2666,#2667,#803,.T.);
#3433=EDGE_CURVE('',#2668,#2666,#804,.T.);
#3434=EDGE_CURVE('',#2669,#2667,#805,.T.);
#3435=EDGE_CURVE('',#2668,#2669,#806,.T.);
#3436=EDGE_CURVE('',#2670,#2668,#807,.T.);
#3437=EDGE_CURVE('',#2671,#2669,#808,.T.);
#3438=EDGE_CURVE('',#2670,#2671,#809,.T.);
#3439=EDGE_CURVE('',#2672,#2670,#2138,.T.);
#3440=EDGE_CURVE('',#2673,#2671,#2139,.T.);
#3441=EDGE_CURVE('',#2672,#2673,#810,.T.);
#3442=EDGE_CURVE('',#2674,#2672,#2140,.T.);
#3443=EDGE_CURVE('',#2675,#2673,#2141,.T.);
#3444=EDGE_CURVE('',#2674,#2675,#811,.T.);
#3445=EDGE_CURVE('',#2676,#2674,#2142,.T.);
#3446=EDGE_CURVE('',#2677,#2675,#2143,.T.);
#3447=EDGE_CURVE('',#2676,#2677,#812,.T.);
#3448=EDGE_CURVE('',#2678,#2676,#2144,.T.);
#3449=EDGE_CURVE('',#2679,#2677,#2145,.T.);
#3450=EDGE_CURVE('',#2678,#2679,#813,.T.);
#3451=EDGE_CURVE('',#2680,#2678,#2146,.T.);
#3452=EDGE_CURVE('',#2681,#2679,#2147,.T.);
#3453=EDGE_CURVE('',#2680,#2681,#814,.T.);
#3454=EDGE_CURVE('',#2682,#2680,#2148,.T.);
#3455=EDGE_CURVE('',#2683,#2681,#2149,.T.);
#3456=EDGE_CURVE('',#2682,#2683,#815,.T.);
#3457=EDGE_CURVE('',#2684,#2682,#2150,.T.);
#3458=EDGE_CURVE('',#2685,#2683,#2151,.T.);
#3459=EDGE_CURVE('',#2684,#2685,#816,.T.);
#3460=EDGE_CURVE('',#2686,#2684,#2152,.T.);
#3461=EDGE_CURVE('',#2687,#2685,#2153,.T.);
#3462=EDGE_CURVE('',#2686,#2687,#817,.T.);
#3463=EDGE_CURVE('',#2688,#2686,#2154,.T.);
#3464=EDGE_CURVE('',#2689,#2687,#2155,.T.);
#3465=EDGE_CURVE('',#2688,#2689,#818,.T.);
#3466=EDGE_CURVE('',#2690,#2688,#819,.T.);
#3467=EDGE_CURVE('',#2691,#2689,#820,.T.);
#3468=EDGE_CURVE('',#2690,#2691,#821,.T.);
#3469=EDGE_CURVE('',#2692,#2690,#822,.T.);
#3470=EDGE_CURVE('',#2693,#2691,#823,.T.);
#3471=EDGE_CURVE('',#2692,#2693,#824,.T.);
#3472=EDGE_CURVE('',#2657,#2692,#825,.T.);
#3473=EDGE_CURVE('',#2658,#2693,#826,.T.);
#3474=EDGE_CURVE('',#2694,#2695,#827,.T.);
#3475=EDGE_CURVE('',#2695,#2696,#828,.T.);
#3476=EDGE_CURVE('',#2697,#2696,#829,.T.);
#3477=EDGE_CURVE('',#2694,#2697,#830,.T.);
#3478=EDGE_CURVE('',#2698,#2694,#2156,.T.);
#3479=EDGE_CURVE('',#2699,#2697,#2157,.T.);
#3480=EDGE_CURVE('',#2698,#2699,#831,.T.);
#3481=EDGE_CURVE('',#2700,#2698,#2158,.T.);
#3482=EDGE_CURVE('',#2701,#2699,#2159,.T.);
#3483=EDGE_CURVE('',#2700,#2701,#832,.T.);
#3484=EDGE_CURVE('',#2702,#2700,#2160,.T.);
#3485=EDGE_CURVE('',#2703,#2701,#2161,.T.);
#3486=EDGE_CURVE('',#2702,#2703,#833,.T.);
#3487=EDGE_CURVE('',#2704,#2702,#2162,.T.);
#3488=EDGE_CURVE('',#2705,#2703,#2163,.T.);
#3489=EDGE_CURVE('',#2704,#2705,#834,.T.);
#3490=EDGE_CURVE('',#2706,#2704,#835,.T.);
#3491=EDGE_CURVE('',#2707,#2705,#836,.T.);
#3492=EDGE_CURVE('',#2706,#2707,#837,.T.);
#3493=EDGE_CURVE('',#2695,#2706,#838,.T.);
#3494=EDGE_CURVE('',#2696,#2707,#839,.T.);
#3495=EDGE_CURVE('',#2708,#2709,#840,.T.);
#3496=EDGE_CURVE('',#2709,#2710,#841,.T.);
#3497=EDGE_CURVE('',#2711,#2710,#842,.T.);
#3498=EDGE_CURVE('',#2708,#2711,#843,.T.);
#3499=EDGE_CURVE('',#2712,#2708,#844,.T.);
#3500=EDGE_CURVE('',#2713,#2711,#845,.T.);
#3501=EDGE_CURVE('',#2712,#2713,#846,.T.);
#3502=EDGE_CURVE('',#2714,#2712,#847,.T.);
#3503=EDGE_CURVE('',#2715,#2713,#848,.T.);
#3504=EDGE_CURVE('',#2714,#2715,#849,.T.);
#3505=EDGE_CURVE('',#2716,#2714,#2164,.T.);
#3506=EDGE_CURVE('',#2717,#2715,#2165,.T.);
#3507=EDGE_CURVE('',#2716,#2717,#850,.T.);
#3508=EDGE_CURVE('',#2718,#2716,#2166,.T.);
#3509=EDGE_CURVE('',#2719,#2717,#2167,.T.);
#3510=EDGE_CURVE('',#2718,#2719,#851,.T.);
#3511=EDGE_CURVE('',#2720,#2718,#2168,.T.);
#3512=EDGE_CURVE('',#2721,#2719,#2169,.T.);
#3513=EDGE_CURVE('',#2720,#2721,#852,.T.);
#3514=EDGE_CURVE('',#2722,#2720,#2170,.T.);
#3515=EDGE_CURVE('',#2723,#2721,#2171,.T.);
#3516=EDGE_CURVE('',#2722,#2723,#853,.T.);
#3517=EDGE_CURVE('',#2724,#2722,#854,.T.);
#3518=EDGE_CURVE('',#2725,#2723,#855,.T.);
#3519=EDGE_CURVE('',#2724,#2725,#856,.T.);
#3520=EDGE_CURVE('',#2709,#2724,#857,.T.);
#3521=EDGE_CURVE('',#2710,#2725,#858,.T.);
#3522=EDGE_CURVE('',#2726,#2727,#859,.T.);
#3523=EDGE_CURVE('',#2726,#2728,#860,.T.);
#3524=EDGE_CURVE('',#2729,#2728,#861,.T.);
#3525=EDGE_CURVE('',#2727,#2729,#862,.T.);
#3526=EDGE_CURVE('',#2727,#2730,#863,.T.);
#3527=EDGE_CURVE('',#2731,#2729,#864,.T.);
#3528=EDGE_CURVE('',#2730,#2731,#865,.T.);
#3529=EDGE_CURVE('',#2730,#2732,#866,.T.);
#3530=EDGE_CURVE('',#2733,#2731,#867,.T.);
#3531=EDGE_CURVE('',#2732,#2733,#868,.T.);
#3532=EDGE_CURVE('',#2732,#2734,#869,.T.);
#3533=EDGE_CURVE('',#2735,#2733,#870,.T.);
#3534=EDGE_CURVE('',#2734,#2735,#871,.T.);
#3535=EDGE_CURVE('',#2734,#2736,#872,.T.);
#3536=EDGE_CURVE('',#2737,#2735,#873,.T.);
#3537=EDGE_CURVE('',#2736,#2737,#874,.T.);
#3538=EDGE_CURVE('',#2736,#2738,#875,.T.);
#3539=EDGE_CURVE('',#2739,#2737,#876,.T.);
#3540=EDGE_CURVE('',#2738,#2739,#877,.T.);
#3541=EDGE_CURVE('',#2738,#2726,#878,.T.);
#3542=EDGE_CURVE('',#2728,#2739,#879,.T.);
#3543=ORIENTED_EDGE('',*,*,#2740,.T.);
#3544=ORIENTED_EDGE('',*,*,#2741,.T.);
#3545=ORIENTED_EDGE('',*,*,#2742,.T.);
#3546=ORIENTED_EDGE('',*,*,#2743,.T.);
#3547=ORIENTED_EDGE('',*,*,#2744,.T.);
#3548=ORIENTED_EDGE('',*,*,#2743,.F.);
#3549=ORIENTED_EDGE('',*,*,#2745,.T.);
#3550=ORIENTED_EDGE('',*,*,#2746,.T.);
#3551=ORIENTED_EDGE('',*,*,#2747,.T.);
#3552=ORIENTED_EDGE('',*,*,#2748,.T.);
#3553=ORIENTED_EDGE('',*,*,#2749,.T.);
#3554=ORIENTED_EDGE('',*,*,#2750,.T.);
#3555=ORIENTED_EDGE('',*,*,#2751,.T.);
#3556=ORIENTED_EDGE('',*,*,#2748,.F.);
#3557=ORIENTED_EDGE('',*,*,#2745,.F.);
#3558=ORIENTED_EDGE('',*,*,#2742,.F.);
#3559=ORIENTED_EDGE('',*,*,#2752,.F.);
#3560=ORIENTED_EDGE('',*,*,#2753,.F.);
#3561=ORIENTED_EDGE('',*,*,#2754,.T.);
#3562=ORIENTED_EDGE('',*,*,#2741,.F.);
#3563=ORIENTED_EDGE('',*,*,#2755,.F.);
#3564=ORIENTED_EDGE('',*,*,#2756,.F.);
#3565=ORIENTED_EDGE('',*,*,#2757,.F.);
#3566=ORIENTED_EDGE('',*,*,#2752,.T.);
#3567=ORIENTED_EDGE('',*,*,#2758,.T.);
#3568=ORIENTED_EDGE('',*,*,#2759,.T.);
#3569=ORIENTED_EDGE('',*,*,#2760,.T.);
#3570=ORIENTED_EDGE('',*,*,#2761,.T.);
#3571=ORIENTED_EDGE('',*,*,#2762,.T.);
#3572=ORIENTED_EDGE('',*,*,#2763,.T.);
#3573=ORIENTED_EDGE('',*,*,#2740,.F.);
#3574=ORIENTED_EDGE('',*,*,#2744,.F.);
#3575=ORIENTED_EDGE('',*,*,#2751,.F.);
#3576=ORIENTED_EDGE('',*,*,#2764,.T.);
#3577=ORIENTED_EDGE('',*,*,#2765,.T.);
#3578=ORIENTED_EDGE('',*,*,#2766,.T.);
#3579=ORIENTED_EDGE('',*,*,#2767,.T.);
#3580=ORIENTED_EDGE('',*,*,#2768,.T.);
#3581=ORIENTED_EDGE('',*,*,#2769,.T.);
#3582=ORIENTED_EDGE('',*,*,#2770,.T.);
#3583=ORIENTED_EDGE('',*,*,#2771,.F.);
#3584=ORIENTED_EDGE('',*,*,#2772,.F.);
#3585=ORIENTED_EDGE('',*,*,#2773,.F.);
#3586=ORIENTED_EDGE('',*,*,#2774,.F.);
#3587=ORIENTED_EDGE('',*,*,#2775,.T.);
#3588=ORIENTED_EDGE('',*,*,#2755,.T.);
#3589=ORIENTED_EDGE('',*,*,#2776,.T.);
#3590=ORIENTED_EDGE('',*,*,#2777,.T.);
#3591=ORIENTED_EDGE('',*,*,#2774,.T.);
#3592=ORIENTED_EDGE('',*,*,#2778,.T.);
#3593=ORIENTED_EDGE('',*,*,#2771,.T.);
#3594=ORIENTED_EDGE('',*,*,#2779,.T.);
#3595=ORIENTED_EDGE('',*,*,#2780,.T.);
#3596=ORIENTED_EDGE('',*,*,#2781,.T.);
#3597=ORIENTED_EDGE('',*,*,#2772,.T.);
#3598=ORIENTED_EDGE('',*,*,#2781,.F.);
#3599=ORIENTED_EDGE('',*,*,#2782,.T.);
#3600=ORIENTED_EDGE('',*,*,#2783,.T.);
#3601=ORIENTED_EDGE('',*,*,#2784,.T.);
#3602=ORIENTED_EDGE('',*,*,#2785,.T.);
#3603=ORIENTED_EDGE('',*,*,#2773,.T.);
#3604=ORIENTED_EDGE('',*,*,#2785,.F.);
#3605=ORIENTED_EDGE('',*,*,#2786,.T.);
#3606=ORIENTED_EDGE('',*,*,#2787,.T.);
#3607=ORIENTED_EDGE('',*,*,#2778,.F.);
#3608=ORIENTED_EDGE('',*,*,#2776,.F.);
#3609=ORIENTED_EDGE('',*,*,#2787,.F.);
#3610=ORIENTED_EDGE('',*,*,#2788,.F.);
#3611=ORIENTED_EDGE('',*,*,#2789,.F.);
#3612=ORIENTED_EDGE('',*,*,#2790,.T.);
#3613=ORIENTED_EDGE('',*,*,#2786,.F.);
#3614=ORIENTED_EDGE('',*,*,#2784,.F.);
#3615=ORIENTED_EDGE('',*,*,#2791,.F.);
#3616=ORIENTED_EDGE('',*,*,#2792,.F.);
#3617=ORIENTED_EDGE('',*,*,#2788,.T.);
#3618=ORIENTED_EDGE('',*,*,#2783,.F.);
#3619=ORIENTED_EDGE('',*,*,#2793,.F.);
#3620=ORIENTED_EDGE('',*,*,#2794,.F.);
#3621=ORIENTED_EDGE('',*,*,#2791,.T.);
#3622=ORIENTED_EDGE('',*,*,#2780,.F.);
#3623=ORIENTED_EDGE('',*,*,#2795,.F.);
#3624=ORIENTED_EDGE('',*,*,#2796,.F.);
#3625=ORIENTED_EDGE('',*,*,#2793,.T.);
#3626=ORIENTED_EDGE('',*,*,#2782,.F.);
#3627=ORIENTED_EDGE('',*,*,#2797,.F.);
#3628=ORIENTED_EDGE('',*,*,#2798,.T.);
#3629=ORIENTED_EDGE('',*,*,#2765,.F.);
#3630=ORIENTED_EDGE('',*,*,#2799,.F.);
#3631=ORIENTED_EDGE('',*,*,#2767,.F.);
#3632=ORIENTED_EDGE('',*,*,#2800,.F.);
#3633=ORIENTED_EDGE('',*,*,#2801,.F.);
#3634=ORIENTED_EDGE('',*,*,#2802,.T.);
#3635=ORIENTED_EDGE('',*,*,#2803,.F.);
#3636=ORIENTED_EDGE('',*,*,#2804,.F.);
#3637=ORIENTED_EDGE('',*,*,#2805,.T.);
#3638=ORIENTED_EDGE('',*,*,#2800,.T.);
#3639=ORIENTED_EDGE('',*,*,#2766,.F.);
#3640=ORIENTED_EDGE('',*,*,#2798,.F.);
#3641=ORIENTED_EDGE('',*,*,#2806,.F.);
#3642=ORIENTED_EDGE('',*,*,#2807,.F.);
#3643=ORIENTED_EDGE('',*,*,#2808,.T.);
#3644=ORIENTED_EDGE('',*,*,#2768,.F.);
#3645=ORIENTED_EDGE('',*,*,#2802,.F.);
#3646=ORIENTED_EDGE('',*,*,#2809,.T.);
#3647=ORIENTED_EDGE('',*,*,#2810,.F.);
#3648=ORIENTED_EDGE('',*,*,#2811,.F.);
#3649=ORIENTED_EDGE('',*,*,#2769,.F.);
#3650=ORIENTED_EDGE('',*,*,#2808,.F.);
#3651=ORIENTED_EDGE('',*,*,#2812,.F.);
#3652=ORIENTED_EDGE('',*,*,#2809,.F.);
#3653=ORIENTED_EDGE('',*,*,#2801,.T.);
#3654=ORIENTED_EDGE('',*,*,#2805,.F.);
#3655=ORIENTED_EDGE('',*,*,#2811,.T.);
#3656=ORIENTED_EDGE('',*,*,#2813,.F.);
#3657=ORIENTED_EDGE('',*,*,#2795,.T.);
#3658=ORIENTED_EDGE('',*,*,#2779,.F.);
#3659=ORIENTED_EDGE('',*,*,#2770,.F.);
#3660=ORIENTED_EDGE('',*,*,#2799,.T.);
#3661=ORIENTED_EDGE('',*,*,#2764,.F.);
#3662=ORIENTED_EDGE('',*,*,#2750,.F.);
#3663=ORIENTED_EDGE('',*,*,#2814,.F.);
#3664=ORIENTED_EDGE('',*,*,#2815,.F.);
#3665=ORIENTED_EDGE('',*,*,#2749,.F.);
#3666=ORIENTED_EDGE('',*,*,#2747,.F.);
#3667=ORIENTED_EDGE('',*,*,#2816,.F.);
#3668=ORIENTED_EDGE('',*,*,#2817,.F.);
#3669=ORIENTED_EDGE('',*,*,#2814,.T.);
#3670=ORIENTED_EDGE('',*,*,#2775,.F.);
#3671=ORIENTED_EDGE('',*,*,#2777,.F.);
#3672=ORIENTED_EDGE('',*,*,#2790,.F.);
#3673=ORIENTED_EDGE('',*,*,#2818,.F.);
#3674=ORIENTED_EDGE('',*,*,#2756,.T.);
#3675=ORIENTED_EDGE('',*,*,#2746,.F.);
#3676=ORIENTED_EDGE('',*,*,#2754,.F.);
#3677=ORIENTED_EDGE('',*,*,#2819,.F.);
#3678=ORIENTED_EDGE('',*,*,#2816,.T.);
#3679=ORIENTED_EDGE('',*,*,#2820,.F.);
#3680=ORIENTED_EDGE('',*,*,#2821,.T.);
#3681=ORIENTED_EDGE('',*,*,#2822,.T.);
#3682=ORIENTED_EDGE('',*,*,#2821,.F.);
#3683=ORIENTED_EDGE('',*,*,#2822,.F.);
#3684=ORIENTED_EDGE('',*,*,#2823,.T.);
#3685=ORIENTED_EDGE('',*,*,#2762,.F.);
#3686=ORIENTED_EDGE('',*,*,#2823,.F.);
#3687=ORIENTED_EDGE('',*,*,#2824,.F.);
#3688=ORIENTED_EDGE('',*,*,#2825,.T.);
#3689=ORIENTED_EDGE('',*,*,#2826,.T.);
#3690=ORIENTED_EDGE('',*,*,#2825,.F.);
#3691=ORIENTED_EDGE('',*,*,#2826,.F.);
#3692=ORIENTED_EDGE('',*,*,#2827,.T.);
#3693=ORIENTED_EDGE('',*,*,#2763,.F.);
#3694=ORIENTED_EDGE('',*,*,#2827,.F.);
#3695=ORIENTED_EDGE('',*,*,#2758,.F.);
#3696=ORIENTED_EDGE('',*,*,#2828,.T.);
#3697=ORIENTED_EDGE('',*,*,#2829,.F.);
#3698=ORIENTED_EDGE('',*,*,#2830,.F.);
#3699=ORIENTED_EDGE('',*,*,#2759,.F.);
#3700=ORIENTED_EDGE('',*,*,#2830,.T.);
#3701=ORIENTED_EDGE('',*,*,#2831,.F.);
#3702=ORIENTED_EDGE('',*,*,#2832,.F.);
#3703=ORIENTED_EDGE('',*,*,#2760,.F.);
#3704=ORIENTED_EDGE('',*,*,#2832,.T.);
#3705=ORIENTED_EDGE('',*,*,#2833,.F.);
#3706=ORIENTED_EDGE('',*,*,#2834,.F.);
#3707=ORIENTED_EDGE('',*,*,#2835,.F.);
#3708=ORIENTED_EDGE('',*,*,#2828,.F.);
#3709=ORIENTED_EDGE('',*,*,#2761,.F.);
#3710=ORIENTED_EDGE('',*,*,#2834,.T.);
#3711=ORIENTED_EDGE('',*,*,#2836,.T.);
#3712=ORIENTED_EDGE('',*,*,#2837,.T.);
#3713=ORIENTED_EDGE('',*,*,#2838,.F.);
#3714=ORIENTED_EDGE('',*,*,#2839,.F.);
#3715=ORIENTED_EDGE('',*,*,#2804,.T.);
#3716=ORIENTED_EDGE('',*,*,#2840,.T.);
#3717=ORIENTED_EDGE('',*,*,#2841,.T.);
#3718=ORIENTED_EDGE('',*,*,#2842,.F.);
#3719=ORIENTED_EDGE('',*,*,#2837,.F.);
#3720=ORIENTED_EDGE('',*,*,#2843,.T.);
#3721=ORIENTED_EDGE('',*,*,#2806,.T.);
#3722=ORIENTED_EDGE('',*,*,#2812,.T.);
#3723=ORIENTED_EDGE('',*,*,#2844,.T.);
#3724=ORIENTED_EDGE('',*,*,#2845,.T.);
#3725=ORIENTED_EDGE('',*,*,#2846,.F.);
#3726=ORIENTED_EDGE('',*,*,#2841,.F.);
#3727=ORIENTED_EDGE('',*,*,#2847,.F.);
#3728=ORIENTED_EDGE('',*,*,#2845,.F.);
#3729=ORIENTED_EDGE('',*,*,#2848,.T.);
#3730=ORIENTED_EDGE('',*,*,#2839,.T.);
#3731=ORIENTED_EDGE('',*,*,#2797,.T.);
#3732=ORIENTED_EDGE('',*,*,#2815,.T.);
#3733=ORIENTED_EDGE('',*,*,#2817,.T.);
#3734=ORIENTED_EDGE('',*,*,#2819,.T.);
#3735=ORIENTED_EDGE('',*,*,#2753,.T.);
#3736=ORIENTED_EDGE('',*,*,#2757,.T.);
#3737=ORIENTED_EDGE('',*,*,#2818,.T.);
#3738=ORIENTED_EDGE('',*,*,#2789,.T.);
#3739=ORIENTED_EDGE('',*,*,#2792,.T.);
#3740=ORIENTED_EDGE('',*,*,#2794,.T.);
#3741=ORIENTED_EDGE('',*,*,#2796,.T.);
#3742=ORIENTED_EDGE('',*,*,#2813,.T.);
#3743=ORIENTED_EDGE('',*,*,#2810,.T.);
#3744=ORIENTED_EDGE('',*,*,#2807,.T.);
#3745=ORIENTED_EDGE('',*,*,#2843,.F.);
#3746=ORIENTED_EDGE('',*,*,#2836,.F.);
#3747=ORIENTED_EDGE('',*,*,#2848,.F.);
#3748=ORIENTED_EDGE('',*,*,#2844,.F.);
#3749=ORIENTED_EDGE('',*,*,#2840,.F.);
#3750=ORIENTED_EDGE('',*,*,#2803,.T.);
#3751=ORIENTED_EDGE('',*,*,#2820,.T.);
#3752=ORIENTED_EDGE('',*,*,#2824,.T.);
#3753=ORIENTED_EDGE('',*,*,#2838,.T.);
#3754=ORIENTED_EDGE('',*,*,#2842,.T.);
#3755=ORIENTED_EDGE('',*,*,#2846,.T.);
#3756=ORIENTED_EDGE('',*,*,#2847,.T.);
#3757=ORIENTED_EDGE('',*,*,#2829,.T.);
#3758=ORIENTED_EDGE('',*,*,#2835,.T.);
#3759=ORIENTED_EDGE('',*,*,#2833,.T.);
#3760=ORIENTED_EDGE('',*,*,#2831,.T.);
#3761=ORIENTED_EDGE('',*,*,#2849,.F.);
#3762=ORIENTED_EDGE('',*,*,#2850,.T.);
#3763=ORIENTED_EDGE('',*,*,#2851,.F.);
#3764=ORIENTED_EDGE('',*,*,#2850,.F.);
#3765=ORIENTED_EDGE('',*,*,#2852,.T.);
#3766=ORIENTED_EDGE('',*,*,#2853,.F.);
#3767=ORIENTED_EDGE('',*,*,#2854,.T.);
#3768=ORIENTED_EDGE('',*,*,#2855,.T.);
#3769=ORIENTED_EDGE('',*,*,#2856,.T.);
#3770=ORIENTED_EDGE('',*,*,#2857,.F.);
#3771=ORIENTED_EDGE('',*,*,#2858,.F.);
#3772=ORIENTED_EDGE('',*,*,#2853,.T.);
#3773=ORIENTED_EDGE('',*,*,#2859,.T.);
#3774=ORIENTED_EDGE('',*,*,#2860,.F.);
#3775=ORIENTED_EDGE('',*,*,#2861,.T.);
#3776=ORIENTED_EDGE('',*,*,#2857,.T.);
#3777=ORIENTED_EDGE('',*,*,#2862,.T.);
#3778=ORIENTED_EDGE('',*,*,#2863,.F.);
#3779=ORIENTED_EDGE('',*,*,#2864,.F.);
#3780=ORIENTED_EDGE('',*,*,#2860,.T.);
#3781=ORIENTED_EDGE('',*,*,#2865,.T.);
#3782=ORIENTED_EDGE('',*,*,#2866,.F.);
#3783=ORIENTED_EDGE('',*,*,#2867,.T.);
#3784=ORIENTED_EDGE('',*,*,#2863,.T.);
#3785=ORIENTED_EDGE('',*,*,#2868,.T.);
#3786=ORIENTED_EDGE('',*,*,#2855,.F.);
#3787=ORIENTED_EDGE('',*,*,#2869,.F.);
#3788=ORIENTED_EDGE('',*,*,#2866,.T.);
#3789=ORIENTED_EDGE('',*,*,#2861,.F.);
#3790=ORIENTED_EDGE('',*,*,#2864,.T.);
#3791=ORIENTED_EDGE('',*,*,#2867,.F.);
#3792=ORIENTED_EDGE('',*,*,#2869,.T.);
#3793=ORIENTED_EDGE('',*,*,#2854,.F.);
#3794=ORIENTED_EDGE('',*,*,#2858,.T.);
#3795=ORIENTED_EDGE('',*,*,#2851,.T.);
#3796=ORIENTED_EDGE('',*,*,#2862,.F.);
#3797=ORIENTED_EDGE('',*,*,#2859,.F.);
#3798=ORIENTED_EDGE('',*,*,#2856,.F.);
#3799=ORIENTED_EDGE('',*,*,#2852,.F.);
#3800=ORIENTED_EDGE('',*,*,#2868,.F.);
#3801=ORIENTED_EDGE('',*,*,#2865,.F.);
#3802=ORIENTED_EDGE('',*,*,#2849,.T.);
#3803=ORIENTED_EDGE('',*,*,#2870,.F.);
#3804=ORIENTED_EDGE('',*,*,#2871,.T.);
#3805=ORIENTED_EDGE('',*,*,#2872,.F.);
#3806=ORIENTED_EDGE('',*,*,#2871,.F.);
#3807=ORIENTED_EDGE('',*,*,#2873,.T.);
#3808=ORIENTED_EDGE('',*,*,#2874,.F.);
#3809=ORIENTED_EDGE('',*,*,#2875,.F.);
#3810=ORIENTED_EDGE('',*,*,#2876,.T.);
#3811=ORIENTED_EDGE('',*,*,#2877,.T.);
#3812=ORIENTED_EDGE('',*,*,#2878,.F.);
#3813=ORIENTED_EDGE('',*,*,#2879,.T.);
#3814=ORIENTED_EDGE('',*,*,#2874,.T.);
#3815=ORIENTED_EDGE('',*,*,#2880,.T.);
#3816=ORIENTED_EDGE('',*,*,#2881,.F.);
#3817=ORIENTED_EDGE('',*,*,#2882,.F.);
#3818=ORIENTED_EDGE('',*,*,#2878,.T.);
#3819=ORIENTED_EDGE('',*,*,#2883,.T.);
#3820=ORIENTED_EDGE('',*,*,#2884,.F.);
#3821=ORIENTED_EDGE('',*,*,#2885,.F.);
#3822=ORIENTED_EDGE('',*,*,#2881,.T.);
#3823=ORIENTED_EDGE('',*,*,#2886,.T.);
#3824=ORIENTED_EDGE('',*,*,#2887,.F.);
#3825=ORIENTED_EDGE('',*,*,#2888,.F.);
#3826=ORIENTED_EDGE('',*,*,#2884,.T.);
#3827=ORIENTED_EDGE('',*,*,#2889,.T.);
#3828=ORIENTED_EDGE('',*,*,#2876,.F.);
#3829=ORIENTED_EDGE('',*,*,#2890,.T.);
#3830=ORIENTED_EDGE('',*,*,#2887,.T.);
#3831=ORIENTED_EDGE('',*,*,#2882,.T.);
#3832=ORIENTED_EDGE('',*,*,#2885,.T.);
#3833=ORIENTED_EDGE('',*,*,#2888,.T.);
#3834=ORIENTED_EDGE('',*,*,#2890,.F.);
#3835=ORIENTED_EDGE('',*,*,#2875,.T.);
#3836=ORIENTED_EDGE('',*,*,#2879,.F.);
#3837=ORIENTED_EDGE('',*,*,#2872,.T.);
#3838=ORIENTED_EDGE('',*,*,#2883,.F.);
#3839=ORIENTED_EDGE('',*,*,#2880,.F.);
#3840=ORIENTED_EDGE('',*,*,#2877,.F.);
#3841=ORIENTED_EDGE('',*,*,#2873,.F.);
#3842=ORIENTED_EDGE('',*,*,#2889,.F.);
#3843=ORIENTED_EDGE('',*,*,#2886,.F.);
#3844=ORIENTED_EDGE('',*,*,#2870,.T.);
#3845=ORIENTED_EDGE('',*,*,#2891,.F.);
#3846=ORIENTED_EDGE('',*,*,#2892,.F.);
#3847=ORIENTED_EDGE('',*,*,#2893,.F.);
#3848=ORIENTED_EDGE('',*,*,#2894,.F.);
#3849=ORIENTED_EDGE('',*,*,#2895,.F.);
#3850=ORIENTED_EDGE('',*,*,#2896,.F.);
#3851=ORIENTED_EDGE('',*,*,#2893,.T.);
#3852=ORIENTED_EDGE('',*,*,#2897,.T.);
#3853=ORIENTED_EDGE('',*,*,#2895,.T.);
#3854=ORIENTED_EDGE('',*,*,#2898,.T.);
#3855=ORIENTED_EDGE('',*,*,#2899,.F.);
#3856=ORIENTED_EDGE('',*,*,#2900,.F.);
#3857=ORIENTED_EDGE('',*,*,#2901,.F.);
#3858=ORIENTED_EDGE('',*,*,#2902,.F.);
#3859=ORIENTED_EDGE('',*,*,#2903,.F.);
#3860=ORIENTED_EDGE('',*,*,#2904,.F.);
#3861=ORIENTED_EDGE('',*,*,#2903,.T.);
#3862=ORIENTED_EDGE('',*,*,#2905,.T.);
#3863=ORIENTED_EDGE('',*,*,#2900,.T.);
#3864=ORIENTED_EDGE('',*,*,#2906,.T.);
#3865=ORIENTED_EDGE('',*,*,#2907,.T.);
#3866=ORIENTED_EDGE('',*,*,#2908,.T.);
#3867=ORIENTED_EDGE('',*,*,#2904,.T.);
#3868=ORIENTED_EDGE('',*,*,#2909,.T.);
#3869=ORIENTED_EDGE('',*,*,#2896,.T.);
#3870=ORIENTED_EDGE('',*,*,#2910,.T.);
#3871=ORIENTED_EDGE('',*,*,#2902,.T.);
#3872=ORIENTED_EDGE('',*,*,#2911,.T.);
#3873=ORIENTED_EDGE('',*,*,#2901,.T.);
#3874=ORIENTED_EDGE('',*,*,#2912,.T.);
#3875=ORIENTED_EDGE('',*,*,#2892,.T.);
#3876=ORIENTED_EDGE('',*,*,#2913,.T.);
#3877=ORIENTED_EDGE('',*,*,#2914,.T.);
#3878=ORIENTED_EDGE('',*,*,#2915,.T.);
#3879=ORIENTED_EDGE('',*,*,#2899,.T.);
#3880=ORIENTED_EDGE('',*,*,#2916,.T.);
#3881=ORIENTED_EDGE('',*,*,#2917,.F.);
#3882=ORIENTED_EDGE('',*,*,#2918,.T.);
#3883=ORIENTED_EDGE('',*,*,#2894,.T.);
#3884=ORIENTED_EDGE('',*,*,#2919,.T.);
#3885=ORIENTED_EDGE('',*,*,#2920,.T.);
#3886=ORIENTED_EDGE('',*,*,#2921,.T.);
#3887=ORIENTED_EDGE('',*,*,#2891,.T.);
#3888=ORIENTED_EDGE('',*,*,#2922,.T.);
#3889=ORIENTED_EDGE('',*,*,#2909,.F.);
#3890=ORIENTED_EDGE('',*,*,#2906,.F.);
#3891=ORIENTED_EDGE('',*,*,#2915,.F.);
#3892=ORIENTED_EDGE('',*,*,#2923,.F.);
#3893=ORIENTED_EDGE('',*,*,#2916,.F.);
#3894=ORIENTED_EDGE('',*,*,#2913,.F.);
#3895=ORIENTED_EDGE('',*,*,#2921,.F.);
#3896=ORIENTED_EDGE('',*,*,#2924,.F.);
#3897=ORIENTED_EDGE('',*,*,#2905,.F.);
#3898=ORIENTED_EDGE('',*,*,#2910,.F.);
#3899=ORIENTED_EDGE('',*,*,#2897,.F.);
#3900=ORIENTED_EDGE('',*,*,#2912,.F.);
#3901=ORIENTED_EDGE('',*,*,#2925,.F.);
#3902=ORIENTED_EDGE('',*,*,#2926,.F.);
#3903=ORIENTED_EDGE('',*,*,#2927,.F.);
#3904=ORIENTED_EDGE('',*,*,#2928,.F.);
#3905=ORIENTED_EDGE('',*,*,#2929,.F.);
#3906=ORIENTED_EDGE('',*,*,#2930,.F.);
#3907=ORIENTED_EDGE('',*,*,#2927,.T.);
#3908=ORIENTED_EDGE('',*,*,#2931,.T.);
#3909=ORIENTED_EDGE('',*,*,#2929,.T.);
#3910=ORIENTED_EDGE('',*,*,#2932,.T.);
#3911=ORIENTED_EDGE('',*,*,#2933,.F.);
#3912=ORIENTED_EDGE('',*,*,#2934,.F.);
#3913=ORIENTED_EDGE('',*,*,#2935,.F.);
#3914=ORIENTED_EDGE('',*,*,#2936,.F.);
#3915=ORIENTED_EDGE('',*,*,#2937,.F.);
#3916=ORIENTED_EDGE('',*,*,#2938,.F.);
#3917=ORIENTED_EDGE('',*,*,#2937,.T.);
#3918=ORIENTED_EDGE('',*,*,#2939,.T.);
#3919=ORIENTED_EDGE('',*,*,#2934,.T.);
#3920=ORIENTED_EDGE('',*,*,#2940,.T.);
#3921=ORIENTED_EDGE('',*,*,#2941,.T.);
#3922=ORIENTED_EDGE('',*,*,#2942,.T.);
#3923=ORIENTED_EDGE('',*,*,#2938,.T.);
#3924=ORIENTED_EDGE('',*,*,#2943,.T.);
#3925=ORIENTED_EDGE('',*,*,#2930,.T.);
#3926=ORIENTED_EDGE('',*,*,#2944,.T.);
#3927=ORIENTED_EDGE('',*,*,#2936,.T.);
#3928=ORIENTED_EDGE('',*,*,#2945,.T.);
#3929=ORIENTED_EDGE('',*,*,#2935,.T.);
#3930=ORIENTED_EDGE('',*,*,#2946,.T.);
#3931=ORIENTED_EDGE('',*,*,#2926,.T.);
#3932=ORIENTED_EDGE('',*,*,#2947,.T.);
#3933=ORIENTED_EDGE('',*,*,#2948,.T.);
#3934=ORIENTED_EDGE('',*,*,#2949,.T.);
#3935=ORIENTED_EDGE('',*,*,#2933,.T.);
#3936=ORIENTED_EDGE('',*,*,#2950,.T.);
#3937=ORIENTED_EDGE('',*,*,#2951,.F.);
#3938=ORIENTED_EDGE('',*,*,#2952,.T.);
#3939=ORIENTED_EDGE('',*,*,#2928,.T.);
#3940=ORIENTED_EDGE('',*,*,#2953,.T.);
#3941=ORIENTED_EDGE('',*,*,#2954,.T.);
#3942=ORIENTED_EDGE('',*,*,#2955,.T.);
#3943=ORIENTED_EDGE('',*,*,#2925,.T.);
#3944=ORIENTED_EDGE('',*,*,#2956,.T.);
#3945=ORIENTED_EDGE('',*,*,#2943,.F.);
#3946=ORIENTED_EDGE('',*,*,#2940,.F.);
#3947=ORIENTED_EDGE('',*,*,#2949,.F.);
#3948=ORIENTED_EDGE('',*,*,#2957,.F.);
#3949=ORIENTED_EDGE('',*,*,#2950,.F.);
#3950=ORIENTED_EDGE('',*,*,#2947,.F.);
#3951=ORIENTED_EDGE('',*,*,#2955,.F.);
#3952=ORIENTED_EDGE('',*,*,#2958,.F.);
#3953=ORIENTED_EDGE('',*,*,#2939,.F.);
#3954=ORIENTED_EDGE('',*,*,#2944,.F.);
#3955=ORIENTED_EDGE('',*,*,#2931,.F.);
#3956=ORIENTED_EDGE('',*,*,#2946,.F.);
#3957=ORIENTED_EDGE('',*,*,#2959,.F.);
#3958=ORIENTED_EDGE('',*,*,#2960,.F.);
#3959=ORIENTED_EDGE('',*,*,#2961,.F.);
#3960=ORIENTED_EDGE('',*,*,#2962,.F.);
#3961=ORIENTED_EDGE('',*,*,#2963,.F.);
#3962=ORIENTED_EDGE('',*,*,#2964,.F.);
#3963=ORIENTED_EDGE('',*,*,#2965,.F.);
#3964=ORIENTED_EDGE('',*,*,#2966,.F.);
#3965=ORIENTED_EDGE('',*,*,#2967,.F.);
#3966=ORIENTED_EDGE('',*,*,#2968,.F.);
#3967=ORIENTED_EDGE('',*,*,#2969,.F.);
#3968=ORIENTED_EDGE('',*,*,#2970,.F.);
#3969=ORIENTED_EDGE('',*,*,#2966,.T.);
#3970=ORIENTED_EDGE('',*,*,#2971,.T.);
#3971=ORIENTED_EDGE('',*,*,#2969,.T.);
#3972=ORIENTED_EDGE('',*,*,#2972,.T.);
#3973=ORIENTED_EDGE('',*,*,#2970,.T.);
#3974=ORIENTED_EDGE('',*,*,#2973,.T.);
#3975=ORIENTED_EDGE('',*,*,#2963,.T.);
#3976=ORIENTED_EDGE('',*,*,#2974,.T.);
#3977=ORIENTED_EDGE('',*,*,#2975,.T.);
#3978=ORIENTED_EDGE('',*,*,#2976,.T.);
#3979=ORIENTED_EDGE('',*,*,#2968,.T.);
#3980=ORIENTED_EDGE('',*,*,#2977,.T.);
#3981=ORIENTED_EDGE('',*,*,#2978,.F.);
#3982=ORIENTED_EDGE('',*,*,#2979,.T.);
#3983=ORIENTED_EDGE('',*,*,#2967,.T.);
#3984=ORIENTED_EDGE('',*,*,#2980,.T.);
#3985=ORIENTED_EDGE('',*,*,#2961,.T.);
#3986=ORIENTED_EDGE('',*,*,#2981,.T.);
#3987=ORIENTED_EDGE('',*,*,#2965,.T.);
#3988=ORIENTED_EDGE('',*,*,#2982,.T.);
#3989=ORIENTED_EDGE('',*,*,#2964,.T.);
#3990=ORIENTED_EDGE('',*,*,#2983,.T.);
#3991=ORIENTED_EDGE('',*,*,#2960,.T.);
#3992=ORIENTED_EDGE('',*,*,#2984,.T.);
#3993=ORIENTED_EDGE('',*,*,#2985,.T.);
#3994=ORIENTED_EDGE('',*,*,#2986,.T.);
#3995=ORIENTED_EDGE('',*,*,#2962,.T.);
#3996=ORIENTED_EDGE('',*,*,#2987,.T.);
#3997=ORIENTED_EDGE('',*,*,#2988,.T.);
#3998=ORIENTED_EDGE('',*,*,#2989,.T.);
#3999=ORIENTED_EDGE('',*,*,#2959,.T.);
#4000=ORIENTED_EDGE('',*,*,#2990,.T.);
#4001=ORIENTED_EDGE('',*,*,#2977,.F.);
#4002=ORIENTED_EDGE('',*,*,#2974,.F.);
#4003=ORIENTED_EDGE('',*,*,#2986,.F.);
#4004=ORIENTED_EDGE('',*,*,#2991,.F.);
#4005=ORIENTED_EDGE('',*,*,#2987,.F.);
#4006=ORIENTED_EDGE('',*,*,#2984,.F.);
#4007=ORIENTED_EDGE('',*,*,#2989,.F.);
#4008=ORIENTED_EDGE('',*,*,#2992,.F.);
#4009=ORIENTED_EDGE('',*,*,#2993,.F.);
#4010=ORIENTED_EDGE('',*,*,#2994,.F.);
#4011=ORIENTED_EDGE('',*,*,#2995,.F.);
#4012=ORIENTED_EDGE('',*,*,#2996,.F.);
#4013=ORIENTED_EDGE('',*,*,#2971,.F.);
#4014=ORIENTED_EDGE('',*,*,#2981,.F.);
#4015=ORIENTED_EDGE('',*,*,#2983,.F.);
#4016=ORIENTED_EDGE('',*,*,#2973,.F.);
#4017=ORIENTED_EDGE('',*,*,#2997,.T.);
#4018=ORIENTED_EDGE('',*,*,#2998,.T.);
#4019=ORIENTED_EDGE('',*,*,#2993,.T.);
#4020=ORIENTED_EDGE('',*,*,#2999,.T.);
#4021=ORIENTED_EDGE('',*,*,#2998,.F.);
#4022=ORIENTED_EDGE('',*,*,#3000,.T.);
#4023=ORIENTED_EDGE('',*,*,#3001,.F.);
#4024=ORIENTED_EDGE('',*,*,#2994,.T.);
#4025=ORIENTED_EDGE('',*,*,#3002,.T.);
#4026=ORIENTED_EDGE('',*,*,#3003,.T.);
#4027=ORIENTED_EDGE('',*,*,#3004,.T.);
#4028=ORIENTED_EDGE('',*,*,#3005,.T.);
#4029=ORIENTED_EDGE('',*,*,#3003,.F.);
#4030=ORIENTED_EDGE('',*,*,#3006,.T.);
#4031=ORIENTED_EDGE('',*,*,#3007,.T.);
#4032=ORIENTED_EDGE('',*,*,#3008,.T.);
#4033=ORIENTED_EDGE('',*,*,#3009,.F.);
#4034=ORIENTED_EDGE('',*,*,#3010,.T.);
#4035=ORIENTED_EDGE('',*,*,#3002,.F.);
#4036=ORIENTED_EDGE('',*,*,#3011,.F.);
#4037=ORIENTED_EDGE('',*,*,#3012,.F.);
#4038=ORIENTED_EDGE('',*,*,#3013,.F.);
#4039=ORIENTED_EDGE('',*,*,#3014,.F.);
#4040=ORIENTED_EDGE('',*,*,#3015,.T.);
#4041=ORIENTED_EDGE('',*,*,#3006,.F.);
#4042=ORIENTED_EDGE('',*,*,#3016,.T.);
#4043=ORIENTED_EDGE('',*,*,#3017,.T.);
#4044=ORIENTED_EDGE('',*,*,#3018,.T.);
#4045=ORIENTED_EDGE('',*,*,#3019,.T.);
#4046=ORIENTED_EDGE('',*,*,#3020,.T.);
#4047=ORIENTED_EDGE('',*,*,#3021,.T.);
#4048=ORIENTED_EDGE('',*,*,#3018,.F.);
#4049=ORIENTED_EDGE('',*,*,#3022,.T.);
#4050=ORIENTED_EDGE('',*,*,#3023,.T.);
#4051=ORIENTED_EDGE('',*,*,#3024,.T.);
#4052=ORIENTED_EDGE('',*,*,#3020,.F.);
#4053=ORIENTED_EDGE('',*,*,#3025,.T.);
#4054=ORIENTED_EDGE('',*,*,#3026,.T.);
#4055=ORIENTED_EDGE('',*,*,#3027,.T.);
#4056=ORIENTED_EDGE('',*,*,#3023,.F.);
#4057=ORIENTED_EDGE('',*,*,#3028,.T.);
#4058=ORIENTED_EDGE('',*,*,#3029,.T.);
#4059=ORIENTED_EDGE('',*,*,#3030,.T.);
#4060=ORIENTED_EDGE('',*,*,#3026,.F.);
#4061=ORIENTED_EDGE('',*,*,#3031,.T.);
#4062=ORIENTED_EDGE('',*,*,#3032,.T.);
#4063=ORIENTED_EDGE('',*,*,#3033,.T.);
#4064=ORIENTED_EDGE('',*,*,#3029,.F.);
#4065=ORIENTED_EDGE('',*,*,#3034,.T.);
#4066=ORIENTED_EDGE('',*,*,#3035,.T.);
#4067=ORIENTED_EDGE('',*,*,#3036,.T.);
#4068=ORIENTED_EDGE('',*,*,#3032,.F.);
#4069=ORIENTED_EDGE('',*,*,#3037,.T.);
#4070=ORIENTED_EDGE('',*,*,#3038,.T.);
#4071=ORIENTED_EDGE('',*,*,#3039,.T.);
#4072=ORIENTED_EDGE('',*,*,#3035,.F.);
#4073=ORIENTED_EDGE('',*,*,#3040,.T.);
#4074=ORIENTED_EDGE('',*,*,#3041,.T.);
#4075=ORIENTED_EDGE('',*,*,#3038,.F.);
#4076=ORIENTED_EDGE('',*,*,#3042,.T.);
#4077=ORIENTED_EDGE('',*,*,#3043,.T.);
#4078=ORIENTED_EDGE('',*,*,#3044,.T.);
#4079=ORIENTED_EDGE('',*,*,#3045,.T.);
#4080=ORIENTED_EDGE('',*,*,#3046,.T.);
#4081=ORIENTED_EDGE('',*,*,#3043,.F.);
#4082=ORIENTED_EDGE('',*,*,#3019,.F.);
#4083=ORIENTED_EDGE('',*,*,#3047,.F.);
#4084=ORIENTED_EDGE('',*,*,#3048,.T.);
#4085=ORIENTED_EDGE('',*,*,#3049,.T.);
#4086=ORIENTED_EDGE('',*,*,#3050,.F.);
#4087=ORIENTED_EDGE('',*,*,#3008,.F.);
#4088=ORIENTED_EDGE('',*,*,#3051,.T.);
#4089=ORIENTED_EDGE('',*,*,#3052,.F.);
#4090=ORIENTED_EDGE('',*,*,#3053,.F.);
#4091=ORIENTED_EDGE('',*,*,#3054,.F.);
#4092=ORIENTED_EDGE('',*,*,#3021,.F.);
#4093=ORIENTED_EDGE('',*,*,#3055,.T.);
#4094=ORIENTED_EDGE('',*,*,#3056,.F.);
#4095=ORIENTED_EDGE('',*,*,#3057,.F.);
#4096=ORIENTED_EDGE('',*,*,#3047,.T.);
#4097=ORIENTED_EDGE('',*,*,#3024,.F.);
#4098=ORIENTED_EDGE('',*,*,#3058,.T.);
#4099=ORIENTED_EDGE('',*,*,#3059,.F.);
#4100=ORIENTED_EDGE('',*,*,#3055,.F.);
#4101=ORIENTED_EDGE('',*,*,#3027,.F.);
#4102=ORIENTED_EDGE('',*,*,#3060,.T.);
#4103=ORIENTED_EDGE('',*,*,#3061,.F.);
#4104=ORIENTED_EDGE('',*,*,#3058,.F.);
#4105=ORIENTED_EDGE('',*,*,#3030,.F.);
#4106=ORIENTED_EDGE('',*,*,#3062,.T.);
#4107=ORIENTED_EDGE('',*,*,#3063,.F.);
#4108=ORIENTED_EDGE('',*,*,#3060,.F.);
#4109=ORIENTED_EDGE('',*,*,#3033,.F.);
#4110=ORIENTED_EDGE('',*,*,#3064,.T.);
#4111=ORIENTED_EDGE('',*,*,#3065,.F.);
#4112=ORIENTED_EDGE('',*,*,#3062,.F.);
#4113=ORIENTED_EDGE('',*,*,#3036,.F.);
#4114=ORIENTED_EDGE('',*,*,#3066,.T.);
#4115=ORIENTED_EDGE('',*,*,#3067,.F.);
#4116=ORIENTED_EDGE('',*,*,#3064,.F.);
#4117=ORIENTED_EDGE('',*,*,#3039,.F.);
#4118=ORIENTED_EDGE('',*,*,#3068,.F.);
#4119=ORIENTED_EDGE('',*,*,#3069,.F.);
#4120=ORIENTED_EDGE('',*,*,#3070,.F.);
#4121=ORIENTED_EDGE('',*,*,#3066,.F.);
#4122=ORIENTED_EDGE('',*,*,#3041,.F.);
#4123=ORIENTED_EDGE('',*,*,#3071,.F.);
#4124=ORIENTED_EDGE('',*,*,#3072,.F.);
#4125=ORIENTED_EDGE('',*,*,#3073,.T.);
#4126=ORIENTED_EDGE('',*,*,#3074,.T.);
#4127=ORIENTED_EDGE('',*,*,#3068,.T.);
#4128=ORIENTED_EDGE('',*,*,#3046,.F.);
#4129=ORIENTED_EDGE('',*,*,#3075,.T.);
#4130=ORIENTED_EDGE('',*,*,#3076,.F.);
#4131=ORIENTED_EDGE('',*,*,#3071,.T.);
#4132=ORIENTED_EDGE('',*,*,#3077,.F.);
#4133=ORIENTED_EDGE('',*,*,#3078,.F.);
#4134=ORIENTED_EDGE('',*,*,#3079,.F.);
#4135=ORIENTED_EDGE('',*,*,#3080,.F.);
#4136=ORIENTED_EDGE('',*,*,#3081,.F.);
#4137=ORIENTED_EDGE('',*,*,#3082,.F.);
#4138=ORIENTED_EDGE('',*,*,#3079,.T.);
#4139=ORIENTED_EDGE('',*,*,#3083,.T.);
#4140=ORIENTED_EDGE('',*,*,#3081,.T.);
#4141=ORIENTED_EDGE('',*,*,#3084,.T.);
#4142=ORIENTED_EDGE('',*,*,#3085,.F.);
#4143=ORIENTED_EDGE('',*,*,#3086,.F.);
#4144=ORIENTED_EDGE('',*,*,#3087,.F.);
#4145=ORIENTED_EDGE('',*,*,#3088,.F.);
#4146=ORIENTED_EDGE('',*,*,#3089,.F.);
#4147=ORIENTED_EDGE('',*,*,#3090,.F.);
#4148=ORIENTED_EDGE('',*,*,#3089,.T.);
#4149=ORIENTED_EDGE('',*,*,#3091,.T.);
#4150=ORIENTED_EDGE('',*,*,#3086,.T.);
#4151=ORIENTED_EDGE('',*,*,#3092,.T.);
#4152=ORIENTED_EDGE('',*,*,#3093,.T.);
#4153=ORIENTED_EDGE('',*,*,#2995,.T.);
#4154=ORIENTED_EDGE('',*,*,#3001,.T.);
#4155=ORIENTED_EDGE('',*,*,#3094,.T.);
#4156=ORIENTED_EDGE('',*,*,#3095,.T.);
#4157=ORIENTED_EDGE('',*,*,#3096,.T.);
#4158=ORIENTED_EDGE('',*,*,#3095,.F.);
#4159=ORIENTED_EDGE('',*,*,#3097,.T.);
#4160=ORIENTED_EDGE('',*,*,#3098,.T.);
#4161=ORIENTED_EDGE('',*,*,#3099,.T.);
#4162=ORIENTED_EDGE('',*,*,#3100,.T.);
#4163=ORIENTED_EDGE('',*,*,#3090,.T.);
#4164=ORIENTED_EDGE('',*,*,#3101,.T.);
#4165=ORIENTED_EDGE('',*,*,#3098,.F.);
#4166=ORIENTED_EDGE('',*,*,#3082,.T.);
#4167=ORIENTED_EDGE('',*,*,#3102,.T.);
#4168=ORIENTED_EDGE('',*,*,#3088,.T.);
#4169=ORIENTED_EDGE('',*,*,#3103,.T.);
#4170=ORIENTED_EDGE('',*,*,#3087,.T.);
#4171=ORIENTED_EDGE('',*,*,#3104,.T.);
#4172=ORIENTED_EDGE('',*,*,#3078,.T.);
#4173=ORIENTED_EDGE('',*,*,#3105,.T.);
#4174=ORIENTED_EDGE('',*,*,#3106,.T.);
#4175=ORIENTED_EDGE('',*,*,#3107,.T.);
#4176=ORIENTED_EDGE('',*,*,#3085,.T.);
#4177=ORIENTED_EDGE('',*,*,#3108,.T.);
#4178=ORIENTED_EDGE('',*,*,#3109,.F.);
#4179=ORIENTED_EDGE('',*,*,#3110,.T.);
#4180=ORIENTED_EDGE('',*,*,#3080,.T.);
#4181=ORIENTED_EDGE('',*,*,#3111,.T.);
#4182=ORIENTED_EDGE('',*,*,#3112,.T.);
#4183=ORIENTED_EDGE('',*,*,#3113,.T.);
#4184=ORIENTED_EDGE('',*,*,#3077,.T.);
#4185=ORIENTED_EDGE('',*,*,#3114,.T.);
#4186=ORIENTED_EDGE('',*,*,#3099,.F.);
#4187=ORIENTED_EDGE('',*,*,#3101,.F.);
#4188=ORIENTED_EDGE('',*,*,#3092,.F.);
#4189=ORIENTED_EDGE('',*,*,#3107,.F.);
#4190=ORIENTED_EDGE('',*,*,#3115,.F.);
#4191=ORIENTED_EDGE('',*,*,#3116,.T.);
#4192=ORIENTED_EDGE('',*,*,#3117,.T.);
#4193=ORIENTED_EDGE('',*,*,#3118,.T.);
#4194=ORIENTED_EDGE('',*,*,#3119,.T.);
#4195=ORIENTED_EDGE('',*,*,#3120,.T.);
#4196=ORIENTED_EDGE('',*,*,#3121,.T.);
#4197=ORIENTED_EDGE('',*,*,#3122,.T.);
#4198=ORIENTED_EDGE('',*,*,#3123,.T.);
#4199=ORIENTED_EDGE('',*,*,#2975,.F.);
#4200=ORIENTED_EDGE('',*,*,#2991,.T.);
#4201=ORIENTED_EDGE('',*,*,#2985,.F.);
#4202=ORIENTED_EDGE('',*,*,#2996,.T.);
#4203=ORIENTED_EDGE('',*,*,#3093,.F.);
#4204=ORIENTED_EDGE('',*,*,#3096,.F.);
#4205=ORIENTED_EDGE('',*,*,#3115,.T.);
#4206=ORIENTED_EDGE('',*,*,#3106,.F.);
#4207=ORIENTED_EDGE('',*,*,#3124,.T.);
#4208=ORIENTED_EDGE('',*,*,#3009,.T.);
#4209=ORIENTED_EDGE('',*,*,#3050,.T.);
#4210=ORIENTED_EDGE('',*,*,#3125,.T.);
#4211=ORIENTED_EDGE('',*,*,#3126,.T.);
#4212=ORIENTED_EDGE('',*,*,#3127,.T.);
#4213=ORIENTED_EDGE('',*,*,#3128,.T.);
#4214=ORIENTED_EDGE('',*,*,#3129,.T.);
#4215=ORIENTED_EDGE('',*,*,#3072,.T.);
#4216=ORIENTED_EDGE('',*,*,#3076,.T.);
#4217=ORIENTED_EDGE('',*,*,#3130,.T.);
#4218=ORIENTED_EDGE('',*,*,#3108,.F.);
#4219=ORIENTED_EDGE('',*,*,#3105,.F.);
#4220=ORIENTED_EDGE('',*,*,#3113,.F.);
#4221=ORIENTED_EDGE('',*,*,#3131,.F.);
#4222=ORIENTED_EDGE('',*,*,#3004,.F.);
#4223=ORIENTED_EDGE('',*,*,#3010,.F.);
#4224=ORIENTED_EDGE('',*,*,#3124,.F.);
#4225=ORIENTED_EDGE('',*,*,#3091,.F.);
#4226=ORIENTED_EDGE('',*,*,#3102,.F.);
#4227=ORIENTED_EDGE('',*,*,#3083,.F.);
#4228=ORIENTED_EDGE('',*,*,#3104,.F.);
#4229=ORIENTED_EDGE('',*,*,#3132,.F.);
#4230=ORIENTED_EDGE('',*,*,#3133,.T.);
#4231=ORIENTED_EDGE('',*,*,#3134,.T.);
#4232=ORIENTED_EDGE('',*,*,#3135,.F.);
#4233=ORIENTED_EDGE('',*,*,#3136,.F.);
#4234=ORIENTED_EDGE('',*,*,#3137,.T.);
#4235=ORIENTED_EDGE('',*,*,#3138,.T.);
#4236=ORIENTED_EDGE('',*,*,#3133,.F.);
#4237=ORIENTED_EDGE('',*,*,#3139,.F.);
#4238=ORIENTED_EDGE('',*,*,#3140,.T.);
#4239=ORIENTED_EDGE('',*,*,#3141,.T.);
#4240=ORIENTED_EDGE('',*,*,#3137,.F.);
#4241=ORIENTED_EDGE('',*,*,#3142,.F.);
#4242=ORIENTED_EDGE('',*,*,#3143,.T.);
#4243=ORIENTED_EDGE('',*,*,#3144,.T.);
#4244=ORIENTED_EDGE('',*,*,#3140,.F.);
#4245=ORIENTED_EDGE('',*,*,#3145,.F.);
#4246=ORIENTED_EDGE('',*,*,#3146,.T.);
#4247=ORIENTED_EDGE('',*,*,#3147,.T.);
#4248=ORIENTED_EDGE('',*,*,#3143,.F.);
#4249=ORIENTED_EDGE('',*,*,#3148,.F.);
#4250=ORIENTED_EDGE('',*,*,#3149,.T.);
#4251=ORIENTED_EDGE('',*,*,#3150,.T.);
#4252=ORIENTED_EDGE('',*,*,#3146,.F.);
#4253=ORIENTED_EDGE('',*,*,#3151,.F.);
#4254=ORIENTED_EDGE('',*,*,#3152,.T.);
#4255=ORIENTED_EDGE('',*,*,#3153,.T.);
#4256=ORIENTED_EDGE('',*,*,#3149,.F.);
#4257=ORIENTED_EDGE('',*,*,#3154,.F.);
#4258=ORIENTED_EDGE('',*,*,#3155,.T.);
#4259=ORIENTED_EDGE('',*,*,#3156,.T.);
#4260=ORIENTED_EDGE('',*,*,#3152,.F.);
#4261=ORIENTED_EDGE('',*,*,#3157,.F.);
#4262=ORIENTED_EDGE('',*,*,#3158,.T.);
#4263=ORIENTED_EDGE('',*,*,#3159,.T.);
#4264=ORIENTED_EDGE('',*,*,#3155,.F.);
#4265=ORIENTED_EDGE('',*,*,#3160,.F.);
#4266=ORIENTED_EDGE('',*,*,#3161,.T.);
#4267=ORIENTED_EDGE('',*,*,#3162,.T.);
#4268=ORIENTED_EDGE('',*,*,#3158,.F.);
#4269=ORIENTED_EDGE('',*,*,#3163,.F.);
#4270=ORIENTED_EDGE('',*,*,#3164,.T.);
#4271=ORIENTED_EDGE('',*,*,#3165,.T.);
#4272=ORIENTED_EDGE('',*,*,#3161,.F.);
#4273=ORIENTED_EDGE('',*,*,#3166,.F.);
#4274=ORIENTED_EDGE('',*,*,#3167,.T.);
#4275=ORIENTED_EDGE('',*,*,#3168,.T.);
#4276=ORIENTED_EDGE('',*,*,#3164,.F.);
#4277=ORIENTED_EDGE('',*,*,#3169,.F.);
#4278=ORIENTED_EDGE('',*,*,#3170,.T.);
#4279=ORIENTED_EDGE('',*,*,#3171,.T.);
#4280=ORIENTED_EDGE('',*,*,#3167,.F.);
#4281=ORIENTED_EDGE('',*,*,#3172,.F.);
#4282=ORIENTED_EDGE('',*,*,#3173,.T.);
#4283=ORIENTED_EDGE('',*,*,#3174,.T.);
#4284=ORIENTED_EDGE('',*,*,#3170,.F.);
#4285=ORIENTED_EDGE('',*,*,#3175,.F.);
#4286=ORIENTED_EDGE('',*,*,#3176,.T.);
#4287=ORIENTED_EDGE('',*,*,#3177,.T.);
#4288=ORIENTED_EDGE('',*,*,#3173,.F.);
#4289=ORIENTED_EDGE('',*,*,#3178,.F.);
#4290=ORIENTED_EDGE('',*,*,#3179,.T.);
#4291=ORIENTED_EDGE('',*,*,#3180,.T.);
#4292=ORIENTED_EDGE('',*,*,#3176,.F.);
#4293=ORIENTED_EDGE('',*,*,#3181,.F.);
#4294=ORIENTED_EDGE('',*,*,#3182,.T.);
#4295=ORIENTED_EDGE('',*,*,#3183,.T.);
#4296=ORIENTED_EDGE('',*,*,#3179,.F.);
#4297=ORIENTED_EDGE('',*,*,#3184,.F.);
#4298=ORIENTED_EDGE('',*,*,#3185,.T.);
#4299=ORIENTED_EDGE('',*,*,#3186,.T.);
#4300=ORIENTED_EDGE('',*,*,#3182,.F.);
#4301=ORIENTED_EDGE('',*,*,#3187,.F.);
#4302=ORIENTED_EDGE('',*,*,#3135,.T.);
#4303=ORIENTED_EDGE('',*,*,#3188,.T.);
#4304=ORIENTED_EDGE('',*,*,#3185,.F.);
#4305=ORIENTED_EDGE('',*,*,#3188,.F.);
#4306=ORIENTED_EDGE('',*,*,#3134,.F.);
#4307=ORIENTED_EDGE('',*,*,#3138,.F.);
#4308=ORIENTED_EDGE('',*,*,#3141,.F.);
#4309=ORIENTED_EDGE('',*,*,#3144,.F.);
#4310=ORIENTED_EDGE('',*,*,#3147,.F.);
#4311=ORIENTED_EDGE('',*,*,#3150,.F.);
#4312=ORIENTED_EDGE('',*,*,#3153,.F.);
#4313=ORIENTED_EDGE('',*,*,#3156,.F.);
#4314=ORIENTED_EDGE('',*,*,#3159,.F.);
#4315=ORIENTED_EDGE('',*,*,#3162,.F.);
#4316=ORIENTED_EDGE('',*,*,#3165,.F.);
#4317=ORIENTED_EDGE('',*,*,#3168,.F.);
#4318=ORIENTED_EDGE('',*,*,#3171,.F.);
#4319=ORIENTED_EDGE('',*,*,#3174,.F.);
#4320=ORIENTED_EDGE('',*,*,#3177,.F.);
#4321=ORIENTED_EDGE('',*,*,#3180,.F.);
#4322=ORIENTED_EDGE('',*,*,#3183,.F.);
#4323=ORIENTED_EDGE('',*,*,#3186,.F.);
#4324=ORIENTED_EDGE('',*,*,#3189,.F.);
#4325=ORIENTED_EDGE('',*,*,#3190,.T.);
#4326=ORIENTED_EDGE('',*,*,#3191,.T.);
#4327=ORIENTED_EDGE('',*,*,#3192,.F.);
#4328=ORIENTED_EDGE('',*,*,#3193,.F.);
#4329=ORIENTED_EDGE('',*,*,#3194,.T.);
#4330=ORIENTED_EDGE('',*,*,#3195,.T.);
#4331=ORIENTED_EDGE('',*,*,#3190,.F.);
#4332=ORIENTED_EDGE('',*,*,#3196,.F.);
#4333=ORIENTED_EDGE('',*,*,#3197,.T.);
#4334=ORIENTED_EDGE('',*,*,#3198,.T.);
#4335=ORIENTED_EDGE('',*,*,#3194,.F.);
#4336=ORIENTED_EDGE('',*,*,#3199,.F.);
#4337=ORIENTED_EDGE('',*,*,#3200,.T.);
#4338=ORIENTED_EDGE('',*,*,#3201,.T.);
#4339=ORIENTED_EDGE('',*,*,#3197,.F.);
#4340=ORIENTED_EDGE('',*,*,#3202,.F.);
#4341=ORIENTED_EDGE('',*,*,#3203,.T.);
#4342=ORIENTED_EDGE('',*,*,#3204,.T.);
#4343=ORIENTED_EDGE('',*,*,#3200,.F.);
#4344=ORIENTED_EDGE('',*,*,#3205,.F.);
#4345=ORIENTED_EDGE('',*,*,#3206,.T.);
#4346=ORIENTED_EDGE('',*,*,#3207,.T.);
#4347=ORIENTED_EDGE('',*,*,#3203,.F.);
#4348=ORIENTED_EDGE('',*,*,#3208,.F.);
#4349=ORIENTED_EDGE('',*,*,#3192,.T.);
#4350=ORIENTED_EDGE('',*,*,#3209,.T.);
#4351=ORIENTED_EDGE('',*,*,#3206,.F.);
#4352=ORIENTED_EDGE('',*,*,#3210,.F.);
#4353=ORIENTED_EDGE('',*,*,#3211,.T.);
#4354=ORIENTED_EDGE('',*,*,#3212,.T.);
#4355=ORIENTED_EDGE('',*,*,#3213,.F.);
#4356=ORIENTED_EDGE('',*,*,#3214,.F.);
#4357=ORIENTED_EDGE('',*,*,#3215,.T.);
#4358=ORIENTED_EDGE('',*,*,#3216,.T.);
#4359=ORIENTED_EDGE('',*,*,#3211,.F.);
#4360=ORIENTED_EDGE('',*,*,#3217,.F.);
#4361=ORIENTED_EDGE('',*,*,#3218,.T.);
#4362=ORIENTED_EDGE('',*,*,#3219,.T.);
#4363=ORIENTED_EDGE('',*,*,#3215,.F.);
#4364=ORIENTED_EDGE('',*,*,#3220,.F.);
#4365=ORIENTED_EDGE('',*,*,#3221,.T.);
#4366=ORIENTED_EDGE('',*,*,#3222,.T.);
#4367=ORIENTED_EDGE('',*,*,#3218,.F.);
#4368=ORIENTED_EDGE('',*,*,#3223,.F.);
#4369=ORIENTED_EDGE('',*,*,#3224,.T.);
#4370=ORIENTED_EDGE('',*,*,#3225,.T.);
#4371=ORIENTED_EDGE('',*,*,#3221,.F.);
#4372=ORIENTED_EDGE('',*,*,#3226,.F.);
#4373=ORIENTED_EDGE('',*,*,#3227,.T.);
#4374=ORIENTED_EDGE('',*,*,#3228,.T.);
#4375=ORIENTED_EDGE('',*,*,#3224,.F.);
#4376=ORIENTED_EDGE('',*,*,#3229,.F.);
#4377=ORIENTED_EDGE('',*,*,#3230,.T.);
#4378=ORIENTED_EDGE('',*,*,#3231,.T.);
#4379=ORIENTED_EDGE('',*,*,#3227,.F.);
#4380=ORIENTED_EDGE('',*,*,#3232,.F.);
#4381=ORIENTED_EDGE('',*,*,#3233,.T.);
#4382=ORIENTED_EDGE('',*,*,#3234,.T.);
#4383=ORIENTED_EDGE('',*,*,#3230,.F.);
#4384=ORIENTED_EDGE('',*,*,#3235,.F.);
#4385=ORIENTED_EDGE('',*,*,#3213,.T.);
#4386=ORIENTED_EDGE('',*,*,#3236,.T.);
#4387=ORIENTED_EDGE('',*,*,#3233,.F.);
#4388=ORIENTED_EDGE('',*,*,#3236,.F.);
#4389=ORIENTED_EDGE('',*,*,#3212,.F.);
#4390=ORIENTED_EDGE('',*,*,#3216,.F.);
#4391=ORIENTED_EDGE('',*,*,#3219,.F.);
#4392=ORIENTED_EDGE('',*,*,#3222,.F.);
#4393=ORIENTED_EDGE('',*,*,#3225,.F.);
#4394=ORIENTED_EDGE('',*,*,#3228,.F.);
#4395=ORIENTED_EDGE('',*,*,#3231,.F.);
#4396=ORIENTED_EDGE('',*,*,#3234,.F.);
#4397=ORIENTED_EDGE('',*,*,#3209,.F.);
#4398=ORIENTED_EDGE('',*,*,#3191,.F.);
#4399=ORIENTED_EDGE('',*,*,#3195,.F.);
#4400=ORIENTED_EDGE('',*,*,#3198,.F.);
#4401=ORIENTED_EDGE('',*,*,#3201,.F.);
#4402=ORIENTED_EDGE('',*,*,#3204,.F.);
#4403=ORIENTED_EDGE('',*,*,#3207,.F.);
#4404=ORIENTED_EDGE('',*,*,#3237,.F.);
#4405=ORIENTED_EDGE('',*,*,#3238,.T.);
#4406=ORIENTED_EDGE('',*,*,#3239,.T.);
#4407=ORIENTED_EDGE('',*,*,#3240,.F.);
#4408=ORIENTED_EDGE('',*,*,#3241,.F.);
#4409=ORIENTED_EDGE('',*,*,#3242,.T.);
#4410=ORIENTED_EDGE('',*,*,#3243,.T.);
#4411=ORIENTED_EDGE('',*,*,#3238,.F.);
#4412=ORIENTED_EDGE('',*,*,#3244,.F.);
#4413=ORIENTED_EDGE('',*,*,#3245,.T.);
#4414=ORIENTED_EDGE('',*,*,#3246,.T.);
#4415=ORIENTED_EDGE('',*,*,#3242,.F.);
#4416=ORIENTED_EDGE('',*,*,#3247,.F.);
#4417=ORIENTED_EDGE('',*,*,#3248,.T.);
#4418=ORIENTED_EDGE('',*,*,#3249,.T.);
#4419=ORIENTED_EDGE('',*,*,#3245,.F.);
#4420=ORIENTED_EDGE('',*,*,#3250,.F.);
#4421=ORIENTED_EDGE('',*,*,#3251,.T.);
#4422=ORIENTED_EDGE('',*,*,#3252,.T.);
#4423=ORIENTED_EDGE('',*,*,#3248,.F.);
#4424=ORIENTED_EDGE('',*,*,#3253,.F.);
#4425=ORIENTED_EDGE('',*,*,#3254,.T.);
#4426=ORIENTED_EDGE('',*,*,#3255,.T.);
#4427=ORIENTED_EDGE('',*,*,#3251,.F.);
#4428=ORIENTED_EDGE('',*,*,#3256,.F.);
#4429=ORIENTED_EDGE('',*,*,#3240,.T.);
#4430=ORIENTED_EDGE('',*,*,#3257,.T.);
#4431=ORIENTED_EDGE('',*,*,#3254,.F.);
#4432=ORIENTED_EDGE('',*,*,#3257,.F.);
#4433=ORIENTED_EDGE('',*,*,#3239,.F.);
#4434=ORIENTED_EDGE('',*,*,#3243,.F.);
#4435=ORIENTED_EDGE('',*,*,#3246,.F.);
#4436=ORIENTED_EDGE('',*,*,#3249,.F.);
#4437=ORIENTED_EDGE('',*,*,#3252,.F.);
#4438=ORIENTED_EDGE('',*,*,#3255,.F.);
#4439=ORIENTED_EDGE('',*,*,#3017,.F.);
#4440=ORIENTED_EDGE('',*,*,#3258,.T.);
#4441=ORIENTED_EDGE('',*,*,#3259,.T.);
#4442=ORIENTED_EDGE('',*,*,#2951,.T.);
#4443=ORIENTED_EDGE('',*,*,#3260,.T.);
#4444=ORIENTED_EDGE('',*,*,#2941,.F.);
#4445=ORIENTED_EDGE('',*,*,#2957,.T.);
#4446=ORIENTED_EDGE('',*,*,#2948,.F.);
#4447=ORIENTED_EDGE('',*,*,#2958,.T.);
#4448=ORIENTED_EDGE('',*,*,#2954,.F.);
#4449=ORIENTED_EDGE('',*,*,#3261,.T.);
#4450=ORIENTED_EDGE('',*,*,#3262,.T.);
#4451=ORIENTED_EDGE('',*,*,#3263,.T.);
#4452=ORIENTED_EDGE('',*,*,#2917,.T.);
#4453=ORIENTED_EDGE('',*,*,#3264,.T.);
#4454=ORIENTED_EDGE('',*,*,#2907,.F.);
#4455=ORIENTED_EDGE('',*,*,#2923,.T.);
#4456=ORIENTED_EDGE('',*,*,#2914,.F.);
#4457=ORIENTED_EDGE('',*,*,#2924,.T.);
#4458=ORIENTED_EDGE('',*,*,#2920,.F.);
#4459=ORIENTED_EDGE('',*,*,#3265,.T.);
#4460=ORIENTED_EDGE('',*,*,#3266,.T.);
#4461=ORIENTED_EDGE('',*,*,#3267,.T.);
#4462=ORIENTED_EDGE('',*,*,#2978,.T.);
#4463=ORIENTED_EDGE('',*,*,#3268,.T.);
#4464=ORIENTED_EDGE('',*,*,#3044,.F.);
#4465=ORIENTED_EDGE('',*,*,#3042,.F.);
#4466=ORIENTED_EDGE('',*,*,#3040,.F.);
#4467=ORIENTED_EDGE('',*,*,#3037,.F.);
#4468=ORIENTED_EDGE('',*,*,#3034,.F.);
#4469=ORIENTED_EDGE('',*,*,#3031,.F.);
#4470=ORIENTED_EDGE('',*,*,#3028,.F.);
#4471=ORIENTED_EDGE('',*,*,#3025,.F.);
#4472=ORIENTED_EDGE('',*,*,#3022,.F.);
#4473=ORIENTED_EDGE('',*,*,#3237,.T.);
#4474=ORIENTED_EDGE('',*,*,#3256,.T.);
#4475=ORIENTED_EDGE('',*,*,#3253,.T.);
#4476=ORIENTED_EDGE('',*,*,#3250,.T.);
#4477=ORIENTED_EDGE('',*,*,#3247,.T.);
#4478=ORIENTED_EDGE('',*,*,#3244,.T.);
#4479=ORIENTED_EDGE('',*,*,#3241,.T.);
#4480=ORIENTED_EDGE('',*,*,#3210,.T.);
#4481=ORIENTED_EDGE('',*,*,#3235,.T.);
#4482=ORIENTED_EDGE('',*,*,#3232,.T.);
#4483=ORIENTED_EDGE('',*,*,#3229,.T.);
#4484=ORIENTED_EDGE('',*,*,#3226,.T.);
#4485=ORIENTED_EDGE('',*,*,#3223,.T.);
#4486=ORIENTED_EDGE('',*,*,#3220,.T.);
#4487=ORIENTED_EDGE('',*,*,#3217,.T.);
#4488=ORIENTED_EDGE('',*,*,#3214,.T.);
#4489=ORIENTED_EDGE('',*,*,#3132,.T.);
#4490=ORIENTED_EDGE('',*,*,#3187,.T.);
#4491=ORIENTED_EDGE('',*,*,#3184,.T.);
#4492=ORIENTED_EDGE('',*,*,#3181,.T.);
#4493=ORIENTED_EDGE('',*,*,#3178,.T.);
#4494=ORIENTED_EDGE('',*,*,#3175,.T.);
#4495=ORIENTED_EDGE('',*,*,#3172,.T.);
#4496=ORIENTED_EDGE('',*,*,#3169,.T.);
#4497=ORIENTED_EDGE('',*,*,#3166,.T.);
#4498=ORIENTED_EDGE('',*,*,#3163,.T.);
#4499=ORIENTED_EDGE('',*,*,#3160,.T.);
#4500=ORIENTED_EDGE('',*,*,#3157,.T.);
#4501=ORIENTED_EDGE('',*,*,#3154,.T.);
#4502=ORIENTED_EDGE('',*,*,#3151,.T.);
#4503=ORIENTED_EDGE('',*,*,#3148,.T.);
#4504=ORIENTED_EDGE('',*,*,#3145,.T.);
#4505=ORIENTED_EDGE('',*,*,#3142,.T.);
#4506=ORIENTED_EDGE('',*,*,#3139,.T.);
#4507=ORIENTED_EDGE('',*,*,#3136,.T.);
#4508=ORIENTED_EDGE('',*,*,#3015,.F.);
#4509=ORIENTED_EDGE('',*,*,#3269,.F.);
#4510=ORIENTED_EDGE('',*,*,#3051,.F.);
#4511=ORIENTED_EDGE('',*,*,#3007,.F.);
#4512=ORIENTED_EDGE('',*,*,#3056,.T.);
#4513=ORIENTED_EDGE('',*,*,#3059,.T.);
#4514=ORIENTED_EDGE('',*,*,#3061,.T.);
#4515=ORIENTED_EDGE('',*,*,#3063,.T.);
#4516=ORIENTED_EDGE('',*,*,#3065,.T.);
#4517=ORIENTED_EDGE('',*,*,#3067,.T.);
#4518=ORIENTED_EDGE('',*,*,#3070,.T.);
#4519=ORIENTED_EDGE('',*,*,#3270,.F.);
#4520=ORIENTED_EDGE('',*,*,#3271,.F.);
#4521=ORIENTED_EDGE('',*,*,#3272,.T.);
#4522=ORIENTED_EDGE('',*,*,#3013,.T.);
#4523=ORIENTED_EDGE('',*,*,#3273,.F.);
#4524=ORIENTED_EDGE('',*,*,#3274,.F.);
#4525=ORIENTED_EDGE('',*,*,#3275,.F.);
#4526=ORIENTED_EDGE('',*,*,#3276,.F.);
#4527=ORIENTED_EDGE('',*,*,#3277,.F.);
#4528=ORIENTED_EDGE('',*,*,#3278,.F.);
#4529=ORIENTED_EDGE('',*,*,#3279,.F.);
#4530=ORIENTED_EDGE('',*,*,#3280,.F.);
#4531=ORIENTED_EDGE('',*,*,#3281,.F.);
#4532=ORIENTED_EDGE('',*,*,#3053,.T.);
#4533=ORIENTED_EDGE('',*,*,#3282,.F.);
#4534=ORIENTED_EDGE('',*,*,#3283,.F.);
#4535=ORIENTED_EDGE('',*,*,#3284,.F.);
#4536=ORIENTED_EDGE('',*,*,#3285,.F.);
#4537=ORIENTED_EDGE('',*,*,#3286,.F.);
#4538=ORIENTED_EDGE('',*,*,#3287,.F.);
#4539=ORIENTED_EDGE('',*,*,#3288,.F.);
#4540=ORIENTED_EDGE('',*,*,#3289,.F.);
#4541=ORIENTED_EDGE('',*,*,#3290,.F.);
#4542=ORIENTED_EDGE('',*,*,#3016,.F.);
#4543=ORIENTED_EDGE('',*,*,#3054,.T.);
#4544=ORIENTED_EDGE('',*,*,#3281,.T.);
#4545=ORIENTED_EDGE('',*,*,#3291,.T.);
#4546=ORIENTED_EDGE('',*,*,#3258,.F.);
#4547=ORIENTED_EDGE('',*,*,#3012,.T.);
#4548=ORIENTED_EDGE('',*,*,#3292,.F.);
#4549=ORIENTED_EDGE('',*,*,#3293,.F.);
#4550=ORIENTED_EDGE('',*,*,#3273,.T.);
#4551=ORIENTED_EDGE('',*,*,#3005,.F.);
#4552=ORIENTED_EDGE('',*,*,#3131,.T.);
#4553=ORIENTED_EDGE('',*,*,#3112,.F.);
#4554=ORIENTED_EDGE('',*,*,#3294,.T.);
#4555=ORIENTED_EDGE('',*,*,#3292,.T.);
#4556=ORIENTED_EDGE('',*,*,#3011,.T.);
#4557=ORIENTED_EDGE('',*,*,#3295,.T.);
#4558=ORIENTED_EDGE('',*,*,#3296,.T.);
#4559=ORIENTED_EDGE('',*,*,#3297,.T.);
#4560=ORIENTED_EDGE('',*,*,#3298,.T.);
#4561=ORIENTED_EDGE('',*,*,#3299,.T.);
#4562=ORIENTED_EDGE('',*,*,#3300,.T.);
#4563=ORIENTED_EDGE('',*,*,#3301,.T.);
#4564=ORIENTED_EDGE('',*,*,#3302,.T.);
#4565=ORIENTED_EDGE('',*,*,#3303,.T.);
#4566=ORIENTED_EDGE('',*,*,#3304,.F.);
#4567=ORIENTED_EDGE('',*,*,#3305,.T.);
#4568=ORIENTED_EDGE('',*,*,#3306,.T.);
#4569=ORIENTED_EDGE('',*,*,#3307,.T.);
#4570=ORIENTED_EDGE('',*,*,#3302,.F.);
#4571=ORIENTED_EDGE('',*,*,#3308,.T.);
#4572=ORIENTED_EDGE('',*,*,#3306,.F.);
#4573=ORIENTED_EDGE('',*,*,#3309,.T.);
#4574=ORIENTED_EDGE('',*,*,#3296,.F.);
#4575=ORIENTED_EDGE('',*,*,#3310,.T.);
#4576=ORIENTED_EDGE('',*,*,#3311,.T.);
#4577=ORIENTED_EDGE('',*,*,#3312,.T.);
#4578=ORIENTED_EDGE('',*,*,#3300,.F.);
#4579=ORIENTED_EDGE('',*,*,#3313,.T.);
#4580=ORIENTED_EDGE('',*,*,#3311,.F.);
#4581=ORIENTED_EDGE('',*,*,#3314,.T.);
#4582=ORIENTED_EDGE('',*,*,#3304,.T.);
#4583=ORIENTED_EDGE('',*,*,#3313,.F.);
#4584=ORIENTED_EDGE('',*,*,#3303,.F.);
#4585=ORIENTED_EDGE('',*,*,#3307,.F.);
#4586=ORIENTED_EDGE('',*,*,#3315,.F.);
#4587=ORIENTED_EDGE('',*,*,#3316,.F.);
#4588=ORIENTED_EDGE('',*,*,#3317,.F.);
#4589=ORIENTED_EDGE('',*,*,#3284,.T.);
#4590=ORIENTED_EDGE('',*,*,#3318,.F.);
#4591=ORIENTED_EDGE('',*,*,#3319,.F.);
#4592=ORIENTED_EDGE('',*,*,#3320,.F.);
#4593=ORIENTED_EDGE('',*,*,#3321,.T.);
#4594=ORIENTED_EDGE('',*,*,#3322,.F.);
#4595=ORIENTED_EDGE('',*,*,#3309,.F.);
#4596=ORIENTED_EDGE('',*,*,#3305,.F.);
#4597=ORIENTED_EDGE('',*,*,#3323,.F.);
#4598=ORIENTED_EDGE('',*,*,#3324,.F.);
#4599=ORIENTED_EDGE('',*,*,#3325,.T.);
#4600=ORIENTED_EDGE('',*,*,#3297,.F.);
#4601=ORIENTED_EDGE('',*,*,#3301,.F.);
#4602=ORIENTED_EDGE('',*,*,#3326,.F.);
#4603=ORIENTED_EDGE('',*,*,#3327,.F.);
#4604=ORIENTED_EDGE('',*,*,#3323,.T.);
#4605=ORIENTED_EDGE('',*,*,#3328,.T.);
#4606=ORIENTED_EDGE('',*,*,#3329,.T.);
#4607=ORIENTED_EDGE('',*,*,#3330,.T.);
#4608=ORIENTED_EDGE('',*,*,#3331,.T.);
#4609=ORIENTED_EDGE('',*,*,#3316,.T.);
#4610=ORIENTED_EDGE('',*,*,#3328,.F.);
#4611=ORIENTED_EDGE('',*,*,#3332,.T.);
#4612=ORIENTED_EDGE('',*,*,#3331,.F.);
#4613=ORIENTED_EDGE('',*,*,#3333,.T.);
#4614=ORIENTED_EDGE('',*,*,#3334,.F.);
#4615=ORIENTED_EDGE('',*,*,#3335,.T.);
#4616=ORIENTED_EDGE('',*,*,#3329,.F.);
#4617=ORIENTED_EDGE('',*,*,#3333,.F.);
#4618=ORIENTED_EDGE('',*,*,#3330,.F.);
#4619=ORIENTED_EDGE('',*,*,#3335,.F.);
#4620=ORIENTED_EDGE('',*,*,#3336,.T.);
#4621=ORIENTED_EDGE('',*,*,#3337,.T.);
#4622=ORIENTED_EDGE('',*,*,#3338,.T.);
#4623=ORIENTED_EDGE('',*,*,#3319,.T.);
#4624=ORIENTED_EDGE('',*,*,#3339,.T.);
#4625=ORIENTED_EDGE('',*,*,#3340,.T.);
#4626=ORIENTED_EDGE('',*,*,#3336,.F.);
#4627=ORIENTED_EDGE('',*,*,#3341,.T.);
#4628=ORIENTED_EDGE('',*,*,#3338,.F.);
#4629=ORIENTED_EDGE('',*,*,#3342,.T.);
#4630=ORIENTED_EDGE('',*,*,#3342,.F.);
#4631=ORIENTED_EDGE('',*,*,#3337,.F.);
#4632=ORIENTED_EDGE('',*,*,#3340,.F.);
#4633=ORIENTED_EDGE('',*,*,#3343,.F.);
#4634=ORIENTED_EDGE('',*,*,#3298,.F.);
#4635=ORIENTED_EDGE('',*,*,#3325,.F.);
#4636=ORIENTED_EDGE('',*,*,#3344,.F.);
#4637=ORIENTED_EDGE('',*,*,#3345,.T.);
#4638=ORIENTED_EDGE('',*,*,#3310,.F.);
#4639=ORIENTED_EDGE('',*,*,#3299,.F.);
#4640=ORIENTED_EDGE('',*,*,#3345,.F.);
#4641=ORIENTED_EDGE('',*,*,#3346,.F.);
#4642=ORIENTED_EDGE('',*,*,#3326,.T.);
#4643=ORIENTED_EDGE('',*,*,#3314,.F.);
#4644=ORIENTED_EDGE('',*,*,#3312,.F.);
#4645=ORIENTED_EDGE('',*,*,#3322,.T.);
#4646=ORIENTED_EDGE('',*,*,#3347,.T.);
#4647=ORIENTED_EDGE('',*,*,#3120,.F.);
#4648=ORIENTED_EDGE('',*,*,#3348,.T.);
#4649=ORIENTED_EDGE('',*,*,#3285,.T.);
#4650=ORIENTED_EDGE('',*,*,#3317,.T.);
#4651=ORIENTED_EDGE('',*,*,#3332,.F.);
#4652=ORIENTED_EDGE('',*,*,#3315,.T.);
#4653=ORIENTED_EDGE('',*,*,#3308,.F.);
#4654=ORIENTED_EDGE('',*,*,#3295,.F.);
#4655=ORIENTED_EDGE('',*,*,#3126,.F.);
#4656=ORIENTED_EDGE('',*,*,#3349,.F.);
#4657=ORIENTED_EDGE('',*,*,#3350,.T.);
#4658=ORIENTED_EDGE('',*,*,#3351,.T.);
#4659=ORIENTED_EDGE('',*,*,#3127,.F.);
#4660=ORIENTED_EDGE('',*,*,#3351,.F.);
#4661=ORIENTED_EDGE('',*,*,#3352,.F.);
#4662=ORIENTED_EDGE('',*,*,#3353,.T.);
#4663=ORIENTED_EDGE('',*,*,#3128,.F.);
#4664=ORIENTED_EDGE('',*,*,#3353,.F.);
#4665=ORIENTED_EDGE('',*,*,#3354,.T.);
#4666=ORIENTED_EDGE('',*,*,#3355,.T.);
#4667=ORIENTED_EDGE('',*,*,#3129,.F.);
#4668=ORIENTED_EDGE('',*,*,#3355,.F.);
#4669=ORIENTED_EDGE('',*,*,#3356,.F.);
#4670=ORIENTED_EDGE('',*,*,#3357,.T.);
#4671=ORIENTED_EDGE('',*,*,#3073,.F.);
#4672=ORIENTED_EDGE('',*,*,#3125,.F.);
#4673=ORIENTED_EDGE('',*,*,#3049,.F.);
#4674=ORIENTED_EDGE('',*,*,#3358,.F.);
#4675=ORIENTED_EDGE('',*,*,#3359,.F.);
#4676=ORIENTED_EDGE('',*,*,#3349,.T.);
#4677=ORIENTED_EDGE('',*,*,#3069,.T.);
#4678=ORIENTED_EDGE('',*,*,#3074,.F.);
#4679=ORIENTED_EDGE('',*,*,#3357,.F.);
#4680=ORIENTED_EDGE('',*,*,#3360,.T.);
#4681=ORIENTED_EDGE('',*,*,#3270,.T.);
#4682=ORIENTED_EDGE('',*,*,#3057,.T.);
#4683=ORIENTED_EDGE('',*,*,#3272,.F.);
#4684=ORIENTED_EDGE('',*,*,#3361,.T.);
#4685=ORIENTED_EDGE('',*,*,#3358,.T.);
#4686=ORIENTED_EDGE('',*,*,#3048,.F.);
#4687=ORIENTED_EDGE('',*,*,#3361,.F.);
#4688=ORIENTED_EDGE('',*,*,#3271,.T.);
#4689=ORIENTED_EDGE('',*,*,#3360,.F.);
#4690=ORIENTED_EDGE('',*,*,#3356,.T.);
#4691=ORIENTED_EDGE('',*,*,#3354,.F.);
#4692=ORIENTED_EDGE('',*,*,#3352,.T.);
#4693=ORIENTED_EDGE('',*,*,#3350,.F.);
#4694=ORIENTED_EDGE('',*,*,#3359,.T.);
#4695=ORIENTED_EDGE('',*,*,#3339,.F.);
#4696=ORIENTED_EDGE('',*,*,#3343,.T.);
#4697=ORIENTED_EDGE('',*,*,#3334,.T.);
#4698=ORIENTED_EDGE('',*,*,#3344,.T.);
#4699=ORIENTED_EDGE('',*,*,#3324,.T.);
#4700=ORIENTED_EDGE('',*,*,#3327,.T.);
#4701=ORIENTED_EDGE('',*,*,#3346,.T.);
#4702=ORIENTED_EDGE('',*,*,#3341,.F.);
#4703=ORIENTED_EDGE('',*,*,#3318,.T.);
#4704=ORIENTED_EDGE('',*,*,#3283,.T.);
#4705=ORIENTED_EDGE('',*,*,#3362,.T.);
#4706=ORIENTED_EDGE('',*,*,#3122,.F.);
#4707=ORIENTED_EDGE('',*,*,#3363,.T.);
#4708=ORIENTED_EDGE('',*,*,#3320,.T.);
#4709=ORIENTED_EDGE('',*,*,#3121,.F.);
#4710=ORIENTED_EDGE('',*,*,#3347,.F.);
#4711=ORIENTED_EDGE('',*,*,#3321,.F.);
#4712=ORIENTED_EDGE('',*,*,#3363,.F.);
#4713=ORIENTED_EDGE('',*,*,#3014,.T.);
#4714=ORIENTED_EDGE('',*,*,#3290,.T.);
#4715=ORIENTED_EDGE('',*,*,#3364,.F.);
#4716=ORIENTED_EDGE('',*,*,#3123,.F.);
#4717=ORIENTED_EDGE('',*,*,#3362,.F.);
#4718=ORIENTED_EDGE('',*,*,#3282,.T.);
#4719=ORIENTED_EDGE('',*,*,#3052,.T.);
#4720=ORIENTED_EDGE('',*,*,#3269,.T.);
#4721=ORIENTED_EDGE('',*,*,#3097,.F.);
#4722=ORIENTED_EDGE('',*,*,#3094,.F.);
#4723=ORIENTED_EDGE('',*,*,#3000,.F.);
#4724=ORIENTED_EDGE('',*,*,#2997,.F.);
#4725=ORIENTED_EDGE('',*,*,#3365,.F.);
#4726=ORIENTED_EDGE('',*,*,#3111,.F.);
#4727=ORIENTED_EDGE('',*,*,#3103,.F.);
#4728=ORIENTED_EDGE('',*,*,#3100,.F.);
#4729=ORIENTED_EDGE('',*,*,#3259,.F.);
#4730=ORIENTED_EDGE('',*,*,#3291,.F.);
#4731=ORIENTED_EDGE('',*,*,#3280,.T.);
#4732=ORIENTED_EDGE('',*,*,#3366,.T.);
#4733=ORIENTED_EDGE('',*,*,#3261,.F.);
#4734=ORIENTED_EDGE('',*,*,#2956,.F.);
#4735=ORIENTED_EDGE('',*,*,#2932,.F.);
#4736=ORIENTED_EDGE('',*,*,#2952,.F.);
#4737=ORIENTED_EDGE('',*,*,#3367,.T.);
#4738=ORIENTED_EDGE('',*,*,#3368,.T.);
#4739=ORIENTED_EDGE('',*,*,#3369,.T.);
#4740=ORIENTED_EDGE('',*,*,#3370,.T.);
#4741=ORIENTED_EDGE('',*,*,#3371,.T.);
#4742=ORIENTED_EDGE('',*,*,#3372,.T.);
#4743=ORIENTED_EDGE('',*,*,#2942,.F.);
#4744=ORIENTED_EDGE('',*,*,#3260,.F.);
#4745=ORIENTED_EDGE('',*,*,#2953,.F.);
#4746=ORIENTED_EDGE('',*,*,#2945,.F.);
#4747=ORIENTED_EDGE('',*,*,#3267,.F.);
#4748=ORIENTED_EDGE('',*,*,#3373,.F.);
#4749=ORIENTED_EDGE('',*,*,#3276,.T.);
#4750=ORIENTED_EDGE('',*,*,#3374,.T.);
#4751=ORIENTED_EDGE('',*,*,#3375,.F.);
#4752=ORIENTED_EDGE('',*,*,#2990,.F.);
#4753=ORIENTED_EDGE('',*,*,#2982,.F.);
#4754=ORIENTED_EDGE('',*,*,#2979,.F.);
#4755=ORIENTED_EDGE('',*,*,#3376,.T.);
#4756=ORIENTED_EDGE('',*,*,#3377,.T.);
#4757=ORIENTED_EDGE('',*,*,#3378,.T.);
#4758=ORIENTED_EDGE('',*,*,#3379,.T.);
#4759=ORIENTED_EDGE('',*,*,#3380,.T.);
#4760=ORIENTED_EDGE('',*,*,#3381,.T.);
#4761=ORIENTED_EDGE('',*,*,#3189,.T.);
#4762=ORIENTED_EDGE('',*,*,#3208,.T.);
#4763=ORIENTED_EDGE('',*,*,#3205,.T.);
#4764=ORIENTED_EDGE('',*,*,#3202,.T.);
#4765=ORIENTED_EDGE('',*,*,#3199,.T.);
#4766=ORIENTED_EDGE('',*,*,#3196,.T.);
#4767=ORIENTED_EDGE('',*,*,#3193,.T.);
#4768=ORIENTED_EDGE('',*,*,#3382,.F.);
#4769=ORIENTED_EDGE('',*,*,#3383,.F.);
#4770=ORIENTED_EDGE('',*,*,#3274,.T.);
#4771=ORIENTED_EDGE('',*,*,#3293,.T.);
#4772=ORIENTED_EDGE('',*,*,#3294,.F.);
#4773=ORIENTED_EDGE('',*,*,#3114,.F.);
#4774=ORIENTED_EDGE('',*,*,#3084,.F.);
#4775=ORIENTED_EDGE('',*,*,#3110,.F.);
#4776=ORIENTED_EDGE('',*,*,#3384,.T.);
#4777=ORIENTED_EDGE('',*,*,#3385,.T.);
#4778=ORIENTED_EDGE('',*,*,#3386,.T.);
#4779=ORIENTED_EDGE('',*,*,#3387,.T.);
#4780=ORIENTED_EDGE('',*,*,#3388,.T.);
#4781=ORIENTED_EDGE('',*,*,#3389,.T.);
#4782=ORIENTED_EDGE('',*,*,#3263,.F.);
#4783=ORIENTED_EDGE('',*,*,#3390,.F.);
#4784=ORIENTED_EDGE('',*,*,#3278,.T.);
#4785=ORIENTED_EDGE('',*,*,#3391,.T.);
#4786=ORIENTED_EDGE('',*,*,#3265,.F.);
#4787=ORIENTED_EDGE('',*,*,#2922,.F.);
#4788=ORIENTED_EDGE('',*,*,#2898,.F.);
#4789=ORIENTED_EDGE('',*,*,#2918,.F.);
#4790=ORIENTED_EDGE('',*,*,#3392,.T.);
#4791=ORIENTED_EDGE('',*,*,#3393,.T.);
#4792=ORIENTED_EDGE('',*,*,#3394,.T.);
#4793=ORIENTED_EDGE('',*,*,#3395,.T.);
#4794=ORIENTED_EDGE('',*,*,#3396,.T.);
#4795=ORIENTED_EDGE('',*,*,#3397,.T.);
#4796=ORIENTED_EDGE('',*,*,#3398,.T.);
#4797=ORIENTED_EDGE('',*,*,#2908,.F.);
#4798=ORIENTED_EDGE('',*,*,#3264,.F.);
#4799=ORIENTED_EDGE('',*,*,#2919,.F.);
#4800=ORIENTED_EDGE('',*,*,#2911,.F.);
#4801=ORIENTED_EDGE('',*,*,#2999,.F.);
#4802=ORIENTED_EDGE('',*,*,#2992,.T.);
#4803=ORIENTED_EDGE('',*,*,#2988,.F.);
#4804=ORIENTED_EDGE('',*,*,#3375,.T.);
#4805=ORIENTED_EDGE('',*,*,#3399,.T.);
#4806=ORIENTED_EDGE('',*,*,#3382,.T.);
#4807=ORIENTED_EDGE('',*,*,#3109,.T.);
#4808=ORIENTED_EDGE('',*,*,#3365,.T.);
#4809=ORIENTED_EDGE('',*,*,#3399,.F.);
#4810=ORIENTED_EDGE('',*,*,#3374,.F.);
#4811=ORIENTED_EDGE('',*,*,#3275,.T.);
#4812=ORIENTED_EDGE('',*,*,#3383,.T.);
#4813=ORIENTED_EDGE('',*,*,#3400,.T.);
#4814=ORIENTED_EDGE('',*,*,#3389,.F.);
#4815=ORIENTED_EDGE('',*,*,#3401,.T.);
#4816=ORIENTED_EDGE('',*,*,#3386,.F.);
#4817=ORIENTED_EDGE('',*,*,#3402,.T.);
#4818=ORIENTED_EDGE('',*,*,#3395,.F.);
#4819=ORIENTED_EDGE('',*,*,#3403,.T.);
#4820=ORIENTED_EDGE('',*,*,#3398,.F.);
#4821=ORIENTED_EDGE('',*,*,#3404,.T.);
#4822=ORIENTED_EDGE('',*,*,#3378,.F.);
#4823=ORIENTED_EDGE('',*,*,#3405,.T.);
#4824=ORIENTED_EDGE('',*,*,#3381,.F.);
#4825=ORIENTED_EDGE('',*,*,#3379,.F.);
#4826=ORIENTED_EDGE('',*,*,#3404,.F.);
#4827=ORIENTED_EDGE('',*,*,#3377,.F.);
#4828=ORIENTED_EDGE('',*,*,#3406,.F.);
#4829=ORIENTED_EDGE('',*,*,#3376,.F.);
#4830=ORIENTED_EDGE('',*,*,#3405,.F.);
#4831=ORIENTED_EDGE('',*,*,#3380,.F.);
#4832=ORIENTED_EDGE('',*,*,#3406,.T.);
#4833=ORIENTED_EDGE('',*,*,#3407,.F.);
#4834=ORIENTED_EDGE('',*,*,#3408,.F.);
#4835=ORIENTED_EDGE('',*,*,#3396,.F.);
#4836=ORIENTED_EDGE('',*,*,#3402,.F.);
#4837=ORIENTED_EDGE('',*,*,#3394,.F.);
#4838=ORIENTED_EDGE('',*,*,#3409,.T.);
#4839=ORIENTED_EDGE('',*,*,#3407,.T.);
#4840=ORIENTED_EDGE('',*,*,#3393,.F.);
#4841=ORIENTED_EDGE('',*,*,#3409,.F.);
#4842=ORIENTED_EDGE('',*,*,#3392,.F.);
#4843=ORIENTED_EDGE('',*,*,#3403,.F.);
#4844=ORIENTED_EDGE('',*,*,#3397,.F.);
#4845=ORIENTED_EDGE('',*,*,#3408,.T.);
#4846=ORIENTED_EDGE('',*,*,#3387,.F.);
#4847=ORIENTED_EDGE('',*,*,#3401,.F.);
#4848=ORIENTED_EDGE('',*,*,#3385,.F.);
#4849=ORIENTED_EDGE('',*,*,#3410,.F.);
#4850=ORIENTED_EDGE('',*,*,#3384,.F.);
#4851=ORIENTED_EDGE('',*,*,#3400,.F.);
#4852=ORIENTED_EDGE('',*,*,#3388,.F.);
#4853=ORIENTED_EDGE('',*,*,#3410,.T.);
#4854=ORIENTED_EDGE('',*,*,#3411,.T.);
#4855=ORIENTED_EDGE('',*,*,#3369,.F.);
#4856=ORIENTED_EDGE('',*,*,#3368,.F.);
#4857=ORIENTED_EDGE('',*,*,#3412,.F.);
#4858=ORIENTED_EDGE('',*,*,#3370,.F.);
#4859=ORIENTED_EDGE('',*,*,#3411,.F.);
#4860=ORIENTED_EDGE('',*,*,#3413,.T.);
#4861=ORIENTED_EDGE('',*,*,#3372,.F.);
#4862=ORIENTED_EDGE('',*,*,#3371,.F.);
#4863=ORIENTED_EDGE('',*,*,#3412,.T.);
#4864=ORIENTED_EDGE('',*,*,#3367,.F.);
#4865=ORIENTED_EDGE('',*,*,#3413,.F.);
#4866=ORIENTED_EDGE('',*,*,#3266,.F.);
#4867=ORIENTED_EDGE('',*,*,#3391,.F.);
#4868=ORIENTED_EDGE('',*,*,#3277,.T.);
#4869=ORIENTED_EDGE('',*,*,#3373,.T.);
#4870=ORIENTED_EDGE('',*,*,#3262,.F.);
#4871=ORIENTED_EDGE('',*,*,#3366,.F.);
#4872=ORIENTED_EDGE('',*,*,#3279,.T.);
#4873=ORIENTED_EDGE('',*,*,#3390,.T.);
#4874=ORIENTED_EDGE('',*,*,#3116,.F.);
#4875=ORIENTED_EDGE('',*,*,#3364,.T.);
#4876=ORIENTED_EDGE('',*,*,#3289,.T.);
#4877=ORIENTED_EDGE('',*,*,#3414,.T.);
#4878=ORIENTED_EDGE('',*,*,#3117,.F.);
#4879=ORIENTED_EDGE('',*,*,#3414,.F.);
#4880=ORIENTED_EDGE('',*,*,#3288,.T.);
#4881=ORIENTED_EDGE('',*,*,#3415,.F.);
#4882=ORIENTED_EDGE('',*,*,#3118,.F.);
#4883=ORIENTED_EDGE('',*,*,#3415,.T.);
#4884=ORIENTED_EDGE('',*,*,#3287,.T.);
#4885=ORIENTED_EDGE('',*,*,#3416,.T.);
#4886=ORIENTED_EDGE('',*,*,#3119,.F.);
#4887=ORIENTED_EDGE('',*,*,#3416,.F.);
#4888=ORIENTED_EDGE('',*,*,#3286,.T.);
#4889=ORIENTED_EDGE('',*,*,#3348,.F.);
#4890=ORIENTED_EDGE('',*,*,#2976,.F.);
#4891=ORIENTED_EDGE('',*,*,#3130,.F.);
#4892=ORIENTED_EDGE('',*,*,#3075,.F.);
#4893=ORIENTED_EDGE('',*,*,#3045,.F.);
#4894=ORIENTED_EDGE('',*,*,#3268,.F.);
#4895=ORIENTED_EDGE('',*,*,#2980,.F.);
#4896=ORIENTED_EDGE('',*,*,#2972,.F.);
#4897=ORIENTED_EDGE('',*,*,#3417,.T.);
#4898=ORIENTED_EDGE('',*,*,#3418,.T.);
#4899=ORIENTED_EDGE('',*,*,#3419,.F.);
#4900=ORIENTED_EDGE('',*,*,#3420,.F.);
#4901=ORIENTED_EDGE('',*,*,#3421,.T.);
#4902=ORIENTED_EDGE('',*,*,#3420,.T.);
#4903=ORIENTED_EDGE('',*,*,#3422,.F.);
#4904=ORIENTED_EDGE('',*,*,#3423,.F.);
#4905=ORIENTED_EDGE('',*,*,#3424,.T.);
#4906=ORIENTED_EDGE('',*,*,#3423,.T.);
#4907=ORIENTED_EDGE('',*,*,#3425,.F.);
#4908=ORIENTED_EDGE('',*,*,#3426,.F.);
#4909=ORIENTED_EDGE('',*,*,#3427,.T.);
#4910=ORIENTED_EDGE('',*,*,#3426,.T.);
#4911=ORIENTED_EDGE('',*,*,#3428,.F.);
#4912=ORIENTED_EDGE('',*,*,#3429,.F.);
#4913=ORIENTED_EDGE('',*,*,#3430,.T.);
#4914=ORIENTED_EDGE('',*,*,#3429,.T.);
#4915=ORIENTED_EDGE('',*,*,#3431,.F.);
#4916=ORIENTED_EDGE('',*,*,#3432,.F.);
#4917=ORIENTED_EDGE('',*,*,#3433,.T.);
#4918=ORIENTED_EDGE('',*,*,#3432,.T.);
#4919=ORIENTED_EDGE('',*,*,#3434,.F.);
#4920=ORIENTED_EDGE('',*,*,#3435,.F.);
#4921=ORIENTED_EDGE('',*,*,#3436,.T.);
#4922=ORIENTED_EDGE('',*,*,#3435,.T.);
#4923=ORIENTED_EDGE('',*,*,#3437,.F.);
#4924=ORIENTED_EDGE('',*,*,#3438,.F.);
#4925=ORIENTED_EDGE('',*,*,#3439,.T.);
#4926=ORIENTED_EDGE('',*,*,#3438,.T.);
#4927=ORIENTED_EDGE('',*,*,#3440,.F.);
#4928=ORIENTED_EDGE('',*,*,#3441,.F.);
#4929=ORIENTED_EDGE('',*,*,#3442,.T.);
#4930=ORIENTED_EDGE('',*,*,#3441,.T.);
#4931=ORIENTED_EDGE('',*,*,#3443,.F.);
#4932=ORIENTED_EDGE('',*,*,#3444,.F.);
#4933=ORIENTED_EDGE('',*,*,#3445,.T.);
#4934=ORIENTED_EDGE('',*,*,#3444,.T.);
#4935=ORIENTED_EDGE('',*,*,#3446,.F.);
#4936=ORIENTED_EDGE('',*,*,#3447,.F.);
#4937=ORIENTED_EDGE('',*,*,#3448,.T.);
#4938=ORIENTED_EDGE('',*,*,#3447,.T.);
#4939=ORIENTED_EDGE('',*,*,#3449,.F.);
#4940=ORIENTED_EDGE('',*,*,#3450,.F.);
#4941=ORIENTED_EDGE('',*,*,#3451,.T.);
#4942=ORIENTED_EDGE('',*,*,#3450,.T.);
#4943=ORIENTED_EDGE('',*,*,#3452,.F.);
#4944=ORIENTED_EDGE('',*,*,#3453,.F.);
#4945=ORIENTED_EDGE('',*,*,#3454,.T.);
#4946=ORIENTED_EDGE('',*,*,#3453,.T.);
#4947=ORIENTED_EDGE('',*,*,#3455,.F.);
#4948=ORIENTED_EDGE('',*,*,#3456,.F.);
#4949=ORIENTED_EDGE('',*,*,#3457,.T.);
#4950=ORIENTED_EDGE('',*,*,#3456,.T.);
#4951=ORIENTED_EDGE('',*,*,#3458,.F.);
#4952=ORIENTED_EDGE('',*,*,#3459,.F.);
#4953=ORIENTED_EDGE('',*,*,#3460,.T.);
#4954=ORIENTED_EDGE('',*,*,#3459,.T.);
#4955=ORIENTED_EDGE('',*,*,#3461,.F.);
#4956=ORIENTED_EDGE('',*,*,#3462,.F.);
#4957=ORIENTED_EDGE('',*,*,#3463,.T.);
#4958=ORIENTED_EDGE('',*,*,#3462,.T.);
#4959=ORIENTED_EDGE('',*,*,#3464,.F.);
#4960=ORIENTED_EDGE('',*,*,#3465,.F.);
#4961=ORIENTED_EDGE('',*,*,#3466,.T.);
#4962=ORIENTED_EDGE('',*,*,#3465,.T.);
#4963=ORIENTED_EDGE('',*,*,#3467,.F.);
#4964=ORIENTED_EDGE('',*,*,#3468,.F.);
#4965=ORIENTED_EDGE('',*,*,#3469,.T.);
#4966=ORIENTED_EDGE('',*,*,#3468,.T.);
#4967=ORIENTED_EDGE('',*,*,#3470,.F.);
#4968=ORIENTED_EDGE('',*,*,#3471,.F.);
#4969=ORIENTED_EDGE('',*,*,#3472,.T.);
#4970=ORIENTED_EDGE('',*,*,#3471,.T.);
#4971=ORIENTED_EDGE('',*,*,#3473,.F.);
#4972=ORIENTED_EDGE('',*,*,#3418,.F.);
#4973=ORIENTED_EDGE('',*,*,#3472,.F.);
#4974=ORIENTED_EDGE('',*,*,#3417,.F.);
#4975=ORIENTED_EDGE('',*,*,#3421,.F.);
#4976=ORIENTED_EDGE('',*,*,#3424,.F.);
#4977=ORIENTED_EDGE('',*,*,#3427,.F.);
#4978=ORIENTED_EDGE('',*,*,#3430,.F.);
#4979=ORIENTED_EDGE('',*,*,#3433,.F.);
#4980=ORIENTED_EDGE('',*,*,#3436,.F.);
#4981=ORIENTED_EDGE('',*,*,#3439,.F.);
#4982=ORIENTED_EDGE('',*,*,#3442,.F.);
#4983=ORIENTED_EDGE('',*,*,#3445,.F.);
#4984=ORIENTED_EDGE('',*,*,#3448,.F.);
#4985=ORIENTED_EDGE('',*,*,#3451,.F.);
#4986=ORIENTED_EDGE('',*,*,#3454,.F.);
#4987=ORIENTED_EDGE('',*,*,#3457,.F.);
#4988=ORIENTED_EDGE('',*,*,#3460,.F.);
#4989=ORIENTED_EDGE('',*,*,#3463,.F.);
#4990=ORIENTED_EDGE('',*,*,#3466,.F.);
#4991=ORIENTED_EDGE('',*,*,#3469,.F.);
#4992=ORIENTED_EDGE('',*,*,#3473,.T.);
#4993=ORIENTED_EDGE('',*,*,#3470,.T.);
#4994=ORIENTED_EDGE('',*,*,#3467,.T.);
#4995=ORIENTED_EDGE('',*,*,#3464,.T.);
#4996=ORIENTED_EDGE('',*,*,#3461,.T.);
#4997=ORIENTED_EDGE('',*,*,#3458,.T.);
#4998=ORIENTED_EDGE('',*,*,#3455,.T.);
#4999=ORIENTED_EDGE('',*,*,#3452,.T.);
#5000=ORIENTED_EDGE('',*,*,#3449,.T.);
#5001=ORIENTED_EDGE('',*,*,#3446,.T.);
#5002=ORIENTED_EDGE('',*,*,#3443,.T.);
#5003=ORIENTED_EDGE('',*,*,#3440,.T.);
#5004=ORIENTED_EDGE('',*,*,#3437,.T.);
#5005=ORIENTED_EDGE('',*,*,#3434,.T.);
#5006=ORIENTED_EDGE('',*,*,#3431,.T.);
#5007=ORIENTED_EDGE('',*,*,#3428,.T.);
#5008=ORIENTED_EDGE('',*,*,#3425,.T.);
#5009=ORIENTED_EDGE('',*,*,#3422,.T.);
#5010=ORIENTED_EDGE('',*,*,#3419,.T.);
#5011=ORIENTED_EDGE('',*,*,#3474,.T.);
#5012=ORIENTED_EDGE('',*,*,#3475,.T.);
#5013=ORIENTED_EDGE('',*,*,#3476,.F.);
#5014=ORIENTED_EDGE('',*,*,#3477,.F.);
#5015=ORIENTED_EDGE('',*,*,#3478,.T.);
#5016=ORIENTED_EDGE('',*,*,#3477,.T.);
#5017=ORIENTED_EDGE('',*,*,#3479,.F.);
#5018=ORIENTED_EDGE('',*,*,#3480,.F.);
#5019=ORIENTED_EDGE('',*,*,#3481,.T.);
#5020=ORIENTED_EDGE('',*,*,#3480,.T.);
#5021=ORIENTED_EDGE('',*,*,#3482,.F.);
#5022=ORIENTED_EDGE('',*,*,#3483,.F.);
#5023=ORIENTED_EDGE('',*,*,#3484,.T.);
#5024=ORIENTED_EDGE('',*,*,#3483,.T.);
#5025=ORIENTED_EDGE('',*,*,#3485,.F.);
#5026=ORIENTED_EDGE('',*,*,#3486,.F.);
#5027=ORIENTED_EDGE('',*,*,#3487,.T.);
#5028=ORIENTED_EDGE('',*,*,#3486,.T.);
#5029=ORIENTED_EDGE('',*,*,#3488,.F.);
#5030=ORIENTED_EDGE('',*,*,#3489,.F.);
#5031=ORIENTED_EDGE('',*,*,#3490,.T.);
#5032=ORIENTED_EDGE('',*,*,#3489,.T.);
#5033=ORIENTED_EDGE('',*,*,#3491,.F.);
#5034=ORIENTED_EDGE('',*,*,#3492,.F.);
#5035=ORIENTED_EDGE('',*,*,#3493,.T.);
#5036=ORIENTED_EDGE('',*,*,#3492,.T.);
#5037=ORIENTED_EDGE('',*,*,#3494,.F.);
#5038=ORIENTED_EDGE('',*,*,#3475,.F.);
#5039=ORIENTED_EDGE('',*,*,#3495,.T.);
#5040=ORIENTED_EDGE('',*,*,#3496,.T.);
#5041=ORIENTED_EDGE('',*,*,#3497,.F.);
#5042=ORIENTED_EDGE('',*,*,#3498,.F.);
#5043=ORIENTED_EDGE('',*,*,#3499,.T.);
#5044=ORIENTED_EDGE('',*,*,#3498,.T.);
#5045=ORIENTED_EDGE('',*,*,#3500,.F.);
#5046=ORIENTED_EDGE('',*,*,#3501,.F.);
#5047=ORIENTED_EDGE('',*,*,#3502,.T.);
#5048=ORIENTED_EDGE('',*,*,#3501,.T.);
#5049=ORIENTED_EDGE('',*,*,#3503,.F.);
#5050=ORIENTED_EDGE('',*,*,#3504,.F.);
#5051=ORIENTED_EDGE('',*,*,#3505,.T.);
#5052=ORIENTED_EDGE('',*,*,#3504,.T.);
#5053=ORIENTED_EDGE('',*,*,#3506,.F.);
#5054=ORIENTED_EDGE('',*,*,#3507,.F.);
#5055=ORIENTED_EDGE('',*,*,#3508,.T.);
#5056=ORIENTED_EDGE('',*,*,#3507,.T.);
#5057=ORIENTED_EDGE('',*,*,#3509,.F.);
#5058=ORIENTED_EDGE('',*,*,#3510,.F.);
#5059=ORIENTED_EDGE('',*,*,#3511,.T.);
#5060=ORIENTED_EDGE('',*,*,#3510,.T.);
#5061=ORIENTED_EDGE('',*,*,#3512,.F.);
#5062=ORIENTED_EDGE('',*,*,#3513,.F.);
#5063=ORIENTED_EDGE('',*,*,#3514,.T.);
#5064=ORIENTED_EDGE('',*,*,#3513,.T.);
#5065=ORIENTED_EDGE('',*,*,#3515,.F.);
#5066=ORIENTED_EDGE('',*,*,#3516,.F.);
#5067=ORIENTED_EDGE('',*,*,#3517,.T.);
#5068=ORIENTED_EDGE('',*,*,#3516,.T.);
#5069=ORIENTED_EDGE('',*,*,#3518,.F.);
#5070=ORIENTED_EDGE('',*,*,#3519,.F.);
#5071=ORIENTED_EDGE('',*,*,#3520,.T.);
#5072=ORIENTED_EDGE('',*,*,#3519,.T.);
#5073=ORIENTED_EDGE('',*,*,#3521,.F.);
#5074=ORIENTED_EDGE('',*,*,#3496,.F.);
#5075=ORIENTED_EDGE('',*,*,#3520,.F.);
#5076=ORIENTED_EDGE('',*,*,#3495,.F.);
#5077=ORIENTED_EDGE('',*,*,#3499,.F.);
#5078=ORIENTED_EDGE('',*,*,#3502,.F.);
#5079=ORIENTED_EDGE('',*,*,#3505,.F.);
#5080=ORIENTED_EDGE('',*,*,#3508,.F.);
#5081=ORIENTED_EDGE('',*,*,#3511,.F.);
#5082=ORIENTED_EDGE('',*,*,#3514,.F.);
#5083=ORIENTED_EDGE('',*,*,#3517,.F.);
#5084=ORIENTED_EDGE('',*,*,#3493,.F.);
#5085=ORIENTED_EDGE('',*,*,#3474,.F.);
#5086=ORIENTED_EDGE('',*,*,#3478,.F.);
#5087=ORIENTED_EDGE('',*,*,#3481,.F.);
#5088=ORIENTED_EDGE('',*,*,#3484,.F.);
#5089=ORIENTED_EDGE('',*,*,#3487,.F.);
#5090=ORIENTED_EDGE('',*,*,#3490,.F.);
#5091=ORIENTED_EDGE('',*,*,#3521,.T.);
#5092=ORIENTED_EDGE('',*,*,#3518,.T.);
#5093=ORIENTED_EDGE('',*,*,#3515,.T.);
#5094=ORIENTED_EDGE('',*,*,#3512,.T.);
#5095=ORIENTED_EDGE('',*,*,#3509,.T.);
#5096=ORIENTED_EDGE('',*,*,#3506,.T.);
#5097=ORIENTED_EDGE('',*,*,#3503,.T.);
#5098=ORIENTED_EDGE('',*,*,#3500,.T.);
#5099=ORIENTED_EDGE('',*,*,#3497,.T.);
#5100=ORIENTED_EDGE('',*,*,#3494,.T.);
#5101=ORIENTED_EDGE('',*,*,#3491,.T.);
#5102=ORIENTED_EDGE('',*,*,#3488,.T.);
#5103=ORIENTED_EDGE('',*,*,#3485,.T.);
#5104=ORIENTED_EDGE('',*,*,#3482,.T.);
#5105=ORIENTED_EDGE('',*,*,#3479,.T.);
#5106=ORIENTED_EDGE('',*,*,#3476,.T.);
#5107=ORIENTED_EDGE('',*,*,#3522,.F.);
#5108=ORIENTED_EDGE('',*,*,#3523,.T.);
#5109=ORIENTED_EDGE('',*,*,#3524,.F.);
#5110=ORIENTED_EDGE('',*,*,#3525,.F.);
#5111=ORIENTED_EDGE('',*,*,#3526,.F.);
#5112=ORIENTED_EDGE('',*,*,#3525,.T.);
#5113=ORIENTED_EDGE('',*,*,#3527,.F.);
#5114=ORIENTED_EDGE('',*,*,#3528,.F.);
#5115=ORIENTED_EDGE('',*,*,#3529,.F.);
#5116=ORIENTED_EDGE('',*,*,#3528,.T.);
#5117=ORIENTED_EDGE('',*,*,#3530,.F.);
#5118=ORIENTED_EDGE('',*,*,#3531,.F.);
#5119=ORIENTED_EDGE('',*,*,#3532,.F.);
#5120=ORIENTED_EDGE('',*,*,#3531,.T.);
#5121=ORIENTED_EDGE('',*,*,#3533,.F.);
#5122=ORIENTED_EDGE('',*,*,#3534,.F.);
#5123=ORIENTED_EDGE('',*,*,#3535,.F.);
#5124=ORIENTED_EDGE('',*,*,#3534,.T.);
#5125=ORIENTED_EDGE('',*,*,#3536,.F.);
#5126=ORIENTED_EDGE('',*,*,#3537,.F.);
#5127=ORIENTED_EDGE('',*,*,#3538,.F.);
#5128=ORIENTED_EDGE('',*,*,#3537,.T.);
#5129=ORIENTED_EDGE('',*,*,#3539,.F.);
#5130=ORIENTED_EDGE('',*,*,#3540,.F.);
#5131=ORIENTED_EDGE('',*,*,#3541,.F.);
#5132=ORIENTED_EDGE('',*,*,#3540,.T.);
#5133=ORIENTED_EDGE('',*,*,#3542,.F.);
#5134=ORIENTED_EDGE('',*,*,#3523,.F.);
#5135=ORIENTED_EDGE('',*,*,#3541,.T.);
#5136=ORIENTED_EDGE('',*,*,#3522,.T.);
#5137=ORIENTED_EDGE('',*,*,#3526,.T.);
#5138=ORIENTED_EDGE('',*,*,#3529,.T.);
#5139=ORIENTED_EDGE('',*,*,#3532,.T.);
#5140=ORIENTED_EDGE('',*,*,#3535,.T.);
#5141=ORIENTED_EDGE('',*,*,#3538,.T.);
#5142=ORIENTED_EDGE('',*,*,#3542,.T.);
#5143=ORIENTED_EDGE('',*,*,#3539,.T.);
#5144=ORIENTED_EDGE('',*,*,#3536,.T.);
#5145=ORIENTED_EDGE('',*,*,#3533,.T.);
#5146=ORIENTED_EDGE('',*,*,#3530,.T.);
#5147=ORIENTED_EDGE('',*,*,#3527,.T.);
#5148=ORIENTED_EDGE('',*,*,#3524,.T.);
#5149=B_SPLINE_SURFACE_WITH_KNOTS('',3,3,((#7486,#7487,#7488,#7489,#7490),
(#7491,#7492,#7493,#7494,#7495),(#7496,#7497,#7498,#7499,#7500),(#7501,
#7502,#7503,#7504,#7505),(#7506,#7507,#7508,#7509,#7510),(#7511,#7512,#7513,
#7514,#7515)),.UNSPECIFIED.,.F.,.F.,.F.,(4,1,1,4),(4,1,4),(0.,0.285714285714286,
0.571428571428571,1.),(-6.97224195157576E-16,0.668309417111086,1.55938863992587),
 .UNSPECIFIED.);
#5150=B_SPLINE_SURFACE_WITH_KNOTS('',3,3,((#7666,#7667,#7668,#7669,#7670),
(#7671,#7672,#7673,#7674,#7675),(#7676,#7677,#7678,#7679,#7680),(#7681,
#7682,#7683,#7684,#7685),(#7686,#7687,#7688,#7689,#7690),(#7691,#7692,#7693,
#7694,#7695)),.UNSPECIFIED.,.F.,.F.,.F.,(4,1,1,4),(4,1,4),(0.,0.285714285714286,
0.571428571428571,1.),(-1.55938863992587,-0.891079222814781,-1.77635683940025E-15),
 .UNSPECIFIED.);
#5151=B_SPLINE_SURFACE_WITH_KNOTS('',3,1,((#8416,#8417),(#8418,#8419),(#8420,
#8421),(#8422,#8423),(#8424,#8425)),.UNSPECIFIED.,.F.,.F.,.F.,(4,1,4),(2,
2),(0.,0.0322421374460176,0.0695207960367265),(0.,0.0999999999999998),
 .UNSPECIFIED.);
#5152=B_SPLINE_SURFACE_WITH_KNOTS('',3,1,((#8442,#8443),(#8444,#8445),(#8446,
#8447),(#8448,#8449),(#8450,#8451)),.UNSPECIFIED.,.F.,.F.,.F.,(4,1,4),(2,
2),(0.,0.0360465355592345,0.067939577028743),(0.,0.0999999999999998),
 .UNSPECIFIED.);
#5153=B_SPLINE_SURFACE_WITH_KNOTS('',3,1,((#8465,#8466),(#8467,#8468),(#8469,
#8470),(#8471,#8472),(#8473,#8474)),.UNSPECIFIED.,.F.,.F.,.F.,(4,1,4),(2,
2),(0.,0.0321009470383701,0.0684134360616355),(0.,0.0999999999999998),
 .UNSPECIFIED.);
#5154=B_SPLINE_SURFACE_WITH_KNOTS('',3,1,((#8488,#8489),(#8490,#8491),(#8492,
#8493),(#8494,#8495),(#8496,#8497)),.UNSPECIFIED.,.F.,.F.,.F.,(4,1,4),(2,
2),(0.,0.0368606813857421,0.069174699519458),(0.,0.0999999999999998),
 .UNSPECIFIED.);
#5155=B_SPLINE_SURFACE_WITH_KNOTS('',3,1,((#8529,#8530),(#8531,#8532),(#8533,
#8534),(#8535,#8536),(#8537,#8538)),.UNSPECIFIED.,.F.,.F.,.F.,(4,1,4),(2,
2),(0.,0.0462548126898682,0.0859521372230913),(0.,0.0999999999999998),
 .UNSPECIFIED.);
#5156=B_SPLINE_SURFACE_WITH_KNOTS('',3,1,((#8552,#8553),(#8554,#8555),(#8556,
#8557),(#8558,#8559),(#8560,#8561)),.UNSPECIFIED.,.F.,.F.,.F.,(4,1,4),(2,
2),(0.,0.0348595682561364,0.0667101736563706),(0.,0.0999999999999998),
 .UNSPECIFIED.);
#5157=B_SPLINE_SURFACE_WITH_KNOTS('',3,1,((#8575,#8576),(#8577,#8578),(#8579,
#8580),(#8581,#8582),(#8583,#8584)),.UNSPECIFIED.,.F.,.F.,.F.,(4,1,4),(2,
2),(0.,0.0332784824830178,0.0686602044972776),(0.,0.0999999999999998),
 .UNSPECIFIED.);
#5158=B_SPLINE_SURFACE_WITH_KNOTS('',3,1,((#8598,#8599),(#8600,#8601),(#8602,
#8603),(#8604,#8605),(#8606,#8607)),.UNSPECIFIED.,.F.,.F.,.F.,(4,1,4),(2,
2),(0.,0.0403337147081173,0.0752370512021768),(0.,0.0999999999999998),
 .UNSPECIFIED.);
#5159=B_SPLINE_SURFACE_WITH_KNOTS('',3,1,((#8621,#8622),(#8623,#8624),(#8625,
#8626),(#8627,#8628),(#8629,#8630)),.UNSPECIFIED.,.F.,.F.,.F.,(4,1,4),(2,
2),(0.,0.0381779768113061,0.0798367810966748),(0.,0.0999999999999998),
 .UNSPECIFIED.);
#5160=B_SPLINE_SURFACE_WITH_KNOTS('',3,1,((#8644,#8645),(#8646,#8647),(#8648,
#8649),(#8650,#8651),(#8652,#8653)),.UNSPECIFIED.,.F.,.F.,.F.,(4,1,4),(2,
2),(0.,0.0510986609457371,0.109825056276117),(0.,0.0999999999999998),
 .UNSPECIFIED.);
#5161=B_SPLINE_SURFACE_WITH_KNOTS('',3,1,((#8667,#8668),(#8669,#8670),(#8671,
#8672),(#8673,#8674),(#8675,#8676)),.UNSPECIFIED.,.F.,.F.,.F.,(4,1,4),(2,
2),(0.,0.0392858433758661,0.0749171977284496),(0.,0.0999999999999998),
 .UNSPECIFIED.);
#5162=B_SPLINE_SURFACE_WITH_KNOTS('',3,1,((#8690,#8691),(#8692,#8693),(#8694,
#8695),(#8696,#8697),(#8698,#8699)),.UNSPECIFIED.,.F.,.F.,.F.,(4,1,4),(2,
2),(0.,0.0409368326840399,0.0818683364729968),(0.,0.0999999999999998),
 .UNSPECIFIED.);
#5163=B_SPLINE_SURFACE_WITH_KNOTS('',3,1,((#8713,#8714),(#8715,#8716),(#8717,
#8718),(#8719,#8720),(#8721,#8722)),.UNSPECIFIED.,.F.,.F.,.F.,(4,1,4),(2,
2),(0.,0.0432095406245728,0.0851117339891027),(0.,0.0999999999999998),
 .UNSPECIFIED.);
#5164=B_SPLINE_SURFACE_WITH_KNOTS('',3,1,((#8761,#8762),(#8763,#8764),(#8765,
#8766),(#8767,#8768),(#8769,#8770)),.UNSPECIFIED.,.F.,.F.,.F.,(4,1,4),(2,
2),(0.,0.0257159377841895,0.0623539180385239),(0.,0.0999999999999998),
 .UNSPECIFIED.);
#5165=B_SPLINE_SURFACE_WITH_KNOTS('',3,1,((#8784,#8785),(#8786,#8787),(#8788,
#8789),(#8790,#8791),(#8792,#8793)),.UNSPECIFIED.,.F.,.F.,.F.,(4,1,4),(2,
2),(0.,0.0220937569276558,0.0437340033747627),(0.,0.0999999999999998),
 .UNSPECIFIED.);
#5166=B_SPLINE_SURFACE_WITH_KNOTS('',3,1,((#8807,#8808),(#8809,#8810),(#8811,
#8812),(#8813,#8814),(#8815,#8816)),.UNSPECIFIED.,.F.,.F.,.F.,(4,1,4),(2,
2),(0.,0.0222897498446723,0.0447895166153289),(0.,0.0999999999999998),
 .UNSPECIFIED.);
#5167=B_SPLINE_SURFACE_WITH_KNOTS('',3,1,((#8830,#8831),(#8832,#8833),(#8834,
#8835),(#8836,#8837),(#8838,#8839)),.UNSPECIFIED.,.F.,.F.,.F.,(4,1,4),(2,
2),(0.,0.0382260993055383,0.0655554098906238),(0.,0.0999999999999998),
 .UNSPECIFIED.);
#5168=B_SPLINE_SURFACE_WITH_KNOTS('',3,1,((#8883,#8884),(#8885,#8886),(#8887,
#8888),(#8889,#8890),(#8891,#8892)),.UNSPECIFIED.,.F.,.F.,.F.,(4,1,4),(2,
2),(0.,0.065802774560767,0.14796866466609),(0.,0.0999999999999998),
 .UNSPECIFIED.);
#5169=B_SPLINE_SURFACE_WITH_KNOTS('',3,1,((#8906,#8907),(#8908,#8909),(#8910,
#8911),(#8912,#8913),(#8914,#8915)),.UNSPECIFIED.,.F.,.F.,.F.,(4,1,4),(2,
2),(0.,0.0683992956538917,0.129696490427147),(0.,0.0999999999999998),
 .UNSPECIFIED.);
#5170=B_SPLINE_SURFACE_WITH_KNOTS('',3,1,((#8929,#8930),(#8931,#8932),(#8933,
#8934),(#8935,#8936),(#8937,#8938)),.UNSPECIFIED.,.F.,.F.,.F.,(4,1,4),(2,
2),(0.,0.0576125778451465,0.123672100613082),(0.,0.0999999999999998),
 .UNSPECIFIED.);
#5171=B_SPLINE_SURFACE_WITH_KNOTS('',3,1,((#8952,#8953),(#8954,#8955),(#8956,
#8957),(#8958,#8959),(#8960,#8961)),.UNSPECIFIED.,.F.,.F.,.F.,(4,1,4),(2,
2),(0.,0.0740465178522013,0.134313575007531),(0.,0.0999999999999998),
 .UNSPECIFIED.);
#5172=B_SPLINE_SURFACE_WITH_KNOTS('',3,3,((#9197,#9198,#9199,#9200,#9201,
#9202,#9203,#9204,#9205),(#9206,#9207,#9208,#9209,#9210,#9211,#9212,#9213,
#9214),(#9215,#9216,#9217,#9218,#9219,#9220,#9221,#9222,#9223),(#9224,#9225,
#9226,#9227,#9228,#9229,#9230,#9231,#9232),(#9233,#9234,#9235,#9236,#9237,
#9238,#9239,#9240,#9241),(#9242,#9243,#9244,#9245,#9246,#9247,#9248,#9249,
#9250)),.UNSPECIFIED.,.F.,.F.,.F.,(4,1,1,4),(4,1,1,1,1,1,4),(0.,0.285714285714286,
0.571428571428571,1.),(6.19061143563688E-16,0.237674648328982,0.316899531105309,
0.475349296657964,0.633799062210618,0.792248827763273,1.10914835886858),
 .UNSPECIFIED.);
#5173=B_SPLINE_SURFACE_WITH_KNOTS('',3,3,((#9279,#9280,#9281,#9282,#9283,
#9284,#9285,#9286,#9287),(#9288,#9289,#9290,#9291,#9292,#9293,#9294,#9295,
#9296),(#9297,#9298,#9299,#9300,#9301,#9302,#9303,#9304,#9305),(#9306,#9307,
#9308,#9309,#9310,#9311,#9312,#9313,#9314),(#9315,#9316,#9317,#9318,#9319,
#9320,#9321,#9322,#9323),(#9324,#9325,#9326,#9327,#9328,#9329,#9330,#9331,
#9332)),.UNSPECIFIED.,.F.,.F.,.F.,(4,1,1,4),(4,1,1,1,1,1,4),(0.,0.285714285714286,
0.571428571428571,1.),(1.90435239381274E-16,0.289884545077014,0.869653635231042,
1.15953818030806,1.44942272538507,1.73930727046208,2.0291918155391),
 .UNSPECIFIED.);
#5174=B_SPLINE_SURFACE_WITH_KNOTS('',3,1,((#9525,#9526),(#9527,#9528),(#9529,
#9530),(#9531,#9532),(#9533,#9534)),.UNSPECIFIED.,.F.,.F.,.F.,(4,1,4),(2,
2),(0.,0.0322421374460176,0.0695207960367265),(0.,0.0999999999999998),
 .UNSPECIFIED.);
#5175=B_SPLINE_SURFACE_WITH_KNOTS('',3,1,((#9551,#9552),(#9553,#9554),(#9555,
#9556),(#9557,#9558),(#9559,#9560)),.UNSPECIFIED.,.F.,.F.,.F.,(4,1,4),(2,
2),(0.,0.0360465355592345,0.067939577028743),(0.,0.0999999999999998),
 .UNSPECIFIED.);
#5176=B_SPLINE_SURFACE_WITH_KNOTS('',3,1,((#9574,#9575),(#9576,#9577),(#9578,
#9579),(#9580,#9581),(#9582,#9583)),.UNSPECIFIED.,.F.,.F.,.F.,(4,1,4),(2,
2),(0.,0.0321009470383701,0.0684134360616355),(0.,0.0999999999999998),
 .UNSPECIFIED.);
#5177=B_SPLINE_SURFACE_WITH_KNOTS('',3,1,((#9597,#9598),(#9599,#9600),(#9601,
#9602),(#9603,#9604),(#9605,#9606)),.UNSPECIFIED.,.F.,.F.,.F.,(4,1,4),(2,
2),(0.,0.0368606813857421,0.069174699519458),(0.,0.0999999999999998),
 .UNSPECIFIED.);
#5178=B_SPLINE_SURFACE_WITH_KNOTS('',3,1,((#9638,#9639),(#9640,#9641),(#9642,
#9643),(#9644,#9645),(#9646,#9647)),.UNSPECIFIED.,.F.,.F.,.F.,(4,1,4),(2,
2),(0.,0.0462548126898682,0.0859521372230913),(0.,0.0999999999999998),
 .UNSPECIFIED.);
#5179=B_SPLINE_SURFACE_WITH_KNOTS('',3,1,((#9661,#9662),(#9663,#9664),(#9665,
#9666),(#9667,#9668),(#9669,#9670)),.UNSPECIFIED.,.F.,.F.,.F.,(4,1,4),(2,
2),(0.,0.0348595682561364,0.0667101736563706),(0.,0.0999999999999998),
 .UNSPECIFIED.);
#5180=B_SPLINE_SURFACE_WITH_KNOTS('',3,1,((#9684,#9685),(#9686,#9687),(#9688,
#9689),(#9690,#9691),(#9692,#9693)),.UNSPECIFIED.,.F.,.F.,.F.,(4,1,4),(2,
2),(0.,0.0332784824830178,0.0686602044972776),(0.,0.0999999999999998),
 .UNSPECIFIED.);
#5181=B_SPLINE_SURFACE_WITH_KNOTS('',3,1,((#9707,#9708),(#9709,#9710),(#9711,
#9712),(#9713,#9714),(#9715,#9716)),.UNSPECIFIED.,.F.,.F.,.F.,(4,1,4),(2,
2),(0.,0.0403337147081173,0.0752370512021768),(0.,0.0999999999999998),
 .UNSPECIFIED.);
#5182=B_SPLINE_SURFACE_WITH_KNOTS('',3,1,((#9730,#9731),(#9732,#9733),(#9734,
#9735),(#9736,#9737),(#9738,#9739)),.UNSPECIFIED.,.F.,.F.,.F.,(4,1,4),(2,
2),(0.,0.0381779768113061,0.0798367810966748),(0.,0.0999999999999998),
 .UNSPECIFIED.);
#5183=B_SPLINE_SURFACE_WITH_KNOTS('',3,1,((#9753,#9754),(#9755,#9756),(#9757,
#9758),(#9759,#9760),(#9761,#9762)),.UNSPECIFIED.,.F.,.F.,.F.,(4,1,4),(2,
2),(0.,0.0510986609457371,0.109825056276117),(0.,0.0999999999999998),
 .UNSPECIFIED.);
#5184=B_SPLINE_SURFACE_WITH_KNOTS('',3,1,((#9776,#9777),(#9778,#9779),(#9780,
#9781),(#9782,#9783),(#9784,#9785)),.UNSPECIFIED.,.F.,.F.,.F.,(4,1,4),(2,
2),(0.,0.0392858433758661,0.0749171977284496),(0.,0.0999999999999998),
 .UNSPECIFIED.);
#5185=B_SPLINE_SURFACE_WITH_KNOTS('',3,1,((#9799,#9800),(#9801,#9802),(#9803,
#9804),(#9805,#9806),(#9807,#9808)),.UNSPECIFIED.,.F.,.F.,.F.,(4,1,4),(2,
2),(0.,0.0409368326840399,0.0818683364729968),(0.,0.0999999999999998),
 .UNSPECIFIED.);
#5186=B_SPLINE_SURFACE_WITH_KNOTS('',3,1,((#9822,#9823),(#9824,#9825),(#9826,
#9827),(#9828,#9829),(#9830,#9831)),.UNSPECIFIED.,.F.,.F.,.F.,(4,1,4),(2,
2),(0.,0.0432095406245728,0.0851117339891027),(0.,0.0999999999999998),
 .UNSPECIFIED.);
#5187=B_SPLINE_SURFACE_WITH_KNOTS('',3,1,((#9871,#9872),(#9873,#9874),(#9875,
#9876),(#9877,#9878),(#9879,#9880)),.UNSPECIFIED.,.F.,.F.,.F.,(4,1,4),(2,
2),(0.,0.0257159377841895,0.0623539180385239),(0.,0.0999999999999998),
 .UNSPECIFIED.);
#5188=B_SPLINE_SURFACE_WITH_KNOTS('',3,1,((#9894,#9895),(#9896,#9897),(#9898,
#9899),(#9900,#9901),(#9902,#9903)),.UNSPECIFIED.,.F.,.F.,.F.,(4,1,4),(2,
2),(0.,0.0220937569276558,0.0437340033747627),(0.,0.0999999999999998),
 .UNSPECIFIED.);
#5189=B_SPLINE_SURFACE_WITH_KNOTS('',3,1,((#9917,#9918),(#9919,#9920),(#9921,
#9922),(#9923,#9924),(#9925,#9926)),.UNSPECIFIED.,.F.,.F.,.F.,(4,1,4),(2,
2),(0.,0.0222897498446723,0.0447895166153289),(0.,0.0999999999999998),
 .UNSPECIFIED.);
#5190=B_SPLINE_SURFACE_WITH_KNOTS('',3,1,((#9940,#9941),(#9942,#9943),(#9944,
#9945),(#9946,#9947),(#9948,#9949)),.UNSPECIFIED.,.F.,.F.,.F.,(4,1,4),(2,
2),(0.,0.0382260993055383,0.0655554098906238),(0.,0.0999999999999998),
 .UNSPECIFIED.);
#5191=B_SPLINE_SURFACE_WITH_KNOTS('',3,1,((#9993,#9994),(#9995,#9996),(#9997,
#9998),(#9999,#10000),(#10001,#10002)),.UNSPECIFIED.,.F.,.F.,.F.,(4,1,4),
(2,2),(0.,0.065802774560767,0.14796866466609),(0.,0.0999999999999998),
 .UNSPECIFIED.);
#5192=B_SPLINE_SURFACE_WITH_KNOTS('',3,1,((#10016,#10017),(#10018,#10019),
(#10020,#10021),(#10022,#10023),(#10024,#10025)),.UNSPECIFIED.,.F.,.F.,
 .F.,(4,1,4),(2,2),(0.,0.0683992956538917,0.129696490427147),(0.,0.0999999999999998),
 .UNSPECIFIED.);
#5193=B_SPLINE_SURFACE_WITH_KNOTS('',3,1,((#10039,#10040),(#10041,#10042),
(#10043,#10044),(#10045,#10046),(#10047,#10048)),.UNSPECIFIED.,.F.,.F.,
 .F.,(4,1,4),(2,2),(0.,0.0576125778451465,0.123672100613082),(0.,0.0999999999999998),
 .UNSPECIFIED.);
#5194=B_SPLINE_SURFACE_WITH_KNOTS('',3,1,((#10062,#10063),(#10064,#10065),
(#10066,#10067),(#10068,#10069),(#10070,#10071)),.UNSPECIFIED.,.F.,.F.,
 .F.,(4,1,4),(2,2),(0.,0.0740465178522013,0.134313575007531),(0.,0.0999999999999998),
 .UNSPECIFIED.);
#5195=ADVANCED_FACE('',(#1428),#5149,.F.);
#5196=ADVANCED_FACE('',(#1429),#1345,.T.);
#5197=ADVANCED_FACE('',(#1430),#1346,.T.);
#5198=ADVANCED_FACE('',(#1431),#1347,.F.);
#5199=ADVANCED_FACE('',(#1432),#93,.F.);
#5200=ADVANCED_FACE('',(#1433,#69,#70,#71),#94,.F.);
#5201=ADVANCED_FACE('',(#1434),#1348,.T.);
#5202=ADVANCED_FACE('',(#1435),#1349,.T.);
#5203=ADVANCED_FACE('',(#1436),#1350,.T.);
#5204=ADVANCED_FACE('',(#1437),#5150,.F.);
#5205=ADVANCED_FACE('',(#1438),#95,.F.);
#5206=ADVANCED_FACE('',(#1439),#1351,.F.);
#5207=ADVANCED_FACE('',(#1440),#96,.F.);
#5208=ADVANCED_FACE('',(#1441),#97,.F.);
#5209=ADVANCED_FACE('',(#1442),#98,.F.);
#5210=ADVANCED_FACE('',(#1443),#99,.F.);
#5211=ADVANCED_FACE('',(#1444),#1352,.F.);
#5212=ADVANCED_FACE('',(#1445),#1353,.F.);
#5213=ADVANCED_FACE('',(#1446),#100,.F.);
#5214=ADVANCED_FACE('',(#1447),#101,.F.);
#5215=ADVANCED_FACE('',(#1448),#102,.F.);
#5216=ADVANCED_FACE('',(#1449),#103,.F.);
#5217=ADVANCED_FACE('',(#1450),#104,.F.);
#5218=ADVANCED_FACE('',(#1451),#105,.F.);
#5219=ADVANCED_FACE('',(#1452),#106,.F.);
#5220=ADVANCED_FACE('',(#1453),#65,.F.);
#5221=ADVANCED_FACE('',(#1454),#1354,.F.);
#5222=ADVANCED_FACE('',(#1455),#66,.F.);
#5223=ADVANCED_FACE('',(#1456),#1355,.F.);
#5224=ADVANCED_FACE('',(#1457),#1356,.F.);
#5225=ADVANCED_FACE('',(#1458),#1357,.F.);
#5226=ADVANCED_FACE('',(#1459),#1358,.F.);
#5227=ADVANCED_FACE('',(#1460),#1359,.F.);
#5228=ADVANCED_FACE('',(#1461),#1360,.T.);
#5229=ADVANCED_FACE('',(#1462),#1361,.T.);
#5230=ADVANCED_FACE('',(#1463),#1362,.T.);
#5231=ADVANCED_FACE('',(#1464),#1363,.T.);
#5232=ADVANCED_FACE('',(#1465,#72,#73),#107,.T.);
#5233=ADVANCED_FACE('',(#1466,#74),#108,.F.);
#5234=ADVANCED_FACE('',(#1467),#67,.F.);
#5235=ADVANCED_FACE('',(#1468),#1364,.T.);
#5236=ADVANCED_FACE('',(#1469),#109,.T.);
#5237=ADVANCED_FACE('',(#1470),#110,.T.);
#5238=ADVANCED_FACE('',(#1471),#111,.T.);
#5239=ADVANCED_FACE('',(#1472),#1365,.T.);
#5240=ADVANCED_FACE('',(#1473),#112,.T.);
#5241=ADVANCED_FACE('',(#1474,#75),#113,.F.);
#5242=ADVANCED_FACE('',(#1475,#76),#114,.T.);
#5243=ADVANCED_FACE('',(#1476),#68,.F.);
#5244=ADVANCED_FACE('',(#1477),#115,.T.);
#5245=ADVANCED_FACE('',(#1478),#1366,.T.);
#5246=ADVANCED_FACE('',(#1479),#116,.T.);
#5247=ADVANCED_FACE('',(#1480),#117,.T.);
#5248=ADVANCED_FACE('',(#1481),#118,.T.);
#5249=ADVANCED_FACE('',(#1482),#1367,.T.);
#5250=ADVANCED_FACE('',(#1483,#77),#119,.F.);
#5251=ADVANCED_FACE('',(#1484,#78),#120,.T.);
#5252=ADVANCED_FACE('',(#1485),#31,.T.);
#5253=ADVANCED_FACE('',(#1486),#32,.T.);
#5254=ADVANCED_FACE('',(#1487),#15,.T.);
#5255=ADVANCED_FACE('',(#1488),#33,.T.);
#5256=ADVANCED_FACE('',(#1489),#34,.T.);
#5257=ADVANCED_FACE('',(#1490),#16,.T.);
#5258=ADVANCED_FACE('',(#1491),#1368,.T.);
#5259=ADVANCED_FACE('',(#1492),#1369,.T.);
#5260=ADVANCED_FACE('',(#1493),#1370,.T.);
#5261=ADVANCED_FACE('',(#1494),#1371,.T.);
#5262=ADVANCED_FACE('',(#1495),#1372,.T.);
#5263=ADVANCED_FACE('',(#1496),#1373,.T.);
#5264=ADVANCED_FACE('',(#1497),#1374,.F.);
#5265=ADVANCED_FACE('',(#1498),#121,.T.);
#5266=ADVANCED_FACE('',(#1499),#122,.F.);
#5267=ADVANCED_FACE('',(#1500),#35,.T.);
#5268=ADVANCED_FACE('',(#1501),#36,.T.);
#5269=ADVANCED_FACE('',(#1502),#17,.T.);
#5270=ADVANCED_FACE('',(#1503),#37,.T.);
#5271=ADVANCED_FACE('',(#1504),#38,.T.);
#5272=ADVANCED_FACE('',(#1505),#18,.T.);
#5273=ADVANCED_FACE('',(#1506),#1375,.T.);
#5274=ADVANCED_FACE('',(#1507),#1376,.T.);
#5275=ADVANCED_FACE('',(#1508),#1377,.T.);
#5276=ADVANCED_FACE('',(#1509),#1378,.T.);
#5277=ADVANCED_FACE('',(#1510),#1379,.T.);
#5278=ADVANCED_FACE('',(#1511),#1380,.T.);
#5279=ADVANCED_FACE('',(#1512),#1381,.F.);
#5280=ADVANCED_FACE('',(#1513),#123,.T.);
#5281=ADVANCED_FACE('',(#1514),#124,.F.);
#5282=ADVANCED_FACE('',(#1515),#39,.T.);
#5283=ADVANCED_FACE('',(#1516),#40,.T.);
#5284=ADVANCED_FACE('',(#1517),#41,.T.);
#5285=ADVANCED_FACE('',(#1518),#42,.T.);
#5286=ADVANCED_FACE('',(#1519),#1382,.T.);
#5287=ADVANCED_FACE('',(#1520),#19,.T.);
#5288=ADVANCED_FACE('',(#1521),#1383,.T.);
#5289=ADVANCED_FACE('',(#1522),#1384,.T.);
#5290=ADVANCED_FACE('',(#1523),#20,.T.);
#5291=ADVANCED_FACE('',(#1524),#1385,.T.);
#5292=ADVANCED_FACE('',(#1525),#1386,.T.);
#5293=ADVANCED_FACE('',(#1526),#1387,.T.);
#5294=ADVANCED_FACE('',(#1527),#1388,.F.);
#5295=ADVANCED_FACE('',(#1528),#125,.T.);
#5296=ADVANCED_FACE('',(#1529),#126,.F.);
#5297=ADVANCED_FACE('',(#1530),#1389,.T.);
#5298=ADVANCED_FACE('',(#1531),#127,.F.);
#5299=ADVANCED_FACE('',(#1532),#1390,.T.);
#5300=ADVANCED_FACE('',(#1533),#128,.T.);
#5301=ADVANCED_FACE('',(#1534),#129,.F.);
#5302=ADVANCED_FACE('',(#1535),#1391,.T.);
#5303=ADVANCED_FACE('',(#1536),#21,.T.);
#5304=ADVANCED_FACE('',(#1537),#1392,.T.);
#5305=ADVANCED_FACE('',(#1538),#22,.T.);
#5306=ADVANCED_FACE('',(#1539),#1393,.T.);
#5307=ADVANCED_FACE('',(#1540),#23,.T.);
#5308=ADVANCED_FACE('',(#1541),#1394,.T.);
#5309=ADVANCED_FACE('',(#1542),#24,.T.);
#5310=ADVANCED_FACE('',(#1543),#1395,.T.);
#5311=ADVANCED_FACE('',(#1544),#1396,.T.);
#5312=ADVANCED_FACE('',(#1545),#130,.T.);
#5313=ADVANCED_FACE('',(#1546),#1397,.T.);
#5314=ADVANCED_FACE('',(#1547),#131,.F.);
#5315=ADVANCED_FACE('',(#1548),#1398,.F.);
#5316=ADVANCED_FACE('',(#1549),#132,.F.);
#5317=ADVANCED_FACE('',(#1550),#1399,.F.);
#5318=ADVANCED_FACE('',(#1551),#133,.F.);
#5319=ADVANCED_FACE('',(#1552),#1400,.T.);
#5320=ADVANCED_FACE('',(#1553),#134,.T.);
#5321=ADVANCED_FACE('',(#1554),#135,.F.);
#5322=ADVANCED_FACE('',(#1555),#43,.T.);
#5323=ADVANCED_FACE('',(#1556),#44,.T.);
#5324=ADVANCED_FACE('',(#1557),#25,.T.);
#5325=ADVANCED_FACE('',(#1558),#45,.T.);
#5326=ADVANCED_FACE('',(#1559),#46,.T.);
#5327=ADVANCED_FACE('',(#1560),#26,.T.);
#5328=ADVANCED_FACE('',(#1561),#1401,.T.);
#5329=ADVANCED_FACE('',(#1562),#1402,.T.);
#5330=ADVANCED_FACE('',(#1563),#1403,.T.);
#5331=ADVANCED_FACE('',(#1564),#1404,.T.);
#5332=ADVANCED_FACE('',(#1565),#1405,.T.);
#5333=ADVANCED_FACE('',(#1566),#1406,.T.);
#5334=ADVANCED_FACE('',(#1567),#1407,.T.);
#5335=ADVANCED_FACE('',(#1568),#1408,.T.);
#5336=ADVANCED_FACE('',(#1569),#1409,.F.);
#5337=ADVANCED_FACE('',(#1570,#79),#136,.T.);
#5338=ADVANCED_FACE('',(#1571),#137,.T.);
#5339=ADVANCED_FACE('',(#1572),#138,.F.);
#5340=ADVANCED_FACE('',(#1573),#5151,.F.);
#5341=ADVANCED_FACE('',(#1574),#5152,.F.);
#5342=ADVANCED_FACE('',(#1575),#5153,.F.);
#5343=ADVANCED_FACE('',(#1576),#5154,.F.);
#5344=ADVANCED_FACE('',(#1577),#139,.F.);
#5345=ADVANCED_FACE('',(#1578),#140,.F.);
#5346=ADVANCED_FACE('',(#1579),#141,.F.);
#5347=ADVANCED_FACE('',(#1580),#5155,.F.);
#5348=ADVANCED_FACE('',(#1581),#5156,.F.);
#5349=ADVANCED_FACE('',(#1582),#5157,.F.);
#5350=ADVANCED_FACE('',(#1583),#5158,.F.);
#5351=ADVANCED_FACE('',(#1584),#5159,.F.);
#5352=ADVANCED_FACE('',(#1585),#5160,.F.);
#5353=ADVANCED_FACE('',(#1586),#5161,.F.);
#5354=ADVANCED_FACE('',(#1587),#5162,.F.);
#5355=ADVANCED_FACE('',(#1588),#5163,.F.);
#5356=ADVANCED_FACE('',(#1589),#142,.F.);
#5357=ADVANCED_FACE('',(#1590),#143,.F.);
#5358=ADVANCED_FACE('',(#1591),#144,.F.);
#5359=ADVANCED_FACE('',(#1592),#145,.T.);
#5360=ADVANCED_FACE('',(#1593),#146,.F.);
#5361=ADVANCED_FACE('',(#1594),#5164,.F.);
#5362=ADVANCED_FACE('',(#1595),#5165,.F.);
#5363=ADVANCED_FACE('',(#1596),#5166,.F.);
#5364=ADVANCED_FACE('',(#1597),#5167,.F.);
#5365=ADVANCED_FACE('',(#1598),#147,.F.);
#5366=ADVANCED_FACE('',(#1599),#148,.F.);
#5367=ADVANCED_FACE('',(#1600),#149,.F.);
#5368=ADVANCED_FACE('',(#1601),#150,.F.);
#5369=ADVANCED_FACE('',(#1602),#151,.F.);
#5370=ADVANCED_FACE('',(#1603),#5168,.F.);
#5371=ADVANCED_FACE('',(#1604),#5169,.F.);
#5372=ADVANCED_FACE('',(#1605),#5170,.F.);
#5373=ADVANCED_FACE('',(#1606),#5171,.F.);
#5374=ADVANCED_FACE('',(#1607),#152,.F.);
#5375=ADVANCED_FACE('',(#1608),#153,.F.);
#5376=ADVANCED_FACE('',(#1609,#80),#154,.T.);
#5377=ADVANCED_FACE('',(#1610),#155,.F.);
#5378=ADVANCED_FACE('',(#1611),#156,.F.);
#5379=ADVANCED_FACE('',(#1612),#157,.F.);
#5380=ADVANCED_FACE('',(#1613),#158,.F.);
#5381=ADVANCED_FACE('',(#1614),#159,.F.);
#5382=ADVANCED_FACE('',(#1615),#160,.F.);
#5383=ADVANCED_FACE('',(#1616),#161,.F.);
#5384=ADVANCED_FACE('',(#1617),#162,.F.);
#5385=ADVANCED_FACE('',(#1618,#81,#82,#83),#163,.T.);
#5386=ADVANCED_FACE('',(#1619),#164,.F.);
#5387=ADVANCED_FACE('',(#1620),#165,.F.);
#5388=ADVANCED_FACE('',(#1621),#166,.T.);
#5389=ADVANCED_FACE('',(#1622),#167,.T.);
#5390=ADVANCED_FACE('',(#1623),#168,.T.);
#5391=ADVANCED_FACE('',(#1624),#169,.T.);
#5392=ADVANCED_FACE('',(#1625),#1410,.T.);
#5393=ADVANCED_FACE('',(#1626),#1411,.T.);
#5394=ADVANCED_FACE('',(#1627),#1412,.T.);
#5395=ADVANCED_FACE('',(#1628),#27,.T.);
#5396=ADVANCED_FACE('',(#1629),#28,.T.);
#5397=ADVANCED_FACE('',(#1630),#1413,.T.);
#5398=ADVANCED_FACE('',(#1631),#170,.T.);
#5399=ADVANCED_FACE('',(#1632),#171,.F.);
#5400=ADVANCED_FACE('',(#1633),#172,.F.);
#5401=ADVANCED_FACE('',(#1634),#29,.T.);
#5402=ADVANCED_FACE('',(#1635),#5172,.F.);
#5403=ADVANCED_FACE('',(#1636),#1414,.F.);
#5404=ADVANCED_FACE('',(#1637),#30,.T.);
#5405=ADVANCED_FACE('',(#1638),#5173,.F.);
#5406=ADVANCED_FACE('',(#1639),#1415,.F.);
#5407=ADVANCED_FACE('',(#1640),#173,.F.);
#5408=ADVANCED_FACE('',(#1641),#174,.F.);
#5409=ADVANCED_FACE('',(#1642),#1416,.T.);
#5410=ADVANCED_FACE('',(#1643),#1417,.F.);
#5411=ADVANCED_FACE('',(#1644),#175,.F.);
#5412=ADVANCED_FACE('',(#1645),#1418,.F.);
#5413=ADVANCED_FACE('',(#1646),#176,.F.);
#5414=ADVANCED_FACE('',(#1647),#177,.F.);
#5415=ADVANCED_FACE('',(#1648),#1419,.F.);
#5416=ADVANCED_FACE('',(#1649),#1420,.F.);
#5417=ADVANCED_FACE('',(#1650,#84,#85,#86),#178,.F.);
#5418=ADVANCED_FACE('',(#1651),#1421,.T.);
#5419=ADVANCED_FACE('',(#1652),#179,.T.);
#5420=ADVANCED_FACE('',(#1653),#180,.F.);
#5421=ADVANCED_FACE('',(#1654),#181,.T.);
#5422=ADVANCED_FACE('',(#1655,#87),#1422,.T.);
#5423=ADVANCED_FACE('',(#1656),#182,.T.);
#5424=ADVANCED_FACE('',(#1657,#88),#1423,.T.);
#5425=ADVANCED_FACE('',(#1658),#183,.T.);
#5426=ADVANCED_FACE('',(#1659,#89),#1424,.T.);
#5427=ADVANCED_FACE('',(#1660,#90),#1425,.T.);
#5428=ADVANCED_FACE('',(#1661),#184,.T.);
#5429=ADVANCED_FACE('',(#1662),#185,.T.);
#5430=ADVANCED_FACE('',(#1663),#186,.T.);
#5431=ADVANCED_FACE('',(#1664),#187,.F.);
#5432=ADVANCED_FACE('',(#1665),#188,.F.);
#5433=ADVANCED_FACE('',(#1666),#189,.F.);
#5434=ADVANCED_FACE('',(#1667),#190,.F.);
#5435=ADVANCED_FACE('',(#1668),#191,.F.);
#5436=ADVANCED_FACE('',(#1669),#192,.F.);
#5437=ADVANCED_FACE('',(#1670),#193,.F.);
#5438=ADVANCED_FACE('',(#1671),#194,.F.);
#5439=ADVANCED_FACE('',(#1672),#195,.F.);
#5440=ADVANCED_FACE('',(#1673),#196,.F.);
#5441=ADVANCED_FACE('',(#1674),#197,.F.);
#5442=ADVANCED_FACE('',(#1675),#198,.F.);
#5443=ADVANCED_FACE('',(#1676),#199,.F.);
#5444=ADVANCED_FACE('',(#1677),#200,.F.);
#5445=ADVANCED_FACE('',(#1678),#201,.F.);
#5446=ADVANCED_FACE('',(#1679),#202,.F.);
#5447=ADVANCED_FACE('',(#1680),#203,.F.);
#5448=ADVANCED_FACE('',(#1681),#204,.T.);
#5449=ADVANCED_FACE('',(#1682),#205,.T.);
#5450=ADVANCED_FACE('',(#1683),#1426,.T.);
#5451=ADVANCED_FACE('',(#1684),#206,.T.);
#5452=ADVANCED_FACE('',(#1685),#1427,.T.);
#5453=ADVANCED_FACE('',(#1686),#207,.T.);
#5454=ADVANCED_FACE('',(#1687),#208,.T.);
#5455=ADVANCED_FACE('',(#1688),#5174,.T.);
#5456=ADVANCED_FACE('',(#1689),#5175,.T.);
#5457=ADVANCED_FACE('',(#1690),#5176,.T.);
#5458=ADVANCED_FACE('',(#1691),#5177,.T.);
#5459=ADVANCED_FACE('',(#1692),#209,.T.);
#5460=ADVANCED_FACE('',(#1693),#210,.T.);
#5461=ADVANCED_FACE('',(#1694),#211,.T.);
#5462=ADVANCED_FACE('',(#1695),#5178,.T.);
#5463=ADVANCED_FACE('',(#1696),#5179,.T.);
#5464=ADVANCED_FACE('',(#1697),#5180,.T.);
#5465=ADVANCED_FACE('',(#1698),#5181,.T.);
#5466=ADVANCED_FACE('',(#1699),#5182,.T.);
#5467=ADVANCED_FACE('',(#1700),#5183,.T.);
#5468=ADVANCED_FACE('',(#1701),#5184,.T.);
#5469=ADVANCED_FACE('',(#1702),#5185,.T.);
#5470=ADVANCED_FACE('',(#1703),#5186,.T.);
#5471=ADVANCED_FACE('',(#1704),#212,.T.);
#5472=ADVANCED_FACE('',(#1705),#213,.T.);
#5473=ADVANCED_FACE('',(#1706),#214,.T.);
#5474=ADVANCED_FACE('',(#1707),#215,.T.);
#5475=ADVANCED_FACE('',(#1708),#216,.F.);
#5476=ADVANCED_FACE('',(#1709),#217,.T.);
#5477=ADVANCED_FACE('',(#1710),#5187,.T.);
#5478=ADVANCED_FACE('',(#1711),#5188,.T.);
#5479=ADVANCED_FACE('',(#1712),#5189,.T.);
#5480=ADVANCED_FACE('',(#1713),#5190,.T.);
#5481=ADVANCED_FACE('',(#1714),#218,.T.);
#5482=ADVANCED_FACE('',(#1715),#219,.T.);
#5483=ADVANCED_FACE('',(#1716),#220,.T.);
#5484=ADVANCED_FACE('',(#1717),#221,.T.);
#5485=ADVANCED_FACE('',(#1718),#222,.T.);
#5486=ADVANCED_FACE('',(#1719),#5191,.T.);
#5487=ADVANCED_FACE('',(#1720),#5192,.T.);
#5488=ADVANCED_FACE('',(#1721),#5193,.T.);
#5489=ADVANCED_FACE('',(#1722),#5194,.T.);
#5490=ADVANCED_FACE('',(#1723),#223,.T.);
#5491=ADVANCED_FACE('',(#1724),#224,.T.);
#5492=ADVANCED_FACE('',(#1725,#91),#225,.T.);
#5493=ADVANCED_FACE('',(#1726,#92),#226,.F.);
#5494=ADVANCED_FACE('',(#1727),#227,.T.);
#5495=ADVANCED_FACE('',(#1728),#228,.T.);
#5496=ADVANCED_FACE('',(#1729),#229,.T.);
#5497=ADVANCED_FACE('',(#1730),#230,.T.);
#5498=ADVANCED_FACE('',(#1731),#231,.T.);
#5499=ADVANCED_FACE('',(#1732),#232,.T.);
#5500=ADVANCED_FACE('',(#1733),#233,.T.);
#5501=ADVANCED_FACE('',(#1734),#234,.T.);
#5502=ADVANCED_FACE('',(#1735),#235,.T.);
#5503=CLOSED_SHELL('',(#5195,#5196,#5197,#5198,#5199,#5200,#5201,#5202,
#5203,#5204,#5205,#5206,#5207,#5208,#5209,#5210,#5211,#5212,#5213,#5214,
#5215,#5216,#5217,#5218,#5219,#5220,#5221,#5222,#5223,#5224,#5225,#5226,
#5227,#5228,#5229,#5230,#5231,#5232,#5233));
#5504=CLOSED_SHELL('',(#5234,#5235,#5236,#5237,#5238,#5239,#5240,#5241,
#5242));
#5505=CLOSED_SHELL('',(#5243,#5244,#5245,#5246,#5247,#5248,#5249,#5250,
#5251));
#5506=CLOSED_SHELL('',(#5252,#5253,#5254,#5255,#5256,#5257,#5258,#5259,
#5260,#5261,#5262,#5263,#5264,#5265,#5266,#5267,#5268,#5269,#5270,#5271,
#5272,#5273,#5274,#5275,#5276,#5277,#5278,#5279,#5280,#5281,#5282,#5283,
#5284,#5285,#5286,#5287,#5288,#5289,#5290,#5291,#5292,#5293,#5294,#5295,
#5296,#5297,#5298,#5299,#5300,#5301,#5302,#5303,#5304,#5305,#5306,#5307,
#5308,#5309,#5310,#5311,#5312,#5313,#5314,#5315,#5316,#5317,#5318,#5319,
#5320,#5321,#5322,#5323,#5324,#5325,#5326,#5327,#5328,#5329,#5330,#5331,
#5332,#5333,#5334,#5335,#5336,#5337,#5338,#5339,#5340,#5341,#5342,#5343,
#5344,#5345,#5346,#5347,#5348,#5349,#5350,#5351,#5352,#5353,#5354,#5355,
#5356,#5357,#5358,#5359,#5360,#5361,#5362,#5363,#5364,#5365,#5366,#5367,
#5368,#5369,#5370,#5371,#5372,#5373,#5374,#5375,#5376,#5377,#5378,#5379,
#5380,#5381,#5382,#5383,#5384,#5385,#5386,#5387,#5388,#5389,#5390,#5391,
#5392,#5393,#5394,#5395,#5396,#5397,#5398,#5399,#5400,#5401,#5402,#5403,
#5404,#5405,#5406,#5407,#5408,#5409,#5410,#5411,#5412,#5413,#5414,#5415,
#5416,#5417,#5418,#5419,#5420,#5421,#5422,#5423,#5424,#5425,#5426,#5427,
#5428,#5429,#5430,#5431,#5432,#5433,#5434,#5435,#5436,#5437,#5438,#5439,
#5440,#5441,#5442,#5443,#5444,#5445,#5446,#5447,#5448,#5449,#5450,#5451,
#5452,#5453,#5454));
#5507=CLOSED_SHELL('',(#5455,#5456,#5457,#5458,#5459,#5460,#5461,#5462,
#5463,#5464,#5465,#5466,#5467,#5468,#5469,#5470,#5471,#5472,#5473,#5474,
#5475));
#5508=CLOSED_SHELL('',(#5476,#5477,#5478,#5479,#5480,#5481,#5482,#5483,
#5484,#5485,#5486,#5487,#5488,#5489,#5490,#5491,#5492,#5493));
#5509=CLOSED_SHELL('',(#5494,#5495,#5496,#5497,#5498,#5499,#5500,#5501,
#5502));
#5510=DERIVED_UNIT_ELEMENT(#5512,1.);
#5511=DERIVED_UNIT_ELEMENT(#10148,-3.);
#5512=(
MASS_UNIT()
NAMED_UNIT(*)
SI_UNIT(.KILO.,.GRAM.)
);
#5513=DERIVED_UNIT((#5510,#5511));
#5514=MEASURE_REPRESENTATION_ITEM('density measure',
POSITIVE_RATIO_MEASURE(1060.),#5513);
#5515=PROPERTY_DEFINITION_REPRESENTATION(#5520,#5517);
#5516=PROPERTY_DEFINITION_REPRESENTATION(#5521,#5518);
#5517=REPRESENTATION('material name',(#5519),#10145);
#5518=REPRESENTATION('density',(#5514),#10145);
#5519=DESCRIPTIVE_REPRESENTATION_ITEM('ABS Plastic','ABS Plastic');
#5520=PROPERTY_DEFINITION('material property','material name',#10160);
#5521=PROPERTY_DEFINITION('material property','density of part',#10160);
#5522=AXIS2_PLACEMENT_3D('',#7484,#6021,#6022);
#5523=AXIS2_PLACEMENT_3D('',#7485,#6023,#6024);
#5524=AXIS2_PLACEMENT_3D('',#7518,#6025,#6026);
#5525=AXIS2_PLACEMENT_3D('',#7531,#6027,#6028);
#5526=AXIS2_PLACEMENT_3D('',#7546,#6029,#6030);
#5527=AXIS2_PLACEMENT_3D('',#7559,#6033,#6034);
#5528=AXIS2_PLACEMENT_3D('',#7560,#6035,#6036);
#5529=AXIS2_PLACEMENT_3D('',#7561,#6037,#6038);
#5530=AXIS2_PLACEMENT_3D('',#7565,#6040,#6041);
#5531=AXIS2_PLACEMENT_3D('',#7567,#6043,#6044);
#5532=AXIS2_PLACEMENT_3D('',#7571,#6046,#6047);
#5533=AXIS2_PLACEMENT_3D('',#7573,#6049,#6050);
#5534=AXIS2_PLACEMENT_3D('',#7579,#6054,#6055);
#5535=AXIS2_PLACEMENT_3D('',#7589,#6060,#6061);
#5536=AXIS2_PLACEMENT_3D('',#7591,#6062,#6063);
#5537=AXIS2_PLACEMENT_3D('',#7597,#6066,#6067);
#5538=AXIS2_PLACEMENT_3D('',#7601,#6069,#6070);
#5539=AXIS2_PLACEMENT_3D('',#7611,#6075,#6076);
#5540=AXIS2_PLACEMENT_3D('',#7615,#6079,#6080);
#5541=AXIS2_PLACEMENT_3D('',#7619,#6082,#6083);
#5542=AXIS2_PLACEMENT_3D('',#7634,#6084,#6085);
#5543=AXIS2_PLACEMENT_3D('',#7636,#6086,#6087);
#5544=AXIS2_PLACEMENT_3D('',#7639,#6089,#6090);
#5545=AXIS2_PLACEMENT_3D('',#7640,#6091,#6092);
#5546=AXIS2_PLACEMENT_3D('',#7642,#6093,#6094);
#5547=AXIS2_PLACEMENT_3D('',#7697,#6096,#6097);
#5548=AXIS2_PLACEMENT_3D('',#7702,#6098,#6099);
#5549=AXIS2_PLACEMENT_3D('',#7708,#6103,#6104);
#5550=AXIS2_PLACEMENT_3D('',#7711,#6106,#6107);
#5551=AXIS2_PLACEMENT_3D('',#7712,#6108,#6109);
#5552=AXIS2_PLACEMENT_3D('',#7716,#6112,#6113);
#5553=AXIS2_PLACEMENT_3D('',#7720,#6116,#6117);
#5554=AXIS2_PLACEMENT_3D('',#7726,#6121,#6122);
#5555=AXIS2_PLACEMENT_3D('',#7732,#6126,#6127);
#5556=AXIS2_PLACEMENT_3D('',#7734,#6128,#6129);
#5557=AXIS2_PLACEMENT_3D('',#7742,#6130,#6131);
#5558=AXIS2_PLACEMENT_3D('',#7743,#6132,#6133);
#5559=AXIS2_PLACEMENT_3D('',#7751,#6134,#6135);
#5560=AXIS2_PLACEMENT_3D('',#7753,#6137,#6138);
#5561=AXIS2_PLACEMENT_3D('',#7754,#6139,#6140);
#5562=AXIS2_PLACEMENT_3D('',#7758,#6143,#6144);
#5563=AXIS2_PLACEMENT_3D('',#7760,#6146,#6147);
#5564=AXIS2_PLACEMENT_3D('',#7762,#6149,#6150);
#5565=AXIS2_PLACEMENT_3D('',#7766,#6153,#6154);
#5566=AXIS2_PLACEMENT_3D('',#7770,#6157,#6158);
#5567=AXIS2_PLACEMENT_3D('',#7772,#6160,#6161);
#5568=AXIS2_PLACEMENT_3D('',#7774,#6163,#6164);
#5569=AXIS2_PLACEMENT_3D('',#7776,#6165,#6166);
#5570=AXIS2_PLACEMENT_3D('',#7779,#6168,#6169);
#5571=AXIS2_PLACEMENT_3D('',#7780,#6170,#6171);
#5572=AXIS2_PLACEMENT_3D('',#7782,#6173,#6174);
#5573=AXIS2_PLACEMENT_3D('',#7784,#6175,#6176);
#5574=AXIS2_PLACEMENT_3D('',#7787,#6178,#6179);
#5575=AXIS2_PLACEMENT_3D('',#7788,#6180,#6181);
#5576=AXIS2_PLACEMENT_3D('',#7790,#6183,#6184);
#5577=AXIS2_PLACEMENT_3D('',#7792,#6185,#6186);
#5578=AXIS2_PLACEMENT_3D('',#7795,#6188,#6189);
#5579=AXIS2_PLACEMENT_3D('',#7796,#6190,#6191);
#5580=AXIS2_PLACEMENT_3D('',#7799,#6193,#6194);
#5581=AXIS2_PLACEMENT_3D('',#7800,#6195,#6196);
#5582=AXIS2_PLACEMENT_3D('',#7803,#6198,#6199);
#5583=AXIS2_PLACEMENT_3D('',#7804,#6200,#6201);
#5584=AXIS2_PLACEMENT_3D('',#7806,#6203,#6204);
#5585=AXIS2_PLACEMENT_3D('',#7811,#6206,#6207);
#5586=AXIS2_PLACEMENT_3D('',#7814,#6209,#6210);
#5587=AXIS2_PLACEMENT_3D('',#7815,#6211,#6212);
#5588=AXIS2_PLACEMENT_3D('',#7819,#6214,#6215);
#5589=AXIS2_PLACEMENT_3D('',#7822,#6218,#6219);
#5590=AXIS2_PLACEMENT_3D('',#7826,#6221,#6222);
#5591=AXIS2_PLACEMENT_3D('',#7828,#6224,#6225);
#5592=AXIS2_PLACEMENT_3D('',#7831,#6228,#6229);
#5593=AXIS2_PLACEMENT_3D('',#7832,#6230,#6231);
#5594=AXIS2_PLACEMENT_3D('',#7833,#6232,#6233);
#5595=AXIS2_PLACEMENT_3D('',#7835,#6234,#6235);
#5596=AXIS2_PLACEMENT_3D('',#7838,#6237,#6238);
#5597=AXIS2_PLACEMENT_3D('',#7839,#6239,#6240);
#5598=AXIS2_PLACEMENT_3D('',#7842,#6241,#6242);
#5599=AXIS2_PLACEMENT_3D('',#7846,#6244,#6245);
#5600=AXIS2_PLACEMENT_3D('',#7848,#6247,#6248);
#5601=AXIS2_PLACEMENT_3D('',#7854,#6252,#6253);
#5602=AXIS2_PLACEMENT_3D('',#7860,#6257,#6258);
#5603=AXIS2_PLACEMENT_3D('',#7866,#6262,#6263);
#5604=AXIS2_PLACEMENT_3D('',#7868,#6264,#6265);
#5605=AXIS2_PLACEMENT_3D('',#7871,#6267,#6268);
#5606=AXIS2_PLACEMENT_3D('',#7872,#6269,#6270);
#5607=AXIS2_PLACEMENT_3D('',#7875,#6273,#6274);
#5608=AXIS2_PLACEMENT_3D('',#7876,#6275,#6276);
#5609=AXIS2_PLACEMENT_3D('',#7877,#6277,#6278);
#5610=AXIS2_PLACEMENT_3D('',#7879,#6279,#6280);
#5611=AXIS2_PLACEMENT_3D('',#7882,#6282,#6283);
#5612=AXIS2_PLACEMENT_3D('',#7883,#6284,#6285);
#5613=AXIS2_PLACEMENT_3D('',#7892,#6290,#6291);
#5614=AXIS2_PLACEMENT_3D('',#7894,#6292,#6293);
#5615=AXIS2_PLACEMENT_3D('',#7897,#6295,#6296);
#5616=AXIS2_PLACEMENT_3D('',#7898,#6297,#6298);
#5617=AXIS2_PLACEMENT_3D('',#7904,#6302,#6303);
#5618=AXIS2_PLACEMENT_3D('',#7910,#6307,#6308);
#5619=AXIS2_PLACEMENT_3D('',#7916,#6312,#6313);
#5620=AXIS2_PLACEMENT_3D('',#7917,#6314,#6315);
#5621=AXIS2_PLACEMENT_3D('',#7918,#6316,#6317);
#5622=AXIS2_PLACEMENT_3D('',#7919,#6318,#6319);
#5623=AXIS2_PLACEMENT_3D('',#7920,#6320,#6321);
#5624=AXIS2_PLACEMENT_3D('',#7921,#6322,#6323);
#5625=AXIS2_PLACEMENT_3D('',#7924,#6324,#6325);
#5626=AXIS2_PLACEMENT_3D('',#7926,#6326,#6327);
#5627=AXIS2_PLACEMENT_3D('',#7927,#6328,#6329);
#5628=AXIS2_PLACEMENT_3D('',#7928,#6330,#6331);
#5629=AXIS2_PLACEMENT_3D('',#7931,#6332,#6333);
#5630=AXIS2_PLACEMENT_3D('',#7933,#6334,#6335);
#5631=AXIS2_PLACEMENT_3D('',#7934,#6336,#6337);
#5632=AXIS2_PLACEMENT_3D('',#7935,#6338,#6339);
#5633=AXIS2_PLACEMENT_3D('',#7936,#6340,#6341);
#5634=AXIS2_PLACEMENT_3D('',#7937,#6342,#6343);
#5635=AXIS2_PLACEMENT_3D('',#7938,#6344,#6345);
#5636=AXIS2_PLACEMENT_3D('',#7941,#6346,#6347);
#5637=AXIS2_PLACEMENT_3D('',#7943,#6348,#6349);
#5638=AXIS2_PLACEMENT_3D('',#7944,#6350,#6351);
#5639=AXIS2_PLACEMENT_3D('',#7945,#6352,#6353);
#5640=AXIS2_PLACEMENT_3D('',#7948,#6354,#6355);
#5641=AXIS2_PLACEMENT_3D('',#7950,#6356,#6357);
#5642=AXIS2_PLACEMENT_3D('',#7951,#6358,#6359);
#5643=AXIS2_PLACEMENT_3D('',#7952,#6360,#6361);
#5644=AXIS2_PLACEMENT_3D('',#7953,#6362,#6363);
#5645=AXIS2_PLACEMENT_3D('',#7954,#6364,#6365);
#5646=AXIS2_PLACEMENT_3D('',#7955,#6366,#6367);
#5647=AXIS2_PLACEMENT_3D('',#7958,#6368,#6369);
#5648=AXIS2_PLACEMENT_3D('',#7961,#6372,#6373);
#5649=AXIS2_PLACEMENT_3D('',#7964,#6376,#6377);
#5650=AXIS2_PLACEMENT_3D('',#7967,#6380,#6381);
#5651=AXIS2_PLACEMENT_3D('',#7970,#6382,#6383);
#5652=AXIS2_PLACEMENT_3D('',#7973,#6386,#6387);
#5653=AXIS2_PLACEMENT_3D('',#7976,#6388,#6389);
#5654=AXIS2_PLACEMENT_3D('',#7979,#6392,#6393);
#5655=AXIS2_PLACEMENT_3D('',#7982,#6394,#6395);
#5656=AXIS2_PLACEMENT_3D('',#7985,#6398,#6399);
#5657=AXIS2_PLACEMENT_3D('',#7986,#6400,#6401);
#5658=AXIS2_PLACEMENT_3D('',#7987,#6402,#6403);
#5659=AXIS2_PLACEMENT_3D('',#7989,#6405,#6406);
#5660=AXIS2_PLACEMENT_3D('',#7990,#6407,#6408);
#5661=AXIS2_PLACEMENT_3D('',#7993,#6409,#6410);
#5662=AXIS2_PLACEMENT_3D('',#7995,#6411,#6412);
#5663=AXIS2_PLACEMENT_3D('',#7996,#6413,#6414);
#5664=AXIS2_PLACEMENT_3D('',#7997,#6415,#6416);
#5665=AXIS2_PLACEMENT_3D('',#8000,#6417,#6418);
#5666=AXIS2_PLACEMENT_3D('',#8002,#6419,#6420);
#5667=AXIS2_PLACEMENT_3D('',#8003,#6421,#6422);
#5668=AXIS2_PLACEMENT_3D('',#8004,#6423,#6424);
#5669=AXIS2_PLACEMENT_3D('',#8005,#6425,#6426);
#5670=AXIS2_PLACEMENT_3D('',#8006,#6427,#6428);
#5671=AXIS2_PLACEMENT_3D('',#8007,#6429,#6430);
#5672=AXIS2_PLACEMENT_3D('',#8010,#6431,#6432);
#5673=AXIS2_PLACEMENT_3D('',#8012,#6433,#6434);
#5674=AXIS2_PLACEMENT_3D('',#8013,#6435,#6436);
#5675=AXIS2_PLACEMENT_3D('',#8014,#6437,#6438);
#5676=AXIS2_PLACEMENT_3D('',#8017,#6439,#6440);
#5677=AXIS2_PLACEMENT_3D('',#8019,#6441,#6442);
#5678=AXIS2_PLACEMENT_3D('',#8020,#6443,#6444);
#5679=AXIS2_PLACEMENT_3D('',#8021,#6445,#6446);
#5680=AXIS2_PLACEMENT_3D('',#8022,#6447,#6448);
#5681=AXIS2_PLACEMENT_3D('',#8023,#6449,#6450);
#5682=AXIS2_PLACEMENT_3D('',#8024,#6451,#6452);
#5683=AXIS2_PLACEMENT_3D('',#8027,#6453,#6454);
#5684=AXIS2_PLACEMENT_3D('',#8030,#6457,#6458);
#5685=AXIS2_PLACEMENT_3D('',#8033,#6461,#6462);
#5686=AXIS2_PLACEMENT_3D('',#8036,#6465,#6466);
#5687=AXIS2_PLACEMENT_3D('',#8039,#6467,#6468);
#5688=AXIS2_PLACEMENT_3D('',#8042,#6471,#6472);
#5689=AXIS2_PLACEMENT_3D('',#8045,#6473,#6474);
#5690=AXIS2_PLACEMENT_3D('',#8048,#6477,#6478);
#5691=AXIS2_PLACEMENT_3D('',#8051,#6479,#6480);
#5692=AXIS2_PLACEMENT_3D('',#8054,#6483,#6484);
#5693=AXIS2_PLACEMENT_3D('',#8055,#6485,#6486);
#5694=AXIS2_PLACEMENT_3D('',#8056,#6487,#6488);
#5695=AXIS2_PLACEMENT_3D('',#8058,#6490,#6491);
#5696=AXIS2_PLACEMENT_3D('',#8059,#6492,#6493);
#5697=AXIS2_PLACEMENT_3D('',#8062,#6494,#6495);
#5698=AXIS2_PLACEMENT_3D('',#8064,#6496,#6497);
#5699=AXIS2_PLACEMENT_3D('',#8065,#6498,#6499);
#5700=AXIS2_PLACEMENT_3D('',#8066,#6500,#6501);
#5701=AXIS2_PLACEMENT_3D('',#8069,#6502,#6503);
#5702=AXIS2_PLACEMENT_3D('',#8071,#6504,#6505);
#5703=AXIS2_PLACEMENT_3D('',#8072,#6506,#6507);
#5704=AXIS2_PLACEMENT_3D('',#8073,#6508,#6509);
#5705=AXIS2_PLACEMENT_3D('',#8076,#6510,#6511);
#5706=AXIS2_PLACEMENT_3D('',#8078,#6512,#6513);
#5707=AXIS2_PLACEMENT_3D('',#8079,#6514,#6515);
#5708=AXIS2_PLACEMENT_3D('',#8080,#6516,#6517);
#5709=AXIS2_PLACEMENT_3D('',#8083,#6518,#6519);
#5710=AXIS2_PLACEMENT_3D('',#8085,#6520,#6521);
#5711=AXIS2_PLACEMENT_3D('',#8086,#6522,#6523);
#5712=AXIS2_PLACEMENT_3D('',#8087,#6524,#6525);
#5713=AXIS2_PLACEMENT_3D('',#8090,#6528,#6529);
#5714=AXIS2_PLACEMENT_3D('',#8091,#6530,#6531);
#5715=AXIS2_PLACEMENT_3D('',#8092,#6532,#6533);
#5716=AXIS2_PLACEMENT_3D('',#8093,#6534,#6535);
#5717=AXIS2_PLACEMENT_3D('',#8096,#6536,#6537);
#5718=AXIS2_PLACEMENT_3D('',#8099,#6540,#6541);
#5719=AXIS2_PLACEMENT_3D('',#8102,#6542,#6543);
#5720=AXIS2_PLACEMENT_3D('',#8105,#6546,#6547);
#5721=AXIS2_PLACEMENT_3D('',#8106,#6548,#6549);
#5722=AXIS2_PLACEMENT_3D('',#8107,#6550,#6551);
#5723=AXIS2_PLACEMENT_3D('',#8108,#6552,#6553);
#5724=AXIS2_PLACEMENT_3D('',#8111,#6556,#6557);
#5725=AXIS2_PLACEMENT_3D('',#8114,#6558,#6559);
#5726=AXIS2_PLACEMENT_3D('',#8117,#6562,#6563);
#5727=AXIS2_PLACEMENT_3D('',#8120,#6564,#6565);
#5728=AXIS2_PLACEMENT_3D('',#8123,#6568,#6569);
#5729=AXIS2_PLACEMENT_3D('',#8124,#6570,#6571);
#5730=AXIS2_PLACEMENT_3D('',#8125,#6572,#6573);
#5731=AXIS2_PLACEMENT_3D('',#8129,#6575,#6576);
#5732=AXIS2_PLACEMENT_3D('',#8133,#6578,#6579);
#5733=AXIS2_PLACEMENT_3D('',#8135,#6581,#6582);
#5734=AXIS2_PLACEMENT_3D('',#8136,#6583,#6584);
#5735=AXIS2_PLACEMENT_3D('',#8139,#6585,#6586);
#5736=AXIS2_PLACEMENT_3D('',#8142,#6589,#6590);
#5737=AXIS2_PLACEMENT_3D('',#8146,#6593,#6594);
#5738=AXIS2_PLACEMENT_3D('',#8149,#6595,#6596);
#5739=AXIS2_PLACEMENT_3D('',#8153,#6598,#6599);
#5740=AXIS2_PLACEMENT_3D('',#8155,#6601,#6602);
#5741=AXIS2_PLACEMENT_3D('',#8165,#6608,#6609);
#5742=AXIS2_PLACEMENT_3D('',#8175,#6615,#6616);
#5743=AXIS2_PLACEMENT_3D('',#8178,#6617,#6618);
#5744=AXIS2_PLACEMENT_3D('',#8182,#6620,#6621);
#5745=AXIS2_PLACEMENT_3D('',#8184,#6623,#6624);
#5746=AXIS2_PLACEMENT_3D('',#8187,#6625,#6626);
#5747=AXIS2_PLACEMENT_3D('',#8188,#6627,#6628);
#5748=AXIS2_PLACEMENT_3D('',#8189,#6629,#6630);
#5749=AXIS2_PLACEMENT_3D('',#8190,#6631,#6632);
#5750=AXIS2_PLACEMENT_3D('',#8193,#6633,#6634);
#5751=AXIS2_PLACEMENT_3D('',#8196,#6637,#6638);
#5752=AXIS2_PLACEMENT_3D('',#8199,#6639,#6640);
#5753=AXIS2_PLACEMENT_3D('',#8200,#6641,#6642);
#5754=AXIS2_PLACEMENT_3D('',#8201,#6643,#6644);
#5755=AXIS2_PLACEMENT_3D('',#8202,#6645,#6646);
#5756=AXIS2_PLACEMENT_3D('',#8205,#6647,#6648);
#5757=AXIS2_PLACEMENT_3D('',#8208,#6651,#6652);
#5758=AXIS2_PLACEMENT_3D('',#8211,#6653,#6654);
#5759=AXIS2_PLACEMENT_3D('',#8212,#6655,#6656);
#5760=AXIS2_PLACEMENT_3D('',#8213,#6657,#6658);
#5761=AXIS2_PLACEMENT_3D('',#8214,#6659,#6660);
#5762=AXIS2_PLACEMENT_3D('',#8217,#6661,#6662);
#5763=AXIS2_PLACEMENT_3D('',#8220,#6665,#6666);
#5764=AXIS2_PLACEMENT_3D('',#8223,#6667,#6668);
#5765=AXIS2_PLACEMENT_3D('',#8224,#6669,#6670);
#5766=AXIS2_PLACEMENT_3D('',#8225,#6671,#6672);
#5767=AXIS2_PLACEMENT_3D('',#8226,#6673,#6674);
#5768=AXIS2_PLACEMENT_3D('',#8231,#6677,#6678);
#5769=AXIS2_PLACEMENT_3D('',#8232,#6679,#6680);
#5770=AXIS2_PLACEMENT_3D('',#8236,#6682,#6683);
#5771=AXIS2_PLACEMENT_3D('',#8238,#6685,#6686);
#5772=AXIS2_PLACEMENT_3D('',#8242,#6688,#6689);
#5773=AXIS2_PLACEMENT_3D('',#8253,#6696,#6697);
#5774=AXIS2_PLACEMENT_3D('',#8257,#6699,#6700);
#5775=AXIS2_PLACEMENT_3D('',#8264,#6701,#6702);
#5776=AXIS2_PLACEMENT_3D('',#8268,#6705,#6706);
#5777=AXIS2_PLACEMENT_3D('',#8271,#6708,#6709);
#5778=AXIS2_PLACEMENT_3D('',#8272,#6710,#6711);
#5779=AXIS2_PLACEMENT_3D('',#8276,#6714,#6715);
#5780=AXIS2_PLACEMENT_3D('',#8279,#6717,#6718);
#5781=AXIS2_PLACEMENT_3D('',#8280,#6719,#6720);
#5782=AXIS2_PLACEMENT_3D('',#8284,#6723,#6724);
#5783=AXIS2_PLACEMENT_3D('',#8292,#6726,#6727);
#5784=AXIS2_PLACEMENT_3D('',#8293,#6728,#6729);
#5785=AXIS2_PLACEMENT_3D('',#8300,#6733,#6734);
#5786=AXIS2_PLACEMENT_3D('',#8301,#6735,#6736);
#5787=AXIS2_PLACEMENT_3D('',#8305,#6739,#6740);
#5788=AXIS2_PLACEMENT_3D('',#8308,#6741,#6742);
#5789=AXIS2_PLACEMENT_3D('',#8310,#6743,#6744);
#5790=AXIS2_PLACEMENT_3D('',#8311,#6745,#6746);
#5791=AXIS2_PLACEMENT_3D('',#8312,#6747,#6748);
#5792=AXIS2_PLACEMENT_3D('',#8315,#6749,#6750);
#5793=AXIS2_PLACEMENT_3D('',#8317,#6751,#6752);
#5794=AXIS2_PLACEMENT_3D('',#8318,#6753,#6754);
#5795=AXIS2_PLACEMENT_3D('',#8319,#6755,#6756);
#5796=AXIS2_PLACEMENT_3D('',#8320,#6757,#6758);
#5797=AXIS2_PLACEMENT_3D('',#8321,#6759,#6760);
#5798=AXIS2_PLACEMENT_3D('',#8322,#6761,#6762);
#5799=AXIS2_PLACEMENT_3D('',#8325,#6763,#6764);
#5800=AXIS2_PLACEMENT_3D('',#8327,#6765,#6766);
#5801=AXIS2_PLACEMENT_3D('',#8328,#6767,#6768);
#5802=AXIS2_PLACEMENT_3D('',#8329,#6769,#6770);
#5803=AXIS2_PLACEMENT_3D('',#8332,#6771,#6772);
#5804=AXIS2_PLACEMENT_3D('',#8334,#6773,#6774);
#5805=AXIS2_PLACEMENT_3D('',#8335,#6775,#6776);
#5806=AXIS2_PLACEMENT_3D('',#8336,#6777,#6778);
#5807=AXIS2_PLACEMENT_3D('',#8337,#6779,#6780);
#5808=AXIS2_PLACEMENT_3D('',#8338,#6781,#6782);
#5809=AXIS2_PLACEMENT_3D('',#8339,#6783,#6784);
#5810=AXIS2_PLACEMENT_3D('',#8343,#6786,#6787);
#5811=AXIS2_PLACEMENT_3D('',#8344,#6788,#6789);
#5812=AXIS2_PLACEMENT_3D('',#8345,#6790,#6791);
#5813=AXIS2_PLACEMENT_3D('',#8351,#6794,#6795);
#5814=AXIS2_PLACEMENT_3D('',#8356,#6796,#6797);
#5815=AXIS2_PLACEMENT_3D('',#8359,#6800,#6801);
#5816=AXIS2_PLACEMENT_3D('',#8362,#6804,#6805);
#5817=AXIS2_PLACEMENT_3D('',#8365,#6808,#6809);
#5818=AXIS2_PLACEMENT_3D('',#8368,#6810,#6811);
#5819=AXIS2_PLACEMENT_3D('',#8371,#6814,#6815);
#5820=AXIS2_PLACEMENT_3D('',#8374,#6816,#6817);
#5821=AXIS2_PLACEMENT_3D('',#8377,#6820,#6821);
#5822=AXIS2_PLACEMENT_3D('',#8380,#6822,#6823);
#5823=AXIS2_PLACEMENT_3D('',#8383,#6826,#6827);
#5824=AXIS2_PLACEMENT_3D('',#8384,#6828,#6829);
#5825=AXIS2_PLACEMENT_3D('',#8385,#6830,#6831);
#5826=AXIS2_PLACEMENT_3D('',#8388,#6832,#6833);
#5827=AXIS2_PLACEMENT_3D('',#8392,#6835,#6836);
#5828=AXIS2_PLACEMENT_3D('',#8396,#6838,#6839);
#5829=AXIS2_PLACEMENT_3D('',#8400,#6841,#6842);
#5830=AXIS2_PLACEMENT_3D('',#8406,#6846,#6847);
#5831=AXIS2_PLACEMENT_3D('',#8410,#6849,#6850);
#5832=AXIS2_PLACEMENT_3D('',#8413,#6853,#6854);
#5833=AXIS2_PLACEMENT_3D('',#8415,#6856,#6857);
#5834=AXIS2_PLACEMENT_3D('',#8511,#6863,#6864);
#5835=AXIS2_PLACEMENT_3D('',#8517,#6868,#6869);
#5836=AXIS2_PLACEMENT_3D('',#8523,#6873,#6874);
#5837=AXIS2_PLACEMENT_3D('',#8736,#6887,#6888);
#5838=AXIS2_PLACEMENT_3D('',#8742,#6892,#6893);
#5839=AXIS2_PLACEMENT_3D('',#8748,#6897,#6898);
#5840=AXIS2_PLACEMENT_3D('',#8751,#6901,#6902);
#5841=AXIS2_PLACEMENT_3D('',#8752,#6903,#6904);
#5842=AXIS2_PLACEMENT_3D('',#8853,#6913,#6914);
#5843=AXIS2_PLACEMENT_3D('',#8859,#6918,#6919);
#5844=AXIS2_PLACEMENT_3D('',#8862,#6922,#6923);
#5845=AXIS2_PLACEMENT_3D('',#8871,#6928,#6929);
#5846=AXIS2_PLACEMENT_3D('',#8877,#6933,#6934);
#5847=AXIS2_PLACEMENT_3D('',#8975,#6942,#6943);
#5848=AXIS2_PLACEMENT_3D('',#8981,#6947,#6948);
#5849=AXIS2_PLACEMENT_3D('',#8984,#6951,#6952);
#5850=AXIS2_PLACEMENT_3D('',#8985,#6953,#6954);
#5851=AXIS2_PLACEMENT_3D('',#8994,#6959,#6960);
#5852=AXIS2_PLACEMENT_3D('',#9000,#6964,#6965);
#5853=AXIS2_PLACEMENT_3D('',#9006,#6969,#6970);
#5854=AXIS2_PLACEMENT_3D('',#9012,#6974,#6975);
#5855=AXIS2_PLACEMENT_3D('',#9018,#6979,#6980);
#5856=AXIS2_PLACEMENT_3D('',#9024,#6984,#6985);
#5857=AXIS2_PLACEMENT_3D('',#9027,#6988,#6989);
#5858=AXIS2_PLACEMENT_3D('',#9028,#6990,#6991);
#5859=AXIS2_PLACEMENT_3D('',#9031,#6993,#6994);
#5860=AXIS2_PLACEMENT_3D('',#9034,#6996,#6997);
#5861=AXIS2_PLACEMENT_3D('',#9037,#6999,#7000);
#5862=AXIS2_PLACEMENT_3D('',#9040,#7002,#7003);
#5863=AXIS2_PLACEMENT_3D('',#9043,#7005,#7006);
#5864=AXIS2_PLACEMENT_3D('',#9045,#7008,#7009);
#5865=AXIS2_PLACEMENT_3D('',#9047,#7011,#7012);
#5866=AXIS2_PLACEMENT_3D('',#9053,#7016,#7017);
#5867=AXIS2_PLACEMENT_3D('',#9057,#7019,#7020);
#5868=AXIS2_PLACEMENT_3D('',#9061,#7022,#7023);
#5869=AXIS2_PLACEMENT_3D('',#9065,#7025,#7026);
#5870=AXIS2_PLACEMENT_3D('',#9069,#7028,#7029);
#5871=AXIS2_PLACEMENT_3D('',#9074,#7032,#7033);
#5872=AXIS2_PLACEMENT_3D('',#9078,#7035,#7036);
#5873=AXIS2_PLACEMENT_3D('',#9082,#7038,#7039);
#5874=AXIS2_PLACEMENT_3D('',#9086,#7041,#7042);
#5875=AXIS2_PLACEMENT_3D('',#9088,#7044,#7045);
#5876=AXIS2_PLACEMENT_3D('',#9090,#7047,#7048);
#5877=AXIS2_PLACEMENT_3D('',#9094,#7051,#7052);
#5878=AXIS2_PLACEMENT_3D('',#9095,#7053,#7054);
#5879=AXIS2_PLACEMENT_3D('',#9096,#7055,#7056);
#5880=AXIS2_PLACEMENT_3D('',#9118,#7058,#7059);
#5881=AXIS2_PLACEMENT_3D('',#9122,#7061,#7062);
#5882=AXIS2_PLACEMENT_3D('',#9137,#7063,#7064);
#5883=AXIS2_PLACEMENT_3D('',#9142,#7066,#7067);
#5884=AXIS2_PLACEMENT_3D('',#9145,#7069,#7070);
#5885=AXIS2_PLACEMENT_3D('',#9146,#7071,#7072);
#5886=AXIS2_PLACEMENT_3D('',#9150,#7074,#7075);
#5887=AXIS2_PLACEMENT_3D('',#9152,#7077,#7078);
#5888=AXIS2_PLACEMENT_3D('',#9153,#7079,#7080);
#5889=AXIS2_PLACEMENT_3D('',#9154,#7081,#7082);
#5890=AXIS2_PLACEMENT_3D('',#9155,#7083,#7084);
#5891=AXIS2_PLACEMENT_3D('',#9157,#7085,#7086);
#5892=AXIS2_PLACEMENT_3D('',#9159,#7087,#7088);
#5893=AXIS2_PLACEMENT_3D('',#9160,#7089,#7090);
#5894=AXIS2_PLACEMENT_3D('',#9161,#7091,#7092);
#5895=AXIS2_PLACEMENT_3D('',#9164,#7095,#7096);
#5896=AXIS2_PLACEMENT_3D('',#9168,#7098,#7099);
#5897=AXIS2_PLACEMENT_3D('',#9173,#7102,#7103);
#5898=AXIS2_PLACEMENT_3D('',#9179,#7107,#7108);
#5899=AXIS2_PLACEMENT_3D('',#9185,#7112,#7113);
#5900=AXIS2_PLACEMENT_3D('',#9189,#7116,#7117);
#5901=AXIS2_PLACEMENT_3D('',#9191,#7118,#7119);
#5902=AXIS2_PLACEMENT_3D('',#9193,#7120,#7121);
#5903=AXIS2_PLACEMENT_3D('',#9195,#7122,#7123);
#5904=AXIS2_PLACEMENT_3D('',#9196,#7124,#7125);
#5905=AXIS2_PLACEMENT_3D('',#9269,#7126,#7127);
#5906=AXIS2_PLACEMENT_3D('',#9271,#7128,#7129);
#5907=AXIS2_PLACEMENT_3D('',#9273,#7131,#7132);
#5908=AXIS2_PLACEMENT_3D('',#9275,#7133,#7134);
#5909=AXIS2_PLACEMENT_3D('',#9277,#7135,#7136);
#5910=AXIS2_PLACEMENT_3D('',#9278,#7137,#7138);
#5911=AXIS2_PLACEMENT_3D('',#9367,#7139,#7140);
#5912=AXIS2_PLACEMENT_3D('',#9368,#7141,#7142);
#5913=AXIS2_PLACEMENT_3D('',#9369,#7143,#7144);
#5914=AXIS2_PLACEMENT_3D('',#9373,#7147,#7148);
#5915=AXIS2_PLACEMENT_3D('',#9375,#7150,#7151);
#5916=AXIS2_PLACEMENT_3D('',#9376,#7152,#7153);
#5917=AXIS2_PLACEMENT_3D('',#9378,#7155,#7156);
#5918=AXIS2_PLACEMENT_3D('',#9382,#7158,#7159);
#5919=AXIS2_PLACEMENT_3D('',#9384,#7161,#7162);
#5920=AXIS2_PLACEMENT_3D('',#9388,#7165,#7166);
#5921=AXIS2_PLACEMENT_3D('',#9390,#7167,#7168);
#5922=AXIS2_PLACEMENT_3D('',#9392,#7170,#7171);
#5923=AXIS2_PLACEMENT_3D('',#9396,#7174,#7175);
#5924=AXIS2_PLACEMENT_3D('',#9400,#7178,#7179);
#5925=AXIS2_PLACEMENT_3D('',#9401,#7180,#7181);
#5926=AXIS2_PLACEMENT_3D('',#9402,#7182,#7183);
#5927=AXIS2_PLACEMENT_3D('',#9403,#7184,#7185);
#5928=AXIS2_PLACEMENT_3D('',#9404,#7186,#7187);
#5929=AXIS2_PLACEMENT_3D('',#9405,#7188,#7189);
#5930=AXIS2_PLACEMENT_3D('',#9407,#7191,#7192);
#5931=AXIS2_PLACEMENT_3D('',#9408,#7193,#7194);
#5932=AXIS2_PLACEMENT_3D('',#9409,#7195,#7196);
#5933=AXIS2_PLACEMENT_3D('',#9411,#7198,#7199);
#5934=AXIS2_PLACEMENT_3D('',#9413,#7201,#7202);
#5935=AXIS2_PLACEMENT_3D('',#9417,#7204,#7205);
#5936=AXIS2_PLACEMENT_3D('',#9419,#7206,#7207);
#5937=AXIS2_PLACEMENT_3D('',#9421,#7208,#7209);
#5938=AXIS2_PLACEMENT_3D('',#9423,#7210,#7211);
#5939=AXIS2_PLACEMENT_3D('',#9425,#7212,#7213);
#5940=AXIS2_PLACEMENT_3D('',#9426,#7214,#7215);
#5941=AXIS2_PLACEMENT_3D('',#9427,#7216,#7217);
#5942=AXIS2_PLACEMENT_3D('',#9428,#7218,#7219);
#5943=AXIS2_PLACEMENT_3D('',#9432,#7222,#7223);
#5944=AXIS2_PLACEMENT_3D('',#9435,#7224,#7225);
#5945=AXIS2_PLACEMENT_3D('',#9437,#7226,#7227);
#5946=AXIS2_PLACEMENT_3D('',#9439,#7228,#7229);
#5947=AXIS2_PLACEMENT_3D('',#9441,#7230,#7231);
#5948=AXIS2_PLACEMENT_3D('',#9443,#7232,#7233);
#5949=AXIS2_PLACEMENT_3D('',#9444,#7234,#7235);
#5950=AXIS2_PLACEMENT_3D('',#9445,#7236,#7237);
#5951=AXIS2_PLACEMENT_3D('',#9446,#7238,#7239);
#5952=AXIS2_PLACEMENT_3D('',#9448,#7240,#7241);
#5953=AXIS2_PLACEMENT_3D('',#9452,#7243,#7244);
#5954=AXIS2_PLACEMENT_3D('',#9454,#7245,#7246);
#5955=AXIS2_PLACEMENT_3D('',#9456,#7247,#7248);
#5956=AXIS2_PLACEMENT_3D('',#9458,#7249,#7250);
#5957=AXIS2_PLACEMENT_3D('',#9460,#7251,#7252);
#5958=AXIS2_PLACEMENT_3D('',#9461,#7253,#7254);
#5959=AXIS2_PLACEMENT_3D('',#9462,#7255,#7256);
#5960=AXIS2_PLACEMENT_3D('',#9467,#7259,#7260);
#5961=AXIS2_PLACEMENT_3D('',#9471,#7262,#7263);
#5962=AXIS2_PLACEMENT_3D('',#9473,#7264,#7265);
#5963=AXIS2_PLACEMENT_3D('',#9475,#7266,#7267);
#5964=AXIS2_PLACEMENT_3D('',#9477,#7268,#7269);
#5965=AXIS2_PLACEMENT_3D('',#9478,#7270,#7271);
#5966=AXIS2_PLACEMENT_3D('',#9479,#7272,#7273);
#5967=AXIS2_PLACEMENT_3D('',#9480,#7274,#7275);
#5968=AXIS2_PLACEMENT_3D('',#9482,#7277,#7278);
#5969=AXIS2_PLACEMENT_3D('',#9483,#7279,#7280);
#5970=AXIS2_PLACEMENT_3D('',#9485,#7282,#7283);
#5971=AXIS2_PLACEMENT_3D('',#9487,#7285,#7286);
#5972=AXIS2_PLACEMENT_3D('',#9489,#7288,#7289);
#5973=AXIS2_PLACEMENT_3D('',#9491,#7291,#7292);
#5974=AXIS2_PLACEMENT_3D('',#9493,#7294,#7295);
#5975=AXIS2_PLACEMENT_3D('',#9495,#7297,#7298);
#5976=AXIS2_PLACEMENT_3D('',#9497,#7300,#7301);
#5977=AXIS2_PLACEMENT_3D('',#9498,#7302,#7303);
#5978=AXIS2_PLACEMENT_3D('',#9502,#7306,#7307);
#5979=AXIS2_PLACEMENT_3D('',#9504,#7309,#7310);
#5980=AXIS2_PLACEMENT_3D('',#9505,#7311,#7312);
#5981=AXIS2_PLACEMENT_3D('',#9507,#7314,#7315);
#5982=AXIS2_PLACEMENT_3D('',#9508,#7316,#7317);
#5983=AXIS2_PLACEMENT_3D('',#9510,#7319,#7320);
#5984=AXIS2_PLACEMENT_3D('',#9512,#7322,#7323);
#5985=AXIS2_PLACEMENT_3D('',#9514,#7325,#7326);
#5986=AXIS2_PLACEMENT_3D('',#9515,#7327,#7328);
#5987=AXIS2_PLACEMENT_3D('',#9516,#7329,#7330);
#5988=AXIS2_PLACEMENT_3D('',#9517,#7331,#7332);
#5989=AXIS2_PLACEMENT_3D('',#9519,#7334,#7335);
#5990=AXIS2_PLACEMENT_3D('',#9521,#7337,#7338);
#5991=AXIS2_PLACEMENT_3D('',#9523,#7340,#7341);
#5992=AXIS2_PLACEMENT_3D('',#9524,#7342,#7343);
#5993=AXIS2_PLACEMENT_3D('',#9620,#7349,#7350);
#5994=AXIS2_PLACEMENT_3D('',#9626,#7354,#7355);
#5995=AXIS2_PLACEMENT_3D('',#9632,#7359,#7360);
#5996=AXIS2_PLACEMENT_3D('',#9845,#7373,#7374);
#5997=AXIS2_PLACEMENT_3D('',#9851,#7378,#7379);
#5998=AXIS2_PLACEMENT_3D('',#9857,#7383,#7384);
#5999=AXIS2_PLACEMENT_3D('',#9860,#7387,#7388);
#6000=AXIS2_PLACEMENT_3D('',#9861,#7389,#7390);
#6001=AXIS2_PLACEMENT_3D('',#9862,#7391,#7392);
#6002=AXIS2_PLACEMENT_3D('',#9963,#7401,#7402);
#6003=AXIS2_PLACEMENT_3D('',#9969,#7406,#7407);
#6004=AXIS2_PLACEMENT_3D('',#9972,#7410,#7411);
#6005=AXIS2_PLACEMENT_3D('',#9981,#7416,#7417);
#6006=AXIS2_PLACEMENT_3D('',#9987,#7421,#7422);
#6007=AXIS2_PLACEMENT_3D('',#10085,#7430,#7431);
#6008=AXIS2_PLACEMENT_3D('',#10091,#7435,#7436);
#6009=AXIS2_PLACEMENT_3D('',#10094,#7439,#7440);
#6010=AXIS2_PLACEMENT_3D('',#10095,#7441,#7442);
#6011=AXIS2_PLACEMENT_3D('',#10096,#7443,#7444);
#6012=AXIS2_PLACEMENT_3D('',#10105,#7449,#7450);
#6013=AXIS2_PLACEMENT_3D('',#10111,#7454,#7455);
#6014=AXIS2_PLACEMENT_3D('',#10117,#7459,#7460);
#6015=AXIS2_PLACEMENT_3D('',#10123,#7464,#7465);
#6016=AXIS2_PLACEMENT_3D('',#10129,#7469,#7470);
#6017=AXIS2_PLACEMENT_3D('',#10135,#7474,#7475);
#6018=AXIS2_PLACEMENT_3D('',#10138,#7478,#7479);
#6019=AXIS2_PLACEMENT_3D('',#10139,#7480,#7481);
#6020=AXIS2_PLACEMENT_3D('',#10140,#7482,#7483);
#6021=DIRECTION('axis',(0.,0.,1.));
#6022=DIRECTION('refdir',(1.,0.,0.));
#6023=DIRECTION('axis',(0.,0.,1.));
#6024=DIRECTION('refdir',(1.,0.,0.));
#6025=DIRECTION('center_axis',(3.95408971038968E-31,-3.94430452610506E-31,
-1.));
#6026=DIRECTION('ref_axis',(-1.,6.68784480117102E-16,-3.95408971038969E-31));
#6027=DIRECTION('center_axis',(0.0467809390971814,-2.5968637849639E-17,
0.998905172545015));
#6028=DIRECTION('ref_axis',(-0.998905172545015,9.83152511874073E-16,0.0467809390971814));
#6029=DIRECTION('center_axis',(-1.88847148204419E-15,-1.,3.94430452610505E-31));
#6030=DIRECTION('ref_axis',(0.843391445812885,0.,-0.537299608346824));
#6031=DIRECTION('',(1.88847148204419E-15,1.,-3.94430452610505E-31));
#6032=DIRECTION('',(-1.88847148204419E-15,-1.,4.07329486345721E-31));
#6033=DIRECTION('center_axis',(-6.04084884533462E-16,1.,-1.26168586422975E-15));
#6034=DIRECTION('ref_axis',(0.843391445812885,0.,-0.537299608346824));
#6035=DIRECTION('center_axis',(-0.707106781186546,0.707106781186549,0.));
#6036=DIRECTION('ref_axis',(0.707106781186549,0.707106781186546,-5.57808895494735E-31));
#6037=DIRECTION('center_axis',(1.,6.04084884533462E-16,3.95408971038968E-31));
#6038=DIRECTION('ref_axis',(-3.92523114670944E-16,0.707106781186546,-0.707106781186549));
#6039=DIRECTION('',(1.,6.04084884533462E-16,3.95408971038968E-31));
#6040=DIRECTION('center_axis',(0.90630778703665,5.7637110798723E-16,0.422618261740699));
#6041=DIRECTION('ref_axis',(0.422618261740699,-3.77326414711936E-16,-0.90630778703665));
#6042=DIRECTION('',(-1.,-6.04084884533462E-16,-3.95408971038968E-31));
#6043=DIRECTION('center_axis',(0.422618261740699,-8.88178419700125E-16,
-0.90630778703665));
#6044=DIRECTION('ref_axis',(-0.90630778703665,3.23757628991848E-16,-0.422618261740699));
#6045=DIRECTION('',(0.422618261740699,-8.88178419700125E-16,-0.90630778703665));
#6046=DIRECTION('center_axis',(3.95408971038968E-31,-3.94430452610506E-31,
-1.));
#6047=DIRECTION('ref_axis',(-1.,6.68784480117103E-16,0.));
#6048=DIRECTION('',(0.422618261740699,-8.88178419700125E-16,-0.90630778703665));
#6049=DIRECTION('center_axis',(-2.49532908214952E-16,-1.,8.63637350333798E-16));
#6050=DIRECTION('ref_axis',(-0.90630778703665,-1.388352979353E-16,-0.422618261740699));
#6051=DIRECTION('',(1.,-2.49532908214952E-16,3.95408971038968E-31));
#6052=DIRECTION('',(0.422618261740699,-8.88178419700125E-16,-0.90630778703665));
#6053=DIRECTION('',(-1.,2.49532908214952E-16,-3.95408971038968E-31));
#6054=DIRECTION('center_axis',(-3.95408971038968E-31,3.94430452610506E-31,
1.));
#6055=DIRECTION('ref_axis',(1.,3.08148791101958E-31,3.95408971038968E-31));
#6056=DIRECTION('',(1.,-1.27155106614191E-16,3.95408971038968E-31));
#6057=DIRECTION('',(3.49676543189026E-16,-1.,3.94430452610506E-31));
#6058=DIRECTION('',(-1.,-3.08148791101958E-31,-3.95408971038968E-31));
#6059=DIRECTION('',(-2.13691220837738E-15,1.,-3.94430452610507E-31));
#6060=DIRECTION('center_axis',(-3.95408971038968E-31,3.94430452610506E-31,
1.));
#6061=DIRECTION('ref_axis',(1.,3.08148791101958E-31,3.95408971038968E-31));
#6062=DIRECTION('center_axis',(-3.95408971038968E-31,3.94430452610506E-31,
1.));
#6063=DIRECTION('ref_axis',(1.,3.08148791101958E-31,3.95408971038968E-31));
#6064=DIRECTION('',(-6.35955153681055E-16,1.,-3.94430452610506E-31));
#6065=DIRECTION('',(1.,3.86766859394865E-16,3.95408971038968E-31));
#6066=DIRECTION('center_axis',(-3.95408971038968E-31,3.94430452610506E-31,
1.));
#6067=DIRECTION('ref_axis',(-1.,-3.39233472894348E-16,0.));
#6068=DIRECTION('',(-6.5857315119431E-14,1.,-3.94430452610532E-31));
#6069=DIRECTION('center_axis',(-3.95408971038968E-31,3.94430452610506E-31,
1.));
#6070=DIRECTION('ref_axis',(1.,-7.7833660271499E-17,0.));
#6071=DIRECTION('',(-1.,-7.98007319376774E-16,-3.95408971038968E-31));
#6072=DIRECTION('',(-6.35955153681055E-16,1.,-3.94430452610506E-31));
#6073=DIRECTION('',(1.,7.76823729609027E-16,3.95408971038968E-31));
#6074=DIRECTION('',(2.55144054717326E-16,1.,-3.94430452610506E-31));
#6075=DIRECTION('center_axis',(3.95408971038968E-31,-3.94430452610506E-31,
-1.));
#6076=DIRECTION('ref_axis',(-1.,-1.09207212187193E-15,-3.95408971038968E-31));
#6077=DIRECTION('',(1.,8.586834930677E-17,3.95408971038968E-31));
#6078=DIRECTION('',(3.49399213838722E-16,-1.,3.94430452610506E-31));
#6079=DIRECTION('center_axis',(-1.,-8.586834930677E-17,-3.95408971038968E-31));
#6080=DIRECTION('ref_axis',(0.,-0.707106781186547,-0.707106781186548));
#6081=DIRECTION('',(-1.,-8.586834930677E-17,-3.95408971038968E-31));
#6082=DIRECTION('center_axis',(-0.90630778703665,-3.16663228286517E-16,
-0.422618261740699));
#6083=DIRECTION('ref_axis',(0.422618261740699,-8.17540565209194E-16,-0.90630778703665));
#6084=DIRECTION('center_axis',(-1.,-7.76823729609026E-16,-3.95408971038968E-31));
#6085=DIRECTION('ref_axis',(0.,-0.707106781186547,-0.707106781186548));
#6086=DIRECTION('center_axis',(0.90630778703665,5.7637110798723E-16,0.422618261740699));
#6087=DIRECTION('ref_axis',(0.422618261740699,6.28877357853226E-16,-0.90630778703665));
#6088=DIRECTION('',(-1.,-7.76823729609027E-16,-3.95408971038968E-31));
#6089=DIRECTION('center_axis',(0.707106781186543,0.707106781186552,0.));
#6090=DIRECTION('ref_axis',(0.707106781186552,-0.707106781186543,5.59192729527296E-31));
#6091=DIRECTION('center_axis',(-2.55144054717326E-16,-1.,3.94430452610506E-31));
#6092=DIRECTION('ref_axis',(0.843391445812885,0.,-0.537299608346824));
#6093=DIRECTION('center_axis',(7.76823729609026E-16,-1.,1.34223531054934E-15));
#6094=DIRECTION('ref_axis',(0.843391445812885,0.,-0.537299608346824));
#6095=DIRECTION('',(-2.55144054717326E-16,-1.,3.8649279731324E-31));
#6096=DIRECTION('center_axis',(0.0467809390971813,-2.25314604794883E-16,
0.998905172545015));
#6097=DIRECTION('ref_axis',(-0.998905172545015,-9.83152511874073E-16,0.0467809390971813));
#6098=DIRECTION('center_axis',(-8.586834930677E-17,1.,-1.02003752527099E-15));
#6099=DIRECTION('ref_axis',(0.906307787036649,5.08909639477023E-16,0.422618261740702));
#6100=DIRECTION('',(0.422618261740699,-8.88178419700125E-16,-0.90630778703665));
#6101=DIRECTION('',(1.,8.586834930677E-17,3.95408971038968E-31));
#6102=DIRECTION('',(0.422618261740699,-8.88178419700125E-16,-0.90630778703665));
#6103=DIRECTION('center_axis',(0.422618261740699,-8.88178419700125E-16,
-0.90630778703665));
#6104=DIRECTION('ref_axis',(-1.09207212187193E-15,1.,-1.48923805008258E-15));
#6105=DIRECTION('',(0.422618261740699,-8.88178419700125E-16,-0.90630778703665));
#6106=DIRECTION('center_axis',(3.95408971038968E-31,-3.94430452610506E-31,
-1.));
#6107=DIRECTION('ref_axis',(1.,1.09207212187193E-15,0.));
#6108=DIRECTION('center_axis',(-0.90630778703665,2.31239043606418E-16,-0.422618261740699));
#6109=DIRECTION('ref_axis',(5.94858787442304E-16,1.,-7.28520595327771E-16));
#6110=DIRECTION('',(0.422618261740699,-8.88178419700125E-16,-0.90630778703665));
#6111=DIRECTION('',(2.55144054717326E-16,1.,-3.94430452610506E-31));
#6112=DIRECTION('center_axis',(-7.76823729609026E-16,1.,-1.34223531054934E-15));
#6113=DIRECTION('ref_axis',(0.90630778703665,1.27129454909086E-15,0.422618261740699));
#6114=DIRECTION('',(0.422618261740699,-8.88178419700125E-16,-0.90630778703665));
#6115=DIRECTION('',(1.,7.76823729609027E-16,3.95408971038968E-31));
#6116=DIRECTION('center_axis',(3.86766859394865E-16,-1.,-3.09206465969214E-14));
#6117=DIRECTION('ref_axis',(-0.422618261740689,-2.81870775288147E-14,0.906307787036655));
#6118=DIRECTION('',(-1.,-3.86766859394865E-16,-3.95408971038968E-31));
#6119=DIRECTION('',(-0.906307787036655,1.27171001002518E-14,-0.422618261740689));
#6120=DIRECTION('',(0.422618261740699,2.81870775288145E-14,-0.90630778703665));
#6121=DIRECTION('center_axis',(0.422618261740689,2.78325040386827E-14,-0.906307787036655));
#6122=DIRECTION('ref_axis',(3.69711640600836E-16,-1.,-3.05373710163955E-14));
#6123=DIRECTION('',(-0.906307787036655,1.27171001002518E-14,-0.422618261740689));
#6124=DIRECTION('',(3.69711640600836E-16,-1.,-3.05373710163955E-14));
#6125=DIRECTION('',(-0.906307787036655,1.27171001002518E-14,-0.422618261740689));
#6126=DIRECTION('center_axis',(-0.906307787036655,1.27171001002518E-14,
-0.422618261740689));
#6127=DIRECTION('ref_axis',(3.39233472894346E-16,-1.,-3.08187109206158E-14));
#6128=DIRECTION('center_axis',(3.95408971038968E-31,-3.94430452610506E-31,
-1.));
#6129=DIRECTION('ref_axis',(-1.,-3.39233472894348E-16,0.));
#6130=DIRECTION('center_axis',(0.906307787036655,-1.36393825661834E-14,
0.422618261740689));
#6131=DIRECTION('ref_axis',(-4.96638307826791E-16,-1.,-3.12084843332017E-14));
#6132=DIRECTION('center_axis',(-0.906307787036655,1.27171001002518E-14,
-0.422618261740689));
#6133=DIRECTION('ref_axis',(0.422618261740689,2.70877390436466E-14,-0.906307787036655));
#6134=DIRECTION('center_axis',(3.95408971038968E-31,-3.94430452610506E-31,
-1.));
#6135=DIRECTION('ref_axis',(1.,-7.7833660271499E-17,0.));
#6136=DIRECTION('',(-0.906307787036655,1.27171001002518E-14,-0.422618261740689));
#6137=DIRECTION('center_axis',(0.906307787036655,-1.26525176554054E-14,
0.422618261740688));
#6138=DIRECTION('ref_axis',(0.422618261740688,2.70877390436466E-14,-0.906307787036655));
#6139=DIRECTION('center_axis',(-7.98007319376774E-16,1.,3.18025546093461E-14));
#6140=DIRECTION('ref_axis',(0.422618261740689,2.91601553562802E-14,-0.906307787036655));
#6141=DIRECTION('',(1.,7.98007319376774E-16,3.95408971038968E-31));
#6142=DIRECTION('',(-0.422618261740699,-2.91601553562801E-14,0.90630778703665));
#6143=DIRECTION('center_axis',(0.906307787036655,-1.26525176554054E-14,
0.422618261740689));
#6144=DIRECTION('ref_axis',(0.422618261740689,3.00483337759803E-14,-0.906307787036655));
#6145=DIRECTION('',(3.49676543189026E-16,-1.,3.94430452610506E-31));
#6146=DIRECTION('center_axis',(0.90630778703665,5.7637110798723E-16,0.422618261740699));
#6147=DIRECTION('ref_axis',(1.53376266726159E-16,-1.,1.03489376276658E-15));
#6148=DIRECTION('',(6.35955153681055E-16,-1.,3.94430452610506E-31));
#6149=DIRECTION('center_axis',(0.90630778703665,5.7637110798723E-16,0.422618261740699));
#6150=DIRECTION('ref_axis',(1.53376266726159E-16,-1.,1.03489376276658E-15));
#6151=DIRECTION('',(0.422618261740699,-8.88178419700125E-16,-0.90630778703665));
#6152=DIRECTION('',(6.35955153681055E-16,-1.,3.94430452610506E-31));
#6153=DIRECTION('center_axis',(6.04084884533462E-16,-1.,1.26168586422975E-15));
#6154=DIRECTION('ref_axis',(-0.90630778703665,-1.0806983216874E-15,-0.422618261740699));
#6155=DIRECTION('',(0.422618261740699,-8.88178419700125E-16,-0.90630778703665));
#6156=DIRECTION('',(-1.,-6.04084884533462E-16,-3.95408971038968E-31));
#6157=DIRECTION('center_axis',(-0.90630778703665,-3.16663228286517E-16,
-0.422618261740699));
#6158=DIRECTION('ref_axis',(9.70212099512401E-17,1.,-9.57351688274384E-16));
#6159=DIRECTION('',(-3.49399213838722E-16,1.,-3.94430452610506E-31));
#6160=DIRECTION('center_axis',(-0.90630778703665,1.71153640977329E-15,-0.422618261740699));
#6161=DIRECTION('ref_axis',(6.85262418031625E-16,1.,2.58029016459477E-15));
#6162=DIRECTION('',(1.88847148204419E-15,1.,-3.94430452610505E-31));
#6163=DIRECTION('center_axis',(-3.95408971038968E-31,3.94430452610506E-31,
1.));
#6164=DIRECTION('ref_axis',(1.,3.08148791101958E-31,3.95408971038968E-31));
#6165=DIRECTION('center_axis',(3.95408971038968E-31,-3.94430452610506E-31,
-1.));
#6166=DIRECTION('ref_axis',(1.,3.08148791101958E-31,3.95408971038968E-31));
#6167=DIRECTION('',(0.656059028990507,-8.03440589904946E-17,-0.754709580222772));
#6168=DIRECTION('center_axis',(3.95408971038968E-31,-3.94430452610506E-31,
-1.));
#6169=DIRECTION('ref_axis',(1.,3.08148791101958E-31,3.95408971038968E-31));
#6170=DIRECTION('center_axis',(3.95408971038968E-31,-3.94430452610506E-31,
-1.));
#6171=DIRECTION('ref_axis',(1.,3.08148791101958E-31,3.95408971038968E-31));
#6172=DIRECTION('',(3.95408971038968E-31,-3.94430452610506E-31,-1.));
#6173=DIRECTION('center_axis',(-3.95408971038968E-31,3.94430452610506E-31,
1.));
#6174=DIRECTION('ref_axis',(1.,3.08148791101958E-31,3.95408971038968E-31));
#6175=DIRECTION('center_axis',(3.95408971038968E-31,-3.94430452610506E-31,
-1.));
#6176=DIRECTION('ref_axis',(1.,3.08148791101958E-31,3.95408971038968E-31));
#6177=DIRECTION('',(0.656059028990507,-8.03440589904946E-17,-0.754709580222772));
#6178=DIRECTION('center_axis',(3.95408971038968E-31,-3.94430452610506E-31,
-1.));
#6179=DIRECTION('ref_axis',(1.,3.08148791101958E-31,3.95408971038968E-31));
#6180=DIRECTION('center_axis',(3.95408971038968E-31,-3.94430452610506E-31,
-1.));
#6181=DIRECTION('ref_axis',(1.,3.08148791101958E-31,3.95408971038968E-31));
#6182=DIRECTION('',(3.95408971038968E-31,-3.94430452610506E-31,-1.));
#6183=DIRECTION('center_axis',(-1.,1.27155106614191E-16,-3.95408971038968E-31));
#6184=DIRECTION('ref_axis',(-4.97490464566281E-31,0.707106781186548,0.707106781186547));
#6185=DIRECTION('center_axis',(-0.707106781186547,-0.707106781186548,-6.91917016281535E-34));
#6186=DIRECTION('ref_axis',(-0.707106781186548,0.707106781186547,4.36136794078821E-17));
#6187=DIRECTION('',(-1.,1.27155106614191E-16,-3.95408971038968E-31));
#6188=DIRECTION('center_axis',(-0.707106781186548,0.707106781186547,-5.58500812511018E-31));
#6189=DIRECTION('ref_axis',(0.707106781186547,0.707106781186548,4.36136794078827E-17));
#6190=DIRECTION('center_axis',(-3.49676543189026E-16,1.,-3.94430452610506E-31));
#6191=DIRECTION('ref_axis',(0.707106781186548,9.662107438054E-16,0.707106781186547));
#6192=DIRECTION('',(-3.49676543189026E-16,1.,-3.94430452610506E-31));
#6193=DIRECTION('center_axis',(0.707106781186548,0.707106781186548,6.91917016281841E-34));
#6194=DIRECTION('ref_axis',(0.707106781186548,-0.707106781186548,5.58500812511018E-31));
#6195=DIRECTION('center_axis',(1.,3.08148791101958E-31,3.95408971038968E-31));
#6196=DIRECTION('ref_axis',(-6.17022649610185E-32,-0.707106781186548,0.707106781186547));
#6197=DIRECTION('',(1.,3.08148791101958E-31,3.95408971038968E-31));
#6198=DIRECTION('center_axis',(0.707106781186548,-0.707106781186547,5.58500812511018E-31));
#6199=DIRECTION('ref_axis',(-0.707106781186547,-0.707106781186548,-6.91917016281289E-34));
#6200=DIRECTION('center_axis',(2.13691220837738E-15,-1.,3.94430452610507E-31));
#6201=DIRECTION('ref_axis',(-0.707106781186547,-1.9324214876108E-15,0.707106781186548));
#6202=DIRECTION('',(2.13691220837738E-15,-1.,3.94430452610507E-31));
#6203=DIRECTION('center_axis',(-1.,1.27155106614191E-16,-3.95408971038968E-31));
#6204=DIRECTION('ref_axis',(-4.97490464566281E-31,0.707106781186548,0.707106781186547));
#6205=DIRECTION('',(1.,-1.27155106614191E-16,3.95408971038968E-31));
#6206=DIRECTION('center_axis',(-0.707106781186548,0.707106781186547,-9.662107438054E-16));
#6207=DIRECTION('ref_axis',(0.707106781186547,0.707106781186548,-9.66210743805401E-16));
#6208=DIRECTION('',(1.,-1.27155106614191E-16,3.95408971038968E-31));
#6209=DIRECTION('center_axis',(-0.707106781186547,-0.707106781186548,-6.91917016281447E-34));
#6210=DIRECTION('ref_axis',(-0.707106781186548,0.707106781186547,-5.58500812511018E-31));
#6211=DIRECTION('center_axis',(-3.49676543189026E-16,1.,-3.94430452610506E-31));
#6212=DIRECTION('ref_axis',(0.707106781186548,9.662107438054E-16,0.707106781186547));
#6213=DIRECTION('',(3.49676543189026E-16,-1.,3.94430452610506E-31));
#6214=DIRECTION('center_axis',(0.707106781186548,0.707106781186547,6.91917016282411E-34));
#6215=DIRECTION('ref_axis',(0.707106781186547,-0.707106781186548,5.58500812511018E-31));
#6216=DIRECTION('',(3.49676543189026E-16,-1.,3.94430452610506E-31));
#6217=DIRECTION('',(3.49676543189026E-16,-1.,3.94430452610506E-31));
#6218=DIRECTION('center_axis',(1.,3.08148791101958E-31,3.95408971038968E-31));
#6219=DIRECTION('ref_axis',(-6.17022649610185E-32,-0.707106781186548,0.707106781186547));
#6220=DIRECTION('',(-1.,-3.08148791101958E-31,-3.95408971038968E-31));
#6221=DIRECTION('center_axis',(0.707106781186548,-0.707106781186547,5.58500812511018E-31));
#6222=DIRECTION('ref_axis',(-0.707106781186547,-0.707106781186548,-6.91917016281124E-34));
#6223=DIRECTION('',(-1.,-3.08148791101958E-31,-3.95408971038968E-31));
#6224=DIRECTION('center_axis',(2.13691220837738E-15,-1.,3.94430452610507E-31));
#6225=DIRECTION('ref_axis',(-0.707106781186547,-1.9324214876108E-15,0.707106781186548));
#6226=DIRECTION('',(-2.13691220837738E-15,1.,-3.94430452610507E-31));
#6227=DIRECTION('',(-2.13691220837738E-15,1.,-3.94430452610507E-31));
#6228=DIRECTION('center_axis',(-3.95408971038968E-31,3.94430452610506E-31,
1.));
#6229=DIRECTION('ref_axis',(1.,3.08148791101958E-31,3.95408971038968E-31));
#6230=DIRECTION('center_axis',(-3.95408971038968E-31,3.94430452610506E-31,
1.));
#6231=DIRECTION('ref_axis',(1.,3.08148791101958E-31,3.95408971038968E-31));
#6232=DIRECTION('center_axis',(0.,0.,-1.));
#6233=DIRECTION('ref_axis',(-1.,-7.59437276011379E-17,0.));
#6234=DIRECTION('center_axis',(-3.95408971038968E-31,3.94430452610506E-31,
1.));
#6235=DIRECTION('ref_axis',(-1.,-7.59437276011379E-17,0.));
#6236=DIRECTION('',(-0.104528463267653,-2.07393259370166E-17,0.994521895368273));
#6237=DIRECTION('center_axis',(3.33066907387547E-16,-5.91645678915759E-31,
-1.));
#6238=DIRECTION('ref_axis',(-1.,-7.59437276011379E-17,0.));
#6239=DIRECTION('center_axis',(4.48574959444506E-16,0.,-1.));
#6240=DIRECTION('ref_axis',(1.,7.59437276011379E-17,4.48574959444506E-16));
#6241=DIRECTION('center_axis',(-3.95408971038968E-31,3.94430452610506E-31,
1.));
#6242=DIRECTION('ref_axis',(1.,7.59437276011379E-17,4.48574959444506E-16));
#6243=DIRECTION('',(4.48574959444506E-16,0.,-1.));
#6244=DIRECTION('center_axis',(3.33066907387547E-16,-5.91645678915759E-31,
-1.));
#6245=DIRECTION('ref_axis',(1.,7.59437276011379E-17,3.70074341541719E-16));
#6246=DIRECTION('',(4.48574959444506E-16,0.,-1.));
#6247=DIRECTION('center_axis',(1.,7.59437276011378E-17,4.48574959444506E-16));
#6248=DIRECTION('ref_axis',(7.59437276011378E-17,-1.,7.88860905221012E-31));
#6249=DIRECTION('',(-7.59437276011378E-17,1.,-3.94430452610506E-31));
#6250=DIRECTION('',(4.48574959444506E-16,0.,-1.));
#6251=DIRECTION('',(-7.59437276011378E-17,1.,-7.88860905221012E-31));
#6252=DIRECTION('center_axis',(-1.22203020293853E-16,1.,-5.48172148723111E-32));
#6253=DIRECTION('ref_axis',(1.,1.22203020293853E-16,3.33066907387547E-16));
#6254=DIRECTION('',(-1.,-1.22203020293853E-16,-3.95408971038968E-31));
#6255=DIRECTION('',(4.48574959444506E-16,0.,-1.));
#6256=DIRECTION('',(1.,1.22203020293853E-16,3.33066907387547E-16));
#6257=DIRECTION('center_axis',(-1.,1.07924461977024E-17,-4.48574959444506E-16));
#6258=DIRECTION('ref_axis',(1.07924461977024E-17,1.,-5.91645678915759E-31));
#6259=DIRECTION('',(-1.07924461977024E-17,-1.,3.94430452610506E-31));
#6260=DIRECTION('',(4.48574959444506E-16,0.,-1.));
#6261=DIRECTION('',(-1.07924461977024E-17,-1.,5.91645678915759E-31));
#6262=DIRECTION('center_axis',(4.48574959444506E-16,0.,-1.));
#6263=DIRECTION('ref_axis',(-1.6574857784292E-17,-1.,-7.43506615838726E-33));
#6264=DIRECTION('center_axis',(-3.95408971038968E-31,3.94430452610506E-31,
1.));
#6265=DIRECTION('ref_axis',(-1.6574857784292E-17,-1.,-7.43506615838726E-33));
#6266=DIRECTION('',(4.48574959444506E-16,0.,-1.));
#6267=DIRECTION('center_axis',(3.33066907387547E-16,-5.91645678915759E-31,
-1.));
#6268=DIRECTION('ref_axis',(-1.6574857784292E-17,-1.,6.57384087684177E-31));
#6269=DIRECTION('center_axis',(-1.09093443169721E-16,-1.,-4.89365868455193E-32));
#6270=DIRECTION('ref_axis',(-1.,1.09093443169721E-16,-3.33066907387547E-16));
#6271=DIRECTION('',(1.,-1.09093443169721E-16,3.95408971038968E-31));
#6272=DIRECTION('',(1.,-1.09093443169721E-16,3.33066907387547E-16));
#6273=DIRECTION('center_axis',(3.33066907387547E-16,-5.91645678915759E-31,
-1.));
#6274=DIRECTION('ref_axis',(-1.,-7.59437276011379E-17,-3.33066907387547E-16));
#6275=DIRECTION('center_axis',(3.95408971038968E-31,-3.94430452610506E-31,
-1.));
#6276=DIRECTION('ref_axis',(-1.,0.,-3.95408971038968E-31));
#6277=DIRECTION('center_axis',(0.,0.,-1.));
#6278=DIRECTION('ref_axis',(-1.,-7.59437276011379E-17,0.));
#6279=DIRECTION('center_axis',(-3.95408971038968E-31,3.94430452610506E-31,
1.));
#6280=DIRECTION('ref_axis',(-1.,-7.59437276011379E-17,0.));
#6281=DIRECTION('',(-0.104528463267653,-2.07393259370166E-17,0.994521895368273));
#6282=DIRECTION('center_axis',(3.33066907387547E-16,-5.91645678915759E-31,
-1.));
#6283=DIRECTION('ref_axis',(-1.,-7.59437276011379E-17,0.));
#6284=DIRECTION('center_axis',(-7.59437276011379E-17,1.,-3.4066454528745E-32));
#6285=DIRECTION('ref_axis',(1.,7.59437276011379E-17,3.33066907387547E-16));
#6286=DIRECTION('',(-1.,-7.59437276011379E-17,-3.95408971038968E-31));
#6287=DIRECTION('',(4.48574959444506E-16,0.,-1.));
#6288=DIRECTION('',(-1.,-7.59437276011379E-17,-3.33066907387547E-16));
#6289=DIRECTION('',(4.48574959444506E-16,0.,-1.));
#6290=DIRECTION('center_axis',(4.48574959444506E-16,0.,-1.));
#6291=DIRECTION('ref_axis',(-1.,-7.5943727601138E-17,-4.48574959444506E-16));
#6292=DIRECTION('center_axis',(-3.95408971038968E-31,3.94430452610506E-31,
1.));
#6293=DIRECTION('ref_axis',(-1.,-7.5943727601138E-17,-4.48574959444506E-16));
#6294=DIRECTION('',(4.48574959444506E-16,0.,-1.));
#6295=DIRECTION('center_axis',(3.33066907387547E-16,-5.91645678915759E-31,
-1.));
#6296=DIRECTION('ref_axis',(-1.,-7.5943727601138E-17,-3.70074341541719E-16));
#6297=DIRECTION('center_axis',(-1.,7.64357574049565E-15,-4.48574959444506E-16));
#6298=DIRECTION('ref_axis',(7.64357574049565E-15,1.,2.16936748935778E-30));
#6299=DIRECTION('',(-7.64357574049565E-15,-1.,3.94430452610503E-31));
#6300=DIRECTION('',(4.48574959444506E-16,0.,-1.));
#6301=DIRECTION('',(-7.64357574049565E-15,-1.,-2.16936748935778E-30));
#6302=DIRECTION('center_axis',(8.16092410684571E-16,-1.,3.660786200258E-31));
#6303=DIRECTION('ref_axis',(-1.,-8.1609241068457E-16,-3.33066907387546E-16));
#6304=DIRECTION('',(1.,8.1609241068457E-16,3.95408971038968E-31));
#6305=DIRECTION('',(4.48574959444506E-16,0.,-1.));
#6306=DIRECTION('',(1.,8.16092410684571E-16,3.33066907387546E-16));
#6307=DIRECTION('center_axis',(1.,7.59437276011378E-17,4.48574959444506E-16));
#6308=DIRECTION('ref_axis',(7.59437276011378E-17,-1.,7.88860905221012E-31));
#6309=DIRECTION('',(-7.59437276011378E-17,1.,-3.94430452610506E-31));
#6310=DIRECTION('',(4.48574959444506E-16,0.,-1.));
#6311=DIRECTION('',(-7.59437276011378E-17,1.,-7.88860905221012E-31));
#6312=DIRECTION('center_axis',(4.48574959444506E-16,0.,-1.));
#6313=DIRECTION('ref_axis',(-7.59437276011378E-17,1.,-3.4066454528745E-32));
#6314=DIRECTION('center_axis',(-3.95408971038968E-31,3.94430452610506E-31,
1.));
#6315=DIRECTION('ref_axis',(-7.59437276011378E-17,1.,-3.4066454528745E-32));
#6316=DIRECTION('center_axis',(3.33066907387547E-16,-5.91645678915759E-31,
-1.));
#6317=DIRECTION('ref_axis',(-7.59437276011378E-17,1.,-8.21730109605219E-31));
#6318=DIRECTION('center_axis',(3.33066907387547E-16,-5.91645678915759E-31,
-1.));
#6319=DIRECTION('ref_axis',(-1.,-7.59437276011379E-17,-3.33066907387547E-16));
#6320=DIRECTION('center_axis',(3.95408971038968E-31,-3.94430452610506E-31,
-1.));
#6321=DIRECTION('ref_axis',(-1.,0.,-3.95408971038968E-31));
#6322=DIRECTION('center_axis',(-0.590520453686742,-0.0236208181474779,-0.806676918429955));
#6323=DIRECTION('ref_axis',(-0.806032350273948,-0.0322412940109588,0.590992681234171));
#6324=DIRECTION('center_axis',(-0.707106781186548,-0.707106781186548,-6.30162310646542E-15));
#6325=DIRECTION('ref_axis',(-0.707106781186548,0.707106781186548,0.));
#6326=DIRECTION('center_axis',(0.,0.,1.));
#6327=DIRECTION('ref_axis',(-0.707106781186548,-0.707106781186548,0.));
#6328=DIRECTION('center_axis',(-0.705011645377813,0.70501164537783,0.0769230769230782));
#6329=DIRECTION('ref_axis',(0.0543928293220386,-0.0543928293220475,0.997037030524286));
#6330=DIRECTION('center_axis',(-0.999999228854801,0.00103950184110601,0.000679504029534426));
#6331=DIRECTION('ref_axis',(-0.00124188961015647,-0.83703175467475,-0.547152903105069));
#6332=DIRECTION('center_axis',(-0.707106781186538,-0.707106781186557,-3.14018491736752E-15));
#6333=DIRECTION('ref_axis',(0.70501164537783,-0.705011645377813,0.0769230769230771));
#6334=DIRECTION('center_axis',(0.0543928293220419,-0.0543928293220426,-0.997037030524286));
#6335=DIRECTION('ref_axis',(-0.707106781186552,-0.707106781186543,0.));
#6336=DIRECTION('center_axis',(0.707106781186548,-0.707106781186548,0.));
#6337=DIRECTION('ref_axis',(0.,0.,-1.));
#6338=DIRECTION('center_axis',(-0.707106781186547,-0.707106781186548,-2.81736037578933E-32));
#6339=DIRECTION('ref_axis',(0.,0.,1.));
#6340=DIRECTION('center_axis',(0.707106781186547,0.707106781186548,2.81736037578933E-32));
#6341=DIRECTION('ref_axis',(0.500000000000001,-0.5,0.707106781186547));
#6342=DIRECTION('center_axis',(-0.707106781186547,-0.707106781186548,-2.81736037578933E-32));
#6343=DIRECTION('ref_axis',(0.500000000000001,-0.5,0.707106781186547));
#6344=DIRECTION('center_axis',(0.,0.,1.));
#6345=DIRECTION('ref_axis',(-1.,-1.42108547152019E-14,0.));
#6346=DIRECTION('center_axis',(-0.707106781186534,-0.707106781186561,-2.10554776571802E-15));
#6347=DIRECTION('ref_axis',(-0.0785674201318358,0.0785674201318358,-0.993807989999907));
#6348=DIRECTION('center_axis',(-0.702728368926302,0.702728368926311,0.111111111111115));
#6349=DIRECTION('ref_axis',(-0.707106781186552,-0.707106781186543,0.));
#6350=DIRECTION('center_axis',(0.,0.,-1.));
#6351=DIRECTION('ref_axis',(-0.707106781186548,0.707106781186548,0.));
#6352=DIRECTION('center_axis',(0.618981475597675,0.00192232125961315,-0.785403232453177));
#6353=DIRECTION('ref_axis',(-0.785399444922307,-0.00243915223603613,-0.618984460590168));
#6354=DIRECTION('center_axis',(-0.707106781186548,0.707106781186548,0.));
#6355=DIRECTION('ref_axis',(-0.707106781186548,-0.707106781186548,0.));
#6356=DIRECTION('center_axis',(0.0785674201318391,-0.0785674201318401,-0.993807989999906));
#6357=DIRECTION('ref_axis',(-0.702728368926311,0.702728368926302,-0.111111111111112));
#6358=DIRECTION('center_axis',(-0.707106781186548,-0.707106781186548,0.));
#6359=DIRECTION('ref_axis',(0.,0.,-1.));
#6360=DIRECTION('center_axis',(0.707106781186547,0.707106781186548,2.81736037578933E-32));
#6361=DIRECTION('ref_axis',(0.,0.,-1.));
#6362=DIRECTION('center_axis',(-0.707106781186547,-0.707106781186548,-2.81736037578933E-32));
#6363=DIRECTION('ref_axis',(0.500000000000002,-0.500000000000001,0.707106781186545));
#6364=DIRECTION('center_axis',(0.707106781186547,0.707106781186548,2.81736037578933E-32));
#6365=DIRECTION('ref_axis',(0.500000000000002,-0.500000000000001,0.707106781186545));
#6366=DIRECTION('center_axis',(-0.707106781186547,-0.707106781186548,0.));
#6367=DIRECTION('ref_axis',(-0.471404520791033,0.471404520791033,-0.745355992499928));
#6368=DIRECTION('center_axis',(0.707106781186547,0.707106781186548,0.));
#6369=DIRECTION('ref_axis',(-0.471404520791033,0.471404520791033,-0.745355992499928));
#6370=DIRECTION('',(-0.707106781186547,-0.707106781186548,0.));
#6371=DIRECTION('',(0.707106781186547,0.707106781186548,0.));
#6372=DIRECTION('center_axis',(0.707106781186548,-0.707106781186547,0.));
#6373=DIRECTION('ref_axis',(-0.499999999999996,-0.499999999999996,-0.707106781186553));
#6374=DIRECTION('',(-0.707106781186548,0.707106781186547,0.));
#6375=DIRECTION('',(0.707106781186548,-0.707106781186547,0.));
#6376=DIRECTION('center_axis',(-2.09345661157838E-15,2.09345661157837E-15,
-1.));
#6377=DIRECTION('ref_axis',(-1.,0.,0.));
#6378=DIRECTION('',(2.09345661157838E-15,-2.09345661157837E-15,1.));
#6379=DIRECTION('',(-2.09345661157838E-15,2.09345661157837E-15,-1.));
#6380=DIRECTION('center_axis',(-0.707106781186547,-0.707106781186548,0.));
#6381=DIRECTION('ref_axis',(-0.52704627669473,0.527046276694718,-0.666666666666676));
#6382=DIRECTION('center_axis',(0.707106781186547,0.707106781186548,0.));
#6383=DIRECTION('ref_axis',(-0.52704627669473,0.527046276694718,-0.666666666666676));
#6384=DIRECTION('',(-0.707106781186547,-0.707106781186548,0.));
#6385=DIRECTION('',(0.707106781186547,0.707106781186548,0.));
#6386=DIRECTION('center_axis',(-0.707106781186547,-0.707106781186548,0.));
#6387=DIRECTION('ref_axis',(0.518874521662772,-0.518874521662766,-0.679366220486761));
#6388=DIRECTION('center_axis',(0.707106781186547,0.707106781186548,0.));
#6389=DIRECTION('ref_axis',(0.518874521662772,-0.518874521662766,-0.679366220486761));
#6390=DIRECTION('',(-0.707106781186547,-0.707106781186548,0.));
#6391=DIRECTION('',(0.707106781186547,0.707106781186548,0.));
#6392=DIRECTION('center_axis',(-0.707106781186547,-0.707106781186548,0.));
#6393=DIRECTION('ref_axis',(-0.480384461415263,0.480384461415263,0.73379938570534));
#6394=DIRECTION('center_axis',(0.707106781186547,0.707106781186548,0.));
#6395=DIRECTION('ref_axis',(-0.480384461415263,0.480384461415263,0.73379938570534));
#6396=DIRECTION('',(-0.707106781186547,-0.707106781186548,0.));
#6397=DIRECTION('',(0.707106781186547,0.707106781186548,0.));
#6398=DIRECTION('center_axis',(-0.707106781186547,-0.707106781186548,0.));
#6399=DIRECTION('ref_axis',(0.707106781186548,-0.707106781186547,-2.22044604925031E-15));
#6400=DIRECTION('center_axis',(-0.707106781186547,-0.707106781186548,0.));
#6401=DIRECTION('ref_axis',(0.707106781186548,-0.707106781186547,-2.22044604925031E-15));
#6402=DIRECTION('center_axis',(-0.707106781186548,0.707106781186547,2.96059473233376E-15));
#6403=DIRECTION('ref_axis',(-2.09345661157838E-15,2.09345661157837E-15,
-1.));
#6404=DIRECTION('',(2.09345661157838E-15,-2.09345661157837E-15,1.));
#6405=DIRECTION('center_axis',(0.707106781186547,0.707106781186548,2.81736037578933E-32));
#6406=DIRECTION('ref_axis',(3.98434925353383E-32,0.,-1.));
#6407=DIRECTION('center_axis',(-0.999999228854801,0.00103950184110602,-0.000679504029529101));
#6408=DIRECTION('ref_axis',(-0.00124188961015648,-0.837031754674757,0.547152903105058));
#6409=DIRECTION('center_axis',(-0.707106781186565,-0.70710678118653,0.));
#6410=DIRECTION('ref_axis',(0.,0.,1.));
#6411=DIRECTION('center_axis',(0.707106781186548,-0.707106781186548,0.));
#6412=DIRECTION('ref_axis',(-0.707106781186548,-0.707106781186548,0.));
#6413=DIRECTION('center_axis',(0.054392829322041,-0.0543928293220441,0.997037030524286));
#6414=DIRECTION('ref_axis',(0.705011645377826,-0.705011645377817,-0.0769230769230776));
#6415=DIRECTION('center_axis',(0.590520453686744,0.0236208181474501,-0.806676918429954));
#6416=DIRECTION('ref_axis',(-0.806032350273951,-0.0322412940109453,-0.590992681234167));
#6417=DIRECTION('center_axis',(-0.707106781186561,-0.707106781186534,-1.45171127646786E-15));
#6418=DIRECTION('ref_axis',(0.0543928293220473,-0.0543928293220473,-0.997037030524286));
#6419=DIRECTION('center_axis',(-0.705011645377821,0.705011645377821,-0.0769230769230782));
#6420=DIRECTION('ref_axis',(-0.707106781186548,-0.707106781186548,0.));
#6421=DIRECTION('center_axis',(0.,0.,-1.));
#6422=DIRECTION('ref_axis',(-0.707106781186548,0.707106781186548,0.));
#6423=DIRECTION('center_axis',(-0.707106781186547,-0.707106781186548,-2.81736037578933E-32));
#6424=DIRECTION('ref_axis',(0.,0.,1.));
#6425=DIRECTION('center_axis',(0.707106781186547,0.707106781186548,2.81736037578933E-32));
#6426=DIRECTION('ref_axis',(0.500000000000001,-0.5,-0.707106781186547));
#6427=DIRECTION('center_axis',(-0.707106781186547,-0.707106781186548,-2.81736037578933E-32));
#6428=DIRECTION('ref_axis',(0.500000000000001,-0.5,-0.707106781186547));
#6429=DIRECTION('center_axis',(-0.618981475597694,-0.00192232125959895,
-0.785403232453163));
#6430=DIRECTION('ref_axis',(-0.785399444922296,-0.00243915223600772,0.618984460590183));
#6431=DIRECTION('center_axis',(-0.707106781186546,-0.70710678118655,2.51214793389404E-14));
#6432=DIRECTION('ref_axis',(-0.702728368926307,0.702728368926307,0.111111111111108));
#6433=DIRECTION('center_axis',(0.0785674201318381,-0.0785674201318381,0.993807989999907));
#6434=DIRECTION('ref_axis',(-0.707106781186548,-0.707106781186548,0.));
#6435=DIRECTION('center_axis',(-0.707106781186548,0.707106781186548,0.));
#6436=DIRECTION('ref_axis',(0.,0.,1.));
#6437=DIRECTION('center_axis',(0.,0.,1.));
#6438=DIRECTION('ref_axis',(-1.,1.4210854715202E-14,0.));
#6439=DIRECTION('center_axis',(0.,0.,1.));
#6440=DIRECTION('ref_axis',(-0.707106781186548,-0.707106781186548,0.));
#6441=DIRECTION('center_axis',(-0.702728368926307,0.702728368926307,-0.111111111111108));
#6442=DIRECTION('ref_axis',(-0.0785674201318364,0.0785674201318364,0.993807989999907));
#6443=DIRECTION('center_axis',(-0.707106781186556,-0.707106781186539,-2.03572649265792E-14));
#6444=DIRECTION('ref_axis',(-0.707106781186539,0.707106781186556,-1.11022302462514E-15));
#6445=DIRECTION('center_axis',(0.707106781186547,0.707106781186548,2.81736037578933E-32));
#6446=DIRECTION('ref_axis',(0.,0.,-1.));
#6447=DIRECTION('center_axis',(-0.707106781186547,-0.707106781186548,-2.81736037578933E-32));
#6448=DIRECTION('ref_axis',(0.500000000000001,-0.500000000000001,-0.707106781186546));
#6449=DIRECTION('center_axis',(0.707106781186547,0.707106781186548,2.81736037578933E-32));
#6450=DIRECTION('ref_axis',(0.500000000000001,-0.500000000000001,-0.707106781186546));
#6451=DIRECTION('center_axis',(-0.707106781186548,-0.707106781186548,0.));
#6452=DIRECTION('ref_axis',(-0.527046276694734,0.527046276694734,0.66666666666666));
#6453=DIRECTION('center_axis',(0.707106781186547,0.707106781186548,0.));
#6454=DIRECTION('ref_axis',(-0.527046276694734,0.527046276694734,0.66666666666666));
#6455=DIRECTION('',(-0.707106781186548,-0.707106781186548,0.));
#6456=DIRECTION('',(0.707106781186548,0.707106781186548,0.));
#6457=DIRECTION('center_axis',(1.04672830578919E-15,-1.04672830578919E-15,
-1.));
#6458=DIRECTION('ref_axis',(-1.,0.,0.));
#6459=DIRECTION('',(-1.04672830578919E-15,1.04672830578919E-15,1.));
#6460=DIRECTION('',(1.04672830578919E-15,-1.04672830578919E-15,-1.));
#6461=DIRECTION('center_axis',(-0.707106781186548,0.707106781186547,3.7007434154172E-16));
#6462=DIRECTION('ref_axis',(-0.499999999999999,-0.499999999999999,0.707106781186549));
#6463=DIRECTION('',(0.707106781186548,-0.707106781186547,-3.7007434154172E-16));
#6464=DIRECTION('',(-0.707106781186548,0.707106781186547,3.7007434154172E-16));
#6465=DIRECTION('center_axis',(-0.707106781186548,-0.707106781186548,0.));
#6466=DIRECTION('ref_axis',(-0.471404520791033,0.471404520791033,0.745355992499928));
#6467=DIRECTION('center_axis',(0.707106781186547,0.707106781186548,0.));
#6468=DIRECTION('ref_axis',(-0.471404520791033,0.471404520791033,0.745355992499928));
#6469=DIRECTION('',(-0.707106781186548,-0.707106781186548,0.));
#6470=DIRECTION('',(0.707106781186548,0.707106781186548,0.));
#6471=DIRECTION('center_axis',(-0.707106781186548,-0.707106781186548,0.));
#6472=DIRECTION('ref_axis',(-0.480384461415268,0.480384461415255,-0.733799385705343));
#6473=DIRECTION('center_axis',(0.707106781186547,0.707106781186548,0.));
#6474=DIRECTION('ref_axis',(-0.480384461415268,0.480384461415255,-0.733799385705343));
#6475=DIRECTION('',(-0.707106781186548,-0.707106781186548,0.));
#6476=DIRECTION('',(0.707106781186548,0.707106781186548,0.));
#6477=DIRECTION('center_axis',(-0.707106781186548,-0.707106781186548,0.));
#6478=DIRECTION('ref_axis',(0.518874521662764,-0.518874521662784,0.679366220486753));
#6479=DIRECTION('center_axis',(0.707106781186547,0.707106781186548,0.));
#6480=DIRECTION('ref_axis',(0.518874521662764,-0.518874521662784,0.679366220486753));
#6481=DIRECTION('',(-0.707106781186547,-0.707106781186547,0.));
#6482=DIRECTION('',(0.707106781186548,0.707106781186548,0.));
#6483=DIRECTION('center_axis',(-0.707106781186548,-0.707106781186548,0.));
#6484=DIRECTION('ref_axis',(0.,0.,-1.));
#6485=DIRECTION('center_axis',(-0.707106781186547,-0.707106781186548,0.));
#6486=DIRECTION('ref_axis',(0.,0.,-1.));
#6487=DIRECTION('center_axis',(2.61682076447296E-16,-2.61682076447296E-16,
1.));
#6488=DIRECTION('ref_axis',(-0.707106781186548,0.707106781186547,3.7007434154172E-16));
#6489=DIRECTION('',(0.707106781186548,-0.707106781186547,-3.7007434154172E-16));
#6490=DIRECTION('center_axis',(0.707106781186547,0.707106781186548,2.81736037578933E-32));
#6491=DIRECTION('ref_axis',(3.98434925353383E-32,0.,-1.));
#6492=DIRECTION('center_axis',(0.547152300878207,0.000811800453021756,-0.837032675959373));
#6493=DIRECTION('ref_axis',(-0.837031754674761,-0.00124188961017068,-0.547152903105053));
#6494=DIRECTION('center_axis',(-0.707106781186545,-0.70710678118655,0.));
#6495=DIRECTION('ref_axis',(0.,0.,-1.));
#6496=DIRECTION('center_axis',(-0.707106781186552,0.707106781186543,-3.14018491736754E-15));
#6497=DIRECTION('ref_axis',(-0.707106781186543,-0.707106781186552,0.));
#6498=DIRECTION('center_axis',(-0.0543928293220553,0.0543928293220299,-0.997037030524286));
#6499=DIRECTION('ref_axis',(-0.705011645377817,0.705011645377826,0.0769230769230776));
#6500=DIRECTION('center_axis',(-0.99999702526376,0.00191571451100713,0.00150980182237958));
#6501=DIRECTION('ref_axis',(-0.00243915223603607,-0.785399444922308,-0.618984460590167));
#6502=DIRECTION('center_axis',(-0.707106781186548,-0.707106781186548,0.));
#6503=DIRECTION('ref_axis',(0.702728368926307,-0.702728368926307,-0.11111111111111));
#6504=DIRECTION('center_axis',(-0.0785674201318386,0.0785674201318376,-0.993807989999907));
#6505=DIRECTION('ref_axis',(-0.707106781186543,-0.707106781186552,0.));
#6506=DIRECTION('center_axis',(0.707106781186552,-0.707106781186543,0.));
#6507=DIRECTION('ref_axis',(0.,0.,-1.));
#6508=DIRECTION('center_axis',(-0.9994801143397,0.0260010435572154,-0.0190642800398137));
#6509=DIRECTION('ref_axis',(-0.0322412940109443,-0.806032350273941,0.590992681234181));
#6510=DIRECTION('center_axis',(0.705011645377822,-0.705011645377822,0.0769230769230769));
#6511=DIRECTION('ref_axis',(-0.707106781186548,-0.707106781186548,0.));
#6512=DIRECTION('center_axis',(0.,0.,1.));
#6513=DIRECTION('ref_axis',(0.707106781186543,-0.707106781186552,0.));
#6514=DIRECTION('center_axis',(-0.707106781186552,-0.707106781186543,-4.83903758822622E-16));
#6515=DIRECTION('ref_axis',(-0.0543928293220475,0.0543928293220475,0.997037030524286));
#6516=DIRECTION('center_axis',(0.,0.,1.));
#6517=DIRECTION('ref_axis',(1.,0.,0.));
#6518=DIRECTION('center_axis',(-0.707106781186548,-0.707106781186548,-1.89608394653781E-14));
#6519=DIRECTION('ref_axis',(0.707106781186548,-0.707106781186548,0.));
#6520=DIRECTION('center_axis',(0.,0.,-1.));
#6521=DIRECTION('ref_axis',(-0.707106781186548,-0.707106781186548,0.));
#6522=DIRECTION('center_axis',(0.702728368926302,-0.70272836892631,0.11111111111112));
#6523=DIRECTION('ref_axis',(0.0785674201318357,-0.0785674201318535,-0.993807989999906));
#6524=DIRECTION('center_axis',(8.46674216375939E-32,-1.24510914172932E-31,
1.));
#6525=DIRECTION('ref_axis',(0.,-1.,0.));
#6526=DIRECTION('',(-8.46674216375939E-32,1.24510914172932E-31,-1.));
#6527=DIRECTION('',(8.46674216375939E-32,-1.24510914172932E-31,1.));
#6528=DIRECTION('center_axis',(0.707106781186547,0.707106781186548,2.81736037578933E-32));
#6529=DIRECTION('ref_axis',(0.,0.,-1.));
#6530=DIRECTION('center_axis',(-0.707106781186547,-0.707106781186548,-2.81736037578933E-32));
#6531=DIRECTION('ref_axis',(-0.500000000000001,0.5,0.707106781186547));
#6532=DIRECTION('center_axis',(0.707106781186547,0.707106781186548,2.81736037578933E-32));
#6533=DIRECTION('ref_axis',(-0.500000000000001,0.5,0.707106781186547));
#6534=DIRECTION('center_axis',(-0.707106781186547,-0.707106781186548,0.));
#6535=DIRECTION('ref_axis',(0.527046276694735,-0.527046276694723,-0.666666666666668));
#6536=DIRECTION('center_axis',(-0.342020143325669,-0.939692620785908,-1.04132094520219E-15));
#6537=DIRECTION('ref_axis',(0.939692620785908,-0.342020143325669,-2.64128490298355E-15));
#6538=DIRECTION('',(-0.707106781186547,-0.707106781186548,0.));
#6539=DIRECTION('',(0.707106781186547,0.707106781186548,0.));
#6540=DIRECTION('center_axis',(-0.707106781186547,-0.707106781186548,-6.95951473362875E-18));
#6541=DIRECTION('ref_axis',(0.480384461415263,-0.480384461415263,0.73379938570534));
#6542=DIRECTION('center_axis',(0.707106781186547,0.707106781186548,0.));
#6543=DIRECTION('ref_axis',(0.480384461415263,-0.480384461415263,0.73379938570534));
#6544=DIRECTION('',(-0.707106781186547,-0.707106781186548,0.));
#6545=DIRECTION('',(0.707106781186547,0.707106781186548,6.95951473362875E-18));
#6546=DIRECTION('center_axis',(-0.707106781186547,-0.707106781186548,-2.81736037578933E-32));
#6547=DIRECTION('ref_axis',(0.,0.,1.));
#6548=DIRECTION('center_axis',(0.707106781186547,0.707106781186548,2.81736037578933E-32));
#6549=DIRECTION('ref_axis',(-0.500000000000001,0.5,0.707106781186547));
#6550=DIRECTION('center_axis',(-0.707106781186547,-0.707106781186548,-2.81736037578933E-32));
#6551=DIRECTION('ref_axis',(-0.500000000000001,0.5,0.707106781186547));
#6552=DIRECTION('center_axis',(0.707106781186548,-0.707106781186547,0.));
#6553=DIRECTION('ref_axis',(-0.500000000000005,-0.500000000000005,-0.707106781186541));
#6554=DIRECTION('',(-0.707106781186548,0.707106781186547,0.));
#6555=DIRECTION('',(0.707106781186548,-0.707106781186547,0.));
#6556=DIRECTION('center_axis',(-0.707106781186547,-0.707106781186548,0.));
#6557=DIRECTION('ref_axis',(0.471404520791033,-0.471404520791033,-0.745355992499928));
#6558=DIRECTION('center_axis',(-0.342020143325669,-0.939692620785908,-1.04132094520219E-15));
#6559=DIRECTION('ref_axis',(0.939692620785908,-0.342020143325669,-1.69796886620371E-15));
#6560=DIRECTION('',(-0.707106781186547,-0.707106781186548,0.));
#6561=DIRECTION('',(0.707106781186547,0.707106781186548,0.));
#6562=DIRECTION('center_axis',(-0.707106781186547,-0.707106781186548,0.));
#6563=DIRECTION('ref_axis',(-0.518874521662783,0.51887452166277,-0.679366220486749));
#6564=DIRECTION('center_axis',(0.707106781186547,0.707106781186548,0.));
#6565=DIRECTION('ref_axis',(-0.518874521662783,0.51887452166277,-0.679366220486749));
#6566=DIRECTION('',(-0.707106781186547,-0.707106781186548,0.));
#6567=DIRECTION('',(0.707106781186547,0.707106781186548,0.));
#6568=DIRECTION('center_axis',(0.707106781186547,0.707106781186548,0.));
#6569=DIRECTION('ref_axis',(7.85046229341889E-16,-7.85046229341888E-16,
1.));
#6570=DIRECTION('center_axis',(-0.342020143325669,-0.939692620785908,-1.04132094520219E-15));
#6571=DIRECTION('ref_axis',(0.939692620785908,-0.342020143325669,-1.00620377256516E-15));
#6572=DIRECTION('center_axis',(0.,0.,-1.));
#6573=DIRECTION('ref_axis',(-0.707106781186548,0.707106781186547,0.));
#6574=DIRECTION('',(-0.707106781186548,0.707106781186547,0.));
#6575=DIRECTION('center_axis',(0.,0.,1.));
#6576=DIRECTION('ref_axis',(0.,-1.,0.));
#6577=DIRECTION('',(-0.707106781186548,-0.707106781186547,0.));
#6578=DIRECTION('center_axis',(0.,0.,1.));
#6579=DIRECTION('ref_axis',(0.976296007119933,0.216439613938107,0.));
#6580=DIRECTION('',(-0.939692620785908,0.342020143325669,0.));
#6581=DIRECTION('center_axis',(0.707106781186547,0.707106781186548,2.81736037578933E-32));
#6582=DIRECTION('ref_axis',(3.98434925353383E-32,0.,-1.));
#6583=DIRECTION('center_axis',(0.,0.,1.));
#6584=DIRECTION('ref_axis',(0.,-1.,0.));
#6585=DIRECTION('center_axis',(-2.61682076447297E-16,2.61682076447297E-16,
-1.));
#6586=DIRECTION('ref_axis',(0.,-1.,0.));
#6587=DIRECTION('',(0.,0.,1.));
#6588=DIRECTION('',(0.,0.,-1.));
#6589=DIRECTION('center_axis',(-0.707106781186547,0.707106781186548,0.));
#6590=DIRECTION('ref_axis',(-0.707106781186548,-0.707106781186547,0.));
#6591=DIRECTION('',(0.707106781186548,0.707106781186547,0.));
#6592=DIRECTION('',(8.12444858442196E-16,8.12444858442195E-16,-1.));
#6593=DIRECTION('center_axis',(-0.707106781186548,0.707106781186547,0.));
#6594=DIRECTION('ref_axis',(-0.5,-0.5,0.707106781186548));
#6595=DIRECTION('center_axis',(-0.707106781186548,0.707106781186547,-1.18329135783152E-30));
#6596=DIRECTION('ref_axis',(-0.5,-0.5,0.707106781186548));
#6597=DIRECTION('',(-0.707106781186548,0.707106781186547,0.));
#6598=DIRECTION('center_axis',(-0.707106781186548,0.707106781186547,-9.86076131526265E-32));
#6599=DIRECTION('ref_axis',(-0.5,-0.5,0.707106781186548));
#6600=DIRECTION('',(0.707106781186548,-0.707106781186547,0.));
#6601=DIRECTION('center_axis',(0.,0.,1.));
#6602=DIRECTION('ref_axis',(1.,0.,0.));
#6603=DIRECTION('',(0.707106781186547,0.707106781186548,0.));
#6604=DIRECTION('',(0.707106781186548,-0.707106781186547,0.));
#6605=DIRECTION('',(0.707106781186547,0.707106781186548,0.));
#6606=DIRECTION('',(0.939692620785908,-0.342020143325669,0.));
#6607=DIRECTION('',(-0.707106781186548,-0.707106781186547,0.));
#6608=DIRECTION('center_axis',(-0.707106781186548,0.707106781186547,-1.18329135783152E-30));
#6609=DIRECTION('ref_axis',(-3.07192002785955E-15,-3.07192002785955E-15,
1.));
#6610=DIRECTION('',(-8.36713343242104E-31,8.36713343242103E-31,1.));
#6611=DIRECTION('',(-0.707106781186547,-0.707106781186548,0.));
#6612=DIRECTION('',(-8.36713343242104E-31,8.36713343242103E-31,1.));
#6613=DIRECTION('',(-0.707106781186547,-0.707106781186548,0.));
#6614=DIRECTION('',(-3.07192002785955E-15,-3.07192002785955E-15,1.));
#6615=DIRECTION('center_axis',(1.65563352539612E-16,-1.65563352539612E-16,
-1.));
#6616=DIRECTION('ref_axis',(-1.,1.25607396694702E-14,0.));
#6617=DIRECTION('center_axis',(0.,0.,1.));
#6618=DIRECTION('ref_axis',(-1.,1.25607396694702E-14,0.));
#6619=DIRECTION('',(-1.65563352539612E-16,1.65563352539612E-16,1.));
#6620=DIRECTION('center_axis',(1.57009245868376E-15,-1.57009245868376E-15,
-1.));
#6621=DIRECTION('ref_axis',(-0.707106781186548,-0.707106781186548,0.));
#6622=DIRECTION('',(1.65563352539612E-16,-1.65563352539612E-16,-1.));
#6623=DIRECTION('center_axis',(-0.707106781186547,-0.707106781186548,0.));
#6624=DIRECTION('ref_axis',(0.,0.,1.));
#6625=DIRECTION('center_axis',(-0.5,0.5,-0.707106781186547));
#6626=DIRECTION('ref_axis',(-0.707106781186548,-0.707106781186548,0.));
#6627=DIRECTION('center_axis',(-0.707106781186547,-0.707106781186548,0.));
#6628=DIRECTION('ref_axis',(-0.653281482438188,0.653281482438188,0.382683432365091));
#6629=DIRECTION('center_axis',(0.707106781186547,0.707106781186548,0.));
#6630=DIRECTION('ref_axis',(-0.653281482438188,0.653281482438188,0.382683432365091));
#6631=DIRECTION('center_axis',(-0.5,0.5,-0.707106781186548));
#6632=DIRECTION('ref_axis',(-0.853553390593277,-0.14644660940673,0.499999999999994));
#6633=DIRECTION('center_axis',(-0.500000000000001,0.500000000000001,-0.707106781186546));
#6634=DIRECTION('ref_axis',(-0.707106781186548,-0.707106781186548,0.));
#6635=DIRECTION('',(-0.5,0.5,-0.707106781186548));
#6636=DIRECTION('',(0.5,-0.5,0.707106781186548));
#6637=DIRECTION('center_axis',(0.707106781186547,0.707106781186548,0.));
#6638=DIRECTION('ref_axis',(0.,0.,-1.));
#6639=DIRECTION('center_axis',(0.,0.,-1.));
#6640=DIRECTION('ref_axis',(-0.707106781186548,-0.707106781186548,0.));
#6641=DIRECTION('center_axis',(0.707106781186547,0.707106781186548,0.));
#6642=DIRECTION('ref_axis',(0.653281482438189,-0.653281482438188,-0.382683432365089));
#6643=DIRECTION('center_axis',(-0.707106781186547,-0.707106781186548,0.));
#6644=DIRECTION('ref_axis',(0.653281482438189,-0.653281482438188,-0.382683432365089));
#6645=DIRECTION('center_axis',(0.,0.,-1.));
#6646=DIRECTION('ref_axis',(-1.,0.,0.));
#6647=DIRECTION('center_axis',(0.,0.,-1.));
#6648=DIRECTION('ref_axis',(-0.707106781186548,-0.707106781186548,0.));
#6649=DIRECTION('',(0.,0.,-1.));
#6650=DIRECTION('',(0.,0.,1.));
#6651=DIRECTION('center_axis',(0.707106781186547,0.707106781186548,0.));
#6652=DIRECTION('ref_axis',(0.,0.,-1.));
#6653=DIRECTION('center_axis',(0.499999999999998,-0.499999999999998,-0.70710678118655));
#6654=DIRECTION('ref_axis',(-0.707106781186548,-0.707106781186548,0.));
#6655=DIRECTION('center_axis',(0.707106781186547,0.707106781186548,0.));
#6656=DIRECTION('ref_axis',(0.653281482438189,-0.653281482438188,0.382683432365089));
#6657=DIRECTION('center_axis',(-0.707106781186547,-0.707106781186548,0.));
#6658=DIRECTION('ref_axis',(0.653281482438189,-0.653281482438188,0.382683432365089));
#6659=DIRECTION('center_axis',(0.5,-0.5,-0.707106781186548));
#6660=DIRECTION('ref_axis',(-0.85355339059327,-0.146446609406746,-0.500000000000001));
#6661=DIRECTION('center_axis',(0.500000000000004,-0.499999999999997,-0.707106781186547));
#6662=DIRECTION('ref_axis',(-0.707106781186543,-0.707106781186552,0.));
#6663=DIRECTION('',(0.5,-0.5,-0.707106781186548));
#6664=DIRECTION('',(-0.5,0.5,0.707106781186548));
#6665=DIRECTION('center_axis',(-0.707106781186547,-0.707106781186548,0.));
#6666=DIRECTION('ref_axis',(0.,0.,1.));
#6667=DIRECTION('center_axis',(0.,0.,-1.));
#6668=DIRECTION('ref_axis',(-0.707106781186543,-0.707106781186552,0.));
#6669=DIRECTION('center_axis',(-0.707106781186547,-0.707106781186548,0.));
#6670=DIRECTION('ref_axis',(-0.653281482438189,0.653281482438188,-0.382683432365088));
#6671=DIRECTION('center_axis',(0.707106781186547,0.707106781186548,0.));
#6672=DIRECTION('ref_axis',(-0.653281482438189,0.653281482438188,-0.382683432365088));
#6673=DIRECTION('center_axis',(-1.65563352539612E-16,1.65563352539612E-16,
1.));
#6674=DIRECTION('ref_axis',(-1.,0.,0.));
#6675=DIRECTION('',(1.65563352539612E-16,-1.65563352539612E-16,-1.));
#6676=DIRECTION('',(-1.65563352539612E-16,1.65563352539612E-16,1.));
#6677=DIRECTION('center_axis',(0.499999999999995,-0.499999999999995,-0.707106781186554));
#6678=DIRECTION('ref_axis',(-0.500000000000005,0.500000000000005,-0.707106781186541));
#6679=DIRECTION('center_axis',(0.707106781186548,-0.707106781186547,0.));
#6680=DIRECTION('ref_axis',(-0.500000000000005,-0.500000000000005,-0.707106781186541));
#6681=DIRECTION('',(-0.707106781186548,0.707106781186547,0.));
#6682=DIRECTION('center_axis',(-0.707106781186548,0.707106781186547,1.4791141972894E-31));
#6683=DIRECTION('ref_axis',(-0.500000000000005,-0.500000000000005,-0.707106781186541));
#6684=DIRECTION('',(0.707106781186548,-0.707106781186547,0.));
#6685=DIRECTION('center_axis',(-0.707106781186548,0.707106781186547,-2.34141938593477E-16));
#6686=DIRECTION('ref_axis',(1.65563352539612E-16,-1.65563352539612E-16,
-1.));
#6687=DIRECTION('',(-0.707106781186547,-0.707106781186548,0.));
#6688=DIRECTION('center_axis',(0.707106781186548,-0.707106781186547,2.34141938593477E-16));
#6689=DIRECTION('ref_axis',(-0.707106781186539,-0.707106781186556,-2.99731309404946E-14));
#6690=DIRECTION('',(0.707106781186547,0.707106781186548,2.90987396041067E-14));
#6691=DIRECTION('',(-1.05521167018084E-15,-7.2408496510162E-16,1.));
#6692=DIRECTION('',(8.83492541060001E-17,1.38834542166572E-16,-1.));
#6693=DIRECTION('',(0.707106781186547,0.707106781186548,0.));
#6694=DIRECTION('',(-2.52426440302858E-17,2.52426440302857E-17,-1.));
#6695=DIRECTION('',(0.707106781186547,0.707106781186548,0.));
#6696=DIRECTION('center_axis',(0.707106781186547,0.707106781186548,0.));
#6697=DIRECTION('ref_axis',(-0.5,0.499999999999999,0.707106781186548));
#6698=DIRECTION('',(0.707106781186547,0.707106781186548,0.));
#6699=DIRECTION('center_axis',(0.707106781186539,0.707106781186556,2.89288185920831E-14));
#6700=DIRECTION('ref_axis',(-0.5,0.499999999999999,0.707106781186548));
#6701=DIRECTION('center_axis',(0.500000000000001,-0.5,-0.707106781186547));
#6702=DIRECTION('ref_axis',(-0.5,0.5,-0.707106781186548));
#6703=DIRECTION('',(0.707106781186547,0.707106781186548,0.));
#6704=DIRECTION('',(0.499999999999991,-0.500000000000008,0.707106781186548));
#6705=DIRECTION('center_axis',(0.707106781186547,0.707106781186548,0.));
#6706=DIRECTION('ref_axis',(0.500000000000001,-0.5,-0.707106781186547));
#6707=DIRECTION('',(0.707106781186547,0.707106781186548,0.));
#6708=DIRECTION('center_axis',(-0.707106781186539,-0.707106781186556,-2.89288185920831E-14));
#6709=DIRECTION('ref_axis',(0.500000000000001,-0.5,-0.707106781186547));
#6710=DIRECTION('center_axis',(0.707106781186548,-0.707106781186547,0.));
#6711=DIRECTION('ref_axis',(0.,0.,-1.));
#6712=DIRECTION('',(0.707106781186547,0.707106781186548,0.));
#6713=DIRECTION('',(-2.04557637981774E-14,-2.04557637981774E-14,1.));
#6714=DIRECTION('center_axis',(0.707106781186547,0.707106781186548,0.));
#6715=DIRECTION('ref_axis',(0.707106781186548,-0.707106781186547,1.77635683940024E-15));
#6716=DIRECTION('',(0.707106781186547,0.707106781186548,0.));
#6717=DIRECTION('center_axis',(-0.707106781186539,-0.707106781186556,-2.89288185920831E-14));
#6718=DIRECTION('ref_axis',(0.707106781186548,-0.707106781186547,1.77635683940024E-15));
#6719=DIRECTION('center_axis',(0.500000000000001,-0.5,0.707106781186547));
#6720=DIRECTION('ref_axis',(0.5,-0.5,-0.707106781186548));
#6721=DIRECTION('',(0.707106781186547,0.707106781186548,0.));
#6722=DIRECTION('',(-0.50000000000002,0.49999999999998,0.707106781186548));
#6723=DIRECTION('center_axis',(0.707106781186547,0.707106781186548,0.));
#6724=DIRECTION('ref_axis',(-0.707106781186548,0.707106781186547,-3.55271367880045E-15));
#6725=DIRECTION('',(-0.707106781186547,-0.707106781186548,0.));
#6726=DIRECTION('center_axis',(0.707106781186539,0.707106781186556,2.89288185920831E-14));
#6727=DIRECTION('ref_axis',(-0.707106781186548,0.707106781186547,-3.55271367880045E-15));
#6728=DIRECTION('center_axis',(-0.707106781186548,0.707106781186547,-2.34141938593477E-16));
#6729=DIRECTION('ref_axis',(1.65563352539612E-16,-1.65563352539612E-16,
-1.));
#6730=DIRECTION('',(-0.707106781186547,-0.707106781186548,0.));
#6731=DIRECTION('',(-1.05521167018084E-15,-7.2408496510162E-16,1.));
#6732=DIRECTION('',(-0.707106781186547,-0.707106781186548,-3.00718174315723E-14));
#6733=DIRECTION('center_axis',(0.707106781186548,-0.707106781186547,2.34141938593477E-16));
#6734=DIRECTION('ref_axis',(-1.04850634068075E-14,-2.911206939392E-14,1.));
#6735=DIRECTION('center_axis',(0.,0.,1.));
#6736=DIRECTION('ref_axis',(1.,0.,0.));
#6737=DIRECTION('',(0.707106781186548,0.707106781186547,0.));
#6738=DIRECTION('',(-0.939692620785908,0.342020143325669,0.));
#6739=DIRECTION('center_axis',(-0.999480114339699,0.0260010435572367,0.0190642800398194));
#6740=DIRECTION('ref_axis',(-0.0322412940109729,-0.806032350273952,-0.590992681234164));
#6741=DIRECTION('center_axis',(-0.707106781186548,-0.707106781186548,1.88994321985106E-14));
#6742=DIRECTION('ref_axis',(0.707106781186548,-0.707106781186548,0.));
#6743=DIRECTION('center_axis',(0.,0.,-1.));
#6744=DIRECTION('ref_axis',(-0.707106781186548,-0.707106781186548,0.));
#6745=DIRECTION('center_axis',(0.705011645377821,-0.705011645377821,-0.0769230769230843));
#6746=DIRECTION('ref_axis',(-0.0543928293220473,0.0543928293220473,-0.997037030524286));
#6747=DIRECTION('center_axis',(-0.54715230087821,-0.00081180045302176,-0.837032675959371));
#6748=DIRECTION('ref_axis',(-0.837031754674756,-0.00124188961016359,0.547152903105059));
#6749=DIRECTION('center_axis',(-0.707106781186543,-0.707106781186552,3.14018491736757E-15));
#6750=DIRECTION('ref_axis',(-0.705011645377826,0.705011645377817,-0.0769230769230766));
#6751=DIRECTION('center_axis',(-0.0543928293220412,0.0543928293220412,0.997037030524286));
#6752=DIRECTION('ref_axis',(-0.707106781186548,-0.707106781186548,0.));
#6753=DIRECTION('center_axis',(-0.707106781186552,0.707106781186543,0.));
#6754=DIRECTION('ref_axis',(0.,0.,1.));
#6755=DIRECTION('center_axis',(-0.707106781186547,-0.707106781186548,-2.81736037578933E-32));
#6756=DIRECTION('ref_axis',(0.,0.,1.));
#6757=DIRECTION('center_axis',(0.707106781186547,0.707106781186548,2.81736037578933E-32));
#6758=DIRECTION('ref_axis',(-0.500000000000001,0.5,-0.707106781186547));
#6759=DIRECTION('center_axis',(-0.707106781186547,-0.707106781186548,-2.81736037578933E-32));
#6760=DIRECTION('ref_axis',(-0.500000000000001,0.5,-0.707106781186547));
#6761=DIRECTION('center_axis',(0.,0.,1.));
#6762=DIRECTION('ref_axis',(1.,0.,0.));
#6763=DIRECTION('center_axis',(-0.707106781186561,-0.707106781186534,2.10554776571799E-15));
#6764=DIRECTION('ref_axis',(0.0785674201318364,-0.0785674201318364,0.993807989999907));
#6765=DIRECTION('center_axis',(0.702728368926308,-0.702728368926308,-0.11111111111109));
#6766=DIRECTION('ref_axis',(-0.707106781186548,-0.707106781186548,0.));
#6767=DIRECTION('center_axis',(3.14018491736758E-15,3.14018491736754E-15,
1.));
#6768=DIRECTION('ref_axis',(0.707106781186543,-0.707106781186552,0.));
#6769=DIRECTION('center_axis',(-0.99999702526376,0.00191571451100713,-0.0015098018223778));
#6770=DIRECTION('ref_axis',(-0.00243915223603607,-0.785399444922301,0.618984460590176));
#6771=DIRECTION('center_axis',(0.707106781186552,-0.707106781186543,0.));
#6772=DIRECTION('ref_axis',(-0.707106781186543,-0.707106781186552,0.));
#6773=DIRECTION('center_axis',(-0.0785674201318381,0.0785674201318381,0.993807989999907));
#6774=DIRECTION('ref_axis',(0.702728368926307,-0.702728368926307,0.11111111111111));
#6775=DIRECTION('center_axis',(-0.707106781186548,-0.707106781186548,0.));
#6776=DIRECTION('ref_axis',(0.,0.,1.));
#6777=DIRECTION('center_axis',(0.707106781186547,0.707106781186548,2.81736037578933E-32));
#6778=DIRECTION('ref_axis',(0.,0.,-1.));
#6779=DIRECTION('center_axis',(-0.707106781186547,-0.707106781186548,-2.81736037578933E-32));
#6780=DIRECTION('ref_axis',(-0.5,0.499999999999999,-0.707106781186548));
#6781=DIRECTION('center_axis',(0.707106781186547,0.707106781186548,2.81736037578933E-32));
#6782=DIRECTION('ref_axis',(-0.5,0.499999999999999,-0.707106781186548));
#6783=DIRECTION('center_axis',(8.12444858442196E-16,8.12444858442195E-16,
-1.));
#6784=DIRECTION('ref_axis',(0.976296007119933,0.216439613938107,0.));
#6785=DIRECTION('',(-8.12444858442196E-16,-8.12444858442195E-16,1.));
#6786=DIRECTION('center_axis',(2.61682076447297E-16,-2.61682076447297E-16,
1.));
#6787=DIRECTION('ref_axis',(0.976296007119933,0.216439613938107,0.));
#6788=DIRECTION('center_axis',(-0.664463024388676,0.241844762647977,0.707106781186546));
#6789=DIRECTION('ref_axis',(0.664463024388672,-0.241844762647977,0.707106781186549));
#6790=DIRECTION('center_axis',(0.939692620785908,-0.342020143325669,-3.35401257521722E-16));
#6791=DIRECTION('ref_axis',(0.241844762647967,0.664463024388676,0.707106781186549));
#6792=DIRECTION('',(-0.939692620785908,0.342020143325669,3.35401257521722E-16));
#6793=DIRECTION('',(0.939692620785908,-0.342020143325669,-3.35401257521722E-16));
#6794=DIRECTION('center_axis',(-0.216439613938102,0.976296007119934,0.));
#6795=DIRECTION('ref_axis',(-0.976296007119934,-0.216439613938102,3.9768159753915E-16));
#6796=DIRECTION('center_axis',(-0.707106781186547,-0.707106781186548,0.));
#6797=DIRECTION('ref_axis',(0.471404520791032,-0.471404520791032,0.745355992499929));
#6798=DIRECTION('',(-0.707106781186547,-0.707106781186548,0.));
#6799=DIRECTION('',(0.707106781186547,0.707106781186548,0.));
#6800=DIRECTION('center_axis',(-0.707106781186548,0.707106781186547,3.7007434154172E-16));
#6801=DIRECTION('ref_axis',(-0.499999999999999,-0.499999999999999,0.707106781186549));
#6802=DIRECTION('',(0.707106781186548,-0.707106781186547,-3.7007434154172E-16));
#6803=DIRECTION('',(-0.707106781186548,0.707106781186547,3.7007434154172E-16));
#6804=DIRECTION('center_axis',(-8.96478582045111E-32,4.98043656691728E-32,
1.));
#6805=DIRECTION('ref_axis',(0.,-1.,0.));
#6806=DIRECTION('',(8.96478582045111E-32,-4.98043656691728E-32,-1.));
#6807=DIRECTION('',(-8.96478582045111E-32,4.98043656691728E-32,1.));
#6808=DIRECTION('center_axis',(0.707106781186547,0.707106781186548,0.));
#6809=DIRECTION('ref_axis',(0.527046276694734,-0.527046276694734,0.666666666666661));
#6810=DIRECTION('center_axis',(-0.342020143325669,-0.939692620785908,-1.04132094520219E-15));
#6811=DIRECTION('ref_axis',(0.939692620785908,-0.342020143325669,-2.38973395984226E-15));
#6812=DIRECTION('',(-0.707106781186547,-0.707106781186548,0.));
#6813=DIRECTION('',(0.707106781186547,0.707106781186548,0.));
#6814=DIRECTION('center_axis',(-0.707106781186547,-0.707106781186548,0.));
#6815=DIRECTION('ref_axis',(-0.518874521662782,0.518874521662769,0.679366220486751));
#6816=DIRECTION('center_axis',(0.707106781186547,0.707106781186548,0.));
#6817=DIRECTION('ref_axis',(-0.518874521662782,0.518874521662769,0.679366220486751));
#6818=DIRECTION('',(-0.707106781186547,-0.707106781186548,0.));
#6819=DIRECTION('',(0.707106781186547,0.707106781186548,0.));
#6820=DIRECTION('center_axis',(-0.707106781186547,-0.707106781186548,6.95951473362875E-18));
#6821=DIRECTION('ref_axis',(0.480384461415258,-0.480384461415258,-0.733799385705347));
#6822=DIRECTION('center_axis',(0.707106781186547,0.707106781186548,0.));
#6823=DIRECTION('ref_axis',(0.480384461415258,-0.480384461415258,-0.733799385705347));
#6824=DIRECTION('',(-0.707106781186547,-0.707106781186548,6.95951473362875E-18));
#6825=DIRECTION('',(0.707106781186547,0.707106781186548,0.));
#6826=DIRECTION('center_axis',(0.707106781186547,0.707106781186548,0.));
#6827=DIRECTION('ref_axis',(-0.707106781186548,0.707106781186547,0.));
#6828=DIRECTION('center_axis',(-0.342020143325669,-0.939692620785908,-1.04132094520219E-15));
#6829=DIRECTION('ref_axis',(-0.939692620785908,0.342020143325669,0.));
#6830=DIRECTION('center_axis',(0.342020143325669,0.939692620785908,1.04132094520219E-15));
#6831=DIRECTION('ref_axis',(0.,-1.10815060389777E-15,1.));
#6832=DIRECTION('center_axis',(0.342020143325669,0.939692620785908,1.04132094520219E-15));
#6833=DIRECTION('ref_axis',(-0.939692620785908,0.342020143325669,2.57839716719823E-15));
#6834=DIRECTION('',(-8.12444858442196E-16,-8.12444858442195E-16,1.));
#6835=DIRECTION('center_axis',(0.342020143325669,0.939692620785908,1.04132094520219E-15));
#6836=DIRECTION('ref_axis',(-0.939692620785908,0.342020143325669,2.20107075248629E-15));
#6837=DIRECTION('',(0.939692620785908,-0.342020143325669,0.));
#6838=DIRECTION('center_axis',(0.342020143325669,0.939692620785908,1.04132094520219E-15));
#6839=DIRECTION('ref_axis',(0.939692620785908,-0.342020143325669,-2.20107075248629E-15));
#6840=DIRECTION('',(-1.7422936214617E-15,1.7422936214617E-15,-1.));
#6841=DIRECTION('center_axis',(0.342020143325669,0.939692620785908,1.04132094520219E-15));
#6842=DIRECTION('ref_axis',(0.939692620785908,-0.342020143325669,-1.32064245149177E-15));
#6843=DIRECTION('',(-0.939692620785908,0.342020143325669,0.));
#6844=DIRECTION('',(8.12444858442195E-16,8.12444858442195E-16,-1.));
#6845=DIRECTION('',(0.939692620785908,-0.342020143325669,3.60423084900353E-16));
#6846=DIRECTION('center_axis',(-0.342020143325669,-0.939692620785908,-1.04132094520219E-15));
#6847=DIRECTION('ref_axis',(-0.939692620785908,0.342020143325669,-3.12889698399837E-16));
#6848=DIRECTION('',(-6.21704220210059E-14,2.15200324635164E-14,1.));
#6849=DIRECTION('center_axis',(-0.342020143325669,-0.939692620785908,-1.04132094520219E-15));
#6850=DIRECTION('ref_axis',(0.939692620785908,-0.342020143325669,-1.04177434766009E-16));
#6851=DIRECTION('',(-0.939692620785908,0.342020143325669,-7.7166354488226E-16));
#6852=DIRECTION('',(8.12444858442195E-16,8.12444858442195E-16,-1.));
#6853=DIRECTION('center_axis',(0.707106781186548,-0.707106781186547,9.86076131526265E-32));
#6854=DIRECTION('ref_axis',(-5.23364152894591E-16,-5.23364152894592E-16,
-1.));
#6855=DIRECTION('',(3.4863055968421E-32,-3.4863055968421E-32,-1.));
#6856=DIRECTION('center_axis',(0.707106781186547,0.707106781186548,2.81736037578933E-32));
#6857=DIRECTION('ref_axis',(3.98434925353383E-32,0.,-1.));
#6858=DIRECTION('',(0.707106781186548,0.707106781186548,-2.22044604925032E-15));
#6859=DIRECTION('',(0.707106781186548,0.707106781186548,-2.22044604925032E-15));
#6860=DIRECTION('',(0.707106781186548,0.707106781186548,-2.22044604925032E-15));
#6861=DIRECTION('',(0.707106781186548,0.707106781186548,-2.22044604925032E-15));
#6862=DIRECTION('',(0.707106781186548,0.707106781186548,-2.22044604925032E-15));
#6863=DIRECTION('center_axis',(-0.707106781186548,0.707106781186548,1.45609731775017E-15));
#6864=DIRECTION('ref_axis',(2.17150169493056E-15,1.1226912003319E-16,1.));
#6865=DIRECTION('',(1.02961628744869E-15,-1.02961628744869E-15,1.));
#6866=DIRECTION('',(0.707106781186548,0.707106781186548,-2.22044604925032E-15));
#6867=DIRECTION('',(2.17150169493056E-15,1.1226912003319E-16,1.));
#6868=DIRECTION('center_axis',(-1.57009245868378E-15,-1.57009245868378E-15,
-1.));
#6869=DIRECTION('ref_axis',(-0.707106781186548,0.707106781186547,0.));
#6870=DIRECTION('',(-0.707106781186548,0.707106781186547,-1.97215226305253E-31));
#6871=DIRECTION('',(0.707106781186548,0.707106781186548,-2.22044604925032E-15));
#6872=DIRECTION('',(-0.707106781186548,0.707106781186547,2.78904447747368E-31));
#6873=DIRECTION('center_axis',(0.707106781186548,-0.707106781186548,-1.4907681813873E-15));
#6874=DIRECTION('ref_axis',(-2.19601769771798E-15,-8.77531172457769E-17,
-1.));
#6875=DIRECTION('',(-1.0541322902361E-15,1.0541322902361E-15,-1.));
#6876=DIRECTION('',(0.707106781186548,0.707106781186548,-2.22044604925032E-15));
#6877=DIRECTION('',(-2.19601769771798E-15,-8.77531172457771E-17,-1.));
#6878=DIRECTION('',(0.707106781186548,0.707106781186548,-2.22044604925032E-15));
#6879=DIRECTION('',(0.707106781186548,0.707106781186548,-2.22044604925032E-15));
#6880=DIRECTION('',(0.707106781186548,0.707106781186548,-2.22044604925032E-15));
#6881=DIRECTION('',(0.707106781186548,0.707106781186548,-2.22044604925032E-15));
#6882=DIRECTION('',(0.707106781186548,0.707106781186548,-2.22044604925032E-15));
#6883=DIRECTION('',(0.707106781186548,0.707106781186548,-2.22044604925032E-15));
#6884=DIRECTION('',(0.707106781186548,0.707106781186548,-2.22044604925032E-15));
#6885=DIRECTION('',(0.707106781186548,0.707106781186548,-2.22044604925032E-15));
#6886=DIRECTION('',(0.707106781186548,0.707106781186548,-2.22044604925032E-15));
#6887=DIRECTION('center_axis',(-0.707106781186548,0.707106781186548,1.4907681813873E-15));
#6888=DIRECTION('ref_axis',(2.19601769771798E-15,8.77531172457769E-17,1.));
#6889=DIRECTION('',(1.0541322902361E-15,-1.0541322902361E-15,1.));
#6890=DIRECTION('',(0.707106781186548,0.707106781186548,-2.22044604925032E-15));
#6891=DIRECTION('',(2.19601769771798E-15,8.77531172457771E-17,1.));
#6892=DIRECTION('center_axis',(-1.57009245868378E-15,-1.57009245868378E-15,
-1.));
#6893=DIRECTION('ref_axis',(-0.707106781186548,0.707106781186547,0.));
#6894=DIRECTION('',(-0.707106781186548,0.707106781186547,-1.97215226305253E-31));
#6895=DIRECTION('',(0.707106781186548,0.707106781186548,-2.22044604925032E-15));
#6896=DIRECTION('',(-0.707106781186548,0.707106781186547,2.78904447747368E-31));
#6897=DIRECTION('center_axis',(0.707106781186548,-0.707106781186548,-1.45609731775017E-15));
#6898=DIRECTION('ref_axis',(-2.17150169493056E-15,-1.1226912003319E-16,
-1.));
#6899=DIRECTION('',(-1.02961628744869E-15,1.02961628744869E-15,-1.));
#6900=DIRECTION('',(-2.17150169493056E-15,-1.1226912003319E-16,-1.));
#6901=DIRECTION('center_axis',(-0.707106781186547,-0.707106781186548,1.6148698299368E-15));
#6902=DIRECTION('ref_axis',(0.707106781186548,-0.707106781186547,-2.78904447747368E-31));
#6903=DIRECTION('center_axis',(7.85046229341889E-16,7.85046229341889E-16,
1.));
#6904=DIRECTION('ref_axis',(0.707106781186548,-0.707106781186547,0.));
#6905=DIRECTION('',(0.707106781186548,-0.707106781186547,9.86076131526265E-32));
#6906=DIRECTION('',(0.707106781186548,0.707106781186548,-1.11022302462516E-15));
#6907=DIRECTION('',(0.707106781186548,-0.707106781186547,0.));
#6908=DIRECTION('',(0.707106781186548,0.707106781186548,-1.11022302462516E-15));
#6909=DIRECTION('',(0.707106781186548,0.707106781186548,-1.11022302462516E-15));
#6910=DIRECTION('',(0.707106781186548,0.707106781186548,-1.11022302462516E-15));
#6911=DIRECTION('',(0.707106781186548,0.707106781186548,-1.11022302462516E-15));
#6912=DIRECTION('',(0.707106781186548,0.707106781186548,-1.11022302462516E-15));
#6913=DIRECTION('center_axis',(-7.85046229341889E-16,-7.85046229341889E-16,
-1.));
#6914=DIRECTION('ref_axis',(-0.707106781186548,0.707106781186547,0.));
#6915=DIRECTION('',(-0.707106781186548,0.707106781186547,-9.86076131526265E-32));
#6916=DIRECTION('',(0.707106781186548,0.707106781186548,-1.11022302462516E-15));
#6917=DIRECTION('',(-0.707106781186548,0.707106781186547,0.));
#6918=DIRECTION('center_axis',(-0.707106781186548,0.707106781186548,1.99093236966991E-15));
#6919=DIRECTION('ref_axis',(2.54968718695928E-15,-2.65916371995522E-16,
1.));
#6920=DIRECTION('',(1.4078017794774E-15,-1.4078017794774E-15,1.));
#6921=DIRECTION('',(2.54968718695928E-15,-2.65916371995522E-16,1.));
#6922=DIRECTION('center_axis',(7.85046229341889E-16,7.85046229341889E-16,
1.));
#6923=DIRECTION('ref_axis',(0.707106781186548,-0.707106781186547,0.));
#6924=DIRECTION('',(0.707106781186548,-0.707106781186547,9.86076131526265E-32));
#6925=DIRECTION('',(0.707106781186548,0.707106781186548,-1.11022302462516E-15));
#6926=DIRECTION('',(0.707106781186548,-0.707106781186547,0.));
#6927=DIRECTION('',(0.707106781186548,0.707106781186548,-1.11022302462516E-15));
#6928=DIRECTION('center_axis',(-0.707106781186548,0.707106781186548,1.19675507030008E-15));
#6929=DIRECTION('ref_axis',(1.98811903311045E-15,2.95651781853308E-16,1.));
#6930=DIRECTION('',(8.46233625628569E-16,-8.46233625628569E-16,1.));
#6931=DIRECTION('',(0.707106781186548,0.707106781186548,-1.11022302462516E-15));
#6932=DIRECTION('',(1.98811903311045E-15,2.95651781853308E-16,1.));
#6933=DIRECTION('center_axis',(7.85046229341889E-16,7.85046229341889E-16,
1.));
#6934=DIRECTION('ref_axis',(0.707106781186548,-0.707106781186547,0.));
#6935=DIRECTION('',(0.707106781186548,-0.707106781186547,9.86076131526265E-32));
#6936=DIRECTION('',(0.707106781186548,0.707106781186548,-1.11022302462516E-15));
#6937=DIRECTION('',(0.707106781186548,-0.707106781186547,0.));
#6938=DIRECTION('',(0.707106781186548,0.707106781186548,-1.11022302462516E-15));
#6939=DIRECTION('',(0.707106781186548,0.707106781186548,-1.11022302462516E-15));
#6940=DIRECTION('',(0.707106781186548,0.707106781186548,-1.11022302462516E-15));
#6941=DIRECTION('',(0.707106781186548,0.707106781186548,-1.11022302462516E-15));
#6942=DIRECTION('center_axis',(-7.85046229341889E-16,-7.85046229341889E-16,
-1.));
#6943=DIRECTION('ref_axis',(-0.707106781186548,0.707106781186547,0.));
#6944=DIRECTION('',(-0.707106781186548,0.707106781186547,-9.86076131526265E-32));
#6945=DIRECTION('',(0.707106781186548,0.707106781186548,-1.11022302462516E-15));
#6946=DIRECTION('',(-0.707106781186548,0.707106781186547,0.));
#6947=DIRECTION('center_axis',(0.707106781186548,-0.707106781186548,-1.77635683940025E-15));
#6948=DIRECTION('ref_axis',(-2.3979593744289E-15,1.14188559465143E-16,-1.));
#6949=DIRECTION('',(-1.25607396694702E-15,1.25607396694702E-15,-1.));
#6950=DIRECTION('',(-2.3979593744289E-15,1.14188559465143E-16,-1.));
#6951=DIRECTION('center_axis',(-0.707106781186547,-0.707106781186548,1.6148698299368E-15));
#6952=DIRECTION('ref_axis',(0.707106781186548,-0.707106781186547,0.));
#6953=DIRECTION('center_axis',(0.707106781186548,-0.707106781186548,0.));
#6954=DIRECTION('ref_axis',(0.,0.,-1.));
#6955=DIRECTION('',(0.,0.,-1.));
#6956=DIRECTION('',(0.707106781186548,0.707106781186548,-1.66533453693774E-15));
#6957=DIRECTION('',(1.97215226305253E-31,1.97215226305253E-31,-1.));
#6958=DIRECTION('',(0.707106781186548,0.707106781186548,-1.66533453693774E-15));
#6959=DIRECTION('center_axis',(1.17756934401284E-15,1.17756934401282E-15,
1.));
#6960=DIRECTION('ref_axis',(0.707106781186541,-0.707106781186553,0.));
#6961=DIRECTION('',(0.707106781186548,-0.707106781186547,-1.48897495860466E-29));
#6962=DIRECTION('',(0.707106781186548,0.707106781186548,-1.66533453693774E-15));
#6963=DIRECTION('',(0.707106781186542,-0.707106781186554,2.36469115854813E-45));
#6964=DIRECTION('center_axis',(-0.707106781186548,0.707106781186548,0.));
#6965=DIRECTION('ref_axis',(0.,0.,1.));
#6966=DIRECTION('',(0.,0.,1.));
#6967=DIRECTION('',(0.707106781186548,0.707106781186548,-1.66533453693774E-15));
#6968=DIRECTION('',(-1.97215226305253E-31,-1.97215226305253E-31,1.));
#6969=DIRECTION('center_axis',(1.17756934401283E-15,1.17756934401283E-15,
1.));
#6970=DIRECTION('ref_axis',(0.707106781186548,-0.707106781186547,0.));
#6971=DIRECTION('',(0.707106781186548,-0.707106781186547,9.86076131526265E-32));
#6972=DIRECTION('',(0.707106781186548,0.707106781186548,-1.66533453693774E-15));
#6973=DIRECTION('',(0.707106781186548,-0.707106781186547,-1.31371731030452E-46));
#6974=DIRECTION('center_axis',(-0.632455532033676,0.632455532033675,-0.44721359549996));
#6975=DIRECTION('ref_axis',(-0.316227766016839,0.316227766016839,0.894427190999915));
#6976=DIRECTION('',(-0.316227766016839,0.316227766016839,0.894427190999915));
#6977=DIRECTION('',(0.707106781186548,0.707106781186548,-1.66533453693774E-15));
#6978=DIRECTION('',(-0.316227766016839,0.316227766016839,0.894427190999915));
#6979=DIRECTION('center_axis',(0.632455532033676,-0.632455532033677,-0.447213595499957));
#6980=DIRECTION('ref_axis',(-0.316227766016835,0.316227766016839,-0.894427190999916));
#6981=DIRECTION('',(-0.316227766016837,0.316227766016837,-0.894427190999916));
#6982=DIRECTION('',(0.707106781186548,0.707106781186548,-1.66533453693774E-15));
#6983=DIRECTION('',(-0.316227766016836,0.316227766016839,-0.894427190999916));
#6984=DIRECTION('center_axis',(1.17756934401283E-15,1.17756934401283E-15,
1.));
#6985=DIRECTION('ref_axis',(0.707106781186548,-0.707106781186547,0.));
#6986=DIRECTION('',(0.707106781186548,-0.707106781186547,9.86076131526265E-32));
#6987=DIRECTION('',(0.707106781186548,-0.707106781186547,-1.31371731030452E-46));
#6988=DIRECTION('center_axis',(0.707106781186548,0.707106781186548,-1.66533453693774E-15));
#6989=DIRECTION('ref_axis',(-2.35513868802567E-15,0.,-1.));
#6990=DIRECTION('center_axis',(-0.707106781186547,-0.707106781186548,0.));
#6991=DIRECTION('ref_axis',(0.707106781186548,-0.707106781186547,0.));
#6992=DIRECTION('',(0.707106781186548,-0.707106781186547,0.));
#6993=DIRECTION('center_axis',(-0.707106781186547,-0.707106781186548,0.));
#6994=DIRECTION('ref_axis',(8.97195690676443E-16,-8.97195690676443E-16,
-1.));
#6995=DIRECTION('',(-1.04672830578919E-15,1.04672830578919E-15,1.));
#6996=DIRECTION('center_axis',(-0.707106781186547,-0.707106781186548,0.));
#6997=DIRECTION('ref_axis',(8.97195690676443E-16,-8.97195690676443E-16,
-1.));
#6998=DIRECTION('',(0.,0.,1.));
#6999=DIRECTION('center_axis',(-0.707106781186547,-0.707106781186548,0.));
#7000=DIRECTION('ref_axis',(0.707106781186548,-0.707106781186547,1.26882631385732E-15));
#7001=DIRECTION('',(-0.707106781186548,0.707106781186547,0.));
#7002=DIRECTION('center_axis',(-0.707106781186547,-0.707106781186548,0.));
#7003=DIRECTION('ref_axis',(0.707106781186548,-0.707106781186547,1.26882631385732E-15));
#7004=DIRECTION('',(-0.707106781186548,0.707106781186547,0.));
#7005=DIRECTION('center_axis',(-0.707106781186547,-0.707106781186548,0.));
#7006=DIRECTION('ref_axis',(-8.97195690676444E-16,8.97195690676443E-16,
1.));
#7007=DIRECTION('',(-3.4863055968421E-32,3.4863055968421E-32,-1.));
#7008=DIRECTION('center_axis',(0.707106781186547,0.707106781186548,0.));
#7009=DIRECTION('ref_axis',(0.,0.,-1.));
#7010=DIRECTION('',(-0.707106781186548,0.707106781186547,0.));
#7011=DIRECTION('center_axis',(-0.707106781186539,-0.707106781186556,-2.89288185920831E-14));
#7012=DIRECTION('ref_axis',(-1.11394366314145E-14,-2.97720909649401E-14,
1.));
#7013=DIRECTION('',(-0.707106781186556,0.707106781186539,1.31712822466894E-14));
#7014=DIRECTION('',(-1.11394366314145E-14,-2.97720909649401E-14,1.));
#7015=DIRECTION('',(-0.707106781186556,0.707106781186539,1.31712822466894E-14));
#7016=DIRECTION('center_axis',(-0.707106781186547,-0.707106781186548,0.));
#7017=DIRECTION('ref_axis',(0.707106781186548,-0.707106781186547,0.));
#7018=DIRECTION('',(0.707106781186548,-0.707106781186547,0.));
#7019=DIRECTION('center_axis',(-0.707106781186547,-0.707106781186548,0.));
#7020=DIRECTION('ref_axis',(-0.5,0.5,-0.707106781186548));
#7021=DIRECTION('',(0.,0.,-1.));
#7022=DIRECTION('center_axis',(-0.707106781186547,-0.707106781186548,0.));
#7023=DIRECTION('ref_axis',(-0.500000000000001,0.5,0.707106781186547));
#7024=DIRECTION('',(-0.707106781186548,0.707106781186547,0.));
#7025=DIRECTION('center_axis',(-0.707106781186547,-0.707106781186548,0.));
#7026=DIRECTION('ref_axis',(0.500000000000001,-0.5,0.707106781186547));
#7027=DIRECTION('',(0.,0.,1.));
#7028=DIRECTION('center_axis',(-0.707106781186547,-0.707106781186548,0.));
#7029=DIRECTION('ref_axis',(0.5,-0.5,-0.707106781186547));
#7030=DIRECTION('',(0.707106781186548,-0.707106781186547,0.));
#7031=DIRECTION('',(-0.707106781186548,0.707106781186547,0.));
#7032=DIRECTION('center_axis',(0.707106781186547,0.707106781186548,0.));
#7033=DIRECTION('ref_axis',(0.5,-0.5,-0.707106781186547));
#7034=DIRECTION('',(0.,0.,-1.));
#7035=DIRECTION('center_axis',(0.707106781186547,0.707106781186548,0.));
#7036=DIRECTION('ref_axis',(0.5,-0.500000000000001,0.707106781186547));
#7037=DIRECTION('',(0.707106781186548,-0.707106781186547,0.));
#7038=DIRECTION('center_axis',(0.707106781186547,0.707106781186548,0.));
#7039=DIRECTION('ref_axis',(-0.5,0.500000000000001,0.707106781186547));
#7040=DIRECTION('',(0.,0.,1.));
#7041=DIRECTION('center_axis',(0.707106781186547,0.707106781186548,0.));
#7042=DIRECTION('ref_axis',(-0.5,0.5,-0.707106781186547));
#7043=DIRECTION('',(-0.707106781186548,0.707106781186547,0.));
#7044=DIRECTION('center_axis',(0.,0.,-1.));
#7045=DIRECTION('ref_axis',(0.707106781186548,-0.707106781186547,0.));
#7046=DIRECTION('',(-0.707106781186547,-0.707106781186548,0.));
#7047=DIRECTION('center_axis',(0.,0.,-1.));
#7048=DIRECTION('ref_axis',(0.707106781186548,-0.707106781186547,0.));
#7049=DIRECTION('',(0.707106781186548,-0.707106781186547,0.));
#7050=DIRECTION('',(-0.707106781186547,-0.707106781186548,0.));
#7051=DIRECTION('center_axis',(-0.707106781186547,-0.707106781186548,0.));
#7052=DIRECTION('ref_axis',(0.707106781186548,-0.707106781186547,0.));
#7053=DIRECTION('center_axis',(-0.707106781186547,-0.707106781186548,0.));
#7054=DIRECTION('ref_axis',(-0.707106781186548,0.707106781186547,3.1720657846433E-16));
#7055=DIRECTION('center_axis',(0.707106781186536,0.707106781186559,2.98555771658483E-14));
#7056=DIRECTION('ref_axis',(0.611548614268474,-0.611548614268431,-0.502012534477646));
#7057=DIRECTION('',(-0.707106781186548,-0.707106781186547,0.));
#7058=DIRECTION('center_axis',(0.707106781186539,0.707106781186556,2.98555771658482E-14));
#7059=DIRECTION('ref_axis',(0.611548614268474,-0.611548614268431,-0.502012534477646));
#7060=DIRECTION('',(0.707106781186536,0.707106781186559,2.98555771658483E-14));
#7061=DIRECTION('center_axis',(-0.707106781186539,-0.707106781186556,-3.15122051939847E-14));
#7062=DIRECTION('ref_axis',(0.611548614268474,-0.611548614268431,-0.502012534477646));
#7063=DIRECTION('center_axis',(-0.707106781186548,-0.707106781186547,-2.98555771658481E-14));
#7064=DIRECTION('ref_axis',(0.499999999999989,-0.500000000000019,0.707106781186542));
#7065=DIRECTION('',(-0.707106781186548,-0.707106781186547,-2.98555771658481E-14));
#7066=DIRECTION('center_axis',(0.500000000000014,0.500000000000016,-0.707106781186527));
#7067=DIRECTION('ref_axis',(0.499999999999987,0.499999999999984,0.707106781186568));
#7068=DIRECTION('',(0.707106781186548,0.707106781186547,2.98555771658481E-14));
#7069=DIRECTION('center_axis',(0.499999999999986,0.499999999999985,0.707106781186568));
#7070=DIRECTION('ref_axis',(-0.500000000000015,-0.500000000000014,0.707106781186527));
#7071=DIRECTION('center_axis',(-2.11110810702095E-14,-2.11110810702095E-14,
1.));
#7072=DIRECTION('ref_axis',(1.,8.75312868952632E-15,2.18828217238158E-14));
#7073=DIRECTION('',(-2.11110810702095E-14,-2.11110810702095E-14,1.));
#7074=DIRECTION('center_axis',(2.18828217238157E-14,2.18828217238158E-14,
-1.));
#7075=DIRECTION('ref_axis',(0.70710678118654,0.707106781186555,3.09469832648128E-14));
#7076=DIRECTION('',(2.11110810702095E-14,2.11110810702095E-14,-1.));
#7077=DIRECTION('center_axis',(-0.707106781186539,-0.707106781186556,-2.98555771658482E-14));
#7078=DIRECTION('ref_axis',(-4.21884749357559E-14,0.,1.));
#7079=DIRECTION('center_axis',(0.707106781186539,0.707106781186556,2.98555771658482E-14));
#7080=DIRECTION('ref_axis',(0.70245074895391,-0.702450748953899,0.114568279153513));
#7081=DIRECTION('center_axis',(-0.707106781186539,-0.707106781186556,-2.98555771658482E-14));
#7082=DIRECTION('ref_axis',(0.70245074895391,-0.702450748953899,0.114568279153513));
#7083=DIRECTION('center_axis',(0.707106781186539,0.707106781186556,3.15122051939847E-14));
#7084=DIRECTION('ref_axis',(4.45754544387E-14,0.,-1.));
#7085=DIRECTION('center_axis',(0.707106781186539,0.707106781186556,3.15122051939847E-14));
#7086=DIRECTION('ref_axis',(0.702450748953908,-0.702450748953897,0.11456827915354));
#7087=DIRECTION('center_axis',(-2.18828217238114E-14,-2.18828217238119E-14,
1.));
#7088=DIRECTION('ref_axis',(-0.70710678118654,-0.707106781186555,-3.0946983264807E-14));
#7089=DIRECTION('center_axis',(-0.707106781186539,-0.707106781186556,-3.15122051939847E-14));
#7090=DIRECTION('ref_axis',(0.702450748953908,-0.702450748953897,0.11456827915354));
#7091=DIRECTION('center_axis',(2.22824939828085E-14,2.22824939828085E-14,
-1.));
#7092=DIRECTION('ref_axis',(6.56484651714465E-15,-1.,-2.18828217238155E-14));
#7093=DIRECTION('',(-2.22824939828085E-14,-2.22824939828085E-14,1.));
#7094=DIRECTION('',(2.22824939828085E-14,2.22824939828085E-14,-1.));
#7095=DIRECTION('center_axis',(0.707106781186547,-0.707106781186548,0.));
#7096=DIRECTION('ref_axis',(0.707106781186548,0.707106781186547,0.));
#7097=DIRECTION('',(0.707106781186548,0.707106781186547,0.));
#7098=DIRECTION('center_axis',(0.707106781186547,-0.707106781186548,0.));
#7099=DIRECTION('ref_axis',(2.85752133026396E-15,2.85752133026395E-15,-1.));
#7100=DIRECTION('',(0.707106781186548,0.707106781186547,0.));
#7101=DIRECTION('',(-0.707106781186548,-0.707106781186547,0.));
#7102=DIRECTION('center_axis',(0.707106781186547,-0.707106781186548,0.));
#7103=DIRECTION('ref_axis',(5.47585891648954E-16,5.47585891648954E-16,1.));
#7104=DIRECTION('',(-0.707106781186548,-0.707106781186547,0.));
#7105=DIRECTION('',(0.,0.,1.));
#7106=DIRECTION('',(0.707106781186548,0.707106781186547,0.));
#7107=DIRECTION('center_axis',(-0.707106781186539,-0.707106781186556,-2.98555771658482E-14));
#7108=DIRECTION('ref_axis',(1.14316946857824E-14,3.07904674546365E-14,-1.));
#7109=DIRECTION('',(0.707106781186556,-0.707106781186539,-1.33226762955019E-14));
#7110=DIRECTION('',(1.18045465799041E-14,3.04176155605148E-14,-1.));
#7111=DIRECTION('',(0.707106781186556,-0.707106781186539,-1.33226762955019E-14));
#7112=DIRECTION('center_axis',(1.16905263181065E-14,3.05316358223123E-14,
-1.));
#7113=DIRECTION('ref_axis',(0.707106781186539,0.707106781186556,2.98555771658482E-14));
#7114=DIRECTION('',(0.707106781186556,-0.707106781186539,-1.33226762955019E-14));
#7115=DIRECTION('',(0.707106781186539,0.707106781186556,2.98555771658482E-14));
#7116=DIRECTION('center_axis',(-0.707106781186547,0.707106781186548,0.));
#7117=DIRECTION('ref_axis',(-2.77945651283197E-16,0.,-1.));
#7118=DIRECTION('center_axis',(0.313887800068322,0.313887800068323,-0.896074158726016));
#7119=DIRECTION('ref_axis',(0.707106781186548,-0.707106781186547,0.));
#7120=DIRECTION('center_axis',(-0.707106781186547,0.707106781186548,0.));
#7121=DIRECTION('ref_axis',(2.83781428660696E-15,2.87722837392095E-15,-1.));
#7122=DIRECTION('center_axis',(-0.707106781186547,0.707106781186548,0.));
#7123=DIRECTION('ref_axis',(2.83781428660696E-15,2.87722837392095E-15,-1.));
#7124=DIRECTION('center_axis',(-0.31388780006832,-0.313887800068321,-0.896074158726018));
#7125=DIRECTION('ref_axis',(0.633620114081199,0.633620114081197,-0.443904383920073));
#7126=DIRECTION('center_axis',(0.707106781186556,-0.707106781186539,-1.33226762955019E-14));
#7127=DIRECTION('ref_axis',(0.707106781186539,0.707106781186556,3.09599958512725E-14));
#7128=DIRECTION('center_axis',(0.707106781186556,-0.707106781186539,-1.31614272948824E-14));
#7129=DIRECTION('ref_axis',(0.707106781186539,0.707106781186556,3.09599958512725E-14));
#7130=DIRECTION('',(0.707106781186556,-0.707106781186539,-1.33226762955019E-14));
#7131=DIRECTION('center_axis',(-0.707106781186547,0.707106781186548,0.));
#7132=DIRECTION('ref_axis',(0.,0.,1.));
#7133=DIRECTION('center_axis',(-0.480827100550742,-0.480827100550741,0.733219338773831));
#7134=DIRECTION('ref_axis',(0.707106781186549,-0.707106781186546,3.09469832648135E-15));
#7135=DIRECTION('center_axis',(-0.707106781186547,0.707106781186548,0.));
#7136=DIRECTION('ref_axis',(5.41143704688378E-16,5.5402807860953E-16,1.));
#7137=DIRECTION('center_axis',(0.480827100550745,0.480827100550743,0.733219338773828));
#7138=DIRECTION('ref_axis',(-0.518464366544094,-0.518464366544087,0.679992206755394));
#7139=DIRECTION('center_axis',(0.707106781186556,-0.707106781186539,-1.33226762955019E-14));
#7140=DIRECTION('ref_axis',(2.85049876147396E-12,2.83158450055771E-12,1.));
#7141=DIRECTION('center_axis',(0.707106781186556,-0.707106781186539,-1.31614272948824E-14));
#7142=DIRECTION('ref_axis',(0.707106781186539,0.707106781186556,3.09599958512725E-14));
#7143=DIRECTION('center_axis',(-1.16905263181065E-14,-3.05316358223123E-14,
1.));
#7144=DIRECTION('ref_axis',(-0.707106781186539,-0.707106781186556,-2.98555771658482E-14));
#7145=DIRECTION('',(-0.707106781186539,-0.707106781186556,-2.98555771658482E-14));
#7146=DIRECTION('',(0.707106781186556,-0.707106781186539,-1.33226762955019E-14));
#7147=DIRECTION('center_axis',(0.707106781186539,0.707106781186556,3.15122051939847E-14));
#7148=DIRECTION('ref_axis',(-1.26588475352093E-14,-3.19061404304075E-14,
1.));
#7149=DIRECTION('',(-1.29759594925031E-14,-3.15890284731138E-14,1.));
#7150=DIRECTION('center_axis',(0.707106781186548,0.707106781186547,0.));
#7151=DIRECTION('ref_axis',(0.5,-0.500000000000001,0.707106781186547));
#7152=DIRECTION('center_axis',(-0.707106781186547,-0.707106781186548,0.));
#7153=DIRECTION('ref_axis',(0.5,-0.500000000000001,0.707106781186547));
#7154=DIRECTION('',(-0.707106781186548,-0.707106781186547,0.));
#7155=DIRECTION('center_axis',(-0.707106781186556,0.707106781186539,1.31712822466894E-14));
#7156=DIRECTION('ref_axis',(1.11828822773336E-14,2.98098882644461E-14,-1.));
#7157=DIRECTION('',(-0.707106781186556,0.707106781186539,1.31712822466894E-14));
#7158=DIRECTION('center_axis',(0.707106781186556,-0.707106781186539,-1.41482922056604E-14));
#7159=DIRECTION('ref_axis',(1.04920319100584E-14,3.05007386317213E-14,-1.));
#7160=DIRECTION('',(-0.707106781186556,0.707106781186539,1.31712822466894E-14));
#7161=DIRECTION('center_axis',(0.707106781186539,0.707106781186556,2.87441661139749E-14));
#7162=DIRECTION('ref_axis',(1.10766002908123E-14,2.9573789266676E-14,-1.));
#7163=DIRECTION('',(1.10766002908123E-14,2.9573789266676E-14,-1.));
#7164=DIRECTION('',(-0.707106781186556,0.707106781186539,1.31712822466894E-14));
#7165=DIRECTION('center_axis',(-0.707106781186556,0.707106781186539,1.31712822466894E-14));
#7166=DIRECTION('ref_axis',(0.707106781186539,0.707106781186556,2.79994011189388E-14));
#7167=DIRECTION('center_axis',(0.707106781186557,-0.707106781186538,-1.31614272948824E-14));
#7168=DIRECTION('ref_axis',(0.707106781186538,0.707106781186557,2.79994011189388E-14));
#7169=DIRECTION('',(-0.707106781186556,0.707106781186539,1.31712822466894E-14));
#7170=DIRECTION('center_axis',(-1.19504830349123E-14,-3.05774890220248E-14,
1.));
#7171=DIRECTION('ref_axis',(0.707106781186539,0.707106781186556,3.00718174315724E-14));
#7172=DIRECTION('',(0.707106781186539,0.707106781186556,3.00718174315724E-14));
#7173=DIRECTION('',(-0.707106781186556,0.707106781186539,1.31712822466894E-14));
#7174=DIRECTION('center_axis',(1.12624131044891E-14,2.98894190916017E-14,
-1.));
#7175=DIRECTION('ref_axis',(-0.707106781186539,-0.707106781186556,-2.90987396041068E-14));
#7176=DIRECTION('',(-0.707106781186556,0.707106781186539,1.31712822466894E-14));
#7177=DIRECTION('',(-0.707106781186539,-0.707106781186556,-2.90987396041068E-14));
#7178=DIRECTION('center_axis',(-0.707106781186556,0.707106781186539,1.31712822466894E-14));
#7179=DIRECTION('ref_axis',(-1.04850634068075E-14,-2.911206939392E-14,1.));
#7180=DIRECTION('center_axis',(0.707106781186556,-0.707106781186539,-1.31614272948824E-14));
#7181=DIRECTION('ref_axis',(-1.04920319100584E-14,-2.9105100890669E-14,
1.));
#7182=DIRECTION('center_axis',(-0.707106781186556,0.707106781186539,1.31712822466894E-14));
#7183=DIRECTION('ref_axis',(-0.707106781186539,-0.707106781186556,-2.99731309404946E-14));
#7184=DIRECTION('center_axis',(0.707106781186555,-0.70710678118654,-1.31614272948825E-14));
#7185=DIRECTION('ref_axis',(-0.70710678118654,-0.707106781186555,-2.99731309404946E-14));
#7186=DIRECTION('center_axis',(0.707106781186556,-0.707106781186539,-1.31614272948824E-14));
#7187=DIRECTION('ref_axis',(0.707106781186539,0.707106781186556,3.09599958512725E-14));
#7188=DIRECTION('center_axis',(0.707106781186548,0.707106781186547,0.));
#7189=DIRECTION('ref_axis',(0.5,-0.5,-0.707106781186547));
#7190=DIRECTION('',(0.707106781186548,0.707106781186547,0.));
#7191=DIRECTION('center_axis',(-0.707106781186547,-0.707106781186548,0.));
#7192=DIRECTION('ref_axis',(0.5,-0.5,-0.707106781186547));
#7193=DIRECTION('center_axis',(0.707106781186547,0.707106781186548,0.));
#7194=DIRECTION('ref_axis',(-0.707106781186548,0.707106781186547,0.));
#7195=DIRECTION('center_axis',(0.,0.,1.));
#7196=DIRECTION('ref_axis',(1.,0.,0.));
#7197=DIRECTION('',(-0.707106781186548,-0.707106781186547,0.));
#7198=DIRECTION('center_axis',(2.61682076447297E-16,-2.61682076447297E-16,
1.));
#7199=DIRECTION('ref_axis',(0.707106781186548,-0.707106781186547,-3.7007434154172E-16));
#7200=DIRECTION('',(0.707106781186548,-0.707106781186547,-3.7007434154172E-16));
#7201=DIRECTION('center_axis',(-0.707106781186548,-0.707106781186548,0.));
#7202=DIRECTION('ref_axis',(8.97195690676443E-16,-8.97195690676443E-16,
-1.));
#7203=DIRECTION('',(-0.707106781186547,-0.707106781186548,0.));
#7204=DIRECTION('center_axis',(-0.853553390593274,-0.146446609406723,0.500000000000001));
#7205=DIRECTION('ref_axis',(-0.146446609406729,-0.853553390593275,-0.499999999999998));
#7206=DIRECTION('center_axis',(0.146446609406732,0.853553390593275,0.499999999999997));
#7207=DIRECTION('ref_axis',(0.853553390593273,0.146446609406721,-0.500000000000003));
#7208=DIRECTION('center_axis',(0.707106781186548,0.707106781186547,-5.55111512312578E-17));
#7209=DIRECTION('ref_axis',(8.97195690676443E-16,-8.97195690676443E-16,
-1.));
#7210=DIRECTION('center_axis',(0.146446609406732,0.853553390593275,0.499999999999997));
#7211=DIRECTION('ref_axis',(0.853553390593273,0.146446609406721,-0.500000000000003));
#7212=DIRECTION('center_axis',(-0.853553390593274,-0.146446609406723,0.500000000000001));
#7213=DIRECTION('ref_axis',(-0.146446609406729,-0.853553390593275,-0.499999999999998));
#7214=DIRECTION('center_axis',(-0.707106781186548,-0.707106781186547,5.55111512312578E-17));
#7215=DIRECTION('ref_axis',(8.97195690676443E-16,-8.97195690676443E-16,
-1.));
#7216=DIRECTION('center_axis',(-0.707106781186548,0.707106781186548,-1.48029736616688E-15));
#7217=DIRECTION('ref_axis',(1.04672830578919E-15,-1.04672830578919E-15,
-1.));
#7218=DIRECTION('center_axis',(-0.707106781186547,-0.707106781186548,0.));
#7219=DIRECTION('ref_axis',(-8.97195690676444E-16,8.97195690676443E-16,
1.));
#7220=DIRECTION('',(-0.707106781186547,-0.707106781186548,0.));
#7221=DIRECTION('',(-0.707106781186547,-0.707106781186548,0.));
#7222=DIRECTION('center_axis',(-0.707106781186547,-0.707106781186548,0.));
#7223=DIRECTION('ref_axis',(-8.97195690676444E-16,8.97195690676443E-16,
1.));
#7224=DIRECTION('center_axis',(-0.146446609406725,-0.853553390593271,-0.500000000000005));
#7225=DIRECTION('ref_axis',(-0.853553390593272,-0.146446609406732,0.500000000000001));
#7226=DIRECTION('center_axis',(0.853553390593273,0.146446609406736,-0.499999999999998));
#7227=DIRECTION('ref_axis',(0.14644660940672,0.853553390593271,0.500000000000007));
#7228=DIRECTION('center_axis',(0.707106781186547,0.707106781186548,-8.32667268468867E-17));
#7229=DIRECTION('ref_axis',(-8.97195690676444E-16,8.97195690676443E-16,
1.));
#7230=DIRECTION('center_axis',(0.853553390593273,0.146446609406736,-0.499999999999998));
#7231=DIRECTION('ref_axis',(0.14644660940672,0.853553390593271,0.500000000000007));
#7232=DIRECTION('center_axis',(-0.146446609406725,-0.853553390593271,-0.500000000000005));
#7233=DIRECTION('ref_axis',(-0.853553390593272,-0.146446609406732,0.500000000000001));
#7234=DIRECTION('center_axis',(-0.707106781186547,-0.707106781186548,8.32667268468867E-17));
#7235=DIRECTION('ref_axis',(-8.97195690676444E-16,8.97195690676443E-16,
1.));
#7236=DIRECTION('center_axis',(-0.707106781186547,-0.707106781186548,0.));
#7237=DIRECTION('ref_axis',(0.707106781186548,-0.707106781186547,0.));
#7238=DIRECTION('center_axis',(-0.707106781186547,-0.707106781186548,0.));
#7239=DIRECTION('ref_axis',(-0.707106781186548,0.707106781186547,3.1720657846433E-16));
#7240=DIRECTION('center_axis',(-0.707106781186547,-0.707106781186548,0.));
#7241=DIRECTION('ref_axis',(-0.707106781186548,0.707106781186547,3.1720657846433E-16));
#7242=DIRECTION('',(-0.707106781186547,-0.707106781186548,0.));
#7243=DIRECTION('center_axis',(-0.146446609406786,-0.853553390593274,0.499999999999982));
#7244=DIRECTION('ref_axis',(-0.853553390593257,-0.146446609406683,-0.500000000000042));
#7245=DIRECTION('center_axis',(0.853553390593265,0.146446609406733,0.500000000000014));
#7246=DIRECTION('ref_axis',(0.146446609406737,0.853553390593266,-0.500000000000011));
#7247=DIRECTION('center_axis',(0.707106781186547,0.707106781186548,-1.38777878078145E-16));
#7248=DIRECTION('ref_axis',(-0.707106781186548,0.707106781186547,3.1720657846433E-16));
#7249=DIRECTION('center_axis',(0.853553390593265,0.146446609406733,0.500000000000014));
#7250=DIRECTION('ref_axis',(0.146446609406737,0.853553390593266,-0.500000000000011));
#7251=DIRECTION('center_axis',(-0.146446609406786,-0.853553390593274,0.499999999999982));
#7252=DIRECTION('ref_axis',(-0.853553390593257,-0.146446609406683,-0.500000000000042));
#7253=DIRECTION('center_axis',(-0.707106781186547,-0.707106781186549,-7.49400541621981E-16));
#7254=DIRECTION('ref_axis',(-0.707106781186548,0.707106781186547,3.1720657846433E-16));
#7255=DIRECTION('center_axis',(-0.707106781186547,-0.707106781186548,0.));
#7256=DIRECTION('ref_axis',(0.707106781186548,-0.707106781186547,1.26882631385732E-15));
#7257=DIRECTION('',(-0.707106781186547,-0.707106781186548,0.));
#7258=DIRECTION('',(-0.707106781186547,-0.707106781186548,0.));
#7259=DIRECTION('center_axis',(-0.853553390593273,-0.146446609406711,-0.500000000000006));
#7260=DIRECTION('ref_axis',(-0.146446609406738,-0.853553390593278,0.499999999999989));
#7261=DIRECTION('',(0.707106781186547,0.707106781186548,0.));
#7262=DIRECTION('center_axis',(0.146446609406728,0.853553390593276,-0.499999999999996));
#7263=DIRECTION('ref_axis',(0.853553390593275,0.146446609406722,0.5));
#7264=DIRECTION('center_axis',(0.707106781186548,0.707106781186547,0.));
#7265=DIRECTION('ref_axis',(0.707106781186548,-0.707106781186547,1.26882631385732E-15));
#7266=DIRECTION('center_axis',(0.146446609406728,0.853553390593276,-0.499999999999996));
#7267=DIRECTION('ref_axis',(0.853553390593275,0.146446609406722,0.5));
#7268=DIRECTION('center_axis',(-0.853553390593273,-0.146446609406711,-0.500000000000006));
#7269=DIRECTION('ref_axis',(-0.146446609406738,-0.853553390593278,0.499999999999989));
#7270=DIRECTION('center_axis',(-0.707106781186547,-0.707106781186548,-1.77635683940025E-15));
#7271=DIRECTION('ref_axis',(0.707106781186548,-0.707106781186547,1.26882631385732E-15));
#7272=DIRECTION('center_axis',(0.,0.,-1.));
#7273=DIRECTION('ref_axis',(0.707106781186548,-0.707106781186547,0.));
#7274=DIRECTION('center_axis',(-0.707106781186547,-0.707106781186548,0.));
#7275=DIRECTION('ref_axis',(0.707106781186548,-0.707106781186547,0.));
#7276=DIRECTION('',(0.,0.,-1.));
#7277=DIRECTION('center_axis',(-0.707106781186548,0.707106781186547,0.));
#7278=DIRECTION('ref_axis',(0.,0.,-1.));
#7279=DIRECTION('center_axis',(-0.707106781186547,-0.707106781186549,-7.49400541621981E-16));
#7280=DIRECTION('ref_axis',(-0.500000000000001,0.499999999999999,0.707106781186547));
#7281=DIRECTION('',(0.500000000000013,-0.500000000000011,-0.70710678118653));
#7282=DIRECTION('center_axis',(0.707106781186547,0.707106781186548,-1.38777878078145E-16));
#7283=DIRECTION('ref_axis',(0.500000000000012,-0.500000000000012,-0.70710678118653));
#7284=DIRECTION('',(-0.500000000000012,0.500000000000012,0.70710678118653));
#7285=DIRECTION('center_axis',(0.707106781186548,0.707106781186547,0.));
#7286=DIRECTION('ref_axis',(-0.499999999999997,0.499999999999998,0.707106781186552));
#7287=DIRECTION('',(0.499999999999997,-0.499999999999998,-0.707106781186552));
#7288=DIRECTION('center_axis',(-0.707106781186547,-0.707106781186548,-1.77635683940025E-15));
#7289=DIRECTION('ref_axis',(0.500000000000001,-0.499999999999999,-0.707106781186548));
#7290=DIRECTION('',(-0.499999999999999,0.499999999999996,0.707106781186552));
#7291=DIRECTION('center_axis',(0.707106781186547,0.707106781186548,-8.32667268468867E-17));
#7292=DIRECTION('ref_axis',(-0.5,0.5,-0.707106781186548));
#7293=DIRECTION('',(0.500000000000003,-0.500000000000003,0.707106781186544));
#7294=DIRECTION('center_axis',(-0.707106781186547,-0.707106781186548,8.32667268468867E-17));
#7295=DIRECTION('ref_axis',(0.500000000000003,-0.500000000000003,0.707106781186544));
#7296=DIRECTION('',(-0.500000000000003,0.500000000000003,-0.707106781186544));
#7297=DIRECTION('center_axis',(0.853553390593273,0.146446609406736,-0.499999999999998));
#7298=DIRECTION('ref_axis',(-0.505449465124423,0.,-0.862856209461017));
#7299=DIRECTION('',(-0.500000000000003,0.500000000000003,-0.707106781186544));
#7300=DIRECTION('center_axis',(-0.146446609406725,-0.853553390593271,-0.500000000000005));
#7301=DIRECTION('ref_axis',(-0.959682982260669,0.,0.281084637714816));
#7302=DIRECTION('center_axis',(0.146446609406728,0.853553390593276,-0.499999999999996));
#7303=DIRECTION('ref_axis',(-0.959682982260666,0.,-0.281084637714825));
#7304=DIRECTION('',(0.853553390593276,0.146446609406721,0.499999999999999));
#7305=DIRECTION('',(-0.499999999999997,0.499999999999998,0.707106781186552));
#7306=DIRECTION('center_axis',(-0.499999999999997,0.499999999999998,0.707106781186552));
#7307=DIRECTION('ref_axis',(-0.707106781186561,-0.707106781186533,-1.88402225943159E-14));
#7308=DIRECTION('',(0.146446609406738,0.853553390593278,-0.499999999999989));
#7309=DIRECTION('center_axis',(-0.853553390593273,-0.146446609406711,-0.500000000000006));
#7310=DIRECTION('ref_axis',(-0.505449465124429,0.,0.862856209461014));
#7311=DIRECTION('center_axis',(0.853553390593265,0.146446609406733,0.500000000000014));
#7312=DIRECTION('ref_axis',(0.505449465124438,0.,-0.862856209461009));
#7313=DIRECTION('',(0.500000000000012,-0.500000000000012,-0.70710678118653));
#7314=DIRECTION('center_axis',(-0.146446609406786,-0.853553390593274,0.499999999999982));
#7315=DIRECTION('ref_axis',(0.959682982260634,0.,0.281084637714935));
#7316=DIRECTION('center_axis',(0.707106781186548,0.707106781186547,-5.55111512312578E-17));
#7317=DIRECTION('ref_axis',(0.5,-0.5,0.707106781186547));
#7318=DIRECTION('',(-0.5,0.5,-0.707106781186547));
#7319=DIRECTION('center_axis',(0.146446609406732,0.853553390593275,0.499999999999997));
#7320=DIRECTION('ref_axis',(0.959682982260664,0.,-0.281084637714831));
#7321=DIRECTION('',(0.5,-0.500000000000001,0.707106781186547));
#7322=DIRECTION('center_axis',(-0.707106781186548,-0.707106781186547,5.55111512312578E-17));
#7323=DIRECTION('ref_axis',(-0.5,0.5,-0.707106781186547));
#7324=DIRECTION('',(0.5,-0.5,0.707106781186547));
#7325=DIRECTION('center_axis',(-0.853553390593274,-0.146446609406723,0.500000000000001));
#7326=DIRECTION('ref_axis',(0.505449465124425,0.,0.862856209461016));
#7327=DIRECTION('center_axis',(0.,0.,1.));
#7328=DIRECTION('ref_axis',(-0.707106781186548,0.707106781186547,0.));
#7329=DIRECTION('center_axis',(0.707106781186548,-0.707106781186547,0.));
#7330=DIRECTION('ref_axis',(0.,0.,1.));
#7331=DIRECTION('center_axis',(0.707106781186548,0.707106781186547,0.));
#7332=DIRECTION('ref_axis',(-0.5,0.5,-0.707106781186547));
#7333=DIRECTION('',(0.707106781186548,0.707106781186547,0.));
#7334=DIRECTION('center_axis',(-0.707106781186547,0.707106781186548,0.));
#7335=DIRECTION('ref_axis',(-0.707106781186548,-0.707106781186547,0.));
#7336=DIRECTION('',(-0.707106781186548,-0.707106781186547,0.));
#7337=DIRECTION('center_axis',(-0.707106781186548,-0.707106781186547,0.));
#7338=DIRECTION('ref_axis',(-0.5,0.500000000000001,0.707106781186547));
#7339=DIRECTION('',(0.707106781186548,0.707106781186547,0.));
#7340=DIRECTION('center_axis',(0.,0.,1.));
#7341=DIRECTION('ref_axis',(1.,0.,0.));
#7342=DIRECTION('center_axis',(0.707106781186548,-0.707106781186547,-1.4791141972894E-31));
#7343=DIRECTION('ref_axis',(5.23364152894592E-16,5.23364152894592E-16,-1.));
#7344=DIRECTION('',(0.707106781186548,0.707106781186548,-2.22044604925032E-15));
#7345=DIRECTION('',(0.707106781186548,0.707106781186548,-2.22044604925032E-15));
#7346=DIRECTION('',(0.707106781186548,0.707106781186548,-2.22044604925032E-15));
#7347=DIRECTION('',(0.707106781186548,0.707106781186548,-2.22044604925032E-15));
#7348=DIRECTION('',(0.707106781186548,0.707106781186548,-2.22044604925032E-15));
#7349=DIRECTION('center_axis',(-0.707106781186548,0.707106781186548,1.45609731775017E-15));
#7350=DIRECTION('ref_axis',(2.17150169493056E-15,1.1226912003319E-16,1.));
#7351=DIRECTION('',(2.17150169493056E-15,1.1226912003319E-16,1.));
#7352=DIRECTION('',(2.17150169493056E-15,1.1226912003319E-16,1.));
#7353=DIRECTION('',(0.707106781186548,0.707106781186548,-2.22044604925032E-15));
#7354=DIRECTION('center_axis',(-1.57009245868378E-15,-1.57009245868378E-15,
-1.));
#7355=DIRECTION('ref_axis',(-0.707106781186548,0.707106781186547,0.));
#7356=DIRECTION('',(-0.707106781186548,0.707106781186547,0.));
#7357=DIRECTION('',(-0.707106781186548,0.707106781186547,2.78904447747368E-31));
#7358=DIRECTION('',(0.707106781186548,0.707106781186548,-2.22044604925032E-15));
#7359=DIRECTION('center_axis',(0.707106781186548,-0.707106781186548,-1.4907681813873E-15));
#7360=DIRECTION('ref_axis',(-2.19601769771798E-15,-8.77531172457769E-17,
-1.));
#7361=DIRECTION('',(-2.19601769771798E-15,-8.77531172457769E-17,-1.));
#7362=DIRECTION('',(-2.19601769771798E-15,-8.77531172457771E-17,-1.));
#7363=DIRECTION('',(0.707106781186548,0.707106781186548,-2.22044604925032E-15));
#7364=DIRECTION('',(0.707106781186548,0.707106781186548,-2.22044604925032E-15));
#7365=DIRECTION('',(0.707106781186548,0.707106781186548,-2.22044604925032E-15));
#7366=DIRECTION('',(0.707106781186548,0.707106781186548,-2.22044604925032E-15));
#7367=DIRECTION('',(0.707106781186548,0.707106781186548,-2.22044604925032E-15));
#7368=DIRECTION('',(0.707106781186548,0.707106781186548,-2.22044604925032E-15));
#7369=DIRECTION('',(0.707106781186548,0.707106781186548,-2.22044604925032E-15));
#7370=DIRECTION('',(0.707106781186548,0.707106781186548,-2.22044604925032E-15));
#7371=DIRECTION('',(0.707106781186548,0.707106781186548,-2.22044604925032E-15));
#7372=DIRECTION('',(0.707106781186548,0.707106781186548,-2.22044604925032E-15));
#7373=DIRECTION('center_axis',(-0.707106781186548,0.707106781186548,1.4907681813873E-15));
#7374=DIRECTION('ref_axis',(2.19601769771798E-15,8.77531172457769E-17,1.));
#7375=DIRECTION('',(2.19601769771798E-15,8.77531172457769E-17,1.));
#7376=DIRECTION('',(2.19601769771798E-15,8.77531172457771E-17,1.));
#7377=DIRECTION('',(0.707106781186548,0.707106781186548,-2.22044604925032E-15));
#7378=DIRECTION('center_axis',(-1.57009245868378E-15,-1.57009245868378E-15,
-1.));
#7379=DIRECTION('ref_axis',(-0.707106781186548,0.707106781186547,0.));
#7380=DIRECTION('',(-0.707106781186548,0.707106781186547,0.));
#7381=DIRECTION('',(-0.707106781186548,0.707106781186547,2.78904447747368E-31));
#7382=DIRECTION('',(0.707106781186548,0.707106781186548,-2.22044604925032E-15));
#7383=DIRECTION('center_axis',(0.707106781186548,-0.707106781186548,-1.45609731775017E-15));
#7384=DIRECTION('ref_axis',(-2.17150169493056E-15,-1.1226912003319E-16,
-1.));
#7385=DIRECTION('',(-2.17150169493056E-15,-1.1226912003319E-16,-1.));
#7386=DIRECTION('',(-2.17150169493056E-15,-1.1226912003319E-16,-1.));
#7387=DIRECTION('center_axis',(-0.707106781186547,-0.707106781186548,1.6148698299368E-15));
#7388=DIRECTION('ref_axis',(0.707106781186548,-0.707106781186547,0.));
#7389=DIRECTION('center_axis',(-0.707106781186547,-0.707106781186548,1.6148698299368E-15));
#7390=DIRECTION('ref_axis',(0.707106781186548,-0.707106781186547,-2.78904447747368E-31));
#7391=DIRECTION('center_axis',(7.85046229341889E-16,7.85046229341889E-16,
1.));
#7392=DIRECTION('ref_axis',(0.707106781186548,-0.707106781186547,0.));
#7393=DIRECTION('',(0.707106781186548,-0.707106781186547,0.));
#7394=DIRECTION('',(0.707106781186548,0.707106781186548,-1.11022302462516E-15));
#7395=DIRECTION('',(0.707106781186548,-0.707106781186547,0.));
#7396=DIRECTION('',(0.707106781186548,0.707106781186548,-1.11022302462516E-15));
#7397=DIRECTION('',(0.707106781186548,0.707106781186548,-1.11022302462516E-15));
#7398=DIRECTION('',(0.707106781186548,0.707106781186548,-1.11022302462516E-15));
#7399=DIRECTION('',(0.707106781186548,0.707106781186548,-1.11022302462516E-15));
#7400=DIRECTION('',(0.707106781186548,0.707106781186548,-1.11022302462516E-15));
#7401=DIRECTION('center_axis',(-7.85046229341889E-16,-7.85046229341889E-16,
-1.));
#7402=DIRECTION('ref_axis',(-0.707106781186548,0.707106781186547,0.));
#7403=DIRECTION('',(-0.707106781186548,0.707106781186547,0.));
#7404=DIRECTION('',(-0.707106781186548,0.707106781186547,0.));
#7405=DIRECTION('',(0.707106781186548,0.707106781186548,-1.11022302462516E-15));
#7406=DIRECTION('center_axis',(-0.707106781186548,0.707106781186548,1.99093236966991E-15));
#7407=DIRECTION('ref_axis',(2.54968718695928E-15,-2.65916371995522E-16,
1.));
#7408=DIRECTION('',(2.54968718695928E-15,-2.65916371995522E-16,1.));
#7409=DIRECTION('',(2.54968718695928E-15,-2.65916371995522E-16,1.));
#7410=DIRECTION('center_axis',(7.85046229341889E-16,7.85046229341889E-16,
1.));
#7411=DIRECTION('ref_axis',(0.707106781186548,-0.707106781186547,0.));
#7412=DIRECTION('',(0.707106781186548,-0.707106781186547,0.));
#7413=DIRECTION('',(0.707106781186548,0.707106781186548,-1.11022302462516E-15));
#7414=DIRECTION('',(0.707106781186548,-0.707106781186547,0.));
#7415=DIRECTION('',(0.707106781186548,0.707106781186548,-1.11022302462516E-15));
#7416=DIRECTION('center_axis',(-0.707106781186548,0.707106781186548,1.19675507030008E-15));
#7417=DIRECTION('ref_axis',(1.98811903311045E-15,2.95651781853308E-16,1.));
#7418=DIRECTION('',(1.98811903311045E-15,2.95651781853308E-16,1.));
#7419=DIRECTION('',(1.98811903311045E-15,2.95651781853308E-16,1.));
#7420=DIRECTION('',(0.707106781186548,0.707106781186548,-1.11022302462516E-15));
#7421=DIRECTION('center_axis',(7.85046229341889E-16,7.85046229341889E-16,
1.));
#7422=DIRECTION('ref_axis',(0.707106781186548,-0.707106781186547,0.));
#7423=DIRECTION('',(0.707106781186548,-0.707106781186547,0.));
#7424=DIRECTION('',(0.707106781186548,-0.707106781186547,0.));
#7425=DIRECTION('',(0.707106781186548,0.707106781186548,-1.11022302462516E-15));
#7426=DIRECTION('',(0.707106781186548,0.707106781186548,-1.11022302462516E-15));
#7427=DIRECTION('',(0.707106781186548,0.707106781186548,-1.11022302462516E-15));
#7428=DIRECTION('',(0.707106781186548,0.707106781186548,-1.11022302462516E-15));
#7429=DIRECTION('',(0.707106781186548,0.707106781186548,-1.11022302462516E-15));
#7430=DIRECTION('center_axis',(-7.85046229341889E-16,-7.85046229341889E-16,
-1.));
#7431=DIRECTION('ref_axis',(-0.707106781186548,0.707106781186547,0.));
#7432=DIRECTION('',(-0.707106781186548,0.707106781186547,0.));
#7433=DIRECTION('',(-0.707106781186548,0.707106781186547,0.));
#7434=DIRECTION('',(0.707106781186548,0.707106781186548,-1.11022302462516E-15));
#7435=DIRECTION('center_axis',(0.707106781186548,-0.707106781186548,-1.77635683940025E-15));
#7436=DIRECTION('ref_axis',(-2.3979593744289E-15,1.14188559465143E-16,-1.));
#7437=DIRECTION('',(-2.3979593744289E-15,1.14188559465143E-16,-1.));
#7438=DIRECTION('',(-2.3979593744289E-15,1.14188559465143E-16,-1.));
#7439=DIRECTION('center_axis',(-0.707106781186547,-0.707106781186548,1.6148698299368E-15));
#7440=DIRECTION('ref_axis',(0.707106781186548,-0.707106781186547,0.));
#7441=DIRECTION('center_axis',(-0.707106781186547,-0.707106781186548,1.6148698299368E-15));
#7442=DIRECTION('ref_axis',(0.707106781186548,-0.707106781186547,0.));
#7443=DIRECTION('center_axis',(0.707106781186548,-0.707106781186548,0.));
#7444=DIRECTION('ref_axis',(0.,0.,-1.));
#7445=DIRECTION('',(0.,0.,1.));
#7446=DIRECTION('',(0.707106781186548,0.707106781186548,-1.66533453693774E-15));
#7447=DIRECTION('',(1.97215226305253E-31,1.97215226305253E-31,-1.));
#7448=DIRECTION('',(0.707106781186548,0.707106781186548,-1.66533453693774E-15));
#7449=DIRECTION('center_axis',(1.17756934401284E-15,1.17756934401282E-15,
1.));
#7450=DIRECTION('ref_axis',(0.707106781186541,-0.707106781186553,0.));
#7451=DIRECTION('',(-0.707106781186541,0.707106781186553,0.));
#7452=DIRECTION('',(0.707106781186542,-0.707106781186554,2.36469115854813E-45));
#7453=DIRECTION('',(0.707106781186548,0.707106781186548,-1.66533453693774E-15));
#7454=DIRECTION('center_axis',(-0.707106781186548,0.707106781186548,0.));
#7455=DIRECTION('ref_axis',(0.,0.,1.));
#7456=DIRECTION('',(0.,0.,-1.));
#7457=DIRECTION('',(-1.97215226305253E-31,-1.97215226305253E-31,1.));
#7458=DIRECTION('',(0.707106781186548,0.707106781186548,-1.66533453693774E-15));
#7459=DIRECTION('center_axis',(1.17756934401283E-15,1.17756934401283E-15,
1.));
#7460=DIRECTION('ref_axis',(0.707106781186548,-0.707106781186547,0.));
#7461=DIRECTION('',(-0.707106781186548,0.707106781186547,0.));
#7462=DIRECTION('',(0.707106781186548,-0.707106781186547,-1.31371731030452E-46));
#7463=DIRECTION('',(0.707106781186548,0.707106781186548,-1.66533453693774E-15));
#7464=DIRECTION('center_axis',(-0.632455532033676,0.632455532033675,-0.44721359549996));
#7465=DIRECTION('ref_axis',(-0.316227766016839,0.316227766016839,0.894427190999915));
#7466=DIRECTION('',(0.316227766016839,-0.316227766016839,-0.894427190999915));
#7467=DIRECTION('',(-0.316227766016839,0.316227766016839,0.894427190999915));
#7468=DIRECTION('',(0.707106781186548,0.707106781186548,-1.66533453693774E-15));
#7469=DIRECTION('center_axis',(0.632455532033676,-0.632455532033677,-0.447213595499957));
#7470=DIRECTION('ref_axis',(-0.316227766016835,0.316227766016839,-0.894427190999916));
#7471=DIRECTION('',(0.316227766016835,-0.316227766016839,0.894427190999916));
#7472=DIRECTION('',(-0.316227766016836,0.316227766016839,-0.894427190999916));
#7473=DIRECTION('',(0.707106781186548,0.707106781186548,-1.66533453693774E-15));
#7474=DIRECTION('center_axis',(1.17756934401283E-15,1.17756934401283E-15,
1.));
#7475=DIRECTION('ref_axis',(0.707106781186548,-0.707106781186547,0.));
#7476=DIRECTION('',(-0.707106781186548,0.707106781186547,0.));
#7477=DIRECTION('',(0.707106781186548,-0.707106781186547,-1.31371731030452E-46));
#7478=DIRECTION('center_axis',(-0.707106781186554,-0.707106781186542,0.));
#7479=DIRECTION('ref_axis',(0.707106781186541,-0.707106781186553,0.));
#7480=DIRECTION('center_axis',(0.707106781186548,0.707106781186548,-1.66533453693774E-15));
#7481=DIRECTION('ref_axis',(-2.35513868802567E-15,0.,-1.));
#7482=DIRECTION('',(-0.342020143325669,-0.939692620785909,-1.04132094520216E-15));
#7483=DIRECTION('',(0.939692620785907,-0.342020143325669,-7.59437276011374E-17));
#7484=CARTESIAN_POINT('',(0.,0.,0.));
#7485=CARTESIAN_POINT('',(0.,0.,0.));
#7486=CARTESIAN_POINT('Ctrl Pts',(-24.0225173684481,-23.1431883936422,4.71130913087033));
#7487=CARTESIAN_POINT('Ctrl Pts',(-24.0225173684481,-24.034267616457,4.71130913087033));
#7488=CARTESIAN_POINT('Ctrl Pts',(-23.2106530414497,-26.1172150642019,4.6732877283585));
#7489=CARTESIAN_POINT('Ctrl Pts',(-20.9020513587508,-27.1293748827899,4.56517080426366));
#7490=CARTESIAN_POINT('Ctrl Pts',(-19.5619415266237,-27.1429281258254,4.50241049611494));
#7491=CARTESIAN_POINT('Ctrl Pts',(-23.9821245485986,-23.1431883936422,4.62468644916419));
#7492=CARTESIAN_POINT('Ctrl Pts',(-23.9821245485986,-24.0242915431097,4.62468644916419));
#7493=CARTESIAN_POINT('Ctrl Pts',(-23.1916730369953,-26.0871505025473,4.58623341825463));
#7494=CARTESIAN_POINT('Ctrl Pts',(-20.901830166806,-27.1195423932591,4.48421033728565));
#7495=CARTESIAN_POINT('Ctrl Pts',(-19.5619377869232,-27.1425664290177,4.42738197100203));
#7496=CARTESIAN_POINT('Ctrl Pts',(-23.9527188373639,-23.1431883936422,4.42834938789322));
#7497=CARTESIAN_POINT('Ctrl Pts',(-23.9527188373639,-24.0170575361705,4.42834938789322));
#7498=CARTESIAN_POINT('Ctrl Pts',(-23.1898197173851,-26.0684019561673,4.39595858400328));
#7499=CARTESIAN_POINT('Ctrl Pts',(-20.9111190932659,-27.1398456126479,4.318102612652));
#7500=CARTESIAN_POINT('Ctrl Pts',(-19.5622863028272,-27.1762742329015,4.27743615614698));
#7501=CARTESIAN_POINT('Ctrl Pts',(-24.0956729661354,-23.1431883936422,4.109629095025));
#7502=CARTESIAN_POINT('Ctrl Pts',(-24.0956729661354,-24.0522351781079,4.109629095025));
#7503=CARTESIAN_POINT('Ctrl Pts',(-23.3113348775205,-26.187214954623,4.09930184013298));
#7504=CARTESIAN_POINT('Ctrl Pts',(-20.9578629982466,-27.3054395579767,4.0769336461917));
#7505=CARTESIAN_POINT('Ctrl Pts',(-19.5640152368854,-27.3434934888983,4.06599877415927));
#7506=CARTESIAN_POINT('Ctrl Pts',(-24.3323049305527,-23.1431883936422,3.99999999999998));
#7507=CARTESIAN_POINT('Ctrl Pts',(-24.3323049305527,-24.1102926146529,3.99999999999998));
#7508=CARTESIAN_POINT('Ctrl Pts',(-23.4803027282798,-26.3750391289719,4.00000595484599));
#7509=CARTESIAN_POINT('Ctrl Pts',(-21.0102193753482,-27.5064004510562,3.99982169574196));
#7510=CARTESIAN_POINT('Ctrl Pts',(-19.5659472845536,-27.5303575118891,3.99999999999999));
#7511=CARTESIAN_POINT('Ctrl Pts',(-24.4756712619665,-23.1431883936422,3.99999999999998));
#7512=CARTESIAN_POINT('Ctrl Pts',(-24.4756712619665,-24.1456525193089,3.99999999999998));
#7513=CARTESIAN_POINT('Ctrl Pts',(-23.5822697741539,-26.4889683980218,3.99999999999998));
#7514=CARTESIAN_POINT('Ctrl Pts',(-21.0418105995094,-27.6276481939334,3.99999999999999));
#7515=CARTESIAN_POINT('Ctrl Pts',(-19.5671108522241,-27.6428955923483,3.99999999999999));
#7516=CARTESIAN_POINT('',(-20.0621595861165,-27.6153243486418,3.99999999999998));
#7517=CARTESIAN_POINT('',(-24.4756712619665,-23.1431883936423,3.99999999999998));
#7518=CARTESIAN_POINT('Origin',(-19.5104706266353,-23.1431883936423,3.99999999999998));
#7519=CARTESIAN_POINT('',(-24.0225173684482,-23.1431883936422,4.71130913087034));
#7520=CARTESIAN_POINT('Ctrl Pts',(-24.4756712619665,-23.1431883936423,3.99999999999998));
#7521=CARTESIAN_POINT('Ctrl Pts',(-24.3323049305527,-23.1431883936423,3.99999999999998));
#7522=CARTESIAN_POINT('Ctrl Pts',(-24.1903257519023,-23.1431883936423,4.065777457015));
#7523=CARTESIAN_POINT('Ctrl Pts',(-24.0967744473295,-23.1431883936423,4.17404508655854));
#7524=CARTESIAN_POINT('Ctrl Pts',(-24.0344069109476,-23.1431883936423,4.24622350625424));
#7525=CARTESIAN_POINT('Ctrl Pts',(-23.9935628741558,-23.1431883936423,4.33728644707373));
#7526=CARTESIAN_POINT('Ctrl Pts',(-23.9804922835685,-23.1431883936423,4.43190218280122));
#7527=CARTESIAN_POINT('Ctrl Pts',(-23.9674216929813,-23.1431883936423,4.52651791852871));
#7528=CARTESIAN_POINT('Ctrl Pts',(-23.9821245485986,-23.1431883936423,4.62468644916419));
#7529=CARTESIAN_POINT('Ctrl Pts',(-24.0225173684481,-23.1431883936423,4.71130913087033));
#7530=CARTESIAN_POINT('',(-19.5621654473087,-27.1429258562698,4.502420982816));
#7531=CARTESIAN_POINT('Origin',(-19.5104706266353,-23.1431883936423,4.49999999999998));
#7532=CARTESIAN_POINT('Ctrl Pts',(-19.5621654473087,-27.1429258562698,4.502420982816));
#7533=CARTESIAN_POINT('Ctrl Pts',(-19.5619391776872,-27.1427019241028,4.45569058730316));
#7534=CARTESIAN_POINT('Ctrl Pts',(-19.5682586045656,-27.148966663066,4.40996448056082));
#7535=CARTESIAN_POINT('Ctrl Pts',(-19.5941619533126,-27.174510283042,4.31655178236005));
#7536=CARTESIAN_POINT('Ctrl Pts',(-19.6150355839889,-27.1950391688731,4.27123522430029));
#7537=CARTESIAN_POINT('Ctrl Pts',(-19.674631823852,-27.2531214657698,4.17775659356963));
#7538=CARTESIAN_POINT('Ctrl Pts',(-19.7168024421202,-27.293867413696,4.1339510459515));
#7539=CARTESIAN_POINT('Ctrl Pts',(-19.8059350230575,-27.3787612373145,4.0672323627827));
#7540=CARTESIAN_POINT('Ctrl Pts',(-19.853111834128,-27.423180017998,4.04291326958417));
#7541=CARTESIAN_POINT('Ctrl Pts',(-19.9526591065136,-27.5156507747308,4.00917662968746));
#7542=CARTESIAN_POINT('Ctrl Pts',(-20.0057868157993,-27.5643490109144,4.0003463954119));
#7543=CARTESIAN_POINT('Ctrl Pts',(-20.0600521707234,-27.6134194323671,4.00000333128707));
#7544=CARTESIAN_POINT('Ctrl Pts',(-20.0611058171352,-27.61437196034,3.99999999999998));
#7545=CARTESIAN_POINT('Ctrl Pts',(-20.0621595861165,-27.6153243486418,3.99999999999998));
#7546=CARTESIAN_POINT('Origin',(-20.0621595861165,-14.4215941968211,4.49999999999998));
#7547=CARTESIAN_POINT('',(-20.0621595861165,-29.3431883936423,3.99999999999998));
#7548=CARTESIAN_POINT('',(-20.0621595861165,-14.4215941968211,3.99999999999998));
#7549=CARTESIAN_POINT('',(-19.6090056925982,-27.1431883936423,4.71130913087033));
#7550=CARTESIAN_POINT('Ctrl Pts',(-19.5621654473087,-27.1429258562698,4.502420982816));
#7551=CARTESIAN_POINT('Ctrl Pts',(-19.5621967191224,-27.1429568050333,4.50887940271409));
#7552=CARTESIAN_POINT('Ctrl Pts',(-19.5623531974573,-27.1429837312194,4.51534018965391));
#7553=CARTESIAN_POINT('Ctrl Pts',(-19.5655411026636,-27.1432500960281,4.58840358962498));
#7554=CARTESIAN_POINT('Ctrl Pts',(-19.5824704737532,-27.1431883936422,4.65440417042011));
#7555=CARTESIAN_POINT('Ctrl Pts',(-19.6090056925982,-27.1431883936422,4.71130913087033));
#7556=CARTESIAN_POINT('',(-19.6090056925982,-28.8431883936423,4.71130913087033));
#7557=CARTESIAN_POINT('',(-19.6090056925982,-14.4215941968211,4.71130913087033));
#7558=CARTESIAN_POINT('',(-19.5621595861165,-28.8431883936423,4.49999999999998));
#7559=CARTESIAN_POINT('Origin',(-20.0621595861165,-28.8431883936422,4.49999999999998));
#7560=CARTESIAN_POINT('Origin',(-20.0621595861165,-29.3431883936423,4.49999999999998));
#7561=CARTESIAN_POINT('Origin',(-0.772157883631969,-29.3431883936422,4.49999999999998));
#7562=CARTESIAN_POINT('',(6.19823488519082,-28.8431883936422,4.49999999999998));
#7563=CARTESIAN_POINT('',(-0.772157883631969,-28.8431883936422,4.49999999999998));
#7564=CARTESIAN_POINT('',(6.43138871426831,-29.3431883936422,3.99999999999998));
#7565=CARTESIAN_POINT('Origin',(6.19823488519082,-29.3431883936422,4.49999999999998));
#7566=CARTESIAN_POINT('',(-0.772157883631969,-29.3431883936422,3.99999999999998));
#7567=CARTESIAN_POINT('Origin',(-22.8612872052179,-23.1431883936422,11.6858493421286));
#7568=CARTESIAN_POINT('',(-24.6234437897177,-23.1431883936422,5.99999999999998));
#7569=CARTESIAN_POINT('',(-26.4865183533645,-23.1431883936422,9.99537629516579));
#7570=CARTESIAN_POINT('',(-20.2099321138678,-27.1431883936422,5.99999999999998));
#7571=CARTESIAN_POINT('Origin',(-20.2099321138678,-23.1431883936422,5.99999999999998));
#7572=CARTESIAN_POINT('',(-22.8612872052179,-27.1431883936422,11.6858493421286));
#7573=CARTESIAN_POINT('Origin',(-26.4865183533645,-23.1431883936422,9.99537629516579));
#7574=CARTESIAN_POINT('',(-25.566570935644,-23.1431883936422,3.99999999999998));
#7575=CARTESIAN_POINT('',(-13.1432591766823,-23.1431883936423,3.99999999999998));
#7576=CARTESIAN_POINT('',(-26.499186251954,-23.1431883936422,5.99999999999998));
#7577=CARTESIAN_POINT('',(-28.0272415913268,-23.1431883936422,9.27692525020661));
#7578=CARTESIAN_POINT('',(-13.1432591766823,-23.1431883936422,5.99999999999998));
#7579=CARTESIAN_POINT('Origin',(0.199999999999974,2.66453525910038E-14,
3.99999999999998));
#7580=CARTESIAN_POINT('',(-28.225,50.65,3.99999999999998));
#7581=CARTESIAN_POINT('',(28.625,50.65,3.99999999999998));
#7582=CARTESIAN_POINT('',(17.6625,50.65,3.99999999999998));
#7583=CARTESIAN_POINT('',(28.625,-50.65,3.99999999999998));
#7584=CARTESIAN_POINT('',(28.625,-28.575,3.99999999999998));
#7585=CARTESIAN_POINT('',(-28.2249999999998,-50.65,3.99999999999998));
#7586=CARTESIAN_POINT('',(-17.2624999999999,-50.65,3.99999999999998));
#7587=CARTESIAN_POINT('',(-28.225,28.575,3.99999999999998));
#7588=CARTESIAN_POINT('',(-1.95249999999984,-41.6687,3.99999999999998));
#7589=CARTESIAN_POINT('Origin',(0.20000000000016,-41.6687,3.99999999999998));
#7590=CARTESIAN_POINT('',(-1.95249999999984,41.6687,3.99999999999998));
#7591=CARTESIAN_POINT('Origin',(0.20000000000016,41.6687,3.99999999999998));
#7592=CARTESIAN_POINT('',(6.43138871426831,-27.8431883936425,3.99999999999998));
#7593=CARTESIAN_POINT('',(6.43138871426829,14.3784058031789,3.99999999999998));
#7594=CARTESIAN_POINT('',(16.2620928946791,-27.8431883936425,3.99999999999998));
#7595=CARTESIAN_POINT('',(13.8911000131135,-27.8431883936425,3.99999999999998));
#7596=CARTESIAN_POINT('',(26.9100000188654,-23.3431883936425,3.99999999999998));
#7597=CARTESIAN_POINT('Origin',(16.2620928946788,-23.3431883936425,3.99999999999998));
#7598=CARTESIAN_POINT('',(26.9100000188622,24.7568116063576,3.99999999999998));
#7599=CARTESIAN_POINT('',(26.910000018863,12.3784058031796,3.99999999999998));
#7600=CARTESIAN_POINT('',(19.8113952694043,27.7568116063577,3.99999999999998));
#7601=CARTESIAN_POINT('Origin',(19.8113952694045,24.7568116063577,3.99999999999998));
#7602=CARTESIAN_POINT('',(6.43138871426828,27.7568116063576,3.99999999999998));
#7603=CARTESIAN_POINT('',(9.98188109201211,27.7568116063577,3.99999999999998));
#7604=CARTESIAN_POINT('',(6.43138871426828,29.2568116063578,3.99999999999998));
#7605=CARTESIAN_POINT('',(6.43138871426829,14.3784058031789,3.99999999999998));
#7606=CARTESIAN_POINT('',(-20.0621595861165,29.2568116063578,3.99999999999998));
#7607=CARTESIAN_POINT('',(-11.330643602609,29.2568116063578,3.99999999999998));
#7608=CARTESIAN_POINT('',(-20.0621595861165,27.5289475613573,3.99999999999998));
#7609=CARTESIAN_POINT('',(-20.0621595861165,13.5284058031789,3.99999999999998));
#7610=CARTESIAN_POINT('',(-24.4449266899801,23.5568116063578,3.99999999999998));
#7611=CARTESIAN_POINT('Origin',(-19.5104706266353,23.0568116063578,3.99999999999998));
#7612=CARTESIAN_POINT('',(-25.566570935644,23.5568116063578,3.99999999999998));
#7613=CARTESIAN_POINT('',(-13.9136207956634,23.5568116063578,3.99999999999998));
#7614=CARTESIAN_POINT('',(-25.566570935644,-11.5715941968211,3.99999999999998));
#7615=CARTESIAN_POINT('Origin',(-13.9136207956634,23.5568116063578,4.49999999999998));
#7616=CARTESIAN_POINT('',(-23.9756712619665,23.0568116063578,4.49999999999998));
#7617=CARTESIAN_POINT('',(-25.7997247647215,23.0568116063578,4.49999999999998));
#7618=CARTESIAN_POINT('',(-13.9136207956634,23.0568116063578,4.49999999999998));
#7619=CARTESIAN_POINT('Origin',(-25.7997247647215,23.5568116063578,4.49999999999998));
#7620=CARTESIAN_POINT('Ctrl Pts',(-24.4449266899801,23.5568116063578,3.99999999999999));
#7621=CARTESIAN_POINT('Ctrl Pts',(-24.4439949370989,23.5557578481807,3.99999999999999));
#7622=CARTESIAN_POINT('Ctrl Pts',(-24.4430630027557,23.5547042471756,4.00000333121871));
#7623=CARTESIAN_POINT('Ctrl Pts',(-24.3958460355217,23.5013413469778,4.00034067551149));
#7624=CARTESIAN_POINT('Ctrl Pts',(-24.3489201463165,23.4492244261595,4.00887845310754));
#7625=CARTESIAN_POINT('Ctrl Pts',(-24.258578320891,23.3506221393891,4.0416235922791));
#7626=CARTESIAN_POINT('Ctrl Pts',(-24.2146063232462,23.3034863570855,4.06557151719551));
#7627=CARTESIAN_POINT('Ctrl Pts',(-24.1296665151911,23.2138516578553,4.13164764558057));
#7628=CARTESIAN_POINT('Ctrl Pts',(-24.0884404991607,23.1711984907924,4.17542235312611));
#7629=CARTESIAN_POINT('Ctrl Pts',(-24.0294597560065,23.1109154489123,4.2688342403282));
#7630=CARTESIAN_POINT('Ctrl Pts',(-24.008485434728,23.0897487403068,4.31414541295572));
#7631=CARTESIAN_POINT('Ctrl Pts',(-23.9822376524065,23.063363154384,4.40753350310643));
#7632=CARTESIAN_POINT('Ctrl Pts',(-23.9756712619665,23.0568116063578,4.4532231423345));
#7633=CARTESIAN_POINT('Ctrl Pts',(-23.9756712619665,23.0568116063578,4.49999999999998));
#7634=CARTESIAN_POINT('Origin',(-11.330643602609,29.2568116063578,4.49999999999998));
#7635=CARTESIAN_POINT('',(6.19823488519078,28.7568116063578,4.49999999999998));
#7636=CARTESIAN_POINT('Origin',(6.19823488519078,29.2568116063578,4.49999999999998));
#7637=CARTESIAN_POINT('',(-19.5621595861165,28.7568116063578,4.49999999999998));
#7638=CARTESIAN_POINT('',(-11.330643602609,28.7568116063578,4.49999999999998));
#7639=CARTESIAN_POINT('Origin',(-20.0621595861165,29.2568116063578,4.49999999999998));
#7640=CARTESIAN_POINT('Origin',(-20.0621595861165,13.5284058031789,4.49999999999998));
#7641=CARTESIAN_POINT('',(-19.6090056925982,28.7568116063578,4.71130913087033));
#7642=CARTESIAN_POINT('Origin',(-20.0621595861165,28.7568116063578,4.49999999999998));
#7643=CARTESIAN_POINT('',(-19.6090056925982,27.0568116063578,4.71130913087033));
#7644=CARTESIAN_POINT('',(-19.6090056925982,13.5284058031789,4.71130913087033));
#7645=CARTESIAN_POINT('',(-19.5621654473087,27.0565490689853,4.502420982816));
#7646=CARTESIAN_POINT('Ctrl Pts',(-19.6090056925982,27.0568116063578,4.71130913087033));
#7647=CARTESIAN_POINT('Ctrl Pts',(-19.5824704737533,27.0568116063578,4.65440417042011));
#7648=CARTESIAN_POINT('Ctrl Pts',(-19.5655411026636,27.0568733087436,4.58840358962498));
#7649=CARTESIAN_POINT('Ctrl Pts',(-19.5623531974574,27.0566069439349,4.51534018965391));
#7650=CARTESIAN_POINT('Ctrl Pts',(-19.5621967191225,27.0565800177489,4.50887940271409));
#7651=CARTESIAN_POINT('Ctrl Pts',(-19.5621654473087,27.0565490689853,4.502420982816));
#7652=CARTESIAN_POINT('Ctrl Pts',(-19.5621654473087,27.0565490689853,4.502420982816));
#7653=CARTESIAN_POINT('Ctrl Pts',(-19.5619391776872,27.0563251368183,4.45569058730317));
#7654=CARTESIAN_POINT('Ctrl Pts',(-19.5682586045657,27.0625898757815,4.40996448056084));
#7655=CARTESIAN_POINT('Ctrl Pts',(-19.5941619533126,27.0881334957575,4.31655178236004));
#7656=CARTESIAN_POINT('Ctrl Pts',(-19.6150355839889,27.1086623815886,4.27123522430027));
#7657=CARTESIAN_POINT('Ctrl Pts',(-19.674631823852,27.1667446784853,4.17775659356962));
#7658=CARTESIAN_POINT('Ctrl Pts',(-19.7168024421203,27.2074906264115,4.13395104595149));
#7659=CARTESIAN_POINT('Ctrl Pts',(-19.8059350230576,27.29238445003,4.06723236278269));
#7660=CARTESIAN_POINT('Ctrl Pts',(-19.853111834128,27.3368032307136,4.04291326958416));
#7661=CARTESIAN_POINT('Ctrl Pts',(-19.9526591065132,27.4292739874459,4.00917662968758));
#7662=CARTESIAN_POINT('Ctrl Pts',(-20.0057868157973,27.4779722236277,4.00034639541191));
#7663=CARTESIAN_POINT('Ctrl Pts',(-20.0600521707238,27.527042645083,4.00000333128706));
#7664=CARTESIAN_POINT('Ctrl Pts',(-20.0611058171348,27.5279951730551,3.99999999999998));
#7665=CARTESIAN_POINT('Ctrl Pts',(-20.0621595861165,27.5289475613573,3.99999999999998));
#7666=CARTESIAN_POINT('Ctrl Pts',(-19.5619415266237,27.0565513385409,4.50241049611494));
#7667=CARTESIAN_POINT('Ctrl Pts',(-20.567023900719,27.0463864062643,4.54948072722648));
#7668=CARTESIAN_POINT('Ctrl Pts',(-22.9072003020806,26.3029433068816,4.65907636524869));
#7669=CARTESIAN_POINT('Ctrl Pts',(-24.0225173684482,24.2449172367775,4.71130913087033));
#7670=CARTESIAN_POINT('Ctrl Pts',(-24.0225173684482,23.0568116063578,4.71130913087033));
#7671=CARTESIAN_POINT('Ctrl Pts',(-19.5619377869232,27.0561896417332,4.42738197100203));
#7672=CARTESIAN_POINT('Ctrl Pts',(-20.5668570718353,27.0389216149143,4.47000324571475));
#7673=CARTESIAN_POINT('Ctrl Pts',(-22.8941789457427,26.2740592005802,4.57214896496671));
#7674=CARTESIAN_POINT('Ctrl Pts',(-23.9821245485987,24.2316158056477,4.62468644916419));
#7675=CARTESIAN_POINT('Ctrl Pts',(-23.9821245485987,23.0568116063578,4.62468644916419));
#7676=CARTESIAN_POINT('Ctrl Pts',(-19.562286302616,27.0898974251901,4.27743612400105));
#7677=CARTESIAN_POINT('Ctrl Pts',(-20.5739108954451,27.0625759599999,4.30793596637982));
#7678=CARTESIAN_POINT('Ctrl Pts',(-22.8991878299241,26.2596620760016,4.38440085470033));
#7679=CARTESIAN_POINT('Ctrl Pts',(-23.9527187791537,24.2219704630621,4.4283493176488));
#7680=CARTESIAN_POINT('Ctrl Pts',(-23.9527187791537,23.0568116063578,4.4283493176488));
#7681=CARTESIAN_POINT('Ctrl Pts',(-19.5640152365917,27.2571166732031,4.06599870612959));
#7682=CARTESIAN_POINT('Ctrl Pts',(-20.6094010576126,27.2285762250119,4.07419986015392));
#7683=CARTESIAN_POINT('Ctrl Pts',(-23.011804933695,26.390410444943,4.09574864842788));
#7684=CARTESIAN_POINT('Ctrl Pts',(-24.0956728796665,24.2688739856454,4.10962892991101));
#7685=CARTESIAN_POINT('Ctrl Pts',(-24.0956728796665,23.0568116063578,4.10962892991101));
#7686=CARTESIAN_POINT('Ctrl Pts',(-19.5659472845536,27.4439807246046,3.99999999999998));
#7687=CARTESIAN_POINT('Ctrl Pts',(-20.6491513526496,27.42601292898,3.99986627180646));
#7688=CARTESIAN_POINT('Ctrl Pts',(-23.1593278673951,26.5886268914322,3.99987899263924));
#7689=CARTESIAN_POINT('Ctrl Pts',(-24.3323049305527,24.3462839010387,3.99999999999998));
#7690=CARTESIAN_POINT('Ctrl Pts',(-24.3323049305527,23.0568116063578,3.99999999999998));
#7691=CARTESIAN_POINT('Ctrl Pts',(-19.5671108522241,27.5565188050638,3.99999999999998));
#7692=CARTESIAN_POINT('Ctrl Pts',(-20.6731356626881,27.5450832562526,3.99999999999998));
#7693=CARTESIAN_POINT('Ctrl Pts',(-23.248340668246,26.7087097694471,3.99999999999999));
#7694=CARTESIAN_POINT('Ctrl Pts',(-24.4756712619665,24.3934304405799,3.99999999999998));
#7695=CARTESIAN_POINT('Ctrl Pts',(-24.4756712619665,23.0568116063578,3.99999999999998));
#7696=CARTESIAN_POINT('',(-24.0225173684482,23.0568116063578,4.71130913087033));
#7697=CARTESIAN_POINT('Origin',(-19.5104706266353,23.0568116063578,4.49999999999998));
#7698=CARTESIAN_POINT('Ctrl Pts',(-24.0225173684482,23.0568116063578,4.71130913087033));
#7699=CARTESIAN_POINT('Ctrl Pts',(-23.9917837011714,23.0568116063578,4.64540056870261));
#7700=CARTESIAN_POINT('Ctrl Pts',(-23.9759225152417,23.0568116063578,4.57280783452963));
#7701=CARTESIAN_POINT('Ctrl Pts',(-23.9758515696417,23.0568116063578,4.50018166427895));
#7702=CARTESIAN_POINT('Origin',(-28.0272415913268,23.0568116063578,9.27692525020656));
#7703=CARTESIAN_POINT('',(-24.6234437897177,23.0568116063578,5.99999999999998));
#7704=CARTESIAN_POINT('',(-26.4865183533645,23.0568116063578,9.99537629516574));
#7705=CARTESIAN_POINT('',(-26.499186251954,23.0568116063578,5.99999999999998));
#7706=CARTESIAN_POINT('',(-13.9136207956634,23.0568116063578,5.99999999999998));
#7707=CARTESIAN_POINT('',(-28.0272415913268,23.0568116063578,9.27692525020656));
#7708=CARTESIAN_POINT('Origin',(-22.8612872052179,23.0568116063578,11.6858493421285));
#7709=CARTESIAN_POINT('',(-20.2099321138678,27.0568116063578,5.99999999999998));
#7710=CARTESIAN_POINT('',(-22.8612872052179,27.0568116063578,11.6858493421285));
#7711=CARTESIAN_POINT('Origin',(-20.2099321138678,23.0568116063578,5.99999999999998));
#7712=CARTESIAN_POINT('Origin',(-22.8612872052179,27.0568116063578,11.6858493421285));
#7713=CARTESIAN_POINT('',(-20.2099321138678,28.7568116063578,5.99999999999998));
#7714=CARTESIAN_POINT('',(-22.8612872052179,28.7568116063578,11.6858493421285));
#7715=CARTESIAN_POINT('',(-20.2099321138678,13.5284058031789,5.99999999999998));
#7716=CARTESIAN_POINT('Origin',(-22.8612872052179,28.7568116063578,11.6858493421285));
#7717=CARTESIAN_POINT('',(5.49877339795828,28.7568116063578,5.99999999999998));
#7718=CARTESIAN_POINT('',(-1.74431576726394,28.7568116063578,21.5328548406868));
#7719=CARTESIAN_POINT('',(-11.330643602609,28.7568116063578,5.99999999999998));
#7720=CARTESIAN_POINT('Origin',(27.5822000262271,-27.8431883936427,9.27865264657564));
#7721=CARTESIAN_POINT('',(20.5511067356984,-27.8431883936426,5.99999999999998));
#7722=CARTESIAN_POINT('',(5.49877339795832,-27.8431883936426,5.99999999999999));
#7723=CARTESIAN_POINT('',(13.8911000131135,-27.8431883936426,5.99999999999998));
#7724=CARTESIAN_POINT('',(27.5822000262271,-27.8431883936427,9.27865264657564));
#7725=CARTESIAN_POINT('',(3.22144880818984,-27.8431883936427,10.8837383430051));
#7726=CARTESIAN_POINT('Origin',(29.4839822040602,24.7568116063576,5.2002676049123));
#7727=CARTESIAN_POINT('',(29.4839822040602,-23.3431883936425,5.20026760491083));
#7728=CARTESIAN_POINT('',(29.4839822040602,-23.3431883936425,5.20026760491083));
#7729=CARTESIAN_POINT('',(29.4839822040602,24.7568116063576,5.2002676049123));
#7730=CARTESIAN_POINT('',(29.4839822040602,24.7568116063576,5.2002676049123));
#7731=CARTESIAN_POINT('',(29.4839822040602,24.7568116063576,5.2002676049123));
#7732=CARTESIAN_POINT('Origin',(27.5822000262271,-23.3431883936426,9.27865264657579));
#7733=CARTESIAN_POINT('',(28.625,-26.2769681340589,5.99999999999998));
#7734=CARTESIAN_POINT('Origin',(20.5511067356981,-23.3431883936425,5.99999999999998));
#7735=CARTESIAN_POINT('',(29.11985757452,-25.9912044860798,5.98113539288757));
#7736=CARTESIAN_POINT('Ctrl Pts',(29.11985757452,-25.9912044860798,5.98113539288757));
#7737=CARTESIAN_POINT('Ctrl Pts',(29.0765059562998,-26.0204999602893,5.9844454420292));
#7738=CARTESIAN_POINT('Ctrl Pts',(29.0332258865937,-26.0484549708363,5.98731013275559));
#7739=CARTESIAN_POINT('Ctrl Pts',(28.8737700753789,-26.1473163611486,5.99628783769841));
#7740=CARTESIAN_POINT('Ctrl Pts',(28.7515786732055,-26.2147506340496,5.99999999999998));
#7741=CARTESIAN_POINT('Ctrl Pts',(28.625,-26.2769681340589,5.99999999999998));
#7742=CARTESIAN_POINT('Origin',(27.5822000262271,-23.3431883936426,9.27865264657579));
#7743=CARTESIAN_POINT('Origin',(28.2161274188381,24.7568116063575,7.91919096602228));
#7744=CARTESIAN_POINT('',(28.625,27.0684317688819,5.99999999999998));
#7745=CARTESIAN_POINT('',(29.1198575745208,26.8609058060432,5.98113539288751));
#7746=CARTESIAN_POINT('Ctrl Pts',(28.625,27.0684317688819,5.99999999999998));
#7747=CARTESIAN_POINT('Ctrl Pts',(28.795493221744,27.0088289940168,5.99999999999998));
#7748=CARTESIAN_POINT('Ctrl Pts',(28.961206289944,26.9402058453048,5.99324897872101));
#7749=CARTESIAN_POINT('Ctrl Pts',(29.1198575745208,26.8609058060432,5.98113539288751));
#7750=CARTESIAN_POINT('',(24.1004091104235,27.7568116063576,5.99999999999998));
#7751=CARTESIAN_POINT('Origin',(24.1004091104237,24.7568116063576,5.99999999999998));
#7752=CARTESIAN_POINT('',(28.2161274188381,27.7568116063575,7.91919096602238));
#7753=CARTESIAN_POINT('Origin',(28.2161274188381,24.7568116063575,7.91919096602228));
#7754=CARTESIAN_POINT('Origin',(19.7637621840243,27.756811606357,26.0453467067555));
#7755=CARTESIAN_POINT('',(5.49877339795828,27.7568116063576,5.99999999999999));
#7756=CARTESIAN_POINT('',(9.98188109201211,27.7568116063576,5.99999999999998));
#7757=CARTESIAN_POINT('',(-0.687770112912336,27.7568116063572,19.2670853730955));
#7758=CARTESIAN_POINT('Origin',(23.9899448014312,-0.0431883936428301,16.9822688363881));
#7759=CARTESIAN_POINT('',(29.11985757452,-28.575,5.98113539288757));
#7760=CARTESIAN_POINT('Origin',(-1.74431576726394,28.7568116063578,21.5328548406868));
#7761=CARTESIAN_POINT('',(5.49877339795829,14.3784058031789,5.99999999999999));
#7762=CARTESIAN_POINT('Origin',(-1.74431576726394,28.7568116063578,21.5328548406868));
#7763=CARTESIAN_POINT('',(5.49877339795832,-28.8431883936422,5.99999999999998));
#7764=CARTESIAN_POINT('',(-1.74431576726393,-28.8431883936422,21.5328548406869));
#7765=CARTESIAN_POINT('',(5.49877339795829,14.3784058031789,5.99999999999999));
#7766=CARTESIAN_POINT('Origin',(-1.74431576726393,-28.8431883936422,21.5328548406869));
#7767=CARTESIAN_POINT('',(-20.2099321138678,-28.8431883936423,5.99999999999998));
#7768=CARTESIAN_POINT('',(-22.8612872052179,-28.8431883936422,11.6858493421286));
#7769=CARTESIAN_POINT('',(-0.772157883631969,-28.8431883936422,5.99999999999998));
#7770=CARTESIAN_POINT('Origin',(-28.0272415913268,-23.1431883936422,9.27692525020661));
#7771=CARTESIAN_POINT('',(-26.499186251954,-11.5715941968211,5.99999999999998));
#7772=CARTESIAN_POINT('Origin',(-22.8612872052179,-28.8431883936422,11.6858493421286));
#7773=CARTESIAN_POINT('',(-20.2099321138677,-14.4215941968211,5.99999999999998));
#7774=CARTESIAN_POINT('Origin',(0.20000000000016,-41.6687,5.19991877277777));
#7775=CARTESIAN_POINT('',(-3.34349999999984,-41.6687,5.99999999999999));
#7776=CARTESIAN_POINT('Origin',(0.20000000000016,-41.6687,5.99999999999998));
#7777=CARTESIAN_POINT('',(-1.95249999999984,-41.6687,4.39983754555556));
#7778=CARTESIAN_POINT('',(-2.64799999999984,-41.6687,5.19991877277777));
#7779=CARTESIAN_POINT('Origin',(0.20000000000016,-41.6687,4.39983754555556));
#7780=CARTESIAN_POINT('Origin',(0.20000000000016,-41.6687,2.42499999999998));
#7781=CARTESIAN_POINT('',(-1.95249999999984,-41.6687,2.42499999999998));
#7782=CARTESIAN_POINT('Origin',(0.20000000000016,41.6687,5.19991877277777));
#7783=CARTESIAN_POINT('',(-3.34349999999984,41.6687,5.99999999999999));
#7784=CARTESIAN_POINT('Origin',(0.20000000000016,41.6687,5.99999999999998));
#7785=CARTESIAN_POINT('',(-1.95249999999984,41.6687,4.39983754555556));
#7786=CARTESIAN_POINT('',(-2.64799999999984,41.6687,5.19991877277777));
#7787=CARTESIAN_POINT('Origin',(0.20000000000016,41.6687,4.39983754555556));
#7788=CARTESIAN_POINT('Origin',(0.20000000000016,41.6687,2.42499999999998));
#7789=CARTESIAN_POINT('',(-1.95249999999984,41.6687,2.42499999999998));
#7790=CARTESIAN_POINT('Origin',(17.6625,50.65,-0.500000000000016));
#7791=CARTESIAN_POINT('',(-32.725,55.15,-0.500000000000016));
#7792=CARTESIAN_POINT('Origin',(-28.225,50.65,-0.500000000000016));
#7793=CARTESIAN_POINT('',(33.125,55.15,-0.500000000000016));
#7794=CARTESIAN_POINT('',(17.6625,55.15,-0.500000000000016));
#7795=CARTESIAN_POINT('Origin',(28.625,50.65,-0.500000000000016));
#7796=CARTESIAN_POINT('Origin',(28.625,-28.575,-0.500000000000016));
#7797=CARTESIAN_POINT('',(33.125,-55.15,-0.500000000000016));
#7798=CARTESIAN_POINT('',(33.125,-28.575,-0.500000000000016));
#7799=CARTESIAN_POINT('Origin',(28.625,-50.65,-0.500000000000016));
#7800=CARTESIAN_POINT('Origin',(-17.2624999999999,-50.65,-0.500000000000016));
#7801=CARTESIAN_POINT('',(-32.7249999999998,-55.15,-0.500000000000016));
#7802=CARTESIAN_POINT('',(-17.2624999999999,-55.15,-0.500000000000016));
#7803=CARTESIAN_POINT('Origin',(-28.2249999999998,-50.65,-0.500000000000016));
#7804=CARTESIAN_POINT('Origin',(-28.225,28.575,-0.500000000000016));
#7805=CARTESIAN_POINT('',(-32.725,28.575,-0.500000000000016));
#7806=CARTESIAN_POINT('Origin',(17.6625,50.65,-0.500000000000016));
#7807=CARTESIAN_POINT('',(-28.225,50.65,5.99999999999998));
#7808=CARTESIAN_POINT('',(28.625,50.65,5.99999999999998));
#7809=CARTESIAN_POINT('',(17.6625,50.65,5.99999999999998));
#7810=CARTESIAN_POINT('',(35.125,57.15,-0.500000000000016));
#7811=CARTESIAN_POINT('Origin',(28.625,50.65,-0.500000000000016));
#7812=CARTESIAN_POINT('',(-34.725,57.15,-0.500000000000016));
#7813=CARTESIAN_POINT('',(-34.725,57.15,-0.500000000000016));
#7814=CARTESIAN_POINT('Origin',(-28.225,50.65,-0.500000000000016));
#7815=CARTESIAN_POINT('Origin',(28.625,-28.575,-0.500000000000016));
#7816=CARTESIAN_POINT('',(28.625,-50.65,5.99999999999998));
#7817=CARTESIAN_POINT('',(28.625,-28.575,5.99999999999998));
#7818=CARTESIAN_POINT('',(35.125,-57.15,-0.500000000000016));
#7819=CARTESIAN_POINT('Origin',(28.625,-50.65,-0.500000000000016));
#7820=CARTESIAN_POINT('',(35.125,57.15,-0.500000000000016));
#7821=CARTESIAN_POINT('',(28.625,-28.575,5.99999999999998));
#7822=CARTESIAN_POINT('Origin',(-17.2624999999999,-50.65,-0.500000000000016));
#7823=CARTESIAN_POINT('',(-28.2249999999998,-50.65,5.99999999999998));
#7824=CARTESIAN_POINT('',(-17.2624999999999,-50.65,5.99999999999998));
#7825=CARTESIAN_POINT('',(-34.7249999999998,-57.15,-0.500000000000016));
#7826=CARTESIAN_POINT('Origin',(-28.2249999999998,-50.65,-0.500000000000016));
#7827=CARTESIAN_POINT('',(35.125,-57.15,-0.500000000000016));
#7828=CARTESIAN_POINT('Origin',(-28.225,28.575,-0.500000000000016));
#7829=CARTESIAN_POINT('',(-34.7249999999998,-57.15,-0.500000000000016));
#7830=CARTESIAN_POINT('',(-28.225,28.575,5.99999999999998));
#7831=CARTESIAN_POINT('Origin',(0.199999999999974,2.66453525910038E-14,
5.99999999999998));
#7832=CARTESIAN_POINT('Origin',(0.199999999999974,2.66453525910038E-14,
-0.500000000000016));
#7833=CARTESIAN_POINT('Origin',(19.625,-31.5431883936422,-0.500000000000016));
#7834=CARTESIAN_POINT('',(21.325,-31.5431883936422,-0.500000000000016));
#7835=CARTESIAN_POINT('Origin',(19.625,-31.5431883936422,-0.500000000000016));
#7836=CARTESIAN_POINT('',(20.8520309413044,-31.5431883936422,3.99999999999998));
#7837=CARTESIAN_POINT('',(21.325,-31.5431883936422,-0.500000000000016));
#7838=CARTESIAN_POINT('Origin',(19.625,-31.5431883936422,4.));
#7839=CARTESIAN_POINT('Origin',(22.625,-32.0431883936422,4.));
#7840=CARTESIAN_POINT('',(22.625,-35.0431883936422,-0.500000000000016));
#7841=CARTESIAN_POINT('',(25.625,-32.0431883936422,-0.500000000000016));
#7842=CARTESIAN_POINT('Origin',(22.625,-32.0431883936422,-0.500000000000015));
#7843=CARTESIAN_POINT('',(25.625,-32.0431883936422,4.));
#7844=CARTESIAN_POINT('',(25.625,-32.0431883936422,4.));
#7845=CARTESIAN_POINT('',(22.625,-35.0431883936422,4.));
#7846=CARTESIAN_POINT('Origin',(22.625,-32.0431883936422,4.));
#7847=CARTESIAN_POINT('',(22.625,-35.0431883936422,4.));
#7848=CARTESIAN_POINT('Origin',(25.625,-28.8431883936422,4.));
#7849=CARTESIAN_POINT('',(25.625,-28.8431883936422,-0.500000000000016));
#7850=CARTESIAN_POINT('',(25.625,-14.4431883936422,-0.500000000000016));
#7851=CARTESIAN_POINT('',(25.625,-28.8431883936422,4.));
#7852=CARTESIAN_POINT('',(25.625,-28.8431883936422,4.));
#7853=CARTESIAN_POINT('',(25.625,-32.0431883936422,4.));
#7854=CARTESIAN_POINT('Origin',(13.625,-28.8431883936422,4.));
#7855=CARTESIAN_POINT('',(13.625,-28.8431883936422,-0.500000000000016));
#7856=CARTESIAN_POINT('',(16.625,-28.8431883936422,-0.500000000000016));
#7857=CARTESIAN_POINT('',(13.625,-28.8431883936422,4.));
#7858=CARTESIAN_POINT('',(13.625,-28.8431883936422,4.));
#7859=CARTESIAN_POINT('',(13.625,-28.8431883936422,4.));
#7860=CARTESIAN_POINT('Origin',(13.625,-32.0431883936422,4.));
#7861=CARTESIAN_POINT('',(13.625,-32.0431883936422,-0.500000000000016));
#7862=CARTESIAN_POINT('',(13.625,-16.0431883936422,-0.500000000000016));
#7863=CARTESIAN_POINT('',(13.625,-32.0431883936422,4.));
#7864=CARTESIAN_POINT('',(13.625,-32.0431883936422,4.));
#7865=CARTESIAN_POINT('',(13.625,-28.8431883936422,4.));
#7866=CARTESIAN_POINT('Origin',(16.625,-32.0431883936422,4.));
#7867=CARTESIAN_POINT('',(16.625,-35.0431883936422,-0.500000000000016));
#7868=CARTESIAN_POINT('Origin',(16.625,-32.0431883936422,-0.500000000000017));
#7869=CARTESIAN_POINT('',(16.625,-35.0431883936422,4.));
#7870=CARTESIAN_POINT('',(16.625,-35.0431883936422,4.));
#7871=CARTESIAN_POINT('Origin',(16.625,-32.0431883936422,4.));
#7872=CARTESIAN_POINT('Origin',(22.625,-35.0431883936422,4.));
#7873=CARTESIAN_POINT('',(21.125,-35.0431883936422,-0.500000000000016));
#7874=CARTESIAN_POINT('',(16.625,-35.0431883936422,4.));
#7875=CARTESIAN_POINT('Origin',(19.625,-31.9431883936422,4.));
#7876=CARTESIAN_POINT('Origin',(19.625,-0.0431883936421973,-0.500000000000016));
#7877=CARTESIAN_POINT('Origin',(19.625,31.8568116063578,-0.500000000000016));
#7878=CARTESIAN_POINT('',(21.325,31.8568116063578,-0.500000000000016));
#7879=CARTESIAN_POINT('Origin',(19.625,31.8568116063578,-0.500000000000016));
#7880=CARTESIAN_POINT('',(20.8520309413044,31.8568116063578,3.99999999999998));
#7881=CARTESIAN_POINT('',(21.325,31.8568116063578,-0.500000000000016));
#7882=CARTESIAN_POINT('Origin',(19.625,31.8568116063578,4.));
#7883=CARTESIAN_POINT('Origin',(16.6249999999999,34.9568116063578,4.));
#7884=CARTESIAN_POINT('',(22.625,34.9568116063578,-0.500000000000016));
#7885=CARTESIAN_POINT('',(16.6249999999999,34.9568116063578,-0.500000000000016));
#7886=CARTESIAN_POINT('',(18.125,34.9568116063578,-0.500000000000016));
#7887=CARTESIAN_POINT('',(16.6249999999999,34.9568116063578,4.));
#7888=CARTESIAN_POINT('',(16.6249999999999,34.9568116063578,4.));
#7889=CARTESIAN_POINT('',(22.625,34.9568116063578,4.));
#7890=CARTESIAN_POINT('',(22.625,34.9568116063578,4.));
#7891=CARTESIAN_POINT('',(22.625,34.9568116063578,4.));
#7892=CARTESIAN_POINT('Origin',(16.6249999999999,31.9568116063578,3.99999999999999));
#7893=CARTESIAN_POINT('',(13.625,31.9568116063578,-0.500000000000016));
#7894=CARTESIAN_POINT('Origin',(16.6249999999999,31.9568116063578,-0.500000000000017));
#7895=CARTESIAN_POINT('',(13.6249999999999,31.9568116063578,4.));
#7896=CARTESIAN_POINT('',(13.6249999999999,31.9568116063578,4.));
#7897=CARTESIAN_POINT('Origin',(16.6249999999999,31.9568116063578,3.99999999999999));
#7898=CARTESIAN_POINT('Origin',(13.6249999999999,28.7568116063578,4.));
#7899=CARTESIAN_POINT('',(13.6249999999999,28.7568116063578,-0.500000000000016));
#7900=CARTESIAN_POINT('',(13.6249999999998,14.3568116063578,-0.500000000000016));
#7901=CARTESIAN_POINT('',(13.6249999999999,28.7568116063578,4.));
#7902=CARTESIAN_POINT('',(13.6249999999999,28.7568116063578,4.));
#7903=CARTESIAN_POINT('',(13.6249999999999,31.9568116063578,4.));
#7904=CARTESIAN_POINT('Origin',(25.625,28.7568116063578,4.));
#7905=CARTESIAN_POINT('',(25.625,28.7568116063578,-0.500000000000016));
#7906=CARTESIAN_POINT('',(22.625,28.7568116063578,-0.500000000000016));
#7907=CARTESIAN_POINT('',(25.625,28.7568116063578,4.));
#7908=CARTESIAN_POINT('',(25.625,28.7568116063578,4.));
#7909=CARTESIAN_POINT('',(13.6249999999999,28.7568116063578,4.));
#7910=CARTESIAN_POINT('Origin',(25.625,31.9568116063578,4.));
#7911=CARTESIAN_POINT('',(25.625,31.9568116063578,-0.500000000000016));
#7912=CARTESIAN_POINT('',(25.625,15.9568116063578,-0.500000000000016));
#7913=CARTESIAN_POINT('',(25.625,31.9568116063578,4.));
#7914=CARTESIAN_POINT('',(25.625,31.9568116063578,4.));
#7915=CARTESIAN_POINT('',(25.625,-32.0431883936422,4.));
#7916=CARTESIAN_POINT('Origin',(22.625,31.9568116063578,4.));
#7917=CARTESIAN_POINT('Origin',(22.625,31.9568116063578,-0.500000000000015));
#7918=CARTESIAN_POINT('Origin',(22.625,31.9568116063578,4.));
#7919=CARTESIAN_POINT('Origin',(19.625,31.8568116063578,4.));
#7920=CARTESIAN_POINT('Origin',(19.625,-0.0431883936421973,-0.500000000000016));
#7921=CARTESIAN_POINT('Origin',(-22.9809703885628,-51.2652416360247,60.6807406984079));
#7922=CARTESIAN_POINT('',(-23.334523779156,-50.9116882454314,60.6807406984079));
#7923=CARTESIAN_POINT('',(-22.9537739739017,-51.2924380506857,61.17925921367));
#7924=CARTESIAN_POINT('Origin',(-22.9809703885628,-51.2652416360247,60.6807406984079));
#7925=CARTESIAN_POINT('',(-23.334523779156,-51.618795026618,60.6807406984079));
#7926=CARTESIAN_POINT('Origin',(-22.9809703885628,-51.2652416360247,60.6807406984079));
#7927=CARTESIAN_POINT('Origin',(-22.9809703885628,-51.2652416360247,60.6807406984079));
#7928=CARTESIAN_POINT('Origin',(-18.7519480842002,-55.4942639403872,54.7));
#7929=CARTESIAN_POINT('',(-18.3994422615113,-55.8467697630761,54.7384615384615));
#7930=CARTESIAN_POINT('',(-18.7519480842002,-55.4942639403872,54.2));
#7931=CARTESIAN_POINT('Origin',(-18.7519480842002,-55.4942639403872,54.7));
#7932=CARTESIAN_POINT('',(-19.1055014747935,-55.8478173309805,54.7));
#7933=CARTESIAN_POINT('Origin',(-18.7519480842002,-55.4942639403872,54.7));
#7934=CARTESIAN_POINT('Origin',(-18.7519480842002,-55.4942639403872,54.7));
#7935=CARTESIAN_POINT('Origin',(-23.3345237791561,-50.9116882454314,54.2));
#7936=CARTESIAN_POINT('Origin',(-23.6880771697493,-51.2652416360247,54.2));
#7937=CARTESIAN_POINT('Origin',(-23.3345237791561,-50.9116882454314,54.2));
#7938=CARTESIAN_POINT('Origin',(-22.9809703885628,-51.2652416360247,58.6721359549996));
#7939=CARTESIAN_POINT('',(-23.0202540986287,-51.2259579259588,58.1752319599996));
#7940=CARTESIAN_POINT('',(-23.334523779156,-50.9116882454314,58.6721359549996));
#7941=CARTESIAN_POINT('Origin',(-22.9809703885628,-51.2652416360247,58.6721359549996));
#7942=CARTESIAN_POINT('',(-23.334523779156,-51.618795026618,58.6721359549996));
#7943=CARTESIAN_POINT('Origin',(-22.9809703885628,-51.2652416360247,58.6721359549996));
#7944=CARTESIAN_POINT('Origin',(-22.9809703885628,-51.2652416360247,58.6721359549996));
#7945=CARTESIAN_POINT('Origin',(-20.1722461189877,-54.0739659055998,54.7));
#7946=CARTESIAN_POINT('',(-20.5257995095809,-54.427519296193,54.7));
#7947=CARTESIAN_POINT('',(-20.1722461189877,-54.0739659055998,54.2));
#7948=CARTESIAN_POINT('Origin',(-20.1722461189877,-54.0739659055998,54.7));
#7949=CARTESIAN_POINT('',(-20.5236103034508,-53.7226017211366,54.6444444444445));
#7950=CARTESIAN_POINT('Origin',(-20.1722461189877,-54.0739659055998,54.7));
#7951=CARTESIAN_POINT('Origin',(-20.1722461189877,-54.0739659055998,54.7));
#7952=CARTESIAN_POINT('Origin',(-23.3345237791561,-50.9116882454314,54.2));
#7953=CARTESIAN_POINT('Origin',(-23.6880771697493,-51.2652416360247,54.2));
#7954=CARTESIAN_POINT('Origin',(-23.3345237791561,-50.9116882454314,54.2));
#7955=CARTESIAN_POINT('Origin',(-17.9095044191907,-51.8112242058028,54.7));
#7956=CARTESIAN_POINT('',(-18.2608686036539,-51.4598600213397,54.6444444444445));
#7957=CARTESIAN_POINT('',(-17.9095044191907,-51.8112242058028,54.2));
#7958=CARTESIAN_POINT('Origin',(-17.9095044191907,-51.8112242058028,54.7));
#7959=CARTESIAN_POINT('',(-17.9095044191907,-51.8112242058028,54.2));
#7960=CARTESIAN_POINT('',(-18.2608686036539,-51.4598600213397,54.6444444444445));
#7961=CARTESIAN_POINT('Origin',(-28.8146013333518,-45.4316106912357,54.7));
#7962=CARTESIAN_POINT('',(-29.1681547239451,-45.7851640818289,54.7));
#7963=CARTESIAN_POINT('',(-28.8146013333518,-45.4316106912357,54.2));
#7964=CARTESIAN_POINT('Origin',(-22.9809703885628,-51.2652416360247,46.15));
#7965=CARTESIAN_POINT('',(-23.3345237791561,-51.6187950266179,46.15));
#7966=CARTESIAN_POINT('',(-23.3345237791561,-50.9116882454314,46.15));
#7967=CARTESIAN_POINT('Origin',(-20.7182286887658,-49.0024999362277,58.6721359549996));
#7968=CARTESIAN_POINT('',(-21.0717820793591,-48.6489465456345,58.6721359549996));
#7969=CARTESIAN_POINT('',(-20.7575123988317,-48.9632162261618,58.1752319599996));
#7970=CARTESIAN_POINT('Origin',(-20.7182286887658,-49.0024999362277,58.6721359549996));
#7971=CARTESIAN_POINT('',(-20.7575123988317,-48.9632162261618,58.1752319599996));
#7972=CARTESIAN_POINT('',(-21.0717820793591,-48.6489465456345,58.6721359549996));
#7973=CARTESIAN_POINT('Origin',(-16.4892063844033,-53.2315222405903,54.7));
#7974=CARTESIAN_POINT('',(-16.1367005617144,-53.5840280632792,54.7384615384615));
#7975=CARTESIAN_POINT('',(-16.4892063844033,-53.2315222405903,54.2));
#7976=CARTESIAN_POINT('Origin',(-16.4892063844033,-53.2315222405903,54.7));
#7977=CARTESIAN_POINT('',(-16.1367005617143,-53.5840280632792,54.7384615384615));
#7978=CARTESIAN_POINT('',(-16.4892063844033,-53.2315222405903,54.2));
#7979=CARTESIAN_POINT('Origin',(-20.7182286887658,-49.0024999362277,60.6807406984079));
#7980=CARTESIAN_POINT('',(-20.6910322741048,-49.0296963508888,61.17925921367));
#7981=CARTESIAN_POINT('',(-21.0717820793591,-48.6489465456345,60.6807406984079));
#7982=CARTESIAN_POINT('Origin',(-20.7182286887658,-49.0024999362277,60.6807406984079));
#7983=CARTESIAN_POINT('',(-21.0717820793591,-48.6489465456345,60.6807406984079));
#7984=CARTESIAN_POINT('',(-20.6910322741048,-49.0296963508888,61.17925921367));
#7985=CARTESIAN_POINT('Origin',(-21.0717820793591,-48.6489465456344,54.2));
#7986=CARTESIAN_POINT('Origin',(-21.0717820793591,-48.6489465456344,54.2));
#7987=CARTESIAN_POINT('Origin',(-21.0717820793591,-48.6489465456345,61.2));
#7988=CARTESIAN_POINT('',(-21.0717820793592,-48.6489465456344,30.5999999999999));
#7989=CARTESIAN_POINT('Origin',(-37.476659402887,-37.476659402887,31.1));
#7990=CARTESIAN_POINT('Origin',(-18.7519480842002,-55.4942639403872,7.5));
#7991=CARTESIAN_POINT('',(-18.7519480842002,-55.4942639403872,8.));
#7992=CARTESIAN_POINT('',(-18.3994422615113,-55.8467697630762,7.46153846153846));
#7993=CARTESIAN_POINT('Origin',(-18.7519480842002,-55.4942639403872,7.5));
#7994=CARTESIAN_POINT('',(-19.1055014747935,-55.8478173309805,7.5));
#7995=CARTESIAN_POINT('Origin',(-18.7519480842002,-55.4942639403872,7.5));
#7996=CARTESIAN_POINT('Origin',(-18.7519480842002,-55.4942639403872,7.5));
#7997=CARTESIAN_POINT('Origin',(-22.9809703885628,-51.2652416360247,1.51925930159214));
#7998=CARTESIAN_POINT('',(-22.9537739739018,-51.2924380506857,1.02074078633));
#7999=CARTESIAN_POINT('',(-23.3345237791561,-50.9116882454314,1.51925930159214));
#8000=CARTESIAN_POINT('Origin',(-22.9809703885628,-51.2652416360247,1.51925930159214));
#8001=CARTESIAN_POINT('',(-23.3345237791561,-51.6187950266179,1.51925930159214));
#8002=CARTESIAN_POINT('Origin',(-22.9809703885628,-51.2652416360247,1.51925930159214));
#8003=CARTESIAN_POINT('Origin',(-22.9809703885628,-51.2652416360247,1.51925930159214));
#8004=CARTESIAN_POINT('Origin',(-23.3345237791561,-50.9116882454314,8.));
#8005=CARTESIAN_POINT('Origin',(-23.6880771697493,-51.2652416360247,8.));
#8006=CARTESIAN_POINT('Origin',(-23.3345237791561,-50.9116882454314,8.));
#8007=CARTESIAN_POINT('Origin',(-20.1722461189877,-54.0739659055998,7.5));
#8008=CARTESIAN_POINT('',(-20.5236103034508,-53.7226017211366,7.55555555555555));
#8009=CARTESIAN_POINT('',(-20.1722461189877,-54.0739659055998,8.));
#8010=CARTESIAN_POINT('Origin',(-20.1722461189877,-54.0739659055998,7.5));
#8011=CARTESIAN_POINT('',(-20.5257995095809,-54.427519296193,7.5));
#8012=CARTESIAN_POINT('Origin',(-20.1722461189877,-54.0739659055998,7.5));
#8013=CARTESIAN_POINT('Origin',(-20.1722461189877,-54.0739659055998,7.5));
#8014=CARTESIAN_POINT('Origin',(-22.9809703885628,-51.2652416360247,3.52786404500041));
#8015=CARTESIAN_POINT('',(-23.334523779156,-51.6187950266179,3.52786404500041));
#8016=CARTESIAN_POINT('',(-23.3345237791561,-50.9116882454314,3.52786404500041));
#8017=CARTESIAN_POINT('Origin',(-22.9809703885628,-51.2652416360247,3.52786404500041));
#8018=CARTESIAN_POINT('',(-23.0202540986287,-51.2259579259588,4.02476804000036));
#8019=CARTESIAN_POINT('Origin',(-22.9809703885628,-51.2652416360247,3.52786404500041));
#8020=CARTESIAN_POINT('Origin',(-22.9809703885628,-51.2652416360247,3.52786404500041));
#8021=CARTESIAN_POINT('Origin',(-23.3345237791561,-50.9116882454314,7.99999999999998));
#8022=CARTESIAN_POINT('Origin',(-23.6880771697493,-51.2652416360247,7.99999999999998));
#8023=CARTESIAN_POINT('Origin',(-23.3345237791561,-50.9116882454314,7.99999999999998));
#8024=CARTESIAN_POINT('Origin',(-20.7182286887658,-49.0024999362277,3.52786404500041));
#8025=CARTESIAN_POINT('',(-20.7575123988318,-48.9632162261618,4.02476804000036));
#8026=CARTESIAN_POINT('',(-21.0717820793591,-48.6489465456345,3.52786404500041));
#8027=CARTESIAN_POINT('Origin',(-20.7182286887659,-49.0024999362278,3.52786404500041));
#8028=CARTESIAN_POINT('',(-21.0717820793591,-48.6489465456344,3.52786404500041));
#8029=CARTESIAN_POINT('',(-20.7575123988317,-48.9632162261618,4.02476804000036));
#8030=CARTESIAN_POINT('Origin',(-22.9809703885628,-51.2652416360247,17.55));
#8031=CARTESIAN_POINT('',(-23.3345237791561,-51.6187950266179,17.55));
#8032=CARTESIAN_POINT('',(-23.3345237791561,-50.9116882454314,17.55));
#8033=CARTESIAN_POINT('Origin',(-27.753941161572,-46.4922708630155,7.5));
#8034=CARTESIAN_POINT('',(-28.1074945521652,-46.8458242536088,7.5));
#8035=CARTESIAN_POINT('',(-27.753941161572,-46.4922708630155,8.));
#8036=CARTESIAN_POINT('Origin',(-17.9095044191907,-51.8112242058028,7.5));
#8037=CARTESIAN_POINT('',(-17.9095044191907,-51.8112242058028,8.));
#8038=CARTESIAN_POINT('',(-18.2608686036539,-51.4598600213397,7.55555555555555));
#8039=CARTESIAN_POINT('Origin',(-17.9095044191908,-51.8112242058029,7.5));
#8040=CARTESIAN_POINT('',(-18.2608686036539,-51.4598600213397,7.55555555555555));
#8041=CARTESIAN_POINT('',(-17.9095044191907,-51.8112242058028,8.));
#8042=CARTESIAN_POINT('Origin',(-20.7182286887658,-49.0024999362277,1.51925930159214));
#8043=CARTESIAN_POINT('',(-20.6910322741048,-49.0296963508888,1.02074078633));
#8044=CARTESIAN_POINT('',(-21.0717820793591,-48.6489465456345,1.51925930159214));
#8045=CARTESIAN_POINT('Origin',(-20.7182286887659,-49.0024999362278,1.51925930159214));
#8046=CARTESIAN_POINT('',(-20.6910322741048,-49.0296963508888,1.02074078633));
#8047=CARTESIAN_POINT('',(-21.0717820793591,-48.6489465456345,1.51925930159214));
#8048=CARTESIAN_POINT('Origin',(-16.4892063844033,-53.2315222405903,7.5));
#8049=CARTESIAN_POINT('',(-16.1367005617144,-53.5840280632792,7.46153846153846));
#8050=CARTESIAN_POINT('',(-16.4892063844033,-53.2315222405903,8.));
#8051=CARTESIAN_POINT('Origin',(-16.4892063844033,-53.2315222405903,7.5));
#8052=CARTESIAN_POINT('',(-16.4892063844033,-53.2315222405903,8.));
#8053=CARTESIAN_POINT('',(-16.1367005617144,-53.5840280632792,7.46153846153846));
#8054=CARTESIAN_POINT('Origin',(-21.0717820793591,-48.6489465456344,7.99999999999998));
#8055=CARTESIAN_POINT('Origin',(-21.0717820793591,-48.6489465456345,7.99999999999998));
#8056=CARTESIAN_POINT('Origin',(-16.1220346110533,-53.5986940139403,8.));
#8057=CARTESIAN_POINT('',(-35.2139177030901,-34.5068109219035,8.00000000000001));
#8058=CARTESIAN_POINT('Origin',(-37.476659402887,-37.476659402887,31.1));
#8059=CARTESIAN_POINT('Origin',(-55.4942639403872,-18.7519480842002,54.7));
#8060=CARTESIAN_POINT('',(-55.4942639403872,-18.7519480842002,54.2));
#8061=CARTESIAN_POINT('',(-55.8467697630762,-18.3994422615113,54.7384615384616));
#8062=CARTESIAN_POINT('Origin',(-55.4942639403872,-18.7519480842002,54.7));
#8063=CARTESIAN_POINT('',(-55.8478173309805,-19.1055014747935,54.7));
#8064=CARTESIAN_POINT('Origin',(-55.4942639403872,-18.7519480842002,54.7));
#8065=CARTESIAN_POINT('Origin',(-55.4942639403872,-18.7519480842002,54.7));
#8066=CARTESIAN_POINT('Origin',(-54.0739659055998,-20.1722461189877,54.7));
#8067=CARTESIAN_POINT('',(-53.7226017211366,-20.5236103034508,54.6444444444445));
#8068=CARTESIAN_POINT('',(-54.0739659055998,-20.1722461189877,54.2));
#8069=CARTESIAN_POINT('Origin',(-54.0739659055998,-20.1722461189877,54.7));
#8070=CARTESIAN_POINT('',(-54.4275192961931,-20.525799509581,54.7));
#8071=CARTESIAN_POINT('Origin',(-54.0739659055998,-20.1722461189877,54.7));
#8072=CARTESIAN_POINT('Origin',(-54.0739659055998,-20.1722461189877,54.7));
#8073=CARTESIAN_POINT('Origin',(-51.2652416360247,-22.9809703885628,60.6807406984079));
#8074=CARTESIAN_POINT('',(-51.618795026618,-23.3345237791561,60.6807406984079));
#8075=CARTESIAN_POINT('',(-51.2924380506857,-22.9537739739018,61.17925921367));
#8076=CARTESIAN_POINT('Origin',(-51.2652416360247,-22.9809703885628,60.6807406984079));
#8077=CARTESIAN_POINT('',(-50.9116882454314,-23.3345237791561,60.6807406984079));
#8078=CARTESIAN_POINT('Origin',(-51.2652416360247,-22.9809703885628,60.6807406984079));
#8079=CARTESIAN_POINT('Origin',(-51.2652416360247,-22.9809703885628,60.6807406984079));
#8080=CARTESIAN_POINT('Origin',(-51.2652416360247,-22.9809703885628,58.6721359549996));
#8081=CARTESIAN_POINT('',(-50.9116882454314,-23.3345237791561,58.6721359549996));
#8082=CARTESIAN_POINT('',(-51.2259579259588,-23.0202540986287,58.1752319599996));
#8083=CARTESIAN_POINT('Origin',(-51.2652416360247,-22.9809703885628,58.6721359549996));
#8084=CARTESIAN_POINT('',(-51.618795026618,-23.3345237791561,58.6721359549996));
#8085=CARTESIAN_POINT('Origin',(-51.2652416360247,-22.9809703885628,58.6721359549996));
#8086=CARTESIAN_POINT('Origin',(-51.2652416360247,-22.9809703885628,58.6721359549996));
#8087=CARTESIAN_POINT('Origin',(-51.2652416360247,-22.9809703885628,46.15));
#8088=CARTESIAN_POINT('',(-51.618795026618,-23.3345237791561,46.15));
#8089=CARTESIAN_POINT('',(-50.9116882454314,-23.3345237791561,46.15));
#8090=CARTESIAN_POINT('Origin',(-50.9116882454314,-23.3345237791561,54.2));
#8091=CARTESIAN_POINT('Origin',(-51.2652416360247,-23.6880771697493,54.2));
#8092=CARTESIAN_POINT('Origin',(-50.9116882454314,-23.3345237791561,54.2));
#8093=CARTESIAN_POINT('Origin',(-49.0024999362277,-20.7182286887658,58.6721359549996));
#8094=CARTESIAN_POINT('',(-43.1132167461501,-14.90751291882,58.1752319599996));
#8095=CARTESIAN_POINT('',(-42.6524007068669,-15.0752362405916,58.6721359549996));
#8096=CARTESIAN_POINT('Origin',(-43.1708187510605,-14.8865475035986,58.6721359549996));
#8097=CARTESIAN_POINT('',(-48.6489465456345,-21.0717820793591,58.6721359549996));
#8098=CARTESIAN_POINT('',(-48.9632162261618,-20.7575123988318,58.1752319599996));
#8099=CARTESIAN_POINT('Origin',(-49.0024999362277,-20.7182286887658,60.6807406984079));
#8100=CARTESIAN_POINT('',(-49.0296963508888,-20.6910322741048,61.17925921367));
#8101=CARTESIAN_POINT('',(-48.6489465456345,-21.0717820793591,60.6807406984079));
#8102=CARTESIAN_POINT('Origin',(-49.0024999362278,-20.7182286887658,60.6807406984079));
#8103=CARTESIAN_POINT('',(-49.0296963508888,-20.6910322741048,61.17925921367));
#8104=CARTESIAN_POINT('',(-48.6489465456345,-21.0717820793591,60.6807406984079));
#8105=CARTESIAN_POINT('Origin',(-50.9116882454314,-23.3345237791561,54.2));
#8106=CARTESIAN_POINT('Origin',(-51.2652416360247,-23.6880771697493,54.2));
#8107=CARTESIAN_POINT('Origin',(-50.9116882454314,-23.3345237791561,54.2));
#8108=CARTESIAN_POINT('Origin',(-45.4316106912357,-28.8146013333518,54.7));
#8109=CARTESIAN_POINT('',(-45.7851640818289,-29.1681547239451,54.7));
#8110=CARTESIAN_POINT('',(-45.4316106912357,-28.8146013333518,54.2));
#8111=CARTESIAN_POINT('Origin',(-51.8112242058028,-17.9095044191907,54.7));
#8112=CARTESIAN_POINT('',(-47.2892726571843,-13.3875528705722,54.2));
#8113=CARTESIAN_POINT('',(-46.7740646627046,-13.5750732450188,54.6444444444445));
#8114=CARTESIAN_POINT('Origin',(-47.2892726571843,-13.3875528705722,54.7));
#8115=CARTESIAN_POINT('',(-51.4598600213397,-18.2608686036539,54.6444444444445));
#8116=CARTESIAN_POINT('',(-51.8112242058028,-17.9095044191907,54.2));
#8117=CARTESIAN_POINT('Origin',(-53.2315222405903,-16.4892063844033,54.7));
#8118=CARTESIAN_POINT('',(-53.5840280632792,-16.1367005617144,54.7384615384616));
#8119=CARTESIAN_POINT('',(-53.2315222405903,-16.4892063844033,54.2));
#8120=CARTESIAN_POINT('Origin',(-53.2315222405903,-16.4892063844033,54.7));
#8121=CARTESIAN_POINT('',(-53.2315222405903,-16.4892063844033,54.2));
#8122=CARTESIAN_POINT('',(-53.5840280632792,-16.1367005617144,54.7384615384616));
#8123=CARTESIAN_POINT('Origin',(-48.6489465456345,-21.0717820793591,54.2));
#8124=CARTESIAN_POINT('Origin',(-42.6524007068669,-15.0752362405916,54.2));
#8125=CARTESIAN_POINT('Origin',(-51.4773736703807,-18.2433549546129,54.2));
#8126=CARTESIAN_POINT('',(-53.0330085889911,-16.6877200360025,54.2));
#8127=CARTESIAN_POINT('',(-53.9522474045336,-15.76848122046,54.2));
#8128=CARTESIAN_POINT('',(-52.3259018078045,-16.6877200360025,54.2));
#8129=CARTESIAN_POINT('Origin',(-52.6794551983978,-16.3341666454093,54.2));
#8130=CARTESIAN_POINT('',(-49.117334068629,-13.479152296827,54.2));
#8131=CARTESIAN_POINT('',(-36.7695526217005,-1.13137084989851,54.2));
#8132=CARTESIAN_POINT('',(-49.2998773875594,-12.6557525958408,54.2));
#8133=CARTESIAN_POINT('Origin',(-49.4708874592223,-13.1255989062337,54.2));
#8134=CARTESIAN_POINT('',(-36.7095171569313,-17.2382689584784,54.2));
#8135=CARTESIAN_POINT('Origin',(-37.476659402887,-37.476659402887,31.1));
#8136=CARTESIAN_POINT('Origin',(-52.6794551983978,-16.3341666454093,0.));
#8137=CARTESIAN_POINT('',(-53.0330085889911,-16.6877200360025,8.));
#8138=CARTESIAN_POINT('',(-52.3259018078045,-16.6877200360025,8.));
#8139=CARTESIAN_POINT('Origin',(-52.6794551983978,-16.3341666454093,8.));
#8140=CARTESIAN_POINT('',(-52.3259018078045,-16.6877200360025,0.));
#8141=CARTESIAN_POINT('',(-53.0330085889911,-16.6877200360025,0.));
#8142=CARTESIAN_POINT('Origin',(-31.4662517628014,4.17193000900058,0.));
#8143=CARTESIAN_POINT('',(-49.117334068629,-13.479152296827,8.));
#8144=CARTESIAN_POINT('',(-36.7695526217005,-1.13137084989851,8.));
#8145=CARTESIAN_POINT('',(-49.117334068629,-13.479152296827,15.55));
#8146=CARTESIAN_POINT('Origin',(-44.2295291632186,-24.7840926805885,1.8));
#8147=CARTESIAN_POINT('',(-37.5473700810057,-32.1733585439879,1.8));
#8148=CARTESIAN_POINT('',(-37.1938166904124,-31.8198051533946,2.3));
#8149=CARTESIAN_POINT('Origin',(-37.1938166904124,-31.8198051533946,1.8));
#8150=CARTESIAN_POINT('',(-48.2953931550412,-20.7182286887659,2.3));
#8151=CARTESIAN_POINT('',(-44.2295291632186,-24.7840926805885,2.3));
#8152=CARTESIAN_POINT('',(-48.6489465456345,-21.0717820793591,1.8));
#8153=CARTESIAN_POINT('Origin',(-48.2953931550412,-20.7182286887659,1.8));
#8154=CARTESIAN_POINT('',(-44.5830825538118,-25.1376460711818,1.8));
#8155=CARTESIAN_POINT('Origin',(-24.2537625946986,-24.2537625946986,2.3));
#8156=CARTESIAN_POINT('',(-34.7189429562595,-29.3449314192417,2.30000000000001));
#8157=CARTESIAN_POINT('',(-32.2440692221066,-26.8700576850888,2.3));
#8158=CARTESIAN_POINT('',(-29.3449314192417,-34.7189429562595,2.30000000000001));
#8159=CARTESIAN_POINT('',(-32.0319371877506,-32.0319371877506,2.3));
#8160=CARTESIAN_POINT('',(-18.4941198474459,-23.8681313844637,2.3));
#8161=CARTESIAN_POINT('',(-17.0766287656551,-22.4506403026729,2.3));
#8162=CARTESIAN_POINT('',(-42.6524007068669,-15.0752362405915,2.3));
#8163=CARTESIAN_POINT('',(-23.7241365014181,-21.9645609977013,2.3));
#8164=CARTESIAN_POINT('',(-32.7390439689372,-5.16187950266183,2.3));
#8165=CARTESIAN_POINT('Origin',(-37.5473700810057,-32.1733585439879,0.));
#8166=CARTESIAN_POINT('',(-37.5473700810057,-32.1733585439879,1.));
#8167=CARTESIAN_POINT('',(-37.5473700810057,-32.1733585439879,1.40220025903035E-29));
#8168=CARTESIAN_POINT('',(-36.1331565186326,-30.7591449816148,1.));
#8169=CARTESIAN_POINT('',(-36.8402632998191,-31.4662517628014,1.));
#8170=CARTESIAN_POINT('',(-36.1331565186326,-30.7591449816148,0.));
#8171=CARTESIAN_POINT('',(-36.1331565186326,-30.7591449816148,1.40220025903035E-29));
#8172=CARTESIAN_POINT('',(-34.7189429562595,-29.3449314192417,0.));
#8173=CARTESIAN_POINT('',(-32.2440692221066,-26.8700576850888,0.));
#8174=CARTESIAN_POINT('',(-34.7189429562595,-29.3449314192417,0.));
#8175=CARTESIAN_POINT('Origin',(-31.4662517628014,-37.5473700810057,29.95));
#8176=CARTESIAN_POINT('',(-31.8198051533946,-37.1938166904124,1.));
#8177=CARTESIAN_POINT('',(-31.8198051533946,-37.900923471599,1.));
#8178=CARTESIAN_POINT('Origin',(-31.4662517628013,-37.5473700810057,1.00000000000001));
#8179=CARTESIAN_POINT('',(-31.8198051533946,-37.900923471599,5.92893218813451));
#8180=CARTESIAN_POINT('',(-31.8198051533946,-37.900923471599,29.95));
#8181=CARTESIAN_POINT('',(-31.8198051533946,-37.1938166904124,5.92893218813451));
#8182=CARTESIAN_POINT('Origin',(-31.4662517628013,-37.5473700810057,5.92893218813451));
#8183=CARTESIAN_POINT('',(-31.8198051533946,-37.1938166904124,29.95));
#8184=CARTESIAN_POINT('Origin',(-28.2842712474619,-40.7293505963452,5.92893218813451));
#8185=CARTESIAN_POINT('',(-30.8878246380551,-38.8329039869384,9.11091270347399));
#8186=CARTESIAN_POINT('',(-30.7842712474619,-38.2293505963452,9.46446609406727));
#8187=CARTESIAN_POINT('Origin',(-30.5342712474619,-38.4793505963451,9.11091270347399));
#8188=CARTESIAN_POINT('Origin',(-28.2842712474619,-40.7293505963452,5.92893218813451));
#8189=CARTESIAN_POINT('Origin',(-28.6378246380551,-41.0829039869384,5.92893218813451));
#8190=CARTESIAN_POINT('Origin',(-34.191214780391,-34.8224070634161,3.93921356237307));
#8191=CARTESIAN_POINT('',(-23.2715295476649,-46.4491990773286,19.8819805153394));
#8192=CARTESIAN_POINT('',(-23.1679761570717,-45.8456456867354,20.2355339059327));
#8193=CARTESIAN_POINT('Origin',(-22.9179761570717,-46.0956456867354,19.8819805153394));
#8194=CARTESIAN_POINT('',(-34.441214780391,-34.5724070634161,4.29276695296635));
#8195=CARTESIAN_POINT('',(-34.5447681709842,-35.1759604540093,3.93921356237307));
#8196=CARTESIAN_POINT('Origin',(-25.6679761570717,-43.3456456867353,23.7710678118655));
#8197=CARTESIAN_POINT('',(-22.1324422511389,-47.5882863738546,23.7710678118655));
#8198=CARTESIAN_POINT('',(-22.1324422511389,-46.8811795926681,23.7710678118655));
#8199=CARTESIAN_POINT('Origin',(-21.7788888605456,-47.2347329832614,23.7710678118655));
#8200=CARTESIAN_POINT('Origin',(-25.6679761570717,-43.3456456867353,23.7710678118655));
#8201=CARTESIAN_POINT('Origin',(-26.021529547665,-43.6991990773286,23.7710678118655));
#8202=CARTESIAN_POINT('Origin',(-21.7788888605457,-47.2347329832614,19.2144660940673));
#8203=CARTESIAN_POINT('',(-22.1324422511389,-47.5882863738546,38.4289321881346));
#8204=CARTESIAN_POINT('',(-22.1324422511389,-46.8811795926681,38.4289321881346));
#8205=CARTESIAN_POINT('Origin',(-21.7788888605457,-47.2347329832614,38.4289321881346));
#8206=CARTESIAN_POINT('',(-22.1324422511389,-46.8811795926681,19.2144660940673));
#8207=CARTESIAN_POINT('',(-22.1324422511389,-47.5882863738546,19.2144660940673));
#8208=CARTESIAN_POINT('Origin',(-25.6679761570717,-43.3456456867353,38.4289321881345));
#8209=CARTESIAN_POINT('',(-23.2715295476649,-46.4491990773286,42.3180194846606));
#8210=CARTESIAN_POINT('',(-23.1679761570717,-45.8456456867354,41.9644660940673));
#8211=CARTESIAN_POINT('Origin',(-22.9179761570717,-46.0956456867354,42.3180194846606));
#8212=CARTESIAN_POINT('Origin',(-25.6679761570717,-43.3456456867353,38.4289321881345));
#8213=CARTESIAN_POINT('Origin',(-26.021529547665,-43.6991990773286,38.4289321881345));
#8214=CARTESIAN_POINT('Origin',(-27.0038518781353,-42.0097699656718,48.0963203435596));
#8215=CARTESIAN_POINT('',(-30.8878246380552,-38.8329039869384,53.089087296526));
#8216=CARTESIAN_POINT('',(-30.7842712474619,-38.2293505963452,52.7355339059327));
#8217=CARTESIAN_POINT('Origin',(-30.5342712474619,-38.4793505963452,53.089087296526));
#8218=CARTESIAN_POINT('',(-27.2538518781353,-41.7597699656718,47.7427669529664));
#8219=CARTESIAN_POINT('',(-27.3574052687285,-42.363323356265,48.0963203435596));
#8220=CARTESIAN_POINT('Origin',(-28.2842712474618,-40.7293505963452,56.2710678118655));
#8221=CARTESIAN_POINT('',(-31.8198051533946,-37.900923471599,56.2710678118655));
#8222=CARTESIAN_POINT('',(-31.8198051533946,-37.1938166904124,56.2710678118655));
#8223=CARTESIAN_POINT('Origin',(-31.4662517628013,-37.5473700810057,56.2710678118655));
#8224=CARTESIAN_POINT('Origin',(-28.2842712474618,-40.7293505963452,56.2710678118655));
#8225=CARTESIAN_POINT('Origin',(-28.6378246380551,-41.0829039869385,56.2710678118655));
#8226=CARTESIAN_POINT('Origin',(-31.4662517628014,-37.5473700810057,29.95));
#8227=CARTESIAN_POINT('',(-31.8198051533946,-37.1938166904124,59.9));
#8228=CARTESIAN_POINT('',(-31.8198051533946,-37.1938166904124,29.95));
#8229=CARTESIAN_POINT('',(-31.8198051533946,-37.900923471599,60.4));
#8230=CARTESIAN_POINT('',(-31.8198051533946,-37.900923471599,29.95));
#8231=CARTESIAN_POINT('Origin',(-31.4662517628014,-37.5473700810057,60.4));
#8232=CARTESIAN_POINT('Origin',(-44.2295291632186,-24.7840926805885,60.4));
#8233=CARTESIAN_POINT('',(-48.6489465456345,-21.0717820793591,60.4));
#8234=CARTESIAN_POINT('',(-44.5830825538118,-25.1376460711818,60.4));
#8235=CARTESIAN_POINT('',(-48.2953931550412,-20.7182286887659,59.9));
#8236=CARTESIAN_POINT('Origin',(-48.2953931550412,-20.7182286887659,60.4));
#8237=CARTESIAN_POINT('',(-44.2295291632186,-24.7840926805885,59.9));
#8238=CARTESIAN_POINT('Origin',(-12.5865007051206,-17.9605122421384,59.9));
#8239=CARTESIAN_POINT('',(-30.471046395743,-35.8450579327608,5.92893218813452));
#8240=CARTESIAN_POINT('',(-32.1733585439879,-37.5473700810057,5.92893218813451));
#8241=CARTESIAN_POINT('',(-27.5771644662749,-32.9511760032927,3.29999999999937));
#8242=CARTESIAN_POINT('Origin',(-27.5771644662753,-32.9511760032925,7.79999999999938));
#8243=CARTESIAN_POINT('',(-18.4941198474459,-23.8681313844637,3.29999999999974));
#8244=CARTESIAN_POINT('',(-14.0714249456114,-19.4454364826292,3.29999999999992));
#8245=CARTESIAN_POINT('',(-18.4941198474459,-23.8681313844637,45.5));
#8246=CARTESIAN_POINT('',(-29.3449314192417,-34.7189429562595,0.));
#8247=CARTESIAN_POINT('',(-29.3449314192417,-34.7189429562595,62.2));
#8248=CARTESIAN_POINT('',(-30.7591449816148,-36.1331565186326,0.));
#8249=CARTESIAN_POINT('',(-26.8700576850888,-32.2440692221066,1.38777878078145E-16));
#8250=CARTESIAN_POINT('',(-30.7591449816148,-36.1331565186326,1.));
#8251=CARTESIAN_POINT('',(-30.7591449816148,-36.1331565186326,1.15000000000001));
#8252=CARTESIAN_POINT('',(-31.4662517628014,-36.8402632998191,1.));
#8253=CARTESIAN_POINT('Origin',(-28.6378246380551,-41.0829039869385,5.92893218813451));
#8254=CARTESIAN_POINT('',(-29.7236110756817,-37.168690424565,9.46446609406727));
#8255=CARTESIAN_POINT('',(-31.1378246380552,-38.5829039869384,9.46446609406727));
#8256=CARTESIAN_POINT('',(-30.502262112572,-36.3900393876747,7.79999999999924));
#8257=CARTESIAN_POINT('Origin',(-27.2236110756815,-39.6686904245648,5.92893218813451));
#8258=CARTESIAN_POINT('Ctrl Pts',(-30.471046395743,-35.8450579327608,5.92893218813452));
#8259=CARTESIAN_POINT('Ctrl Pts',(-30.5913769404078,-35.9653884774256,6.30115000574675));
#8260=CARTESIAN_POINT('Ctrl Pts',(-30.6492957503776,-36.0865843203758,6.72262084110872));
#8261=CARTESIAN_POINT('Ctrl Pts',(-30.6034817261774,-36.2669017062726,7.3634653061956));
#8262=CARTESIAN_POINT('Ctrl Pts',(-30.563195378371,-36.3291061218757,7.58645465030514));
#8263=CARTESIAN_POINT('Ctrl Pts',(-30.502262112572,-36.3900393876747,7.79999999999924));
#8264=CARTESIAN_POINT('Origin',(-23.5215295476649,-46.1991990773286,20.2355339059327));
#8265=CARTESIAN_POINT('',(-22.1073159852917,-44.7849855149554,20.2355339059327));
#8266=CARTESIAN_POINT('',(-23.5215295476649,-46.1991990773286,20.2355339059327));
#8267=CARTESIAN_POINT('',(-22.6855645431646,-44.2067369570824,19.4177669529661));
#8268=CARTESIAN_POINT('Origin',(-26.021529547665,-43.6991990773286,23.7710678118655));
#8269=CARTESIAN_POINT('',(-21.071782079359,-45.8205194208881,23.7710678118655));
#8270=CARTESIAN_POINT('',(-22.4859956417322,-47.2347329832614,23.7710678118655));
#8271=CARTESIAN_POINT('Origin',(-24.6073159852913,-42.284985514955,23.7710678118655));
#8272=CARTESIAN_POINT('Origin',(-22.4859956417322,-47.2347329832614,38.4289321881346));
#8273=CARTESIAN_POINT('',(-21.0717820793593,-45.8205194208885,38.4289321881346));
#8274=CARTESIAN_POINT('',(-22.4859956417322,-47.2347329832614,38.4289321881346));
#8275=CARTESIAN_POINT('',(-21.071782079359,-45.8205194208881,23.1144660940668));
#8276=CARTESIAN_POINT('Origin',(-26.021529547665,-43.6991990773286,38.4289321881345));
#8277=CARTESIAN_POINT('',(-22.1073159852921,-44.7849855149558,41.9644660940673));
#8278=CARTESIAN_POINT('',(-23.5215295476649,-46.1991990773286,41.9644660940673));
#8279=CARTESIAN_POINT('Origin',(-24.6073159852914,-42.284985514955,38.4289321881345));
#8280=CARTESIAN_POINT('Origin',(-31.1378246380552,-38.5829039869384,52.7355339059327));
#8281=CARTESIAN_POINT('',(-29.7236110756826,-37.1686904245659,52.7355339059327));
#8282=CARTESIAN_POINT('',(-31.1378246380552,-38.5829039869384,52.7355339059327));
#8283=CARTESIAN_POINT('',(-18.2559180875363,-48.6363834127112,36.5177669529661));
#8284=CARTESIAN_POINT('Origin',(-28.6378246380551,-41.0829039869385,56.2710678118655));
#8285=CARTESIAN_POINT('',(-30.7428553598027,-36.1168668968205,56.2710678118655));
#8286=CARTESIAN_POINT('',(-32.1733585439879,-37.5473700810057,56.2710678118655));
#8287=CARTESIAN_POINT('',(-30.7493952919243,-36.1429062083244,55.8999999999994));
#8288=CARTESIAN_POINT('Ctrl Pts',(-30.7493952919243,-36.1429062083244,55.8999999999995));
#8289=CARTESIAN_POINT('Ctrl Pts',(-30.7558128333425,-36.1364886669062,56.021955424403));
#8290=CARTESIAN_POINT('Ctrl Pts',(-30.7538511483288,-36.1278626853466,56.1463117865948));
#8291=CARTESIAN_POINT('Ctrl Pts',(-30.7428553598027,-36.1168668968205,56.2710678118655));
#8292=CARTESIAN_POINT('Origin',(-27.2236110756815,-39.6686904245649,56.2710678118655));
#8293=CARTESIAN_POINT('Origin',(-12.5865007051206,-17.9605122421384,59.9));
#8294=CARTESIAN_POINT('',(-18.494119847446,-23.8681313844637,59.9));
#8295=CARTESIAN_POINT('',(-17.0766287656551,-22.4506403026729,59.9));
#8296=CARTESIAN_POINT('',(-18.494119847446,-23.8681313844637,58.8999999999999));
#8297=CARTESIAN_POINT('',(-18.4941198474459,-23.8681313844637,45.5));
#8298=CARTESIAN_POINT('',(-28.6378246380559,-34.0118361750736,58.8999999999995));
#8299=CARTESIAN_POINT('',(-20.6121626715881,-25.9861742086059,58.8999999999998));
#8300=CARTESIAN_POINT('Origin',(-28.6378246380557,-34.0118361750737,55.8999999999995));
#8301=CARTESIAN_POINT('Origin',(-24.2537625946986,-24.2537625946986,59.9));
#8302=CARTESIAN_POINT('',(-42.6524007068669,-15.0752362405916,59.9));
#8303=CARTESIAN_POINT('',(-32.7390439689372,-5.16187950266183,59.9));
#8304=CARTESIAN_POINT('',(-23.7241365014181,-21.9645609977014,59.9));
#8305=CARTESIAN_POINT('Origin',(-51.2652416360247,-22.9809703885628,1.51925930159214));
#8306=CARTESIAN_POINT('',(-50.9116882454314,-23.3345237791561,1.51925930159214));
#8307=CARTESIAN_POINT('',(-51.2924380506857,-22.9537739739018,1.02074078633));
#8308=CARTESIAN_POINT('Origin',(-51.2652416360247,-22.9809703885628,1.51925930159214));
#8309=CARTESIAN_POINT('',(-51.618795026618,-23.3345237791561,1.51925930159214));
#8310=CARTESIAN_POINT('Origin',(-51.2652416360247,-22.9809703885628,1.51925930159214));
#8311=CARTESIAN_POINT('Origin',(-51.2652416360247,-22.9809703885628,1.51925930159214));
#8312=CARTESIAN_POINT('Origin',(-55.4942639403872,-18.7519480842002,7.5));
#8313=CARTESIAN_POINT('',(-55.8467697630762,-18.3994422615113,7.46153846153846));
#8314=CARTESIAN_POINT('',(-55.4942639403872,-18.7519480842002,8.));
#8315=CARTESIAN_POINT('Origin',(-55.4942639403872,-18.7519480842002,7.5));
#8316=CARTESIAN_POINT('',(-55.8478173309805,-19.1055014747935,7.5));
#8317=CARTESIAN_POINT('Origin',(-55.4942639403872,-18.7519480842002,7.5));
#8318=CARTESIAN_POINT('Origin',(-55.4942639403872,-18.7519480842002,7.5));
#8319=CARTESIAN_POINT('Origin',(-50.9116882454314,-23.3345237791561,8.));
#8320=CARTESIAN_POINT('Origin',(-51.2652416360247,-23.6880771697493,8.));
#8321=CARTESIAN_POINT('Origin',(-50.9116882454314,-23.3345237791561,8.));
#8322=CARTESIAN_POINT('Origin',(-51.2652416360247,-22.9809703885628,3.52786404500042));
#8323=CARTESIAN_POINT('',(-51.2259579259588,-23.0202540986287,4.02476804000038));
#8324=CARTESIAN_POINT('',(-50.9116882454314,-23.3345237791561,3.52786404500042));
#8325=CARTESIAN_POINT('Origin',(-51.2652416360247,-22.9809703885628,3.52786404500042));
#8326=CARTESIAN_POINT('',(-51.618795026618,-23.3345237791561,3.52786404500043));
#8327=CARTESIAN_POINT('Origin',(-51.2652416360247,-22.9809703885628,3.52786404500042));
#8328=CARTESIAN_POINT('Origin',(-51.2652416360247,-22.9809703885628,3.52786404500042));
#8329=CARTESIAN_POINT('Origin',(-54.0739659055998,-20.1722461189877,7.5));
#8330=CARTESIAN_POINT('',(-54.4275192961931,-20.525799509581,7.5));
#8331=CARTESIAN_POINT('',(-54.0739659055998,-20.1722461189877,8.));
#8332=CARTESIAN_POINT('Origin',(-54.0739659055998,-20.1722461189877,7.5));
#8333=CARTESIAN_POINT('',(-53.7226017211366,-20.5236103034508,7.55555555555556));
#8334=CARTESIAN_POINT('Origin',(-54.0739659055998,-20.1722461189877,7.5));
#8335=CARTESIAN_POINT('Origin',(-54.0739659055998,-20.1722461189877,7.5));
#8336=CARTESIAN_POINT('Origin',(-50.9116882454314,-23.3345237791561,8.));
#8337=CARTESIAN_POINT('Origin',(-51.2652416360247,-23.6880771697493,8.));
#8338=CARTESIAN_POINT('Origin',(-50.9116882454314,-23.3345237791561,8.));
#8339=CARTESIAN_POINT('Origin',(-49.4708874592223,-13.1255989062337,15.55));
#8340=CARTESIAN_POINT('',(-49.2998773875594,-12.6557525958407,7.5));
#8341=CARTESIAN_POINT('',(-49.2998773875594,-12.6557525958408,15.55));
#8342=CARTESIAN_POINT('',(-49.0010411488293,-13.2966089778965,8.));
#8343=CARTESIAN_POINT('Origin',(-49.4708874592222,-13.1255989062337,8.00000000000001));
#8344=CARTESIAN_POINT('Origin',(-49.4708874592222,-13.1255989062337,7.5));
#8345=CARTESIAN_POINT('Origin',(-38.1580033380528,-17.2431519900421,7.5));
#8346=CARTESIAN_POINT('',(-46.767216367181,-13.5775658207448,7.5));
#8347=CARTESIAN_POINT('',(-37.98699326639,-16.7733056796492,7.5));
#8348=CARTESIAN_POINT('',(-47.6793756615392,-13.7776558749271,8.));
#8349=CARTESIAN_POINT('',(-38.1580033380528,-17.2431519900421,8.));
#8350=CARTESIAN_POINT('',(-46.7764801844086,-13.5774887667228,7.55555555555556));
#8351=CARTESIAN_POINT('Origin',(-47.6793756615392,-13.7776558749271,7.5));
#8352=CARTESIAN_POINT('Ctrl Pts',(-46.7764801844086,-13.5774887667228,7.55555555555556));
#8353=CARTESIAN_POINT('Ctrl Pts',(-46.7726918923217,-13.5766489225866,7.53690793338241));
#8354=CARTESIAN_POINT('Ctrl Pts',(-46.7696084456072,-13.5766951753996,7.51831199174998));
#8355=CARTESIAN_POINT('Ctrl Pts',(-46.767216367181,-13.5775658207447,7.5));
#8356=CARTESIAN_POINT('Origin',(-51.8112242058029,-17.9095044191907,7.5));
#8357=CARTESIAN_POINT('',(-51.8112242058029,-17.9095044191907,8.));
#8358=CARTESIAN_POINT('',(-51.4598600213397,-18.2608686036539,7.55555555555556));
#8359=CARTESIAN_POINT('Origin',(-46.4922708630155,-27.753941161572,7.5));
#8360=CARTESIAN_POINT('',(-46.8458242536088,-28.1074945521653,7.5));
#8361=CARTESIAN_POINT('',(-46.4922708630155,-27.753941161572,8.));
#8362=CARTESIAN_POINT('Origin',(-51.2652416360247,-22.9809703885628,17.55));
#8363=CARTESIAN_POINT('',(-51.618795026618,-23.3345237791561,17.55));
#8364=CARTESIAN_POINT('',(-50.9116882454314,-23.3345237791561,17.55));
#8365=CARTESIAN_POINT('Origin',(-49.0024999362277,-20.7182286887658,3.52786404500042));
#8366=CARTESIAN_POINT('',(-42.6524007068669,-15.0752362405915,3.52786404500042));
#8367=CARTESIAN_POINT('',(-43.1132167461501,-14.90751291882,4.02476804000038));
#8368=CARTESIAN_POINT('Origin',(-43.1708187510605,-14.8865475035986,3.52786404500042));
#8369=CARTESIAN_POINT('',(-48.9632162261618,-20.7575123988318,4.02476804000038));
#8370=CARTESIAN_POINT('',(-48.6489465456345,-21.0717820793591,3.52786404500042));
#8371=CARTESIAN_POINT('Origin',(-53.2315222405903,-16.4892063844033,7.5));
#8372=CARTESIAN_POINT('',(-53.5840280632792,-16.1367005617144,7.46153846153846));
#8373=CARTESIAN_POINT('',(-53.2315222405903,-16.4892063844033,8.));
#8374=CARTESIAN_POINT('Origin',(-53.2315222405903,-16.4892063844033,7.5));
#8375=CARTESIAN_POINT('',(-53.5840280632792,-16.1367005617144,7.46153846153846));
#8376=CARTESIAN_POINT('',(-53.2315222405903,-16.4892063844033,8.));
#8377=CARTESIAN_POINT('Origin',(-49.0024999362277,-20.7182286887658,1.51925930159214));
#8378=CARTESIAN_POINT('',(-49.0296963508888,-20.6910322741048,1.02074078633));
#8379=CARTESIAN_POINT('',(-48.6489465456345,-21.0717820793591,1.51925930159214));
#8380=CARTESIAN_POINT('Origin',(-49.0024999362278,-20.7182286887658,1.51925930159214));
#8381=CARTESIAN_POINT('',(-48.6489465456345,-21.0717820793591,1.51925930159214));
#8382=CARTESIAN_POINT('',(-49.0296963508888,-20.6910322741048,1.02074078633));
#8383=CARTESIAN_POINT('Origin',(-48.6489465456345,-21.0717820793591,8.));
#8384=CARTESIAN_POINT('Origin',(-42.6524007068669,-15.0752362405915,8.));
#8385=CARTESIAN_POINT('Origin',(-23.9922001032459,-21.8669938257458,31.1));
#8386=CARTESIAN_POINT('',(-42.6524007068669,-15.0752362405915,0.));
#8387=CARTESIAN_POINT('',(-50.9470894139642,-12.0562164487041,8.));
#8388=CARTESIAN_POINT('Origin',(-42.6524007068669,-15.0752362405915,8.));
#8389=CARTESIAN_POINT('',(-50.9470894139642,-12.0562164487041,54.2));
#8390=CARTESIAN_POINT('',(-50.9470894139642,-12.0562164487041,15.55));
#8391=CARTESIAN_POINT('',(-42.6524007068669,-15.0752362405916,62.2));
#8392=CARTESIAN_POINT('Origin',(-42.6524007068669,-15.0752362405916,54.2));
#8393=CARTESIAN_POINT('',(-2.21579325976746,-29.7929577260428,62.2));
#8394=CARTESIAN_POINT('',(-23.7241365014181,-21.9645609977014,62.2));
#8395=CARTESIAN_POINT('',(5.19648441338578,-32.4908061671866,57.790637126821));
#8396=CARTESIAN_POINT('Origin',(-2.21579325976746,-29.7929577260428,54.2));
#8397=CARTESIAN_POINT('',(5.19648441338568,-32.4908061671865,4.40936287317875));
#8398=CARTESIAN_POINT('',(5.19648441338568,-32.4908061671865,15.55));
#8399=CARTESIAN_POINT('',(-2.21579325976741,-29.7929577260428,0.));
#8400=CARTESIAN_POINT('Origin',(-2.21579325976742,-29.7929577260428,8.));
#8401=CARTESIAN_POINT('',(-23.7241365014181,-21.9645609977013,0.));
#8402=CARTESIAN_POINT('',(-42.6524007068669,-15.0752362405915,17.55));
#8403=CARTESIAN_POINT('',(-9.25627967198463,-27.2304302372401,3.29999999999975));
#8404=CARTESIAN_POINT('',(-11.3055293186045,-26.4845643632899,3.29999999999975));
#8405=CARTESIAN_POINT('',(0.749480079426879,-30.8722289579727,7.79999999999976));
#8406=CARTESIAN_POINT('Origin',(-9.25627967198492,-27.23043023724,7.79999999999977));
#8407=CARTESIAN_POINT('',(0.749480079423889,-30.8722289579716,55.8999999999999));
#8408=CARTESIAN_POINT('',(0.749480079424653,-30.8722289579719,43.5000000000007));
#8409=CARTESIAN_POINT('',(-5.92102642151752,-28.4443631441498,58.8999999999999));
#8410=CARTESIAN_POINT('Origin',(-5.92102642151732,-28.4443631441498,55.8999999999999));
#8411=CARTESIAN_POINT('',(-14.9789934918001,-25.1475327476034,58.8999999999999));
#8412=CARTESIAN_POINT('',(-42.6524007068669,-15.0752362405916,46.15));
#8413=CARTESIAN_POINT('Origin',(-48.6489465456345,-21.0717820793591,4.));
#8414=CARTESIAN_POINT('',(-48.6489465456345,-21.0717820793591,0.5));
#8415=CARTESIAN_POINT('Origin',(-37.476659402887,-37.476659402887,31.1));
#8416=CARTESIAN_POINT('Ctrl Pts',(-23.3516949545793,-46.3690336704142,12.3098658858668));
#8417=CARTESIAN_POINT('Ctrl Pts',(-22.6445881733928,-45.6619268892277,12.3098658858668));
#8418=CARTESIAN_POINT('Ctrl Pts',(-23.3984062283882,-46.3223223966054,12.2220276368956));
#8419=CARTESIAN_POINT('Ctrl Pts',(-22.6912994472017,-45.6152156154188,12.2220276368956));
#8420=CARTESIAN_POINT('Ctrl Pts',(-23.4991255105548,-46.2216031144388,12.0326299891381));
#8421=CARTESIAN_POINT('Ctrl Pts',(-22.7920187293683,-45.5144963332522,12.0326299891381));
#8422=CARTESIAN_POINT('Ctrl Pts',(-23.5075530831886,-46.213175541805,11.7949625300605));
#8423=CARTESIAN_POINT('Ctrl Pts',(-22.800446302002,-45.5060687606185,11.7949625300605));
#8424=CARTESIAN_POINT('Ctrl Pts',(-23.512072142533,-46.2086564824606,11.6675197421443));
#8425=CARTESIAN_POINT('Ctrl Pts',(-22.8049653613465,-45.501549701274,11.6675197421443));
#8426=CARTESIAN_POINT('',(-23.3516949545793,-46.3690336704142,12.3098658858668));
#8427=CARTESIAN_POINT('',(-23.512072142533,-46.2086564824606,11.6675197421443));
#8428=CARTESIAN_POINT('Ctrl Pts',(-23.3516949545793,-46.3690336704142,12.3098658858668));
#8429=CARTESIAN_POINT('Ctrl Pts',(-23.3984062283882,-46.3223223966054,12.2220276368956));
#8430=CARTESIAN_POINT('Ctrl Pts',(-23.4991255105548,-46.2216031144388,12.0326299891381));
#8431=CARTESIAN_POINT('Ctrl Pts',(-23.5075530831886,-46.213175541805,11.7949625300605));
#8432=CARTESIAN_POINT('Ctrl Pts',(-23.512072142533,-46.2086564824606,11.6675197421443));
#8433=CARTESIAN_POINT('',(-22.6445881733928,-45.6619268892277,12.3098658858668));
#8434=CARTESIAN_POINT('',(-23.3516949545793,-46.3690336704142,12.3098658858668));
#8435=CARTESIAN_POINT('',(-22.8049653613465,-45.501549701274,11.6675197421443));
#8436=CARTESIAN_POINT('Ctrl Pts',(-22.6445881733928,-45.6619268892277,12.3098658858668));
#8437=CARTESIAN_POINT('Ctrl Pts',(-22.6912994472017,-45.6152156154188,12.2220276368956));
#8438=CARTESIAN_POINT('Ctrl Pts',(-22.7920187293683,-45.5144963332522,12.0326299891381));
#8439=CARTESIAN_POINT('Ctrl Pts',(-22.800446302002,-45.5060687606185,11.7949625300605));
#8440=CARTESIAN_POINT('Ctrl Pts',(-22.8049653613465,-45.501549701274,11.6675197421443));
#8441=CARTESIAN_POINT('',(-23.512072142533,-46.2086564824606,11.6675197421443));
#8442=CARTESIAN_POINT('Ctrl Pts',(-22.909150516404,-46.8115781085895,12.536486917628));
#8443=CARTESIAN_POINT('Ctrl Pts',(-22.2020437352175,-46.104471327403,12.536486917628));
#8444=CARTESIAN_POINT('Ctrl Pts',(-22.996244241184,-46.7244843838096,12.5295789182728));
#8445=CARTESIAN_POINT('Ctrl Pts',(-22.2891374599974,-46.0173776026231,12.5295789182728));
#8446=CARTESIAN_POINT('Ctrl Pts',(-23.160396238917,-46.5603323860765,12.5165588999264));
#8447=CARTESIAN_POINT('Ctrl Pts',(-22.4532894577305,-45.85322560489,12.5165588999264));
#8448=CARTESIAN_POINT('Ctrl Pts',(-23.2905816835517,-46.4301469414419,12.3758970985909));
#8449=CARTESIAN_POINT('Ctrl Pts',(-22.5834749023652,-45.7230401602553,12.3758970985909));
#8450=CARTESIAN_POINT('Ctrl Pts',(-23.3516949545793,-46.3690336704142,12.3098658858668));
#8451=CARTESIAN_POINT('Ctrl Pts',(-22.6445881733928,-45.6619268892277,12.3098658858668));
#8452=CARTESIAN_POINT('',(-22.909150516404,-46.8115781085895,12.536486917628));
#8453=CARTESIAN_POINT('Ctrl Pts',(-22.909150516404,-46.8115781085895,12.536486917628));
#8454=CARTESIAN_POINT('Ctrl Pts',(-22.996244241184,-46.7244843838096,12.5295789182728));
#8455=CARTESIAN_POINT('Ctrl Pts',(-23.160396238917,-46.5603323860765,12.5165588999264));
#8456=CARTESIAN_POINT('Ctrl Pts',(-23.2905816835517,-46.4301469414419,12.3758970985909));
#8457=CARTESIAN_POINT('Ctrl Pts',(-23.3516949545793,-46.3690336704142,12.3098658858668));
#8458=CARTESIAN_POINT('',(-22.2020437352175,-46.104471327403,12.536486917628));
#8459=CARTESIAN_POINT('',(-22.909150516404,-46.8115781085895,12.536486917628));
#8460=CARTESIAN_POINT('Ctrl Pts',(-22.2020437352175,-46.104471327403,12.536486917628));
#8461=CARTESIAN_POINT('Ctrl Pts',(-22.2891374599974,-46.0173776026231,12.5295789182728));
#8462=CARTESIAN_POINT('Ctrl Pts',(-22.4532894577305,-45.85322560489,12.5165588999264));
#8463=CARTESIAN_POINT('Ctrl Pts',(-22.5834749023652,-45.7230401602553,12.3758970985909));
#8464=CARTESIAN_POINT('Ctrl Pts',(-22.6445881733928,-45.6619268892277,12.3098658858668));
#8465=CARTESIAN_POINT('Ctrl Pts',(-22.4641940140885,-47.2565346109051,12.3064821301829));
#8466=CARTESIAN_POINT('Ctrl Pts',(-21.7570872329019,-46.5494278297186,12.3064821301829));
#8467=CARTESIAN_POINT('Ctrl Pts',(-22.5254464186081,-47.1952822063855,12.3734987220374));
#8468=CARTESIAN_POINT('Ctrl Pts',(-21.8183396374215,-46.4881754251989,12.3734987220374));
#8469=CARTESIAN_POINT('Ctrl Pts',(-22.6559873479836,-47.06474127701,12.5163242690975));
#8470=CARTESIAN_POINT('Ctrl Pts',(-21.9488805667971,-46.3576344958234,12.5163242690975));
#8471=CARTESIAN_POINT('Ctrl Pts',(-22.8213691502628,-46.8993594747308,12.5294957551928));
#8472=CARTESIAN_POINT('Ctrl Pts',(-22.1142623690762,-46.1922526935443,12.5294957551928));
#8473=CARTESIAN_POINT('Ctrl Pts',(-22.909150516404,-46.8115781085895,12.536486917628));
#8474=CARTESIAN_POINT('Ctrl Pts',(-22.2020437352175,-46.104471327403,12.536486917628));
#8475=CARTESIAN_POINT('',(-22.4641940140885,-47.2565346109051,12.3064821301829));
#8476=CARTESIAN_POINT('Ctrl Pts',(-22.4641940140885,-47.2565346109051,12.3064821301829));
#8477=CARTESIAN_POINT('Ctrl Pts',(-22.5254464186081,-47.1952822063855,12.3734987220374));
#8478=CARTESIAN_POINT('Ctrl Pts',(-22.6559873479836,-47.06474127701,12.5163242690975));
#8479=CARTESIAN_POINT('Ctrl Pts',(-22.8213691502628,-46.8993594747308,12.5294957551928));
#8480=CARTESIAN_POINT('Ctrl Pts',(-22.909150516404,-46.8115781085895,12.536486917628));
#8481=CARTESIAN_POINT('',(-21.7570872329019,-46.5494278297186,12.3064821301829));
#8482=CARTESIAN_POINT('',(-22.4641940140885,-47.2565346109051,12.3064821301829));
#8483=CARTESIAN_POINT('Ctrl Pts',(-21.7570872329019,-46.5494278297186,12.3064821301829));
#8484=CARTESIAN_POINT('Ctrl Pts',(-21.8183396374215,-46.4881754251989,12.3734987220374));
#8485=CARTESIAN_POINT('Ctrl Pts',(-21.9488805667971,-46.3576344958234,12.5163242690975));
#8486=CARTESIAN_POINT('Ctrl Pts',(-22.1142623690762,-46.1922526935443,12.5294957551928));
#8487=CARTESIAN_POINT('Ctrl Pts',(-22.2020437352175,-46.104471327403,12.536486917628));
#8488=CARTESIAN_POINT('Ctrl Pts',(-22.3038168261348,-47.4169117988588,11.6675197421443));
#8489=CARTESIAN_POINT('Ctrl Pts',(-21.5967100449483,-46.7098050176722,11.6675197421443));
#8490=CARTESIAN_POINT('Ctrl Pts',(-22.3085569543708,-47.4121716706228,11.7934395857785));
#8491=CARTESIAN_POINT('Ctrl Pts',(-21.6014501731842,-46.7050648894363,11.7934395857785));
#8492=CARTESIAN_POINT('Ctrl Pts',(-22.3174525291154,-47.4032760958782,12.0297474080834));
#8493=CARTESIAN_POINT('Ctrl Pts',(-21.6103457479288,-46.6961693146917,12.0297474080834));
#8494=CARTESIAN_POINT('Ctrl Pts',(-22.4174715101882,-47.3032571148054,12.2183697662183));
#8495=CARTESIAN_POINT('Ctrl Pts',(-21.7103647290016,-46.5961503336189,12.2183697662183));
#8496=CARTESIAN_POINT('Ctrl Pts',(-22.4641940140885,-47.2565346109051,12.3064821301829));
#8497=CARTESIAN_POINT('Ctrl Pts',(-21.7570872329019,-46.5494278297186,12.3064821301829));
#8498=CARTESIAN_POINT('',(-22.3038168261348,-47.4169117988588,11.6675197421443));
#8499=CARTESIAN_POINT('Ctrl Pts',(-22.3038168261348,-47.4169117988588,11.6675197421443));
#8500=CARTESIAN_POINT('Ctrl Pts',(-22.3085569543708,-47.4121716706228,11.7934395857785));
#8501=CARTESIAN_POINT('Ctrl Pts',(-22.3174525291154,-47.4032760958782,12.0297474080834));
#8502=CARTESIAN_POINT('Ctrl Pts',(-22.4174715101882,-47.3032571148054,12.2183697662183));
#8503=CARTESIAN_POINT('Ctrl Pts',(-22.4641940140885,-47.2565346109051,12.3064821301829));
#8504=CARTESIAN_POINT('',(-21.5967100449483,-46.7098050176722,11.6675197421443));
#8505=CARTESIAN_POINT('',(-22.3038168261348,-47.4169117988588,11.6675197421443));
#8506=CARTESIAN_POINT('Ctrl Pts',(-21.5967100449483,-46.7098050176722,11.6675197421443));
#8507=CARTESIAN_POINT('Ctrl Pts',(-21.6014501731842,-46.7050648894363,11.7934395857785));
#8508=CARTESIAN_POINT('Ctrl Pts',(-21.6103457479288,-46.6961693146917,12.0297474080834));
#8509=CARTESIAN_POINT('Ctrl Pts',(-21.7103647290016,-46.5961503336189,12.2183697662183));
#8510=CARTESIAN_POINT('Ctrl Pts',(-21.7570872329019,-46.5494278297186,12.3064821301829));
#8511=CARTESIAN_POINT('Origin',(-22.3038168261348,-47.4169117988588,8.61766033758036));
#8512=CARTESIAN_POINT('',(-22.3038168261348,-47.4169117988588,8.61766033758036));
#8513=CARTESIAN_POINT('',(-22.3038168261348,-47.4169117988588,4.30883016879015));
#8514=CARTESIAN_POINT('',(-21.5967100449483,-46.7098050176722,8.61766033758035));
#8515=CARTESIAN_POINT('',(-22.3038168261348,-47.4169117988588,8.61766033758036));
#8516=CARTESIAN_POINT('',(-21.5967100449483,-46.7098050176722,8.61766033758036));
#8517=CARTESIAN_POINT('Origin',(-21.2137341079969,-48.5069945169966,8.61766033758036));
#8518=CARTESIAN_POINT('',(-21.2137341079969,-48.5069945169966,8.61766033758036));
#8519=CARTESIAN_POINT('',(-37.7597674515619,-31.9609611734317,8.61766033758036));
#8520=CARTESIAN_POINT('',(-20.5066273268104,-47.7998877358101,8.61766033758035));
#8521=CARTESIAN_POINT('',(-21.2137341079969,-48.5069945169966,8.61766033758036));
#8522=CARTESIAN_POINT('',(-20.5066273268104,-47.7998877358101,8.61766033758036));
#8523=CARTESIAN_POINT('Origin',(-21.2137341079969,-48.5069945169966,11.5965890227687));
#8524=CARTESIAN_POINT('',(-21.2137341079969,-48.5069945169966,11.5965890227687));
#8525=CARTESIAN_POINT('',(-21.2137341079969,-48.5069945169966,5.79829451138429));
#8526=CARTESIAN_POINT('',(-20.5066273268104,-47.7998877358101,11.5965890227686));
#8527=CARTESIAN_POINT('',(-21.2137341079969,-48.5069945169966,11.5965890227687));
#8528=CARTESIAN_POINT('',(-20.5066273268104,-47.7998877358101,11.5965890227686));
#8529=CARTESIAN_POINT('Ctrl Pts',(-21.3150249968204,-48.4057036281731,12.441841894282));
#8530=CARTESIAN_POINT('Ctrl Pts',(-20.6079182156339,-47.6985968469866,12.441841894282));
#8531=CARTESIAN_POINT('Ctrl Pts',(-21.2855349814388,-48.4351936435547,12.2928412378679));
#8532=CARTESIAN_POINT('Ctrl Pts',(-20.5784282002523,-47.7280868623682,12.2928412378678));
#8533=CARTESIAN_POINT('Ctrl Pts',(-21.2307357140462,-48.4899929109474,12.0159635656501));
#8534=CARTESIAN_POINT('Ctrl Pts',(-20.5236289328596,-47.7828861297609,12.01596356565));
#8535=CARTESIAN_POINT('Ctrl Pts',(-21.2191055458327,-48.5016230791609,11.7290849928829));
#8536=CARTESIAN_POINT('Ctrl Pts',(-20.5119987646462,-47.7945162979743,11.7290849928829));
#8537=CARTESIAN_POINT('Ctrl Pts',(-21.2137341079969,-48.5069945169966,11.5965890227687));
#8538=CARTESIAN_POINT('Ctrl Pts',(-20.5066273268104,-47.7998877358101,11.5965890227686));
#8539=CARTESIAN_POINT('',(-21.3150249968204,-48.4057036281731,12.441841894282));
#8540=CARTESIAN_POINT('Ctrl Pts',(-21.3150249968204,-48.4057036281731,12.441841894282));
#8541=CARTESIAN_POINT('Ctrl Pts',(-21.2855349814388,-48.4351936435547,12.2928412378679));
#8542=CARTESIAN_POINT('Ctrl Pts',(-21.2307357140462,-48.4899929109474,12.0159635656501));
#8543=CARTESIAN_POINT('Ctrl Pts',(-21.2191055458327,-48.5016230791609,11.7290849928829));
#8544=CARTESIAN_POINT('Ctrl Pts',(-21.2137341079969,-48.5069945169966,11.5965890227687));
#8545=CARTESIAN_POINT('',(-20.6079182156339,-47.6985968469866,12.441841894282));
#8546=CARTESIAN_POINT('',(-21.3150249968204,-48.4057036281731,12.441841894282));
#8547=CARTESIAN_POINT('Ctrl Pts',(-20.6079182156339,-47.6985968469866,12.441841894282));
#8548=CARTESIAN_POINT('Ctrl Pts',(-20.5784282002523,-47.7280868623682,12.2928412378678));
#8549=CARTESIAN_POINT('Ctrl Pts',(-20.5236289328596,-47.7828861297609,12.01596356565));
#8550=CARTESIAN_POINT('Ctrl Pts',(-20.5119987646462,-47.7945162979743,11.7290849928829));
#8551=CARTESIAN_POINT('Ctrl Pts',(-20.5066273268104,-47.7998877358101,11.5965890227686));
#8552=CARTESIAN_POINT('Ctrl Pts',(-21.5477529400676,-48.172975684926,13.0178403197657));
#8553=CARTESIAN_POINT('Ctrl Pts',(-20.840646158881,-47.4658689037394,13.0178403197657));
#8554=CARTESIAN_POINT('Ctrl Pts',(-21.4960848316244,-48.2246437933692,12.9264055047278));
#8555=CARTESIAN_POINT('Ctrl Pts',(-20.7889780504379,-47.5175370121826,12.9264055047278));
#8556=CARTESIAN_POINT('Ctrl Pts',(-21.3972084352957,-48.3235201896979,12.7514282260478));
#8557=CARTESIAN_POINT('Ctrl Pts',(-20.6901016541092,-47.6164134085113,12.7514282260478));
#8558=CARTESIAN_POINT('Ctrl Pts',(-21.3415831500165,-48.3791454749771,12.5418868836252));
#8559=CARTESIAN_POINT('Ctrl Pts',(-20.63447636883,-47.6720386937905,12.5418868836252));
#8560=CARTESIAN_POINT('Ctrl Pts',(-21.3150249968204,-48.4057036281731,12.441841894282));
#8561=CARTESIAN_POINT('Ctrl Pts',(-20.6079182156339,-47.6985968469866,12.441841894282));
#8562=CARTESIAN_POINT('',(-21.5477529400676,-48.172975684926,13.0178403197657));
#8563=CARTESIAN_POINT('Ctrl Pts',(-21.5477529400676,-48.172975684926,13.0178403197657));
#8564=CARTESIAN_POINT('Ctrl Pts',(-21.4960848316244,-48.2246437933692,12.9264055047278));
#8565=CARTESIAN_POINT('Ctrl Pts',(-21.3972084352957,-48.3235201896979,12.7514282260478));
#8566=CARTESIAN_POINT('Ctrl Pts',(-21.3415831500165,-48.3791454749771,12.5418868836252));
#8567=CARTESIAN_POINT('Ctrl Pts',(-21.3150249968204,-48.4057036281731,12.441841894282));
#8568=CARTESIAN_POINT('',(-20.840646158881,-47.4658689037394,13.0178403197657));
#8569=CARTESIAN_POINT('',(-21.5477529400676,-48.172975684926,13.0178403197657));
#8570=CARTESIAN_POINT('Ctrl Pts',(-20.840646158881,-47.4658689037394,13.0178403197657));
#8571=CARTESIAN_POINT('Ctrl Pts',(-20.7889780504379,-47.5175370121826,12.9264055047278));
#8572=CARTESIAN_POINT('Ctrl Pts',(-20.6901016541092,-47.6164134085113,12.7514282260478));
#8573=CARTESIAN_POINT('Ctrl Pts',(-20.63447636883,-47.6720386937905,12.5418868836252));
#8574=CARTESIAN_POINT('Ctrl Pts',(-20.6079182156339,-47.6985968469866,12.441841894282));
#8575=CARTESIAN_POINT('Ctrl Pts',(-21.9227701190272,-47.7979585059663,13.4489934979807));
#8576=CARTESIAN_POINT('Ctrl Pts',(-21.2156633378407,-47.0908517247798,13.4489934979807));
#8577=CARTESIAN_POINT('Ctrl Pts',(-21.8550823087338,-47.8656463162598,13.3917603311062));
#8578=CARTESIAN_POINT('Ctrl Pts',(-21.1479755275473,-47.1585395350732,13.3917603311062));
#8579=CARTESIAN_POINT('Ctrl Pts',(-21.7154287383196,-48.0052998866739,13.2736767933837));
#8580=CARTESIAN_POINT('Ctrl Pts',(-21.0083219571331,-47.2981931054874,13.2736767933837));
#8581=CARTESIAN_POINT('Ctrl Pts',(-21.6047747454223,-48.1159538795713,13.1048430819614));
#8582=CARTESIAN_POINT('Ctrl Pts',(-20.8976679642358,-47.4088470983847,13.1048430819614));
#8583=CARTESIAN_POINT('Ctrl Pts',(-21.5477529400676,-48.172975684926,13.0178403197657));
#8584=CARTESIAN_POINT('Ctrl Pts',(-20.840646158881,-47.4658689037394,13.0178403197657));
#8585=CARTESIAN_POINT('',(-21.9227701190272,-47.7979585059663,13.4489934979807));
#8586=CARTESIAN_POINT('Ctrl Pts',(-21.9227701190272,-47.7979585059663,13.4489934979807));
#8587=CARTESIAN_POINT('Ctrl Pts',(-21.8550823087338,-47.8656463162598,13.3917603311062));
#8588=CARTESIAN_POINT('Ctrl Pts',(-21.7154287383196,-48.0052998866739,13.2736767933837));
#8589=CARTESIAN_POINT('Ctrl Pts',(-21.6047747454223,-48.1159538795713,13.1048430819614));
#8590=CARTESIAN_POINT('Ctrl Pts',(-21.5477529400676,-48.172975684926,13.0178403197657));
#8591=CARTESIAN_POINT('',(-21.2156633378407,-47.0908517247798,13.4489934979807));
#8592=CARTESIAN_POINT('',(-21.9227701190272,-47.7979585059663,13.4489934979807));
#8593=CARTESIAN_POINT('Ctrl Pts',(-21.2156633378407,-47.0908517247798,13.4489934979807));
#8594=CARTESIAN_POINT('Ctrl Pts',(-21.1479755275473,-47.1585395350732,13.3917603311062));
#8595=CARTESIAN_POINT('Ctrl Pts',(-21.0083219571331,-47.2981931054874,13.2736767933837));
#8596=CARTESIAN_POINT('Ctrl Pts',(-20.8976679642358,-47.4088470983847,13.1048430819614));
#8597=CARTESIAN_POINT('Ctrl Pts',(-20.840646158881,-47.4658689037394,13.0178403197657));
#8598=CARTESIAN_POINT('Ctrl Pts',(-22.4328422378867,-47.2878863871069,13.6517935334574));
#8599=CARTESIAN_POINT('Ctrl Pts',(-21.7257354567001,-46.5807796059203,13.6517935334574));
#8600=CARTESIAN_POINT('Ctrl Pts',(-22.3382160165004,-47.3825126084932,13.6326215673936));
#8601=CARTESIAN_POINT('Ctrl Pts',(-21.6311092353139,-46.6754058273066,13.6326215673936));
#8602=CARTESIAN_POINT('Ctrl Pts',(-22.1617036889097,-47.5590249360838,13.5968588759868));
#8603=CARTESIAN_POINT('Ctrl Pts',(-21.4545969077232,-46.8519181548973,13.5968588759868));
#8604=CARTESIAN_POINT('Ctrl Pts',(-21.9984878367852,-47.7222407882084,13.4958518317157));
#8605=CARTESIAN_POINT('Ctrl Pts',(-21.2913810555986,-47.0151340070218,13.4958518317157));
#8606=CARTESIAN_POINT('Ctrl Pts',(-21.9227701190272,-47.7979585059663,13.4489934979807));
#8607=CARTESIAN_POINT('Ctrl Pts',(-21.2156633378407,-47.0908517247798,13.4489934979807));
#8608=CARTESIAN_POINT('',(-22.4328422378867,-47.2878863871069,13.6517935334574));
#8609=CARTESIAN_POINT('Ctrl Pts',(-22.4328422378867,-47.2878863871069,13.6517935334574));
#8610=CARTESIAN_POINT('Ctrl Pts',(-22.3382160165004,-47.3825126084932,13.6326215673936));
#8611=CARTESIAN_POINT('Ctrl Pts',(-22.1617036889097,-47.5590249360838,13.5968588759868));
#8612=CARTESIAN_POINT('Ctrl Pts',(-21.9984878367852,-47.7222407882084,13.4958518317157));
#8613=CARTESIAN_POINT('Ctrl Pts',(-21.9227701190272,-47.7979585059663,13.4489934979807));
#8614=CARTESIAN_POINT('',(-21.7257354567001,-46.5807796059203,13.6517935334574));
#8615=CARTESIAN_POINT('',(-22.4328422378867,-47.2878863871069,13.6517935334574));
#8616=CARTESIAN_POINT('Ctrl Pts',(-21.7257354567001,-46.5807796059203,13.6517935334574));
#8617=CARTESIAN_POINT('Ctrl Pts',(-21.6311092353139,-46.6754058273066,13.6326215673936));
#8618=CARTESIAN_POINT('Ctrl Pts',(-21.4545969077232,-46.8519181548973,13.5968588759868));
#8619=CARTESIAN_POINT('Ctrl Pts',(-21.2913810555986,-47.0151340070218,13.4958518317157));
#8620=CARTESIAN_POINT('Ctrl Pts',(-21.2156633378407,-47.0908517247798,13.4489934979807));
#8621=CARTESIAN_POINT('Ctrl Pts',(-22.9959713384626,-46.724757286531,13.7029265700709));
#8622=CARTESIAN_POINT('Ctrl Pts',(-22.288864557276,-46.0176505053445,13.7029265700709));
#8623=CARTESIAN_POINT('Ctrl Pts',(-22.9059561470441,-46.8147724779495,13.7004476782048));
#8624=CARTESIAN_POINT('Ctrl Pts',(-22.1988493658576,-46.1076656967629,13.7004476782048));
#8625=CARTESIAN_POINT('Ctrl Pts',(-22.7177187459852,-47.0030098790084,13.6952638847248));
#8626=CARTESIAN_POINT('Ctrl Pts',(-22.0106119647986,-46.2959030978218,13.6952638847248));
#8627=CARTESIAN_POINT('Ctrl Pts',(-22.5305216281218,-47.1902069968718,13.666698789891));
#8628=CARTESIAN_POINT('Ctrl Pts',(-21.8234148469352,-46.4831002156853,13.666698789891));
#8629=CARTESIAN_POINT('Ctrl Pts',(-22.4328422378867,-47.2878863871069,13.6517935334574));
#8630=CARTESIAN_POINT('Ctrl Pts',(-21.7257354567001,-46.5807796059203,13.6517935334574));
#8631=CARTESIAN_POINT('',(-22.9959713384626,-46.724757286531,13.7029265700709));
#8632=CARTESIAN_POINT('Ctrl Pts',(-22.9959713384626,-46.724757286531,13.7029265700709));
#8633=CARTESIAN_POINT('Ctrl Pts',(-22.9059561470441,-46.8147724779495,13.7004476782048));
#8634=CARTESIAN_POINT('Ctrl Pts',(-22.7177187459852,-47.0030098790084,13.6952638847248));
#8635=CARTESIAN_POINT('Ctrl Pts',(-22.5305216281218,-47.1902069968718,13.666698789891));
#8636=CARTESIAN_POINT('Ctrl Pts',(-22.4328422378867,-47.2878863871069,13.6517935334574));
#8637=CARTESIAN_POINT('',(-22.288864557276,-46.0176505053445,13.7029265700709));
#8638=CARTESIAN_POINT('',(-22.9959713384626,-46.724757286531,13.7029265700709));
#8639=CARTESIAN_POINT('Ctrl Pts',(-22.288864557276,-46.0176505053445,13.7029265700709));
#8640=CARTESIAN_POINT('Ctrl Pts',(-22.1988493658576,-46.1076656967629,13.7004476782048));
#8641=CARTESIAN_POINT('Ctrl Pts',(-22.0106119647986,-46.2959030978218,13.6952638847248));
#8642=CARTESIAN_POINT('Ctrl Pts',(-21.8234148469352,-46.4831002156853,13.666698789891));
#8643=CARTESIAN_POINT('Ctrl Pts',(-21.7257354567001,-46.5807796059203,13.6517935334574));
#8644=CARTESIAN_POINT('Ctrl Pts',(-23.7604763953495,-45.960252229644,13.535911375178));
#8645=CARTESIAN_POINT('Ctrl Pts',(-23.053369614163,-45.2531454484575,13.535911375178));
#8646=CARTESIAN_POINT('Ctrl Pts',(-23.6444945088694,-46.0762341161241,13.5845614345586));
#8647=CARTESIAN_POINT('Ctrl Pts',(-22.9373877276829,-45.3691273349376,13.5845614345586));
#8648=CARTESIAN_POINT('Ctrl Pts',(-23.3952175811782,-46.3255110438153,13.6891237735793));
#8649=CARTESIAN_POINT('Ctrl Pts',(-22.6881107999917,-45.6184042626288,13.6891237735793));
#8650=CARTESIAN_POINT('Ctrl Pts',(-23.1350760003353,-46.5856526246582,13.6981174244023));
#8651=CARTESIAN_POINT('Ctrl Pts',(-22.4279692191488,-45.8785458434717,13.6981174244023));
#8652=CARTESIAN_POINT('Ctrl Pts',(-22.9959713384626,-46.724757286531,13.7029265700709));
#8653=CARTESIAN_POINT('Ctrl Pts',(-22.288864557276,-46.0176505053445,13.7029265700709));
#8654=CARTESIAN_POINT('',(-23.7604763953495,-45.960252229644,13.535911375178));
#8655=CARTESIAN_POINT('Ctrl Pts',(-23.7604763953495,-45.960252229644,13.535911375178));
#8656=CARTESIAN_POINT('Ctrl Pts',(-23.6444945088694,-46.0762341161241,13.5845614345586));
#8657=CARTESIAN_POINT('Ctrl Pts',(-23.3952175811782,-46.3255110438153,13.6891237735793));
#8658=CARTESIAN_POINT('Ctrl Pts',(-23.1350760003353,-46.5856526246582,13.6981174244023));
#8659=CARTESIAN_POINT('Ctrl Pts',(-22.9959713384626,-46.724757286531,13.7029265700709));
#8660=CARTESIAN_POINT('',(-23.053369614163,-45.2531454484575,13.535911375178));
#8661=CARTESIAN_POINT('',(-23.7604763953495,-45.960252229644,13.535911375178));
#8662=CARTESIAN_POINT('Ctrl Pts',(-23.053369614163,-45.2531454484575,13.535911375178));
#8663=CARTESIAN_POINT('Ctrl Pts',(-22.9373877276829,-45.3691273349376,13.5845614345586));
#8664=CARTESIAN_POINT('Ctrl Pts',(-22.6881107999917,-45.6184042626288,13.6891237735793));
#8665=CARTESIAN_POINT('Ctrl Pts',(-22.4279692191488,-45.8785458434717,13.6981174244023));
#8666=CARTESIAN_POINT('Ctrl Pts',(-22.288864557276,-46.0176505053445,13.7029265700709));
#8667=CARTESIAN_POINT('Ctrl Pts',(-24.1981975481813,-45.5225310768123,13.1218116818797));
#8668=CARTESIAN_POINT('Ctrl Pts',(-23.4910907669947,-44.8154242956258,13.1218116818797));
#8669=CARTESIAN_POINT('Ctrl Pts',(-24.1298557879442,-45.5908728370494,13.2116684378659));
#8670=CARTESIAN_POINT('Ctrl Pts',(-23.4227490067576,-44.8837660558628,13.2116684378659));
#8671=CARTESIAN_POINT('Ctrl Pts',(-23.9995296265378,-45.7211989984558,13.3830232002175));
#8672=CARTESIAN_POINT('Ctrl Pts',(-23.2924228453512,-45.0140922172693,13.3830232002175));
#8673=CARTESIAN_POINT('Ctrl Pts',(-23.8375266165352,-45.8832020084584,13.4866333644236));
#8674=CARTESIAN_POINT('Ctrl Pts',(-23.1304198353487,-45.1760952272718,13.4866333644236));
#8675=CARTESIAN_POINT('Ctrl Pts',(-23.7604763953495,-45.960252229644,13.535911375178));
#8676=CARTESIAN_POINT('Ctrl Pts',(-23.053369614163,-45.2531454484575,13.535911375178));
#8677=CARTESIAN_POINT('',(-24.1981975481813,-45.5225310768123,13.1218116818797));
#8678=CARTESIAN_POINT('Ctrl Pts',(-24.1981975481813,-45.5225310768123,13.1218116818797));
#8679=CARTESIAN_POINT('Ctrl Pts',(-24.1298557879442,-45.5908728370494,13.2116684378659));
#8680=CARTESIAN_POINT('Ctrl Pts',(-23.9995296265378,-45.7211989984558,13.3830232002175));
#8681=CARTESIAN_POINT('Ctrl Pts',(-23.8375266165352,-45.8832020084584,13.4866333644236));
#8682=CARTESIAN_POINT('Ctrl Pts',(-23.7604763953495,-45.960252229644,13.535911375178));
#8683=CARTESIAN_POINT('',(-23.4910907669947,-44.8154242956258,13.1218116818797));
#8684=CARTESIAN_POINT('',(-24.1981975481813,-45.5225310768123,13.1218116818797));
#8685=CARTESIAN_POINT('Ctrl Pts',(-23.4910907669947,-44.8154242956258,13.1218116818797));
#8686=CARTESIAN_POINT('Ctrl Pts',(-23.4227490067576,-44.8837660558628,13.2116684378659));
#8687=CARTESIAN_POINT('Ctrl Pts',(-23.2924228453512,-45.0140922172693,13.3830232002175));
#8688=CARTESIAN_POINT('Ctrl Pts',(-23.1304198353487,-45.1760952272718,13.4866333644236));
#8689=CARTESIAN_POINT('Ctrl Pts',(-23.053369614163,-45.2531454484575,13.535911375178));
#8690=CARTESIAN_POINT('Ctrl Pts',(-24.5044816465893,-45.2162469784043,12.4333154498469));
#8691=CARTESIAN_POINT('Ctrl Pts',(-23.7973748654028,-44.5091401972177,12.4333154498469));
#8692=CARTESIAN_POINT('Ctrl Pts',(-24.4673038216931,-45.2534248033005,12.5604154305923));
#8693=CARTESIAN_POINT('Ctrl Pts',(-23.7601970405066,-44.5463180221139,12.5604154305923));
#8694=CARTESIAN_POINT('Ctrl Pts',(-24.3929530114722,-45.3277756135214,12.8145988470205));
#8695=CARTESIAN_POINT('Ctrl Pts',(-23.6858462302856,-44.6206688323349,12.8145988470205));
#8696=CARTESIAN_POINT('Ctrl Pts',(-24.2631132188092,-45.4576154061844,13.0194118474236));
#8697=CARTESIAN_POINT('Ctrl Pts',(-23.5560064376227,-44.7505086249978,13.0194118474236));
#8698=CARTESIAN_POINT('Ctrl Pts',(-24.1981975481813,-45.5225310768123,13.1218116818797));
#8699=CARTESIAN_POINT('Ctrl Pts',(-23.4910907669947,-44.8154242956258,13.1218116818797));
#8700=CARTESIAN_POINT('',(-24.5044816465893,-45.2162469784043,12.4333154498469));
#8701=CARTESIAN_POINT('Ctrl Pts',(-24.5044816465893,-45.2162469784043,12.4333154498469));
#8702=CARTESIAN_POINT('Ctrl Pts',(-24.4673038216931,-45.2534248033005,12.5604154305923));
#8703=CARTESIAN_POINT('Ctrl Pts',(-24.3929530114722,-45.3277756135214,12.8145988470205));
#8704=CARTESIAN_POINT('Ctrl Pts',(-24.2631132188092,-45.4576154061844,13.0194118474236));
#8705=CARTESIAN_POINT('Ctrl Pts',(-24.1981975481813,-45.5225310768123,13.1218116818797));
#8706=CARTESIAN_POINT('',(-23.7973748654028,-44.5091401972177,12.4333154498469));
#8707=CARTESIAN_POINT('',(-24.5044816465893,-45.2162469784043,12.4333154498469));
#8708=CARTESIAN_POINT('Ctrl Pts',(-23.7973748654028,-44.5091401972177,12.4333154498469));
#8709=CARTESIAN_POINT('Ctrl Pts',(-23.7601970405066,-44.5463180221139,12.5604154305923));
#8710=CARTESIAN_POINT('Ctrl Pts',(-23.6858462302856,-44.6206688323349,12.8145988470205));
#8711=CARTESIAN_POINT('Ctrl Pts',(-23.5560064376227,-44.7505086249978,13.0194118474236));
#8712=CARTESIAN_POINT('Ctrl Pts',(-23.4910907669947,-44.8154242956258,13.1218116818797));
#8713=CARTESIAN_POINT('Ctrl Pts',(-24.6021552821394,-45.1185733428542,11.5965890227687));
#8714=CARTESIAN_POINT('Ctrl Pts',(-23.8950485009528,-44.4114665616677,11.5965890227686));
#8715=CARTESIAN_POINT('Ctrl Pts',(-24.598341555404,-45.1223870695896,11.7411782373372));
#8716=CARTESIAN_POINT('Ctrl Pts',(-23.8912347742175,-44.415280288403,11.7411782373372));
#8717=CARTESIAN_POINT('Ctrl Pts',(-24.5908294899963,-45.1298991349972,12.0259819772096));
#8718=CARTESIAN_POINT('Ctrl Pts',(-23.8837227088098,-44.4227923538107,12.0259819772096));
#8719=CARTESIAN_POINT('Ctrl Pts',(-24.5329680032152,-45.1877606217784,12.2989351791954));
#8720=CARTESIAN_POINT('Ctrl Pts',(-23.8258612220287,-44.4806538405918,12.2989351791954));
#8721=CARTESIAN_POINT('Ctrl Pts',(-24.5044816465893,-45.2162469784043,12.4333154498469));
#8722=CARTESIAN_POINT('Ctrl Pts',(-23.7973748654028,-44.5091401972177,12.4333154498469));
#8723=CARTESIAN_POINT('',(-24.6021552821394,-45.1185733428542,11.5965890227687));
#8724=CARTESIAN_POINT('Ctrl Pts',(-24.6021552821394,-45.1185733428542,11.5965890227687));
#8725=CARTESIAN_POINT('Ctrl Pts',(-24.598341555404,-45.1223870695896,11.7411782373372));
#8726=CARTESIAN_POINT('Ctrl Pts',(-24.5908294899963,-45.1298991349972,12.0259819772096));
#8727=CARTESIAN_POINT('Ctrl Pts',(-24.5329680032152,-45.1877606217784,12.2989351791954));
#8728=CARTESIAN_POINT('Ctrl Pts',(-24.5044816465893,-45.2162469784043,12.4333154498469));
#8729=CARTESIAN_POINT('',(-23.8950485009528,-44.4114665616677,11.5965890227686));
#8730=CARTESIAN_POINT('',(-24.6021552821394,-45.1185733428542,11.5965890227687));
#8731=CARTESIAN_POINT('Ctrl Pts',(-23.8950485009528,-44.4114665616677,11.5965890227686));
#8732=CARTESIAN_POINT('Ctrl Pts',(-23.8912347742175,-44.415280288403,11.7411782373372));
#8733=CARTESIAN_POINT('Ctrl Pts',(-23.8837227088098,-44.4227923538107,12.0259819772096));
#8734=CARTESIAN_POINT('Ctrl Pts',(-23.8258612220287,-44.4806538405918,12.2989351791954));
#8735=CARTESIAN_POINT('Ctrl Pts',(-23.7973748654028,-44.5091401972177,12.4333154498469));
#8736=CARTESIAN_POINT('Origin',(-24.6021552821394,-45.1185733428542,8.61766033758036));
#8737=CARTESIAN_POINT('',(-24.6021552821394,-45.1185733428542,8.61766033758036));
#8738=CARTESIAN_POINT('',(-24.6021552821394,-45.1185733428542,4.30883016879015));
#8739=CARTESIAN_POINT('',(-23.8950485009528,-44.4114665616677,8.61766033758035));
#8740=CARTESIAN_POINT('',(-24.6021552821394,-45.1185733428542,8.61766033758036));
#8741=CARTESIAN_POINT('',(-23.8950485009528,-44.4114665616677,8.61766033758036));
#8742=CARTESIAN_POINT('Origin',(-23.512072142533,-46.2086564824606,8.61766033758036));
#8743=CARTESIAN_POINT('',(-23.512072142533,-46.2086564824606,8.61766033758036));
#8744=CARTESIAN_POINT('',(-38.9089364688299,-30.8117921561637,8.61766033758036));
#8745=CARTESIAN_POINT('',(-22.8049653613465,-45.501549701274,8.61766033758035));
#8746=CARTESIAN_POINT('',(-23.512072142533,-46.2086564824606,8.61766033758036));
#8747=CARTESIAN_POINT('',(-22.8049653613465,-45.501549701274,8.61766033758036));
#8748=CARTESIAN_POINT('Origin',(-23.512072142533,-46.2086564824606,11.6675197421443));
#8749=CARTESIAN_POINT('',(-23.512072142533,-46.2086564824606,5.8337598710721));
#8750=CARTESIAN_POINT('',(-22.8049653613465,-45.501549701274,11.6675197421443));
#8751=CARTESIAN_POINT('Origin',(-24.0602487635158,-44.2462662991047,11.1602934538256));
#8752=CARTESIAN_POINT('Origin',(-26.7292641581672,-42.9914644668264,9.63403128970972));
#8753=CARTESIAN_POINT('',(-26.7292641581672,-42.9914644668264,9.63403128970972));
#8754=CARTESIAN_POINT('',(-26.4181563529471,-43.3025722720465,9.63403128970972));
#8755=CARTESIAN_POINT('',(-40.517532476647,-29.2031961483466,9.63403128970972));
#8756=CARTESIAN_POINT('',(-26.0221573769807,-42.2843576856398,9.63403128970972));
#8757=CARTESIAN_POINT('',(-26.7292641581672,-42.9914644668264,9.63403128970972));
#8758=CARTESIAN_POINT('',(-25.7110495717605,-42.59546549086,9.63403128970972));
#8759=CARTESIAN_POINT('',(-26.0221573769807,-42.2843576856398,9.63403128970972));
#8760=CARTESIAN_POINT('',(-26.4181563529471,-43.3025722720465,9.63403128970972));
#8761=CARTESIAN_POINT('Ctrl Pts',(-27.1464859268202,-42.5742426981734,9.79774230111948));
#8762=CARTESIAN_POINT('Ctrl Pts',(-26.4393791456336,-41.8671359169869,9.79774230111948));
#8763=CARTESIAN_POINT('Ctrl Pts',(-27.0946665185888,-42.6260621064048,9.750349477525));
#8764=CARTESIAN_POINT('Ctrl Pts',(-26.3875597374022,-41.9189553252183,9.750349477525));
#8765=CARTESIAN_POINT('Ctrl Pts',(-26.9690190247745,-42.7517096002191,9.63543520673992));
#8766=CARTESIAN_POINT('Ctrl Pts',(-26.2619122435879,-42.0446028190326,9.63543520673991));
#8767=CARTESIAN_POINT('Ctrl Pts',(-26.8180000468624,-42.9027285781312,9.63455089470082));
#8768=CARTESIAN_POINT('Ctrl Pts',(-26.1108932656758,-42.1956217969447,9.63455089470082));
#8769=CARTESIAN_POINT('Ctrl Pts',(-26.7292641581672,-42.9914644668264,9.63403128970972));
#8770=CARTESIAN_POINT('Ctrl Pts',(-26.0221573769807,-42.2843576856398,9.63403128970972));
#8771=CARTESIAN_POINT('',(-27.1464859268202,-42.5742426981734,9.79774230111948));
#8772=CARTESIAN_POINT('Ctrl Pts',(-27.1464859268202,-42.5742426981734,9.79774230111948));
#8773=CARTESIAN_POINT('Ctrl Pts',(-27.0946665185888,-42.6260621064048,9.750349477525));
#8774=CARTESIAN_POINT('Ctrl Pts',(-26.9690190247745,-42.7517096002191,9.63543520673992));
#8775=CARTESIAN_POINT('Ctrl Pts',(-26.8180000468624,-42.9027285781312,9.63455089470082));
#8776=CARTESIAN_POINT('Ctrl Pts',(-26.7292641581672,-42.9914644668264,9.63403128970972));
#8777=CARTESIAN_POINT('',(-26.4393791456336,-41.8671359169869,9.79774230111948));
#8778=CARTESIAN_POINT('',(-27.1464859268202,-42.5742426981734,9.79774230111948));
#8779=CARTESIAN_POINT('Ctrl Pts',(-26.4393791456336,-41.8671359169869,9.79774230111948));
#8780=CARTESIAN_POINT('Ctrl Pts',(-26.3875597374022,-41.9189553252183,9.750349477525));
#8781=CARTESIAN_POINT('Ctrl Pts',(-26.2619122435879,-42.0446028190326,9.63543520673991));
#8782=CARTESIAN_POINT('Ctrl Pts',(-26.1108932656758,-42.1956217969447,9.63455089470082));
#8783=CARTESIAN_POINT('Ctrl Pts',(-26.0221573769807,-42.2843576856398,9.63403128970972));
#8784=CARTESIAN_POINT('Ctrl Pts',(-27.2574231755966,-42.463305449397,10.1967870532405));
#8785=CARTESIAN_POINT('Ctrl Pts',(-26.5503163944101,-41.7561986682104,10.1967870532405));
#8786=CARTESIAN_POINT('Ctrl Pts',(-27.252995535634,-42.4677330893596,10.1216161966746));
#8787=CARTESIAN_POINT('Ctrl Pts',(-26.5458887544474,-41.7606263081731,10.1216161966746));
#8788=CARTESIAN_POINT('Ctrl Pts',(-27.2442311402574,-42.4764974847362,9.97281748826574));
#8789=CARTESIAN_POINT('Ctrl Pts',(-26.5371243590709,-41.7693907035496,9.97281748826574));
#8790=CARTESIAN_POINT('Ctrl Pts',(-27.1788416404776,-42.541886984516,9.85569585633337));
#8791=CARTESIAN_POINT('Ctrl Pts',(-26.4717348592911,-41.8347802033294,9.85569585633337));
#8792=CARTESIAN_POINT('Ctrl Pts',(-27.1464859268202,-42.5742426981734,9.79774230111948));
#8793=CARTESIAN_POINT('Ctrl Pts',(-26.4393791456336,-41.8671359169869,9.79774230111948));
#8794=CARTESIAN_POINT('',(-27.2574231755966,-42.463305449397,10.1967870532405));
#8795=CARTESIAN_POINT('Ctrl Pts',(-27.2574231755966,-42.463305449397,10.1967870532405));
#8796=CARTESIAN_POINT('Ctrl Pts',(-27.252995535634,-42.4677330893596,10.1216161966746));
#8797=CARTESIAN_POINT('Ctrl Pts',(-27.2442311402574,-42.4764974847362,9.97281748826574));
#8798=CARTESIAN_POINT('Ctrl Pts',(-27.1788416404776,-42.541886984516,9.85569585633337));
#8799=CARTESIAN_POINT('Ctrl Pts',(-27.1464859268202,-42.5742426981734,9.79774230111948));
#8800=CARTESIAN_POINT('',(-26.5503163944101,-41.7561986682104,10.1967870532405));
#8801=CARTESIAN_POINT('',(-27.2574231755966,-42.463305449397,10.1967870532405));
#8802=CARTESIAN_POINT('Ctrl Pts',(-26.5503163944101,-41.7561986682104,10.1967870532405));
#8803=CARTESIAN_POINT('Ctrl Pts',(-26.5458887544474,-41.7606263081731,10.1216161966746));
#8804=CARTESIAN_POINT('Ctrl Pts',(-26.5371243590709,-41.7693907035496,9.97281748826574));
#8805=CARTESIAN_POINT('Ctrl Pts',(-26.4717348592911,-41.8347802033294,9.85569585633337));
#8806=CARTESIAN_POINT('Ctrl Pts',(-26.4393791456336,-41.8671359169869,9.79774230111948));
#8807=CARTESIAN_POINT('Ctrl Pts',(-27.1296035851807,-42.5911250398129,10.5941268144976));
#8808=CARTESIAN_POINT('Ctrl Pts',(-26.4224968039941,-41.8840182586264,10.5941268144976));
#8809=CARTESIAN_POINT('Ctrl Pts',(-27.166884065953,-42.5538445590406,10.5385872510545));
#8810=CARTESIAN_POINT('Ctrl Pts',(-26.4597772847664,-41.846737777854,10.5385872510545));
#8811=CARTESIAN_POINT('Ctrl Pts',(-27.2417962890428,-42.4789323359508,10.4269848231683));
#8812=CARTESIAN_POINT('Ctrl Pts',(-26.5346895078563,-41.7718255547642,10.4269848231683));
#8813=CARTESIAN_POINT('Ctrl Pts',(-27.2521979556935,-42.4685306693,10.2737591336948));
#8814=CARTESIAN_POINT('Ctrl Pts',(-26.545091174507,-41.7614238881135,10.2737591336948));
#8815=CARTESIAN_POINT('Ctrl Pts',(-27.2574231755966,-42.463305449397,10.1967870532405));
#8816=CARTESIAN_POINT('Ctrl Pts',(-26.5503163944101,-41.7561986682104,10.1967870532405));
#8817=CARTESIAN_POINT('',(-27.1296035851807,-42.5911250398129,10.5941268144976));
#8818=CARTESIAN_POINT('Ctrl Pts',(-27.1296035851807,-42.5911250398129,10.5941268144976));
#8819=CARTESIAN_POINT('Ctrl Pts',(-27.166884065953,-42.5538445590406,10.5385872510545));
#8820=CARTESIAN_POINT('Ctrl Pts',(-27.2417962890428,-42.4789323359508,10.4269848231683));
#8821=CARTESIAN_POINT('Ctrl Pts',(-27.2521979556935,-42.4685306693,10.2737591336948));
#8822=CARTESIAN_POINT('Ctrl Pts',(-27.2574231755966,-42.463305449397,10.1967870532405));
#8823=CARTESIAN_POINT('',(-26.4224968039941,-41.8840182586264,10.5941268144976));
#8824=CARTESIAN_POINT('',(-27.1296035851807,-42.5911250398129,10.5941268144976));
#8825=CARTESIAN_POINT('Ctrl Pts',(-26.4224968039941,-41.8840182586264,10.5941268144976));
#8826=CARTESIAN_POINT('Ctrl Pts',(-26.4597772847664,-41.846737777854,10.5385872510545));
#8827=CARTESIAN_POINT('Ctrl Pts',(-26.5346895078563,-41.7718255547642,10.4269848231683));
#8828=CARTESIAN_POINT('Ctrl Pts',(-26.545091174507,-41.7614238881135,10.2737591336948));
#8829=CARTESIAN_POINT('Ctrl Pts',(-26.5503163944101,-41.7561986682104,10.1967870532405));
#8830=CARTESIAN_POINT('Ctrl Pts',(-26.685852904201,-43.0348757207926,10.7493107854258));
#8831=CARTESIAN_POINT('Ctrl Pts',(-25.9787461230144,-42.3277689396061,10.7493107854258));
#8832=CARTESIAN_POINT('Ctrl Pts',(-26.7778530628923,-42.9428755621012,10.7484295563224));
#8833=CARTESIAN_POINT('Ctrl Pts',(-26.0707462817058,-42.2357687809147,10.7484295563224));
#8834=CARTESIAN_POINT('Ctrl Pts',(-26.9356276782097,-42.7851009467839,10.7469183025945));
#8835=CARTESIAN_POINT('Ctrl Pts',(-26.2285208970232,-42.0779941655973,10.7469183025945));
#8836=CARTESIAN_POINT('Ctrl Pts',(-27.0725303897134,-42.6481982352802,10.6390823896619));
#8837=CARTESIAN_POINT('Ctrl Pts',(-26.3654236085269,-41.9410914540936,10.6390823896619));
#8838=CARTESIAN_POINT('Ctrl Pts',(-27.1296035851807,-42.5911250398129,10.5941268144976));
#8839=CARTESIAN_POINT('Ctrl Pts',(-26.4224968039941,-41.8840182586264,10.5941268144976));
#8840=CARTESIAN_POINT('',(-26.685852904201,-43.0348757207926,10.7493107854258));
#8841=CARTESIAN_POINT('Ctrl Pts',(-26.685852904201,-43.0348757207926,10.7493107854258));
#8842=CARTESIAN_POINT('Ctrl Pts',(-26.7778530628923,-42.9428755621012,10.7484295563224));
#8843=CARTESIAN_POINT('Ctrl Pts',(-26.9356276782097,-42.7851009467839,10.7469183025945));
#8844=CARTESIAN_POINT('Ctrl Pts',(-27.0725303897134,-42.6481982352802,10.6390823896619));
#8845=CARTESIAN_POINT('Ctrl Pts',(-27.1296035851807,-42.5911250398129,10.5941268144976));
#8846=CARTESIAN_POINT('',(-25.9787461230144,-42.3277689396061,10.7493107854258));
#8847=CARTESIAN_POINT('',(-26.685852904201,-43.0348757207926,10.7493107854258));
#8848=CARTESIAN_POINT('Ctrl Pts',(-25.9787461230144,-42.3277689396061,10.7493107854258));
#8849=CARTESIAN_POINT('Ctrl Pts',(-26.0707462817058,-42.2357687809147,10.7484295563224));
#8850=CARTESIAN_POINT('Ctrl Pts',(-26.2285208970232,-42.0779941655973,10.7469183025945));
#8851=CARTESIAN_POINT('Ctrl Pts',(-26.3654236085269,-41.9410914540936,10.6390823896619));
#8852=CARTESIAN_POINT('Ctrl Pts',(-26.4224968039941,-41.8840182586264,10.5941268144976));
#8853=CARTESIAN_POINT('Origin',(-26.4181563529471,-43.3025722720465,10.7493107854258));
#8854=CARTESIAN_POINT('',(-26.4181563529471,-43.3025722720465,10.7493107854258));
#8855=CARTESIAN_POINT('',(-40.361978574037,-29.3587500509566,10.7493107854258));
#8856=CARTESIAN_POINT('',(-25.7110495717605,-42.59546549086,10.7493107854258));
#8857=CARTESIAN_POINT('',(-26.4181563529471,-43.3025722720465,10.7493107854258));
#8858=CARTESIAN_POINT('',(-25.7110495717605,-42.59546549086,10.7493107854258));
#8859=CARTESIAN_POINT('Origin',(-26.4181563529471,-43.3025722720465,9.63403128970972));
#8860=CARTESIAN_POINT('',(-26.4181563529471,-43.3025722720465,4.81701564485482));
#8861=CARTESIAN_POINT('',(-25.7110495717605,-42.59546549086,9.63403128970972));
#8862=CARTESIAN_POINT('Origin',(-26.4181563529471,-43.3025722720465,13.6176603375804));
#8863=CARTESIAN_POINT('',(-26.4181563529471,-43.3025722720465,13.6176603375804));
#8864=CARTESIAN_POINT('',(-25.3208382853253,-44.3998903396683,13.6176603375804));
#8865=CARTESIAN_POINT('',(-40.361978574037,-29.3587500509566,13.6176603375804));
#8866=CARTESIAN_POINT('',(-25.7110495717605,-42.59546549086,13.6176603375804));
#8867=CARTESIAN_POINT('',(-26.4181563529471,-43.3025722720465,13.6176603375804));
#8868=CARTESIAN_POINT('',(-24.6137315041388,-43.6927835584817,13.6176603375804));
#8869=CARTESIAN_POINT('',(-25.7110495717605,-42.59546549086,13.6176603375804));
#8870=CARTESIAN_POINT('',(-25.3208382853253,-44.3998903396683,13.6176603375804));
#8871=CARTESIAN_POINT('Origin',(-26.4181563529471,-43.3025722720465,11.7622714578044));
#8872=CARTESIAN_POINT('',(-26.4181563529471,-43.3025722720465,11.7622714578044));
#8873=CARTESIAN_POINT('',(-26.4181563529471,-43.3025722720465,5.88113572890216));
#8874=CARTESIAN_POINT('',(-25.7110495717605,-42.59546549086,11.7622714578044));
#8875=CARTESIAN_POINT('',(-26.4181563529471,-43.3025722720465,11.7622714578044));
#8876=CARTESIAN_POINT('',(-25.7110495717605,-42.59546549086,11.7622714578044));
#8877=CARTESIAN_POINT('Origin',(-27.0162546937324,-42.7044739312612,11.7622714578044));
#8878=CARTESIAN_POINT('',(-27.0162546937324,-42.7044739312612,11.7622714578044));
#8879=CARTESIAN_POINT('',(-40.6610277444296,-29.059700880564,11.7622714578044));
#8880=CARTESIAN_POINT('',(-26.3091479125459,-41.9973671500746,11.7622714578044));
#8881=CARTESIAN_POINT('',(-27.0162546937324,-42.7044739312612,11.7622714578044));
#8882=CARTESIAN_POINT('',(-26.3091479125459,-41.9973671500746,11.7622714578044));
#8883=CARTESIAN_POINT('Ctrl Pts',(-27.9990172056331,-41.7217114193605,11.3359414874446));
#8884=CARTESIAN_POINT('Ctrl Pts',(-27.2919104244465,-41.014604638174,11.3359414874446));
#8885=CARTESIAN_POINT('Ctrl Pts',(-27.8675140970724,-41.8532145279212,11.4598964534283));
#8886=CARTESIAN_POINT('Ctrl Pts',(-27.1604073158858,-41.1461077467347,11.4598964534283));
#8887=CARTESIAN_POINT('Ctrl Pts',(-27.571807122662,-42.1489215023316,11.7386301529991));
#8888=CARTESIAN_POINT('Ctrl Pts',(-26.8647003414755,-41.441814721145,11.7386301529991));
#8889=CARTESIAN_POINT('Ctrl Pts',(-27.2146058708015,-42.5061227541921,11.7538307051564));
#8890=CARTESIAN_POINT('Ctrl Pts',(-26.5074990896149,-41.7990159730055,11.7538307051564));
#8891=CARTESIAN_POINT('Ctrl Pts',(-27.0162546937324,-42.7044739312612,11.7622714578044));
#8892=CARTESIAN_POINT('Ctrl Pts',(-26.3091479125459,-41.9973671500746,11.7622714578044));
#8893=CARTESIAN_POINT('',(-27.9990172056331,-41.7217114193605,11.3359414874446));
#8894=CARTESIAN_POINT('Ctrl Pts',(-27.9990172056331,-41.7217114193605,11.3359414874446));
#8895=CARTESIAN_POINT('Ctrl Pts',(-27.8675140970724,-41.8532145279212,11.4598964534283));
#8896=CARTESIAN_POINT('Ctrl Pts',(-27.571807122662,-42.1489215023316,11.7386301529991));
#8897=CARTESIAN_POINT('Ctrl Pts',(-27.2146058708015,-42.5061227541921,11.7538307051564));
#8898=CARTESIAN_POINT('Ctrl Pts',(-27.0162546937324,-42.7044739312612,11.7622714578044));
#8899=CARTESIAN_POINT('',(-27.2919104244465,-41.014604638174,11.3359414874446));
#8900=CARTESIAN_POINT('',(-27.9990172056331,-41.7217114193605,11.3359414874446));
#8901=CARTESIAN_POINT('Ctrl Pts',(-27.2919104244465,-41.014604638174,11.3359414874446));
#8902=CARTESIAN_POINT('Ctrl Pts',(-27.1604073158858,-41.1461077467347,11.4598964534283));
#8903=CARTESIAN_POINT('Ctrl Pts',(-26.8647003414755,-41.441814721145,11.7386301529991));
#8904=CARTESIAN_POINT('Ctrl Pts',(-26.5074990896149,-41.7990159730055,11.7538307051564));
#8905=CARTESIAN_POINT('Ctrl Pts',(-26.3091479125459,-41.9973671500746,11.7622714578044));
#8906=CARTESIAN_POINT('Ctrl Pts',(-28.3209769814078,-41.3997516435858,10.1524489461314));
#8907=CARTESIAN_POINT('Ctrl Pts',(-27.6138702002213,-40.6926448623992,10.1524489461314));
#8908=CARTESIAN_POINT('Ctrl Pts',(-28.3107554973764,-41.4099731276172,10.3866226525663));
#8909=CARTESIAN_POINT('Ctrl Pts',(-27.6036487161899,-40.7028663464306,10.3866226525663));
#8910=CARTESIAN_POINT('Ctrl Pts',(-28.2913738561891,-41.4293547688044,10.8306551178801));
#8911=CARTESIAN_POINT('Ctrl Pts',(-27.5842670750026,-40.7222479876179,10.8306551178801));
#8912=CARTESIAN_POINT('Ctrl Pts',(-28.0928456614461,-41.6278829635475,11.1737757227547));
#8913=CARTESIAN_POINT('Ctrl Pts',(-27.3857388802596,-40.9207761823609,11.1737757227547));
#8914=CARTESIAN_POINT('Ctrl Pts',(-27.9990172056331,-41.7217114193605,11.3359414874446));
#8915=CARTESIAN_POINT('Ctrl Pts',(-27.2919104244465,-41.014604638174,11.3359414874446));
#8916=CARTESIAN_POINT('',(-28.3209769814078,-41.3997516435858,10.1524489461314));
#8917=CARTESIAN_POINT('Ctrl Pts',(-28.3209769814078,-41.3997516435858,10.1524489461314));
#8918=CARTESIAN_POINT('Ctrl Pts',(-28.3107554973764,-41.4099731276172,10.3866226525663));
#8919=CARTESIAN_POINT('Ctrl Pts',(-28.2913738561891,-41.4293547688044,10.8306551178801));
#8920=CARTESIAN_POINT('Ctrl Pts',(-28.0928456614461,-41.6278829635475,11.1737757227547));
#8921=CARTESIAN_POINT('Ctrl Pts',(-27.9990172056331,-41.7217114193605,11.3359414874446));
#8922=CARTESIAN_POINT('',(-27.6138702002213,-40.6926448623992,10.1524489461314));
#8923=CARTESIAN_POINT('',(-28.3209769814078,-41.3997516435858,10.1524489461314));
#8924=CARTESIAN_POINT('Ctrl Pts',(-27.6138702002213,-40.6926448623992,10.1524489461314));
#8925=CARTESIAN_POINT('Ctrl Pts',(-27.6036487161899,-40.7028663464306,10.3866226525663));
#8926=CARTESIAN_POINT('Ctrl Pts',(-27.5842670750026,-40.7222479876179,10.8306551178801));
#8927=CARTESIAN_POINT('Ctrl Pts',(-27.3857388802596,-40.9207761823609,11.1737757227547));
#8928=CARTESIAN_POINT('Ctrl Pts',(-27.2919104244465,-41.014604638174,11.3359414874446));
#8929=CARTESIAN_POINT('Ctrl Pts',(-28.0255461179598,-41.6951825070338,9.01670538772455));
#8930=CARTESIAN_POINT('Ctrl Pts',(-27.3184393367732,-40.9880757258473,9.01670538772455));
#8931=CARTESIAN_POINT('Ctrl Pts',(-28.1116057443714,-41.6091228806222,9.17122602323057));
#8932=CARTESIAN_POINT('Ctrl Pts',(-27.4044989631849,-40.9020160994356,9.17122602323057));
#8933=CARTESIAN_POINT('Ctrl Pts',(-28.2963427440751,-41.4243858809185,9.50292254325892));
#8934=CARTESIAN_POINT('Ctrl Pts',(-27.5892359628885,-40.717279099732,9.50292254325892));
#8935=CARTESIAN_POINT('Ctrl Pts',(-28.3123999928544,-41.4083286321392,9.9263010671731));
#8936=CARTESIAN_POINT('Ctrl Pts',(-27.6052932116679,-40.7012218509526,9.9263010671731));
#8937=CARTESIAN_POINT('Ctrl Pts',(-28.3209769814078,-41.3997516435858,10.1524489461314));
#8938=CARTESIAN_POINT('Ctrl Pts',(-27.6138702002213,-40.6926448623992,10.1524489461314));
#8939=CARTESIAN_POINT('',(-28.0255461179598,-41.6951825070338,9.01670538772455));
#8940=CARTESIAN_POINT('Ctrl Pts',(-28.0255461179598,-41.6951825070338,9.01670538772455));
#8941=CARTESIAN_POINT('Ctrl Pts',(-28.1116057443714,-41.6091228806222,9.17122602323057));
#8942=CARTESIAN_POINT('Ctrl Pts',(-28.2963427440751,-41.4243858809185,9.50292254325892));
#8943=CARTESIAN_POINT('Ctrl Pts',(-28.3123999928544,-41.4083286321392,9.9263010671731));
#8944=CARTESIAN_POINT('Ctrl Pts',(-28.3209769814078,-41.3997516435858,10.1524489461314));
#8945=CARTESIAN_POINT('',(-27.3184393367732,-40.9880757258473,9.01670538772455));
#8946=CARTESIAN_POINT('',(-28.0255461179598,-41.6951825070338,9.01670538772455));
#8947=CARTESIAN_POINT('Ctrl Pts',(-27.3184393367732,-40.9880757258473,9.01670538772455));
#8948=CARTESIAN_POINT('Ctrl Pts',(-27.4044989631849,-40.9020160994356,9.17122602323057));
#8949=CARTESIAN_POINT('Ctrl Pts',(-27.5892359628885,-40.717279099732,9.50292254325892));
#8950=CARTESIAN_POINT('Ctrl Pts',(-27.6052932116679,-40.7012218509526,9.9263010671731));
#8951=CARTESIAN_POINT('Ctrl Pts',(-27.6138702002213,-40.6926448623992,10.1524489461314));
#8952=CARTESIAN_POINT('Ctrl Pts',(-27.136839356133,-42.5838892688606,8.61766033758036));
#8953=CARTESIAN_POINT('Ctrl Pts',(-26.4297325749465,-41.876782487674,8.61766033758036));
#8954=CARTESIAN_POINT('Ctrl Pts',(-27.3156900253891,-42.4050385996044,8.62629402626667));
#8955=CARTESIAN_POINT('Ctrl Pts',(-26.6085832442026,-41.6979318184179,8.62629402626667));
#8956=CARTESIAN_POINT('Ctrl Pts',(-27.6401086945861,-42.0806199304075,8.6419547436994));
#8957=CARTESIAN_POINT('Ctrl Pts',(-26.9330019133996,-41.3735131492209,8.6419547436994));
#8958=CARTESIAN_POINT('Ctrl Pts',(-27.906165381213,-41.8145632437806,8.90063464506422));
#8959=CARTESIAN_POINT('Ctrl Pts',(-27.1990586000264,-41.1074564625941,8.90063464506422));
#8960=CARTESIAN_POINT('Ctrl Pts',(-28.0255461179598,-41.6951825070338,9.01670538772455));
#8961=CARTESIAN_POINT('Ctrl Pts',(-27.3184393367732,-40.9880757258473,9.01670538772455));
#8962=CARTESIAN_POINT('',(-27.136839356133,-42.5838892688606,8.61766033758036));
#8963=CARTESIAN_POINT('Ctrl Pts',(-27.136839356133,-42.5838892688606,8.61766033758036));
#8964=CARTESIAN_POINT('Ctrl Pts',(-27.3156900253891,-42.4050385996044,8.62629402626667));
#8965=CARTESIAN_POINT('Ctrl Pts',(-27.6401086945861,-42.0806199304075,8.6419547436994));
#8966=CARTESIAN_POINT('Ctrl Pts',(-27.906165381213,-41.8145632437806,8.90063464506422));
#8967=CARTESIAN_POINT('Ctrl Pts',(-28.0255461179598,-41.6951825070338,9.01670538772455));
#8968=CARTESIAN_POINT('',(-26.4297325749465,-41.876782487674,8.61766033758036));
#8969=CARTESIAN_POINT('',(-27.136839356133,-42.5838892688606,8.61766033758036));
#8970=CARTESIAN_POINT('Ctrl Pts',(-26.4297325749465,-41.876782487674,8.61766033758036));
#8971=CARTESIAN_POINT('Ctrl Pts',(-26.6085832442026,-41.6979318184179,8.62629402626667));
#8972=CARTESIAN_POINT('Ctrl Pts',(-26.9330019133996,-41.3735131492209,8.6419547436994));
#8973=CARTESIAN_POINT('Ctrl Pts',(-27.1990586000264,-41.1074564625941,8.90063464506422));
#8974=CARTESIAN_POINT('Ctrl Pts',(-27.3184393367732,-40.9880757258473,9.01670538772455));
#8975=CARTESIAN_POINT('Origin',(-25.3208382853253,-44.3998903396683,8.61766033758036));
#8976=CARTESIAN_POINT('',(-25.3208382853253,-44.3998903396683,8.61766033758036));
#8977=CARTESIAN_POINT('',(-39.8133195402261,-29.9074090847675,8.61766033758036));
#8978=CARTESIAN_POINT('',(-24.6137315041388,-43.6927835584817,8.61766033758036));
#8979=CARTESIAN_POINT('',(-25.3208382853253,-44.3998903396683,8.61766033758036));
#8980=CARTESIAN_POINT('',(-24.6137315041388,-43.6927835584817,8.61766033758036));
#8981=CARTESIAN_POINT('Origin',(-25.3208382853253,-44.3998903396683,13.6176603375804));
#8982=CARTESIAN_POINT('',(-25.3208382853253,-44.3998903396683,6.80883016879014));
#8983=CARTESIAN_POINT('',(-24.6137315041388,-43.6927835584817,13.6176603375804));
#8984=CARTESIAN_POINT('Origin',(-24.0602487635158,-44.2462662991047,11.1602934538256));
#8985=CARTESIAN_POINT('Origin',(-24.5809129288455,-45.1398156961481,7.81058609553801));
#8986=CARTESIAN_POINT('',(-24.5809129288455,-45.1398156961481,7.81058609553801));
#8987=CARTESIAN_POINT('',(-24.5809129288455,-45.1398156961481,4.81058605083453));
#8988=CARTESIAN_POINT('',(-24.5809129288455,-45.1398156961481,3.90529304776901));
#8989=CARTESIAN_POINT('',(-23.8738061476589,-44.4327089149616,7.81058609553801));
#8990=CARTESIAN_POINT('',(-24.5809129288455,-45.1398156961481,7.81058609553801));
#8991=CARTESIAN_POINT('',(-23.8738061476589,-44.4327089149616,4.81058605083452));
#8992=CARTESIAN_POINT('',(-23.8738061476589,-44.4327089149616,4.81058605083452));
#8993=CARTESIAN_POINT('',(-24.5809129288455,-45.1398156961481,4.81058605083453));
#8994=CARTESIAN_POINT('Origin',(-25.2880197205687,-44.4327089044248,7.81058609553801));
#8995=CARTESIAN_POINT('',(-25.2880197205687,-44.4327089044248,7.81058609553801));
#8996=CARTESIAN_POINT('',(-39.7969102578478,-29.9238183671458,7.81058609553801));
#8997=CARTESIAN_POINT('',(-24.5809129393822,-43.7256021232383,7.81058609553801));
#8998=CARTESIAN_POINT('',(-25.2880197205687,-44.4327089044248,7.81058609553801));
#8999=CARTESIAN_POINT('',(-23.8738061476589,-44.4327089149616,7.81058609553801));
#9000=CARTESIAN_POINT('Origin',(-25.2880197205687,-44.4327089044248,4.81058605083453));
#9001=CARTESIAN_POINT('',(-25.2880197205687,-44.4327089044248,4.81058605083453));
#9002=CARTESIAN_POINT('',(-25.2880197205687,-44.4327089044248,2.40529302541726));
#9003=CARTESIAN_POINT('',(-24.5809129393822,-43.7256021232383,4.81058605083452));
#9004=CARTESIAN_POINT('',(-25.2880197205687,-44.4327089044248,4.81058605083453));
#9005=CARTESIAN_POINT('',(-24.5809129393822,-43.7256021232383,7.81058609553801));
#9006=CARTESIAN_POINT('Origin',(-25.995126512292,-43.7256021127016,4.81058605083453));
#9007=CARTESIAN_POINT('',(-25.995126512292,-43.7256021127016,4.81058605083453));
#9008=CARTESIAN_POINT('',(-40.1504636537094,-29.5702649712842,4.81058605083453));
#9009=CARTESIAN_POINT('',(-25.2880197311054,-43.018495331515,4.81058605083452));
#9010=CARTESIAN_POINT('',(-25.995126512292,-43.7256021127016,4.81058605083453));
#9011=CARTESIAN_POINT('',(-24.5809129393822,-43.7256021232383,4.81058605083452));
#9012=CARTESIAN_POINT('Origin',(-24.9344663247071,-44.7862623002865,1.81058600613104));
#9013=CARTESIAN_POINT('',(-24.9344663247071,-44.7862623002865,1.81058600613104));
#9014=CARTESIAN_POINT('',(-27.6155442431777,-42.1051843818158,9.39381951429145));
#9015=CARTESIAN_POINT('',(-24.2273595435205,-44.0791555190999,1.81058600613104));
#9016=CARTESIAN_POINT('',(-24.9344663247071,-44.7862623002865,1.81058600613104));
#9017=CARTESIAN_POINT('',(-25.2880197311054,-43.018495331515,4.81058605083452));
#9018=CARTESIAN_POINT('Origin',(-23.8738061371222,-45.8469224878714,4.81058605083453));
#9019=CARTESIAN_POINT('',(-23.8738061371222,-45.8469224878714,4.81058605083453));
#9020=CARTESIAN_POINT('',(-27.597325206528,-42.1234034184656,-5.72111628458242));
#9021=CARTESIAN_POINT('',(-23.1666993559357,-45.1398157066848,4.81058605083452));
#9022=CARTESIAN_POINT('',(-23.8738061371222,-45.8469224878714,4.81058605083453));
#9023=CARTESIAN_POINT('',(-24.2273595435205,-44.0791555190999,1.81058600613104));
#9024=CARTESIAN_POINT('Origin',(-24.5809129288455,-45.1398156961481,4.81058605083453));
#9025=CARTESIAN_POINT('',(-39.4433568619862,-30.2773717630074,4.81058605083453));
#9026=CARTESIAN_POINT('',(-23.1666993559357,-45.1398157066848,4.81058605083452));
#9027=CARTESIAN_POINT('Origin',(-24.2273595435206,-44.0791555190999,4.81058605083452));
#9028=CARTESIAN_POINT('Origin',(-54.3058007951269,-15.4149278298667,0.));
#9029=CARTESIAN_POINT('',(-21.0717820793591,-48.6489465456345,1.));
#9030=CARTESIAN_POINT('',(-51.4773736703807,-18.2433549546129,1.));
#9031=CARTESIAN_POINT('Origin',(-21.0717820793591,-48.6489465456345,8.));
#9032=CARTESIAN_POINT('',(-21.0717820793591,-48.6489465456345,2.00000000000003));
#9033=CARTESIAN_POINT('',(-16.1220346110533,-53.5986940139403,8.));
#9034=CARTESIAN_POINT('Origin',(-21.0717820793591,-48.6489465456345,8.));
#9035=CARTESIAN_POINT('',(-16.1220346110533,-53.5986940139403,54.2));
#9036=CARTESIAN_POINT('',(-16.1220346110533,-53.5986940139403,4.));
#9037=CARTESIAN_POINT('Origin',(-21.0717820793591,-48.6489465456344,54.2));
#9038=CARTESIAN_POINT('',(-36.2745778748699,-33.4461507501237,54.2));
#9039=CARTESIAN_POINT('',(-21.0717820793591,-48.6489465456345,61.2));
#9040=CARTESIAN_POINT('Origin',(-21.0717820793591,-48.6489465456344,54.2));
#9041=CARTESIAN_POINT('',(-48.6489465456345,-21.0717820793591,61.2));
#9042=CARTESIAN_POINT('',(-37.688791437243,-32.0319371877506,61.2));
#9043=CARTESIAN_POINT('Origin',(-48.6489465456345,-21.0717820793591,54.2));
#9044=CARTESIAN_POINT('',(-48.6489465456345,-21.0717820793591,29.1));
#9045=CARTESIAN_POINT('Origin',(-32.0319371877506,-32.0319371877506,1.15000000000001));
#9046=CARTESIAN_POINT('',(-32.0319371877506,-32.0319371877506,6.93889390390723E-17));
#9047=CARTESIAN_POINT('Origin',(-15.6270598642221,-51.2652416360243,7.79999999999897));
#9048=CARTESIAN_POINT('',(-15.6270598642226,-51.2652416360257,55.8999999999991));
#9049=CARTESIAN_POINT('',(-15.6270598642226,-51.2652416360257,55.8999999999991));
#9050=CARTESIAN_POINT('',(-15.6270598642221,-51.2652416360243,7.79999999999897));
#9051=CARTESIAN_POINT('',(-15.6270598642221,-51.2652416360243,7.79999999999897));
#9052=CARTESIAN_POINT('',(-15.6270598642221,-51.2652416360243,7.79999999999897));
#9053=CARTESIAN_POINT('Origin',(-52.8915872327538,-14.0007142674937,0.));
#9054=CARTESIAN_POINT('',(-47.2347329832614,-19.657568516986,1.));
#9055=CARTESIAN_POINT('',(-50.0631601080076,-16.8291413922398,1.));
#9056=CARTESIAN_POINT('',(-52.1844804515672,-14.7078210486802,8.));
#9057=CARTESIAN_POINT('Origin',(-47.2347329832614,-19.657568516986,8.));
#9058=CARTESIAN_POINT('',(-52.1844804515672,-14.7078210486802,54.2));
#9059=CARTESIAN_POINT('',(-52.1844804515672,-14.7078210486802,27.1));
#9060=CARTESIAN_POINT('',(-47.2347329832614,-19.657568516986,61.2));
#9061=CARTESIAN_POINT('Origin',(-47.2347329832614,-19.657568516986,54.2));
#9062=CARTESIAN_POINT('',(-19.657568516986,-47.2347329832614,61.2));
#9063=CARTESIAN_POINT('',(-36.2745778748699,-30.6177236253775,61.2));
#9064=CARTESIAN_POINT('',(-14.7078210486802,-52.1844804515672,54.2));
#9065=CARTESIAN_POINT('Origin',(-19.657568516986,-47.2347329832614,54.2));
#9066=CARTESIAN_POINT('',(-14.7078210486802,-52.1844804515672,8.));
#9067=CARTESIAN_POINT('',(-14.7078210486802,-52.1844804515672,4.));
#9068=CARTESIAN_POINT('',(-19.657568516986,-47.2347329832614,1.));
#9069=CARTESIAN_POINT('Origin',(-19.657568516986,-47.2347329832614,8.));
#9070=CARTESIAN_POINT('',(-50.0631601080076,-16.8291413922398,1.));
#9071=CARTESIAN_POINT('',(-19.657568516986,-47.2347329832614,0.));
#9072=CARTESIAN_POINT('',(-43.1688689914387,-23.7234325088087,0.));
#9073=CARTESIAN_POINT('',(-14.0007142674936,-52.8915872327537,8.));
#9074=CARTESIAN_POINT('Origin',(-19.6575685169861,-47.2347329832614,8.));
#9075=CARTESIAN_POINT('',(-14.0007142674936,-52.8915872327537,54.2));
#9076=CARTESIAN_POINT('',(-14.0007142674936,-52.8915872327538,0.));
#9077=CARTESIAN_POINT('',(-19.657568516986,-47.2347329832614,62.2));
#9078=CARTESIAN_POINT('Origin',(-19.6575685169861,-47.2347329832614,54.2));
#9079=CARTESIAN_POINT('',(-47.2347329832614,-19.657568516986,62.2));
#9080=CARTESIAN_POINT('',(-43.1688689914387,-23.7234325088087,62.2));
#9081=CARTESIAN_POINT('',(-52.8915872327538,-14.0007142674937,54.2));
#9082=CARTESIAN_POINT('Origin',(-47.2347329832614,-19.657568516986,54.2));
#9083=CARTESIAN_POINT('',(-52.8915872327538,-14.0007142674937,8.));
#9084=CARTESIAN_POINT('',(-52.8915872327538,-14.0007142674937,0.));
#9085=CARTESIAN_POINT('',(-47.2347329832614,-19.657568516986,0.));
#9086=CARTESIAN_POINT('Origin',(-47.2347329832614,-19.657568516986,8.));
#9087=CARTESIAN_POINT('',(-43.1688689914387,-23.7234325088087,0.));
#9088=CARTESIAN_POINT('Origin',(-47.2347329832614,-19.657568516986,1.));
#9089=CARTESIAN_POINT('',(-19.657568516986,-47.2347329832614,1.));
#9090=CARTESIAN_POINT('Origin',(-47.2347329832614,-19.657568516986,1.));
#9091=CARTESIAN_POINT('',(-48.6489465456345,-21.0717820793591,1.));
#9092=CARTESIAN_POINT('',(-51.4773736703807,-18.2433549546129,1.));
#9093=CARTESIAN_POINT('',(-47.2347329832614,-19.657568516986,1.));
#9094=CARTESIAN_POINT('Origin',(-54.3058007951269,-15.4149278298667,0.));
#9095=CARTESIAN_POINT('Origin',(-48.6489465456345,-21.0717820793591,8.));
#9096=CARTESIAN_POINT('Origin',(-11.7375046539178,-47.3766222532775,57.4560222419351));
#9097=CARTESIAN_POINT('',(2.90108515861193,-34.5002415414296,58.1677346436375));
#9098=CARTESIAN_POINT('',(-4.81489549254328,-42.2162221925846,58.1677346436378));
#9099=CARTESIAN_POINT('',(-10.8564001035769,-48.2577268036184,58.1677346436375));
#9100=CARTESIAN_POINT('',(-4.27735720719112,-40.7243640159312,56.139632287293));
#9101=CARTESIAN_POINT('Ctrl Pts',(-4.81489549254328,-42.2162221925845,58.1677346436378));
#9102=CARTESIAN_POINT('Ctrl Pts',(-4.81297866890787,-42.2156616919327,58.1660555070235));
#9103=CARTESIAN_POINT('Ctrl Pts',(-4.81106424453389,-42.2150987911025,58.1643744312124));
#9104=CARTESIAN_POINT('Ctrl Pts',(-4.65543276869929,-42.1690853218266,58.0273836680481));
#9105=CARTESIAN_POINT('Ctrl Pts',(-4.51691374202511,-42.108019500304,57.879286527584));
#9106=CARTESIAN_POINT('Ctrl Pts',(-4.28536165529891,-41.9583706826727,57.5743485334438));
#9107=CARTESIAN_POINT('Ctrl Pts',(-4.19017485394488,-41.8705551205641,57.4172931202669));
#9108=CARTESIAN_POINT('Ctrl Pts',(-4.04264270432108,-41.6577657762496,57.0849848307419));
#9109=CARTESIAN_POINT('Ctrl Pts',(-3.99467633188005,-41.5291478493936,56.9081694363349));
#9110=CARTESIAN_POINT('Ctrl Pts',(-3.98390017544448,-41.2799119799795,56.6146836133539));
#9111=CARTESIAN_POINT('Ctrl Pts',(-4.00338151637433,-41.1650892495441,56.4941260348018));
#9112=CARTESIAN_POINT('Ctrl Pts',(-4.09521373829378,-40.9503829620193,56.2995477519837));
#9113=CARTESIAN_POINT('Ctrl Pts',(-4.15757721919458,-40.8532323932227,56.2230643091751));
#9114=CARTESIAN_POINT('Ctrl Pts',(-4.25334514576774,-40.7488903085991,56.1549278360277));
#9115=CARTESIAN_POINT('Ctrl Pts',(-4.26518579789578,-40.7365354252266,56.1471020725174));
#9116=CARTESIAN_POINT('Ctrl Pts',(-4.27735720719112,-40.7243640159312,56.1396322872931));
#9117=CARTESIAN_POINT('',(-4.68130181188147,-40.3204194112409,56.0210222419354));
#9118=CARTESIAN_POINT('Origin',(-4.68130181188149,-40.320419411241,57.4560222419354));
#9119=CARTESIAN_POINT('',(1.00528237726795,-34.6338352220913,56.0210222419356));
#9120=CARTESIAN_POINT('',(-11.7375046539178,-47.3766222532775,56.0210222419351));
#9121=CARTESIAN_POINT('',(1.40922698195835,-35.0377798267817,56.1396322872933));
#9122=CARTESIAN_POINT('Origin',(1.00528237726794,-34.6338352220913,57.4560222419356));
#9123=CARTESIAN_POINT('Ctrl Pts',(1.40922698195851,-35.0377798267815,56.1396322872933));
#9124=CARTESIAN_POINT('Ctrl Pts',(1.49785741429056,-35.1264102591136,56.1940261769241));
#9125=CARTESIAN_POINT('Ctrl Pts',(1.59277974717003,-35.1941436185664,56.2652282948563));
#9126=CARTESIAN_POINT('Ctrl Pts',(1.80258313510587,-35.29738152006,56.4479819102791));
#9127=CARTESIAN_POINT('Ctrl Pts',(1.91482212084627,-35.3239329271086,56.5614615610379));
#9128=CARTESIAN_POINT('Ctrl Pts',(2.15975623445402,-35.3309321778346,56.839476308819));
#9129=CARTESIAN_POINT('Ctrl Pts',(2.28732191063257,-35.2947278360069,57.0079942967537));
#9130=CARTESIAN_POINT('Ctrl Pts',(2.51417072067622,-35.1636305974148,57.3470098039935));
#9131=CARTESIAN_POINT('Ctrl Pts',(2.61339007451543,-35.0665964131449,57.5185816480494));
#9132=CARTESIAN_POINT('Ctrl Pts',(2.78177780215612,-34.8230152232798,57.8525539326728));
#9133=CARTESIAN_POINT('Ctrl Pts',(2.84986715170166,-34.6735079025089,58.0152333572993));
#9134=CARTESIAN_POINT('Ctrl Pts',(2.89996175713074,-34.5040727894396,58.1643744312103));
#9135=CARTESIAN_POINT('Ctrl Pts',(2.90052465795968,-34.5021583650666,58.1660555070218));
#9136=CARTESIAN_POINT('Ctrl Pts',(2.90108515861193,-34.5002415414296,58.1677346436375));
#9137=CARTESIAN_POINT('Origin',(-10.249874210402,-47.1113507136567,46.5439777580634));
#9138=CARTESIAN_POINT('',(1.61646182921589,-35.2450146740389,47.9789777580639));
#9139=CARTESIAN_POINT('',(-4.07012235993366,-40.9315988631884,47.9789777580637));
#9140=CARTESIAN_POINT('',(-10.249874210402,-47.1113507136568,47.9789777580634));
#9141=CARTESIAN_POINT('',(-4.07012235993362,-42.9609953251937,46.5439777580637));
#9142=CARTESIAN_POINT('Origin',(-5.08482059093631,-41.946297094191,46.5439777580637));
#9143=CARTESIAN_POINT('',(3.6458582912213,-35.2450146740388,46.543977758064));
#9144=CARTESIAN_POINT('',(-9.23517597939932,-48.1260489446594,46.5439777580634));
#9145=CARTESIAN_POINT('Origin',(2.6311600602186,-34.2303164430361,46.543977758064));
#9146=CARTESIAN_POINT('Origin',(-5.08482059093592,-41.9462970941907,28.0105111209679));
#9147=CARTESIAN_POINT('',(-4.07012235993379,-40.9315988631885,54.2000000000001));
#9148=CARTESIAN_POINT('',(-4.07012235993324,-40.931598863188,28.0105111209679));
#9149=CARTESIAN_POINT('',(-4.07012235993377,-42.9609953251939,54.2));
#9150=CARTESIAN_POINT('Origin',(-5.08482059093648,-41.9462970941912,54.2));
#9151=CARTESIAN_POINT('',(-4.07012235993322,-42.9609953251934,28.0105111209679));
#9152=CARTESIAN_POINT('Origin',(-9.7269766094262,-37.3041410757016,54.2));
#9153=CARTESIAN_POINT('Origin',(-9.7269766094262,-37.3041410757016,54.2));
#9154=CARTESIAN_POINT('Origin',(-8.71227837842353,-36.2894428446989,54.2000000000001));
#9155=CARTESIAN_POINT('Origin',(-2.01099595827112,-29.5881604245465,54.2));
#9156=CARTESIAN_POINT('',(1.61646182921575,-35.245014674039,54.2));
#9157=CARTESIAN_POINT('Origin',(-3.02569418927399,-30.6028586555494,54.2));
#9158=CARTESIAN_POINT('',(3.64585829122133,-35.2450146740388,54.2));
#9159=CARTESIAN_POINT('Origin',(2.63116006021862,-34.2303164430361,54.2));
#9160=CARTESIAN_POINT('Origin',(-2.01099595827112,-29.5881604245465,54.2));
#9161=CARTESIAN_POINT('Origin',(2.6311600602191,-34.2303164430356,23.9894888790324));
#9162=CARTESIAN_POINT('',(3.6458582912218,-35.2450146740383,23.9894888790324));
#9163=CARTESIAN_POINT('',(1.61646182921642,-35.2450146740384,23.9894888790324));
#9164=CARTESIAN_POINT('Origin',(-15.4149278298667,-54.3058007951268,0.));
#9165=CARTESIAN_POINT('',(-5.48646735215191,-44.377340317412,54.2));
#9166=CARTESIAN_POINT('',(-10.1116269709676,-49.0024999362278,54.2));
#9167=CARTESIAN_POINT('',(-11.7669381088006,-50.6578110740607,54.2));
#9168=CARTESIAN_POINT('Origin',(-8.62670273047624,-47.5175756957364,51.9999999999993));
#9169=CARTESIAN_POINT('',(-10.1116269709676,-49.0024999362278,54.2));
#9170=CARTESIAN_POINT('',(-11.1367137017565,-50.0275866670166,8.));
#9171=CARTESIAN_POINT('',(-10.1116269709676,-49.0024999362278,8.));
#9172=CARTESIAN_POINT('',(1.52006147762025,-37.3708114876399,8.));
#9173=CARTESIAN_POINT('Origin',(-4.80832611206811,-43.6991990773282,16.2999999999994));
#9174=CARTESIAN_POINT('',(5.79827560572967,-33.0925973595305,8.));
#9175=CARTESIAN_POINT('',(-10.1116269709676,-49.0024999362278,8.));
#9176=CARTESIAN_POINT('',(5.79827560572967,-33.0925973595305,54.2));
#9177=CARTESIAN_POINT('',(5.79827560572967,-33.0925973595305,0.));
#9178=CARTESIAN_POINT('',(-10.1116269709676,-49.0024999362278,54.2));
#9179=CARTESIAN_POINT('Origin',(-4.68176972565975,-40.3199514974626,56.0210222419354));
#9180=CARTESIAN_POINT('',(-4.68176972565966,-40.3199514974624,47.9789777580637));
#9181=CARTESIAN_POINT('',(-4.68176972565966,-40.3199514974624,47.9789777580637));
#9182=CARTESIAN_POINT('',(-4.68176972565975,-40.3199514974626,56.0210222419354));
#9183=CARTESIAN_POINT('',(-4.68176972565961,-40.3199514974623,43.5605111209674));
#9184=CARTESIAN_POINT('',(-4.68176972565975,-40.3199514974626,56.0210222419354));
#9185=CARTESIAN_POINT('Origin',(-4.68176972565966,-40.3199514974624,47.9789777580637));
#9186=CARTESIAN_POINT('',(1.00481446348979,-34.6333673083128,47.9789777580639));
#9187=CARTESIAN_POINT('',(1.00481446348979,-34.6333673083128,47.9789777580639));
#9188=CARTESIAN_POINT('',(-5.55822071722856,-41.1964024890313,47.9789777580637));
#9189=CARTESIAN_POINT('Origin',(-9.64140096147852,-46.5028774647341,51.9999999999993));
#9190=CARTESIAN_POINT('',(-7.41041044686071,-44.2718869501163,53.5629972090747));
#9191=CARTESIAN_POINT('Origin',(-6.50116558315419,-43.3626420864097,54.2));
#9192=CARTESIAN_POINT('',(-12.1311396654599,-48.9926161687156,51.9999999999992));
#9193=CARTESIAN_POINT('Origin',(-9.64140096147852,-46.5028774647341,51.9999999999993));
#9194=CARTESIAN_POINT('',(-11.8723914760963,-48.7338679793519,53.5629972090747));
#9195=CARTESIAN_POINT('Origin',(-9.64140096147852,-46.5028774647341,51.9999999999993));
#9196=CARTESIAN_POINT('Origin',(-12.7816363398029,-49.6431128430584,54.2));
#9197=CARTESIAN_POINT('Ctrl Pts',(-11.8723914760968,-48.7338679793514,53.5629972090747));
#9198=CARTESIAN_POINT('Ctrl Pts',(-11.6957179148856,-48.5571944181403,54.067357724829));
#9199=CARTESIAN_POINT('Ctrl Pts',(-11.4573120425767,-48.0958199724076,54.6506854902812));
#9200=CARTESIAN_POINT('Ctrl Pts',(-10.9812544097543,-47.2359682205187,55.2368373731319));
#9201=CARTESIAN_POINT('Ctrl Pts',(-10.4806892128061,-46.472088470482,55.5342189841806));
#9202=CARTESIAN_POINT('Ctrl Pts',(-9.67238967666581,-45.6620690558591,55.5334495964187));
#9203=CARTESIAN_POINT('Ctrl Pts',(-8.44995452485465,-44.8639269893008,55.0608394087209));
#9204=CARTESIAN_POINT('Ctrl Pts',(-7.64597519514269,-44.5074516983974,54.2354778967471));
#9205=CARTESIAN_POINT('Ctrl Pts',(-7.41041044686112,-44.2718869501159,53.5629972090747));
#9206=CARTESIAN_POINT('Ctrl Pts',(-11.7205929757097,-48.8856664797385,53.5629972090747));
#9207=CARTESIAN_POINT('Ctrl Pts',(-11.5327387274494,-48.7071032471433,54.0859644568907));
#9208=CARTESIAN_POINT('Ctrl Pts',(-11.2702171208753,-48.239661940419,54.6790419053562));
#9209=CARTESIAN_POINT('Ctrl Pts',(-10.7715004852742,-47.3891659107031,55.2538857504227));
#9210=CARTESIAN_POINT('Ctrl Pts',(-10.2695012220871,-46.6495162453696,55.5329227147529));
#9211=CARTESIAN_POINT('Ctrl Pts',(-9.49520994762973,-45.8738947613048,55.5314177947612));
#9212=CARTESIAN_POINT('Ctrl Pts',(-8.31123146188288,-45.0724577520877,55.0898814372971));
#9213=CARTESIAN_POINT('Ctrl Pts',(-7.49669625660103,-44.6741577815166,54.2602868728293));
#9214=CARTESIAN_POINT('Ctrl Pts',(-7.25861194647404,-44.4236854505029,53.5629972090747));
#9215=CARTESIAN_POINT('Ctrl Pts',(-11.4796839330322,-49.2509446766148,53.6065627553274));
#9216=CARTESIAN_POINT('Ctrl Pts',(-11.2684849400998,-49.0675163596261,54.1835595190128));
#9217=CARTESIAN_POINT('Ctrl Pts',(-10.9567724155749,-48.5865960676343,54.8247858776885));
#9218=CARTESIAN_POINT('Ctrl Pts',(-10.39694429749,-47.7384794630594,55.4213430873498));
#9219=CARTESIAN_POINT('Ctrl Pts',(-9.86803977357694,-47.022754440837,55.6938768422201));
#9220=CARTESIAN_POINT('Ctrl Pts',(-9.12231162519847,-46.276498800222,55.6915050616485));
#9221=CARTESIAN_POINT('Ctrl Pts',(-7.97602281208586,-45.4299668308882,55.2622665243102));
#9222=CARTESIAN_POINT('Ctrl Pts',(-7.13790483891593,-44.9461931504235,54.3758917735745));
#9223=CARTESIAN_POINT('Ctrl Pts',(-6.89333374959782,-44.6645944931804,53.6065627553274));
#9224=CARTESIAN_POINT('Ctrl Pts',(-11.3573272007876,-49.9818267379524,53.8197244395193));
#9225=CARTESIAN_POINT('Ctrl Pts',(-11.1145730644386,-49.7803214253417,54.5301975634919));
#9226=CARTESIAN_POINT('Ctrl Pts',(-10.7449887181431,-49.2574263759398,55.3302976415174));
#9227=CARTESIAN_POINT('Ctrl Pts',(-10.0796038374734,-48.3281756846637,56.0940114183309));
#9228=CARTESIAN_POINT('Ctrl Pts',(-9.45613154761689,-47.5374071760718,56.4541464631907));
#9229=CARTESIAN_POINT('Ctrl Pts',(-8.60768046559986,-46.6887058100141,56.4519124686479));
#9230=CARTESIAN_POINT('Ctrl Pts',(-7.34119236298289,-45.6903072378568,55.8823147632429));
#9231=CARTESIAN_POINT('Ctrl Pts',(-6.43112543840774,-45.1106234072236,54.7670219381491));
#9232=CARTESIAN_POINT('Ctrl Pts',(-6.16245168826013,-44.786951225425,53.8197244395193));
#9233=CARTESIAN_POINT('Ctrl Pts',(-11.5629040385052,-50.4537770037654,54.0570569079795));
#9234=CARTESIAN_POINT('Ctrl Pts',(-11.3130369837786,-50.2260938929574,54.8717469564405));
#9235=CARTESIAN_POINT('Ctrl Pts',(-10.944201406527,-49.6440959978995,55.8086058783948));
#9236=CARTESIAN_POINT('Ctrl Pts',(-10.2423514628759,-48.5726603416622,56.7410992971377));
#9237=CARTESIAN_POINT('Ctrl Pts',(-9.54610617805531,-47.6269103417588,57.2068711100568));
#9238=CARTESIAN_POINT('Ctrl Pts',(-8.51763569634945,-46.5973904169396,57.2055042319488));
#9239=CARTESIAN_POINT('Ctrl Pts',(-7.00438389674917,-45.4848419370529,56.4653833370692));
#9240=CARTESIAN_POINT('Ctrl Pts',(-5.99407890352437,-44.9145304606761,55.1433103059272));
#9241=CARTESIAN_POINT('Ctrl Pts',(-5.69050142244724,-44.5813743877074,54.0570569079795));
#9242=CARTESIAN_POINT('Ctrl Pts',(-11.7669381088006,-50.6578110740607,54.2));
#9243=CARTESIAN_POINT('Ctrl Pts',(-11.5182608671472,-50.4091338324073,55.0650890502237));
#9244=CARTESIAN_POINT('Ctrl Pts',(-11.1616251407188,-49.7807923043962,56.0656242761608));
#9245=CARTESIAN_POINT('Ctrl Pts',(-10.4552866831093,-48.6067687055024,57.0710034836583));
#9246=CARTESIAN_POINT('Ctrl Pts',(-9.72583598573136,-47.5564472655946,57.5810782564056));
#9247=CARTESIAN_POINT('Ctrl Pts',(-8.58794977663812,-46.416465241138,57.579758587424));
#9248=CARTESIAN_POINT('Ctrl Pts',(-6.90739767117938,-45.2529496447459,56.7691283227014));
#9249=CARTESIAN_POINT('Ctrl Pts',(-5.81803700768967,-44.7089099729498,55.3534520669646));
#9250=CARTESIAN_POINT('Ctrl Pts',(-5.48646735215191,-44.377340317412,54.2));
#9251=CARTESIAN_POINT('Ctrl Pts',(-5.48646735215191,-44.377340317412,54.2));
#9252=CARTESIAN_POINT('Ctrl Pts',(-5.81803700768967,-44.7089099729498,55.3534520669646));
#9253=CARTESIAN_POINT('Ctrl Pts',(-6.90739767117938,-45.2529496447459,56.7691283227014));
#9254=CARTESIAN_POINT('Ctrl Pts',(-8.58794977663812,-46.416465241138,57.579758587424));
#9255=CARTESIAN_POINT('Ctrl Pts',(-9.72583598573136,-47.5564472655946,57.5810782564056));
#9256=CARTESIAN_POINT('Ctrl Pts',(-10.4552866831093,-48.6067687055024,57.0710034836583));
#9257=CARTESIAN_POINT('Ctrl Pts',(-11.1616251407188,-49.7807923043962,56.0656242761608));
#9258=CARTESIAN_POINT('Ctrl Pts',(-11.5182608671472,-50.4091338324073,55.0650890502237));
#9259=CARTESIAN_POINT('Ctrl Pts',(-11.7669381088006,-50.6578110740607,54.2));
#9260=CARTESIAN_POINT('Ctrl Pts',(-11.8723914760968,-48.7338679793514,53.5629972090747));
#9261=CARTESIAN_POINT('Ctrl Pts',(-11.6957179148856,-48.5571944181403,54.067357724829));
#9262=CARTESIAN_POINT('Ctrl Pts',(-11.4573120425767,-48.0958199724076,54.6506854902812));
#9263=CARTESIAN_POINT('Ctrl Pts',(-10.9812544097543,-47.2359682205187,55.2368373731319));
#9264=CARTESIAN_POINT('Ctrl Pts',(-10.4806892128061,-46.472088470482,55.5342189841806));
#9265=CARTESIAN_POINT('Ctrl Pts',(-9.67238967666581,-45.6620690558591,55.5334495964187));
#9266=CARTESIAN_POINT('Ctrl Pts',(-8.44995452485465,-44.8639269893008,55.0608394087209));
#9267=CARTESIAN_POINT('Ctrl Pts',(-7.64597519514269,-44.5074516983974,54.2354778967471));
#9268=CARTESIAN_POINT('Ctrl Pts',(-7.41041044686112,-44.2718869501159,53.5629972090747));
#9269=CARTESIAN_POINT('Origin',(-10.2530483272048,-45.8912300990078,51.9999999999993));
#9270=CARTESIAN_POINT('',(-12.7427870311863,-48.3809688029893,51.9999999999992));
#9271=CARTESIAN_POINT('Origin',(-10.2530483272048,-45.8912300990078,51.9999999999993));
#9272=CARTESIAN_POINT('',(-12.7427870311863,-48.3809688029893,51.9999999999992));
#9273=CARTESIAN_POINT('Origin',(-5.82302434307079,-42.6845008463256,16.2999999999994));
#9274=CARTESIAN_POINT('',(-11.4074155667684,-48.2688920700231,8.97578881669398));
#9275=CARTESIAN_POINT('Origin',(-12.1514119327591,-49.0128884360139,8.));
#9276=CARTESIAN_POINT('',(-0.238633119373196,-37.100109622628,8.97578881669399));
#9277=CARTESIAN_POINT('Origin',(-5.82302434307079,-42.6845008463256,16.2999999999994));
#9278=CARTESIAN_POINT('Origin',(0.505363246617576,-36.3561132566372,8.));
#9279=CARTESIAN_POINT('Ctrl Pts',(-0.238633119373202,-37.100109622628,8.97578881669399));
#9280=CARTESIAN_POINT('Ctrl Pts',(-0.648625240117075,-37.5101017433719,
8.35058663626369));
#9281=CARTESIAN_POINT('Ctrl Pts',(-2.27085699928196,-38.6499918248214,6.69675992364778));
#9282=CARTESIAN_POINT('Ctrl Pts',(-5.22069071334581,-40.2309283560363,5.50722970361753));
#9283=CARTESIAN_POINT('Ctrl Pts',(-7.6623080486155,-42.6767672507843,5.50376456872299));
#9284=CARTESIAN_POINT('Ctrl Pts',(-9.06898512202682,-44.7639944231566,6.10620972415818));
#9285=CARTESIAN_POINT('Ctrl Pts',(-10.2352574046181,-46.7753060959347,7.24451124472659));
#9286=CARTESIAN_POINT('Ctrl Pts',(-10.9974234460245,-47.8588999492792,8.35058663626369));
#9287=CARTESIAN_POINT('Ctrl Pts',(-11.4074155667684,-48.2688920700231,8.97578881669399));
#9288=CARTESIAN_POINT('Ctrl Pts',(-0.0868346189861239,-37.251908123015,
8.97578881669399));
#9289=CARTESIAN_POINT('Ctrl Pts',(-0.497901864737609,-37.6771878960896,
8.33816234483646));
#9290=CARTESIAN_POINT('Ctrl Pts',(-2.13049576344896,-38.8639542951607,6.66024496140105));
#9291=CARTESIAN_POINT('Ctrl Pts',(-5.04680653252683,-40.4830189786354,5.50669030137193));
#9292=CARTESIAN_POINT('Ctrl Pts',(-7.42517182507041,-42.8684274756495,5.50488932976327));
#9293=CARTESIAN_POINT('Ctrl Pts',(-8.83612792963071,-44.9177644012465,6.08547576893812));
#9294=CARTESIAN_POINT('Ctrl Pts',(-10.0371460677576,-46.9222106131888,7.21780491207864));
#9295=CARTESIAN_POINT('Ctrl Pts',(-10.8303372933068,-48.0096233246587,8.33816234483647));
#9296=CARTESIAN_POINT('Ctrl Pts',(-11.2556170663813,-48.4206905704102,8.97578881669399));
#9297=CARTESIAN_POINT('Ctrl Pts',(0.26706349874832,-37.5039328581247,8.90898277298993));
#9298=CARTESIAN_POINT('Ctrl Pts',(-0.145104324367655,-37.9585479658083,
8.2344216630678));
#9299=CARTESIAN_POINT('Ctrl Pts',(-1.79579149893909,-39.2352600719361,6.46649814691868));
#9300=CARTESIAN_POINT('Ctrl Pts',(-4.67035579787916,-40.9538358145335,5.30780453011457));
#9301=CARTESIAN_POINT('Ctrl Pts',(-6.97159978324665,-43.2675711016141,5.30863537701338));
#9302=CARTESIAN_POINT('Ctrl Pts',(-8.41613192678146,-45.2674490350978,5.88592366776592));
#9303=CARTESIAN_POINT('Ctrl Pts',(-9.6955304830968,-47.2682401536653,7.05674110688621));
#9304=CARTESIAN_POINT('Ctrl Pts',(-10.5489772235881,-48.3624208650287,8.23442166306785));
#9305=CARTESIAN_POINT('Ctrl Pts',(-11.0035923312717,-48.7745886881446,8.90898277298994));
#9306=CARTESIAN_POINT('Ctrl Pts',(0.942737850646657,-37.6818263340283,8.58255039094938));
#9307=CARTESIAN_POINT('Ctrl Pts',(0.521702726675164,-38.1659301295754,7.81621361707336));
#9308=CARTESIAN_POINT('Ctrl Pts',(-1.17847963020749,-39.5252852419518,5.79497845435412));
#9309=CARTESIAN_POINT('Ctrl Pts',(-4.15290085699971,-41.357993742939,4.40269221203719));
#9310=CARTESIAN_POINT('Ctrl Pts',(-6.54354688376389,-43.7638526248367,4.40233737172651));
#9311=CARTESIAN_POINT('Ctrl Pts',(-8.07021799211385,-45.8331022949828,5.0991337839153));
#9312=CARTESIAN_POINT('Ctrl Pts',(-9.43206800386653,-47.9035707530137,6.46836328370832));
#9313=CARTESIAN_POINT('Ctrl Pts',(-10.341595059821,-49.0292279160716,7.81621361707345));
#9314=CARTESIAN_POINT('Ctrl Pts',(-10.825698855368,-49.450263040043,8.58255039094938));
#9315=CARTESIAN_POINT('Ctrl Pts',(1.35310908349924,-37.5377638817609,8.21896649842721));
#9316=CARTESIAN_POINT('Ctrl Pts',(0.909868961393804,-38.0149132953053,7.38444050106444));
#9317=CARTESIAN_POINT('Ctrl Pts',(-0.874743111512398,-39.3347346676865,
5.17368653525012));
#9318=CARTESIAN_POINT('Ctrl Pts',(-4.10086616660373,-41.1211673768534,3.57305666694407));
#9319=CARTESIAN_POINT('Ctrl Pts',(-6.72500024905737,-43.7533192527547,3.56950745091313));
#9320=CARTESIAN_POINT('Ctrl Pts',(-8.28238953336439,-46.0181667689822,4.37796440592298));
#9321=CARTESIAN_POINT('Ctrl Pts',(-9.61027692992185,-48.2288408278456,5.90683528228429));
#9322=CARTESIAN_POINT('Ctrl Pts',(-10.4926118940911,-49.4173941507902,7.38444050106454));
#9323=CARTESIAN_POINT('Ctrl Pts',(-10.9697613076355,-49.8606342728956,8.21896649842721));
#9324=CARTESIAN_POINT('Ctrl Pts',(1.52006147762025,-37.3708114876399,8.));
#9325=CARTESIAN_POINT('Ctrl Pts',(1.05544699327407,-37.8354259719861,7.13663791028334));
#9326=CARTESIAN_POINT('Ctrl Pts',(-0.803496466803258,-39.1065958720143,
4.85281464266358));
#9327=CARTESIAN_POINT('Ctrl Pts',(-4.20475163970896,-40.8397356659723,3.21015355047165));
#9328=CARTESIAN_POINT('Ctrl Pts',(-6.97148020555673,-43.6116085541089,3.20536843263721));
#9329=CARTESIAN_POINT('Ctrl Pts',(-8.5365214561995,-46.005956856037,4.03730460403417));
#9330=CARTESIAN_POINT('Ctrl Pts',(-9.82210926790488,-48.321295638267,5.60922231367682));
#9331=CARTESIAN_POINT('Ctrl Pts',(-10.6720992174104,-49.5629721826705,7.13663791028343));
#9332=CARTESIAN_POINT('Ctrl Pts',(-11.1367137017565,-50.0275866670166,8.));
#9333=CARTESIAN_POINT('',(-3.98453884368687,-39.6227206154888,6.10153844823142));
#9334=CARTESIAN_POINT('',(-8.88480457396019,-44.5229863457752,6.10153844825985));
#9335=CARTESIAN_POINT('Ctrl Pts',(-3.98453884368685,-39.6227206154888,6.10153844823143));
#9336=CARTESIAN_POINT('Ctrl Pts',(-4.46478578307663,-40.1029675548786,5.87078426955562));
#9337=CARTESIAN_POINT('Ctrl Pts',(-4.97209153422943,-40.6102733060314,5.67896345396351));
#9338=CARTESIAN_POINT('Ctrl Pts',(-5.73465100007948,-41.3728327718814,5.51480182171817));
#9339=CARTESIAN_POINT('Ctrl Pts',(-5.98947212792638,-41.6276538997284,5.48044319791237));
#9340=CARTESIAN_POINT('Ctrl Pts',(-6.47358856778804,-42.11177033959,5.45929704089669));
#9341=CARTESIAN_POINT('Ctrl Pts',(-6.69796654494604,-42.336148316748,5.46735047592535));
#9342=CARTESIAN_POINT('Ctrl Pts',(-7.24392481178206,-42.8821065835841,5.52908580975879));
#9343=CARTESIAN_POINT('Ctrl Pts',(-7.55973541052555,-43.1979171823282,5.5998549506904));
#9344=CARTESIAN_POINT('Ctrl Pts',(-8.21425346058367,-43.8524352323864,5.80383324216364));
#9345=CARTESIAN_POINT('Ctrl Pts',(-8.55503173386778,-44.1932135056698,5.9430856719375));
#9346=CARTESIAN_POINT('Ctrl Pts',(-8.88480457390779,-44.5229863457098,6.10153844823156));
#9347=CARTESIAN_POINT('Ctrl Pts',(-8.88441603298078,-44.5231987397576,6.10211363065246));
#9348=CARTESIAN_POINT('Ctrl Pts',(-8.93310621485544,-44.5993525734281,6.13213514326814));
#9349=CARTESIAN_POINT('Ctrl Pts',(-9.41453724797558,-45.3599213219163,6.44347445750945));
#9350=CARTESIAN_POINT('Ctrl Pts',(-10.2352574046181,-46.7753060959347,7.24451124472659));
#9351=CARTESIAN_POINT('Ctrl Pts',(-10.9974234460245,-47.8588999492792,8.35058663626369));
#9352=CARTESIAN_POINT('Ctrl Pts',(-11.4074155667684,-48.2688920700231,8.97578881669399));
#9353=CARTESIAN_POINT('Ctrl Pts',(-11.1367137017565,-50.0275866670166,8.));
#9354=CARTESIAN_POINT('Ctrl Pts',(-10.6720992174104,-49.5629721826705,7.13663791028343));
#9355=CARTESIAN_POINT('Ctrl Pts',(-9.82210926790488,-48.321295638267,5.60922231367682));
#9356=CARTESIAN_POINT('Ctrl Pts',(-8.5365214561995,-46.005956856037,4.03730460403417));
#9357=CARTESIAN_POINT('Ctrl Pts',(-6.97148020555673,-43.6116085541089,3.20536843263721));
#9358=CARTESIAN_POINT('Ctrl Pts',(-4.20475163970896,-40.8397356659723,3.21015355047165));
#9359=CARTESIAN_POINT('Ctrl Pts',(-0.803496466803258,-39.1065958720143,
4.85281464266358));
#9360=CARTESIAN_POINT('Ctrl Pts',(1.05544699327407,-37.8354259719861,7.13663791028334));
#9361=CARTESIAN_POINT('Ctrl Pts',(1.52006147762025,-37.3708114876399,8.));
#9362=CARTESIAN_POINT('Ctrl Pts',(-0.238633119373202,-37.100109622628,8.97578881669399));
#9363=CARTESIAN_POINT('Ctrl Pts',(-0.648625240117075,-37.5101017433719,
8.35058663626369));
#9364=CARTESIAN_POINT('Ctrl Pts',(-1.78986904956819,-38.3120170625361,7.18711570369519));
#9365=CARTESIAN_POINT('Ctrl Pts',(-3.22318404754732,-39.1366056082393,6.40061155083691));
#9366=CARTESIAN_POINT('Ctrl Pts',(-3.98432998183545,-39.6226333361576,6.10086657415274));
#9367=CARTESIAN_POINT('Origin',(-6.43467170879711,-42.0728534805993,16.2999999999994));
#9368=CARTESIAN_POINT('Origin',(-6.4346717087971,-42.0728534805993,16.2999999999994));
#9369=CARTESIAN_POINT('Origin',(1.00481446348969,-34.6333673083131,56.0210222419356));
#9370=CARTESIAN_POINT('',(1.00481446348968,-34.6333673083131,56.0210222419356));
#9371=CARTESIAN_POINT('',(-2.71492862265394,-38.3531103944568,56.0210222419354));
#9372=CARTESIAN_POINT('',(1.00481446348968,-34.6333673083131,56.0210222419356));
#9373=CARTESIAN_POINT('Origin',(1.00481446348979,-34.6333673083128,47.9789777580639));
#9374=CARTESIAN_POINT('',(1.0048144634899,-34.6333673083125,39.5394888790318));
#9375=CARTESIAN_POINT('Origin',(-15.76848122046,-43.3456456867354,54.2));
#9376=CARTESIAN_POINT('Origin',(0.141421356237292,-27.4357431100381,54.2));
#9377=CARTESIAN_POINT('',(-15.76848122046,-43.3456456867354,62.2));
#9378=CARTESIAN_POINT('Origin',(-0.424264068711404,-36.0624458405133,7.7999999999996));
#9379=CARTESIAN_POINT('',(-0.424264068711355,-36.0624458405131,3.29999999999958));
#9380=CARTESIAN_POINT('',(-0.424264068711355,-36.0624458405131,3.29999999999958));
#9381=CARTESIAN_POINT('',(2.75771644662803,-32.8804653251738,7.79999999999973));
#9382=CARTESIAN_POINT('Origin',(-0.424264068711404,-36.0624458405133,7.7999999999996));
#9383=CARTESIAN_POINT('',(2.75771644662803,-32.8804653251738,7.79999999999973));
#9384=CARTESIAN_POINT('Origin',(2.7577164466275,-32.8804653251752,55.8999999999998));
#9385=CARTESIAN_POINT('',(2.7577164466275,-32.8804653251752,55.8999999999998));
#9386=CARTESIAN_POINT('',(2.7577164466275,-32.8804653251752,55.8999999999998));
#9387=CARTESIAN_POINT('',(2.7577164466275,-32.8804653251752,55.8999999999998));
#9388=CARTESIAN_POINT('Origin',(0.636396103067876,-35.0017856687349,55.8999999999998));
#9389=CARTESIAN_POINT('',(0.636396103067838,-35.001785668735,58.8999999999998));
#9390=CARTESIAN_POINT('Origin',(0.636396103067876,-35.0017856687349,55.8999999999998));
#9391=CARTESIAN_POINT('',(0.636396103067838,-35.001785668735,58.8999999999998));
#9392=CARTESIAN_POINT('Origin',(-13.505739520663,-49.1439212924661,58.8999999999992));
#9393=CARTESIAN_POINT('',(-13.505739520663,-49.1439212924661,58.8999999999992));
#9394=CARTESIAN_POINT('',(-13.505739520663,-49.1439212924661,58.8999999999992));
#9395=CARTESIAN_POINT('',(-13.505739520663,-49.1439212924661,58.8999999999992));
#9396=CARTESIAN_POINT('Origin',(-0.424264068711355,-36.0624458405131,3.29999999999958));
#9397=CARTESIAN_POINT('',(-12.4450793488826,-48.0832611206846,3.29999999999909));
#9398=CARTESIAN_POINT('',(-12.4450793488826,-48.0832611206846,3.29999999999909));
#9399=CARTESIAN_POINT('',(-0.424264068711355,-36.0624458405131,3.29999999999958));
#9400=CARTESIAN_POINT('Origin',(-13.505739520663,-49.1439212924661,55.8999999999992));
#9401=CARTESIAN_POINT('Origin',(-13.505739520663,-49.1439212924661,55.8999999999992));
#9402=CARTESIAN_POINT('Origin',(-12.4450793488826,-48.0832611206848,7.7999999999991));
#9403=CARTESIAN_POINT('Origin',(-12.4450793488826,-48.0832611206848,7.7999999999991));
#9404=CARTESIAN_POINT('Origin',(-6.43467170879727,-42.0728534805997,31.0999999999994));
#9405=CARTESIAN_POINT('Origin',(-15.76848122046,-43.3456456867354,8.));
#9406=CARTESIAN_POINT('',(-15.76848122046,-43.3456456867354,0.));
#9407=CARTESIAN_POINT('Origin',(0.141421356237292,-27.4357431100381,8.));
#9408=CARTESIAN_POINT('Origin',(5.79827560572967,-33.0925973595305,0.));
#9409=CARTESIAN_POINT('Origin',(-24.2537625946986,-24.2537625946986,0.));
#9410=CARTESIAN_POINT('',(-32.7390439689372,-5.16187950266183,0.));
#9411=CARTESIAN_POINT('Origin',(-53.5986940139403,-16.1220346110533,8.));
#9412=CARTESIAN_POINT('',(-52.8915872327538,-16.8291413922398,8.));
#9413=CARTESIAN_POINT('Origin',(-21.0717820793591,-48.6489465456344,8.));
#9414=CARTESIAN_POINT('',(-14.7078210486802,-52.1844804515672,8.));
#9415=CARTESIAN_POINT('',(-18.9760423443238,-54.5982018142468,3.92090356872477));
#9416=CARTESIAN_POINT('',(-17.7244639159785,-54.7891200708122,6.00156292824403));
#9417=CARTESIAN_POINT('Origin',(-18.1146563696644,-45.6918208359397,8.));
#9418=CARTESIAN_POINT('',(-17.915382172544,-53.5375416424669,3.92090356872473));
#9419=CARTESIAN_POINT('Origin',(-26.8217631508509,-54.3989276171263,8.));
#9420=CARTESIAN_POINT('',(-19.0535229266992,-52.3994008883117,2.31132947830889));
#9421=CARTESIAN_POINT('Origin',(-21.9378796743678,-49.5150441406431,8.));
#9422=CARTESIAN_POINT('',(-21.0551013550445,-51.4584826317463,1.29133029056942));
#9423=CARTESIAN_POINT('Origin',(-26.8217631508509,-54.3989276171263,8.));
#9424=CARTESIAN_POINT('',(-20.1141830984791,-53.4600610600915,2.31132947830886));
#9425=CARTESIAN_POINT('Origin',(-18.1146563696644,-45.6918208359397,8.));
#9426=CARTESIAN_POINT('Origin',(-22.9985398461476,-50.575704312423,8.));
#9427=CARTESIAN_POINT('Origin',(-21.0717820793591,-48.6489465456344,3.99999999999999));
#9428=CARTESIAN_POINT('Origin',(-48.6489465456345,-21.0717820793591,54.2));
#9429=CARTESIAN_POINT('',(-47.2347329832614,-19.657568516986,61.2));
#9430=CARTESIAN_POINT('',(-53.5986940139403,-16.1220346110533,54.2));
#9431=CARTESIAN_POINT('',(-52.1844804515672,-14.7078210486802,54.2));
#9432=CARTESIAN_POINT('Origin',(-48.6489465456345,-21.0717820793591,54.2));
#9433=CARTESIAN_POINT('',(-54.5980258272347,-18.9758663573117,58.2790964312753));
#9434=CARTESIAN_POINT('',(-54.7889440838001,-17.7242879289665,56.198437071756));
#9435=CARTESIAN_POINT('Origin',(-45.6916448489277,-18.1144803826523,54.2));
#9436=CARTESIAN_POINT('',(-53.5373656554548,-17.915206185532,58.2790964312754));
#9437=CARTESIAN_POINT('Origin',(-54.3987516301142,-26.8215871638388,54.2));
#9438=CARTESIAN_POINT('',(-52.3992249012997,-19.0533469396871,59.8886705216911));
#9439=CARTESIAN_POINT('Origin',(-49.514868153631,-21.9377036873557,54.2));
#9440=CARTESIAN_POINT('',(-51.4583066447342,-21.0549253680324,60.9086697094306));
#9441=CARTESIAN_POINT('Origin',(-54.3987516301142,-26.8215871638388,54.2));
#9442=CARTESIAN_POINT('',(-53.4598850730794,-20.114007111467,59.8886705216911));
#9443=CARTESIAN_POINT('Origin',(-45.6916448489277,-18.1144803826523,54.2));
#9444=CARTESIAN_POINT('Origin',(-50.5755283254109,-22.9983638591355,54.2));
#9445=CARTESIAN_POINT('Origin',(-54.3058007951269,-15.4149278298667,0.));
#9446=CARTESIAN_POINT('Origin',(-48.6489465456345,-21.0717820793591,8.));
#9447=CARTESIAN_POINT('',(-53.5986940139403,-16.1220346110533,8.));
#9448=CARTESIAN_POINT('Origin',(-48.6489465456345,-21.0717820793591,8.));
#9449=CARTESIAN_POINT('',(-52.1844804515672,-14.7078210486802,8.));
#9450=CARTESIAN_POINT('',(-53.4601692720365,-20.1142913104237,2.31132947830905));
#9451=CARTESIAN_POINT('',(-51.458590843691,-21.0552095669894,1.29133029056936));
#9452=CARTESIAN_POINT('Origin',(-45.6919290478851,-18.1147645816098,8.));
#9453=CARTESIAN_POINT('',(-52.3995091002564,-19.0536311386442,2.31132947830873));
#9454=CARTESIAN_POINT('Origin',(-54.3990358290712,-26.8218713627958,8.));
#9455=CARTESIAN_POINT('',(-53.5376498544117,-17.9154903844888,3.92090356872468));
#9456=CARTESIAN_POINT('Origin',(-49.5151523525879,-21.9379878863126,8.));
#9457=CARTESIAN_POINT('',(-54.789228282757,-17.7245721279234,6.00156292824389));
#9458=CARTESIAN_POINT('Origin',(-54.3990358290712,-26.8218713627958,8.));
#9459=CARTESIAN_POINT('',(-54.5983100261913,-18.9761505562689,3.92090356872423));
#9460=CARTESIAN_POINT('Origin',(-45.6919290478851,-18.1147645816098,8.));
#9461=CARTESIAN_POINT('Origin',(-50.5758125243678,-22.9986480580924,8.));
#9462=CARTESIAN_POINT('Origin',(-21.0717820793591,-48.6489465456344,54.2));
#9463=CARTESIAN_POINT('',(-14.7078210486802,-52.1844804515672,54.2));
#9464=CARTESIAN_POINT('',(-19.657568516986,-47.2347329832614,61.2));
#9465=CARTESIAN_POINT('',(-20.1439121649476,-53.48979012656,59.8886705216912));
#9466=CARTESIAN_POINT('',(-21.0695891523762,-51.5332148314303,60.8958323480776));
#9467=CARTESIAN_POINT('Origin',(-18.1443854361328,-45.7215499024081,54.2));
#9468=CARTESIAN_POINT('',(-21.0398272882974,-51.5034529673515,60.8958323480776));
#9469=CARTESIAN_POINT('',(-19.6285514729697,-50.0921771520239,60.8958323480776));
#9470=CARTESIAN_POINT('',(-19.0832519931676,-52.4291299547803,59.888670521691));
#9471=CARTESIAN_POINT('Origin',(-26.8514922173195,-54.4286566835948,54.2));
#9472=CARTESIAN_POINT('',(-17.9451112390125,-53.5672707089354,58.2790964312753));
#9473=CARTESIAN_POINT('Origin',(-21.9676087408363,-49.5447732071116,54.2));
#9474=CARTESIAN_POINT('',(-17.7541929824471,-54.8188491372807,56.198437071756));
#9475=CARTESIAN_POINT('Origin',(-26.8514922173195,-54.4286566835948,54.2));
#9476=CARTESIAN_POINT('',(-19.0057714107923,-54.6279308807153,58.2790964312752));
#9477=CARTESIAN_POINT('Origin',(-18.1443854361328,-45.7215499024081,54.2));
#9478=CARTESIAN_POINT('Origin',(-23.0282689126161,-50.6054333788915,54.2));
#9479=CARTESIAN_POINT('Origin',(-18.2433549546129,-51.4773736703806,54.2));
#9480=CARTESIAN_POINT('Origin',(-54.3058007951269,-15.4149278298667,0.));
#9481=CARTESIAN_POINT('',(-53.5986940139403,-16.1220346110533,27.1));
#9482=CARTESIAN_POINT('Origin',(-52.1844804515672,-14.7078210486802,54.2));
#9483=CARTESIAN_POINT('Origin',(-51.904239649114,-21.6702209333462,1.17157287525373));
#9484=CARTESIAN_POINT('',(-53.154239649114,-20.4202209333462,1.87867965644029));
#9485=CARTESIAN_POINT('Origin',(-54.3435794773342,-17.1095607615664,6.12132034355956));
#9486=CARTESIAN_POINT('',(-53.8435794773341,-17.6095607615664,4.35355339059321));
#9487=CARTESIAN_POINT('Origin',(-17.0349005424023,-54.4774814055456,55.9312039477323));
#9488=CARTESIAN_POINT('',(-17.5349005424023,-53.9774814055456,57.6989709006987));
#9489=CARTESIAN_POINT('Origin',(-21.5955607141822,-52.0381415773254,60.8809514160382));
#9490=CARTESIAN_POINT('',(-20.3455607141822,-53.2881415773254,60.1738446348516));
#9491=CARTESIAN_POINT('Origin',(-50.8432952783772,-20.6092765626095,61.0284271247463));
#9492=CARTESIAN_POINT('',(-52.0932952783772,-19.3592765626095,60.3213203435597));
#9493=CARTESIAN_POINT('Origin',(-55.4039554501571,-18.1699367343894,56.0786796564404));
#9494=CARTESIAN_POINT('',(-54.903955450157,-18.6699367343894,57.8464466094068));
#9495=CARTESIAN_POINT('Origin',(-52.1709603213222,-19.8119416055545,60.0561553006147));
#9496=CARTESIAN_POINT('',(-52.2486253642671,-20.2646066484994,59.7909902576698));
#9497=CARTESIAN_POINT('Origin',(-54.4512904072121,-18.5922716914444,57.5812815664618));
#9498=CARTESIAN_POINT('Origin',(-17.9875655853473,-54.0551464484906,57.4338058577537));
#9499=CARTESIAN_POINT('',(-21.0652306282923,-51.5078114914355,60.8809514160382));
#9500=CARTESIAN_POINT('',(-20.6125655853473,-51.4301464484906,61.1461164589831));
#9501=CARTESIAN_POINT('',(-18.4402306282923,-54.1328114914355,57.1686408148088));
#9502=CARTESIAN_POINT('Origin',(-20.5349005424023,-50.9774814055456,60.8809514160382));
#9503=CARTESIAN_POINT('',(-21.0652306282922,-51.5078114914355,60.8809514160382));
#9504=CARTESIAN_POINT('Origin',(-20.2678956712372,-52.8354765343805,59.9086795919067));
#9505=CARTESIAN_POINT('Origin',(-53.9212445202791,-18.0622258045114,4.61871843353817));
#9506=CARTESIAN_POINT('',(-53.9989095632241,-18.5148908474563,4.88388347648313));
#9507=CARTESIAN_POINT('Origin',(-52.701574606169,-20.3425558904013,2.14384469938528));
#9508=CARTESIAN_POINT('Origin',(-20.6094525496216,-50.8434712653893,1.1715728752538));
#9509=CARTESIAN_POINT('',(-19.3594525496216,-52.0934712653893,1.87867965644034));
#9510=CARTESIAN_POINT('Origin',(-19.8121175925666,-52.1711363083343,2.1438446993853));
#9511=CARTESIAN_POINT('',(-20.2647826355115,-52.2488013512792,2.40900974233025));
#9512=CARTESIAN_POINT('Origin',(-18.1701127214014,-55.4041314371691,6.12132034355963));
#9513=CARTESIAN_POINT('',(-18.6701127214014,-54.9041314371691,4.35355339059326));
#9514=CARTESIAN_POINT('Origin',(-18.5924476784565,-54.4514663942242,4.61871843353822));
#9515=CARTESIAN_POINT('Origin',(-19.657568516986,-47.2347329832614,61.2));
#9516=CARTESIAN_POINT('Origin',(-14.7078210486802,-52.1844804515672,8.));
#9517=CARTESIAN_POINT('Origin',(-32.7390439689372,-5.16187950266183,8.));
#9518=CARTESIAN_POINT('',(-38.3958982184295,0.494974746830554,8.));
#9519=CARTESIAN_POINT('Origin',(-33.0925973595305,5.79827560572964,0.));
#9520=CARTESIAN_POINT('',(-38.3958982184295,0.494974746830554,54.2));
#9521=CARTESIAN_POINT('Origin',(-32.7390439689372,-5.16187950266183,54.2));
#9522=CARTESIAN_POINT('',(-32.7390439689372,-5.16187950266183,62.2));
#9523=CARTESIAN_POINT('Origin',(-24.2537625946986,-24.2537625946986,62.2));
#9524=CARTESIAN_POINT('Origin',(-48.6489465456345,-21.0717820793591,61.2));
#9525=CARTESIAN_POINT('Ctrl Pts',(-23.3516949545793,-46.3690336704142,12.3098658858668));
#9526=CARTESIAN_POINT('Ctrl Pts',(-22.6445881733928,-45.6619268892277,12.3098658858668));
#9527=CARTESIAN_POINT('Ctrl Pts',(-23.3984062283882,-46.3223223966054,12.2220276368956));
#9528=CARTESIAN_POINT('Ctrl Pts',(-22.6912994472017,-45.6152156154188,12.2220276368956));
#9529=CARTESIAN_POINT('Ctrl Pts',(-23.4991255105548,-46.2216031144388,12.0326299891381));
#9530=CARTESIAN_POINT('Ctrl Pts',(-22.7920187293683,-45.5144963332522,12.0326299891381));
#9531=CARTESIAN_POINT('Ctrl Pts',(-23.5075530831886,-46.213175541805,11.7949625300605));
#9532=CARTESIAN_POINT('Ctrl Pts',(-22.800446302002,-45.5060687606185,11.7949625300605));
#9533=CARTESIAN_POINT('Ctrl Pts',(-23.512072142533,-46.2086564824606,11.6675197421443));
#9534=CARTESIAN_POINT('Ctrl Pts',(-22.8049653613465,-45.501549701274,11.6675197421443));
#9535=CARTESIAN_POINT('',(-23.3516949545793,-46.3690336704142,12.3098658858668));
#9536=CARTESIAN_POINT('',(-23.512072142533,-46.2086564824606,11.6675197421443));
#9537=CARTESIAN_POINT('Ctrl Pts',(-23.3516949545793,-46.3690336704142,12.3098658858668));
#9538=CARTESIAN_POINT('Ctrl Pts',(-23.3984062283882,-46.3223223966054,12.2220276368956));
#9539=CARTESIAN_POINT('Ctrl Pts',(-23.4991255105548,-46.2216031144388,12.0326299891381));
#9540=CARTESIAN_POINT('Ctrl Pts',(-23.5075530831886,-46.213175541805,11.7949625300605));
#9541=CARTESIAN_POINT('Ctrl Pts',(-23.512072142533,-46.2086564824606,11.6675197421443));
#9542=CARTESIAN_POINT('',(-22.8049653613465,-45.501549701274,11.6675197421443));
#9543=CARTESIAN_POINT('',(-23.512072142533,-46.2086564824606,11.6675197421443));
#9544=CARTESIAN_POINT('',(-22.6445881733928,-45.6619268892277,12.3098658858668));
#9545=CARTESIAN_POINT('Ctrl Pts',(-22.6445881733928,-45.6619268892277,12.3098658858668));
#9546=CARTESIAN_POINT('Ctrl Pts',(-22.6912994472017,-45.6152156154188,12.2220276368956));
#9547=CARTESIAN_POINT('Ctrl Pts',(-22.7920187293683,-45.5144963332522,12.0326299891381));
#9548=CARTESIAN_POINT('Ctrl Pts',(-22.800446302002,-45.5060687606185,11.7949625300605));
#9549=CARTESIAN_POINT('Ctrl Pts',(-22.8049653613465,-45.501549701274,11.6675197421443));
#9550=CARTESIAN_POINT('',(-23.3516949545793,-46.3690336704142,12.3098658858668));
#9551=CARTESIAN_POINT('Ctrl Pts',(-22.909150516404,-46.8115781085895,12.536486917628));
#9552=CARTESIAN_POINT('Ctrl Pts',(-22.2020437352175,-46.104471327403,12.536486917628));
#9553=CARTESIAN_POINT('Ctrl Pts',(-22.996244241184,-46.7244843838096,12.5295789182728));
#9554=CARTESIAN_POINT('Ctrl Pts',(-22.2891374599974,-46.0173776026231,12.5295789182728));
#9555=CARTESIAN_POINT('Ctrl Pts',(-23.160396238917,-46.5603323860765,12.5165588999264));
#9556=CARTESIAN_POINT('Ctrl Pts',(-22.4532894577305,-45.85322560489,12.5165588999264));
#9557=CARTESIAN_POINT('Ctrl Pts',(-23.2905816835517,-46.4301469414419,12.3758970985909));
#9558=CARTESIAN_POINT('Ctrl Pts',(-22.5834749023652,-45.7230401602553,12.3758970985909));
#9559=CARTESIAN_POINT('Ctrl Pts',(-23.3516949545793,-46.3690336704142,12.3098658858668));
#9560=CARTESIAN_POINT('Ctrl Pts',(-22.6445881733928,-45.6619268892277,12.3098658858668));
#9561=CARTESIAN_POINT('',(-22.909150516404,-46.8115781085895,12.536486917628));
#9562=CARTESIAN_POINT('Ctrl Pts',(-22.909150516404,-46.8115781085895,12.536486917628));
#9563=CARTESIAN_POINT('Ctrl Pts',(-22.996244241184,-46.7244843838096,12.5295789182728));
#9564=CARTESIAN_POINT('Ctrl Pts',(-23.160396238917,-46.5603323860765,12.5165588999264));
#9565=CARTESIAN_POINT('Ctrl Pts',(-23.2905816835517,-46.4301469414419,12.3758970985909));
#9566=CARTESIAN_POINT('Ctrl Pts',(-23.3516949545793,-46.3690336704142,12.3098658858668));
#9567=CARTESIAN_POINT('',(-22.2020437352175,-46.104471327403,12.536486917628));
#9568=CARTESIAN_POINT('Ctrl Pts',(-22.2020437352175,-46.104471327403,12.536486917628));
#9569=CARTESIAN_POINT('Ctrl Pts',(-22.2891374599974,-46.0173776026231,12.5295789182728));
#9570=CARTESIAN_POINT('Ctrl Pts',(-22.4532894577305,-45.85322560489,12.5165588999264));
#9571=CARTESIAN_POINT('Ctrl Pts',(-22.5834749023652,-45.7230401602553,12.3758970985909));
#9572=CARTESIAN_POINT('Ctrl Pts',(-22.6445881733928,-45.6619268892277,12.3098658858668));
#9573=CARTESIAN_POINT('',(-22.909150516404,-46.8115781085895,12.536486917628));
#9574=CARTESIAN_POINT('Ctrl Pts',(-22.4641940140885,-47.2565346109051,12.3064821301829));
#9575=CARTESIAN_POINT('Ctrl Pts',(-21.7570872329019,-46.5494278297186,12.3064821301829));
#9576=CARTESIAN_POINT('Ctrl Pts',(-22.5254464186081,-47.1952822063855,12.3734987220374));
#9577=CARTESIAN_POINT('Ctrl Pts',(-21.8183396374215,-46.4881754251989,12.3734987220374));
#9578=CARTESIAN_POINT('Ctrl Pts',(-22.6559873479836,-47.06474127701,12.5163242690975));
#9579=CARTESIAN_POINT('Ctrl Pts',(-21.9488805667971,-46.3576344958234,12.5163242690975));
#9580=CARTESIAN_POINT('Ctrl Pts',(-22.8213691502628,-46.8993594747308,12.5294957551928));
#9581=CARTESIAN_POINT('Ctrl Pts',(-22.1142623690762,-46.1922526935443,12.5294957551928));
#9582=CARTESIAN_POINT('Ctrl Pts',(-22.909150516404,-46.8115781085895,12.536486917628));
#9583=CARTESIAN_POINT('Ctrl Pts',(-22.2020437352175,-46.104471327403,12.536486917628));
#9584=CARTESIAN_POINT('',(-22.4641940140885,-47.2565346109051,12.3064821301829));
#9585=CARTESIAN_POINT('Ctrl Pts',(-22.4641940140885,-47.2565346109051,12.3064821301829));
#9586=CARTESIAN_POINT('Ctrl Pts',(-22.5254464186081,-47.1952822063855,12.3734987220374));
#9587=CARTESIAN_POINT('Ctrl Pts',(-22.6559873479836,-47.06474127701,12.5163242690975));
#9588=CARTESIAN_POINT('Ctrl Pts',(-22.8213691502628,-46.8993594747308,12.5294957551928));
#9589=CARTESIAN_POINT('Ctrl Pts',(-22.909150516404,-46.8115781085895,12.536486917628));
#9590=CARTESIAN_POINT('',(-21.7570872329019,-46.5494278297186,12.3064821301829));
#9591=CARTESIAN_POINT('Ctrl Pts',(-21.7570872329019,-46.5494278297186,12.3064821301829));
#9592=CARTESIAN_POINT('Ctrl Pts',(-21.8183396374215,-46.4881754251989,12.3734987220374));
#9593=CARTESIAN_POINT('Ctrl Pts',(-21.9488805667971,-46.3576344958234,12.5163242690975));
#9594=CARTESIAN_POINT('Ctrl Pts',(-22.1142623690762,-46.1922526935443,12.5294957551928));
#9595=CARTESIAN_POINT('Ctrl Pts',(-22.2020437352175,-46.104471327403,12.536486917628));
#9596=CARTESIAN_POINT('',(-22.4641940140885,-47.2565346109051,12.3064821301829));
#9597=CARTESIAN_POINT('Ctrl Pts',(-22.3038168261348,-47.4169117988588,11.6675197421443));
#9598=CARTESIAN_POINT('Ctrl Pts',(-21.5967100449483,-46.7098050176722,11.6675197421443));
#9599=CARTESIAN_POINT('Ctrl Pts',(-22.3085569543708,-47.4121716706228,11.7934395857785));
#9600=CARTESIAN_POINT('Ctrl Pts',(-21.6014501731842,-46.7050648894363,11.7934395857785));
#9601=CARTESIAN_POINT('Ctrl Pts',(-22.3174525291154,-47.4032760958782,12.0297474080834));
#9602=CARTESIAN_POINT('Ctrl Pts',(-21.6103457479288,-46.6961693146917,12.0297474080834));
#9603=CARTESIAN_POINT('Ctrl Pts',(-22.4174715101882,-47.3032571148054,12.2183697662183));
#9604=CARTESIAN_POINT('Ctrl Pts',(-21.7103647290016,-46.5961503336189,12.2183697662183));
#9605=CARTESIAN_POINT('Ctrl Pts',(-22.4641940140885,-47.2565346109051,12.3064821301829));
#9606=CARTESIAN_POINT('Ctrl Pts',(-21.7570872329019,-46.5494278297186,12.3064821301829));
#9607=CARTESIAN_POINT('',(-22.3038168261348,-47.4169117988588,11.6675197421443));
#9608=CARTESIAN_POINT('Ctrl Pts',(-22.3038168261348,-47.4169117988588,11.6675197421443));
#9609=CARTESIAN_POINT('Ctrl Pts',(-22.3085569543708,-47.4121716706228,11.7934395857785));
#9610=CARTESIAN_POINT('Ctrl Pts',(-22.3174525291154,-47.4032760958782,12.0297474080834));
#9611=CARTESIAN_POINT('Ctrl Pts',(-22.4174715101882,-47.3032571148054,12.2183697662183));
#9612=CARTESIAN_POINT('Ctrl Pts',(-22.4641940140885,-47.2565346109051,12.3064821301829));
#9613=CARTESIAN_POINT('',(-21.5967100449483,-46.7098050176722,11.6675197421443));
#9614=CARTESIAN_POINT('Ctrl Pts',(-21.5967100449483,-46.7098050176722,11.6675197421443));
#9615=CARTESIAN_POINT('Ctrl Pts',(-21.6014501731842,-46.7050648894363,11.7934395857785));
#9616=CARTESIAN_POINT('Ctrl Pts',(-21.6103457479288,-46.6961693146917,12.0297474080834));
#9617=CARTESIAN_POINT('Ctrl Pts',(-21.7103647290016,-46.5961503336189,12.2183697662183));
#9618=CARTESIAN_POINT('Ctrl Pts',(-21.7570872329019,-46.5494278297186,12.3064821301829));
#9619=CARTESIAN_POINT('',(-22.3038168261348,-47.4169117988588,11.6675197421443));
#9620=CARTESIAN_POINT('Origin',(-22.3038168261348,-47.4169117988588,8.61766033758036));
#9621=CARTESIAN_POINT('',(-22.3038168261348,-47.4169117988588,8.61766033758036));
#9622=CARTESIAN_POINT('',(-22.3038168261348,-47.4169117988588,8.61766033758036));
#9623=CARTESIAN_POINT('',(-21.5967100449483,-46.7098050176722,8.61766033758035));
#9624=CARTESIAN_POINT('',(-21.5967100449483,-46.7098050176722,8.61766033758036));
#9625=CARTESIAN_POINT('',(-22.3038168261348,-47.4169117988588,8.61766033758036));
#9626=CARTESIAN_POINT('Origin',(-21.2137341079969,-48.5069945169966,8.61766033758036));
#9627=CARTESIAN_POINT('',(-21.2137341079969,-48.5069945169966,8.61766033758036));
#9628=CARTESIAN_POINT('',(-21.2137341079969,-48.5069945169966,8.61766033758036));
#9629=CARTESIAN_POINT('',(-20.5066273268104,-47.7998877358101,8.61766033758035));
#9630=CARTESIAN_POINT('',(-20.5066273268104,-47.7998877358101,8.61766033758036));
#9631=CARTESIAN_POINT('',(-21.2137341079969,-48.5069945169966,8.61766033758036));
#9632=CARTESIAN_POINT('Origin',(-21.2137341079969,-48.5069945169966,11.5965890227687));
#9633=CARTESIAN_POINT('',(-21.2137341079969,-48.5069945169966,11.5965890227687));
#9634=CARTESIAN_POINT('',(-21.2137341079969,-48.5069945169966,11.5965890227687));
#9635=CARTESIAN_POINT('',(-20.5066273268104,-47.7998877358101,11.5965890227686));
#9636=CARTESIAN_POINT('',(-20.5066273268104,-47.7998877358101,11.5965890227686));
#9637=CARTESIAN_POINT('',(-21.2137341079969,-48.5069945169966,11.5965890227687));
#9638=CARTESIAN_POINT('Ctrl Pts',(-21.3150249968204,-48.4057036281731,12.441841894282));
#9639=CARTESIAN_POINT('Ctrl Pts',(-20.6079182156339,-47.6985968469866,12.441841894282));
#9640=CARTESIAN_POINT('Ctrl Pts',(-21.2855349814388,-48.4351936435547,12.2928412378679));
#9641=CARTESIAN_POINT('Ctrl Pts',(-20.5784282002523,-47.7280868623682,12.2928412378678));
#9642=CARTESIAN_POINT('Ctrl Pts',(-21.2307357140462,-48.4899929109474,12.0159635656501));
#9643=CARTESIAN_POINT('Ctrl Pts',(-20.5236289328596,-47.7828861297609,12.01596356565));
#9644=CARTESIAN_POINT('Ctrl Pts',(-21.2191055458327,-48.5016230791609,11.7290849928829));
#9645=CARTESIAN_POINT('Ctrl Pts',(-20.5119987646462,-47.7945162979743,11.7290849928829));
#9646=CARTESIAN_POINT('Ctrl Pts',(-21.2137341079969,-48.5069945169966,11.5965890227687));
#9647=CARTESIAN_POINT('Ctrl Pts',(-20.5066273268104,-47.7998877358101,11.5965890227686));
#9648=CARTESIAN_POINT('',(-21.3150249968204,-48.4057036281731,12.441841894282));
#9649=CARTESIAN_POINT('Ctrl Pts',(-21.3150249968204,-48.4057036281731,12.441841894282));
#9650=CARTESIAN_POINT('Ctrl Pts',(-21.2855349814388,-48.4351936435547,12.2928412378679));
#9651=CARTESIAN_POINT('Ctrl Pts',(-21.2307357140462,-48.4899929109474,12.0159635656501));
#9652=CARTESIAN_POINT('Ctrl Pts',(-21.2191055458327,-48.5016230791609,11.7290849928829));
#9653=CARTESIAN_POINT('Ctrl Pts',(-21.2137341079969,-48.5069945169966,11.5965890227687));
#9654=CARTESIAN_POINT('',(-20.6079182156339,-47.6985968469866,12.441841894282));
#9655=CARTESIAN_POINT('Ctrl Pts',(-20.6079182156339,-47.6985968469866,12.441841894282));
#9656=CARTESIAN_POINT('Ctrl Pts',(-20.5784282002523,-47.7280868623682,12.2928412378678));
#9657=CARTESIAN_POINT('Ctrl Pts',(-20.5236289328596,-47.7828861297609,12.01596356565));
#9658=CARTESIAN_POINT('Ctrl Pts',(-20.5119987646462,-47.7945162979743,11.7290849928829));
#9659=CARTESIAN_POINT('Ctrl Pts',(-20.5066273268104,-47.7998877358101,11.5965890227686));
#9660=CARTESIAN_POINT('',(-21.3150249968204,-48.4057036281731,12.441841894282));
#9661=CARTESIAN_POINT('Ctrl Pts',(-21.5477529400676,-48.172975684926,13.0178403197657));
#9662=CARTESIAN_POINT('Ctrl Pts',(-20.840646158881,-47.4658689037394,13.0178403197657));
#9663=CARTESIAN_POINT('Ctrl Pts',(-21.4960848316244,-48.2246437933692,12.9264055047278));
#9664=CARTESIAN_POINT('Ctrl Pts',(-20.7889780504379,-47.5175370121826,12.9264055047278));
#9665=CARTESIAN_POINT('Ctrl Pts',(-21.3972084352957,-48.3235201896979,12.7514282260478));
#9666=CARTESIAN_POINT('Ctrl Pts',(-20.6901016541092,-47.6164134085113,12.7514282260478));
#9667=CARTESIAN_POINT('Ctrl Pts',(-21.3415831500165,-48.3791454749771,12.5418868836252));
#9668=CARTESIAN_POINT('Ctrl Pts',(-20.63447636883,-47.6720386937905,12.5418868836252));
#9669=CARTESIAN_POINT('Ctrl Pts',(-21.3150249968204,-48.4057036281731,12.441841894282));
#9670=CARTESIAN_POINT('Ctrl Pts',(-20.6079182156339,-47.6985968469866,12.441841894282));
#9671=CARTESIAN_POINT('',(-21.5477529400676,-48.172975684926,13.0178403197657));
#9672=CARTESIAN_POINT('Ctrl Pts',(-21.5477529400676,-48.172975684926,13.0178403197657));
#9673=CARTESIAN_POINT('Ctrl Pts',(-21.4960848316244,-48.2246437933692,12.9264055047278));
#9674=CARTESIAN_POINT('Ctrl Pts',(-21.3972084352957,-48.3235201896979,12.7514282260478));
#9675=CARTESIAN_POINT('Ctrl Pts',(-21.3415831500165,-48.3791454749771,12.5418868836252));
#9676=CARTESIAN_POINT('Ctrl Pts',(-21.3150249968204,-48.4057036281731,12.441841894282));
#9677=CARTESIAN_POINT('',(-20.840646158881,-47.4658689037394,13.0178403197657));
#9678=CARTESIAN_POINT('Ctrl Pts',(-20.840646158881,-47.4658689037394,13.0178403197657));
#9679=CARTESIAN_POINT('Ctrl Pts',(-20.7889780504379,-47.5175370121826,12.9264055047278));
#9680=CARTESIAN_POINT('Ctrl Pts',(-20.6901016541092,-47.6164134085113,12.7514282260478));
#9681=CARTESIAN_POINT('Ctrl Pts',(-20.63447636883,-47.6720386937905,12.5418868836252));
#9682=CARTESIAN_POINT('Ctrl Pts',(-20.6079182156339,-47.6985968469866,12.441841894282));
#9683=CARTESIAN_POINT('',(-21.5477529400676,-48.172975684926,13.0178403197657));
#9684=CARTESIAN_POINT('Ctrl Pts',(-21.9227701190272,-47.7979585059663,13.4489934979807));
#9685=CARTESIAN_POINT('Ctrl Pts',(-21.2156633378407,-47.0908517247798,13.4489934979807));
#9686=CARTESIAN_POINT('Ctrl Pts',(-21.8550823087338,-47.8656463162598,13.3917603311062));
#9687=CARTESIAN_POINT('Ctrl Pts',(-21.1479755275473,-47.1585395350732,13.3917603311062));
#9688=CARTESIAN_POINT('Ctrl Pts',(-21.7154287383196,-48.0052998866739,13.2736767933837));
#9689=CARTESIAN_POINT('Ctrl Pts',(-21.0083219571331,-47.2981931054874,13.2736767933837));
#9690=CARTESIAN_POINT('Ctrl Pts',(-21.6047747454223,-48.1159538795713,13.1048430819614));
#9691=CARTESIAN_POINT('Ctrl Pts',(-20.8976679642358,-47.4088470983847,13.1048430819614));
#9692=CARTESIAN_POINT('Ctrl Pts',(-21.5477529400676,-48.172975684926,13.0178403197657));
#9693=CARTESIAN_POINT('Ctrl Pts',(-20.840646158881,-47.4658689037394,13.0178403197657));
#9694=CARTESIAN_POINT('',(-21.9227701190272,-47.7979585059663,13.4489934979807));
#9695=CARTESIAN_POINT('Ctrl Pts',(-21.9227701190272,-47.7979585059663,13.4489934979807));
#9696=CARTESIAN_POINT('Ctrl Pts',(-21.8550823087338,-47.8656463162598,13.3917603311062));
#9697=CARTESIAN_POINT('Ctrl Pts',(-21.7154287383196,-48.0052998866739,13.2736767933837));
#9698=CARTESIAN_POINT('Ctrl Pts',(-21.6047747454223,-48.1159538795713,13.1048430819614));
#9699=CARTESIAN_POINT('Ctrl Pts',(-21.5477529400676,-48.172975684926,13.0178403197657));
#9700=CARTESIAN_POINT('',(-21.2156633378407,-47.0908517247798,13.4489934979807));
#9701=CARTESIAN_POINT('Ctrl Pts',(-21.2156633378407,-47.0908517247798,13.4489934979807));
#9702=CARTESIAN_POINT('Ctrl Pts',(-21.1479755275473,-47.1585395350732,13.3917603311062));
#9703=CARTESIAN_POINT('Ctrl Pts',(-21.0083219571331,-47.2981931054874,13.2736767933837));
#9704=CARTESIAN_POINT('Ctrl Pts',(-20.8976679642358,-47.4088470983847,13.1048430819614));
#9705=CARTESIAN_POINT('Ctrl Pts',(-20.840646158881,-47.4658689037394,13.0178403197657));
#9706=CARTESIAN_POINT('',(-21.9227701190272,-47.7979585059663,13.4489934979807));
#9707=CARTESIAN_POINT('Ctrl Pts',(-22.4328422378867,-47.2878863871069,13.6517935334574));
#9708=CARTESIAN_POINT('Ctrl Pts',(-21.7257354567001,-46.5807796059203,13.6517935334574));
#9709=CARTESIAN_POINT('Ctrl Pts',(-22.3382160165004,-47.3825126084932,13.6326215673936));
#9710=CARTESIAN_POINT('Ctrl Pts',(-21.6311092353139,-46.6754058273066,13.6326215673936));
#9711=CARTESIAN_POINT('Ctrl Pts',(-22.1617036889097,-47.5590249360838,13.5968588759868));
#9712=CARTESIAN_POINT('Ctrl Pts',(-21.4545969077232,-46.8519181548973,13.5968588759868));
#9713=CARTESIAN_POINT('Ctrl Pts',(-21.9984878367852,-47.7222407882084,13.4958518317157));
#9714=CARTESIAN_POINT('Ctrl Pts',(-21.2913810555986,-47.0151340070218,13.4958518317157));
#9715=CARTESIAN_POINT('Ctrl Pts',(-21.9227701190272,-47.7979585059663,13.4489934979807));
#9716=CARTESIAN_POINT('Ctrl Pts',(-21.2156633378407,-47.0908517247798,13.4489934979807));
#9717=CARTESIAN_POINT('',(-22.4328422378867,-47.2878863871069,13.6517935334574));
#9718=CARTESIAN_POINT('Ctrl Pts',(-22.4328422378867,-47.2878863871069,13.6517935334574));
#9719=CARTESIAN_POINT('Ctrl Pts',(-22.3382160165004,-47.3825126084932,13.6326215673936));
#9720=CARTESIAN_POINT('Ctrl Pts',(-22.1617036889097,-47.5590249360838,13.5968588759868));
#9721=CARTESIAN_POINT('Ctrl Pts',(-21.9984878367852,-47.7222407882084,13.4958518317157));
#9722=CARTESIAN_POINT('Ctrl Pts',(-21.9227701190272,-47.7979585059663,13.4489934979807));
#9723=CARTESIAN_POINT('',(-21.7257354567001,-46.5807796059203,13.6517935334574));
#9724=CARTESIAN_POINT('Ctrl Pts',(-21.7257354567001,-46.5807796059203,13.6517935334574));
#9725=CARTESIAN_POINT('Ctrl Pts',(-21.6311092353139,-46.6754058273066,13.6326215673936));
#9726=CARTESIAN_POINT('Ctrl Pts',(-21.4545969077232,-46.8519181548973,13.5968588759868));
#9727=CARTESIAN_POINT('Ctrl Pts',(-21.2913810555986,-47.0151340070218,13.4958518317157));
#9728=CARTESIAN_POINT('Ctrl Pts',(-21.2156633378407,-47.0908517247798,13.4489934979807));
#9729=CARTESIAN_POINT('',(-22.4328422378867,-47.2878863871069,13.6517935334574));
#9730=CARTESIAN_POINT('Ctrl Pts',(-22.9959713384626,-46.724757286531,13.7029265700709));
#9731=CARTESIAN_POINT('Ctrl Pts',(-22.288864557276,-46.0176505053445,13.7029265700709));
#9732=CARTESIAN_POINT('Ctrl Pts',(-22.9059561470441,-46.8147724779495,13.7004476782048));
#9733=CARTESIAN_POINT('Ctrl Pts',(-22.1988493658576,-46.1076656967629,13.7004476782048));
#9734=CARTESIAN_POINT('Ctrl Pts',(-22.7177187459852,-47.0030098790084,13.6952638847248));
#9735=CARTESIAN_POINT('Ctrl Pts',(-22.0106119647986,-46.2959030978218,13.6952638847248));
#9736=CARTESIAN_POINT('Ctrl Pts',(-22.5305216281218,-47.1902069968718,13.666698789891));
#9737=CARTESIAN_POINT('Ctrl Pts',(-21.8234148469352,-46.4831002156853,13.666698789891));
#9738=CARTESIAN_POINT('Ctrl Pts',(-22.4328422378867,-47.2878863871069,13.6517935334574));
#9739=CARTESIAN_POINT('Ctrl Pts',(-21.7257354567001,-46.5807796059203,13.6517935334574));
#9740=CARTESIAN_POINT('',(-22.9959713384626,-46.724757286531,13.7029265700709));
#9741=CARTESIAN_POINT('Ctrl Pts',(-22.9959713384626,-46.724757286531,13.7029265700709));
#9742=CARTESIAN_POINT('Ctrl Pts',(-22.9059561470441,-46.8147724779495,13.7004476782048));
#9743=CARTESIAN_POINT('Ctrl Pts',(-22.7177187459852,-47.0030098790084,13.6952638847248));
#9744=CARTESIAN_POINT('Ctrl Pts',(-22.5305216281218,-47.1902069968718,13.666698789891));
#9745=CARTESIAN_POINT('Ctrl Pts',(-22.4328422378867,-47.2878863871069,13.6517935334574));
#9746=CARTESIAN_POINT('',(-22.288864557276,-46.0176505053445,13.7029265700709));
#9747=CARTESIAN_POINT('Ctrl Pts',(-22.288864557276,-46.0176505053445,13.7029265700709));
#9748=CARTESIAN_POINT('Ctrl Pts',(-22.1988493658576,-46.1076656967629,13.7004476782048));
#9749=CARTESIAN_POINT('Ctrl Pts',(-22.0106119647986,-46.2959030978218,13.6952638847248));
#9750=CARTESIAN_POINT('Ctrl Pts',(-21.8234148469352,-46.4831002156853,13.666698789891));
#9751=CARTESIAN_POINT('Ctrl Pts',(-21.7257354567001,-46.5807796059203,13.6517935334574));
#9752=CARTESIAN_POINT('',(-22.9959713384626,-46.724757286531,13.7029265700709));
#9753=CARTESIAN_POINT('Ctrl Pts',(-23.7604763953495,-45.960252229644,13.535911375178));
#9754=CARTESIAN_POINT('Ctrl Pts',(-23.053369614163,-45.2531454484575,13.535911375178));
#9755=CARTESIAN_POINT('Ctrl Pts',(-23.6444945088694,-46.0762341161241,13.5845614345586));
#9756=CARTESIAN_POINT('Ctrl Pts',(-22.9373877276829,-45.3691273349376,13.5845614345586));
#9757=CARTESIAN_POINT('Ctrl Pts',(-23.3952175811782,-46.3255110438153,13.6891237735793));
#9758=CARTESIAN_POINT('Ctrl Pts',(-22.6881107999917,-45.6184042626288,13.6891237735793));
#9759=CARTESIAN_POINT('Ctrl Pts',(-23.1350760003353,-46.5856526246582,13.6981174244023));
#9760=CARTESIAN_POINT('Ctrl Pts',(-22.4279692191488,-45.8785458434717,13.6981174244023));
#9761=CARTESIAN_POINT('Ctrl Pts',(-22.9959713384626,-46.724757286531,13.7029265700709));
#9762=CARTESIAN_POINT('Ctrl Pts',(-22.288864557276,-46.0176505053445,13.7029265700709));
#9763=CARTESIAN_POINT('',(-23.7604763953495,-45.960252229644,13.535911375178));
#9764=CARTESIAN_POINT('Ctrl Pts',(-23.7604763953495,-45.960252229644,13.535911375178));
#9765=CARTESIAN_POINT('Ctrl Pts',(-23.6444945088694,-46.0762341161241,13.5845614345586));
#9766=CARTESIAN_POINT('Ctrl Pts',(-23.3952175811782,-46.3255110438153,13.6891237735793));
#9767=CARTESIAN_POINT('Ctrl Pts',(-23.1350760003353,-46.5856526246582,13.6981174244023));
#9768=CARTESIAN_POINT('Ctrl Pts',(-22.9959713384626,-46.724757286531,13.7029265700709));
#9769=CARTESIAN_POINT('',(-23.053369614163,-45.2531454484575,13.535911375178));
#9770=CARTESIAN_POINT('Ctrl Pts',(-23.053369614163,-45.2531454484575,13.535911375178));
#9771=CARTESIAN_POINT('Ctrl Pts',(-22.9373877276829,-45.3691273349376,13.5845614345586));
#9772=CARTESIAN_POINT('Ctrl Pts',(-22.6881107999917,-45.6184042626288,13.6891237735793));
#9773=CARTESIAN_POINT('Ctrl Pts',(-22.4279692191488,-45.8785458434717,13.6981174244023));
#9774=CARTESIAN_POINT('Ctrl Pts',(-22.288864557276,-46.0176505053445,13.7029265700709));
#9775=CARTESIAN_POINT('',(-23.7604763953495,-45.960252229644,13.535911375178));
#9776=CARTESIAN_POINT('Ctrl Pts',(-24.1981975481813,-45.5225310768123,13.1218116818797));
#9777=CARTESIAN_POINT('Ctrl Pts',(-23.4910907669947,-44.8154242956258,13.1218116818797));
#9778=CARTESIAN_POINT('Ctrl Pts',(-24.1298557879442,-45.5908728370494,13.2116684378659));
#9779=CARTESIAN_POINT('Ctrl Pts',(-23.4227490067576,-44.8837660558628,13.2116684378659));
#9780=CARTESIAN_POINT('Ctrl Pts',(-23.9995296265378,-45.7211989984558,13.3830232002175));
#9781=CARTESIAN_POINT('Ctrl Pts',(-23.2924228453512,-45.0140922172693,13.3830232002175));
#9782=CARTESIAN_POINT('Ctrl Pts',(-23.8375266165352,-45.8832020084584,13.4866333644236));
#9783=CARTESIAN_POINT('Ctrl Pts',(-23.1304198353487,-45.1760952272718,13.4866333644236));
#9784=CARTESIAN_POINT('Ctrl Pts',(-23.7604763953495,-45.960252229644,13.535911375178));
#9785=CARTESIAN_POINT('Ctrl Pts',(-23.053369614163,-45.2531454484575,13.535911375178));
#9786=CARTESIAN_POINT('',(-24.1981975481813,-45.5225310768123,13.1218116818797));
#9787=CARTESIAN_POINT('Ctrl Pts',(-24.1981975481813,-45.5225310768123,13.1218116818797));
#9788=CARTESIAN_POINT('Ctrl Pts',(-24.1298557879442,-45.5908728370494,13.2116684378659));
#9789=CARTESIAN_POINT('Ctrl Pts',(-23.9995296265378,-45.7211989984558,13.3830232002175));
#9790=CARTESIAN_POINT('Ctrl Pts',(-23.8375266165352,-45.8832020084584,13.4866333644236));
#9791=CARTESIAN_POINT('Ctrl Pts',(-23.7604763953495,-45.960252229644,13.535911375178));
#9792=CARTESIAN_POINT('',(-23.4910907669947,-44.8154242956258,13.1218116818797));
#9793=CARTESIAN_POINT('Ctrl Pts',(-23.4910907669947,-44.8154242956258,13.1218116818797));
#9794=CARTESIAN_POINT('Ctrl Pts',(-23.4227490067576,-44.8837660558628,13.2116684378659));
#9795=CARTESIAN_POINT('Ctrl Pts',(-23.2924228453512,-45.0140922172693,13.3830232002175));
#9796=CARTESIAN_POINT('Ctrl Pts',(-23.1304198353487,-45.1760952272718,13.4866333644236));
#9797=CARTESIAN_POINT('Ctrl Pts',(-23.053369614163,-45.2531454484575,13.535911375178));
#9798=CARTESIAN_POINT('',(-24.1981975481813,-45.5225310768123,13.1218116818797));
#9799=CARTESIAN_POINT('Ctrl Pts',(-24.5044816465893,-45.2162469784043,12.4333154498469));
#9800=CARTESIAN_POINT('Ctrl Pts',(-23.7973748654028,-44.5091401972177,12.4333154498469));
#9801=CARTESIAN_POINT('Ctrl Pts',(-24.4673038216931,-45.2534248033005,12.5604154305923));
#9802=CARTESIAN_POINT('Ctrl Pts',(-23.7601970405066,-44.5463180221139,12.5604154305923));
#9803=CARTESIAN_POINT('Ctrl Pts',(-24.3929530114722,-45.3277756135214,12.8145988470205));
#9804=CARTESIAN_POINT('Ctrl Pts',(-23.6858462302856,-44.6206688323349,12.8145988470205));
#9805=CARTESIAN_POINT('Ctrl Pts',(-24.2631132188092,-45.4576154061844,13.0194118474236));
#9806=CARTESIAN_POINT('Ctrl Pts',(-23.5560064376227,-44.7505086249978,13.0194118474236));
#9807=CARTESIAN_POINT('Ctrl Pts',(-24.1981975481813,-45.5225310768123,13.1218116818797));
#9808=CARTESIAN_POINT('Ctrl Pts',(-23.4910907669947,-44.8154242956258,13.1218116818797));
#9809=CARTESIAN_POINT('',(-24.5044816465893,-45.2162469784043,12.4333154498469));
#9810=CARTESIAN_POINT('Ctrl Pts',(-24.5044816465893,-45.2162469784043,12.4333154498469));
#9811=CARTESIAN_POINT('Ctrl Pts',(-24.4673038216931,-45.2534248033005,12.5604154305923));
#9812=CARTESIAN_POINT('Ctrl Pts',(-24.3929530114722,-45.3277756135214,12.8145988470205));
#9813=CARTESIAN_POINT('Ctrl Pts',(-24.2631132188092,-45.4576154061844,13.0194118474236));
#9814=CARTESIAN_POINT('Ctrl Pts',(-24.1981975481813,-45.5225310768123,13.1218116818797));
#9815=CARTESIAN_POINT('',(-23.7973748654028,-44.5091401972177,12.4333154498469));
#9816=CARTESIAN_POINT('Ctrl Pts',(-23.7973748654028,-44.5091401972177,12.4333154498469));
#9817=CARTESIAN_POINT('Ctrl Pts',(-23.7601970405066,-44.5463180221139,12.5604154305923));
#9818=CARTESIAN_POINT('Ctrl Pts',(-23.6858462302856,-44.6206688323349,12.8145988470205));
#9819=CARTESIAN_POINT('Ctrl Pts',(-23.5560064376227,-44.7505086249978,13.0194118474236));
#9820=CARTESIAN_POINT('Ctrl Pts',(-23.4910907669947,-44.8154242956258,13.1218116818797));
#9821=CARTESIAN_POINT('',(-24.5044816465893,-45.2162469784043,12.4333154498469));
#9822=CARTESIAN_POINT('Ctrl Pts',(-24.6021552821394,-45.1185733428542,11.5965890227687));
#9823=CARTESIAN_POINT('Ctrl Pts',(-23.8950485009528,-44.4114665616677,11.5965890227686));
#9824=CARTESIAN_POINT('Ctrl Pts',(-24.598341555404,-45.1223870695896,11.7411782373372));
#9825=CARTESIAN_POINT('Ctrl Pts',(-23.8912347742175,-44.415280288403,11.7411782373372));
#9826=CARTESIAN_POINT('Ctrl Pts',(-24.5908294899963,-45.1298991349972,12.0259819772096));
#9827=CARTESIAN_POINT('Ctrl Pts',(-23.8837227088098,-44.4227923538107,12.0259819772096));
#9828=CARTESIAN_POINT('Ctrl Pts',(-24.5329680032152,-45.1877606217784,12.2989351791954));
#9829=CARTESIAN_POINT('Ctrl Pts',(-23.8258612220287,-44.4806538405918,12.2989351791954));
#9830=CARTESIAN_POINT('Ctrl Pts',(-24.5044816465893,-45.2162469784043,12.4333154498469));
#9831=CARTESIAN_POINT('Ctrl Pts',(-23.7973748654028,-44.5091401972177,12.4333154498469));
#9832=CARTESIAN_POINT('',(-24.6021552821394,-45.1185733428542,11.5965890227687));
#9833=CARTESIAN_POINT('Ctrl Pts',(-24.6021552821394,-45.1185733428542,11.5965890227687));
#9834=CARTESIAN_POINT('Ctrl Pts',(-24.598341555404,-45.1223870695896,11.7411782373372));
#9835=CARTESIAN_POINT('Ctrl Pts',(-24.5908294899963,-45.1298991349972,12.0259819772096));
#9836=CARTESIAN_POINT('Ctrl Pts',(-24.5329680032152,-45.1877606217784,12.2989351791954));
#9837=CARTESIAN_POINT('Ctrl Pts',(-24.5044816465893,-45.2162469784043,12.4333154498469));
#9838=CARTESIAN_POINT('',(-23.8950485009528,-44.4114665616677,11.5965890227686));
#9839=CARTESIAN_POINT('Ctrl Pts',(-23.8950485009528,-44.4114665616677,11.5965890227686));
#9840=CARTESIAN_POINT('Ctrl Pts',(-23.8912347742175,-44.415280288403,11.7411782373372));
#9841=CARTESIAN_POINT('Ctrl Pts',(-23.8837227088098,-44.4227923538107,12.0259819772096));
#9842=CARTESIAN_POINT('Ctrl Pts',(-23.8258612220287,-44.4806538405918,12.2989351791954));
#9843=CARTESIAN_POINT('Ctrl Pts',(-23.7973748654028,-44.5091401972177,12.4333154498469));
#9844=CARTESIAN_POINT('',(-24.6021552821394,-45.1185733428542,11.5965890227687));
#9845=CARTESIAN_POINT('Origin',(-24.6021552821394,-45.1185733428542,8.61766033758036));
#9846=CARTESIAN_POINT('',(-24.6021552821394,-45.1185733428542,8.61766033758036));
#9847=CARTESIAN_POINT('',(-24.6021552821394,-45.1185733428542,8.61766033758036));
#9848=CARTESIAN_POINT('',(-23.8950485009528,-44.4114665616677,8.61766033758035));
#9849=CARTESIAN_POINT('',(-23.8950485009528,-44.4114665616677,8.61766033758036));
#9850=CARTESIAN_POINT('',(-24.6021552821394,-45.1185733428542,8.61766033758036));
#9851=CARTESIAN_POINT('Origin',(-23.512072142533,-46.2086564824606,8.61766033758036));
#9852=CARTESIAN_POINT('',(-23.512072142533,-46.2086564824606,8.61766033758036));
#9853=CARTESIAN_POINT('',(-23.512072142533,-46.2086564824606,8.61766033758036));
#9854=CARTESIAN_POINT('',(-22.8049653613465,-45.501549701274,8.61766033758035));
#9855=CARTESIAN_POINT('',(-22.8049653613465,-45.501549701274,8.61766033758036));
#9856=CARTESIAN_POINT('',(-23.512072142533,-46.2086564824606,8.61766033758036));
#9857=CARTESIAN_POINT('Origin',(-23.512072142533,-46.2086564824606,11.6675197421443));
#9858=CARTESIAN_POINT('',(-23.512072142533,-46.2086564824606,11.6675197421443));
#9859=CARTESIAN_POINT('',(-22.8049653613465,-45.501549701274,11.6675197421443));
#9860=CARTESIAN_POINT('Origin',(-24.7673555447024,-44.9533730802912,11.1602934538256));
#9861=CARTESIAN_POINT('Origin',(-24.0602487635158,-44.2462662991047,11.1602934538256));
#9862=CARTESIAN_POINT('Origin',(-26.7292641581672,-42.9914644668264,9.63403128970972));
#9863=CARTESIAN_POINT('',(-26.7292641581672,-42.9914644668264,9.63403128970972));
#9864=CARTESIAN_POINT('',(-26.4181563529471,-43.3025722720465,9.63403128970972));
#9865=CARTESIAN_POINT('',(-26.7292641581672,-42.9914644668264,9.63403128970972));
#9866=CARTESIAN_POINT('',(-25.7110495717605,-42.59546549086,9.63403128970972));
#9867=CARTESIAN_POINT('',(-26.4181563529471,-43.3025722720465,9.63403128970972));
#9868=CARTESIAN_POINT('',(-26.0221573769807,-42.2843576856398,9.63403128970972));
#9869=CARTESIAN_POINT('',(-26.0221573769807,-42.2843576856398,9.63403128970972));
#9870=CARTESIAN_POINT('',(-26.7292641581672,-42.9914644668264,9.63403128970972));
#9871=CARTESIAN_POINT('Ctrl Pts',(-27.1464859268202,-42.5742426981734,9.79774230111948));
#9872=CARTESIAN_POINT('Ctrl Pts',(-26.4393791456336,-41.8671359169869,9.79774230111948));
#9873=CARTESIAN_POINT('Ctrl Pts',(-27.0946665185888,-42.6260621064048,9.750349477525));
#9874=CARTESIAN_POINT('Ctrl Pts',(-26.3875597374022,-41.9189553252183,9.750349477525));
#9875=CARTESIAN_POINT('Ctrl Pts',(-26.9690190247745,-42.7517096002191,9.63543520673992));
#9876=CARTESIAN_POINT('Ctrl Pts',(-26.2619122435879,-42.0446028190326,9.63543520673991));
#9877=CARTESIAN_POINT('Ctrl Pts',(-26.8180000468624,-42.9027285781312,9.63455089470082));
#9878=CARTESIAN_POINT('Ctrl Pts',(-26.1108932656758,-42.1956217969447,9.63455089470082));
#9879=CARTESIAN_POINT('Ctrl Pts',(-26.7292641581672,-42.9914644668264,9.63403128970972));
#9880=CARTESIAN_POINT('Ctrl Pts',(-26.0221573769807,-42.2843576856398,9.63403128970972));
#9881=CARTESIAN_POINT('',(-27.1464859268202,-42.5742426981734,9.79774230111948));
#9882=CARTESIAN_POINT('Ctrl Pts',(-27.1464859268202,-42.5742426981734,9.79774230111948));
#9883=CARTESIAN_POINT('Ctrl Pts',(-27.0946665185888,-42.6260621064048,9.750349477525));
#9884=CARTESIAN_POINT('Ctrl Pts',(-26.9690190247745,-42.7517096002191,9.63543520673992));
#9885=CARTESIAN_POINT('Ctrl Pts',(-26.8180000468624,-42.9027285781312,9.63455089470082));
#9886=CARTESIAN_POINT('Ctrl Pts',(-26.7292641581672,-42.9914644668264,9.63403128970972));
#9887=CARTESIAN_POINT('',(-26.4393791456336,-41.8671359169869,9.79774230111948));
#9888=CARTESIAN_POINT('Ctrl Pts',(-26.4393791456336,-41.8671359169869,9.79774230111948));
#9889=CARTESIAN_POINT('Ctrl Pts',(-26.3875597374022,-41.9189553252183,9.750349477525));
#9890=CARTESIAN_POINT('Ctrl Pts',(-26.2619122435879,-42.0446028190326,9.63543520673991));
#9891=CARTESIAN_POINT('Ctrl Pts',(-26.1108932656758,-42.1956217969447,9.63455089470082));
#9892=CARTESIAN_POINT('Ctrl Pts',(-26.0221573769807,-42.2843576856398,9.63403128970972));
#9893=CARTESIAN_POINT('',(-27.1464859268202,-42.5742426981734,9.79774230111948));
#9894=CARTESIAN_POINT('Ctrl Pts',(-27.2574231755966,-42.463305449397,10.1967870532405));
#9895=CARTESIAN_POINT('Ctrl Pts',(-26.5503163944101,-41.7561986682104,10.1967870532405));
#9896=CARTESIAN_POINT('Ctrl Pts',(-27.252995535634,-42.4677330893596,10.1216161966746));
#9897=CARTESIAN_POINT('Ctrl Pts',(-26.5458887544474,-41.7606263081731,10.1216161966746));
#9898=CARTESIAN_POINT('Ctrl Pts',(-27.2442311402574,-42.4764974847362,9.97281748826574));
#9899=CARTESIAN_POINT('Ctrl Pts',(-26.5371243590709,-41.7693907035496,9.97281748826574));
#9900=CARTESIAN_POINT('Ctrl Pts',(-27.1788416404776,-42.541886984516,9.85569585633337));
#9901=CARTESIAN_POINT('Ctrl Pts',(-26.4717348592911,-41.8347802033294,9.85569585633337));
#9902=CARTESIAN_POINT('Ctrl Pts',(-27.1464859268202,-42.5742426981734,9.79774230111948));
#9903=CARTESIAN_POINT('Ctrl Pts',(-26.4393791456336,-41.8671359169869,9.79774230111948));
#9904=CARTESIAN_POINT('',(-27.2574231755966,-42.463305449397,10.1967870532405));
#9905=CARTESIAN_POINT('Ctrl Pts',(-27.2574231755966,-42.463305449397,10.1967870532405));
#9906=CARTESIAN_POINT('Ctrl Pts',(-27.252995535634,-42.4677330893596,10.1216161966746));
#9907=CARTESIAN_POINT('Ctrl Pts',(-27.2442311402574,-42.4764974847362,9.97281748826574));
#9908=CARTESIAN_POINT('Ctrl Pts',(-27.1788416404776,-42.541886984516,9.85569585633337));
#9909=CARTESIAN_POINT('Ctrl Pts',(-27.1464859268202,-42.5742426981734,9.79774230111948));
#9910=CARTESIAN_POINT('',(-26.5503163944101,-41.7561986682104,10.1967870532405));
#9911=CARTESIAN_POINT('Ctrl Pts',(-26.5503163944101,-41.7561986682104,10.1967870532405));
#9912=CARTESIAN_POINT('Ctrl Pts',(-26.5458887544474,-41.7606263081731,10.1216161966746));
#9913=CARTESIAN_POINT('Ctrl Pts',(-26.5371243590709,-41.7693907035496,9.97281748826574));
#9914=CARTESIAN_POINT('Ctrl Pts',(-26.4717348592911,-41.8347802033294,9.85569585633337));
#9915=CARTESIAN_POINT('Ctrl Pts',(-26.4393791456336,-41.8671359169869,9.79774230111948));
#9916=CARTESIAN_POINT('',(-27.2574231755966,-42.463305449397,10.1967870532405));
#9917=CARTESIAN_POINT('Ctrl Pts',(-27.1296035851807,-42.5911250398129,10.5941268144976));
#9918=CARTESIAN_POINT('Ctrl Pts',(-26.4224968039941,-41.8840182586264,10.5941268144976));
#9919=CARTESIAN_POINT('Ctrl Pts',(-27.166884065953,-42.5538445590406,10.5385872510545));
#9920=CARTESIAN_POINT('Ctrl Pts',(-26.4597772847664,-41.846737777854,10.5385872510545));
#9921=CARTESIAN_POINT('Ctrl Pts',(-27.2417962890428,-42.4789323359508,10.4269848231683));
#9922=CARTESIAN_POINT('Ctrl Pts',(-26.5346895078563,-41.7718255547642,10.4269848231683));
#9923=CARTESIAN_POINT('Ctrl Pts',(-27.2521979556935,-42.4685306693,10.2737591336948));
#9924=CARTESIAN_POINT('Ctrl Pts',(-26.545091174507,-41.7614238881135,10.2737591336948));
#9925=CARTESIAN_POINT('Ctrl Pts',(-27.2574231755966,-42.463305449397,10.1967870532405));
#9926=CARTESIAN_POINT('Ctrl Pts',(-26.5503163944101,-41.7561986682104,10.1967870532405));
#9927=CARTESIAN_POINT('',(-27.1296035851807,-42.5911250398129,10.5941268144976));
#9928=CARTESIAN_POINT('Ctrl Pts',(-27.1296035851807,-42.5911250398129,10.5941268144976));
#9929=CARTESIAN_POINT('Ctrl Pts',(-27.166884065953,-42.5538445590406,10.5385872510545));
#9930=CARTESIAN_POINT('Ctrl Pts',(-27.2417962890428,-42.4789323359508,10.4269848231683));
#9931=CARTESIAN_POINT('Ctrl Pts',(-27.2521979556935,-42.4685306693,10.2737591336948));
#9932=CARTESIAN_POINT('Ctrl Pts',(-27.2574231755966,-42.463305449397,10.1967870532405));
#9933=CARTESIAN_POINT('',(-26.4224968039941,-41.8840182586264,10.5941268144976));
#9934=CARTESIAN_POINT('Ctrl Pts',(-26.4224968039941,-41.8840182586264,10.5941268144976));
#9935=CARTESIAN_POINT('Ctrl Pts',(-26.4597772847664,-41.846737777854,10.5385872510545));
#9936=CARTESIAN_POINT('Ctrl Pts',(-26.5346895078563,-41.7718255547642,10.4269848231683));
#9937=CARTESIAN_POINT('Ctrl Pts',(-26.545091174507,-41.7614238881135,10.2737591336948));
#9938=CARTESIAN_POINT('Ctrl Pts',(-26.5503163944101,-41.7561986682104,10.1967870532405));
#9939=CARTESIAN_POINT('',(-27.1296035851807,-42.5911250398129,10.5941268144976));
#9940=CARTESIAN_POINT('Ctrl Pts',(-26.685852904201,-43.0348757207926,10.7493107854258));
#9941=CARTESIAN_POINT('Ctrl Pts',(-25.9787461230144,-42.3277689396061,10.7493107854258));
#9942=CARTESIAN_POINT('Ctrl Pts',(-26.7778530628923,-42.9428755621012,10.7484295563224));
#9943=CARTESIAN_POINT('Ctrl Pts',(-26.0707462817058,-42.2357687809147,10.7484295563224));
#9944=CARTESIAN_POINT('Ctrl Pts',(-26.9356276782097,-42.7851009467839,10.7469183025945));
#9945=CARTESIAN_POINT('Ctrl Pts',(-26.2285208970232,-42.0779941655973,10.7469183025945));
#9946=CARTESIAN_POINT('Ctrl Pts',(-27.0725303897134,-42.6481982352802,10.6390823896619));
#9947=CARTESIAN_POINT('Ctrl Pts',(-26.3654236085269,-41.9410914540936,10.6390823896619));
#9948=CARTESIAN_POINT('Ctrl Pts',(-27.1296035851807,-42.5911250398129,10.5941268144976));
#9949=CARTESIAN_POINT('Ctrl Pts',(-26.4224968039941,-41.8840182586264,10.5941268144976));
#9950=CARTESIAN_POINT('',(-26.685852904201,-43.0348757207926,10.7493107854258));
#9951=CARTESIAN_POINT('Ctrl Pts',(-26.685852904201,-43.0348757207926,10.7493107854258));
#9952=CARTESIAN_POINT('Ctrl Pts',(-26.7778530628923,-42.9428755621012,10.7484295563224));
#9953=CARTESIAN_POINT('Ctrl Pts',(-26.9356276782097,-42.7851009467839,10.7469183025945));
#9954=CARTESIAN_POINT('Ctrl Pts',(-27.0725303897134,-42.6481982352802,10.6390823896619));
#9955=CARTESIAN_POINT('Ctrl Pts',(-27.1296035851807,-42.5911250398129,10.5941268144976));
#9956=CARTESIAN_POINT('',(-25.9787461230144,-42.3277689396061,10.7493107854258));
#9957=CARTESIAN_POINT('Ctrl Pts',(-25.9787461230144,-42.3277689396061,10.7493107854258));
#9958=CARTESIAN_POINT('Ctrl Pts',(-26.0707462817058,-42.2357687809147,10.7484295563224));
#9959=CARTESIAN_POINT('Ctrl Pts',(-26.2285208970232,-42.0779941655973,10.7469183025945));
#9960=CARTESIAN_POINT('Ctrl Pts',(-26.3654236085269,-41.9410914540936,10.6390823896619));
#9961=CARTESIAN_POINT('Ctrl Pts',(-26.4224968039941,-41.8840182586264,10.5941268144976));
#9962=CARTESIAN_POINT('',(-26.685852904201,-43.0348757207926,10.7493107854258));
#9963=CARTESIAN_POINT('Origin',(-26.4181563529471,-43.3025722720465,10.7493107854258));
#9964=CARTESIAN_POINT('',(-26.4181563529471,-43.3025722720465,10.7493107854258));
#9965=CARTESIAN_POINT('',(-26.4181563529471,-43.3025722720465,10.7493107854258));
#9966=CARTESIAN_POINT('',(-25.7110495717605,-42.59546549086,10.7493107854258));
#9967=CARTESIAN_POINT('',(-25.7110495717605,-42.59546549086,10.7493107854258));
#9968=CARTESIAN_POINT('',(-26.4181563529471,-43.3025722720465,10.7493107854258));
#9969=CARTESIAN_POINT('Origin',(-26.4181563529471,-43.3025722720465,9.63403128970972));
#9970=CARTESIAN_POINT('',(-26.4181563529471,-43.3025722720465,9.63403128970972));
#9971=CARTESIAN_POINT('',(-25.7110495717605,-42.59546549086,9.63403128970972));
#9972=CARTESIAN_POINT('Origin',(-26.4181563529471,-43.3025722720465,13.6176603375804));
#9973=CARTESIAN_POINT('',(-26.4181563529471,-43.3025722720465,13.6176603375804));
#9974=CARTESIAN_POINT('',(-25.3208382853253,-44.3998903396683,13.6176603375804));
#9975=CARTESIAN_POINT('',(-26.4181563529471,-43.3025722720465,13.6176603375804));
#9976=CARTESIAN_POINT('',(-24.6137315041388,-43.6927835584817,13.6176603375804));
#9977=CARTESIAN_POINT('',(-25.3208382853253,-44.3998903396683,13.6176603375804));
#9978=CARTESIAN_POINT('',(-25.7110495717605,-42.59546549086,13.6176603375804));
#9979=CARTESIAN_POINT('',(-25.7110495717605,-42.59546549086,13.6176603375804));
#9980=CARTESIAN_POINT('',(-26.4181563529471,-43.3025722720465,13.6176603375804));
#9981=CARTESIAN_POINT('Origin',(-26.4181563529471,-43.3025722720465,11.7622714578044));
#9982=CARTESIAN_POINT('',(-26.4181563529471,-43.3025722720465,11.7622714578044));
#9983=CARTESIAN_POINT('',(-26.4181563529471,-43.3025722720465,11.7622714578044));
#9984=CARTESIAN_POINT('',(-25.7110495717605,-42.59546549086,11.7622714578044));
#9985=CARTESIAN_POINT('',(-25.7110495717605,-42.59546549086,11.7622714578044));
#9986=CARTESIAN_POINT('',(-26.4181563529471,-43.3025722720465,11.7622714578044));
#9987=CARTESIAN_POINT('Origin',(-27.0162546937324,-42.7044739312612,11.7622714578044));
#9988=CARTESIAN_POINT('',(-27.0162546937324,-42.7044739312612,11.7622714578044));
#9989=CARTESIAN_POINT('',(-27.0162546937324,-42.7044739312612,11.7622714578044));
#9990=CARTESIAN_POINT('',(-26.3091479125459,-41.9973671500746,11.7622714578044));
#9991=CARTESIAN_POINT('',(-26.3091479125459,-41.9973671500746,11.7622714578044));
#9992=CARTESIAN_POINT('',(-27.0162546937324,-42.7044739312612,11.7622714578044));
#9993=CARTESIAN_POINT('Ctrl Pts',(-27.9990172056331,-41.7217114193605,11.3359414874446));
#9994=CARTESIAN_POINT('Ctrl Pts',(-27.2919104244465,-41.014604638174,11.3359414874446));
#9995=CARTESIAN_POINT('Ctrl Pts',(-27.8675140970724,-41.8532145279212,11.4598964534283));
#9996=CARTESIAN_POINT('Ctrl Pts',(-27.1604073158858,-41.1461077467347,11.4598964534283));
#9997=CARTESIAN_POINT('Ctrl Pts',(-27.571807122662,-42.1489215023316,11.7386301529991));
#9998=CARTESIAN_POINT('Ctrl Pts',(-26.8647003414755,-41.441814721145,11.7386301529991));
#9999=CARTESIAN_POINT('Ctrl Pts',(-27.2146058708015,-42.5061227541921,11.7538307051564));
#10000=CARTESIAN_POINT('Ctrl Pts',(-26.5074990896149,-41.7990159730055,
11.7538307051564));
#10001=CARTESIAN_POINT('Ctrl Pts',(-27.0162546937324,-42.7044739312612,
11.7622714578044));
#10002=CARTESIAN_POINT('Ctrl Pts',(-26.3091479125459,-41.9973671500746,
11.7622714578044));
#10003=CARTESIAN_POINT('',(-27.9990172056331,-41.7217114193605,11.3359414874446));
#10004=CARTESIAN_POINT('Ctrl Pts',(-27.9990172056331,-41.7217114193605,
11.3359414874446));
#10005=CARTESIAN_POINT('Ctrl Pts',(-27.8675140970724,-41.8532145279212,
11.4598964534283));
#10006=CARTESIAN_POINT('Ctrl Pts',(-27.571807122662,-42.1489215023316,11.7386301529991));
#10007=CARTESIAN_POINT('Ctrl Pts',(-27.2146058708015,-42.5061227541921,
11.7538307051564));
#10008=CARTESIAN_POINT('Ctrl Pts',(-27.0162546937324,-42.7044739312612,
11.7622714578044));
#10009=CARTESIAN_POINT('',(-27.2919104244465,-41.014604638174,11.3359414874446));
#10010=CARTESIAN_POINT('Ctrl Pts',(-27.2919104244465,-41.014604638174,11.3359414874446));
#10011=CARTESIAN_POINT('Ctrl Pts',(-27.1604073158858,-41.1461077467347,
11.4598964534283));
#10012=CARTESIAN_POINT('Ctrl Pts',(-26.8647003414755,-41.441814721145,11.7386301529991));
#10013=CARTESIAN_POINT('Ctrl Pts',(-26.5074990896149,-41.7990159730055,
11.7538307051564));
#10014=CARTESIAN_POINT('Ctrl Pts',(-26.3091479125459,-41.9973671500746,
11.7622714578044));
#10015=CARTESIAN_POINT('',(-27.9990172056331,-41.7217114193605,11.3359414874446));
#10016=CARTESIAN_POINT('Ctrl Pts',(-28.3209769814078,-41.3997516435858,
10.1524489461314));
#10017=CARTESIAN_POINT('Ctrl Pts',(-27.6138702002213,-40.6926448623992,
10.1524489461314));
#10018=CARTESIAN_POINT('Ctrl Pts',(-28.3107554973764,-41.4099731276172,
10.3866226525663));
#10019=CARTESIAN_POINT('Ctrl Pts',(-27.6036487161899,-40.7028663464306,
10.3866226525663));
#10020=CARTESIAN_POINT('Ctrl Pts',(-28.2913738561891,-41.4293547688044,
10.8306551178801));
#10021=CARTESIAN_POINT('Ctrl Pts',(-27.5842670750026,-40.7222479876179,
10.8306551178801));
#10022=CARTESIAN_POINT('Ctrl Pts',(-28.0928456614461,-41.6278829635475,
11.1737757227547));
#10023=CARTESIAN_POINT('Ctrl Pts',(-27.3857388802596,-40.9207761823609,
11.1737757227547));
#10024=CARTESIAN_POINT('Ctrl Pts',(-27.9990172056331,-41.7217114193605,
11.3359414874446));
#10025=CARTESIAN_POINT('Ctrl Pts',(-27.2919104244465,-41.014604638174,11.3359414874446));
#10026=CARTESIAN_POINT('',(-28.3209769814078,-41.3997516435858,10.1524489461314));
#10027=CARTESIAN_POINT('Ctrl Pts',(-28.3209769814078,-41.3997516435858,
10.1524489461314));
#10028=CARTESIAN_POINT('Ctrl Pts',(-28.3107554973764,-41.4099731276172,
10.3866226525663));
#10029=CARTESIAN_POINT('Ctrl Pts',(-28.2913738561891,-41.4293547688044,
10.8306551178801));
#10030=CARTESIAN_POINT('Ctrl Pts',(-28.0928456614461,-41.6278829635475,
11.1737757227547));
#10031=CARTESIAN_POINT('Ctrl Pts',(-27.9990172056331,-41.7217114193605,
11.3359414874446));
#10032=CARTESIAN_POINT('',(-27.6138702002213,-40.6926448623992,10.1524489461314));
#10033=CARTESIAN_POINT('Ctrl Pts',(-27.6138702002213,-40.6926448623992,
10.1524489461314));
#10034=CARTESIAN_POINT('Ctrl Pts',(-27.6036487161899,-40.7028663464306,
10.3866226525663));
#10035=CARTESIAN_POINT('Ctrl Pts',(-27.5842670750026,-40.7222479876179,
10.8306551178801));
#10036=CARTESIAN_POINT('Ctrl Pts',(-27.3857388802596,-40.9207761823609,
11.1737757227547));
#10037=CARTESIAN_POINT('Ctrl Pts',(-27.2919104244465,-41.014604638174,11.3359414874446));
#10038=CARTESIAN_POINT('',(-28.3209769814078,-41.3997516435858,10.1524489461314));
#10039=CARTESIAN_POINT('Ctrl Pts',(-28.0255461179598,-41.6951825070338,
9.01670538772455));
#10040=CARTESIAN_POINT('Ctrl Pts',(-27.3184393367732,-40.9880757258473,
9.01670538772455));
#10041=CARTESIAN_POINT('Ctrl Pts',(-28.1116057443714,-41.6091228806222,
9.17122602323057));
#10042=CARTESIAN_POINT('Ctrl Pts',(-27.4044989631849,-40.9020160994356,
9.17122602323057));
#10043=CARTESIAN_POINT('Ctrl Pts',(-28.2963427440751,-41.4243858809185,
9.50292254325892));
#10044=CARTESIAN_POINT('Ctrl Pts',(-27.5892359628885,-40.717279099732,9.50292254325892));
#10045=CARTESIAN_POINT('Ctrl Pts',(-28.3123999928544,-41.4083286321392,
9.9263010671731));
#10046=CARTESIAN_POINT('Ctrl Pts',(-27.6052932116679,-40.7012218509526,
9.9263010671731));
#10047=CARTESIAN_POINT('Ctrl Pts',(-28.3209769814078,-41.3997516435858,
10.1524489461314));
#10048=CARTESIAN_POINT('Ctrl Pts',(-27.6138702002213,-40.6926448623992,
10.1524489461314));
#10049=CARTESIAN_POINT('',(-28.0255461179598,-41.6951825070338,9.01670538772455));
#10050=CARTESIAN_POINT('Ctrl Pts',(-28.0255461179598,-41.6951825070338,
9.01670538772455));
#10051=CARTESIAN_POINT('Ctrl Pts',(-28.1116057443714,-41.6091228806222,
9.17122602323057));
#10052=CARTESIAN_POINT('Ctrl Pts',(-28.2963427440751,-41.4243858809185,
9.50292254325892));
#10053=CARTESIAN_POINT('Ctrl Pts',(-28.3123999928544,-41.4083286321392,
9.9263010671731));
#10054=CARTESIAN_POINT('Ctrl Pts',(-28.3209769814078,-41.3997516435858,
10.1524489461314));
#10055=CARTESIAN_POINT('',(-27.3184393367732,-40.9880757258473,9.01670538772455));
#10056=CARTESIAN_POINT('Ctrl Pts',(-27.3184393367732,-40.9880757258473,
9.01670538772455));
#10057=CARTESIAN_POINT('Ctrl Pts',(-27.4044989631849,-40.9020160994356,
9.17122602323057));
#10058=CARTESIAN_POINT('Ctrl Pts',(-27.5892359628885,-40.717279099732,9.50292254325892));
#10059=CARTESIAN_POINT('Ctrl Pts',(-27.6052932116679,-40.7012218509526,
9.9263010671731));
#10060=CARTESIAN_POINT('Ctrl Pts',(-27.6138702002213,-40.6926448623992,
10.1524489461314));
#10061=CARTESIAN_POINT('',(-28.0255461179598,-41.6951825070338,9.01670538772455));
#10062=CARTESIAN_POINT('Ctrl Pts',(-27.136839356133,-42.5838892688606,8.61766033758036));
#10063=CARTESIAN_POINT('Ctrl Pts',(-26.4297325749465,-41.876782487674,8.61766033758036));
#10064=CARTESIAN_POINT('Ctrl Pts',(-27.3156900253891,-42.4050385996044,
8.62629402626667));
#10065=CARTESIAN_POINT('Ctrl Pts',(-26.6085832442026,-41.6979318184179,
8.62629402626667));
#10066=CARTESIAN_POINT('Ctrl Pts',(-27.6401086945861,-42.0806199304075,
8.6419547436994));
#10067=CARTESIAN_POINT('Ctrl Pts',(-26.9330019133996,-41.3735131492209,
8.6419547436994));
#10068=CARTESIAN_POINT('Ctrl Pts',(-27.906165381213,-41.8145632437806,8.90063464506422));
#10069=CARTESIAN_POINT('Ctrl Pts',(-27.1990586000264,-41.1074564625941,
8.90063464506422));
#10070=CARTESIAN_POINT('Ctrl Pts',(-28.0255461179598,-41.6951825070338,
9.01670538772455));
#10071=CARTESIAN_POINT('Ctrl Pts',(-27.3184393367732,-40.9880757258473,
9.01670538772455));
#10072=CARTESIAN_POINT('',(-27.136839356133,-42.5838892688606,8.61766033758036));
#10073=CARTESIAN_POINT('Ctrl Pts',(-27.136839356133,-42.5838892688606,8.61766033758036));
#10074=CARTESIAN_POINT('Ctrl Pts',(-27.3156900253891,-42.4050385996044,
8.62629402626667));
#10075=CARTESIAN_POINT('Ctrl Pts',(-27.6401086945861,-42.0806199304075,
8.6419547436994));
#10076=CARTESIAN_POINT('Ctrl Pts',(-27.906165381213,-41.8145632437806,8.90063464506422));
#10077=CARTESIAN_POINT('Ctrl Pts',(-28.0255461179598,-41.6951825070338,
9.01670538772455));
#10078=CARTESIAN_POINT('',(-26.4297325749465,-41.876782487674,8.61766033758036));
#10079=CARTESIAN_POINT('Ctrl Pts',(-26.4297325749465,-41.876782487674,8.61766033758036));
#10080=CARTESIAN_POINT('Ctrl Pts',(-26.6085832442026,-41.6979318184179,
8.62629402626667));
#10081=CARTESIAN_POINT('Ctrl Pts',(-26.9330019133996,-41.3735131492209,
8.6419547436994));
#10082=CARTESIAN_POINT('Ctrl Pts',(-27.1990586000264,-41.1074564625941,
8.90063464506422));
#10083=CARTESIAN_POINT('Ctrl Pts',(-27.3184393367732,-40.9880757258473,
9.01670538772455));
#10084=CARTESIAN_POINT('',(-27.136839356133,-42.5838892688606,8.61766033758036));
#10085=CARTESIAN_POINT('Origin',(-25.3208382853253,-44.3998903396683,8.61766033758036));
#10086=CARTESIAN_POINT('',(-25.3208382853253,-44.3998903396683,8.61766033758036));
#10087=CARTESIAN_POINT('',(-25.3208382853253,-44.3998903396683,8.61766033758036));
#10088=CARTESIAN_POINT('',(-24.6137315041388,-43.6927835584817,8.61766033758036));
#10089=CARTESIAN_POINT('',(-24.6137315041388,-43.6927835584817,8.61766033758036));
#10090=CARTESIAN_POINT('',(-25.3208382853253,-44.3998903396683,8.61766033758036));
#10091=CARTESIAN_POINT('Origin',(-25.3208382853253,-44.3998903396683,13.6176603375804));
#10092=CARTESIAN_POINT('',(-25.3208382853253,-44.3998903396683,13.6176603375804));
#10093=CARTESIAN_POINT('',(-24.6137315041388,-43.6927835584817,13.6176603375804));
#10094=CARTESIAN_POINT('Origin',(-24.7673555447024,-44.9533730802912,11.1602934538256));
#10095=CARTESIAN_POINT('Origin',(-24.0602487635158,-44.2462662991047,11.1602934538256));
#10096=CARTESIAN_POINT('Origin',(-24.5809129288455,-45.1398156961481,7.81058609553801));
#10097=CARTESIAN_POINT('',(-24.5809129288455,-45.1398156961481,4.81058605083453));
#10098=CARTESIAN_POINT('',(-24.5809129288455,-45.1398156961481,7.81058609553801));
#10099=CARTESIAN_POINT('',(-24.5809129288455,-45.1398156961481,4.81058605083453));
#10100=CARTESIAN_POINT('',(-23.8738061476589,-44.4327089149616,4.81058605083452));
#10101=CARTESIAN_POINT('',(-24.5809129288455,-45.1398156961481,4.81058605083453));
#10102=CARTESIAN_POINT('',(-23.8738061476589,-44.4327089149616,7.81058609553801));
#10103=CARTESIAN_POINT('',(-23.8738061476589,-44.4327089149616,4.81058605083452));
#10104=CARTESIAN_POINT('',(-24.5809129288455,-45.1398156961481,7.81058609553801));
#10105=CARTESIAN_POINT('Origin',(-25.2880197205687,-44.4327089044248,7.81058609553801));
#10106=CARTESIAN_POINT('',(-25.2880197205687,-44.4327089044248,7.81058609553801));
#10107=CARTESIAN_POINT('',(-24.5809129288455,-45.1398156961481,7.81058609553801));
#10108=CARTESIAN_POINT('',(-24.5809129393822,-43.7256021232383,7.81058609553801));
#10109=CARTESIAN_POINT('',(-23.8738061476589,-44.4327089149616,7.81058609553801));
#10110=CARTESIAN_POINT('',(-25.2880197205687,-44.4327089044248,7.81058609553801));
#10111=CARTESIAN_POINT('Origin',(-25.2880197205687,-44.4327089044248,4.81058605083453));
#10112=CARTESIAN_POINT('',(-25.2880197205687,-44.4327089044248,4.81058605083453));
#10113=CARTESIAN_POINT('',(-25.2880197205687,-44.4327089044248,7.81058609553801));
#10114=CARTESIAN_POINT('',(-24.5809129393822,-43.7256021232383,4.81058605083452));
#10115=CARTESIAN_POINT('',(-24.5809129393822,-43.7256021232383,7.81058609553801));
#10116=CARTESIAN_POINT('',(-25.2880197205687,-44.4327089044248,4.81058605083453));
#10117=CARTESIAN_POINT('Origin',(-25.995126512292,-43.7256021127016,4.81058605083453));
#10118=CARTESIAN_POINT('',(-25.995126512292,-43.7256021127016,4.81058605083453));
#10119=CARTESIAN_POINT('',(-25.2880197205687,-44.4327089044248,4.81058605083453));
#10120=CARTESIAN_POINT('',(-25.2880197311054,-43.018495331515,4.81058605083452));
#10121=CARTESIAN_POINT('',(-24.5809129393822,-43.7256021232383,4.81058605083452));
#10122=CARTESIAN_POINT('',(-25.995126512292,-43.7256021127016,4.81058605083453));
#10123=CARTESIAN_POINT('Origin',(-24.9344663247071,-44.7862623002865,1.81058600613104));
#10124=CARTESIAN_POINT('',(-24.9344663247071,-44.7862623002865,1.81058600613104));
#10125=CARTESIAN_POINT('',(-25.995126512292,-43.7256021127016,4.81058605083453));
#10126=CARTESIAN_POINT('',(-24.2273595435205,-44.0791555190999,1.81058600613104));
#10127=CARTESIAN_POINT('',(-25.2880197311054,-43.018495331515,4.81058605083452));
#10128=CARTESIAN_POINT('',(-24.9344663247071,-44.7862623002865,1.81058600613104));
#10129=CARTESIAN_POINT('Origin',(-23.8738061371222,-45.8469224878714,4.81058605083453));
#10130=CARTESIAN_POINT('',(-23.8738061371222,-45.8469224878714,4.81058605083453));
#10131=CARTESIAN_POINT('',(-24.9344663247071,-44.7862623002865,1.81058600613104));
#10132=CARTESIAN_POINT('',(-23.1666993559357,-45.1398157066848,4.81058605083452));
#10133=CARTESIAN_POINT('',(-24.2273595435205,-44.0791555190999,1.81058600613104));
#10134=CARTESIAN_POINT('',(-23.8738061371222,-45.8469224878714,4.81058605083453));
#10135=CARTESIAN_POINT('Origin',(-24.5809129288455,-45.1398156961481,4.81058605083453));
#10136=CARTESIAN_POINT('',(-23.8738061371222,-45.8469224878714,4.81058605083453));
#10137=CARTESIAN_POINT('',(-23.1666993559357,-45.1398157066848,4.81058605083452));
#10138=CARTESIAN_POINT('Origin',(-24.9344663247071,-44.7862623002865,4.81058605083453));
#10139=CARTESIAN_POINT('Origin',(-24.2273595435206,-44.0791555190999,4.81058605083452));
#10140=CARTESIAN_POINT('',(-23.1695677903469,-17.909696411483,31.1431883936423));
#10141=UNCERTAINTY_MEASURE_WITH_UNIT(LENGTH_MEASURE(0.01),#10147,
'DISTANCE_ACCURACY_VALUE',
'Maximum model space distance between geometric entities at asserted c
onnectivities');
#10142=UNCERTAINTY_MEASURE_WITH_UNIT(LENGTH_MEASURE(0.01),#10147,
'DISTANCE_ACCURACY_VALUE',
'Maximum model space distance between geometric entities at asserted c
onnectivities');
#10143=UNCERTAINTY_MEASURE_WITH_UNIT(LENGTH_MEASURE(0.01),#10147,
'DISTANCE_ACCURACY_VALUE',
'Maximum model space distance between geometric entities at asserted c
onnectivities');
#10144=(
GEOMETRIC_REPRESENTATION_CONTEXT(3)
GLOBAL_UNCERTAINTY_ASSIGNED_CONTEXT((#10141))
GLOBAL_UNIT_ASSIGNED_CONTEXT((#10147,#10149,#10150))
REPRESENTATION_CONTEXT('','3D')
);
#10145=(
GEOMETRIC_REPRESENTATION_CONTEXT(3)
GLOBAL_UNCERTAINTY_ASSIGNED_CONTEXT((#10142))
GLOBAL_UNIT_ASSIGNED_CONTEXT((#10147,#10149,#10150))
REPRESENTATION_CONTEXT('','3D')
);
#10146=(
GEOMETRIC_REPRESENTATION_CONTEXT(3)
GLOBAL_UNCERTAINTY_ASSIGNED_CONTEXT((#10143))
GLOBAL_UNIT_ASSIGNED_CONTEXT((#10147,#10149,#10150))
REPRESENTATION_CONTEXT('','3D')
);
#10147=(
LENGTH_UNIT()
NAMED_UNIT(*)
SI_UNIT(.MILLI.,.METRE.)
);
#10148=(
LENGTH_UNIT()
NAMED_UNIT(*)
SI_UNIT($,.METRE.)
);
#10149=(
NAMED_UNIT(*)
PLANE_ANGLE_UNIT()
SI_UNIT($,.RADIAN.)
);
#10150=(
NAMED_UNIT(*)
SI_UNIT($,.STERADIAN.)
SOLID_ANGLE_UNIT()
);
#10151=SHAPE_DEFINITION_REPRESENTATION(#10153,#10156);
#10152=SHAPE_DEFINITION_REPRESENTATION(#10154,#10157);
#10153=PRODUCT_DEFINITION_SHAPE('',$,#10159);
#10154=PRODUCT_DEFINITION_SHAPE('',$,#10160);
#10155=PRODUCT_DEFINITION_SHAPE($,$,#14);
#10156=SHAPE_REPRESENTATION('',(#5522,#6020),#10144);
#10157=SHAPE_REPRESENTATION('',(#5523),#10145);
#10158=PRODUCT_DEFINITION_CONTEXT('part definition',#10166,'design');
#10159=PRODUCT_DEFINITION('Enclosure Wallplate with SEN6X',
'Enclosure Wallplate with SEN6X v16',#10161,#10158);
#10160=PRODUCT_DEFINITION('Wall Plates v2','Wall Plates v2',#10162,#10158);
#10161=PRODUCT_DEFINITION_FORMATION('',$,#10168);
#10162=PRODUCT_DEFINITION_FORMATION('',$,#10169);
#10163=PRODUCT_RELATED_PRODUCT_CATEGORY(
'Enclosure Wallplate with SEN6X v16',
'Enclosure Wallplate with SEN6X v16',(#10168));
#10164=PRODUCT_RELATED_PRODUCT_CATEGORY('Wall Plates v2',
'Wall Plates v2',(#10169));
#10165=APPLICATION_PROTOCOL_DEFINITION('international standard',
'automotive_design',2009,#10166);
#10166=APPLICATION_CONTEXT(
'Core Data for Automotive Mechanical Design Process');
#10167=PRODUCT_CONTEXT('part definition',#10166,'mechanical');
#10168=PRODUCT('Enclosure Wallplate with SEN6X',
'Enclosure Wallplate with SEN6X v16',$,(#10167));
#10169=PRODUCT('Wall Plates v2','Wall Plates v2',$,(#10167));
#10170=PRESENTATION_STYLE_ASSIGNMENT((#10173));
#10171=PRESENTATION_STYLE_ASSIGNMENT((#10174));
#10172=PRESENTATION_STYLE_ASSIGNMENT((#10175));
#10173=SURFACE_STYLE_USAGE(.BOTH.,#10176);
#10174=SURFACE_STYLE_USAGE(.BOTH.,#10177);
#10175=SURFACE_STYLE_USAGE(.BOTH.,#10178);
#10176=SURFACE_SIDE_STYLE('',(#10179));
#10177=SURFACE_SIDE_STYLE('',(#10180));
#10178=SURFACE_SIDE_STYLE('',(#10181));
#10179=SURFACE_STYLE_FILL_AREA(#10182);
#10180=SURFACE_STYLE_FILL_AREA(#10183);
#10181=SURFACE_STYLE_FILL_AREA(#10184);
#10182=FILL_AREA_STYLE('Steel - Satin',(#10185));
#10183=FILL_AREA_STYLE('Plastic - Matte (White)',(#10186));
#10184=FILL_AREA_STYLE('ABS (White)',(#10187));
#10185=FILL_AREA_STYLE_COLOUR('Steel - Satin',#10188);
#10186=FILL_AREA_STYLE_COLOUR('Plastic - Matte (White)',#10189);
#10187=FILL_AREA_STYLE_COLOUR('ABS (White)',#10190);
#10188=COLOUR_RGB('Steel - Satin',0.627450980392157,0.627450980392157,0.627450980392157);
#10189=COLOUR_RGB('Plastic - Matte (White)',0.964705882352941,0.964705882352941,
0.952941176470588);
#10190=COLOUR_RGB('ABS (White)',0.964705882352941,0.964705882352941,0.952941176470588);
ENDSEC;
END-ISO-10303-21;
