ISO-10303-21;
HEADER;
/* Generated by software containing ST-Developer
 * from STEP Tools, Inc. (www.steptools.com) 
 */

FILE_DESCRIPTION(
/* description */ (''),
/* implementation_level */ '2;1');

FILE_NAME(
/* name */ 
'ESPHome-Indoor-Multi-Sensor-Wallplate-Front-Body-No-PIR.step',
/* time_stamp */ '2025-09-27T15:42:32-05:00',
/* author */ (''),
/* organization */ (''),
/* preprocessor_version */ 'ST-DEVELOPER v20.1',
/* originating_system */ 'Autodesk Translation Framework v14.17.0.0',
/* authorisation */ '');

FILE_SCHEMA (('AUTOMOTIVE_DESIGN { 1 0 10303 214 3 1 1 }'));
ENDSEC;

DATA;
#10=MECHANICAL_DESIGN_GEOMETRIC_PRESENTATION_REPRESENTATION('',(#13),#15970);
#11=SHAPE_REPRESENTATION_RELATIONSHIP('SRR','None',#15976,#12);
#12=ADVANCED_BREP_SHAPE_REPRESENTATION('',(#14),#15969);
#13=STYLED_ITEM('',(#15986),#14);
#14=MANIFOLD_SOLID_BREP('Front Body',#9550);
#15=CONICAL_SURFACE('',#9597,7.,0.785398163397464);
#16=CONICAL_SURFACE('',#9606,7.,0.785398163397453);
#17=CONICAL_SURFACE('',#10458,7.,0.785398163397466);
#18=CONICAL_SURFACE('',#10462,7.,0.785398163397448);
#19=ELLIPSE('',#9574,9.8994949366117,7.);
#20=ELLIPSE('',#9575,9.8994949366116,7.);
#21=ELLIPSE('',#9577,9.8994949366116,7.);
#22=ELLIPSE('',#9578,9.8994949366117,7.);
#23=ELLIPSE('',#9580,7.42462120245875,5.25);
#24=ELLIPSE('',#9582,7.42462120245872,5.25);
#25=ELLIPSE('',#9592,9.89949493661183,7.);
#26=ELLIPSE('',#9593,9.89949493661162,7.);
#27=ELLIPSE('',#9595,9.89949493661162,7.);
#28=ELLIPSE('',#9596,9.89949493661183,7.);
#29=ELLIPSE('',#9611,9.89949493661169,7.);
#30=ELLIPSE('',#9612,9.89949493661107,7.);
#31=ELLIPSE('',#9614,9.89949493661107,7.);
#32=ELLIPSE('',#9615,9.89949493661169,7.);
#33=ELLIPSE('',#9626,9.8994949366117,7.);
#34=ELLIPSE('',#9627,9.89949493661158,7.);
#35=ELLIPSE('',#9629,9.89949493661158,7.);
#36=ELLIPSE('',#9630,9.8994949366117,7.);
#37=FACE_BOUND('',#2735,.T.);
#38=FACE_BOUND('',#2742,.T.);
#39=FACE_BOUND('',#2748,.T.);
#40=FACE_BOUND('',#2750,.T.);
#41=FACE_BOUND('',#2758,.T.);
#42=FACE_BOUND('',#2764,.T.);
#43=FACE_BOUND('',#3187,.T.);
#44=FACE_BOUND('',#3188,.T.);
#45=FACE_BOUND('',#3189,.T.);
#46=FACE_BOUND('',#3190,.T.);
#47=FACE_BOUND('',#3191,.T.);
#48=FACE_BOUND('',#3192,.T.);
#49=FACE_BOUND('',#3193,.T.);
#50=FACE_BOUND('',#3194,.T.);
#51=FACE_BOUND('',#3195,.T.);
#52=FACE_BOUND('',#3196,.T.);
#53=FACE_BOUND('',#3197,.T.);
#54=FACE_BOUND('',#3198,.T.);
#55=FACE_BOUND('',#3199,.T.);
#56=FACE_BOUND('',#3200,.T.);
#57=FACE_BOUND('',#3201,.T.);
#58=FACE_BOUND('',#3202,.T.);
#59=FACE_BOUND('',#3203,.T.);
#60=FACE_BOUND('',#3204,.T.);
#61=FACE_BOUND('',#3205,.T.);
#62=FACE_BOUND('',#3206,.T.);
#63=FACE_BOUND('',#3207,.T.);
#64=FACE_BOUND('',#3208,.T.);
#65=FACE_BOUND('',#3209,.T.);
#66=FACE_BOUND('',#3210,.T.);
#67=FACE_BOUND('',#3211,.T.);
#68=FACE_BOUND('',#3212,.T.);
#69=FACE_BOUND('',#3213,.T.);
#70=FACE_BOUND('',#3214,.T.);
#71=FACE_BOUND('',#3216,.T.);
#72=FACE_BOUND('',#3217,.T.);
#73=FACE_BOUND('',#3218,.T.);
#74=FACE_BOUND('',#3219,.T.);
#75=FACE_BOUND('',#3220,.T.);
#76=FACE_BOUND('',#3221,.T.);
#77=FACE_BOUND('',#3222,.T.);
#78=FACE_BOUND('',#3223,.T.);
#79=FACE_BOUND('',#3224,.T.);
#80=FACE_BOUND('',#3225,.T.);
#81=FACE_BOUND('',#3226,.T.);
#82=FACE_BOUND('',#3227,.T.);
#83=FACE_BOUND('',#3228,.T.);
#84=FACE_BOUND('',#3229,.T.);
#85=FACE_BOUND('',#3230,.T.);
#86=FACE_BOUND('',#3231,.T.);
#87=FACE_BOUND('',#3232,.T.);
#88=FACE_BOUND('',#3233,.T.);
#89=FACE_BOUND('',#3234,.T.);
#90=FACE_BOUND('',#3235,.T.);
#91=FACE_BOUND('',#3238,.T.);
#92=FACE_BOUND('',#3239,.T.);
#93=FACE_BOUND('',#3240,.T.);
#94=FACE_BOUND('',#3241,.T.);
#95=FACE_BOUND('',#3242,.T.);
#96=FACE_BOUND('',#3243,.T.);
#97=FACE_BOUND('',#3244,.T.);
#98=FACE_BOUND('',#3245,.T.);
#99=FACE_BOUND('',#3246,.T.);
#100=FACE_BOUND('',#3247,.T.);
#101=FACE_BOUND('',#3248,.T.);
#102=FACE_BOUND('',#3249,.T.);
#103=FACE_BOUND('',#3250,.T.);
#104=FACE_BOUND('',#3251,.T.);
#105=FACE_BOUND('',#3252,.T.);
#106=FACE_BOUND('',#3253,.T.);
#107=FACE_BOUND('',#3254,.T.);
#108=FACE_BOUND('',#3255,.T.);
#109=FACE_BOUND('',#3256,.T.);
#110=FACE_BOUND('',#3257,.T.);
#111=FACE_BOUND('',#3258,.T.);
#112=FACE_BOUND('',#3259,.T.);
#113=FACE_BOUND('',#3260,.T.);
#114=FACE_BOUND('',#3261,.T.);
#115=FACE_BOUND('',#3262,.T.);
#116=FACE_BOUND('',#3263,.T.);
#117=FACE_BOUND('',#3264,.T.);
#118=FACE_BOUND('',#3265,.T.);
#119=FACE_BOUND('',#3267,.T.);
#120=FACE_BOUND('',#3268,.T.);
#121=FACE_BOUND('',#3269,.T.);
#122=FACE_BOUND('',#3270,.T.);
#123=FACE_BOUND('',#3271,.T.);
#124=FACE_BOUND('',#3272,.T.);
#125=FACE_BOUND('',#3273,.T.);
#126=FACE_BOUND('',#3274,.T.);
#127=FACE_BOUND('',#3275,.T.);
#128=FACE_BOUND('',#3276,.T.);
#129=FACE_BOUND('',#3277,.T.);
#130=FACE_BOUND('',#3278,.T.);
#131=FACE_BOUND('',#3279,.T.);
#132=FACE_BOUND('',#3280,.T.);
#133=FACE_BOUND('',#3281,.T.);
#134=FACE_BOUND('',#3282,.T.);
#135=FACE_BOUND('',#3283,.T.);
#136=FACE_BOUND('',#3284,.T.);
#137=FACE_BOUND('',#3285,.T.);
#138=FACE_BOUND('',#3286,.T.);
#139=FACE_BOUND('',#3287,.T.);
#140=FACE_BOUND('',#3288,.T.);
#141=FACE_BOUND('',#3289,.T.);
#142=FACE_BOUND('',#3290,.T.);
#143=FACE_BOUND('',#3298,.T.);
#144=FACE_BOUND('',#3299,.T.);
#145=FACE_BOUND('',#3300,.T.);
#146=FACE_BOUND('',#3301,.T.);
#147=FACE_BOUND('',#3302,.T.);
#148=FACE_BOUND('',#3303,.T.);
#149=FACE_BOUND('',#3304,.T.);
#150=FACE_BOUND('',#3305,.T.);
#151=FACE_BOUND('',#3306,.T.);
#152=FACE_BOUND('',#3307,.T.);
#153=FACE_BOUND('',#3308,.T.);
#154=FACE_BOUND('',#3309,.T.);
#155=FACE_BOUND('',#3310,.T.);
#156=FACE_BOUND('',#3311,.T.);
#157=FACE_BOUND('',#3312,.T.);
#158=FACE_BOUND('',#3313,.T.);
#159=FACE_BOUND('',#3314,.T.);
#160=FACE_BOUND('',#3315,.T.);
#161=FACE_BOUND('',#3316,.T.);
#162=FACE_BOUND('',#3317,.T.);
#163=FACE_BOUND('',#3318,.T.);
#164=FACE_BOUND('',#3319,.T.);
#165=FACE_BOUND('',#3320,.T.);
#166=FACE_BOUND('',#3321,.T.);
#167=FACE_BOUND('',#3322,.T.);
#168=FACE_BOUND('',#3323,.T.);
#169=FACE_BOUND('',#3324,.T.);
#170=FACE_BOUND('',#3325,.T.);
#171=FACE_BOUND('',#3328,.T.);
#172=FACE_BOUND('',#3329,.T.);
#173=FACE_BOUND('',#3330,.T.);
#174=FACE_BOUND('',#3331,.T.);
#175=FACE_BOUND('',#3332,.T.);
#176=FACE_BOUND('',#3333,.T.);
#177=FACE_BOUND('',#3334,.T.);
#178=FACE_BOUND('',#3335,.T.);
#179=FACE_BOUND('',#3336,.T.);
#180=FACE_BOUND('',#3337,.T.);
#181=FACE_BOUND('',#3338,.T.);
#182=FACE_BOUND('',#3339,.T.);
#183=FACE_BOUND('',#3340,.T.);
#184=FACE_BOUND('',#3341,.T.);
#185=FACE_BOUND('',#3342,.T.);
#186=FACE_BOUND('',#3343,.T.);
#187=FACE_BOUND('',#3344,.T.);
#188=FACE_BOUND('',#3345,.T.);
#189=FACE_BOUND('',#3346,.T.);
#190=FACE_BOUND('',#3347,.T.);
#191=FACE_BOUND('',#3350,.T.);
#192=FACE_BOUND('',#3351,.T.);
#193=FACE_BOUND('',#3352,.T.);
#194=FACE_BOUND('',#3353,.T.);
#195=FACE_BOUND('',#3354,.T.);
#196=FACE_BOUND('',#3355,.T.);
#197=FACE_BOUND('',#3356,.T.);
#198=FACE_BOUND('',#3357,.T.);
#199=FACE_BOUND('',#3358,.T.);
#200=FACE_BOUND('',#3359,.T.);
#201=FACE_BOUND('',#3360,.T.);
#202=FACE_BOUND('',#3361,.T.);
#203=FACE_BOUND('',#3362,.T.);
#204=FACE_BOUND('',#3363,.T.);
#205=FACE_BOUND('',#3364,.T.);
#206=FACE_BOUND('',#3365,.T.);
#207=FACE_BOUND('',#3366,.T.);
#208=FACE_BOUND('',#3367,.T.);
#209=FACE_BOUND('',#3368,.T.);
#210=FACE_BOUND('',#3369,.T.);
#211=FACE_BOUND('',#3370,.T.);
#212=FACE_BOUND('',#3371,.T.);
#213=FACE_BOUND('',#3372,.T.);
#214=FACE_BOUND('',#3373,.T.);
#215=FACE_BOUND('',#3374,.T.);
#216=FACE_BOUND('',#3375,.T.);
#217=FACE_BOUND('',#3376,.T.);
#218=FACE_BOUND('',#3377,.T.);
#219=FACE_BOUND('',#3380,.T.);
#220=FACE_BOUND('',#3381,.T.);
#221=FACE_BOUND('',#3382,.T.);
#222=FACE_BOUND('',#3383,.T.);
#223=FACE_BOUND('',#3384,.T.);
#224=FACE_BOUND('',#3385,.T.);
#225=FACE_BOUND('',#3386,.T.);
#226=FACE_BOUND('',#3387,.T.);
#227=FACE_BOUND('',#3388,.T.);
#228=FACE_BOUND('',#3389,.T.);
#229=FACE_BOUND('',#3390,.T.);
#230=FACE_BOUND('',#3391,.T.);
#231=FACE_BOUND('',#3392,.T.);
#232=FACE_BOUND('',#3393,.T.);
#233=FACE_BOUND('',#3394,.T.);
#234=FACE_BOUND('',#3395,.T.);
#235=FACE_BOUND('',#3396,.T.);
#236=FACE_BOUND('',#3397,.T.);
#237=FACE_BOUND('',#3398,.T.);
#238=FACE_BOUND('',#3399,.T.);
#239=FACE_BOUND('',#3400,.T.);
#240=FACE_BOUND('',#3401,.T.);
#241=FACE_BOUND('',#3402,.T.);
#242=FACE_BOUND('',#3403,.T.);
#243=FACE_BOUND('',#3406,.T.);
#244=LINE('',#13243,#1147);
#245=LINE('',#13253,#1148);
#246=LINE('',#13256,#1149);
#247=LINE('',#13259,#1150);
#248=LINE('',#13261,#1151);
#249=LINE('',#13263,#1152);
#250=LINE('',#13264,#1153);
#251=LINE('',#13267,#1154);
#252=LINE('',#13269,#1155);
#253=LINE('',#13271,#1156);
#254=LINE('',#13272,#1157);
#255=LINE('',#13280,#1158);
#256=LINE('',#13284,#1159);
#257=LINE('',#13288,#1160);
#258=LINE('',#13291,#1161);
#259=LINE('',#13294,#1162);
#260=LINE('',#13297,#1163);
#261=LINE('',#13319,#1164);
#262=LINE('',#13322,#1165);
#263=LINE('',#13325,#1166);
#264=LINE('',#13327,#1167);
#265=LINE('',#13328,#1168);
#266=LINE('',#13330,#1169);
#267=LINE('',#13333,#1170);
#268=LINE('',#13335,#1171);
#269=LINE('',#13336,#1172);
#270=LINE('',#13341,#1173);
#271=LINE('',#13344,#1174);
#272=LINE('',#13357,#1175);
#273=LINE('',#13361,#1176);
#274=LINE('',#13364,#1177);
#275=LINE('',#13370,#1178);
#276=LINE('',#13373,#1179);
#277=LINE('',#13376,#1180);
#278=LINE('',#13378,#1181);
#279=LINE('',#13380,#1182);
#280=LINE('',#13381,#1183);
#281=LINE('',#13384,#1184);
#282=LINE('',#13386,#1185);
#283=LINE('',#13388,#1186);
#284=LINE('',#13389,#1187);
#285=LINE('',#13394,#1188);
#286=LINE('',#13397,#1189);
#287=LINE('',#13400,#1190);
#288=LINE('',#13403,#1191);
#289=LINE('',#13421,#1192);
#290=LINE('',#13424,#1193);
#291=LINE('',#13427,#1194);
#292=LINE('',#13429,#1195);
#293=LINE('',#13431,#1196);
#294=LINE('',#13432,#1197);
#295=LINE('',#13435,#1198);
#296=LINE('',#13437,#1199);
#297=LINE('',#13439,#1200);
#298=LINE('',#13440,#1201);
#299=LINE('',#13445,#1202);
#300=LINE('',#13448,#1203);
#301=LINE('',#13462,#1204);
#302=LINE('',#13463,#1205);
#303=LINE('',#13466,#1206);
#304=LINE('',#13469,#1207);
#305=LINE('',#13470,#1208);
#306=LINE('',#13472,#1209);
#307=LINE('',#13475,#1210);
#308=LINE('',#13476,#1211);
#309=LINE('',#13477,#1212);
#310=LINE('',#13479,#1213);
#311=LINE('',#13481,#1214);
#312=LINE('',#13483,#1215);
#313=LINE('',#13484,#1216);
#314=LINE('',#13486,#1217);
#315=LINE('',#13496,#1218);
#316=LINE('',#13498,#1219);
#317=LINE('',#13500,#1220);
#318=LINE('',#13501,#1221);
#319=LINE('',#13505,#1222);
#320=LINE('',#13507,#1223);
#321=LINE('',#13509,#1224);
#322=LINE('',#13510,#1225);
#323=LINE('',#13515,#1226);
#324=LINE('',#13522,#1227);
#325=LINE('',#13528,#1228);
#326=LINE('',#13530,#1229);
#327=LINE('',#13531,#1230);
#328=LINE('',#13534,#1231);
#329=LINE('',#13536,#1232);
#330=LINE('',#13537,#1233);
#331=LINE('',#13544,#1234);
#332=LINE('',#13546,#1235);
#333=LINE('',#13548,#1236);
#334=LINE('',#13549,#1237);
#335=LINE('',#13553,#1238);
#336=LINE('',#13555,#1239);
#337=LINE('',#13557,#1240);
#338=LINE('',#13558,#1241);
#339=LINE('',#13563,#1242);
#340=LINE('',#13570,#1243);
#341=LINE('',#13576,#1244);
#342=LINE('',#13578,#1245);
#343=LINE('',#13579,#1246);
#344=LINE('',#13582,#1247);
#345=LINE('',#13584,#1248);
#346=LINE('',#13585,#1249);
#347=LINE('',#13594,#1250);
#348=LINE('',#13597,#1251);
#349=LINE('',#13603,#1252);
#350=LINE('',#13606,#1253);
#351=LINE('',#13609,#1254);
#352=LINE('',#13611,#1255);
#353=LINE('',#13612,#1256);
#354=LINE('',#13615,#1257);
#355=LINE('',#13617,#1258);
#356=LINE('',#13618,#1259);
#357=LINE('',#13621,#1260);
#358=LINE('',#13623,#1261);
#359=LINE('',#13624,#1262);
#360=LINE('',#13633,#1263);
#361=LINE('',#13635,#1264);
#362=LINE('',#13636,#1265);
#363=LINE('',#13640,#1266);
#364=LINE('',#13642,#1267);
#365=LINE('',#13644,#1268);
#366=LINE('',#13645,#1269);
#367=LINE('',#13649,#1270);
#368=LINE('',#13651,#1271);
#369=LINE('',#13653,#1272);
#370=LINE('',#13654,#1273);
#371=LINE('',#13659,#1274);
#372=LINE('',#13666,#1275);
#373=LINE('',#13672,#1276);
#374=LINE('',#13674,#1277);
#375=LINE('',#13675,#1278);
#376=LINE('',#13678,#1279);
#377=LINE('',#13680,#1280);
#378=LINE('',#13681,#1281);
#379=LINE('',#13690,#1282);
#380=LINE('',#13693,#1283);
#381=LINE('',#13699,#1284);
#382=LINE('',#13702,#1285);
#383=LINE('',#13705,#1286);
#384=LINE('',#13707,#1287);
#385=LINE('',#13708,#1288);
#386=LINE('',#13711,#1289);
#387=LINE('',#13713,#1290);
#388=LINE('',#13714,#1291);
#389=LINE('',#13717,#1292);
#390=LINE('',#13719,#1293);
#391=LINE('',#13720,#1294);
#392=LINE('',#13729,#1295);
#393=LINE('',#13731,#1296);
#394=LINE('',#13732,#1297);
#395=LINE('',#13738,#1298);
#396=LINE('',#13741,#1299);
#397=LINE('',#13747,#1300);
#398=LINE('',#13750,#1301);
#399=LINE('',#13753,#1302);
#400=LINE('',#13755,#1303);
#401=LINE('',#13756,#1304);
#402=LINE('',#13759,#1305);
#403=LINE('',#13761,#1306);
#404=LINE('',#13762,#1307);
#405=LINE('',#13765,#1308);
#406=LINE('',#13767,#1309);
#407=LINE('',#13768,#1310);
#408=LINE('',#13777,#1311);
#409=LINE('',#13779,#1312);
#410=LINE('',#13780,#1313);
#411=LINE('',#13786,#1314);
#412=LINE('',#13789,#1315);
#413=LINE('',#13795,#1316);
#414=LINE('',#13798,#1317);
#415=LINE('',#13801,#1318);
#416=LINE('',#13803,#1319);
#417=LINE('',#13804,#1320);
#418=LINE('',#13807,#1321);
#419=LINE('',#13809,#1322);
#420=LINE('',#13810,#1323);
#421=LINE('',#13813,#1324);
#422=LINE('',#13815,#1325);
#423=LINE('',#13816,#1326);
#424=LINE('',#13825,#1327);
#425=LINE('',#13827,#1328);
#426=LINE('',#13828,#1329);
#427=LINE('',#13834,#1330);
#428=LINE('',#13837,#1331);
#429=LINE('',#13843,#1332);
#430=LINE('',#13846,#1333);
#431=LINE('',#13849,#1334);
#432=LINE('',#13851,#1335);
#433=LINE('',#13852,#1336);
#434=LINE('',#13855,#1337);
#435=LINE('',#13857,#1338);
#436=LINE('',#13858,#1339);
#437=LINE('',#13861,#1340);
#438=LINE('',#13863,#1341);
#439=LINE('',#13864,#1342);
#440=LINE('',#13873,#1343);
#441=LINE('',#13875,#1344);
#442=LINE('',#13876,#1345);
#443=LINE('',#13882,#1346);
#444=LINE('',#13885,#1347);
#445=LINE('',#13891,#1348);
#446=LINE('',#13894,#1349);
#447=LINE('',#13897,#1350);
#448=LINE('',#13899,#1351);
#449=LINE('',#13900,#1352);
#450=LINE('',#13903,#1353);
#451=LINE('',#13905,#1354);
#452=LINE('',#13906,#1355);
#453=LINE('',#13909,#1356);
#454=LINE('',#13911,#1357);
#455=LINE('',#13912,#1358);
#456=LINE('',#13921,#1359);
#457=LINE('',#13923,#1360);
#458=LINE('',#13924,#1361);
#459=LINE('',#13930,#1362);
#460=LINE('',#13933,#1363);
#461=LINE('',#13939,#1364);
#462=LINE('',#13942,#1365);
#463=LINE('',#13945,#1366);
#464=LINE('',#13947,#1367);
#465=LINE('',#13948,#1368);
#466=LINE('',#13951,#1369);
#467=LINE('',#13953,#1370);
#468=LINE('',#13954,#1371);
#469=LINE('',#13957,#1372);
#470=LINE('',#13959,#1373);
#471=LINE('',#13960,#1374);
#472=LINE('',#13969,#1375);
#473=LINE('',#13971,#1376);
#474=LINE('',#13972,#1377);
#475=LINE('',#13976,#1378);
#476=LINE('',#13978,#1379);
#477=LINE('',#13980,#1380);
#478=LINE('',#13981,#1381);
#479=LINE('',#13985,#1382);
#480=LINE('',#13987,#1383);
#481=LINE('',#13989,#1384);
#482=LINE('',#13990,#1385);
#483=LINE('',#13995,#1386);
#484=LINE('',#14002,#1387);
#485=LINE('',#14008,#1388);
#486=LINE('',#14010,#1389);
#487=LINE('',#14011,#1390);
#488=LINE('',#14014,#1391);
#489=LINE('',#14016,#1392);
#490=LINE('',#14017,#1393);
#491=LINE('',#14026,#1394);
#492=LINE('',#14029,#1395);
#493=LINE('',#14035,#1396);
#494=LINE('',#14038,#1397);
#495=LINE('',#14041,#1398);
#496=LINE('',#14043,#1399);
#497=LINE('',#14044,#1400);
#498=LINE('',#14047,#1401);
#499=LINE('',#14049,#1402);
#500=LINE('',#14050,#1403);
#501=LINE('',#14053,#1404);
#502=LINE('',#14055,#1405);
#503=LINE('',#14056,#1406);
#504=LINE('',#14065,#1407);
#505=LINE('',#14067,#1408);
#506=LINE('',#14068,#1409);
#507=LINE('',#14072,#1410);
#508=LINE('',#14074,#1411);
#509=LINE('',#14076,#1412);
#510=LINE('',#14077,#1413);
#511=LINE('',#14081,#1414);
#512=LINE('',#14083,#1415);
#513=LINE('',#14085,#1416);
#514=LINE('',#14086,#1417);
#515=LINE('',#14091,#1418);
#516=LINE('',#14098,#1419);
#517=LINE('',#14104,#1420);
#518=LINE('',#14106,#1421);
#519=LINE('',#14107,#1422);
#520=LINE('',#14110,#1423);
#521=LINE('',#14112,#1424);
#522=LINE('',#14113,#1425);
#523=LINE('',#14120,#1426);
#524=LINE('',#14122,#1427);
#525=LINE('',#14124,#1428);
#526=LINE('',#14125,#1429);
#527=LINE('',#14129,#1430);
#528=LINE('',#14131,#1431);
#529=LINE('',#14133,#1432);
#530=LINE('',#14134,#1433);
#531=LINE('',#14139,#1434);
#532=LINE('',#14146,#1435);
#533=LINE('',#14152,#1436);
#534=LINE('',#14154,#1437);
#535=LINE('',#14155,#1438);
#536=LINE('',#14158,#1439);
#537=LINE('',#14160,#1440);
#538=LINE('',#14161,#1441);
#539=LINE('',#14168,#1442);
#540=LINE('',#14170,#1443);
#541=LINE('',#14172,#1444);
#542=LINE('',#14173,#1445);
#543=LINE('',#14177,#1446);
#544=LINE('',#14179,#1447);
#545=LINE('',#14181,#1448);
#546=LINE('',#14182,#1449);
#547=LINE('',#14187,#1450);
#548=LINE('',#14194,#1451);
#549=LINE('',#14200,#1452);
#550=LINE('',#14202,#1453);
#551=LINE('',#14203,#1454);
#552=LINE('',#14206,#1455);
#553=LINE('',#14208,#1456);
#554=LINE('',#14209,#1457);
#555=LINE('',#14218,#1458);
#556=LINE('',#14221,#1459);
#557=LINE('',#14227,#1460);
#558=LINE('',#14230,#1461);
#559=LINE('',#14233,#1462);
#560=LINE('',#14235,#1463);
#561=LINE('',#14236,#1464);
#562=LINE('',#14239,#1465);
#563=LINE('',#14241,#1466);
#564=LINE('',#14242,#1467);
#565=LINE('',#14245,#1468);
#566=LINE('',#14247,#1469);
#567=LINE('',#14248,#1470);
#568=LINE('',#14257,#1471);
#569=LINE('',#14259,#1472);
#570=LINE('',#14260,#1473);
#571=LINE('',#14266,#1474);
#572=LINE('',#14269,#1475);
#573=LINE('',#14275,#1476);
#574=LINE('',#14278,#1477);
#575=LINE('',#14281,#1478);
#576=LINE('',#14283,#1479);
#577=LINE('',#14284,#1480);
#578=LINE('',#14287,#1481);
#579=LINE('',#14289,#1482);
#580=LINE('',#14290,#1483);
#581=LINE('',#14293,#1484);
#582=LINE('',#14295,#1485);
#583=LINE('',#14296,#1486);
#584=LINE('',#14305,#1487);
#585=LINE('',#14307,#1488);
#586=LINE('',#14308,#1489);
#587=LINE('',#14314,#1490);
#588=LINE('',#14317,#1491);
#589=LINE('',#14323,#1492);
#590=LINE('',#14326,#1493);
#591=LINE('',#14329,#1494);
#592=LINE('',#14331,#1495);
#593=LINE('',#14332,#1496);
#594=LINE('',#14335,#1497);
#595=LINE('',#14337,#1498);
#596=LINE('',#14338,#1499);
#597=LINE('',#14341,#1500);
#598=LINE('',#14343,#1501);
#599=LINE('',#14344,#1502);
#600=LINE('',#14353,#1503);
#601=LINE('',#14355,#1504);
#602=LINE('',#14356,#1505);
#603=LINE('',#14362,#1506);
#604=LINE('',#14365,#1507);
#605=LINE('',#14371,#1508);
#606=LINE('',#14374,#1509);
#607=LINE('',#14377,#1510);
#608=LINE('',#14379,#1511);
#609=LINE('',#14380,#1512);
#610=LINE('',#14383,#1513);
#611=LINE('',#14385,#1514);
#612=LINE('',#14386,#1515);
#613=LINE('',#14389,#1516);
#614=LINE('',#14391,#1517);
#615=LINE('',#14392,#1518);
#616=LINE('',#14401,#1519);
#617=LINE('',#14403,#1520);
#618=LINE('',#14404,#1521);
#619=LINE('',#14410,#1522);
#620=LINE('',#14413,#1523);
#621=LINE('',#14419,#1524);
#622=LINE('',#14422,#1525);
#623=LINE('',#14425,#1526);
#624=LINE('',#14427,#1527);
#625=LINE('',#14428,#1528);
#626=LINE('',#14431,#1529);
#627=LINE('',#14433,#1530);
#628=LINE('',#14434,#1531);
#629=LINE('',#14437,#1532);
#630=LINE('',#14439,#1533);
#631=LINE('',#14440,#1534);
#632=LINE('',#14449,#1535);
#633=LINE('',#14451,#1536);
#634=LINE('',#14452,#1537);
#635=LINE('',#14456,#1538);
#636=LINE('',#14458,#1539);
#637=LINE('',#14460,#1540);
#638=LINE('',#14461,#1541);
#639=LINE('',#14465,#1542);
#640=LINE('',#14467,#1543);
#641=LINE('',#14469,#1544);
#642=LINE('',#14470,#1545);
#643=LINE('',#14475,#1546);
#644=LINE('',#14482,#1547);
#645=LINE('',#14488,#1548);
#646=LINE('',#14490,#1549);
#647=LINE('',#14491,#1550);
#648=LINE('',#14494,#1551);
#649=LINE('',#14496,#1552);
#650=LINE('',#14497,#1553);
#651=LINE('',#14506,#1554);
#652=LINE('',#14509,#1555);
#653=LINE('',#14515,#1556);
#654=LINE('',#14518,#1557);
#655=LINE('',#14521,#1558);
#656=LINE('',#14523,#1559);
#657=LINE('',#14524,#1560);
#658=LINE('',#14527,#1561);
#659=LINE('',#14529,#1562);
#660=LINE('',#14530,#1563);
#661=LINE('',#14533,#1564);
#662=LINE('',#14535,#1565);
#663=LINE('',#14536,#1566);
#664=LINE('',#14545,#1567);
#665=LINE('',#14547,#1568);
#666=LINE('',#14548,#1569);
#667=LINE('',#14554,#1570);
#668=LINE('',#14557,#1571);
#669=LINE('',#14563,#1572);
#670=LINE('',#14566,#1573);
#671=LINE('',#14569,#1574);
#672=LINE('',#14571,#1575);
#673=LINE('',#14572,#1576);
#674=LINE('',#14575,#1577);
#675=LINE('',#14577,#1578);
#676=LINE('',#14578,#1579);
#677=LINE('',#14581,#1580);
#678=LINE('',#14583,#1581);
#679=LINE('',#14584,#1582);
#680=LINE('',#14593,#1583);
#681=LINE('',#14595,#1584);
#682=LINE('',#14596,#1585);
#683=LINE('',#14602,#1586);
#684=LINE('',#14605,#1587);
#685=LINE('',#14611,#1588);
#686=LINE('',#14614,#1589);
#687=LINE('',#14617,#1590);
#688=LINE('',#14619,#1591);
#689=LINE('',#14620,#1592);
#690=LINE('',#14623,#1593);
#691=LINE('',#14625,#1594);
#692=LINE('',#14626,#1595);
#693=LINE('',#14629,#1596);
#694=LINE('',#14631,#1597);
#695=LINE('',#14632,#1598);
#696=LINE('',#14641,#1599);
#697=LINE('',#14643,#1600);
#698=LINE('',#14644,#1601);
#699=LINE('',#14650,#1602);
#700=LINE('',#14653,#1603);
#701=LINE('',#14659,#1604);
#702=LINE('',#14662,#1605);
#703=LINE('',#14665,#1606);
#704=LINE('',#14667,#1607);
#705=LINE('',#14668,#1608);
#706=LINE('',#14671,#1609);
#707=LINE('',#14673,#1610);
#708=LINE('',#14674,#1611);
#709=LINE('',#14677,#1612);
#710=LINE('',#14679,#1613);
#711=LINE('',#14680,#1614);
#712=LINE('',#14689,#1615);
#713=LINE('',#14691,#1616);
#714=LINE('',#14692,#1617);
#715=LINE('',#14698,#1618);
#716=LINE('',#14701,#1619);
#717=LINE('',#14707,#1620);
#718=LINE('',#14710,#1621);
#719=LINE('',#14713,#1622);
#720=LINE('',#14715,#1623);
#721=LINE('',#14716,#1624);
#722=LINE('',#14719,#1625);
#723=LINE('',#14721,#1626);
#724=LINE('',#14722,#1627);
#725=LINE('',#14725,#1628);
#726=LINE('',#14727,#1629);
#727=LINE('',#14728,#1630);
#728=LINE('',#14737,#1631);
#729=LINE('',#14739,#1632);
#730=LINE('',#14740,#1633);
#731=LINE('',#14744,#1634);
#732=LINE('',#14746,#1635);
#733=LINE('',#14748,#1636);
#734=LINE('',#14749,#1637);
#735=LINE('',#14753,#1638);
#736=LINE('',#14755,#1639);
#737=LINE('',#14757,#1640);
#738=LINE('',#14758,#1641);
#739=LINE('',#14763,#1642);
#740=LINE('',#14770,#1643);
#741=LINE('',#14776,#1644);
#742=LINE('',#14778,#1645);
#743=LINE('',#14779,#1646);
#744=LINE('',#14782,#1647);
#745=LINE('',#14784,#1648);
#746=LINE('',#14785,#1649);
#747=LINE('',#14792,#1650);
#748=LINE('',#14794,#1651);
#749=LINE('',#14796,#1652);
#750=LINE('',#14797,#1653);
#751=LINE('',#14801,#1654);
#752=LINE('',#14803,#1655);
#753=LINE('',#14805,#1656);
#754=LINE('',#14806,#1657);
#755=LINE('',#14811,#1658);
#756=LINE('',#14818,#1659);
#757=LINE('',#14824,#1660);
#758=LINE('',#14826,#1661);
#759=LINE('',#14827,#1662);
#760=LINE('',#14830,#1663);
#761=LINE('',#14832,#1664);
#762=LINE('',#14833,#1665);
#763=LINE('',#14840,#1666);
#764=LINE('',#14842,#1667);
#765=LINE('',#14844,#1668);
#766=LINE('',#14845,#1669);
#767=LINE('',#14851,#1670);
#768=LINE('',#14854,#1671);
#769=LINE('',#14856,#1672);
#770=LINE('',#14857,#1673);
#771=LINE('',#14866,#1674);
#772=LINE('',#14869,#1675);
#773=LINE('',#14872,#1676);
#774=LINE('',#14874,#1677);
#775=LINE('',#14875,#1678);
#776=LINE('',#14881,#1679);
#777=LINE('',#14883,#1680);
#778=LINE('',#14884,#1681);
#779=LINE('',#14888,#1682);
#780=LINE('',#14890,#1683);
#781=LINE('',#14892,#1684);
#782=LINE('',#14893,#1685);
#783=LINE('',#14899,#1686);
#784=LINE('',#14902,#1687);
#785=LINE('',#14904,#1688);
#786=LINE('',#14905,#1689);
#787=LINE('',#14912,#1690);
#788=LINE('',#14914,#1691);
#789=LINE('',#14916,#1692);
#790=LINE('',#14917,#1693);
#791=LINE('',#14923,#1694);
#792=LINE('',#14926,#1695);
#793=LINE('',#14928,#1696);
#794=LINE('',#14929,#1697);
#795=LINE('',#14936,#1698);
#796=LINE('',#14938,#1699);
#797=LINE('',#14940,#1700);
#798=LINE('',#14941,#1701);
#799=LINE('',#14947,#1702);
#800=LINE('',#14950,#1703);
#801=LINE('',#14952,#1704);
#802=LINE('',#14953,#1705);
#803=LINE('',#14960,#1706);
#804=LINE('',#14962,#1707);
#805=LINE('',#14964,#1708);
#806=LINE('',#14965,#1709);
#807=LINE('',#14971,#1710);
#808=LINE('',#14974,#1711);
#809=LINE('',#14976,#1712);
#810=LINE('',#14977,#1713);
#811=LINE('',#14984,#1714);
#812=LINE('',#14986,#1715);
#813=LINE('',#14988,#1716);
#814=LINE('',#14989,#1717);
#815=LINE('',#14995,#1718);
#816=LINE('',#14998,#1719);
#817=LINE('',#15000,#1720);
#818=LINE('',#15001,#1721);
#819=LINE('',#15008,#1722);
#820=LINE('',#15010,#1723);
#821=LINE('',#15012,#1724);
#822=LINE('',#15013,#1725);
#823=LINE('',#15019,#1726);
#824=LINE('',#15022,#1727);
#825=LINE('',#15024,#1728);
#826=LINE('',#15025,#1729);
#827=LINE('',#15034,#1730);
#828=LINE('',#15037,#1731);
#829=LINE('',#15040,#1732);
#830=LINE('',#15042,#1733);
#831=LINE('',#15043,#1734);
#832=LINE('',#15049,#1735);
#833=LINE('',#15051,#1736);
#834=LINE('',#15052,#1737);
#835=LINE('',#15056,#1738);
#836=LINE('',#15058,#1739);
#837=LINE('',#15060,#1740);
#838=LINE('',#15061,#1741);
#839=LINE('',#15067,#1742);
#840=LINE('',#15070,#1743);
#841=LINE('',#15072,#1744);
#842=LINE('',#15073,#1745);
#843=LINE('',#15080,#1746);
#844=LINE('',#15082,#1747);
#845=LINE('',#15084,#1748);
#846=LINE('',#15085,#1749);
#847=LINE('',#15091,#1750);
#848=LINE('',#15094,#1751);
#849=LINE('',#15096,#1752);
#850=LINE('',#15097,#1753);
#851=LINE('',#15106,#1754);
#852=LINE('',#15109,#1755);
#853=LINE('',#15112,#1756);
#854=LINE('',#15114,#1757);
#855=LINE('',#15115,#1758);
#856=LINE('',#15121,#1759);
#857=LINE('',#15123,#1760);
#858=LINE('',#15124,#1761);
#859=LINE('',#15128,#1762);
#860=LINE('',#15130,#1763);
#861=LINE('',#15132,#1764);
#862=LINE('',#15133,#1765);
#863=LINE('',#15139,#1766);
#864=LINE('',#15142,#1767);
#865=LINE('',#15144,#1768);
#866=LINE('',#15145,#1769);
#867=LINE('',#15152,#1770);
#868=LINE('',#15154,#1771);
#869=LINE('',#15156,#1772);
#870=LINE('',#15157,#1773);
#871=LINE('',#15163,#1774);
#872=LINE('',#15166,#1775);
#873=LINE('',#15168,#1776);
#874=LINE('',#15169,#1777);
#875=LINE('',#15176,#1778);
#876=LINE('',#15178,#1779);
#877=LINE('',#15180,#1780);
#878=LINE('',#15181,#1781);
#879=LINE('',#15187,#1782);
#880=LINE('',#15190,#1783);
#881=LINE('',#15192,#1784);
#882=LINE('',#15193,#1785);
#883=LINE('',#15200,#1786);
#884=LINE('',#15202,#1787);
#885=LINE('',#15204,#1788);
#886=LINE('',#15205,#1789);
#887=LINE('',#15211,#1790);
#888=LINE('',#15214,#1791);
#889=LINE('',#15216,#1792);
#890=LINE('',#15217,#1793);
#891=LINE('',#15224,#1794);
#892=LINE('',#15226,#1795);
#893=LINE('',#15228,#1796);
#894=LINE('',#15229,#1797);
#895=LINE('',#15235,#1798);
#896=LINE('',#15238,#1799);
#897=LINE('',#15240,#1800);
#898=LINE('',#15241,#1801);
#899=LINE('',#15250,#1802);
#900=LINE('',#15253,#1803);
#901=LINE('',#15256,#1804);
#902=LINE('',#15258,#1805);
#903=LINE('',#15259,#1806);
#904=LINE('',#15265,#1807);
#905=LINE('',#15267,#1808);
#906=LINE('',#15268,#1809);
#907=LINE('',#15274,#1810);
#908=LINE('',#15277,#1811);
#909=LINE('',#15280,#1812);
#910=LINE('',#15282,#1813);
#911=LINE('',#15283,#1814);
#912=LINE('',#15289,#1815);
#913=LINE('',#15291,#1816);
#914=LINE('',#15292,#1817);
#915=LINE('',#15296,#1818);
#916=LINE('',#15298,#1819);
#917=LINE('',#15300,#1820);
#918=LINE('',#15301,#1821);
#919=LINE('',#15307,#1822);
#920=LINE('',#15310,#1823);
#921=LINE('',#15312,#1824);
#922=LINE('',#15313,#1825);
#923=LINE('',#15320,#1826);
#924=LINE('',#15322,#1827);
#925=LINE('',#15324,#1828);
#926=LINE('',#15325,#1829);
#927=LINE('',#15331,#1830);
#928=LINE('',#15334,#1831);
#929=LINE('',#15336,#1832);
#930=LINE('',#15337,#1833);
#931=LINE('',#15344,#1834);
#932=LINE('',#15346,#1835);
#933=LINE('',#15348,#1836);
#934=LINE('',#15349,#1837);
#935=LINE('',#15355,#1838);
#936=LINE('',#15358,#1839);
#937=LINE('',#15360,#1840);
#938=LINE('',#15361,#1841);
#939=LINE('',#15368,#1842);
#940=LINE('',#15370,#1843);
#941=LINE('',#15372,#1844);
#942=LINE('',#15373,#1845);
#943=LINE('',#15379,#1846);
#944=LINE('',#15382,#1847);
#945=LINE('',#15384,#1848);
#946=LINE('',#15385,#1849);
#947=LINE('',#15392,#1850);
#948=LINE('',#15394,#1851);
#949=LINE('',#15396,#1852);
#950=LINE('',#15397,#1853);
#951=LINE('',#15403,#1854);
#952=LINE('',#15406,#1855);
#953=LINE('',#15408,#1856);
#954=LINE('',#15409,#1857);
#955=LINE('',#15416,#1858);
#956=LINE('',#15418,#1859);
#957=LINE('',#15420,#1860);
#958=LINE('',#15421,#1861);
#959=LINE('',#15427,#1862);
#960=LINE('',#15430,#1863);
#961=LINE('',#15432,#1864);
#962=LINE('',#15433,#1865);
#963=LINE('',#15440,#1866);
#964=LINE('',#15442,#1867);
#965=LINE('',#15444,#1868);
#966=LINE('',#15445,#1869);
#967=LINE('',#15451,#1870);
#968=LINE('',#15454,#1871);
#969=LINE('',#15456,#1872);
#970=LINE('',#15457,#1873);
#971=LINE('',#15464,#1874);
#972=LINE('',#15466,#1875);
#973=LINE('',#15468,#1876);
#974=LINE('',#15469,#1877);
#975=LINE('',#15475,#1878);
#976=LINE('',#15478,#1879);
#977=LINE('',#15480,#1880);
#978=LINE('',#15481,#1881);
#979=LINE('',#15488,#1882);
#980=LINE('',#15490,#1883);
#981=LINE('',#15492,#1884);
#982=LINE('',#15493,#1885);
#983=LINE('',#15499,#1886);
#984=LINE('',#15502,#1887);
#985=LINE('',#15504,#1888);
#986=LINE('',#15505,#1889);
#987=LINE('',#15512,#1890);
#988=LINE('',#15514,#1891);
#989=LINE('',#15516,#1892);
#990=LINE('',#15517,#1893);
#991=LINE('',#15523,#1894);
#992=LINE('',#15526,#1895);
#993=LINE('',#15528,#1896);
#994=LINE('',#15529,#1897);
#995=LINE('',#15536,#1898);
#996=LINE('',#15538,#1899);
#997=LINE('',#15540,#1900);
#998=LINE('',#15541,#1901);
#999=LINE('',#15547,#1902);
#1000=LINE('',#15550,#1903);
#1001=LINE('',#15552,#1904);
#1002=LINE('',#15553,#1905);
#1003=LINE('',#15560,#1906);
#1004=LINE('',#15562,#1907);
#1005=LINE('',#15564,#1908);
#1006=LINE('',#15565,#1909);
#1007=LINE('',#15571,#1910);
#1008=LINE('',#15574,#1911);
#1009=LINE('',#15576,#1912);
#1010=LINE('',#15577,#1913);
#1011=LINE('',#15584,#1914);
#1012=LINE('',#15586,#1915);
#1013=LINE('',#15588,#1916);
#1014=LINE('',#15589,#1917);
#1015=LINE('',#15595,#1918);
#1016=LINE('',#15598,#1919);
#1017=LINE('',#15600,#1920);
#1018=LINE('',#15601,#1921);
#1019=LINE('',#15608,#1922);
#1020=LINE('',#15610,#1923);
#1021=LINE('',#15612,#1924);
#1022=LINE('',#15613,#1925);
#1023=LINE('',#15619,#1926);
#1024=LINE('',#15622,#1927);
#1025=LINE('',#15624,#1928);
#1026=LINE('',#15625,#1929);
#1027=LINE('',#15632,#1930);
#1028=LINE('',#15634,#1931);
#1029=LINE('',#15636,#1932);
#1030=LINE('',#15637,#1933);
#1031=LINE('',#15643,#1934);
#1032=LINE('',#15646,#1935);
#1033=LINE('',#15648,#1936);
#1034=LINE('',#15649,#1937);
#1035=LINE('',#15656,#1938);
#1036=LINE('',#15658,#1939);
#1037=LINE('',#15660,#1940);
#1038=LINE('',#15661,#1941);
#1039=LINE('',#15667,#1942);
#1040=LINE('',#15670,#1943);
#1041=LINE('',#15672,#1944);
#1042=LINE('',#15673,#1945);
#1043=LINE('',#15680,#1946);
#1044=LINE('',#15682,#1947);
#1045=LINE('',#15684,#1948);
#1046=LINE('',#15685,#1949);
#1047=LINE('',#15691,#1950);
#1048=LINE('',#15694,#1951);
#1049=LINE('',#15696,#1952);
#1050=LINE('',#15697,#1953);
#1051=LINE('',#15704,#1954);
#1052=LINE('',#15706,#1955);
#1053=LINE('',#15708,#1956);
#1054=LINE('',#15709,#1957);
#1055=LINE('',#15715,#1958);
#1056=LINE('',#15718,#1959);
#1057=LINE('',#15720,#1960);
#1058=LINE('',#15721,#1961);
#1059=LINE('',#15728,#1962);
#1060=LINE('',#15730,#1963);
#1061=LINE('',#15732,#1964);
#1062=LINE('',#15733,#1965);
#1063=LINE('',#15739,#1966);
#1064=LINE('',#15742,#1967);
#1065=LINE('',#15744,#1968);
#1066=LINE('',#15745,#1969);
#1067=LINE('',#15752,#1970);
#1068=LINE('',#15754,#1971);
#1069=LINE('',#15756,#1972);
#1070=LINE('',#15757,#1973);
#1071=LINE('',#15763,#1974);
#1072=LINE('',#15766,#1975);
#1073=LINE('',#15768,#1976);
#1074=LINE('',#15769,#1977);
#1075=LINE('',#15776,#1978);
#1076=LINE('',#15778,#1979);
#1077=LINE('',#15780,#1980);
#1078=LINE('',#15781,#1981);
#1079=LINE('',#15787,#1982);
#1080=LINE('',#15790,#1983);
#1081=LINE('',#15792,#1984);
#1082=LINE('',#15793,#1985);
#1083=LINE('',#15800,#1986);
#1084=LINE('',#15802,#1987);
#1085=LINE('',#15804,#1988);
#1086=LINE('',#15805,#1989);
#1087=LINE('',#15811,#1990);
#1088=LINE('',#15814,#1991);
#1089=LINE('',#15816,#1992);
#1090=LINE('',#15817,#1993);
#1091=LINE('',#15824,#1994);
#1092=LINE('',#15826,#1995);
#1093=LINE('',#15828,#1996);
#1094=LINE('',#15829,#1997);
#1095=LINE('',#15835,#1998);
#1096=LINE('',#15838,#1999);
#1097=LINE('',#15840,#2000);
#1098=LINE('',#15841,#2001);
#1099=LINE('',#15848,#2002);
#1100=LINE('',#15850,#2003);
#1101=LINE('',#15852,#2004);
#1102=LINE('',#15853,#2005);
#1103=LINE('',#15859,#2006);
#1104=LINE('',#15862,#2007);
#1105=LINE('',#15864,#2008);
#1106=LINE('',#15865,#2009);
#1107=LINE('',#15872,#2010);
#1108=LINE('',#15874,#2011);
#1109=LINE('',#15876,#2012);
#1110=LINE('',#15877,#2013);
#1111=LINE('',#15883,#2014);
#1112=LINE('',#15886,#2015);
#1113=LINE('',#15888,#2016);
#1114=LINE('',#15889,#2017);
#1115=LINE('',#15894,#2018);
#1116=LINE('',#15895,#2019);
#1117=LINE('',#15897,#2020);
#1118=LINE('',#15898,#2021);
#1119=LINE('',#15900,#2022);
#1120=LINE('',#15901,#2023);
#1121=LINE('',#15903,#2024);
#1122=LINE('',#15904,#2025);
#1123=LINE('',#15906,#2026);
#1124=LINE('',#15908,#2027);
#1125=LINE('',#15911,#2028);
#1126=LINE('',#15913,#2029);
#1127=LINE('',#15916,#2030);
#1128=LINE('',#15917,#2031);
#1129=LINE('',#15921,#2032);
#1130=LINE('',#15923,#2033);
#1131=LINE('',#15926,#2034);
#1132=LINE('',#15927,#2035);
#1133=LINE('',#15931,#2036);
#1134=LINE('',#15933,#2037);
#1135=LINE('',#15936,#2038);
#1136=LINE('',#15938,#2039);
#1137=LINE('',#15939,#2040);
#1138=LINE('',#15942,#2041);
#1139=LINE('',#15946,#2042);
#1140=LINE('',#15947,#2043);
#1141=LINE('',#15950,#2044);
#1142=LINE('',#15954,#2045);
#1143=LINE('',#15955,#2046);
#1144=LINE('',#15958,#2047);
#1145=LINE('',#15962,#2048);
#1146=LINE('',#15963,#2049);
#1147=VECTOR('',#10488,3.25);
#1148=VECTOR('',#10499,10.);
#1149=VECTOR('',#10502,10.);
#1150=VECTOR('',#10505,10.);
#1151=VECTOR('',#10506,10.);
#1152=VECTOR('',#10507,10.);
#1153=VECTOR('',#10508,10.);
#1154=VECTOR('',#10511,10.);
#1155=VECTOR('',#10512,10.);
#1156=VECTOR('',#10513,10.);
#1157=VECTOR('',#10514,10.);
#1158=VECTOR('',#10523,10.);
#1159=VECTOR('',#10526,10.);
#1160=VECTOR('',#10529,10.);
#1161=VECTOR('',#10532,10.);
#1162=VECTOR('',#10535,10.);
#1163=VECTOR('',#10538,10.);
#1164=VECTOR('',#10559,10.);
#1165=VECTOR('',#10562,10.);
#1166=VECTOR('',#10565,10.);
#1167=VECTOR('',#10566,10.);
#1168=VECTOR('',#10567,10.);
#1169=VECTOR('',#10570,2.75);
#1170=VECTOR('',#10573,10.);
#1171=VECTOR('',#10574,10.);
#1172=VECTOR('',#10575,10.);
#1173=VECTOR('',#10582,10.);
#1174=VECTOR('',#10585,10.);
#1175=VECTOR('',#10596,10.);
#1176=VECTOR('',#10601,10.);
#1177=VECTOR('',#10604,10.);
#1178=VECTOR('',#10609,10.);
#1179=VECTOR('',#10612,10.);
#1180=VECTOR('',#10615,10.);
#1181=VECTOR('',#10616,10.);
#1182=VECTOR('',#10617,10.);
#1183=VECTOR('',#10618,10.);
#1184=VECTOR('',#10621,10.);
#1185=VECTOR('',#10622,10.);
#1186=VECTOR('',#10623,10.);
#1187=VECTOR('',#10624,10.);
#1188=VECTOR('',#10631,10.);
#1189=VECTOR('',#10634,10.);
#1190=VECTOR('',#10637,10.);
#1191=VECTOR('',#10640,10.);
#1192=VECTOR('',#10657,10.);
#1193=VECTOR('',#10660,10.);
#1194=VECTOR('',#10663,10.);
#1195=VECTOR('',#10664,10.);
#1196=VECTOR('',#10665,10.);
#1197=VECTOR('',#10666,10.);
#1198=VECTOR('',#10669,10.);
#1199=VECTOR('',#10670,10.);
#1200=VECTOR('',#10671,10.);
#1201=VECTOR('',#10672,10.);
#1202=VECTOR('',#10679,10.);
#1203=VECTOR('',#10682,10.);
#1204=VECTOR('',#10697,10.);
#1205=VECTOR('',#10698,10.);
#1206=VECTOR('',#10703,10.);
#1207=VECTOR('',#10708,10.);
#1208=VECTOR('',#10709,10.);
#1209=VECTOR('',#10712,10.);
#1210=VECTOR('',#10715,10.);
#1211=VECTOR('',#10716,10.);
#1212=VECTOR('',#10717,10.);
#1213=VECTOR('',#10720,10.);
#1214=VECTOR('',#10723,10.);
#1215=VECTOR('',#10726,10.);
#1216=VECTOR('',#10727,10.);
#1217=VECTOR('',#10730,10.);
#1218=VECTOR('',#10745,10.);
#1219=VECTOR('',#10746,10.);
#1220=VECTOR('',#10747,10.);
#1221=VECTOR('',#10748,10.);
#1222=VECTOR('',#10751,10.);
#1223=VECTOR('',#10752,10.);
#1224=VECTOR('',#10753,10.);
#1225=VECTOR('',#10754,10.);
#1226=VECTOR('',#10759,10.);
#1227=VECTOR('',#10768,10.);
#1228=VECTOR('',#10775,10.);
#1229=VECTOR('',#10778,10.);
#1230=VECTOR('',#10779,10.);
#1231=VECTOR('',#10782,10.);
#1232=VECTOR('',#10783,10.);
#1233=VECTOR('',#10784,10.);
#1234=VECTOR('',#10793,10.);
#1235=VECTOR('',#10794,10.);
#1236=VECTOR('',#10795,10.);
#1237=VECTOR('',#10796,10.);
#1238=VECTOR('',#10799,10.);
#1239=VECTOR('',#10800,10.);
#1240=VECTOR('',#10801,10.);
#1241=VECTOR('',#10802,10.);
#1242=VECTOR('',#10807,10.);
#1243=VECTOR('',#10816,10.);
#1244=VECTOR('',#10823,10.);
#1245=VECTOR('',#10826,10.);
#1246=VECTOR('',#10827,10.);
#1247=VECTOR('',#10830,10.);
#1248=VECTOR('',#10831,10.);
#1249=VECTOR('',#10832,10.);
#1250=VECTOR('',#10843,10.);
#1251=VECTOR('',#10846,10.);
#1252=VECTOR('',#10851,10.);
#1253=VECTOR('',#10854,10.);
#1254=VECTOR('',#10857,10.);
#1255=VECTOR('',#10858,10.);
#1256=VECTOR('',#10859,10.);
#1257=VECTOR('',#10862,10.);
#1258=VECTOR('',#10863,10.);
#1259=VECTOR('',#10864,10.);
#1260=VECTOR('',#10867,10.);
#1261=VECTOR('',#10868,10.);
#1262=VECTOR('',#10869,10.);
#1263=VECTOR('',#10882,10.);
#1264=VECTOR('',#10885,10.);
#1265=VECTOR('',#10886,10.);
#1266=VECTOR('',#10889,10.);
#1267=VECTOR('',#10890,10.);
#1268=VECTOR('',#10891,10.);
#1269=VECTOR('',#10892,10.);
#1270=VECTOR('',#10895,10.);
#1271=VECTOR('',#10896,10.);
#1272=VECTOR('',#10897,10.);
#1273=VECTOR('',#10898,10.);
#1274=VECTOR('',#10903,10.);
#1275=VECTOR('',#10912,10.);
#1276=VECTOR('',#10919,10.);
#1277=VECTOR('',#10922,10.);
#1278=VECTOR('',#10923,10.);
#1279=VECTOR('',#10926,10.);
#1280=VECTOR('',#10927,10.);
#1281=VECTOR('',#10928,10.);
#1282=VECTOR('',#10939,10.);
#1283=VECTOR('',#10942,10.);
#1284=VECTOR('',#10947,10.);
#1285=VECTOR('',#10950,10.);
#1286=VECTOR('',#10953,10.);
#1287=VECTOR('',#10954,10.);
#1288=VECTOR('',#10955,10.);
#1289=VECTOR('',#10958,10.);
#1290=VECTOR('',#10959,10.);
#1291=VECTOR('',#10960,10.);
#1292=VECTOR('',#10963,10.);
#1293=VECTOR('',#10964,10.);
#1294=VECTOR('',#10965,10.);
#1295=VECTOR('',#10978,10.);
#1296=VECTOR('',#10981,10.);
#1297=VECTOR('',#10982,10.);
#1298=VECTOR('',#10987,10.);
#1299=VECTOR('',#10990,10.);
#1300=VECTOR('',#10995,10.);
#1301=VECTOR('',#10998,10.);
#1302=VECTOR('',#11001,10.);
#1303=VECTOR('',#11002,10.);
#1304=VECTOR('',#11003,10.);
#1305=VECTOR('',#11006,10.);
#1306=VECTOR('',#11007,10.);
#1307=VECTOR('',#11008,10.);
#1308=VECTOR('',#11011,10.);
#1309=VECTOR('',#11012,10.);
#1310=VECTOR('',#11013,10.);
#1311=VECTOR('',#11026,10.);
#1312=VECTOR('',#11029,10.);
#1313=VECTOR('',#11030,10.);
#1314=VECTOR('',#11035,10.);
#1315=VECTOR('',#11038,10.);
#1316=VECTOR('',#11043,10.);
#1317=VECTOR('',#11046,10.);
#1318=VECTOR('',#11049,10.);
#1319=VECTOR('',#11050,10.);
#1320=VECTOR('',#11051,10.);
#1321=VECTOR('',#11054,10.);
#1322=VECTOR('',#11055,10.);
#1323=VECTOR('',#11056,10.);
#1324=VECTOR('',#11059,10.);
#1325=VECTOR('',#11060,10.);
#1326=VECTOR('',#11061,10.);
#1327=VECTOR('',#11074,10.);
#1328=VECTOR('',#11077,10.);
#1329=VECTOR('',#11078,10.);
#1330=VECTOR('',#11083,10.);
#1331=VECTOR('',#11086,10.);
#1332=VECTOR('',#11091,10.);
#1333=VECTOR('',#11094,10.);
#1334=VECTOR('',#11097,10.);
#1335=VECTOR('',#11098,10.);
#1336=VECTOR('',#11099,10.);
#1337=VECTOR('',#11102,10.);
#1338=VECTOR('',#11103,10.);
#1339=VECTOR('',#11104,10.);
#1340=VECTOR('',#11107,10.);
#1341=VECTOR('',#11108,10.);
#1342=VECTOR('',#11109,10.);
#1343=VECTOR('',#11122,10.);
#1344=VECTOR('',#11125,10.);
#1345=VECTOR('',#11126,10.);
#1346=VECTOR('',#11131,10.);
#1347=VECTOR('',#11134,10.);
#1348=VECTOR('',#11139,10.);
#1349=VECTOR('',#11142,10.);
#1350=VECTOR('',#11145,10.);
#1351=VECTOR('',#11146,10.);
#1352=VECTOR('',#11147,10.);
#1353=VECTOR('',#11150,10.);
#1354=VECTOR('',#11151,10.);
#1355=VECTOR('',#11152,10.);
#1356=VECTOR('',#11155,10.);
#1357=VECTOR('',#11156,10.);
#1358=VECTOR('',#11157,10.);
#1359=VECTOR('',#11170,10.);
#1360=VECTOR('',#11173,10.);
#1361=VECTOR('',#11174,10.);
#1362=VECTOR('',#11179,10.);
#1363=VECTOR('',#11182,10.);
#1364=VECTOR('',#11187,10.);
#1365=VECTOR('',#11190,10.);
#1366=VECTOR('',#11193,10.);
#1367=VECTOR('',#11194,10.);
#1368=VECTOR('',#11195,10.);
#1369=VECTOR('',#11198,10.);
#1370=VECTOR('',#11199,10.);
#1371=VECTOR('',#11200,10.);
#1372=VECTOR('',#11203,10.);
#1373=VECTOR('',#11204,10.);
#1374=VECTOR('',#11205,10.);
#1375=VECTOR('',#11218,10.);
#1376=VECTOR('',#11221,10.);
#1377=VECTOR('',#11222,10.);
#1378=VECTOR('',#11225,10.);
#1379=VECTOR('',#11226,10.);
#1380=VECTOR('',#11227,10.);
#1381=VECTOR('',#11228,10.);
#1382=VECTOR('',#11231,10.);
#1383=VECTOR('',#11232,10.);
#1384=VECTOR('',#11233,10.);
#1385=VECTOR('',#11234,10.);
#1386=VECTOR('',#11239,10.);
#1387=VECTOR('',#11248,10.);
#1388=VECTOR('',#11255,10.);
#1389=VECTOR('',#11258,10.);
#1390=VECTOR('',#11259,10.);
#1391=VECTOR('',#11262,10.);
#1392=VECTOR('',#11263,10.);
#1393=VECTOR('',#11264,10.);
#1394=VECTOR('',#11275,10.);
#1395=VECTOR('',#11278,10.);
#1396=VECTOR('',#11283,10.);
#1397=VECTOR('',#11286,10.);
#1398=VECTOR('',#11289,10.);
#1399=VECTOR('',#11290,10.);
#1400=VECTOR('',#11291,10.);
#1401=VECTOR('',#11294,10.);
#1402=VECTOR('',#11295,10.);
#1403=VECTOR('',#11296,10.);
#1404=VECTOR('',#11299,10.);
#1405=VECTOR('',#11300,10.);
#1406=VECTOR('',#11301,10.);
#1407=VECTOR('',#11314,10.);
#1408=VECTOR('',#11317,10.);
#1409=VECTOR('',#11318,10.);
#1410=VECTOR('',#11321,10.);
#1411=VECTOR('',#11322,10.);
#1412=VECTOR('',#11323,10.);
#1413=VECTOR('',#11324,10.);
#1414=VECTOR('',#11327,10.);
#1415=VECTOR('',#11328,10.);
#1416=VECTOR('',#11329,10.);
#1417=VECTOR('',#11330,10.);
#1418=VECTOR('',#11335,10.);
#1419=VECTOR('',#11344,10.);
#1420=VECTOR('',#11351,10.);
#1421=VECTOR('',#11354,10.);
#1422=VECTOR('',#11355,10.);
#1423=VECTOR('',#11358,10.);
#1424=VECTOR('',#11359,10.);
#1425=VECTOR('',#11360,10.);
#1426=VECTOR('',#11369,10.);
#1427=VECTOR('',#11370,10.);
#1428=VECTOR('',#11371,10.);
#1429=VECTOR('',#11372,10.);
#1430=VECTOR('',#11375,10.);
#1431=VECTOR('',#11376,10.);
#1432=VECTOR('',#11377,10.);
#1433=VECTOR('',#11378,10.);
#1434=VECTOR('',#11383,10.);
#1435=VECTOR('',#11392,10.);
#1436=VECTOR('',#11399,10.);
#1437=VECTOR('',#11402,10.);
#1438=VECTOR('',#11403,10.);
#1439=VECTOR('',#11406,10.);
#1440=VECTOR('',#11407,10.);
#1441=VECTOR('',#11408,10.);
#1442=VECTOR('',#11417,10.);
#1443=VECTOR('',#11418,10.);
#1444=VECTOR('',#11419,10.);
#1445=VECTOR('',#11420,10.);
#1446=VECTOR('',#11423,10.);
#1447=VECTOR('',#11424,10.);
#1448=VECTOR('',#11425,10.);
#1449=VECTOR('',#11426,10.);
#1450=VECTOR('',#11431,10.);
#1451=VECTOR('',#11440,10.);
#1452=VECTOR('',#11447,10.);
#1453=VECTOR('',#11450,10.);
#1454=VECTOR('',#11451,10.);
#1455=VECTOR('',#11454,10.);
#1456=VECTOR('',#11455,10.);
#1457=VECTOR('',#11456,10.);
#1458=VECTOR('',#11467,10.);
#1459=VECTOR('',#11470,10.);
#1460=VECTOR('',#11475,10.);
#1461=VECTOR('',#11478,10.);
#1462=VECTOR('',#11481,10.);
#1463=VECTOR('',#11482,10.);
#1464=VECTOR('',#11483,10.);
#1465=VECTOR('',#11486,10.);
#1466=VECTOR('',#11487,10.);
#1467=VECTOR('',#11488,10.);
#1468=VECTOR('',#11491,10.);
#1469=VECTOR('',#11492,10.);
#1470=VECTOR('',#11493,10.);
#1471=VECTOR('',#11506,10.);
#1472=VECTOR('',#11509,10.);
#1473=VECTOR('',#11510,10.);
#1474=VECTOR('',#11515,10.);
#1475=VECTOR('',#11518,10.);
#1476=VECTOR('',#11523,10.);
#1477=VECTOR('',#11526,10.);
#1478=VECTOR('',#11529,10.);
#1479=VECTOR('',#11530,10.);
#1480=VECTOR('',#11531,10.);
#1481=VECTOR('',#11534,10.);
#1482=VECTOR('',#11535,10.);
#1483=VECTOR('',#11536,10.);
#1484=VECTOR('',#11539,10.);
#1485=VECTOR('',#11540,10.);
#1486=VECTOR('',#11541,10.);
#1487=VECTOR('',#11554,10.);
#1488=VECTOR('',#11557,10.);
#1489=VECTOR('',#11558,10.);
#1490=VECTOR('',#11563,10.);
#1491=VECTOR('',#11566,10.);
#1492=VECTOR('',#11571,10.);
#1493=VECTOR('',#11574,10.);
#1494=VECTOR('',#11577,10.);
#1495=VECTOR('',#11578,10.);
#1496=VECTOR('',#11579,10.);
#1497=VECTOR('',#11582,10.);
#1498=VECTOR('',#11583,10.);
#1499=VECTOR('',#11584,10.);
#1500=VECTOR('',#11587,10.);
#1501=VECTOR('',#11588,10.);
#1502=VECTOR('',#11589,10.);
#1503=VECTOR('',#11602,10.);
#1504=VECTOR('',#11605,10.);
#1505=VECTOR('',#11606,10.);
#1506=VECTOR('',#11611,10.);
#1507=VECTOR('',#11614,10.);
#1508=VECTOR('',#11619,10.);
#1509=VECTOR('',#11622,10.);
#1510=VECTOR('',#11625,10.);
#1511=VECTOR('',#11626,10.);
#1512=VECTOR('',#11627,10.);
#1513=VECTOR('',#11630,10.);
#1514=VECTOR('',#11631,10.);
#1515=VECTOR('',#11632,10.);
#1516=VECTOR('',#11635,10.);
#1517=VECTOR('',#11636,10.);
#1518=VECTOR('',#11637,10.);
#1519=VECTOR('',#11650,10.);
#1520=VECTOR('',#11653,10.);
#1521=VECTOR('',#11654,10.);
#1522=VECTOR('',#11659,10.);
#1523=VECTOR('',#11662,10.);
#1524=VECTOR('',#11667,10.);
#1525=VECTOR('',#11670,10.);
#1526=VECTOR('',#11673,10.);
#1527=VECTOR('',#11674,10.);
#1528=VECTOR('',#11675,10.);
#1529=VECTOR('',#11678,10.);
#1530=VECTOR('',#11679,10.);
#1531=VECTOR('',#11680,10.);
#1532=VECTOR('',#11683,10.);
#1533=VECTOR('',#11684,10.);
#1534=VECTOR('',#11685,10.);
#1535=VECTOR('',#11698,10.);
#1536=VECTOR('',#11701,10.);
#1537=VECTOR('',#11702,10.);
#1538=VECTOR('',#11705,10.);
#1539=VECTOR('',#11706,10.);
#1540=VECTOR('',#11707,10.);
#1541=VECTOR('',#11708,10.);
#1542=VECTOR('',#11711,10.);
#1543=VECTOR('',#11712,10.);
#1544=VECTOR('',#11713,10.);
#1545=VECTOR('',#11714,10.);
#1546=VECTOR('',#11719,10.);
#1547=VECTOR('',#11728,10.);
#1548=VECTOR('',#11735,10.);
#1549=VECTOR('',#11738,10.);
#1550=VECTOR('',#11739,10.);
#1551=VECTOR('',#11742,10.);
#1552=VECTOR('',#11743,10.);
#1553=VECTOR('',#11744,10.);
#1554=VECTOR('',#11755,10.);
#1555=VECTOR('',#11758,10.);
#1556=VECTOR('',#11763,10.);
#1557=VECTOR('',#11766,10.);
#1558=VECTOR('',#11769,10.);
#1559=VECTOR('',#11770,10.);
#1560=VECTOR('',#11771,10.);
#1561=VECTOR('',#11774,10.);
#1562=VECTOR('',#11775,10.);
#1563=VECTOR('',#11776,10.);
#1564=VECTOR('',#11779,10.);
#1565=VECTOR('',#11780,10.);
#1566=VECTOR('',#11781,10.);
#1567=VECTOR('',#11794,10.);
#1568=VECTOR('',#11797,10.);
#1569=VECTOR('',#11798,10.);
#1570=VECTOR('',#11803,10.);
#1571=VECTOR('',#11806,10.);
#1572=VECTOR('',#11811,10.);
#1573=VECTOR('',#11814,10.);
#1574=VECTOR('',#11817,10.);
#1575=VECTOR('',#11818,10.);
#1576=VECTOR('',#11819,10.);
#1577=VECTOR('',#11822,10.);
#1578=VECTOR('',#11823,10.);
#1579=VECTOR('',#11824,10.);
#1580=VECTOR('',#11827,10.);
#1581=VECTOR('',#11828,10.);
#1582=VECTOR('',#11829,10.);
#1583=VECTOR('',#11842,10.);
#1584=VECTOR('',#11845,10.);
#1585=VECTOR('',#11846,10.);
#1586=VECTOR('',#11851,10.);
#1587=VECTOR('',#11854,10.);
#1588=VECTOR('',#11859,10.);
#1589=VECTOR('',#11862,10.);
#1590=VECTOR('',#11865,10.);
#1591=VECTOR('',#11866,10.);
#1592=VECTOR('',#11867,10.);
#1593=VECTOR('',#11870,10.);
#1594=VECTOR('',#11871,10.);
#1595=VECTOR('',#11872,10.);
#1596=VECTOR('',#11875,10.);
#1597=VECTOR('',#11876,10.);
#1598=VECTOR('',#11877,10.);
#1599=VECTOR('',#11890,10.);
#1600=VECTOR('',#11893,10.);
#1601=VECTOR('',#11894,10.);
#1602=VECTOR('',#11899,10.);
#1603=VECTOR('',#11902,10.);
#1604=VECTOR('',#11907,10.);
#1605=VECTOR('',#11910,10.);
#1606=VECTOR('',#11913,10.);
#1607=VECTOR('',#11914,10.);
#1608=VECTOR('',#11915,10.);
#1609=VECTOR('',#11918,10.);
#1610=VECTOR('',#11919,10.);
#1611=VECTOR('',#11920,10.);
#1612=VECTOR('',#11923,10.);
#1613=VECTOR('',#11924,10.);
#1614=VECTOR('',#11925,10.);
#1615=VECTOR('',#11938,10.);
#1616=VECTOR('',#11941,10.);
#1617=VECTOR('',#11942,10.);
#1618=VECTOR('',#11947,10.);
#1619=VECTOR('',#11950,10.);
#1620=VECTOR('',#11955,10.);
#1621=VECTOR('',#11958,10.);
#1622=VECTOR('',#11961,10.);
#1623=VECTOR('',#11962,10.);
#1624=VECTOR('',#11963,10.);
#1625=VECTOR('',#11966,10.);
#1626=VECTOR('',#11967,10.);
#1627=VECTOR('',#11968,10.);
#1628=VECTOR('',#11971,10.);
#1629=VECTOR('',#11972,10.);
#1630=VECTOR('',#11973,10.);
#1631=VECTOR('',#11986,10.);
#1632=VECTOR('',#11989,10.);
#1633=VECTOR('',#11990,10.);
#1634=VECTOR('',#11993,10.);
#1635=VECTOR('',#11994,10.);
#1636=VECTOR('',#11995,10.);
#1637=VECTOR('',#11996,10.);
#1638=VECTOR('',#11999,10.);
#1639=VECTOR('',#12000,10.);
#1640=VECTOR('',#12001,10.);
#1641=VECTOR('',#12002,10.);
#1642=VECTOR('',#12007,10.);
#1643=VECTOR('',#12016,10.);
#1644=VECTOR('',#12023,10.);
#1645=VECTOR('',#12026,10.);
#1646=VECTOR('',#12027,10.);
#1647=VECTOR('',#12030,10.);
#1648=VECTOR('',#12031,10.);
#1649=VECTOR('',#12032,10.);
#1650=VECTOR('',#12041,10.);
#1651=VECTOR('',#12042,10.);
#1652=VECTOR('',#12043,10.);
#1653=VECTOR('',#12044,10.);
#1654=VECTOR('',#12047,10.);
#1655=VECTOR('',#12048,10.);
#1656=VECTOR('',#12049,10.);
#1657=VECTOR('',#12050,10.);
#1658=VECTOR('',#12055,10.);
#1659=VECTOR('',#12064,10.);
#1660=VECTOR('',#12071,10.);
#1661=VECTOR('',#12074,10.);
#1662=VECTOR('',#12075,10.);
#1663=VECTOR('',#12078,10.);
#1664=VECTOR('',#12079,10.);
#1665=VECTOR('',#12080,10.);
#1666=VECTOR('',#12089,10.);
#1667=VECTOR('',#12090,10.);
#1668=VECTOR('',#12091,10.);
#1669=VECTOR('',#12092,10.);
#1670=VECTOR('',#12099,10.);
#1671=VECTOR('',#12102,10.);
#1672=VECTOR('',#12103,10.);
#1673=VECTOR('',#12104,10.);
#1674=VECTOR('',#12115,10.);
#1675=VECTOR('',#12118,10.);
#1676=VECTOR('',#12121,10.);
#1677=VECTOR('',#12122,10.);
#1678=VECTOR('',#12123,10.);
#1679=VECTOR('',#12130,10.);
#1680=VECTOR('',#12133,10.);
#1681=VECTOR('',#12134,10.);
#1682=VECTOR('',#12137,10.);
#1683=VECTOR('',#12138,10.);
#1684=VECTOR('',#12139,10.);
#1685=VECTOR('',#12140,10.);
#1686=VECTOR('',#12147,10.);
#1687=VECTOR('',#12150,10.);
#1688=VECTOR('',#12151,10.);
#1689=VECTOR('',#12152,10.);
#1690=VECTOR('',#12161,10.);
#1691=VECTOR('',#12162,10.);
#1692=VECTOR('',#12163,10.);
#1693=VECTOR('',#12164,10.);
#1694=VECTOR('',#12171,10.);
#1695=VECTOR('',#12174,10.);
#1696=VECTOR('',#12175,10.);
#1697=VECTOR('',#12176,10.);
#1698=VECTOR('',#12185,10.);
#1699=VECTOR('',#12186,10.);
#1700=VECTOR('',#12187,10.);
#1701=VECTOR('',#12188,10.);
#1702=VECTOR('',#12195,10.);
#1703=VECTOR('',#12198,10.);
#1704=VECTOR('',#12199,10.);
#1705=VECTOR('',#12200,10.);
#1706=VECTOR('',#12209,10.);
#1707=VECTOR('',#12210,10.);
#1708=VECTOR('',#12211,10.);
#1709=VECTOR('',#12212,10.);
#1710=VECTOR('',#12219,10.);
#1711=VECTOR('',#12222,10.);
#1712=VECTOR('',#12223,10.);
#1713=VECTOR('',#12224,10.);
#1714=VECTOR('',#12233,10.);
#1715=VECTOR('',#12234,10.);
#1716=VECTOR('',#12235,10.);
#1717=VECTOR('',#12236,10.);
#1718=VECTOR('',#12243,10.);
#1719=VECTOR('',#12246,10.);
#1720=VECTOR('',#12247,10.);
#1721=VECTOR('',#12248,10.);
#1722=VECTOR('',#12257,10.);
#1723=VECTOR('',#12258,10.);
#1724=VECTOR('',#12259,10.);
#1725=VECTOR('',#12260,10.);
#1726=VECTOR('',#12267,10.);
#1727=VECTOR('',#12270,10.);
#1728=VECTOR('',#12271,10.);
#1729=VECTOR('',#12272,10.);
#1730=VECTOR('',#12283,10.);
#1731=VECTOR('',#12286,10.);
#1732=VECTOR('',#12289,10.);
#1733=VECTOR('',#12290,10.);
#1734=VECTOR('',#12291,10.);
#1735=VECTOR('',#12298,10.);
#1736=VECTOR('',#12301,10.);
#1737=VECTOR('',#12302,10.);
#1738=VECTOR('',#12305,10.);
#1739=VECTOR('',#12306,10.);
#1740=VECTOR('',#12307,10.);
#1741=VECTOR('',#12308,10.);
#1742=VECTOR('',#12315,10.);
#1743=VECTOR('',#12318,10.);
#1744=VECTOR('',#12319,10.);
#1745=VECTOR('',#12320,10.);
#1746=VECTOR('',#12329,10.);
#1747=VECTOR('',#12330,10.);
#1748=VECTOR('',#12331,10.);
#1749=VECTOR('',#12332,10.);
#1750=VECTOR('',#12339,10.);
#1751=VECTOR('',#12342,10.);
#1752=VECTOR('',#12343,10.);
#1753=VECTOR('',#12344,10.);
#1754=VECTOR('',#12355,10.);
#1755=VECTOR('',#12358,10.);
#1756=VECTOR('',#12361,10.);
#1757=VECTOR('',#12362,10.);
#1758=VECTOR('',#12363,10.);
#1759=VECTOR('',#12370,10.);
#1760=VECTOR('',#12373,10.);
#1761=VECTOR('',#12374,10.);
#1762=VECTOR('',#12377,10.);
#1763=VECTOR('',#12378,10.);
#1764=VECTOR('',#12379,10.);
#1765=VECTOR('',#12380,10.);
#1766=VECTOR('',#12387,10.);
#1767=VECTOR('',#12390,10.);
#1768=VECTOR('',#12391,10.);
#1769=VECTOR('',#12392,10.);
#1770=VECTOR('',#12401,10.);
#1771=VECTOR('',#12402,10.);
#1772=VECTOR('',#12403,10.);
#1773=VECTOR('',#12404,10.);
#1774=VECTOR('',#12411,10.);
#1775=VECTOR('',#12414,10.);
#1776=VECTOR('',#12415,10.);
#1777=VECTOR('',#12416,10.);
#1778=VECTOR('',#12425,10.);
#1779=VECTOR('',#12426,10.);
#1780=VECTOR('',#12427,10.);
#1781=VECTOR('',#12428,10.);
#1782=VECTOR('',#12435,10.);
#1783=VECTOR('',#12438,10.);
#1784=VECTOR('',#12439,10.);
#1785=VECTOR('',#12440,10.);
#1786=VECTOR('',#12449,10.);
#1787=VECTOR('',#12450,10.);
#1788=VECTOR('',#12451,10.);
#1789=VECTOR('',#12452,10.);
#1790=VECTOR('',#12459,10.);
#1791=VECTOR('',#12462,10.);
#1792=VECTOR('',#12463,10.);
#1793=VECTOR('',#12464,10.);
#1794=VECTOR('',#12473,10.);
#1795=VECTOR('',#12474,10.);
#1796=VECTOR('',#12475,10.);
#1797=VECTOR('',#12476,10.);
#1798=VECTOR('',#12483,10.);
#1799=VECTOR('',#12486,10.);
#1800=VECTOR('',#12487,10.);
#1801=VECTOR('',#12488,10.);
#1802=VECTOR('',#12499,10.);
#1803=VECTOR('',#12502,10.);
#1804=VECTOR('',#12505,10.);
#1805=VECTOR('',#12506,10.);
#1806=VECTOR('',#12507,10.);
#1807=VECTOR('',#12514,10.);
#1808=VECTOR('',#12517,10.);
#1809=VECTOR('',#12518,10.);
#1810=VECTOR('',#12523,10.);
#1811=VECTOR('',#12526,10.);
#1812=VECTOR('',#12529,10.);
#1813=VECTOR('',#12530,10.);
#1814=VECTOR('',#12531,10.);
#1815=VECTOR('',#12538,10.);
#1816=VECTOR('',#12541,10.);
#1817=VECTOR('',#12542,10.);
#1818=VECTOR('',#12545,10.);
#1819=VECTOR('',#12546,10.);
#1820=VECTOR('',#12547,10.);
#1821=VECTOR('',#12548,10.);
#1822=VECTOR('',#12555,10.);
#1823=VECTOR('',#12558,10.);
#1824=VECTOR('',#12559,10.);
#1825=VECTOR('',#12560,10.);
#1826=VECTOR('',#12569,10.);
#1827=VECTOR('',#12570,10.);
#1828=VECTOR('',#12571,10.);
#1829=VECTOR('',#12572,10.);
#1830=VECTOR('',#12579,10.);
#1831=VECTOR('',#12582,10.);
#1832=VECTOR('',#12583,10.);
#1833=VECTOR('',#12584,10.);
#1834=VECTOR('',#12593,10.);
#1835=VECTOR('',#12594,10.);
#1836=VECTOR('',#12595,10.);
#1837=VECTOR('',#12596,10.);
#1838=VECTOR('',#12603,10.);
#1839=VECTOR('',#12606,10.);
#1840=VECTOR('',#12607,10.);
#1841=VECTOR('',#12608,10.);
#1842=VECTOR('',#12617,10.);
#1843=VECTOR('',#12618,10.);
#1844=VECTOR('',#12619,10.);
#1845=VECTOR('',#12620,10.);
#1846=VECTOR('',#12627,10.);
#1847=VECTOR('',#12630,10.);
#1848=VECTOR('',#12631,10.);
#1849=VECTOR('',#12632,10.);
#1850=VECTOR('',#12641,10.);
#1851=VECTOR('',#12642,10.);
#1852=VECTOR('',#12643,10.);
#1853=VECTOR('',#12644,10.);
#1854=VECTOR('',#12651,10.);
#1855=VECTOR('',#12654,10.);
#1856=VECTOR('',#12655,10.);
#1857=VECTOR('',#12656,10.);
#1858=VECTOR('',#12665,10.);
#1859=VECTOR('',#12666,10.);
#1860=VECTOR('',#12667,10.);
#1861=VECTOR('',#12668,10.);
#1862=VECTOR('',#12675,10.);
#1863=VECTOR('',#12678,10.);
#1864=VECTOR('',#12679,10.);
#1865=VECTOR('',#12680,10.);
#1866=VECTOR('',#12689,10.);
#1867=VECTOR('',#12690,10.);
#1868=VECTOR('',#12691,10.);
#1869=VECTOR('',#12692,10.);
#1870=VECTOR('',#12699,10.);
#1871=VECTOR('',#12702,10.);
#1872=VECTOR('',#12703,10.);
#1873=VECTOR('',#12704,10.);
#1874=VECTOR('',#12713,10.);
#1875=VECTOR('',#12714,10.);
#1876=VECTOR('',#12715,10.);
#1877=VECTOR('',#12716,10.);
#1878=VECTOR('',#12723,10.);
#1879=VECTOR('',#12726,10.);
#1880=VECTOR('',#12727,10.);
#1881=VECTOR('',#12728,10.);
#1882=VECTOR('',#12737,10.);
#1883=VECTOR('',#12738,10.);
#1884=VECTOR('',#12739,10.);
#1885=VECTOR('',#12740,10.);
#1886=VECTOR('',#12747,10.);
#1887=VECTOR('',#12750,10.);
#1888=VECTOR('',#12751,10.);
#1889=VECTOR('',#12752,10.);
#1890=VECTOR('',#12761,10.);
#1891=VECTOR('',#12762,10.);
#1892=VECTOR('',#12763,10.);
#1893=VECTOR('',#12764,10.);
#1894=VECTOR('',#12771,10.);
#1895=VECTOR('',#12774,10.);
#1896=VECTOR('',#12775,10.);
#1897=VECTOR('',#12776,10.);
#1898=VECTOR('',#12785,10.);
#1899=VECTOR('',#12786,10.);
#1900=VECTOR('',#12787,10.);
#1901=VECTOR('',#12788,10.);
#1902=VECTOR('',#12795,10.);
#1903=VECTOR('',#12798,10.);
#1904=VECTOR('',#12799,10.);
#1905=VECTOR('',#12800,10.);
#1906=VECTOR('',#12809,10.);
#1907=VECTOR('',#12810,10.);
#1908=VECTOR('',#12811,10.);
#1909=VECTOR('',#12812,10.);
#1910=VECTOR('',#12819,10.);
#1911=VECTOR('',#12822,10.);
#1912=VECTOR('',#12823,10.);
#1913=VECTOR('',#12824,10.);
#1914=VECTOR('',#12833,10.);
#1915=VECTOR('',#12834,10.);
#1916=VECTOR('',#12835,10.);
#1917=VECTOR('',#12836,10.);
#1918=VECTOR('',#12843,10.);
#1919=VECTOR('',#12846,10.);
#1920=VECTOR('',#12847,10.);
#1921=VECTOR('',#12848,10.);
#1922=VECTOR('',#12857,10.);
#1923=VECTOR('',#12858,10.);
#1924=VECTOR('',#12859,10.);
#1925=VECTOR('',#12860,10.);
#1926=VECTOR('',#12867,10.);
#1927=VECTOR('',#12870,10.);
#1928=VECTOR('',#12871,10.);
#1929=VECTOR('',#12872,10.);
#1930=VECTOR('',#12881,10.);
#1931=VECTOR('',#12882,10.);
#1932=VECTOR('',#12883,10.);
#1933=VECTOR('',#12884,10.);
#1934=VECTOR('',#12891,10.);
#1935=VECTOR('',#12894,10.);
#1936=VECTOR('',#12895,10.);
#1937=VECTOR('',#12896,10.);
#1938=VECTOR('',#12905,10.);
#1939=VECTOR('',#12906,10.);
#1940=VECTOR('',#12907,10.);
#1941=VECTOR('',#12908,10.);
#1942=VECTOR('',#12915,10.);
#1943=VECTOR('',#12918,10.);
#1944=VECTOR('',#12919,10.);
#1945=VECTOR('',#12920,10.);
#1946=VECTOR('',#12929,10.);
#1947=VECTOR('',#12930,10.);
#1948=VECTOR('',#12931,10.);
#1949=VECTOR('',#12932,10.);
#1950=VECTOR('',#12939,10.);
#1951=VECTOR('',#12942,10.);
#1952=VECTOR('',#12943,10.);
#1953=VECTOR('',#12944,10.);
#1954=VECTOR('',#12953,10.);
#1955=VECTOR('',#12954,10.);
#1956=VECTOR('',#12955,10.);
#1957=VECTOR('',#12956,10.);
#1958=VECTOR('',#12963,10.);
#1959=VECTOR('',#12966,10.);
#1960=VECTOR('',#12967,10.);
#1961=VECTOR('',#12968,10.);
#1962=VECTOR('',#12977,10.);
#1963=VECTOR('',#12978,10.);
#1964=VECTOR('',#12979,10.);
#1965=VECTOR('',#12980,10.);
#1966=VECTOR('',#12987,10.);
#1967=VECTOR('',#12990,10.);
#1968=VECTOR('',#12991,10.);
#1969=VECTOR('',#12992,10.);
#1970=VECTOR('',#13001,10.);
#1971=VECTOR('',#13002,10.);
#1972=VECTOR('',#13003,10.);
#1973=VECTOR('',#13004,10.);
#1974=VECTOR('',#13011,10.);
#1975=VECTOR('',#13014,10.);
#1976=VECTOR('',#13015,10.);
#1977=VECTOR('',#13016,10.);
#1978=VECTOR('',#13025,10.);
#1979=VECTOR('',#13026,10.);
#1980=VECTOR('',#13027,10.);
#1981=VECTOR('',#13028,10.);
#1982=VECTOR('',#13035,10.);
#1983=VECTOR('',#13038,10.);
#1984=VECTOR('',#13039,10.);
#1985=VECTOR('',#13040,10.);
#1986=VECTOR('',#13049,10.);
#1987=VECTOR('',#13050,10.);
#1988=VECTOR('',#13051,10.);
#1989=VECTOR('',#13052,10.);
#1990=VECTOR('',#13059,10.);
#1991=VECTOR('',#13062,10.);
#1992=VECTOR('',#13063,10.);
#1993=VECTOR('',#13064,10.);
#1994=VECTOR('',#13073,10.);
#1995=VECTOR('',#13074,10.);
#1996=VECTOR('',#13075,10.);
#1997=VECTOR('',#13076,10.);
#1998=VECTOR('',#13083,10.);
#1999=VECTOR('',#13086,10.);
#2000=VECTOR('',#13087,10.);
#2001=VECTOR('',#13088,10.);
#2002=VECTOR('',#13097,10.);
#2003=VECTOR('',#13098,10.);
#2004=VECTOR('',#13099,10.);
#2005=VECTOR('',#13100,10.);
#2006=VECTOR('',#13107,10.);
#2007=VECTOR('',#13110,10.);
#2008=VECTOR('',#13111,10.);
#2009=VECTOR('',#13112,10.);
#2010=VECTOR('',#13121,10.);
#2011=VECTOR('',#13122,10.);
#2012=VECTOR('',#13123,10.);
#2013=VECTOR('',#13124,10.);
#2014=VECTOR('',#13131,10.);
#2015=VECTOR('',#13134,10.);
#2016=VECTOR('',#13135,10.);
#2017=VECTOR('',#13136,10.);
#2018=VECTOR('',#13145,10.);
#2019=VECTOR('',#13146,10.);
#2020=VECTOR('',#13149,10.);
#2021=VECTOR('',#13150,10.);
#2022=VECTOR('',#13153,10.);
#2023=VECTOR('',#13154,10.);
#2024=VECTOR('',#13157,10.);
#2025=VECTOR('',#13158,10.);
#2026=VECTOR('',#13161,10.);
#2027=VECTOR('',#13164,10.);
#2028=VECTOR('',#13169,10.);
#2029=VECTOR('',#13172,10.);
#2030=VECTOR('',#13175,10.);
#2031=VECTOR('',#13176,10.);
#2032=VECTOR('',#13181,10.);
#2033=VECTOR('',#13184,10.);
#2034=VECTOR('',#13187,10.);
#2035=VECTOR('',#13188,10.);
#2036=VECTOR('',#13193,10.);
#2037=VECTOR('',#13196,10.);
#2038=VECTOR('',#13199,10.);
#2039=VECTOR('',#13200,10.);
#2040=VECTOR('',#13201,10.);
#2041=VECTOR('',#13204,10.);
#2042=VECTOR('',#13209,10.);
#2043=VECTOR('',#13210,10.);
#2044=VECTOR('',#13213,10.);
#2045=VECTOR('',#13218,10.);
#2046=VECTOR('',#13219,10.);
#2047=VECTOR('',#13222,10.);
#2048=VECTOR('',#13227,10.);
#2049=VECTOR('',#13228,10.);
#2050=CYLINDRICAL_SURFACE('',#9554,3.25);
#2051=CYLINDRICAL_SURFACE('',#9559,4.);
#2052=CYLINDRICAL_SURFACE('',#9571,7.);
#2053=CYLINDRICAL_SURFACE('',#9579,5.25);
#2054=CYLINDRICAL_SURFACE('',#9585,2.75);
#2055=CYLINDRICAL_SURFACE('',#9589,7.);
#2056=CYLINDRICAL_SURFACE('',#9599,4.);
#2057=CYLINDRICAL_SURFACE('',#9608,7.);
#2058=CYLINDRICAL_SURFACE('',#9616,3.99999999999999);
#2059=CYLINDRICAL_SURFACE('',#9623,7.);
#2060=CYLINDRICAL_SURFACE('',#9650,0.999999999999996);
#2061=CYLINDRICAL_SURFACE('',#9653,0.999999999999996);
#2062=CYLINDRICAL_SURFACE('',#9656,0.999999999999996);
#2063=CYLINDRICAL_SURFACE('',#9661,0.999999999999996);
#2064=CYLINDRICAL_SURFACE('',#9666,0.999999999999996);
#2065=CYLINDRICAL_SURFACE('',#9669,0.999999999999996);
#2066=CYLINDRICAL_SURFACE('',#9672,1.);
#2067=CYLINDRICAL_SURFACE('',#9677,1.);
#2068=CYLINDRICAL_SURFACE('',#9680,1.00000000000018);
#2069=CYLINDRICAL_SURFACE('',#9683,1.00000000000018);
#2070=CYLINDRICAL_SURFACE('',#9689,1.00000000000018);
#2071=CYLINDRICAL_SURFACE('',#9692,1.00000000000018);
#2072=CYLINDRICAL_SURFACE('',#9698,0.999999999978933);
#2073=CYLINDRICAL_SURFACE('',#9701,0.999999999978933);
#2074=CYLINDRICAL_SURFACE('',#9704,0.999999999978956);
#2075=CYLINDRICAL_SURFACE('',#9709,0.999999999978956);
#2076=CYLINDRICAL_SURFACE('',#9712,0.999999999978938);
#2077=CYLINDRICAL_SURFACE('',#9715,0.999999999978938);
#2078=CYLINDRICAL_SURFACE('',#9721,0.999999999978956);
#2079=CYLINDRICAL_SURFACE('',#9724,0.999999999978956);
#2080=CYLINDRICAL_SURFACE('',#9728,0.999999999736842);
#2081=CYLINDRICAL_SURFACE('',#9731,0.999999999736842);
#2082=CYLINDRICAL_SURFACE('',#9737,1.00032794648041);
#2083=CYLINDRICAL_SURFACE('',#9740,1.00032794648041);
#2084=CYLINDRICAL_SURFACE('',#9744,0.999999999736842);
#2085=CYLINDRICAL_SURFACE('',#9747,0.999999999736842);
#2086=CYLINDRICAL_SURFACE('',#9753,1.00032794648041);
#2087=CYLINDRICAL_SURFACE('',#9756,1.00032794648041);
#2088=CYLINDRICAL_SURFACE('',#9760,0.999999999736842);
#2089=CYLINDRICAL_SURFACE('',#9763,0.999999999736842);
#2090=CYLINDRICAL_SURFACE('',#9769,1.00032794648041);
#2091=CYLINDRICAL_SURFACE('',#9772,1.00032794648041);
#2092=CYLINDRICAL_SURFACE('',#9776,0.999999999736842);
#2093=CYLINDRICAL_SURFACE('',#9779,0.999999999736842);
#2094=CYLINDRICAL_SURFACE('',#9785,1.00032794648041);
#2095=CYLINDRICAL_SURFACE('',#9788,1.00032794648041);
#2096=CYLINDRICAL_SURFACE('',#9792,0.999999999978929);
#2097=CYLINDRICAL_SURFACE('',#9795,0.999999999978929);
#2098=CYLINDRICAL_SURFACE('',#9801,0.999999999978956);
#2099=CYLINDRICAL_SURFACE('',#9804,0.999999999978956);
#2100=CYLINDRICAL_SURFACE('',#9810,1.00000000000018);
#2101=CYLINDRICAL_SURFACE('',#9813,1.00000000000018);
#2102=CYLINDRICAL_SURFACE('',#9816,1.00000000000018);
#2103=CYLINDRICAL_SURFACE('',#9821,1.00000000000018);
#2104=CYLINDRICAL_SURFACE('',#9824,1.00000000000018);
#2105=CYLINDRICAL_SURFACE('',#9827,1.00000000000018);
#2106=CYLINDRICAL_SURFACE('',#9833,1.00000000000018);
#2107=CYLINDRICAL_SURFACE('',#9836,1.00000000000018);
#2108=CYLINDRICAL_SURFACE('',#9842,0.999999999999996);
#2109=CYLINDRICAL_SURFACE('',#9845,0.999999999999996);
#2110=CYLINDRICAL_SURFACE('',#9848,0.999999999999996);
#2111=CYLINDRICAL_SURFACE('',#9853,0.999999999999996);
#2112=CYLINDRICAL_SURFACE('',#9858,0.999999999999996);
#2113=CYLINDRICAL_SURFACE('',#9861,0.999999999999996);
#2114=CYLINDRICAL_SURFACE('',#9864,0.999999999999996);
#2115=CYLINDRICAL_SURFACE('',#9869,0.999999999999996);
#2116=CYLINDRICAL_SURFACE('',#9874,0.999999999999996);
#2117=CYLINDRICAL_SURFACE('',#9877,0.999999999999996);
#2118=CYLINDRICAL_SURFACE('',#9880,1.00000000000001);
#2119=CYLINDRICAL_SURFACE('',#9885,1.00000000000001);
#2120=CYLINDRICAL_SURFACE('',#9888,1.00000000000018);
#2121=CYLINDRICAL_SURFACE('',#9891,1.00000000000018);
#2122=CYLINDRICAL_SURFACE('',#9897,1.00000000000018);
#2123=CYLINDRICAL_SURFACE('',#9900,1.00000000000018);
#2124=CYLINDRICAL_SURFACE('',#9904,1.00000000000018);
#2125=CYLINDRICAL_SURFACE('',#9907,1.00000000000018);
#2126=CYLINDRICAL_SURFACE('',#9913,1.00000000000018);
#2127=CYLINDRICAL_SURFACE('',#9916,1.00000000000018);
#2128=CYLINDRICAL_SURFACE('',#9920,0.999999999978938);
#2129=CYLINDRICAL_SURFACE('',#9923,0.999999999978938);
#2130=CYLINDRICAL_SURFACE('',#9929,0.999999999978956);
#2131=CYLINDRICAL_SURFACE('',#9932,0.999999999978956);
#2132=CYLINDRICAL_SURFACE('',#9936,0.999999999978938);
#2133=CYLINDRICAL_SURFACE('',#9939,0.999999999978938);
#2134=CYLINDRICAL_SURFACE('',#9945,0.999999999978956);
#2135=CYLINDRICAL_SURFACE('',#9948,0.999999999978956);
#2136=CYLINDRICAL_SURFACE('',#9952,0.999999999736842);
#2137=CYLINDRICAL_SURFACE('',#9955,0.999999999736842);
#2138=CYLINDRICAL_SURFACE('',#9961,1.00032794648041);
#2139=CYLINDRICAL_SURFACE('',#9964,1.00032794648041);
#2140=CYLINDRICAL_SURFACE('',#9970,1.00032794648041);
#2141=CYLINDRICAL_SURFACE('',#9973,1.00032794648041);
#2142=CYLINDRICAL_SURFACE('',#9976,0.999999999736842);
#2143=CYLINDRICAL_SURFACE('',#9981,0.999999999736842);
#2144=CYLINDRICAL_SURFACE('',#9984,0.999999999736842);
#2145=CYLINDRICAL_SURFACE('',#9987,0.999999999736842);
#2146=CYLINDRICAL_SURFACE('',#9993,1.00032794648041);
#2147=CYLINDRICAL_SURFACE('',#9996,1.00032794648041);
#2148=CYLINDRICAL_SURFACE('',#10000,0.999999999978929);
#2149=CYLINDRICAL_SURFACE('',#10003,0.999999999978929);
#2150=CYLINDRICAL_SURFACE('',#10009,0.999999999978947);
#2151=CYLINDRICAL_SURFACE('',#10012,0.999999999978947);
#2152=CYLINDRICAL_SURFACE('',#10016,0.999999999978933);
#2153=CYLINDRICAL_SURFACE('',#10019,0.999999999978933);
#2154=CYLINDRICAL_SURFACE('',#10025,0.999999999978956);
#2155=CYLINDRICAL_SURFACE('',#10028,0.999999999978956);
#2156=CYLINDRICAL_SURFACE('',#10032,1.00000000000017);
#2157=CYLINDRICAL_SURFACE('',#10035,1.00000000000017);
#2158=CYLINDRICAL_SURFACE('',#10041,1.00000000000018);
#2159=CYLINDRICAL_SURFACE('',#10044,1.00000000000018);
#2160=CYLINDRICAL_SURFACE('',#10048,1.00000000000018);
#2161=CYLINDRICAL_SURFACE('',#10051,1.00000000000018);
#2162=CYLINDRICAL_SURFACE('',#10057,1.00000000000018);
#2163=CYLINDRICAL_SURFACE('',#10060,1.00000000000018);
#2164=CYLINDRICAL_SURFACE('',#10066,0.999999999999996);
#2165=CYLINDRICAL_SURFACE('',#10069,0.999999999999996);
#2166=CYLINDRICAL_SURFACE('',#10072,1.);
#2167=CYLINDRICAL_SURFACE('',#10077,1.);
#2168=CYLINDRICAL_SURFACE('',#10082,0.999999999999996);
#2169=CYLINDRICAL_SURFACE('',#10085,0.999999999999996);
#2170=CYLINDRICAL_SURFACE('',#10088,0.999999999999996);
#2171=CYLINDRICAL_SURFACE('',#10093,0.999999999999996);
#2172=CYLINDRICAL_SURFACE('',#10097,0.999999999999995);
#2173=CYLINDRICAL_SURFACE('',#10101,0.999999999999945);
#2174=CYLINDRICAL_SURFACE('',#10104,0.999999999999989);
#2175=CYLINDRICAL_SURFACE('',#10108,0.999999999999998);
#2176=CYLINDRICAL_SURFACE('',#10113,1.);
#2177=CYLINDRICAL_SURFACE('',#10117,1.00000000000002);
#2178=CYLINDRICAL_SURFACE('',#10121,1.00000000000002);
#2179=CYLINDRICAL_SURFACE('',#10125,1.00000000000002);
#2180=CYLINDRICAL_SURFACE('',#10129,1.00000000000003);
#2181=CYLINDRICAL_SURFACE('',#10133,1.00000000000002);
#2182=CYLINDRICAL_SURFACE('',#10137,1.00000000000002);
#2183=CYLINDRICAL_SURFACE('',#10141,1.00000000000002);
#2184=CYLINDRICAL_SURFACE('',#10145,1.00000000000002);
#2185=CYLINDRICAL_SURFACE('',#10149,1.00000000000002);
#2186=CYLINDRICAL_SURFACE('',#10153,1.);
#2187=CYLINDRICAL_SURFACE('',#10157,1.00000000000001);
#2188=CYLINDRICAL_SURFACE('',#10160,0.999999999999989);
#2189=CYLINDRICAL_SURFACE('',#10164,0.999999999999998);
#2190=CYLINDRICAL_SURFACE('',#10169,0.999999999999995);
#2191=CYLINDRICAL_SURFACE('',#10173,0.999999999999957);
#2192=CYLINDRICAL_SURFACE('',#10177,1.00000000000001);
#2193=CYLINDRICAL_SURFACE('',#10181,0.999999999999951);
#2194=CYLINDRICAL_SURFACE('',#10184,0.999999999999976);
#2195=CYLINDRICAL_SURFACE('',#10188,0.999999999999998);
#2196=CYLINDRICAL_SURFACE('',#10193,0.999999999999985);
#2197=CYLINDRICAL_SURFACE('',#10197,0.999999999999998);
#2198=CYLINDRICAL_SURFACE('',#10201,1.00000000000001);
#2199=CYLINDRICAL_SURFACE('',#10205,1.00000000000001);
#2200=CYLINDRICAL_SURFACE('',#10209,1.00000000000002);
#2201=CYLINDRICAL_SURFACE('',#10213,1.00000000000002);
#2202=CYLINDRICAL_SURFACE('',#10217,1.00000000000002);
#2203=CYLINDRICAL_SURFACE('',#10221,1.00000000000002);
#2204=CYLINDRICAL_SURFACE('',#10225,1.);
#2205=CYLINDRICAL_SURFACE('',#10229,1.00000000000002);
#2206=CYLINDRICAL_SURFACE('',#10232,0.999999999999985);
#2207=CYLINDRICAL_SURFACE('',#10236,0.999999999999992);
#2208=CYLINDRICAL_SURFACE('',#10240,0.999999999999989);
#2209=CYLINDRICAL_SURFACE('',#10244,0.999999999999985);
#2210=CYLINDRICAL_SURFACE('',#10249,0.999999999999957);
#2211=CYLINDRICAL_SURFACE('',#10253,1.);
#2212=CYLINDRICAL_SURFACE('',#10257,1.);
#2213=CYLINDRICAL_SURFACE('',#10261,0.999999999999995);
#2214=CYLINDRICAL_SURFACE('',#10265,0.999999999999998);
#2215=CYLINDRICAL_SURFACE('',#10269,1.00000000000001);
#2216=CYLINDRICAL_SURFACE('',#10273,1.00000000000001);
#2217=CYLINDRICAL_SURFACE('',#10277,1.);
#2218=CYLINDRICAL_SURFACE('',#10281,0.999999999999995);
#2219=CYLINDRICAL_SURFACE('',#10285,0.999999999999992);
#2220=CYLINDRICAL_SURFACE('',#10289,0.999999999999989);
#2221=CYLINDRICAL_SURFACE('',#10293,0.999999999999992);
#2222=CYLINDRICAL_SURFACE('',#10297,0.999999999999989);
#2223=CYLINDRICAL_SURFACE('',#10301,0.999999999999985);
#2224=CYLINDRICAL_SURFACE('',#10305,1.);
#2225=CYLINDRICAL_SURFACE('',#10309,1.);
#2226=CYLINDRICAL_SURFACE('',#10313,0.999999999999995);
#2227=CYLINDRICAL_SURFACE('',#10317,0.999999999999992);
#2228=CYLINDRICAL_SURFACE('',#10321,0.999999999999992);
#2229=CYLINDRICAL_SURFACE('',#10325,0.999999999999995);
#2230=CYLINDRICAL_SURFACE('',#10329,1.);
#2231=CYLINDRICAL_SURFACE('',#10333,1.);
#2232=CYLINDRICAL_SURFACE('',#10337,1.);
#2233=CYLINDRICAL_SURFACE('',#10341,1.00000000000001);
#2234=CYLINDRICAL_SURFACE('',#10345,0.999999999999998);
#2235=CYLINDRICAL_SURFACE('',#10349,1.);
#2236=CYLINDRICAL_SURFACE('',#10353,1.);
#2237=CYLINDRICAL_SURFACE('',#10357,0.999999999999995);
#2238=CYLINDRICAL_SURFACE('',#10361,1.00000000000001);
#2239=CYLINDRICAL_SURFACE('',#10365,0.999999999999995);
#2240=CYLINDRICAL_SURFACE('',#10369,0.999999999999992);
#2241=CYLINDRICAL_SURFACE('',#10373,1.);
#2242=CYLINDRICAL_SURFACE('',#10377,1.);
#2243=CYLINDRICAL_SURFACE('',#10381,1.);
#2244=CYLINDRICAL_SURFACE('',#10385,1.);
#2245=CYLINDRICAL_SURFACE('',#10389,1.);
#2246=CYLINDRICAL_SURFACE('',#10393,1.);
#2247=CYLINDRICAL_SURFACE('',#10397,1.);
#2248=CYLINDRICAL_SURFACE('',#10401,0.999999999999995);
#2249=CYLINDRICAL_SURFACE('',#10405,0.999999999999992);
#2250=CYLINDRICAL_SURFACE('',#10409,1.);
#2251=CYLINDRICAL_SURFACE('',#10413,1.);
#2252=CYLINDRICAL_SURFACE('',#10417,1.);
#2253=CYLINDRICAL_SURFACE('',#10421,1.);
#2254=CYLINDRICAL_SURFACE('',#10425,1.);
#2255=CYLINDRICAL_SURFACE('',#10429,0.999999999999992);
#2256=CYLINDRICAL_SURFACE('',#10433,1.);
#2257=CYLINDRICAL_SURFACE('',#10437,0.999999999999995);
#2258=CYLINDRICAL_SURFACE('',#10441,0.999999999999998);
#2259=CYLINDRICAL_SURFACE('',#10445,1.00000000000001);
#2260=CYLINDRICAL_SURFACE('',#10466,8.);
#2261=CYLINDRICAL_SURFACE('',#10469,8.);
#2262=CYLINDRICAL_SURFACE('',#10472,8.);
#2263=CYLINDRICAL_SURFACE('',#10475,8.);
#2264=FACE_OUTER_BOUND('',#2732,.T.);
#2265=FACE_OUTER_BOUND('',#2733,.T.);
#2266=FACE_OUTER_BOUND('',#2734,.T.);
#2267=FACE_OUTER_BOUND('',#2736,.T.);
#2268=FACE_OUTER_BOUND('',#2737,.T.);
#2269=FACE_OUTER_BOUND('',#2738,.T.);
#2270=FACE_OUTER_BOUND('',#2739,.T.);
#2271=FACE_OUTER_BOUND('',#2740,.T.);
#2272=FACE_OUTER_BOUND('',#2741,.T.);
#2273=FACE_OUTER_BOUND('',#2743,.T.);
#2274=FACE_OUTER_BOUND('',#2744,.T.);
#2275=FACE_OUTER_BOUND('',#2745,.T.);
#2276=FACE_OUTER_BOUND('',#2746,.T.);
#2277=FACE_OUTER_BOUND('',#2747,.T.);
#2278=FACE_OUTER_BOUND('',#2749,.T.);
#2279=FACE_OUTER_BOUND('',#2751,.T.);
#2280=FACE_OUTER_BOUND('',#2752,.T.);
#2281=FACE_OUTER_BOUND('',#2753,.T.);
#2282=FACE_OUTER_BOUND('',#2754,.T.);
#2283=FACE_OUTER_BOUND('',#2755,.T.);
#2284=FACE_OUTER_BOUND('',#2756,.T.);
#2285=FACE_OUTER_BOUND('',#2757,.T.);
#2286=FACE_OUTER_BOUND('',#2759,.T.);
#2287=FACE_OUTER_BOUND('',#2760,.T.);
#2288=FACE_OUTER_BOUND('',#2761,.T.);
#2289=FACE_OUTER_BOUND('',#2762,.T.);
#2290=FACE_OUTER_BOUND('',#2763,.T.);
#2291=FACE_OUTER_BOUND('',#2765,.T.);
#2292=FACE_OUTER_BOUND('',#2766,.T.);
#2293=FACE_OUTER_BOUND('',#2767,.T.);
#2294=FACE_OUTER_BOUND('',#2768,.T.);
#2295=FACE_OUTER_BOUND('',#2769,.T.);
#2296=FACE_OUTER_BOUND('',#2770,.T.);
#2297=FACE_OUTER_BOUND('',#2771,.T.);
#2298=FACE_OUTER_BOUND('',#2772,.T.);
#2299=FACE_OUTER_BOUND('',#2773,.T.);
#2300=FACE_OUTER_BOUND('',#2774,.T.);
#2301=FACE_OUTER_BOUND('',#2775,.T.);
#2302=FACE_OUTER_BOUND('',#2776,.T.);
#2303=FACE_OUTER_BOUND('',#2777,.T.);
#2304=FACE_OUTER_BOUND('',#2778,.T.);
#2305=FACE_OUTER_BOUND('',#2779,.T.);
#2306=FACE_OUTER_BOUND('',#2780,.T.);
#2307=FACE_OUTER_BOUND('',#2781,.T.);
#2308=FACE_OUTER_BOUND('',#2782,.T.);
#2309=FACE_OUTER_BOUND('',#2783,.T.);
#2310=FACE_OUTER_BOUND('',#2784,.T.);
#2311=FACE_OUTER_BOUND('',#2785,.T.);
#2312=FACE_OUTER_BOUND('',#2786,.T.);
#2313=FACE_OUTER_BOUND('',#2787,.T.);
#2314=FACE_OUTER_BOUND('',#2788,.T.);
#2315=FACE_OUTER_BOUND('',#2789,.T.);
#2316=FACE_OUTER_BOUND('',#2790,.T.);
#2317=FACE_OUTER_BOUND('',#2791,.T.);
#2318=FACE_OUTER_BOUND('',#2792,.T.);
#2319=FACE_OUTER_BOUND('',#2793,.T.);
#2320=FACE_OUTER_BOUND('',#2794,.T.);
#2321=FACE_OUTER_BOUND('',#2795,.T.);
#2322=FACE_OUTER_BOUND('',#2796,.T.);
#2323=FACE_OUTER_BOUND('',#2797,.T.);
#2324=FACE_OUTER_BOUND('',#2798,.T.);
#2325=FACE_OUTER_BOUND('',#2799,.T.);
#2326=FACE_OUTER_BOUND('',#2800,.T.);
#2327=FACE_OUTER_BOUND('',#2801,.T.);
#2328=FACE_OUTER_BOUND('',#2802,.T.);
#2329=FACE_OUTER_BOUND('',#2803,.T.);
#2330=FACE_OUTER_BOUND('',#2804,.T.);
#2331=FACE_OUTER_BOUND('',#2805,.T.);
#2332=FACE_OUTER_BOUND('',#2806,.T.);
#2333=FACE_OUTER_BOUND('',#2807,.T.);
#2334=FACE_OUTER_BOUND('',#2808,.T.);
#2335=FACE_OUTER_BOUND('',#2809,.T.);
#2336=FACE_OUTER_BOUND('',#2810,.T.);
#2337=FACE_OUTER_BOUND('',#2811,.T.);
#2338=FACE_OUTER_BOUND('',#2812,.T.);
#2339=FACE_OUTER_BOUND('',#2813,.T.);
#2340=FACE_OUTER_BOUND('',#2814,.T.);
#2341=FACE_OUTER_BOUND('',#2815,.T.);
#2342=FACE_OUTER_BOUND('',#2816,.T.);
#2343=FACE_OUTER_BOUND('',#2817,.T.);
#2344=FACE_OUTER_BOUND('',#2818,.T.);
#2345=FACE_OUTER_BOUND('',#2819,.T.);
#2346=FACE_OUTER_BOUND('',#2820,.T.);
#2347=FACE_OUTER_BOUND('',#2821,.T.);
#2348=FACE_OUTER_BOUND('',#2822,.T.);
#2349=FACE_OUTER_BOUND('',#2823,.T.);
#2350=FACE_OUTER_BOUND('',#2824,.T.);
#2351=FACE_OUTER_BOUND('',#2825,.T.);
#2352=FACE_OUTER_BOUND('',#2826,.T.);
#2353=FACE_OUTER_BOUND('',#2827,.T.);
#2354=FACE_OUTER_BOUND('',#2828,.T.);
#2355=FACE_OUTER_BOUND('',#2829,.T.);
#2356=FACE_OUTER_BOUND('',#2830,.T.);
#2357=FACE_OUTER_BOUND('',#2831,.T.);
#2358=FACE_OUTER_BOUND('',#2832,.T.);
#2359=FACE_OUTER_BOUND('',#2833,.T.);
#2360=FACE_OUTER_BOUND('',#2834,.T.);
#2361=FACE_OUTER_BOUND('',#2835,.T.);
#2362=FACE_OUTER_BOUND('',#2836,.T.);
#2363=FACE_OUTER_BOUND('',#2837,.T.);
#2364=FACE_OUTER_BOUND('',#2838,.T.);
#2365=FACE_OUTER_BOUND('',#2839,.T.);
#2366=FACE_OUTER_BOUND('',#2840,.T.);
#2367=FACE_OUTER_BOUND('',#2841,.T.);
#2368=FACE_OUTER_BOUND('',#2842,.T.);
#2369=FACE_OUTER_BOUND('',#2843,.T.);
#2370=FACE_OUTER_BOUND('',#2844,.T.);
#2371=FACE_OUTER_BOUND('',#2845,.T.);
#2372=FACE_OUTER_BOUND('',#2846,.T.);
#2373=FACE_OUTER_BOUND('',#2847,.T.);
#2374=FACE_OUTER_BOUND('',#2848,.T.);
#2375=FACE_OUTER_BOUND('',#2849,.T.);
#2376=FACE_OUTER_BOUND('',#2850,.T.);
#2377=FACE_OUTER_BOUND('',#2851,.T.);
#2378=FACE_OUTER_BOUND('',#2852,.T.);
#2379=FACE_OUTER_BOUND('',#2853,.T.);
#2380=FACE_OUTER_BOUND('',#2854,.T.);
#2381=FACE_OUTER_BOUND('',#2855,.T.);
#2382=FACE_OUTER_BOUND('',#2856,.T.);
#2383=FACE_OUTER_BOUND('',#2857,.T.);
#2384=FACE_OUTER_BOUND('',#2858,.T.);
#2385=FACE_OUTER_BOUND('',#2859,.T.);
#2386=FACE_OUTER_BOUND('',#2860,.T.);
#2387=FACE_OUTER_BOUND('',#2861,.T.);
#2388=FACE_OUTER_BOUND('',#2862,.T.);
#2389=FACE_OUTER_BOUND('',#2863,.T.);
#2390=FACE_OUTER_BOUND('',#2864,.T.);
#2391=FACE_OUTER_BOUND('',#2865,.T.);
#2392=FACE_OUTER_BOUND('',#2866,.T.);
#2393=FACE_OUTER_BOUND('',#2867,.T.);
#2394=FACE_OUTER_BOUND('',#2868,.T.);
#2395=FACE_OUTER_BOUND('',#2869,.T.);
#2396=FACE_OUTER_BOUND('',#2870,.T.);
#2397=FACE_OUTER_BOUND('',#2871,.T.);
#2398=FACE_OUTER_BOUND('',#2872,.T.);
#2399=FACE_OUTER_BOUND('',#2873,.T.);
#2400=FACE_OUTER_BOUND('',#2874,.T.);
#2401=FACE_OUTER_BOUND('',#2875,.T.);
#2402=FACE_OUTER_BOUND('',#2876,.T.);
#2403=FACE_OUTER_BOUND('',#2877,.T.);
#2404=FACE_OUTER_BOUND('',#2878,.T.);
#2405=FACE_OUTER_BOUND('',#2879,.T.);
#2406=FACE_OUTER_BOUND('',#2880,.T.);
#2407=FACE_OUTER_BOUND('',#2881,.T.);
#2408=FACE_OUTER_BOUND('',#2882,.T.);
#2409=FACE_OUTER_BOUND('',#2883,.T.);
#2410=FACE_OUTER_BOUND('',#2884,.T.);
#2411=FACE_OUTER_BOUND('',#2885,.T.);
#2412=FACE_OUTER_BOUND('',#2886,.T.);
#2413=FACE_OUTER_BOUND('',#2887,.T.);
#2414=FACE_OUTER_BOUND('',#2888,.T.);
#2415=FACE_OUTER_BOUND('',#2889,.T.);
#2416=FACE_OUTER_BOUND('',#2890,.T.);
#2417=FACE_OUTER_BOUND('',#2891,.T.);
#2418=FACE_OUTER_BOUND('',#2892,.T.);
#2419=FACE_OUTER_BOUND('',#2893,.T.);
#2420=FACE_OUTER_BOUND('',#2894,.T.);
#2421=FACE_OUTER_BOUND('',#2895,.T.);
#2422=FACE_OUTER_BOUND('',#2896,.T.);
#2423=FACE_OUTER_BOUND('',#2897,.T.);
#2424=FACE_OUTER_BOUND('',#2898,.T.);
#2425=FACE_OUTER_BOUND('',#2899,.T.);
#2426=FACE_OUTER_BOUND('',#2900,.T.);
#2427=FACE_OUTER_BOUND('',#2901,.T.);
#2428=FACE_OUTER_BOUND('',#2902,.T.);
#2429=FACE_OUTER_BOUND('',#2903,.T.);
#2430=FACE_OUTER_BOUND('',#2904,.T.);
#2431=FACE_OUTER_BOUND('',#2905,.T.);
#2432=FACE_OUTER_BOUND('',#2906,.T.);
#2433=FACE_OUTER_BOUND('',#2907,.T.);
#2434=FACE_OUTER_BOUND('',#2908,.T.);
#2435=FACE_OUTER_BOUND('',#2909,.T.);
#2436=FACE_OUTER_BOUND('',#2910,.T.);
#2437=FACE_OUTER_BOUND('',#2911,.T.);
#2438=FACE_OUTER_BOUND('',#2912,.T.);
#2439=FACE_OUTER_BOUND('',#2913,.T.);
#2440=FACE_OUTER_BOUND('',#2914,.T.);
#2441=FACE_OUTER_BOUND('',#2915,.T.);
#2442=FACE_OUTER_BOUND('',#2916,.T.);
#2443=FACE_OUTER_BOUND('',#2917,.T.);
#2444=FACE_OUTER_BOUND('',#2918,.T.);
#2445=FACE_OUTER_BOUND('',#2919,.T.);
#2446=FACE_OUTER_BOUND('',#2920,.T.);
#2447=FACE_OUTER_BOUND('',#2921,.T.);
#2448=FACE_OUTER_BOUND('',#2922,.T.);
#2449=FACE_OUTER_BOUND('',#2923,.T.);
#2450=FACE_OUTER_BOUND('',#2924,.T.);
#2451=FACE_OUTER_BOUND('',#2925,.T.);
#2452=FACE_OUTER_BOUND('',#2926,.T.);
#2453=FACE_OUTER_BOUND('',#2927,.T.);
#2454=FACE_OUTER_BOUND('',#2928,.T.);
#2455=FACE_OUTER_BOUND('',#2929,.T.);
#2456=FACE_OUTER_BOUND('',#2930,.T.);
#2457=FACE_OUTER_BOUND('',#2931,.T.);
#2458=FACE_OUTER_BOUND('',#2932,.T.);
#2459=FACE_OUTER_BOUND('',#2933,.T.);
#2460=FACE_OUTER_BOUND('',#2934,.T.);
#2461=FACE_OUTER_BOUND('',#2935,.T.);
#2462=FACE_OUTER_BOUND('',#2936,.T.);
#2463=FACE_OUTER_BOUND('',#2937,.T.);
#2464=FACE_OUTER_BOUND('',#2938,.T.);
#2465=FACE_OUTER_BOUND('',#2939,.T.);
#2466=FACE_OUTER_BOUND('',#2940,.T.);
#2467=FACE_OUTER_BOUND('',#2941,.T.);
#2468=FACE_OUTER_BOUND('',#2942,.T.);
#2469=FACE_OUTER_BOUND('',#2943,.T.);
#2470=FACE_OUTER_BOUND('',#2944,.T.);
#2471=FACE_OUTER_BOUND('',#2945,.T.);
#2472=FACE_OUTER_BOUND('',#2946,.T.);
#2473=FACE_OUTER_BOUND('',#2947,.T.);
#2474=FACE_OUTER_BOUND('',#2948,.T.);
#2475=FACE_OUTER_BOUND('',#2949,.T.);
#2476=FACE_OUTER_BOUND('',#2950,.T.);
#2477=FACE_OUTER_BOUND('',#2951,.T.);
#2478=FACE_OUTER_BOUND('',#2952,.T.);
#2479=FACE_OUTER_BOUND('',#2953,.T.);
#2480=FACE_OUTER_BOUND('',#2954,.T.);
#2481=FACE_OUTER_BOUND('',#2955,.T.);
#2482=FACE_OUTER_BOUND('',#2956,.T.);
#2483=FACE_OUTER_BOUND('',#2957,.T.);
#2484=FACE_OUTER_BOUND('',#2958,.T.);
#2485=FACE_OUTER_BOUND('',#2959,.T.);
#2486=FACE_OUTER_BOUND('',#2960,.T.);
#2487=FACE_OUTER_BOUND('',#2961,.T.);
#2488=FACE_OUTER_BOUND('',#2962,.T.);
#2489=FACE_OUTER_BOUND('',#2963,.T.);
#2490=FACE_OUTER_BOUND('',#2964,.T.);
#2491=FACE_OUTER_BOUND('',#2965,.T.);
#2492=FACE_OUTER_BOUND('',#2966,.T.);
#2493=FACE_OUTER_BOUND('',#2967,.T.);
#2494=FACE_OUTER_BOUND('',#2968,.T.);
#2495=FACE_OUTER_BOUND('',#2969,.T.);
#2496=FACE_OUTER_BOUND('',#2970,.T.);
#2497=FACE_OUTER_BOUND('',#2971,.T.);
#2498=FACE_OUTER_BOUND('',#2972,.T.);
#2499=FACE_OUTER_BOUND('',#2973,.T.);
#2500=FACE_OUTER_BOUND('',#2974,.T.);
#2501=FACE_OUTER_BOUND('',#2975,.T.);
#2502=FACE_OUTER_BOUND('',#2976,.T.);
#2503=FACE_OUTER_BOUND('',#2977,.T.);
#2504=FACE_OUTER_BOUND('',#2978,.T.);
#2505=FACE_OUTER_BOUND('',#2979,.T.);
#2506=FACE_OUTER_BOUND('',#2980,.T.);
#2507=FACE_OUTER_BOUND('',#2981,.T.);
#2508=FACE_OUTER_BOUND('',#2982,.T.);
#2509=FACE_OUTER_BOUND('',#2983,.T.);
#2510=FACE_OUTER_BOUND('',#2984,.T.);
#2511=FACE_OUTER_BOUND('',#2985,.T.);
#2512=FACE_OUTER_BOUND('',#2986,.T.);
#2513=FACE_OUTER_BOUND('',#2987,.T.);
#2514=FACE_OUTER_BOUND('',#2988,.T.);
#2515=FACE_OUTER_BOUND('',#2989,.T.);
#2516=FACE_OUTER_BOUND('',#2990,.T.);
#2517=FACE_OUTER_BOUND('',#2991,.T.);
#2518=FACE_OUTER_BOUND('',#2992,.T.);
#2519=FACE_OUTER_BOUND('',#2993,.T.);
#2520=FACE_OUTER_BOUND('',#2994,.T.);
#2521=FACE_OUTER_BOUND('',#2995,.T.);
#2522=FACE_OUTER_BOUND('',#2996,.T.);
#2523=FACE_OUTER_BOUND('',#2997,.T.);
#2524=FACE_OUTER_BOUND('',#2998,.T.);
#2525=FACE_OUTER_BOUND('',#2999,.T.);
#2526=FACE_OUTER_BOUND('',#3000,.T.);
#2527=FACE_OUTER_BOUND('',#3001,.T.);
#2528=FACE_OUTER_BOUND('',#3002,.T.);
#2529=FACE_OUTER_BOUND('',#3003,.T.);
#2530=FACE_OUTER_BOUND('',#3004,.T.);
#2531=FACE_OUTER_BOUND('',#3005,.T.);
#2532=FACE_OUTER_BOUND('',#3006,.T.);
#2533=FACE_OUTER_BOUND('',#3007,.T.);
#2534=FACE_OUTER_BOUND('',#3008,.T.);
#2535=FACE_OUTER_BOUND('',#3009,.T.);
#2536=FACE_OUTER_BOUND('',#3010,.T.);
#2537=FACE_OUTER_BOUND('',#3011,.T.);
#2538=FACE_OUTER_BOUND('',#3012,.T.);
#2539=FACE_OUTER_BOUND('',#3013,.T.);
#2540=FACE_OUTER_BOUND('',#3014,.T.);
#2541=FACE_OUTER_BOUND('',#3015,.T.);
#2542=FACE_OUTER_BOUND('',#3016,.T.);
#2543=FACE_OUTER_BOUND('',#3017,.T.);
#2544=FACE_OUTER_BOUND('',#3018,.T.);
#2545=FACE_OUTER_BOUND('',#3019,.T.);
#2546=FACE_OUTER_BOUND('',#3020,.T.);
#2547=FACE_OUTER_BOUND('',#3021,.T.);
#2548=FACE_OUTER_BOUND('',#3022,.T.);
#2549=FACE_OUTER_BOUND('',#3023,.T.);
#2550=FACE_OUTER_BOUND('',#3024,.T.);
#2551=FACE_OUTER_BOUND('',#3025,.T.);
#2552=FACE_OUTER_BOUND('',#3026,.T.);
#2553=FACE_OUTER_BOUND('',#3027,.T.);
#2554=FACE_OUTER_BOUND('',#3028,.T.);
#2555=FACE_OUTER_BOUND('',#3029,.T.);
#2556=FACE_OUTER_BOUND('',#3030,.T.);
#2557=FACE_OUTER_BOUND('',#3031,.T.);
#2558=FACE_OUTER_BOUND('',#3032,.T.);
#2559=FACE_OUTER_BOUND('',#3033,.T.);
#2560=FACE_OUTER_BOUND('',#3034,.T.);
#2561=FACE_OUTER_BOUND('',#3035,.T.);
#2562=FACE_OUTER_BOUND('',#3036,.T.);
#2563=FACE_OUTER_BOUND('',#3037,.T.);
#2564=FACE_OUTER_BOUND('',#3038,.T.);
#2565=FACE_OUTER_BOUND('',#3039,.T.);
#2566=FACE_OUTER_BOUND('',#3040,.T.);
#2567=FACE_OUTER_BOUND('',#3041,.T.);
#2568=FACE_OUTER_BOUND('',#3042,.T.);
#2569=FACE_OUTER_BOUND('',#3043,.T.);
#2570=FACE_OUTER_BOUND('',#3044,.T.);
#2571=FACE_OUTER_BOUND('',#3045,.T.);
#2572=FACE_OUTER_BOUND('',#3046,.T.);
#2573=FACE_OUTER_BOUND('',#3047,.T.);
#2574=FACE_OUTER_BOUND('',#3048,.T.);
#2575=FACE_OUTER_BOUND('',#3049,.T.);
#2576=FACE_OUTER_BOUND('',#3050,.T.);
#2577=FACE_OUTER_BOUND('',#3051,.T.);
#2578=FACE_OUTER_BOUND('',#3052,.T.);
#2579=FACE_OUTER_BOUND('',#3053,.T.);
#2580=FACE_OUTER_BOUND('',#3054,.T.);
#2581=FACE_OUTER_BOUND('',#3055,.T.);
#2582=FACE_OUTER_BOUND('',#3056,.T.);
#2583=FACE_OUTER_BOUND('',#3057,.T.);
#2584=FACE_OUTER_BOUND('',#3058,.T.);
#2585=FACE_OUTER_BOUND('',#3059,.T.);
#2586=FACE_OUTER_BOUND('',#3060,.T.);
#2587=FACE_OUTER_BOUND('',#3061,.T.);
#2588=FACE_OUTER_BOUND('',#3062,.T.);
#2589=FACE_OUTER_BOUND('',#3063,.T.);
#2590=FACE_OUTER_BOUND('',#3064,.T.);
#2591=FACE_OUTER_BOUND('',#3065,.T.);
#2592=FACE_OUTER_BOUND('',#3066,.T.);
#2593=FACE_OUTER_BOUND('',#3067,.T.);
#2594=FACE_OUTER_BOUND('',#3068,.T.);
#2595=FACE_OUTER_BOUND('',#3069,.T.);
#2596=FACE_OUTER_BOUND('',#3070,.T.);
#2597=FACE_OUTER_BOUND('',#3071,.T.);
#2598=FACE_OUTER_BOUND('',#3072,.T.);
#2599=FACE_OUTER_BOUND('',#3073,.T.);
#2600=FACE_OUTER_BOUND('',#3074,.T.);
#2601=FACE_OUTER_BOUND('',#3075,.T.);
#2602=FACE_OUTER_BOUND('',#3076,.T.);
#2603=FACE_OUTER_BOUND('',#3077,.T.);
#2604=FACE_OUTER_BOUND('',#3078,.T.);
#2605=FACE_OUTER_BOUND('',#3079,.T.);
#2606=FACE_OUTER_BOUND('',#3080,.T.);
#2607=FACE_OUTER_BOUND('',#3081,.T.);
#2608=FACE_OUTER_BOUND('',#3082,.T.);
#2609=FACE_OUTER_BOUND('',#3083,.T.);
#2610=FACE_OUTER_BOUND('',#3084,.T.);
#2611=FACE_OUTER_BOUND('',#3085,.T.);
#2612=FACE_OUTER_BOUND('',#3086,.T.);
#2613=FACE_OUTER_BOUND('',#3087,.T.);
#2614=FACE_OUTER_BOUND('',#3088,.T.);
#2615=FACE_OUTER_BOUND('',#3089,.T.);
#2616=FACE_OUTER_BOUND('',#3090,.T.);
#2617=FACE_OUTER_BOUND('',#3091,.T.);
#2618=FACE_OUTER_BOUND('',#3092,.T.);
#2619=FACE_OUTER_BOUND('',#3093,.T.);
#2620=FACE_OUTER_BOUND('',#3094,.T.);
#2621=FACE_OUTER_BOUND('',#3095,.T.);
#2622=FACE_OUTER_BOUND('',#3096,.T.);
#2623=FACE_OUTER_BOUND('',#3097,.T.);
#2624=FACE_OUTER_BOUND('',#3098,.T.);
#2625=FACE_OUTER_BOUND('',#3099,.T.);
#2626=FACE_OUTER_BOUND('',#3100,.T.);
#2627=FACE_OUTER_BOUND('',#3101,.T.);
#2628=FACE_OUTER_BOUND('',#3102,.T.);
#2629=FACE_OUTER_BOUND('',#3103,.T.);
#2630=FACE_OUTER_BOUND('',#3104,.T.);
#2631=FACE_OUTER_BOUND('',#3105,.T.);
#2632=FACE_OUTER_BOUND('',#3106,.T.);
#2633=FACE_OUTER_BOUND('',#3107,.T.);
#2634=FACE_OUTER_BOUND('',#3108,.T.);
#2635=FACE_OUTER_BOUND('',#3109,.T.);
#2636=FACE_OUTER_BOUND('',#3110,.T.);
#2637=FACE_OUTER_BOUND('',#3111,.T.);
#2638=FACE_OUTER_BOUND('',#3112,.T.);
#2639=FACE_OUTER_BOUND('',#3113,.T.);
#2640=FACE_OUTER_BOUND('',#3114,.T.);
#2641=FACE_OUTER_BOUND('',#3115,.T.);
#2642=FACE_OUTER_BOUND('',#3116,.T.);
#2643=FACE_OUTER_BOUND('',#3117,.T.);
#2644=FACE_OUTER_BOUND('',#3118,.T.);
#2645=FACE_OUTER_BOUND('',#3119,.T.);
#2646=FACE_OUTER_BOUND('',#3120,.T.);
#2647=FACE_OUTER_BOUND('',#3121,.T.);
#2648=FACE_OUTER_BOUND('',#3122,.T.);
#2649=FACE_OUTER_BOUND('',#3123,.T.);
#2650=FACE_OUTER_BOUND('',#3124,.T.);
#2651=FACE_OUTER_BOUND('',#3125,.T.);
#2652=FACE_OUTER_BOUND('',#3126,.T.);
#2653=FACE_OUTER_BOUND('',#3127,.T.);
#2654=FACE_OUTER_BOUND('',#3128,.T.);
#2655=FACE_OUTER_BOUND('',#3129,.T.);
#2656=FACE_OUTER_BOUND('',#3130,.T.);
#2657=FACE_OUTER_BOUND('',#3131,.T.);
#2658=FACE_OUTER_BOUND('',#3132,.T.);
#2659=FACE_OUTER_BOUND('',#3133,.T.);
#2660=FACE_OUTER_BOUND('',#3134,.T.);
#2661=FACE_OUTER_BOUND('',#3135,.T.);
#2662=FACE_OUTER_BOUND('',#3136,.T.);
#2663=FACE_OUTER_BOUND('',#3137,.T.);
#2664=FACE_OUTER_BOUND('',#3138,.T.);
#2665=FACE_OUTER_BOUND('',#3139,.T.);
#2666=FACE_OUTER_BOUND('',#3140,.T.);
#2667=FACE_OUTER_BOUND('',#3141,.T.);
#2668=FACE_OUTER_BOUND('',#3142,.T.);
#2669=FACE_OUTER_BOUND('',#3143,.T.);
#2670=FACE_OUTER_BOUND('',#3144,.T.);
#2671=FACE_OUTER_BOUND('',#3145,.T.);
#2672=FACE_OUTER_BOUND('',#3146,.T.);
#2673=FACE_OUTER_BOUND('',#3147,.T.);
#2674=FACE_OUTER_BOUND('',#3148,.T.);
#2675=FACE_OUTER_BOUND('',#3149,.T.);
#2676=FACE_OUTER_BOUND('',#3150,.T.);
#2677=FACE_OUTER_BOUND('',#3151,.T.);
#2678=FACE_OUTER_BOUND('',#3152,.T.);
#2679=FACE_OUTER_BOUND('',#3153,.T.);
#2680=FACE_OUTER_BOUND('',#3154,.T.);
#2681=FACE_OUTER_BOUND('',#3155,.T.);
#2682=FACE_OUTER_BOUND('',#3156,.T.);
#2683=FACE_OUTER_BOUND('',#3157,.T.);
#2684=FACE_OUTER_BOUND('',#3158,.T.);
#2685=FACE_OUTER_BOUND('',#3159,.T.);
#2686=FACE_OUTER_BOUND('',#3160,.T.);
#2687=FACE_OUTER_BOUND('',#3161,.T.);
#2688=FACE_OUTER_BOUND('',#3162,.T.);
#2689=FACE_OUTER_BOUND('',#3163,.T.);
#2690=FACE_OUTER_BOUND('',#3164,.T.);
#2691=FACE_OUTER_BOUND('',#3165,.T.);
#2692=FACE_OUTER_BOUND('',#3166,.T.);
#2693=FACE_OUTER_BOUND('',#3167,.T.);
#2694=FACE_OUTER_BOUND('',#3168,.T.);
#2695=FACE_OUTER_BOUND('',#3169,.T.);
#2696=FACE_OUTER_BOUND('',#3170,.T.);
#2697=FACE_OUTER_BOUND('',#3171,.T.);
#2698=FACE_OUTER_BOUND('',#3172,.T.);
#2699=FACE_OUTER_BOUND('',#3173,.T.);
#2700=FACE_OUTER_BOUND('',#3174,.T.);
#2701=FACE_OUTER_BOUND('',#3175,.T.);
#2702=FACE_OUTER_BOUND('',#3176,.T.);
#2703=FACE_OUTER_BOUND('',#3177,.T.);
#2704=FACE_OUTER_BOUND('',#3178,.T.);
#2705=FACE_OUTER_BOUND('',#3179,.T.);
#2706=FACE_OUTER_BOUND('',#3180,.T.);
#2707=FACE_OUTER_BOUND('',#3181,.T.);
#2708=FACE_OUTER_BOUND('',#3182,.T.);
#2709=FACE_OUTER_BOUND('',#3183,.T.);
#2710=FACE_OUTER_BOUND('',#3184,.T.);
#2711=FACE_OUTER_BOUND('',#3185,.T.);
#2712=FACE_OUTER_BOUND('',#3186,.T.);
#2713=FACE_OUTER_BOUND('',#3215,.T.);
#2714=FACE_OUTER_BOUND('',#3236,.T.);
#2715=FACE_OUTER_BOUND('',#3237,.T.);
#2716=FACE_OUTER_BOUND('',#3266,.T.);
#2717=FACE_OUTER_BOUND('',#3291,.T.);
#2718=FACE_OUTER_BOUND('',#3292,.T.);
#2719=FACE_OUTER_BOUND('',#3293,.T.);
#2720=FACE_OUTER_BOUND('',#3294,.T.);
#2721=FACE_OUTER_BOUND('',#3295,.T.);
#2722=FACE_OUTER_BOUND('',#3296,.T.);
#2723=FACE_OUTER_BOUND('',#3297,.T.);
#2724=FACE_OUTER_BOUND('',#3326,.T.);
#2725=FACE_OUTER_BOUND('',#3327,.T.);
#2726=FACE_OUTER_BOUND('',#3348,.T.);
#2727=FACE_OUTER_BOUND('',#3349,.T.);
#2728=FACE_OUTER_BOUND('',#3378,.T.);
#2729=FACE_OUTER_BOUND('',#3379,.T.);
#2730=FACE_OUTER_BOUND('',#3404,.T.);
#2731=FACE_OUTER_BOUND('',#3405,.T.);
#2732=EDGE_LOOP('',(#6110));
#2733=EDGE_LOOP('',(#6111,#6112,#6113,#6114));
#2734=EDGE_LOOP('',(#6115));
#2735=EDGE_LOOP('',(#6116));
#2736=EDGE_LOOP('',(#6117,#6118,#6119,#6120));
#2737=EDGE_LOOP('',(#6121,#6122,#6123,#6124,#6125));
#2738=EDGE_LOOP('',(#6126,#6127,#6128,#6129,#6130));
#2739=EDGE_LOOP('',(#6131,#6132,#6133,#6134));
#2740=EDGE_LOOP('',(#6135,#6136,#6137,#6138,#6139,#6140,#6141,#6142));
#2741=EDGE_LOOP('',(#6143,#6144,#6145,#6146));
#2742=EDGE_LOOP('',(#6147,#6148,#6149,#6150,#6151,#6152));
#2743=EDGE_LOOP('',(#6153,#6154,#6155,#6156,#6157,#6158));
#2744=EDGE_LOOP('',(#6159,#6160,#6161,#6162));
#2745=EDGE_LOOP('',(#6163,#6164,#6165,#6166));
#2746=EDGE_LOOP('',(#6167,#6168,#6169,#6170));
#2747=EDGE_LOOP('',(#6171,#6172,#6173,#6174));
#2748=EDGE_LOOP('',(#6175));
#2749=EDGE_LOOP('',(#6176,#6177,#6178,#6179));
#2750=EDGE_LOOP('',(#6180,#6181,#6182,#6183,#6184,#6185,#6186));
#2751=EDGE_LOOP('',(#6187,#6188,#6189,#6190));
#2752=EDGE_LOOP('',(#6191,#6192,#6193,#6194));
#2753=EDGE_LOOP('',(#6195,#6196,#6197,#6198,#6199));
#2754=EDGE_LOOP('',(#6200,#6201,#6202,#6203,#6204));
#2755=EDGE_LOOP('',(#6205,#6206,#6207,#6208));
#2756=EDGE_LOOP('',(#6209,#6210,#6211,#6212));
#2757=EDGE_LOOP('',(#6213,#6214,#6215,#6216));
#2758=EDGE_LOOP('',(#6217,#6218,#6219,#6220,#6221,#6222));
#2759=EDGE_LOOP('',(#6223,#6224,#6225,#6226));
#2760=EDGE_LOOP('',(#6227,#6228,#6229,#6230,#6231));
#2761=EDGE_LOOP('',(#6232,#6233,#6234,#6235,#6236));
#2762=EDGE_LOOP('',(#6237,#6238,#6239,#6240));
#2763=EDGE_LOOP('',(#6241,#6242,#6243,#6244));
#2764=EDGE_LOOP('',(#6245,#6246,#6247,#6248,#6249,#6250));
#2765=EDGE_LOOP('',(#6251,#6252,#6253,#6254));
#2766=EDGE_LOOP('',(#6255,#6256));
#2767=EDGE_LOOP('',(#6257,#6258,#6259,#6260));
#2768=EDGE_LOOP('',(#6261,#6262));
#2769=EDGE_LOOP('',(#6263,#6264,#6265,#6266));
#2770=EDGE_LOOP('',(#6267,#6268,#6269,#6270));
#2771=EDGE_LOOP('',(#6271,#6272,#6273,#6274,#6275));
#2772=EDGE_LOOP('',(#6276,#6277,#6278));
#2773=EDGE_LOOP('',(#6279,#6280,#6281,#6282,#6283));
#2774=EDGE_LOOP('',(#6284,#6285,#6286,#6287));
#2775=EDGE_LOOP('',(#6288,#6289,#6290,#6291));
#2776=EDGE_LOOP('',(#6292,#6293));
#2777=EDGE_LOOP('',(#6294,#6295));
#2778=EDGE_LOOP('',(#6296,#6297));
#2779=EDGE_LOOP('',(#6298,#6299));
#2780=EDGE_LOOP('',(#6300,#6301));
#2781=EDGE_LOOP('',(#6302,#6303));
#2782=EDGE_LOOP('',(#6304,#6305,#6306,#6307));
#2783=EDGE_LOOP('',(#6308,#6309,#6310,#6311));
#2784=EDGE_LOOP('',(#6312,#6313,#6314,#6315));
#2785=EDGE_LOOP('',(#6316,#6317,#6318,#6319));
#2786=EDGE_LOOP('',(#6320,#6321,#6322,#6323));
#2787=EDGE_LOOP('',(#6324,#6325,#6326,#6327));
#2788=EDGE_LOOP('',(#6328,#6329,#6330,#6331));
#2789=EDGE_LOOP('',(#6332,#6333,#6334,#6335));
#2790=EDGE_LOOP('',(#6336,#6337,#6338,#6339));
#2791=EDGE_LOOP('',(#6340,#6341,#6342,#6343));
#2792=EDGE_LOOP('',(#6344,#6345,#6346,#6347));
#2793=EDGE_LOOP('',(#6348,#6349,#6350,#6351));
#2794=EDGE_LOOP('',(#6352,#6353,#6354,#6355));
#2795=EDGE_LOOP('',(#6356,#6357,#6358,#6359));
#2796=EDGE_LOOP('',(#6360,#6361,#6362,#6363));
#2797=EDGE_LOOP('',(#6364,#6365,#6366,#6367));
#2798=EDGE_LOOP('',(#6368,#6369,#6370,#6371));
#2799=EDGE_LOOP('',(#6372,#6373,#6374,#6375));
#2800=EDGE_LOOP('',(#6376,#6377,#6378,#6379));
#2801=EDGE_LOOP('',(#6380,#6381,#6382,#6383));
#2802=EDGE_LOOP('',(#6384,#6385,#6386,#6387));
#2803=EDGE_LOOP('',(#6388,#6389,#6390,#6391));
#2804=EDGE_LOOP('',(#6392,#6393,#6394,#6395));
#2805=EDGE_LOOP('',(#6396,#6397,#6398,#6399));
#2806=EDGE_LOOP('',(#6400,#6401,#6402,#6403));
#2807=EDGE_LOOP('',(#6404,#6405,#6406,#6407));
#2808=EDGE_LOOP('',(#6408,#6409,#6410,#6411));
#2809=EDGE_LOOP('',(#6412,#6413,#6414,#6415));
#2810=EDGE_LOOP('',(#6416,#6417,#6418,#6419));
#2811=EDGE_LOOP('',(#6420,#6421,#6422,#6423));
#2812=EDGE_LOOP('',(#6424,#6425,#6426,#6427));
#2813=EDGE_LOOP('',(#6428,#6429,#6430,#6431));
#2814=EDGE_LOOP('',(#6432,#6433,#6434,#6435));
#2815=EDGE_LOOP('',(#6436,#6437,#6438,#6439));
#2816=EDGE_LOOP('',(#6440,#6441,#6442,#6443));
#2817=EDGE_LOOP('',(#6444,#6445,#6446,#6447));
#2818=EDGE_LOOP('',(#6448,#6449,#6450,#6451));
#2819=EDGE_LOOP('',(#6452,#6453,#6454,#6455));
#2820=EDGE_LOOP('',(#6456,#6457,#6458,#6459));
#2821=EDGE_LOOP('',(#6460,#6461,#6462,#6463));
#2822=EDGE_LOOP('',(#6464,#6465,#6466,#6467));
#2823=EDGE_LOOP('',(#6468,#6469,#6470,#6471));
#2824=EDGE_LOOP('',(#6472,#6473,#6474,#6475));
#2825=EDGE_LOOP('',(#6476,#6477,#6478,#6479));
#2826=EDGE_LOOP('',(#6480,#6481,#6482,#6483));
#2827=EDGE_LOOP('',(#6484,#6485,#6486,#6487));
#2828=EDGE_LOOP('',(#6488,#6489,#6490,#6491));
#2829=EDGE_LOOP('',(#6492,#6493,#6494,#6495));
#2830=EDGE_LOOP('',(#6496,#6497,#6498,#6499));
#2831=EDGE_LOOP('',(#6500,#6501,#6502,#6503));
#2832=EDGE_LOOP('',(#6504,#6505,#6506,#6507));
#2833=EDGE_LOOP('',(#6508,#6509,#6510,#6511));
#2834=EDGE_LOOP('',(#6512,#6513,#6514,#6515));
#2835=EDGE_LOOP('',(#6516,#6517,#6518,#6519));
#2836=EDGE_LOOP('',(#6520,#6521,#6522,#6523));
#2837=EDGE_LOOP('',(#6524,#6525,#6526,#6527));
#2838=EDGE_LOOP('',(#6528,#6529,#6530,#6531));
#2839=EDGE_LOOP('',(#6532,#6533,#6534,#6535));
#2840=EDGE_LOOP('',(#6536,#6537,#6538,#6539));
#2841=EDGE_LOOP('',(#6540,#6541,#6542,#6543));
#2842=EDGE_LOOP('',(#6544,#6545,#6546,#6547));
#2843=EDGE_LOOP('',(#6548,#6549,#6550,#6551));
#2844=EDGE_LOOP('',(#6552,#6553,#6554,#6555));
#2845=EDGE_LOOP('',(#6556,#6557,#6558,#6559));
#2846=EDGE_LOOP('',(#6560,#6561,#6562,#6563));
#2847=EDGE_LOOP('',(#6564,#6565,#6566,#6567));
#2848=EDGE_LOOP('',(#6568,#6569,#6570,#6571));
#2849=EDGE_LOOP('',(#6572,#6573,#6574,#6575));
#2850=EDGE_LOOP('',(#6576,#6577,#6578,#6579));
#2851=EDGE_LOOP('',(#6580,#6581,#6582,#6583));
#2852=EDGE_LOOP('',(#6584,#6585,#6586,#6587));
#2853=EDGE_LOOP('',(#6588,#6589,#6590,#6591));
#2854=EDGE_LOOP('',(#6592,#6593,#6594,#6595));
#2855=EDGE_LOOP('',(#6596,#6597,#6598,#6599));
#2856=EDGE_LOOP('',(#6600,#6601,#6602,#6603));
#2857=EDGE_LOOP('',(#6604,#6605,#6606,#6607));
#2858=EDGE_LOOP('',(#6608,#6609,#6610,#6611));
#2859=EDGE_LOOP('',(#6612,#6613,#6614,#6615));
#2860=EDGE_LOOP('',(#6616,#6617,#6618,#6619));
#2861=EDGE_LOOP('',(#6620,#6621,#6622,#6623));
#2862=EDGE_LOOP('',(#6624,#6625,#6626,#6627));
#2863=EDGE_LOOP('',(#6628,#6629,#6630,#6631));
#2864=EDGE_LOOP('',(#6632,#6633,#6634,#6635));
#2865=EDGE_LOOP('',(#6636,#6637,#6638,#6639));
#2866=EDGE_LOOP('',(#6640,#6641,#6642,#6643));
#2867=EDGE_LOOP('',(#6644,#6645,#6646,#6647));
#2868=EDGE_LOOP('',(#6648,#6649,#6650,#6651));
#2869=EDGE_LOOP('',(#6652,#6653,#6654,#6655));
#2870=EDGE_LOOP('',(#6656,#6657,#6658,#6659));
#2871=EDGE_LOOP('',(#6660,#6661,#6662,#6663));
#2872=EDGE_LOOP('',(#6664,#6665,#6666,#6667));
#2873=EDGE_LOOP('',(#6668,#6669,#6670,#6671));
#2874=EDGE_LOOP('',(#6672,#6673,#6674,#6675));
#2875=EDGE_LOOP('',(#6676,#6677,#6678,#6679));
#2876=EDGE_LOOP('',(#6680,#6681,#6682,#6683));
#2877=EDGE_LOOP('',(#6684,#6685,#6686,#6687));
#2878=EDGE_LOOP('',(#6688,#6689,#6690,#6691));
#2879=EDGE_LOOP('',(#6692,#6693,#6694,#6695));
#2880=EDGE_LOOP('',(#6696,#6697,#6698,#6699));
#2881=EDGE_LOOP('',(#6700,#6701,#6702,#6703));
#2882=EDGE_LOOP('',(#6704,#6705,#6706,#6707));
#2883=EDGE_LOOP('',(#6708,#6709,#6710,#6711));
#2884=EDGE_LOOP('',(#6712,#6713,#6714,#6715));
#2885=EDGE_LOOP('',(#6716,#6717,#6718,#6719));
#2886=EDGE_LOOP('',(#6720,#6721,#6722,#6723));
#2887=EDGE_LOOP('',(#6724,#6725,#6726,#6727));
#2888=EDGE_LOOP('',(#6728,#6729,#6730,#6731));
#2889=EDGE_LOOP('',(#6732,#6733,#6734,#6735));
#2890=EDGE_LOOP('',(#6736,#6737,#6738,#6739));
#2891=EDGE_LOOP('',(#6740,#6741,#6742,#6743));
#2892=EDGE_LOOP('',(#6744,#6745,#6746,#6747));
#2893=EDGE_LOOP('',(#6748,#6749,#6750,#6751));
#2894=EDGE_LOOP('',(#6752,#6753,#6754,#6755));
#2895=EDGE_LOOP('',(#6756,#6757,#6758,#6759));
#2896=EDGE_LOOP('',(#6760,#6761,#6762,#6763));
#2897=EDGE_LOOP('',(#6764,#6765,#6766,#6767));
#2898=EDGE_LOOP('',(#6768,#6769,#6770,#6771));
#2899=EDGE_LOOP('',(#6772,#6773,#6774,#6775));
#2900=EDGE_LOOP('',(#6776,#6777,#6778,#6779));
#2901=EDGE_LOOP('',(#6780,#6781,#6782,#6783));
#2902=EDGE_LOOP('',(#6784,#6785,#6786,#6787));
#2903=EDGE_LOOP('',(#6788,#6789,#6790,#6791));
#2904=EDGE_LOOP('',(#6792,#6793,#6794,#6795));
#2905=EDGE_LOOP('',(#6796,#6797,#6798,#6799));
#2906=EDGE_LOOP('',(#6800,#6801,#6802,#6803));
#2907=EDGE_LOOP('',(#6804,#6805,#6806,#6807));
#2908=EDGE_LOOP('',(#6808,#6809,#6810,#6811));
#2909=EDGE_LOOP('',(#6812,#6813,#6814,#6815));
#2910=EDGE_LOOP('',(#6816,#6817,#6818,#6819));
#2911=EDGE_LOOP('',(#6820,#6821,#6822,#6823));
#2912=EDGE_LOOP('',(#6824,#6825,#6826,#6827));
#2913=EDGE_LOOP('',(#6828,#6829,#6830,#6831));
#2914=EDGE_LOOP('',(#6832,#6833,#6834,#6835));
#2915=EDGE_LOOP('',(#6836,#6837,#6838,#6839));
#2916=EDGE_LOOP('',(#6840,#6841,#6842,#6843));
#2917=EDGE_LOOP('',(#6844,#6845,#6846,#6847));
#2918=EDGE_LOOP('',(#6848,#6849,#6850,#6851));
#2919=EDGE_LOOP('',(#6852,#6853,#6854,#6855));
#2920=EDGE_LOOP('',(#6856,#6857,#6858,#6859));
#2921=EDGE_LOOP('',(#6860,#6861,#6862,#6863));
#2922=EDGE_LOOP('',(#6864,#6865,#6866,#6867));
#2923=EDGE_LOOP('',(#6868,#6869,#6870,#6871));
#2924=EDGE_LOOP('',(#6872,#6873,#6874,#6875));
#2925=EDGE_LOOP('',(#6876,#6877,#6878,#6879));
#2926=EDGE_LOOP('',(#6880,#6881,#6882,#6883));
#2927=EDGE_LOOP('',(#6884,#6885,#6886,#6887));
#2928=EDGE_LOOP('',(#6888,#6889,#6890,#6891));
#2929=EDGE_LOOP('',(#6892,#6893,#6894,#6895));
#2930=EDGE_LOOP('',(#6896,#6897,#6898,#6899));
#2931=EDGE_LOOP('',(#6900,#6901,#6902,#6903));
#2932=EDGE_LOOP('',(#6904,#6905,#6906,#6907));
#2933=EDGE_LOOP('',(#6908,#6909,#6910,#6911));
#2934=EDGE_LOOP('',(#6912,#6913,#6914,#6915));
#2935=EDGE_LOOP('',(#6916,#6917,#6918,#6919));
#2936=EDGE_LOOP('',(#6920,#6921,#6922,#6923));
#2937=EDGE_LOOP('',(#6924,#6925,#6926,#6927));
#2938=EDGE_LOOP('',(#6928,#6929,#6930,#6931));
#2939=EDGE_LOOP('',(#6932,#6933,#6934,#6935));
#2940=EDGE_LOOP('',(#6936,#6937,#6938,#6939));
#2941=EDGE_LOOP('',(#6940,#6941,#6942,#6943));
#2942=EDGE_LOOP('',(#6944,#6945,#6946,#6947));
#2943=EDGE_LOOP('',(#6948,#6949,#6950,#6951));
#2944=EDGE_LOOP('',(#6952,#6953,#6954,#6955));
#2945=EDGE_LOOP('',(#6956,#6957,#6958,#6959));
#2946=EDGE_LOOP('',(#6960,#6961,#6962,#6963));
#2947=EDGE_LOOP('',(#6964,#6965,#6966,#6967));
#2948=EDGE_LOOP('',(#6968,#6969,#6970,#6971));
#2949=EDGE_LOOP('',(#6972,#6973,#6974,#6975));
#2950=EDGE_LOOP('',(#6976,#6977,#6978,#6979));
#2951=EDGE_LOOP('',(#6980,#6981,#6982,#6983));
#2952=EDGE_LOOP('',(#6984,#6985,#6986,#6987));
#2953=EDGE_LOOP('',(#6988,#6989,#6990,#6991));
#2954=EDGE_LOOP('',(#6992,#6993,#6994,#6995));
#2955=EDGE_LOOP('',(#6996,#6997,#6998,#6999));
#2956=EDGE_LOOP('',(#7000,#7001,#7002,#7003));
#2957=EDGE_LOOP('',(#7004,#7005,#7006,#7007));
#2958=EDGE_LOOP('',(#7008,#7009,#7010,#7011));
#2959=EDGE_LOOP('',(#7012,#7013,#7014,#7015));
#2960=EDGE_LOOP('',(#7016,#7017,#7018,#7019));
#2961=EDGE_LOOP('',(#7020,#7021,#7022,#7023));
#2962=EDGE_LOOP('',(#7024,#7025,#7026,#7027));
#2963=EDGE_LOOP('',(#7028,#7029,#7030,#7031));
#2964=EDGE_LOOP('',(#7032,#7033,#7034,#7035));
#2965=EDGE_LOOP('',(#7036,#7037,#7038,#7039));
#2966=EDGE_LOOP('',(#7040,#7041,#7042,#7043));
#2967=EDGE_LOOP('',(#7044,#7045,#7046,#7047));
#2968=EDGE_LOOP('',(#7048,#7049,#7050,#7051));
#2969=EDGE_LOOP('',(#7052,#7053,#7054,#7055));
#2970=EDGE_LOOP('',(#7056,#7057,#7058,#7059));
#2971=EDGE_LOOP('',(#7060,#7061,#7062,#7063));
#2972=EDGE_LOOP('',(#7064,#7065,#7066,#7067));
#2973=EDGE_LOOP('',(#7068,#7069,#7070,#7071));
#2974=EDGE_LOOP('',(#7072,#7073,#7074,#7075));
#2975=EDGE_LOOP('',(#7076,#7077,#7078,#7079));
#2976=EDGE_LOOP('',(#7080,#7081,#7082,#7083));
#2977=EDGE_LOOP('',(#7084,#7085,#7086,#7087));
#2978=EDGE_LOOP('',(#7088,#7089,#7090,#7091));
#2979=EDGE_LOOP('',(#7092,#7093,#7094,#7095));
#2980=EDGE_LOOP('',(#7096,#7097,#7098,#7099));
#2981=EDGE_LOOP('',(#7100,#7101,#7102,#7103));
#2982=EDGE_LOOP('',(#7104,#7105,#7106,#7107));
#2983=EDGE_LOOP('',(#7108,#7109,#7110,#7111));
#2984=EDGE_LOOP('',(#7112,#7113,#7114,#7115));
#2985=EDGE_LOOP('',(#7116,#7117,#7118,#7119));
#2986=EDGE_LOOP('',(#7120,#7121,#7122,#7123));
#2987=EDGE_LOOP('',(#7124,#7125,#7126,#7127));
#2988=EDGE_LOOP('',(#7128,#7129,#7130,#7131));
#2989=EDGE_LOOP('',(#7132,#7133,#7134,#7135));
#2990=EDGE_LOOP('',(#7136,#7137,#7138,#7139));
#2991=EDGE_LOOP('',(#7140,#7141,#7142,#7143));
#2992=EDGE_LOOP('',(#7144,#7145,#7146,#7147));
#2993=EDGE_LOOP('',(#7148,#7149,#7150,#7151));
#2994=EDGE_LOOP('',(#7152,#7153,#7154,#7155));
#2995=EDGE_LOOP('',(#7156,#7157,#7158,#7159));
#2996=EDGE_LOOP('',(#7160,#7161,#7162,#7163));
#2997=EDGE_LOOP('',(#7164,#7165,#7166,#7167));
#2998=EDGE_LOOP('',(#7168,#7169,#7170,#7171));
#2999=EDGE_LOOP('',(#7172,#7173,#7174,#7175));
#3000=EDGE_LOOP('',(#7176,#7177,#7178,#7179));
#3001=EDGE_LOOP('',(#7180,#7181,#7182,#7183));
#3002=EDGE_LOOP('',(#7184,#7185,#7186,#7187));
#3003=EDGE_LOOP('',(#7188,#7189,#7190,#7191));
#3004=EDGE_LOOP('',(#7192,#7193,#7194,#7195));
#3005=EDGE_LOOP('',(#7196,#7197,#7198,#7199));
#3006=EDGE_LOOP('',(#7200,#7201,#7202,#7203));
#3007=EDGE_LOOP('',(#7204,#7205,#7206,#7207));
#3008=EDGE_LOOP('',(#7208,#7209,#7210,#7211));
#3009=EDGE_LOOP('',(#7212,#7213,#7214,#7215));
#3010=EDGE_LOOP('',(#7216,#7217,#7218,#7219));
#3011=EDGE_LOOP('',(#7220,#7221,#7222,#7223));
#3012=EDGE_LOOP('',(#7224,#7225,#7226,#7227));
#3013=EDGE_LOOP('',(#7228,#7229,#7230,#7231));
#3014=EDGE_LOOP('',(#7232,#7233,#7234,#7235));
#3015=EDGE_LOOP('',(#7236,#7237,#7238,#7239));
#3016=EDGE_LOOP('',(#7240,#7241,#7242,#7243));
#3017=EDGE_LOOP('',(#7244,#7245,#7246,#7247));
#3018=EDGE_LOOP('',(#7248,#7249,#7250,#7251));
#3019=EDGE_LOOP('',(#7252,#7253,#7254,#7255));
#3020=EDGE_LOOP('',(#7256,#7257,#7258,#7259));
#3021=EDGE_LOOP('',(#7260,#7261,#7262,#7263));
#3022=EDGE_LOOP('',(#7264,#7265,#7266,#7267));
#3023=EDGE_LOOP('',(#7268,#7269,#7270,#7271));
#3024=EDGE_LOOP('',(#7272,#7273,#7274,#7275));
#3025=EDGE_LOOP('',(#7276,#7277,#7278,#7279));
#3026=EDGE_LOOP('',(#7280,#7281,#7282,#7283));
#3027=EDGE_LOOP('',(#7284,#7285,#7286,#7287));
#3028=EDGE_LOOP('',(#7288,#7289,#7290,#7291));
#3029=EDGE_LOOP('',(#7292,#7293,#7294,#7295));
#3030=EDGE_LOOP('',(#7296,#7297,#7298,#7299));
#3031=EDGE_LOOP('',(#7300,#7301,#7302,#7303));
#3032=EDGE_LOOP('',(#7304,#7305,#7306,#7307));
#3033=EDGE_LOOP('',(#7308,#7309,#7310,#7311));
#3034=EDGE_LOOP('',(#7312,#7313,#7314,#7315));
#3035=EDGE_LOOP('',(#7316,#7317,#7318,#7319));
#3036=EDGE_LOOP('',(#7320,#7321,#7322,#7323));
#3037=EDGE_LOOP('',(#7324,#7325,#7326,#7327));
#3038=EDGE_LOOP('',(#7328,#7329,#7330,#7331));
#3039=EDGE_LOOP('',(#7332,#7333,#7334,#7335));
#3040=EDGE_LOOP('',(#7336,#7337,#7338,#7339));
#3041=EDGE_LOOP('',(#7340,#7341,#7342,#7343));
#3042=EDGE_LOOP('',(#7344,#7345,#7346,#7347));
#3043=EDGE_LOOP('',(#7348,#7349,#7350,#7351));
#3044=EDGE_LOOP('',(#7352,#7353,#7354,#7355));
#3045=EDGE_LOOP('',(#7356,#7357,#7358,#7359));
#3046=EDGE_LOOP('',(#7360,#7361,#7362,#7363));
#3047=EDGE_LOOP('',(#7364,#7365,#7366,#7367));
#3048=EDGE_LOOP('',(#7368,#7369,#7370,#7371));
#3049=EDGE_LOOP('',(#7372,#7373,#7374,#7375));
#3050=EDGE_LOOP('',(#7376,#7377,#7378,#7379));
#3051=EDGE_LOOP('',(#7380,#7381,#7382,#7383));
#3052=EDGE_LOOP('',(#7384,#7385,#7386,#7387));
#3053=EDGE_LOOP('',(#7388,#7389,#7390,#7391));
#3054=EDGE_LOOP('',(#7392,#7393,#7394,#7395));
#3055=EDGE_LOOP('',(#7396,#7397,#7398,#7399));
#3056=EDGE_LOOP('',(#7400,#7401,#7402,#7403));
#3057=EDGE_LOOP('',(#7404,#7405,#7406,#7407));
#3058=EDGE_LOOP('',(#7408,#7409,#7410,#7411));
#3059=EDGE_LOOP('',(#7412,#7413,#7414,#7415));
#3060=EDGE_LOOP('',(#7416,#7417,#7418,#7419));
#3061=EDGE_LOOP('',(#7420,#7421,#7422,#7423));
#3062=EDGE_LOOP('',(#7424,#7425,#7426,#7427));
#3063=EDGE_LOOP('',(#7428,#7429,#7430,#7431));
#3064=EDGE_LOOP('',(#7432,#7433,#7434,#7435));
#3065=EDGE_LOOP('',(#7436,#7437,#7438,#7439));
#3066=EDGE_LOOP('',(#7440,#7441,#7442,#7443));
#3067=EDGE_LOOP('',(#7444,#7445,#7446,#7447));
#3068=EDGE_LOOP('',(#7448,#7449,#7450,#7451));
#3069=EDGE_LOOP('',(#7452,#7453,#7454,#7455));
#3070=EDGE_LOOP('',(#7456,#7457,#7458,#7459));
#3071=EDGE_LOOP('',(#7460,#7461,#7462,#7463));
#3072=EDGE_LOOP('',(#7464,#7465,#7466,#7467));
#3073=EDGE_LOOP('',(#7468,#7469,#7470,#7471));
#3074=EDGE_LOOP('',(#7472,#7473,#7474,#7475));
#3075=EDGE_LOOP('',(#7476,#7477,#7478,#7479));
#3076=EDGE_LOOP('',(#7480,#7481,#7482,#7483));
#3077=EDGE_LOOP('',(#7484,#7485,#7486,#7487));
#3078=EDGE_LOOP('',(#7488,#7489,#7490,#7491));
#3079=EDGE_LOOP('',(#7492,#7493,#7494,#7495));
#3080=EDGE_LOOP('',(#7496,#7497,#7498,#7499));
#3081=EDGE_LOOP('',(#7500,#7501,#7502,#7503));
#3082=EDGE_LOOP('',(#7504,#7505,#7506,#7507));
#3083=EDGE_LOOP('',(#7508,#7509,#7510,#7511));
#3084=EDGE_LOOP('',(#7512,#7513,#7514,#7515));
#3085=EDGE_LOOP('',(#7516,#7517,#7518,#7519));
#3086=EDGE_LOOP('',(#7520,#7521,#7522,#7523));
#3087=EDGE_LOOP('',(#7524,#7525,#7526,#7527));
#3088=EDGE_LOOP('',(#7528,#7529,#7530,#7531));
#3089=EDGE_LOOP('',(#7532,#7533,#7534,#7535));
#3090=EDGE_LOOP('',(#7536,#7537,#7538,#7539));
#3091=EDGE_LOOP('',(#7540,#7541,#7542,#7543));
#3092=EDGE_LOOP('',(#7544,#7545,#7546,#7547));
#3093=EDGE_LOOP('',(#7548,#7549,#7550,#7551));
#3094=EDGE_LOOP('',(#7552,#7553,#7554,#7555));
#3095=EDGE_LOOP('',(#7556,#7557,#7558,#7559));
#3096=EDGE_LOOP('',(#7560,#7561,#7562,#7563));
#3097=EDGE_LOOP('',(#7564,#7565,#7566,#7567));
#3098=EDGE_LOOP('',(#7568,#7569,#7570,#7571));
#3099=EDGE_LOOP('',(#7572,#7573,#7574,#7575));
#3100=EDGE_LOOP('',(#7576,#7577,#7578,#7579));
#3101=EDGE_LOOP('',(#7580,#7581,#7582,#7583));
#3102=EDGE_LOOP('',(#7584,#7585,#7586,#7587));
#3103=EDGE_LOOP('',(#7588,#7589,#7590,#7591));
#3104=EDGE_LOOP('',(#7592,#7593,#7594,#7595));
#3105=EDGE_LOOP('',(#7596,#7597,#7598,#7599));
#3106=EDGE_LOOP('',(#7600,#7601,#7602,#7603));
#3107=EDGE_LOOP('',(#7604,#7605,#7606,#7607));
#3108=EDGE_LOOP('',(#7608,#7609,#7610,#7611));
#3109=EDGE_LOOP('',(#7612,#7613,#7614,#7615));
#3110=EDGE_LOOP('',(#7616,#7617,#7618,#7619));
#3111=EDGE_LOOP('',(#7620,#7621,#7622,#7623));
#3112=EDGE_LOOP('',(#7624,#7625,#7626,#7627));
#3113=EDGE_LOOP('',(#7628,#7629,#7630,#7631));
#3114=EDGE_LOOP('',(#7632,#7633,#7634,#7635));
#3115=EDGE_LOOP('',(#7636,#7637,#7638,#7639));
#3116=EDGE_LOOP('',(#7640,#7641,#7642,#7643));
#3117=EDGE_LOOP('',(#7644,#7645,#7646,#7647));
#3118=EDGE_LOOP('',(#7648,#7649,#7650,#7651));
#3119=EDGE_LOOP('',(#7652,#7653,#7654,#7655));
#3120=EDGE_LOOP('',(#7656,#7657,#7658,#7659));
#3121=EDGE_LOOP('',(#7660,#7661,#7662,#7663));
#3122=EDGE_LOOP('',(#7664,#7665,#7666,#7667));
#3123=EDGE_LOOP('',(#7668,#7669,#7670,#7671));
#3124=EDGE_LOOP('',(#7672,#7673,#7674,#7675));
#3125=EDGE_LOOP('',(#7676,#7677,#7678,#7679));
#3126=EDGE_LOOP('',(#7680,#7681,#7682,#7683));
#3127=EDGE_LOOP('',(#7684,#7685,#7686,#7687));
#3128=EDGE_LOOP('',(#7688,#7689,#7690,#7691));
#3129=EDGE_LOOP('',(#7692,#7693,#7694,#7695));
#3130=EDGE_LOOP('',(#7696,#7697,#7698,#7699));
#3131=EDGE_LOOP('',(#7700,#7701,#7702,#7703));
#3132=EDGE_LOOP('',(#7704,#7705,#7706,#7707));
#3133=EDGE_LOOP('',(#7708,#7709,#7710,#7711));
#3134=EDGE_LOOP('',(#7712,#7713,#7714,#7715));
#3135=EDGE_LOOP('',(#7716,#7717,#7718,#7719));
#3136=EDGE_LOOP('',(#7720,#7721,#7722,#7723));
#3137=EDGE_LOOP('',(#7724,#7725,#7726,#7727));
#3138=EDGE_LOOP('',(#7728,#7729,#7730,#7731));
#3139=EDGE_LOOP('',(#7732,#7733,#7734,#7735));
#3140=EDGE_LOOP('',(#7736,#7737,#7738,#7739));
#3141=EDGE_LOOP('',(#7740,#7741,#7742,#7743));
#3142=EDGE_LOOP('',(#7744,#7745,#7746,#7747));
#3143=EDGE_LOOP('',(#7748,#7749,#7750,#7751));
#3144=EDGE_LOOP('',(#7752,#7753,#7754,#7755));
#3145=EDGE_LOOP('',(#7756,#7757,#7758,#7759));
#3146=EDGE_LOOP('',(#7760,#7761,#7762,#7763));
#3147=EDGE_LOOP('',(#7764,#7765,#7766,#7767));
#3148=EDGE_LOOP('',(#7768,#7769,#7770,#7771));
#3149=EDGE_LOOP('',(#7772,#7773,#7774,#7775));
#3150=EDGE_LOOP('',(#7776,#7777,#7778,#7779));
#3151=EDGE_LOOP('',(#7780,#7781,#7782,#7783));
#3152=EDGE_LOOP('',(#7784,#7785,#7786,#7787));
#3153=EDGE_LOOP('',(#7788,#7789,#7790,#7791));
#3154=EDGE_LOOP('',(#7792,#7793,#7794,#7795));
#3155=EDGE_LOOP('',(#7796,#7797,#7798,#7799));
#3156=EDGE_LOOP('',(#7800,#7801,#7802,#7803));
#3157=EDGE_LOOP('',(#7804,#7805,#7806,#7807));
#3158=EDGE_LOOP('',(#7808,#7809,#7810,#7811));
#3159=EDGE_LOOP('',(#7812,#7813,#7814,#7815));
#3160=EDGE_LOOP('',(#7816,#7817,#7818,#7819));
#3161=EDGE_LOOP('',(#7820,#7821,#7822,#7823));
#3162=EDGE_LOOP('',(#7824,#7825,#7826,#7827));
#3163=EDGE_LOOP('',(#7828,#7829,#7830,#7831));
#3164=EDGE_LOOP('',(#7832,#7833,#7834,#7835));
#3165=EDGE_LOOP('',(#7836,#7837,#7838,#7839));
#3166=EDGE_LOOP('',(#7840,#7841,#7842,#7843));
#3167=EDGE_LOOP('',(#7844,#7845,#7846,#7847));
#3168=EDGE_LOOP('',(#7848,#7849,#7850,#7851));
#3169=EDGE_LOOP('',(#7852,#7853,#7854,#7855));
#3170=EDGE_LOOP('',(#7856,#7857,#7858,#7859));
#3171=EDGE_LOOP('',(#7860,#7861,#7862,#7863));
#3172=EDGE_LOOP('',(#7864,#7865,#7866,#7867));
#3173=EDGE_LOOP('',(#7868,#7869,#7870,#7871));
#3174=EDGE_LOOP('',(#7872,#7873,#7874,#7875));
#3175=EDGE_LOOP('',(#7876,#7877,#7878,#7879));
#3176=EDGE_LOOP('',(#7880,#7881,#7882,#7883));
#3177=EDGE_LOOP('',(#7884,#7885,#7886,#7887));
#3178=EDGE_LOOP('',(#7888,#7889,#7890,#7891));
#3179=EDGE_LOOP('',(#7892,#7893,#7894,#7895));
#3180=EDGE_LOOP('',(#7896,#7897,#7898,#7899));
#3181=EDGE_LOOP('',(#7900,#7901,#7902,#7903));
#3182=EDGE_LOOP('',(#7904,#7905,#7906,#7907));
#3183=EDGE_LOOP('',(#7908,#7909,#7910,#7911,#7912));
#3184=EDGE_LOOP('',(#7913,#7914,#7915,#7916,#7917));
#3185=EDGE_LOOP('',(#7918,#7919,#7920,#7921));
#3186=EDGE_LOOP('',(#7922,#7923,#7924,#7925,#7926,#7927));
#3187=EDGE_LOOP('',(#7928,#7929,#7930,#7931));
#3188=EDGE_LOOP('',(#7932,#7933,#7934,#7935));
#3189=EDGE_LOOP('',(#7936,#7937,#7938,#7939));
#3190=EDGE_LOOP('',(#7940,#7941,#7942,#7943));
#3191=EDGE_LOOP('',(#7944,#7945,#7946,#7947));
#3192=EDGE_LOOP('',(#7948,#7949,#7950,#7951));
#3193=EDGE_LOOP('',(#7952,#7953,#7954,#7955));
#3194=EDGE_LOOP('',(#7956,#7957,#7958,#7959));
#3195=EDGE_LOOP('',(#7960,#7961,#7962,#7963));
#3196=EDGE_LOOP('',(#7964,#7965,#7966,#7967));
#3197=EDGE_LOOP('',(#7968,#7969,#7970,#7971));
#3198=EDGE_LOOP('',(#7972,#7973,#7974,#7975));
#3199=EDGE_LOOP('',(#7976,#7977,#7978,#7979));
#3200=EDGE_LOOP('',(#7980,#7981,#7982,#7983));
#3201=EDGE_LOOP('',(#7984,#7985,#7986,#7987));
#3202=EDGE_LOOP('',(#7988,#7989,#7990,#7991));
#3203=EDGE_LOOP('',(#7992,#7993,#7994,#7995));
#3204=EDGE_LOOP('',(#7996,#7997,#7998,#7999));
#3205=EDGE_LOOP('',(#8000,#8001,#8002,#8003));
#3206=EDGE_LOOP('',(#8004,#8005,#8006,#8007));
#3207=EDGE_LOOP('',(#8008,#8009,#8010,#8011));
#3208=EDGE_LOOP('',(#8012,#8013,#8014,#8015));
#3209=EDGE_LOOP('',(#8016,#8017,#8018,#8019));
#3210=EDGE_LOOP('',(#8020,#8021,#8022,#8023));
#3211=EDGE_LOOP('',(#8024,#8025,#8026,#8027));
#3212=EDGE_LOOP('',(#8028,#8029,#8030,#8031));
#3213=EDGE_LOOP('',(#8032,#8033,#8034,#8035));
#3214=EDGE_LOOP('',(#8036,#8037,#8038,#8039));
#3215=EDGE_LOOP('',(#8040,#8041,#8042,#8043,#8044,#8045));
#3216=EDGE_LOOP('',(#8046,#8047,#8048,#8049));
#3217=EDGE_LOOP('',(#8050,#8051,#8052,#8053));
#3218=EDGE_LOOP('',(#8054,#8055,#8056,#8057));
#3219=EDGE_LOOP('',(#8058,#8059,#8060,#8061));
#3220=EDGE_LOOP('',(#8062,#8063,#8064,#8065));
#3221=EDGE_LOOP('',(#8066,#8067,#8068,#8069));
#3222=EDGE_LOOP('',(#8070,#8071,#8072,#8073));
#3223=EDGE_LOOP('',(#8074,#8075,#8076,#8077));
#3224=EDGE_LOOP('',(#8078,#8079,#8080,#8081));
#3225=EDGE_LOOP('',(#8082,#8083,#8084,#8085));
#3226=EDGE_LOOP('',(#8086,#8087,#8088,#8089));
#3227=EDGE_LOOP('',(#8090,#8091,#8092,#8093));
#3228=EDGE_LOOP('',(#8094,#8095,#8096,#8097));
#3229=EDGE_LOOP('',(#8098,#8099,#8100,#8101));
#3230=EDGE_LOOP('',(#8102,#8103,#8104,#8105));
#3231=EDGE_LOOP('',(#8106,#8107,#8108,#8109));
#3232=EDGE_LOOP('',(#8110,#8111,#8112,#8113));
#3233=EDGE_LOOP('',(#8114,#8115,#8116,#8117));
#3234=EDGE_LOOP('',(#8118,#8119,#8120,#8121));
#3235=EDGE_LOOP('',(#8122,#8123,#8124,#8125));
#3236=EDGE_LOOP('',(#8126,#8127,#8128,#8129,#8130,#8131,#8132,#8133,#8134,
#8135,#8136,#8137,#8138,#8139));
#3237=EDGE_LOOP('',(#8140,#8141,#8142,#8143,#8144,#8145));
#3238=EDGE_LOOP('',(#8146,#8147,#8148,#8149));
#3239=EDGE_LOOP('',(#8150,#8151,#8152,#8153));
#3240=EDGE_LOOP('',(#8154,#8155,#8156,#8157));
#3241=EDGE_LOOP('',(#8158,#8159,#8160,#8161));
#3242=EDGE_LOOP('',(#8162,#8163,#8164,#8165));
#3243=EDGE_LOOP('',(#8166,#8167,#8168,#8169));
#3244=EDGE_LOOP('',(#8170,#8171,#8172,#8173));
#3245=EDGE_LOOP('',(#8174,#8175,#8176,#8177));
#3246=EDGE_LOOP('',(#8178,#8179,#8180,#8181));
#3247=EDGE_LOOP('',(#8182,#8183,#8184,#8185));
#3248=EDGE_LOOP('',(#8186,#8187,#8188,#8189));
#3249=EDGE_LOOP('',(#8190,#8191,#8192,#8193));
#3250=EDGE_LOOP('',(#8194,#8195,#8196,#8197));
#3251=EDGE_LOOP('',(#8198,#8199,#8200,#8201));
#3252=EDGE_LOOP('',(#8202,#8203,#8204,#8205));
#3253=EDGE_LOOP('',(#8206,#8207,#8208,#8209));
#3254=EDGE_LOOP('',(#8210,#8211,#8212,#8213));
#3255=EDGE_LOOP('',(#8214,#8215,#8216,#8217));
#3256=EDGE_LOOP('',(#8218,#8219,#8220,#8221));
#3257=EDGE_LOOP('',(#8222,#8223,#8224,#8225));
#3258=EDGE_LOOP('',(#8226,#8227,#8228,#8229));
#3259=EDGE_LOOP('',(#8230,#8231,#8232,#8233));
#3260=EDGE_LOOP('',(#8234,#8235,#8236,#8237));
#3261=EDGE_LOOP('',(#8238,#8239,#8240,#8241));
#3262=EDGE_LOOP('',(#8242,#8243,#8244,#8245));
#3263=EDGE_LOOP('',(#8246,#8247,#8248,#8249));
#3264=EDGE_LOOP('',(#8250,#8251,#8252,#8253));
#3265=EDGE_LOOP('',(#8254,#8255,#8256,#8257));
#3266=EDGE_LOOP('',(#8258,#8259,#8260,#8261,#8262,#8263));
#3267=EDGE_LOOP('',(#8264,#8265,#8266,#8267));
#3268=EDGE_LOOP('',(#8268,#8269,#8270,#8271));
#3269=EDGE_LOOP('',(#8272,#8273,#8274,#8275));
#3270=EDGE_LOOP('',(#8276,#8277,#8278,#8279));
#3271=EDGE_LOOP('',(#8280,#8281,#8282,#8283));
#3272=EDGE_LOOP('',(#8284,#8285,#8286,#8287));
#3273=EDGE_LOOP('',(#8288,#8289,#8290,#8291));
#3274=EDGE_LOOP('',(#8292,#8293,#8294,#8295));
#3275=EDGE_LOOP('',(#8296,#8297,#8298,#8299));
#3276=EDGE_LOOP('',(#8300,#8301,#8302,#8303));
#3277=EDGE_LOOP('',(#8304,#8305,#8306,#8307));
#3278=EDGE_LOOP('',(#8308,#8309,#8310,#8311));
#3279=EDGE_LOOP('',(#8312,#8313,#8314,#8315));
#3280=EDGE_LOOP('',(#8316,#8317,#8318,#8319));
#3281=EDGE_LOOP('',(#8320,#8321,#8322,#8323));
#3282=EDGE_LOOP('',(#8324,#8325,#8326,#8327));
#3283=EDGE_LOOP('',(#8328,#8329,#8330,#8331));
#3284=EDGE_LOOP('',(#8332,#8333,#8334,#8335));
#3285=EDGE_LOOP('',(#8336,#8337,#8338,#8339));
#3286=EDGE_LOOP('',(#8340,#8341,#8342,#8343));
#3287=EDGE_LOOP('',(#8344,#8345,#8346,#8347));
#3288=EDGE_LOOP('',(#8348,#8349,#8350,#8351));
#3289=EDGE_LOOP('',(#8352,#8353,#8354,#8355));
#3290=EDGE_LOOP('',(#8356,#8357,#8358,#8359));
#3291=EDGE_LOOP('',(#8360,#8361,#8362,#8363));
#3292=EDGE_LOOP('',(#8364,#8365,#8366,#8367));
#3293=EDGE_LOOP('',(#8368,#8369,#8370,#8371));
#3294=EDGE_LOOP('',(#8372,#8373,#8374,#8375));
#3295=EDGE_LOOP('',(#8376,#8377,#8378,#8379));
#3296=EDGE_LOOP('',(#8380,#8381,#8382,#8383));
#3297=EDGE_LOOP('',(#8384,#8385,#8386,#8387));
#3298=EDGE_LOOP('',(#8388,#8389,#8390,#8391));
#3299=EDGE_LOOP('',(#8392,#8393,#8394,#8395));
#3300=EDGE_LOOP('',(#8396,#8397,#8398,#8399));
#3301=EDGE_LOOP('',(#8400,#8401,#8402,#8403));
#3302=EDGE_LOOP('',(#8404,#8405,#8406,#8407));
#3303=EDGE_LOOP('',(#8408,#8409,#8410,#8411));
#3304=EDGE_LOOP('',(#8412,#8413,#8414,#8415));
#3305=EDGE_LOOP('',(#8416,#8417,#8418,#8419));
#3306=EDGE_LOOP('',(#8420,#8421,#8422,#8423));
#3307=EDGE_LOOP('',(#8424,#8425,#8426,#8427));
#3308=EDGE_LOOP('',(#8428,#8429,#8430,#8431));
#3309=EDGE_LOOP('',(#8432,#8433,#8434,#8435));
#3310=EDGE_LOOP('',(#8436,#8437,#8438,#8439));
#3311=EDGE_LOOP('',(#8440,#8441,#8442,#8443));
#3312=EDGE_LOOP('',(#8444,#8445,#8446,#8447));
#3313=EDGE_LOOP('',(#8448,#8449,#8450,#8451));
#3314=EDGE_LOOP('',(#8452,#8453,#8454,#8455));
#3315=EDGE_LOOP('',(#8456,#8457,#8458,#8459));
#3316=EDGE_LOOP('',(#8460,#8461,#8462,#8463));
#3317=EDGE_LOOP('',(#8464,#8465,#8466,#8467));
#3318=EDGE_LOOP('',(#8468,#8469,#8470,#8471));
#3319=EDGE_LOOP('',(#8472,#8473,#8474,#8475));
#3320=EDGE_LOOP('',(#8476,#8477,#8478,#8479));
#3321=EDGE_LOOP('',(#8480,#8481,#8482,#8483));
#3322=EDGE_LOOP('',(#8484,#8485,#8486,#8487));
#3323=EDGE_LOOP('',(#8488,#8489,#8490,#8491));
#3324=EDGE_LOOP('',(#8492,#8493,#8494,#8495));
#3325=EDGE_LOOP('',(#8496,#8497,#8498,#8499));
#3326=EDGE_LOOP('',(#8500,#8501,#8502,#8503));
#3327=EDGE_LOOP('',(#8504,#8505,#8506,#8507));
#3328=EDGE_LOOP('',(#8508,#8509,#8510,#8511));
#3329=EDGE_LOOP('',(#8512,#8513,#8514,#8515));
#3330=EDGE_LOOP('',(#8516,#8517,#8518,#8519));
#3331=EDGE_LOOP('',(#8520,#8521,#8522,#8523));
#3332=EDGE_LOOP('',(#8524,#8525,#8526,#8527));
#3333=EDGE_LOOP('',(#8528,#8529,#8530,#8531));
#3334=EDGE_LOOP('',(#8532,#8533,#8534,#8535));
#3335=EDGE_LOOP('',(#8536,#8537,#8538,#8539));
#3336=EDGE_LOOP('',(#8540,#8541,#8542,#8543));
#3337=EDGE_LOOP('',(#8544,#8545,#8546,#8547));
#3338=EDGE_LOOP('',(#8548,#8549,#8550,#8551));
#3339=EDGE_LOOP('',(#8552,#8553,#8554,#8555));
#3340=EDGE_LOOP('',(#8556,#8557,#8558,#8559));
#3341=EDGE_LOOP('',(#8560,#8561,#8562,#8563));
#3342=EDGE_LOOP('',(#8564,#8565,#8566,#8567));
#3343=EDGE_LOOP('',(#8568,#8569,#8570,#8571));
#3344=EDGE_LOOP('',(#8572,#8573,#8574,#8575));
#3345=EDGE_LOOP('',(#8576,#8577,#8578,#8579));
#3346=EDGE_LOOP('',(#8580,#8581,#8582,#8583));
#3347=EDGE_LOOP('',(#8584,#8585,#8586,#8587));
#3348=EDGE_LOOP('',(#8588,#8589,#8590,#8591));
#3349=EDGE_LOOP('',(#8592,#8593,#8594,#8595));
#3350=EDGE_LOOP('',(#8596,#8597,#8598,#8599));
#3351=EDGE_LOOP('',(#8600,#8601,#8602,#8603));
#3352=EDGE_LOOP('',(#8604,#8605,#8606,#8607));
#3353=EDGE_LOOP('',(#8608,#8609,#8610,#8611));
#3354=EDGE_LOOP('',(#8612,#8613,#8614,#8615));
#3355=EDGE_LOOP('',(#8616,#8617,#8618,#8619));
#3356=EDGE_LOOP('',(#8620,#8621,#8622,#8623));
#3357=EDGE_LOOP('',(#8624,#8625,#8626,#8627));
#3358=EDGE_LOOP('',(#8628,#8629,#8630,#8631));
#3359=EDGE_LOOP('',(#8632,#8633,#8634,#8635));
#3360=EDGE_LOOP('',(#8636,#8637,#8638,#8639));
#3361=EDGE_LOOP('',(#8640,#8641,#8642,#8643));
#3362=EDGE_LOOP('',(#8644,#8645,#8646,#8647));
#3363=EDGE_LOOP('',(#8648,#8649,#8650,#8651));
#3364=EDGE_LOOP('',(#8652,#8653,#8654,#8655));
#3365=EDGE_LOOP('',(#8656,#8657,#8658,#8659));
#3366=EDGE_LOOP('',(#8660,#8661,#8662,#8663));
#3367=EDGE_LOOP('',(#8664,#8665,#8666,#8667));
#3368=EDGE_LOOP('',(#8668,#8669,#8670,#8671));
#3369=EDGE_LOOP('',(#8672,#8673,#8674,#8675));
#3370=EDGE_LOOP('',(#8676,#8677,#8678,#8679));
#3371=EDGE_LOOP('',(#8680,#8681,#8682,#8683));
#3372=EDGE_LOOP('',(#8684,#8685,#8686,#8687));
#3373=EDGE_LOOP('',(#8688,#8689,#8690,#8691));
#3374=EDGE_LOOP('',(#8692,#8693,#8694,#8695));
#3375=EDGE_LOOP('',(#8696,#8697,#8698,#8699));
#3376=EDGE_LOOP('',(#8700,#8701,#8702,#8703));
#3377=EDGE_LOOP('',(#8704,#8705,#8706,#8707));
#3378=EDGE_LOOP('',(#8708,#8709,#8710,#8711));
#3379=EDGE_LOOP('',(#8712,#8713,#8714,#8715));
#3380=EDGE_LOOP('',(#8716,#8717,#8718,#8719));
#3381=EDGE_LOOP('',(#8720,#8721,#8722,#8723));
#3382=EDGE_LOOP('',(#8724,#8725,#8726,#8727));
#3383=EDGE_LOOP('',(#8728,#8729,#8730,#8731));
#3384=EDGE_LOOP('',(#8732,#8733,#8734,#8735));
#3385=EDGE_LOOP('',(#8736,#8737,#8738,#8739));
#3386=EDGE_LOOP('',(#8740,#8741,#8742,#8743));
#3387=EDGE_LOOP('',(#8744,#8745,#8746,#8747));
#3388=EDGE_LOOP('',(#8748,#8749,#8750,#8751));
#3389=EDGE_LOOP('',(#8752,#8753,#8754,#8755));
#3390=EDGE_LOOP('',(#8756,#8757,#8758,#8759));
#3391=EDGE_LOOP('',(#8760,#8761,#8762,#8763));
#3392=EDGE_LOOP('',(#8764,#8765,#8766,#8767));
#3393=EDGE_LOOP('',(#8768,#8769,#8770,#8771));
#3394=EDGE_LOOP('',(#8772,#8773,#8774,#8775));
#3395=EDGE_LOOP('',(#8776,#8777,#8778,#8779));
#3396=EDGE_LOOP('',(#8780,#8781,#8782,#8783));
#3397=EDGE_LOOP('',(#8784,#8785,#8786,#8787));
#3398=EDGE_LOOP('',(#8788,#8789,#8790,#8791));
#3399=EDGE_LOOP('',(#8792,#8793,#8794,#8795));
#3400=EDGE_LOOP('',(#8796,#8797,#8798,#8799));
#3401=EDGE_LOOP('',(#8800,#8801,#8802,#8803));
#3402=EDGE_LOOP('',(#8804,#8805,#8806,#8807));
#3403=EDGE_LOOP('',(#8808,#8809,#8810,#8811));
#3404=EDGE_LOOP('',(#8812,#8813,#8814,#8815));
#3405=EDGE_LOOP('',(#8816,#8817,#8818,#8819,#8820,#8821,#8822,#8823));
#3406=EDGE_LOOP('',(#8824,#8825,#8826,#8827,#8828,#8829,#8830,#8831));
#3407=CIRCLE('',#9553,2.75);
#3408=CIRCLE('',#9555,3.25);
#3409=CIRCLE('',#9556,3.25);
#3410=CIRCLE('',#9558,2.75);
#3411=CIRCLE('',#9560,4.);
#3412=CIRCLE('',#9561,4.);
#3413=CIRCLE('',#9565,7.);
#3414=CIRCLE('',#9567,6.);
#3415=CIRCLE('',#9568,6.);
#3416=CIRCLE('',#9569,6.00000000000001);
#3417=CIRCLE('',#9570,6.);
#3418=CIRCLE('',#9572,7.);
#3419=CIRCLE('',#9573,7.);
#3420=CIRCLE('',#9576,7.);
#3421=CIRCLE('',#9581,5.25);
#3422=CIRCLE('',#9583,5.25);
#3423=CIRCLE('',#9588,7.);
#3424=CIRCLE('',#9590,7.);
#3425=CIRCLE('',#9591,7.);
#3426=CIRCLE('',#9594,7.);
#3427=CIRCLE('',#9598,8.);
#3428=CIRCLE('',#9600,4.);
#3429=CIRCLE('',#9601,4.);
#3430=CIRCLE('',#9605,7.);
#3431=CIRCLE('',#9607,8.);
#3432=CIRCLE('',#9609,7.);
#3433=CIRCLE('',#9610,7.);
#3434=CIRCLE('',#9613,7.);
#3435=CIRCLE('',#9617,3.99999999999999);
#3436=CIRCLE('',#9618,3.99999999999999);
#3437=CIRCLE('',#9622,7.);
#3438=CIRCLE('',#9624,7.);
#3439=CIRCLE('',#9625,7.);
#3440=CIRCLE('',#9628,7.);
#3441=CIRCLE('',#9651,0.999999999999996);
#3442=CIRCLE('',#9652,0.999999999999996);
#3443=CIRCLE('',#9654,0.999999999999996);
#3444=CIRCLE('',#9655,0.999999999999996);
#3445=CIRCLE('',#9657,0.999999999999996);
#3446=CIRCLE('',#9658,0.999999999999996);
#3447=CIRCLE('',#9662,0.999999999999996);
#3448=CIRCLE('',#9663,0.999999999999996);
#3449=CIRCLE('',#9667,0.999999999999996);
#3450=CIRCLE('',#9668,0.999999999999996);
#3451=CIRCLE('',#9670,0.999999999999996);
#3452=CIRCLE('',#9671,0.999999999999996);
#3453=CIRCLE('',#9673,1.);
#3454=CIRCLE('',#9674,1.);
#3455=CIRCLE('',#9678,1.);
#3456=CIRCLE('',#9679,1.);
#3457=CIRCLE('',#9681,1.00000000000018);
#3458=CIRCLE('',#9682,1.00000000000018);
#3459=CIRCLE('',#9684,1.00000000000018);
#3460=CIRCLE('',#9685,1.00000000000018);
#3461=CIRCLE('',#9690,1.00000000000018);
#3462=CIRCLE('',#9691,1.00000000000018);
#3463=CIRCLE('',#9693,1.00000000000018);
#3464=CIRCLE('',#9694,1.00000000000018);
#3465=CIRCLE('',#9699,0.999999999978933);
#3466=CIRCLE('',#9700,0.999999999978933);
#3467=CIRCLE('',#9702,0.999999999978933);
#3468=CIRCLE('',#9703,0.999999999978933);
#3469=CIRCLE('',#9705,0.999999999978956);
#3470=CIRCLE('',#9706,0.999999999978956);
#3471=CIRCLE('',#9710,0.999999999978956);
#3472=CIRCLE('',#9711,0.999999999978956);
#3473=CIRCLE('',#9713,0.999999999978938);
#3474=CIRCLE('',#9714,0.999999999978938);
#3475=CIRCLE('',#9716,0.999999999978938);
#3476=CIRCLE('',#9717,0.999999999978938);
#3477=CIRCLE('',#9722,0.999999999978956);
#3478=CIRCLE('',#9723,0.999999999978956);
#3479=CIRCLE('',#9725,0.999999999978956);
#3480=CIRCLE('',#9726,0.999999999978956);
#3481=CIRCLE('',#9729,0.999999999736842);
#3482=CIRCLE('',#9730,0.999999999736842);
#3483=CIRCLE('',#9732,0.999999999736842);
#3484=CIRCLE('',#9733,0.999999999736842);
#3485=CIRCLE('',#9738,1.00032794648041);
#3486=CIRCLE('',#9739,1.00032794648041);
#3487=CIRCLE('',#9741,1.00032794648041);
#3488=CIRCLE('',#9742,1.00032794648041);
#3489=CIRCLE('',#9745,0.999999999736842);
#3490=CIRCLE('',#9746,0.999999999736842);
#3491=CIRCLE('',#9748,0.999999999736842);
#3492=CIRCLE('',#9749,0.999999999736842);
#3493=CIRCLE('',#9754,1.00032794648041);
#3494=CIRCLE('',#9755,1.00032794648041);
#3495=CIRCLE('',#9757,1.00032794648041);
#3496=CIRCLE('',#9758,1.00032794648041);
#3497=CIRCLE('',#9761,0.999999999736842);
#3498=CIRCLE('',#9762,0.999999999736842);
#3499=CIRCLE('',#9764,0.999999999736842);
#3500=CIRCLE('',#9765,0.999999999736842);
#3501=CIRCLE('',#9770,1.00032794648041);
#3502=CIRCLE('',#9771,1.00032794648041);
#3503=CIRCLE('',#9773,1.00032794648041);
#3504=CIRCLE('',#9774,1.00032794648041);
#3505=CIRCLE('',#9777,0.999999999736842);
#3506=CIRCLE('',#9778,0.999999999736842);
#3507=CIRCLE('',#9780,0.999999999736842);
#3508=CIRCLE('',#9781,0.999999999736842);
#3509=CIRCLE('',#9786,1.00032794648041);
#3510=CIRCLE('',#9787,1.00032794648041);
#3511=CIRCLE('',#9789,1.00032794648041);
#3512=CIRCLE('',#9790,1.00032794648041);
#3513=CIRCLE('',#9793,0.999999999978929);
#3514=CIRCLE('',#9794,0.999999999978929);
#3515=CIRCLE('',#9796,0.999999999978929);
#3516=CIRCLE('',#9797,0.999999999978929);
#3517=CIRCLE('',#9802,0.999999999978956);
#3518=CIRCLE('',#9803,0.999999999978956);
#3519=CIRCLE('',#9805,0.999999999978956);
#3520=CIRCLE('',#9806,0.999999999978956);
#3521=CIRCLE('',#9811,1.00000000000018);
#3522=CIRCLE('',#9812,1.00000000000018);
#3523=CIRCLE('',#9814,1.00000000000018);
#3524=CIRCLE('',#9815,1.00000000000018);
#3525=CIRCLE('',#9817,1.00000000000018);
#3526=CIRCLE('',#9818,1.00000000000018);
#3527=CIRCLE('',#9822,1.00000000000018);
#3528=CIRCLE('',#9823,1.00000000000018);
#3529=CIRCLE('',#9825,1.00000000000018);
#3530=CIRCLE('',#9826,1.00000000000018);
#3531=CIRCLE('',#9828,1.00000000000018);
#3532=CIRCLE('',#9829,1.00000000000018);
#3533=CIRCLE('',#9834,1.00000000000018);
#3534=CIRCLE('',#9835,1.00000000000018);
#3535=CIRCLE('',#9837,1.00000000000018);
#3536=CIRCLE('',#9838,1.00000000000018);
#3537=CIRCLE('',#9843,0.999999999999996);
#3538=CIRCLE('',#9844,0.999999999999996);
#3539=CIRCLE('',#9846,0.999999999999996);
#3540=CIRCLE('',#9847,0.999999999999996);
#3541=CIRCLE('',#9849,0.999999999999996);
#3542=CIRCLE('',#9850,0.999999999999996);
#3543=CIRCLE('',#9854,0.999999999999996);
#3544=CIRCLE('',#9855,0.999999999999996);
#3545=CIRCLE('',#9859,0.999999999999996);
#3546=CIRCLE('',#9860,0.999999999999996);
#3547=CIRCLE('',#9862,0.999999999999996);
#3548=CIRCLE('',#9863,0.999999999999996);
#3549=CIRCLE('',#9865,0.999999999999996);
#3550=CIRCLE('',#9866,0.999999999999996);
#3551=CIRCLE('',#9870,0.999999999999996);
#3552=CIRCLE('',#9871,0.999999999999996);
#3553=CIRCLE('',#9875,0.999999999999996);
#3554=CIRCLE('',#9876,0.999999999999996);
#3555=CIRCLE('',#9878,0.999999999999996);
#3556=CIRCLE('',#9879,0.999999999999996);
#3557=CIRCLE('',#9881,1.00000000000001);
#3558=CIRCLE('',#9882,1.00000000000001);
#3559=CIRCLE('',#9886,1.00000000000001);
#3560=CIRCLE('',#9887,1.00000000000001);
#3561=CIRCLE('',#9889,1.00000000000018);
#3562=CIRCLE('',#9890,1.00000000000018);
#3563=CIRCLE('',#9892,1.00000000000018);
#3564=CIRCLE('',#9893,1.00000000000018);
#3565=CIRCLE('',#9898,1.00000000000018);
#3566=CIRCLE('',#9899,1.00000000000018);
#3567=CIRCLE('',#9901,1.00000000000018);
#3568=CIRCLE('',#9902,1.00000000000018);
#3569=CIRCLE('',#9905,1.00000000000018);
#3570=CIRCLE('',#9906,1.00000000000018);
#3571=CIRCLE('',#9908,1.00000000000018);
#3572=CIRCLE('',#9909,1.00000000000018);
#3573=CIRCLE('',#9914,1.00000000000018);
#3574=CIRCLE('',#9915,1.00000000000018);
#3575=CIRCLE('',#9917,1.00000000000018);
#3576=CIRCLE('',#9918,1.00000000000018);
#3577=CIRCLE('',#9921,0.999999999978938);
#3578=CIRCLE('',#9922,0.999999999978938);
#3579=CIRCLE('',#9924,0.999999999978938);
#3580=CIRCLE('',#9925,0.999999999978938);
#3581=CIRCLE('',#9930,0.999999999978956);
#3582=CIRCLE('',#9931,0.999999999978956);
#3583=CIRCLE('',#9933,0.999999999978956);
#3584=CIRCLE('',#9934,0.999999999978956);
#3585=CIRCLE('',#9937,0.999999999978938);
#3586=CIRCLE('',#9938,0.999999999978938);
#3587=CIRCLE('',#9940,0.999999999978938);
#3588=CIRCLE('',#9941,0.999999999978938);
#3589=CIRCLE('',#9946,0.999999999978956);
#3590=CIRCLE('',#9947,0.999999999978956);
#3591=CIRCLE('',#9949,0.999999999978956);
#3592=CIRCLE('',#9950,0.999999999978956);
#3593=CIRCLE('',#9953,0.999999999736842);
#3594=CIRCLE('',#9954,0.999999999736842);
#3595=CIRCLE('',#9956,0.999999999736842);
#3596=CIRCLE('',#9957,0.999999999736842);
#3597=CIRCLE('',#9962,1.00032794648041);
#3598=CIRCLE('',#9963,1.00032794648041);
#3599=CIRCLE('',#9965,1.00032794648041);
#3600=CIRCLE('',#9966,1.00032794648041);
#3601=CIRCLE('',#9971,1.00032794648041);
#3602=CIRCLE('',#9972,1.00032794648041);
#3603=CIRCLE('',#9974,1.00032794648041);
#3604=CIRCLE('',#9975,1.00032794648041);
#3605=CIRCLE('',#9977,0.999999999736842);
#3606=CIRCLE('',#9978,0.999999999736842);
#3607=CIRCLE('',#9982,0.999999999736842);
#3608=CIRCLE('',#9983,0.999999999736842);
#3609=CIRCLE('',#9985,0.999999999736842);
#3610=CIRCLE('',#9986,0.999999999736842);
#3611=CIRCLE('',#9988,0.999999999736842);
#3612=CIRCLE('',#9989,0.999999999736842);
#3613=CIRCLE('',#9994,1.00032794648041);
#3614=CIRCLE('',#9995,1.00032794648041);
#3615=CIRCLE('',#9997,1.00032794648041);
#3616=CIRCLE('',#9998,1.00032794648041);
#3617=CIRCLE('',#10001,0.999999999978929);
#3618=CIRCLE('',#10002,0.999999999978929);
#3619=CIRCLE('',#10004,0.999999999978929);
#3620=CIRCLE('',#10005,0.999999999978929);
#3621=CIRCLE('',#10010,0.999999999978947);
#3622=CIRCLE('',#10011,0.999999999978947);
#3623=CIRCLE('',#10013,0.999999999978947);
#3624=CIRCLE('',#10014,0.999999999978947);
#3625=CIRCLE('',#10017,0.999999999978933);
#3626=CIRCLE('',#10018,0.999999999978933);
#3627=CIRCLE('',#10020,0.999999999978933);
#3628=CIRCLE('',#10021,0.999999999978933);
#3629=CIRCLE('',#10026,0.999999999978956);
#3630=CIRCLE('',#10027,0.999999999978956);
#3631=CIRCLE('',#10029,0.999999999978956);
#3632=CIRCLE('',#10030,0.999999999978956);
#3633=CIRCLE('',#10033,1.00000000000017);
#3634=CIRCLE('',#10034,1.00000000000017);
#3635=CIRCLE('',#10036,1.00000000000017);
#3636=CIRCLE('',#10037,1.00000000000017);
#3637=CIRCLE('',#10042,1.00000000000018);
#3638=CIRCLE('',#10043,1.00000000000018);
#3639=CIRCLE('',#10045,1.00000000000018);
#3640=CIRCLE('',#10046,1.00000000000018);
#3641=CIRCLE('',#10049,1.00000000000018);
#3642=CIRCLE('',#10050,1.00000000000018);
#3643=CIRCLE('',#10052,1.00000000000018);
#3644=CIRCLE('',#10053,1.00000000000018);
#3645=CIRCLE('',#10058,1.00000000000018);
#3646=CIRCLE('',#10059,1.00000000000018);
#3647=CIRCLE('',#10061,1.00000000000018);
#3648=CIRCLE('',#10062,1.00000000000018);
#3649=CIRCLE('',#10067,0.999999999999996);
#3650=CIRCLE('',#10068,0.999999999999996);
#3651=CIRCLE('',#10070,0.999999999999996);
#3652=CIRCLE('',#10071,0.999999999999996);
#3653=CIRCLE('',#10073,1.);
#3654=CIRCLE('',#10074,1.);
#3655=CIRCLE('',#10078,1.);
#3656=CIRCLE('',#10079,1.);
#3657=CIRCLE('',#10083,0.999999999999996);
#3658=CIRCLE('',#10084,0.999999999999996);
#3659=CIRCLE('',#10086,0.999999999999996);
#3660=CIRCLE('',#10087,0.999999999999996);
#3661=CIRCLE('',#10089,0.999999999999996);
#3662=CIRCLE('',#10090,0.999999999999996);
#3663=CIRCLE('',#10094,0.999999999999996);
#3664=CIRCLE('',#10095,0.999999999999996);
#3665=CIRCLE('',#10098,0.999999999999995);
#3666=CIRCLE('',#10099,0.999999999999995);
#3667=CIRCLE('',#10102,0.999999999999945);
#3668=CIRCLE('',#10103,0.999999999999945);
#3669=CIRCLE('',#10105,0.999999999999989);
#3670=CIRCLE('',#10106,0.999999999999989);
#3671=CIRCLE('',#10109,0.999999999999998);
#3672=CIRCLE('',#10110,0.999999999999998);
#3673=CIRCLE('',#10114,1.);
#3674=CIRCLE('',#10115,1.);
#3675=CIRCLE('',#10118,1.00000000000002);
#3676=CIRCLE('',#10119,1.00000000000002);
#3677=CIRCLE('',#10122,1.00000000000002);
#3678=CIRCLE('',#10123,1.00000000000002);
#3679=CIRCLE('',#10126,1.00000000000002);
#3680=CIRCLE('',#10127,1.00000000000002);
#3681=CIRCLE('',#10130,1.00000000000003);
#3682=CIRCLE('',#10131,1.00000000000003);
#3683=CIRCLE('',#10134,1.00000000000002);
#3684=CIRCLE('',#10135,1.00000000000002);
#3685=CIRCLE('',#10138,1.00000000000002);
#3686=CIRCLE('',#10139,1.00000000000002);
#3687=CIRCLE('',#10142,1.00000000000002);
#3688=CIRCLE('',#10143,1.00000000000002);
#3689=CIRCLE('',#10146,1.00000000000002);
#3690=CIRCLE('',#10147,1.00000000000002);
#3691=CIRCLE('',#10150,1.00000000000002);
#3692=CIRCLE('',#10151,1.00000000000002);
#3693=CIRCLE('',#10154,1.);
#3694=CIRCLE('',#10155,1.);
#3695=CIRCLE('',#10158,1.00000000000001);
#3696=CIRCLE('',#10159,1.00000000000001);
#3697=CIRCLE('',#10161,0.999999999999989);
#3698=CIRCLE('',#10162,0.999999999999989);
#3699=CIRCLE('',#10165,0.999999999999998);
#3700=CIRCLE('',#10166,0.999999999999998);
#3701=CIRCLE('',#10170,0.999999999999995);
#3702=CIRCLE('',#10171,0.999999999999995);
#3703=CIRCLE('',#10174,0.999999999999957);
#3704=CIRCLE('',#10175,0.999999999999957);
#3705=CIRCLE('',#10178,1.00000000000001);
#3706=CIRCLE('',#10179,1.00000000000001);
#3707=CIRCLE('',#10182,0.999999999999951);
#3708=CIRCLE('',#10183,0.999999999999951);
#3709=CIRCLE('',#10185,0.999999999999976);
#3710=CIRCLE('',#10186,0.999999999999976);
#3711=CIRCLE('',#10189,0.999999999999998);
#3712=CIRCLE('',#10190,0.999999999999998);
#3713=CIRCLE('',#10194,0.999999999999985);
#3714=CIRCLE('',#10195,0.999999999999985);
#3715=CIRCLE('',#10198,0.999999999999998);
#3716=CIRCLE('',#10199,0.999999999999998);
#3717=CIRCLE('',#10202,1.00000000000001);
#3718=CIRCLE('',#10203,1.00000000000001);
#3719=CIRCLE('',#10206,1.00000000000001);
#3720=CIRCLE('',#10207,1.00000000000001);
#3721=CIRCLE('',#10210,1.00000000000002);
#3722=CIRCLE('',#10211,1.00000000000002);
#3723=CIRCLE('',#10214,1.00000000000002);
#3724=CIRCLE('',#10215,1.00000000000002);
#3725=CIRCLE('',#10218,1.00000000000002);
#3726=CIRCLE('',#10219,1.00000000000002);
#3727=CIRCLE('',#10222,1.00000000000002);
#3728=CIRCLE('',#10223,1.00000000000002);
#3729=CIRCLE('',#10226,1.);
#3730=CIRCLE('',#10227,1.);
#3731=CIRCLE('',#10230,1.00000000000002);
#3732=CIRCLE('',#10231,1.00000000000002);
#3733=CIRCLE('',#10233,0.999999999999985);
#3734=CIRCLE('',#10234,0.999999999999985);
#3735=CIRCLE('',#10237,0.999999999999992);
#3736=CIRCLE('',#10238,0.999999999999992);
#3737=CIRCLE('',#10241,0.999999999999989);
#3738=CIRCLE('',#10242,0.999999999999989);
#3739=CIRCLE('',#10245,0.999999999999985);
#3740=CIRCLE('',#10246,0.999999999999985);
#3741=CIRCLE('',#10250,0.999999999999957);
#3742=CIRCLE('',#10251,0.999999999999957);
#3743=CIRCLE('',#10254,1.);
#3744=CIRCLE('',#10255,1.);
#3745=CIRCLE('',#10258,1.);
#3746=CIRCLE('',#10259,1.);
#3747=CIRCLE('',#10262,0.999999999999995);
#3748=CIRCLE('',#10263,0.999999999999995);
#3749=CIRCLE('',#10266,0.999999999999998);
#3750=CIRCLE('',#10267,0.999999999999998);
#3751=CIRCLE('',#10270,1.00000000000001);
#3752=CIRCLE('',#10271,1.00000000000001);
#3753=CIRCLE('',#10274,1.00000000000001);
#3754=CIRCLE('',#10275,1.00000000000001);
#3755=CIRCLE('',#10278,1.);
#3756=CIRCLE('',#10279,1.);
#3757=CIRCLE('',#10282,0.999999999999995);
#3758=CIRCLE('',#10283,0.999999999999995);
#3759=CIRCLE('',#10286,0.999999999999992);
#3760=CIRCLE('',#10287,0.999999999999992);
#3761=CIRCLE('',#10290,0.999999999999989);
#3762=CIRCLE('',#10291,0.999999999999989);
#3763=CIRCLE('',#10294,0.999999999999992);
#3764=CIRCLE('',#10295,0.999999999999992);
#3765=CIRCLE('',#10298,0.999999999999989);
#3766=CIRCLE('',#10299,0.999999999999989);
#3767=CIRCLE('',#10302,0.999999999999985);
#3768=CIRCLE('',#10303,0.999999999999985);
#3769=CIRCLE('',#10306,1.);
#3770=CIRCLE('',#10307,1.);
#3771=CIRCLE('',#10310,1.);
#3772=CIRCLE('',#10311,1.);
#3773=CIRCLE('',#10314,0.999999999999995);
#3774=CIRCLE('',#10315,0.999999999999995);
#3775=CIRCLE('',#10318,0.999999999999992);
#3776=CIRCLE('',#10319,0.999999999999992);
#3777=CIRCLE('',#10322,0.999999999999992);
#3778=CIRCLE('',#10323,0.999999999999992);
#3779=CIRCLE('',#10326,0.999999999999995);
#3780=CIRCLE('',#10327,0.999999999999995);
#3781=CIRCLE('',#10330,1.);
#3782=CIRCLE('',#10331,1.);
#3783=CIRCLE('',#10334,1.);
#3784=CIRCLE('',#10335,1.);
#3785=CIRCLE('',#10338,1.);
#3786=CIRCLE('',#10339,1.);
#3787=CIRCLE('',#10342,1.00000000000001);
#3788=CIRCLE('',#10343,1.00000000000001);
#3789=CIRCLE('',#10346,0.999999999999998);
#3790=CIRCLE('',#10347,0.999999999999998);
#3791=CIRCLE('',#10350,1.);
#3792=CIRCLE('',#10351,1.);
#3793=CIRCLE('',#10354,1.);
#3794=CIRCLE('',#10355,1.);
#3795=CIRCLE('',#10358,0.999999999999995);
#3796=CIRCLE('',#10359,0.999999999999995);
#3797=CIRCLE('',#10362,1.00000000000001);
#3798=CIRCLE('',#10363,1.00000000000001);
#3799=CIRCLE('',#10366,0.999999999999995);
#3800=CIRCLE('',#10367,0.999999999999995);
#3801=CIRCLE('',#10370,0.999999999999992);
#3802=CIRCLE('',#10371,0.999999999999992);
#3803=CIRCLE('',#10374,1.);
#3804=CIRCLE('',#10375,1.);
#3805=CIRCLE('',#10378,1.);
#3806=CIRCLE('',#10379,1.);
#3807=CIRCLE('',#10382,1.);
#3808=CIRCLE('',#10383,1.);
#3809=CIRCLE('',#10386,1.);
#3810=CIRCLE('',#10387,1.);
#3811=CIRCLE('',#10390,1.);
#3812=CIRCLE('',#10391,1.);
#3813=CIRCLE('',#10394,1.);
#3814=CIRCLE('',#10395,1.);
#3815=CIRCLE('',#10398,1.);
#3816=CIRCLE('',#10399,1.);
#3817=CIRCLE('',#10402,0.999999999999995);
#3818=CIRCLE('',#10403,0.999999999999995);
#3819=CIRCLE('',#10406,0.999999999999992);
#3820=CIRCLE('',#10407,0.999999999999992);
#3821=CIRCLE('',#10410,1.);
#3822=CIRCLE('',#10411,1.);
#3823=CIRCLE('',#10414,1.);
#3824=CIRCLE('',#10415,1.);
#3825=CIRCLE('',#10418,1.);
#3826=CIRCLE('',#10419,1.);
#3827=CIRCLE('',#10422,1.);
#3828=CIRCLE('',#10423,1.);
#3829=CIRCLE('',#10426,1.);
#3830=CIRCLE('',#10427,1.);
#3831=CIRCLE('',#10430,0.999999999999992);
#3832=CIRCLE('',#10431,0.999999999999992);
#3833=CIRCLE('',#10434,1.);
#3834=CIRCLE('',#10435,1.);
#3835=CIRCLE('',#10438,0.999999999999995);
#3836=CIRCLE('',#10439,0.999999999999995);
#3837=CIRCLE('',#10442,0.999999999999998);
#3838=CIRCLE('',#10443,0.999999999999998);
#3839=CIRCLE('',#10446,1.00000000000001);
#3840=CIRCLE('',#10447,1.00000000000001);
#3841=CIRCLE('',#10459,8.);
#3842=CIRCLE('',#10463,8.);
#3843=CIRCLE('',#10467,8.);
#3844=CIRCLE('',#10470,8.);
#3845=CIRCLE('',#10473,8.);
#3846=CIRCLE('',#10476,8.);
#3847=VERTEX_POINT('',#13237);
#3848=VERTEX_POINT('',#13240);
#3849=VERTEX_POINT('',#13242);
#3850=VERTEX_POINT('',#13246);
#3851=VERTEX_POINT('',#13249);
#3852=VERTEX_POINT('',#13250);
#3853=VERTEX_POINT('',#13252);
#3854=VERTEX_POINT('',#13254);
#3855=VERTEX_POINT('',#13258);
#3856=VERTEX_POINT('',#13260);
#3857=VERTEX_POINT('',#13262);
#3858=VERTEX_POINT('',#13266);
#3859=VERTEX_POINT('',#13268);
#3860=VERTEX_POINT('',#13270);
#3861=VERTEX_POINT('',#13276);
#3862=VERTEX_POINT('',#13277);
#3863=VERTEX_POINT('',#13279);
#3864=VERTEX_POINT('',#13281);
#3865=VERTEX_POINT('',#13283);
#3866=VERTEX_POINT('',#13285);
#3867=VERTEX_POINT('',#13287);
#3868=VERTEX_POINT('',#13289);
#3869=VERTEX_POINT('',#13293);
#3870=VERTEX_POINT('',#13295);
#3871=VERTEX_POINT('',#13298);
#3872=VERTEX_POINT('',#13299);
#3873=VERTEX_POINT('',#13301);
#3874=VERTEX_POINT('',#13303);
#3875=VERTEX_POINT('',#13305);
#3876=VERTEX_POINT('',#13307);
#3877=VERTEX_POINT('',#13311);
#3878=VERTEX_POINT('',#13312);
#3879=VERTEX_POINT('',#13314);
#3880=VERTEX_POINT('',#13316);
#3881=VERTEX_POINT('',#13318);
#3882=VERTEX_POINT('',#13320);
#3883=VERTEX_POINT('',#13324);
#3884=VERTEX_POINT('',#13326);
#3885=VERTEX_POINT('',#13332);
#3886=VERTEX_POINT('',#13334);
#3887=VERTEX_POINT('',#13340);
#3888=VERTEX_POINT('',#13342);
#3889=VERTEX_POINT('',#13345);
#3890=VERTEX_POINT('',#13346);
#3891=VERTEX_POINT('',#13348);
#3892=VERTEX_POINT('',#13350);
#3893=VERTEX_POINT('',#13352);
#3894=VERTEX_POINT('',#13354);
#3895=VERTEX_POINT('',#13356);
#3896=VERTEX_POINT('',#13360);
#3897=VERTEX_POINT('',#13362);
#3898=VERTEX_POINT('',#13366);
#3899=VERTEX_POINT('',#13367);
#3900=VERTEX_POINT('',#13369);
#3901=VERTEX_POINT('',#13371);
#3902=VERTEX_POINT('',#13375);
#3903=VERTEX_POINT('',#13377);
#3904=VERTEX_POINT('',#13379);
#3905=VERTEX_POINT('',#13383);
#3906=VERTEX_POINT('',#13385);
#3907=VERTEX_POINT('',#13387);
#3908=VERTEX_POINT('',#13393);
#3909=VERTEX_POINT('',#13395);
#3910=VERTEX_POINT('',#13399);
#3911=VERTEX_POINT('',#13401);
#3912=VERTEX_POINT('',#13404);
#3913=VERTEX_POINT('',#13405);
#3914=VERTEX_POINT('',#13407);
#3915=VERTEX_POINT('',#13409);
#3916=VERTEX_POINT('',#13411);
#3917=VERTEX_POINT('',#13413);
#3918=VERTEX_POINT('',#13417);
#3919=VERTEX_POINT('',#13418);
#3920=VERTEX_POINT('',#13420);
#3921=VERTEX_POINT('',#13422);
#3922=VERTEX_POINT('',#13426);
#3923=VERTEX_POINT('',#13428);
#3924=VERTEX_POINT('',#13430);
#3925=VERTEX_POINT('',#13434);
#3926=VERTEX_POINT('',#13436);
#3927=VERTEX_POINT('',#13438);
#3928=VERTEX_POINT('',#13444);
#3929=VERTEX_POINT('',#13446);
#3930=VERTEX_POINT('',#13449);
#3931=VERTEX_POINT('',#13450);
#3932=VERTEX_POINT('',#13452);
#3933=VERTEX_POINT('',#13454);
#3934=VERTEX_POINT('',#13456);
#3935=VERTEX_POINT('',#13458);
#3936=VERTEX_POINT('',#13474);
#3937=VERTEX_POINT('',#13494);
#3938=VERTEX_POINT('',#13495);
#3939=VERTEX_POINT('',#13497);
#3940=VERTEX_POINT('',#13499);
#3941=VERTEX_POINT('',#13503);
#3942=VERTEX_POINT('',#13504);
#3943=VERTEX_POINT('',#13506);
#3944=VERTEX_POINT('',#13508);
#3945=VERTEX_POINT('',#13512);
#3946=VERTEX_POINT('',#13514);
#3947=VERTEX_POINT('',#13518);
#3948=VERTEX_POINT('',#13520);
#3949=VERTEX_POINT('',#13524);
#3950=VERTEX_POINT('',#13526);
#3951=VERTEX_POINT('',#13533);
#3952=VERTEX_POINT('',#13535);
#3953=VERTEX_POINT('',#13542);
#3954=VERTEX_POINT('',#13543);
#3955=VERTEX_POINT('',#13545);
#3956=VERTEX_POINT('',#13547);
#3957=VERTEX_POINT('',#13551);
#3958=VERTEX_POINT('',#13552);
#3959=VERTEX_POINT('',#13554);
#3960=VERTEX_POINT('',#13556);
#3961=VERTEX_POINT('',#13560);
#3962=VERTEX_POINT('',#13562);
#3963=VERTEX_POINT('',#13566);
#3964=VERTEX_POINT('',#13568);
#3965=VERTEX_POINT('',#13572);
#3966=VERTEX_POINT('',#13574);
#3967=VERTEX_POINT('',#13581);
#3968=VERTEX_POINT('',#13583);
#3969=VERTEX_POINT('',#13590);
#3970=VERTEX_POINT('',#13591);
#3971=VERTEX_POINT('',#13593);
#3972=VERTEX_POINT('',#13595);
#3973=VERTEX_POINT('',#13599);
#3974=VERTEX_POINT('',#13600);
#3975=VERTEX_POINT('',#13602);
#3976=VERTEX_POINT('',#13604);
#3977=VERTEX_POINT('',#13608);
#3978=VERTEX_POINT('',#13610);
#3979=VERTEX_POINT('',#13614);
#3980=VERTEX_POINT('',#13616);
#3981=VERTEX_POINT('',#13620);
#3982=VERTEX_POINT('',#13622);
#3983=VERTEX_POINT('',#13629);
#3984=VERTEX_POINT('',#13631);
#3985=VERTEX_POINT('',#13638);
#3986=VERTEX_POINT('',#13639);
#3987=VERTEX_POINT('',#13641);
#3988=VERTEX_POINT('',#13643);
#3989=VERTEX_POINT('',#13647);
#3990=VERTEX_POINT('',#13648);
#3991=VERTEX_POINT('',#13650);
#3992=VERTEX_POINT('',#13652);
#3993=VERTEX_POINT('',#13656);
#3994=VERTEX_POINT('',#13658);
#3995=VERTEX_POINT('',#13662);
#3996=VERTEX_POINT('',#13664);
#3997=VERTEX_POINT('',#13668);
#3998=VERTEX_POINT('',#13670);
#3999=VERTEX_POINT('',#13677);
#4000=VERTEX_POINT('',#13679);
#4001=VERTEX_POINT('',#13686);
#4002=VERTEX_POINT('',#13687);
#4003=VERTEX_POINT('',#13689);
#4004=VERTEX_POINT('',#13691);
#4005=VERTEX_POINT('',#13695);
#4006=VERTEX_POINT('',#13696);
#4007=VERTEX_POINT('',#13698);
#4008=VERTEX_POINT('',#13700);
#4009=VERTEX_POINT('',#13704);
#4010=VERTEX_POINT('',#13706);
#4011=VERTEX_POINT('',#13710);
#4012=VERTEX_POINT('',#13712);
#4013=VERTEX_POINT('',#13716);
#4014=VERTEX_POINT('',#13718);
#4015=VERTEX_POINT('',#13725);
#4016=VERTEX_POINT('',#13727);
#4017=VERTEX_POINT('',#13734);
#4018=VERTEX_POINT('',#13735);
#4019=VERTEX_POINT('',#13737);
#4020=VERTEX_POINT('',#13739);
#4021=VERTEX_POINT('',#13743);
#4022=VERTEX_POINT('',#13744);
#4023=VERTEX_POINT('',#13746);
#4024=VERTEX_POINT('',#13748);
#4025=VERTEX_POINT('',#13752);
#4026=VERTEX_POINT('',#13754);
#4027=VERTEX_POINT('',#13758);
#4028=VERTEX_POINT('',#13760);
#4029=VERTEX_POINT('',#13764);
#4030=VERTEX_POINT('',#13766);
#4031=VERTEX_POINT('',#13773);
#4032=VERTEX_POINT('',#13775);
#4033=VERTEX_POINT('',#13782);
#4034=VERTEX_POINT('',#13783);
#4035=VERTEX_POINT('',#13785);
#4036=VERTEX_POINT('',#13787);
#4037=VERTEX_POINT('',#13791);
#4038=VERTEX_POINT('',#13792);
#4039=VERTEX_POINT('',#13794);
#4040=VERTEX_POINT('',#13796);
#4041=VERTEX_POINT('',#13800);
#4042=VERTEX_POINT('',#13802);
#4043=VERTEX_POINT('',#13806);
#4044=VERTEX_POINT('',#13808);
#4045=VERTEX_POINT('',#13812);
#4046=VERTEX_POINT('',#13814);
#4047=VERTEX_POINT('',#13821);
#4048=VERTEX_POINT('',#13823);
#4049=VERTEX_POINT('',#13830);
#4050=VERTEX_POINT('',#13831);
#4051=VERTEX_POINT('',#13833);
#4052=VERTEX_POINT('',#13835);
#4053=VERTEX_POINT('',#13839);
#4054=VERTEX_POINT('',#13840);
#4055=VERTEX_POINT('',#13842);
#4056=VERTEX_POINT('',#13844);
#4057=VERTEX_POINT('',#13848);
#4058=VERTEX_POINT('',#13850);
#4059=VERTEX_POINT('',#13854);
#4060=VERTEX_POINT('',#13856);
#4061=VERTEX_POINT('',#13860);
#4062=VERTEX_POINT('',#13862);
#4063=VERTEX_POINT('',#13869);
#4064=VERTEX_POINT('',#13871);
#4065=VERTEX_POINT('',#13878);
#4066=VERTEX_POINT('',#13879);
#4067=VERTEX_POINT('',#13881);
#4068=VERTEX_POINT('',#13883);
#4069=VERTEX_POINT('',#13887);
#4070=VERTEX_POINT('',#13888);
#4071=VERTEX_POINT('',#13890);
#4072=VERTEX_POINT('',#13892);
#4073=VERTEX_POINT('',#13896);
#4074=VERTEX_POINT('',#13898);
#4075=VERTEX_POINT('',#13902);
#4076=VERTEX_POINT('',#13904);
#4077=VERTEX_POINT('',#13908);
#4078=VERTEX_POINT('',#13910);
#4079=VERTEX_POINT('',#13917);
#4080=VERTEX_POINT('',#13919);
#4081=VERTEX_POINT('',#13926);
#4082=VERTEX_POINT('',#13927);
#4083=VERTEX_POINT('',#13929);
#4084=VERTEX_POINT('',#13931);
#4085=VERTEX_POINT('',#13935);
#4086=VERTEX_POINT('',#13936);
#4087=VERTEX_POINT('',#13938);
#4088=VERTEX_POINT('',#13940);
#4089=VERTEX_POINT('',#13944);
#4090=VERTEX_POINT('',#13946);
#4091=VERTEX_POINT('',#13950);
#4092=VERTEX_POINT('',#13952);
#4093=VERTEX_POINT('',#13956);
#4094=VERTEX_POINT('',#13958);
#4095=VERTEX_POINT('',#13965);
#4096=VERTEX_POINT('',#13967);
#4097=VERTEX_POINT('',#13974);
#4098=VERTEX_POINT('',#13975);
#4099=VERTEX_POINT('',#13977);
#4100=VERTEX_POINT('',#13979);
#4101=VERTEX_POINT('',#13983);
#4102=VERTEX_POINT('',#13984);
#4103=VERTEX_POINT('',#13986);
#4104=VERTEX_POINT('',#13988);
#4105=VERTEX_POINT('',#13992);
#4106=VERTEX_POINT('',#13994);
#4107=VERTEX_POINT('',#13998);
#4108=VERTEX_POINT('',#14000);
#4109=VERTEX_POINT('',#14004);
#4110=VERTEX_POINT('',#14006);
#4111=VERTEX_POINT('',#14013);
#4112=VERTEX_POINT('',#14015);
#4113=VERTEX_POINT('',#14022);
#4114=VERTEX_POINT('',#14023);
#4115=VERTEX_POINT('',#14025);
#4116=VERTEX_POINT('',#14027);
#4117=VERTEX_POINT('',#14031);
#4118=VERTEX_POINT('',#14032);
#4119=VERTEX_POINT('',#14034);
#4120=VERTEX_POINT('',#14036);
#4121=VERTEX_POINT('',#14040);
#4122=VERTEX_POINT('',#14042);
#4123=VERTEX_POINT('',#14046);
#4124=VERTEX_POINT('',#14048);
#4125=VERTEX_POINT('',#14052);
#4126=VERTEX_POINT('',#14054);
#4127=VERTEX_POINT('',#14061);
#4128=VERTEX_POINT('',#14063);
#4129=VERTEX_POINT('',#14070);
#4130=VERTEX_POINT('',#14071);
#4131=VERTEX_POINT('',#14073);
#4132=VERTEX_POINT('',#14075);
#4133=VERTEX_POINT('',#14079);
#4134=VERTEX_POINT('',#14080);
#4135=VERTEX_POINT('',#14082);
#4136=VERTEX_POINT('',#14084);
#4137=VERTEX_POINT('',#14088);
#4138=VERTEX_POINT('',#14090);
#4139=VERTEX_POINT('',#14094);
#4140=VERTEX_POINT('',#14096);
#4141=VERTEX_POINT('',#14100);
#4142=VERTEX_POINT('',#14102);
#4143=VERTEX_POINT('',#14109);
#4144=VERTEX_POINT('',#14111);
#4145=VERTEX_POINT('',#14118);
#4146=VERTEX_POINT('',#14119);
#4147=VERTEX_POINT('',#14121);
#4148=VERTEX_POINT('',#14123);
#4149=VERTEX_POINT('',#14127);
#4150=VERTEX_POINT('',#14128);
#4151=VERTEX_POINT('',#14130);
#4152=VERTEX_POINT('',#14132);
#4153=VERTEX_POINT('',#14136);
#4154=VERTEX_POINT('',#14138);
#4155=VERTEX_POINT('',#14142);
#4156=VERTEX_POINT('',#14144);
#4157=VERTEX_POINT('',#14148);
#4158=VERTEX_POINT('',#14150);
#4159=VERTEX_POINT('',#14157);
#4160=VERTEX_POINT('',#14159);
#4161=VERTEX_POINT('',#14166);
#4162=VERTEX_POINT('',#14167);
#4163=VERTEX_POINT('',#14169);
#4164=VERTEX_POINT('',#14171);
#4165=VERTEX_POINT('',#14175);
#4166=VERTEX_POINT('',#14176);
#4167=VERTEX_POINT('',#14178);
#4168=VERTEX_POINT('',#14180);
#4169=VERTEX_POINT('',#14184);
#4170=VERTEX_POINT('',#14186);
#4171=VERTEX_POINT('',#14190);
#4172=VERTEX_POINT('',#14192);
#4173=VERTEX_POINT('',#14196);
#4174=VERTEX_POINT('',#14198);
#4175=VERTEX_POINT('',#14205);
#4176=VERTEX_POINT('',#14207);
#4177=VERTEX_POINT('',#14214);
#4178=VERTEX_POINT('',#14215);
#4179=VERTEX_POINT('',#14217);
#4180=VERTEX_POINT('',#14219);
#4181=VERTEX_POINT('',#14223);
#4182=VERTEX_POINT('',#14224);
#4183=VERTEX_POINT('',#14226);
#4184=VERTEX_POINT('',#14228);
#4185=VERTEX_POINT('',#14232);
#4186=VERTEX_POINT('',#14234);
#4187=VERTEX_POINT('',#14238);
#4188=VERTEX_POINT('',#14240);
#4189=VERTEX_POINT('',#14244);
#4190=VERTEX_POINT('',#14246);
#4191=VERTEX_POINT('',#14253);
#4192=VERTEX_POINT('',#14255);
#4193=VERTEX_POINT('',#14262);
#4194=VERTEX_POINT('',#14263);
#4195=VERTEX_POINT('',#14265);
#4196=VERTEX_POINT('',#14267);
#4197=VERTEX_POINT('',#14271);
#4198=VERTEX_POINT('',#14272);
#4199=VERTEX_POINT('',#14274);
#4200=VERTEX_POINT('',#14276);
#4201=VERTEX_POINT('',#14280);
#4202=VERTEX_POINT('',#14282);
#4203=VERTEX_POINT('',#14286);
#4204=VERTEX_POINT('',#14288);
#4205=VERTEX_POINT('',#14292);
#4206=VERTEX_POINT('',#14294);
#4207=VERTEX_POINT('',#14301);
#4208=VERTEX_POINT('',#14303);
#4209=VERTEX_POINT('',#14310);
#4210=VERTEX_POINT('',#14311);
#4211=VERTEX_POINT('',#14313);
#4212=VERTEX_POINT('',#14315);
#4213=VERTEX_POINT('',#14319);
#4214=VERTEX_POINT('',#14320);
#4215=VERTEX_POINT('',#14322);
#4216=VERTEX_POINT('',#14324);
#4217=VERTEX_POINT('',#14328);
#4218=VERTEX_POINT('',#14330);
#4219=VERTEX_POINT('',#14334);
#4220=VERTEX_POINT('',#14336);
#4221=VERTEX_POINT('',#14340);
#4222=VERTEX_POINT('',#14342);
#4223=VERTEX_POINT('',#14349);
#4224=VERTEX_POINT('',#14351);
#4225=VERTEX_POINT('',#14358);
#4226=VERTEX_POINT('',#14359);
#4227=VERTEX_POINT('',#14361);
#4228=VERTEX_POINT('',#14363);
#4229=VERTEX_POINT('',#14367);
#4230=VERTEX_POINT('',#14368);
#4231=VERTEX_POINT('',#14370);
#4232=VERTEX_POINT('',#14372);
#4233=VERTEX_POINT('',#14376);
#4234=VERTEX_POINT('',#14378);
#4235=VERTEX_POINT('',#14382);
#4236=VERTEX_POINT('',#14384);
#4237=VERTEX_POINT('',#14388);
#4238=VERTEX_POINT('',#14390);
#4239=VERTEX_POINT('',#14397);
#4240=VERTEX_POINT('',#14399);
#4241=VERTEX_POINT('',#14406);
#4242=VERTEX_POINT('',#14407);
#4243=VERTEX_POINT('',#14409);
#4244=VERTEX_POINT('',#14411);
#4245=VERTEX_POINT('',#14415);
#4246=VERTEX_POINT('',#14416);
#4247=VERTEX_POINT('',#14418);
#4248=VERTEX_POINT('',#14420);
#4249=VERTEX_POINT('',#14424);
#4250=VERTEX_POINT('',#14426);
#4251=VERTEX_POINT('',#14430);
#4252=VERTEX_POINT('',#14432);
#4253=VERTEX_POINT('',#14436);
#4254=VERTEX_POINT('',#14438);
#4255=VERTEX_POINT('',#14445);
#4256=VERTEX_POINT('',#14447);
#4257=VERTEX_POINT('',#14454);
#4258=VERTEX_POINT('',#14455);
#4259=VERTEX_POINT('',#14457);
#4260=VERTEX_POINT('',#14459);
#4261=VERTEX_POINT('',#14463);
#4262=VERTEX_POINT('',#14464);
#4263=VERTEX_POINT('',#14466);
#4264=VERTEX_POINT('',#14468);
#4265=VERTEX_POINT('',#14472);
#4266=VERTEX_POINT('',#14474);
#4267=VERTEX_POINT('',#14478);
#4268=VERTEX_POINT('',#14480);
#4269=VERTEX_POINT('',#14484);
#4270=VERTEX_POINT('',#14486);
#4271=VERTEX_POINT('',#14493);
#4272=VERTEX_POINT('',#14495);
#4273=VERTEX_POINT('',#14502);
#4274=VERTEX_POINT('',#14503);
#4275=VERTEX_POINT('',#14505);
#4276=VERTEX_POINT('',#14507);
#4277=VERTEX_POINT('',#14511);
#4278=VERTEX_POINT('',#14512);
#4279=VERTEX_POINT('',#14514);
#4280=VERTEX_POINT('',#14516);
#4281=VERTEX_POINT('',#14520);
#4282=VERTEX_POINT('',#14522);
#4283=VERTEX_POINT('',#14526);
#4284=VERTEX_POINT('',#14528);
#4285=VERTEX_POINT('',#14532);
#4286=VERTEX_POINT('',#14534);
#4287=VERTEX_POINT('',#14541);
#4288=VERTEX_POINT('',#14543);
#4289=VERTEX_POINT('',#14550);
#4290=VERTEX_POINT('',#14551);
#4291=VERTEX_POINT('',#14553);
#4292=VERTEX_POINT('',#14555);
#4293=VERTEX_POINT('',#14559);
#4294=VERTEX_POINT('',#14560);
#4295=VERTEX_POINT('',#14562);
#4296=VERTEX_POINT('',#14564);
#4297=VERTEX_POINT('',#14568);
#4298=VERTEX_POINT('',#14570);
#4299=VERTEX_POINT('',#14574);
#4300=VERTEX_POINT('',#14576);
#4301=VERTEX_POINT('',#14580);
#4302=VERTEX_POINT('',#14582);
#4303=VERTEX_POINT('',#14589);
#4304=VERTEX_POINT('',#14591);
#4305=VERTEX_POINT('',#14598);
#4306=VERTEX_POINT('',#14599);
#4307=VERTEX_POINT('',#14601);
#4308=VERTEX_POINT('',#14603);
#4309=VERTEX_POINT('',#14607);
#4310=VERTEX_POINT('',#14608);
#4311=VERTEX_POINT('',#14610);
#4312=VERTEX_POINT('',#14612);
#4313=VERTEX_POINT('',#14616);
#4314=VERTEX_POINT('',#14618);
#4315=VERTEX_POINT('',#14622);
#4316=VERTEX_POINT('',#14624);
#4317=VERTEX_POINT('',#14628);
#4318=VERTEX_POINT('',#14630);
#4319=VERTEX_POINT('',#14637);
#4320=VERTEX_POINT('',#14639);
#4321=VERTEX_POINT('',#14646);
#4322=VERTEX_POINT('',#14647);
#4323=VERTEX_POINT('',#14649);
#4324=VERTEX_POINT('',#14651);
#4325=VERTEX_POINT('',#14655);
#4326=VERTEX_POINT('',#14656);
#4327=VERTEX_POINT('',#14658);
#4328=VERTEX_POINT('',#14660);
#4329=VERTEX_POINT('',#14664);
#4330=VERTEX_POINT('',#14666);
#4331=VERTEX_POINT('',#14670);
#4332=VERTEX_POINT('',#14672);
#4333=VERTEX_POINT('',#14676);
#4334=VERTEX_POINT('',#14678);
#4335=VERTEX_POINT('',#14685);
#4336=VERTEX_POINT('',#14687);
#4337=VERTEX_POINT('',#14694);
#4338=VERTEX_POINT('',#14695);
#4339=VERTEX_POINT('',#14697);
#4340=VERTEX_POINT('',#14699);
#4341=VERTEX_POINT('',#14703);
#4342=VERTEX_POINT('',#14704);
#4343=VERTEX_POINT('',#14706);
#4344=VERTEX_POINT('',#14708);
#4345=VERTEX_POINT('',#14712);
#4346=VERTEX_POINT('',#14714);
#4347=VERTEX_POINT('',#14718);
#4348=VERTEX_POINT('',#14720);
#4349=VERTEX_POINT('',#14724);
#4350=VERTEX_POINT('',#14726);
#4351=VERTEX_POINT('',#14733);
#4352=VERTEX_POINT('',#14735);
#4353=VERTEX_POINT('',#14742);
#4354=VERTEX_POINT('',#14743);
#4355=VERTEX_POINT('',#14745);
#4356=VERTEX_POINT('',#14747);
#4357=VERTEX_POINT('',#14751);
#4358=VERTEX_POINT('',#14752);
#4359=VERTEX_POINT('',#14754);
#4360=VERTEX_POINT('',#14756);
#4361=VERTEX_POINT('',#14760);
#4362=VERTEX_POINT('',#14762);
#4363=VERTEX_POINT('',#14766);
#4364=VERTEX_POINT('',#14768);
#4365=VERTEX_POINT('',#14772);
#4366=VERTEX_POINT('',#14774);
#4367=VERTEX_POINT('',#14781);
#4368=VERTEX_POINT('',#14783);
#4369=VERTEX_POINT('',#14790);
#4370=VERTEX_POINT('',#14791);
#4371=VERTEX_POINT('',#14793);
#4372=VERTEX_POINT('',#14795);
#4373=VERTEX_POINT('',#14799);
#4374=VERTEX_POINT('',#14800);
#4375=VERTEX_POINT('',#14802);
#4376=VERTEX_POINT('',#14804);
#4377=VERTEX_POINT('',#14808);
#4378=VERTEX_POINT('',#14810);
#4379=VERTEX_POINT('',#14814);
#4380=VERTEX_POINT('',#14816);
#4381=VERTEX_POINT('',#14820);
#4382=VERTEX_POINT('',#14822);
#4383=VERTEX_POINT('',#14829);
#4384=VERTEX_POINT('',#14831);
#4385=VERTEX_POINT('',#14838);
#4386=VERTEX_POINT('',#14839);
#4387=VERTEX_POINT('',#14841);
#4388=VERTEX_POINT('',#14843);
#4389=VERTEX_POINT('',#14847);
#4390=VERTEX_POINT('',#14849);
#4391=VERTEX_POINT('',#14853);
#4392=VERTEX_POINT('',#14855);
#4393=VERTEX_POINT('',#14862);
#4394=VERTEX_POINT('',#14863);
#4395=VERTEX_POINT('',#14865);
#4396=VERTEX_POINT('',#14867);
#4397=VERTEX_POINT('',#14871);
#4398=VERTEX_POINT('',#14873);
#4399=VERTEX_POINT('',#14877);
#4400=VERTEX_POINT('',#14879);
#4401=VERTEX_POINT('',#14886);
#4402=VERTEX_POINT('',#14887);
#4403=VERTEX_POINT('',#14889);
#4404=VERTEX_POINT('',#14891);
#4405=VERTEX_POINT('',#14895);
#4406=VERTEX_POINT('',#14897);
#4407=VERTEX_POINT('',#14901);
#4408=VERTEX_POINT('',#14903);
#4409=VERTEX_POINT('',#14910);
#4410=VERTEX_POINT('',#14911);
#4411=VERTEX_POINT('',#14913);
#4412=VERTEX_POINT('',#14915);
#4413=VERTEX_POINT('',#14919);
#4414=VERTEX_POINT('',#14921);
#4415=VERTEX_POINT('',#14925);
#4416=VERTEX_POINT('',#14927);
#4417=VERTEX_POINT('',#14934);
#4418=VERTEX_POINT('',#14935);
#4419=VERTEX_POINT('',#14937);
#4420=VERTEX_POINT('',#14939);
#4421=VERTEX_POINT('',#14943);
#4422=VERTEX_POINT('',#14945);
#4423=VERTEX_POINT('',#14949);
#4424=VERTEX_POINT('',#14951);
#4425=VERTEX_POINT('',#14958);
#4426=VERTEX_POINT('',#14959);
#4427=VERTEX_POINT('',#14961);
#4428=VERTEX_POINT('',#14963);
#4429=VERTEX_POINT('',#14967);
#4430=VERTEX_POINT('',#14969);
#4431=VERTEX_POINT('',#14973);
#4432=VERTEX_POINT('',#14975);
#4433=VERTEX_POINT('',#14982);
#4434=VERTEX_POINT('',#14983);
#4435=VERTEX_POINT('',#14985);
#4436=VERTEX_POINT('',#14987);
#4437=VERTEX_POINT('',#14991);
#4438=VERTEX_POINT('',#14993);
#4439=VERTEX_POINT('',#14997);
#4440=VERTEX_POINT('',#14999);
#4441=VERTEX_POINT('',#15006);
#4442=VERTEX_POINT('',#15007);
#4443=VERTEX_POINT('',#15009);
#4444=VERTEX_POINT('',#15011);
#4445=VERTEX_POINT('',#15015);
#4446=VERTEX_POINT('',#15017);
#4447=VERTEX_POINT('',#15021);
#4448=VERTEX_POINT('',#15023);
#4449=VERTEX_POINT('',#15030);
#4450=VERTEX_POINT('',#15031);
#4451=VERTEX_POINT('',#15033);
#4452=VERTEX_POINT('',#15035);
#4453=VERTEX_POINT('',#15039);
#4454=VERTEX_POINT('',#15041);
#4455=VERTEX_POINT('',#15045);
#4456=VERTEX_POINT('',#15047);
#4457=VERTEX_POINT('',#15054);
#4458=VERTEX_POINT('',#15055);
#4459=VERTEX_POINT('',#15057);
#4460=VERTEX_POINT('',#15059);
#4461=VERTEX_POINT('',#15063);
#4462=VERTEX_POINT('',#15065);
#4463=VERTEX_POINT('',#15069);
#4464=VERTEX_POINT('',#15071);
#4465=VERTEX_POINT('',#15078);
#4466=VERTEX_POINT('',#15079);
#4467=VERTEX_POINT('',#15081);
#4468=VERTEX_POINT('',#15083);
#4469=VERTEX_POINT('',#15087);
#4470=VERTEX_POINT('',#15089);
#4471=VERTEX_POINT('',#15093);
#4472=VERTEX_POINT('',#15095);
#4473=VERTEX_POINT('',#15102);
#4474=VERTEX_POINT('',#15103);
#4475=VERTEX_POINT('',#15105);
#4476=VERTEX_POINT('',#15107);
#4477=VERTEX_POINT('',#15111);
#4478=VERTEX_POINT('',#15113);
#4479=VERTEX_POINT('',#15117);
#4480=VERTEX_POINT('',#15119);
#4481=VERTEX_POINT('',#15126);
#4482=VERTEX_POINT('',#15127);
#4483=VERTEX_POINT('',#15129);
#4484=VERTEX_POINT('',#15131);
#4485=VERTEX_POINT('',#15135);
#4486=VERTEX_POINT('',#15137);
#4487=VERTEX_POINT('',#15141);
#4488=VERTEX_POINT('',#15143);
#4489=VERTEX_POINT('',#15150);
#4490=VERTEX_POINT('',#15151);
#4491=VERTEX_POINT('',#15153);
#4492=VERTEX_POINT('',#15155);
#4493=VERTEX_POINT('',#15159);
#4494=VERTEX_POINT('',#15161);
#4495=VERTEX_POINT('',#15165);
#4496=VERTEX_POINT('',#15167);
#4497=VERTEX_POINT('',#15174);
#4498=VERTEX_POINT('',#15175);
#4499=VERTEX_POINT('',#15177);
#4500=VERTEX_POINT('',#15179);
#4501=VERTEX_POINT('',#15183);
#4502=VERTEX_POINT('',#15185);
#4503=VERTEX_POINT('',#15189);
#4504=VERTEX_POINT('',#15191);
#4505=VERTEX_POINT('',#15198);
#4506=VERTEX_POINT('',#15199);
#4507=VERTEX_POINT('',#15201);
#4508=VERTEX_POINT('',#15203);
#4509=VERTEX_POINT('',#15207);
#4510=VERTEX_POINT('',#15209);
#4511=VERTEX_POINT('',#15213);
#4512=VERTEX_POINT('',#15215);
#4513=VERTEX_POINT('',#15222);
#4514=VERTEX_POINT('',#15223);
#4515=VERTEX_POINT('',#15225);
#4516=VERTEX_POINT('',#15227);
#4517=VERTEX_POINT('',#15231);
#4518=VERTEX_POINT('',#15233);
#4519=VERTEX_POINT('',#15237);
#4520=VERTEX_POINT('',#15239);
#4521=VERTEX_POINT('',#15246);
#4522=VERTEX_POINT('',#15247);
#4523=VERTEX_POINT('',#15249);
#4524=VERTEX_POINT('',#15251);
#4525=VERTEX_POINT('',#15255);
#4526=VERTEX_POINT('',#15257);
#4527=VERTEX_POINT('',#15261);
#4528=VERTEX_POINT('',#15263);
#4529=VERTEX_POINT('',#15270);
#4530=VERTEX_POINT('',#15271);
#4531=VERTEX_POINT('',#15273);
#4532=VERTEX_POINT('',#15275);
#4533=VERTEX_POINT('',#15279);
#4534=VERTEX_POINT('',#15281);
#4535=VERTEX_POINT('',#15285);
#4536=VERTEX_POINT('',#15287);
#4537=VERTEX_POINT('',#15294);
#4538=VERTEX_POINT('',#15295);
#4539=VERTEX_POINT('',#15297);
#4540=VERTEX_POINT('',#15299);
#4541=VERTEX_POINT('',#15303);
#4542=VERTEX_POINT('',#15305);
#4543=VERTEX_POINT('',#15309);
#4544=VERTEX_POINT('',#15311);
#4545=VERTEX_POINT('',#15318);
#4546=VERTEX_POINT('',#15319);
#4547=VERTEX_POINT('',#15321);
#4548=VERTEX_POINT('',#15323);
#4549=VERTEX_POINT('',#15327);
#4550=VERTEX_POINT('',#15329);
#4551=VERTEX_POINT('',#15333);
#4552=VERTEX_POINT('',#15335);
#4553=VERTEX_POINT('',#15342);
#4554=VERTEX_POINT('',#15343);
#4555=VERTEX_POINT('',#15345);
#4556=VERTEX_POINT('',#15347);
#4557=VERTEX_POINT('',#15351);
#4558=VERTEX_POINT('',#15353);
#4559=VERTEX_POINT('',#15357);
#4560=VERTEX_POINT('',#15359);
#4561=VERTEX_POINT('',#15366);
#4562=VERTEX_POINT('',#15367);
#4563=VERTEX_POINT('',#15369);
#4564=VERTEX_POINT('',#15371);
#4565=VERTEX_POINT('',#15375);
#4566=VERTEX_POINT('',#15377);
#4567=VERTEX_POINT('',#15381);
#4568=VERTEX_POINT('',#15383);
#4569=VERTEX_POINT('',#15390);
#4570=VERTEX_POINT('',#15391);
#4571=VERTEX_POINT('',#15393);
#4572=VERTEX_POINT('',#15395);
#4573=VERTEX_POINT('',#15399);
#4574=VERTEX_POINT('',#15401);
#4575=VERTEX_POINT('',#15405);
#4576=VERTEX_POINT('',#15407);
#4577=VERTEX_POINT('',#15414);
#4578=VERTEX_POINT('',#15415);
#4579=VERTEX_POINT('',#15417);
#4580=VERTEX_POINT('',#15419);
#4581=VERTEX_POINT('',#15423);
#4582=VERTEX_POINT('',#15425);
#4583=VERTEX_POINT('',#15429);
#4584=VERTEX_POINT('',#15431);
#4585=VERTEX_POINT('',#15438);
#4586=VERTEX_POINT('',#15439);
#4587=VERTEX_POINT('',#15441);
#4588=VERTEX_POINT('',#15443);
#4589=VERTEX_POINT('',#15447);
#4590=VERTEX_POINT('',#15449);
#4591=VERTEX_POINT('',#15453);
#4592=VERTEX_POINT('',#15455);
#4593=VERTEX_POINT('',#15462);
#4594=VERTEX_POINT('',#15463);
#4595=VERTEX_POINT('',#15465);
#4596=VERTEX_POINT('',#15467);
#4597=VERTEX_POINT('',#15471);
#4598=VERTEX_POINT('',#15473);
#4599=VERTEX_POINT('',#15477);
#4600=VERTEX_POINT('',#15479);
#4601=VERTEX_POINT('',#15486);
#4602=VERTEX_POINT('',#15487);
#4603=VERTEX_POINT('',#15489);
#4604=VERTEX_POINT('',#15491);
#4605=VERTEX_POINT('',#15495);
#4606=VERTEX_POINT('',#15497);
#4607=VERTEX_POINT('',#15501);
#4608=VERTEX_POINT('',#15503);
#4609=VERTEX_POINT('',#15510);
#4610=VERTEX_POINT('',#15511);
#4611=VERTEX_POINT('',#15513);
#4612=VERTEX_POINT('',#15515);
#4613=VERTEX_POINT('',#15519);
#4614=VERTEX_POINT('',#15521);
#4615=VERTEX_POINT('',#15525);
#4616=VERTEX_POINT('',#15527);
#4617=VERTEX_POINT('',#15534);
#4618=VERTEX_POINT('',#15535);
#4619=VERTEX_POINT('',#15537);
#4620=VERTEX_POINT('',#15539);
#4621=VERTEX_POINT('',#15543);
#4622=VERTEX_POINT('',#15545);
#4623=VERTEX_POINT('',#15549);
#4624=VERTEX_POINT('',#15551);
#4625=VERTEX_POINT('',#15558);
#4626=VERTEX_POINT('',#15559);
#4627=VERTEX_POINT('',#15561);
#4628=VERTEX_POINT('',#15563);
#4629=VERTEX_POINT('',#15567);
#4630=VERTEX_POINT('',#15569);
#4631=VERTEX_POINT('',#15573);
#4632=VERTEX_POINT('',#15575);
#4633=VERTEX_POINT('',#15582);
#4634=VERTEX_POINT('',#15583);
#4635=VERTEX_POINT('',#15585);
#4636=VERTEX_POINT('',#15587);
#4637=VERTEX_POINT('',#15591);
#4638=VERTEX_POINT('',#15593);
#4639=VERTEX_POINT('',#15597);
#4640=VERTEX_POINT('',#15599);
#4641=VERTEX_POINT('',#15606);
#4642=VERTEX_POINT('',#15607);
#4643=VERTEX_POINT('',#15609);
#4644=VERTEX_POINT('',#15611);
#4645=VERTEX_POINT('',#15615);
#4646=VERTEX_POINT('',#15617);
#4647=VERTEX_POINT('',#15621);
#4648=VERTEX_POINT('',#15623);
#4649=VERTEX_POINT('',#15630);
#4650=VERTEX_POINT('',#15631);
#4651=VERTEX_POINT('',#15633);
#4652=VERTEX_POINT('',#15635);
#4653=VERTEX_POINT('',#15639);
#4654=VERTEX_POINT('',#15641);
#4655=VERTEX_POINT('',#15645);
#4656=VERTEX_POINT('',#15647);
#4657=VERTEX_POINT('',#15654);
#4658=VERTEX_POINT('',#15655);
#4659=VERTEX_POINT('',#15657);
#4660=VERTEX_POINT('',#15659);
#4661=VERTEX_POINT('',#15663);
#4662=VERTEX_POINT('',#15665);
#4663=VERTEX_POINT('',#15669);
#4664=VERTEX_POINT('',#15671);
#4665=VERTEX_POINT('',#15678);
#4666=VERTEX_POINT('',#15679);
#4667=VERTEX_POINT('',#15681);
#4668=VERTEX_POINT('',#15683);
#4669=VERTEX_POINT('',#15687);
#4670=VERTEX_POINT('',#15689);
#4671=VERTEX_POINT('',#15693);
#4672=VERTEX_POINT('',#15695);
#4673=VERTEX_POINT('',#15702);
#4674=VERTEX_POINT('',#15703);
#4675=VERTEX_POINT('',#15705);
#4676=VERTEX_POINT('',#15707);
#4677=VERTEX_POINT('',#15711);
#4678=VERTEX_POINT('',#15713);
#4679=VERTEX_POINT('',#15717);
#4680=VERTEX_POINT('',#15719);
#4681=VERTEX_POINT('',#15726);
#4682=VERTEX_POINT('',#15727);
#4683=VERTEX_POINT('',#15729);
#4684=VERTEX_POINT('',#15731);
#4685=VERTEX_POINT('',#15735);
#4686=VERTEX_POINT('',#15737);
#4687=VERTEX_POINT('',#15741);
#4688=VERTEX_POINT('',#15743);
#4689=VERTEX_POINT('',#15750);
#4690=VERTEX_POINT('',#15751);
#4691=VERTEX_POINT('',#15753);
#4692=VERTEX_POINT('',#15755);
#4693=VERTEX_POINT('',#15759);
#4694=VERTEX_POINT('',#15761);
#4695=VERTEX_POINT('',#15765);
#4696=VERTEX_POINT('',#15767);
#4697=VERTEX_POINT('',#15774);
#4698=VERTEX_POINT('',#15775);
#4699=VERTEX_POINT('',#15777);
#4700=VERTEX_POINT('',#15779);
#4701=VERTEX_POINT('',#15783);
#4702=VERTEX_POINT('',#15785);
#4703=VERTEX_POINT('',#15789);
#4704=VERTEX_POINT('',#15791);
#4705=VERTEX_POINT('',#15798);
#4706=VERTEX_POINT('',#15799);
#4707=VERTEX_POINT('',#15801);
#4708=VERTEX_POINT('',#15803);
#4709=VERTEX_POINT('',#15807);
#4710=VERTEX_POINT('',#15809);
#4711=VERTEX_POINT('',#15813);
#4712=VERTEX_POINT('',#15815);
#4713=VERTEX_POINT('',#15822);
#4714=VERTEX_POINT('',#15823);
#4715=VERTEX_POINT('',#15825);
#4716=VERTEX_POINT('',#15827);
#4717=VERTEX_POINT('',#15831);
#4718=VERTEX_POINT('',#15833);
#4719=VERTEX_POINT('',#15837);
#4720=VERTEX_POINT('',#15839);
#4721=VERTEX_POINT('',#15846);
#4722=VERTEX_POINT('',#15847);
#4723=VERTEX_POINT('',#15849);
#4724=VERTEX_POINT('',#15851);
#4725=VERTEX_POINT('',#15855);
#4726=VERTEX_POINT('',#15857);
#4727=VERTEX_POINT('',#15861);
#4728=VERTEX_POINT('',#15863);
#4729=VERTEX_POINT('',#15870);
#4730=VERTEX_POINT('',#15871);
#4731=VERTEX_POINT('',#15873);
#4732=VERTEX_POINT('',#15875);
#4733=VERTEX_POINT('',#15879);
#4734=VERTEX_POINT('',#15881);
#4735=VERTEX_POINT('',#15885);
#4736=VERTEX_POINT('',#15887);
#4737=VERTEX_POINT('',#15915);
#4738=VERTEX_POINT('',#15919);
#4739=VERTEX_POINT('',#15925);
#4740=VERTEX_POINT('',#15929);
#4741=VERTEX_POINT('',#15935);
#4742=VERTEX_POINT('',#15937);
#4743=VERTEX_POINT('',#15941);
#4744=VERTEX_POINT('',#15945);
#4745=VERTEX_POINT('',#15949);
#4746=VERTEX_POINT('',#15953);
#4747=VERTEX_POINT('',#15957);
#4748=VERTEX_POINT('',#15961);
#4749=EDGE_CURVE('',#3847,#3847,#3407,.T.);
#4750=EDGE_CURVE('',#3848,#3848,#3408,.T.);
#4751=EDGE_CURVE('',#3848,#3849,#244,.T.);
#4752=EDGE_CURVE('',#3849,#3849,#3409,.T.);
#4753=EDGE_CURVE('',#3850,#3850,#3410,.T.);
#4754=EDGE_CURVE('',#3851,#3852,#3411,.T.);
#4755=EDGE_CURVE('',#3853,#3851,#245,.T.);
#4756=EDGE_CURVE('',#3854,#3853,#3412,.T.);
#4757=EDGE_CURVE('',#3854,#3852,#246,.T.);
#4758=EDGE_CURVE('',#3855,#3851,#247,.T.);
#4759=EDGE_CURVE('',#3856,#3855,#248,.T.);
#4760=EDGE_CURVE('',#3857,#3856,#249,.T.);
#4761=EDGE_CURVE('',#3853,#3857,#250,.T.);
#4762=EDGE_CURVE('',#3852,#3858,#251,.T.);
#4763=EDGE_CURVE('',#3854,#3859,#252,.T.);
#4764=EDGE_CURVE('',#3859,#3860,#253,.T.);
#4765=EDGE_CURVE('',#3860,#3858,#254,.T.);
#4766=EDGE_CURVE('',#3859,#3857,#3413,.T.);
#4767=EDGE_CURVE('',#3861,#3862,#3414,.T.);
#4768=EDGE_CURVE('',#3863,#3861,#255,.T.);
#4769=EDGE_CURVE('',#3864,#3863,#3415,.T.);
#4770=EDGE_CURVE('',#3865,#3864,#256,.T.);
#4771=EDGE_CURVE('',#3866,#3865,#3416,.T.);
#4772=EDGE_CURVE('',#3867,#3866,#257,.T.);
#4773=EDGE_CURVE('',#3868,#3867,#3417,.T.);
#4774=EDGE_CURVE('',#3862,#3868,#258,.T.);
#4775=EDGE_CURVE('',#3869,#3857,#259,.T.);
#4776=EDGE_CURVE('',#3870,#3869,#3418,.T.);
#4777=EDGE_CURVE('',#3870,#3859,#260,.T.);
#4778=EDGE_CURVE('',#3871,#3872,#3419,.T.);
#4779=EDGE_CURVE('',#3873,#3872,#19,.F.);
#4780=EDGE_CURVE('',#3874,#3873,#20,.F.);
#4781=EDGE_CURVE('',#3874,#3875,#3420,.T.);
#4782=EDGE_CURVE('',#3876,#3875,#21,.F.);
#4783=EDGE_CURVE('',#3871,#3876,#22,.F.);
#4784=EDGE_CURVE('',#3877,#3878,#23,.T.);
#4785=EDGE_CURVE('',#3879,#3877,#3421,.T.);
#4786=EDGE_CURVE('',#3880,#3879,#24,.T.);
#4787=EDGE_CURVE('',#3881,#3880,#261,.T.);
#4788=EDGE_CURVE('',#3881,#3882,#3422,.T.);
#4789=EDGE_CURVE('',#3882,#3878,#262,.T.);
#4790=EDGE_CURVE('',#3883,#3880,#263,.T.);
#4791=EDGE_CURVE('',#3884,#3883,#264,.T.);
#4792=EDGE_CURVE('',#3881,#3884,#265,.T.);
#4793=EDGE_CURVE('',#3847,#3850,#266,.T.);
#4794=EDGE_CURVE('',#3885,#3878,#267,.T.);
#4795=EDGE_CURVE('',#3886,#3882,#268,.T.);
#4796=EDGE_CURVE('',#3886,#3885,#269,.T.);
#4797=EDGE_CURVE('',#3886,#3884,#3423,.T.);
#4798=EDGE_CURVE('',#3887,#3884,#270,.T.);
#4799=EDGE_CURVE('',#3888,#3887,#3424,.T.);
#4800=EDGE_CURVE('',#3888,#3886,#271,.T.);
#4801=EDGE_CURVE('',#3889,#3890,#3425,.T.);
#4802=EDGE_CURVE('',#3891,#3890,#25,.F.);
#4803=EDGE_CURVE('',#3892,#3891,#26,.F.);
#4804=EDGE_CURVE('',#3892,#3893,#3426,.T.);
#4805=EDGE_CURVE('',#3893,#3894,#27,.T.);
#4806=EDGE_CURVE('',#3894,#3895,#272,.T.);
#4807=EDGE_CURVE('',#3889,#3895,#28,.F.);
#4808=EDGE_CURVE('',#3896,#3863,#273,.T.);
#4809=EDGE_CURVE('',#3896,#3897,#3427,.T.);
#4810=EDGE_CURVE('',#3897,#3864,#274,.T.);
#4811=EDGE_CURVE('',#3898,#3899,#3428,.T.);
#4812=EDGE_CURVE('',#3900,#3898,#275,.T.);
#4813=EDGE_CURVE('',#3901,#3900,#3429,.T.);
#4814=EDGE_CURVE('',#3901,#3899,#276,.T.);
#4815=EDGE_CURVE('',#3902,#3898,#277,.T.);
#4816=EDGE_CURVE('',#3903,#3902,#278,.T.);
#4817=EDGE_CURVE('',#3904,#3903,#279,.T.);
#4818=EDGE_CURVE('',#3900,#3904,#280,.T.);
#4819=EDGE_CURVE('',#3899,#3905,#281,.T.);
#4820=EDGE_CURVE('',#3901,#3906,#282,.T.);
#4821=EDGE_CURVE('',#3906,#3907,#283,.T.);
#4822=EDGE_CURVE('',#3905,#3907,#284,.T.);
#4823=EDGE_CURVE('',#3906,#3904,#3430,.T.);
#4824=EDGE_CURVE('',#3867,#3908,#285,.T.);
#4825=EDGE_CURVE('',#3908,#3909,#3431,.T.);
#4826=EDGE_CURVE('',#3909,#3868,#286,.T.);
#4827=EDGE_CURVE('',#3910,#3904,#287,.T.);
#4828=EDGE_CURVE('',#3911,#3910,#3432,.T.);
#4829=EDGE_CURVE('',#3911,#3906,#288,.T.);
#4830=EDGE_CURVE('',#3912,#3913,#3433,.T.);
#4831=EDGE_CURVE('',#3914,#3913,#29,.F.);
#4832=EDGE_CURVE('',#3915,#3914,#30,.F.);
#4833=EDGE_CURVE('',#3915,#3916,#3434,.T.);
#4834=EDGE_CURVE('',#3917,#3916,#31,.F.);
#4835=EDGE_CURVE('',#3912,#3917,#32,.F.);
#4836=EDGE_CURVE('',#3918,#3919,#3435,.T.);
#4837=EDGE_CURVE('',#3920,#3918,#289,.T.);
#4838=EDGE_CURVE('',#3921,#3920,#3436,.T.);
#4839=EDGE_CURVE('',#3921,#3919,#290,.T.);
#4840=EDGE_CURVE('',#3922,#3918,#291,.T.);
#4841=EDGE_CURVE('',#3923,#3922,#292,.T.);
#4842=EDGE_CURVE('',#3924,#3923,#293,.T.);
#4843=EDGE_CURVE('',#3920,#3924,#294,.T.);
#4844=EDGE_CURVE('',#3919,#3925,#295,.T.);
#4845=EDGE_CURVE('',#3921,#3926,#296,.T.);
#4846=EDGE_CURVE('',#3926,#3927,#297,.T.);
#4847=EDGE_CURVE('',#3927,#3925,#298,.T.);
#4848=EDGE_CURVE('',#3926,#3924,#3437,.T.);
#4849=EDGE_CURVE('',#3928,#3924,#299,.T.);
#4850=EDGE_CURVE('',#3929,#3928,#3438,.T.);
#4851=EDGE_CURVE('',#3929,#3926,#300,.T.);
#4852=EDGE_CURVE('',#3930,#3931,#3439,.T.);
#4853=EDGE_CURVE('',#3932,#3931,#33,.F.);
#4854=EDGE_CURVE('',#3933,#3932,#34,.F.);
#4855=EDGE_CURVE('',#3933,#3934,#3440,.T.);
#4856=EDGE_CURVE('',#3935,#3934,#35,.F.);
#4857=EDGE_CURVE('',#3930,#3935,#36,.F.);
#4858=EDGE_CURVE('',#3872,#3871,#301,.T.);
#4859=EDGE_CURVE('',#3873,#3876,#302,.T.);
#4860=EDGE_CURVE('',#3875,#3874,#303,.T.);
#4861=EDGE_CURVE('',#3917,#3914,#304,.T.);
#4862=EDGE_CURVE('',#3916,#3915,#305,.T.);
#4863=EDGE_CURVE('',#3913,#3912,#306,.T.);
#4864=EDGE_CURVE('',#3895,#3936,#307,.T.);
#4865=EDGE_CURVE('',#3891,#3936,#308,.T.);
#4866=EDGE_CURVE('',#3890,#3889,#309,.T.);
#4867=EDGE_CURVE('',#3936,#3894,#310,.T.);
#4868=EDGE_CURVE('',#3893,#3892,#311,.T.);
#4869=EDGE_CURVE('',#3932,#3935,#312,.T.);
#4870=EDGE_CURVE('',#3931,#3930,#313,.T.);
#4871=EDGE_CURVE('',#3934,#3933,#314,.T.);
#4872=EDGE_CURVE('',#3937,#3938,#315,.T.);
#4873=EDGE_CURVE('',#3939,#3937,#316,.T.);
#4874=EDGE_CURVE('',#3940,#3939,#317,.T.);
#4875=EDGE_CURVE('',#3940,#3938,#318,.T.);
#4876=EDGE_CURVE('',#3941,#3942,#319,.T.);
#4877=EDGE_CURVE('',#3941,#3943,#320,.T.);
#4878=EDGE_CURVE('',#3944,#3943,#321,.T.);
#4879=EDGE_CURVE('',#3942,#3944,#322,.T.);
#4880=EDGE_CURVE('',#3945,#3937,#3441,.T.);
#4881=EDGE_CURVE('',#3946,#3945,#323,.T.);
#4882=EDGE_CURVE('',#3939,#3946,#3442,.T.);
#4883=EDGE_CURVE('',#3942,#3947,#3443,.T.);
#4884=EDGE_CURVE('',#3948,#3944,#3444,.T.);
#4885=EDGE_CURVE('',#3947,#3948,#324,.T.);
#4886=EDGE_CURVE('',#3938,#3949,#3445,.T.);
#4887=EDGE_CURVE('',#3950,#3940,#3446,.T.);
#4888=EDGE_CURVE('',#3950,#3949,#325,.T.);
#4889=EDGE_CURVE('',#3949,#3945,#326,.T.);
#4890=EDGE_CURVE('',#3946,#3950,#327,.T.);
#4891=EDGE_CURVE('',#3947,#3951,#328,.T.);
#4892=EDGE_CURVE('',#3952,#3948,#329,.T.);
#4893=EDGE_CURVE('',#3951,#3952,#330,.T.);
#4894=EDGE_CURVE('',#3951,#3941,#3447,.T.);
#4895=EDGE_CURVE('',#3943,#3952,#3448,.T.);
#4896=EDGE_CURVE('',#3953,#3954,#331,.T.);
#4897=EDGE_CURVE('',#3955,#3953,#332,.T.);
#4898=EDGE_CURVE('',#3956,#3955,#333,.T.);
#4899=EDGE_CURVE('',#3956,#3954,#334,.T.);
#4900=EDGE_CURVE('',#3957,#3958,#335,.T.);
#4901=EDGE_CURVE('',#3957,#3959,#336,.T.);
#4902=EDGE_CURVE('',#3960,#3959,#337,.T.);
#4903=EDGE_CURVE('',#3958,#3960,#338,.T.);
#4904=EDGE_CURVE('',#3961,#3953,#3449,.T.);
#4905=EDGE_CURVE('',#3962,#3961,#339,.T.);
#4906=EDGE_CURVE('',#3955,#3962,#3450,.T.);
#4907=EDGE_CURVE('',#3958,#3963,#3451,.T.);
#4908=EDGE_CURVE('',#3964,#3960,#3452,.T.);
#4909=EDGE_CURVE('',#3963,#3964,#340,.T.);
#4910=EDGE_CURVE('',#3954,#3965,#3453,.T.);
#4911=EDGE_CURVE('',#3966,#3956,#3454,.T.);
#4912=EDGE_CURVE('',#3966,#3965,#341,.T.);
#4913=EDGE_CURVE('',#3965,#3961,#342,.T.);
#4914=EDGE_CURVE('',#3962,#3966,#343,.T.);
#4915=EDGE_CURVE('',#3963,#3967,#344,.T.);
#4916=EDGE_CURVE('',#3968,#3964,#345,.T.);
#4917=EDGE_CURVE('',#3967,#3968,#346,.T.);
#4918=EDGE_CURVE('',#3967,#3957,#3455,.T.);
#4919=EDGE_CURVE('',#3959,#3968,#3456,.T.);
#4920=EDGE_CURVE('',#3969,#3970,#3457,.T.);
#4921=EDGE_CURVE('',#3971,#3969,#347,.T.);
#4922=EDGE_CURVE('',#3972,#3971,#3458,.T.);
#4923=EDGE_CURVE('',#3972,#3970,#348,.T.);
#4924=EDGE_CURVE('',#3973,#3974,#3459,.T.);
#4925=EDGE_CURVE('',#3973,#3975,#349,.T.);
#4926=EDGE_CURVE('',#3976,#3975,#3460,.T.);
#4927=EDGE_CURVE('',#3974,#3976,#350,.T.);
#4928=EDGE_CURVE('',#3977,#3969,#351,.T.);
#4929=EDGE_CURVE('',#3978,#3977,#352,.T.);
#4930=EDGE_CURVE('',#3971,#3978,#353,.T.);
#4931=EDGE_CURVE('',#3974,#3979,#354,.T.);
#4932=EDGE_CURVE('',#3980,#3976,#355,.T.);
#4933=EDGE_CURVE('',#3979,#3980,#356,.T.);
#4934=EDGE_CURVE('',#3970,#3981,#357,.T.);
#4935=EDGE_CURVE('',#3982,#3972,#358,.T.);
#4936=EDGE_CURVE('',#3982,#3981,#359,.T.);
#4937=EDGE_CURVE('',#3981,#3977,#3461,.T.);
#4938=EDGE_CURVE('',#3978,#3982,#3462,.T.);
#4939=EDGE_CURVE('',#3979,#3983,#3463,.T.);
#4940=EDGE_CURVE('',#3984,#3980,#3464,.T.);
#4941=EDGE_CURVE('',#3983,#3984,#360,.T.);
#4942=EDGE_CURVE('',#3983,#3973,#361,.T.);
#4943=EDGE_CURVE('',#3975,#3984,#362,.T.);
#4944=EDGE_CURVE('',#3985,#3986,#363,.T.);
#4945=EDGE_CURVE('',#3987,#3985,#364,.T.);
#4946=EDGE_CURVE('',#3988,#3987,#365,.T.);
#4947=EDGE_CURVE('',#3988,#3986,#366,.T.);
#4948=EDGE_CURVE('',#3989,#3990,#367,.T.);
#4949=EDGE_CURVE('',#3989,#3991,#368,.T.);
#4950=EDGE_CURVE('',#3992,#3991,#369,.T.);
#4951=EDGE_CURVE('',#3990,#3992,#370,.T.);
#4952=EDGE_CURVE('',#3993,#3985,#3465,.T.);
#4953=EDGE_CURVE('',#3994,#3993,#371,.T.);
#4954=EDGE_CURVE('',#3987,#3994,#3466,.T.);
#4955=EDGE_CURVE('',#3990,#3995,#3467,.T.);
#4956=EDGE_CURVE('',#3996,#3992,#3468,.T.);
#4957=EDGE_CURVE('',#3995,#3996,#372,.T.);
#4958=EDGE_CURVE('',#3986,#3997,#3469,.T.);
#4959=EDGE_CURVE('',#3998,#3988,#3470,.T.);
#4960=EDGE_CURVE('',#3998,#3997,#373,.T.);
#4961=EDGE_CURVE('',#3997,#3993,#374,.T.);
#4962=EDGE_CURVE('',#3994,#3998,#375,.T.);
#4963=EDGE_CURVE('',#3995,#3999,#376,.T.);
#4964=EDGE_CURVE('',#4000,#3996,#377,.T.);
#4965=EDGE_CURVE('',#3999,#4000,#378,.T.);
#4966=EDGE_CURVE('',#3999,#3989,#3471,.T.);
#4967=EDGE_CURVE('',#3991,#4000,#3472,.T.);
#4968=EDGE_CURVE('',#4001,#4002,#3473,.T.);
#4969=EDGE_CURVE('',#4003,#4001,#379,.T.);
#4970=EDGE_CURVE('',#4004,#4003,#3474,.T.);
#4971=EDGE_CURVE('',#4004,#4002,#380,.T.);
#4972=EDGE_CURVE('',#4005,#4006,#3475,.T.);
#4973=EDGE_CURVE('',#4005,#4007,#381,.T.);
#4974=EDGE_CURVE('',#4008,#4007,#3476,.T.);
#4975=EDGE_CURVE('',#4006,#4008,#382,.T.);
#4976=EDGE_CURVE('',#4009,#4001,#383,.T.);
#4977=EDGE_CURVE('',#4010,#4009,#384,.T.);
#4978=EDGE_CURVE('',#4003,#4010,#385,.T.);
#4979=EDGE_CURVE('',#4006,#4011,#386,.T.);
#4980=EDGE_CURVE('',#4012,#4008,#387,.T.);
#4981=EDGE_CURVE('',#4011,#4012,#388,.T.);
#4982=EDGE_CURVE('',#4002,#4013,#389,.T.);
#4983=EDGE_CURVE('',#4014,#4004,#390,.T.);
#4984=EDGE_CURVE('',#4014,#4013,#391,.T.);
#4985=EDGE_CURVE('',#4013,#4009,#3477,.T.);
#4986=EDGE_CURVE('',#4010,#4014,#3478,.T.);
#4987=EDGE_CURVE('',#4011,#4015,#3479,.T.);
#4988=EDGE_CURVE('',#4016,#4012,#3480,.T.);
#4989=EDGE_CURVE('',#4015,#4016,#392,.T.);
#4990=EDGE_CURVE('',#4015,#4005,#393,.T.);
#4991=EDGE_CURVE('',#4007,#4016,#394,.T.);
#4992=EDGE_CURVE('',#4017,#4018,#3481,.T.);
#4993=EDGE_CURVE('',#4019,#4017,#395,.T.);
#4994=EDGE_CURVE('',#4020,#4019,#3482,.T.);
#4995=EDGE_CURVE('',#4020,#4018,#396,.T.);
#4996=EDGE_CURVE('',#4021,#4022,#3483,.T.);
#4997=EDGE_CURVE('',#4021,#4023,#397,.T.);
#4998=EDGE_CURVE('',#4024,#4023,#3484,.T.);
#4999=EDGE_CURVE('',#4022,#4024,#398,.T.);
#5000=EDGE_CURVE('',#4025,#4017,#399,.T.);
#5001=EDGE_CURVE('',#4026,#4025,#400,.T.);
#5002=EDGE_CURVE('',#4019,#4026,#401,.T.);
#5003=EDGE_CURVE('',#4022,#4027,#402,.T.);
#5004=EDGE_CURVE('',#4028,#4024,#403,.T.);
#5005=EDGE_CURVE('',#4027,#4028,#404,.T.);
#5006=EDGE_CURVE('',#4018,#4029,#405,.T.);
#5007=EDGE_CURVE('',#4030,#4020,#406,.T.);
#5008=EDGE_CURVE('',#4030,#4029,#407,.T.);
#5009=EDGE_CURVE('',#4029,#4025,#3485,.T.);
#5010=EDGE_CURVE('',#4026,#4030,#3486,.T.);
#5011=EDGE_CURVE('',#4027,#4031,#3487,.T.);
#5012=EDGE_CURVE('',#4032,#4028,#3488,.T.);
#5013=EDGE_CURVE('',#4031,#4032,#408,.T.);
#5014=EDGE_CURVE('',#4031,#4021,#409,.T.);
#5015=EDGE_CURVE('',#4023,#4032,#410,.T.);
#5016=EDGE_CURVE('',#4033,#4034,#3489,.T.);
#5017=EDGE_CURVE('',#4035,#4033,#411,.T.);
#5018=EDGE_CURVE('',#4036,#4035,#3490,.T.);
#5019=EDGE_CURVE('',#4036,#4034,#412,.T.);
#5020=EDGE_CURVE('',#4037,#4038,#3491,.T.);
#5021=EDGE_CURVE('',#4037,#4039,#413,.T.);
#5022=EDGE_CURVE('',#4040,#4039,#3492,.T.);
#5023=EDGE_CURVE('',#4038,#4040,#414,.T.);
#5024=EDGE_CURVE('',#4041,#4033,#415,.T.);
#5025=EDGE_CURVE('',#4042,#4041,#416,.T.);
#5026=EDGE_CURVE('',#4035,#4042,#417,.T.);
#5027=EDGE_CURVE('',#4038,#4043,#418,.T.);
#5028=EDGE_CURVE('',#4044,#4040,#419,.T.);
#5029=EDGE_CURVE('',#4043,#4044,#420,.T.);
#5030=EDGE_CURVE('',#4034,#4045,#421,.T.);
#5031=EDGE_CURVE('',#4046,#4036,#422,.T.);
#5032=EDGE_CURVE('',#4046,#4045,#423,.T.);
#5033=EDGE_CURVE('',#4045,#4041,#3493,.T.);
#5034=EDGE_CURVE('',#4042,#4046,#3494,.T.);
#5035=EDGE_CURVE('',#4043,#4047,#3495,.T.);
#5036=EDGE_CURVE('',#4048,#4044,#3496,.T.);
#5037=EDGE_CURVE('',#4047,#4048,#424,.T.);
#5038=EDGE_CURVE('',#4047,#4037,#425,.T.);
#5039=EDGE_CURVE('',#4039,#4048,#426,.T.);
#5040=EDGE_CURVE('',#4049,#4050,#3497,.T.);
#5041=EDGE_CURVE('',#4051,#4049,#427,.T.);
#5042=EDGE_CURVE('',#4052,#4051,#3498,.T.);
#5043=EDGE_CURVE('',#4052,#4050,#428,.T.);
#5044=EDGE_CURVE('',#4053,#4054,#3499,.T.);
#5045=EDGE_CURVE('',#4053,#4055,#429,.T.);
#5046=EDGE_CURVE('',#4056,#4055,#3500,.T.);
#5047=EDGE_CURVE('',#4054,#4056,#430,.T.);
#5048=EDGE_CURVE('',#4057,#4049,#431,.T.);
#5049=EDGE_CURVE('',#4058,#4057,#432,.T.);
#5050=EDGE_CURVE('',#4051,#4058,#433,.T.);
#5051=EDGE_CURVE('',#4054,#4059,#434,.T.);
#5052=EDGE_CURVE('',#4060,#4056,#435,.T.);
#5053=EDGE_CURVE('',#4059,#4060,#436,.T.);
#5054=EDGE_CURVE('',#4050,#4061,#437,.T.);
#5055=EDGE_CURVE('',#4062,#4052,#438,.T.);
#5056=EDGE_CURVE('',#4062,#4061,#439,.T.);
#5057=EDGE_CURVE('',#4061,#4057,#3501,.T.);
#5058=EDGE_CURVE('',#4058,#4062,#3502,.T.);
#5059=EDGE_CURVE('',#4059,#4063,#3503,.T.);
#5060=EDGE_CURVE('',#4064,#4060,#3504,.T.);
#5061=EDGE_CURVE('',#4063,#4064,#440,.T.);
#5062=EDGE_CURVE('',#4063,#4053,#441,.T.);
#5063=EDGE_CURVE('',#4055,#4064,#442,.T.);
#5064=EDGE_CURVE('',#4065,#4066,#3505,.T.);
#5065=EDGE_CURVE('',#4067,#4065,#443,.T.);
#5066=EDGE_CURVE('',#4068,#4067,#3506,.T.);
#5067=EDGE_CURVE('',#4068,#4066,#444,.T.);
#5068=EDGE_CURVE('',#4069,#4070,#3507,.T.);
#5069=EDGE_CURVE('',#4069,#4071,#445,.T.);
#5070=EDGE_CURVE('',#4072,#4071,#3508,.T.);
#5071=EDGE_CURVE('',#4070,#4072,#446,.T.);
#5072=EDGE_CURVE('',#4073,#4065,#447,.T.);
#5073=EDGE_CURVE('',#4074,#4073,#448,.T.);
#5074=EDGE_CURVE('',#4067,#4074,#449,.T.);
#5075=EDGE_CURVE('',#4070,#4075,#450,.T.);
#5076=EDGE_CURVE('',#4076,#4072,#451,.T.);
#5077=EDGE_CURVE('',#4075,#4076,#452,.T.);
#5078=EDGE_CURVE('',#4066,#4077,#453,.T.);
#5079=EDGE_CURVE('',#4078,#4068,#454,.T.);
#5080=EDGE_CURVE('',#4078,#4077,#455,.T.);
#5081=EDGE_CURVE('',#4077,#4073,#3509,.T.);
#5082=EDGE_CURVE('',#4074,#4078,#3510,.T.);
#5083=EDGE_CURVE('',#4075,#4079,#3511,.T.);
#5084=EDGE_CURVE('',#4080,#4076,#3512,.T.);
#5085=EDGE_CURVE('',#4079,#4080,#456,.T.);
#5086=EDGE_CURVE('',#4079,#4069,#457,.T.);
#5087=EDGE_CURVE('',#4071,#4080,#458,.T.);
#5088=EDGE_CURVE('',#4081,#4082,#3513,.T.);
#5089=EDGE_CURVE('',#4083,#4081,#459,.T.);
#5090=EDGE_CURVE('',#4084,#4083,#3514,.T.);
#5091=EDGE_CURVE('',#4084,#4082,#460,.T.);
#5092=EDGE_CURVE('',#4085,#4086,#3515,.T.);
#5093=EDGE_CURVE('',#4085,#4087,#461,.T.);
#5094=EDGE_CURVE('',#4088,#4087,#3516,.T.);
#5095=EDGE_CURVE('',#4086,#4088,#462,.T.);
#5096=EDGE_CURVE('',#4089,#4081,#463,.T.);
#5097=EDGE_CURVE('',#4090,#4089,#464,.T.);
#5098=EDGE_CURVE('',#4083,#4090,#465,.T.);
#5099=EDGE_CURVE('',#4086,#4091,#466,.T.);
#5100=EDGE_CURVE('',#4092,#4088,#467,.T.);
#5101=EDGE_CURVE('',#4091,#4092,#468,.T.);
#5102=EDGE_CURVE('',#4082,#4093,#469,.T.);
#5103=EDGE_CURVE('',#4094,#4084,#470,.T.);
#5104=EDGE_CURVE('',#4094,#4093,#471,.T.);
#5105=EDGE_CURVE('',#4093,#4089,#3517,.T.);
#5106=EDGE_CURVE('',#4090,#4094,#3518,.T.);
#5107=EDGE_CURVE('',#4091,#4095,#3519,.T.);
#5108=EDGE_CURVE('',#4096,#4092,#3520,.T.);
#5109=EDGE_CURVE('',#4095,#4096,#472,.T.);
#5110=EDGE_CURVE('',#4095,#4085,#473,.T.);
#5111=EDGE_CURVE('',#4087,#4096,#474,.T.);
#5112=EDGE_CURVE('',#4097,#4098,#475,.T.);
#5113=EDGE_CURVE('',#4099,#4097,#476,.T.);
#5114=EDGE_CURVE('',#4100,#4099,#477,.T.);
#5115=EDGE_CURVE('',#4100,#4098,#478,.T.);
#5116=EDGE_CURVE('',#4101,#4102,#479,.T.);
#5117=EDGE_CURVE('',#4101,#4103,#480,.T.);
#5118=EDGE_CURVE('',#4104,#4103,#481,.T.);
#5119=EDGE_CURVE('',#4102,#4104,#482,.T.);
#5120=EDGE_CURVE('',#4105,#4097,#3521,.T.);
#5121=EDGE_CURVE('',#4106,#4105,#483,.T.);
#5122=EDGE_CURVE('',#4099,#4106,#3522,.T.);
#5123=EDGE_CURVE('',#4102,#4107,#3523,.T.);
#5124=EDGE_CURVE('',#4108,#4104,#3524,.T.);
#5125=EDGE_CURVE('',#4107,#4108,#484,.T.);
#5126=EDGE_CURVE('',#4098,#4109,#3525,.T.);
#5127=EDGE_CURVE('',#4110,#4100,#3526,.T.);
#5128=EDGE_CURVE('',#4110,#4109,#485,.T.);
#5129=EDGE_CURVE('',#4109,#4105,#486,.T.);
#5130=EDGE_CURVE('',#4106,#4110,#487,.T.);
#5131=EDGE_CURVE('',#4107,#4111,#488,.T.);
#5132=EDGE_CURVE('',#4112,#4108,#489,.T.);
#5133=EDGE_CURVE('',#4111,#4112,#490,.T.);
#5134=EDGE_CURVE('',#4111,#4101,#3527,.T.);
#5135=EDGE_CURVE('',#4103,#4112,#3528,.T.);
#5136=EDGE_CURVE('',#4113,#4114,#3529,.T.);
#5137=EDGE_CURVE('',#4115,#4113,#491,.T.);
#5138=EDGE_CURVE('',#4116,#4115,#3530,.T.);
#5139=EDGE_CURVE('',#4116,#4114,#492,.T.);
#5140=EDGE_CURVE('',#4117,#4118,#3531,.T.);
#5141=EDGE_CURVE('',#4117,#4119,#493,.T.);
#5142=EDGE_CURVE('',#4120,#4119,#3532,.T.);
#5143=EDGE_CURVE('',#4118,#4120,#494,.T.);
#5144=EDGE_CURVE('',#4121,#4113,#495,.T.);
#5145=EDGE_CURVE('',#4122,#4121,#496,.T.);
#5146=EDGE_CURVE('',#4115,#4122,#497,.T.);
#5147=EDGE_CURVE('',#4118,#4123,#498,.T.);
#5148=EDGE_CURVE('',#4124,#4120,#499,.T.);
#5149=EDGE_CURVE('',#4123,#4124,#500,.T.);
#5150=EDGE_CURVE('',#4114,#4125,#501,.T.);
#5151=EDGE_CURVE('',#4126,#4116,#502,.T.);
#5152=EDGE_CURVE('',#4126,#4125,#503,.T.);
#5153=EDGE_CURVE('',#4125,#4121,#3533,.T.);
#5154=EDGE_CURVE('',#4122,#4126,#3534,.T.);
#5155=EDGE_CURVE('',#4123,#4127,#3535,.T.);
#5156=EDGE_CURVE('',#4128,#4124,#3536,.T.);
#5157=EDGE_CURVE('',#4127,#4128,#504,.T.);
#5158=EDGE_CURVE('',#4127,#4117,#505,.T.);
#5159=EDGE_CURVE('',#4119,#4128,#506,.T.);
#5160=EDGE_CURVE('',#4129,#4130,#507,.T.);
#5161=EDGE_CURVE('',#4131,#4129,#508,.T.);
#5162=EDGE_CURVE('',#4132,#4131,#509,.T.);
#5163=EDGE_CURVE('',#4132,#4130,#510,.T.);
#5164=EDGE_CURVE('',#4133,#4134,#511,.T.);
#5165=EDGE_CURVE('',#4133,#4135,#512,.T.);
#5166=EDGE_CURVE('',#4136,#4135,#513,.T.);
#5167=EDGE_CURVE('',#4134,#4136,#514,.T.);
#5168=EDGE_CURVE('',#4137,#4129,#3537,.T.);
#5169=EDGE_CURVE('',#4138,#4137,#515,.T.);
#5170=EDGE_CURVE('',#4131,#4138,#3538,.T.);
#5171=EDGE_CURVE('',#4134,#4139,#3539,.T.);
#5172=EDGE_CURVE('',#4140,#4136,#3540,.T.);
#5173=EDGE_CURVE('',#4139,#4140,#516,.T.);
#5174=EDGE_CURVE('',#4130,#4141,#3541,.T.);
#5175=EDGE_CURVE('',#4142,#4132,#3542,.T.);
#5176=EDGE_CURVE('',#4142,#4141,#517,.T.);
#5177=EDGE_CURVE('',#4141,#4137,#518,.T.);
#5178=EDGE_CURVE('',#4138,#4142,#519,.T.);
#5179=EDGE_CURVE('',#4139,#4143,#520,.T.);
#5180=EDGE_CURVE('',#4144,#4140,#521,.T.);
#5181=EDGE_CURVE('',#4143,#4144,#522,.T.);
#5182=EDGE_CURVE('',#4143,#4133,#3543,.T.);
#5183=EDGE_CURVE('',#4135,#4144,#3544,.T.);
#5184=EDGE_CURVE('',#4145,#4146,#523,.T.);
#5185=EDGE_CURVE('',#4147,#4145,#524,.T.);
#5186=EDGE_CURVE('',#4148,#4147,#525,.T.);
#5187=EDGE_CURVE('',#4148,#4146,#526,.T.);
#5188=EDGE_CURVE('',#4149,#4150,#527,.T.);
#5189=EDGE_CURVE('',#4149,#4151,#528,.T.);
#5190=EDGE_CURVE('',#4152,#4151,#529,.T.);
#5191=EDGE_CURVE('',#4150,#4152,#530,.T.);
#5192=EDGE_CURVE('',#4153,#4145,#3545,.T.);
#5193=EDGE_CURVE('',#4154,#4153,#531,.T.);
#5194=EDGE_CURVE('',#4147,#4154,#3546,.T.);
#5195=EDGE_CURVE('',#4150,#4155,#3547,.T.);
#5196=EDGE_CURVE('',#4156,#4152,#3548,.T.);
#5197=EDGE_CURVE('',#4155,#4156,#532,.T.);
#5198=EDGE_CURVE('',#4146,#4157,#3549,.T.);
#5199=EDGE_CURVE('',#4158,#4148,#3550,.T.);
#5200=EDGE_CURVE('',#4158,#4157,#533,.T.);
#5201=EDGE_CURVE('',#4157,#4153,#534,.T.);
#5202=EDGE_CURVE('',#4154,#4158,#535,.T.);
#5203=EDGE_CURVE('',#4155,#4159,#536,.T.);
#5204=EDGE_CURVE('',#4160,#4156,#537,.T.);
#5205=EDGE_CURVE('',#4159,#4160,#538,.T.);
#5206=EDGE_CURVE('',#4159,#4149,#3551,.T.);
#5207=EDGE_CURVE('',#4151,#4160,#3552,.T.);
#5208=EDGE_CURVE('',#4161,#4162,#539,.T.);
#5209=EDGE_CURVE('',#4163,#4161,#540,.T.);
#5210=EDGE_CURVE('',#4164,#4163,#541,.T.);
#5211=EDGE_CURVE('',#4164,#4162,#542,.T.);
#5212=EDGE_CURVE('',#4165,#4166,#543,.T.);
#5213=EDGE_CURVE('',#4165,#4167,#544,.T.);
#5214=EDGE_CURVE('',#4168,#4167,#545,.T.);
#5215=EDGE_CURVE('',#4166,#4168,#546,.T.);
#5216=EDGE_CURVE('',#4169,#4161,#3553,.T.);
#5217=EDGE_CURVE('',#4170,#4169,#547,.T.);
#5218=EDGE_CURVE('',#4163,#4170,#3554,.T.);
#5219=EDGE_CURVE('',#4166,#4171,#3555,.T.);
#5220=EDGE_CURVE('',#4172,#4168,#3556,.T.);
#5221=EDGE_CURVE('',#4171,#4172,#548,.T.);
#5222=EDGE_CURVE('',#4162,#4173,#3557,.T.);
#5223=EDGE_CURVE('',#4174,#4164,#3558,.T.);
#5224=EDGE_CURVE('',#4174,#4173,#549,.T.);
#5225=EDGE_CURVE('',#4173,#4169,#550,.T.);
#5226=EDGE_CURVE('',#4170,#4174,#551,.T.);
#5227=EDGE_CURVE('',#4171,#4175,#552,.T.);
#5228=EDGE_CURVE('',#4176,#4172,#553,.T.);
#5229=EDGE_CURVE('',#4175,#4176,#554,.T.);
#5230=EDGE_CURVE('',#4175,#4165,#3559,.T.);
#5231=EDGE_CURVE('',#4167,#4176,#3560,.T.);
#5232=EDGE_CURVE('',#4177,#4178,#3561,.T.);
#5233=EDGE_CURVE('',#4179,#4177,#555,.T.);
#5234=EDGE_CURVE('',#4180,#4179,#3562,.T.);
#5235=EDGE_CURVE('',#4180,#4178,#556,.T.);
#5236=EDGE_CURVE('',#4181,#4182,#3563,.T.);
#5237=EDGE_CURVE('',#4181,#4183,#557,.T.);
#5238=EDGE_CURVE('',#4184,#4183,#3564,.T.);
#5239=EDGE_CURVE('',#4182,#4184,#558,.T.);
#5240=EDGE_CURVE('',#4185,#4177,#559,.T.);
#5241=EDGE_CURVE('',#4186,#4185,#560,.T.);
#5242=EDGE_CURVE('',#4179,#4186,#561,.T.);
#5243=EDGE_CURVE('',#4182,#4187,#562,.T.);
#5244=EDGE_CURVE('',#4188,#4184,#563,.T.);
#5245=EDGE_CURVE('',#4187,#4188,#564,.T.);
#5246=EDGE_CURVE('',#4178,#4189,#565,.T.);
#5247=EDGE_CURVE('',#4190,#4180,#566,.T.);
#5248=EDGE_CURVE('',#4190,#4189,#567,.T.);
#5249=EDGE_CURVE('',#4189,#4185,#3565,.T.);
#5250=EDGE_CURVE('',#4186,#4190,#3566,.T.);
#5251=EDGE_CURVE('',#4187,#4191,#3567,.T.);
#5252=EDGE_CURVE('',#4192,#4188,#3568,.T.);
#5253=EDGE_CURVE('',#4191,#4192,#568,.T.);
#5254=EDGE_CURVE('',#4191,#4181,#569,.T.);
#5255=EDGE_CURVE('',#4183,#4192,#570,.T.);
#5256=EDGE_CURVE('',#4193,#4194,#3569,.T.);
#5257=EDGE_CURVE('',#4195,#4193,#571,.T.);
#5258=EDGE_CURVE('',#4196,#4195,#3570,.T.);
#5259=EDGE_CURVE('',#4196,#4194,#572,.T.);
#5260=EDGE_CURVE('',#4197,#4198,#3571,.T.);
#5261=EDGE_CURVE('',#4197,#4199,#573,.T.);
#5262=EDGE_CURVE('',#4200,#4199,#3572,.T.);
#5263=EDGE_CURVE('',#4198,#4200,#574,.T.);
#5264=EDGE_CURVE('',#4201,#4193,#575,.T.);
#5265=EDGE_CURVE('',#4202,#4201,#576,.T.);
#5266=EDGE_CURVE('',#4195,#4202,#577,.T.);
#5267=EDGE_CURVE('',#4198,#4203,#578,.T.);
#5268=EDGE_CURVE('',#4204,#4200,#579,.T.);
#5269=EDGE_CURVE('',#4203,#4204,#580,.T.);
#5270=EDGE_CURVE('',#4194,#4205,#581,.T.);
#5271=EDGE_CURVE('',#4206,#4196,#582,.T.);
#5272=EDGE_CURVE('',#4206,#4205,#583,.T.);
#5273=EDGE_CURVE('',#4205,#4201,#3573,.T.);
#5274=EDGE_CURVE('',#4202,#4206,#3574,.T.);
#5275=EDGE_CURVE('',#4203,#4207,#3575,.T.);
#5276=EDGE_CURVE('',#4208,#4204,#3576,.T.);
#5277=EDGE_CURVE('',#4207,#4208,#584,.T.);
#5278=EDGE_CURVE('',#4207,#4197,#585,.T.);
#5279=EDGE_CURVE('',#4199,#4208,#586,.T.);
#5280=EDGE_CURVE('',#4209,#4210,#3577,.T.);
#5281=EDGE_CURVE('',#4211,#4209,#587,.T.);
#5282=EDGE_CURVE('',#4212,#4211,#3578,.T.);
#5283=EDGE_CURVE('',#4212,#4210,#588,.T.);
#5284=EDGE_CURVE('',#4213,#4214,#3579,.T.);
#5285=EDGE_CURVE('',#4213,#4215,#589,.T.);
#5286=EDGE_CURVE('',#4216,#4215,#3580,.T.);
#5287=EDGE_CURVE('',#4214,#4216,#590,.T.);
#5288=EDGE_CURVE('',#4217,#4209,#591,.T.);
#5289=EDGE_CURVE('',#4218,#4217,#592,.T.);
#5290=EDGE_CURVE('',#4211,#4218,#593,.T.);
#5291=EDGE_CURVE('',#4214,#4219,#594,.T.);
#5292=EDGE_CURVE('',#4220,#4216,#595,.T.);
#5293=EDGE_CURVE('',#4219,#4220,#596,.T.);
#5294=EDGE_CURVE('',#4210,#4221,#597,.T.);
#5295=EDGE_CURVE('',#4222,#4212,#598,.T.);
#5296=EDGE_CURVE('',#4222,#4221,#599,.T.);
#5297=EDGE_CURVE('',#4221,#4217,#3581,.T.);
#5298=EDGE_CURVE('',#4218,#4222,#3582,.T.);
#5299=EDGE_CURVE('',#4219,#4223,#3583,.T.);
#5300=EDGE_CURVE('',#4224,#4220,#3584,.T.);
#5301=EDGE_CURVE('',#4223,#4224,#600,.T.);
#5302=EDGE_CURVE('',#4223,#4213,#601,.T.);
#5303=EDGE_CURVE('',#4215,#4224,#602,.T.);
#5304=EDGE_CURVE('',#4225,#4226,#3585,.T.);
#5305=EDGE_CURVE('',#4227,#4225,#603,.T.);
#5306=EDGE_CURVE('',#4228,#4227,#3586,.T.);
#5307=EDGE_CURVE('',#4228,#4226,#604,.T.);
#5308=EDGE_CURVE('',#4229,#4230,#3587,.T.);
#5309=EDGE_CURVE('',#4229,#4231,#605,.T.);
#5310=EDGE_CURVE('',#4232,#4231,#3588,.T.);
#5311=EDGE_CURVE('',#4230,#4232,#606,.T.);
#5312=EDGE_CURVE('',#4233,#4225,#607,.T.);
#5313=EDGE_CURVE('',#4234,#4233,#608,.T.);
#5314=EDGE_CURVE('',#4227,#4234,#609,.T.);
#5315=EDGE_CURVE('',#4230,#4235,#610,.T.);
#5316=EDGE_CURVE('',#4236,#4232,#611,.T.);
#5317=EDGE_CURVE('',#4235,#4236,#612,.T.);
#5318=EDGE_CURVE('',#4226,#4237,#613,.T.);
#5319=EDGE_CURVE('',#4238,#4228,#614,.T.);
#5320=EDGE_CURVE('',#4238,#4237,#615,.T.);
#5321=EDGE_CURVE('',#4237,#4233,#3589,.T.);
#5322=EDGE_CURVE('',#4234,#4238,#3590,.T.);
#5323=EDGE_CURVE('',#4235,#4239,#3591,.T.);
#5324=EDGE_CURVE('',#4240,#4236,#3592,.T.);
#5325=EDGE_CURVE('',#4239,#4240,#616,.T.);
#5326=EDGE_CURVE('',#4239,#4229,#617,.T.);
#5327=EDGE_CURVE('',#4231,#4240,#618,.T.);
#5328=EDGE_CURVE('',#4241,#4242,#3593,.T.);
#5329=EDGE_CURVE('',#4243,#4241,#619,.T.);
#5330=EDGE_CURVE('',#4244,#4243,#3594,.T.);
#5331=EDGE_CURVE('',#4244,#4242,#620,.T.);
#5332=EDGE_CURVE('',#4245,#4246,#3595,.T.);
#5333=EDGE_CURVE('',#4245,#4247,#621,.T.);
#5334=EDGE_CURVE('',#4248,#4247,#3596,.T.);
#5335=EDGE_CURVE('',#4246,#4248,#622,.T.);
#5336=EDGE_CURVE('',#4249,#4241,#623,.T.);
#5337=EDGE_CURVE('',#4250,#4249,#624,.T.);
#5338=EDGE_CURVE('',#4243,#4250,#625,.T.);
#5339=EDGE_CURVE('',#4246,#4251,#626,.T.);
#5340=EDGE_CURVE('',#4252,#4248,#627,.T.);
#5341=EDGE_CURVE('',#4251,#4252,#628,.T.);
#5342=EDGE_CURVE('',#4242,#4253,#629,.T.);
#5343=EDGE_CURVE('',#4254,#4244,#630,.T.);
#5344=EDGE_CURVE('',#4254,#4253,#631,.T.);
#5345=EDGE_CURVE('',#4253,#4249,#3597,.T.);
#5346=EDGE_CURVE('',#4250,#4254,#3598,.T.);
#5347=EDGE_CURVE('',#4251,#4255,#3599,.T.);
#5348=EDGE_CURVE('',#4256,#4252,#3600,.T.);
#5349=EDGE_CURVE('',#4255,#4256,#632,.T.);
#5350=EDGE_CURVE('',#4255,#4245,#633,.T.);
#5351=EDGE_CURVE('',#4247,#4256,#634,.T.);
#5352=EDGE_CURVE('',#4257,#4258,#635,.T.);
#5353=EDGE_CURVE('',#4259,#4257,#636,.T.);
#5354=EDGE_CURVE('',#4260,#4259,#637,.T.);
#5355=EDGE_CURVE('',#4260,#4258,#638,.T.);
#5356=EDGE_CURVE('',#4261,#4262,#639,.T.);
#5357=EDGE_CURVE('',#4261,#4263,#640,.T.);
#5358=EDGE_CURVE('',#4264,#4263,#641,.T.);
#5359=EDGE_CURVE('',#4262,#4264,#642,.T.);
#5360=EDGE_CURVE('',#4265,#4257,#3601,.T.);
#5361=EDGE_CURVE('',#4266,#4265,#643,.T.);
#5362=EDGE_CURVE('',#4259,#4266,#3602,.T.);
#5363=EDGE_CURVE('',#4262,#4267,#3603,.T.);
#5364=EDGE_CURVE('',#4268,#4264,#3604,.T.);
#5365=EDGE_CURVE('',#4267,#4268,#644,.T.);
#5366=EDGE_CURVE('',#4258,#4269,#3605,.T.);
#5367=EDGE_CURVE('',#4270,#4260,#3606,.T.);
#5368=EDGE_CURVE('',#4270,#4269,#645,.T.);
#5369=EDGE_CURVE('',#4269,#4265,#646,.T.);
#5370=EDGE_CURVE('',#4266,#4270,#647,.T.);
#5371=EDGE_CURVE('',#4267,#4271,#648,.T.);
#5372=EDGE_CURVE('',#4272,#4268,#649,.T.);
#5373=EDGE_CURVE('',#4271,#4272,#650,.T.);
#5374=EDGE_CURVE('',#4271,#4261,#3607,.T.);
#5375=EDGE_CURVE('',#4263,#4272,#3608,.T.);
#5376=EDGE_CURVE('',#4273,#4274,#3609,.T.);
#5377=EDGE_CURVE('',#4275,#4273,#651,.T.);
#5378=EDGE_CURVE('',#4276,#4275,#3610,.T.);
#5379=EDGE_CURVE('',#4276,#4274,#652,.T.);
#5380=EDGE_CURVE('',#4277,#4278,#3611,.T.);
#5381=EDGE_CURVE('',#4277,#4279,#653,.T.);
#5382=EDGE_CURVE('',#4280,#4279,#3612,.T.);
#5383=EDGE_CURVE('',#4278,#4280,#654,.T.);
#5384=EDGE_CURVE('',#4281,#4273,#655,.T.);
#5385=EDGE_CURVE('',#4282,#4281,#656,.T.);
#5386=EDGE_CURVE('',#4275,#4282,#657,.T.);
#5387=EDGE_CURVE('',#4278,#4283,#658,.T.);
#5388=EDGE_CURVE('',#4284,#4280,#659,.T.);
#5389=EDGE_CURVE('',#4283,#4284,#660,.T.);
#5390=EDGE_CURVE('',#4274,#4285,#661,.T.);
#5391=EDGE_CURVE('',#4286,#4276,#662,.T.);
#5392=EDGE_CURVE('',#4286,#4285,#663,.T.);
#5393=EDGE_CURVE('',#4285,#4281,#3613,.T.);
#5394=EDGE_CURVE('',#4282,#4286,#3614,.T.);
#5395=EDGE_CURVE('',#4283,#4287,#3615,.T.);
#5396=EDGE_CURVE('',#4288,#4284,#3616,.T.);
#5397=EDGE_CURVE('',#4287,#4288,#664,.T.);
#5398=EDGE_CURVE('',#4287,#4277,#665,.T.);
#5399=EDGE_CURVE('',#4279,#4288,#666,.T.);
#5400=EDGE_CURVE('',#4289,#4290,#3617,.T.);
#5401=EDGE_CURVE('',#4291,#4289,#667,.T.);
#5402=EDGE_CURVE('',#4292,#4291,#3618,.T.);
#5403=EDGE_CURVE('',#4292,#4290,#668,.T.);
#5404=EDGE_CURVE('',#4293,#4294,#3619,.T.);
#5405=EDGE_CURVE('',#4293,#4295,#669,.T.);
#5406=EDGE_CURVE('',#4296,#4295,#3620,.T.);
#5407=EDGE_CURVE('',#4294,#4296,#670,.T.);
#5408=EDGE_CURVE('',#4297,#4289,#671,.T.);
#5409=EDGE_CURVE('',#4298,#4297,#672,.T.);
#5410=EDGE_CURVE('',#4291,#4298,#673,.T.);
#5411=EDGE_CURVE('',#4294,#4299,#674,.T.);
#5412=EDGE_CURVE('',#4300,#4296,#675,.T.);
#5413=EDGE_CURVE('',#4299,#4300,#676,.T.);
#5414=EDGE_CURVE('',#4290,#4301,#677,.T.);
#5415=EDGE_CURVE('',#4302,#4292,#678,.T.);
#5416=EDGE_CURVE('',#4302,#4301,#679,.T.);
#5417=EDGE_CURVE('',#4301,#4297,#3621,.T.);
#5418=EDGE_CURVE('',#4298,#4302,#3622,.T.);
#5419=EDGE_CURVE('',#4299,#4303,#3623,.T.);
#5420=EDGE_CURVE('',#4304,#4300,#3624,.T.);
#5421=EDGE_CURVE('',#4303,#4304,#680,.T.);
#5422=EDGE_CURVE('',#4303,#4293,#681,.T.);
#5423=EDGE_CURVE('',#4295,#4304,#682,.T.);
#5424=EDGE_CURVE('',#4305,#4306,#3625,.T.);
#5425=EDGE_CURVE('',#4307,#4305,#683,.T.);
#5426=EDGE_CURVE('',#4308,#4307,#3626,.T.);
#5427=EDGE_CURVE('',#4308,#4306,#684,.T.);
#5428=EDGE_CURVE('',#4309,#4310,#3627,.T.);
#5429=EDGE_CURVE('',#4309,#4311,#685,.T.);
#5430=EDGE_CURVE('',#4312,#4311,#3628,.T.);
#5431=EDGE_CURVE('',#4310,#4312,#686,.T.);
#5432=EDGE_CURVE('',#4313,#4305,#687,.T.);
#5433=EDGE_CURVE('',#4314,#4313,#688,.T.);
#5434=EDGE_CURVE('',#4307,#4314,#689,.T.);
#5435=EDGE_CURVE('',#4310,#4315,#690,.T.);
#5436=EDGE_CURVE('',#4316,#4312,#691,.T.);
#5437=EDGE_CURVE('',#4315,#4316,#692,.T.);
#5438=EDGE_CURVE('',#4306,#4317,#693,.T.);
#5439=EDGE_CURVE('',#4318,#4308,#694,.T.);
#5440=EDGE_CURVE('',#4318,#4317,#695,.T.);
#5441=EDGE_CURVE('',#4317,#4313,#3629,.T.);
#5442=EDGE_CURVE('',#4314,#4318,#3630,.T.);
#5443=EDGE_CURVE('',#4315,#4319,#3631,.T.);
#5444=EDGE_CURVE('',#4320,#4316,#3632,.T.);
#5445=EDGE_CURVE('',#4319,#4320,#696,.T.);
#5446=EDGE_CURVE('',#4319,#4309,#697,.T.);
#5447=EDGE_CURVE('',#4311,#4320,#698,.T.);
#5448=EDGE_CURVE('',#4321,#4322,#3633,.T.);
#5449=EDGE_CURVE('',#4323,#4321,#699,.T.);
#5450=EDGE_CURVE('',#4324,#4323,#3634,.T.);
#5451=EDGE_CURVE('',#4324,#4322,#700,.T.);
#5452=EDGE_CURVE('',#4325,#4326,#3635,.T.);
#5453=EDGE_CURVE('',#4325,#4327,#701,.T.);
#5454=EDGE_CURVE('',#4328,#4327,#3636,.T.);
#5455=EDGE_CURVE('',#4326,#4328,#702,.T.);
#5456=EDGE_CURVE('',#4329,#4321,#703,.T.);
#5457=EDGE_CURVE('',#4330,#4329,#704,.T.);
#5458=EDGE_CURVE('',#4323,#4330,#705,.T.);
#5459=EDGE_CURVE('',#4326,#4331,#706,.T.);
#5460=EDGE_CURVE('',#4332,#4328,#707,.T.);
#5461=EDGE_CURVE('',#4331,#4332,#708,.T.);
#5462=EDGE_CURVE('',#4322,#4333,#709,.T.);
#5463=EDGE_CURVE('',#4334,#4324,#710,.T.);
#5464=EDGE_CURVE('',#4334,#4333,#711,.T.);
#5465=EDGE_CURVE('',#4333,#4329,#3637,.T.);
#5466=EDGE_CURVE('',#4330,#4334,#3638,.T.);
#5467=EDGE_CURVE('',#4331,#4335,#3639,.T.);
#5468=EDGE_CURVE('',#4336,#4332,#3640,.T.);
#5469=EDGE_CURVE('',#4335,#4336,#712,.T.);
#5470=EDGE_CURVE('',#4335,#4325,#713,.T.);
#5471=EDGE_CURVE('',#4327,#4336,#714,.T.);
#5472=EDGE_CURVE('',#4337,#4338,#3641,.T.);
#5473=EDGE_CURVE('',#4339,#4337,#715,.T.);
#5474=EDGE_CURVE('',#4340,#4339,#3642,.T.);
#5475=EDGE_CURVE('',#4340,#4338,#716,.T.);
#5476=EDGE_CURVE('',#4341,#4342,#3643,.T.);
#5477=EDGE_CURVE('',#4341,#4343,#717,.T.);
#5478=EDGE_CURVE('',#4344,#4343,#3644,.T.);
#5479=EDGE_CURVE('',#4342,#4344,#718,.T.);
#5480=EDGE_CURVE('',#4345,#4337,#719,.T.);
#5481=EDGE_CURVE('',#4346,#4345,#720,.T.);
#5482=EDGE_CURVE('',#4339,#4346,#721,.T.);
#5483=EDGE_CURVE('',#4342,#4347,#722,.T.);
#5484=EDGE_CURVE('',#4348,#4344,#723,.T.);
#5485=EDGE_CURVE('',#4347,#4348,#724,.T.);
#5486=EDGE_CURVE('',#4338,#4349,#725,.T.);
#5487=EDGE_CURVE('',#4350,#4340,#726,.T.);
#5488=EDGE_CURVE('',#4350,#4349,#727,.T.);
#5489=EDGE_CURVE('',#4349,#4345,#3645,.T.);
#5490=EDGE_CURVE('',#4346,#4350,#3646,.T.);
#5491=EDGE_CURVE('',#4347,#4351,#3647,.T.);
#5492=EDGE_CURVE('',#4352,#4348,#3648,.T.);
#5493=EDGE_CURVE('',#4351,#4352,#728,.T.);
#5494=EDGE_CURVE('',#4351,#4341,#729,.T.);
#5495=EDGE_CURVE('',#4343,#4352,#730,.T.);
#5496=EDGE_CURVE('',#4353,#4354,#731,.T.);
#5497=EDGE_CURVE('',#4355,#4353,#732,.T.);
#5498=EDGE_CURVE('',#4356,#4355,#733,.T.);
#5499=EDGE_CURVE('',#4356,#4354,#734,.T.);
#5500=EDGE_CURVE('',#4357,#4358,#735,.T.);
#5501=EDGE_CURVE('',#4357,#4359,#736,.T.);
#5502=EDGE_CURVE('',#4360,#4359,#737,.T.);
#5503=EDGE_CURVE('',#4358,#4360,#738,.T.);
#5504=EDGE_CURVE('',#4361,#4353,#3649,.T.);
#5505=EDGE_CURVE('',#4362,#4361,#739,.T.);
#5506=EDGE_CURVE('',#4355,#4362,#3650,.T.);
#5507=EDGE_CURVE('',#4358,#4363,#3651,.T.);
#5508=EDGE_CURVE('',#4364,#4360,#3652,.T.);
#5509=EDGE_CURVE('',#4363,#4364,#740,.T.);
#5510=EDGE_CURVE('',#4354,#4365,#3653,.T.);
#5511=EDGE_CURVE('',#4366,#4356,#3654,.T.);
#5512=EDGE_CURVE('',#4366,#4365,#741,.T.);
#5513=EDGE_CURVE('',#4365,#4361,#742,.T.);
#5514=EDGE_CURVE('',#4362,#4366,#743,.T.);
#5515=EDGE_CURVE('',#4363,#4367,#744,.T.);
#5516=EDGE_CURVE('',#4368,#4364,#745,.T.);
#5517=EDGE_CURVE('',#4367,#4368,#746,.T.);
#5518=EDGE_CURVE('',#4367,#4357,#3655,.T.);
#5519=EDGE_CURVE('',#4359,#4368,#3656,.T.);
#5520=EDGE_CURVE('',#4369,#4370,#747,.T.);
#5521=EDGE_CURVE('',#4371,#4369,#748,.T.);
#5522=EDGE_CURVE('',#4372,#4371,#749,.T.);
#5523=EDGE_CURVE('',#4372,#4370,#750,.T.);
#5524=EDGE_CURVE('',#4373,#4374,#751,.T.);
#5525=EDGE_CURVE('',#4373,#4375,#752,.T.);
#5526=EDGE_CURVE('',#4376,#4375,#753,.T.);
#5527=EDGE_CURVE('',#4374,#4376,#754,.T.);
#5528=EDGE_CURVE('',#4377,#4369,#3657,.T.);
#5529=EDGE_CURVE('',#4378,#4377,#755,.T.);
#5530=EDGE_CURVE('',#4371,#4378,#3658,.T.);
#5531=EDGE_CURVE('',#4374,#4379,#3659,.T.);
#5532=EDGE_CURVE('',#4380,#4376,#3660,.T.);
#5533=EDGE_CURVE('',#4379,#4380,#756,.T.);
#5534=EDGE_CURVE('',#4370,#4381,#3661,.T.);
#5535=EDGE_CURVE('',#4382,#4372,#3662,.T.);
#5536=EDGE_CURVE('',#4382,#4381,#757,.T.);
#5537=EDGE_CURVE('',#4381,#4377,#758,.T.);
#5538=EDGE_CURVE('',#4378,#4382,#759,.T.);
#5539=EDGE_CURVE('',#4379,#4383,#760,.T.);
#5540=EDGE_CURVE('',#4384,#4380,#761,.T.);
#5541=EDGE_CURVE('',#4383,#4384,#762,.T.);
#5542=EDGE_CURVE('',#4383,#4373,#3663,.T.);
#5543=EDGE_CURVE('',#4375,#4384,#3664,.T.);
#5544=EDGE_CURVE('',#4385,#4386,#763,.T.);
#5545=EDGE_CURVE('',#4387,#4385,#764,.T.);
#5546=EDGE_CURVE('',#4388,#4387,#765,.T.);
#5547=EDGE_CURVE('',#4388,#4386,#766,.T.);
#5548=EDGE_CURVE('',#4386,#4389,#3665,.T.);
#5549=EDGE_CURVE('',#4390,#4388,#3666,.T.);
#5550=EDGE_CURVE('',#4390,#4389,#767,.T.);
#5551=EDGE_CURVE('',#4389,#4391,#768,.T.);
#5552=EDGE_CURVE('',#4392,#4390,#769,.T.);
#5553=EDGE_CURVE('',#4392,#4391,#770,.T.);
#5554=EDGE_CURVE('',#4391,#4385,#3667,.T.);
#5555=EDGE_CURVE('',#4387,#4392,#3668,.T.);
#5556=EDGE_CURVE('',#4393,#4394,#3669,.T.);
#5557=EDGE_CURVE('',#4395,#4393,#771,.T.);
#5558=EDGE_CURVE('',#4396,#4395,#3670,.T.);
#5559=EDGE_CURVE('',#4396,#4394,#772,.T.);
#5560=EDGE_CURVE('',#4394,#4397,#773,.T.);
#5561=EDGE_CURVE('',#4398,#4396,#774,.T.);
#5562=EDGE_CURVE('',#4398,#4397,#775,.T.);
#5563=EDGE_CURVE('',#4397,#4399,#3671,.T.);
#5564=EDGE_CURVE('',#4400,#4398,#3672,.T.);
#5565=EDGE_CURVE('',#4400,#4399,#776,.T.);
#5566=EDGE_CURVE('',#4399,#4393,#777,.T.);
#5567=EDGE_CURVE('',#4395,#4400,#778,.T.);
#5568=EDGE_CURVE('',#4401,#4402,#779,.T.);
#5569=EDGE_CURVE('',#4403,#4401,#780,.T.);
#5570=EDGE_CURVE('',#4404,#4403,#781,.T.);
#5571=EDGE_CURVE('',#4404,#4402,#782,.T.);
#5572=EDGE_CURVE('',#4402,#4405,#3673,.T.);
#5573=EDGE_CURVE('',#4406,#4404,#3674,.T.);
#5574=EDGE_CURVE('',#4406,#4405,#783,.T.);
#5575=EDGE_CURVE('',#4405,#4407,#784,.T.);
#5576=EDGE_CURVE('',#4408,#4406,#785,.T.);
#5577=EDGE_CURVE('',#4408,#4407,#786,.T.);
#5578=EDGE_CURVE('',#4407,#4401,#3675,.T.);
#5579=EDGE_CURVE('',#4403,#4408,#3676,.T.);
#5580=EDGE_CURVE('',#4409,#4410,#787,.T.);
#5581=EDGE_CURVE('',#4411,#4409,#788,.T.);
#5582=EDGE_CURVE('',#4412,#4411,#789,.T.);
#5583=EDGE_CURVE('',#4412,#4410,#790,.T.);
#5584=EDGE_CURVE('',#4410,#4413,#3677,.T.);
#5585=EDGE_CURVE('',#4414,#4412,#3678,.T.);
#5586=EDGE_CURVE('',#4414,#4413,#791,.T.);
#5587=EDGE_CURVE('',#4413,#4415,#792,.T.);
#5588=EDGE_CURVE('',#4416,#4414,#793,.T.);
#5589=EDGE_CURVE('',#4416,#4415,#794,.T.);
#5590=EDGE_CURVE('',#4415,#4409,#3679,.T.);
#5591=EDGE_CURVE('',#4411,#4416,#3680,.T.);
#5592=EDGE_CURVE('',#4417,#4418,#795,.T.);
#5593=EDGE_CURVE('',#4419,#4417,#796,.T.);
#5594=EDGE_CURVE('',#4420,#4419,#797,.T.);
#5595=EDGE_CURVE('',#4420,#4418,#798,.T.);
#5596=EDGE_CURVE('',#4418,#4421,#3681,.T.);
#5597=EDGE_CURVE('',#4422,#4420,#3682,.T.);
#5598=EDGE_CURVE('',#4422,#4421,#799,.T.);
#5599=EDGE_CURVE('',#4421,#4423,#800,.T.);
#5600=EDGE_CURVE('',#4424,#4422,#801,.T.);
#5601=EDGE_CURVE('',#4424,#4423,#802,.T.);
#5602=EDGE_CURVE('',#4423,#4417,#3683,.T.);
#5603=EDGE_CURVE('',#4419,#4424,#3684,.T.);
#5604=EDGE_CURVE('',#4425,#4426,#803,.T.);
#5605=EDGE_CURVE('',#4427,#4425,#804,.T.);
#5606=EDGE_CURVE('',#4428,#4427,#805,.T.);
#5607=EDGE_CURVE('',#4428,#4426,#806,.T.);
#5608=EDGE_CURVE('',#4426,#4429,#3685,.T.);
#5609=EDGE_CURVE('',#4430,#4428,#3686,.T.);
#5610=EDGE_CURVE('',#4430,#4429,#807,.T.);
#5611=EDGE_CURVE('',#4429,#4431,#808,.T.);
#5612=EDGE_CURVE('',#4432,#4430,#809,.T.);
#5613=EDGE_CURVE('',#4432,#4431,#810,.T.);
#5614=EDGE_CURVE('',#4431,#4425,#3687,.T.);
#5615=EDGE_CURVE('',#4427,#4432,#3688,.T.);
#5616=EDGE_CURVE('',#4433,#4434,#811,.T.);
#5617=EDGE_CURVE('',#4435,#4433,#812,.T.);
#5618=EDGE_CURVE('',#4436,#4435,#813,.T.);
#5619=EDGE_CURVE('',#4436,#4434,#814,.T.);
#5620=EDGE_CURVE('',#4434,#4437,#3689,.T.);
#5621=EDGE_CURVE('',#4438,#4436,#3690,.T.);
#5622=EDGE_CURVE('',#4438,#4437,#815,.T.);
#5623=EDGE_CURVE('',#4437,#4439,#816,.T.);
#5624=EDGE_CURVE('',#4440,#4438,#817,.T.);
#5625=EDGE_CURVE('',#4440,#4439,#818,.T.);
#5626=EDGE_CURVE('',#4439,#4433,#3691,.T.);
#5627=EDGE_CURVE('',#4435,#4440,#3692,.T.);
#5628=EDGE_CURVE('',#4441,#4442,#819,.T.);
#5629=EDGE_CURVE('',#4443,#4441,#820,.T.);
#5630=EDGE_CURVE('',#4444,#4443,#821,.T.);
#5631=EDGE_CURVE('',#4444,#4442,#822,.T.);
#5632=EDGE_CURVE('',#4442,#4445,#3693,.T.);
#5633=EDGE_CURVE('',#4446,#4444,#3694,.T.);
#5634=EDGE_CURVE('',#4446,#4445,#823,.T.);
#5635=EDGE_CURVE('',#4445,#4447,#824,.T.);
#5636=EDGE_CURVE('',#4448,#4446,#825,.T.);
#5637=EDGE_CURVE('',#4448,#4447,#826,.T.);
#5638=EDGE_CURVE('',#4447,#4441,#3695,.T.);
#5639=EDGE_CURVE('',#4443,#4448,#3696,.T.);
#5640=EDGE_CURVE('',#4449,#4450,#3697,.T.);
#5641=EDGE_CURVE('',#4451,#4449,#827,.T.);
#5642=EDGE_CURVE('',#4452,#4451,#3698,.T.);
#5643=EDGE_CURVE('',#4452,#4450,#828,.T.);
#5644=EDGE_CURVE('',#4450,#4453,#829,.T.);
#5645=EDGE_CURVE('',#4454,#4452,#830,.T.);
#5646=EDGE_CURVE('',#4454,#4453,#831,.T.);
#5647=EDGE_CURVE('',#4453,#4455,#3699,.T.);
#5648=EDGE_CURVE('',#4456,#4454,#3700,.T.);
#5649=EDGE_CURVE('',#4456,#4455,#832,.T.);
#5650=EDGE_CURVE('',#4455,#4449,#833,.T.);
#5651=EDGE_CURVE('',#4451,#4456,#834,.T.);
#5652=EDGE_CURVE('',#4457,#4458,#835,.T.);
#5653=EDGE_CURVE('',#4459,#4457,#836,.T.);
#5654=EDGE_CURVE('',#4460,#4459,#837,.T.);
#5655=EDGE_CURVE('',#4460,#4458,#838,.T.);
#5656=EDGE_CURVE('',#4458,#4461,#3701,.T.);
#5657=EDGE_CURVE('',#4462,#4460,#3702,.T.);
#5658=EDGE_CURVE('',#4462,#4461,#839,.T.);
#5659=EDGE_CURVE('',#4461,#4463,#840,.T.);
#5660=EDGE_CURVE('',#4464,#4462,#841,.T.);
#5661=EDGE_CURVE('',#4464,#4463,#842,.T.);
#5662=EDGE_CURVE('',#4463,#4457,#3703,.T.);
#5663=EDGE_CURVE('',#4459,#4464,#3704,.T.);
#5664=EDGE_CURVE('',#4465,#4466,#843,.T.);
#5665=EDGE_CURVE('',#4467,#4465,#844,.T.);
#5666=EDGE_CURVE('',#4468,#4467,#845,.T.);
#5667=EDGE_CURVE('',#4468,#4466,#846,.T.);
#5668=EDGE_CURVE('',#4466,#4469,#3705,.T.);
#5669=EDGE_CURVE('',#4470,#4468,#3706,.T.);
#5670=EDGE_CURVE('',#4470,#4469,#847,.T.);
#5671=EDGE_CURVE('',#4469,#4471,#848,.T.);
#5672=EDGE_CURVE('',#4472,#4470,#849,.T.);
#5673=EDGE_CURVE('',#4472,#4471,#850,.T.);
#5674=EDGE_CURVE('',#4471,#4465,#3707,.T.);
#5675=EDGE_CURVE('',#4467,#4472,#3708,.T.);
#5676=EDGE_CURVE('',#4473,#4474,#3709,.T.);
#5677=EDGE_CURVE('',#4475,#4473,#851,.T.);
#5678=EDGE_CURVE('',#4476,#4475,#3710,.T.);
#5679=EDGE_CURVE('',#4476,#4474,#852,.T.);
#5680=EDGE_CURVE('',#4474,#4477,#853,.T.);
#5681=EDGE_CURVE('',#4478,#4476,#854,.T.);
#5682=EDGE_CURVE('',#4478,#4477,#855,.T.);
#5683=EDGE_CURVE('',#4477,#4479,#3711,.T.);
#5684=EDGE_CURVE('',#4480,#4478,#3712,.T.);
#5685=EDGE_CURVE('',#4480,#4479,#856,.T.);
#5686=EDGE_CURVE('',#4479,#4473,#857,.T.);
#5687=EDGE_CURVE('',#4475,#4480,#858,.T.);
#5688=EDGE_CURVE('',#4481,#4482,#859,.T.);
#5689=EDGE_CURVE('',#4483,#4481,#860,.T.);
#5690=EDGE_CURVE('',#4484,#4483,#861,.T.);
#5691=EDGE_CURVE('',#4484,#4482,#862,.T.);
#5692=EDGE_CURVE('',#4482,#4485,#3713,.T.);
#5693=EDGE_CURVE('',#4486,#4484,#3714,.T.);
#5694=EDGE_CURVE('',#4486,#4485,#863,.T.);
#5695=EDGE_CURVE('',#4485,#4487,#864,.T.);
#5696=EDGE_CURVE('',#4488,#4486,#865,.T.);
#5697=EDGE_CURVE('',#4488,#4487,#866,.T.);
#5698=EDGE_CURVE('',#4487,#4481,#3715,.T.);
#5699=EDGE_CURVE('',#4483,#4488,#3716,.T.);
#5700=EDGE_CURVE('',#4489,#4490,#867,.T.);
#5701=EDGE_CURVE('',#4491,#4489,#868,.T.);
#5702=EDGE_CURVE('',#4492,#4491,#869,.T.);
#5703=EDGE_CURVE('',#4492,#4490,#870,.T.);
#5704=EDGE_CURVE('',#4490,#4493,#3717,.T.);
#5705=EDGE_CURVE('',#4494,#4492,#3718,.T.);
#5706=EDGE_CURVE('',#4494,#4493,#871,.T.);
#5707=EDGE_CURVE('',#4493,#4495,#872,.T.);
#5708=EDGE_CURVE('',#4496,#4494,#873,.T.);
#5709=EDGE_CURVE('',#4496,#4495,#874,.T.);
#5710=EDGE_CURVE('',#4495,#4489,#3719,.T.);
#5711=EDGE_CURVE('',#4491,#4496,#3720,.T.);
#5712=EDGE_CURVE('',#4497,#4498,#875,.T.);
#5713=EDGE_CURVE('',#4499,#4497,#876,.T.);
#5714=EDGE_CURVE('',#4500,#4499,#877,.T.);
#5715=EDGE_CURVE('',#4500,#4498,#878,.T.);
#5716=EDGE_CURVE('',#4498,#4501,#3721,.T.);
#5717=EDGE_CURVE('',#4502,#4500,#3722,.T.);
#5718=EDGE_CURVE('',#4502,#4501,#879,.T.);
#5719=EDGE_CURVE('',#4501,#4503,#880,.T.);
#5720=EDGE_CURVE('',#4504,#4502,#881,.T.);
#5721=EDGE_CURVE('',#4504,#4503,#882,.T.);
#5722=EDGE_CURVE('',#4503,#4497,#3723,.T.);
#5723=EDGE_CURVE('',#4499,#4504,#3724,.T.);
#5724=EDGE_CURVE('',#4505,#4506,#883,.T.);
#5725=EDGE_CURVE('',#4507,#4505,#884,.T.);
#5726=EDGE_CURVE('',#4508,#4507,#885,.T.);
#5727=EDGE_CURVE('',#4508,#4506,#886,.T.);
#5728=EDGE_CURVE('',#4506,#4509,#3725,.T.);
#5729=EDGE_CURVE('',#4510,#4508,#3726,.T.);
#5730=EDGE_CURVE('',#4510,#4509,#887,.T.);
#5731=EDGE_CURVE('',#4509,#4511,#888,.T.);
#5732=EDGE_CURVE('',#4512,#4510,#889,.T.);
#5733=EDGE_CURVE('',#4512,#4511,#890,.T.);
#5734=EDGE_CURVE('',#4511,#4505,#3727,.T.);
#5735=EDGE_CURVE('',#4507,#4512,#3728,.T.);
#5736=EDGE_CURVE('',#4513,#4514,#891,.T.);
#5737=EDGE_CURVE('',#4515,#4513,#892,.T.);
#5738=EDGE_CURVE('',#4516,#4515,#893,.T.);
#5739=EDGE_CURVE('',#4516,#4514,#894,.T.);
#5740=EDGE_CURVE('',#4514,#4517,#3729,.T.);
#5741=EDGE_CURVE('',#4518,#4516,#3730,.T.);
#5742=EDGE_CURVE('',#4518,#4517,#895,.T.);
#5743=EDGE_CURVE('',#4517,#4519,#896,.T.);
#5744=EDGE_CURVE('',#4520,#4518,#897,.T.);
#5745=EDGE_CURVE('',#4520,#4519,#898,.T.);
#5746=EDGE_CURVE('',#4519,#4513,#3731,.T.);
#5747=EDGE_CURVE('',#4515,#4520,#3732,.T.);
#5748=EDGE_CURVE('',#4521,#4522,#3733,.T.);
#5749=EDGE_CURVE('',#4523,#4521,#899,.T.);
#5750=EDGE_CURVE('',#4524,#4523,#3734,.T.);
#5751=EDGE_CURVE('',#4524,#4522,#900,.T.);
#5752=EDGE_CURVE('',#4522,#4525,#901,.T.);
#5753=EDGE_CURVE('',#4526,#4524,#902,.T.);
#5754=EDGE_CURVE('',#4526,#4525,#903,.T.);
#5755=EDGE_CURVE('',#4525,#4527,#3735,.T.);
#5756=EDGE_CURVE('',#4528,#4526,#3736,.T.);
#5757=EDGE_CURVE('',#4528,#4527,#904,.T.);
#5758=EDGE_CURVE('',#4527,#4521,#905,.T.);
#5759=EDGE_CURVE('',#4523,#4528,#906,.T.);
#5760=EDGE_CURVE('',#4529,#4530,#3737,.T.);
#5761=EDGE_CURVE('',#4531,#4529,#907,.T.);
#5762=EDGE_CURVE('',#4532,#4531,#3738,.T.);
#5763=EDGE_CURVE('',#4532,#4530,#908,.T.);
#5764=EDGE_CURVE('',#4530,#4533,#909,.T.);
#5765=EDGE_CURVE('',#4534,#4532,#910,.T.);
#5766=EDGE_CURVE('',#4534,#4533,#911,.T.);
#5767=EDGE_CURVE('',#4533,#4535,#3739,.T.);
#5768=EDGE_CURVE('',#4536,#4534,#3740,.T.);
#5769=EDGE_CURVE('',#4536,#4535,#912,.T.);
#5770=EDGE_CURVE('',#4535,#4529,#913,.T.);
#5771=EDGE_CURVE('',#4531,#4536,#914,.T.);
#5772=EDGE_CURVE('',#4537,#4538,#915,.T.);
#5773=EDGE_CURVE('',#4539,#4537,#916,.T.);
#5774=EDGE_CURVE('',#4540,#4539,#917,.T.);
#5775=EDGE_CURVE('',#4540,#4538,#918,.T.);
#5776=EDGE_CURVE('',#4538,#4541,#3741,.T.);
#5777=EDGE_CURVE('',#4542,#4540,#3742,.T.);
#5778=EDGE_CURVE('',#4542,#4541,#919,.T.);
#5779=EDGE_CURVE('',#4541,#4543,#920,.T.);
#5780=EDGE_CURVE('',#4544,#4542,#921,.T.);
#5781=EDGE_CURVE('',#4544,#4543,#922,.T.);
#5782=EDGE_CURVE('',#4543,#4537,#3743,.T.);
#5783=EDGE_CURVE('',#4539,#4544,#3744,.T.);
#5784=EDGE_CURVE('',#4545,#4546,#923,.T.);
#5785=EDGE_CURVE('',#4547,#4545,#924,.T.);
#5786=EDGE_CURVE('',#4548,#4547,#925,.T.);
#5787=EDGE_CURVE('',#4548,#4546,#926,.T.);
#5788=EDGE_CURVE('',#4546,#4549,#3745,.T.);
#5789=EDGE_CURVE('',#4550,#4548,#3746,.T.);
#5790=EDGE_CURVE('',#4550,#4549,#927,.T.);
#5791=EDGE_CURVE('',#4549,#4551,#928,.T.);
#5792=EDGE_CURVE('',#4552,#4550,#929,.T.);
#5793=EDGE_CURVE('',#4552,#4551,#930,.T.);
#5794=EDGE_CURVE('',#4551,#4545,#3747,.T.);
#5795=EDGE_CURVE('',#4547,#4552,#3748,.T.);
#5796=EDGE_CURVE('',#4553,#4554,#931,.T.);
#5797=EDGE_CURVE('',#4555,#4553,#932,.T.);
#5798=EDGE_CURVE('',#4556,#4555,#933,.T.);
#5799=EDGE_CURVE('',#4556,#4554,#934,.T.);
#5800=EDGE_CURVE('',#4554,#4557,#3749,.T.);
#5801=EDGE_CURVE('',#4558,#4556,#3750,.T.);
#5802=EDGE_CURVE('',#4558,#4557,#935,.T.);
#5803=EDGE_CURVE('',#4557,#4559,#936,.T.);
#5804=EDGE_CURVE('',#4560,#4558,#937,.T.);
#5805=EDGE_CURVE('',#4560,#4559,#938,.T.);
#5806=EDGE_CURVE('',#4559,#4553,#3751,.T.);
#5807=EDGE_CURVE('',#4555,#4560,#3752,.T.);
#5808=EDGE_CURVE('',#4561,#4562,#939,.T.);
#5809=EDGE_CURVE('',#4563,#4561,#940,.T.);
#5810=EDGE_CURVE('',#4564,#4563,#941,.T.);
#5811=EDGE_CURVE('',#4564,#4562,#942,.T.);
#5812=EDGE_CURVE('',#4562,#4565,#3753,.T.);
#5813=EDGE_CURVE('',#4566,#4564,#3754,.T.);
#5814=EDGE_CURVE('',#4566,#4565,#943,.T.);
#5815=EDGE_CURVE('',#4565,#4567,#944,.T.);
#5816=EDGE_CURVE('',#4568,#4566,#945,.T.);
#5817=EDGE_CURVE('',#4568,#4567,#946,.T.);
#5818=EDGE_CURVE('',#4567,#4561,#3755,.T.);
#5819=EDGE_CURVE('',#4563,#4568,#3756,.T.);
#5820=EDGE_CURVE('',#4569,#4570,#947,.T.);
#5821=EDGE_CURVE('',#4571,#4569,#948,.T.);
#5822=EDGE_CURVE('',#4572,#4571,#949,.T.);
#5823=EDGE_CURVE('',#4572,#4570,#950,.T.);
#5824=EDGE_CURVE('',#4570,#4573,#3757,.T.);
#5825=EDGE_CURVE('',#4574,#4572,#3758,.T.);
#5826=EDGE_CURVE('',#4574,#4573,#951,.T.);
#5827=EDGE_CURVE('',#4573,#4575,#952,.T.);
#5828=EDGE_CURVE('',#4576,#4574,#953,.T.);
#5829=EDGE_CURVE('',#4576,#4575,#954,.T.);
#5830=EDGE_CURVE('',#4575,#4569,#3759,.T.);
#5831=EDGE_CURVE('',#4571,#4576,#3760,.T.);
#5832=EDGE_CURVE('',#4577,#4578,#955,.T.);
#5833=EDGE_CURVE('',#4579,#4577,#956,.T.);
#5834=EDGE_CURVE('',#4580,#4579,#957,.T.);
#5835=EDGE_CURVE('',#4580,#4578,#958,.T.);
#5836=EDGE_CURVE('',#4578,#4581,#3761,.T.);
#5837=EDGE_CURVE('',#4582,#4580,#3762,.T.);
#5838=EDGE_CURVE('',#4582,#4581,#959,.T.);
#5839=EDGE_CURVE('',#4581,#4583,#960,.T.);
#5840=EDGE_CURVE('',#4584,#4582,#961,.T.);
#5841=EDGE_CURVE('',#4584,#4583,#962,.T.);
#5842=EDGE_CURVE('',#4583,#4577,#3763,.T.);
#5843=EDGE_CURVE('',#4579,#4584,#3764,.T.);
#5844=EDGE_CURVE('',#4585,#4586,#963,.T.);
#5845=EDGE_CURVE('',#4587,#4585,#964,.T.);
#5846=EDGE_CURVE('',#4588,#4587,#965,.T.);
#5847=EDGE_CURVE('',#4588,#4586,#966,.T.);
#5848=EDGE_CURVE('',#4586,#4589,#3765,.T.);
#5849=EDGE_CURVE('',#4590,#4588,#3766,.T.);
#5850=EDGE_CURVE('',#4590,#4589,#967,.T.);
#5851=EDGE_CURVE('',#4589,#4591,#968,.T.);
#5852=EDGE_CURVE('',#4592,#4590,#969,.T.);
#5853=EDGE_CURVE('',#4592,#4591,#970,.T.);
#5854=EDGE_CURVE('',#4591,#4585,#3767,.T.);
#5855=EDGE_CURVE('',#4587,#4592,#3768,.T.);
#5856=EDGE_CURVE('',#4593,#4594,#971,.T.);
#5857=EDGE_CURVE('',#4595,#4593,#972,.T.);
#5858=EDGE_CURVE('',#4596,#4595,#973,.T.);
#5859=EDGE_CURVE('',#4596,#4594,#974,.T.);
#5860=EDGE_CURVE('',#4594,#4597,#3769,.T.);
#5861=EDGE_CURVE('',#4598,#4596,#3770,.T.);
#5862=EDGE_CURVE('',#4598,#4597,#975,.T.);
#5863=EDGE_CURVE('',#4597,#4599,#976,.T.);
#5864=EDGE_CURVE('',#4600,#4598,#977,.T.);
#5865=EDGE_CURVE('',#4600,#4599,#978,.T.);
#5866=EDGE_CURVE('',#4599,#4593,#3771,.T.);
#5867=EDGE_CURVE('',#4595,#4600,#3772,.T.);
#5868=EDGE_CURVE('',#4601,#4602,#979,.T.);
#5869=EDGE_CURVE('',#4603,#4601,#980,.T.);
#5870=EDGE_CURVE('',#4604,#4603,#981,.T.);
#5871=EDGE_CURVE('',#4604,#4602,#982,.T.);
#5872=EDGE_CURVE('',#4602,#4605,#3773,.T.);
#5873=EDGE_CURVE('',#4606,#4604,#3774,.T.);
#5874=EDGE_CURVE('',#4606,#4605,#983,.T.);
#5875=EDGE_CURVE('',#4605,#4607,#984,.T.);
#5876=EDGE_CURVE('',#4608,#4606,#985,.T.);
#5877=EDGE_CURVE('',#4608,#4607,#986,.T.);
#5878=EDGE_CURVE('',#4607,#4601,#3775,.T.);
#5879=EDGE_CURVE('',#4603,#4608,#3776,.T.);
#5880=EDGE_CURVE('',#4609,#4610,#987,.T.);
#5881=EDGE_CURVE('',#4611,#4609,#988,.T.);
#5882=EDGE_CURVE('',#4612,#4611,#989,.T.);
#5883=EDGE_CURVE('',#4612,#4610,#990,.T.);
#5884=EDGE_CURVE('',#4610,#4613,#3777,.T.);
#5885=EDGE_CURVE('',#4614,#4612,#3778,.T.);
#5886=EDGE_CURVE('',#4614,#4613,#991,.T.);
#5887=EDGE_CURVE('',#4613,#4615,#992,.T.);
#5888=EDGE_CURVE('',#4616,#4614,#993,.T.);
#5889=EDGE_CURVE('',#4616,#4615,#994,.T.);
#5890=EDGE_CURVE('',#4615,#4609,#3779,.T.);
#5891=EDGE_CURVE('',#4611,#4616,#3780,.T.);
#5892=EDGE_CURVE('',#4617,#4618,#995,.T.);
#5893=EDGE_CURVE('',#4619,#4617,#996,.T.);
#5894=EDGE_CURVE('',#4620,#4619,#997,.T.);
#5895=EDGE_CURVE('',#4620,#4618,#998,.T.);
#5896=EDGE_CURVE('',#4618,#4621,#3781,.T.);
#5897=EDGE_CURVE('',#4622,#4620,#3782,.T.);
#5898=EDGE_CURVE('',#4622,#4621,#999,.T.);
#5899=EDGE_CURVE('',#4621,#4623,#1000,.T.);
#5900=EDGE_CURVE('',#4624,#4622,#1001,.T.);
#5901=EDGE_CURVE('',#4624,#4623,#1002,.T.);
#5902=EDGE_CURVE('',#4623,#4617,#3783,.T.);
#5903=EDGE_CURVE('',#4619,#4624,#3784,.T.);
#5904=EDGE_CURVE('',#4625,#4626,#1003,.T.);
#5905=EDGE_CURVE('',#4627,#4625,#1004,.T.);
#5906=EDGE_CURVE('',#4628,#4627,#1005,.T.);
#5907=EDGE_CURVE('',#4628,#4626,#1006,.T.);
#5908=EDGE_CURVE('',#4626,#4629,#3785,.T.);
#5909=EDGE_CURVE('',#4630,#4628,#3786,.T.);
#5910=EDGE_CURVE('',#4630,#4629,#1007,.T.);
#5911=EDGE_CURVE('',#4629,#4631,#1008,.T.);
#5912=EDGE_CURVE('',#4632,#4630,#1009,.T.);
#5913=EDGE_CURVE('',#4632,#4631,#1010,.T.);
#5914=EDGE_CURVE('',#4631,#4625,#3787,.T.);
#5915=EDGE_CURVE('',#4627,#4632,#3788,.T.);
#5916=EDGE_CURVE('',#4633,#4634,#1011,.T.);
#5917=EDGE_CURVE('',#4635,#4633,#1012,.T.);
#5918=EDGE_CURVE('',#4636,#4635,#1013,.T.);
#5919=EDGE_CURVE('',#4636,#4634,#1014,.T.);
#5920=EDGE_CURVE('',#4634,#4637,#3789,.T.);
#5921=EDGE_CURVE('',#4638,#4636,#3790,.T.);
#5922=EDGE_CURVE('',#4638,#4637,#1015,.T.);
#5923=EDGE_CURVE('',#4637,#4639,#1016,.T.);
#5924=EDGE_CURVE('',#4640,#4638,#1017,.T.);
#5925=EDGE_CURVE('',#4640,#4639,#1018,.T.);
#5926=EDGE_CURVE('',#4639,#4633,#3791,.T.);
#5927=EDGE_CURVE('',#4635,#4640,#3792,.T.);
#5928=EDGE_CURVE('',#4641,#4642,#1019,.T.);
#5929=EDGE_CURVE('',#4643,#4641,#1020,.T.);
#5930=EDGE_CURVE('',#4644,#4643,#1021,.T.);
#5931=EDGE_CURVE('',#4644,#4642,#1022,.T.);
#5932=EDGE_CURVE('',#4642,#4645,#3793,.T.);
#5933=EDGE_CURVE('',#4646,#4644,#3794,.T.);
#5934=EDGE_CURVE('',#4646,#4645,#1023,.T.);
#5935=EDGE_CURVE('',#4645,#4647,#1024,.T.);
#5936=EDGE_CURVE('',#4648,#4646,#1025,.T.);
#5937=EDGE_CURVE('',#4648,#4647,#1026,.T.);
#5938=EDGE_CURVE('',#4647,#4641,#3795,.T.);
#5939=EDGE_CURVE('',#4643,#4648,#3796,.T.);
#5940=EDGE_CURVE('',#4649,#4650,#1027,.T.);
#5941=EDGE_CURVE('',#4651,#4649,#1028,.T.);
#5942=EDGE_CURVE('',#4652,#4651,#1029,.T.);
#5943=EDGE_CURVE('',#4652,#4650,#1030,.T.);
#5944=EDGE_CURVE('',#4650,#4653,#3797,.T.);
#5945=EDGE_CURVE('',#4654,#4652,#3798,.T.);
#5946=EDGE_CURVE('',#4654,#4653,#1031,.T.);
#5947=EDGE_CURVE('',#4653,#4655,#1032,.T.);
#5948=EDGE_CURVE('',#4656,#4654,#1033,.T.);
#5949=EDGE_CURVE('',#4656,#4655,#1034,.T.);
#5950=EDGE_CURVE('',#4655,#4649,#3799,.T.);
#5951=EDGE_CURVE('',#4651,#4656,#3800,.T.);
#5952=EDGE_CURVE('',#4657,#4658,#1035,.T.);
#5953=EDGE_CURVE('',#4659,#4657,#1036,.T.);
#5954=EDGE_CURVE('',#4660,#4659,#1037,.T.);
#5955=EDGE_CURVE('',#4660,#4658,#1038,.T.);
#5956=EDGE_CURVE('',#4658,#4661,#3801,.T.);
#5957=EDGE_CURVE('',#4662,#4660,#3802,.T.);
#5958=EDGE_CURVE('',#4662,#4661,#1039,.T.);
#5959=EDGE_CURVE('',#4661,#4663,#1040,.T.);
#5960=EDGE_CURVE('',#4664,#4662,#1041,.T.);
#5961=EDGE_CURVE('',#4664,#4663,#1042,.T.);
#5962=EDGE_CURVE('',#4663,#4657,#3803,.T.);
#5963=EDGE_CURVE('',#4659,#4664,#3804,.T.);
#5964=EDGE_CURVE('',#4665,#4666,#1043,.T.);
#5965=EDGE_CURVE('',#4667,#4665,#1044,.T.);
#5966=EDGE_CURVE('',#4668,#4667,#1045,.T.);
#5967=EDGE_CURVE('',#4668,#4666,#1046,.T.);
#5968=EDGE_CURVE('',#4666,#4669,#3805,.T.);
#5969=EDGE_CURVE('',#4670,#4668,#3806,.T.);
#5970=EDGE_CURVE('',#4670,#4669,#1047,.T.);
#5971=EDGE_CURVE('',#4669,#4671,#1048,.T.);
#5972=EDGE_CURVE('',#4672,#4670,#1049,.T.);
#5973=EDGE_CURVE('',#4672,#4671,#1050,.T.);
#5974=EDGE_CURVE('',#4671,#4665,#3807,.T.);
#5975=EDGE_CURVE('',#4667,#4672,#3808,.T.);
#5976=EDGE_CURVE('',#4673,#4674,#1051,.T.);
#5977=EDGE_CURVE('',#4675,#4673,#1052,.T.);
#5978=EDGE_CURVE('',#4676,#4675,#1053,.T.);
#5979=EDGE_CURVE('',#4676,#4674,#1054,.T.);
#5980=EDGE_CURVE('',#4674,#4677,#3809,.T.);
#5981=EDGE_CURVE('',#4678,#4676,#3810,.T.);
#5982=EDGE_CURVE('',#4678,#4677,#1055,.T.);
#5983=EDGE_CURVE('',#4677,#4679,#1056,.T.);
#5984=EDGE_CURVE('',#4680,#4678,#1057,.T.);
#5985=EDGE_CURVE('',#4680,#4679,#1058,.T.);
#5986=EDGE_CURVE('',#4679,#4673,#3811,.T.);
#5987=EDGE_CURVE('',#4675,#4680,#3812,.T.);
#5988=EDGE_CURVE('',#4681,#4682,#1059,.T.);
#5989=EDGE_CURVE('',#4683,#4681,#1060,.T.);
#5990=EDGE_CURVE('',#4684,#4683,#1061,.T.);
#5991=EDGE_CURVE('',#4684,#4682,#1062,.T.);
#5992=EDGE_CURVE('',#4682,#4685,#3813,.T.);
#5993=EDGE_CURVE('',#4686,#4684,#3814,.T.);
#5994=EDGE_CURVE('',#4686,#4685,#1063,.T.);
#5995=EDGE_CURVE('',#4685,#4687,#1064,.T.);
#5996=EDGE_CURVE('',#4688,#4686,#1065,.T.);
#5997=EDGE_CURVE('',#4688,#4687,#1066,.T.);
#5998=EDGE_CURVE('',#4687,#4681,#3815,.T.);
#5999=EDGE_CURVE('',#4683,#4688,#3816,.T.);
#6000=EDGE_CURVE('',#4689,#4690,#1067,.T.);
#6001=EDGE_CURVE('',#4691,#4689,#1068,.T.);
#6002=EDGE_CURVE('',#4692,#4691,#1069,.T.);
#6003=EDGE_CURVE('',#4692,#4690,#1070,.T.);
#6004=EDGE_CURVE('',#4690,#4693,#3817,.T.);
#6005=EDGE_CURVE('',#4694,#4692,#3818,.T.);
#6006=EDGE_CURVE('',#4694,#4693,#1071,.T.);
#6007=EDGE_CURVE('',#4693,#4695,#1072,.T.);
#6008=EDGE_CURVE('',#4696,#4694,#1073,.T.);
#6009=EDGE_CURVE('',#4696,#4695,#1074,.T.);
#6010=EDGE_CURVE('',#4695,#4689,#3819,.T.);
#6011=EDGE_CURVE('',#4691,#4696,#3820,.T.);
#6012=EDGE_CURVE('',#4697,#4698,#1075,.T.);
#6013=EDGE_CURVE('',#4699,#4697,#1076,.T.);
#6014=EDGE_CURVE('',#4700,#4699,#1077,.T.);
#6015=EDGE_CURVE('',#4700,#4698,#1078,.T.);
#6016=EDGE_CURVE('',#4698,#4701,#3821,.T.);
#6017=EDGE_CURVE('',#4702,#4700,#3822,.T.);
#6018=EDGE_CURVE('',#4702,#4701,#1079,.T.);
#6019=EDGE_CURVE('',#4701,#4703,#1080,.T.);
#6020=EDGE_CURVE('',#4704,#4702,#1081,.T.);
#6021=EDGE_CURVE('',#4704,#4703,#1082,.T.);
#6022=EDGE_CURVE('',#4703,#4697,#3823,.T.);
#6023=EDGE_CURVE('',#4699,#4704,#3824,.T.);
#6024=EDGE_CURVE('',#4705,#4706,#1083,.T.);
#6025=EDGE_CURVE('',#4707,#4705,#1084,.T.);
#6026=EDGE_CURVE('',#4708,#4707,#1085,.T.);
#6027=EDGE_CURVE('',#4708,#4706,#1086,.T.);
#6028=EDGE_CURVE('',#4706,#4709,#3825,.T.);
#6029=EDGE_CURVE('',#4710,#4708,#3826,.T.);
#6030=EDGE_CURVE('',#4710,#4709,#1087,.T.);
#6031=EDGE_CURVE('',#4709,#4711,#1088,.T.);
#6032=EDGE_CURVE('',#4712,#4710,#1089,.T.);
#6033=EDGE_CURVE('',#4712,#4711,#1090,.T.);
#6034=EDGE_CURVE('',#4711,#4705,#3827,.T.);
#6035=EDGE_CURVE('',#4707,#4712,#3828,.T.);
#6036=EDGE_CURVE('',#4713,#4714,#1091,.T.);
#6037=EDGE_CURVE('',#4715,#4713,#1092,.T.);
#6038=EDGE_CURVE('',#4716,#4715,#1093,.T.);
#6039=EDGE_CURVE('',#4716,#4714,#1094,.T.);
#6040=EDGE_CURVE('',#4714,#4717,#3829,.T.);
#6041=EDGE_CURVE('',#4718,#4716,#3830,.T.);
#6042=EDGE_CURVE('',#4718,#4717,#1095,.T.);
#6043=EDGE_CURVE('',#4717,#4719,#1096,.T.);
#6044=EDGE_CURVE('',#4720,#4718,#1097,.T.);
#6045=EDGE_CURVE('',#4720,#4719,#1098,.T.);
#6046=EDGE_CURVE('',#4719,#4713,#3831,.T.);
#6047=EDGE_CURVE('',#4715,#4720,#3832,.T.);
#6048=EDGE_CURVE('',#4721,#4722,#1099,.T.);
#6049=EDGE_CURVE('',#4723,#4721,#1100,.T.);
#6050=EDGE_CURVE('',#4724,#4723,#1101,.T.);
#6051=EDGE_CURVE('',#4724,#4722,#1102,.T.);
#6052=EDGE_CURVE('',#4722,#4725,#3833,.T.);
#6053=EDGE_CURVE('',#4726,#4724,#3834,.T.);
#6054=EDGE_CURVE('',#4726,#4725,#1103,.T.);
#6055=EDGE_CURVE('',#4725,#4727,#1104,.T.);
#6056=EDGE_CURVE('',#4728,#4726,#1105,.T.);
#6057=EDGE_CURVE('',#4728,#4727,#1106,.T.);
#6058=EDGE_CURVE('',#4727,#4721,#3835,.T.);
#6059=EDGE_CURVE('',#4723,#4728,#3836,.T.);
#6060=EDGE_CURVE('',#4729,#4730,#1107,.T.);
#6061=EDGE_CURVE('',#4731,#4729,#1108,.T.);
#6062=EDGE_CURVE('',#4732,#4731,#1109,.T.);
#6063=EDGE_CURVE('',#4732,#4730,#1110,.T.);
#6064=EDGE_CURVE('',#4730,#4733,#3837,.T.);
#6065=EDGE_CURVE('',#4734,#4732,#3838,.T.);
#6066=EDGE_CURVE('',#4734,#4733,#1111,.T.);
#6067=EDGE_CURVE('',#4733,#4735,#1112,.T.);
#6068=EDGE_CURVE('',#4736,#4734,#1113,.T.);
#6069=EDGE_CURVE('',#4736,#4735,#1114,.T.);
#6070=EDGE_CURVE('',#4735,#4729,#3839,.T.);
#6071=EDGE_CURVE('',#4731,#4736,#3840,.T.);
#6072=EDGE_CURVE('',#3903,#3860,#1115,.T.);
#6073=EDGE_CURVE('',#3858,#3902,#1116,.T.);
#6074=EDGE_CURVE('',#3856,#3885,#1117,.T.);
#6075=EDGE_CURVE('',#3877,#3855,#1118,.T.);
#6076=EDGE_CURVE('',#3925,#3879,#1119,.T.);
#6077=EDGE_CURVE('',#3883,#3927,#1120,.T.);
#6078=EDGE_CURVE('',#3923,#3907,#1121,.T.);
#6079=EDGE_CURVE('',#3905,#3922,#1122,.T.);
#6080=EDGE_CURVE('',#3869,#3888,#1123,.T.);
#6081=EDGE_CURVE('',#3910,#3870,#1124,.T.);
#6082=EDGE_CURVE('',#3928,#3911,#1125,.T.);
#6083=EDGE_CURVE('',#3887,#3929,#1126,.T.);
#6084=EDGE_CURVE('',#4737,#3862,#1127,.T.);
#6085=EDGE_CURVE('',#3909,#4737,#1128,.T.);
#6086=EDGE_CURVE('',#4737,#4738,#3841,.T.);
#6087=EDGE_CURVE('',#4738,#3861,#1129,.T.);
#6088=EDGE_CURVE('',#4738,#3896,#1130,.T.);
#6089=EDGE_CURVE('',#3897,#4739,#1131,.T.);
#6090=EDGE_CURVE('',#4739,#3865,#1132,.T.);
#6091=EDGE_CURVE('',#4739,#4740,#3842,.T.);
#6092=EDGE_CURVE('',#4740,#3866,#1133,.T.);
#6093=EDGE_CURVE('',#4740,#3908,#1134,.T.);
#6094=EDGE_CURVE('',#4741,#4738,#1135,.T.);
#6095=EDGE_CURVE('',#4741,#4742,#1136,.T.);
#6096=EDGE_CURVE('',#4742,#3896,#1137,.T.);
#6097=EDGE_CURVE('',#4743,#4737,#1138,.T.);
#6098=EDGE_CURVE('',#4741,#4743,#3843,.T.);
#6099=EDGE_CURVE('',#4744,#3909,#1139,.T.);
#6100=EDGE_CURVE('',#4744,#4743,#1140,.T.);
#6101=EDGE_CURVE('',#4745,#3908,#1141,.T.);
#6102=EDGE_CURVE('',#4744,#4745,#3844,.T.);
#6103=EDGE_CURVE('',#4746,#4740,#1142,.T.);
#6104=EDGE_CURVE('',#4745,#4746,#1143,.T.);
#6105=EDGE_CURVE('',#4747,#4739,#1144,.T.);
#6106=EDGE_CURVE('',#4746,#4747,#3845,.T.);
#6107=EDGE_CURVE('',#4748,#3897,#1145,.T.);
#6108=EDGE_CURVE('',#4747,#4748,#1146,.T.);
#6109=EDGE_CURVE('',#4748,#4742,#3846,.T.);
#6110=ORIENTED_EDGE('',*,*,#4749,.F.);
#6111=ORIENTED_EDGE('',*,*,#4750,.F.);
#6112=ORIENTED_EDGE('',*,*,#4751,.T.);
#6113=ORIENTED_EDGE('',*,*,#4752,.T.);
#6114=ORIENTED_EDGE('',*,*,#4751,.F.);
#6115=ORIENTED_EDGE('',*,*,#4752,.F.);
#6116=ORIENTED_EDGE('',*,*,#4753,.F.);
#6117=ORIENTED_EDGE('',*,*,#4754,.F.);
#6118=ORIENTED_EDGE('',*,*,#4755,.F.);
#6119=ORIENTED_EDGE('',*,*,#4756,.F.);
#6120=ORIENTED_EDGE('',*,*,#4757,.T.);
#6121=ORIENTED_EDGE('',*,*,#4758,.F.);
#6122=ORIENTED_EDGE('',*,*,#4759,.F.);
#6123=ORIENTED_EDGE('',*,*,#4760,.F.);
#6124=ORIENTED_EDGE('',*,*,#4761,.F.);
#6125=ORIENTED_EDGE('',*,*,#4755,.T.);
#6126=ORIENTED_EDGE('',*,*,#4762,.F.);
#6127=ORIENTED_EDGE('',*,*,#4757,.F.);
#6128=ORIENTED_EDGE('',*,*,#4763,.T.);
#6129=ORIENTED_EDGE('',*,*,#4764,.T.);
#6130=ORIENTED_EDGE('',*,*,#4765,.T.);
#6131=ORIENTED_EDGE('',*,*,#4756,.T.);
#6132=ORIENTED_EDGE('',*,*,#4761,.T.);
#6133=ORIENTED_EDGE('',*,*,#4766,.F.);
#6134=ORIENTED_EDGE('',*,*,#4763,.F.);
#6135=ORIENTED_EDGE('',*,*,#4767,.F.);
#6136=ORIENTED_EDGE('',*,*,#4768,.F.);
#6137=ORIENTED_EDGE('',*,*,#4769,.F.);
#6138=ORIENTED_EDGE('',*,*,#4770,.F.);
#6139=ORIENTED_EDGE('',*,*,#4771,.F.);
#6140=ORIENTED_EDGE('',*,*,#4772,.F.);
#6141=ORIENTED_EDGE('',*,*,#4773,.F.);
#6142=ORIENTED_EDGE('',*,*,#4774,.F.);
#6143=ORIENTED_EDGE('',*,*,#4766,.T.);
#6144=ORIENTED_EDGE('',*,*,#4775,.F.);
#6145=ORIENTED_EDGE('',*,*,#4776,.F.);
#6146=ORIENTED_EDGE('',*,*,#4777,.T.);
#6147=ORIENTED_EDGE('',*,*,#4778,.T.);
#6148=ORIENTED_EDGE('',*,*,#4779,.F.);
#6149=ORIENTED_EDGE('',*,*,#4780,.F.);
#6150=ORIENTED_EDGE('',*,*,#4781,.T.);
#6151=ORIENTED_EDGE('',*,*,#4782,.F.);
#6152=ORIENTED_EDGE('',*,*,#4783,.F.);
#6153=ORIENTED_EDGE('',*,*,#4784,.F.);
#6154=ORIENTED_EDGE('',*,*,#4785,.F.);
#6155=ORIENTED_EDGE('',*,*,#4786,.F.);
#6156=ORIENTED_EDGE('',*,*,#4787,.F.);
#6157=ORIENTED_EDGE('',*,*,#4788,.T.);
#6158=ORIENTED_EDGE('',*,*,#4789,.T.);
#6159=ORIENTED_EDGE('',*,*,#4790,.F.);
#6160=ORIENTED_EDGE('',*,*,#4791,.F.);
#6161=ORIENTED_EDGE('',*,*,#4792,.F.);
#6162=ORIENTED_EDGE('',*,*,#4787,.T.);
#6163=ORIENTED_EDGE('',*,*,#4749,.T.);
#6164=ORIENTED_EDGE('',*,*,#4793,.T.);
#6165=ORIENTED_EDGE('',*,*,#4753,.T.);
#6166=ORIENTED_EDGE('',*,*,#4793,.F.);
#6167=ORIENTED_EDGE('',*,*,#4794,.T.);
#6168=ORIENTED_EDGE('',*,*,#4789,.F.);
#6169=ORIENTED_EDGE('',*,*,#4795,.F.);
#6170=ORIENTED_EDGE('',*,*,#4796,.T.);
#6171=ORIENTED_EDGE('',*,*,#4792,.T.);
#6172=ORIENTED_EDGE('',*,*,#4797,.F.);
#6173=ORIENTED_EDGE('',*,*,#4795,.T.);
#6174=ORIENTED_EDGE('',*,*,#4788,.F.);
#6175=ORIENTED_EDGE('',*,*,#4750,.T.);
#6176=ORIENTED_EDGE('',*,*,#4797,.T.);
#6177=ORIENTED_EDGE('',*,*,#4798,.F.);
#6178=ORIENTED_EDGE('',*,*,#4799,.F.);
#6179=ORIENTED_EDGE('',*,*,#4800,.T.);
#6180=ORIENTED_EDGE('',*,*,#4801,.T.);
#6181=ORIENTED_EDGE('',*,*,#4802,.F.);
#6182=ORIENTED_EDGE('',*,*,#4803,.F.);
#6183=ORIENTED_EDGE('',*,*,#4804,.T.);
#6184=ORIENTED_EDGE('',*,*,#4805,.T.);
#6185=ORIENTED_EDGE('',*,*,#4806,.T.);
#6186=ORIENTED_EDGE('',*,*,#4807,.F.);
#6187=ORIENTED_EDGE('',*,*,#4808,.F.);
#6188=ORIENTED_EDGE('',*,*,#4809,.T.);
#6189=ORIENTED_EDGE('',*,*,#4810,.T.);
#6190=ORIENTED_EDGE('',*,*,#4769,.T.);
#6191=ORIENTED_EDGE('',*,*,#4811,.F.);
#6192=ORIENTED_EDGE('',*,*,#4812,.F.);
#6193=ORIENTED_EDGE('',*,*,#4813,.F.);
#6194=ORIENTED_EDGE('',*,*,#4814,.T.);
#6195=ORIENTED_EDGE('',*,*,#4815,.F.);
#6196=ORIENTED_EDGE('',*,*,#4816,.F.);
#6197=ORIENTED_EDGE('',*,*,#4817,.F.);
#6198=ORIENTED_EDGE('',*,*,#4818,.F.);
#6199=ORIENTED_EDGE('',*,*,#4812,.T.);
#6200=ORIENTED_EDGE('',*,*,#4819,.F.);
#6201=ORIENTED_EDGE('',*,*,#4814,.F.);
#6202=ORIENTED_EDGE('',*,*,#4820,.T.);
#6203=ORIENTED_EDGE('',*,*,#4821,.T.);
#6204=ORIENTED_EDGE('',*,*,#4822,.F.);
#6205=ORIENTED_EDGE('',*,*,#4820,.F.);
#6206=ORIENTED_EDGE('',*,*,#4813,.T.);
#6207=ORIENTED_EDGE('',*,*,#4818,.T.);
#6208=ORIENTED_EDGE('',*,*,#4823,.F.);
#6209=ORIENTED_EDGE('',*,*,#4824,.T.);
#6210=ORIENTED_EDGE('',*,*,#4825,.T.);
#6211=ORIENTED_EDGE('',*,*,#4826,.T.);
#6212=ORIENTED_EDGE('',*,*,#4773,.T.);
#6213=ORIENTED_EDGE('',*,*,#4823,.T.);
#6214=ORIENTED_EDGE('',*,*,#4827,.F.);
#6215=ORIENTED_EDGE('',*,*,#4828,.F.);
#6216=ORIENTED_EDGE('',*,*,#4829,.T.);
#6217=ORIENTED_EDGE('',*,*,#4830,.T.);
#6218=ORIENTED_EDGE('',*,*,#4831,.F.);
#6219=ORIENTED_EDGE('',*,*,#4832,.F.);
#6220=ORIENTED_EDGE('',*,*,#4833,.T.);
#6221=ORIENTED_EDGE('',*,*,#4834,.F.);
#6222=ORIENTED_EDGE('',*,*,#4835,.F.);
#6223=ORIENTED_EDGE('',*,*,#4836,.F.);
#6224=ORIENTED_EDGE('',*,*,#4837,.F.);
#6225=ORIENTED_EDGE('',*,*,#4838,.F.);
#6226=ORIENTED_EDGE('',*,*,#4839,.T.);
#6227=ORIENTED_EDGE('',*,*,#4840,.F.);
#6228=ORIENTED_EDGE('',*,*,#4841,.F.);
#6229=ORIENTED_EDGE('',*,*,#4842,.F.);
#6230=ORIENTED_EDGE('',*,*,#4843,.F.);
#6231=ORIENTED_EDGE('',*,*,#4837,.T.);
#6232=ORIENTED_EDGE('',*,*,#4844,.F.);
#6233=ORIENTED_EDGE('',*,*,#4839,.F.);
#6234=ORIENTED_EDGE('',*,*,#4845,.T.);
#6235=ORIENTED_EDGE('',*,*,#4846,.T.);
#6236=ORIENTED_EDGE('',*,*,#4847,.T.);
#6237=ORIENTED_EDGE('',*,*,#4845,.F.);
#6238=ORIENTED_EDGE('',*,*,#4838,.T.);
#6239=ORIENTED_EDGE('',*,*,#4843,.T.);
#6240=ORIENTED_EDGE('',*,*,#4848,.F.);
#6241=ORIENTED_EDGE('',*,*,#4848,.T.);
#6242=ORIENTED_EDGE('',*,*,#4849,.F.);
#6243=ORIENTED_EDGE('',*,*,#4850,.F.);
#6244=ORIENTED_EDGE('',*,*,#4851,.T.);
#6245=ORIENTED_EDGE('',*,*,#4852,.T.);
#6246=ORIENTED_EDGE('',*,*,#4853,.F.);
#6247=ORIENTED_EDGE('',*,*,#4854,.F.);
#6248=ORIENTED_EDGE('',*,*,#4855,.T.);
#6249=ORIENTED_EDGE('',*,*,#4856,.F.);
#6250=ORIENTED_EDGE('',*,*,#4857,.F.);
#6251=ORIENTED_EDGE('',*,*,#4779,.T.);
#6252=ORIENTED_EDGE('',*,*,#4858,.T.);
#6253=ORIENTED_EDGE('',*,*,#4783,.T.);
#6254=ORIENTED_EDGE('',*,*,#4859,.F.);
#6255=ORIENTED_EDGE('',*,*,#4858,.F.);
#6256=ORIENTED_EDGE('',*,*,#4778,.F.);
#6257=ORIENTED_EDGE('',*,*,#4782,.T.);
#6258=ORIENTED_EDGE('',*,*,#4860,.T.);
#6259=ORIENTED_EDGE('',*,*,#4780,.T.);
#6260=ORIENTED_EDGE('',*,*,#4859,.T.);
#6261=ORIENTED_EDGE('',*,*,#4860,.F.);
#6262=ORIENTED_EDGE('',*,*,#4781,.F.);
#6263=ORIENTED_EDGE('',*,*,#4832,.T.);
#6264=ORIENTED_EDGE('',*,*,#4861,.F.);
#6265=ORIENTED_EDGE('',*,*,#4834,.T.);
#6266=ORIENTED_EDGE('',*,*,#4862,.T.);
#6267=ORIENTED_EDGE('',*,*,#4835,.T.);
#6268=ORIENTED_EDGE('',*,*,#4861,.T.);
#6269=ORIENTED_EDGE('',*,*,#4831,.T.);
#6270=ORIENTED_EDGE('',*,*,#4863,.T.);
#6271=ORIENTED_EDGE('',*,*,#4864,.T.);
#6272=ORIENTED_EDGE('',*,*,#4865,.F.);
#6273=ORIENTED_EDGE('',*,*,#4802,.T.);
#6274=ORIENTED_EDGE('',*,*,#4866,.T.);
#6275=ORIENTED_EDGE('',*,*,#4807,.T.);
#6276=ORIENTED_EDGE('',*,*,#4864,.F.);
#6277=ORIENTED_EDGE('',*,*,#4806,.F.);
#6278=ORIENTED_EDGE('',*,*,#4867,.F.);
#6279=ORIENTED_EDGE('',*,*,#4867,.T.);
#6280=ORIENTED_EDGE('',*,*,#4805,.F.);
#6281=ORIENTED_EDGE('',*,*,#4868,.T.);
#6282=ORIENTED_EDGE('',*,*,#4803,.T.);
#6283=ORIENTED_EDGE('',*,*,#4865,.T.);
#6284=ORIENTED_EDGE('',*,*,#4857,.T.);
#6285=ORIENTED_EDGE('',*,*,#4869,.F.);
#6286=ORIENTED_EDGE('',*,*,#4853,.T.);
#6287=ORIENTED_EDGE('',*,*,#4870,.T.);
#6288=ORIENTED_EDGE('',*,*,#4854,.T.);
#6289=ORIENTED_EDGE('',*,*,#4869,.T.);
#6290=ORIENTED_EDGE('',*,*,#4856,.T.);
#6291=ORIENTED_EDGE('',*,*,#4871,.T.);
#6292=ORIENTED_EDGE('',*,*,#4870,.F.);
#6293=ORIENTED_EDGE('',*,*,#4852,.F.);
#6294=ORIENTED_EDGE('',*,*,#4871,.F.);
#6295=ORIENTED_EDGE('',*,*,#4855,.F.);
#6296=ORIENTED_EDGE('',*,*,#4866,.F.);
#6297=ORIENTED_EDGE('',*,*,#4801,.F.);
#6298=ORIENTED_EDGE('',*,*,#4868,.F.);
#6299=ORIENTED_EDGE('',*,*,#4804,.F.);
#6300=ORIENTED_EDGE('',*,*,#4863,.F.);
#6301=ORIENTED_EDGE('',*,*,#4830,.F.);
#6302=ORIENTED_EDGE('',*,*,#4862,.F.);
#6303=ORIENTED_EDGE('',*,*,#4833,.F.);
#6304=ORIENTED_EDGE('',*,*,#4872,.F.);
#6305=ORIENTED_EDGE('',*,*,#4873,.F.);
#6306=ORIENTED_EDGE('',*,*,#4874,.F.);
#6307=ORIENTED_EDGE('',*,*,#4875,.T.);
#6308=ORIENTED_EDGE('',*,*,#4876,.F.);
#6309=ORIENTED_EDGE('',*,*,#4877,.T.);
#6310=ORIENTED_EDGE('',*,*,#4878,.F.);
#6311=ORIENTED_EDGE('',*,*,#4879,.F.);
#6312=ORIENTED_EDGE('',*,*,#4880,.F.);
#6313=ORIENTED_EDGE('',*,*,#4881,.F.);
#6314=ORIENTED_EDGE('',*,*,#4882,.F.);
#6315=ORIENTED_EDGE('',*,*,#4873,.T.);
#6316=ORIENTED_EDGE('',*,*,#4883,.F.);
#6317=ORIENTED_EDGE('',*,*,#4879,.T.);
#6318=ORIENTED_EDGE('',*,*,#4884,.F.);
#6319=ORIENTED_EDGE('',*,*,#4885,.F.);
#6320=ORIENTED_EDGE('',*,*,#4886,.F.);
#6321=ORIENTED_EDGE('',*,*,#4875,.F.);
#6322=ORIENTED_EDGE('',*,*,#4887,.F.);
#6323=ORIENTED_EDGE('',*,*,#4888,.T.);
#6324=ORIENTED_EDGE('',*,*,#4889,.F.);
#6325=ORIENTED_EDGE('',*,*,#4888,.F.);
#6326=ORIENTED_EDGE('',*,*,#4890,.F.);
#6327=ORIENTED_EDGE('',*,*,#4881,.T.);
#6328=ORIENTED_EDGE('',*,*,#4891,.F.);
#6329=ORIENTED_EDGE('',*,*,#4885,.T.);
#6330=ORIENTED_EDGE('',*,*,#4892,.F.);
#6331=ORIENTED_EDGE('',*,*,#4893,.F.);
#6332=ORIENTED_EDGE('',*,*,#4894,.F.);
#6333=ORIENTED_EDGE('',*,*,#4893,.T.);
#6334=ORIENTED_EDGE('',*,*,#4895,.F.);
#6335=ORIENTED_EDGE('',*,*,#4877,.F.);
#6336=ORIENTED_EDGE('',*,*,#4896,.F.);
#6337=ORIENTED_EDGE('',*,*,#4897,.F.);
#6338=ORIENTED_EDGE('',*,*,#4898,.F.);
#6339=ORIENTED_EDGE('',*,*,#4899,.T.);
#6340=ORIENTED_EDGE('',*,*,#4900,.F.);
#6341=ORIENTED_EDGE('',*,*,#4901,.T.);
#6342=ORIENTED_EDGE('',*,*,#4902,.F.);
#6343=ORIENTED_EDGE('',*,*,#4903,.F.);
#6344=ORIENTED_EDGE('',*,*,#4904,.F.);
#6345=ORIENTED_EDGE('',*,*,#4905,.F.);
#6346=ORIENTED_EDGE('',*,*,#4906,.F.);
#6347=ORIENTED_EDGE('',*,*,#4897,.T.);
#6348=ORIENTED_EDGE('',*,*,#4907,.F.);
#6349=ORIENTED_EDGE('',*,*,#4903,.T.);
#6350=ORIENTED_EDGE('',*,*,#4908,.F.);
#6351=ORIENTED_EDGE('',*,*,#4909,.F.);
#6352=ORIENTED_EDGE('',*,*,#4910,.F.);
#6353=ORIENTED_EDGE('',*,*,#4899,.F.);
#6354=ORIENTED_EDGE('',*,*,#4911,.F.);
#6355=ORIENTED_EDGE('',*,*,#4912,.T.);
#6356=ORIENTED_EDGE('',*,*,#4913,.F.);
#6357=ORIENTED_EDGE('',*,*,#4912,.F.);
#6358=ORIENTED_EDGE('',*,*,#4914,.F.);
#6359=ORIENTED_EDGE('',*,*,#4905,.T.);
#6360=ORIENTED_EDGE('',*,*,#4915,.F.);
#6361=ORIENTED_EDGE('',*,*,#4909,.T.);
#6362=ORIENTED_EDGE('',*,*,#4916,.F.);
#6363=ORIENTED_EDGE('',*,*,#4917,.F.);
#6364=ORIENTED_EDGE('',*,*,#4918,.F.);
#6365=ORIENTED_EDGE('',*,*,#4917,.T.);
#6366=ORIENTED_EDGE('',*,*,#4919,.F.);
#6367=ORIENTED_EDGE('',*,*,#4901,.F.);
#6368=ORIENTED_EDGE('',*,*,#4920,.F.);
#6369=ORIENTED_EDGE('',*,*,#4921,.F.);
#6370=ORIENTED_EDGE('',*,*,#4922,.F.);
#6371=ORIENTED_EDGE('',*,*,#4923,.T.);
#6372=ORIENTED_EDGE('',*,*,#4924,.F.);
#6373=ORIENTED_EDGE('',*,*,#4925,.T.);
#6374=ORIENTED_EDGE('',*,*,#4926,.F.);
#6375=ORIENTED_EDGE('',*,*,#4927,.F.);
#6376=ORIENTED_EDGE('',*,*,#4928,.F.);
#6377=ORIENTED_EDGE('',*,*,#4929,.F.);
#6378=ORIENTED_EDGE('',*,*,#4930,.F.);
#6379=ORIENTED_EDGE('',*,*,#4921,.T.);
#6380=ORIENTED_EDGE('',*,*,#4931,.F.);
#6381=ORIENTED_EDGE('',*,*,#4927,.T.);
#6382=ORIENTED_EDGE('',*,*,#4932,.F.);
#6383=ORIENTED_EDGE('',*,*,#4933,.F.);
#6384=ORIENTED_EDGE('',*,*,#4934,.F.);
#6385=ORIENTED_EDGE('',*,*,#4923,.F.);
#6386=ORIENTED_EDGE('',*,*,#4935,.F.);
#6387=ORIENTED_EDGE('',*,*,#4936,.T.);
#6388=ORIENTED_EDGE('',*,*,#4937,.F.);
#6389=ORIENTED_EDGE('',*,*,#4936,.F.);
#6390=ORIENTED_EDGE('',*,*,#4938,.F.);
#6391=ORIENTED_EDGE('',*,*,#4929,.T.);
#6392=ORIENTED_EDGE('',*,*,#4939,.F.);
#6393=ORIENTED_EDGE('',*,*,#4933,.T.);
#6394=ORIENTED_EDGE('',*,*,#4940,.F.);
#6395=ORIENTED_EDGE('',*,*,#4941,.F.);
#6396=ORIENTED_EDGE('',*,*,#4942,.F.);
#6397=ORIENTED_EDGE('',*,*,#4941,.T.);
#6398=ORIENTED_EDGE('',*,*,#4943,.F.);
#6399=ORIENTED_EDGE('',*,*,#4925,.F.);
#6400=ORIENTED_EDGE('',*,*,#4944,.F.);
#6401=ORIENTED_EDGE('',*,*,#4945,.F.);
#6402=ORIENTED_EDGE('',*,*,#4946,.F.);
#6403=ORIENTED_EDGE('',*,*,#4947,.T.);
#6404=ORIENTED_EDGE('',*,*,#4948,.F.);
#6405=ORIENTED_EDGE('',*,*,#4949,.T.);
#6406=ORIENTED_EDGE('',*,*,#4950,.F.);
#6407=ORIENTED_EDGE('',*,*,#4951,.F.);
#6408=ORIENTED_EDGE('',*,*,#4952,.F.);
#6409=ORIENTED_EDGE('',*,*,#4953,.F.);
#6410=ORIENTED_EDGE('',*,*,#4954,.F.);
#6411=ORIENTED_EDGE('',*,*,#4945,.T.);
#6412=ORIENTED_EDGE('',*,*,#4955,.F.);
#6413=ORIENTED_EDGE('',*,*,#4951,.T.);
#6414=ORIENTED_EDGE('',*,*,#4956,.F.);
#6415=ORIENTED_EDGE('',*,*,#4957,.F.);
#6416=ORIENTED_EDGE('',*,*,#4958,.F.);
#6417=ORIENTED_EDGE('',*,*,#4947,.F.);
#6418=ORIENTED_EDGE('',*,*,#4959,.F.);
#6419=ORIENTED_EDGE('',*,*,#4960,.T.);
#6420=ORIENTED_EDGE('',*,*,#4961,.F.);
#6421=ORIENTED_EDGE('',*,*,#4960,.F.);
#6422=ORIENTED_EDGE('',*,*,#4962,.F.);
#6423=ORIENTED_EDGE('',*,*,#4953,.T.);
#6424=ORIENTED_EDGE('',*,*,#4963,.F.);
#6425=ORIENTED_EDGE('',*,*,#4957,.T.);
#6426=ORIENTED_EDGE('',*,*,#4964,.F.);
#6427=ORIENTED_EDGE('',*,*,#4965,.F.);
#6428=ORIENTED_EDGE('',*,*,#4966,.F.);
#6429=ORIENTED_EDGE('',*,*,#4965,.T.);
#6430=ORIENTED_EDGE('',*,*,#4967,.F.);
#6431=ORIENTED_EDGE('',*,*,#4949,.F.);
#6432=ORIENTED_EDGE('',*,*,#4968,.F.);
#6433=ORIENTED_EDGE('',*,*,#4969,.F.);
#6434=ORIENTED_EDGE('',*,*,#4970,.F.);
#6435=ORIENTED_EDGE('',*,*,#4971,.T.);
#6436=ORIENTED_EDGE('',*,*,#4972,.F.);
#6437=ORIENTED_EDGE('',*,*,#4973,.T.);
#6438=ORIENTED_EDGE('',*,*,#4974,.F.);
#6439=ORIENTED_EDGE('',*,*,#4975,.F.);
#6440=ORIENTED_EDGE('',*,*,#4976,.F.);
#6441=ORIENTED_EDGE('',*,*,#4977,.F.);
#6442=ORIENTED_EDGE('',*,*,#4978,.F.);
#6443=ORIENTED_EDGE('',*,*,#4969,.T.);
#6444=ORIENTED_EDGE('',*,*,#4979,.F.);
#6445=ORIENTED_EDGE('',*,*,#4975,.T.);
#6446=ORIENTED_EDGE('',*,*,#4980,.F.);
#6447=ORIENTED_EDGE('',*,*,#4981,.F.);
#6448=ORIENTED_EDGE('',*,*,#4982,.F.);
#6449=ORIENTED_EDGE('',*,*,#4971,.F.);
#6450=ORIENTED_EDGE('',*,*,#4983,.F.);
#6451=ORIENTED_EDGE('',*,*,#4984,.T.);
#6452=ORIENTED_EDGE('',*,*,#4985,.F.);
#6453=ORIENTED_EDGE('',*,*,#4984,.F.);
#6454=ORIENTED_EDGE('',*,*,#4986,.F.);
#6455=ORIENTED_EDGE('',*,*,#4977,.T.);
#6456=ORIENTED_EDGE('',*,*,#4987,.F.);
#6457=ORIENTED_EDGE('',*,*,#4981,.T.);
#6458=ORIENTED_EDGE('',*,*,#4988,.F.);
#6459=ORIENTED_EDGE('',*,*,#4989,.F.);
#6460=ORIENTED_EDGE('',*,*,#4990,.F.);
#6461=ORIENTED_EDGE('',*,*,#4989,.T.);
#6462=ORIENTED_EDGE('',*,*,#4991,.F.);
#6463=ORIENTED_EDGE('',*,*,#4973,.F.);
#6464=ORIENTED_EDGE('',*,*,#4992,.F.);
#6465=ORIENTED_EDGE('',*,*,#4993,.F.);
#6466=ORIENTED_EDGE('',*,*,#4994,.F.);
#6467=ORIENTED_EDGE('',*,*,#4995,.T.);
#6468=ORIENTED_EDGE('',*,*,#4996,.F.);
#6469=ORIENTED_EDGE('',*,*,#4997,.T.);
#6470=ORIENTED_EDGE('',*,*,#4998,.F.);
#6471=ORIENTED_EDGE('',*,*,#4999,.F.);
#6472=ORIENTED_EDGE('',*,*,#5000,.F.);
#6473=ORIENTED_EDGE('',*,*,#5001,.F.);
#6474=ORIENTED_EDGE('',*,*,#5002,.F.);
#6475=ORIENTED_EDGE('',*,*,#4993,.T.);
#6476=ORIENTED_EDGE('',*,*,#5003,.F.);
#6477=ORIENTED_EDGE('',*,*,#4999,.T.);
#6478=ORIENTED_EDGE('',*,*,#5004,.F.);
#6479=ORIENTED_EDGE('',*,*,#5005,.F.);
#6480=ORIENTED_EDGE('',*,*,#5006,.F.);
#6481=ORIENTED_EDGE('',*,*,#4995,.F.);
#6482=ORIENTED_EDGE('',*,*,#5007,.F.);
#6483=ORIENTED_EDGE('',*,*,#5008,.T.);
#6484=ORIENTED_EDGE('',*,*,#5009,.F.);
#6485=ORIENTED_EDGE('',*,*,#5008,.F.);
#6486=ORIENTED_EDGE('',*,*,#5010,.F.);
#6487=ORIENTED_EDGE('',*,*,#5001,.T.);
#6488=ORIENTED_EDGE('',*,*,#5011,.F.);
#6489=ORIENTED_EDGE('',*,*,#5005,.T.);
#6490=ORIENTED_EDGE('',*,*,#5012,.F.);
#6491=ORIENTED_EDGE('',*,*,#5013,.F.);
#6492=ORIENTED_EDGE('',*,*,#5014,.F.);
#6493=ORIENTED_EDGE('',*,*,#5013,.T.);
#6494=ORIENTED_EDGE('',*,*,#5015,.F.);
#6495=ORIENTED_EDGE('',*,*,#4997,.F.);
#6496=ORIENTED_EDGE('',*,*,#5016,.F.);
#6497=ORIENTED_EDGE('',*,*,#5017,.F.);
#6498=ORIENTED_EDGE('',*,*,#5018,.F.);
#6499=ORIENTED_EDGE('',*,*,#5019,.T.);
#6500=ORIENTED_EDGE('',*,*,#5020,.F.);
#6501=ORIENTED_EDGE('',*,*,#5021,.T.);
#6502=ORIENTED_EDGE('',*,*,#5022,.F.);
#6503=ORIENTED_EDGE('',*,*,#5023,.F.);
#6504=ORIENTED_EDGE('',*,*,#5024,.F.);
#6505=ORIENTED_EDGE('',*,*,#5025,.F.);
#6506=ORIENTED_EDGE('',*,*,#5026,.F.);
#6507=ORIENTED_EDGE('',*,*,#5017,.T.);
#6508=ORIENTED_EDGE('',*,*,#5027,.F.);
#6509=ORIENTED_EDGE('',*,*,#5023,.T.);
#6510=ORIENTED_EDGE('',*,*,#5028,.F.);
#6511=ORIENTED_EDGE('',*,*,#5029,.F.);
#6512=ORIENTED_EDGE('',*,*,#5030,.F.);
#6513=ORIENTED_EDGE('',*,*,#5019,.F.);
#6514=ORIENTED_EDGE('',*,*,#5031,.F.);
#6515=ORIENTED_EDGE('',*,*,#5032,.T.);
#6516=ORIENTED_EDGE('',*,*,#5033,.F.);
#6517=ORIENTED_EDGE('',*,*,#5032,.F.);
#6518=ORIENTED_EDGE('',*,*,#5034,.F.);
#6519=ORIENTED_EDGE('',*,*,#5025,.T.);
#6520=ORIENTED_EDGE('',*,*,#5035,.F.);
#6521=ORIENTED_EDGE('',*,*,#5029,.T.);
#6522=ORIENTED_EDGE('',*,*,#5036,.F.);
#6523=ORIENTED_EDGE('',*,*,#5037,.F.);
#6524=ORIENTED_EDGE('',*,*,#5038,.F.);
#6525=ORIENTED_EDGE('',*,*,#5037,.T.);
#6526=ORIENTED_EDGE('',*,*,#5039,.F.);
#6527=ORIENTED_EDGE('',*,*,#5021,.F.);
#6528=ORIENTED_EDGE('',*,*,#5040,.F.);
#6529=ORIENTED_EDGE('',*,*,#5041,.F.);
#6530=ORIENTED_EDGE('',*,*,#5042,.F.);
#6531=ORIENTED_EDGE('',*,*,#5043,.T.);
#6532=ORIENTED_EDGE('',*,*,#5044,.F.);
#6533=ORIENTED_EDGE('',*,*,#5045,.T.);
#6534=ORIENTED_EDGE('',*,*,#5046,.F.);
#6535=ORIENTED_EDGE('',*,*,#5047,.F.);
#6536=ORIENTED_EDGE('',*,*,#5048,.F.);
#6537=ORIENTED_EDGE('',*,*,#5049,.F.);
#6538=ORIENTED_EDGE('',*,*,#5050,.F.);
#6539=ORIENTED_EDGE('',*,*,#5041,.T.);
#6540=ORIENTED_EDGE('',*,*,#5051,.F.);
#6541=ORIENTED_EDGE('',*,*,#5047,.T.);
#6542=ORIENTED_EDGE('',*,*,#5052,.F.);
#6543=ORIENTED_EDGE('',*,*,#5053,.F.);
#6544=ORIENTED_EDGE('',*,*,#5054,.F.);
#6545=ORIENTED_EDGE('',*,*,#5043,.F.);
#6546=ORIENTED_EDGE('',*,*,#5055,.F.);
#6547=ORIENTED_EDGE('',*,*,#5056,.T.);
#6548=ORIENTED_EDGE('',*,*,#5057,.F.);
#6549=ORIENTED_EDGE('',*,*,#5056,.F.);
#6550=ORIENTED_EDGE('',*,*,#5058,.F.);
#6551=ORIENTED_EDGE('',*,*,#5049,.T.);
#6552=ORIENTED_EDGE('',*,*,#5059,.F.);
#6553=ORIENTED_EDGE('',*,*,#5053,.T.);
#6554=ORIENTED_EDGE('',*,*,#5060,.F.);
#6555=ORIENTED_EDGE('',*,*,#5061,.F.);
#6556=ORIENTED_EDGE('',*,*,#5062,.F.);
#6557=ORIENTED_EDGE('',*,*,#5061,.T.);
#6558=ORIENTED_EDGE('',*,*,#5063,.F.);
#6559=ORIENTED_EDGE('',*,*,#5045,.F.);
#6560=ORIENTED_EDGE('',*,*,#5064,.F.);
#6561=ORIENTED_EDGE('',*,*,#5065,.F.);
#6562=ORIENTED_EDGE('',*,*,#5066,.F.);
#6563=ORIENTED_EDGE('',*,*,#5067,.T.);
#6564=ORIENTED_EDGE('',*,*,#5068,.F.);
#6565=ORIENTED_EDGE('',*,*,#5069,.T.);
#6566=ORIENTED_EDGE('',*,*,#5070,.F.);
#6567=ORIENTED_EDGE('',*,*,#5071,.F.);
#6568=ORIENTED_EDGE('',*,*,#5072,.F.);
#6569=ORIENTED_EDGE('',*,*,#5073,.F.);
#6570=ORIENTED_EDGE('',*,*,#5074,.F.);
#6571=ORIENTED_EDGE('',*,*,#5065,.T.);
#6572=ORIENTED_EDGE('',*,*,#5075,.F.);
#6573=ORIENTED_EDGE('',*,*,#5071,.T.);
#6574=ORIENTED_EDGE('',*,*,#5076,.F.);
#6575=ORIENTED_EDGE('',*,*,#5077,.F.);
#6576=ORIENTED_EDGE('',*,*,#5078,.F.);
#6577=ORIENTED_EDGE('',*,*,#5067,.F.);
#6578=ORIENTED_EDGE('',*,*,#5079,.F.);
#6579=ORIENTED_EDGE('',*,*,#5080,.T.);
#6580=ORIENTED_EDGE('',*,*,#5081,.F.);
#6581=ORIENTED_EDGE('',*,*,#5080,.F.);
#6582=ORIENTED_EDGE('',*,*,#5082,.F.);
#6583=ORIENTED_EDGE('',*,*,#5073,.T.);
#6584=ORIENTED_EDGE('',*,*,#5083,.F.);
#6585=ORIENTED_EDGE('',*,*,#5077,.T.);
#6586=ORIENTED_EDGE('',*,*,#5084,.F.);
#6587=ORIENTED_EDGE('',*,*,#5085,.F.);
#6588=ORIENTED_EDGE('',*,*,#5086,.F.);
#6589=ORIENTED_EDGE('',*,*,#5085,.T.);
#6590=ORIENTED_EDGE('',*,*,#5087,.F.);
#6591=ORIENTED_EDGE('',*,*,#5069,.F.);
#6592=ORIENTED_EDGE('',*,*,#5088,.F.);
#6593=ORIENTED_EDGE('',*,*,#5089,.F.);
#6594=ORIENTED_EDGE('',*,*,#5090,.F.);
#6595=ORIENTED_EDGE('',*,*,#5091,.T.);
#6596=ORIENTED_EDGE('',*,*,#5092,.F.);
#6597=ORIENTED_EDGE('',*,*,#5093,.T.);
#6598=ORIENTED_EDGE('',*,*,#5094,.F.);
#6599=ORIENTED_EDGE('',*,*,#5095,.F.);
#6600=ORIENTED_EDGE('',*,*,#5096,.F.);
#6601=ORIENTED_EDGE('',*,*,#5097,.F.);
#6602=ORIENTED_EDGE('',*,*,#5098,.F.);
#6603=ORIENTED_EDGE('',*,*,#5089,.T.);
#6604=ORIENTED_EDGE('',*,*,#5099,.F.);
#6605=ORIENTED_EDGE('',*,*,#5095,.T.);
#6606=ORIENTED_EDGE('',*,*,#5100,.F.);
#6607=ORIENTED_EDGE('',*,*,#5101,.F.);
#6608=ORIENTED_EDGE('',*,*,#5102,.F.);
#6609=ORIENTED_EDGE('',*,*,#5091,.F.);
#6610=ORIENTED_EDGE('',*,*,#5103,.F.);
#6611=ORIENTED_EDGE('',*,*,#5104,.T.);
#6612=ORIENTED_EDGE('',*,*,#5105,.F.);
#6613=ORIENTED_EDGE('',*,*,#5104,.F.);
#6614=ORIENTED_EDGE('',*,*,#5106,.F.);
#6615=ORIENTED_EDGE('',*,*,#5097,.T.);
#6616=ORIENTED_EDGE('',*,*,#5107,.F.);
#6617=ORIENTED_EDGE('',*,*,#5101,.T.);
#6618=ORIENTED_EDGE('',*,*,#5108,.F.);
#6619=ORIENTED_EDGE('',*,*,#5109,.F.);
#6620=ORIENTED_EDGE('',*,*,#5110,.F.);
#6621=ORIENTED_EDGE('',*,*,#5109,.T.);
#6622=ORIENTED_EDGE('',*,*,#5111,.F.);
#6623=ORIENTED_EDGE('',*,*,#5093,.F.);
#6624=ORIENTED_EDGE('',*,*,#5112,.F.);
#6625=ORIENTED_EDGE('',*,*,#5113,.F.);
#6626=ORIENTED_EDGE('',*,*,#5114,.F.);
#6627=ORIENTED_EDGE('',*,*,#5115,.T.);
#6628=ORIENTED_EDGE('',*,*,#5116,.F.);
#6629=ORIENTED_EDGE('',*,*,#5117,.T.);
#6630=ORIENTED_EDGE('',*,*,#5118,.F.);
#6631=ORIENTED_EDGE('',*,*,#5119,.F.);
#6632=ORIENTED_EDGE('',*,*,#5120,.F.);
#6633=ORIENTED_EDGE('',*,*,#5121,.F.);
#6634=ORIENTED_EDGE('',*,*,#5122,.F.);
#6635=ORIENTED_EDGE('',*,*,#5113,.T.);
#6636=ORIENTED_EDGE('',*,*,#5123,.F.);
#6637=ORIENTED_EDGE('',*,*,#5119,.T.);
#6638=ORIENTED_EDGE('',*,*,#5124,.F.);
#6639=ORIENTED_EDGE('',*,*,#5125,.F.);
#6640=ORIENTED_EDGE('',*,*,#5126,.F.);
#6641=ORIENTED_EDGE('',*,*,#5115,.F.);
#6642=ORIENTED_EDGE('',*,*,#5127,.F.);
#6643=ORIENTED_EDGE('',*,*,#5128,.T.);
#6644=ORIENTED_EDGE('',*,*,#5129,.F.);
#6645=ORIENTED_EDGE('',*,*,#5128,.F.);
#6646=ORIENTED_EDGE('',*,*,#5130,.F.);
#6647=ORIENTED_EDGE('',*,*,#5121,.T.);
#6648=ORIENTED_EDGE('',*,*,#5131,.F.);
#6649=ORIENTED_EDGE('',*,*,#5125,.T.);
#6650=ORIENTED_EDGE('',*,*,#5132,.F.);
#6651=ORIENTED_EDGE('',*,*,#5133,.F.);
#6652=ORIENTED_EDGE('',*,*,#5134,.F.);
#6653=ORIENTED_EDGE('',*,*,#5133,.T.);
#6654=ORIENTED_EDGE('',*,*,#5135,.F.);
#6655=ORIENTED_EDGE('',*,*,#5117,.F.);
#6656=ORIENTED_EDGE('',*,*,#5136,.F.);
#6657=ORIENTED_EDGE('',*,*,#5137,.F.);
#6658=ORIENTED_EDGE('',*,*,#5138,.F.);
#6659=ORIENTED_EDGE('',*,*,#5139,.T.);
#6660=ORIENTED_EDGE('',*,*,#5140,.F.);
#6661=ORIENTED_EDGE('',*,*,#5141,.T.);
#6662=ORIENTED_EDGE('',*,*,#5142,.F.);
#6663=ORIENTED_EDGE('',*,*,#5143,.F.);
#6664=ORIENTED_EDGE('',*,*,#5144,.F.);
#6665=ORIENTED_EDGE('',*,*,#5145,.F.);
#6666=ORIENTED_EDGE('',*,*,#5146,.F.);
#6667=ORIENTED_EDGE('',*,*,#5137,.T.);
#6668=ORIENTED_EDGE('',*,*,#5147,.F.);
#6669=ORIENTED_EDGE('',*,*,#5143,.T.);
#6670=ORIENTED_EDGE('',*,*,#5148,.F.);
#6671=ORIENTED_EDGE('',*,*,#5149,.F.);
#6672=ORIENTED_EDGE('',*,*,#5150,.F.);
#6673=ORIENTED_EDGE('',*,*,#5139,.F.);
#6674=ORIENTED_EDGE('',*,*,#5151,.F.);
#6675=ORIENTED_EDGE('',*,*,#5152,.T.);
#6676=ORIENTED_EDGE('',*,*,#5153,.F.);
#6677=ORIENTED_EDGE('',*,*,#5152,.F.);
#6678=ORIENTED_EDGE('',*,*,#5154,.F.);
#6679=ORIENTED_EDGE('',*,*,#5145,.T.);
#6680=ORIENTED_EDGE('',*,*,#5155,.F.);
#6681=ORIENTED_EDGE('',*,*,#5149,.T.);
#6682=ORIENTED_EDGE('',*,*,#5156,.F.);
#6683=ORIENTED_EDGE('',*,*,#5157,.F.);
#6684=ORIENTED_EDGE('',*,*,#5158,.F.);
#6685=ORIENTED_EDGE('',*,*,#5157,.T.);
#6686=ORIENTED_EDGE('',*,*,#5159,.F.);
#6687=ORIENTED_EDGE('',*,*,#5141,.F.);
#6688=ORIENTED_EDGE('',*,*,#5160,.F.);
#6689=ORIENTED_EDGE('',*,*,#5161,.F.);
#6690=ORIENTED_EDGE('',*,*,#5162,.F.);
#6691=ORIENTED_EDGE('',*,*,#5163,.T.);
#6692=ORIENTED_EDGE('',*,*,#5164,.F.);
#6693=ORIENTED_EDGE('',*,*,#5165,.T.);
#6694=ORIENTED_EDGE('',*,*,#5166,.F.);
#6695=ORIENTED_EDGE('',*,*,#5167,.F.);
#6696=ORIENTED_EDGE('',*,*,#5168,.F.);
#6697=ORIENTED_EDGE('',*,*,#5169,.F.);
#6698=ORIENTED_EDGE('',*,*,#5170,.F.);
#6699=ORIENTED_EDGE('',*,*,#5161,.T.);
#6700=ORIENTED_EDGE('',*,*,#5171,.F.);
#6701=ORIENTED_EDGE('',*,*,#5167,.T.);
#6702=ORIENTED_EDGE('',*,*,#5172,.F.);
#6703=ORIENTED_EDGE('',*,*,#5173,.F.);
#6704=ORIENTED_EDGE('',*,*,#5174,.F.);
#6705=ORIENTED_EDGE('',*,*,#5163,.F.);
#6706=ORIENTED_EDGE('',*,*,#5175,.F.);
#6707=ORIENTED_EDGE('',*,*,#5176,.T.);
#6708=ORIENTED_EDGE('',*,*,#5177,.F.);
#6709=ORIENTED_EDGE('',*,*,#5176,.F.);
#6710=ORIENTED_EDGE('',*,*,#5178,.F.);
#6711=ORIENTED_EDGE('',*,*,#5169,.T.);
#6712=ORIENTED_EDGE('',*,*,#5179,.F.);
#6713=ORIENTED_EDGE('',*,*,#5173,.T.);
#6714=ORIENTED_EDGE('',*,*,#5180,.F.);
#6715=ORIENTED_EDGE('',*,*,#5181,.F.);
#6716=ORIENTED_EDGE('',*,*,#5182,.F.);
#6717=ORIENTED_EDGE('',*,*,#5181,.T.);
#6718=ORIENTED_EDGE('',*,*,#5183,.F.);
#6719=ORIENTED_EDGE('',*,*,#5165,.F.);
#6720=ORIENTED_EDGE('',*,*,#5184,.F.);
#6721=ORIENTED_EDGE('',*,*,#5185,.F.);
#6722=ORIENTED_EDGE('',*,*,#5186,.F.);
#6723=ORIENTED_EDGE('',*,*,#5187,.T.);
#6724=ORIENTED_EDGE('',*,*,#5188,.F.);
#6725=ORIENTED_EDGE('',*,*,#5189,.T.);
#6726=ORIENTED_EDGE('',*,*,#5190,.F.);
#6727=ORIENTED_EDGE('',*,*,#5191,.F.);
#6728=ORIENTED_EDGE('',*,*,#5192,.F.);
#6729=ORIENTED_EDGE('',*,*,#5193,.F.);
#6730=ORIENTED_EDGE('',*,*,#5194,.F.);
#6731=ORIENTED_EDGE('',*,*,#5185,.T.);
#6732=ORIENTED_EDGE('',*,*,#5195,.F.);
#6733=ORIENTED_EDGE('',*,*,#5191,.T.);
#6734=ORIENTED_EDGE('',*,*,#5196,.F.);
#6735=ORIENTED_EDGE('',*,*,#5197,.F.);
#6736=ORIENTED_EDGE('',*,*,#5198,.F.);
#6737=ORIENTED_EDGE('',*,*,#5187,.F.);
#6738=ORIENTED_EDGE('',*,*,#5199,.F.);
#6739=ORIENTED_EDGE('',*,*,#5200,.T.);
#6740=ORIENTED_EDGE('',*,*,#5201,.F.);
#6741=ORIENTED_EDGE('',*,*,#5200,.F.);
#6742=ORIENTED_EDGE('',*,*,#5202,.F.);
#6743=ORIENTED_EDGE('',*,*,#5193,.T.);
#6744=ORIENTED_EDGE('',*,*,#5203,.F.);
#6745=ORIENTED_EDGE('',*,*,#5197,.T.);
#6746=ORIENTED_EDGE('',*,*,#5204,.F.);
#6747=ORIENTED_EDGE('',*,*,#5205,.F.);
#6748=ORIENTED_EDGE('',*,*,#5206,.F.);
#6749=ORIENTED_EDGE('',*,*,#5205,.T.);
#6750=ORIENTED_EDGE('',*,*,#5207,.F.);
#6751=ORIENTED_EDGE('',*,*,#5189,.F.);
#6752=ORIENTED_EDGE('',*,*,#5208,.F.);
#6753=ORIENTED_EDGE('',*,*,#5209,.F.);
#6754=ORIENTED_EDGE('',*,*,#5210,.F.);
#6755=ORIENTED_EDGE('',*,*,#5211,.T.);
#6756=ORIENTED_EDGE('',*,*,#5212,.F.);
#6757=ORIENTED_EDGE('',*,*,#5213,.T.);
#6758=ORIENTED_EDGE('',*,*,#5214,.F.);
#6759=ORIENTED_EDGE('',*,*,#5215,.F.);
#6760=ORIENTED_EDGE('',*,*,#5216,.F.);
#6761=ORIENTED_EDGE('',*,*,#5217,.F.);
#6762=ORIENTED_EDGE('',*,*,#5218,.F.);
#6763=ORIENTED_EDGE('',*,*,#5209,.T.);
#6764=ORIENTED_EDGE('',*,*,#5219,.F.);
#6765=ORIENTED_EDGE('',*,*,#5215,.T.);
#6766=ORIENTED_EDGE('',*,*,#5220,.F.);
#6767=ORIENTED_EDGE('',*,*,#5221,.F.);
#6768=ORIENTED_EDGE('',*,*,#5222,.F.);
#6769=ORIENTED_EDGE('',*,*,#5211,.F.);
#6770=ORIENTED_EDGE('',*,*,#5223,.F.);
#6771=ORIENTED_EDGE('',*,*,#5224,.T.);
#6772=ORIENTED_EDGE('',*,*,#5225,.F.);
#6773=ORIENTED_EDGE('',*,*,#5224,.F.);
#6774=ORIENTED_EDGE('',*,*,#5226,.F.);
#6775=ORIENTED_EDGE('',*,*,#5217,.T.);
#6776=ORIENTED_EDGE('',*,*,#5227,.F.);
#6777=ORIENTED_EDGE('',*,*,#5221,.T.);
#6778=ORIENTED_EDGE('',*,*,#5228,.F.);
#6779=ORIENTED_EDGE('',*,*,#5229,.F.);
#6780=ORIENTED_EDGE('',*,*,#5230,.F.);
#6781=ORIENTED_EDGE('',*,*,#5229,.T.);
#6782=ORIENTED_EDGE('',*,*,#5231,.F.);
#6783=ORIENTED_EDGE('',*,*,#5213,.F.);
#6784=ORIENTED_EDGE('',*,*,#5232,.F.);
#6785=ORIENTED_EDGE('',*,*,#5233,.F.);
#6786=ORIENTED_EDGE('',*,*,#5234,.F.);
#6787=ORIENTED_EDGE('',*,*,#5235,.T.);
#6788=ORIENTED_EDGE('',*,*,#5236,.F.);
#6789=ORIENTED_EDGE('',*,*,#5237,.T.);
#6790=ORIENTED_EDGE('',*,*,#5238,.F.);
#6791=ORIENTED_EDGE('',*,*,#5239,.F.);
#6792=ORIENTED_EDGE('',*,*,#5240,.F.);
#6793=ORIENTED_EDGE('',*,*,#5241,.F.);
#6794=ORIENTED_EDGE('',*,*,#5242,.F.);
#6795=ORIENTED_EDGE('',*,*,#5233,.T.);
#6796=ORIENTED_EDGE('',*,*,#5243,.F.);
#6797=ORIENTED_EDGE('',*,*,#5239,.T.);
#6798=ORIENTED_EDGE('',*,*,#5244,.F.);
#6799=ORIENTED_EDGE('',*,*,#5245,.F.);
#6800=ORIENTED_EDGE('',*,*,#5246,.F.);
#6801=ORIENTED_EDGE('',*,*,#5235,.F.);
#6802=ORIENTED_EDGE('',*,*,#5247,.F.);
#6803=ORIENTED_EDGE('',*,*,#5248,.T.);
#6804=ORIENTED_EDGE('',*,*,#5249,.F.);
#6805=ORIENTED_EDGE('',*,*,#5248,.F.);
#6806=ORIENTED_EDGE('',*,*,#5250,.F.);
#6807=ORIENTED_EDGE('',*,*,#5241,.T.);
#6808=ORIENTED_EDGE('',*,*,#5251,.F.);
#6809=ORIENTED_EDGE('',*,*,#5245,.T.);
#6810=ORIENTED_EDGE('',*,*,#5252,.F.);
#6811=ORIENTED_EDGE('',*,*,#5253,.F.);
#6812=ORIENTED_EDGE('',*,*,#5254,.F.);
#6813=ORIENTED_EDGE('',*,*,#5253,.T.);
#6814=ORIENTED_EDGE('',*,*,#5255,.F.);
#6815=ORIENTED_EDGE('',*,*,#5237,.F.);
#6816=ORIENTED_EDGE('',*,*,#5256,.F.);
#6817=ORIENTED_EDGE('',*,*,#5257,.F.);
#6818=ORIENTED_EDGE('',*,*,#5258,.F.);
#6819=ORIENTED_EDGE('',*,*,#5259,.T.);
#6820=ORIENTED_EDGE('',*,*,#5260,.F.);
#6821=ORIENTED_EDGE('',*,*,#5261,.T.);
#6822=ORIENTED_EDGE('',*,*,#5262,.F.);
#6823=ORIENTED_EDGE('',*,*,#5263,.F.);
#6824=ORIENTED_EDGE('',*,*,#5264,.F.);
#6825=ORIENTED_EDGE('',*,*,#5265,.F.);
#6826=ORIENTED_EDGE('',*,*,#5266,.F.);
#6827=ORIENTED_EDGE('',*,*,#5257,.T.);
#6828=ORIENTED_EDGE('',*,*,#5267,.F.);
#6829=ORIENTED_EDGE('',*,*,#5263,.T.);
#6830=ORIENTED_EDGE('',*,*,#5268,.F.);
#6831=ORIENTED_EDGE('',*,*,#5269,.F.);
#6832=ORIENTED_EDGE('',*,*,#5270,.F.);
#6833=ORIENTED_EDGE('',*,*,#5259,.F.);
#6834=ORIENTED_EDGE('',*,*,#5271,.F.);
#6835=ORIENTED_EDGE('',*,*,#5272,.T.);
#6836=ORIENTED_EDGE('',*,*,#5273,.F.);
#6837=ORIENTED_EDGE('',*,*,#5272,.F.);
#6838=ORIENTED_EDGE('',*,*,#5274,.F.);
#6839=ORIENTED_EDGE('',*,*,#5265,.T.);
#6840=ORIENTED_EDGE('',*,*,#5275,.F.);
#6841=ORIENTED_EDGE('',*,*,#5269,.T.);
#6842=ORIENTED_EDGE('',*,*,#5276,.F.);
#6843=ORIENTED_EDGE('',*,*,#5277,.F.);
#6844=ORIENTED_EDGE('',*,*,#5278,.F.);
#6845=ORIENTED_EDGE('',*,*,#5277,.T.);
#6846=ORIENTED_EDGE('',*,*,#5279,.F.);
#6847=ORIENTED_EDGE('',*,*,#5261,.F.);
#6848=ORIENTED_EDGE('',*,*,#5280,.F.);
#6849=ORIENTED_EDGE('',*,*,#5281,.F.);
#6850=ORIENTED_EDGE('',*,*,#5282,.F.);
#6851=ORIENTED_EDGE('',*,*,#5283,.T.);
#6852=ORIENTED_EDGE('',*,*,#5284,.F.);
#6853=ORIENTED_EDGE('',*,*,#5285,.T.);
#6854=ORIENTED_EDGE('',*,*,#5286,.F.);
#6855=ORIENTED_EDGE('',*,*,#5287,.F.);
#6856=ORIENTED_EDGE('',*,*,#5288,.F.);
#6857=ORIENTED_EDGE('',*,*,#5289,.F.);
#6858=ORIENTED_EDGE('',*,*,#5290,.F.);
#6859=ORIENTED_EDGE('',*,*,#5281,.T.);
#6860=ORIENTED_EDGE('',*,*,#5291,.F.);
#6861=ORIENTED_EDGE('',*,*,#5287,.T.);
#6862=ORIENTED_EDGE('',*,*,#5292,.F.);
#6863=ORIENTED_EDGE('',*,*,#5293,.F.);
#6864=ORIENTED_EDGE('',*,*,#5294,.F.);
#6865=ORIENTED_EDGE('',*,*,#5283,.F.);
#6866=ORIENTED_EDGE('',*,*,#5295,.F.);
#6867=ORIENTED_EDGE('',*,*,#5296,.T.);
#6868=ORIENTED_EDGE('',*,*,#5297,.F.);
#6869=ORIENTED_EDGE('',*,*,#5296,.F.);
#6870=ORIENTED_EDGE('',*,*,#5298,.F.);
#6871=ORIENTED_EDGE('',*,*,#5289,.T.);
#6872=ORIENTED_EDGE('',*,*,#5299,.F.);
#6873=ORIENTED_EDGE('',*,*,#5293,.T.);
#6874=ORIENTED_EDGE('',*,*,#5300,.F.);
#6875=ORIENTED_EDGE('',*,*,#5301,.F.);
#6876=ORIENTED_EDGE('',*,*,#5302,.F.);
#6877=ORIENTED_EDGE('',*,*,#5301,.T.);
#6878=ORIENTED_EDGE('',*,*,#5303,.F.);
#6879=ORIENTED_EDGE('',*,*,#5285,.F.);
#6880=ORIENTED_EDGE('',*,*,#5304,.F.);
#6881=ORIENTED_EDGE('',*,*,#5305,.F.);
#6882=ORIENTED_EDGE('',*,*,#5306,.F.);
#6883=ORIENTED_EDGE('',*,*,#5307,.T.);
#6884=ORIENTED_EDGE('',*,*,#5308,.F.);
#6885=ORIENTED_EDGE('',*,*,#5309,.T.);
#6886=ORIENTED_EDGE('',*,*,#5310,.F.);
#6887=ORIENTED_EDGE('',*,*,#5311,.F.);
#6888=ORIENTED_EDGE('',*,*,#5312,.F.);
#6889=ORIENTED_EDGE('',*,*,#5313,.F.);
#6890=ORIENTED_EDGE('',*,*,#5314,.F.);
#6891=ORIENTED_EDGE('',*,*,#5305,.T.);
#6892=ORIENTED_EDGE('',*,*,#5315,.F.);
#6893=ORIENTED_EDGE('',*,*,#5311,.T.);
#6894=ORIENTED_EDGE('',*,*,#5316,.F.);
#6895=ORIENTED_EDGE('',*,*,#5317,.F.);
#6896=ORIENTED_EDGE('',*,*,#5318,.F.);
#6897=ORIENTED_EDGE('',*,*,#5307,.F.);
#6898=ORIENTED_EDGE('',*,*,#5319,.F.);
#6899=ORIENTED_EDGE('',*,*,#5320,.T.);
#6900=ORIENTED_EDGE('',*,*,#5321,.F.);
#6901=ORIENTED_EDGE('',*,*,#5320,.F.);
#6902=ORIENTED_EDGE('',*,*,#5322,.F.);
#6903=ORIENTED_EDGE('',*,*,#5313,.T.);
#6904=ORIENTED_EDGE('',*,*,#5323,.F.);
#6905=ORIENTED_EDGE('',*,*,#5317,.T.);
#6906=ORIENTED_EDGE('',*,*,#5324,.F.);
#6907=ORIENTED_EDGE('',*,*,#5325,.F.);
#6908=ORIENTED_EDGE('',*,*,#5326,.F.);
#6909=ORIENTED_EDGE('',*,*,#5325,.T.);
#6910=ORIENTED_EDGE('',*,*,#5327,.F.);
#6911=ORIENTED_EDGE('',*,*,#5309,.F.);
#6912=ORIENTED_EDGE('',*,*,#5328,.F.);
#6913=ORIENTED_EDGE('',*,*,#5329,.F.);
#6914=ORIENTED_EDGE('',*,*,#5330,.F.);
#6915=ORIENTED_EDGE('',*,*,#5331,.T.);
#6916=ORIENTED_EDGE('',*,*,#5332,.F.);
#6917=ORIENTED_EDGE('',*,*,#5333,.T.);
#6918=ORIENTED_EDGE('',*,*,#5334,.F.);
#6919=ORIENTED_EDGE('',*,*,#5335,.F.);
#6920=ORIENTED_EDGE('',*,*,#5336,.F.);
#6921=ORIENTED_EDGE('',*,*,#5337,.F.);
#6922=ORIENTED_EDGE('',*,*,#5338,.F.);
#6923=ORIENTED_EDGE('',*,*,#5329,.T.);
#6924=ORIENTED_EDGE('',*,*,#5339,.F.);
#6925=ORIENTED_EDGE('',*,*,#5335,.T.);
#6926=ORIENTED_EDGE('',*,*,#5340,.F.);
#6927=ORIENTED_EDGE('',*,*,#5341,.F.);
#6928=ORIENTED_EDGE('',*,*,#5342,.F.);
#6929=ORIENTED_EDGE('',*,*,#5331,.F.);
#6930=ORIENTED_EDGE('',*,*,#5343,.F.);
#6931=ORIENTED_EDGE('',*,*,#5344,.T.);
#6932=ORIENTED_EDGE('',*,*,#5345,.F.);
#6933=ORIENTED_EDGE('',*,*,#5344,.F.);
#6934=ORIENTED_EDGE('',*,*,#5346,.F.);
#6935=ORIENTED_EDGE('',*,*,#5337,.T.);
#6936=ORIENTED_EDGE('',*,*,#5347,.F.);
#6937=ORIENTED_EDGE('',*,*,#5341,.T.);
#6938=ORIENTED_EDGE('',*,*,#5348,.F.);
#6939=ORIENTED_EDGE('',*,*,#5349,.F.);
#6940=ORIENTED_EDGE('',*,*,#5350,.F.);
#6941=ORIENTED_EDGE('',*,*,#5349,.T.);
#6942=ORIENTED_EDGE('',*,*,#5351,.F.);
#6943=ORIENTED_EDGE('',*,*,#5333,.F.);
#6944=ORIENTED_EDGE('',*,*,#5352,.F.);
#6945=ORIENTED_EDGE('',*,*,#5353,.F.);
#6946=ORIENTED_EDGE('',*,*,#5354,.F.);
#6947=ORIENTED_EDGE('',*,*,#5355,.T.);
#6948=ORIENTED_EDGE('',*,*,#5356,.F.);
#6949=ORIENTED_EDGE('',*,*,#5357,.T.);
#6950=ORIENTED_EDGE('',*,*,#5358,.F.);
#6951=ORIENTED_EDGE('',*,*,#5359,.F.);
#6952=ORIENTED_EDGE('',*,*,#5360,.F.);
#6953=ORIENTED_EDGE('',*,*,#5361,.F.);
#6954=ORIENTED_EDGE('',*,*,#5362,.F.);
#6955=ORIENTED_EDGE('',*,*,#5353,.T.);
#6956=ORIENTED_EDGE('',*,*,#5363,.F.);
#6957=ORIENTED_EDGE('',*,*,#5359,.T.);
#6958=ORIENTED_EDGE('',*,*,#5364,.F.);
#6959=ORIENTED_EDGE('',*,*,#5365,.F.);
#6960=ORIENTED_EDGE('',*,*,#5366,.F.);
#6961=ORIENTED_EDGE('',*,*,#5355,.F.);
#6962=ORIENTED_EDGE('',*,*,#5367,.F.);
#6963=ORIENTED_EDGE('',*,*,#5368,.T.);
#6964=ORIENTED_EDGE('',*,*,#5369,.F.);
#6965=ORIENTED_EDGE('',*,*,#5368,.F.);
#6966=ORIENTED_EDGE('',*,*,#5370,.F.);
#6967=ORIENTED_EDGE('',*,*,#5361,.T.);
#6968=ORIENTED_EDGE('',*,*,#5371,.F.);
#6969=ORIENTED_EDGE('',*,*,#5365,.T.);
#6970=ORIENTED_EDGE('',*,*,#5372,.F.);
#6971=ORIENTED_EDGE('',*,*,#5373,.F.);
#6972=ORIENTED_EDGE('',*,*,#5374,.F.);
#6973=ORIENTED_EDGE('',*,*,#5373,.T.);
#6974=ORIENTED_EDGE('',*,*,#5375,.F.);
#6975=ORIENTED_EDGE('',*,*,#5357,.F.);
#6976=ORIENTED_EDGE('',*,*,#5376,.F.);
#6977=ORIENTED_EDGE('',*,*,#5377,.F.);
#6978=ORIENTED_EDGE('',*,*,#5378,.F.);
#6979=ORIENTED_EDGE('',*,*,#5379,.T.);
#6980=ORIENTED_EDGE('',*,*,#5380,.F.);
#6981=ORIENTED_EDGE('',*,*,#5381,.T.);
#6982=ORIENTED_EDGE('',*,*,#5382,.F.);
#6983=ORIENTED_EDGE('',*,*,#5383,.F.);
#6984=ORIENTED_EDGE('',*,*,#5384,.F.);
#6985=ORIENTED_EDGE('',*,*,#5385,.F.);
#6986=ORIENTED_EDGE('',*,*,#5386,.F.);
#6987=ORIENTED_EDGE('',*,*,#5377,.T.);
#6988=ORIENTED_EDGE('',*,*,#5387,.F.);
#6989=ORIENTED_EDGE('',*,*,#5383,.T.);
#6990=ORIENTED_EDGE('',*,*,#5388,.F.);
#6991=ORIENTED_EDGE('',*,*,#5389,.F.);
#6992=ORIENTED_EDGE('',*,*,#5390,.F.);
#6993=ORIENTED_EDGE('',*,*,#5379,.F.);
#6994=ORIENTED_EDGE('',*,*,#5391,.F.);
#6995=ORIENTED_EDGE('',*,*,#5392,.T.);
#6996=ORIENTED_EDGE('',*,*,#5393,.F.);
#6997=ORIENTED_EDGE('',*,*,#5392,.F.);
#6998=ORIENTED_EDGE('',*,*,#5394,.F.);
#6999=ORIENTED_EDGE('',*,*,#5385,.T.);
#7000=ORIENTED_EDGE('',*,*,#5395,.F.);
#7001=ORIENTED_EDGE('',*,*,#5389,.T.);
#7002=ORIENTED_EDGE('',*,*,#5396,.F.);
#7003=ORIENTED_EDGE('',*,*,#5397,.F.);
#7004=ORIENTED_EDGE('',*,*,#5398,.F.);
#7005=ORIENTED_EDGE('',*,*,#5397,.T.);
#7006=ORIENTED_EDGE('',*,*,#5399,.F.);
#7007=ORIENTED_EDGE('',*,*,#5381,.F.);
#7008=ORIENTED_EDGE('',*,*,#5400,.F.);
#7009=ORIENTED_EDGE('',*,*,#5401,.F.);
#7010=ORIENTED_EDGE('',*,*,#5402,.F.);
#7011=ORIENTED_EDGE('',*,*,#5403,.T.);
#7012=ORIENTED_EDGE('',*,*,#5404,.F.);
#7013=ORIENTED_EDGE('',*,*,#5405,.T.);
#7014=ORIENTED_EDGE('',*,*,#5406,.F.);
#7015=ORIENTED_EDGE('',*,*,#5407,.F.);
#7016=ORIENTED_EDGE('',*,*,#5408,.F.);
#7017=ORIENTED_EDGE('',*,*,#5409,.F.);
#7018=ORIENTED_EDGE('',*,*,#5410,.F.);
#7019=ORIENTED_EDGE('',*,*,#5401,.T.);
#7020=ORIENTED_EDGE('',*,*,#5411,.F.);
#7021=ORIENTED_EDGE('',*,*,#5407,.T.);
#7022=ORIENTED_EDGE('',*,*,#5412,.F.);
#7023=ORIENTED_EDGE('',*,*,#5413,.F.);
#7024=ORIENTED_EDGE('',*,*,#5414,.F.);
#7025=ORIENTED_EDGE('',*,*,#5403,.F.);
#7026=ORIENTED_EDGE('',*,*,#5415,.F.);
#7027=ORIENTED_EDGE('',*,*,#5416,.T.);
#7028=ORIENTED_EDGE('',*,*,#5417,.F.);
#7029=ORIENTED_EDGE('',*,*,#5416,.F.);
#7030=ORIENTED_EDGE('',*,*,#5418,.F.);
#7031=ORIENTED_EDGE('',*,*,#5409,.T.);
#7032=ORIENTED_EDGE('',*,*,#5419,.F.);
#7033=ORIENTED_EDGE('',*,*,#5413,.T.);
#7034=ORIENTED_EDGE('',*,*,#5420,.F.);
#7035=ORIENTED_EDGE('',*,*,#5421,.F.);
#7036=ORIENTED_EDGE('',*,*,#5422,.F.);
#7037=ORIENTED_EDGE('',*,*,#5421,.T.);
#7038=ORIENTED_EDGE('',*,*,#5423,.F.);
#7039=ORIENTED_EDGE('',*,*,#5405,.F.);
#7040=ORIENTED_EDGE('',*,*,#5424,.F.);
#7041=ORIENTED_EDGE('',*,*,#5425,.F.);
#7042=ORIENTED_EDGE('',*,*,#5426,.F.);
#7043=ORIENTED_EDGE('',*,*,#5427,.T.);
#7044=ORIENTED_EDGE('',*,*,#5428,.F.);
#7045=ORIENTED_EDGE('',*,*,#5429,.T.);
#7046=ORIENTED_EDGE('',*,*,#5430,.F.);
#7047=ORIENTED_EDGE('',*,*,#5431,.F.);
#7048=ORIENTED_EDGE('',*,*,#5432,.F.);
#7049=ORIENTED_EDGE('',*,*,#5433,.F.);
#7050=ORIENTED_EDGE('',*,*,#5434,.F.);
#7051=ORIENTED_EDGE('',*,*,#5425,.T.);
#7052=ORIENTED_EDGE('',*,*,#5435,.F.);
#7053=ORIENTED_EDGE('',*,*,#5431,.T.);
#7054=ORIENTED_EDGE('',*,*,#5436,.F.);
#7055=ORIENTED_EDGE('',*,*,#5437,.F.);
#7056=ORIENTED_EDGE('',*,*,#5438,.F.);
#7057=ORIENTED_EDGE('',*,*,#5427,.F.);
#7058=ORIENTED_EDGE('',*,*,#5439,.F.);
#7059=ORIENTED_EDGE('',*,*,#5440,.T.);
#7060=ORIENTED_EDGE('',*,*,#5441,.F.);
#7061=ORIENTED_EDGE('',*,*,#5440,.F.);
#7062=ORIENTED_EDGE('',*,*,#5442,.F.);
#7063=ORIENTED_EDGE('',*,*,#5433,.T.);
#7064=ORIENTED_EDGE('',*,*,#5443,.F.);
#7065=ORIENTED_EDGE('',*,*,#5437,.T.);
#7066=ORIENTED_EDGE('',*,*,#5444,.F.);
#7067=ORIENTED_EDGE('',*,*,#5445,.F.);
#7068=ORIENTED_EDGE('',*,*,#5446,.F.);
#7069=ORIENTED_EDGE('',*,*,#5445,.T.);
#7070=ORIENTED_EDGE('',*,*,#5447,.F.);
#7071=ORIENTED_EDGE('',*,*,#5429,.F.);
#7072=ORIENTED_EDGE('',*,*,#5448,.F.);
#7073=ORIENTED_EDGE('',*,*,#5449,.F.);
#7074=ORIENTED_EDGE('',*,*,#5450,.F.);
#7075=ORIENTED_EDGE('',*,*,#5451,.T.);
#7076=ORIENTED_EDGE('',*,*,#5452,.F.);
#7077=ORIENTED_EDGE('',*,*,#5453,.T.);
#7078=ORIENTED_EDGE('',*,*,#5454,.F.);
#7079=ORIENTED_EDGE('',*,*,#5455,.F.);
#7080=ORIENTED_EDGE('',*,*,#5456,.F.);
#7081=ORIENTED_EDGE('',*,*,#5457,.F.);
#7082=ORIENTED_EDGE('',*,*,#5458,.F.);
#7083=ORIENTED_EDGE('',*,*,#5449,.T.);
#7084=ORIENTED_EDGE('',*,*,#5459,.F.);
#7085=ORIENTED_EDGE('',*,*,#5455,.T.);
#7086=ORIENTED_EDGE('',*,*,#5460,.F.);
#7087=ORIENTED_EDGE('',*,*,#5461,.F.);
#7088=ORIENTED_EDGE('',*,*,#5462,.F.);
#7089=ORIENTED_EDGE('',*,*,#5451,.F.);
#7090=ORIENTED_EDGE('',*,*,#5463,.F.);
#7091=ORIENTED_EDGE('',*,*,#5464,.T.);
#7092=ORIENTED_EDGE('',*,*,#5465,.F.);
#7093=ORIENTED_EDGE('',*,*,#5464,.F.);
#7094=ORIENTED_EDGE('',*,*,#5466,.F.);
#7095=ORIENTED_EDGE('',*,*,#5457,.T.);
#7096=ORIENTED_EDGE('',*,*,#5467,.F.);
#7097=ORIENTED_EDGE('',*,*,#5461,.T.);
#7098=ORIENTED_EDGE('',*,*,#5468,.F.);
#7099=ORIENTED_EDGE('',*,*,#5469,.F.);
#7100=ORIENTED_EDGE('',*,*,#5470,.F.);
#7101=ORIENTED_EDGE('',*,*,#5469,.T.);
#7102=ORIENTED_EDGE('',*,*,#5471,.F.);
#7103=ORIENTED_EDGE('',*,*,#5453,.F.);
#7104=ORIENTED_EDGE('',*,*,#5472,.F.);
#7105=ORIENTED_EDGE('',*,*,#5473,.F.);
#7106=ORIENTED_EDGE('',*,*,#5474,.F.);
#7107=ORIENTED_EDGE('',*,*,#5475,.T.);
#7108=ORIENTED_EDGE('',*,*,#5476,.F.);
#7109=ORIENTED_EDGE('',*,*,#5477,.T.);
#7110=ORIENTED_EDGE('',*,*,#5478,.F.);
#7111=ORIENTED_EDGE('',*,*,#5479,.F.);
#7112=ORIENTED_EDGE('',*,*,#5480,.F.);
#7113=ORIENTED_EDGE('',*,*,#5481,.F.);
#7114=ORIENTED_EDGE('',*,*,#5482,.F.);
#7115=ORIENTED_EDGE('',*,*,#5473,.T.);
#7116=ORIENTED_EDGE('',*,*,#5483,.F.);
#7117=ORIENTED_EDGE('',*,*,#5479,.T.);
#7118=ORIENTED_EDGE('',*,*,#5484,.F.);
#7119=ORIENTED_EDGE('',*,*,#5485,.F.);
#7120=ORIENTED_EDGE('',*,*,#5486,.F.);
#7121=ORIENTED_EDGE('',*,*,#5475,.F.);
#7122=ORIENTED_EDGE('',*,*,#5487,.F.);
#7123=ORIENTED_EDGE('',*,*,#5488,.T.);
#7124=ORIENTED_EDGE('',*,*,#5489,.F.);
#7125=ORIENTED_EDGE('',*,*,#5488,.F.);
#7126=ORIENTED_EDGE('',*,*,#5490,.F.);
#7127=ORIENTED_EDGE('',*,*,#5481,.T.);
#7128=ORIENTED_EDGE('',*,*,#5491,.F.);
#7129=ORIENTED_EDGE('',*,*,#5485,.T.);
#7130=ORIENTED_EDGE('',*,*,#5492,.F.);
#7131=ORIENTED_EDGE('',*,*,#5493,.F.);
#7132=ORIENTED_EDGE('',*,*,#5494,.F.);
#7133=ORIENTED_EDGE('',*,*,#5493,.T.);
#7134=ORIENTED_EDGE('',*,*,#5495,.F.);
#7135=ORIENTED_EDGE('',*,*,#5477,.F.);
#7136=ORIENTED_EDGE('',*,*,#5496,.F.);
#7137=ORIENTED_EDGE('',*,*,#5497,.F.);
#7138=ORIENTED_EDGE('',*,*,#5498,.F.);
#7139=ORIENTED_EDGE('',*,*,#5499,.T.);
#7140=ORIENTED_EDGE('',*,*,#5500,.F.);
#7141=ORIENTED_EDGE('',*,*,#5501,.T.);
#7142=ORIENTED_EDGE('',*,*,#5502,.F.);
#7143=ORIENTED_EDGE('',*,*,#5503,.F.);
#7144=ORIENTED_EDGE('',*,*,#5504,.F.);
#7145=ORIENTED_EDGE('',*,*,#5505,.F.);
#7146=ORIENTED_EDGE('',*,*,#5506,.F.);
#7147=ORIENTED_EDGE('',*,*,#5497,.T.);
#7148=ORIENTED_EDGE('',*,*,#5507,.F.);
#7149=ORIENTED_EDGE('',*,*,#5503,.T.);
#7150=ORIENTED_EDGE('',*,*,#5508,.F.);
#7151=ORIENTED_EDGE('',*,*,#5509,.F.);
#7152=ORIENTED_EDGE('',*,*,#5510,.F.);
#7153=ORIENTED_EDGE('',*,*,#5499,.F.);
#7154=ORIENTED_EDGE('',*,*,#5511,.F.);
#7155=ORIENTED_EDGE('',*,*,#5512,.T.);
#7156=ORIENTED_EDGE('',*,*,#5513,.F.);
#7157=ORIENTED_EDGE('',*,*,#5512,.F.);
#7158=ORIENTED_EDGE('',*,*,#5514,.F.);
#7159=ORIENTED_EDGE('',*,*,#5505,.T.);
#7160=ORIENTED_EDGE('',*,*,#5515,.F.);
#7161=ORIENTED_EDGE('',*,*,#5509,.T.);
#7162=ORIENTED_EDGE('',*,*,#5516,.F.);
#7163=ORIENTED_EDGE('',*,*,#5517,.F.);
#7164=ORIENTED_EDGE('',*,*,#5518,.F.);
#7165=ORIENTED_EDGE('',*,*,#5517,.T.);
#7166=ORIENTED_EDGE('',*,*,#5519,.F.);
#7167=ORIENTED_EDGE('',*,*,#5501,.F.);
#7168=ORIENTED_EDGE('',*,*,#5520,.F.);
#7169=ORIENTED_EDGE('',*,*,#5521,.F.);
#7170=ORIENTED_EDGE('',*,*,#5522,.F.);
#7171=ORIENTED_EDGE('',*,*,#5523,.T.);
#7172=ORIENTED_EDGE('',*,*,#5524,.F.);
#7173=ORIENTED_EDGE('',*,*,#5525,.T.);
#7174=ORIENTED_EDGE('',*,*,#5526,.F.);
#7175=ORIENTED_EDGE('',*,*,#5527,.F.);
#7176=ORIENTED_EDGE('',*,*,#5528,.F.);
#7177=ORIENTED_EDGE('',*,*,#5529,.F.);
#7178=ORIENTED_EDGE('',*,*,#5530,.F.);
#7179=ORIENTED_EDGE('',*,*,#5521,.T.);
#7180=ORIENTED_EDGE('',*,*,#5531,.F.);
#7181=ORIENTED_EDGE('',*,*,#5527,.T.);
#7182=ORIENTED_EDGE('',*,*,#5532,.F.);
#7183=ORIENTED_EDGE('',*,*,#5533,.F.);
#7184=ORIENTED_EDGE('',*,*,#5534,.F.);
#7185=ORIENTED_EDGE('',*,*,#5523,.F.);
#7186=ORIENTED_EDGE('',*,*,#5535,.F.);
#7187=ORIENTED_EDGE('',*,*,#5536,.T.);
#7188=ORIENTED_EDGE('',*,*,#5537,.F.);
#7189=ORIENTED_EDGE('',*,*,#5536,.F.);
#7190=ORIENTED_EDGE('',*,*,#5538,.F.);
#7191=ORIENTED_EDGE('',*,*,#5529,.T.);
#7192=ORIENTED_EDGE('',*,*,#5539,.F.);
#7193=ORIENTED_EDGE('',*,*,#5533,.T.);
#7194=ORIENTED_EDGE('',*,*,#5540,.F.);
#7195=ORIENTED_EDGE('',*,*,#5541,.F.);
#7196=ORIENTED_EDGE('',*,*,#5542,.F.);
#7197=ORIENTED_EDGE('',*,*,#5541,.T.);
#7198=ORIENTED_EDGE('',*,*,#5543,.F.);
#7199=ORIENTED_EDGE('',*,*,#5525,.F.);
#7200=ORIENTED_EDGE('',*,*,#5544,.F.);
#7201=ORIENTED_EDGE('',*,*,#5545,.F.);
#7202=ORIENTED_EDGE('',*,*,#5546,.F.);
#7203=ORIENTED_EDGE('',*,*,#5547,.T.);
#7204=ORIENTED_EDGE('',*,*,#5548,.F.);
#7205=ORIENTED_EDGE('',*,*,#5547,.F.);
#7206=ORIENTED_EDGE('',*,*,#5549,.F.);
#7207=ORIENTED_EDGE('',*,*,#5550,.T.);
#7208=ORIENTED_EDGE('',*,*,#5551,.F.);
#7209=ORIENTED_EDGE('',*,*,#5550,.F.);
#7210=ORIENTED_EDGE('',*,*,#5552,.F.);
#7211=ORIENTED_EDGE('',*,*,#5553,.T.);
#7212=ORIENTED_EDGE('',*,*,#5554,.F.);
#7213=ORIENTED_EDGE('',*,*,#5553,.F.);
#7214=ORIENTED_EDGE('',*,*,#5555,.F.);
#7215=ORIENTED_EDGE('',*,*,#5545,.T.);
#7216=ORIENTED_EDGE('',*,*,#5556,.F.);
#7217=ORIENTED_EDGE('',*,*,#5557,.F.);
#7218=ORIENTED_EDGE('',*,*,#5558,.F.);
#7219=ORIENTED_EDGE('',*,*,#5559,.T.);
#7220=ORIENTED_EDGE('',*,*,#5560,.F.);
#7221=ORIENTED_EDGE('',*,*,#5559,.F.);
#7222=ORIENTED_EDGE('',*,*,#5561,.F.);
#7223=ORIENTED_EDGE('',*,*,#5562,.T.);
#7224=ORIENTED_EDGE('',*,*,#5563,.F.);
#7225=ORIENTED_EDGE('',*,*,#5562,.F.);
#7226=ORIENTED_EDGE('',*,*,#5564,.F.);
#7227=ORIENTED_EDGE('',*,*,#5565,.T.);
#7228=ORIENTED_EDGE('',*,*,#5566,.F.);
#7229=ORIENTED_EDGE('',*,*,#5565,.F.);
#7230=ORIENTED_EDGE('',*,*,#5567,.F.);
#7231=ORIENTED_EDGE('',*,*,#5557,.T.);
#7232=ORIENTED_EDGE('',*,*,#5568,.F.);
#7233=ORIENTED_EDGE('',*,*,#5569,.F.);
#7234=ORIENTED_EDGE('',*,*,#5570,.F.);
#7235=ORIENTED_EDGE('',*,*,#5571,.T.);
#7236=ORIENTED_EDGE('',*,*,#5572,.F.);
#7237=ORIENTED_EDGE('',*,*,#5571,.F.);
#7238=ORIENTED_EDGE('',*,*,#5573,.F.);
#7239=ORIENTED_EDGE('',*,*,#5574,.T.);
#7240=ORIENTED_EDGE('',*,*,#5575,.F.);
#7241=ORIENTED_EDGE('',*,*,#5574,.F.);
#7242=ORIENTED_EDGE('',*,*,#5576,.F.);
#7243=ORIENTED_EDGE('',*,*,#5577,.T.);
#7244=ORIENTED_EDGE('',*,*,#5578,.F.);
#7245=ORIENTED_EDGE('',*,*,#5577,.F.);
#7246=ORIENTED_EDGE('',*,*,#5579,.F.);
#7247=ORIENTED_EDGE('',*,*,#5569,.T.);
#7248=ORIENTED_EDGE('',*,*,#5580,.F.);
#7249=ORIENTED_EDGE('',*,*,#5581,.F.);
#7250=ORIENTED_EDGE('',*,*,#5582,.F.);
#7251=ORIENTED_EDGE('',*,*,#5583,.T.);
#7252=ORIENTED_EDGE('',*,*,#5584,.F.);
#7253=ORIENTED_EDGE('',*,*,#5583,.F.);
#7254=ORIENTED_EDGE('',*,*,#5585,.F.);
#7255=ORIENTED_EDGE('',*,*,#5586,.T.);
#7256=ORIENTED_EDGE('',*,*,#5587,.F.);
#7257=ORIENTED_EDGE('',*,*,#5586,.F.);
#7258=ORIENTED_EDGE('',*,*,#5588,.F.);
#7259=ORIENTED_EDGE('',*,*,#5589,.T.);
#7260=ORIENTED_EDGE('',*,*,#5590,.F.);
#7261=ORIENTED_EDGE('',*,*,#5589,.F.);
#7262=ORIENTED_EDGE('',*,*,#5591,.F.);
#7263=ORIENTED_EDGE('',*,*,#5581,.T.);
#7264=ORIENTED_EDGE('',*,*,#5592,.F.);
#7265=ORIENTED_EDGE('',*,*,#5593,.F.);
#7266=ORIENTED_EDGE('',*,*,#5594,.F.);
#7267=ORIENTED_EDGE('',*,*,#5595,.T.);
#7268=ORIENTED_EDGE('',*,*,#5596,.F.);
#7269=ORIENTED_EDGE('',*,*,#5595,.F.);
#7270=ORIENTED_EDGE('',*,*,#5597,.F.);
#7271=ORIENTED_EDGE('',*,*,#5598,.T.);
#7272=ORIENTED_EDGE('',*,*,#5599,.F.);
#7273=ORIENTED_EDGE('',*,*,#5598,.F.);
#7274=ORIENTED_EDGE('',*,*,#5600,.F.);
#7275=ORIENTED_EDGE('',*,*,#5601,.T.);
#7276=ORIENTED_EDGE('',*,*,#5602,.F.);
#7277=ORIENTED_EDGE('',*,*,#5601,.F.);
#7278=ORIENTED_EDGE('',*,*,#5603,.F.);
#7279=ORIENTED_EDGE('',*,*,#5593,.T.);
#7280=ORIENTED_EDGE('',*,*,#5604,.F.);
#7281=ORIENTED_EDGE('',*,*,#5605,.F.);
#7282=ORIENTED_EDGE('',*,*,#5606,.F.);
#7283=ORIENTED_EDGE('',*,*,#5607,.T.);
#7284=ORIENTED_EDGE('',*,*,#5608,.F.);
#7285=ORIENTED_EDGE('',*,*,#5607,.F.);
#7286=ORIENTED_EDGE('',*,*,#5609,.F.);
#7287=ORIENTED_EDGE('',*,*,#5610,.T.);
#7288=ORIENTED_EDGE('',*,*,#5611,.F.);
#7289=ORIENTED_EDGE('',*,*,#5610,.F.);
#7290=ORIENTED_EDGE('',*,*,#5612,.F.);
#7291=ORIENTED_EDGE('',*,*,#5613,.T.);
#7292=ORIENTED_EDGE('',*,*,#5614,.F.);
#7293=ORIENTED_EDGE('',*,*,#5613,.F.);
#7294=ORIENTED_EDGE('',*,*,#5615,.F.);
#7295=ORIENTED_EDGE('',*,*,#5605,.T.);
#7296=ORIENTED_EDGE('',*,*,#5616,.F.);
#7297=ORIENTED_EDGE('',*,*,#5617,.F.);
#7298=ORIENTED_EDGE('',*,*,#5618,.F.);
#7299=ORIENTED_EDGE('',*,*,#5619,.T.);
#7300=ORIENTED_EDGE('',*,*,#5620,.F.);
#7301=ORIENTED_EDGE('',*,*,#5619,.F.);
#7302=ORIENTED_EDGE('',*,*,#5621,.F.);
#7303=ORIENTED_EDGE('',*,*,#5622,.T.);
#7304=ORIENTED_EDGE('',*,*,#5623,.F.);
#7305=ORIENTED_EDGE('',*,*,#5622,.F.);
#7306=ORIENTED_EDGE('',*,*,#5624,.F.);
#7307=ORIENTED_EDGE('',*,*,#5625,.T.);
#7308=ORIENTED_EDGE('',*,*,#5626,.F.);
#7309=ORIENTED_EDGE('',*,*,#5625,.F.);
#7310=ORIENTED_EDGE('',*,*,#5627,.F.);
#7311=ORIENTED_EDGE('',*,*,#5617,.T.);
#7312=ORIENTED_EDGE('',*,*,#5628,.F.);
#7313=ORIENTED_EDGE('',*,*,#5629,.F.);
#7314=ORIENTED_EDGE('',*,*,#5630,.F.);
#7315=ORIENTED_EDGE('',*,*,#5631,.T.);
#7316=ORIENTED_EDGE('',*,*,#5632,.F.);
#7317=ORIENTED_EDGE('',*,*,#5631,.F.);
#7318=ORIENTED_EDGE('',*,*,#5633,.F.);
#7319=ORIENTED_EDGE('',*,*,#5634,.T.);
#7320=ORIENTED_EDGE('',*,*,#5635,.F.);
#7321=ORIENTED_EDGE('',*,*,#5634,.F.);
#7322=ORIENTED_EDGE('',*,*,#5636,.F.);
#7323=ORIENTED_EDGE('',*,*,#5637,.T.);
#7324=ORIENTED_EDGE('',*,*,#5638,.F.);
#7325=ORIENTED_EDGE('',*,*,#5637,.F.);
#7326=ORIENTED_EDGE('',*,*,#5639,.F.);
#7327=ORIENTED_EDGE('',*,*,#5629,.T.);
#7328=ORIENTED_EDGE('',*,*,#5640,.F.);
#7329=ORIENTED_EDGE('',*,*,#5641,.F.);
#7330=ORIENTED_EDGE('',*,*,#5642,.F.);
#7331=ORIENTED_EDGE('',*,*,#5643,.T.);
#7332=ORIENTED_EDGE('',*,*,#5644,.F.);
#7333=ORIENTED_EDGE('',*,*,#5643,.F.);
#7334=ORIENTED_EDGE('',*,*,#5645,.F.);
#7335=ORIENTED_EDGE('',*,*,#5646,.T.);
#7336=ORIENTED_EDGE('',*,*,#5647,.F.);
#7337=ORIENTED_EDGE('',*,*,#5646,.F.);
#7338=ORIENTED_EDGE('',*,*,#5648,.F.);
#7339=ORIENTED_EDGE('',*,*,#5649,.T.);
#7340=ORIENTED_EDGE('',*,*,#5650,.F.);
#7341=ORIENTED_EDGE('',*,*,#5649,.F.);
#7342=ORIENTED_EDGE('',*,*,#5651,.F.);
#7343=ORIENTED_EDGE('',*,*,#5641,.T.);
#7344=ORIENTED_EDGE('',*,*,#5652,.F.);
#7345=ORIENTED_EDGE('',*,*,#5653,.F.);
#7346=ORIENTED_EDGE('',*,*,#5654,.F.);
#7347=ORIENTED_EDGE('',*,*,#5655,.T.);
#7348=ORIENTED_EDGE('',*,*,#5656,.F.);
#7349=ORIENTED_EDGE('',*,*,#5655,.F.);
#7350=ORIENTED_EDGE('',*,*,#5657,.F.);
#7351=ORIENTED_EDGE('',*,*,#5658,.T.);
#7352=ORIENTED_EDGE('',*,*,#5659,.F.);
#7353=ORIENTED_EDGE('',*,*,#5658,.F.);
#7354=ORIENTED_EDGE('',*,*,#5660,.F.);
#7355=ORIENTED_EDGE('',*,*,#5661,.T.);
#7356=ORIENTED_EDGE('',*,*,#5662,.F.);
#7357=ORIENTED_EDGE('',*,*,#5661,.F.);
#7358=ORIENTED_EDGE('',*,*,#5663,.F.);
#7359=ORIENTED_EDGE('',*,*,#5653,.T.);
#7360=ORIENTED_EDGE('',*,*,#5664,.F.);
#7361=ORIENTED_EDGE('',*,*,#5665,.F.);
#7362=ORIENTED_EDGE('',*,*,#5666,.F.);
#7363=ORIENTED_EDGE('',*,*,#5667,.T.);
#7364=ORIENTED_EDGE('',*,*,#5668,.F.);
#7365=ORIENTED_EDGE('',*,*,#5667,.F.);
#7366=ORIENTED_EDGE('',*,*,#5669,.F.);
#7367=ORIENTED_EDGE('',*,*,#5670,.T.);
#7368=ORIENTED_EDGE('',*,*,#5671,.F.);
#7369=ORIENTED_EDGE('',*,*,#5670,.F.);
#7370=ORIENTED_EDGE('',*,*,#5672,.F.);
#7371=ORIENTED_EDGE('',*,*,#5673,.T.);
#7372=ORIENTED_EDGE('',*,*,#5674,.F.);
#7373=ORIENTED_EDGE('',*,*,#5673,.F.);
#7374=ORIENTED_EDGE('',*,*,#5675,.F.);
#7375=ORIENTED_EDGE('',*,*,#5665,.T.);
#7376=ORIENTED_EDGE('',*,*,#5676,.F.);
#7377=ORIENTED_EDGE('',*,*,#5677,.F.);
#7378=ORIENTED_EDGE('',*,*,#5678,.F.);
#7379=ORIENTED_EDGE('',*,*,#5679,.T.);
#7380=ORIENTED_EDGE('',*,*,#5680,.F.);
#7381=ORIENTED_EDGE('',*,*,#5679,.F.);
#7382=ORIENTED_EDGE('',*,*,#5681,.F.);
#7383=ORIENTED_EDGE('',*,*,#5682,.T.);
#7384=ORIENTED_EDGE('',*,*,#5683,.F.);
#7385=ORIENTED_EDGE('',*,*,#5682,.F.);
#7386=ORIENTED_EDGE('',*,*,#5684,.F.);
#7387=ORIENTED_EDGE('',*,*,#5685,.T.);
#7388=ORIENTED_EDGE('',*,*,#5686,.F.);
#7389=ORIENTED_EDGE('',*,*,#5685,.F.);
#7390=ORIENTED_EDGE('',*,*,#5687,.F.);
#7391=ORIENTED_EDGE('',*,*,#5677,.T.);
#7392=ORIENTED_EDGE('',*,*,#5688,.F.);
#7393=ORIENTED_EDGE('',*,*,#5689,.F.);
#7394=ORIENTED_EDGE('',*,*,#5690,.F.);
#7395=ORIENTED_EDGE('',*,*,#5691,.T.);
#7396=ORIENTED_EDGE('',*,*,#5692,.F.);
#7397=ORIENTED_EDGE('',*,*,#5691,.F.);
#7398=ORIENTED_EDGE('',*,*,#5693,.F.);
#7399=ORIENTED_EDGE('',*,*,#5694,.T.);
#7400=ORIENTED_EDGE('',*,*,#5695,.F.);
#7401=ORIENTED_EDGE('',*,*,#5694,.F.);
#7402=ORIENTED_EDGE('',*,*,#5696,.F.);
#7403=ORIENTED_EDGE('',*,*,#5697,.T.);
#7404=ORIENTED_EDGE('',*,*,#5698,.F.);
#7405=ORIENTED_EDGE('',*,*,#5697,.F.);
#7406=ORIENTED_EDGE('',*,*,#5699,.F.);
#7407=ORIENTED_EDGE('',*,*,#5689,.T.);
#7408=ORIENTED_EDGE('',*,*,#5700,.F.);
#7409=ORIENTED_EDGE('',*,*,#5701,.F.);
#7410=ORIENTED_EDGE('',*,*,#5702,.F.);
#7411=ORIENTED_EDGE('',*,*,#5703,.T.);
#7412=ORIENTED_EDGE('',*,*,#5704,.F.);
#7413=ORIENTED_EDGE('',*,*,#5703,.F.);
#7414=ORIENTED_EDGE('',*,*,#5705,.F.);
#7415=ORIENTED_EDGE('',*,*,#5706,.T.);
#7416=ORIENTED_EDGE('',*,*,#5707,.F.);
#7417=ORIENTED_EDGE('',*,*,#5706,.F.);
#7418=ORIENTED_EDGE('',*,*,#5708,.F.);
#7419=ORIENTED_EDGE('',*,*,#5709,.T.);
#7420=ORIENTED_EDGE('',*,*,#5710,.F.);
#7421=ORIENTED_EDGE('',*,*,#5709,.F.);
#7422=ORIENTED_EDGE('',*,*,#5711,.F.);
#7423=ORIENTED_EDGE('',*,*,#5701,.T.);
#7424=ORIENTED_EDGE('',*,*,#5712,.F.);
#7425=ORIENTED_EDGE('',*,*,#5713,.F.);
#7426=ORIENTED_EDGE('',*,*,#5714,.F.);
#7427=ORIENTED_EDGE('',*,*,#5715,.T.);
#7428=ORIENTED_EDGE('',*,*,#5716,.F.);
#7429=ORIENTED_EDGE('',*,*,#5715,.F.);
#7430=ORIENTED_EDGE('',*,*,#5717,.F.);
#7431=ORIENTED_EDGE('',*,*,#5718,.T.);
#7432=ORIENTED_EDGE('',*,*,#5719,.F.);
#7433=ORIENTED_EDGE('',*,*,#5718,.F.);
#7434=ORIENTED_EDGE('',*,*,#5720,.F.);
#7435=ORIENTED_EDGE('',*,*,#5721,.T.);
#7436=ORIENTED_EDGE('',*,*,#5722,.F.);
#7437=ORIENTED_EDGE('',*,*,#5721,.F.);
#7438=ORIENTED_EDGE('',*,*,#5723,.F.);
#7439=ORIENTED_EDGE('',*,*,#5713,.T.);
#7440=ORIENTED_EDGE('',*,*,#5724,.F.);
#7441=ORIENTED_EDGE('',*,*,#5725,.F.);
#7442=ORIENTED_EDGE('',*,*,#5726,.F.);
#7443=ORIENTED_EDGE('',*,*,#5727,.T.);
#7444=ORIENTED_EDGE('',*,*,#5728,.F.);
#7445=ORIENTED_EDGE('',*,*,#5727,.F.);
#7446=ORIENTED_EDGE('',*,*,#5729,.F.);
#7447=ORIENTED_EDGE('',*,*,#5730,.T.);
#7448=ORIENTED_EDGE('',*,*,#5731,.F.);
#7449=ORIENTED_EDGE('',*,*,#5730,.F.);
#7450=ORIENTED_EDGE('',*,*,#5732,.F.);
#7451=ORIENTED_EDGE('',*,*,#5733,.T.);
#7452=ORIENTED_EDGE('',*,*,#5734,.F.);
#7453=ORIENTED_EDGE('',*,*,#5733,.F.);
#7454=ORIENTED_EDGE('',*,*,#5735,.F.);
#7455=ORIENTED_EDGE('',*,*,#5725,.T.);
#7456=ORIENTED_EDGE('',*,*,#5736,.F.);
#7457=ORIENTED_EDGE('',*,*,#5737,.F.);
#7458=ORIENTED_EDGE('',*,*,#5738,.F.);
#7459=ORIENTED_EDGE('',*,*,#5739,.T.);
#7460=ORIENTED_EDGE('',*,*,#5740,.F.);
#7461=ORIENTED_EDGE('',*,*,#5739,.F.);
#7462=ORIENTED_EDGE('',*,*,#5741,.F.);
#7463=ORIENTED_EDGE('',*,*,#5742,.T.);
#7464=ORIENTED_EDGE('',*,*,#5743,.F.);
#7465=ORIENTED_EDGE('',*,*,#5742,.F.);
#7466=ORIENTED_EDGE('',*,*,#5744,.F.);
#7467=ORIENTED_EDGE('',*,*,#5745,.T.);
#7468=ORIENTED_EDGE('',*,*,#5746,.F.);
#7469=ORIENTED_EDGE('',*,*,#5745,.F.);
#7470=ORIENTED_EDGE('',*,*,#5747,.F.);
#7471=ORIENTED_EDGE('',*,*,#5737,.T.);
#7472=ORIENTED_EDGE('',*,*,#5748,.F.);
#7473=ORIENTED_EDGE('',*,*,#5749,.F.);
#7474=ORIENTED_EDGE('',*,*,#5750,.F.);
#7475=ORIENTED_EDGE('',*,*,#5751,.T.);
#7476=ORIENTED_EDGE('',*,*,#5752,.F.);
#7477=ORIENTED_EDGE('',*,*,#5751,.F.);
#7478=ORIENTED_EDGE('',*,*,#5753,.F.);
#7479=ORIENTED_EDGE('',*,*,#5754,.T.);
#7480=ORIENTED_EDGE('',*,*,#5755,.F.);
#7481=ORIENTED_EDGE('',*,*,#5754,.F.);
#7482=ORIENTED_EDGE('',*,*,#5756,.F.);
#7483=ORIENTED_EDGE('',*,*,#5757,.T.);
#7484=ORIENTED_EDGE('',*,*,#5758,.F.);
#7485=ORIENTED_EDGE('',*,*,#5757,.F.);
#7486=ORIENTED_EDGE('',*,*,#5759,.F.);
#7487=ORIENTED_EDGE('',*,*,#5749,.T.);
#7488=ORIENTED_EDGE('',*,*,#5760,.F.);
#7489=ORIENTED_EDGE('',*,*,#5761,.F.);
#7490=ORIENTED_EDGE('',*,*,#5762,.F.);
#7491=ORIENTED_EDGE('',*,*,#5763,.T.);
#7492=ORIENTED_EDGE('',*,*,#5764,.F.);
#7493=ORIENTED_EDGE('',*,*,#5763,.F.);
#7494=ORIENTED_EDGE('',*,*,#5765,.F.);
#7495=ORIENTED_EDGE('',*,*,#5766,.T.);
#7496=ORIENTED_EDGE('',*,*,#5767,.F.);
#7497=ORIENTED_EDGE('',*,*,#5766,.F.);
#7498=ORIENTED_EDGE('',*,*,#5768,.F.);
#7499=ORIENTED_EDGE('',*,*,#5769,.T.);
#7500=ORIENTED_EDGE('',*,*,#5770,.F.);
#7501=ORIENTED_EDGE('',*,*,#5769,.F.);
#7502=ORIENTED_EDGE('',*,*,#5771,.F.);
#7503=ORIENTED_EDGE('',*,*,#5761,.T.);
#7504=ORIENTED_EDGE('',*,*,#5772,.F.);
#7505=ORIENTED_EDGE('',*,*,#5773,.F.);
#7506=ORIENTED_EDGE('',*,*,#5774,.F.);
#7507=ORIENTED_EDGE('',*,*,#5775,.T.);
#7508=ORIENTED_EDGE('',*,*,#5776,.F.);
#7509=ORIENTED_EDGE('',*,*,#5775,.F.);
#7510=ORIENTED_EDGE('',*,*,#5777,.F.);
#7511=ORIENTED_EDGE('',*,*,#5778,.T.);
#7512=ORIENTED_EDGE('',*,*,#5779,.F.);
#7513=ORIENTED_EDGE('',*,*,#5778,.F.);
#7514=ORIENTED_EDGE('',*,*,#5780,.F.);
#7515=ORIENTED_EDGE('',*,*,#5781,.T.);
#7516=ORIENTED_EDGE('',*,*,#5782,.F.);
#7517=ORIENTED_EDGE('',*,*,#5781,.F.);
#7518=ORIENTED_EDGE('',*,*,#5783,.F.);
#7519=ORIENTED_EDGE('',*,*,#5773,.T.);
#7520=ORIENTED_EDGE('',*,*,#5784,.F.);
#7521=ORIENTED_EDGE('',*,*,#5785,.F.);
#7522=ORIENTED_EDGE('',*,*,#5786,.F.);
#7523=ORIENTED_EDGE('',*,*,#5787,.T.);
#7524=ORIENTED_EDGE('',*,*,#5788,.F.);
#7525=ORIENTED_EDGE('',*,*,#5787,.F.);
#7526=ORIENTED_EDGE('',*,*,#5789,.F.);
#7527=ORIENTED_EDGE('',*,*,#5790,.T.);
#7528=ORIENTED_EDGE('',*,*,#5791,.F.);
#7529=ORIENTED_EDGE('',*,*,#5790,.F.);
#7530=ORIENTED_EDGE('',*,*,#5792,.F.);
#7531=ORIENTED_EDGE('',*,*,#5793,.T.);
#7532=ORIENTED_EDGE('',*,*,#5794,.F.);
#7533=ORIENTED_EDGE('',*,*,#5793,.F.);
#7534=ORIENTED_EDGE('',*,*,#5795,.F.);
#7535=ORIENTED_EDGE('',*,*,#5785,.T.);
#7536=ORIENTED_EDGE('',*,*,#5796,.F.);
#7537=ORIENTED_EDGE('',*,*,#5797,.F.);
#7538=ORIENTED_EDGE('',*,*,#5798,.F.);
#7539=ORIENTED_EDGE('',*,*,#5799,.T.);
#7540=ORIENTED_EDGE('',*,*,#5800,.F.);
#7541=ORIENTED_EDGE('',*,*,#5799,.F.);
#7542=ORIENTED_EDGE('',*,*,#5801,.F.);
#7543=ORIENTED_EDGE('',*,*,#5802,.T.);
#7544=ORIENTED_EDGE('',*,*,#5803,.F.);
#7545=ORIENTED_EDGE('',*,*,#5802,.F.);
#7546=ORIENTED_EDGE('',*,*,#5804,.F.);
#7547=ORIENTED_EDGE('',*,*,#5805,.T.);
#7548=ORIENTED_EDGE('',*,*,#5806,.F.);
#7549=ORIENTED_EDGE('',*,*,#5805,.F.);
#7550=ORIENTED_EDGE('',*,*,#5807,.F.);
#7551=ORIENTED_EDGE('',*,*,#5797,.T.);
#7552=ORIENTED_EDGE('',*,*,#5808,.F.);
#7553=ORIENTED_EDGE('',*,*,#5809,.F.);
#7554=ORIENTED_EDGE('',*,*,#5810,.F.);
#7555=ORIENTED_EDGE('',*,*,#5811,.T.);
#7556=ORIENTED_EDGE('',*,*,#5812,.F.);
#7557=ORIENTED_EDGE('',*,*,#5811,.F.);
#7558=ORIENTED_EDGE('',*,*,#5813,.F.);
#7559=ORIENTED_EDGE('',*,*,#5814,.T.);
#7560=ORIENTED_EDGE('',*,*,#5815,.F.);
#7561=ORIENTED_EDGE('',*,*,#5814,.F.);
#7562=ORIENTED_EDGE('',*,*,#5816,.F.);
#7563=ORIENTED_EDGE('',*,*,#5817,.T.);
#7564=ORIENTED_EDGE('',*,*,#5818,.F.);
#7565=ORIENTED_EDGE('',*,*,#5817,.F.);
#7566=ORIENTED_EDGE('',*,*,#5819,.F.);
#7567=ORIENTED_EDGE('',*,*,#5809,.T.);
#7568=ORIENTED_EDGE('',*,*,#5820,.F.);
#7569=ORIENTED_EDGE('',*,*,#5821,.F.);
#7570=ORIENTED_EDGE('',*,*,#5822,.F.);
#7571=ORIENTED_EDGE('',*,*,#5823,.T.);
#7572=ORIENTED_EDGE('',*,*,#5824,.F.);
#7573=ORIENTED_EDGE('',*,*,#5823,.F.);
#7574=ORIENTED_EDGE('',*,*,#5825,.F.);
#7575=ORIENTED_EDGE('',*,*,#5826,.T.);
#7576=ORIENTED_EDGE('',*,*,#5827,.F.);
#7577=ORIENTED_EDGE('',*,*,#5826,.F.);
#7578=ORIENTED_EDGE('',*,*,#5828,.F.);
#7579=ORIENTED_EDGE('',*,*,#5829,.T.);
#7580=ORIENTED_EDGE('',*,*,#5830,.F.);
#7581=ORIENTED_EDGE('',*,*,#5829,.F.);
#7582=ORIENTED_EDGE('',*,*,#5831,.F.);
#7583=ORIENTED_EDGE('',*,*,#5821,.T.);
#7584=ORIENTED_EDGE('',*,*,#5832,.F.);
#7585=ORIENTED_EDGE('',*,*,#5833,.F.);
#7586=ORIENTED_EDGE('',*,*,#5834,.F.);
#7587=ORIENTED_EDGE('',*,*,#5835,.T.);
#7588=ORIENTED_EDGE('',*,*,#5836,.F.);
#7589=ORIENTED_EDGE('',*,*,#5835,.F.);
#7590=ORIENTED_EDGE('',*,*,#5837,.F.);
#7591=ORIENTED_EDGE('',*,*,#5838,.T.);
#7592=ORIENTED_EDGE('',*,*,#5839,.F.);
#7593=ORIENTED_EDGE('',*,*,#5838,.F.);
#7594=ORIENTED_EDGE('',*,*,#5840,.F.);
#7595=ORIENTED_EDGE('',*,*,#5841,.T.);
#7596=ORIENTED_EDGE('',*,*,#5842,.F.);
#7597=ORIENTED_EDGE('',*,*,#5841,.F.);
#7598=ORIENTED_EDGE('',*,*,#5843,.F.);
#7599=ORIENTED_EDGE('',*,*,#5833,.T.);
#7600=ORIENTED_EDGE('',*,*,#5844,.F.);
#7601=ORIENTED_EDGE('',*,*,#5845,.F.);
#7602=ORIENTED_EDGE('',*,*,#5846,.F.);
#7603=ORIENTED_EDGE('',*,*,#5847,.T.);
#7604=ORIENTED_EDGE('',*,*,#5848,.F.);
#7605=ORIENTED_EDGE('',*,*,#5847,.F.);
#7606=ORIENTED_EDGE('',*,*,#5849,.F.);
#7607=ORIENTED_EDGE('',*,*,#5850,.T.);
#7608=ORIENTED_EDGE('',*,*,#5851,.F.);
#7609=ORIENTED_EDGE('',*,*,#5850,.F.);
#7610=ORIENTED_EDGE('',*,*,#5852,.F.);
#7611=ORIENTED_EDGE('',*,*,#5853,.T.);
#7612=ORIENTED_EDGE('',*,*,#5854,.F.);
#7613=ORIENTED_EDGE('',*,*,#5853,.F.);
#7614=ORIENTED_EDGE('',*,*,#5855,.F.);
#7615=ORIENTED_EDGE('',*,*,#5845,.T.);
#7616=ORIENTED_EDGE('',*,*,#5856,.F.);
#7617=ORIENTED_EDGE('',*,*,#5857,.F.);
#7618=ORIENTED_EDGE('',*,*,#5858,.F.);
#7619=ORIENTED_EDGE('',*,*,#5859,.T.);
#7620=ORIENTED_EDGE('',*,*,#5860,.F.);
#7621=ORIENTED_EDGE('',*,*,#5859,.F.);
#7622=ORIENTED_EDGE('',*,*,#5861,.F.);
#7623=ORIENTED_EDGE('',*,*,#5862,.T.);
#7624=ORIENTED_EDGE('',*,*,#5863,.F.);
#7625=ORIENTED_EDGE('',*,*,#5862,.F.);
#7626=ORIENTED_EDGE('',*,*,#5864,.F.);
#7627=ORIENTED_EDGE('',*,*,#5865,.T.);
#7628=ORIENTED_EDGE('',*,*,#5866,.F.);
#7629=ORIENTED_EDGE('',*,*,#5865,.F.);
#7630=ORIENTED_EDGE('',*,*,#5867,.F.);
#7631=ORIENTED_EDGE('',*,*,#5857,.T.);
#7632=ORIENTED_EDGE('',*,*,#5868,.F.);
#7633=ORIENTED_EDGE('',*,*,#5869,.F.);
#7634=ORIENTED_EDGE('',*,*,#5870,.F.);
#7635=ORIENTED_EDGE('',*,*,#5871,.T.);
#7636=ORIENTED_EDGE('',*,*,#5872,.F.);
#7637=ORIENTED_EDGE('',*,*,#5871,.F.);
#7638=ORIENTED_EDGE('',*,*,#5873,.F.);
#7639=ORIENTED_EDGE('',*,*,#5874,.T.);
#7640=ORIENTED_EDGE('',*,*,#5875,.F.);
#7641=ORIENTED_EDGE('',*,*,#5874,.F.);
#7642=ORIENTED_EDGE('',*,*,#5876,.F.);
#7643=ORIENTED_EDGE('',*,*,#5877,.T.);
#7644=ORIENTED_EDGE('',*,*,#5878,.F.);
#7645=ORIENTED_EDGE('',*,*,#5877,.F.);
#7646=ORIENTED_EDGE('',*,*,#5879,.F.);
#7647=ORIENTED_EDGE('',*,*,#5869,.T.);
#7648=ORIENTED_EDGE('',*,*,#5880,.F.);
#7649=ORIENTED_EDGE('',*,*,#5881,.F.);
#7650=ORIENTED_EDGE('',*,*,#5882,.F.);
#7651=ORIENTED_EDGE('',*,*,#5883,.T.);
#7652=ORIENTED_EDGE('',*,*,#5884,.F.);
#7653=ORIENTED_EDGE('',*,*,#5883,.F.);
#7654=ORIENTED_EDGE('',*,*,#5885,.F.);
#7655=ORIENTED_EDGE('',*,*,#5886,.T.);
#7656=ORIENTED_EDGE('',*,*,#5887,.F.);
#7657=ORIENTED_EDGE('',*,*,#5886,.F.);
#7658=ORIENTED_EDGE('',*,*,#5888,.F.);
#7659=ORIENTED_EDGE('',*,*,#5889,.T.);
#7660=ORIENTED_EDGE('',*,*,#5890,.F.);
#7661=ORIENTED_EDGE('',*,*,#5889,.F.);
#7662=ORIENTED_EDGE('',*,*,#5891,.F.);
#7663=ORIENTED_EDGE('',*,*,#5881,.T.);
#7664=ORIENTED_EDGE('',*,*,#5892,.F.);
#7665=ORIENTED_EDGE('',*,*,#5893,.F.);
#7666=ORIENTED_EDGE('',*,*,#5894,.F.);
#7667=ORIENTED_EDGE('',*,*,#5895,.T.);
#7668=ORIENTED_EDGE('',*,*,#5896,.F.);
#7669=ORIENTED_EDGE('',*,*,#5895,.F.);
#7670=ORIENTED_EDGE('',*,*,#5897,.F.);
#7671=ORIENTED_EDGE('',*,*,#5898,.T.);
#7672=ORIENTED_EDGE('',*,*,#5899,.F.);
#7673=ORIENTED_EDGE('',*,*,#5898,.F.);
#7674=ORIENTED_EDGE('',*,*,#5900,.F.);
#7675=ORIENTED_EDGE('',*,*,#5901,.T.);
#7676=ORIENTED_EDGE('',*,*,#5902,.F.);
#7677=ORIENTED_EDGE('',*,*,#5901,.F.);
#7678=ORIENTED_EDGE('',*,*,#5903,.F.);
#7679=ORIENTED_EDGE('',*,*,#5893,.T.);
#7680=ORIENTED_EDGE('',*,*,#5904,.F.);
#7681=ORIENTED_EDGE('',*,*,#5905,.F.);
#7682=ORIENTED_EDGE('',*,*,#5906,.F.);
#7683=ORIENTED_EDGE('',*,*,#5907,.T.);
#7684=ORIENTED_EDGE('',*,*,#5908,.F.);
#7685=ORIENTED_EDGE('',*,*,#5907,.F.);
#7686=ORIENTED_EDGE('',*,*,#5909,.F.);
#7687=ORIENTED_EDGE('',*,*,#5910,.T.);
#7688=ORIENTED_EDGE('',*,*,#5911,.F.);
#7689=ORIENTED_EDGE('',*,*,#5910,.F.);
#7690=ORIENTED_EDGE('',*,*,#5912,.F.);
#7691=ORIENTED_EDGE('',*,*,#5913,.T.);
#7692=ORIENTED_EDGE('',*,*,#5914,.F.);
#7693=ORIENTED_EDGE('',*,*,#5913,.F.);
#7694=ORIENTED_EDGE('',*,*,#5915,.F.);
#7695=ORIENTED_EDGE('',*,*,#5905,.T.);
#7696=ORIENTED_EDGE('',*,*,#5916,.F.);
#7697=ORIENTED_EDGE('',*,*,#5917,.F.);
#7698=ORIENTED_EDGE('',*,*,#5918,.F.);
#7699=ORIENTED_EDGE('',*,*,#5919,.T.);
#7700=ORIENTED_EDGE('',*,*,#5920,.F.);
#7701=ORIENTED_EDGE('',*,*,#5919,.F.);
#7702=ORIENTED_EDGE('',*,*,#5921,.F.);
#7703=ORIENTED_EDGE('',*,*,#5922,.T.);
#7704=ORIENTED_EDGE('',*,*,#5923,.F.);
#7705=ORIENTED_EDGE('',*,*,#5922,.F.);
#7706=ORIENTED_EDGE('',*,*,#5924,.F.);
#7707=ORIENTED_EDGE('',*,*,#5925,.T.);
#7708=ORIENTED_EDGE('',*,*,#5926,.F.);
#7709=ORIENTED_EDGE('',*,*,#5925,.F.);
#7710=ORIENTED_EDGE('',*,*,#5927,.F.);
#7711=ORIENTED_EDGE('',*,*,#5917,.T.);
#7712=ORIENTED_EDGE('',*,*,#5928,.F.);
#7713=ORIENTED_EDGE('',*,*,#5929,.F.);
#7714=ORIENTED_EDGE('',*,*,#5930,.F.);
#7715=ORIENTED_EDGE('',*,*,#5931,.T.);
#7716=ORIENTED_EDGE('',*,*,#5932,.F.);
#7717=ORIENTED_EDGE('',*,*,#5931,.F.);
#7718=ORIENTED_EDGE('',*,*,#5933,.F.);
#7719=ORIENTED_EDGE('',*,*,#5934,.T.);
#7720=ORIENTED_EDGE('',*,*,#5935,.F.);
#7721=ORIENTED_EDGE('',*,*,#5934,.F.);
#7722=ORIENTED_EDGE('',*,*,#5936,.F.);
#7723=ORIENTED_EDGE('',*,*,#5937,.T.);
#7724=ORIENTED_EDGE('',*,*,#5938,.F.);
#7725=ORIENTED_EDGE('',*,*,#5937,.F.);
#7726=ORIENTED_EDGE('',*,*,#5939,.F.);
#7727=ORIENTED_EDGE('',*,*,#5929,.T.);
#7728=ORIENTED_EDGE('',*,*,#5940,.F.);
#7729=ORIENTED_EDGE('',*,*,#5941,.F.);
#7730=ORIENTED_EDGE('',*,*,#5942,.F.);
#7731=ORIENTED_EDGE('',*,*,#5943,.T.);
#7732=ORIENTED_EDGE('',*,*,#5944,.F.);
#7733=ORIENTED_EDGE('',*,*,#5943,.F.);
#7734=ORIENTED_EDGE('',*,*,#5945,.F.);
#7735=ORIENTED_EDGE('',*,*,#5946,.T.);
#7736=ORIENTED_EDGE('',*,*,#5947,.F.);
#7737=ORIENTED_EDGE('',*,*,#5946,.F.);
#7738=ORIENTED_EDGE('',*,*,#5948,.F.);
#7739=ORIENTED_EDGE('',*,*,#5949,.T.);
#7740=ORIENTED_EDGE('',*,*,#5950,.F.);
#7741=ORIENTED_EDGE('',*,*,#5949,.F.);
#7742=ORIENTED_EDGE('',*,*,#5951,.F.);
#7743=ORIENTED_EDGE('',*,*,#5941,.T.);
#7744=ORIENTED_EDGE('',*,*,#5952,.F.);
#7745=ORIENTED_EDGE('',*,*,#5953,.F.);
#7746=ORIENTED_EDGE('',*,*,#5954,.F.);
#7747=ORIENTED_EDGE('',*,*,#5955,.T.);
#7748=ORIENTED_EDGE('',*,*,#5956,.F.);
#7749=ORIENTED_EDGE('',*,*,#5955,.F.);
#7750=ORIENTED_EDGE('',*,*,#5957,.F.);
#7751=ORIENTED_EDGE('',*,*,#5958,.T.);
#7752=ORIENTED_EDGE('',*,*,#5959,.F.);
#7753=ORIENTED_EDGE('',*,*,#5958,.F.);
#7754=ORIENTED_EDGE('',*,*,#5960,.F.);
#7755=ORIENTED_EDGE('',*,*,#5961,.T.);
#7756=ORIENTED_EDGE('',*,*,#5962,.F.);
#7757=ORIENTED_EDGE('',*,*,#5961,.F.);
#7758=ORIENTED_EDGE('',*,*,#5963,.F.);
#7759=ORIENTED_EDGE('',*,*,#5953,.T.);
#7760=ORIENTED_EDGE('',*,*,#5964,.F.);
#7761=ORIENTED_EDGE('',*,*,#5965,.F.);
#7762=ORIENTED_EDGE('',*,*,#5966,.F.);
#7763=ORIENTED_EDGE('',*,*,#5967,.T.);
#7764=ORIENTED_EDGE('',*,*,#5968,.F.);
#7765=ORIENTED_EDGE('',*,*,#5967,.F.);
#7766=ORIENTED_EDGE('',*,*,#5969,.F.);
#7767=ORIENTED_EDGE('',*,*,#5970,.T.);
#7768=ORIENTED_EDGE('',*,*,#5971,.F.);
#7769=ORIENTED_EDGE('',*,*,#5970,.F.);
#7770=ORIENTED_EDGE('',*,*,#5972,.F.);
#7771=ORIENTED_EDGE('',*,*,#5973,.T.);
#7772=ORIENTED_EDGE('',*,*,#5974,.F.);
#7773=ORIENTED_EDGE('',*,*,#5973,.F.);
#7774=ORIENTED_EDGE('',*,*,#5975,.F.);
#7775=ORIENTED_EDGE('',*,*,#5965,.T.);
#7776=ORIENTED_EDGE('',*,*,#5976,.F.);
#7777=ORIENTED_EDGE('',*,*,#5977,.F.);
#7778=ORIENTED_EDGE('',*,*,#5978,.F.);
#7779=ORIENTED_EDGE('',*,*,#5979,.T.);
#7780=ORIENTED_EDGE('',*,*,#5980,.F.);
#7781=ORIENTED_EDGE('',*,*,#5979,.F.);
#7782=ORIENTED_EDGE('',*,*,#5981,.F.);
#7783=ORIENTED_EDGE('',*,*,#5982,.T.);
#7784=ORIENTED_EDGE('',*,*,#5983,.F.);
#7785=ORIENTED_EDGE('',*,*,#5982,.F.);
#7786=ORIENTED_EDGE('',*,*,#5984,.F.);
#7787=ORIENTED_EDGE('',*,*,#5985,.T.);
#7788=ORIENTED_EDGE('',*,*,#5986,.F.);
#7789=ORIENTED_EDGE('',*,*,#5985,.F.);
#7790=ORIENTED_EDGE('',*,*,#5987,.F.);
#7791=ORIENTED_EDGE('',*,*,#5977,.T.);
#7792=ORIENTED_EDGE('',*,*,#5988,.F.);
#7793=ORIENTED_EDGE('',*,*,#5989,.F.);
#7794=ORIENTED_EDGE('',*,*,#5990,.F.);
#7795=ORIENTED_EDGE('',*,*,#5991,.T.);
#7796=ORIENTED_EDGE('',*,*,#5992,.F.);
#7797=ORIENTED_EDGE('',*,*,#5991,.F.);
#7798=ORIENTED_EDGE('',*,*,#5993,.F.);
#7799=ORIENTED_EDGE('',*,*,#5994,.T.);
#7800=ORIENTED_EDGE('',*,*,#5995,.F.);
#7801=ORIENTED_EDGE('',*,*,#5994,.F.);
#7802=ORIENTED_EDGE('',*,*,#5996,.F.);
#7803=ORIENTED_EDGE('',*,*,#5997,.T.);
#7804=ORIENTED_EDGE('',*,*,#5998,.F.);
#7805=ORIENTED_EDGE('',*,*,#5997,.F.);
#7806=ORIENTED_EDGE('',*,*,#5999,.F.);
#7807=ORIENTED_EDGE('',*,*,#5989,.T.);
#7808=ORIENTED_EDGE('',*,*,#6000,.F.);
#7809=ORIENTED_EDGE('',*,*,#6001,.F.);
#7810=ORIENTED_EDGE('',*,*,#6002,.F.);
#7811=ORIENTED_EDGE('',*,*,#6003,.T.);
#7812=ORIENTED_EDGE('',*,*,#6004,.F.);
#7813=ORIENTED_EDGE('',*,*,#6003,.F.);
#7814=ORIENTED_EDGE('',*,*,#6005,.F.);
#7815=ORIENTED_EDGE('',*,*,#6006,.T.);
#7816=ORIENTED_EDGE('',*,*,#6007,.F.);
#7817=ORIENTED_EDGE('',*,*,#6006,.F.);
#7818=ORIENTED_EDGE('',*,*,#6008,.F.);
#7819=ORIENTED_EDGE('',*,*,#6009,.T.);
#7820=ORIENTED_EDGE('',*,*,#6010,.F.);
#7821=ORIENTED_EDGE('',*,*,#6009,.F.);
#7822=ORIENTED_EDGE('',*,*,#6011,.F.);
#7823=ORIENTED_EDGE('',*,*,#6001,.T.);
#7824=ORIENTED_EDGE('',*,*,#6012,.F.);
#7825=ORIENTED_EDGE('',*,*,#6013,.F.);
#7826=ORIENTED_EDGE('',*,*,#6014,.F.);
#7827=ORIENTED_EDGE('',*,*,#6015,.T.);
#7828=ORIENTED_EDGE('',*,*,#6016,.F.);
#7829=ORIENTED_EDGE('',*,*,#6015,.F.);
#7830=ORIENTED_EDGE('',*,*,#6017,.F.);
#7831=ORIENTED_EDGE('',*,*,#6018,.T.);
#7832=ORIENTED_EDGE('',*,*,#6019,.F.);
#7833=ORIENTED_EDGE('',*,*,#6018,.F.);
#7834=ORIENTED_EDGE('',*,*,#6020,.F.);
#7835=ORIENTED_EDGE('',*,*,#6021,.T.);
#7836=ORIENTED_EDGE('',*,*,#6022,.F.);
#7837=ORIENTED_EDGE('',*,*,#6021,.F.);
#7838=ORIENTED_EDGE('',*,*,#6023,.F.);
#7839=ORIENTED_EDGE('',*,*,#6013,.T.);
#7840=ORIENTED_EDGE('',*,*,#6024,.F.);
#7841=ORIENTED_EDGE('',*,*,#6025,.F.);
#7842=ORIENTED_EDGE('',*,*,#6026,.F.);
#7843=ORIENTED_EDGE('',*,*,#6027,.T.);
#7844=ORIENTED_EDGE('',*,*,#6028,.F.);
#7845=ORIENTED_EDGE('',*,*,#6027,.F.);
#7846=ORIENTED_EDGE('',*,*,#6029,.F.);
#7847=ORIENTED_EDGE('',*,*,#6030,.T.);
#7848=ORIENTED_EDGE('',*,*,#6031,.F.);
#7849=ORIENTED_EDGE('',*,*,#6030,.F.);
#7850=ORIENTED_EDGE('',*,*,#6032,.F.);
#7851=ORIENTED_EDGE('',*,*,#6033,.T.);
#7852=ORIENTED_EDGE('',*,*,#6034,.F.);
#7853=ORIENTED_EDGE('',*,*,#6033,.F.);
#7854=ORIENTED_EDGE('',*,*,#6035,.F.);
#7855=ORIENTED_EDGE('',*,*,#6025,.T.);
#7856=ORIENTED_EDGE('',*,*,#6036,.F.);
#7857=ORIENTED_EDGE('',*,*,#6037,.F.);
#7858=ORIENTED_EDGE('',*,*,#6038,.F.);
#7859=ORIENTED_EDGE('',*,*,#6039,.T.);
#7860=ORIENTED_EDGE('',*,*,#6040,.F.);
#7861=ORIENTED_EDGE('',*,*,#6039,.F.);
#7862=ORIENTED_EDGE('',*,*,#6041,.F.);
#7863=ORIENTED_EDGE('',*,*,#6042,.T.);
#7864=ORIENTED_EDGE('',*,*,#6043,.F.);
#7865=ORIENTED_EDGE('',*,*,#6042,.F.);
#7866=ORIENTED_EDGE('',*,*,#6044,.F.);
#7867=ORIENTED_EDGE('',*,*,#6045,.T.);
#7868=ORIENTED_EDGE('',*,*,#6046,.F.);
#7869=ORIENTED_EDGE('',*,*,#6045,.F.);
#7870=ORIENTED_EDGE('',*,*,#6047,.F.);
#7871=ORIENTED_EDGE('',*,*,#6037,.T.);
#7872=ORIENTED_EDGE('',*,*,#6048,.F.);
#7873=ORIENTED_EDGE('',*,*,#6049,.F.);
#7874=ORIENTED_EDGE('',*,*,#6050,.F.);
#7875=ORIENTED_EDGE('',*,*,#6051,.T.);
#7876=ORIENTED_EDGE('',*,*,#6052,.F.);
#7877=ORIENTED_EDGE('',*,*,#6051,.F.);
#7878=ORIENTED_EDGE('',*,*,#6053,.F.);
#7879=ORIENTED_EDGE('',*,*,#6054,.T.);
#7880=ORIENTED_EDGE('',*,*,#6055,.F.);
#7881=ORIENTED_EDGE('',*,*,#6054,.F.);
#7882=ORIENTED_EDGE('',*,*,#6056,.F.);
#7883=ORIENTED_EDGE('',*,*,#6057,.T.);
#7884=ORIENTED_EDGE('',*,*,#6058,.F.);
#7885=ORIENTED_EDGE('',*,*,#6057,.F.);
#7886=ORIENTED_EDGE('',*,*,#6059,.F.);
#7887=ORIENTED_EDGE('',*,*,#6049,.T.);
#7888=ORIENTED_EDGE('',*,*,#6060,.F.);
#7889=ORIENTED_EDGE('',*,*,#6061,.F.);
#7890=ORIENTED_EDGE('',*,*,#6062,.F.);
#7891=ORIENTED_EDGE('',*,*,#6063,.T.);
#7892=ORIENTED_EDGE('',*,*,#6064,.F.);
#7893=ORIENTED_EDGE('',*,*,#6063,.F.);
#7894=ORIENTED_EDGE('',*,*,#6065,.F.);
#7895=ORIENTED_EDGE('',*,*,#6066,.T.);
#7896=ORIENTED_EDGE('',*,*,#6067,.F.);
#7897=ORIENTED_EDGE('',*,*,#6066,.F.);
#7898=ORIENTED_EDGE('',*,*,#6068,.F.);
#7899=ORIENTED_EDGE('',*,*,#6069,.T.);
#7900=ORIENTED_EDGE('',*,*,#6070,.F.);
#7901=ORIENTED_EDGE('',*,*,#6069,.F.);
#7902=ORIENTED_EDGE('',*,*,#6071,.F.);
#7903=ORIENTED_EDGE('',*,*,#6061,.T.);
#7904=ORIENTED_EDGE('',*,*,#4765,.F.);
#7905=ORIENTED_EDGE('',*,*,#6072,.F.);
#7906=ORIENTED_EDGE('',*,*,#4816,.T.);
#7907=ORIENTED_EDGE('',*,*,#6073,.F.);
#7908=ORIENTED_EDGE('',*,*,#4784,.T.);
#7909=ORIENTED_EDGE('',*,*,#4794,.F.);
#7910=ORIENTED_EDGE('',*,*,#6074,.F.);
#7911=ORIENTED_EDGE('',*,*,#4759,.T.);
#7912=ORIENTED_EDGE('',*,*,#6075,.F.);
#7913=ORIENTED_EDGE('',*,*,#4786,.T.);
#7914=ORIENTED_EDGE('',*,*,#6076,.F.);
#7915=ORIENTED_EDGE('',*,*,#4847,.F.);
#7916=ORIENTED_EDGE('',*,*,#6077,.F.);
#7917=ORIENTED_EDGE('',*,*,#4790,.T.);
#7918=ORIENTED_EDGE('',*,*,#4822,.T.);
#7919=ORIENTED_EDGE('',*,*,#6078,.F.);
#7920=ORIENTED_EDGE('',*,*,#4841,.T.);
#7921=ORIENTED_EDGE('',*,*,#6079,.F.);
#7922=ORIENTED_EDGE('',*,*,#6074,.T.);
#7923=ORIENTED_EDGE('',*,*,#4796,.F.);
#7924=ORIENTED_EDGE('',*,*,#4800,.F.);
#7925=ORIENTED_EDGE('',*,*,#6080,.F.);
#7926=ORIENTED_EDGE('',*,*,#4775,.T.);
#7927=ORIENTED_EDGE('',*,*,#4760,.T.);
#7928=ORIENTED_EDGE('',*,*,#4891,.T.);
#7929=ORIENTED_EDGE('',*,*,#4894,.T.);
#7930=ORIENTED_EDGE('',*,*,#4876,.T.);
#7931=ORIENTED_EDGE('',*,*,#4883,.T.);
#7932=ORIENTED_EDGE('',*,*,#4915,.T.);
#7933=ORIENTED_EDGE('',*,*,#4918,.T.);
#7934=ORIENTED_EDGE('',*,*,#4900,.T.);
#7935=ORIENTED_EDGE('',*,*,#4907,.T.);
#7936=ORIENTED_EDGE('',*,*,#4939,.T.);
#7937=ORIENTED_EDGE('',*,*,#4942,.T.);
#7938=ORIENTED_EDGE('',*,*,#4924,.T.);
#7939=ORIENTED_EDGE('',*,*,#4931,.T.);
#7940=ORIENTED_EDGE('',*,*,#4963,.T.);
#7941=ORIENTED_EDGE('',*,*,#4966,.T.);
#7942=ORIENTED_EDGE('',*,*,#4948,.T.);
#7943=ORIENTED_EDGE('',*,*,#4955,.T.);
#7944=ORIENTED_EDGE('',*,*,#4987,.T.);
#7945=ORIENTED_EDGE('',*,*,#4990,.T.);
#7946=ORIENTED_EDGE('',*,*,#4972,.T.);
#7947=ORIENTED_EDGE('',*,*,#4979,.T.);
#7948=ORIENTED_EDGE('',*,*,#5011,.T.);
#7949=ORIENTED_EDGE('',*,*,#5014,.T.);
#7950=ORIENTED_EDGE('',*,*,#4996,.T.);
#7951=ORIENTED_EDGE('',*,*,#5003,.T.);
#7952=ORIENTED_EDGE('',*,*,#5035,.T.);
#7953=ORIENTED_EDGE('',*,*,#5038,.T.);
#7954=ORIENTED_EDGE('',*,*,#5020,.T.);
#7955=ORIENTED_EDGE('',*,*,#5027,.T.);
#7956=ORIENTED_EDGE('',*,*,#5059,.T.);
#7957=ORIENTED_EDGE('',*,*,#5062,.T.);
#7958=ORIENTED_EDGE('',*,*,#5044,.T.);
#7959=ORIENTED_EDGE('',*,*,#5051,.T.);
#7960=ORIENTED_EDGE('',*,*,#5083,.T.);
#7961=ORIENTED_EDGE('',*,*,#5086,.T.);
#7962=ORIENTED_EDGE('',*,*,#5068,.T.);
#7963=ORIENTED_EDGE('',*,*,#5075,.T.);
#7964=ORIENTED_EDGE('',*,*,#5107,.T.);
#7965=ORIENTED_EDGE('',*,*,#5110,.T.);
#7966=ORIENTED_EDGE('',*,*,#5092,.T.);
#7967=ORIENTED_EDGE('',*,*,#5099,.T.);
#7968=ORIENTED_EDGE('',*,*,#5131,.T.);
#7969=ORIENTED_EDGE('',*,*,#5134,.T.);
#7970=ORIENTED_EDGE('',*,*,#5116,.T.);
#7971=ORIENTED_EDGE('',*,*,#5123,.T.);
#7972=ORIENTED_EDGE('',*,*,#5155,.T.);
#7973=ORIENTED_EDGE('',*,*,#5158,.T.);
#7974=ORIENTED_EDGE('',*,*,#5140,.T.);
#7975=ORIENTED_EDGE('',*,*,#5147,.T.);
#7976=ORIENTED_EDGE('',*,*,#5179,.T.);
#7977=ORIENTED_EDGE('',*,*,#5182,.T.);
#7978=ORIENTED_EDGE('',*,*,#5164,.T.);
#7979=ORIENTED_EDGE('',*,*,#5171,.T.);
#7980=ORIENTED_EDGE('',*,*,#5203,.T.);
#7981=ORIENTED_EDGE('',*,*,#5206,.T.);
#7982=ORIENTED_EDGE('',*,*,#5188,.T.);
#7983=ORIENTED_EDGE('',*,*,#5195,.T.);
#7984=ORIENTED_EDGE('',*,*,#5227,.T.);
#7985=ORIENTED_EDGE('',*,*,#5230,.T.);
#7986=ORIENTED_EDGE('',*,*,#5212,.T.);
#7987=ORIENTED_EDGE('',*,*,#5219,.T.);
#7988=ORIENTED_EDGE('',*,*,#5251,.T.);
#7989=ORIENTED_EDGE('',*,*,#5254,.T.);
#7990=ORIENTED_EDGE('',*,*,#5236,.T.);
#7991=ORIENTED_EDGE('',*,*,#5243,.T.);
#7992=ORIENTED_EDGE('',*,*,#5275,.T.);
#7993=ORIENTED_EDGE('',*,*,#5278,.T.);
#7994=ORIENTED_EDGE('',*,*,#5260,.T.);
#7995=ORIENTED_EDGE('',*,*,#5267,.T.);
#7996=ORIENTED_EDGE('',*,*,#5299,.T.);
#7997=ORIENTED_EDGE('',*,*,#5302,.T.);
#7998=ORIENTED_EDGE('',*,*,#5284,.T.);
#7999=ORIENTED_EDGE('',*,*,#5291,.T.);
#8000=ORIENTED_EDGE('',*,*,#5323,.T.);
#8001=ORIENTED_EDGE('',*,*,#5326,.T.);
#8002=ORIENTED_EDGE('',*,*,#5308,.T.);
#8003=ORIENTED_EDGE('',*,*,#5315,.T.);
#8004=ORIENTED_EDGE('',*,*,#5347,.T.);
#8005=ORIENTED_EDGE('',*,*,#5350,.T.);
#8006=ORIENTED_EDGE('',*,*,#5332,.T.);
#8007=ORIENTED_EDGE('',*,*,#5339,.T.);
#8008=ORIENTED_EDGE('',*,*,#5371,.T.);
#8009=ORIENTED_EDGE('',*,*,#5374,.T.);
#8010=ORIENTED_EDGE('',*,*,#5356,.T.);
#8011=ORIENTED_EDGE('',*,*,#5363,.T.);
#8012=ORIENTED_EDGE('',*,*,#5395,.T.);
#8013=ORIENTED_EDGE('',*,*,#5398,.T.);
#8014=ORIENTED_EDGE('',*,*,#5380,.T.);
#8015=ORIENTED_EDGE('',*,*,#5387,.T.);
#8016=ORIENTED_EDGE('',*,*,#5419,.T.);
#8017=ORIENTED_EDGE('',*,*,#5422,.T.);
#8018=ORIENTED_EDGE('',*,*,#5404,.T.);
#8019=ORIENTED_EDGE('',*,*,#5411,.T.);
#8020=ORIENTED_EDGE('',*,*,#5443,.T.);
#8021=ORIENTED_EDGE('',*,*,#5446,.T.);
#8022=ORIENTED_EDGE('',*,*,#5428,.T.);
#8023=ORIENTED_EDGE('',*,*,#5435,.T.);
#8024=ORIENTED_EDGE('',*,*,#5467,.T.);
#8025=ORIENTED_EDGE('',*,*,#5470,.T.);
#8026=ORIENTED_EDGE('',*,*,#5452,.T.);
#8027=ORIENTED_EDGE('',*,*,#5459,.T.);
#8028=ORIENTED_EDGE('',*,*,#5491,.T.);
#8029=ORIENTED_EDGE('',*,*,#5494,.T.);
#8030=ORIENTED_EDGE('',*,*,#5476,.T.);
#8031=ORIENTED_EDGE('',*,*,#5483,.T.);
#8032=ORIENTED_EDGE('',*,*,#5515,.T.);
#8033=ORIENTED_EDGE('',*,*,#5518,.T.);
#8034=ORIENTED_EDGE('',*,*,#5500,.T.);
#8035=ORIENTED_EDGE('',*,*,#5507,.T.);
#8036=ORIENTED_EDGE('',*,*,#5539,.T.);
#8037=ORIENTED_EDGE('',*,*,#5542,.T.);
#8038=ORIENTED_EDGE('',*,*,#5524,.T.);
#8039=ORIENTED_EDGE('',*,*,#5531,.T.);
#8040=ORIENTED_EDGE('',*,*,#6072,.T.);
#8041=ORIENTED_EDGE('',*,*,#4764,.F.);
#8042=ORIENTED_EDGE('',*,*,#4777,.F.);
#8043=ORIENTED_EDGE('',*,*,#6081,.F.);
#8044=ORIENTED_EDGE('',*,*,#4827,.T.);
#8045=ORIENTED_EDGE('',*,*,#4817,.T.);
#8046=ORIENTED_EDGE('',*,*,#5544,.T.);
#8047=ORIENTED_EDGE('',*,*,#5548,.T.);
#8048=ORIENTED_EDGE('',*,*,#5551,.T.);
#8049=ORIENTED_EDGE('',*,*,#5554,.T.);
#8050=ORIENTED_EDGE('',*,*,#5556,.T.);
#8051=ORIENTED_EDGE('',*,*,#5560,.T.);
#8052=ORIENTED_EDGE('',*,*,#5563,.T.);
#8053=ORIENTED_EDGE('',*,*,#5566,.T.);
#8054=ORIENTED_EDGE('',*,*,#5568,.T.);
#8055=ORIENTED_EDGE('',*,*,#5572,.T.);
#8056=ORIENTED_EDGE('',*,*,#5575,.T.);
#8057=ORIENTED_EDGE('',*,*,#5578,.T.);
#8058=ORIENTED_EDGE('',*,*,#5580,.T.);
#8059=ORIENTED_EDGE('',*,*,#5584,.T.);
#8060=ORIENTED_EDGE('',*,*,#5587,.T.);
#8061=ORIENTED_EDGE('',*,*,#5590,.T.);
#8062=ORIENTED_EDGE('',*,*,#5592,.T.);
#8063=ORIENTED_EDGE('',*,*,#5596,.T.);
#8064=ORIENTED_EDGE('',*,*,#5599,.T.);
#8065=ORIENTED_EDGE('',*,*,#5602,.T.);
#8066=ORIENTED_EDGE('',*,*,#5604,.T.);
#8067=ORIENTED_EDGE('',*,*,#5608,.T.);
#8068=ORIENTED_EDGE('',*,*,#5611,.T.);
#8069=ORIENTED_EDGE('',*,*,#5614,.T.);
#8070=ORIENTED_EDGE('',*,*,#5616,.T.);
#8071=ORIENTED_EDGE('',*,*,#5620,.T.);
#8072=ORIENTED_EDGE('',*,*,#5623,.T.);
#8073=ORIENTED_EDGE('',*,*,#5626,.T.);
#8074=ORIENTED_EDGE('',*,*,#5628,.T.);
#8075=ORIENTED_EDGE('',*,*,#5632,.T.);
#8076=ORIENTED_EDGE('',*,*,#5635,.T.);
#8077=ORIENTED_EDGE('',*,*,#5638,.T.);
#8078=ORIENTED_EDGE('',*,*,#5640,.T.);
#8079=ORIENTED_EDGE('',*,*,#5644,.T.);
#8080=ORIENTED_EDGE('',*,*,#5647,.T.);
#8081=ORIENTED_EDGE('',*,*,#5650,.T.);
#8082=ORIENTED_EDGE('',*,*,#5652,.T.);
#8083=ORIENTED_EDGE('',*,*,#5656,.T.);
#8084=ORIENTED_EDGE('',*,*,#5659,.T.);
#8085=ORIENTED_EDGE('',*,*,#5662,.T.);
#8086=ORIENTED_EDGE('',*,*,#5664,.T.);
#8087=ORIENTED_EDGE('',*,*,#5668,.T.);
#8088=ORIENTED_EDGE('',*,*,#5671,.T.);
#8089=ORIENTED_EDGE('',*,*,#5674,.T.);
#8090=ORIENTED_EDGE('',*,*,#5676,.T.);
#8091=ORIENTED_EDGE('',*,*,#5680,.T.);
#8092=ORIENTED_EDGE('',*,*,#5683,.T.);
#8093=ORIENTED_EDGE('',*,*,#5686,.T.);
#8094=ORIENTED_EDGE('',*,*,#5688,.T.);
#8095=ORIENTED_EDGE('',*,*,#5692,.T.);
#8096=ORIENTED_EDGE('',*,*,#5695,.T.);
#8097=ORIENTED_EDGE('',*,*,#5698,.T.);
#8098=ORIENTED_EDGE('',*,*,#5700,.T.);
#8099=ORIENTED_EDGE('',*,*,#5704,.T.);
#8100=ORIENTED_EDGE('',*,*,#5707,.T.);
#8101=ORIENTED_EDGE('',*,*,#5710,.T.);
#8102=ORIENTED_EDGE('',*,*,#5712,.T.);
#8103=ORIENTED_EDGE('',*,*,#5716,.T.);
#8104=ORIENTED_EDGE('',*,*,#5719,.T.);
#8105=ORIENTED_EDGE('',*,*,#5722,.T.);
#8106=ORIENTED_EDGE('',*,*,#5724,.T.);
#8107=ORIENTED_EDGE('',*,*,#5728,.T.);
#8108=ORIENTED_EDGE('',*,*,#5731,.T.);
#8109=ORIENTED_EDGE('',*,*,#5734,.T.);
#8110=ORIENTED_EDGE('',*,*,#5736,.T.);
#8111=ORIENTED_EDGE('',*,*,#5740,.T.);
#8112=ORIENTED_EDGE('',*,*,#5743,.T.);
#8113=ORIENTED_EDGE('',*,*,#5746,.T.);
#8114=ORIENTED_EDGE('',*,*,#5748,.T.);
#8115=ORIENTED_EDGE('',*,*,#5752,.T.);
#8116=ORIENTED_EDGE('',*,*,#5755,.T.);
#8117=ORIENTED_EDGE('',*,*,#5758,.T.);
#8118=ORIENTED_EDGE('',*,*,#5760,.T.);
#8119=ORIENTED_EDGE('',*,*,#5764,.T.);
#8120=ORIENTED_EDGE('',*,*,#5767,.T.);
#8121=ORIENTED_EDGE('',*,*,#5770,.T.);
#8122=ORIENTED_EDGE('',*,*,#5772,.T.);
#8123=ORIENTED_EDGE('',*,*,#5776,.T.);
#8124=ORIENTED_EDGE('',*,*,#5779,.T.);
#8125=ORIENTED_EDGE('',*,*,#5782,.T.);
#8126=ORIENTED_EDGE('',*,*,#4762,.T.);
#8127=ORIENTED_EDGE('',*,*,#6073,.T.);
#8128=ORIENTED_EDGE('',*,*,#4815,.T.);
#8129=ORIENTED_EDGE('',*,*,#4811,.T.);
#8130=ORIENTED_EDGE('',*,*,#4819,.T.);
#8131=ORIENTED_EDGE('',*,*,#6079,.T.);
#8132=ORIENTED_EDGE('',*,*,#4840,.T.);
#8133=ORIENTED_EDGE('',*,*,#4836,.T.);
#8134=ORIENTED_EDGE('',*,*,#4844,.T.);
#8135=ORIENTED_EDGE('',*,*,#6076,.T.);
#8136=ORIENTED_EDGE('',*,*,#4785,.T.);
#8137=ORIENTED_EDGE('',*,*,#6075,.T.);
#8138=ORIENTED_EDGE('',*,*,#4758,.T.);
#8139=ORIENTED_EDGE('',*,*,#4754,.T.);
#8140=ORIENTED_EDGE('',*,*,#6078,.T.);
#8141=ORIENTED_EDGE('',*,*,#4821,.F.);
#8142=ORIENTED_EDGE('',*,*,#4829,.F.);
#8143=ORIENTED_EDGE('',*,*,#6082,.F.);
#8144=ORIENTED_EDGE('',*,*,#4849,.T.);
#8145=ORIENTED_EDGE('',*,*,#4842,.T.);
#8146=ORIENTED_EDGE('',*,*,#4889,.T.);
#8147=ORIENTED_EDGE('',*,*,#4880,.T.);
#8148=ORIENTED_EDGE('',*,*,#4872,.T.);
#8149=ORIENTED_EDGE('',*,*,#4886,.T.);
#8150=ORIENTED_EDGE('',*,*,#4913,.T.);
#8151=ORIENTED_EDGE('',*,*,#4904,.T.);
#8152=ORIENTED_EDGE('',*,*,#4896,.T.);
#8153=ORIENTED_EDGE('',*,*,#4910,.T.);
#8154=ORIENTED_EDGE('',*,*,#4937,.T.);
#8155=ORIENTED_EDGE('',*,*,#4928,.T.);
#8156=ORIENTED_EDGE('',*,*,#4920,.T.);
#8157=ORIENTED_EDGE('',*,*,#4934,.T.);
#8158=ORIENTED_EDGE('',*,*,#4961,.T.);
#8159=ORIENTED_EDGE('',*,*,#4952,.T.);
#8160=ORIENTED_EDGE('',*,*,#4944,.T.);
#8161=ORIENTED_EDGE('',*,*,#4958,.T.);
#8162=ORIENTED_EDGE('',*,*,#4985,.T.);
#8163=ORIENTED_EDGE('',*,*,#4976,.T.);
#8164=ORIENTED_EDGE('',*,*,#4968,.T.);
#8165=ORIENTED_EDGE('',*,*,#4982,.T.);
#8166=ORIENTED_EDGE('',*,*,#5009,.T.);
#8167=ORIENTED_EDGE('',*,*,#5000,.T.);
#8168=ORIENTED_EDGE('',*,*,#4992,.T.);
#8169=ORIENTED_EDGE('',*,*,#5006,.T.);
#8170=ORIENTED_EDGE('',*,*,#5033,.T.);
#8171=ORIENTED_EDGE('',*,*,#5024,.T.);
#8172=ORIENTED_EDGE('',*,*,#5016,.T.);
#8173=ORIENTED_EDGE('',*,*,#5030,.T.);
#8174=ORIENTED_EDGE('',*,*,#5057,.T.);
#8175=ORIENTED_EDGE('',*,*,#5048,.T.);
#8176=ORIENTED_EDGE('',*,*,#5040,.T.);
#8177=ORIENTED_EDGE('',*,*,#5054,.T.);
#8178=ORIENTED_EDGE('',*,*,#5081,.T.);
#8179=ORIENTED_EDGE('',*,*,#5072,.T.);
#8180=ORIENTED_EDGE('',*,*,#5064,.T.);
#8181=ORIENTED_EDGE('',*,*,#5078,.T.);
#8182=ORIENTED_EDGE('',*,*,#5105,.T.);
#8183=ORIENTED_EDGE('',*,*,#5096,.T.);
#8184=ORIENTED_EDGE('',*,*,#5088,.T.);
#8185=ORIENTED_EDGE('',*,*,#5102,.T.);
#8186=ORIENTED_EDGE('',*,*,#5129,.T.);
#8187=ORIENTED_EDGE('',*,*,#5120,.T.);
#8188=ORIENTED_EDGE('',*,*,#5112,.T.);
#8189=ORIENTED_EDGE('',*,*,#5126,.T.);
#8190=ORIENTED_EDGE('',*,*,#5153,.T.);
#8191=ORIENTED_EDGE('',*,*,#5144,.T.);
#8192=ORIENTED_EDGE('',*,*,#5136,.T.);
#8193=ORIENTED_EDGE('',*,*,#5150,.T.);
#8194=ORIENTED_EDGE('',*,*,#5177,.T.);
#8195=ORIENTED_EDGE('',*,*,#5168,.T.);
#8196=ORIENTED_EDGE('',*,*,#5160,.T.);
#8197=ORIENTED_EDGE('',*,*,#5174,.T.);
#8198=ORIENTED_EDGE('',*,*,#5201,.T.);
#8199=ORIENTED_EDGE('',*,*,#5192,.T.);
#8200=ORIENTED_EDGE('',*,*,#5184,.T.);
#8201=ORIENTED_EDGE('',*,*,#5198,.T.);
#8202=ORIENTED_EDGE('',*,*,#5225,.T.);
#8203=ORIENTED_EDGE('',*,*,#5216,.T.);
#8204=ORIENTED_EDGE('',*,*,#5208,.T.);
#8205=ORIENTED_EDGE('',*,*,#5222,.T.);
#8206=ORIENTED_EDGE('',*,*,#5249,.T.);
#8207=ORIENTED_EDGE('',*,*,#5240,.T.);
#8208=ORIENTED_EDGE('',*,*,#5232,.T.);
#8209=ORIENTED_EDGE('',*,*,#5246,.T.);
#8210=ORIENTED_EDGE('',*,*,#5273,.T.);
#8211=ORIENTED_EDGE('',*,*,#5264,.T.);
#8212=ORIENTED_EDGE('',*,*,#5256,.T.);
#8213=ORIENTED_EDGE('',*,*,#5270,.T.);
#8214=ORIENTED_EDGE('',*,*,#5297,.T.);
#8215=ORIENTED_EDGE('',*,*,#5288,.T.);
#8216=ORIENTED_EDGE('',*,*,#5280,.T.);
#8217=ORIENTED_EDGE('',*,*,#5294,.T.);
#8218=ORIENTED_EDGE('',*,*,#5321,.T.);
#8219=ORIENTED_EDGE('',*,*,#5312,.T.);
#8220=ORIENTED_EDGE('',*,*,#5304,.T.);
#8221=ORIENTED_EDGE('',*,*,#5318,.T.);
#8222=ORIENTED_EDGE('',*,*,#5345,.T.);
#8223=ORIENTED_EDGE('',*,*,#5336,.T.);
#8224=ORIENTED_EDGE('',*,*,#5328,.T.);
#8225=ORIENTED_EDGE('',*,*,#5342,.T.);
#8226=ORIENTED_EDGE('',*,*,#5369,.T.);
#8227=ORIENTED_EDGE('',*,*,#5360,.T.);
#8228=ORIENTED_EDGE('',*,*,#5352,.T.);
#8229=ORIENTED_EDGE('',*,*,#5366,.T.);
#8230=ORIENTED_EDGE('',*,*,#5393,.T.);
#8231=ORIENTED_EDGE('',*,*,#5384,.T.);
#8232=ORIENTED_EDGE('',*,*,#5376,.T.);
#8233=ORIENTED_EDGE('',*,*,#5390,.T.);
#8234=ORIENTED_EDGE('',*,*,#5417,.T.);
#8235=ORIENTED_EDGE('',*,*,#5408,.T.);
#8236=ORIENTED_EDGE('',*,*,#5400,.T.);
#8237=ORIENTED_EDGE('',*,*,#5414,.T.);
#8238=ORIENTED_EDGE('',*,*,#5441,.T.);
#8239=ORIENTED_EDGE('',*,*,#5432,.T.);
#8240=ORIENTED_EDGE('',*,*,#5424,.T.);
#8241=ORIENTED_EDGE('',*,*,#5438,.T.);
#8242=ORIENTED_EDGE('',*,*,#5465,.T.);
#8243=ORIENTED_EDGE('',*,*,#5456,.T.);
#8244=ORIENTED_EDGE('',*,*,#5448,.T.);
#8245=ORIENTED_EDGE('',*,*,#5462,.T.);
#8246=ORIENTED_EDGE('',*,*,#5489,.T.);
#8247=ORIENTED_EDGE('',*,*,#5480,.T.);
#8248=ORIENTED_EDGE('',*,*,#5472,.T.);
#8249=ORIENTED_EDGE('',*,*,#5486,.T.);
#8250=ORIENTED_EDGE('',*,*,#5513,.T.);
#8251=ORIENTED_EDGE('',*,*,#5504,.T.);
#8252=ORIENTED_EDGE('',*,*,#5496,.T.);
#8253=ORIENTED_EDGE('',*,*,#5510,.T.);
#8254=ORIENTED_EDGE('',*,*,#5537,.T.);
#8255=ORIENTED_EDGE('',*,*,#5528,.T.);
#8256=ORIENTED_EDGE('',*,*,#5520,.T.);
#8257=ORIENTED_EDGE('',*,*,#5534,.T.);
#8258=ORIENTED_EDGE('',*,*,#6077,.T.);
#8259=ORIENTED_EDGE('',*,*,#4846,.F.);
#8260=ORIENTED_EDGE('',*,*,#4851,.F.);
#8261=ORIENTED_EDGE('',*,*,#6083,.F.);
#8262=ORIENTED_EDGE('',*,*,#4798,.T.);
#8263=ORIENTED_EDGE('',*,*,#4791,.T.);
#8264=ORIENTED_EDGE('',*,*,#5784,.T.);
#8265=ORIENTED_EDGE('',*,*,#5788,.T.);
#8266=ORIENTED_EDGE('',*,*,#5791,.T.);
#8267=ORIENTED_EDGE('',*,*,#5794,.T.);
#8268=ORIENTED_EDGE('',*,*,#5796,.T.);
#8269=ORIENTED_EDGE('',*,*,#5800,.T.);
#8270=ORIENTED_EDGE('',*,*,#5803,.T.);
#8271=ORIENTED_EDGE('',*,*,#5806,.T.);
#8272=ORIENTED_EDGE('',*,*,#5808,.T.);
#8273=ORIENTED_EDGE('',*,*,#5812,.T.);
#8274=ORIENTED_EDGE('',*,*,#5815,.T.);
#8275=ORIENTED_EDGE('',*,*,#5818,.T.);
#8276=ORIENTED_EDGE('',*,*,#5820,.T.);
#8277=ORIENTED_EDGE('',*,*,#5824,.T.);
#8278=ORIENTED_EDGE('',*,*,#5827,.T.);
#8279=ORIENTED_EDGE('',*,*,#5830,.T.);
#8280=ORIENTED_EDGE('',*,*,#5832,.T.);
#8281=ORIENTED_EDGE('',*,*,#5836,.T.);
#8282=ORIENTED_EDGE('',*,*,#5839,.T.);
#8283=ORIENTED_EDGE('',*,*,#5842,.T.);
#8284=ORIENTED_EDGE('',*,*,#5844,.T.);
#8285=ORIENTED_EDGE('',*,*,#5848,.T.);
#8286=ORIENTED_EDGE('',*,*,#5851,.T.);
#8287=ORIENTED_EDGE('',*,*,#5854,.T.);
#8288=ORIENTED_EDGE('',*,*,#5856,.T.);
#8289=ORIENTED_EDGE('',*,*,#5860,.T.);
#8290=ORIENTED_EDGE('',*,*,#5863,.T.);
#8291=ORIENTED_EDGE('',*,*,#5866,.T.);
#8292=ORIENTED_EDGE('',*,*,#5868,.T.);
#8293=ORIENTED_EDGE('',*,*,#5872,.T.);
#8294=ORIENTED_EDGE('',*,*,#5875,.T.);
#8295=ORIENTED_EDGE('',*,*,#5878,.T.);
#8296=ORIENTED_EDGE('',*,*,#5880,.T.);
#8297=ORIENTED_EDGE('',*,*,#5884,.T.);
#8298=ORIENTED_EDGE('',*,*,#5887,.T.);
#8299=ORIENTED_EDGE('',*,*,#5890,.T.);
#8300=ORIENTED_EDGE('',*,*,#5892,.T.);
#8301=ORIENTED_EDGE('',*,*,#5896,.T.);
#8302=ORIENTED_EDGE('',*,*,#5899,.T.);
#8303=ORIENTED_EDGE('',*,*,#5902,.T.);
#8304=ORIENTED_EDGE('',*,*,#5904,.T.);
#8305=ORIENTED_EDGE('',*,*,#5908,.T.);
#8306=ORIENTED_EDGE('',*,*,#5911,.T.);
#8307=ORIENTED_EDGE('',*,*,#5914,.T.);
#8308=ORIENTED_EDGE('',*,*,#5916,.T.);
#8309=ORIENTED_EDGE('',*,*,#5920,.T.);
#8310=ORIENTED_EDGE('',*,*,#5923,.T.);
#8311=ORIENTED_EDGE('',*,*,#5926,.T.);
#8312=ORIENTED_EDGE('',*,*,#5928,.T.);
#8313=ORIENTED_EDGE('',*,*,#5932,.T.);
#8314=ORIENTED_EDGE('',*,*,#5935,.T.);
#8315=ORIENTED_EDGE('',*,*,#5938,.T.);
#8316=ORIENTED_EDGE('',*,*,#5940,.T.);
#8317=ORIENTED_EDGE('',*,*,#5944,.T.);
#8318=ORIENTED_EDGE('',*,*,#5947,.T.);
#8319=ORIENTED_EDGE('',*,*,#5950,.T.);
#8320=ORIENTED_EDGE('',*,*,#5952,.T.);
#8321=ORIENTED_EDGE('',*,*,#5956,.T.);
#8322=ORIENTED_EDGE('',*,*,#5959,.T.);
#8323=ORIENTED_EDGE('',*,*,#5962,.T.);
#8324=ORIENTED_EDGE('',*,*,#5964,.T.);
#8325=ORIENTED_EDGE('',*,*,#5968,.T.);
#8326=ORIENTED_EDGE('',*,*,#5971,.T.);
#8327=ORIENTED_EDGE('',*,*,#5974,.T.);
#8328=ORIENTED_EDGE('',*,*,#5976,.T.);
#8329=ORIENTED_EDGE('',*,*,#5980,.T.);
#8330=ORIENTED_EDGE('',*,*,#5983,.T.);
#8331=ORIENTED_EDGE('',*,*,#5986,.T.);
#8332=ORIENTED_EDGE('',*,*,#5988,.T.);
#8333=ORIENTED_EDGE('',*,*,#5992,.T.);
#8334=ORIENTED_EDGE('',*,*,#5995,.T.);
#8335=ORIENTED_EDGE('',*,*,#5998,.T.);
#8336=ORIENTED_EDGE('',*,*,#6000,.T.);
#8337=ORIENTED_EDGE('',*,*,#6004,.T.);
#8338=ORIENTED_EDGE('',*,*,#6007,.T.);
#8339=ORIENTED_EDGE('',*,*,#6010,.T.);
#8340=ORIENTED_EDGE('',*,*,#6012,.T.);
#8341=ORIENTED_EDGE('',*,*,#6016,.T.);
#8342=ORIENTED_EDGE('',*,*,#6019,.T.);
#8343=ORIENTED_EDGE('',*,*,#6022,.T.);
#8344=ORIENTED_EDGE('',*,*,#6024,.T.);
#8345=ORIENTED_EDGE('',*,*,#6028,.T.);
#8346=ORIENTED_EDGE('',*,*,#6031,.T.);
#8347=ORIENTED_EDGE('',*,*,#6034,.T.);
#8348=ORIENTED_EDGE('',*,*,#6036,.T.);
#8349=ORIENTED_EDGE('',*,*,#6040,.T.);
#8350=ORIENTED_EDGE('',*,*,#6043,.T.);
#8351=ORIENTED_EDGE('',*,*,#6046,.T.);
#8352=ORIENTED_EDGE('',*,*,#6048,.T.);
#8353=ORIENTED_EDGE('',*,*,#6052,.T.);
#8354=ORIENTED_EDGE('',*,*,#6055,.T.);
#8355=ORIENTED_EDGE('',*,*,#6058,.T.);
#8356=ORIENTED_EDGE('',*,*,#6060,.T.);
#8357=ORIENTED_EDGE('',*,*,#6064,.T.);
#8358=ORIENTED_EDGE('',*,*,#6067,.T.);
#8359=ORIENTED_EDGE('',*,*,#6070,.T.);
#8360=ORIENTED_EDGE('',*,*,#6084,.T.);
#8361=ORIENTED_EDGE('',*,*,#4774,.T.);
#8362=ORIENTED_EDGE('',*,*,#4826,.F.);
#8363=ORIENTED_EDGE('',*,*,#6085,.T.);
#8364=ORIENTED_EDGE('',*,*,#6084,.F.);
#8365=ORIENTED_EDGE('',*,*,#6086,.T.);
#8366=ORIENTED_EDGE('',*,*,#6087,.T.);
#8367=ORIENTED_EDGE('',*,*,#4767,.T.);
#8368=ORIENTED_EDGE('',*,*,#4768,.T.);
#8369=ORIENTED_EDGE('',*,*,#6087,.F.);
#8370=ORIENTED_EDGE('',*,*,#6088,.T.);
#8371=ORIENTED_EDGE('',*,*,#4808,.T.);
#8372=ORIENTED_EDGE('',*,*,#4810,.F.);
#8373=ORIENTED_EDGE('',*,*,#6089,.T.);
#8374=ORIENTED_EDGE('',*,*,#6090,.T.);
#8375=ORIENTED_EDGE('',*,*,#4770,.T.);
#8376=ORIENTED_EDGE('',*,*,#6090,.F.);
#8377=ORIENTED_EDGE('',*,*,#6091,.T.);
#8378=ORIENTED_EDGE('',*,*,#6092,.T.);
#8379=ORIENTED_EDGE('',*,*,#4771,.T.);
#8380=ORIENTED_EDGE('',*,*,#4824,.F.);
#8381=ORIENTED_EDGE('',*,*,#4772,.T.);
#8382=ORIENTED_EDGE('',*,*,#6092,.F.);
#8383=ORIENTED_EDGE('',*,*,#6093,.T.);
#8384=ORIENTED_EDGE('',*,*,#6088,.F.);
#8385=ORIENTED_EDGE('',*,*,#6094,.F.);
#8386=ORIENTED_EDGE('',*,*,#6095,.T.);
#8387=ORIENTED_EDGE('',*,*,#6096,.T.);
#8388=ORIENTED_EDGE('',*,*,#4892,.T.);
#8389=ORIENTED_EDGE('',*,*,#4884,.T.);
#8390=ORIENTED_EDGE('',*,*,#4878,.T.);
#8391=ORIENTED_EDGE('',*,*,#4895,.T.);
#8392=ORIENTED_EDGE('',*,*,#4916,.T.);
#8393=ORIENTED_EDGE('',*,*,#4908,.T.);
#8394=ORIENTED_EDGE('',*,*,#4902,.T.);
#8395=ORIENTED_EDGE('',*,*,#4919,.T.);
#8396=ORIENTED_EDGE('',*,*,#4940,.T.);
#8397=ORIENTED_EDGE('',*,*,#4932,.T.);
#8398=ORIENTED_EDGE('',*,*,#4926,.T.);
#8399=ORIENTED_EDGE('',*,*,#4943,.T.);
#8400=ORIENTED_EDGE('',*,*,#4964,.T.);
#8401=ORIENTED_EDGE('',*,*,#4956,.T.);
#8402=ORIENTED_EDGE('',*,*,#4950,.T.);
#8403=ORIENTED_EDGE('',*,*,#4967,.T.);
#8404=ORIENTED_EDGE('',*,*,#4988,.T.);
#8405=ORIENTED_EDGE('',*,*,#4980,.T.);
#8406=ORIENTED_EDGE('',*,*,#4974,.T.);
#8407=ORIENTED_EDGE('',*,*,#4991,.T.);
#8408=ORIENTED_EDGE('',*,*,#5012,.T.);
#8409=ORIENTED_EDGE('',*,*,#5004,.T.);
#8410=ORIENTED_EDGE('',*,*,#4998,.T.);
#8411=ORIENTED_EDGE('',*,*,#5015,.T.);
#8412=ORIENTED_EDGE('',*,*,#5036,.T.);
#8413=ORIENTED_EDGE('',*,*,#5028,.T.);
#8414=ORIENTED_EDGE('',*,*,#5022,.T.);
#8415=ORIENTED_EDGE('',*,*,#5039,.T.);
#8416=ORIENTED_EDGE('',*,*,#5060,.T.);
#8417=ORIENTED_EDGE('',*,*,#5052,.T.);
#8418=ORIENTED_EDGE('',*,*,#5046,.T.);
#8419=ORIENTED_EDGE('',*,*,#5063,.T.);
#8420=ORIENTED_EDGE('',*,*,#5084,.T.);
#8421=ORIENTED_EDGE('',*,*,#5076,.T.);
#8422=ORIENTED_EDGE('',*,*,#5070,.T.);
#8423=ORIENTED_EDGE('',*,*,#5087,.T.);
#8424=ORIENTED_EDGE('',*,*,#5108,.T.);
#8425=ORIENTED_EDGE('',*,*,#5100,.T.);
#8426=ORIENTED_EDGE('',*,*,#5094,.T.);
#8427=ORIENTED_EDGE('',*,*,#5111,.T.);
#8428=ORIENTED_EDGE('',*,*,#5132,.T.);
#8429=ORIENTED_EDGE('',*,*,#5124,.T.);
#8430=ORIENTED_EDGE('',*,*,#5118,.T.);
#8431=ORIENTED_EDGE('',*,*,#5135,.T.);
#8432=ORIENTED_EDGE('',*,*,#5156,.T.);
#8433=ORIENTED_EDGE('',*,*,#5148,.T.);
#8434=ORIENTED_EDGE('',*,*,#5142,.T.);
#8435=ORIENTED_EDGE('',*,*,#5159,.T.);
#8436=ORIENTED_EDGE('',*,*,#5180,.T.);
#8437=ORIENTED_EDGE('',*,*,#5172,.T.);
#8438=ORIENTED_EDGE('',*,*,#5166,.T.);
#8439=ORIENTED_EDGE('',*,*,#5183,.T.);
#8440=ORIENTED_EDGE('',*,*,#5204,.T.);
#8441=ORIENTED_EDGE('',*,*,#5196,.T.);
#8442=ORIENTED_EDGE('',*,*,#5190,.T.);
#8443=ORIENTED_EDGE('',*,*,#5207,.T.);
#8444=ORIENTED_EDGE('',*,*,#5228,.T.);
#8445=ORIENTED_EDGE('',*,*,#5220,.T.);
#8446=ORIENTED_EDGE('',*,*,#5214,.T.);
#8447=ORIENTED_EDGE('',*,*,#5231,.T.);
#8448=ORIENTED_EDGE('',*,*,#5252,.T.);
#8449=ORIENTED_EDGE('',*,*,#5244,.T.);
#8450=ORIENTED_EDGE('',*,*,#5238,.T.);
#8451=ORIENTED_EDGE('',*,*,#5255,.T.);
#8452=ORIENTED_EDGE('',*,*,#5276,.T.);
#8453=ORIENTED_EDGE('',*,*,#5268,.T.);
#8454=ORIENTED_EDGE('',*,*,#5262,.T.);
#8455=ORIENTED_EDGE('',*,*,#5279,.T.);
#8456=ORIENTED_EDGE('',*,*,#5300,.T.);
#8457=ORIENTED_EDGE('',*,*,#5292,.T.);
#8458=ORIENTED_EDGE('',*,*,#5286,.T.);
#8459=ORIENTED_EDGE('',*,*,#5303,.T.);
#8460=ORIENTED_EDGE('',*,*,#5324,.T.);
#8461=ORIENTED_EDGE('',*,*,#5316,.T.);
#8462=ORIENTED_EDGE('',*,*,#5310,.T.);
#8463=ORIENTED_EDGE('',*,*,#5327,.T.);
#8464=ORIENTED_EDGE('',*,*,#5348,.T.);
#8465=ORIENTED_EDGE('',*,*,#5340,.T.);
#8466=ORIENTED_EDGE('',*,*,#5334,.T.);
#8467=ORIENTED_EDGE('',*,*,#5351,.T.);
#8468=ORIENTED_EDGE('',*,*,#5372,.T.);
#8469=ORIENTED_EDGE('',*,*,#5364,.T.);
#8470=ORIENTED_EDGE('',*,*,#5358,.T.);
#8471=ORIENTED_EDGE('',*,*,#5375,.T.);
#8472=ORIENTED_EDGE('',*,*,#5396,.T.);
#8473=ORIENTED_EDGE('',*,*,#5388,.T.);
#8474=ORIENTED_EDGE('',*,*,#5382,.T.);
#8475=ORIENTED_EDGE('',*,*,#5399,.T.);
#8476=ORIENTED_EDGE('',*,*,#5420,.T.);
#8477=ORIENTED_EDGE('',*,*,#5412,.T.);
#8478=ORIENTED_EDGE('',*,*,#5406,.T.);
#8479=ORIENTED_EDGE('',*,*,#5423,.T.);
#8480=ORIENTED_EDGE('',*,*,#5444,.T.);
#8481=ORIENTED_EDGE('',*,*,#5436,.T.);
#8482=ORIENTED_EDGE('',*,*,#5430,.T.);
#8483=ORIENTED_EDGE('',*,*,#5447,.T.);
#8484=ORIENTED_EDGE('',*,*,#5468,.T.);
#8485=ORIENTED_EDGE('',*,*,#5460,.T.);
#8486=ORIENTED_EDGE('',*,*,#5454,.T.);
#8487=ORIENTED_EDGE('',*,*,#5471,.T.);
#8488=ORIENTED_EDGE('',*,*,#5492,.T.);
#8489=ORIENTED_EDGE('',*,*,#5484,.T.);
#8490=ORIENTED_EDGE('',*,*,#5478,.T.);
#8491=ORIENTED_EDGE('',*,*,#5495,.T.);
#8492=ORIENTED_EDGE('',*,*,#5516,.T.);
#8493=ORIENTED_EDGE('',*,*,#5508,.T.);
#8494=ORIENTED_EDGE('',*,*,#5502,.T.);
#8495=ORIENTED_EDGE('',*,*,#5519,.T.);
#8496=ORIENTED_EDGE('',*,*,#5540,.T.);
#8497=ORIENTED_EDGE('',*,*,#5532,.T.);
#8498=ORIENTED_EDGE('',*,*,#5526,.T.);
#8499=ORIENTED_EDGE('',*,*,#5543,.T.);
#8500=ORIENTED_EDGE('',*,*,#6086,.F.);
#8501=ORIENTED_EDGE('',*,*,#6097,.F.);
#8502=ORIENTED_EDGE('',*,*,#6098,.F.);
#8503=ORIENTED_EDGE('',*,*,#6094,.T.);
#8504=ORIENTED_EDGE('',*,*,#6085,.F.);
#8505=ORIENTED_EDGE('',*,*,#6099,.F.);
#8506=ORIENTED_EDGE('',*,*,#6100,.T.);
#8507=ORIENTED_EDGE('',*,*,#6097,.T.);
#8508=ORIENTED_EDGE('',*,*,#5546,.T.);
#8509=ORIENTED_EDGE('',*,*,#5555,.T.);
#8510=ORIENTED_EDGE('',*,*,#5552,.T.);
#8511=ORIENTED_EDGE('',*,*,#5549,.T.);
#8512=ORIENTED_EDGE('',*,*,#5558,.T.);
#8513=ORIENTED_EDGE('',*,*,#5567,.T.);
#8514=ORIENTED_EDGE('',*,*,#5564,.T.);
#8515=ORIENTED_EDGE('',*,*,#5561,.T.);
#8516=ORIENTED_EDGE('',*,*,#5570,.T.);
#8517=ORIENTED_EDGE('',*,*,#5579,.T.);
#8518=ORIENTED_EDGE('',*,*,#5576,.T.);
#8519=ORIENTED_EDGE('',*,*,#5573,.T.);
#8520=ORIENTED_EDGE('',*,*,#5582,.T.);
#8521=ORIENTED_EDGE('',*,*,#5591,.T.);
#8522=ORIENTED_EDGE('',*,*,#5588,.T.);
#8523=ORIENTED_EDGE('',*,*,#5585,.T.);
#8524=ORIENTED_EDGE('',*,*,#5594,.T.);
#8525=ORIENTED_EDGE('',*,*,#5603,.T.);
#8526=ORIENTED_EDGE('',*,*,#5600,.T.);
#8527=ORIENTED_EDGE('',*,*,#5597,.T.);
#8528=ORIENTED_EDGE('',*,*,#5606,.T.);
#8529=ORIENTED_EDGE('',*,*,#5615,.T.);
#8530=ORIENTED_EDGE('',*,*,#5612,.T.);
#8531=ORIENTED_EDGE('',*,*,#5609,.T.);
#8532=ORIENTED_EDGE('',*,*,#5618,.T.);
#8533=ORIENTED_EDGE('',*,*,#5627,.T.);
#8534=ORIENTED_EDGE('',*,*,#5624,.T.);
#8535=ORIENTED_EDGE('',*,*,#5621,.T.);
#8536=ORIENTED_EDGE('',*,*,#5630,.T.);
#8537=ORIENTED_EDGE('',*,*,#5639,.T.);
#8538=ORIENTED_EDGE('',*,*,#5636,.T.);
#8539=ORIENTED_EDGE('',*,*,#5633,.T.);
#8540=ORIENTED_EDGE('',*,*,#5642,.T.);
#8541=ORIENTED_EDGE('',*,*,#5651,.T.);
#8542=ORIENTED_EDGE('',*,*,#5648,.T.);
#8543=ORIENTED_EDGE('',*,*,#5645,.T.);
#8544=ORIENTED_EDGE('',*,*,#5654,.T.);
#8545=ORIENTED_EDGE('',*,*,#5663,.T.);
#8546=ORIENTED_EDGE('',*,*,#5660,.T.);
#8547=ORIENTED_EDGE('',*,*,#5657,.T.);
#8548=ORIENTED_EDGE('',*,*,#5666,.T.);
#8549=ORIENTED_EDGE('',*,*,#5675,.T.);
#8550=ORIENTED_EDGE('',*,*,#5672,.T.);
#8551=ORIENTED_EDGE('',*,*,#5669,.T.);
#8552=ORIENTED_EDGE('',*,*,#5678,.T.);
#8553=ORIENTED_EDGE('',*,*,#5687,.T.);
#8554=ORIENTED_EDGE('',*,*,#5684,.T.);
#8555=ORIENTED_EDGE('',*,*,#5681,.T.);
#8556=ORIENTED_EDGE('',*,*,#5690,.T.);
#8557=ORIENTED_EDGE('',*,*,#5699,.T.);
#8558=ORIENTED_EDGE('',*,*,#5696,.T.);
#8559=ORIENTED_EDGE('',*,*,#5693,.T.);
#8560=ORIENTED_EDGE('',*,*,#5702,.T.);
#8561=ORIENTED_EDGE('',*,*,#5711,.T.);
#8562=ORIENTED_EDGE('',*,*,#5708,.T.);
#8563=ORIENTED_EDGE('',*,*,#5705,.T.);
#8564=ORIENTED_EDGE('',*,*,#5714,.T.);
#8565=ORIENTED_EDGE('',*,*,#5723,.T.);
#8566=ORIENTED_EDGE('',*,*,#5720,.T.);
#8567=ORIENTED_EDGE('',*,*,#5717,.T.);
#8568=ORIENTED_EDGE('',*,*,#5726,.T.);
#8569=ORIENTED_EDGE('',*,*,#5735,.T.);
#8570=ORIENTED_EDGE('',*,*,#5732,.T.);
#8571=ORIENTED_EDGE('',*,*,#5729,.T.);
#8572=ORIENTED_EDGE('',*,*,#5738,.T.);
#8573=ORIENTED_EDGE('',*,*,#5747,.T.);
#8574=ORIENTED_EDGE('',*,*,#5744,.T.);
#8575=ORIENTED_EDGE('',*,*,#5741,.T.);
#8576=ORIENTED_EDGE('',*,*,#5750,.T.);
#8577=ORIENTED_EDGE('',*,*,#5759,.T.);
#8578=ORIENTED_EDGE('',*,*,#5756,.T.);
#8579=ORIENTED_EDGE('',*,*,#5753,.T.);
#8580=ORIENTED_EDGE('',*,*,#5762,.T.);
#8581=ORIENTED_EDGE('',*,*,#5771,.T.);
#8582=ORIENTED_EDGE('',*,*,#5768,.T.);
#8583=ORIENTED_EDGE('',*,*,#5765,.T.);
#8584=ORIENTED_EDGE('',*,*,#5774,.T.);
#8585=ORIENTED_EDGE('',*,*,#5783,.T.);
#8586=ORIENTED_EDGE('',*,*,#5780,.T.);
#8587=ORIENTED_EDGE('',*,*,#5777,.T.);
#8588=ORIENTED_EDGE('',*,*,#4825,.F.);
#8589=ORIENTED_EDGE('',*,*,#6101,.F.);
#8590=ORIENTED_EDGE('',*,*,#6102,.F.);
#8591=ORIENTED_EDGE('',*,*,#6099,.T.);
#8592=ORIENTED_EDGE('',*,*,#6093,.F.);
#8593=ORIENTED_EDGE('',*,*,#6103,.F.);
#8594=ORIENTED_EDGE('',*,*,#6104,.F.);
#8595=ORIENTED_EDGE('',*,*,#6101,.T.);
#8596=ORIENTED_EDGE('',*,*,#4890,.T.);
#8597=ORIENTED_EDGE('',*,*,#4887,.T.);
#8598=ORIENTED_EDGE('',*,*,#4874,.T.);
#8599=ORIENTED_EDGE('',*,*,#4882,.T.);
#8600=ORIENTED_EDGE('',*,*,#4914,.T.);
#8601=ORIENTED_EDGE('',*,*,#4911,.T.);
#8602=ORIENTED_EDGE('',*,*,#4898,.T.);
#8603=ORIENTED_EDGE('',*,*,#4906,.T.);
#8604=ORIENTED_EDGE('',*,*,#4938,.T.);
#8605=ORIENTED_EDGE('',*,*,#4935,.T.);
#8606=ORIENTED_EDGE('',*,*,#4922,.T.);
#8607=ORIENTED_EDGE('',*,*,#4930,.T.);
#8608=ORIENTED_EDGE('',*,*,#4962,.T.);
#8609=ORIENTED_EDGE('',*,*,#4959,.T.);
#8610=ORIENTED_EDGE('',*,*,#4946,.T.);
#8611=ORIENTED_EDGE('',*,*,#4954,.T.);
#8612=ORIENTED_EDGE('',*,*,#4986,.T.);
#8613=ORIENTED_EDGE('',*,*,#4983,.T.);
#8614=ORIENTED_EDGE('',*,*,#4970,.T.);
#8615=ORIENTED_EDGE('',*,*,#4978,.T.);
#8616=ORIENTED_EDGE('',*,*,#5010,.T.);
#8617=ORIENTED_EDGE('',*,*,#5007,.T.);
#8618=ORIENTED_EDGE('',*,*,#4994,.T.);
#8619=ORIENTED_EDGE('',*,*,#5002,.T.);
#8620=ORIENTED_EDGE('',*,*,#5034,.T.);
#8621=ORIENTED_EDGE('',*,*,#5031,.T.);
#8622=ORIENTED_EDGE('',*,*,#5018,.T.);
#8623=ORIENTED_EDGE('',*,*,#5026,.T.);
#8624=ORIENTED_EDGE('',*,*,#5058,.T.);
#8625=ORIENTED_EDGE('',*,*,#5055,.T.);
#8626=ORIENTED_EDGE('',*,*,#5042,.T.);
#8627=ORIENTED_EDGE('',*,*,#5050,.T.);
#8628=ORIENTED_EDGE('',*,*,#5082,.T.);
#8629=ORIENTED_EDGE('',*,*,#5079,.T.);
#8630=ORIENTED_EDGE('',*,*,#5066,.T.);
#8631=ORIENTED_EDGE('',*,*,#5074,.T.);
#8632=ORIENTED_EDGE('',*,*,#5106,.T.);
#8633=ORIENTED_EDGE('',*,*,#5103,.T.);
#8634=ORIENTED_EDGE('',*,*,#5090,.T.);
#8635=ORIENTED_EDGE('',*,*,#5098,.T.);
#8636=ORIENTED_EDGE('',*,*,#5130,.T.);
#8637=ORIENTED_EDGE('',*,*,#5127,.T.);
#8638=ORIENTED_EDGE('',*,*,#5114,.T.);
#8639=ORIENTED_EDGE('',*,*,#5122,.T.);
#8640=ORIENTED_EDGE('',*,*,#5154,.T.);
#8641=ORIENTED_EDGE('',*,*,#5151,.T.);
#8642=ORIENTED_EDGE('',*,*,#5138,.T.);
#8643=ORIENTED_EDGE('',*,*,#5146,.T.);
#8644=ORIENTED_EDGE('',*,*,#5178,.T.);
#8645=ORIENTED_EDGE('',*,*,#5175,.T.);
#8646=ORIENTED_EDGE('',*,*,#5162,.T.);
#8647=ORIENTED_EDGE('',*,*,#5170,.T.);
#8648=ORIENTED_EDGE('',*,*,#5202,.T.);
#8649=ORIENTED_EDGE('',*,*,#5199,.T.);
#8650=ORIENTED_EDGE('',*,*,#5186,.T.);
#8651=ORIENTED_EDGE('',*,*,#5194,.T.);
#8652=ORIENTED_EDGE('',*,*,#5226,.T.);
#8653=ORIENTED_EDGE('',*,*,#5223,.T.);
#8654=ORIENTED_EDGE('',*,*,#5210,.T.);
#8655=ORIENTED_EDGE('',*,*,#5218,.T.);
#8656=ORIENTED_EDGE('',*,*,#5250,.T.);
#8657=ORIENTED_EDGE('',*,*,#5247,.T.);
#8658=ORIENTED_EDGE('',*,*,#5234,.T.);
#8659=ORIENTED_EDGE('',*,*,#5242,.T.);
#8660=ORIENTED_EDGE('',*,*,#5274,.T.);
#8661=ORIENTED_EDGE('',*,*,#5271,.T.);
#8662=ORIENTED_EDGE('',*,*,#5258,.T.);
#8663=ORIENTED_EDGE('',*,*,#5266,.T.);
#8664=ORIENTED_EDGE('',*,*,#5298,.T.);
#8665=ORIENTED_EDGE('',*,*,#5295,.T.);
#8666=ORIENTED_EDGE('',*,*,#5282,.T.);
#8667=ORIENTED_EDGE('',*,*,#5290,.T.);
#8668=ORIENTED_EDGE('',*,*,#5322,.T.);
#8669=ORIENTED_EDGE('',*,*,#5319,.T.);
#8670=ORIENTED_EDGE('',*,*,#5306,.T.);
#8671=ORIENTED_EDGE('',*,*,#5314,.T.);
#8672=ORIENTED_EDGE('',*,*,#5346,.T.);
#8673=ORIENTED_EDGE('',*,*,#5343,.T.);
#8674=ORIENTED_EDGE('',*,*,#5330,.T.);
#8675=ORIENTED_EDGE('',*,*,#5338,.T.);
#8676=ORIENTED_EDGE('',*,*,#5370,.T.);
#8677=ORIENTED_EDGE('',*,*,#5367,.T.);
#8678=ORIENTED_EDGE('',*,*,#5354,.T.);
#8679=ORIENTED_EDGE('',*,*,#5362,.T.);
#8680=ORIENTED_EDGE('',*,*,#5394,.T.);
#8681=ORIENTED_EDGE('',*,*,#5391,.T.);
#8682=ORIENTED_EDGE('',*,*,#5378,.T.);
#8683=ORIENTED_EDGE('',*,*,#5386,.T.);
#8684=ORIENTED_EDGE('',*,*,#5418,.T.);
#8685=ORIENTED_EDGE('',*,*,#5415,.T.);
#8686=ORIENTED_EDGE('',*,*,#5402,.T.);
#8687=ORIENTED_EDGE('',*,*,#5410,.T.);
#8688=ORIENTED_EDGE('',*,*,#5442,.T.);
#8689=ORIENTED_EDGE('',*,*,#5439,.T.);
#8690=ORIENTED_EDGE('',*,*,#5426,.T.);
#8691=ORIENTED_EDGE('',*,*,#5434,.T.);
#8692=ORIENTED_EDGE('',*,*,#5466,.T.);
#8693=ORIENTED_EDGE('',*,*,#5463,.T.);
#8694=ORIENTED_EDGE('',*,*,#5450,.T.);
#8695=ORIENTED_EDGE('',*,*,#5458,.T.);
#8696=ORIENTED_EDGE('',*,*,#5490,.T.);
#8697=ORIENTED_EDGE('',*,*,#5487,.T.);
#8698=ORIENTED_EDGE('',*,*,#5474,.T.);
#8699=ORIENTED_EDGE('',*,*,#5482,.T.);
#8700=ORIENTED_EDGE('',*,*,#5514,.T.);
#8701=ORIENTED_EDGE('',*,*,#5511,.T.);
#8702=ORIENTED_EDGE('',*,*,#5498,.T.);
#8703=ORIENTED_EDGE('',*,*,#5506,.T.);
#8704=ORIENTED_EDGE('',*,*,#5538,.T.);
#8705=ORIENTED_EDGE('',*,*,#5535,.T.);
#8706=ORIENTED_EDGE('',*,*,#5522,.T.);
#8707=ORIENTED_EDGE('',*,*,#5530,.T.);
#8708=ORIENTED_EDGE('',*,*,#6091,.F.);
#8709=ORIENTED_EDGE('',*,*,#6105,.F.);
#8710=ORIENTED_EDGE('',*,*,#6106,.F.);
#8711=ORIENTED_EDGE('',*,*,#6103,.T.);
#8712=ORIENTED_EDGE('',*,*,#6089,.F.);
#8713=ORIENTED_EDGE('',*,*,#6107,.F.);
#8714=ORIENTED_EDGE('',*,*,#6108,.F.);
#8715=ORIENTED_EDGE('',*,*,#6105,.T.);
#8716=ORIENTED_EDGE('',*,*,#5786,.T.);
#8717=ORIENTED_EDGE('',*,*,#5795,.T.);
#8718=ORIENTED_EDGE('',*,*,#5792,.T.);
#8719=ORIENTED_EDGE('',*,*,#5789,.T.);
#8720=ORIENTED_EDGE('',*,*,#5798,.T.);
#8721=ORIENTED_EDGE('',*,*,#5807,.T.);
#8722=ORIENTED_EDGE('',*,*,#5804,.T.);
#8723=ORIENTED_EDGE('',*,*,#5801,.T.);
#8724=ORIENTED_EDGE('',*,*,#5810,.T.);
#8725=ORIENTED_EDGE('',*,*,#5819,.T.);
#8726=ORIENTED_EDGE('',*,*,#5816,.T.);
#8727=ORIENTED_EDGE('',*,*,#5813,.T.);
#8728=ORIENTED_EDGE('',*,*,#5822,.T.);
#8729=ORIENTED_EDGE('',*,*,#5831,.T.);
#8730=ORIENTED_EDGE('',*,*,#5828,.T.);
#8731=ORIENTED_EDGE('',*,*,#5825,.T.);
#8732=ORIENTED_EDGE('',*,*,#5834,.T.);
#8733=ORIENTED_EDGE('',*,*,#5843,.T.);
#8734=ORIENTED_EDGE('',*,*,#5840,.T.);
#8735=ORIENTED_EDGE('',*,*,#5837,.T.);
#8736=ORIENTED_EDGE('',*,*,#5846,.T.);
#8737=ORIENTED_EDGE('',*,*,#5855,.T.);
#8738=ORIENTED_EDGE('',*,*,#5852,.T.);
#8739=ORIENTED_EDGE('',*,*,#5849,.T.);
#8740=ORIENTED_EDGE('',*,*,#5858,.T.);
#8741=ORIENTED_EDGE('',*,*,#5867,.T.);
#8742=ORIENTED_EDGE('',*,*,#5864,.T.);
#8743=ORIENTED_EDGE('',*,*,#5861,.T.);
#8744=ORIENTED_EDGE('',*,*,#5870,.T.);
#8745=ORIENTED_EDGE('',*,*,#5879,.T.);
#8746=ORIENTED_EDGE('',*,*,#5876,.T.);
#8747=ORIENTED_EDGE('',*,*,#5873,.T.);
#8748=ORIENTED_EDGE('',*,*,#5882,.T.);
#8749=ORIENTED_EDGE('',*,*,#5891,.T.);
#8750=ORIENTED_EDGE('',*,*,#5888,.T.);
#8751=ORIENTED_EDGE('',*,*,#5885,.T.);
#8752=ORIENTED_EDGE('',*,*,#5894,.T.);
#8753=ORIENTED_EDGE('',*,*,#5903,.T.);
#8754=ORIENTED_EDGE('',*,*,#5900,.T.);
#8755=ORIENTED_EDGE('',*,*,#5897,.T.);
#8756=ORIENTED_EDGE('',*,*,#5906,.T.);
#8757=ORIENTED_EDGE('',*,*,#5915,.T.);
#8758=ORIENTED_EDGE('',*,*,#5912,.T.);
#8759=ORIENTED_EDGE('',*,*,#5909,.T.);
#8760=ORIENTED_EDGE('',*,*,#5918,.T.);
#8761=ORIENTED_EDGE('',*,*,#5927,.T.);
#8762=ORIENTED_EDGE('',*,*,#5924,.T.);
#8763=ORIENTED_EDGE('',*,*,#5921,.T.);
#8764=ORIENTED_EDGE('',*,*,#5930,.T.);
#8765=ORIENTED_EDGE('',*,*,#5939,.T.);
#8766=ORIENTED_EDGE('',*,*,#5936,.T.);
#8767=ORIENTED_EDGE('',*,*,#5933,.T.);
#8768=ORIENTED_EDGE('',*,*,#5942,.T.);
#8769=ORIENTED_EDGE('',*,*,#5951,.T.);
#8770=ORIENTED_EDGE('',*,*,#5948,.T.);
#8771=ORIENTED_EDGE('',*,*,#5945,.T.);
#8772=ORIENTED_EDGE('',*,*,#5954,.T.);
#8773=ORIENTED_EDGE('',*,*,#5963,.T.);
#8774=ORIENTED_EDGE('',*,*,#5960,.T.);
#8775=ORIENTED_EDGE('',*,*,#5957,.T.);
#8776=ORIENTED_EDGE('',*,*,#5966,.T.);
#8777=ORIENTED_EDGE('',*,*,#5975,.T.);
#8778=ORIENTED_EDGE('',*,*,#5972,.T.);
#8779=ORIENTED_EDGE('',*,*,#5969,.T.);
#8780=ORIENTED_EDGE('',*,*,#5978,.T.);
#8781=ORIENTED_EDGE('',*,*,#5987,.T.);
#8782=ORIENTED_EDGE('',*,*,#5984,.T.);
#8783=ORIENTED_EDGE('',*,*,#5981,.T.);
#8784=ORIENTED_EDGE('',*,*,#5990,.T.);
#8785=ORIENTED_EDGE('',*,*,#5999,.T.);
#8786=ORIENTED_EDGE('',*,*,#5996,.T.);
#8787=ORIENTED_EDGE('',*,*,#5993,.T.);
#8788=ORIENTED_EDGE('',*,*,#6002,.T.);
#8789=ORIENTED_EDGE('',*,*,#6011,.T.);
#8790=ORIENTED_EDGE('',*,*,#6008,.T.);
#8791=ORIENTED_EDGE('',*,*,#6005,.T.);
#8792=ORIENTED_EDGE('',*,*,#6014,.T.);
#8793=ORIENTED_EDGE('',*,*,#6023,.T.);
#8794=ORIENTED_EDGE('',*,*,#6020,.T.);
#8795=ORIENTED_EDGE('',*,*,#6017,.T.);
#8796=ORIENTED_EDGE('',*,*,#6026,.T.);
#8797=ORIENTED_EDGE('',*,*,#6035,.T.);
#8798=ORIENTED_EDGE('',*,*,#6032,.T.);
#8799=ORIENTED_EDGE('',*,*,#6029,.T.);
#8800=ORIENTED_EDGE('',*,*,#6038,.T.);
#8801=ORIENTED_EDGE('',*,*,#6047,.T.);
#8802=ORIENTED_EDGE('',*,*,#6044,.T.);
#8803=ORIENTED_EDGE('',*,*,#6041,.T.);
#8804=ORIENTED_EDGE('',*,*,#6050,.T.);
#8805=ORIENTED_EDGE('',*,*,#6059,.T.);
#8806=ORIENTED_EDGE('',*,*,#6056,.T.);
#8807=ORIENTED_EDGE('',*,*,#6053,.T.);
#8808=ORIENTED_EDGE('',*,*,#6062,.T.);
#8809=ORIENTED_EDGE('',*,*,#6071,.T.);
#8810=ORIENTED_EDGE('',*,*,#6068,.T.);
#8811=ORIENTED_EDGE('',*,*,#6065,.T.);
#8812=ORIENTED_EDGE('',*,*,#4809,.F.);
#8813=ORIENTED_EDGE('',*,*,#6096,.F.);
#8814=ORIENTED_EDGE('',*,*,#6109,.F.);
#8815=ORIENTED_EDGE('',*,*,#6107,.T.);
#8816=ORIENTED_EDGE('',*,*,#6102,.T.);
#8817=ORIENTED_EDGE('',*,*,#6104,.T.);
#8818=ORIENTED_EDGE('',*,*,#6106,.T.);
#8819=ORIENTED_EDGE('',*,*,#6108,.T.);
#8820=ORIENTED_EDGE('',*,*,#6109,.T.);
#8821=ORIENTED_EDGE('',*,*,#6095,.F.);
#8822=ORIENTED_EDGE('',*,*,#6098,.T.);
#8823=ORIENTED_EDGE('',*,*,#6100,.F.);
#8824=ORIENTED_EDGE('',*,*,#6080,.T.);
#8825=ORIENTED_EDGE('',*,*,#4799,.T.);
#8826=ORIENTED_EDGE('',*,*,#6083,.T.);
#8827=ORIENTED_EDGE('',*,*,#4850,.T.);
#8828=ORIENTED_EDGE('',*,*,#6082,.T.);
#8829=ORIENTED_EDGE('',*,*,#4828,.T.);
#8830=ORIENTED_EDGE('',*,*,#6081,.T.);
#8831=ORIENTED_EDGE('',*,*,#4776,.T.);
#8832=PLANE('',#9552);
#8833=PLANE('',#9557);
#8834=PLANE('',#9562);
#8835=PLANE('',#9563);
#8836=PLANE('',#9564);
#8837=PLANE('',#9566);
#8838=PLANE('',#9584);
#8839=PLANE('',#9586);
#8840=PLANE('',#9587);
#8841=PLANE('',#9602);
#8842=PLANE('',#9603);
#8843=PLANE('',#9604);
#8844=PLANE('',#9619);
#8845=PLANE('',#9620);
#8846=PLANE('',#9621);
#8847=PLANE('',#9631);
#8848=PLANE('',#9632);
#8849=PLANE('',#9633);
#8850=PLANE('',#9634);
#8851=PLANE('',#9635);
#8852=PLANE('',#9636);
#8853=PLANE('',#9637);
#8854=PLANE('',#9638);
#8855=PLANE('',#9639);
#8856=PLANE('',#9640);
#8857=PLANE('',#9641);
#8858=PLANE('',#9642);
#8859=PLANE('',#9643);
#8860=PLANE('',#9644);
#8861=PLANE('',#9645);
#8862=PLANE('',#9646);
#8863=PLANE('',#9647);
#8864=PLANE('',#9648);
#8865=PLANE('',#9649);
#8866=PLANE('',#9659);
#8867=PLANE('',#9660);
#8868=PLANE('',#9664);
#8869=PLANE('',#9665);
#8870=PLANE('',#9675);
#8871=PLANE('',#9676);
#8872=PLANE('',#9686);
#8873=PLANE('',#9687);
#8874=PLANE('',#9688);
#8875=PLANE('',#9695);
#8876=PLANE('',#9696);
#8877=PLANE('',#9697);
#8878=PLANE('',#9707);
#8879=PLANE('',#9708);
#8880=PLANE('',#9718);
#8881=PLANE('',#9719);
#8882=PLANE('',#9720);
#8883=PLANE('',#9727);
#8884=PLANE('',#9734);
#8885=PLANE('',#9735);
#8886=PLANE('',#9736);
#8887=PLANE('',#9743);
#8888=PLANE('',#9750);
#8889=PLANE('',#9751);
#8890=PLANE('',#9752);
#8891=PLANE('',#9759);
#8892=PLANE('',#9766);
#8893=PLANE('',#9767);
#8894=PLANE('',#9768);
#8895=PLANE('',#9775);
#8896=PLANE('',#9782);
#8897=PLANE('',#9783);
#8898=PLANE('',#9784);
#8899=PLANE('',#9791);
#8900=PLANE('',#9798);
#8901=PLANE('',#9799);
#8902=PLANE('',#9800);
#8903=PLANE('',#9807);
#8904=PLANE('',#9808);
#8905=PLANE('',#9809);
#8906=PLANE('',#9819);
#8907=PLANE('',#9820);
#8908=PLANE('',#9830);
#8909=PLANE('',#9831);
#8910=PLANE('',#9832);
#8911=PLANE('',#9839);
#8912=PLANE('',#9840);
#8913=PLANE('',#9841);
#8914=PLANE('',#9851);
#8915=PLANE('',#9852);
#8916=PLANE('',#9856);
#8917=PLANE('',#9857);
#8918=PLANE('',#9867);
#8919=PLANE('',#9868);
#8920=PLANE('',#9872);
#8921=PLANE('',#9873);
#8922=PLANE('',#9883);
#8923=PLANE('',#9884);
#8924=PLANE('',#9894);
#8925=PLANE('',#9895);
#8926=PLANE('',#9896);
#8927=PLANE('',#9903);
#8928=PLANE('',#9910);
#8929=PLANE('',#9911);
#8930=PLANE('',#9912);
#8931=PLANE('',#9919);
#8932=PLANE('',#9926);
#8933=PLANE('',#9927);
#8934=PLANE('',#9928);
#8935=PLANE('',#9935);
#8936=PLANE('',#9942);
#8937=PLANE('',#9943);
#8938=PLANE('',#9944);
#8939=PLANE('',#9951);
#8940=PLANE('',#9958);
#8941=PLANE('',#9959);
#8942=PLANE('',#9960);
#8943=PLANE('',#9967);
#8944=PLANE('',#9968);
#8945=PLANE('',#9969);
#8946=PLANE('',#9979);
#8947=PLANE('',#9980);
#8948=PLANE('',#9990);
#8949=PLANE('',#9991);
#8950=PLANE('',#9992);
#8951=PLANE('',#9999);
#8952=PLANE('',#10006);
#8953=PLANE('',#10007);
#8954=PLANE('',#10008);
#8955=PLANE('',#10015);
#8956=PLANE('',#10022);
#8957=PLANE('',#10023);
#8958=PLANE('',#10024);
#8959=PLANE('',#10031);
#8960=PLANE('',#10038);
#8961=PLANE('',#10039);
#8962=PLANE('',#10040);
#8963=PLANE('',#10047);
#8964=PLANE('',#10054);
#8965=PLANE('',#10055);
#8966=PLANE('',#10056);
#8967=PLANE('',#10063);
#8968=PLANE('',#10064);
#8969=PLANE('',#10065);
#8970=PLANE('',#10075);
#8971=PLANE('',#10076);
#8972=PLANE('',#10080);
#8973=PLANE('',#10081);
#8974=PLANE('',#10091);
#8975=PLANE('',#10092);
#8976=PLANE('',#10096);
#8977=PLANE('',#10100);
#8978=PLANE('',#10107);
#8979=PLANE('',#10111);
#8980=PLANE('',#10112);
#8981=PLANE('',#10116);
#8982=PLANE('',#10120);
#8983=PLANE('',#10124);
#8984=PLANE('',#10128);
#8985=PLANE('',#10132);
#8986=PLANE('',#10136);
#8987=PLANE('',#10140);
#8988=PLANE('',#10144);
#8989=PLANE('',#10148);
#8990=PLANE('',#10152);
#8991=PLANE('',#10156);
#8992=PLANE('',#10163);
#8993=PLANE('',#10167);
#8994=PLANE('',#10168);
#8995=PLANE('',#10172);
#8996=PLANE('',#10176);
#8997=PLANE('',#10180);
#8998=PLANE('',#10187);
#8999=PLANE('',#10191);
#9000=PLANE('',#10192);
#9001=PLANE('',#10196);
#9002=PLANE('',#10200);
#9003=PLANE('',#10204);
#9004=PLANE('',#10208);
#9005=PLANE('',#10212);
#9006=PLANE('',#10216);
#9007=PLANE('',#10220);
#9008=PLANE('',#10224);
#9009=PLANE('',#10228);
#9010=PLANE('',#10235);
#9011=PLANE('',#10239);
#9012=PLANE('',#10243);
#9013=PLANE('',#10247);
#9014=PLANE('',#10248);
#9015=PLANE('',#10252);
#9016=PLANE('',#10256);
#9017=PLANE('',#10260);
#9018=PLANE('',#10264);
#9019=PLANE('',#10268);
#9020=PLANE('',#10272);
#9021=PLANE('',#10276);
#9022=PLANE('',#10280);
#9023=PLANE('',#10284);
#9024=PLANE('',#10288);
#9025=PLANE('',#10292);
#9026=PLANE('',#10296);
#9027=PLANE('',#10300);
#9028=PLANE('',#10304);
#9029=PLANE('',#10308);
#9030=PLANE('',#10312);
#9031=PLANE('',#10316);
#9032=PLANE('',#10320);
#9033=PLANE('',#10324);
#9034=PLANE('',#10328);
#9035=PLANE('',#10332);
#9036=PLANE('',#10336);
#9037=PLANE('',#10340);
#9038=PLANE('',#10344);
#9039=PLANE('',#10348);
#9040=PLANE('',#10352);
#9041=PLANE('',#10356);
#9042=PLANE('',#10360);
#9043=PLANE('',#10364);
#9044=PLANE('',#10368);
#9045=PLANE('',#10372);
#9046=PLANE('',#10376);
#9047=PLANE('',#10380);
#9048=PLANE('',#10384);
#9049=PLANE('',#10388);
#9050=PLANE('',#10392);
#9051=PLANE('',#10396);
#9052=PLANE('',#10400);
#9053=PLANE('',#10404);
#9054=PLANE('',#10408);
#9055=PLANE('',#10412);
#9056=PLANE('',#10416);
#9057=PLANE('',#10420);
#9058=PLANE('',#10424);
#9059=PLANE('',#10428);
#9060=PLANE('',#10432);
#9061=PLANE('',#10436);
#9062=PLANE('',#10440);
#9063=PLANE('',#10444);
#9064=PLANE('',#10448);
#9065=PLANE('',#10449);
#9066=PLANE('',#10450);
#9067=PLANE('',#10451);
#9068=PLANE('',#10452);
#9069=PLANE('',#10453);
#9070=PLANE('',#10454);
#9071=PLANE('',#10455);
#9072=PLANE('',#10456);
#9073=PLANE('',#10457);
#9074=PLANE('',#10460);
#9075=PLANE('',#10461);
#9076=PLANE('',#10464);
#9077=PLANE('',#10465);
#9078=PLANE('',#10468);
#9079=PLANE('',#10471);
#9080=PLANE('',#10474);
#9081=PLANE('',#10477);
#9082=ADVANCED_FACE('',(#2264),#8832,.F.);
#9083=ADVANCED_FACE('',(#2265),#2050,.F.);
#9084=ADVANCED_FACE('',(#2266,#37),#8833,.T.);
#9085=ADVANCED_FACE('',(#2267),#2051,.F.);
#9086=ADVANCED_FACE('',(#2268),#8834,.T.);
#9087=ADVANCED_FACE('',(#2269),#8835,.T.);
#9088=ADVANCED_FACE('',(#2270),#8836,.F.);
#9089=ADVANCED_FACE('',(#2271),#8837,.T.);
#9090=ADVANCED_FACE('',(#2272,#38),#2052,.F.);
#9091=ADVANCED_FACE('',(#2273),#2053,.T.);
#9092=ADVANCED_FACE('',(#2274),#8838,.T.);
#9093=ADVANCED_FACE('',(#2275),#2054,.F.);
#9094=ADVANCED_FACE('',(#2276),#8839,.T.);
#9095=ADVANCED_FACE('',(#2277,#39),#8840,.F.);
#9096=ADVANCED_FACE('',(#2278,#40),#2055,.F.);
#9097=ADVANCED_FACE('',(#2279),#15,.T.);
#9098=ADVANCED_FACE('',(#2280),#2056,.F.);
#9099=ADVANCED_FACE('',(#2281),#8841,.T.);
#9100=ADVANCED_FACE('',(#2282),#8842,.T.);
#9101=ADVANCED_FACE('',(#2283),#8843,.F.);
#9102=ADVANCED_FACE('',(#2284),#16,.T.);
#9103=ADVANCED_FACE('',(#2285,#41),#2057,.F.);
#9104=ADVANCED_FACE('',(#2286),#2058,.F.);
#9105=ADVANCED_FACE('',(#2287),#8844,.T.);
#9106=ADVANCED_FACE('',(#2288),#8845,.T.);
#9107=ADVANCED_FACE('',(#2289),#8846,.F.);
#9108=ADVANCED_FACE('',(#2290,#42),#2059,.F.);
#9109=ADVANCED_FACE('',(#2291),#8847,.T.);
#9110=ADVANCED_FACE('',(#2292),#8848,.T.);
#9111=ADVANCED_FACE('',(#2293),#8849,.T.);
#9112=ADVANCED_FACE('',(#2294),#8850,.T.);
#9113=ADVANCED_FACE('',(#2295),#8851,.T.);
#9114=ADVANCED_FACE('',(#2296),#8852,.T.);
#9115=ADVANCED_FACE('',(#2297),#8853,.T.);
#9116=ADVANCED_FACE('',(#2298),#8854,.T.);
#9117=ADVANCED_FACE('',(#2299),#8855,.T.);
#9118=ADVANCED_FACE('',(#2300),#8856,.T.);
#9119=ADVANCED_FACE('',(#2301),#8857,.T.);
#9120=ADVANCED_FACE('',(#2302),#8858,.T.);
#9121=ADVANCED_FACE('',(#2303),#8859,.T.);
#9122=ADVANCED_FACE('',(#2304),#8860,.T.);
#9123=ADVANCED_FACE('',(#2305),#8861,.T.);
#9124=ADVANCED_FACE('',(#2306),#8862,.T.);
#9125=ADVANCED_FACE('',(#2307),#8863,.T.);
#9126=ADVANCED_FACE('',(#2308),#8864,.F.);
#9127=ADVANCED_FACE('',(#2309),#8865,.F.);
#9128=ADVANCED_FACE('',(#2310),#2060,.F.);
#9129=ADVANCED_FACE('',(#2311),#2061,.F.);
#9130=ADVANCED_FACE('',(#2312),#2062,.F.);
#9131=ADVANCED_FACE('',(#2313),#8866,.F.);
#9132=ADVANCED_FACE('',(#2314),#8867,.F.);
#9133=ADVANCED_FACE('',(#2315),#2063,.F.);
#9134=ADVANCED_FACE('',(#2316),#8868,.F.);
#9135=ADVANCED_FACE('',(#2317),#8869,.F.);
#9136=ADVANCED_FACE('',(#2318),#2064,.F.);
#9137=ADVANCED_FACE('',(#2319),#2065,.F.);
#9138=ADVANCED_FACE('',(#2320),#2066,.F.);
#9139=ADVANCED_FACE('',(#2321),#8870,.F.);
#9140=ADVANCED_FACE('',(#2322),#8871,.F.);
#9141=ADVANCED_FACE('',(#2323),#2067,.F.);
#9142=ADVANCED_FACE('',(#2324),#2068,.F.);
#9143=ADVANCED_FACE('',(#2325),#2069,.F.);
#9144=ADVANCED_FACE('',(#2326),#8872,.F.);
#9145=ADVANCED_FACE('',(#2327),#8873,.F.);
#9146=ADVANCED_FACE('',(#2328),#8874,.F.);
#9147=ADVANCED_FACE('',(#2329),#2070,.F.);
#9148=ADVANCED_FACE('',(#2330),#2071,.F.);
#9149=ADVANCED_FACE('',(#2331),#8875,.F.);
#9150=ADVANCED_FACE('',(#2332),#8876,.F.);
#9151=ADVANCED_FACE('',(#2333),#8877,.F.);
#9152=ADVANCED_FACE('',(#2334),#2072,.F.);
#9153=ADVANCED_FACE('',(#2335),#2073,.F.);
#9154=ADVANCED_FACE('',(#2336),#2074,.F.);
#9155=ADVANCED_FACE('',(#2337),#8878,.F.);
#9156=ADVANCED_FACE('',(#2338),#8879,.F.);
#9157=ADVANCED_FACE('',(#2339),#2075,.F.);
#9158=ADVANCED_FACE('',(#2340),#2076,.F.);
#9159=ADVANCED_FACE('',(#2341),#2077,.F.);
#9160=ADVANCED_FACE('',(#2342),#8880,.F.);
#9161=ADVANCED_FACE('',(#2343),#8881,.F.);
#9162=ADVANCED_FACE('',(#2344),#8882,.F.);
#9163=ADVANCED_FACE('',(#2345),#2078,.F.);
#9164=ADVANCED_FACE('',(#2346),#2079,.F.);
#9165=ADVANCED_FACE('',(#2347),#8883,.F.);
#9166=ADVANCED_FACE('',(#2348),#2080,.F.);
#9167=ADVANCED_FACE('',(#2349),#2081,.F.);
#9168=ADVANCED_FACE('',(#2350),#8884,.F.);
#9169=ADVANCED_FACE('',(#2351),#8885,.F.);
#9170=ADVANCED_FACE('',(#2352),#8886,.F.);
#9171=ADVANCED_FACE('',(#2353),#2082,.F.);
#9172=ADVANCED_FACE('',(#2354),#2083,.F.);
#9173=ADVANCED_FACE('',(#2355),#8887,.F.);
#9174=ADVANCED_FACE('',(#2356),#2084,.F.);
#9175=ADVANCED_FACE('',(#2357),#2085,.F.);
#9176=ADVANCED_FACE('',(#2358),#8888,.F.);
#9177=ADVANCED_FACE('',(#2359),#8889,.F.);
#9178=ADVANCED_FACE('',(#2360),#8890,.F.);
#9179=ADVANCED_FACE('',(#2361),#2086,.F.);
#9180=ADVANCED_FACE('',(#2362),#2087,.F.);
#9181=ADVANCED_FACE('',(#2363),#8891,.F.);
#9182=ADVANCED_FACE('',(#2364),#2088,.F.);
#9183=ADVANCED_FACE('',(#2365),#2089,.F.);
#9184=ADVANCED_FACE('',(#2366),#8892,.F.);
#9185=ADVANCED_FACE('',(#2367),#8893,.F.);
#9186=ADVANCED_FACE('',(#2368),#8894,.F.);
#9187=ADVANCED_FACE('',(#2369),#2090,.F.);
#9188=ADVANCED_FACE('',(#2370),#2091,.F.);
#9189=ADVANCED_FACE('',(#2371),#8895,.F.);
#9190=ADVANCED_FACE('',(#2372),#2092,.F.);
#9191=ADVANCED_FACE('',(#2373),#2093,.F.);
#9192=ADVANCED_FACE('',(#2374),#8896,.F.);
#9193=ADVANCED_FACE('',(#2375),#8897,.F.);
#9194=ADVANCED_FACE('',(#2376),#8898,.F.);
#9195=ADVANCED_FACE('',(#2377),#2094,.F.);
#9196=ADVANCED_FACE('',(#2378),#2095,.F.);
#9197=ADVANCED_FACE('',(#2379),#8899,.F.);
#9198=ADVANCED_FACE('',(#2380),#2096,.F.);
#9199=ADVANCED_FACE('',(#2381),#2097,.F.);
#9200=ADVANCED_FACE('',(#2382),#8900,.F.);
#9201=ADVANCED_FACE('',(#2383),#8901,.F.);
#9202=ADVANCED_FACE('',(#2384),#8902,.F.);
#9203=ADVANCED_FACE('',(#2385),#2098,.F.);
#9204=ADVANCED_FACE('',(#2386),#2099,.F.);
#9205=ADVANCED_FACE('',(#2387),#8903,.F.);
#9206=ADVANCED_FACE('',(#2388),#8904,.F.);
#9207=ADVANCED_FACE('',(#2389),#8905,.F.);
#9208=ADVANCED_FACE('',(#2390),#2100,.F.);
#9209=ADVANCED_FACE('',(#2391),#2101,.F.);
#9210=ADVANCED_FACE('',(#2392),#2102,.F.);
#9211=ADVANCED_FACE('',(#2393),#8906,.F.);
#9212=ADVANCED_FACE('',(#2394),#8907,.F.);
#9213=ADVANCED_FACE('',(#2395),#2103,.F.);
#9214=ADVANCED_FACE('',(#2396),#2104,.F.);
#9215=ADVANCED_FACE('',(#2397),#2105,.F.);
#9216=ADVANCED_FACE('',(#2398),#8908,.F.);
#9217=ADVANCED_FACE('',(#2399),#8909,.F.);
#9218=ADVANCED_FACE('',(#2400),#8910,.F.);
#9219=ADVANCED_FACE('',(#2401),#2106,.F.);
#9220=ADVANCED_FACE('',(#2402),#2107,.F.);
#9221=ADVANCED_FACE('',(#2403),#8911,.F.);
#9222=ADVANCED_FACE('',(#2404),#8912,.F.);
#9223=ADVANCED_FACE('',(#2405),#8913,.F.);
#9224=ADVANCED_FACE('',(#2406),#2108,.F.);
#9225=ADVANCED_FACE('',(#2407),#2109,.F.);
#9226=ADVANCED_FACE('',(#2408),#2110,.F.);
#9227=ADVANCED_FACE('',(#2409),#8914,.F.);
#9228=ADVANCED_FACE('',(#2410),#8915,.F.);
#9229=ADVANCED_FACE('',(#2411),#2111,.F.);
#9230=ADVANCED_FACE('',(#2412),#8916,.F.);
#9231=ADVANCED_FACE('',(#2413),#8917,.F.);
#9232=ADVANCED_FACE('',(#2414),#2112,.F.);
#9233=ADVANCED_FACE('',(#2415),#2113,.F.);
#9234=ADVANCED_FACE('',(#2416),#2114,.F.);
#9235=ADVANCED_FACE('',(#2417),#8918,.F.);
#9236=ADVANCED_FACE('',(#2418),#8919,.F.);
#9237=ADVANCED_FACE('',(#2419),#2115,.F.);
#9238=ADVANCED_FACE('',(#2420),#8920,.F.);
#9239=ADVANCED_FACE('',(#2421),#8921,.F.);
#9240=ADVANCED_FACE('',(#2422),#2116,.F.);
#9241=ADVANCED_FACE('',(#2423),#2117,.F.);
#9242=ADVANCED_FACE('',(#2424),#2118,.F.);
#9243=ADVANCED_FACE('',(#2425),#8922,.F.);
#9244=ADVANCED_FACE('',(#2426),#8923,.F.);
#9245=ADVANCED_FACE('',(#2427),#2119,.F.);
#9246=ADVANCED_FACE('',(#2428),#2120,.F.);
#9247=ADVANCED_FACE('',(#2429),#2121,.F.);
#9248=ADVANCED_FACE('',(#2430),#8924,.F.);
#9249=ADVANCED_FACE('',(#2431),#8925,.F.);
#9250=ADVANCED_FACE('',(#2432),#8926,.F.);
#9251=ADVANCED_FACE('',(#2433),#2122,.F.);
#9252=ADVANCED_FACE('',(#2434),#2123,.F.);
#9253=ADVANCED_FACE('',(#2435),#8927,.F.);
#9254=ADVANCED_FACE('',(#2436),#2124,.F.);
#9255=ADVANCED_FACE('',(#2437),#2125,.F.);
#9256=ADVANCED_FACE('',(#2438),#8928,.F.);
#9257=ADVANCED_FACE('',(#2439),#8929,.F.);
#9258=ADVANCED_FACE('',(#2440),#8930,.F.);
#9259=ADVANCED_FACE('',(#2441),#2126,.F.);
#9260=ADVANCED_FACE('',(#2442),#2127,.F.);
#9261=ADVANCED_FACE('',(#2443),#8931,.F.);
#9262=ADVANCED_FACE('',(#2444),#2128,.F.);
#9263=ADVANCED_FACE('',(#2445),#2129,.F.);
#9264=ADVANCED_FACE('',(#2446),#8932,.F.);
#9265=ADVANCED_FACE('',(#2447),#8933,.F.);
#9266=ADVANCED_FACE('',(#2448),#8934,.F.);
#9267=ADVANCED_FACE('',(#2449),#2130,.F.);
#9268=ADVANCED_FACE('',(#2450),#2131,.F.);
#9269=ADVANCED_FACE('',(#2451),#8935,.F.);
#9270=ADVANCED_FACE('',(#2452),#2132,.F.);
#9271=ADVANCED_FACE('',(#2453),#2133,.F.);
#9272=ADVANCED_FACE('',(#2454),#8936,.F.);
#9273=ADVANCED_FACE('',(#2455),#8937,.F.);
#9274=ADVANCED_FACE('',(#2456),#8938,.F.);
#9275=ADVANCED_FACE('',(#2457),#2134,.F.);
#9276=ADVANCED_FACE('',(#2458),#2135,.F.);
#9277=ADVANCED_FACE('',(#2459),#8939,.F.);
#9278=ADVANCED_FACE('',(#2460),#2136,.F.);
#9279=ADVANCED_FACE('',(#2461),#2137,.F.);
#9280=ADVANCED_FACE('',(#2462),#8940,.F.);
#9281=ADVANCED_FACE('',(#2463),#8941,.F.);
#9282=ADVANCED_FACE('',(#2464),#8942,.F.);
#9283=ADVANCED_FACE('',(#2465),#2138,.F.);
#9284=ADVANCED_FACE('',(#2466),#2139,.F.);
#9285=ADVANCED_FACE('',(#2467),#8943,.F.);
#9286=ADVANCED_FACE('',(#2468),#8944,.F.);
#9287=ADVANCED_FACE('',(#2469),#8945,.F.);
#9288=ADVANCED_FACE('',(#2470),#2140,.F.);
#9289=ADVANCED_FACE('',(#2471),#2141,.F.);
#9290=ADVANCED_FACE('',(#2472),#2142,.F.);
#9291=ADVANCED_FACE('',(#2473),#8946,.F.);
#9292=ADVANCED_FACE('',(#2474),#8947,.F.);
#9293=ADVANCED_FACE('',(#2475),#2143,.F.);
#9294=ADVANCED_FACE('',(#2476),#2144,.F.);
#9295=ADVANCED_FACE('',(#2477),#2145,.F.);
#9296=ADVANCED_FACE('',(#2478),#8948,.F.);
#9297=ADVANCED_FACE('',(#2479),#8949,.F.);
#9298=ADVANCED_FACE('',(#2480),#8950,.F.);
#9299=ADVANCED_FACE('',(#2481),#2146,.F.);
#9300=ADVANCED_FACE('',(#2482),#2147,.F.);
#9301=ADVANCED_FACE('',(#2483),#8951,.F.);
#9302=ADVANCED_FACE('',(#2484),#2148,.F.);
#9303=ADVANCED_FACE('',(#2485),#2149,.F.);
#9304=ADVANCED_FACE('',(#2486),#8952,.F.);
#9305=ADVANCED_FACE('',(#2487),#8953,.F.);
#9306=ADVANCED_FACE('',(#2488),#8954,.F.);
#9307=ADVANCED_FACE('',(#2489),#2150,.F.);
#9308=ADVANCED_FACE('',(#2490),#2151,.F.);
#9309=ADVANCED_FACE('',(#2491),#8955,.F.);
#9310=ADVANCED_FACE('',(#2492),#2152,.F.);
#9311=ADVANCED_FACE('',(#2493),#2153,.F.);
#9312=ADVANCED_FACE('',(#2494),#8956,.F.);
#9313=ADVANCED_FACE('',(#2495),#8957,.F.);
#9314=ADVANCED_FACE('',(#2496),#8958,.F.);
#9315=ADVANCED_FACE('',(#2497),#2154,.F.);
#9316=ADVANCED_FACE('',(#2498),#2155,.F.);
#9317=ADVANCED_FACE('',(#2499),#8959,.F.);
#9318=ADVANCED_FACE('',(#2500),#2156,.F.);
#9319=ADVANCED_FACE('',(#2501),#2157,.F.);
#9320=ADVANCED_FACE('',(#2502),#8960,.F.);
#9321=ADVANCED_FACE('',(#2503),#8961,.F.);
#9322=ADVANCED_FACE('',(#2504),#8962,.F.);
#9323=ADVANCED_FACE('',(#2505),#2158,.F.);
#9324=ADVANCED_FACE('',(#2506),#2159,.F.);
#9325=ADVANCED_FACE('',(#2507),#8963,.F.);
#9326=ADVANCED_FACE('',(#2508),#2160,.F.);
#9327=ADVANCED_FACE('',(#2509),#2161,.F.);
#9328=ADVANCED_FACE('',(#2510),#8964,.F.);
#9329=ADVANCED_FACE('',(#2511),#8965,.F.);
#9330=ADVANCED_FACE('',(#2512),#8966,.F.);
#9331=ADVANCED_FACE('',(#2513),#2162,.F.);
#9332=ADVANCED_FACE('',(#2514),#2163,.F.);
#9333=ADVANCED_FACE('',(#2515),#8967,.F.);
#9334=ADVANCED_FACE('',(#2516),#8968,.F.);
#9335=ADVANCED_FACE('',(#2517),#8969,.F.);
#9336=ADVANCED_FACE('',(#2518),#2164,.F.);
#9337=ADVANCED_FACE('',(#2519),#2165,.F.);
#9338=ADVANCED_FACE('',(#2520),#2166,.F.);
#9339=ADVANCED_FACE('',(#2521),#8970,.F.);
#9340=ADVANCED_FACE('',(#2522),#8971,.F.);
#9341=ADVANCED_FACE('',(#2523),#2167,.F.);
#9342=ADVANCED_FACE('',(#2524),#8972,.F.);
#9343=ADVANCED_FACE('',(#2525),#8973,.F.);
#9344=ADVANCED_FACE('',(#2526),#2168,.F.);
#9345=ADVANCED_FACE('',(#2527),#2169,.F.);
#9346=ADVANCED_FACE('',(#2528),#2170,.F.);
#9347=ADVANCED_FACE('',(#2529),#8974,.F.);
#9348=ADVANCED_FACE('',(#2530),#8975,.F.);
#9349=ADVANCED_FACE('',(#2531),#2171,.F.);
#9350=ADVANCED_FACE('',(#2532),#8976,.F.);
#9351=ADVANCED_FACE('',(#2533),#2172,.F.);
#9352=ADVANCED_FACE('',(#2534),#8977,.F.);
#9353=ADVANCED_FACE('',(#2535),#2173,.F.);
#9354=ADVANCED_FACE('',(#2536),#2174,.F.);
#9355=ADVANCED_FACE('',(#2537),#8978,.F.);
#9356=ADVANCED_FACE('',(#2538),#2175,.F.);
#9357=ADVANCED_FACE('',(#2539),#8979,.F.);
#9358=ADVANCED_FACE('',(#2540),#8980,.F.);
#9359=ADVANCED_FACE('',(#2541),#2176,.F.);
#9360=ADVANCED_FACE('',(#2542),#8981,.F.);
#9361=ADVANCED_FACE('',(#2543),#2177,.F.);
#9362=ADVANCED_FACE('',(#2544),#8982,.F.);
#9363=ADVANCED_FACE('',(#2545),#2178,.F.);
#9364=ADVANCED_FACE('',(#2546),#8983,.F.);
#9365=ADVANCED_FACE('',(#2547),#2179,.F.);
#9366=ADVANCED_FACE('',(#2548),#8984,.F.);
#9367=ADVANCED_FACE('',(#2549),#2180,.F.);
#9368=ADVANCED_FACE('',(#2550),#8985,.F.);
#9369=ADVANCED_FACE('',(#2551),#2181,.F.);
#9370=ADVANCED_FACE('',(#2552),#8986,.F.);
#9371=ADVANCED_FACE('',(#2553),#2182,.F.);
#9372=ADVANCED_FACE('',(#2554),#8987,.F.);
#9373=ADVANCED_FACE('',(#2555),#2183,.F.);
#9374=ADVANCED_FACE('',(#2556),#8988,.F.);
#9375=ADVANCED_FACE('',(#2557),#2184,.F.);
#9376=ADVANCED_FACE('',(#2558),#8989,.F.);
#9377=ADVANCED_FACE('',(#2559),#2185,.F.);
#9378=ADVANCED_FACE('',(#2560),#8990,.F.);
#9379=ADVANCED_FACE('',(#2561),#2186,.F.);
#9380=ADVANCED_FACE('',(#2562),#8991,.F.);
#9381=ADVANCED_FACE('',(#2563),#2187,.F.);
#9382=ADVANCED_FACE('',(#2564),#2188,.F.);
#9383=ADVANCED_FACE('',(#2565),#8992,.F.);
#9384=ADVANCED_FACE('',(#2566),#2189,.F.);
#9385=ADVANCED_FACE('',(#2567),#8993,.F.);
#9386=ADVANCED_FACE('',(#2568),#8994,.F.);
#9387=ADVANCED_FACE('',(#2569),#2190,.F.);
#9388=ADVANCED_FACE('',(#2570),#8995,.F.);
#9389=ADVANCED_FACE('',(#2571),#2191,.F.);
#9390=ADVANCED_FACE('',(#2572),#8996,.F.);
#9391=ADVANCED_FACE('',(#2573),#2192,.F.);
#9392=ADVANCED_FACE('',(#2574),#8997,.F.);
#9393=ADVANCED_FACE('',(#2575),#2193,.F.);
#9394=ADVANCED_FACE('',(#2576),#2194,.F.);
#9395=ADVANCED_FACE('',(#2577),#8998,.F.);
#9396=ADVANCED_FACE('',(#2578),#2195,.F.);
#9397=ADVANCED_FACE('',(#2579),#8999,.F.);
#9398=ADVANCED_FACE('',(#2580),#9000,.F.);
#9399=ADVANCED_FACE('',(#2581),#2196,.F.);
#9400=ADVANCED_FACE('',(#2582),#9001,.F.);
#9401=ADVANCED_FACE('',(#2583),#2197,.F.);
#9402=ADVANCED_FACE('',(#2584),#9002,.F.);
#9403=ADVANCED_FACE('',(#2585),#2198,.F.);
#9404=ADVANCED_FACE('',(#2586),#9003,.F.);
#9405=ADVANCED_FACE('',(#2587),#2199,.F.);
#9406=ADVANCED_FACE('',(#2588),#9004,.F.);
#9407=ADVANCED_FACE('',(#2589),#2200,.F.);
#9408=ADVANCED_FACE('',(#2590),#9005,.F.);
#9409=ADVANCED_FACE('',(#2591),#2201,.F.);
#9410=ADVANCED_FACE('',(#2592),#9006,.F.);
#9411=ADVANCED_FACE('',(#2593),#2202,.F.);
#9412=ADVANCED_FACE('',(#2594),#9007,.F.);
#9413=ADVANCED_FACE('',(#2595),#2203,.F.);
#9414=ADVANCED_FACE('',(#2596),#9008,.F.);
#9415=ADVANCED_FACE('',(#2597),#2204,.F.);
#9416=ADVANCED_FACE('',(#2598),#9009,.F.);
#9417=ADVANCED_FACE('',(#2599),#2205,.F.);
#9418=ADVANCED_FACE('',(#2600),#2206,.F.);
#9419=ADVANCED_FACE('',(#2601),#9010,.F.);
#9420=ADVANCED_FACE('',(#2602),#2207,.F.);
#9421=ADVANCED_FACE('',(#2603),#9011,.F.);
#9422=ADVANCED_FACE('',(#2604),#2208,.F.);
#9423=ADVANCED_FACE('',(#2605),#9012,.F.);
#9424=ADVANCED_FACE('',(#2606),#2209,.F.);
#9425=ADVANCED_FACE('',(#2607),#9013,.F.);
#9426=ADVANCED_FACE('',(#2608),#9014,.F.);
#9427=ADVANCED_FACE('',(#2609),#2210,.F.);
#9428=ADVANCED_FACE('',(#2610),#9015,.F.);
#9429=ADVANCED_FACE('',(#2611),#2211,.F.);
#9430=ADVANCED_FACE('',(#2612),#9016,.F.);
#9431=ADVANCED_FACE('',(#2613),#2212,.F.);
#9432=ADVANCED_FACE('',(#2614),#9017,.F.);
#9433=ADVANCED_FACE('',(#2615),#2213,.F.);
#9434=ADVANCED_FACE('',(#2616),#9018,.F.);
#9435=ADVANCED_FACE('',(#2617),#2214,.F.);
#9436=ADVANCED_FACE('',(#2618),#9019,.F.);
#9437=ADVANCED_FACE('',(#2619),#2215,.F.);
#9438=ADVANCED_FACE('',(#2620),#9020,.F.);
#9439=ADVANCED_FACE('',(#2621),#2216,.F.);
#9440=ADVANCED_FACE('',(#2622),#9021,.F.);
#9441=ADVANCED_FACE('',(#2623),#2217,.F.);
#9442=ADVANCED_FACE('',(#2624),#9022,.F.);
#9443=ADVANCED_FACE('',(#2625),#2218,.F.);
#9444=ADVANCED_FACE('',(#2626),#9023,.F.);
#9445=ADVANCED_FACE('',(#2627),#2219,.F.);
#9446=ADVANCED_FACE('',(#2628),#9024,.F.);
#9447=ADVANCED_FACE('',(#2629),#2220,.F.);
#9448=ADVANCED_FACE('',(#2630),#9025,.F.);
#9449=ADVANCED_FACE('',(#2631),#2221,.F.);
#9450=ADVANCED_FACE('',(#2632),#9026,.F.);
#9451=ADVANCED_FACE('',(#2633),#2222,.F.);
#9452=ADVANCED_FACE('',(#2634),#9027,.F.);
#9453=ADVANCED_FACE('',(#2635),#2223,.F.);
#9454=ADVANCED_FACE('',(#2636),#9028,.F.);
#9455=ADVANCED_FACE('',(#2637),#2224,.F.);
#9456=ADVANCED_FACE('',(#2638),#9029,.F.);
#9457=ADVANCED_FACE('',(#2639),#2225,.F.);
#9458=ADVANCED_FACE('',(#2640),#9030,.F.);
#9459=ADVANCED_FACE('',(#2641),#2226,.F.);
#9460=ADVANCED_FACE('',(#2642),#9031,.F.);
#9461=ADVANCED_FACE('',(#2643),#2227,.F.);
#9462=ADVANCED_FACE('',(#2644),#9032,.F.);
#9463=ADVANCED_FACE('',(#2645),#2228,.F.);
#9464=ADVANCED_FACE('',(#2646),#9033,.F.);
#9465=ADVANCED_FACE('',(#2647),#2229,.F.);
#9466=ADVANCED_FACE('',(#2648),#9034,.F.);
#9467=ADVANCED_FACE('',(#2649),#2230,.F.);
#9468=ADVANCED_FACE('',(#2650),#9035,.F.);
#9469=ADVANCED_FACE('',(#2651),#2231,.F.);
#9470=ADVANCED_FACE('',(#2652),#9036,.F.);
#9471=ADVANCED_FACE('',(#2653),#2232,.F.);
#9472=ADVANCED_FACE('',(#2654),#9037,.F.);
#9473=ADVANCED_FACE('',(#2655),#2233,.F.);
#9474=ADVANCED_FACE('',(#2656),#9038,.F.);
#9475=ADVANCED_FACE('',(#2657),#2234,.F.);
#9476=ADVANCED_FACE('',(#2658),#9039,.F.);
#9477=ADVANCED_FACE('',(#2659),#2235,.F.);
#9478=ADVANCED_FACE('',(#2660),#9040,.F.);
#9479=ADVANCED_FACE('',(#2661),#2236,.F.);
#9480=ADVANCED_FACE('',(#2662),#9041,.F.);
#9481=ADVANCED_FACE('',(#2663),#2237,.F.);
#9482=ADVANCED_FACE('',(#2664),#9042,.F.);
#9483=ADVANCED_FACE('',(#2665),#2238,.F.);
#9484=ADVANCED_FACE('',(#2666),#9043,.F.);
#9485=ADVANCED_FACE('',(#2667),#2239,.F.);
#9486=ADVANCED_FACE('',(#2668),#9044,.F.);
#9487=ADVANCED_FACE('',(#2669),#2240,.F.);
#9488=ADVANCED_FACE('',(#2670),#9045,.F.);
#9489=ADVANCED_FACE('',(#2671),#2241,.F.);
#9490=ADVANCED_FACE('',(#2672),#9046,.F.);
#9491=ADVANCED_FACE('',(#2673),#2242,.F.);
#9492=ADVANCED_FACE('',(#2674),#9047,.F.);
#9493=ADVANCED_FACE('',(#2675),#2243,.F.);
#9494=ADVANCED_FACE('',(#2676),#9048,.F.);
#9495=ADVANCED_FACE('',(#2677),#2244,.F.);
#9496=ADVANCED_FACE('',(#2678),#9049,.F.);
#9497=ADVANCED_FACE('',(#2679),#2245,.F.);
#9498=ADVANCED_FACE('',(#2680),#9050,.F.);
#9499=ADVANCED_FACE('',(#2681),#2246,.F.);
#9500=ADVANCED_FACE('',(#2682),#9051,.F.);
#9501=ADVANCED_FACE('',(#2683),#2247,.F.);
#9502=ADVANCED_FACE('',(#2684),#9052,.F.);
#9503=ADVANCED_FACE('',(#2685),#2248,.F.);
#9504=ADVANCED_FACE('',(#2686),#9053,.F.);
#9505=ADVANCED_FACE('',(#2687),#2249,.F.);
#9506=ADVANCED_FACE('',(#2688),#9054,.F.);
#9507=ADVANCED_FACE('',(#2689),#2250,.F.);
#9508=ADVANCED_FACE('',(#2690),#9055,.F.);
#9509=ADVANCED_FACE('',(#2691),#2251,.F.);
#9510=ADVANCED_FACE('',(#2692),#9056,.F.);
#9511=ADVANCED_FACE('',(#2693),#2252,.F.);
#9512=ADVANCED_FACE('',(#2694),#9057,.F.);
#9513=ADVANCED_FACE('',(#2695),#2253,.F.);
#9514=ADVANCED_FACE('',(#2696),#9058,.F.);
#9515=ADVANCED_FACE('',(#2697),#2254,.F.);
#9516=ADVANCED_FACE('',(#2698),#9059,.F.);
#9517=ADVANCED_FACE('',(#2699),#2255,.F.);
#9518=ADVANCED_FACE('',(#2700),#9060,.F.);
#9519=ADVANCED_FACE('',(#2701),#2256,.F.);
#9520=ADVANCED_FACE('',(#2702),#9061,.F.);
#9521=ADVANCED_FACE('',(#2703),#2257,.F.);
#9522=ADVANCED_FACE('',(#2704),#9062,.F.);
#9523=ADVANCED_FACE('',(#2705),#2258,.F.);
#9524=ADVANCED_FACE('',(#2706),#9063,.F.);
#9525=ADVANCED_FACE('',(#2707),#2259,.F.);
#9526=ADVANCED_FACE('',(#2708),#9064,.F.);
#9527=ADVANCED_FACE('',(#2709),#9065,.F.);
#9528=ADVANCED_FACE('',(#2710),#9066,.F.);
#9529=ADVANCED_FACE('',(#2711),#9067,.F.);
#9530=ADVANCED_FACE('',(#2712,#43,#44,#45,#46,#47,#48,#49,#50,#51,#52,#53,
#54,#55,#56,#57,#58,#59,#60,#61,#62,#63,#64,#65,#66,#67,#68,#69,#70),#9068,
 .F.);
#9531=ADVANCED_FACE('',(#2713,#71,#72,#73,#74,#75,#76,#77,#78,#79,#80,#81,
#82,#83,#84,#85,#86,#87,#88,#89,#90),#9069,.F.);
#9532=ADVANCED_FACE('',(#2714),#9070,.F.);
#9533=ADVANCED_FACE('',(#2715,#91,#92,#93,#94,#95,#96,#97,#98,#99,#100,
#101,#102,#103,#104,#105,#106,#107,#108,#109,#110,#111,#112,#113,#114,#115,
#116,#117,#118),#9071,.F.);
#9534=ADVANCED_FACE('',(#2716,#119,#120,#121,#122,#123,#124,#125,#126,#127,
#128,#129,#130,#131,#132,#133,#134,#135,#136,#137,#138,#139,#140,#141,#142),
#9072,.F.);
#9535=ADVANCED_FACE('',(#2717),#9073,.T.);
#9536=ADVANCED_FACE('',(#2718),#17,.T.);
#9537=ADVANCED_FACE('',(#2719),#9074,.T.);
#9538=ADVANCED_FACE('',(#2720),#9075,.T.);
#9539=ADVANCED_FACE('',(#2721),#18,.T.);
#9540=ADVANCED_FACE('',(#2722),#9076,.T.);
#9541=ADVANCED_FACE('',(#2723,#143,#144,#145,#146,#147,#148,#149,#150,#151,
#152,#153,#154,#155,#156,#157,#158,#159,#160,#161,#162,#163,#164,#165,#166,
#167,#168,#169,#170),#9077,.T.);
#9542=ADVANCED_FACE('',(#2724),#2260,.T.);
#9543=ADVANCED_FACE('',(#2725,#171,#172,#173,#174,#175,#176,#177,#178,#179,
#180,#181,#182,#183,#184,#185,#186,#187,#188,#189,#190),#9078,.T.);
#9544=ADVANCED_FACE('',(#2726),#2261,.T.);
#9545=ADVANCED_FACE('',(#2727,#191,#192,#193,#194,#195,#196,#197,#198,#199,
#200,#201,#202,#203,#204,#205,#206,#207,#208,#209,#210,#211,#212,#213,#214,
#215,#216,#217,#218),#9079,.T.);
#9546=ADVANCED_FACE('',(#2728),#2262,.T.);
#9547=ADVANCED_FACE('',(#2729,#219,#220,#221,#222,#223,#224,#225,#226,#227,
#228,#229,#230,#231,#232,#233,#234,#235,#236,#237,#238,#239,#240,#241,#242),
#9080,.T.);
#9548=ADVANCED_FACE('',(#2730),#2263,.T.);
#9549=ADVANCED_FACE('',(#2731,#243),#9081,.F.);
#9550=CLOSED_SHELL('',(#9082,#9083,#9084,#9085,#9086,#9087,#9088,#9089,
#9090,#9091,#9092,#9093,#9094,#9095,#9096,#9097,#9098,#9099,#9100,#9101,
#9102,#9103,#9104,#9105,#9106,#9107,#9108,#9109,#9110,#9111,#9112,#9113,
#9114,#9115,#9116,#9117,#9118,#9119,#9120,#9121,#9122,#9123,#9124,#9125,
#9126,#9127,#9128,#9129,#9130,#9131,#9132,#9133,#9134,#9135,#9136,#9137,
#9138,#9139,#9140,#9141,#9142,#9143,#9144,#9145,#9146,#9147,#9148,#9149,
#9150,#9151,#9152,#9153,#9154,#9155,#9156,#9157,#9158,#9159,#9160,#9161,
#9162,#9163,#9164,#9165,#9166,#9167,#9168,#9169,#9170,#9171,#9172,#9173,
#9174,#9175,#9176,#9177,#9178,#9179,#9180,#9181,#9182,#9183,#9184,#9185,
#9186,#9187,#9188,#9189,#9190,#9191,#9192,#9193,#9194,#9195,#9196,#9197,
#9198,#9199,#9200,#9201,#9202,#9203,#9204,#9205,#9206,#9207,#9208,#9209,
#9210,#9211,#9212,#9213,#9214,#9215,#9216,#9217,#9218,#9219,#9220,#9221,
#9222,#9223,#9224,#9225,#9226,#9227,#9228,#9229,#9230,#9231,#9232,#9233,
#9234,#9235,#9236,#9237,#9238,#9239,#9240,#9241,#9242,#9243,#9244,#9245,
#9246,#9247,#9248,#9249,#9250,#9251,#9252,#9253,#9254,#9255,#9256,#9257,
#9258,#9259,#9260,#9261,#9262,#9263,#9264,#9265,#9266,#9267,#9268,#9269,
#9270,#9271,#9272,#9273,#9274,#9275,#9276,#9277,#9278,#9279,#9280,#9281,
#9282,#9283,#9284,#9285,#9286,#9287,#9288,#9289,#9290,#9291,#9292,#9293,
#9294,#9295,#9296,#9297,#9298,#9299,#9300,#9301,#9302,#9303,#9304,#9305,
#9306,#9307,#9308,#9309,#9310,#9311,#9312,#9313,#9314,#9315,#9316,#9317,
#9318,#9319,#9320,#9321,#9322,#9323,#9324,#9325,#9326,#9327,#9328,#9329,
#9330,#9331,#9332,#9333,#9334,#9335,#9336,#9337,#9338,#9339,#9340,#9341,
#9342,#9343,#9344,#9345,#9346,#9347,#9348,#9349,#9350,#9351,#9352,#9353,
#9354,#9355,#9356,#9357,#9358,#9359,#9360,#9361,#9362,#9363,#9364,#9365,
#9366,#9367,#9368,#9369,#9370,#9371,#9372,#9373,#9374,#9375,#9376,#9377,
#9378,#9379,#9380,#9381,#9382,#9383,#9384,#9385,#9386,#9387,#9388,#9389,
#9390,#9391,#9392,#9393,#9394,#9395,#9396,#9397,#9398,#9399,#9400,#9401,
#9402,#9403,#9404,#9405,#9406,#9407,#9408,#9409,#9410,#9411,#9412,#9413,
#9414,#9415,#9416,#9417,#9418,#9419,#9420,#9421,#9422,#9423,#9424,#9425,
#9426,#9427,#9428,#9429,#9430,#9431,#9432,#9433,#9434,#9435,#9436,#9437,
#9438,#9439,#9440,#9441,#9442,#9443,#9444,#9445,#9446,#9447,#9448,#9449,
#9450,#9451,#9452,#9453,#9454,#9455,#9456,#9457,#9458,#9459,#9460,#9461,
#9462,#9463,#9464,#9465,#9466,#9467,#9468,#9469,#9470,#9471,#9472,#9473,
#9474,#9475,#9476,#9477,#9478,#9479,#9480,#9481,#9482,#9483,#9484,#9485,
#9486,#9487,#9488,#9489,#9490,#9491,#9492,#9493,#9494,#9495,#9496,#9497,
#9498,#9499,#9500,#9501,#9502,#9503,#9504,#9505,#9506,#9507,#9508,#9509,
#9510,#9511,#9512,#9513,#9514,#9515,#9516,#9517,#9518,#9519,#9520,#9521,
#9522,#9523,#9524,#9525,#9526,#9527,#9528,#9529,#9530,#9531,#9532,#9533,
#9534,#9535,#9536,#9537,#9538,#9539,#9540,#9541,#9542,#9543,#9544,#9545,
#9546,#9547,#9548,#9549));
#9551=AXIS2_PLACEMENT_3D('',#13235,#10478,#10479);
#9552=AXIS2_PLACEMENT_3D('',#13236,#10480,#10481);
#9553=AXIS2_PLACEMENT_3D('',#13238,#10482,#10483);
#9554=AXIS2_PLACEMENT_3D('',#13239,#10484,#10485);
#9555=AXIS2_PLACEMENT_3D('',#13241,#10486,#10487);
#9556=AXIS2_PLACEMENT_3D('',#13244,#10489,#10490);
#9557=AXIS2_PLACEMENT_3D('',#13245,#10491,#10492);
#9558=AXIS2_PLACEMENT_3D('',#13247,#10493,#10494);
#9559=AXIS2_PLACEMENT_3D('',#13248,#10495,#10496);
#9560=AXIS2_PLACEMENT_3D('',#13251,#10497,#10498);
#9561=AXIS2_PLACEMENT_3D('',#13255,#10500,#10501);
#9562=AXIS2_PLACEMENT_3D('',#13257,#10503,#10504);
#9563=AXIS2_PLACEMENT_3D('',#13265,#10509,#10510);
#9564=AXIS2_PLACEMENT_3D('',#13273,#10515,#10516);
#9565=AXIS2_PLACEMENT_3D('',#13274,#10517,#10518);
#9566=AXIS2_PLACEMENT_3D('',#13275,#10519,#10520);
#9567=AXIS2_PLACEMENT_3D('',#13278,#10521,#10522);
#9568=AXIS2_PLACEMENT_3D('',#13282,#10524,#10525);
#9569=AXIS2_PLACEMENT_3D('',#13286,#10527,#10528);
#9570=AXIS2_PLACEMENT_3D('',#13290,#10530,#10531);
#9571=AXIS2_PLACEMENT_3D('',#13292,#10533,#10534);
#9572=AXIS2_PLACEMENT_3D('',#13296,#10536,#10537);
#9573=AXIS2_PLACEMENT_3D('',#13300,#10539,#10540);
#9574=AXIS2_PLACEMENT_3D('',#13302,#10541,#10542);
#9575=AXIS2_PLACEMENT_3D('',#13304,#10543,#10544);
#9576=AXIS2_PLACEMENT_3D('',#13306,#10545,#10546);
#9577=AXIS2_PLACEMENT_3D('',#13308,#10547,#10548);
#9578=AXIS2_PLACEMENT_3D('',#13309,#10549,#10550);
#9579=AXIS2_PLACEMENT_3D('',#13310,#10551,#10552);
#9580=AXIS2_PLACEMENT_3D('',#13313,#10553,#10554);
#9581=AXIS2_PLACEMENT_3D('',#13315,#10555,#10556);
#9582=AXIS2_PLACEMENT_3D('',#13317,#10557,#10558);
#9583=AXIS2_PLACEMENT_3D('',#13321,#10560,#10561);
#9584=AXIS2_PLACEMENT_3D('',#13323,#10563,#10564);
#9585=AXIS2_PLACEMENT_3D('',#13329,#10568,#10569);
#9586=AXIS2_PLACEMENT_3D('',#13331,#10571,#10572);
#9587=AXIS2_PLACEMENT_3D('',#13337,#10576,#10577);
#9588=AXIS2_PLACEMENT_3D('',#13338,#10578,#10579);
#9589=AXIS2_PLACEMENT_3D('',#13339,#10580,#10581);
#9590=AXIS2_PLACEMENT_3D('',#13343,#10583,#10584);
#9591=AXIS2_PLACEMENT_3D('',#13347,#10586,#10587);
#9592=AXIS2_PLACEMENT_3D('',#13349,#10588,#10589);
#9593=AXIS2_PLACEMENT_3D('',#13351,#10590,#10591);
#9594=AXIS2_PLACEMENT_3D('',#13353,#10592,#10593);
#9595=AXIS2_PLACEMENT_3D('',#13355,#10594,#10595);
#9596=AXIS2_PLACEMENT_3D('',#13358,#10597,#10598);
#9597=AXIS2_PLACEMENT_3D('',#13359,#10599,#10600);
#9598=AXIS2_PLACEMENT_3D('',#13363,#10602,#10603);
#9599=AXIS2_PLACEMENT_3D('',#13365,#10605,#10606);
#9600=AXIS2_PLACEMENT_3D('',#13368,#10607,#10608);
#9601=AXIS2_PLACEMENT_3D('',#13372,#10610,#10611);
#9602=AXIS2_PLACEMENT_3D('',#13374,#10613,#10614);
#9603=AXIS2_PLACEMENT_3D('',#13382,#10619,#10620);
#9604=AXIS2_PLACEMENT_3D('',#13390,#10625,#10626);
#9605=AXIS2_PLACEMENT_3D('',#13391,#10627,#10628);
#9606=AXIS2_PLACEMENT_3D('',#13392,#10629,#10630);
#9607=AXIS2_PLACEMENT_3D('',#13396,#10632,#10633);
#9608=AXIS2_PLACEMENT_3D('',#13398,#10635,#10636);
#9609=AXIS2_PLACEMENT_3D('',#13402,#10638,#10639);
#9610=AXIS2_PLACEMENT_3D('',#13406,#10641,#10642);
#9611=AXIS2_PLACEMENT_3D('',#13408,#10643,#10644);
#9612=AXIS2_PLACEMENT_3D('',#13410,#10645,#10646);
#9613=AXIS2_PLACEMENT_3D('',#13412,#10647,#10648);
#9614=AXIS2_PLACEMENT_3D('',#13414,#10649,#10650);
#9615=AXIS2_PLACEMENT_3D('',#13415,#10651,#10652);
#9616=AXIS2_PLACEMENT_3D('',#13416,#10653,#10654);
#9617=AXIS2_PLACEMENT_3D('',#13419,#10655,#10656);
#9618=AXIS2_PLACEMENT_3D('',#13423,#10658,#10659);
#9619=AXIS2_PLACEMENT_3D('',#13425,#10661,#10662);
#9620=AXIS2_PLACEMENT_3D('',#13433,#10667,#10668);
#9621=AXIS2_PLACEMENT_3D('',#13441,#10673,#10674);
#9622=AXIS2_PLACEMENT_3D('',#13442,#10675,#10676);
#9623=AXIS2_PLACEMENT_3D('',#13443,#10677,#10678);
#9624=AXIS2_PLACEMENT_3D('',#13447,#10680,#10681);
#9625=AXIS2_PLACEMENT_3D('',#13451,#10683,#10684);
#9626=AXIS2_PLACEMENT_3D('',#13453,#10685,#10686);
#9627=AXIS2_PLACEMENT_3D('',#13455,#10687,#10688);
#9628=AXIS2_PLACEMENT_3D('',#13457,#10689,#10690);
#9629=AXIS2_PLACEMENT_3D('',#13459,#10691,#10692);
#9630=AXIS2_PLACEMENT_3D('',#13460,#10693,#10694);
#9631=AXIS2_PLACEMENT_3D('',#13461,#10695,#10696);
#9632=AXIS2_PLACEMENT_3D('',#13464,#10699,#10700);
#9633=AXIS2_PLACEMENT_3D('',#13465,#10701,#10702);
#9634=AXIS2_PLACEMENT_3D('',#13467,#10704,#10705);
#9635=AXIS2_PLACEMENT_3D('',#13468,#10706,#10707);
#9636=AXIS2_PLACEMENT_3D('',#13471,#10710,#10711);
#9637=AXIS2_PLACEMENT_3D('',#13473,#10713,#10714);
#9638=AXIS2_PLACEMENT_3D('',#13478,#10718,#10719);
#9639=AXIS2_PLACEMENT_3D('',#13480,#10721,#10722);
#9640=AXIS2_PLACEMENT_3D('',#13482,#10724,#10725);
#9641=AXIS2_PLACEMENT_3D('',#13485,#10728,#10729);
#9642=AXIS2_PLACEMENT_3D('',#13487,#10731,#10732);
#9643=AXIS2_PLACEMENT_3D('',#13488,#10733,#10734);
#9644=AXIS2_PLACEMENT_3D('',#13489,#10735,#10736);
#9645=AXIS2_PLACEMENT_3D('',#13490,#10737,#10738);
#9646=AXIS2_PLACEMENT_3D('',#13491,#10739,#10740);
#9647=AXIS2_PLACEMENT_3D('',#13492,#10741,#10742);
#9648=AXIS2_PLACEMENT_3D('',#13493,#10743,#10744);
#9649=AXIS2_PLACEMENT_3D('',#13502,#10749,#10750);
#9650=AXIS2_PLACEMENT_3D('',#13511,#10755,#10756);
#9651=AXIS2_PLACEMENT_3D('',#13513,#10757,#10758);
#9652=AXIS2_PLACEMENT_3D('',#13516,#10760,#10761);
#9653=AXIS2_PLACEMENT_3D('',#13517,#10762,#10763);
#9654=AXIS2_PLACEMENT_3D('',#13519,#10764,#10765);
#9655=AXIS2_PLACEMENT_3D('',#13521,#10766,#10767);
#9656=AXIS2_PLACEMENT_3D('',#13523,#10769,#10770);
#9657=AXIS2_PLACEMENT_3D('',#13525,#10771,#10772);
#9658=AXIS2_PLACEMENT_3D('',#13527,#10773,#10774);
#9659=AXIS2_PLACEMENT_3D('',#13529,#10776,#10777);
#9660=AXIS2_PLACEMENT_3D('',#13532,#10780,#10781);
#9661=AXIS2_PLACEMENT_3D('',#13538,#10785,#10786);
#9662=AXIS2_PLACEMENT_3D('',#13539,#10787,#10788);
#9663=AXIS2_PLACEMENT_3D('',#13540,#10789,#10790);
#9664=AXIS2_PLACEMENT_3D('',#13541,#10791,#10792);
#9665=AXIS2_PLACEMENT_3D('',#13550,#10797,#10798);
#9666=AXIS2_PLACEMENT_3D('',#13559,#10803,#10804);
#9667=AXIS2_PLACEMENT_3D('',#13561,#10805,#10806);
#9668=AXIS2_PLACEMENT_3D('',#13564,#10808,#10809);
#9669=AXIS2_PLACEMENT_3D('',#13565,#10810,#10811);
#9670=AXIS2_PLACEMENT_3D('',#13567,#10812,#10813);
#9671=AXIS2_PLACEMENT_3D('',#13569,#10814,#10815);
#9672=AXIS2_PLACEMENT_3D('',#13571,#10817,#10818);
#9673=AXIS2_PLACEMENT_3D('',#13573,#10819,#10820);
#9674=AXIS2_PLACEMENT_3D('',#13575,#10821,#10822);
#9675=AXIS2_PLACEMENT_3D('',#13577,#10824,#10825);
#9676=AXIS2_PLACEMENT_3D('',#13580,#10828,#10829);
#9677=AXIS2_PLACEMENT_3D('',#13586,#10833,#10834);
#9678=AXIS2_PLACEMENT_3D('',#13587,#10835,#10836);
#9679=AXIS2_PLACEMENT_3D('',#13588,#10837,#10838);
#9680=AXIS2_PLACEMENT_3D('',#13589,#10839,#10840);
#9681=AXIS2_PLACEMENT_3D('',#13592,#10841,#10842);
#9682=AXIS2_PLACEMENT_3D('',#13596,#10844,#10845);
#9683=AXIS2_PLACEMENT_3D('',#13598,#10847,#10848);
#9684=AXIS2_PLACEMENT_3D('',#13601,#10849,#10850);
#9685=AXIS2_PLACEMENT_3D('',#13605,#10852,#10853);
#9686=AXIS2_PLACEMENT_3D('',#13607,#10855,#10856);
#9687=AXIS2_PLACEMENT_3D('',#13613,#10860,#10861);
#9688=AXIS2_PLACEMENT_3D('',#13619,#10865,#10866);
#9689=AXIS2_PLACEMENT_3D('',#13625,#10870,#10871);
#9690=AXIS2_PLACEMENT_3D('',#13626,#10872,#10873);
#9691=AXIS2_PLACEMENT_3D('',#13627,#10874,#10875);
#9692=AXIS2_PLACEMENT_3D('',#13628,#10876,#10877);
#9693=AXIS2_PLACEMENT_3D('',#13630,#10878,#10879);
#9694=AXIS2_PLACEMENT_3D('',#13632,#10880,#10881);
#9695=AXIS2_PLACEMENT_3D('',#13634,#10883,#10884);
#9696=AXIS2_PLACEMENT_3D('',#13637,#10887,#10888);
#9697=AXIS2_PLACEMENT_3D('',#13646,#10893,#10894);
#9698=AXIS2_PLACEMENT_3D('',#13655,#10899,#10900);
#9699=AXIS2_PLACEMENT_3D('',#13657,#10901,#10902);
#9700=AXIS2_PLACEMENT_3D('',#13660,#10904,#10905);
#9701=AXIS2_PLACEMENT_3D('',#13661,#10906,#10907);
#9702=AXIS2_PLACEMENT_3D('',#13663,#10908,#10909);
#9703=AXIS2_PLACEMENT_3D('',#13665,#10910,#10911);
#9704=AXIS2_PLACEMENT_3D('',#13667,#10913,#10914);
#9705=AXIS2_PLACEMENT_3D('',#13669,#10915,#10916);
#9706=AXIS2_PLACEMENT_3D('',#13671,#10917,#10918);
#9707=AXIS2_PLACEMENT_3D('',#13673,#10920,#10921);
#9708=AXIS2_PLACEMENT_3D('',#13676,#10924,#10925);
#9709=AXIS2_PLACEMENT_3D('',#13682,#10929,#10930);
#9710=AXIS2_PLACEMENT_3D('',#13683,#10931,#10932);
#9711=AXIS2_PLACEMENT_3D('',#13684,#10933,#10934);
#9712=AXIS2_PLACEMENT_3D('',#13685,#10935,#10936);
#9713=AXIS2_PLACEMENT_3D('',#13688,#10937,#10938);
#9714=AXIS2_PLACEMENT_3D('',#13692,#10940,#10941);
#9715=AXIS2_PLACEMENT_3D('',#13694,#10943,#10944);
#9716=AXIS2_PLACEMENT_3D('',#13697,#10945,#10946);
#9717=AXIS2_PLACEMENT_3D('',#13701,#10948,#10949);
#9718=AXIS2_PLACEMENT_3D('',#13703,#10951,#10952);
#9719=AXIS2_PLACEMENT_3D('',#13709,#10956,#10957);
#9720=AXIS2_PLACEMENT_3D('',#13715,#10961,#10962);
#9721=AXIS2_PLACEMENT_3D('',#13721,#10966,#10967);
#9722=AXIS2_PLACEMENT_3D('',#13722,#10968,#10969);
#9723=AXIS2_PLACEMENT_3D('',#13723,#10970,#10971);
#9724=AXIS2_PLACEMENT_3D('',#13724,#10972,#10973);
#9725=AXIS2_PLACEMENT_3D('',#13726,#10974,#10975);
#9726=AXIS2_PLACEMENT_3D('',#13728,#10976,#10977);
#9727=AXIS2_PLACEMENT_3D('',#13730,#10979,#10980);
#9728=AXIS2_PLACEMENT_3D('',#13733,#10983,#10984);
#9729=AXIS2_PLACEMENT_3D('',#13736,#10985,#10986);
#9730=AXIS2_PLACEMENT_3D('',#13740,#10988,#10989);
#9731=AXIS2_PLACEMENT_3D('',#13742,#10991,#10992);
#9732=AXIS2_PLACEMENT_3D('',#13745,#10993,#10994);
#9733=AXIS2_PLACEMENT_3D('',#13749,#10996,#10997);
#9734=AXIS2_PLACEMENT_3D('',#13751,#10999,#11000);
#9735=AXIS2_PLACEMENT_3D('',#13757,#11004,#11005);
#9736=AXIS2_PLACEMENT_3D('',#13763,#11009,#11010);
#9737=AXIS2_PLACEMENT_3D('',#13769,#11014,#11015);
#9738=AXIS2_PLACEMENT_3D('',#13770,#11016,#11017);
#9739=AXIS2_PLACEMENT_3D('',#13771,#11018,#11019);
#9740=AXIS2_PLACEMENT_3D('',#13772,#11020,#11021);
#9741=AXIS2_PLACEMENT_3D('',#13774,#11022,#11023);
#9742=AXIS2_PLACEMENT_3D('',#13776,#11024,#11025);
#9743=AXIS2_PLACEMENT_3D('',#13778,#11027,#11028);
#9744=AXIS2_PLACEMENT_3D('',#13781,#11031,#11032);
#9745=AXIS2_PLACEMENT_3D('',#13784,#11033,#11034);
#9746=AXIS2_PLACEMENT_3D('',#13788,#11036,#11037);
#9747=AXIS2_PLACEMENT_3D('',#13790,#11039,#11040);
#9748=AXIS2_PLACEMENT_3D('',#13793,#11041,#11042);
#9749=AXIS2_PLACEMENT_3D('',#13797,#11044,#11045);
#9750=AXIS2_PLACEMENT_3D('',#13799,#11047,#11048);
#9751=AXIS2_PLACEMENT_3D('',#13805,#11052,#11053);
#9752=AXIS2_PLACEMENT_3D('',#13811,#11057,#11058);
#9753=AXIS2_PLACEMENT_3D('',#13817,#11062,#11063);
#9754=AXIS2_PLACEMENT_3D('',#13818,#11064,#11065);
#9755=AXIS2_PLACEMENT_3D('',#13819,#11066,#11067);
#9756=AXIS2_PLACEMENT_3D('',#13820,#11068,#11069);
#9757=AXIS2_PLACEMENT_3D('',#13822,#11070,#11071);
#9758=AXIS2_PLACEMENT_3D('',#13824,#11072,#11073);
#9759=AXIS2_PLACEMENT_3D('',#13826,#11075,#11076);
#9760=AXIS2_PLACEMENT_3D('',#13829,#11079,#11080);
#9761=AXIS2_PLACEMENT_3D('',#13832,#11081,#11082);
#9762=AXIS2_PLACEMENT_3D('',#13836,#11084,#11085);
#9763=AXIS2_PLACEMENT_3D('',#13838,#11087,#11088);
#9764=AXIS2_PLACEMENT_3D('',#13841,#11089,#11090);
#9765=AXIS2_PLACEMENT_3D('',#13845,#11092,#11093);
#9766=AXIS2_PLACEMENT_3D('',#13847,#11095,#11096);
#9767=AXIS2_PLACEMENT_3D('',#13853,#11100,#11101);
#9768=AXIS2_PLACEMENT_3D('',#13859,#11105,#11106);
#9769=AXIS2_PLACEMENT_3D('',#13865,#11110,#11111);
#9770=AXIS2_PLACEMENT_3D('',#13866,#11112,#11113);
#9771=AXIS2_PLACEMENT_3D('',#13867,#11114,#11115);
#9772=AXIS2_PLACEMENT_3D('',#13868,#11116,#11117);
#9773=AXIS2_PLACEMENT_3D('',#13870,#11118,#11119);
#9774=AXIS2_PLACEMENT_3D('',#13872,#11120,#11121);
#9775=AXIS2_PLACEMENT_3D('',#13874,#11123,#11124);
#9776=AXIS2_PLACEMENT_3D('',#13877,#11127,#11128);
#9777=AXIS2_PLACEMENT_3D('',#13880,#11129,#11130);
#9778=AXIS2_PLACEMENT_3D('',#13884,#11132,#11133);
#9779=AXIS2_PLACEMENT_3D('',#13886,#11135,#11136);
#9780=AXIS2_PLACEMENT_3D('',#13889,#11137,#11138);
#9781=AXIS2_PLACEMENT_3D('',#13893,#11140,#11141);
#9782=AXIS2_PLACEMENT_3D('',#13895,#11143,#11144);
#9783=AXIS2_PLACEMENT_3D('',#13901,#11148,#11149);
#9784=AXIS2_PLACEMENT_3D('',#13907,#11153,#11154);
#9785=AXIS2_PLACEMENT_3D('',#13913,#11158,#11159);
#9786=AXIS2_PLACEMENT_3D('',#13914,#11160,#11161);
#9787=AXIS2_PLACEMENT_3D('',#13915,#11162,#11163);
#9788=AXIS2_PLACEMENT_3D('',#13916,#11164,#11165);
#9789=AXIS2_PLACEMENT_3D('',#13918,#11166,#11167);
#9790=AXIS2_PLACEMENT_3D('',#13920,#11168,#11169);
#9791=AXIS2_PLACEMENT_3D('',#13922,#11171,#11172);
#9792=AXIS2_PLACEMENT_3D('',#13925,#11175,#11176);
#9793=AXIS2_PLACEMENT_3D('',#13928,#11177,#11178);
#9794=AXIS2_PLACEMENT_3D('',#13932,#11180,#11181);
#9795=AXIS2_PLACEMENT_3D('',#13934,#11183,#11184);
#9796=AXIS2_PLACEMENT_3D('',#13937,#11185,#11186);
#9797=AXIS2_PLACEMENT_3D('',#13941,#11188,#11189);
#9798=AXIS2_PLACEMENT_3D('',#13943,#11191,#11192);
#9799=AXIS2_PLACEMENT_3D('',#13949,#11196,#11197);
#9800=AXIS2_PLACEMENT_3D('',#13955,#11201,#11202);
#9801=AXIS2_PLACEMENT_3D('',#13961,#11206,#11207);
#9802=AXIS2_PLACEMENT_3D('',#13962,#11208,#11209);
#9803=AXIS2_PLACEMENT_3D('',#13963,#11210,#11211);
#9804=AXIS2_PLACEMENT_3D('',#13964,#11212,#11213);
#9805=AXIS2_PLACEMENT_3D('',#13966,#11214,#11215);
#9806=AXIS2_PLACEMENT_3D('',#13968,#11216,#11217);
#9807=AXIS2_PLACEMENT_3D('',#13970,#11219,#11220);
#9808=AXIS2_PLACEMENT_3D('',#13973,#11223,#11224);
#9809=AXIS2_PLACEMENT_3D('',#13982,#11229,#11230);
#9810=AXIS2_PLACEMENT_3D('',#13991,#11235,#11236);
#9811=AXIS2_PLACEMENT_3D('',#13993,#11237,#11238);
#9812=AXIS2_PLACEMENT_3D('',#13996,#11240,#11241);
#9813=AXIS2_PLACEMENT_3D('',#13997,#11242,#11243);
#9814=AXIS2_PLACEMENT_3D('',#13999,#11244,#11245);
#9815=AXIS2_PLACEMENT_3D('',#14001,#11246,#11247);
#9816=AXIS2_PLACEMENT_3D('',#14003,#11249,#11250);
#9817=AXIS2_PLACEMENT_3D('',#14005,#11251,#11252);
#9818=AXIS2_PLACEMENT_3D('',#14007,#11253,#11254);
#9819=AXIS2_PLACEMENT_3D('',#14009,#11256,#11257);
#9820=AXIS2_PLACEMENT_3D('',#14012,#11260,#11261);
#9821=AXIS2_PLACEMENT_3D('',#14018,#11265,#11266);
#9822=AXIS2_PLACEMENT_3D('',#14019,#11267,#11268);
#9823=AXIS2_PLACEMENT_3D('',#14020,#11269,#11270);
#9824=AXIS2_PLACEMENT_3D('',#14021,#11271,#11272);
#9825=AXIS2_PLACEMENT_3D('',#14024,#11273,#11274);
#9826=AXIS2_PLACEMENT_3D('',#14028,#11276,#11277);
#9827=AXIS2_PLACEMENT_3D('',#14030,#11279,#11280);
#9828=AXIS2_PLACEMENT_3D('',#14033,#11281,#11282);
#9829=AXIS2_PLACEMENT_3D('',#14037,#11284,#11285);
#9830=AXIS2_PLACEMENT_3D('',#14039,#11287,#11288);
#9831=AXIS2_PLACEMENT_3D('',#14045,#11292,#11293);
#9832=AXIS2_PLACEMENT_3D('',#14051,#11297,#11298);
#9833=AXIS2_PLACEMENT_3D('',#14057,#11302,#11303);
#9834=AXIS2_PLACEMENT_3D('',#14058,#11304,#11305);
#9835=AXIS2_PLACEMENT_3D('',#14059,#11306,#11307);
#9836=AXIS2_PLACEMENT_3D('',#14060,#11308,#11309);
#9837=AXIS2_PLACEMENT_3D('',#14062,#11310,#11311);
#9838=AXIS2_PLACEMENT_3D('',#14064,#11312,#11313);
#9839=AXIS2_PLACEMENT_3D('',#14066,#11315,#11316);
#9840=AXIS2_PLACEMENT_3D('',#14069,#11319,#11320);
#9841=AXIS2_PLACEMENT_3D('',#14078,#11325,#11326);
#9842=AXIS2_PLACEMENT_3D('',#14087,#11331,#11332);
#9843=AXIS2_PLACEMENT_3D('',#14089,#11333,#11334);
#9844=AXIS2_PLACEMENT_3D('',#14092,#11336,#11337);
#9845=AXIS2_PLACEMENT_3D('',#14093,#11338,#11339);
#9846=AXIS2_PLACEMENT_3D('',#14095,#11340,#11341);
#9847=AXIS2_PLACEMENT_3D('',#14097,#11342,#11343);
#9848=AXIS2_PLACEMENT_3D('',#14099,#11345,#11346);
#9849=AXIS2_PLACEMENT_3D('',#14101,#11347,#11348);
#9850=AXIS2_PLACEMENT_3D('',#14103,#11349,#11350);
#9851=AXIS2_PLACEMENT_3D('',#14105,#11352,#11353);
#9852=AXIS2_PLACEMENT_3D('',#14108,#11356,#11357);
#9853=AXIS2_PLACEMENT_3D('',#14114,#11361,#11362);
#9854=AXIS2_PLACEMENT_3D('',#14115,#11363,#11364);
#9855=AXIS2_PLACEMENT_3D('',#14116,#11365,#11366);
#9856=AXIS2_PLACEMENT_3D('',#14117,#11367,#11368);
#9857=AXIS2_PLACEMENT_3D('',#14126,#11373,#11374);
#9858=AXIS2_PLACEMENT_3D('',#14135,#11379,#11380);
#9859=AXIS2_PLACEMENT_3D('',#14137,#11381,#11382);
#9860=AXIS2_PLACEMENT_3D('',#14140,#11384,#11385);
#9861=AXIS2_PLACEMENT_3D('',#14141,#11386,#11387);
#9862=AXIS2_PLACEMENT_3D('',#14143,#11388,#11389);
#9863=AXIS2_PLACEMENT_3D('',#14145,#11390,#11391);
#9864=AXIS2_PLACEMENT_3D('',#14147,#11393,#11394);
#9865=AXIS2_PLACEMENT_3D('',#14149,#11395,#11396);
#9866=AXIS2_PLACEMENT_3D('',#14151,#11397,#11398);
#9867=AXIS2_PLACEMENT_3D('',#14153,#11400,#11401);
#9868=AXIS2_PLACEMENT_3D('',#14156,#11404,#11405);
#9869=AXIS2_PLACEMENT_3D('',#14162,#11409,#11410);
#9870=AXIS2_PLACEMENT_3D('',#14163,#11411,#11412);
#9871=AXIS2_PLACEMENT_3D('',#14164,#11413,#11414);
#9872=AXIS2_PLACEMENT_3D('',#14165,#11415,#11416);
#9873=AXIS2_PLACEMENT_3D('',#14174,#11421,#11422);
#9874=AXIS2_PLACEMENT_3D('',#14183,#11427,#11428);
#9875=AXIS2_PLACEMENT_3D('',#14185,#11429,#11430);
#9876=AXIS2_PLACEMENT_3D('',#14188,#11432,#11433);
#9877=AXIS2_PLACEMENT_3D('',#14189,#11434,#11435);
#9878=AXIS2_PLACEMENT_3D('',#14191,#11436,#11437);
#9879=AXIS2_PLACEMENT_3D('',#14193,#11438,#11439);
#9880=AXIS2_PLACEMENT_3D('',#14195,#11441,#11442);
#9881=AXIS2_PLACEMENT_3D('',#14197,#11443,#11444);
#9882=AXIS2_PLACEMENT_3D('',#14199,#11445,#11446);
#9883=AXIS2_PLACEMENT_3D('',#14201,#11448,#11449);
#9884=AXIS2_PLACEMENT_3D('',#14204,#11452,#11453);
#9885=AXIS2_PLACEMENT_3D('',#14210,#11457,#11458);
#9886=AXIS2_PLACEMENT_3D('',#14211,#11459,#11460);
#9887=AXIS2_PLACEMENT_3D('',#14212,#11461,#11462);
#9888=AXIS2_PLACEMENT_3D('',#14213,#11463,#11464);
#9889=AXIS2_PLACEMENT_3D('',#14216,#11465,#11466);
#9890=AXIS2_PLACEMENT_3D('',#14220,#11468,#11469);
#9891=AXIS2_PLACEMENT_3D('',#14222,#11471,#11472);
#9892=AXIS2_PLACEMENT_3D('',#14225,#11473,#11474);
#9893=AXIS2_PLACEMENT_3D('',#14229,#11476,#11477);
#9894=AXIS2_PLACEMENT_3D('',#14231,#11479,#11480);
#9895=AXIS2_PLACEMENT_3D('',#14237,#11484,#11485);
#9896=AXIS2_PLACEMENT_3D('',#14243,#11489,#11490);
#9897=AXIS2_PLACEMENT_3D('',#14249,#11494,#11495);
#9898=AXIS2_PLACEMENT_3D('',#14250,#11496,#11497);
#9899=AXIS2_PLACEMENT_3D('',#14251,#11498,#11499);
#9900=AXIS2_PLACEMENT_3D('',#14252,#11500,#11501);
#9901=AXIS2_PLACEMENT_3D('',#14254,#11502,#11503);
#9902=AXIS2_PLACEMENT_3D('',#14256,#11504,#11505);
#9903=AXIS2_PLACEMENT_3D('',#14258,#11507,#11508);
#9904=AXIS2_PLACEMENT_3D('',#14261,#11511,#11512);
#9905=AXIS2_PLACEMENT_3D('',#14264,#11513,#11514);
#9906=AXIS2_PLACEMENT_3D('',#14268,#11516,#11517);
#9907=AXIS2_PLACEMENT_3D('',#14270,#11519,#11520);
#9908=AXIS2_PLACEMENT_3D('',#14273,#11521,#11522);
#9909=AXIS2_PLACEMENT_3D('',#14277,#11524,#11525);
#9910=AXIS2_PLACEMENT_3D('',#14279,#11527,#11528);
#9911=AXIS2_PLACEMENT_3D('',#14285,#11532,#11533);
#9912=AXIS2_PLACEMENT_3D('',#14291,#11537,#11538);
#9913=AXIS2_PLACEMENT_3D('',#14297,#11542,#11543);
#9914=AXIS2_PLACEMENT_3D('',#14298,#11544,#11545);
#9915=AXIS2_PLACEMENT_3D('',#14299,#11546,#11547);
#9916=AXIS2_PLACEMENT_3D('',#14300,#11548,#11549);
#9917=AXIS2_PLACEMENT_3D('',#14302,#11550,#11551);
#9918=AXIS2_PLACEMENT_3D('',#14304,#11552,#11553);
#9919=AXIS2_PLACEMENT_3D('',#14306,#11555,#11556);
#9920=AXIS2_PLACEMENT_3D('',#14309,#11559,#11560);
#9921=AXIS2_PLACEMENT_3D('',#14312,#11561,#11562);
#9922=AXIS2_PLACEMENT_3D('',#14316,#11564,#11565);
#9923=AXIS2_PLACEMENT_3D('',#14318,#11567,#11568);
#9924=AXIS2_PLACEMENT_3D('',#14321,#11569,#11570);
#9925=AXIS2_PLACEMENT_3D('',#14325,#11572,#11573);
#9926=AXIS2_PLACEMENT_3D('',#14327,#11575,#11576);
#9927=AXIS2_PLACEMENT_3D('',#14333,#11580,#11581);
#9928=AXIS2_PLACEMENT_3D('',#14339,#11585,#11586);
#9929=AXIS2_PLACEMENT_3D('',#14345,#11590,#11591);
#9930=AXIS2_PLACEMENT_3D('',#14346,#11592,#11593);
#9931=AXIS2_PLACEMENT_3D('',#14347,#11594,#11595);
#9932=AXIS2_PLACEMENT_3D('',#14348,#11596,#11597);
#9933=AXIS2_PLACEMENT_3D('',#14350,#11598,#11599);
#9934=AXIS2_PLACEMENT_3D('',#14352,#11600,#11601);
#9935=AXIS2_PLACEMENT_3D('',#14354,#11603,#11604);
#9936=AXIS2_PLACEMENT_3D('',#14357,#11607,#11608);
#9937=AXIS2_PLACEMENT_3D('',#14360,#11609,#11610);
#9938=AXIS2_PLACEMENT_3D('',#14364,#11612,#11613);
#9939=AXIS2_PLACEMENT_3D('',#14366,#11615,#11616);
#9940=AXIS2_PLACEMENT_3D('',#14369,#11617,#11618);
#9941=AXIS2_PLACEMENT_3D('',#14373,#11620,#11621);
#9942=AXIS2_PLACEMENT_3D('',#14375,#11623,#11624);
#9943=AXIS2_PLACEMENT_3D('',#14381,#11628,#11629);
#9944=AXIS2_PLACEMENT_3D('',#14387,#11633,#11634);
#9945=AXIS2_PLACEMENT_3D('',#14393,#11638,#11639);
#9946=AXIS2_PLACEMENT_3D('',#14394,#11640,#11641);
#9947=AXIS2_PLACEMENT_3D('',#14395,#11642,#11643);
#9948=AXIS2_PLACEMENT_3D('',#14396,#11644,#11645);
#9949=AXIS2_PLACEMENT_3D('',#14398,#11646,#11647);
#9950=AXIS2_PLACEMENT_3D('',#14400,#11648,#11649);
#9951=AXIS2_PLACEMENT_3D('',#14402,#11651,#11652);
#9952=AXIS2_PLACEMENT_3D('',#14405,#11655,#11656);
#9953=AXIS2_PLACEMENT_3D('',#14408,#11657,#11658);
#9954=AXIS2_PLACEMENT_3D('',#14412,#11660,#11661);
#9955=AXIS2_PLACEMENT_3D('',#14414,#11663,#11664);
#9956=AXIS2_PLACEMENT_3D('',#14417,#11665,#11666);
#9957=AXIS2_PLACEMENT_3D('',#14421,#11668,#11669);
#9958=AXIS2_PLACEMENT_3D('',#14423,#11671,#11672);
#9959=AXIS2_PLACEMENT_3D('',#14429,#11676,#11677);
#9960=AXIS2_PLACEMENT_3D('',#14435,#11681,#11682);
#9961=AXIS2_PLACEMENT_3D('',#14441,#11686,#11687);
#9962=AXIS2_PLACEMENT_3D('',#14442,#11688,#11689);
#9963=AXIS2_PLACEMENT_3D('',#14443,#11690,#11691);
#9964=AXIS2_PLACEMENT_3D('',#14444,#11692,#11693);
#9965=AXIS2_PLACEMENT_3D('',#14446,#11694,#11695);
#9966=AXIS2_PLACEMENT_3D('',#14448,#11696,#11697);
#9967=AXIS2_PLACEMENT_3D('',#14450,#11699,#11700);
#9968=AXIS2_PLACEMENT_3D('',#14453,#11703,#11704);
#9969=AXIS2_PLACEMENT_3D('',#14462,#11709,#11710);
#9970=AXIS2_PLACEMENT_3D('',#14471,#11715,#11716);
#9971=AXIS2_PLACEMENT_3D('',#14473,#11717,#11718);
#9972=AXIS2_PLACEMENT_3D('',#14476,#11720,#11721);
#9973=AXIS2_PLACEMENT_3D('',#14477,#11722,#11723);
#9974=AXIS2_PLACEMENT_3D('',#14479,#11724,#11725);
#9975=AXIS2_PLACEMENT_3D('',#14481,#11726,#11727);
#9976=AXIS2_PLACEMENT_3D('',#14483,#11729,#11730);
#9977=AXIS2_PLACEMENT_3D('',#14485,#11731,#11732);
#9978=AXIS2_PLACEMENT_3D('',#14487,#11733,#11734);
#9979=AXIS2_PLACEMENT_3D('',#14489,#11736,#11737);
#9980=AXIS2_PLACEMENT_3D('',#14492,#11740,#11741);
#9981=AXIS2_PLACEMENT_3D('',#14498,#11745,#11746);
#9982=AXIS2_PLACEMENT_3D('',#14499,#11747,#11748);
#9983=AXIS2_PLACEMENT_3D('',#14500,#11749,#11750);
#9984=AXIS2_PLACEMENT_3D('',#14501,#11751,#11752);
#9985=AXIS2_PLACEMENT_3D('',#14504,#11753,#11754);
#9986=AXIS2_PLACEMENT_3D('',#14508,#11756,#11757);
#9987=AXIS2_PLACEMENT_3D('',#14510,#11759,#11760);
#9988=AXIS2_PLACEMENT_3D('',#14513,#11761,#11762);
#9989=AXIS2_PLACEMENT_3D('',#14517,#11764,#11765);
#9990=AXIS2_PLACEMENT_3D('',#14519,#11767,#11768);
#9991=AXIS2_PLACEMENT_3D('',#14525,#11772,#11773);
#9992=AXIS2_PLACEMENT_3D('',#14531,#11777,#11778);
#9993=AXIS2_PLACEMENT_3D('',#14537,#11782,#11783);
#9994=AXIS2_PLACEMENT_3D('',#14538,#11784,#11785);
#9995=AXIS2_PLACEMENT_3D('',#14539,#11786,#11787);
#9996=AXIS2_PLACEMENT_3D('',#14540,#11788,#11789);
#9997=AXIS2_PLACEMENT_3D('',#14542,#11790,#11791);
#9998=AXIS2_PLACEMENT_3D('',#14544,#11792,#11793);
#9999=AXIS2_PLACEMENT_3D('',#14546,#11795,#11796);
#10000=AXIS2_PLACEMENT_3D('',#14549,#11799,#11800);
#10001=AXIS2_PLACEMENT_3D('',#14552,#11801,#11802);
#10002=AXIS2_PLACEMENT_3D('',#14556,#11804,#11805);
#10003=AXIS2_PLACEMENT_3D('',#14558,#11807,#11808);
#10004=AXIS2_PLACEMENT_3D('',#14561,#11809,#11810);
#10005=AXIS2_PLACEMENT_3D('',#14565,#11812,#11813);
#10006=AXIS2_PLACEMENT_3D('',#14567,#11815,#11816);
#10007=AXIS2_PLACEMENT_3D('',#14573,#11820,#11821);
#10008=AXIS2_PLACEMENT_3D('',#14579,#11825,#11826);
#10009=AXIS2_PLACEMENT_3D('',#14585,#11830,#11831);
#10010=AXIS2_PLACEMENT_3D('',#14586,#11832,#11833);
#10011=AXIS2_PLACEMENT_3D('',#14587,#11834,#11835);
#10012=AXIS2_PLACEMENT_3D('',#14588,#11836,#11837);
#10013=AXIS2_PLACEMENT_3D('',#14590,#11838,#11839);
#10014=AXIS2_PLACEMENT_3D('',#14592,#11840,#11841);
#10015=AXIS2_PLACEMENT_3D('',#14594,#11843,#11844);
#10016=AXIS2_PLACEMENT_3D('',#14597,#11847,#11848);
#10017=AXIS2_PLACEMENT_3D('',#14600,#11849,#11850);
#10018=AXIS2_PLACEMENT_3D('',#14604,#11852,#11853);
#10019=AXIS2_PLACEMENT_3D('',#14606,#11855,#11856);
#10020=AXIS2_PLACEMENT_3D('',#14609,#11857,#11858);
#10021=AXIS2_PLACEMENT_3D('',#14613,#11860,#11861);
#10022=AXIS2_PLACEMENT_3D('',#14615,#11863,#11864);
#10023=AXIS2_PLACEMENT_3D('',#14621,#11868,#11869);
#10024=AXIS2_PLACEMENT_3D('',#14627,#11873,#11874);
#10025=AXIS2_PLACEMENT_3D('',#14633,#11878,#11879);
#10026=AXIS2_PLACEMENT_3D('',#14634,#11880,#11881);
#10027=AXIS2_PLACEMENT_3D('',#14635,#11882,#11883);
#10028=AXIS2_PLACEMENT_3D('',#14636,#11884,#11885);
#10029=AXIS2_PLACEMENT_3D('',#14638,#11886,#11887);
#10030=AXIS2_PLACEMENT_3D('',#14640,#11888,#11889);
#10031=AXIS2_PLACEMENT_3D('',#14642,#11891,#11892);
#10032=AXIS2_PLACEMENT_3D('',#14645,#11895,#11896);
#10033=AXIS2_PLACEMENT_3D('',#14648,#11897,#11898);
#10034=AXIS2_PLACEMENT_3D('',#14652,#11900,#11901);
#10035=AXIS2_PLACEMENT_3D('',#14654,#11903,#11904);
#10036=AXIS2_PLACEMENT_3D('',#14657,#11905,#11906);
#10037=AXIS2_PLACEMENT_3D('',#14661,#11908,#11909);
#10038=AXIS2_PLACEMENT_3D('',#14663,#11911,#11912);
#10039=AXIS2_PLACEMENT_3D('',#14669,#11916,#11917);
#10040=AXIS2_PLACEMENT_3D('',#14675,#11921,#11922);
#10041=AXIS2_PLACEMENT_3D('',#14681,#11926,#11927);
#10042=AXIS2_PLACEMENT_3D('',#14682,#11928,#11929);
#10043=AXIS2_PLACEMENT_3D('',#14683,#11930,#11931);
#10044=AXIS2_PLACEMENT_3D('',#14684,#11932,#11933);
#10045=AXIS2_PLACEMENT_3D('',#14686,#11934,#11935);
#10046=AXIS2_PLACEMENT_3D('',#14688,#11936,#11937);
#10047=AXIS2_PLACEMENT_3D('',#14690,#11939,#11940);
#10048=AXIS2_PLACEMENT_3D('',#14693,#11943,#11944);
#10049=AXIS2_PLACEMENT_3D('',#14696,#11945,#11946);
#10050=AXIS2_PLACEMENT_3D('',#14700,#11948,#11949);
#10051=AXIS2_PLACEMENT_3D('',#14702,#11951,#11952);
#10052=AXIS2_PLACEMENT_3D('',#14705,#11953,#11954);
#10053=AXIS2_PLACEMENT_3D('',#14709,#11956,#11957);
#10054=AXIS2_PLACEMENT_3D('',#14711,#11959,#11960);
#10055=AXIS2_PLACEMENT_3D('',#14717,#11964,#11965);
#10056=AXIS2_PLACEMENT_3D('',#14723,#11969,#11970);
#10057=AXIS2_PLACEMENT_3D('',#14729,#11974,#11975);
#10058=AXIS2_PLACEMENT_3D('',#14730,#11976,#11977);
#10059=AXIS2_PLACEMENT_3D('',#14731,#11978,#11979);
#10060=AXIS2_PLACEMENT_3D('',#14732,#11980,#11981);
#10061=AXIS2_PLACEMENT_3D('',#14734,#11982,#11983);
#10062=AXIS2_PLACEMENT_3D('',#14736,#11984,#11985);
#10063=AXIS2_PLACEMENT_3D('',#14738,#11987,#11988);
#10064=AXIS2_PLACEMENT_3D('',#14741,#11991,#11992);
#10065=AXIS2_PLACEMENT_3D('',#14750,#11997,#11998);
#10066=AXIS2_PLACEMENT_3D('',#14759,#12003,#12004);
#10067=AXIS2_PLACEMENT_3D('',#14761,#12005,#12006);
#10068=AXIS2_PLACEMENT_3D('',#14764,#12008,#12009);
#10069=AXIS2_PLACEMENT_3D('',#14765,#12010,#12011);
#10070=AXIS2_PLACEMENT_3D('',#14767,#12012,#12013);
#10071=AXIS2_PLACEMENT_3D('',#14769,#12014,#12015);
#10072=AXIS2_PLACEMENT_3D('',#14771,#12017,#12018);
#10073=AXIS2_PLACEMENT_3D('',#14773,#12019,#12020);
#10074=AXIS2_PLACEMENT_3D('',#14775,#12021,#12022);
#10075=AXIS2_PLACEMENT_3D('',#14777,#12024,#12025);
#10076=AXIS2_PLACEMENT_3D('',#14780,#12028,#12029);
#10077=AXIS2_PLACEMENT_3D('',#14786,#12033,#12034);
#10078=AXIS2_PLACEMENT_3D('',#14787,#12035,#12036);
#10079=AXIS2_PLACEMENT_3D('',#14788,#12037,#12038);
#10080=AXIS2_PLACEMENT_3D('',#14789,#12039,#12040);
#10081=AXIS2_PLACEMENT_3D('',#14798,#12045,#12046);
#10082=AXIS2_PLACEMENT_3D('',#14807,#12051,#12052);
#10083=AXIS2_PLACEMENT_3D('',#14809,#12053,#12054);
#10084=AXIS2_PLACEMENT_3D('',#14812,#12056,#12057);
#10085=AXIS2_PLACEMENT_3D('',#14813,#12058,#12059);
#10086=AXIS2_PLACEMENT_3D('',#14815,#12060,#12061);
#10087=AXIS2_PLACEMENT_3D('',#14817,#12062,#12063);
#10088=AXIS2_PLACEMENT_3D('',#14819,#12065,#12066);
#10089=AXIS2_PLACEMENT_3D('',#14821,#12067,#12068);
#10090=AXIS2_PLACEMENT_3D('',#14823,#12069,#12070);
#10091=AXIS2_PLACEMENT_3D('',#14825,#12072,#12073);
#10092=AXIS2_PLACEMENT_3D('',#14828,#12076,#12077);
#10093=AXIS2_PLACEMENT_3D('',#14834,#12081,#12082);
#10094=AXIS2_PLACEMENT_3D('',#14835,#12083,#12084);
#10095=AXIS2_PLACEMENT_3D('',#14836,#12085,#12086);
#10096=AXIS2_PLACEMENT_3D('',#14837,#12087,#12088);
#10097=AXIS2_PLACEMENT_3D('',#14846,#12093,#12094);
#10098=AXIS2_PLACEMENT_3D('',#14848,#12095,#12096);
#10099=AXIS2_PLACEMENT_3D('',#14850,#12097,#12098);
#10100=AXIS2_PLACEMENT_3D('',#14852,#12100,#12101);
#10101=AXIS2_PLACEMENT_3D('',#14858,#12105,#12106);
#10102=AXIS2_PLACEMENT_3D('',#14859,#12107,#12108);
#10103=AXIS2_PLACEMENT_3D('',#14860,#12109,#12110);
#10104=AXIS2_PLACEMENT_3D('',#14861,#12111,#12112);
#10105=AXIS2_PLACEMENT_3D('',#14864,#12113,#12114);
#10106=AXIS2_PLACEMENT_3D('',#14868,#12116,#12117);
#10107=AXIS2_PLACEMENT_3D('',#14870,#12119,#12120);
#10108=AXIS2_PLACEMENT_3D('',#14876,#12124,#12125);
#10109=AXIS2_PLACEMENT_3D('',#14878,#12126,#12127);
#10110=AXIS2_PLACEMENT_3D('',#14880,#12128,#12129);
#10111=AXIS2_PLACEMENT_3D('',#14882,#12131,#12132);
#10112=AXIS2_PLACEMENT_3D('',#14885,#12135,#12136);
#10113=AXIS2_PLACEMENT_3D('',#14894,#12141,#12142);
#10114=AXIS2_PLACEMENT_3D('',#14896,#12143,#12144);
#10115=AXIS2_PLACEMENT_3D('',#14898,#12145,#12146);
#10116=AXIS2_PLACEMENT_3D('',#14900,#12148,#12149);
#10117=AXIS2_PLACEMENT_3D('',#14906,#12153,#12154);
#10118=AXIS2_PLACEMENT_3D('',#14907,#12155,#12156);
#10119=AXIS2_PLACEMENT_3D('',#14908,#12157,#12158);
#10120=AXIS2_PLACEMENT_3D('',#14909,#12159,#12160);
#10121=AXIS2_PLACEMENT_3D('',#14918,#12165,#12166);
#10122=AXIS2_PLACEMENT_3D('',#14920,#12167,#12168);
#10123=AXIS2_PLACEMENT_3D('',#14922,#12169,#12170);
#10124=AXIS2_PLACEMENT_3D('',#14924,#12172,#12173);
#10125=AXIS2_PLACEMENT_3D('',#14930,#12177,#12178);
#10126=AXIS2_PLACEMENT_3D('',#14931,#12179,#12180);
#10127=AXIS2_PLACEMENT_3D('',#14932,#12181,#12182);
#10128=AXIS2_PLACEMENT_3D('',#14933,#12183,#12184);
#10129=AXIS2_PLACEMENT_3D('',#14942,#12189,#12190);
#10130=AXIS2_PLACEMENT_3D('',#14944,#12191,#12192);
#10131=AXIS2_PLACEMENT_3D('',#14946,#12193,#12194);
#10132=AXIS2_PLACEMENT_3D('',#14948,#12196,#12197);
#10133=AXIS2_PLACEMENT_3D('',#14954,#12201,#12202);
#10134=AXIS2_PLACEMENT_3D('',#14955,#12203,#12204);
#10135=AXIS2_PLACEMENT_3D('',#14956,#12205,#12206);
#10136=AXIS2_PLACEMENT_3D('',#14957,#12207,#12208);
#10137=AXIS2_PLACEMENT_3D('',#14966,#12213,#12214);
#10138=AXIS2_PLACEMENT_3D('',#14968,#12215,#12216);
#10139=AXIS2_PLACEMENT_3D('',#14970,#12217,#12218);
#10140=AXIS2_PLACEMENT_3D('',#14972,#12220,#12221);
#10141=AXIS2_PLACEMENT_3D('',#14978,#12225,#12226);
#10142=AXIS2_PLACEMENT_3D('',#14979,#12227,#12228);
#10143=AXIS2_PLACEMENT_3D('',#14980,#12229,#12230);
#10144=AXIS2_PLACEMENT_3D('',#14981,#12231,#12232);
#10145=AXIS2_PLACEMENT_3D('',#14990,#12237,#12238);
#10146=AXIS2_PLACEMENT_3D('',#14992,#12239,#12240);
#10147=AXIS2_PLACEMENT_3D('',#14994,#12241,#12242);
#10148=AXIS2_PLACEMENT_3D('',#14996,#12244,#12245);
#10149=AXIS2_PLACEMENT_3D('',#15002,#12249,#12250);
#10150=AXIS2_PLACEMENT_3D('',#15003,#12251,#12252);
#10151=AXIS2_PLACEMENT_3D('',#15004,#12253,#12254);
#10152=AXIS2_PLACEMENT_3D('',#15005,#12255,#12256);
#10153=AXIS2_PLACEMENT_3D('',#15014,#12261,#12262);
#10154=AXIS2_PLACEMENT_3D('',#15016,#12263,#12264);
#10155=AXIS2_PLACEMENT_3D('',#15018,#12265,#12266);
#10156=AXIS2_PLACEMENT_3D('',#15020,#12268,#12269);
#10157=AXIS2_PLACEMENT_3D('',#15026,#12273,#12274);
#10158=AXIS2_PLACEMENT_3D('',#15027,#12275,#12276);
#10159=AXIS2_PLACEMENT_3D('',#15028,#12277,#12278);
#10160=AXIS2_PLACEMENT_3D('',#15029,#12279,#12280);
#10161=AXIS2_PLACEMENT_3D('',#15032,#12281,#12282);
#10162=AXIS2_PLACEMENT_3D('',#15036,#12284,#12285);
#10163=AXIS2_PLACEMENT_3D('',#15038,#12287,#12288);
#10164=AXIS2_PLACEMENT_3D('',#15044,#12292,#12293);
#10165=AXIS2_PLACEMENT_3D('',#15046,#12294,#12295);
#10166=AXIS2_PLACEMENT_3D('',#15048,#12296,#12297);
#10167=AXIS2_PLACEMENT_3D('',#15050,#12299,#12300);
#10168=AXIS2_PLACEMENT_3D('',#15053,#12303,#12304);
#10169=AXIS2_PLACEMENT_3D('',#15062,#12309,#12310);
#10170=AXIS2_PLACEMENT_3D('',#15064,#12311,#12312);
#10171=AXIS2_PLACEMENT_3D('',#15066,#12313,#12314);
#10172=AXIS2_PLACEMENT_3D('',#15068,#12316,#12317);
#10173=AXIS2_PLACEMENT_3D('',#15074,#12321,#12322);
#10174=AXIS2_PLACEMENT_3D('',#15075,#12323,#12324);
#10175=AXIS2_PLACEMENT_3D('',#15076,#12325,#12326);
#10176=AXIS2_PLACEMENT_3D('',#15077,#12327,#12328);
#10177=AXIS2_PLACEMENT_3D('',#15086,#12333,#12334);
#10178=AXIS2_PLACEMENT_3D('',#15088,#12335,#12336);
#10179=AXIS2_PLACEMENT_3D('',#15090,#12337,#12338);
#10180=AXIS2_PLACEMENT_3D('',#15092,#12340,#12341);
#10181=AXIS2_PLACEMENT_3D('',#15098,#12345,#12346);
#10182=AXIS2_PLACEMENT_3D('',#15099,#12347,#12348);
#10183=AXIS2_PLACEMENT_3D('',#15100,#12349,#12350);
#10184=AXIS2_PLACEMENT_3D('',#15101,#12351,#12352);
#10185=AXIS2_PLACEMENT_3D('',#15104,#12353,#12354);
#10186=AXIS2_PLACEMENT_3D('',#15108,#12356,#12357);
#10187=AXIS2_PLACEMENT_3D('',#15110,#12359,#12360);
#10188=AXIS2_PLACEMENT_3D('',#15116,#12364,#12365);
#10189=AXIS2_PLACEMENT_3D('',#15118,#12366,#12367);
#10190=AXIS2_PLACEMENT_3D('',#15120,#12368,#12369);
#10191=AXIS2_PLACEMENT_3D('',#15122,#12371,#12372);
#10192=AXIS2_PLACEMENT_3D('',#15125,#12375,#12376);
#10193=AXIS2_PLACEMENT_3D('',#15134,#12381,#12382);
#10194=AXIS2_PLACEMENT_3D('',#15136,#12383,#12384);
#10195=AXIS2_PLACEMENT_3D('',#15138,#12385,#12386);
#10196=AXIS2_PLACEMENT_3D('',#15140,#12388,#12389);
#10197=AXIS2_PLACEMENT_3D('',#15146,#12393,#12394);
#10198=AXIS2_PLACEMENT_3D('',#15147,#12395,#12396);
#10199=AXIS2_PLACEMENT_3D('',#15148,#12397,#12398);
#10200=AXIS2_PLACEMENT_3D('',#15149,#12399,#12400);
#10201=AXIS2_PLACEMENT_3D('',#15158,#12405,#12406);
#10202=AXIS2_PLACEMENT_3D('',#15160,#12407,#12408);
#10203=AXIS2_PLACEMENT_3D('',#15162,#12409,#12410);
#10204=AXIS2_PLACEMENT_3D('',#15164,#12412,#12413);
#10205=AXIS2_PLACEMENT_3D('',#15170,#12417,#12418);
#10206=AXIS2_PLACEMENT_3D('',#15171,#12419,#12420);
#10207=AXIS2_PLACEMENT_3D('',#15172,#12421,#12422);
#10208=AXIS2_PLACEMENT_3D('',#15173,#12423,#12424);
#10209=AXIS2_PLACEMENT_3D('',#15182,#12429,#12430);
#10210=AXIS2_PLACEMENT_3D('',#15184,#12431,#12432);
#10211=AXIS2_PLACEMENT_3D('',#15186,#12433,#12434);
#10212=AXIS2_PLACEMENT_3D('',#15188,#12436,#12437);
#10213=AXIS2_PLACEMENT_3D('',#15194,#12441,#12442);
#10214=AXIS2_PLACEMENT_3D('',#15195,#12443,#12444);
#10215=AXIS2_PLACEMENT_3D('',#15196,#12445,#12446);
#10216=AXIS2_PLACEMENT_3D('',#15197,#12447,#12448);
#10217=AXIS2_PLACEMENT_3D('',#15206,#12453,#12454);
#10218=AXIS2_PLACEMENT_3D('',#15208,#12455,#12456);
#10219=AXIS2_PLACEMENT_3D('',#15210,#12457,#12458);
#10220=AXIS2_PLACEMENT_3D('',#15212,#12460,#12461);
#10221=AXIS2_PLACEMENT_3D('',#15218,#12465,#12466);
#10222=AXIS2_PLACEMENT_3D('',#15219,#12467,#12468);
#10223=AXIS2_PLACEMENT_3D('',#15220,#12469,#12470);
#10224=AXIS2_PLACEMENT_3D('',#15221,#12471,#12472);
#10225=AXIS2_PLACEMENT_3D('',#15230,#12477,#12478);
#10226=AXIS2_PLACEMENT_3D('',#15232,#12479,#12480);
#10227=AXIS2_PLACEMENT_3D('',#15234,#12481,#12482);
#10228=AXIS2_PLACEMENT_3D('',#15236,#12484,#12485);
#10229=AXIS2_PLACEMENT_3D('',#15242,#12489,#12490);
#10230=AXIS2_PLACEMENT_3D('',#15243,#12491,#12492);
#10231=AXIS2_PLACEMENT_3D('',#15244,#12493,#12494);
#10232=AXIS2_PLACEMENT_3D('',#15245,#12495,#12496);
#10233=AXIS2_PLACEMENT_3D('',#15248,#12497,#12498);
#10234=AXIS2_PLACEMENT_3D('',#15252,#12500,#12501);
#10235=AXIS2_PLACEMENT_3D('',#15254,#12503,#12504);
#10236=AXIS2_PLACEMENT_3D('',#15260,#12508,#12509);
#10237=AXIS2_PLACEMENT_3D('',#15262,#12510,#12511);
#10238=AXIS2_PLACEMENT_3D('',#15264,#12512,#12513);
#10239=AXIS2_PLACEMENT_3D('',#15266,#12515,#12516);
#10240=AXIS2_PLACEMENT_3D('',#15269,#12519,#12520);
#10241=AXIS2_PLACEMENT_3D('',#15272,#12521,#12522);
#10242=AXIS2_PLACEMENT_3D('',#15276,#12524,#12525);
#10243=AXIS2_PLACEMENT_3D('',#15278,#12527,#12528);
#10244=AXIS2_PLACEMENT_3D('',#15284,#12532,#12533);
#10245=AXIS2_PLACEMENT_3D('',#15286,#12534,#12535);
#10246=AXIS2_PLACEMENT_3D('',#15288,#12536,#12537);
#10247=AXIS2_PLACEMENT_3D('',#15290,#12539,#12540);
#10248=AXIS2_PLACEMENT_3D('',#15293,#12543,#12544);
#10249=AXIS2_PLACEMENT_3D('',#15302,#12549,#12550);
#10250=AXIS2_PLACEMENT_3D('',#15304,#12551,#12552);
#10251=AXIS2_PLACEMENT_3D('',#15306,#12553,#12554);
#10252=AXIS2_PLACEMENT_3D('',#15308,#12556,#12557);
#10253=AXIS2_PLACEMENT_3D('',#15314,#12561,#12562);
#10254=AXIS2_PLACEMENT_3D('',#15315,#12563,#12564);
#10255=AXIS2_PLACEMENT_3D('',#15316,#12565,#12566);
#10256=AXIS2_PLACEMENT_3D('',#15317,#12567,#12568);
#10257=AXIS2_PLACEMENT_3D('',#15326,#12573,#12574);
#10258=AXIS2_PLACEMENT_3D('',#15328,#12575,#12576);
#10259=AXIS2_PLACEMENT_3D('',#15330,#12577,#12578);
#10260=AXIS2_PLACEMENT_3D('',#15332,#12580,#12581);
#10261=AXIS2_PLACEMENT_3D('',#15338,#12585,#12586);
#10262=AXIS2_PLACEMENT_3D('',#15339,#12587,#12588);
#10263=AXIS2_PLACEMENT_3D('',#15340,#12589,#12590);
#10264=AXIS2_PLACEMENT_3D('',#15341,#12591,#12592);
#10265=AXIS2_PLACEMENT_3D('',#15350,#12597,#12598);
#10266=AXIS2_PLACEMENT_3D('',#15352,#12599,#12600);
#10267=AXIS2_PLACEMENT_3D('',#15354,#12601,#12602);
#10268=AXIS2_PLACEMENT_3D('',#15356,#12604,#12605);
#10269=AXIS2_PLACEMENT_3D('',#15362,#12609,#12610);
#10270=AXIS2_PLACEMENT_3D('',#15363,#12611,#12612);
#10271=AXIS2_PLACEMENT_3D('',#15364,#12613,#12614);
#10272=AXIS2_PLACEMENT_3D('',#15365,#12615,#12616);
#10273=AXIS2_PLACEMENT_3D('',#15374,#12621,#12622);
#10274=AXIS2_PLACEMENT_3D('',#15376,#12623,#12624);
#10275=AXIS2_PLACEMENT_3D('',#15378,#12625,#12626);
#10276=AXIS2_PLACEMENT_3D('',#15380,#12628,#12629);
#10277=AXIS2_PLACEMENT_3D('',#15386,#12633,#12634);
#10278=AXIS2_PLACEMENT_3D('',#15387,#12635,#12636);
#10279=AXIS2_PLACEMENT_3D('',#15388,#12637,#12638);
#10280=AXIS2_PLACEMENT_3D('',#15389,#12639,#12640);
#10281=AXIS2_PLACEMENT_3D('',#15398,#12645,#12646);
#10282=AXIS2_PLACEMENT_3D('',#15400,#12647,#12648);
#10283=AXIS2_PLACEMENT_3D('',#15402,#12649,#12650);
#10284=AXIS2_PLACEMENT_3D('',#15404,#12652,#12653);
#10285=AXIS2_PLACEMENT_3D('',#15410,#12657,#12658);
#10286=AXIS2_PLACEMENT_3D('',#15411,#12659,#12660);
#10287=AXIS2_PLACEMENT_3D('',#15412,#12661,#12662);
#10288=AXIS2_PLACEMENT_3D('',#15413,#12663,#12664);
#10289=AXIS2_PLACEMENT_3D('',#15422,#12669,#12670);
#10290=AXIS2_PLACEMENT_3D('',#15424,#12671,#12672);
#10291=AXIS2_PLACEMENT_3D('',#15426,#12673,#12674);
#10292=AXIS2_PLACEMENT_3D('',#15428,#12676,#12677);
#10293=AXIS2_PLACEMENT_3D('',#15434,#12681,#12682);
#10294=AXIS2_PLACEMENT_3D('',#15435,#12683,#12684);
#10295=AXIS2_PLACEMENT_3D('',#15436,#12685,#12686);
#10296=AXIS2_PLACEMENT_3D('',#15437,#12687,#12688);
#10297=AXIS2_PLACEMENT_3D('',#15446,#12693,#12694);
#10298=AXIS2_PLACEMENT_3D('',#15448,#12695,#12696);
#10299=AXIS2_PLACEMENT_3D('',#15450,#12697,#12698);
#10300=AXIS2_PLACEMENT_3D('',#15452,#12700,#12701);
#10301=AXIS2_PLACEMENT_3D('',#15458,#12705,#12706);
#10302=AXIS2_PLACEMENT_3D('',#15459,#12707,#12708);
#10303=AXIS2_PLACEMENT_3D('',#15460,#12709,#12710);
#10304=AXIS2_PLACEMENT_3D('',#15461,#12711,#12712);
#10305=AXIS2_PLACEMENT_3D('',#15470,#12717,#12718);
#10306=AXIS2_PLACEMENT_3D('',#15472,#12719,#12720);
#10307=AXIS2_PLACEMENT_3D('',#15474,#12721,#12722);
#10308=AXIS2_PLACEMENT_3D('',#15476,#12724,#12725);
#10309=AXIS2_PLACEMENT_3D('',#15482,#12729,#12730);
#10310=AXIS2_PLACEMENT_3D('',#15483,#12731,#12732);
#10311=AXIS2_PLACEMENT_3D('',#15484,#12733,#12734);
#10312=AXIS2_PLACEMENT_3D('',#15485,#12735,#12736);
#10313=AXIS2_PLACEMENT_3D('',#15494,#12741,#12742);
#10314=AXIS2_PLACEMENT_3D('',#15496,#12743,#12744);
#10315=AXIS2_PLACEMENT_3D('',#15498,#12745,#12746);
#10316=AXIS2_PLACEMENT_3D('',#15500,#12748,#12749);
#10317=AXIS2_PLACEMENT_3D('',#15506,#12753,#12754);
#10318=AXIS2_PLACEMENT_3D('',#15507,#12755,#12756);
#10319=AXIS2_PLACEMENT_3D('',#15508,#12757,#12758);
#10320=AXIS2_PLACEMENT_3D('',#15509,#12759,#12760);
#10321=AXIS2_PLACEMENT_3D('',#15518,#12765,#12766);
#10322=AXIS2_PLACEMENT_3D('',#15520,#12767,#12768);
#10323=AXIS2_PLACEMENT_3D('',#15522,#12769,#12770);
#10324=AXIS2_PLACEMENT_3D('',#15524,#12772,#12773);
#10325=AXIS2_PLACEMENT_3D('',#15530,#12777,#12778);
#10326=AXIS2_PLACEMENT_3D('',#15531,#12779,#12780);
#10327=AXIS2_PLACEMENT_3D('',#15532,#12781,#12782);
#10328=AXIS2_PLACEMENT_3D('',#15533,#12783,#12784);
#10329=AXIS2_PLACEMENT_3D('',#15542,#12789,#12790);
#10330=AXIS2_PLACEMENT_3D('',#15544,#12791,#12792);
#10331=AXIS2_PLACEMENT_3D('',#15546,#12793,#12794);
#10332=AXIS2_PLACEMENT_3D('',#15548,#12796,#12797);
#10333=AXIS2_PLACEMENT_3D('',#15554,#12801,#12802);
#10334=AXIS2_PLACEMENT_3D('',#15555,#12803,#12804);
#10335=AXIS2_PLACEMENT_3D('',#15556,#12805,#12806);
#10336=AXIS2_PLACEMENT_3D('',#15557,#12807,#12808);
#10337=AXIS2_PLACEMENT_3D('',#15566,#12813,#12814);
#10338=AXIS2_PLACEMENT_3D('',#15568,#12815,#12816);
#10339=AXIS2_PLACEMENT_3D('',#15570,#12817,#12818);
#10340=AXIS2_PLACEMENT_3D('',#15572,#12820,#12821);
#10341=AXIS2_PLACEMENT_3D('',#15578,#12825,#12826);
#10342=AXIS2_PLACEMENT_3D('',#15579,#12827,#12828);
#10343=AXIS2_PLACEMENT_3D('',#15580,#12829,#12830);
#10344=AXIS2_PLACEMENT_3D('',#15581,#12831,#12832);
#10345=AXIS2_PLACEMENT_3D('',#15590,#12837,#12838);
#10346=AXIS2_PLACEMENT_3D('',#15592,#12839,#12840);
#10347=AXIS2_PLACEMENT_3D('',#15594,#12841,#12842);
#10348=AXIS2_PLACEMENT_3D('',#15596,#12844,#12845);
#10349=AXIS2_PLACEMENT_3D('',#15602,#12849,#12850);
#10350=AXIS2_PLACEMENT_3D('',#15603,#12851,#12852);
#10351=AXIS2_PLACEMENT_3D('',#15604,#12853,#12854);
#10352=AXIS2_PLACEMENT_3D('',#15605,#12855,#12856);
#10353=AXIS2_PLACEMENT_3D('',#15614,#12861,#12862);
#10354=AXIS2_PLACEMENT_3D('',#15616,#12863,#12864);
#10355=AXIS2_PLACEMENT_3D('',#15618,#12865,#12866);
#10356=AXIS2_PLACEMENT_3D('',#15620,#12868,#12869);
#10357=AXIS2_PLACEMENT_3D('',#15626,#12873,#12874);
#10358=AXIS2_PLACEMENT_3D('',#15627,#12875,#12876);
#10359=AXIS2_PLACEMENT_3D('',#15628,#12877,#12878);
#10360=AXIS2_PLACEMENT_3D('',#15629,#12879,#12880);
#10361=AXIS2_PLACEMENT_3D('',#15638,#12885,#12886);
#10362=AXIS2_PLACEMENT_3D('',#15640,#12887,#12888);
#10363=AXIS2_PLACEMENT_3D('',#15642,#12889,#12890);
#10364=AXIS2_PLACEMENT_3D('',#15644,#12892,#12893);
#10365=AXIS2_PLACEMENT_3D('',#15650,#12897,#12898);
#10366=AXIS2_PLACEMENT_3D('',#15651,#12899,#12900);
#10367=AXIS2_PLACEMENT_3D('',#15652,#12901,#12902);
#10368=AXIS2_PLACEMENT_3D('',#15653,#12903,#12904);
#10369=AXIS2_PLACEMENT_3D('',#15662,#12909,#12910);
#10370=AXIS2_PLACEMENT_3D('',#15664,#12911,#12912);
#10371=AXIS2_PLACEMENT_3D('',#15666,#12913,#12914);
#10372=AXIS2_PLACEMENT_3D('',#15668,#12916,#12917);
#10373=AXIS2_PLACEMENT_3D('',#15674,#12921,#12922);
#10374=AXIS2_PLACEMENT_3D('',#15675,#12923,#12924);
#10375=AXIS2_PLACEMENT_3D('',#15676,#12925,#12926);
#10376=AXIS2_PLACEMENT_3D('',#15677,#12927,#12928);
#10377=AXIS2_PLACEMENT_3D('',#15686,#12933,#12934);
#10378=AXIS2_PLACEMENT_3D('',#15688,#12935,#12936);
#10379=AXIS2_PLACEMENT_3D('',#15690,#12937,#12938);
#10380=AXIS2_PLACEMENT_3D('',#15692,#12940,#12941);
#10381=AXIS2_PLACEMENT_3D('',#15698,#12945,#12946);
#10382=AXIS2_PLACEMENT_3D('',#15699,#12947,#12948);
#10383=AXIS2_PLACEMENT_3D('',#15700,#12949,#12950);
#10384=AXIS2_PLACEMENT_3D('',#15701,#12951,#12952);
#10385=AXIS2_PLACEMENT_3D('',#15710,#12957,#12958);
#10386=AXIS2_PLACEMENT_3D('',#15712,#12959,#12960);
#10387=AXIS2_PLACEMENT_3D('',#15714,#12961,#12962);
#10388=AXIS2_PLACEMENT_3D('',#15716,#12964,#12965);
#10389=AXIS2_PLACEMENT_3D('',#15722,#12969,#12970);
#10390=AXIS2_PLACEMENT_3D('',#15723,#12971,#12972);
#10391=AXIS2_PLACEMENT_3D('',#15724,#12973,#12974);
#10392=AXIS2_PLACEMENT_3D('',#15725,#12975,#12976);
#10393=AXIS2_PLACEMENT_3D('',#15734,#12981,#12982);
#10394=AXIS2_PLACEMENT_3D('',#15736,#12983,#12984);
#10395=AXIS2_PLACEMENT_3D('',#15738,#12985,#12986);
#10396=AXIS2_PLACEMENT_3D('',#15740,#12988,#12989);
#10397=AXIS2_PLACEMENT_3D('',#15746,#12993,#12994);
#10398=AXIS2_PLACEMENT_3D('',#15747,#12995,#12996);
#10399=AXIS2_PLACEMENT_3D('',#15748,#12997,#12998);
#10400=AXIS2_PLACEMENT_3D('',#15749,#12999,#13000);
#10401=AXIS2_PLACEMENT_3D('',#15758,#13005,#13006);
#10402=AXIS2_PLACEMENT_3D('',#15760,#13007,#13008);
#10403=AXIS2_PLACEMENT_3D('',#15762,#13009,#13010);
#10404=AXIS2_PLACEMENT_3D('',#15764,#13012,#13013);
#10405=AXIS2_PLACEMENT_3D('',#15770,#13017,#13018);
#10406=AXIS2_PLACEMENT_3D('',#15771,#13019,#13020);
#10407=AXIS2_PLACEMENT_3D('',#15772,#13021,#13022);
#10408=AXIS2_PLACEMENT_3D('',#15773,#13023,#13024);
#10409=AXIS2_PLACEMENT_3D('',#15782,#13029,#13030);
#10410=AXIS2_PLACEMENT_3D('',#15784,#13031,#13032);
#10411=AXIS2_PLACEMENT_3D('',#15786,#13033,#13034);
#10412=AXIS2_PLACEMENT_3D('',#15788,#13036,#13037);
#10413=AXIS2_PLACEMENT_3D('',#15794,#13041,#13042);
#10414=AXIS2_PLACEMENT_3D('',#15795,#13043,#13044);
#10415=AXIS2_PLACEMENT_3D('',#15796,#13045,#13046);
#10416=AXIS2_PLACEMENT_3D('',#15797,#13047,#13048);
#10417=AXIS2_PLACEMENT_3D('',#15806,#13053,#13054);
#10418=AXIS2_PLACEMENT_3D('',#15808,#13055,#13056);
#10419=AXIS2_PLACEMENT_3D('',#15810,#13057,#13058);
#10420=AXIS2_PLACEMENT_3D('',#15812,#13060,#13061);
#10421=AXIS2_PLACEMENT_3D('',#15818,#13065,#13066);
#10422=AXIS2_PLACEMENT_3D('',#15819,#13067,#13068);
#10423=AXIS2_PLACEMENT_3D('',#15820,#13069,#13070);
#10424=AXIS2_PLACEMENT_3D('',#15821,#13071,#13072);
#10425=AXIS2_PLACEMENT_3D('',#15830,#13077,#13078);
#10426=AXIS2_PLACEMENT_3D('',#15832,#13079,#13080);
#10427=AXIS2_PLACEMENT_3D('',#15834,#13081,#13082);
#10428=AXIS2_PLACEMENT_3D('',#15836,#13084,#13085);
#10429=AXIS2_PLACEMENT_3D('',#15842,#13089,#13090);
#10430=AXIS2_PLACEMENT_3D('',#15843,#13091,#13092);
#10431=AXIS2_PLACEMENT_3D('',#15844,#13093,#13094);
#10432=AXIS2_PLACEMENT_3D('',#15845,#13095,#13096);
#10433=AXIS2_PLACEMENT_3D('',#15854,#13101,#13102);
#10434=AXIS2_PLACEMENT_3D('',#15856,#13103,#13104);
#10435=AXIS2_PLACEMENT_3D('',#15858,#13105,#13106);
#10436=AXIS2_PLACEMENT_3D('',#15860,#13108,#13109);
#10437=AXIS2_PLACEMENT_3D('',#15866,#13113,#13114);
#10438=AXIS2_PLACEMENT_3D('',#15867,#13115,#13116);
#10439=AXIS2_PLACEMENT_3D('',#15868,#13117,#13118);
#10440=AXIS2_PLACEMENT_3D('',#15869,#13119,#13120);
#10441=AXIS2_PLACEMENT_3D('',#15878,#13125,#13126);
#10442=AXIS2_PLACEMENT_3D('',#15880,#13127,#13128);
#10443=AXIS2_PLACEMENT_3D('',#15882,#13129,#13130);
#10444=AXIS2_PLACEMENT_3D('',#15884,#13132,#13133);
#10445=AXIS2_PLACEMENT_3D('',#15890,#13137,#13138);
#10446=AXIS2_PLACEMENT_3D('',#15891,#13139,#13140);
#10447=AXIS2_PLACEMENT_3D('',#15892,#13141,#13142);
#10448=AXIS2_PLACEMENT_3D('',#15893,#13143,#13144);
#10449=AXIS2_PLACEMENT_3D('',#15896,#13147,#13148);
#10450=AXIS2_PLACEMENT_3D('',#15899,#13151,#13152);
#10451=AXIS2_PLACEMENT_3D('',#15902,#13155,#13156);
#10452=AXIS2_PLACEMENT_3D('',#15905,#13159,#13160);
#10453=AXIS2_PLACEMENT_3D('',#15907,#13162,#13163);
#10454=AXIS2_PLACEMENT_3D('',#15909,#13165,#13166);
#10455=AXIS2_PLACEMENT_3D('',#15910,#13167,#13168);
#10456=AXIS2_PLACEMENT_3D('',#15912,#13170,#13171);
#10457=AXIS2_PLACEMENT_3D('',#15914,#13173,#13174);
#10458=AXIS2_PLACEMENT_3D('',#15918,#13177,#13178);
#10459=AXIS2_PLACEMENT_3D('',#15920,#13179,#13180);
#10460=AXIS2_PLACEMENT_3D('',#15922,#13182,#13183);
#10461=AXIS2_PLACEMENT_3D('',#15924,#13185,#13186);
#10462=AXIS2_PLACEMENT_3D('',#15928,#13189,#13190);
#10463=AXIS2_PLACEMENT_3D('',#15930,#13191,#13192);
#10464=AXIS2_PLACEMENT_3D('',#15932,#13194,#13195);
#10465=AXIS2_PLACEMENT_3D('',#15934,#13197,#13198);
#10466=AXIS2_PLACEMENT_3D('',#15940,#13202,#13203);
#10467=AXIS2_PLACEMENT_3D('',#15943,#13205,#13206);
#10468=AXIS2_PLACEMENT_3D('',#15944,#13207,#13208);
#10469=AXIS2_PLACEMENT_3D('',#15948,#13211,#13212);
#10470=AXIS2_PLACEMENT_3D('',#15951,#13214,#13215);
#10471=AXIS2_PLACEMENT_3D('',#15952,#13216,#13217);
#10472=AXIS2_PLACEMENT_3D('',#15956,#13220,#13221);
#10473=AXIS2_PLACEMENT_3D('',#15959,#13223,#13224);
#10474=AXIS2_PLACEMENT_3D('',#15960,#13225,#13226);
#10475=AXIS2_PLACEMENT_3D('',#15964,#13229,#13230);
#10476=AXIS2_PLACEMENT_3D('',#15965,#13231,#13232);
#10477=AXIS2_PLACEMENT_3D('',#15966,#13233,#13234);
#10478=DIRECTION('axis',(0.,0.,1.));
#10479=DIRECTION('refdir',(1.,0.,0.));
#10480=DIRECTION('center_axis',(-0.707106781186547,-0.707106781186548,0.));
#10481=DIRECTION('ref_axis',(0.707106781186548,-0.707106781186547,0.));
#10482=DIRECTION('center_axis',(-0.707106781186547,-0.707106781186548,0.));
#10483=DIRECTION('ref_axis',(0.707106781186548,-0.707106781186547,0.));
#10484=DIRECTION('center_axis',(-0.707106781186546,-0.707106781186549,0.));
#10485=DIRECTION('ref_axis',(0.707106781186549,-0.707106781186546,0.));
#10486=DIRECTION('center_axis',(-0.707106781186547,-0.707106781186548,0.));
#10487=DIRECTION('ref_axis',(0.707106781186549,-0.707106781186546,0.));
#10488=DIRECTION('',(-0.707106781186546,-0.707106781186549,0.));
#10489=DIRECTION('center_axis',(-0.707106781186547,-0.707106781186548,0.));
#10490=DIRECTION('ref_axis',(0.707106781186547,-0.707106781186548,0.));
#10491=DIRECTION('center_axis',(0.707106781186547,0.707106781186548,0.));
#10492=DIRECTION('ref_axis',(0.,0.,-1.));
#10493=DIRECTION('center_axis',(0.707106781186547,0.707106781186548,0.));
#10494=DIRECTION('ref_axis',(0.707106781186548,-0.707106781186547,0.));
#10495=DIRECTION('center_axis',(-0.707106781186547,-0.707106781186548,0.));
#10496=DIRECTION('ref_axis',(0.,0.,-1.));
#10497=DIRECTION('center_axis',(0.707106781186547,0.707106781186548,0.));
#10498=DIRECTION('ref_axis',(0.,0.,-1.));
#10499=DIRECTION('',(-0.707106781186547,-0.707106781186548,0.));
#10500=DIRECTION('center_axis',(-0.707106781186547,-0.707106781186548,0.));
#10501=DIRECTION('ref_axis',(0.,0.,-1.));
#10502=DIRECTION('',(-0.707106781186547,-0.707106781186548,0.));
#10503=DIRECTION('center_axis',(2.61682076447296E-16,-2.61682076447296E-16,
1.));
#10504=DIRECTION('ref_axis',(-0.707106781186548,0.707106781186547,3.70074341541719E-16));
#10505=DIRECTION('',(-0.707106781186548,0.707106781186547,3.70074341541719E-16));
#10506=DIRECTION('',(-1.,1.88411095042056E-14,0.));
#10507=DIRECTION('',(-0.707106781186547,-0.707106781186548,0.));
#10508=DIRECTION('',(0.707106781186548,-0.707106781186547,-3.70074341541719E-16));
#10509=DIRECTION('center_axis',(-0.707106781186548,0.707106781186547,-2.96059473233377E-15));
#10510=DIRECTION('ref_axis',(2.09345661157838E-15,-2.09345661157838E-15,
-1.));
#10511=DIRECTION('',(2.09345661157838E-15,-2.09345661157838E-15,-1.));
#10512=DIRECTION('',(2.09345661157838E-15,-2.09345661157838E-15,-1.));
#10513=DIRECTION('',(-0.707106781186547,-0.707106781186548,0.));
#10514=DIRECTION('',(-0.499999999999997,-0.5,0.707106781186549));
#10515=DIRECTION('center_axis',(-0.707106781186547,-0.707106781186548,0.));
#10516=DIRECTION('ref_axis',(0.707106781186548,-0.707106781186547,0.));
#10517=DIRECTION('center_axis',(-0.707106781186547,-0.707106781186548,0.));
#10518=DIRECTION('ref_axis',(0.5,-0.5,-0.707106781186547));
#10519=DIRECTION('center_axis',(-0.707106781186547,-0.707106781186548,0.));
#10520=DIRECTION('ref_axis',(0.707106781186548,-0.707106781186547,0.));
#10521=DIRECTION('center_axis',(0.707106781186547,0.707106781186548,0.));
#10522=DIRECTION('ref_axis',(0.5,-0.5,-0.707106781186547));
#10523=DIRECTION('',(0.,0.,-1.));
#10524=DIRECTION('center_axis',(0.707106781186547,0.707106781186548,0.));
#10525=DIRECTION('ref_axis',(0.500000000000001,-0.5,0.707106781186547));
#10526=DIRECTION('',(0.707106781186548,-0.707106781186547,0.));
#10527=DIRECTION('center_axis',(0.707106781186547,0.707106781186548,0.));
#10528=DIRECTION('ref_axis',(-0.500000000000001,0.5,0.707106781186547));
#10529=DIRECTION('',(0.,0.,1.));
#10530=DIRECTION('center_axis',(0.707106781186547,0.707106781186548,0.));
#10531=DIRECTION('ref_axis',(-0.5,0.5,-0.707106781186547));
#10532=DIRECTION('',(-0.707106781186548,0.707106781186547,0.));
#10533=DIRECTION('center_axis',(-0.707106781186547,-0.707106781186548,0.));
#10534=DIRECTION('ref_axis',(0.5,-0.5,-0.707106781186547));
#10535=DIRECTION('',(-0.707106781186547,-0.707106781186548,0.));
#10536=DIRECTION('center_axis',(-0.707106781186547,-0.707106781186548,0.));
#10537=DIRECTION('ref_axis',(0.5,-0.5,-0.707106781186547));
#10538=DIRECTION('',(-0.707106781186547,-0.707106781186548,0.));
#10539=DIRECTION('center_axis',(0.707106781186548,0.707106781186547,-5.55111512312578E-17));
#10540=DIRECTION('ref_axis',(0.5,-0.5,-0.707106781186547));
#10541=DIRECTION('center_axis',(0.853553390593274,0.146446609406723,-0.500000000000001));
#10542=DIRECTION('ref_axis',(-0.146446609406729,-0.853553390593274,-0.499999999999998));
#10543=DIRECTION('center_axis',(-0.146446609406732,-0.853553390593275,-0.499999999999997));
#10544=DIRECTION('ref_axis',(0.853553390593273,0.146446609406721,-0.500000000000003));
#10545=DIRECTION('center_axis',(-0.707106781186548,-0.707106781186547,5.55111512312578E-17));
#10546=DIRECTION('ref_axis',(0.5,-0.5,-0.707106781186547));
#10547=DIRECTION('center_axis',(-0.146446609406732,-0.853553390593275,-0.499999999999997));
#10548=DIRECTION('ref_axis',(0.853553390593273,0.146446609406721,-0.500000000000003));
#10549=DIRECTION('center_axis',(0.853553390593274,0.146446609406723,-0.500000000000001));
#10550=DIRECTION('ref_axis',(-0.146446609406729,-0.853553390593274,-0.499999999999998));
#10551=DIRECTION('center_axis',(-0.707106781186547,-0.707106781186548,0.));
#10552=DIRECTION('ref_axis',(-0.5,0.5,-0.707106781186547));
#10553=DIRECTION('center_axis',(0.,-1.,0.));
#10554=DIRECTION('ref_axis',(-1.,7.16496626240144E-17,-7.47663075563703E-17));
#10555=DIRECTION('center_axis',(-0.707106781186547,-0.707106781186548,0.));
#10556=DIRECTION('ref_axis',(-0.20203050891044,0.20203050891044,0.958314847499911));
#10557=DIRECTION('center_axis',(-0.500000000000002,-0.500000000000002,0.707106781186545));
#10558=DIRECTION('ref_axis',(0.499999999999998,0.499999999999998,0.70710678118655));
#10559=DIRECTION('',(-0.707106781186547,-0.707106781186548,0.));
#10560=DIRECTION('center_axis',(-0.707106781186547,-0.707106781186548,0.));
#10561=DIRECTION('ref_axis',(-0.20203050891044,0.20203050891044,0.958314847499911));
#10562=DIRECTION('',(-0.707106781186547,-0.707106781186548,0.));
#10563=DIRECTION('center_axis',(-0.707106781186548,0.707106781186547,1.5116931666267E-15));
#10564=DIRECTION('ref_axis',(-5.34464244597551E-15,-3.20678546758531E-15,
-1.));
#10565=DIRECTION('',(-0.499999999999991,-0.499999999999993,-0.707106781186559));
#10566=DIRECTION('',(-0.707106781186547,-0.707106781186548,0.));
#10567=DIRECTION('',(5.34464244597551E-15,3.20678546758531E-15,1.));
#10568=DIRECTION('center_axis',(-0.707106781186547,-0.707106781186548,0.));
#10569=DIRECTION('ref_axis',(0.707106781186548,-0.707106781186547,0.));
#10570=DIRECTION('',(0.707106781186547,0.707106781186548,0.));
#10571=DIRECTION('center_axis',(0.,0.,-1.));
#10572=DIRECTION('ref_axis',(0.707106781186549,-0.707106781186546,0.));
#10573=DIRECTION('',(-1.,0.,0.));
#10574=DIRECTION('',(-0.707106781186549,0.707106781186546,0.));
#10575=DIRECTION('',(-0.707106781186547,-0.707106781186548,0.));
#10576=DIRECTION('center_axis',(-0.707106781186547,-0.707106781186548,0.));
#10577=DIRECTION('ref_axis',(0.707106781186548,-0.707106781186547,0.));
#10578=DIRECTION('center_axis',(-0.707106781186547,-0.707106781186548,0.));
#10579=DIRECTION('ref_axis',(0.500000000000001,-0.5,0.707106781186547));
#10580=DIRECTION('center_axis',(-0.707106781186547,-0.707106781186548,0.));
#10581=DIRECTION('ref_axis',(0.500000000000001,-0.5,0.707106781186547));
#10582=DIRECTION('',(-0.707106781186547,-0.707106781186548,0.));
#10583=DIRECTION('center_axis',(-0.707106781186547,-0.707106781186548,0.));
#10584=DIRECTION('ref_axis',(0.500000000000001,-0.5,0.707106781186547));
#10585=DIRECTION('',(-0.707106781186547,-0.707106781186548,0.));
#10586=DIRECTION('center_axis',(0.707106781186547,0.707106781186548,1.77635683940025E-15));
#10587=DIRECTION('ref_axis',(0.500000000000001,-0.5,0.707106781186547));
#10588=DIRECTION('center_axis',(0.853553390593273,0.146446609406711,0.500000000000006));
#10589=DIRECTION('ref_axis',(-0.14644660940674,-0.853553390593276,0.499999999999991));
#10590=DIRECTION('center_axis',(-0.146446609406728,-0.853553390593276,0.499999999999996));
#10591=DIRECTION('ref_axis',(0.853553390593273,0.146446609406723,0.500000000000002));
#10592=DIRECTION('center_axis',(-0.707106781186548,-0.707106781186547,0.));
#10593=DIRECTION('ref_axis',(0.500000000000001,-0.5,0.707106781186547));
#10594=DIRECTION('center_axis',(-0.146446609406728,-0.853553390593276,0.499999999999996));
#10595=DIRECTION('ref_axis',(0.853553390593273,0.146446609406723,0.500000000000002));
#10596=DIRECTION('',(-0.707106781186547,-0.707106781186548,0.));
#10597=DIRECTION('center_axis',(0.853553390593273,0.146446609406711,0.500000000000006));
#10598=DIRECTION('ref_axis',(-0.14644660940674,-0.853553390593276,0.499999999999991));
#10599=DIRECTION('center_axis',(0.707106781186546,0.707106781186549,0.));
#10600=DIRECTION('ref_axis',(0.500000000000001,-0.5,0.707106781186547));
#10601=DIRECTION('',(-1.,0.,0.));
#10602=DIRECTION('center_axis',(-0.707106781186547,-0.707106781186548,0.));
#10603=DIRECTION('ref_axis',(0.500000000000001,-0.5,0.707106781186547));
#10604=DIRECTION('',(-0.499999999999991,-0.499999999999993,-0.707106781186559));
#10605=DIRECTION('center_axis',(-0.707106781186547,-0.707106781186548,0.));
#10606=DIRECTION('ref_axis',(-0.707106781186548,0.707106781186547,0.));
#10607=DIRECTION('center_axis',(0.707106781186547,0.707106781186548,0.));
#10608=DIRECTION('ref_axis',(-0.707106781186548,0.707106781186547,0.));
#10609=DIRECTION('',(-0.707106781186547,-0.707106781186548,0.));
#10610=DIRECTION('center_axis',(-0.707106781186547,-0.707106781186548,-2.8587762320729E-15));
#10611=DIRECTION('ref_axis',(-0.707106781186548,0.707106781186547,0.));
#10612=DIRECTION('',(-0.707106781186547,-0.707106781186548,0.));
#10613=DIRECTION('center_axis',(0.707106781186548,-0.707106781186547,-1.4791141972894E-31));
#10614=DIRECTION('ref_axis',(6.01823467879867E-16,6.01823467879868E-16,
1.));
#10615=DIRECTION('',(1.04589167905263E-31,-1.04589167905263E-31,1.));
#10616=DIRECTION('',(-0.499999999999996,-0.499999999999997,0.707106781186553));
#10617=DIRECTION('',(-0.707106781186547,-0.707106781186548,0.));
#10618=DIRECTION('',(-6.01823467879867E-16,-6.01823467879868E-16,-1.));
#10619=DIRECTION('center_axis',(2.61682076447296E-16,-2.61682076447296E-16,
1.));
#10620=DIRECTION('ref_axis',(-0.707106781186546,0.707106781186549,3.70074341541719E-16));
#10621=DIRECTION('',(-0.707106781186548,0.707106781186547,3.70074341541719E-16));
#10622=DIRECTION('',(-0.707106781186546,0.707106781186549,3.70074341541719E-16));
#10623=DIRECTION('',(-0.707106781186547,-0.707106781186548,0.));
#10624=DIRECTION('',(-3.14018491736757E-15,1.,0.));
#10625=DIRECTION('center_axis',(-0.707106781186547,-0.707106781186548,-2.81736037578933E-32));
#10626=DIRECTION('ref_axis',(0.707106781186548,-0.707106781186547,0.));
#10627=DIRECTION('center_axis',(-0.707106781186547,-0.707106781186548,-2.81736037578933E-32));
#10628=DIRECTION('ref_axis',(-0.5,0.5,-0.707106781186548));
#10629=DIRECTION('center_axis',(0.707106781186548,0.707106781186548,0.));
#10630=DIRECTION('ref_axis',(-0.5,0.5,-0.707106781186547));
#10631=DIRECTION('',(-3.14018491736757E-15,1.,0.));
#10632=DIRECTION('center_axis',(-0.707106781186547,-0.707106781186548,0.));
#10633=DIRECTION('ref_axis',(-0.5,0.5,-0.707106781186547));
#10634=DIRECTION('',(-0.499999999999996,-0.499999999999997,0.707106781186553));
#10635=DIRECTION('center_axis',(-0.707106781186547,-0.707106781186548,0.));
#10636=DIRECTION('ref_axis',(-0.5,0.5,-0.707106781186548));
#10637=DIRECTION('',(-0.707106781186547,-0.707106781186548,0.));
#10638=DIRECTION('center_axis',(-0.707106781186547,-0.707106781186548,0.));
#10639=DIRECTION('ref_axis',(-0.5,0.5,-0.707106781186548));
#10640=DIRECTION('',(-0.707106781186547,-0.707106781186548,0.));
#10641=DIRECTION('center_axis',(-0.707106781186547,-0.707106781186548,1.38777878078145E-16));
#10642=DIRECTION('ref_axis',(-0.5,0.5,-0.707106781186548));
#10643=DIRECTION('center_axis',(-0.853553390593265,-0.146446609406733,-0.500000000000014));
#10644=DIRECTION('ref_axis',(0.146446609406728,0.853553390593274,-0.499999999999999));
#10645=DIRECTION('center_axis',(0.146446609406786,0.853553390593274,-0.499999999999982));
#10646=DIRECTION('ref_axis',(-0.853553390593265,-0.146446609406675,-0.50000000000003));
#10647=DIRECTION('center_axis',(0.707106781186547,0.707106781186549,7.49400541621981E-16));
#10648=DIRECTION('ref_axis',(-0.5,0.5,-0.707106781186548));
#10649=DIRECTION('center_axis',(0.146446609406786,0.853553390593274,-0.499999999999982));
#10650=DIRECTION('ref_axis',(-0.853553390593265,-0.146446609406675,-0.50000000000003));
#10651=DIRECTION('center_axis',(-0.853553390593265,-0.146446609406733,-0.500000000000014));
#10652=DIRECTION('ref_axis',(0.146446609406728,0.853553390593274,-0.499999999999999));
#10653=DIRECTION('center_axis',(-0.707106781186547,-0.707106781186548,0.));
#10654=DIRECTION('ref_axis',(0.,0.,1.));
#10655=DIRECTION('center_axis',(0.707106781186547,0.707106781186548,0.));
#10656=DIRECTION('ref_axis',(0.,0.,1.));
#10657=DIRECTION('',(-0.707106781186547,-0.707106781186548,0.));
#10658=DIRECTION('center_axis',(-0.707106781186547,-0.707106781186548,0.));
#10659=DIRECTION('ref_axis',(0.,0.,1.));
#10660=DIRECTION('',(-0.707106781186547,-0.707106781186548,0.));
#10661=DIRECTION('center_axis',(-8.37382644631355E-15,8.37382644631354E-15,
-1.));
#10662=DIRECTION('ref_axis',(0.707106781186546,-0.707106781186549,-1.18423789293351E-14));
#10663=DIRECTION('',(0.707106781186548,-0.707106781186547,-1.18423789293351E-14));
#10664=DIRECTION('',(0.,-1.,-3.14018491736756E-15));
#10665=DIRECTION('',(-0.707106781186547,-0.707106781186548,0.));
#10666=DIRECTION('',(-0.707106781186546,0.707106781186549,1.18423789293351E-14));
#10667=DIRECTION('center_axis',(0.707106781186548,-0.707106781186547,0.));
#10668=DIRECTION('ref_axis',(0.,0.,1.));
#10669=DIRECTION('',(0.,0.,1.));
#10670=DIRECTION('',(0.,0.,1.));
#10671=DIRECTION('',(-0.707106781186547,-0.707106781186548,0.));
#10672=DIRECTION('',(-0.499999999999999,-0.499999999999997,-0.707106781186551));
#10673=DIRECTION('center_axis',(-0.707106781186547,-0.707106781186548,0.));
#10674=DIRECTION('ref_axis',(0.707106781186548,-0.707106781186547,0.));
#10675=DIRECTION('center_axis',(-0.707106781186547,-0.707106781186548,0.));
#10676=DIRECTION('ref_axis',(-0.500000000000001,0.5,0.707106781186547));
#10677=DIRECTION('center_axis',(-0.707106781186547,-0.707106781186548,0.));
#10678=DIRECTION('ref_axis',(-0.500000000000001,0.5,0.707106781186547));
#10679=DIRECTION('',(-0.707106781186547,-0.707106781186548,0.));
#10680=DIRECTION('center_axis',(-0.707106781186547,-0.707106781186548,0.));
#10681=DIRECTION('ref_axis',(-0.500000000000001,0.5,0.707106781186547));
#10682=DIRECTION('',(-0.707106781186547,-0.707106781186548,0.));
#10683=DIRECTION('center_axis',(0.707106781186547,0.707106781186548,-8.32667268468867E-17));
#10684=DIRECTION('ref_axis',(-0.500000000000001,0.5,0.707106781186547));
#10685=DIRECTION('center_axis',(0.146446609406725,0.853553390593271,0.500000000000005));
#10686=DIRECTION('ref_axis',(-0.853553390593274,-0.146446609406729,0.499999999999998));
#10687=DIRECTION('center_axis',(-0.853553390593273,-0.146446609406736,0.499999999999998));
#10688=DIRECTION('ref_axis',(0.146446609406718,0.853553390593273,0.500000000000004));
#10689=DIRECTION('center_axis',(-0.707106781186547,-0.707106781186548,8.32667268468867E-17));
#10690=DIRECTION('ref_axis',(-0.500000000000001,0.5,0.707106781186547));
#10691=DIRECTION('center_axis',(-0.853553390593273,-0.146446609406736,0.499999999999998));
#10692=DIRECTION('ref_axis',(0.146446609406718,0.853553390593273,0.500000000000004));
#10693=DIRECTION('center_axis',(0.146446609406725,0.853553390593271,0.500000000000005));
#10694=DIRECTION('ref_axis',(-0.853553390593274,-0.146446609406729,0.499999999999998));
#10695=DIRECTION('center_axis',(-0.853553390593274,-0.146446609406723,0.500000000000001));
#10696=DIRECTION('ref_axis',(0.505449465124425,0.,0.862856209461016));
#10697=DIRECTION('',(0.5,-0.5,0.707106781186547));
#10698=DIRECTION('',(0.5,-0.500000000000001,0.707106781186547));
#10699=DIRECTION('center_axis',(-0.707106781186548,-0.707106781186547,5.55111512312578E-17));
#10700=DIRECTION('ref_axis',(-0.5,0.5,-0.707106781186547));
#10701=DIRECTION('center_axis',(0.146446609406732,0.853553390593275,0.499999999999997));
#10702=DIRECTION('ref_axis',(0.959682982260664,0.,-0.281084637714831));
#10703=DIRECTION('',(-0.5,0.5,-0.707106781186547));
#10704=DIRECTION('center_axis',(0.707106781186548,0.707106781186547,-5.55111512312578E-17));
#10705=DIRECTION('ref_axis',(0.5,-0.5,0.707106781186547));
#10706=DIRECTION('center_axis',(-0.146446609406786,-0.853553390593274,0.499999999999982));
#10707=DIRECTION('ref_axis',(0.959682982260634,0.,0.281084637714935));
#10708=DIRECTION('',(0.500000000000012,-0.500000000000012,-0.70710678118653));
#10709=DIRECTION('',(0.500000000000013,-0.500000000000011,-0.70710678118653));
#10710=DIRECTION('center_axis',(0.853553390593265,0.146446609406733,0.500000000000014));
#10711=DIRECTION('ref_axis',(0.505449465124438,0.,-0.862856209461009));
#10712=DIRECTION('',(-0.500000000000012,0.500000000000012,0.70710678118653));
#10713=DIRECTION('center_axis',(-0.853553390593273,-0.146446609406711,-0.500000000000006));
#10714=DIRECTION('ref_axis',(-0.505449465124429,0.,0.862856209461014));
#10715=DIRECTION('',(0.146446609406738,0.853553390593278,-0.499999999999989));
#10716=DIRECTION('',(-0.499999999999997,0.499999999999998,0.707106781186552));
#10717=DIRECTION('',(-0.499999999999999,0.499999999999996,0.707106781186552));
#10718=DIRECTION('center_axis',(-0.499999999999997,0.499999999999998,0.707106781186552));
#10719=DIRECTION('ref_axis',(-0.707106781186561,-0.707106781186533,-1.88402225943159E-14));
#10720=DIRECTION('',(0.853553390593276,0.146446609406721,0.499999999999999));
#10721=DIRECTION('center_axis',(0.146446609406728,0.853553390593276,-0.499999999999996));
#10722=DIRECTION('ref_axis',(-0.959682982260666,0.,-0.281084637714825));
#10723=DIRECTION('',(0.499999999999997,-0.499999999999998,-0.707106781186552));
#10724=DIRECTION('center_axis',(-0.146446609406725,-0.853553390593271,-0.500000000000005));
#10725=DIRECTION('ref_axis',(-0.959682982260669,0.,0.281084637714816));
#10726=DIRECTION('',(-0.500000000000003,0.500000000000003,-0.707106781186544));
#10727=DIRECTION('',(-0.500000000000003,0.500000000000003,-0.707106781186544));
#10728=DIRECTION('center_axis',(0.853553390593273,0.146446609406736,-0.499999999999998));
#10729=DIRECTION('ref_axis',(-0.505449465124423,0.,-0.862856209461017));
#10730=DIRECTION('',(0.500000000000003,-0.500000000000003,0.707106781186544));
#10731=DIRECTION('center_axis',(-0.707106781186547,-0.707106781186548,8.32667268468867E-17));
#10732=DIRECTION('ref_axis',(0.500000000000003,-0.500000000000003,0.707106781186544));
#10733=DIRECTION('center_axis',(0.707106781186547,0.707106781186548,-8.32667268468867E-17));
#10734=DIRECTION('ref_axis',(-0.5,0.5,-0.707106781186548));
#10735=DIRECTION('center_axis',(-0.707106781186547,-0.707106781186548,-1.77635683940025E-15));
#10736=DIRECTION('ref_axis',(0.500000000000001,-0.499999999999999,-0.707106781186548));
#10737=DIRECTION('center_axis',(0.707106781186548,0.707106781186547,0.));
#10738=DIRECTION('ref_axis',(-0.499999999999997,0.499999999999998,0.707106781186552));
#10739=DIRECTION('center_axis',(0.707106781186547,0.707106781186548,-1.38777878078145E-16));
#10740=DIRECTION('ref_axis',(0.500000000000012,-0.500000000000012,-0.70710678118653));
#10741=DIRECTION('center_axis',(-0.707106781186547,-0.707106781186549,-7.49400541621981E-16));
#10742=DIRECTION('ref_axis',(-0.500000000000001,0.499999999999999,0.707106781186547));
#10743=DIRECTION('center_axis',(2.85687786265432E-15,2.85687786265432E-15,
1.));
#10744=DIRECTION('ref_axis',(-0.707106781186547,-0.707106781186548,4.0402354194092E-15));
#10745=DIRECTION('',(0.707106781186547,0.707106781186548,-4.0402354194092E-15));
#10746=DIRECTION('',(0.707106781186548,-0.707106781186547,0.));
#10747=DIRECTION('',(-0.707106781186547,-0.707106781186548,4.0402354194092E-15));
#10748=DIRECTION('',(0.707106781186548,-0.707106781186547,0.));
#10749=DIRECTION('center_axis',(2.85687786265432E-15,2.85687786265432E-15,
1.));
#10750=DIRECTION('ref_axis',(-0.707106781186547,-0.707106781186548,4.0402354194092E-15));
#10751=DIRECTION('',(-0.707106781186547,-0.707106781186548,4.0402354194092E-15));
#10752=DIRECTION('',(0.707106781186548,-0.707106781186547,0.));
#10753=DIRECTION('',(0.707106781186547,0.707106781186548,-4.0402354194092E-15));
#10754=DIRECTION('',(0.707106781186548,-0.707106781186547,0.));
#10755=DIRECTION('center_axis',(0.707106781186548,-0.707106781186547,0.));
#10756=DIRECTION('ref_axis',(6.28036983473512E-15,6.28036983473512E-15,
-1.));
#10757=DIRECTION('center_axis',(-0.707106781186548,0.707106781186547,0.));
#10758=DIRECTION('ref_axis',(6.28036983473512E-15,6.28036983473512E-15,
-1.));
#10759=DIRECTION('',(0.707106781186548,-0.707106781186547,0.));
#10760=DIRECTION('center_axis',(0.707106781186548,-0.707106781186547,0.));
#10761=DIRECTION('ref_axis',(6.28036983473512E-15,6.28036983473512E-15,
-1.));
#10762=DIRECTION('center_axis',(0.707106781186548,-0.707106781186547,0.));
#10763=DIRECTION('ref_axis',(6.28036983473512E-15,6.28036983473512E-15,
-1.));
#10764=DIRECTION('center_axis',(0.707106781186548,-0.707106781186547,0.));
#10765=DIRECTION('ref_axis',(6.28036983473512E-15,6.28036983473512E-15,
-1.));
#10766=DIRECTION('center_axis',(-0.707106781186548,0.707106781186547,0.));
#10767=DIRECTION('ref_axis',(6.28036983473512E-15,6.28036983473512E-15,
-1.));
#10768=DIRECTION('',(0.707106781186548,-0.707106781186547,0.));
#10769=DIRECTION('center_axis',(0.707106781186548,-0.707106781186547,0.));
#10770=DIRECTION('ref_axis',(0.,0.,1.));
#10771=DIRECTION('center_axis',(-0.707106781186548,0.707106781186547,0.));
#10772=DIRECTION('ref_axis',(0.,0.,1.));
#10773=DIRECTION('center_axis',(0.707106781186548,-0.707106781186547,0.));
#10774=DIRECTION('ref_axis',(0.,0.,1.));
#10775=DIRECTION('',(0.707106781186548,-0.707106781186547,0.));
#10776=DIRECTION('center_axis',(-2.85687786265432E-15,-2.85687786265432E-15,
-1.));
#10777=DIRECTION('ref_axis',(0.707106781186547,0.707106781186548,-4.0402354194092E-15));
#10778=DIRECTION('',(-0.707106781186547,-0.707106781186548,4.0402354194092E-15));
#10779=DIRECTION('',(0.707106781186547,0.707106781186548,-4.0402354194092E-15));
#10780=DIRECTION('center_axis',(-2.85687786265432E-15,-2.85687786265432E-15,
-1.));
#10781=DIRECTION('ref_axis',(0.707106781186547,0.707106781186548,-4.0402354194092E-15));
#10782=DIRECTION('',(0.707106781186547,0.707106781186548,-4.0402354194092E-15));
#10783=DIRECTION('',(-0.707106781186547,-0.707106781186548,4.0402354194092E-15));
#10784=DIRECTION('',(0.707106781186548,-0.707106781186547,0.));
#10785=DIRECTION('center_axis',(0.707106781186548,-0.707106781186547,0.));
#10786=DIRECTION('ref_axis',(0.,0.,1.));
#10787=DIRECTION('center_axis',(0.707106781186548,-0.707106781186547,0.));
#10788=DIRECTION('ref_axis',(0.,0.,1.));
#10789=DIRECTION('center_axis',(-0.707106781186548,0.707106781186547,0.));
#10790=DIRECTION('ref_axis',(0.,0.,1.));
#10791=DIRECTION('center_axis',(2.85687786265432E-15,2.85687786265432E-15,
1.));
#10792=DIRECTION('ref_axis',(-0.707106781186547,-0.707106781186548,4.0402354194092E-15));
#10793=DIRECTION('',(0.707106781186547,0.707106781186548,-4.0402354194092E-15));
#10794=DIRECTION('',(0.707106781186548,-0.707106781186547,0.));
#10795=DIRECTION('',(-0.707106781186547,-0.707106781186548,4.0402354194092E-15));
#10796=DIRECTION('',(0.707106781186548,-0.707106781186547,0.));
#10797=DIRECTION('center_axis',(2.85687786265432E-15,2.85687786265432E-15,
1.));
#10798=DIRECTION('ref_axis',(-0.707106781186547,-0.707106781186548,4.0402354194092E-15));
#10799=DIRECTION('',(-0.707106781186547,-0.707106781186548,4.0402354194092E-15));
#10800=DIRECTION('',(0.707106781186548,-0.707106781186547,0.));
#10801=DIRECTION('',(0.707106781186547,0.707106781186548,-4.0402354194092E-15));
#10802=DIRECTION('',(0.707106781186548,-0.707106781186547,0.));
#10803=DIRECTION('center_axis',(0.707106781186548,-0.707106781186547,0.));
#10804=DIRECTION('ref_axis',(6.28036983473512E-15,6.28036983473512E-15,
-1.));
#10805=DIRECTION('center_axis',(-0.707106781186548,0.707106781186547,0.));
#10806=DIRECTION('ref_axis',(6.28036983473512E-15,6.28036983473512E-15,
-1.));
#10807=DIRECTION('',(0.707106781186548,-0.707106781186547,0.));
#10808=DIRECTION('center_axis',(0.707106781186548,-0.707106781186547,0.));
#10809=DIRECTION('ref_axis',(6.28036983473512E-15,6.28036983473512E-15,
-1.));
#10810=DIRECTION('center_axis',(0.707106781186548,-0.707106781186547,0.));
#10811=DIRECTION('ref_axis',(6.28036983473512E-15,6.28036983473512E-15,
-1.));
#10812=DIRECTION('center_axis',(0.707106781186548,-0.707106781186547,0.));
#10813=DIRECTION('ref_axis',(6.28036983473512E-15,6.28036983473512E-15,
-1.));
#10814=DIRECTION('center_axis',(-0.707106781186548,0.707106781186547,0.));
#10815=DIRECTION('ref_axis',(6.28036983473512E-15,6.28036983473512E-15,
-1.));
#10816=DIRECTION('',(0.707106781186548,-0.707106781186547,0.));
#10817=DIRECTION('center_axis',(0.707106781186548,-0.707106781186547,0.));
#10818=DIRECTION('ref_axis',(0.,0.,1.));
#10819=DIRECTION('center_axis',(-0.707106781186548,0.707106781186547,0.));
#10820=DIRECTION('ref_axis',(0.,0.,1.));
#10821=DIRECTION('center_axis',(0.707106781186548,-0.707106781186547,0.));
#10822=DIRECTION('ref_axis',(0.,0.,1.));
#10823=DIRECTION('',(0.707106781186548,-0.707106781186547,0.));
#10824=DIRECTION('center_axis',(-3.33302417309671E-15,-3.33302417309671E-15,
-1.));
#10825=DIRECTION('ref_axis',(0.707106781186547,0.707106781186548,-4.71360798931074E-15));
#10826=DIRECTION('',(-0.707106781186547,-0.707106781186548,4.71360798931074E-15));
#10827=DIRECTION('',(0.707106781186547,0.707106781186548,-4.71360798931074E-15));
#10828=DIRECTION('center_axis',(-3.33302417309671E-15,-3.33302417309671E-15,
-1.));
#10829=DIRECTION('ref_axis',(0.707106781186547,0.707106781186548,-4.71360798931074E-15));
#10830=DIRECTION('',(0.707106781186547,0.707106781186548,-4.71360798931074E-15));
#10831=DIRECTION('',(-0.707106781186547,-0.707106781186548,4.71360798931074E-15));
#10832=DIRECTION('',(0.707106781186548,-0.707106781186547,0.));
#10833=DIRECTION('center_axis',(0.707106781186548,-0.707106781186547,0.));
#10834=DIRECTION('ref_axis',(0.,0.,1.));
#10835=DIRECTION('center_axis',(0.707106781186548,-0.707106781186547,0.));
#10836=DIRECTION('ref_axis',(0.,0.,1.));
#10837=DIRECTION('center_axis',(-0.707106781186548,0.707106781186547,0.));
#10838=DIRECTION('ref_axis',(0.,0.,1.));
#10839=DIRECTION('center_axis',(0.707106781186548,-0.707106781186547,0.));
#10840=DIRECTION('ref_axis',(2.74452161777874E-12,2.74452161777874E-12,
-1.));
#10841=DIRECTION('center_axis',(-0.707106781186548,0.707106781186547,0.));
#10842=DIRECTION('ref_axis',(2.74452161777874E-12,2.74452161777874E-12,
-1.));
#10843=DIRECTION('',(0.707106781186548,-0.707106781186547,0.));
#10844=DIRECTION('center_axis',(0.707106781186548,-0.707106781186547,0.));
#10845=DIRECTION('ref_axis',(2.74452161777874E-12,2.74452161777874E-12,
-1.));
#10846=DIRECTION('',(0.707106781186548,-0.707106781186547,0.));
#10847=DIRECTION('center_axis',(0.707106781186548,-0.707106781186547,0.));
#10848=DIRECTION('ref_axis',(2.74452161777874E-12,2.74452161777874E-12,
-1.));
#10849=DIRECTION('center_axis',(0.707106781186548,-0.707106781186547,0.));
#10850=DIRECTION('ref_axis',(2.74452161777874E-12,2.74452161777874E-12,
-1.));
#10851=DIRECTION('',(0.707106781186548,-0.707106781186547,0.));
#10852=DIRECTION('center_axis',(-0.707106781186548,0.707106781186547,0.));
#10853=DIRECTION('ref_axis',(2.74452161777874E-12,2.74452161777874E-12,
-1.));
#10854=DIRECTION('',(0.707106781186548,-0.707106781186547,0.));
#10855=DIRECTION('center_axis',(2.73914925322182E-12,2.73914925322182E-12,
-1.));
#10856=DIRECTION('ref_axis',(0.707106781186547,0.707106781186548,3.87374202327044E-12));
#10857=DIRECTION('',(-0.707106781186547,-0.707106781186548,-3.87374202327044E-12));
#10858=DIRECTION('',(0.707106781186548,-0.707106781186547,0.));
#10859=DIRECTION('',(0.707106781186547,0.707106781186548,3.87374202327044E-12));
#10860=DIRECTION('center_axis',(2.73914925322182E-12,2.73914925322182E-12,
-1.));
#10861=DIRECTION('ref_axis',(0.707106781186547,0.707106781186548,3.87374202327044E-12));
#10862=DIRECTION('',(0.707106781186547,0.707106781186548,3.87374202327044E-12));
#10863=DIRECTION('',(-0.707106781186547,-0.707106781186548,-3.87374202327044E-12));
#10864=DIRECTION('',(0.707106781186548,-0.707106781186547,0.));
#10865=DIRECTION('center_axis',(-2.74293260854392E-12,-2.74293260854392E-12,
1.));
#10866=DIRECTION('ref_axis',(-0.707106781186547,-0.707106781186548,-3.87909249567823E-12));
#10867=DIRECTION('',(0.707106781186547,0.707106781186548,3.87909249567823E-12));
#10868=DIRECTION('',(-0.707106781186547,-0.707106781186548,-3.87909249567823E-12));
#10869=DIRECTION('',(0.707106781186548,-0.707106781186547,0.));
#10870=DIRECTION('center_axis',(0.707106781186548,-0.707106781186547,0.));
#10871=DIRECTION('ref_axis',(-2.738241247944E-12,-2.738241247944E-12,1.));
#10872=DIRECTION('center_axis',(-0.707106781186548,0.707106781186547,0.));
#10873=DIRECTION('ref_axis',(-2.738241247944E-12,-2.738241247944E-12,1.));
#10874=DIRECTION('center_axis',(0.707106781186548,-0.707106781186547,0.));
#10875=DIRECTION('ref_axis',(-2.738241247944E-12,-2.738241247944E-12,1.));
#10876=DIRECTION('center_axis',(0.707106781186548,-0.707106781186547,0.));
#10877=DIRECTION('ref_axis',(-2.738241247944E-12,-2.738241247944E-12,1.));
#10878=DIRECTION('center_axis',(0.707106781186548,-0.707106781186547,0.));
#10879=DIRECTION('ref_axis',(-2.738241247944E-12,-2.738241247944E-12,1.));
#10880=DIRECTION('center_axis',(-0.707106781186548,0.707106781186547,0.));
#10881=DIRECTION('ref_axis',(-2.738241247944E-12,-2.738241247944E-12,1.));
#10882=DIRECTION('',(0.707106781186548,-0.707106781186547,0.));
#10883=DIRECTION('center_axis',(-2.74293260854392E-12,-2.74293260854392E-12,
1.));
#10884=DIRECTION('ref_axis',(-0.707106781186547,-0.707106781186548,-3.87909249567823E-12));
#10885=DIRECTION('',(-0.707106781186547,-0.707106781186548,-3.87909249567823E-12));
#10886=DIRECTION('',(0.707106781186547,0.707106781186548,3.87909249567823E-12));
#10887=DIRECTION('center_axis',(1.7346684151964E-12,1.7346684151964E-12,
1.));
#10888=DIRECTION('ref_axis',(-0.707106781186547,-0.707106781186548,2.45319159899099E-12));
#10889=DIRECTION('',(0.707106781186547,0.707106781186548,-2.45319159899099E-12));
#10890=DIRECTION('',(0.707106781186548,-0.707106781186547,0.));
#10891=DIRECTION('',(-0.707106781186547,-0.707106781186548,2.45319159899099E-12));
#10892=DIRECTION('',(0.707106781186548,-0.707106781186547,0.));
#10893=DIRECTION('center_axis',(1.7346684151964E-12,1.7346684151964E-12,
1.));
#10894=DIRECTION('ref_axis',(-0.707106781186547,-0.707106781186548,2.45319159899099E-12));
#10895=DIRECTION('',(-0.707106781186547,-0.707106781186548,2.45319159899099E-12));
#10896=DIRECTION('',(0.707106781186548,-0.707106781186547,0.));
#10897=DIRECTION('',(0.707106781186547,0.707106781186548,-2.45319159899099E-12));
#10898=DIRECTION('',(0.707106781186548,-0.707106781186547,0.));
#10899=DIRECTION('center_axis',(0.707106781186548,-0.707106781186547,0.));
#10900=DIRECTION('ref_axis',(-6.28036983486741E-15,-6.28036983486741E-15,
-1.));
#10901=DIRECTION('center_axis',(-0.707106781186548,0.707106781186547,0.));
#10902=DIRECTION('ref_axis',(-6.28036983486741E-15,-6.28036983486741E-15,
-1.));
#10903=DIRECTION('',(0.707106781186548,-0.707106781186547,0.));
#10904=DIRECTION('center_axis',(0.707106781186548,-0.707106781186547,0.));
#10905=DIRECTION('ref_axis',(-6.28036983486741E-15,-6.28036983486741E-15,
-1.));
#10906=DIRECTION('center_axis',(0.707106781186548,-0.707106781186547,0.));
#10907=DIRECTION('ref_axis',(-6.28036983486741E-15,-6.28036983486741E-15,
-1.));
#10908=DIRECTION('center_axis',(0.707106781186548,-0.707106781186547,0.));
#10909=DIRECTION('ref_axis',(-6.28036983486741E-15,-6.28036983486741E-15,
-1.));
#10910=DIRECTION('center_axis',(-0.707106781186548,0.707106781186547,0.));
#10911=DIRECTION('ref_axis',(-6.28036983486741E-15,-6.28036983486741E-15,
-1.));
#10912=DIRECTION('',(0.707106781186548,-0.707106781186547,0.));
#10913=DIRECTION('center_axis',(0.707106781186548,-0.707106781186547,0.));
#10914=DIRECTION('ref_axis',(1.25607396697345E-14,1.25607396697345E-14,
1.));
#10915=DIRECTION('center_axis',(-0.707106781186548,0.707106781186547,0.));
#10916=DIRECTION('ref_axis',(1.25607396697345E-14,1.25607396697345E-14,
1.));
#10917=DIRECTION('center_axis',(0.707106781186548,-0.707106781186547,0.));
#10918=DIRECTION('ref_axis',(1.25607396697345E-14,1.25607396697345E-14,
1.));
#10919=DIRECTION('',(0.707106781186548,-0.707106781186547,0.));
#10920=DIRECTION('center_axis',(-7.56671064425914E-15,-7.56671064425914E-15,
-1.));
#10921=DIRECTION('ref_axis',(0.707106781186547,0.707106781186548,-1.07009448156641E-14));
#10922=DIRECTION('',(-0.707106781186547,-0.707106781186548,1.07009448156641E-14));
#10923=DIRECTION('',(0.707106781186547,0.707106781186548,-1.07009448156641E-14));
#10924=DIRECTION('center_axis',(-7.56671064425914E-15,-7.56671064425914E-15,
-1.));
#10925=DIRECTION('ref_axis',(0.707106781186547,0.707106781186548,-1.07009448156641E-14));
#10926=DIRECTION('',(0.707106781186547,0.707106781186548,-1.07009448156641E-14));
#10927=DIRECTION('',(-0.707106781186547,-0.707106781186548,1.07009448156641E-14));
#10928=DIRECTION('',(0.707106781186548,-0.707106781186547,0.));
#10929=DIRECTION('center_axis',(0.707106781186548,-0.707106781186547,0.));
#10930=DIRECTION('ref_axis',(1.25607396697345E-14,1.25607396697345E-14,
1.));
#10931=DIRECTION('center_axis',(0.707106781186548,-0.707106781186547,0.));
#10932=DIRECTION('ref_axis',(1.25607396697345E-14,1.25607396697345E-14,
1.));
#10933=DIRECTION('center_axis',(-0.707106781186548,0.707106781186547,0.));
#10934=DIRECTION('ref_axis',(1.25607396697345E-14,1.25607396697345E-14,
1.));
#10935=DIRECTION('center_axis',(0.707106781186548,-0.707106781186547,0.));
#10936=DIRECTION('ref_axis',(-6.28036983486738E-15,-6.28036983486738E-15,
-1.));
#10937=DIRECTION('center_axis',(-0.707106781186548,0.707106781186547,0.));
#10938=DIRECTION('ref_axis',(-6.28036983486738E-15,-6.28036983486738E-15,
-1.));
#10939=DIRECTION('',(0.707106781186548,-0.707106781186547,0.));
#10940=DIRECTION('center_axis',(0.707106781186548,-0.707106781186547,0.));
#10941=DIRECTION('ref_axis',(-6.28036983486738E-15,-6.28036983486738E-15,
-1.));
#10942=DIRECTION('',(0.707106781186548,-0.707106781186547,0.));
#10943=DIRECTION('center_axis',(0.707106781186548,-0.707106781186547,0.));
#10944=DIRECTION('ref_axis',(-6.28036983486738E-15,-6.28036983486738E-15,
-1.));
#10945=DIRECTION('center_axis',(0.707106781186548,-0.707106781186547,0.));
#10946=DIRECTION('ref_axis',(-6.28036983486738E-15,-6.28036983486738E-15,
-1.));
#10947=DIRECTION('',(0.707106781186548,-0.707106781186547,0.));
#10948=DIRECTION('center_axis',(-0.707106781186548,0.707106781186547,0.));
#10949=DIRECTION('ref_axis',(-6.28036983486738E-15,-6.28036983486738E-15,
-1.));
#10950=DIRECTION('',(0.707106781186548,-0.707106781186547,0.));
#10951=DIRECTION('center_axis',(-7.56671064425914E-15,-7.56671064425914E-15,
-1.));
#10952=DIRECTION('ref_axis',(0.707106781186547,0.707106781186548,-1.07009448156641E-14));
#10953=DIRECTION('',(-0.707106781186547,-0.707106781186548,1.07009448156641E-14));
#10954=DIRECTION('',(0.707106781186548,-0.707106781186547,0.));
#10955=DIRECTION('',(0.707106781186547,0.707106781186548,-1.07009448156641E-14));
#10956=DIRECTION('center_axis',(-7.56671064425914E-15,-7.56671064425914E-15,
-1.));
#10957=DIRECTION('ref_axis',(0.707106781186547,0.707106781186548,-1.07009448156641E-14));
#10958=DIRECTION('',(0.707106781186547,0.707106781186548,-1.07009448156641E-14));
#10959=DIRECTION('',(-0.707106781186547,-0.707106781186548,1.07009448156641E-14));
#10960=DIRECTION('',(0.707106781186548,-0.707106781186547,0.));
#10961=DIRECTION('center_axis',(1.73277673753533E-12,1.73277673753533E-12,
1.));
#10962=DIRECTION('ref_axis',(-0.707106781186547,-0.707106781186548,2.45051636278707E-12));
#10963=DIRECTION('',(0.707106781186547,0.707106781186548,-2.45051636278707E-12));
#10964=DIRECTION('',(-0.707106781186547,-0.707106781186548,2.45051636278707E-12));
#10965=DIRECTION('',(0.707106781186548,-0.707106781186547,0.));
#10966=DIRECTION('center_axis',(0.707106781186548,-0.707106781186547,0.));
#10967=DIRECTION('ref_axis',(1.25607396697345E-14,1.25607396697345E-14,
1.));
#10968=DIRECTION('center_axis',(-0.707106781186548,0.707106781186547,0.));
#10969=DIRECTION('ref_axis',(1.25607396697345E-14,1.25607396697345E-14,
1.));
#10970=DIRECTION('center_axis',(0.707106781186548,-0.707106781186547,0.));
#10971=DIRECTION('ref_axis',(1.25607396697345E-14,1.25607396697345E-14,
1.));
#10972=DIRECTION('center_axis',(0.707106781186548,-0.707106781186547,0.));
#10973=DIRECTION('ref_axis',(1.25607396697345E-14,1.25607396697345E-14,
1.));
#10974=DIRECTION('center_axis',(0.707106781186548,-0.707106781186547,0.));
#10975=DIRECTION('ref_axis',(1.25607396697345E-14,1.25607396697345E-14,
1.));
#10976=DIRECTION('center_axis',(-0.707106781186548,0.707106781186547,0.));
#10977=DIRECTION('ref_axis',(1.25607396697345E-14,1.25607396697345E-14,
1.));
#10978=DIRECTION('',(0.707106781186548,-0.707106781186547,0.));
#10979=DIRECTION('center_axis',(1.73277673753533E-12,1.73277673753533E-12,
1.));
#10980=DIRECTION('ref_axis',(-0.707106781186547,-0.707106781186548,2.45051636278707E-12));
#10981=DIRECTION('',(-0.707106781186547,-0.707106781186548,2.45051636278707E-12));
#10982=DIRECTION('',(0.707106781186547,0.707106781186548,-2.45051636278707E-12));
#10983=DIRECTION('center_axis',(0.707106781186548,-0.707106781186547,0.));
#10984=DIRECTION('ref_axis',(3.51619993577666E-5,3.51619993577667E-5,0.999999998763634));
#10985=DIRECTION('center_axis',(-0.707106781186548,0.707106781186547,0.));
#10986=DIRECTION('ref_axis',(3.51619993577666E-5,3.51619993577667E-5,0.999999998763634));
#10987=DIRECTION('',(0.707106781186548,-0.707106781186547,0.));
#10988=DIRECTION('center_axis',(0.707106781186548,-0.707106781186547,0.));
#10989=DIRECTION('ref_axis',(3.51619993577666E-5,3.51619993577667E-5,0.999999998763634));
#10990=DIRECTION('',(0.707106781186548,-0.707106781186547,0.));
#10991=DIRECTION('center_axis',(0.707106781186548,-0.707106781186547,0.));
#10992=DIRECTION('ref_axis',(3.51619993577666E-5,3.51619993577667E-5,0.999999998763634));
#10993=DIRECTION('center_axis',(0.707106781186548,-0.707106781186547,0.));
#10994=DIRECTION('ref_axis',(3.51619993577666E-5,3.51619993577667E-5,0.999999998763634));
#10995=DIRECTION('',(0.707106781186548,-0.707106781186547,0.));
#10996=DIRECTION('center_axis',(-0.707106781186548,0.707106781186547,0.));
#10997=DIRECTION('ref_axis',(3.51619993577666E-5,3.51619993577667E-5,0.999999998763634));
#10998=DIRECTION('',(0.707106781186548,-0.707106781186547,0.));
#10999=DIRECTION('center_axis',(3.51619993557469E-5,3.51619993557469E-5,
0.999999998763634));
#11000=DIRECTION('ref_axis',(-0.707106780312304,-0.707106780312305,4.97265763690513E-5));
#11001=DIRECTION('',(0.707106780312304,0.707106780312305,-4.97265763690513E-5));
#11002=DIRECTION('',(0.707106781186548,-0.707106781186547,0.));
#11003=DIRECTION('',(-0.707106780312304,-0.707106780312305,4.97265763690513E-5));
#11004=DIRECTION('center_axis',(3.51619993557469E-5,3.51619993557469E-5,
0.999999998763634));
#11005=DIRECTION('ref_axis',(-0.707106780312304,-0.707106780312305,4.97265763690513E-5));
#11006=DIRECTION('',(-0.707106780312304,-0.707106780312305,4.97265763690513E-5));
#11007=DIRECTION('',(0.707106780312304,0.707106780312305,-4.97265763690513E-5));
#11008=DIRECTION('',(0.707106781186548,-0.707106781186547,0.));
#11009=DIRECTION('center_axis',(3.51619934415336E-5,3.51619934415337E-5,
-0.999999998763634));
#11010=DIRECTION('ref_axis',(0.707106780312305,0.707106780312305,4.97265680050907E-5));
#11011=DIRECTION('',(-0.707106780312305,-0.707106780312305,-4.97265680050907E-5));
#11012=DIRECTION('',(0.707106780312305,0.707106780312305,4.97265680050907E-5));
#11013=DIRECTION('',(0.707106781186548,-0.707106781186547,0.));
#11014=DIRECTION('center_axis',(0.707106781186548,-0.707106781186547,0.));
#11015=DIRECTION('ref_axis',(-0.707106781186547,-0.707106781186548,4.17984050617724E-12));
#11016=DIRECTION('center_axis',(-0.707106781186548,0.707106781186547,0.));
#11017=DIRECTION('ref_axis',(3.51619934418578E-5,3.51619934418579E-5,-0.999999998763634));
#11018=DIRECTION('center_axis',(0.707106781186548,-0.707106781186547,0.));
#11019=DIRECTION('ref_axis',(3.51619934418578E-5,3.51619934418579E-5,-0.999999998763634));
#11020=DIRECTION('center_axis',(0.707106781186548,-0.707106781186547,0.));
#11021=DIRECTION('ref_axis',(-0.707106781186547,-0.707106781186548,4.17984050617724E-12));
#11022=DIRECTION('center_axis',(0.707106781186548,-0.707106781186547,0.));
#11023=DIRECTION('ref_axis',(3.51619934418578E-5,3.51619934418579E-5,-0.999999998763634));
#11024=DIRECTION('center_axis',(-0.707106781186548,0.707106781186547,0.));
#11025=DIRECTION('ref_axis',(3.51619934418578E-5,3.51619934418579E-5,-0.999999998763634));
#11026=DIRECTION('',(0.707106781186548,-0.707106781186547,0.));
#11027=DIRECTION('center_axis',(3.51619934415336E-5,3.51619934415337E-5,
-0.999999998763634));
#11028=DIRECTION('ref_axis',(0.707106780312305,0.707106780312305,4.97265680050907E-5));
#11029=DIRECTION('',(0.707106780312305,0.707106780312305,4.97265680050907E-5));
#11030=DIRECTION('',(-0.707106780312305,-0.707106780312305,-4.97265680050907E-5));
#11031=DIRECTION('center_axis',(0.707106781186548,-0.707106781186547,0.));
#11032=DIRECTION('ref_axis',(3.51619993577666E-5,3.51619993577667E-5,0.999999998763634));
#11033=DIRECTION('center_axis',(-0.707106781186548,0.707106781186547,0.));
#11034=DIRECTION('ref_axis',(3.51619993577666E-5,3.51619993577667E-5,0.999999998763634));
#11035=DIRECTION('',(0.707106781186548,-0.707106781186547,0.));
#11036=DIRECTION('center_axis',(0.707106781186548,-0.707106781186547,0.));
#11037=DIRECTION('ref_axis',(3.51619993577666E-5,3.51619993577667E-5,0.999999998763634));
#11038=DIRECTION('',(0.707106781186548,-0.707106781186547,0.));
#11039=DIRECTION('center_axis',(0.707106781186548,-0.707106781186547,0.));
#11040=DIRECTION('ref_axis',(3.51619993577666E-5,3.51619993577667E-5,0.999999998763634));
#11041=DIRECTION('center_axis',(0.707106781186548,-0.707106781186547,0.));
#11042=DIRECTION('ref_axis',(3.51619993577666E-5,3.51619993577667E-5,0.999999998763634));
#11043=DIRECTION('',(0.707106781186548,-0.707106781186547,0.));
#11044=DIRECTION('center_axis',(-0.707106781186548,0.707106781186547,0.));
#11045=DIRECTION('ref_axis',(3.51619993577666E-5,3.51619993577667E-5,0.999999998763634));
#11046=DIRECTION('',(0.707106781186548,-0.707106781186547,0.));
#11047=DIRECTION('center_axis',(3.51619993557469E-5,3.51619993557469E-5,
0.999999998763634));
#11048=DIRECTION('ref_axis',(-0.707106780312304,-0.707106780312305,4.97265763690513E-5));
#11049=DIRECTION('',(0.707106780312304,0.707106780312305,-4.97265763690513E-5));
#11050=DIRECTION('',(0.707106781186548,-0.707106781186547,0.));
#11051=DIRECTION('',(-0.707106780312304,-0.707106780312305,4.97265763690513E-5));
#11052=DIRECTION('center_axis',(3.51619993557469E-5,3.51619993557469E-5,
0.999999998763634));
#11053=DIRECTION('ref_axis',(-0.707106780312304,-0.707106780312305,4.97265763690513E-5));
#11054=DIRECTION('',(-0.707106780312304,-0.707106780312305,4.97265763690513E-5));
#11055=DIRECTION('',(0.707106780312304,0.707106780312305,-4.97265763690513E-5));
#11056=DIRECTION('',(0.707106781186548,-0.707106781186547,0.));
#11057=DIRECTION('center_axis',(3.51619934415336E-5,3.51619934415337E-5,
-0.999999998763634));
#11058=DIRECTION('ref_axis',(0.707106780312305,0.707106780312305,4.97265680050907E-5));
#11059=DIRECTION('',(-0.707106780312305,-0.707106780312305,-4.97265680050907E-5));
#11060=DIRECTION('',(0.707106780312305,0.707106780312305,4.97265680050907E-5));
#11061=DIRECTION('',(0.707106781186548,-0.707106781186547,0.));
#11062=DIRECTION('center_axis',(0.707106781186548,-0.707106781186547,0.));
#11063=DIRECTION('ref_axis',(-0.707106781186547,-0.707106781186548,4.17984050617724E-12));
#11064=DIRECTION('center_axis',(-0.707106781186548,0.707106781186547,0.));
#11065=DIRECTION('ref_axis',(3.51619934418578E-5,3.51619934418579E-5,-0.999999998763634));
#11066=DIRECTION('center_axis',(0.707106781186548,-0.707106781186547,0.));
#11067=DIRECTION('ref_axis',(3.51619934418578E-5,3.51619934418579E-5,-0.999999998763634));
#11068=DIRECTION('center_axis',(0.707106781186548,-0.707106781186547,0.));
#11069=DIRECTION('ref_axis',(-0.707106781186547,-0.707106781186548,4.17984050617724E-12));
#11070=DIRECTION('center_axis',(0.707106781186548,-0.707106781186547,0.));
#11071=DIRECTION('ref_axis',(3.51619934418578E-5,3.51619934418579E-5,-0.999999998763634));
#11072=DIRECTION('center_axis',(-0.707106781186548,0.707106781186547,0.));
#11073=DIRECTION('ref_axis',(3.51619934418578E-5,3.51619934418579E-5,-0.999999998763634));
#11074=DIRECTION('',(0.707106781186548,-0.707106781186547,0.));
#11075=DIRECTION('center_axis',(3.51619934415336E-5,3.51619934415337E-5,
-0.999999998763634));
#11076=DIRECTION('ref_axis',(0.707106780312305,0.707106780312305,4.97265680050907E-5));
#11077=DIRECTION('',(0.707106780312305,0.707106780312305,4.97265680050907E-5));
#11078=DIRECTION('',(-0.707106780312305,-0.707106780312305,-4.97265680050907E-5));
#11079=DIRECTION('center_axis',(0.707106781186548,-0.707106781186547,0.));
#11080=DIRECTION('ref_axis',(3.51619993577666E-5,3.51619993577667E-5,0.999999998763634));
#11081=DIRECTION('center_axis',(-0.707106781186548,0.707106781186547,0.));
#11082=DIRECTION('ref_axis',(3.51619993577666E-5,3.51619993577667E-5,0.999999998763634));
#11083=DIRECTION('',(0.707106781186548,-0.707106781186547,0.));
#11084=DIRECTION('center_axis',(0.707106781186548,-0.707106781186547,0.));
#11085=DIRECTION('ref_axis',(3.51619993577666E-5,3.51619993577667E-5,0.999999998763634));
#11086=DIRECTION('',(0.707106781186548,-0.707106781186547,0.));
#11087=DIRECTION('center_axis',(0.707106781186548,-0.707106781186547,0.));
#11088=DIRECTION('ref_axis',(3.51619993577666E-5,3.51619993577667E-5,0.999999998763634));
#11089=DIRECTION('center_axis',(0.707106781186548,-0.707106781186547,0.));
#11090=DIRECTION('ref_axis',(3.51619993577666E-5,3.51619993577667E-5,0.999999998763634));
#11091=DIRECTION('',(0.707106781186548,-0.707106781186547,0.));
#11092=DIRECTION('center_axis',(-0.707106781186548,0.707106781186547,0.));
#11093=DIRECTION('ref_axis',(3.51619993577666E-5,3.51619993577667E-5,0.999999998763634));
#11094=DIRECTION('',(0.707106781186548,-0.707106781186547,0.));
#11095=DIRECTION('center_axis',(3.51619993557469E-5,3.51619993557469E-5,
0.999999998763634));
#11096=DIRECTION('ref_axis',(-0.707106780312304,-0.707106780312305,4.97265763690513E-5));
#11097=DIRECTION('',(0.707106780312304,0.707106780312305,-4.97265763690513E-5));
#11098=DIRECTION('',(0.707106781186548,-0.707106781186547,0.));
#11099=DIRECTION('',(-0.707106780312304,-0.707106780312305,4.97265763690513E-5));
#11100=DIRECTION('center_axis',(3.51619993557469E-5,3.51619993557469E-5,
0.999999998763634));
#11101=DIRECTION('ref_axis',(-0.707106780312304,-0.707106780312305,4.97265763690513E-5));
#11102=DIRECTION('',(-0.707106780312304,-0.707106780312305,4.97265763690513E-5));
#11103=DIRECTION('',(0.707106780312304,0.707106780312305,-4.97265763690513E-5));
#11104=DIRECTION('',(0.707106781186548,-0.707106781186547,0.));
#11105=DIRECTION('center_axis',(3.51619934415336E-5,3.51619934415337E-5,
-0.999999998763634));
#11106=DIRECTION('ref_axis',(0.707106780312305,0.707106780312305,4.97265680050907E-5));
#11107=DIRECTION('',(-0.707106780312305,-0.707106780312305,-4.97265680050907E-5));
#11108=DIRECTION('',(0.707106780312305,0.707106780312305,4.97265680050907E-5));
#11109=DIRECTION('',(0.707106781186548,-0.707106781186547,0.));
#11110=DIRECTION('center_axis',(0.707106781186548,-0.707106781186547,0.));
#11111=DIRECTION('ref_axis',(-0.707106781186547,-0.707106781186548,4.17984050617724E-12));
#11112=DIRECTION('center_axis',(-0.707106781186548,0.707106781186547,0.));
#11113=DIRECTION('ref_axis',(3.51619934418578E-5,3.51619934418579E-5,-0.999999998763634));
#11114=DIRECTION('center_axis',(0.707106781186548,-0.707106781186547,0.));
#11115=DIRECTION('ref_axis',(3.51619934418578E-5,3.51619934418579E-5,-0.999999998763634));
#11116=DIRECTION('center_axis',(0.707106781186548,-0.707106781186547,0.));
#11117=DIRECTION('ref_axis',(-0.707106781186547,-0.707106781186548,4.17984050617724E-12));
#11118=DIRECTION('center_axis',(0.707106781186548,-0.707106781186547,0.));
#11119=DIRECTION('ref_axis',(3.51619934418578E-5,3.51619934418579E-5,-0.999999998763634));
#11120=DIRECTION('center_axis',(-0.707106781186548,0.707106781186547,0.));
#11121=DIRECTION('ref_axis',(3.51619934418578E-5,3.51619934418579E-5,-0.999999998763634));
#11122=DIRECTION('',(0.707106781186548,-0.707106781186547,0.));
#11123=DIRECTION('center_axis',(3.51619934415336E-5,3.51619934415337E-5,
-0.999999998763634));
#11124=DIRECTION('ref_axis',(0.707106780312305,0.707106780312305,4.97265680050907E-5));
#11125=DIRECTION('',(0.707106780312305,0.707106780312305,4.97265680050907E-5));
#11126=DIRECTION('',(-0.707106780312305,-0.707106780312305,-4.97265680050907E-5));
#11127=DIRECTION('center_axis',(0.707106781186548,-0.707106781186547,0.));
#11128=DIRECTION('ref_axis',(3.51619993577666E-5,3.51619993577667E-5,0.999999998763634));
#11129=DIRECTION('center_axis',(-0.707106781186548,0.707106781186547,0.));
#11130=DIRECTION('ref_axis',(3.51619993577666E-5,3.51619993577667E-5,0.999999998763634));
#11131=DIRECTION('',(0.707106781186548,-0.707106781186547,0.));
#11132=DIRECTION('center_axis',(0.707106781186548,-0.707106781186547,0.));
#11133=DIRECTION('ref_axis',(3.51619993577666E-5,3.51619993577667E-5,0.999999998763634));
#11134=DIRECTION('',(0.707106781186548,-0.707106781186547,0.));
#11135=DIRECTION('center_axis',(0.707106781186548,-0.707106781186547,0.));
#11136=DIRECTION('ref_axis',(3.51619993577666E-5,3.51619993577667E-5,0.999999998763634));
#11137=DIRECTION('center_axis',(0.707106781186548,-0.707106781186547,0.));
#11138=DIRECTION('ref_axis',(3.51619993577666E-5,3.51619993577667E-5,0.999999998763634));
#11139=DIRECTION('',(0.707106781186548,-0.707106781186547,0.));
#11140=DIRECTION('center_axis',(-0.707106781186548,0.707106781186547,0.));
#11141=DIRECTION('ref_axis',(3.51619993577666E-5,3.51619993577667E-5,0.999999998763634));
#11142=DIRECTION('',(0.707106781186548,-0.707106781186547,0.));
#11143=DIRECTION('center_axis',(3.51619993552707E-5,3.51619993552707E-5,
0.999999998763634));
#11144=DIRECTION('ref_axis',(-0.707106780312304,-0.707106780312305,4.97265763683779E-5));
#11145=DIRECTION('',(0.707106780312304,0.707106780312305,-4.97265763683779E-5));
#11146=DIRECTION('',(0.707106781186548,-0.707106781186547,0.));
#11147=DIRECTION('',(-0.707106780312304,-0.707106780312305,4.97265763683779E-5));
#11148=DIRECTION('center_axis',(3.51619993552707E-5,3.51619993552707E-5,
0.999999998763634));
#11149=DIRECTION('ref_axis',(-0.707106780312304,-0.707106780312305,4.97265763683779E-5));
#11150=DIRECTION('',(-0.707106780312304,-0.707106780312305,4.97265763683779E-5));
#11151=DIRECTION('',(0.707106780312304,0.707106780312305,-4.97265763683779E-5));
#11152=DIRECTION('',(0.707106781186548,-0.707106781186547,0.));
#11153=DIRECTION('center_axis',(3.51619934415336E-5,3.51619934415337E-5,
-0.999999998763634));
#11154=DIRECTION('ref_axis',(0.707106780312305,0.707106780312305,4.97265680050907E-5));
#11155=DIRECTION('',(-0.707106780312305,-0.707106780312305,-4.97265680050907E-5));
#11156=DIRECTION('',(0.707106780312305,0.707106780312305,4.97265680050907E-5));
#11157=DIRECTION('',(0.707106781186548,-0.707106781186547,0.));
#11158=DIRECTION('center_axis',(0.707106781186548,-0.707106781186547,0.));
#11159=DIRECTION('ref_axis',(-0.707106781186547,-0.707106781186548,4.17984072633359E-12));
#11160=DIRECTION('center_axis',(-0.707106781186548,0.707106781186547,0.));
#11161=DIRECTION('ref_axis',(3.51619934418577E-5,3.51619934418577E-5,-0.999999998763634));
#11162=DIRECTION('center_axis',(0.707106781186548,-0.707106781186547,0.));
#11163=DIRECTION('ref_axis',(3.51619934418577E-5,3.51619934418577E-5,-0.999999998763634));
#11164=DIRECTION('center_axis',(0.707106781186548,-0.707106781186547,0.));
#11165=DIRECTION('ref_axis',(-0.707106781186547,-0.707106781186548,4.17984072633359E-12));
#11166=DIRECTION('center_axis',(0.707106781186548,-0.707106781186547,0.));
#11167=DIRECTION('ref_axis',(3.51619934418577E-5,3.51619934418577E-5,-0.999999998763634));
#11168=DIRECTION('center_axis',(-0.707106781186548,0.707106781186547,0.));
#11169=DIRECTION('ref_axis',(3.51619934418577E-5,3.51619934418577E-5,-0.999999998763634));
#11170=DIRECTION('',(0.707106781186548,-0.707106781186547,0.));
#11171=DIRECTION('center_axis',(3.51619934415336E-5,3.51619934415337E-5,
-0.999999998763634));
#11172=DIRECTION('ref_axis',(0.707106780312305,0.707106780312305,4.97265680050907E-5));
#11173=DIRECTION('',(0.707106780312305,0.707106780312305,4.97265680050907E-5));
#11174=DIRECTION('',(-0.707106780312305,-0.707106780312305,-4.97265680050907E-5));
#11175=DIRECTION('center_axis',(0.707106781186548,-0.707106781186547,0.));
#11176=DIRECTION('ref_axis',(-6.28036983486743E-15,-6.28036983486744E-15,
-1.));
#11177=DIRECTION('center_axis',(-0.707106781186548,0.707106781186547,0.));
#11178=DIRECTION('ref_axis',(-6.28036983486743E-15,-6.28036983486744E-15,
-1.));
#11179=DIRECTION('',(0.707106781186548,-0.707106781186547,0.));
#11180=DIRECTION('center_axis',(0.707106781186548,-0.707106781186547,0.));
#11181=DIRECTION('ref_axis',(-6.28036983486743E-15,-6.28036983486744E-15,
-1.));
#11182=DIRECTION('',(0.707106781186548,-0.707106781186547,0.));
#11183=DIRECTION('center_axis',(0.707106781186548,-0.707106781186547,0.));
#11184=DIRECTION('ref_axis',(-6.28036983486743E-15,-6.28036983486744E-15,
-1.));
#11185=DIRECTION('center_axis',(0.707106781186548,-0.707106781186547,0.));
#11186=DIRECTION('ref_axis',(-6.28036983486743E-15,-6.28036983486744E-15,
-1.));
#11187=DIRECTION('',(0.707106781186548,-0.707106781186547,0.));
#11188=DIRECTION('center_axis',(-0.707106781186548,0.707106781186547,0.));
#11189=DIRECTION('ref_axis',(-6.28036983486743E-15,-6.28036983486744E-15,
-1.));
#11190=DIRECTION('',(0.707106781186548,-0.707106781186547,0.));
#11191=DIRECTION('center_axis',(-7.56671064425914E-15,-7.56671064425914E-15,
-1.));
#11192=DIRECTION('ref_axis',(0.707106781186547,0.707106781186548,-1.07009448156641E-14));
#11193=DIRECTION('',(-0.707106781186547,-0.707106781186548,1.07009448156641E-14));
#11194=DIRECTION('',(0.707106781186548,-0.707106781186547,0.));
#11195=DIRECTION('',(0.707106781186547,0.707106781186548,-1.07009448156641E-14));
#11196=DIRECTION('center_axis',(-7.56671064425914E-15,-7.56671064425914E-15,
-1.));
#11197=DIRECTION('ref_axis',(0.707106781186547,0.707106781186548,-1.07009448156641E-14));
#11198=DIRECTION('',(0.707106781186547,0.707106781186548,-1.07009448156641E-14));
#11199=DIRECTION('',(-0.707106781186547,-0.707106781186548,1.07009448156641E-14));
#11200=DIRECTION('',(0.707106781186548,-0.707106781186547,0.));
#11201=DIRECTION('center_axis',(1.73277673753533E-12,1.73277673753533E-12,
1.));
#11202=DIRECTION('ref_axis',(-0.707106781186547,-0.707106781186548,2.45051636278707E-12));
#11203=DIRECTION('',(0.707106781186547,0.707106781186548,-2.45051636278707E-12));
#11204=DIRECTION('',(-0.707106781186547,-0.707106781186548,2.45051636278707E-12));
#11205=DIRECTION('',(0.707106781186548,-0.707106781186547,0.));
#11206=DIRECTION('center_axis',(0.707106781186548,-0.707106781186547,0.));
#11207=DIRECTION('ref_axis',(1.25607396697345E-14,1.25607396697345E-14,
1.));
#11208=DIRECTION('center_axis',(-0.707106781186548,0.707106781186547,0.));
#11209=DIRECTION('ref_axis',(1.25607396697345E-14,1.25607396697345E-14,
1.));
#11210=DIRECTION('center_axis',(0.707106781186548,-0.707106781186547,0.));
#11211=DIRECTION('ref_axis',(1.25607396697345E-14,1.25607396697345E-14,
1.));
#11212=DIRECTION('center_axis',(0.707106781186548,-0.707106781186547,0.));
#11213=DIRECTION('ref_axis',(1.25607396697345E-14,1.25607396697345E-14,
1.));
#11214=DIRECTION('center_axis',(0.707106781186548,-0.707106781186547,0.));
#11215=DIRECTION('ref_axis',(1.25607396697345E-14,1.25607396697345E-14,
1.));
#11216=DIRECTION('center_axis',(-0.707106781186548,0.707106781186547,0.));
#11217=DIRECTION('ref_axis',(1.25607396697345E-14,1.25607396697345E-14,
1.));
#11218=DIRECTION('',(0.707106781186548,-0.707106781186547,0.));
#11219=DIRECTION('center_axis',(1.73277673753533E-12,1.73277673753533E-12,
1.));
#11220=DIRECTION('ref_axis',(-0.707106781186547,-0.707106781186548,2.45051636278707E-12));
#11221=DIRECTION('',(-0.707106781186547,-0.707106781186548,2.45051636278707E-12));
#11222=DIRECTION('',(0.707106781186547,0.707106781186548,-2.45051636278707E-12));
#11223=DIRECTION('center_axis',(-2.74293260854392E-12,-2.74293260854392E-12,
1.));
#11224=DIRECTION('ref_axis',(-0.707106781186547,-0.707106781186548,-3.87909249567823E-12));
#11225=DIRECTION('',(0.707106781186547,0.707106781186548,3.87909249567823E-12));
#11226=DIRECTION('',(0.707106781186548,-0.707106781186547,0.));
#11227=DIRECTION('',(-0.707106781186547,-0.707106781186548,-3.87909249567823E-12));
#11228=DIRECTION('',(0.707106781186548,-0.707106781186547,0.));
#11229=DIRECTION('center_axis',(-2.74293260854392E-12,-2.74293260854392E-12,
1.));
#11230=DIRECTION('ref_axis',(-0.707106781186547,-0.707106781186548,-3.87909249567823E-12));
#11231=DIRECTION('',(-0.707106781186547,-0.707106781186548,-3.87909249567823E-12));
#11232=DIRECTION('',(0.707106781186548,-0.707106781186547,0.));
#11233=DIRECTION('',(0.707106781186547,0.707106781186548,3.87909249567823E-12));
#11234=DIRECTION('',(0.707106781186548,-0.707106781186547,0.));
#11235=DIRECTION('center_axis',(0.707106781186548,-0.707106781186547,0.));
#11236=DIRECTION('ref_axis',(2.74452161777875E-12,2.74452161777875E-12,
-1.));
#11237=DIRECTION('center_axis',(-0.707106781186548,0.707106781186547,0.));
#11238=DIRECTION('ref_axis',(2.74452161777875E-12,2.74452161777875E-12,
-1.));
#11239=DIRECTION('',(0.707106781186548,-0.707106781186547,0.));
#11240=DIRECTION('center_axis',(0.707106781186548,-0.707106781186547,0.));
#11241=DIRECTION('ref_axis',(2.74452161777875E-12,2.74452161777875E-12,
-1.));
#11242=DIRECTION('center_axis',(0.707106781186548,-0.707106781186547,0.));
#11243=DIRECTION('ref_axis',(2.74452161777875E-12,2.74452161777875E-12,
-1.));
#11244=DIRECTION('center_axis',(0.707106781186548,-0.707106781186547,0.));
#11245=DIRECTION('ref_axis',(2.74452161777875E-12,2.74452161777875E-12,
-1.));
#11246=DIRECTION('center_axis',(-0.707106781186548,0.707106781186547,0.));
#11247=DIRECTION('ref_axis',(2.74452161777875E-12,2.74452161777875E-12,
-1.));
#11248=DIRECTION('',(0.707106781186548,-0.707106781186547,0.));
#11249=DIRECTION('center_axis',(0.707106781186548,-0.707106781186547,0.));
#11250=DIRECTION('ref_axis',(-2.738241247944E-12,-2.738241247944E-12,1.));
#11251=DIRECTION('center_axis',(-0.707106781186548,0.707106781186547,0.));
#11252=DIRECTION('ref_axis',(-2.738241247944E-12,-2.738241247944E-12,1.));
#11253=DIRECTION('center_axis',(0.707106781186548,-0.707106781186547,0.));
#11254=DIRECTION('ref_axis',(-2.738241247944E-12,-2.738241247944E-12,1.));
#11255=DIRECTION('',(0.707106781186548,-0.707106781186547,0.));
#11256=DIRECTION('center_axis',(2.73914925322182E-12,2.73914925322182E-12,
-1.));
#11257=DIRECTION('ref_axis',(0.707106781186547,0.707106781186548,3.87374202327044E-12));
#11258=DIRECTION('',(-0.707106781186547,-0.707106781186548,-3.87374202327044E-12));
#11259=DIRECTION('',(0.707106781186547,0.707106781186548,3.87374202327044E-12));
#11260=DIRECTION('center_axis',(2.73914925322182E-12,2.73914925322182E-12,
-1.));
#11261=DIRECTION('ref_axis',(0.707106781186547,0.707106781186548,3.87374202327044E-12));
#11262=DIRECTION('',(0.707106781186547,0.707106781186548,3.87374202327044E-12));
#11263=DIRECTION('',(-0.707106781186547,-0.707106781186548,-3.87374202327044E-12));
#11264=DIRECTION('',(0.707106781186548,-0.707106781186547,0.));
#11265=DIRECTION('center_axis',(0.707106781186548,-0.707106781186547,0.));
#11266=DIRECTION('ref_axis',(-2.738241247944E-12,-2.738241247944E-12,1.));
#11267=DIRECTION('center_axis',(0.707106781186548,-0.707106781186547,0.));
#11268=DIRECTION('ref_axis',(-2.738241247944E-12,-2.738241247944E-12,1.));
#11269=DIRECTION('center_axis',(-0.707106781186548,0.707106781186547,0.));
#11270=DIRECTION('ref_axis',(-2.738241247944E-12,-2.738241247944E-12,1.));
#11271=DIRECTION('center_axis',(0.707106781186548,-0.707106781186547,0.));
#11272=DIRECTION('ref_axis',(2.74452161777875E-12,2.74452161777875E-12,
-1.));
#11273=DIRECTION('center_axis',(-0.707106781186548,0.707106781186547,0.));
#11274=DIRECTION('ref_axis',(2.74452161777875E-12,2.74452161777875E-12,
-1.));
#11275=DIRECTION('',(0.707106781186548,-0.707106781186547,0.));
#11276=DIRECTION('center_axis',(0.707106781186548,-0.707106781186547,0.));
#11277=DIRECTION('ref_axis',(2.74452161777875E-12,2.74452161777875E-12,
-1.));
#11278=DIRECTION('',(0.707106781186548,-0.707106781186547,0.));
#11279=DIRECTION('center_axis',(0.707106781186548,-0.707106781186547,0.));
#11280=DIRECTION('ref_axis',(2.74452161777875E-12,2.74452161777875E-12,
-1.));
#11281=DIRECTION('center_axis',(0.707106781186548,-0.707106781186547,0.));
#11282=DIRECTION('ref_axis',(2.74452161777875E-12,2.74452161777875E-12,
-1.));
#11283=DIRECTION('',(0.707106781186548,-0.707106781186547,0.));
#11284=DIRECTION('center_axis',(-0.707106781186548,0.707106781186547,0.));
#11285=DIRECTION('ref_axis',(2.74452161777875E-12,2.74452161777875E-12,
-1.));
#11286=DIRECTION('',(0.707106781186548,-0.707106781186547,0.));
#11287=DIRECTION('center_axis',(2.73914925322182E-12,2.73914925322182E-12,
-1.));
#11288=DIRECTION('ref_axis',(0.707106781186547,0.707106781186548,3.87374202327044E-12));
#11289=DIRECTION('',(-0.707106781186547,-0.707106781186548,-3.87374202327044E-12));
#11290=DIRECTION('',(0.707106781186548,-0.707106781186547,0.));
#11291=DIRECTION('',(0.707106781186547,0.707106781186548,3.87374202327044E-12));
#11292=DIRECTION('center_axis',(2.73914925322182E-12,2.73914925322182E-12,
-1.));
#11293=DIRECTION('ref_axis',(0.707106781186547,0.707106781186548,3.87374202327044E-12));
#11294=DIRECTION('',(0.707106781186547,0.707106781186548,3.87374202327044E-12));
#11295=DIRECTION('',(-0.707106781186547,-0.707106781186548,-3.87374202327044E-12));
#11296=DIRECTION('',(0.707106781186548,-0.707106781186547,0.));
#11297=DIRECTION('center_axis',(-2.74293260854392E-12,-2.74293260854392E-12,
1.));
#11298=DIRECTION('ref_axis',(-0.707106781186547,-0.707106781186548,-3.87909249567823E-12));
#11299=DIRECTION('',(0.707106781186547,0.707106781186548,3.87909249567823E-12));
#11300=DIRECTION('',(-0.707106781186547,-0.707106781186548,-3.87909249567823E-12));
#11301=DIRECTION('',(0.707106781186548,-0.707106781186547,0.));
#11302=DIRECTION('center_axis',(0.707106781186548,-0.707106781186547,0.));
#11303=DIRECTION('ref_axis',(-2.738241247944E-12,-2.738241247944E-12,1.));
#11304=DIRECTION('center_axis',(-0.707106781186548,0.707106781186547,0.));
#11305=DIRECTION('ref_axis',(-2.738241247944E-12,-2.738241247944E-12,1.));
#11306=DIRECTION('center_axis',(0.707106781186548,-0.707106781186547,0.));
#11307=DIRECTION('ref_axis',(-2.738241247944E-12,-2.738241247944E-12,1.));
#11308=DIRECTION('center_axis',(0.707106781186548,-0.707106781186547,0.));
#11309=DIRECTION('ref_axis',(-2.738241247944E-12,-2.738241247944E-12,1.));
#11310=DIRECTION('center_axis',(0.707106781186548,-0.707106781186547,0.));
#11311=DIRECTION('ref_axis',(-2.738241247944E-12,-2.738241247944E-12,1.));
#11312=DIRECTION('center_axis',(-0.707106781186548,0.707106781186547,0.));
#11313=DIRECTION('ref_axis',(-2.738241247944E-12,-2.738241247944E-12,1.));
#11314=DIRECTION('',(0.707106781186548,-0.707106781186547,0.));
#11315=DIRECTION('center_axis',(-2.74293260854392E-12,-2.74293260854392E-12,
1.));
#11316=DIRECTION('ref_axis',(-0.707106781186547,-0.707106781186548,-3.87909249567823E-12));
#11317=DIRECTION('',(-0.707106781186547,-0.707106781186548,-3.87909249567823E-12));
#11318=DIRECTION('',(0.707106781186547,0.707106781186548,3.87909249567823E-12));
#11319=DIRECTION('center_axis',(2.85687786265432E-15,2.85687786265432E-15,
1.));
#11320=DIRECTION('ref_axis',(-0.707106781186547,-0.707106781186548,4.0402354194092E-15));
#11321=DIRECTION('',(0.707106781186547,0.707106781186548,-4.0402354194092E-15));
#11322=DIRECTION('',(0.707106781186548,-0.707106781186547,0.));
#11323=DIRECTION('',(-0.707106781186547,-0.707106781186548,4.0402354194092E-15));
#11324=DIRECTION('',(0.707106781186548,-0.707106781186547,0.));
#11325=DIRECTION('center_axis',(2.85687786265432E-15,2.85687786265432E-15,
1.));
#11326=DIRECTION('ref_axis',(-0.707106781186547,-0.707106781186548,4.0402354194092E-15));
#11327=DIRECTION('',(-0.707106781186547,-0.707106781186548,4.0402354194092E-15));
#11328=DIRECTION('',(0.707106781186548,-0.707106781186547,0.));
#11329=DIRECTION('',(0.707106781186547,0.707106781186548,-4.0402354194092E-15));
#11330=DIRECTION('',(0.707106781186548,-0.707106781186547,0.));
#11331=DIRECTION('center_axis',(0.707106781186548,-0.707106781186547,0.));
#11332=DIRECTION('ref_axis',(6.28036983473512E-15,6.28036983473512E-15,
-1.));
#11333=DIRECTION('center_axis',(-0.707106781186548,0.707106781186547,0.));
#11334=DIRECTION('ref_axis',(6.28036983473512E-15,6.28036983473512E-15,
-1.));
#11335=DIRECTION('',(0.707106781186548,-0.707106781186547,0.));
#11336=DIRECTION('center_axis',(0.707106781186548,-0.707106781186547,0.));
#11337=DIRECTION('ref_axis',(6.28036983473512E-15,6.28036983473512E-15,
-1.));
#11338=DIRECTION('center_axis',(0.707106781186548,-0.707106781186547,0.));
#11339=DIRECTION('ref_axis',(6.28036983473512E-15,6.28036983473512E-15,
-1.));
#11340=DIRECTION('center_axis',(0.707106781186548,-0.707106781186547,0.));
#11341=DIRECTION('ref_axis',(6.28036983473512E-15,6.28036983473512E-15,
-1.));
#11342=DIRECTION('center_axis',(-0.707106781186548,0.707106781186547,0.));
#11343=DIRECTION('ref_axis',(6.28036983473512E-15,6.28036983473512E-15,
-1.));
#11344=DIRECTION('',(0.707106781186548,-0.707106781186547,0.));
#11345=DIRECTION('center_axis',(0.707106781186548,-0.707106781186547,0.));
#11346=DIRECTION('ref_axis',(0.,0.,1.));
#11347=DIRECTION('center_axis',(-0.707106781186548,0.707106781186547,0.));
#11348=DIRECTION('ref_axis',(0.,0.,1.));
#11349=DIRECTION('center_axis',(0.707106781186548,-0.707106781186547,0.));
#11350=DIRECTION('ref_axis',(0.,0.,1.));
#11351=DIRECTION('',(0.707106781186548,-0.707106781186547,0.));
#11352=DIRECTION('center_axis',(-3.8091704835391E-15,-3.8091704835391E-15,
-1.));
#11353=DIRECTION('ref_axis',(0.707106781186547,0.707106781186548,-5.38698055921227E-15));
#11354=DIRECTION('',(-0.707106781186547,-0.707106781186548,5.38698055921227E-15));
#11355=DIRECTION('',(0.707106781186547,0.707106781186548,-5.38698055921227E-15));
#11356=DIRECTION('center_axis',(-3.8091704835391E-15,-3.8091704835391E-15,
-1.));
#11357=DIRECTION('ref_axis',(0.707106781186547,0.707106781186548,-5.38698055921227E-15));
#11358=DIRECTION('',(0.707106781186547,0.707106781186548,-5.38698055921227E-15));
#11359=DIRECTION('',(-0.707106781186547,-0.707106781186548,5.38698055921227E-15));
#11360=DIRECTION('',(0.707106781186548,-0.707106781186547,0.));
#11361=DIRECTION('center_axis',(0.707106781186548,-0.707106781186547,0.));
#11362=DIRECTION('ref_axis',(0.,0.,1.));
#11363=DIRECTION('center_axis',(0.707106781186548,-0.707106781186547,0.));
#11364=DIRECTION('ref_axis',(0.,0.,1.));
#11365=DIRECTION('center_axis',(-0.707106781186548,0.707106781186547,0.));
#11366=DIRECTION('ref_axis',(0.,0.,1.));
#11367=DIRECTION('center_axis',(2.85687786265432E-15,2.85687786265432E-15,
1.));
#11368=DIRECTION('ref_axis',(-0.707106781186547,-0.707106781186548,4.0402354194092E-15));
#11369=DIRECTION('',(0.707106781186547,0.707106781186548,-4.0402354194092E-15));
#11370=DIRECTION('',(0.707106781186548,-0.707106781186547,0.));
#11371=DIRECTION('',(-0.707106781186547,-0.707106781186548,4.0402354194092E-15));
#11372=DIRECTION('',(0.707106781186548,-0.707106781186547,0.));
#11373=DIRECTION('center_axis',(2.85687786265432E-15,2.85687786265432E-15,
1.));
#11374=DIRECTION('ref_axis',(-0.707106781186547,-0.707106781186548,4.0402354194092E-15));
#11375=DIRECTION('',(-0.707106781186547,-0.707106781186548,4.0402354194092E-15));
#11376=DIRECTION('',(0.707106781186548,-0.707106781186547,0.));
#11377=DIRECTION('',(0.707106781186547,0.707106781186548,-4.0402354194092E-15));
#11378=DIRECTION('',(0.707106781186548,-0.707106781186547,0.));
#11379=DIRECTION('center_axis',(0.707106781186548,-0.707106781186547,0.));
#11380=DIRECTION('ref_axis',(6.28036983473512E-15,6.28036983473512E-15,
-1.));
#11381=DIRECTION('center_axis',(-0.707106781186548,0.707106781186547,0.));
#11382=DIRECTION('ref_axis',(6.28036983473512E-15,6.28036983473512E-15,
-1.));
#11383=DIRECTION('',(0.707106781186548,-0.707106781186547,0.));
#11384=DIRECTION('center_axis',(0.707106781186548,-0.707106781186547,0.));
#11385=DIRECTION('ref_axis',(6.28036983473512E-15,6.28036983473512E-15,
-1.));
#11386=DIRECTION('center_axis',(0.707106781186548,-0.707106781186547,0.));
#11387=DIRECTION('ref_axis',(6.28036983473512E-15,6.28036983473512E-15,
-1.));
#11388=DIRECTION('center_axis',(0.707106781186548,-0.707106781186547,0.));
#11389=DIRECTION('ref_axis',(6.28036983473512E-15,6.28036983473512E-15,
-1.));
#11390=DIRECTION('center_axis',(-0.707106781186548,0.707106781186547,0.));
#11391=DIRECTION('ref_axis',(6.28036983473512E-15,6.28036983473512E-15,
-1.));
#11392=DIRECTION('',(0.707106781186548,-0.707106781186547,0.));
#11393=DIRECTION('center_axis',(0.707106781186548,-0.707106781186547,0.));
#11394=DIRECTION('ref_axis',(0.,0.,1.));
#11395=DIRECTION('center_axis',(-0.707106781186548,0.707106781186547,0.));
#11396=DIRECTION('ref_axis',(0.,0.,1.));
#11397=DIRECTION('center_axis',(0.707106781186548,-0.707106781186547,0.));
#11398=DIRECTION('ref_axis',(0.,0.,1.));
#11399=DIRECTION('',(0.707106781186548,-0.707106781186547,0.));
#11400=DIRECTION('center_axis',(-3.8091704835391E-15,-3.8091704835391E-15,
-1.));
#11401=DIRECTION('ref_axis',(0.707106781186547,0.707106781186548,-5.38698055921227E-15));
#11402=DIRECTION('',(-0.707106781186547,-0.707106781186548,5.38698055921227E-15));
#11403=DIRECTION('',(0.707106781186547,0.707106781186548,-5.38698055921227E-15));
#11404=DIRECTION('center_axis',(-3.8091704835391E-15,-3.8091704835391E-15,
-1.));
#11405=DIRECTION('ref_axis',(0.707106781186547,0.707106781186548,-5.38698055921227E-15));
#11406=DIRECTION('',(0.707106781186547,0.707106781186548,-5.38698055921227E-15));
#11407=DIRECTION('',(-0.707106781186547,-0.707106781186548,5.38698055921227E-15));
#11408=DIRECTION('',(0.707106781186548,-0.707106781186547,0.));
#11409=DIRECTION('center_axis',(0.707106781186548,-0.707106781186547,0.));
#11410=DIRECTION('ref_axis',(0.,0.,1.));
#11411=DIRECTION('center_axis',(0.707106781186548,-0.707106781186547,0.));
#11412=DIRECTION('ref_axis',(0.,0.,1.));
#11413=DIRECTION('center_axis',(-0.707106781186548,0.707106781186547,0.));
#11414=DIRECTION('ref_axis',(0.,0.,1.));
#11415=DIRECTION('center_axis',(2.85687786265432E-15,2.85687786265432E-15,
1.));
#11416=DIRECTION('ref_axis',(-0.707106781186547,-0.707106781186548,4.0402354194092E-15));
#11417=DIRECTION('',(0.707106781186547,0.707106781186548,-4.0402354194092E-15));
#11418=DIRECTION('',(0.707106781186548,-0.707106781186547,0.));
#11419=DIRECTION('',(-0.707106781186547,-0.707106781186548,4.0402354194092E-15));
#11420=DIRECTION('',(0.707106781186548,-0.707106781186547,0.));
#11421=DIRECTION('center_axis',(2.85687786265432E-15,2.85687786265432E-15,
1.));
#11422=DIRECTION('ref_axis',(-0.707106781186547,-0.707106781186548,4.0402354194092E-15));
#11423=DIRECTION('',(-0.707106781186547,-0.707106781186548,4.0402354194092E-15));
#11424=DIRECTION('',(0.707106781186548,-0.707106781186547,0.));
#11425=DIRECTION('',(0.707106781186547,0.707106781186548,-4.0402354194092E-15));
#11426=DIRECTION('',(0.707106781186548,-0.707106781186547,0.));
#11427=DIRECTION('center_axis',(0.707106781186548,-0.707106781186547,0.));
#11428=DIRECTION('ref_axis',(6.28036983473512E-15,6.28036983473512E-15,
-1.));
#11429=DIRECTION('center_axis',(-0.707106781186548,0.707106781186547,0.));
#11430=DIRECTION('ref_axis',(6.28036983473512E-15,6.28036983473512E-15,
-1.));
#11431=DIRECTION('',(0.707106781186548,-0.707106781186547,0.));
#11432=DIRECTION('center_axis',(0.707106781186548,-0.707106781186547,0.));
#11433=DIRECTION('ref_axis',(6.28036983473512E-15,6.28036983473512E-15,
-1.));
#11434=DIRECTION('center_axis',(0.707106781186548,-0.707106781186547,0.));
#11435=DIRECTION('ref_axis',(6.28036983473512E-15,6.28036983473512E-15,
-1.));
#11436=DIRECTION('center_axis',(0.707106781186548,-0.707106781186547,0.));
#11437=DIRECTION('ref_axis',(6.28036983473512E-15,6.28036983473512E-15,
-1.));
#11438=DIRECTION('center_axis',(-0.707106781186548,0.707106781186547,0.));
#11439=DIRECTION('ref_axis',(6.28036983473512E-15,6.28036983473512E-15,
-1.));
#11440=DIRECTION('',(0.707106781186548,-0.707106781186547,0.));
#11441=DIRECTION('center_axis',(0.707106781186548,-0.707106781186547,0.));
#11442=DIRECTION('ref_axis',(0.,0.,1.));
#11443=DIRECTION('center_axis',(-0.707106781186548,0.707106781186547,0.));
#11444=DIRECTION('ref_axis',(0.,0.,1.));
#11445=DIRECTION('center_axis',(0.707106781186548,-0.707106781186547,0.));
#11446=DIRECTION('ref_axis',(0.,0.,1.));
#11447=DIRECTION('',(0.707106781186548,-0.707106781186547,0.));
#11448=DIRECTION('center_axis',(-2.85687786265432E-15,-2.85687786265432E-15,
-1.));
#11449=DIRECTION('ref_axis',(0.707106781186547,0.707106781186548,-4.0402354194092E-15));
#11450=DIRECTION('',(-0.707106781186547,-0.707106781186548,4.0402354194092E-15));
#11451=DIRECTION('',(0.707106781186547,0.707106781186548,-4.0402354194092E-15));
#11452=DIRECTION('center_axis',(-2.85687786265432E-15,-2.85687786265432E-15,
-1.));
#11453=DIRECTION('ref_axis',(0.707106781186547,0.707106781186548,-4.0402354194092E-15));
#11454=DIRECTION('',(0.707106781186547,0.707106781186548,-4.0402354194092E-15));
#11455=DIRECTION('',(-0.707106781186547,-0.707106781186548,4.0402354194092E-15));
#11456=DIRECTION('',(0.707106781186548,-0.707106781186547,0.));
#11457=DIRECTION('center_axis',(0.707106781186548,-0.707106781186547,0.));
#11458=DIRECTION('ref_axis',(0.,0.,1.));
#11459=DIRECTION('center_axis',(0.707106781186548,-0.707106781186547,0.));
#11460=DIRECTION('ref_axis',(0.,0.,1.));
#11461=DIRECTION('center_axis',(-0.707106781186548,0.707106781186547,0.));
#11462=DIRECTION('ref_axis',(0.,0.,1.));
#11463=DIRECTION('center_axis',(0.707106781186548,-0.707106781186547,0.));
#11464=DIRECTION('ref_axis',(2.74452161777875E-12,2.74452161777875E-12,
-1.));
#11465=DIRECTION('center_axis',(-0.707106781186548,0.707106781186547,0.));
#11466=DIRECTION('ref_axis',(2.74452161777875E-12,2.74452161777875E-12,
-1.));
#11467=DIRECTION('',(0.707106781186548,-0.707106781186547,0.));
#11468=DIRECTION('center_axis',(0.707106781186548,-0.707106781186547,0.));
#11469=DIRECTION('ref_axis',(2.74452161777875E-12,2.74452161777875E-12,
-1.));
#11470=DIRECTION('',(0.707106781186548,-0.707106781186547,0.));
#11471=DIRECTION('center_axis',(0.707106781186548,-0.707106781186547,0.));
#11472=DIRECTION('ref_axis',(2.74452161777875E-12,2.74452161777875E-12,
-1.));
#11473=DIRECTION('center_axis',(0.707106781186548,-0.707106781186547,0.));
#11474=DIRECTION('ref_axis',(2.74452161777875E-12,2.74452161777875E-12,
-1.));
#11475=DIRECTION('',(0.707106781186548,-0.707106781186547,0.));
#11476=DIRECTION('center_axis',(-0.707106781186548,0.707106781186547,0.));
#11477=DIRECTION('ref_axis',(2.74452161777875E-12,2.74452161777875E-12,
-1.));
#11478=DIRECTION('',(0.707106781186548,-0.707106781186547,0.));
#11479=DIRECTION('center_axis',(2.73914925322182E-12,2.73914925322182E-12,
-1.));
#11480=DIRECTION('ref_axis',(0.707106781186547,0.707106781186548,3.87374202327044E-12));
#11481=DIRECTION('',(-0.707106781186547,-0.707106781186548,-3.87374202327044E-12));
#11482=DIRECTION('',(0.707106781186548,-0.707106781186547,0.));
#11483=DIRECTION('',(0.707106781186547,0.707106781186548,3.87374202327044E-12));
#11484=DIRECTION('center_axis',(2.73914925322182E-12,2.73914925322182E-12,
-1.));
#11485=DIRECTION('ref_axis',(0.707106781186547,0.707106781186548,3.87374202327044E-12));
#11486=DIRECTION('',(0.707106781186547,0.707106781186548,3.87374202327044E-12));
#11487=DIRECTION('',(-0.707106781186547,-0.707106781186548,-3.87374202327044E-12));
#11488=DIRECTION('',(0.707106781186548,-0.707106781186547,0.));
#11489=DIRECTION('center_axis',(-2.74293260854392E-12,-2.74293260854392E-12,
1.));
#11490=DIRECTION('ref_axis',(-0.707106781186547,-0.707106781186548,-3.87909249567823E-12));
#11491=DIRECTION('',(0.707106781186547,0.707106781186548,3.87909249567823E-12));
#11492=DIRECTION('',(-0.707106781186547,-0.707106781186548,-3.87909249567823E-12));
#11493=DIRECTION('',(0.707106781186548,-0.707106781186547,0.));
#11494=DIRECTION('center_axis',(0.707106781186548,-0.707106781186547,0.));
#11495=DIRECTION('ref_axis',(-2.738241247944E-12,-2.738241247944E-12,1.));
#11496=DIRECTION('center_axis',(-0.707106781186548,0.707106781186547,0.));
#11497=DIRECTION('ref_axis',(-2.738241247944E-12,-2.738241247944E-12,1.));
#11498=DIRECTION('center_axis',(0.707106781186548,-0.707106781186547,0.));
#11499=DIRECTION('ref_axis',(-2.738241247944E-12,-2.738241247944E-12,1.));
#11500=DIRECTION('center_axis',(0.707106781186548,-0.707106781186547,0.));
#11501=DIRECTION('ref_axis',(-2.738241247944E-12,-2.738241247944E-12,1.));
#11502=DIRECTION('center_axis',(0.707106781186548,-0.707106781186547,0.));
#11503=DIRECTION('ref_axis',(-2.738241247944E-12,-2.738241247944E-12,1.));
#11504=DIRECTION('center_axis',(-0.707106781186548,0.707106781186547,0.));
#11505=DIRECTION('ref_axis',(-2.738241247944E-12,-2.738241247944E-12,1.));
#11506=DIRECTION('',(0.707106781186548,-0.707106781186547,0.));
#11507=DIRECTION('center_axis',(-2.74293260854392E-12,-2.74293260854392E-12,
1.));
#11508=DIRECTION('ref_axis',(-0.707106781186547,-0.707106781186548,-3.87909249567823E-12));
#11509=DIRECTION('',(-0.707106781186547,-0.707106781186548,-3.87909249567823E-12));
#11510=DIRECTION('',(0.707106781186547,0.707106781186548,3.87909249567823E-12));
#11511=DIRECTION('center_axis',(0.707106781186548,-0.707106781186547,0.));
#11512=DIRECTION('ref_axis',(2.74452161777875E-12,2.74452161777875E-12,
-1.));
#11513=DIRECTION('center_axis',(-0.707106781186548,0.707106781186547,0.));
#11514=DIRECTION('ref_axis',(2.74452161777875E-12,2.74452161777875E-12,
-1.));
#11515=DIRECTION('',(0.707106781186548,-0.707106781186547,0.));
#11516=DIRECTION('center_axis',(0.707106781186548,-0.707106781186547,0.));
#11517=DIRECTION('ref_axis',(2.74452161777875E-12,2.74452161777875E-12,
-1.));
#11518=DIRECTION('',(0.707106781186548,-0.707106781186547,0.));
#11519=DIRECTION('center_axis',(0.707106781186548,-0.707106781186547,0.));
#11520=DIRECTION('ref_axis',(2.74452161777875E-12,2.74452161777875E-12,
-1.));
#11521=DIRECTION('center_axis',(0.707106781186548,-0.707106781186547,0.));
#11522=DIRECTION('ref_axis',(2.74452161777875E-12,2.74452161777875E-12,
-1.));
#11523=DIRECTION('',(0.707106781186548,-0.707106781186547,0.));
#11524=DIRECTION('center_axis',(-0.707106781186548,0.707106781186547,0.));
#11525=DIRECTION('ref_axis',(2.74452161777875E-12,2.74452161777875E-12,
-1.));
#11526=DIRECTION('',(0.707106781186548,-0.707106781186547,0.));
#11527=DIRECTION('center_axis',(2.73914925322182E-12,2.73914925322182E-12,
-1.));
#11528=DIRECTION('ref_axis',(0.707106781186547,0.707106781186548,3.87374202327044E-12));
#11529=DIRECTION('',(-0.707106781186547,-0.707106781186548,-3.87374202327044E-12));
#11530=DIRECTION('',(0.707106781186548,-0.707106781186547,0.));
#11531=DIRECTION('',(0.707106781186547,0.707106781186548,3.87374202327044E-12));
#11532=DIRECTION('center_axis',(2.73914925322182E-12,2.73914925322182E-12,
-1.));
#11533=DIRECTION('ref_axis',(0.707106781186547,0.707106781186548,3.87374202327044E-12));
#11534=DIRECTION('',(0.707106781186547,0.707106781186548,3.87374202327044E-12));
#11535=DIRECTION('',(-0.707106781186547,-0.707106781186548,-3.87374202327044E-12));
#11536=DIRECTION('',(0.707106781186548,-0.707106781186547,0.));
#11537=DIRECTION('center_axis',(-2.74293260854392E-12,-2.74293260854392E-12,
1.));
#11538=DIRECTION('ref_axis',(-0.707106781186547,-0.707106781186548,-3.87909249567823E-12));
#11539=DIRECTION('',(0.707106781186547,0.707106781186548,3.87909249567823E-12));
#11540=DIRECTION('',(-0.707106781186547,-0.707106781186548,-3.87909249567823E-12));
#11541=DIRECTION('',(0.707106781186548,-0.707106781186547,0.));
#11542=DIRECTION('center_axis',(0.707106781186548,-0.707106781186547,0.));
#11543=DIRECTION('ref_axis',(-2.738241247944E-12,-2.738241247944E-12,1.));
#11544=DIRECTION('center_axis',(-0.707106781186548,0.707106781186547,0.));
#11545=DIRECTION('ref_axis',(-2.738241247944E-12,-2.738241247944E-12,1.));
#11546=DIRECTION('center_axis',(0.707106781186548,-0.707106781186547,0.));
#11547=DIRECTION('ref_axis',(-2.738241247944E-12,-2.738241247944E-12,1.));
#11548=DIRECTION('center_axis',(0.707106781186548,-0.707106781186547,0.));
#11549=DIRECTION('ref_axis',(-2.738241247944E-12,-2.738241247944E-12,1.));
#11550=DIRECTION('center_axis',(0.707106781186548,-0.707106781186547,0.));
#11551=DIRECTION('ref_axis',(-2.738241247944E-12,-2.738241247944E-12,1.));
#11552=DIRECTION('center_axis',(-0.707106781186548,0.707106781186547,0.));
#11553=DIRECTION('ref_axis',(-2.738241247944E-12,-2.738241247944E-12,1.));
#11554=DIRECTION('',(0.707106781186548,-0.707106781186547,0.));
#11555=DIRECTION('center_axis',(-2.74293260854392E-12,-2.74293260854392E-12,
1.));
#11556=DIRECTION('ref_axis',(-0.707106781186547,-0.707106781186548,-3.87909249567823E-12));
#11557=DIRECTION('',(-0.707106781186547,-0.707106781186548,-3.87909249567823E-12));
#11558=DIRECTION('',(0.707106781186547,0.707106781186548,3.87909249567823E-12));
#11559=DIRECTION('center_axis',(0.707106781186548,-0.707106781186547,0.));
#11560=DIRECTION('ref_axis',(-6.28036983486738E-15,-6.28036983486738E-15,
-1.));
#11561=DIRECTION('center_axis',(-0.707106781186548,0.707106781186547,0.));
#11562=DIRECTION('ref_axis',(-6.28036983486738E-15,-6.28036983486738E-15,
-1.));
#11563=DIRECTION('',(0.707106781186548,-0.707106781186547,0.));
#11564=DIRECTION('center_axis',(0.707106781186548,-0.707106781186547,0.));
#11565=DIRECTION('ref_axis',(-6.28036983486738E-15,-6.28036983486738E-15,
-1.));
#11566=DIRECTION('',(0.707106781186548,-0.707106781186547,0.));
#11567=DIRECTION('center_axis',(0.707106781186548,-0.707106781186547,0.));
#11568=DIRECTION('ref_axis',(-6.28036983486738E-15,-6.28036983486738E-15,
-1.));
#11569=DIRECTION('center_axis',(0.707106781186548,-0.707106781186547,0.));
#11570=DIRECTION('ref_axis',(-6.28036983486738E-15,-6.28036983486738E-15,
-1.));
#11571=DIRECTION('',(0.707106781186548,-0.707106781186547,0.));
#11572=DIRECTION('center_axis',(-0.707106781186548,0.707106781186547,0.));
#11573=DIRECTION('ref_axis',(-6.28036983486738E-15,-6.28036983486738E-15,
-1.));
#11574=DIRECTION('',(0.707106781186548,-0.707106781186547,0.));
#11575=DIRECTION('center_axis',(-7.56671064425914E-15,-7.56671064425914E-15,
-1.));
#11576=DIRECTION('ref_axis',(0.707106781186547,0.707106781186548,-1.07009448156641E-14));
#11577=DIRECTION('',(-0.707106781186547,-0.707106781186548,1.07009448156641E-14));
#11578=DIRECTION('',(0.707106781186548,-0.707106781186547,0.));
#11579=DIRECTION('',(0.707106781186547,0.707106781186548,-1.07009448156641E-14));
#11580=DIRECTION('center_axis',(-7.56671064425914E-15,-7.56671064425914E-15,
-1.));
#11581=DIRECTION('ref_axis',(0.707106781186547,0.707106781186548,-1.07009448156641E-14));
#11582=DIRECTION('',(0.707106781186547,0.707106781186548,-1.07009448156641E-14));
#11583=DIRECTION('',(-0.707106781186547,-0.707106781186548,1.07009448156641E-14));
#11584=DIRECTION('',(0.707106781186548,-0.707106781186547,0.));
#11585=DIRECTION('center_axis',(1.73656009285746E-12,1.73656009285746E-12,
1.));
#11586=DIRECTION('ref_axis',(-0.707106781186547,-0.707106781186548,2.45586683519491E-12));
#11587=DIRECTION('',(0.707106781186547,0.707106781186548,-2.45586683519491E-12));
#11588=DIRECTION('',(-0.707106781186547,-0.707106781186548,2.45586683519491E-12));
#11589=DIRECTION('',(0.707106781186548,-0.707106781186547,0.));
#11590=DIRECTION('center_axis',(0.707106781186548,-0.707106781186547,0.));
#11591=DIRECTION('ref_axis',(1.25607396697345E-14,1.25607396697345E-14,
1.));
#11592=DIRECTION('center_axis',(-0.707106781186548,0.707106781186547,0.));
#11593=DIRECTION('ref_axis',(1.25607396697345E-14,1.25607396697345E-14,
1.));
#11594=DIRECTION('center_axis',(0.707106781186548,-0.707106781186547,0.));
#11595=DIRECTION('ref_axis',(1.25607396697345E-14,1.25607396697345E-14,
1.));
#11596=DIRECTION('center_axis',(0.707106781186548,-0.707106781186547,0.));
#11597=DIRECTION('ref_axis',(1.25607396697345E-14,1.25607396697345E-14,
1.));
#11598=DIRECTION('center_axis',(0.707106781186548,-0.707106781186547,0.));
#11599=DIRECTION('ref_axis',(1.25607396697345E-14,1.25607396697345E-14,
1.));
#11600=DIRECTION('center_axis',(-0.707106781186548,0.707106781186547,0.));
#11601=DIRECTION('ref_axis',(1.25607396697345E-14,1.25607396697345E-14,
1.));
#11602=DIRECTION('',(0.707106781186548,-0.707106781186547,0.));
#11603=DIRECTION('center_axis',(1.73656009285746E-12,1.73656009285746E-12,
1.));
#11604=DIRECTION('ref_axis',(-0.707106781186547,-0.707106781186548,2.45586683519491E-12));
#11605=DIRECTION('',(-0.707106781186547,-0.707106781186548,2.45586683519491E-12));
#11606=DIRECTION('',(0.707106781186547,0.707106781186548,-2.45586683519491E-12));
#11607=DIRECTION('center_axis',(0.707106781186548,-0.707106781186547,0.));
#11608=DIRECTION('ref_axis',(-6.28036983486738E-15,-6.28036983486738E-15,
-1.));
#11609=DIRECTION('center_axis',(-0.707106781186548,0.707106781186547,0.));
#11610=DIRECTION('ref_axis',(-6.28036983486738E-15,-6.28036983486738E-15,
-1.));
#11611=DIRECTION('',(0.707106781186548,-0.707106781186547,0.));
#11612=DIRECTION('center_axis',(0.707106781186548,-0.707106781186547,0.));
#11613=DIRECTION('ref_axis',(-6.28036983486738E-15,-6.28036983486738E-15,
-1.));
#11614=DIRECTION('',(0.707106781186548,-0.707106781186547,0.));
#11615=DIRECTION('center_axis',(0.707106781186548,-0.707106781186547,0.));
#11616=DIRECTION('ref_axis',(-6.28036983486738E-15,-6.28036983486738E-15,
-1.));
#11617=DIRECTION('center_axis',(0.707106781186548,-0.707106781186547,0.));
#11618=DIRECTION('ref_axis',(-6.28036983486738E-15,-6.28036983486738E-15,
-1.));
#11619=DIRECTION('',(0.707106781186548,-0.707106781186547,0.));
#11620=DIRECTION('center_axis',(-0.707106781186548,0.707106781186547,0.));
#11621=DIRECTION('ref_axis',(-6.28036983486738E-15,-6.28036983486738E-15,
-1.));
#11622=DIRECTION('',(0.707106781186548,-0.707106781186547,0.));
#11623=DIRECTION('center_axis',(-7.56671064425914E-15,-7.56671064425914E-15,
-1.));
#11624=DIRECTION('ref_axis',(0.707106781186547,0.707106781186548,-1.07009448156641E-14));
#11625=DIRECTION('',(-0.707106781186547,-0.707106781186548,1.07009448156641E-14));
#11626=DIRECTION('',(0.707106781186548,-0.707106781186547,0.));
#11627=DIRECTION('',(0.707106781186547,0.707106781186548,-1.07009448156641E-14));
#11628=DIRECTION('center_axis',(-7.56671064425914E-15,-7.56671064425914E-15,
-1.));
#11629=DIRECTION('ref_axis',(0.707106781186547,0.707106781186548,-1.07009448156641E-14));
#11630=DIRECTION('',(0.707106781186547,0.707106781186548,-1.07009448156641E-14));
#11631=DIRECTION('',(-0.707106781186547,-0.707106781186548,1.07009448156641E-14));
#11632=DIRECTION('',(0.707106781186548,-0.707106781186547,0.));
#11633=DIRECTION('center_axis',(1.73656009285746E-12,1.73656009285746E-12,
1.));
#11634=DIRECTION('ref_axis',(-0.707106781186547,-0.707106781186548,2.45586683519491E-12));
#11635=DIRECTION('',(0.707106781186547,0.707106781186548,-2.45586683519491E-12));
#11636=DIRECTION('',(-0.707106781186547,-0.707106781186548,2.45586683519491E-12));
#11637=DIRECTION('',(0.707106781186548,-0.707106781186547,0.));
#11638=DIRECTION('center_axis',(0.707106781186548,-0.707106781186547,0.));
#11639=DIRECTION('ref_axis',(1.25607396697345E-14,1.25607396697345E-14,
1.));
#11640=DIRECTION('center_axis',(-0.707106781186548,0.707106781186547,0.));
#11641=DIRECTION('ref_axis',(1.25607396697345E-14,1.25607396697345E-14,
1.));
#11642=DIRECTION('center_axis',(0.707106781186548,-0.707106781186547,0.));
#11643=DIRECTION('ref_axis',(1.25607396697345E-14,1.25607396697345E-14,
1.));
#11644=DIRECTION('center_axis',(0.707106781186548,-0.707106781186547,0.));
#11645=DIRECTION('ref_axis',(1.25607396697345E-14,1.25607396697345E-14,
1.));
#11646=DIRECTION('center_axis',(0.707106781186548,-0.707106781186547,0.));
#11647=DIRECTION('ref_axis',(1.25607396697345E-14,1.25607396697345E-14,
1.));
#11648=DIRECTION('center_axis',(-0.707106781186548,0.707106781186547,0.));
#11649=DIRECTION('ref_axis',(1.25607396697345E-14,1.25607396697345E-14,
1.));
#11650=DIRECTION('',(0.707106781186548,-0.707106781186547,0.));
#11651=DIRECTION('center_axis',(1.73656009285746E-12,1.73656009285746E-12,
1.));
#11652=DIRECTION('ref_axis',(-0.707106781186547,-0.707106781186548,2.45586683519491E-12));
#11653=DIRECTION('',(-0.707106781186547,-0.707106781186548,2.45586683519491E-12));
#11654=DIRECTION('',(0.707106781186547,0.707106781186548,-2.45586683519491E-12));
#11655=DIRECTION('center_axis',(0.707106781186548,-0.707106781186547,0.));
#11656=DIRECTION('ref_axis',(3.51619993577666E-5,3.51619993577667E-5,0.999999998763634));
#11657=DIRECTION('center_axis',(-0.707106781186548,0.707106781186547,0.));
#11658=DIRECTION('ref_axis',(3.51619993577666E-5,3.51619993577667E-5,0.999999998763634));
#11659=DIRECTION('',(0.707106781186548,-0.707106781186547,0.));
#11660=DIRECTION('center_axis',(0.707106781186548,-0.707106781186547,0.));
#11661=DIRECTION('ref_axis',(3.51619993577666E-5,3.51619993577667E-5,0.999999998763634));
#11662=DIRECTION('',(0.707106781186548,-0.707106781186547,0.));
#11663=DIRECTION('center_axis',(0.707106781186548,-0.707106781186547,0.));
#11664=DIRECTION('ref_axis',(3.51619993577666E-5,3.51619993577667E-5,0.999999998763634));
#11665=DIRECTION('center_axis',(0.707106781186548,-0.707106781186547,0.));
#11666=DIRECTION('ref_axis',(3.51619993577666E-5,3.51619993577667E-5,0.999999998763634));
#11667=DIRECTION('',(0.707106781186548,-0.707106781186547,0.));
#11668=DIRECTION('center_axis',(-0.707106781186548,0.707106781186547,0.));
#11669=DIRECTION('ref_axis',(3.51619993577666E-5,3.51619993577667E-5,0.999999998763634));
#11670=DIRECTION('',(0.707106781186548,-0.707106781186547,0.));
#11671=DIRECTION('center_axis',(3.5161999356223E-5,3.5161999356223E-5,0.999999998763634));
#11672=DIRECTION('ref_axis',(-0.707106780312304,-0.707106780312305,4.97265763697246E-5));
#11673=DIRECTION('',(0.707106780312304,0.707106780312305,-4.97265763697246E-5));
#11674=DIRECTION('',(0.707106781186548,-0.707106781186547,0.));
#11675=DIRECTION('',(-0.707106780312304,-0.707106780312305,4.97265763697246E-5));
#11676=DIRECTION('center_axis',(3.5161999356223E-5,3.5161999356223E-5,0.999999998763634));
#11677=DIRECTION('ref_axis',(-0.707106780312304,-0.707106780312305,4.97265763697246E-5));
#11678=DIRECTION('',(-0.707106780312304,-0.707106780312305,4.97265763697246E-5));
#11679=DIRECTION('',(0.707106780312304,0.707106780312305,-4.97265763697246E-5));
#11680=DIRECTION('',(0.707106781186548,-0.707106781186547,0.));
#11681=DIRECTION('center_axis',(3.51619934415336E-5,3.51619934415337E-5,
-0.999999998763634));
#11682=DIRECTION('ref_axis',(0.707106780312305,0.707106780312305,4.97265680050907E-5));
#11683=DIRECTION('',(-0.707106780312305,-0.707106780312305,-4.97265680050907E-5));
#11684=DIRECTION('',(0.707106780312305,0.707106780312305,4.97265680050907E-5));
#11685=DIRECTION('',(0.707106781186548,-0.707106781186547,0.));
#11686=DIRECTION('center_axis',(0.707106781186548,-0.707106781186547,0.));
#11687=DIRECTION('ref_axis',(-0.707106781186547,-0.707106781186548,4.17984039609907E-12));
#11688=DIRECTION('center_axis',(-0.707106781186548,0.707106781186547,0.));
#11689=DIRECTION('ref_axis',(3.51619934418579E-5,3.51619934418579E-5,-0.999999998763634));
#11690=DIRECTION('center_axis',(0.707106781186548,-0.707106781186547,0.));
#11691=DIRECTION('ref_axis',(3.51619934418579E-5,3.51619934418579E-5,-0.999999998763634));
#11692=DIRECTION('center_axis',(0.707106781186548,-0.707106781186547,0.));
#11693=DIRECTION('ref_axis',(-0.707106781186547,-0.707106781186548,4.17984039609907E-12));
#11694=DIRECTION('center_axis',(0.707106781186548,-0.707106781186547,0.));
#11695=DIRECTION('ref_axis',(3.51619934418579E-5,3.51619934418579E-5,-0.999999998763634));
#11696=DIRECTION('center_axis',(-0.707106781186548,0.707106781186547,0.));
#11697=DIRECTION('ref_axis',(3.51619934418579E-5,3.51619934418579E-5,-0.999999998763634));
#11698=DIRECTION('',(0.707106781186548,-0.707106781186547,0.));
#11699=DIRECTION('center_axis',(3.51619934415336E-5,3.51619934415337E-5,
-0.999999998763634));
#11700=DIRECTION('ref_axis',(0.707106780312305,0.707106780312305,4.97265680050907E-5));
#11701=DIRECTION('',(0.707106780312305,0.707106780312305,4.97265680050907E-5));
#11702=DIRECTION('',(-0.707106780312305,-0.707106780312305,-4.97265680050907E-5));
#11703=DIRECTION('center_axis',(3.51619993557469E-5,3.51619993557469E-5,
0.999999998763634));
#11704=DIRECTION('ref_axis',(-0.707106780312304,-0.707106780312305,4.97265763690513E-5));
#11705=DIRECTION('',(0.707106780312304,0.707106780312305,-4.97265763690513E-5));
#11706=DIRECTION('',(0.707106781186548,-0.707106781186547,0.));
#11707=DIRECTION('',(-0.707106780312304,-0.707106780312305,4.97265763690513E-5));
#11708=DIRECTION('',(0.707106781186548,-0.707106781186547,0.));
#11709=DIRECTION('center_axis',(3.51619993557469E-5,3.51619993557469E-5,
0.999999998763634));
#11710=DIRECTION('ref_axis',(-0.707106780312304,-0.707106780312305,4.97265763690513E-5));
#11711=DIRECTION('',(-0.707106780312304,-0.707106780312305,4.97265763690513E-5));
#11712=DIRECTION('',(0.707106781186548,-0.707106781186547,0.));
#11713=DIRECTION('',(0.707106780312304,0.707106780312305,-4.97265763690513E-5));
#11714=DIRECTION('',(0.707106781186548,-0.707106781186547,0.));
#11715=DIRECTION('center_axis',(0.707106781186548,-0.707106781186547,0.));
#11716=DIRECTION('ref_axis',(-0.707106781186547,-0.707106781186548,4.00398117535776E-12));
#11717=DIRECTION('center_axis',(-0.707106781186548,0.707106781186547,0.));
#11718=DIRECTION('ref_axis',(3.51619934418578E-5,3.51619934418579E-5,-0.999999998763634));
#11719=DIRECTION('',(0.707106781186548,-0.707106781186547,0.));
#11720=DIRECTION('center_axis',(0.707106781186548,-0.707106781186547,0.));
#11721=DIRECTION('ref_axis',(3.51619934418578E-5,3.51619934418579E-5,-0.999999998763634));
#11722=DIRECTION('center_axis',(0.707106781186548,-0.707106781186547,0.));
#11723=DIRECTION('ref_axis',(-0.707106781186547,-0.707106781186548,4.00486935388178E-12));
#11724=DIRECTION('center_axis',(0.707106781186548,-0.707106781186547,0.));
#11725=DIRECTION('ref_axis',(3.51619934418578E-5,3.51619934418579E-5,-0.999999998763634));
#11726=DIRECTION('center_axis',(-0.707106781186548,0.707106781186547,0.));
#11727=DIRECTION('ref_axis',(3.51619934418578E-5,3.51619934418579E-5,-0.999999998763634));
#11728=DIRECTION('',(0.707106781186548,-0.707106781186547,0.));
#11729=DIRECTION('center_axis',(0.707106781186548,-0.707106781186547,0.));
#11730=DIRECTION('ref_axis',(3.51619993577666E-5,3.51619993577667E-5,0.999999998763634));
#11731=DIRECTION('center_axis',(-0.707106781186548,0.707106781186547,0.));
#11732=DIRECTION('ref_axis',(3.51619993577666E-5,3.51619993577667E-5,0.999999998763634));
#11733=DIRECTION('center_axis',(0.707106781186548,-0.707106781186547,0.));
#11734=DIRECTION('ref_axis',(3.51619993577666E-5,3.51619993577667E-5,0.999999998763634));
#11735=DIRECTION('',(0.707106781186548,-0.707106781186547,0.));
#11736=DIRECTION('center_axis',(3.51619934415336E-5,3.51619934415337E-5,
-0.999999998763634));
#11737=DIRECTION('ref_axis',(0.707106780312305,0.707106780312305,4.97265680050907E-5));
#11738=DIRECTION('',(-0.707106780312305,-0.707106780312305,-4.97265680050907E-5));
#11739=DIRECTION('',(0.707106780312305,0.707106780312305,4.97265680050907E-5));
#11740=DIRECTION('center_axis',(3.51619934415336E-5,3.51619934415337E-5,
-0.999999998763634));
#11741=DIRECTION('ref_axis',(0.707106780312305,0.707106780312305,4.97265680050907E-5));
#11742=DIRECTION('',(0.707106780312305,0.707106780312305,4.97265680050907E-5));
#11743=DIRECTION('',(-0.707106780312305,-0.707106780312305,-4.97265680050907E-5));
#11744=DIRECTION('',(0.707106781186548,-0.707106781186547,0.));
#11745=DIRECTION('center_axis',(0.707106781186548,-0.707106781186547,0.));
#11746=DIRECTION('ref_axis',(3.51619993577666E-5,3.51619993577667E-5,0.999999998763634));
#11747=DIRECTION('center_axis',(0.707106781186548,-0.707106781186547,0.));
#11748=DIRECTION('ref_axis',(3.51619993577666E-5,3.51619993577667E-5,0.999999998763634));
#11749=DIRECTION('center_axis',(-0.707106781186548,0.707106781186547,0.));
#11750=DIRECTION('ref_axis',(3.51619993577666E-5,3.51619993577667E-5,0.999999998763634));
#11751=DIRECTION('center_axis',(0.707106781186548,-0.707106781186547,0.));
#11752=DIRECTION('ref_axis',(3.51619993577666E-5,3.51619993577667E-5,0.999999998763634));
#11753=DIRECTION('center_axis',(-0.707106781186548,0.707106781186547,0.));
#11754=DIRECTION('ref_axis',(3.51619993577666E-5,3.51619993577667E-5,0.999999998763634));
#11755=DIRECTION('',(0.707106781186548,-0.707106781186547,0.));
#11756=DIRECTION('center_axis',(0.707106781186548,-0.707106781186547,0.));
#11757=DIRECTION('ref_axis',(3.51619993577666E-5,3.51619993577667E-5,0.999999998763634));
#11758=DIRECTION('',(0.707106781186548,-0.707106781186547,0.));
#11759=DIRECTION('center_axis',(0.707106781186548,-0.707106781186547,0.));
#11760=DIRECTION('ref_axis',(3.51619993577666E-5,3.51619993577667E-5,0.999999998763634));
#11761=DIRECTION('center_axis',(0.707106781186548,-0.707106781186547,0.));
#11762=DIRECTION('ref_axis',(3.51619993577666E-5,3.51619993577667E-5,0.999999998763634));
#11763=DIRECTION('',(0.707106781186548,-0.707106781186547,0.));
#11764=DIRECTION('center_axis',(-0.707106781186548,0.707106781186547,0.));
#11765=DIRECTION('ref_axis',(3.51619993577666E-5,3.51619993577667E-5,0.999999998763634));
#11766=DIRECTION('',(0.707106781186548,-0.707106781186547,0.));
#11767=DIRECTION('center_axis',(3.51619993557469E-5,3.51619993557469E-5,
0.999999998763634));
#11768=DIRECTION('ref_axis',(-0.707106780312304,-0.707106780312305,4.97265763690513E-5));
#11769=DIRECTION('',(0.707106780312304,0.707106780312305,-4.97265763690513E-5));
#11770=DIRECTION('',(0.707106781186548,-0.707106781186547,0.));
#11771=DIRECTION('',(-0.707106780312304,-0.707106780312305,4.97265763690513E-5));
#11772=DIRECTION('center_axis',(3.51619993557469E-5,3.51619993557469E-5,
0.999999998763634));
#11773=DIRECTION('ref_axis',(-0.707106780312304,-0.707106780312305,4.97265763690513E-5));
#11774=DIRECTION('',(-0.707106780312304,-0.707106780312305,4.97265763690513E-5));
#11775=DIRECTION('',(0.707106780312304,0.707106780312305,-4.97265763690513E-5));
#11776=DIRECTION('',(0.707106781186548,-0.707106781186547,0.));
#11777=DIRECTION('center_axis',(3.51619934415336E-5,3.51619934415337E-5,
-0.999999998763634));
#11778=DIRECTION('ref_axis',(0.707106780312305,0.707106780312305,4.97265680050907E-5));
#11779=DIRECTION('',(-0.707106780312305,-0.707106780312305,-4.97265680050907E-5));
#11780=DIRECTION('',(0.707106780312305,0.707106780312305,4.97265680050907E-5));
#11781=DIRECTION('',(0.707106781186548,-0.707106781186547,0.));
#11782=DIRECTION('center_axis',(0.707106781186548,-0.707106781186547,0.));
#11783=DIRECTION('ref_axis',(-0.707106781186547,-0.707106781186548,4.17984050617724E-12));
#11784=DIRECTION('center_axis',(-0.707106781186548,0.707106781186547,0.));
#11785=DIRECTION('ref_axis',(3.51619934418578E-5,3.51619934418579E-5,-0.999999998763634));
#11786=DIRECTION('center_axis',(0.707106781186548,-0.707106781186547,0.));
#11787=DIRECTION('ref_axis',(3.51619934418578E-5,3.51619934418579E-5,-0.999999998763634));
#11788=DIRECTION('center_axis',(0.707106781186548,-0.707106781186547,0.));
#11789=DIRECTION('ref_axis',(-0.707106781186547,-0.707106781186548,4.17984050617724E-12));
#11790=DIRECTION('center_axis',(0.707106781186548,-0.707106781186547,0.));
#11791=DIRECTION('ref_axis',(3.51619934418578E-5,3.51619934418579E-5,-0.999999998763634));
#11792=DIRECTION('center_axis',(-0.707106781186548,0.707106781186547,0.));
#11793=DIRECTION('ref_axis',(3.51619934418578E-5,3.51619934418579E-5,-0.999999998763634));
#11794=DIRECTION('',(0.707106781186548,-0.707106781186547,0.));
#11795=DIRECTION('center_axis',(3.51619934415336E-5,3.51619934415337E-5,
-0.999999998763634));
#11796=DIRECTION('ref_axis',(0.707106780312305,0.707106780312305,4.97265680050907E-5));
#11797=DIRECTION('',(0.707106780312305,0.707106780312305,4.97265680050907E-5));
#11798=DIRECTION('',(-0.707106780312305,-0.707106780312305,-4.97265680050907E-5));
#11799=DIRECTION('center_axis',(0.707106781186548,-0.707106781186547,0.));
#11800=DIRECTION('ref_axis',(-6.28036983486743E-15,-6.28036983486744E-15,
-1.));
#11801=DIRECTION('center_axis',(-0.707106781186548,0.707106781186547,0.));
#11802=DIRECTION('ref_axis',(-6.28036983486743E-15,-6.28036983486744E-15,
-1.));
#11803=DIRECTION('',(0.707106781186548,-0.707106781186547,0.));
#11804=DIRECTION('center_axis',(0.707106781186548,-0.707106781186547,0.));
#11805=DIRECTION('ref_axis',(-6.28036983486743E-15,-6.28036983486744E-15,
-1.));
#11806=DIRECTION('',(0.707106781186548,-0.707106781186547,0.));
#11807=DIRECTION('center_axis',(0.707106781186548,-0.707106781186547,0.));
#11808=DIRECTION('ref_axis',(-6.28036983486743E-15,-6.28036983486744E-15,
-1.));
#11809=DIRECTION('center_axis',(0.707106781186548,-0.707106781186547,0.));
#11810=DIRECTION('ref_axis',(-6.28036983486743E-15,-6.28036983486744E-15,
-1.));
#11811=DIRECTION('',(0.707106781186548,-0.707106781186547,0.));
#11812=DIRECTION('center_axis',(-0.707106781186548,0.707106781186547,0.));
#11813=DIRECTION('ref_axis',(-6.28036983486743E-15,-6.28036983486744E-15,
-1.));
#11814=DIRECTION('',(0.707106781186548,-0.707106781186547,0.));
#11815=DIRECTION('center_axis',(-7.56671064425914E-15,-7.56671064425914E-15,
-1.));
#11816=DIRECTION('ref_axis',(0.707106781186547,0.707106781186548,-1.07009448156641E-14));
#11817=DIRECTION('',(-0.707106781186547,-0.707106781186548,1.07009448156641E-14));
#11818=DIRECTION('',(0.707106781186548,-0.707106781186547,0.));
#11819=DIRECTION('',(0.707106781186547,0.707106781186548,-1.07009448156641E-14));
#11820=DIRECTION('center_axis',(-7.56671064425914E-15,-7.56671064425914E-15,
-1.));
#11821=DIRECTION('ref_axis',(0.707106781186547,0.707106781186548,-1.07009448156641E-14));
#11822=DIRECTION('',(0.707106781186547,0.707106781186548,-1.07009448156641E-14));
#11823=DIRECTION('',(-0.707106781186547,-0.707106781186548,1.07009448156641E-14));
#11824=DIRECTION('',(0.707106781186548,-0.707106781186547,0.));
#11825=DIRECTION('center_axis',(1.73656009285746E-12,1.73656009285746E-12,
1.));
#11826=DIRECTION('ref_axis',(-0.707106781186547,-0.707106781186548,2.45586683519491E-12));
#11827=DIRECTION('',(0.707106781186547,0.707106781186548,-2.45586683519491E-12));
#11828=DIRECTION('',(-0.707106781186547,-0.707106781186548,2.45586683519491E-12));
#11829=DIRECTION('',(0.707106781186548,-0.707106781186547,0.));
#11830=DIRECTION('center_axis',(0.707106781186548,-0.707106781186547,0.));
#11831=DIRECTION('ref_axis',(1.25607396697346E-14,1.25607396697347E-14,
1.));
#11832=DIRECTION('center_axis',(-0.707106781186548,0.707106781186547,0.));
#11833=DIRECTION('ref_axis',(1.25607396697346E-14,1.25607396697347E-14,
1.));
#11834=DIRECTION('center_axis',(0.707106781186548,-0.707106781186547,0.));
#11835=DIRECTION('ref_axis',(1.25607396697346E-14,1.25607396697347E-14,
1.));
#11836=DIRECTION('center_axis',(0.707106781186548,-0.707106781186547,0.));
#11837=DIRECTION('ref_axis',(1.25607396697346E-14,1.25607396697347E-14,
1.));
#11838=DIRECTION('center_axis',(0.707106781186548,-0.707106781186547,0.));
#11839=DIRECTION('ref_axis',(1.25607396697346E-14,1.25607396697347E-14,
1.));
#11840=DIRECTION('center_axis',(-0.707106781186548,0.707106781186547,0.));
#11841=DIRECTION('ref_axis',(1.25607396697346E-14,1.25607396697347E-14,
1.));
#11842=DIRECTION('',(0.707106781186548,-0.707106781186547,0.));
#11843=DIRECTION('center_axis',(1.73656009285746E-12,1.73656009285746E-12,
1.));
#11844=DIRECTION('ref_axis',(-0.707106781186547,-0.707106781186548,2.45586683519491E-12));
#11845=DIRECTION('',(-0.707106781186547,-0.707106781186548,2.45586683519491E-12));
#11846=DIRECTION('',(0.707106781186547,0.707106781186548,-2.45586683519491E-12));
#11847=DIRECTION('center_axis',(0.707106781186548,-0.707106781186547,0.));
#11848=DIRECTION('ref_axis',(-6.28036983486741E-15,-6.28036983486741E-15,
-1.));
#11849=DIRECTION('center_axis',(-0.707106781186548,0.707106781186547,0.));
#11850=DIRECTION('ref_axis',(-6.28036983486741E-15,-6.28036983486741E-15,
-1.));
#11851=DIRECTION('',(0.707106781186548,-0.707106781186547,0.));
#11852=DIRECTION('center_axis',(0.707106781186548,-0.707106781186547,0.));
#11853=DIRECTION('ref_axis',(-6.28036983486741E-15,-6.28036983486741E-15,
-1.));
#11854=DIRECTION('',(0.707106781186548,-0.707106781186547,0.));
#11855=DIRECTION('center_axis',(0.707106781186548,-0.707106781186547,0.));
#11856=DIRECTION('ref_axis',(-6.28036983486741E-15,-6.28036983486741E-15,
-1.));
#11857=DIRECTION('center_axis',(0.707106781186548,-0.707106781186547,0.));
#11858=DIRECTION('ref_axis',(-6.28036983486741E-15,-6.28036983486741E-15,
-1.));
#11859=DIRECTION('',(0.707106781186548,-0.707106781186547,0.));
#11860=DIRECTION('center_axis',(-0.707106781186548,0.707106781186547,0.));
#11861=DIRECTION('ref_axis',(-6.28036983486741E-15,-6.28036983486741E-15,
-1.));
#11862=DIRECTION('',(0.707106781186548,-0.707106781186547,0.));
#11863=DIRECTION('center_axis',(-7.56671064425914E-15,-7.56671064425914E-15,
-1.));
#11864=DIRECTION('ref_axis',(0.707106781186547,0.707106781186548,-1.07009448156641E-14));
#11865=DIRECTION('',(-0.707106781186547,-0.707106781186548,1.07009448156641E-14));
#11866=DIRECTION('',(0.707106781186548,-0.707106781186547,0.));
#11867=DIRECTION('',(0.707106781186547,0.707106781186548,-1.07009448156641E-14));
#11868=DIRECTION('center_axis',(-7.56671064425914E-15,-7.56671064425914E-15,
-1.));
#11869=DIRECTION('ref_axis',(0.707106781186547,0.707106781186548,-1.07009448156641E-14));
#11870=DIRECTION('',(0.707106781186547,0.707106781186548,-1.07009448156641E-14));
#11871=DIRECTION('',(-0.707106781186547,-0.707106781186548,1.07009448156641E-14));
#11872=DIRECTION('',(0.707106781186548,-0.707106781186547,0.));
#11873=DIRECTION('center_axis',(1.7346684151964E-12,1.7346684151964E-12,
1.));
#11874=DIRECTION('ref_axis',(-0.707106781186547,-0.707106781186548,2.45319159899099E-12));
#11875=DIRECTION('',(0.707106781186547,0.707106781186548,-2.45319159899099E-12));
#11876=DIRECTION('',(-0.707106781186547,-0.707106781186548,2.45319159899099E-12));
#11877=DIRECTION('',(0.707106781186548,-0.707106781186547,0.));
#11878=DIRECTION('center_axis',(0.707106781186548,-0.707106781186547,0.));
#11879=DIRECTION('ref_axis',(1.25607396697345E-14,1.25607396697345E-14,
1.));
#11880=DIRECTION('center_axis',(-0.707106781186548,0.707106781186547,0.));
#11881=DIRECTION('ref_axis',(1.25607396697345E-14,1.25607396697345E-14,
1.));
#11882=DIRECTION('center_axis',(0.707106781186548,-0.707106781186547,0.));
#11883=DIRECTION('ref_axis',(1.25607396697345E-14,1.25607396697345E-14,
1.));
#11884=DIRECTION('center_axis',(0.707106781186548,-0.707106781186547,0.));
#11885=DIRECTION('ref_axis',(1.25607396697345E-14,1.25607396697345E-14,
1.));
#11886=DIRECTION('center_axis',(0.707106781186548,-0.707106781186547,0.));
#11887=DIRECTION('ref_axis',(1.25607396697345E-14,1.25607396697345E-14,
1.));
#11888=DIRECTION('center_axis',(-0.707106781186548,0.707106781186547,0.));
#11889=DIRECTION('ref_axis',(1.25607396697345E-14,1.25607396697345E-14,
1.));
#11890=DIRECTION('',(0.707106781186548,-0.707106781186547,0.));
#11891=DIRECTION('center_axis',(1.7346684151964E-12,1.7346684151964E-12,
1.));
#11892=DIRECTION('ref_axis',(-0.707106781186547,-0.707106781186548,2.45319159899099E-12));
#11893=DIRECTION('',(-0.707106781186547,-0.707106781186548,2.45319159899099E-12));
#11894=DIRECTION('',(0.707106781186547,0.707106781186548,-2.45319159899099E-12));
#11895=DIRECTION('center_axis',(0.707106781186548,-0.707106781186547,0.));
#11896=DIRECTION('ref_axis',(2.74452161777876E-12,2.74452161777876E-12,
-1.));
#11897=DIRECTION('center_axis',(-0.707106781186548,0.707106781186547,0.));
#11898=DIRECTION('ref_axis',(2.74452161777876E-12,2.74452161777876E-12,
-1.));
#11899=DIRECTION('',(0.707106781186548,-0.707106781186547,0.));
#11900=DIRECTION('center_axis',(0.707106781186548,-0.707106781186547,0.));
#11901=DIRECTION('ref_axis',(2.74452161777876E-12,2.74452161777876E-12,
-1.));
#11902=DIRECTION('',(0.707106781186548,-0.707106781186547,0.));
#11903=DIRECTION('center_axis',(0.707106781186548,-0.707106781186547,0.));
#11904=DIRECTION('ref_axis',(2.74452161777876E-12,2.74452161777876E-12,
-1.));
#11905=DIRECTION('center_axis',(0.707106781186548,-0.707106781186547,0.));
#11906=DIRECTION('ref_axis',(2.74452161777876E-12,2.74452161777876E-12,
-1.));
#11907=DIRECTION('',(0.707106781186548,-0.707106781186547,0.));
#11908=DIRECTION('center_axis',(-0.707106781186548,0.707106781186547,0.));
#11909=DIRECTION('ref_axis',(2.74452161777876E-12,2.74452161777876E-12,
-1.));
#11910=DIRECTION('',(0.707106781186548,-0.707106781186547,0.));
#11911=DIRECTION('center_axis',(2.73914925322182E-12,2.73914925322182E-12,
-1.));
#11912=DIRECTION('ref_axis',(0.707106781186547,0.707106781186548,3.87374202327044E-12));
#11913=DIRECTION('',(-0.707106781186547,-0.707106781186548,-3.87374202327044E-12));
#11914=DIRECTION('',(0.707106781186548,-0.707106781186547,0.));
#11915=DIRECTION('',(0.707106781186547,0.707106781186548,3.87374202327044E-12));
#11916=DIRECTION('center_axis',(2.73914925322182E-12,2.73914925322182E-12,
-1.));
#11917=DIRECTION('ref_axis',(0.707106781186547,0.707106781186548,3.87374202327044E-12));
#11918=DIRECTION('',(0.707106781186547,0.707106781186548,3.87374202327044E-12));
#11919=DIRECTION('',(-0.707106781186547,-0.707106781186548,-3.87374202327044E-12));
#11920=DIRECTION('',(0.707106781186548,-0.707106781186547,0.));
#11921=DIRECTION('center_axis',(-2.74293260854392E-12,-2.74293260854392E-12,
1.));
#11922=DIRECTION('ref_axis',(-0.707106781186547,-0.707106781186548,-3.87909249567823E-12));
#11923=DIRECTION('',(0.707106781186547,0.707106781186548,3.87909249567823E-12));
#11924=DIRECTION('',(-0.707106781186547,-0.707106781186548,-3.87909249567823E-12));
#11925=DIRECTION('',(0.707106781186548,-0.707106781186547,0.));
#11926=DIRECTION('center_axis',(0.707106781186548,-0.707106781186547,0.));
#11927=DIRECTION('ref_axis',(-2.738241247944E-12,-2.738241247944E-12,1.));
#11928=DIRECTION('center_axis',(-0.707106781186548,0.707106781186547,0.));
#11929=DIRECTION('ref_axis',(-2.738241247944E-12,-2.738241247944E-12,1.));
#11930=DIRECTION('center_axis',(0.707106781186548,-0.707106781186547,0.));
#11931=DIRECTION('ref_axis',(-2.738241247944E-12,-2.738241247944E-12,1.));
#11932=DIRECTION('center_axis',(0.707106781186548,-0.707106781186547,0.));
#11933=DIRECTION('ref_axis',(-2.738241247944E-12,-2.738241247944E-12,1.));
#11934=DIRECTION('center_axis',(0.707106781186548,-0.707106781186547,0.));
#11935=DIRECTION('ref_axis',(-2.738241247944E-12,-2.738241247944E-12,1.));
#11936=DIRECTION('center_axis',(-0.707106781186548,0.707106781186547,0.));
#11937=DIRECTION('ref_axis',(-2.738241247944E-12,-2.738241247944E-12,1.));
#11938=DIRECTION('',(0.707106781186548,-0.707106781186547,0.));
#11939=DIRECTION('center_axis',(-2.74293260854392E-12,-2.74293260854392E-12,
1.));
#11940=DIRECTION('ref_axis',(-0.707106781186547,-0.707106781186548,-3.87909249567823E-12));
#11941=DIRECTION('',(-0.707106781186547,-0.707106781186548,-3.87909249567823E-12));
#11942=DIRECTION('',(0.707106781186547,0.707106781186548,3.87909249567823E-12));
#11943=DIRECTION('center_axis',(0.707106781186548,-0.707106781186547,0.));
#11944=DIRECTION('ref_axis',(2.74452161777875E-12,2.74452161777875E-12,
-1.));
#11945=DIRECTION('center_axis',(-0.707106781186548,0.707106781186547,0.));
#11946=DIRECTION('ref_axis',(2.74452161777875E-12,2.74452161777875E-12,
-1.));
#11947=DIRECTION('',(0.707106781186548,-0.707106781186547,0.));
#11948=DIRECTION('center_axis',(0.707106781186548,-0.707106781186547,0.));
#11949=DIRECTION('ref_axis',(2.74452161777875E-12,2.74452161777875E-12,
-1.));
#11950=DIRECTION('',(0.707106781186548,-0.707106781186547,0.));
#11951=DIRECTION('center_axis',(0.707106781186548,-0.707106781186547,0.));
#11952=DIRECTION('ref_axis',(2.74452161777875E-12,2.74452161777875E-12,
-1.));
#11953=DIRECTION('center_axis',(0.707106781186548,-0.707106781186547,0.));
#11954=DIRECTION('ref_axis',(2.74452161777875E-12,2.74452161777875E-12,
-1.));
#11955=DIRECTION('',(0.707106781186548,-0.707106781186547,0.));
#11956=DIRECTION('center_axis',(-0.707106781186548,0.707106781186547,0.));
#11957=DIRECTION('ref_axis',(2.74452161777875E-12,2.74452161777875E-12,
-1.));
#11958=DIRECTION('',(0.707106781186548,-0.707106781186547,0.));
#11959=DIRECTION('center_axis',(2.73914925322182E-12,2.73914925322182E-12,
-1.));
#11960=DIRECTION('ref_axis',(0.707106781186547,0.707106781186548,3.87374202327044E-12));
#11961=DIRECTION('',(-0.707106781186547,-0.707106781186548,-3.87374202327044E-12));
#11962=DIRECTION('',(0.707106781186548,-0.707106781186547,0.));
#11963=DIRECTION('',(0.707106781186547,0.707106781186548,3.87374202327044E-12));
#11964=DIRECTION('center_axis',(2.73914925322182E-12,2.73914925322182E-12,
-1.));
#11965=DIRECTION('ref_axis',(0.707106781186547,0.707106781186548,3.87374202327044E-12));
#11966=DIRECTION('',(0.707106781186547,0.707106781186548,3.87374202327044E-12));
#11967=DIRECTION('',(-0.707106781186547,-0.707106781186548,-3.87374202327044E-12));
#11968=DIRECTION('',(0.707106781186548,-0.707106781186547,0.));
#11969=DIRECTION('center_axis',(-2.74293260854392E-12,-2.74293260854392E-12,
1.));
#11970=DIRECTION('ref_axis',(-0.707106781186547,-0.707106781186548,-3.87909249567823E-12));
#11971=DIRECTION('',(0.707106781186547,0.707106781186548,3.87909249567823E-12));
#11972=DIRECTION('',(-0.707106781186547,-0.707106781186548,-3.87909249567823E-12));
#11973=DIRECTION('',(0.707106781186548,-0.707106781186547,0.));
#11974=DIRECTION('center_axis',(0.707106781186548,-0.707106781186547,0.));
#11975=DIRECTION('ref_axis',(-2.738241247944E-12,-2.738241247944E-12,1.));
#11976=DIRECTION('center_axis',(-0.707106781186548,0.707106781186547,0.));
#11977=DIRECTION('ref_axis',(-2.738241247944E-12,-2.738241247944E-12,1.));
#11978=DIRECTION('center_axis',(0.707106781186548,-0.707106781186547,0.));
#11979=DIRECTION('ref_axis',(-2.738241247944E-12,-2.738241247944E-12,1.));
#11980=DIRECTION('center_axis',(0.707106781186548,-0.707106781186547,0.));
#11981=DIRECTION('ref_axis',(-2.738241247944E-12,-2.738241247944E-12,1.));
#11982=DIRECTION('center_axis',(0.707106781186548,-0.707106781186547,0.));
#11983=DIRECTION('ref_axis',(-2.738241247944E-12,-2.738241247944E-12,1.));
#11984=DIRECTION('center_axis',(-0.707106781186548,0.707106781186547,0.));
#11985=DIRECTION('ref_axis',(-2.738241247944E-12,-2.738241247944E-12,1.));
#11986=DIRECTION('',(0.707106781186548,-0.707106781186547,0.));
#11987=DIRECTION('center_axis',(-2.74293260854392E-12,-2.74293260854392E-12,
1.));
#11988=DIRECTION('ref_axis',(-0.707106781186547,-0.707106781186548,-3.87909249567823E-12));
#11989=DIRECTION('',(-0.707106781186547,-0.707106781186548,-3.87909249567823E-12));
#11990=DIRECTION('',(0.707106781186547,0.707106781186548,3.87909249567823E-12));
#11991=DIRECTION('center_axis',(2.85687786265432E-15,2.85687786265432E-15,
1.));
#11992=DIRECTION('ref_axis',(-0.707106781186547,-0.707106781186548,4.0402354194092E-15));
#11993=DIRECTION('',(0.707106781186547,0.707106781186548,-4.0402354194092E-15));
#11994=DIRECTION('',(0.707106781186548,-0.707106781186547,0.));
#11995=DIRECTION('',(-0.707106781186547,-0.707106781186548,4.0402354194092E-15));
#11996=DIRECTION('',(0.707106781186548,-0.707106781186547,0.));
#11997=DIRECTION('center_axis',(2.85687786265432E-15,2.85687786265432E-15,
1.));
#11998=DIRECTION('ref_axis',(-0.707106781186547,-0.707106781186548,4.0402354194092E-15));
#11999=DIRECTION('',(-0.707106781186547,-0.707106781186548,4.0402354194092E-15));
#12000=DIRECTION('',(0.707106781186548,-0.707106781186547,0.));
#12001=DIRECTION('',(0.707106781186547,0.707106781186548,-4.0402354194092E-15));
#12002=DIRECTION('',(0.707106781186548,-0.707106781186547,0.));
#12003=DIRECTION('center_axis',(0.707106781186548,-0.707106781186547,0.));
#12004=DIRECTION('ref_axis',(6.28036983473512E-15,6.28036983473512E-15,
-1.));
#12005=DIRECTION('center_axis',(-0.707106781186548,0.707106781186547,0.));
#12006=DIRECTION('ref_axis',(6.28036983473512E-15,6.28036983473512E-15,
-1.));
#12007=DIRECTION('',(0.707106781186548,-0.707106781186547,0.));
#12008=DIRECTION('center_axis',(0.707106781186548,-0.707106781186547,0.));
#12009=DIRECTION('ref_axis',(6.28036983473512E-15,6.28036983473512E-15,
-1.));
#12010=DIRECTION('center_axis',(0.707106781186548,-0.707106781186547,0.));
#12011=DIRECTION('ref_axis',(6.28036983473512E-15,6.28036983473512E-15,
-1.));
#12012=DIRECTION('center_axis',(0.707106781186548,-0.707106781186547,0.));
#12013=DIRECTION('ref_axis',(6.28036983473512E-15,6.28036983473512E-15,
-1.));
#12014=DIRECTION('center_axis',(-0.707106781186548,0.707106781186547,0.));
#12015=DIRECTION('ref_axis',(6.28036983473512E-15,6.28036983473512E-15,
-1.));
#12016=DIRECTION('',(0.707106781186548,-0.707106781186547,0.));
#12017=DIRECTION('center_axis',(0.707106781186548,-0.707106781186547,0.));
#12018=DIRECTION('ref_axis',(0.,0.,1.));
#12019=DIRECTION('center_axis',(-0.707106781186548,0.707106781186547,0.));
#12020=DIRECTION('ref_axis',(0.,0.,1.));
#12021=DIRECTION('center_axis',(0.707106781186548,-0.707106781186547,0.));
#12022=DIRECTION('ref_axis',(0.,0.,1.));
#12023=DIRECTION('',(0.707106781186548,-0.707106781186547,0.));
#12024=DIRECTION('center_axis',(-3.33302417309671E-15,-3.33302417309671E-15,
-1.));
#12025=DIRECTION('ref_axis',(0.707106781186547,0.707106781186548,-4.71360798931074E-15));
#12026=DIRECTION('',(-0.707106781186547,-0.707106781186548,4.71360798931074E-15));
#12027=DIRECTION('',(0.707106781186547,0.707106781186548,-4.71360798931074E-15));
#12028=DIRECTION('center_axis',(-3.33302417309671E-15,-3.33302417309671E-15,
-1.));
#12029=DIRECTION('ref_axis',(0.707106781186547,0.707106781186548,-4.71360798931074E-15));
#12030=DIRECTION('',(0.707106781186547,0.707106781186548,-4.71360798931074E-15));
#12031=DIRECTION('',(-0.707106781186547,-0.707106781186548,4.71360798931074E-15));
#12032=DIRECTION('',(0.707106781186548,-0.707106781186547,0.));
#12033=DIRECTION('center_axis',(0.707106781186548,-0.707106781186547,0.));
#12034=DIRECTION('ref_axis',(0.,0.,1.));
#12035=DIRECTION('center_axis',(0.707106781186548,-0.707106781186547,0.));
#12036=DIRECTION('ref_axis',(0.,0.,1.));
#12037=DIRECTION('center_axis',(-0.707106781186548,0.707106781186547,0.));
#12038=DIRECTION('ref_axis',(0.,0.,1.));
#12039=DIRECTION('center_axis',(3.8091704835391E-15,3.8091704835391E-15,
1.));
#12040=DIRECTION('ref_axis',(-0.707106781186547,-0.707106781186548,5.38698055921227E-15));
#12041=DIRECTION('',(0.707106781186547,0.707106781186548,-5.38698055921227E-15));
#12042=DIRECTION('',(0.707106781186548,-0.707106781186547,0.));
#12043=DIRECTION('',(-0.707106781186547,-0.707106781186548,5.38698055921227E-15));
#12044=DIRECTION('',(0.707106781186548,-0.707106781186547,0.));
#12045=DIRECTION('center_axis',(3.8091704835391E-15,3.8091704835391E-15,
1.));
#12046=DIRECTION('ref_axis',(-0.707106781186547,-0.707106781186548,5.38698055921227E-15));
#12047=DIRECTION('',(-0.707106781186547,-0.707106781186548,5.38698055921227E-15));
#12048=DIRECTION('',(0.707106781186548,-0.707106781186547,0.));
#12049=DIRECTION('',(0.707106781186547,0.707106781186548,-5.38698055921227E-15));
#12050=DIRECTION('',(0.707106781186548,-0.707106781186547,0.));
#12051=DIRECTION('center_axis',(0.707106781186548,-0.707106781186547,0.));
#12052=DIRECTION('ref_axis',(6.28036983473512E-15,6.28036983473512E-15,
-1.));
#12053=DIRECTION('center_axis',(-0.707106781186548,0.707106781186547,0.));
#12054=DIRECTION('ref_axis',(6.28036983473512E-15,6.28036983473512E-15,
-1.));
#12055=DIRECTION('',(0.707106781186548,-0.707106781186547,0.));
#12056=DIRECTION('center_axis',(0.707106781186548,-0.707106781186547,0.));
#12057=DIRECTION('ref_axis',(6.28036983473512E-15,6.28036983473512E-15,
-1.));
#12058=DIRECTION('center_axis',(0.707106781186548,-0.707106781186547,0.));
#12059=DIRECTION('ref_axis',(6.28036983473512E-15,6.28036983473512E-15,
-1.));
#12060=DIRECTION('center_axis',(0.707106781186548,-0.707106781186547,0.));
#12061=DIRECTION('ref_axis',(6.28036983473512E-15,6.28036983473512E-15,
-1.));
#12062=DIRECTION('center_axis',(-0.707106781186548,0.707106781186547,0.));
#12063=DIRECTION('ref_axis',(6.28036983473512E-15,6.28036983473512E-15,
-1.));
#12064=DIRECTION('',(0.707106781186548,-0.707106781186547,0.));
#12065=DIRECTION('center_axis',(0.707106781186548,-0.707106781186547,0.));
#12066=DIRECTION('ref_axis',(0.,0.,1.));
#12067=DIRECTION('center_axis',(-0.707106781186548,0.707106781186547,0.));
#12068=DIRECTION('ref_axis',(0.,0.,1.));
#12069=DIRECTION('center_axis',(0.707106781186548,-0.707106781186547,0.));
#12070=DIRECTION('ref_axis',(0.,0.,1.));
#12071=DIRECTION('',(0.707106781186548,-0.707106781186547,0.));
#12072=DIRECTION('center_axis',(-2.85687786265432E-15,-2.85687786265432E-15,
-1.));
#12073=DIRECTION('ref_axis',(0.707106781186547,0.707106781186548,-4.0402354194092E-15));
#12074=DIRECTION('',(-0.707106781186547,-0.707106781186548,4.0402354194092E-15));
#12075=DIRECTION('',(0.707106781186547,0.707106781186548,-4.0402354194092E-15));
#12076=DIRECTION('center_axis',(-2.85687786265432E-15,-2.85687786265432E-15,
-1.));
#12077=DIRECTION('ref_axis',(0.707106781186547,0.707106781186548,-4.0402354194092E-15));
#12078=DIRECTION('',(0.707106781186547,0.707106781186548,-4.0402354194092E-15));
#12079=DIRECTION('',(-0.707106781186547,-0.707106781186548,4.0402354194092E-15));
#12080=DIRECTION('',(0.707106781186548,-0.707106781186547,0.));
#12081=DIRECTION('center_axis',(0.707106781186548,-0.707106781186547,0.));
#12082=DIRECTION('ref_axis',(0.,0.,1.));
#12083=DIRECTION('center_axis',(0.707106781186548,-0.707106781186547,0.));
#12084=DIRECTION('ref_axis',(0.,0.,1.));
#12085=DIRECTION('center_axis',(-0.707106781186548,0.707106781186547,0.));
#12086=DIRECTION('ref_axis',(0.,0.,1.));
#12087=DIRECTION('center_axis',(-0.707106781186543,0.707106781186552,0.));
#12088=DIRECTION('ref_axis',(-0.707106781186552,-0.707106781186543,0.));
#12089=DIRECTION('',(0.707106781186552,0.707106781186543,0.));
#12090=DIRECTION('',(0.,0.,1.));
#12091=DIRECTION('',(-0.707106781186552,-0.707106781186543,0.));
#12092=DIRECTION('',(0.,0.,1.));
#12093=DIRECTION('center_axis',(0.,0.,1.));
#12094=DIRECTION('ref_axis',(0.707106781186545,-0.70710678118655,0.));
#12095=DIRECTION('center_axis',(0.,0.,-1.));
#12096=DIRECTION('ref_axis',(0.707106781186545,-0.70710678118655,0.));
#12097=DIRECTION('center_axis',(0.,0.,1.));
#12098=DIRECTION('ref_axis',(0.707106781186545,-0.70710678118655,0.));
#12099=DIRECTION('',(0.,0.,1.));
#12100=DIRECTION('center_axis',(0.707106781186543,-0.707106781186552,0.));
#12101=DIRECTION('ref_axis',(0.707106781186552,0.707106781186543,0.));
#12102=DIRECTION('',(-0.707106781186552,-0.707106781186543,0.));
#12103=DIRECTION('',(0.707106781186552,0.707106781186543,0.));
#12104=DIRECTION('',(0.,0.,1.));
#12105=DIRECTION('center_axis',(0.,0.,1.));
#12106=DIRECTION('ref_axis',(-0.707106781186545,0.70710678118655,0.));
#12107=DIRECTION('center_axis',(0.,0.,-1.));
#12108=DIRECTION('ref_axis',(-0.707106781186545,0.70710678118655,0.));
#12109=DIRECTION('center_axis',(0.,0.,1.));
#12110=DIRECTION('ref_axis',(-0.707106781186545,0.70710678118655,0.));
#12111=DIRECTION('center_axis',(0.,0.,1.));
#12112=DIRECTION('ref_axis',(-0.707106781186559,0.707106781186536,0.));
#12113=DIRECTION('center_axis',(0.,0.,-1.));
#12114=DIRECTION('ref_axis',(-0.707106781186559,0.707106781186536,0.));
#12115=DIRECTION('',(0.,0.,1.));
#12116=DIRECTION('center_axis',(0.,0.,1.));
#12117=DIRECTION('ref_axis',(-0.707106781186559,0.707106781186536,0.));
#12118=DIRECTION('',(0.,0.,1.));
#12119=DIRECTION('center_axis',(-0.707106781186556,0.707106781186539,0.));
#12120=DIRECTION('ref_axis',(-0.707106781186539,-0.707106781186556,0.));
#12121=DIRECTION('',(0.707106781186539,0.707106781186556,0.));
#12122=DIRECTION('',(-0.707106781186539,-0.707106781186556,0.));
#12123=DIRECTION('',(0.,0.,1.));
#12124=DIRECTION('center_axis',(0.,0.,1.));
#12125=DIRECTION('ref_axis',(0.707106781186548,-0.707106781186548,0.));
#12126=DIRECTION('center_axis',(0.,0.,-1.));
#12127=DIRECTION('ref_axis',(0.707106781186548,-0.707106781186548,0.));
#12128=DIRECTION('center_axis',(0.,0.,1.));
#12129=DIRECTION('ref_axis',(0.707106781186548,-0.707106781186548,0.));
#12130=DIRECTION('',(0.,0.,1.));
#12131=DIRECTION('center_axis',(0.707106781186556,-0.707106781186539,0.));
#12132=DIRECTION('ref_axis',(0.707106781186539,0.707106781186556,0.));
#12133=DIRECTION('',(-0.707106781186539,-0.707106781186556,0.));
#12134=DIRECTION('',(0.707106781186539,0.707106781186556,0.));
#12135=DIRECTION('center_axis',(-0.707106781186493,0.707106781186602,0.));
#12136=DIRECTION('ref_axis',(-0.707106781186602,-0.707106781186493,0.));
#12137=DIRECTION('',(0.707106781186602,0.707106781186493,0.));
#12138=DIRECTION('',(0.,0.,1.));
#12139=DIRECTION('',(-0.707106781186602,-0.707106781186493,0.));
#12140=DIRECTION('',(0.,0.,1.));
#12141=DIRECTION('center_axis',(0.,0.,1.));
#12142=DIRECTION('ref_axis',(0.707106781186552,-0.707106781186543,0.));
#12143=DIRECTION('center_axis',(0.,0.,-1.));
#12144=DIRECTION('ref_axis',(0.707106781186552,-0.707106781186543,0.));
#12145=DIRECTION('center_axis',(0.,0.,1.));
#12146=DIRECTION('ref_axis',(0.707106781186552,-0.707106781186543,0.));
#12147=DIRECTION('',(0.,0.,1.));
#12148=DIRECTION('center_axis',(0.707106781186493,-0.707106781186602,0.));
#12149=DIRECTION('ref_axis',(0.707106781186602,0.707106781186493,0.));
#12150=DIRECTION('',(-0.707106781186602,-0.707106781186493,0.));
#12151=DIRECTION('',(0.707106781186602,0.707106781186493,0.));
#12152=DIRECTION('',(0.,0.,1.));
#12153=DIRECTION('center_axis',(0.,0.,1.));
#12154=DIRECTION('ref_axis',(-0.70710678118655,0.707106781186545,0.));
#12155=DIRECTION('center_axis',(0.,0.,-1.));
#12156=DIRECTION('ref_axis',(-0.70710678118655,0.707106781186545,0.));
#12157=DIRECTION('center_axis',(0.,0.,1.));
#12158=DIRECTION('ref_axis',(-0.70710678118655,0.707106781186545,0.));
#12159=DIRECTION('center_axis',(-0.70710678118655,0.707106781186546,0.));
#12160=DIRECTION('ref_axis',(-0.707106781186545,-0.707106781186549,0.));
#12161=DIRECTION('',(0.707106781186545,0.707106781186549,0.));
#12162=DIRECTION('',(0.,0.,1.));
#12163=DIRECTION('',(-0.707106781186545,-0.707106781186549,0.));
#12164=DIRECTION('',(0.,0.,1.));
#12165=DIRECTION('center_axis',(0.,0.,1.));
#12166=DIRECTION('ref_axis',(0.70710678118655,-0.707106781186545,0.));
#12167=DIRECTION('center_axis',(0.,0.,-1.));
#12168=DIRECTION('ref_axis',(0.70710678118655,-0.707106781186545,0.));
#12169=DIRECTION('center_axis',(0.,0.,1.));
#12170=DIRECTION('ref_axis',(0.70710678118655,-0.707106781186545,0.));
#12171=DIRECTION('',(0.,0.,1.));
#12172=DIRECTION('center_axis',(0.707106781186549,-0.707106781186546,0.));
#12173=DIRECTION('ref_axis',(0.707106781186546,0.707106781186549,0.));
#12174=DIRECTION('',(-0.707106781186546,-0.707106781186549,0.));
#12175=DIRECTION('',(0.707106781186546,0.707106781186549,0.));
#12176=DIRECTION('',(0.,0.,1.));
#12177=DIRECTION('center_axis',(0.,0.,1.));
#12178=DIRECTION('ref_axis',(-0.707106781186565,0.70710678118653,0.));
#12179=DIRECTION('center_axis',(0.,0.,-1.));
#12180=DIRECTION('ref_axis',(-0.707106781186565,0.70710678118653,0.));
#12181=DIRECTION('center_axis',(0.,0.,1.));
#12182=DIRECTION('ref_axis',(-0.707106781186565,0.70710678118653,0.));
#12183=DIRECTION('center_axis',(-0.70710678118655,0.707106781186545,0.));
#12184=DIRECTION('ref_axis',(-0.707106781186545,-0.70710678118655,0.));
#12185=DIRECTION('',(0.707106781186545,0.70710678118655,0.));
#12186=DIRECTION('',(0.,0.,1.));
#12187=DIRECTION('',(-0.707106781186545,-0.70710678118655,0.));
#12188=DIRECTION('',(0.,0.,1.));
#12189=DIRECTION('center_axis',(0.,0.,1.));
#12190=DIRECTION('ref_axis',(0.707106781186554,-0.707106781186541,0.));
#12191=DIRECTION('center_axis',(0.,0.,-1.));
#12192=DIRECTION('ref_axis',(0.707106781186554,-0.707106781186541,0.));
#12193=DIRECTION('center_axis',(0.,0.,1.));
#12194=DIRECTION('ref_axis',(0.707106781186554,-0.707106781186541,0.));
#12195=DIRECTION('',(0.,0.,1.));
#12196=DIRECTION('center_axis',(0.707106781186549,-0.707106781186546,0.));
#12197=DIRECTION('ref_axis',(0.707106781186546,0.707106781186549,0.));
#12198=DIRECTION('',(-0.707106781186546,-0.707106781186549,0.));
#12199=DIRECTION('',(0.707106781186546,0.707106781186549,0.));
#12200=DIRECTION('',(0.,0.,1.));
#12201=DIRECTION('center_axis',(0.,0.,1.));
#12202=DIRECTION('ref_axis',(-0.707106781186561,0.707106781186534,0.));
#12203=DIRECTION('center_axis',(0.,0.,-1.));
#12204=DIRECTION('ref_axis',(-0.707106781186561,0.707106781186534,0.));
#12205=DIRECTION('center_axis',(0.,0.,1.));
#12206=DIRECTION('ref_axis',(-0.707106781186561,0.707106781186534,0.));
#12207=DIRECTION('center_axis',(-0.70710678118655,0.707106781186546,0.));
#12208=DIRECTION('ref_axis',(-0.707106781186545,-0.707106781186549,0.));
#12209=DIRECTION('',(0.707106781186545,0.707106781186549,0.));
#12210=DIRECTION('',(0.,0.,1.));
#12211=DIRECTION('',(-0.707106781186545,-0.707106781186549,0.));
#12212=DIRECTION('',(0.,0.,1.));
#12213=DIRECTION('center_axis',(0.,0.,1.));
#12214=DIRECTION('ref_axis',(0.70710678118655,-0.707106781186545,0.));
#12215=DIRECTION('center_axis',(0.,0.,-1.));
#12216=DIRECTION('ref_axis',(0.70710678118655,-0.707106781186545,0.));
#12217=DIRECTION('center_axis',(0.,0.,1.));
#12218=DIRECTION('ref_axis',(0.70710678118655,-0.707106781186545,0.));
#12219=DIRECTION('',(0.,0.,1.));
#12220=DIRECTION('center_axis',(0.707106781186549,-0.707106781186546,0.));
#12221=DIRECTION('ref_axis',(0.707106781186546,0.707106781186549,0.));
#12222=DIRECTION('',(-0.707106781186546,-0.707106781186549,0.));
#12223=DIRECTION('',(0.707106781186546,0.707106781186549,0.));
#12224=DIRECTION('',(0.,0.,1.));
#12225=DIRECTION('center_axis',(0.,0.,1.));
#12226=DIRECTION('ref_axis',(-0.707106781186561,0.707106781186534,0.));
#12227=DIRECTION('center_axis',(0.,0.,-1.));
#12228=DIRECTION('ref_axis',(-0.707106781186561,0.707106781186534,0.));
#12229=DIRECTION('center_axis',(0.,0.,1.));
#12230=DIRECTION('ref_axis',(-0.707106781186561,0.707106781186534,0.));
#12231=DIRECTION('center_axis',(-0.70710678118655,0.707106781186545,0.));
#12232=DIRECTION('ref_axis',(-0.707106781186545,-0.70710678118655,0.));
#12233=DIRECTION('',(0.707106781186545,0.70710678118655,0.));
#12234=DIRECTION('',(0.,0.,1.));
#12235=DIRECTION('',(-0.707106781186545,-0.70710678118655,0.));
#12236=DIRECTION('',(0.,0.,1.));
#12237=DIRECTION('center_axis',(0.,0.,1.));
#12238=DIRECTION('ref_axis',(0.70710678118655,-0.707106781186545,0.));
#12239=DIRECTION('center_axis',(0.,0.,-1.));
#12240=DIRECTION('ref_axis',(0.70710678118655,-0.707106781186545,0.));
#12241=DIRECTION('center_axis',(0.,0.,1.));
#12242=DIRECTION('ref_axis',(0.70710678118655,-0.707106781186545,0.));
#12243=DIRECTION('',(0.,0.,1.));
#12244=DIRECTION('center_axis',(0.70710678118655,-0.707106781186545,0.));
#12245=DIRECTION('ref_axis',(0.707106781186545,0.70710678118655,0.));
#12246=DIRECTION('',(-0.707106781186545,-0.70710678118655,0.));
#12247=DIRECTION('',(0.707106781186545,0.70710678118655,0.));
#12248=DIRECTION('',(0.,0.,1.));
#12249=DIRECTION('center_axis',(0.,0.,1.));
#12250=DIRECTION('ref_axis',(-0.707106781186561,0.707106781186534,0.));
#12251=DIRECTION('center_axis',(0.,0.,-1.));
#12252=DIRECTION('ref_axis',(-0.707106781186561,0.707106781186534,0.));
#12253=DIRECTION('center_axis',(0.,0.,1.));
#12254=DIRECTION('ref_axis',(-0.707106781186561,0.707106781186534,0.));
#12255=DIRECTION('center_axis',(-0.707106781186493,0.707106781186602,0.));
#12256=DIRECTION('ref_axis',(-0.707106781186602,-0.707106781186493,0.));
#12257=DIRECTION('',(0.707106781186602,0.707106781186493,0.));
#12258=DIRECTION('',(0.,0.,1.));
#12259=DIRECTION('',(-0.707106781186602,-0.707106781186493,0.));
#12260=DIRECTION('',(0.,0.,1.));
#12261=DIRECTION('center_axis',(0.,0.,1.));
#12262=DIRECTION('ref_axis',(0.707106781186552,-0.707106781186543,0.));
#12263=DIRECTION('center_axis',(0.,0.,-1.));
#12264=DIRECTION('ref_axis',(0.707106781186552,-0.707106781186543,0.));
#12265=DIRECTION('center_axis',(0.,0.,1.));
#12266=DIRECTION('ref_axis',(0.707106781186552,-0.707106781186543,0.));
#12267=DIRECTION('',(0.,0.,1.));
#12268=DIRECTION('center_axis',(0.707106781186493,-0.707106781186602,0.));
#12269=DIRECTION('ref_axis',(0.707106781186602,0.707106781186493,0.));
#12270=DIRECTION('',(-0.707106781186602,-0.707106781186493,0.));
#12271=DIRECTION('',(0.707106781186602,0.707106781186493,0.));
#12272=DIRECTION('',(0.,0.,1.));
#12273=DIRECTION('center_axis',(0.,0.,1.));
#12274=DIRECTION('ref_axis',(-0.707106781186545,0.70710678118655,0.));
#12275=DIRECTION('center_axis',(0.,0.,-1.));
#12276=DIRECTION('ref_axis',(-0.707106781186545,0.70710678118655,0.));
#12277=DIRECTION('center_axis',(0.,0.,1.));
#12278=DIRECTION('ref_axis',(-0.707106781186545,0.70710678118655,0.));
#12279=DIRECTION('center_axis',(0.,0.,1.));
#12280=DIRECTION('ref_axis',(-0.707106781186559,0.707106781186536,0.));
#12281=DIRECTION('center_axis',(0.,0.,-1.));
#12282=DIRECTION('ref_axis',(-0.707106781186559,0.707106781186536,0.));
#12283=DIRECTION('',(0.,0.,1.));
#12284=DIRECTION('center_axis',(0.,0.,1.));
#12285=DIRECTION('ref_axis',(-0.707106781186559,0.707106781186536,0.));
#12286=DIRECTION('',(0.,0.,1.));
#12287=DIRECTION('center_axis',(-0.707106781186556,0.707106781186539,0.));
#12288=DIRECTION('ref_axis',(-0.707106781186539,-0.707106781186556,0.));
#12289=DIRECTION('',(0.707106781186539,0.707106781186556,0.));
#12290=DIRECTION('',(-0.707106781186539,-0.707106781186556,0.));
#12291=DIRECTION('',(0.,0.,1.));
#12292=DIRECTION('center_axis',(0.,0.,1.));
#12293=DIRECTION('ref_axis',(0.707106781186548,-0.707106781186548,0.));
#12294=DIRECTION('center_axis',(0.,0.,-1.));
#12295=DIRECTION('ref_axis',(0.707106781186548,-0.707106781186548,0.));
#12296=DIRECTION('center_axis',(0.,0.,1.));
#12297=DIRECTION('ref_axis',(0.707106781186548,-0.707106781186548,0.));
#12298=DIRECTION('',(0.,0.,1.));
#12299=DIRECTION('center_axis',(0.707106781186556,-0.707106781186539,0.));
#12300=DIRECTION('ref_axis',(0.707106781186539,0.707106781186556,0.));
#12301=DIRECTION('',(-0.707106781186539,-0.707106781186556,0.));
#12302=DIRECTION('',(0.707106781186539,0.707106781186556,0.));
#12303=DIRECTION('center_axis',(-0.707106781186543,0.707106781186552,0.));
#12304=DIRECTION('ref_axis',(-0.707106781186552,-0.707106781186543,0.));
#12305=DIRECTION('',(0.707106781186552,0.707106781186543,0.));
#12306=DIRECTION('',(0.,0.,1.));
#12307=DIRECTION('',(-0.707106781186552,-0.707106781186543,0.));
#12308=DIRECTION('',(0.,0.,1.));
#12309=DIRECTION('center_axis',(0.,0.,1.));
#12310=DIRECTION('ref_axis',(0.707106781186545,-0.70710678118655,0.));
#12311=DIRECTION('center_axis',(0.,0.,-1.));
#12312=DIRECTION('ref_axis',(0.707106781186545,-0.70710678118655,0.));
#12313=DIRECTION('center_axis',(0.,0.,1.));
#12314=DIRECTION('ref_axis',(0.707106781186545,-0.70710678118655,0.));
#12315=DIRECTION('',(0.,0.,1.));
#12316=DIRECTION('center_axis',(0.707106781186543,-0.707106781186552,0.));
#12317=DIRECTION('ref_axis',(0.707106781186552,0.707106781186543,0.));
#12318=DIRECTION('',(-0.707106781186552,-0.707106781186543,0.));
#12319=DIRECTION('',(0.707106781186552,0.707106781186543,0.));
#12320=DIRECTION('',(0.,0.,1.));
#12321=DIRECTION('center_axis',(0.,0.,1.));
#12322=DIRECTION('ref_axis',(-0.707106773735977,-0.707106788637118,0.));
#12323=DIRECTION('center_axis',(0.,0.,-1.));
#12324=DIRECTION('ref_axis',(-0.707106781186536,0.707106781186559,0.));
#12325=DIRECTION('center_axis',(0.,0.,1.));
#12326=DIRECTION('ref_axis',(-0.707106781186536,0.707106781186559,0.));
#12327=DIRECTION('center_axis',(-0.707106781186541,0.707106781186554,0.));
#12328=DIRECTION('ref_axis',(-0.707106781186554,-0.707106781186541,0.));
#12329=DIRECTION('',(0.707106781186554,0.707106781186541,0.));
#12330=DIRECTION('',(0.,0.,1.));
#12331=DIRECTION('',(-0.707106781186554,-0.707106781186541,0.));
#12332=DIRECTION('',(0.,0.,1.));
#12333=DIRECTION('center_axis',(0.,0.,1.));
#12334=DIRECTION('ref_axis',(0.707106781186536,-0.707106781186559,0.));
#12335=DIRECTION('center_axis',(0.,0.,-1.));
#12336=DIRECTION('ref_axis',(0.707106781186536,-0.707106781186559,0.));
#12337=DIRECTION('center_axis',(0.,0.,1.));
#12338=DIRECTION('ref_axis',(0.707106781186536,-0.707106781186559,0.));
#12339=DIRECTION('',(0.,0.,1.));
#12340=DIRECTION('center_axis',(0.707106781186543,-0.707106781186552,0.));
#12341=DIRECTION('ref_axis',(0.707106781186552,0.707106781186543,0.));
#12342=DIRECTION('',(-0.707106781186552,-0.707106781186543,0.));
#12343=DIRECTION('',(0.707106781186552,0.707106781186543,0.));
#12344=DIRECTION('',(0.,0.,1.));
#12345=DIRECTION('center_axis',(0.,0.,1.));
#12346=DIRECTION('ref_axis',(-0.707106781186541,0.707106781186554,0.));
#12347=DIRECTION('center_axis',(0.,0.,-1.));
#12348=DIRECTION('ref_axis',(-0.707106781186541,0.707106781186554,0.));
#12349=DIRECTION('center_axis',(0.,0.,1.));
#12350=DIRECTION('ref_axis',(-0.707106781186541,0.707106781186554,0.));
#12351=DIRECTION('center_axis',(0.,0.,1.));
#12352=DIRECTION('ref_axis',(-0.707106781186568,0.707106781186528,0.));
#12353=DIRECTION('center_axis',(0.,0.,-1.));
#12354=DIRECTION('ref_axis',(-0.707106781186568,0.707106781186528,0.));
#12355=DIRECTION('',(0.,0.,1.));
#12356=DIRECTION('center_axis',(0.,0.,1.));
#12357=DIRECTION('ref_axis',(-0.707106781186568,0.707106781186528,0.));
#12358=DIRECTION('',(0.,0.,1.));
#12359=DIRECTION('center_axis',(-0.707106781186556,0.707106781186539,0.));
#12360=DIRECTION('ref_axis',(-0.707106781186539,-0.707106781186556,0.));
#12361=DIRECTION('',(0.707106781186539,0.707106781186556,0.));
#12362=DIRECTION('',(-0.707106781186539,-0.707106781186556,0.));
#12363=DIRECTION('',(0.,0.,1.));
#12364=DIRECTION('center_axis',(0.,0.,1.));
#12365=DIRECTION('ref_axis',(0.707106781186548,-0.707106781186548,0.));
#12366=DIRECTION('center_axis',(0.,0.,-1.));
#12367=DIRECTION('ref_axis',(0.707106781186548,-0.707106781186548,0.));
#12368=DIRECTION('center_axis',(0.,0.,1.));
#12369=DIRECTION('ref_axis',(0.707106781186548,-0.707106781186548,0.));
#12370=DIRECTION('',(0.,0.,1.));
#12371=DIRECTION('center_axis',(0.707106781186556,-0.707106781186539,0.));
#12372=DIRECTION('ref_axis',(0.707106781186539,0.707106781186556,0.));
#12373=DIRECTION('',(-0.707106781186539,-0.707106781186556,0.));
#12374=DIRECTION('',(0.707106781186539,0.707106781186556,0.));
#12375=DIRECTION('center_axis',(0.707106781186557,-0.707106781186538,0.));
#12376=DIRECTION('ref_axis',(0.707106781186538,0.707106781186557,0.));
#12377=DIRECTION('',(-0.707106781186538,-0.707106781186557,0.));
#12378=DIRECTION('',(0.,0.,1.));
#12379=DIRECTION('',(0.707106781186538,0.707106781186557,0.));
#12380=DIRECTION('',(0.,0.,1.));
#12381=DIRECTION('center_axis',(0.,0.,1.));
#12382=DIRECTION('ref_axis',(-0.707106781186565,0.70710678118653,0.));
#12383=DIRECTION('center_axis',(0.,0.,-1.));
#12384=DIRECTION('ref_axis',(-0.707106781186565,0.70710678118653,0.));
#12385=DIRECTION('center_axis',(0.,0.,1.));
#12386=DIRECTION('ref_axis',(-0.707106781186565,0.70710678118653,0.));
#12387=DIRECTION('',(0.,0.,1.));
#12388=DIRECTION('center_axis',(-0.707106781186556,0.707106781186539,0.));
#12389=DIRECTION('ref_axis',(-0.707106781186539,-0.707106781186556,0.));
#12390=DIRECTION('',(0.707106781186539,0.707106781186556,0.));
#12391=DIRECTION('',(-0.707106781186539,-0.707106781186556,0.));
#12392=DIRECTION('',(0.,0.,1.));
#12393=DIRECTION('center_axis',(0.,0.,1.));
#12394=DIRECTION('ref_axis',(0.707106781186548,-0.707106781186548,0.));
#12395=DIRECTION('center_axis',(0.,0.,-1.));
#12396=DIRECTION('ref_axis',(0.707106781186548,-0.707106781186548,0.));
#12397=DIRECTION('center_axis',(0.,0.,1.));
#12398=DIRECTION('ref_axis',(0.707106781186548,-0.707106781186548,0.));
#12399=DIRECTION('center_axis',(0.707106781186493,-0.707106781186602,0.));
#12400=DIRECTION('ref_axis',(0.707106781186602,0.707106781186493,0.));
#12401=DIRECTION('',(-0.707106781186602,-0.707106781186493,0.));
#12402=DIRECTION('',(0.,0.,1.));
#12403=DIRECTION('',(0.707106781186602,0.707106781186493,0.));
#12404=DIRECTION('',(0.,0.,1.));
#12405=DIRECTION('center_axis',(0.,0.,1.));
#12406=DIRECTION('ref_axis',(-0.707106781186545,0.70710678118655,0.));
#12407=DIRECTION('center_axis',(0.,0.,-1.));
#12408=DIRECTION('ref_axis',(-0.707106781186545,0.70710678118655,0.));
#12409=DIRECTION('center_axis',(0.,0.,1.));
#12410=DIRECTION('ref_axis',(-0.707106781186545,0.70710678118655,0.));
#12411=DIRECTION('',(0.,0.,1.));
#12412=DIRECTION('center_axis',(-0.707106781186493,0.707106781186602,0.));
#12413=DIRECTION('ref_axis',(-0.707106781186602,-0.707106781186493,0.));
#12414=DIRECTION('',(0.707106781186602,0.707106781186493,0.));
#12415=DIRECTION('',(-0.707106781186602,-0.707106781186493,0.));
#12416=DIRECTION('',(0.,0.,1.));
#12417=DIRECTION('center_axis',(0.,0.,1.));
#12418=DIRECTION('ref_axis',(0.707106781186556,-0.707106781186539,0.));
#12419=DIRECTION('center_axis',(0.,0.,-1.));
#12420=DIRECTION('ref_axis',(0.707106781186556,-0.707106781186539,0.));
#12421=DIRECTION('center_axis',(0.,0.,1.));
#12422=DIRECTION('ref_axis',(0.707106781186556,-0.707106781186539,0.));
#12423=DIRECTION('center_axis',(0.70710678118655,-0.707106781186545,0.));
#12424=DIRECTION('ref_axis',(0.707106781186545,0.70710678118655,0.));
#12425=DIRECTION('',(-0.707106781186545,-0.70710678118655,0.));
#12426=DIRECTION('',(0.,0.,1.));
#12427=DIRECTION('',(0.707106781186545,0.70710678118655,0.));
#12428=DIRECTION('',(0.,0.,1.));
#12429=DIRECTION('center_axis',(0.,0.,1.));
#12430=DIRECTION('ref_axis',(-0.707106781186561,0.707106781186534,0.));
#12431=DIRECTION('center_axis',(0.,0.,-1.));
#12432=DIRECTION('ref_axis',(-0.707106781186561,0.707106781186534,0.));
#12433=DIRECTION('center_axis',(0.,0.,1.));
#12434=DIRECTION('ref_axis',(-0.707106781186561,0.707106781186534,0.));
#12435=DIRECTION('',(0.,0.,1.));
#12436=DIRECTION('center_axis',(-0.70710678118655,0.707106781186545,0.));
#12437=DIRECTION('ref_axis',(-0.707106781186545,-0.70710678118655,0.));
#12438=DIRECTION('',(0.707106781186545,0.70710678118655,0.));
#12439=DIRECTION('',(-0.707106781186545,-0.70710678118655,0.));
#12440=DIRECTION('',(0.,0.,1.));
#12441=DIRECTION('center_axis',(0.,0.,1.));
#12442=DIRECTION('ref_axis',(0.707106781186552,-0.707106781186543,0.));
#12443=DIRECTION('center_axis',(0.,0.,-1.));
#12444=DIRECTION('ref_axis',(0.707106781186552,-0.707106781186543,0.));
#12445=DIRECTION('center_axis',(0.,0.,1.));
#12446=DIRECTION('ref_axis',(0.707106781186552,-0.707106781186543,0.));
#12447=DIRECTION('center_axis',(-0.70710678118655,0.707106781186546,0.));
#12448=DIRECTION('ref_axis',(-0.707106781186545,-0.707106781186549,0.));
#12449=DIRECTION('',(0.707106781186545,0.707106781186549,0.));
#12450=DIRECTION('',(0.,0.,1.));
#12451=DIRECTION('',(-0.707106781186545,-0.707106781186549,0.));
#12452=DIRECTION('',(0.,0.,1.));
#12453=DIRECTION('center_axis',(0.,0.,1.));
#12454=DIRECTION('ref_axis',(0.70710678118655,-0.707106781186545,0.));
#12455=DIRECTION('center_axis',(0.,0.,-1.));
#12456=DIRECTION('ref_axis',(0.70710678118655,-0.707106781186545,0.));
#12457=DIRECTION('center_axis',(0.,0.,1.));
#12458=DIRECTION('ref_axis',(0.70710678118655,-0.707106781186545,0.));
#12459=DIRECTION('',(0.,0.,1.));
#12460=DIRECTION('center_axis',(0.707106781186549,-0.707106781186546,0.));
#12461=DIRECTION('ref_axis',(0.707106781186546,0.707106781186549,0.));
#12462=DIRECTION('',(-0.707106781186546,-0.707106781186549,0.));
#12463=DIRECTION('',(0.707106781186546,0.707106781186549,0.));
#12464=DIRECTION('',(0.,0.,1.));
#12465=DIRECTION('center_axis',(0.,0.,1.));
#12466=DIRECTION('ref_axis',(-0.707106781186561,0.707106781186534,0.));
#12467=DIRECTION('center_axis',(0.,0.,-1.));
#12468=DIRECTION('ref_axis',(-0.707106781186561,0.707106781186534,0.));
#12469=DIRECTION('center_axis',(0.,0.,1.));
#12470=DIRECTION('ref_axis',(-0.707106781186561,0.707106781186534,0.));
#12471=DIRECTION('center_axis',(-0.70710678118649,0.707106781186605,0.));
#12472=DIRECTION('ref_axis',(-0.707106781186605,-0.70710678118649,0.));
#12473=DIRECTION('',(0.707106781186605,0.70710678118649,0.));
#12474=DIRECTION('',(0.,0.,1.));
#12475=DIRECTION('',(-0.707106781186605,-0.70710678118649,0.));
#12476=DIRECTION('',(0.,0.,1.));
#12477=DIRECTION('center_axis',(0.,0.,1.));
#12478=DIRECTION('ref_axis',(0.707106781186552,-0.707106781186543,0.));
#12479=DIRECTION('center_axis',(0.,0.,-1.));
#12480=DIRECTION('ref_axis',(0.707106781186552,-0.707106781186543,0.));
#12481=DIRECTION('center_axis',(0.,0.,1.));
#12482=DIRECTION('ref_axis',(0.707106781186552,-0.707106781186543,0.));
#12483=DIRECTION('',(0.,0.,1.));
#12484=DIRECTION('center_axis',(0.707106781186493,-0.707106781186602,0.));
#12485=DIRECTION('ref_axis',(0.707106781186602,0.707106781186493,0.));
#12486=DIRECTION('',(-0.707106781186602,-0.707106781186493,0.));
#12487=DIRECTION('',(0.707106781186602,0.707106781186493,0.));
#12488=DIRECTION('',(0.,0.,1.));
#12489=DIRECTION('center_axis',(0.,0.,1.));
#12490=DIRECTION('ref_axis',(-0.70710678118655,0.707106781186545,0.));
#12491=DIRECTION('center_axis',(0.,0.,-1.));
#12492=DIRECTION('ref_axis',(-0.70710678118655,0.707106781186545,0.));
#12493=DIRECTION('center_axis',(0.,0.,1.));
#12494=DIRECTION('ref_axis',(-0.70710678118655,0.707106781186545,0.));
#12495=DIRECTION('center_axis',(0.,0.,1.));
#12496=DIRECTION('ref_axis',(-0.707106781186556,0.707106781186539,0.));
#12497=DIRECTION('center_axis',(0.,0.,-1.));
#12498=DIRECTION('ref_axis',(-0.707106781186556,0.707106781186539,0.));
#12499=DIRECTION('',(0.,0.,1.));
#12500=DIRECTION('center_axis',(0.,0.,1.));
#12501=DIRECTION('ref_axis',(-0.707106781186556,0.707106781186539,0.));
#12502=DIRECTION('',(0.,0.,1.));
#12503=DIRECTION('center_axis',(-0.707106781186556,0.707106781186539,0.));
#12504=DIRECTION('ref_axis',(-0.707106781186539,-0.707106781186556,0.));
#12505=DIRECTION('',(0.707106781186539,0.707106781186556,0.));
#12506=DIRECTION('',(-0.707106781186539,-0.707106781186556,0.));
#12507=DIRECTION('',(0.,0.,1.));
#12508=DIRECTION('center_axis',(0.,0.,1.));
#12509=DIRECTION('ref_axis',(0.707106781186552,-0.707106781186543,0.));
#12510=DIRECTION('center_axis',(0.,0.,-1.));
#12511=DIRECTION('ref_axis',(0.707106781186552,-0.707106781186543,0.));
#12512=DIRECTION('center_axis',(0.,0.,1.));
#12513=DIRECTION('ref_axis',(0.707106781186552,-0.707106781186543,0.));
#12514=DIRECTION('',(0.,0.,1.));
#12515=DIRECTION('center_axis',(0.707106781186558,-0.707106781186537,0.));
#12516=DIRECTION('ref_axis',(0.707106781186537,0.707106781186558,0.));
#12517=DIRECTION('',(-0.707106781186537,-0.707106781186558,0.));
#12518=DIRECTION('',(0.707106781186537,0.707106781186558,0.));
#12519=DIRECTION('center_axis',(0.,0.,1.));
#12520=DIRECTION('ref_axis',(-0.707106781186559,0.707106781186536,0.));
#12521=DIRECTION('center_axis',(0.,0.,-1.));
#12522=DIRECTION('ref_axis',(-0.707106781186559,0.707106781186536,0.));
#12523=DIRECTION('',(0.,0.,1.));
#12524=DIRECTION('center_axis',(0.,0.,1.));
#12525=DIRECTION('ref_axis',(-0.707106781186559,0.707106781186536,0.));
#12526=DIRECTION('',(0.,0.,1.));
#12527=DIRECTION('center_axis',(-0.707106781186556,0.707106781186539,0.));
#12528=DIRECTION('ref_axis',(-0.707106781186539,-0.707106781186556,0.));
#12529=DIRECTION('',(0.707106781186539,0.707106781186556,0.));
#12530=DIRECTION('',(-0.707106781186539,-0.707106781186556,0.));
#12531=DIRECTION('',(0.,0.,1.));
#12532=DIRECTION('center_axis',(0.,0.,1.));
#12533=DIRECTION('ref_axis',(0.707106781186556,-0.707106781186539,0.));
#12534=DIRECTION('center_axis',(0.,0.,-1.));
#12535=DIRECTION('ref_axis',(0.707106781186556,-0.707106781186539,0.));
#12536=DIRECTION('center_axis',(0.,0.,1.));
#12537=DIRECTION('ref_axis',(0.707106781186556,-0.707106781186539,0.));
#12538=DIRECTION('',(0.,0.,1.));
#12539=DIRECTION('center_axis',(0.707106781186558,-0.707106781186537,0.));
#12540=DIRECTION('ref_axis',(0.707106781186537,0.707106781186558,0.));
#12541=DIRECTION('',(-0.707106781186537,-0.707106781186558,0.));
#12542=DIRECTION('',(0.707106781186537,0.707106781186558,0.));
#12543=DIRECTION('center_axis',(0.707106781186541,-0.707106781186554,0.));
#12544=DIRECTION('ref_axis',(0.707106781186554,0.707106781186541,0.));
#12545=DIRECTION('',(-0.707106781186554,-0.707106781186541,0.));
#12546=DIRECTION('',(0.,0.,1.));
#12547=DIRECTION('',(0.707106781186554,0.707106781186541,0.));
#12548=DIRECTION('',(0.,0.,1.));
#12549=DIRECTION('center_axis',(0.,0.,1.));
#12550=DIRECTION('ref_axis',(-0.707106773735977,-0.707106788637118,0.));
#12551=DIRECTION('center_axis',(0.,0.,-1.));
#12552=DIRECTION('ref_axis',(-0.707106781186536,0.707106781186559,0.));
#12553=DIRECTION('center_axis',(0.,0.,1.));
#12554=DIRECTION('ref_axis',(-0.707106781186536,0.707106781186559,0.));
#12555=DIRECTION('',(0.,0.,1.));
#12556=DIRECTION('center_axis',(-0.707106781186541,0.707106781186554,0.));
#12557=DIRECTION('ref_axis',(-0.707106781186554,-0.707106781186541,0.));
#12558=DIRECTION('',(0.707106781186554,0.707106781186541,0.));
#12559=DIRECTION('',(-0.707106781186554,-0.707106781186541,0.));
#12560=DIRECTION('',(0.,0.,1.));
#12561=DIRECTION('center_axis',(0.,0.,1.));
#12562=DIRECTION('ref_axis',(0.707106781186541,-0.707106781186554,0.));
#12563=DIRECTION('center_axis',(0.,0.,-1.));
#12564=DIRECTION('ref_axis',(0.707106781186541,-0.707106781186554,0.));
#12565=DIRECTION('center_axis',(0.,0.,1.));
#12566=DIRECTION('ref_axis',(0.707106781186541,-0.707106781186554,0.));
#12567=DIRECTION('center_axis',(0.707106781186548,-0.707106781186548,0.));
#12568=DIRECTION('ref_axis',(-0.707106781186548,-0.707106781186548,0.));
#12569=DIRECTION('',(0.707106781186548,0.707106781186548,0.));
#12570=DIRECTION('',(0.,0.,-1.));
#12571=DIRECTION('',(-0.707106781186548,-0.707106781186548,0.));
#12572=DIRECTION('',(0.,0.,-1.));
#12573=DIRECTION('center_axis',(0.,0.,-1.));
#12574=DIRECTION('ref_axis',(0.707106781186541,-0.707106781186554,0.));
#12575=DIRECTION('center_axis',(0.,0.,1.));
#12576=DIRECTION('ref_axis',(0.707106781186541,-0.707106781186554,0.));
#12577=DIRECTION('center_axis',(0.,0.,-1.));
#12578=DIRECTION('ref_axis',(0.707106781186541,-0.707106781186554,0.));
#12579=DIRECTION('',(0.,0.,-1.));
#12580=DIRECTION('center_axis',(-0.707106781186543,0.707106781186552,0.));
#12581=DIRECTION('ref_axis',(0.707106781186552,0.707106781186543,0.));
#12582=DIRECTION('',(-0.707106781186552,-0.707106781186543,0.));
#12583=DIRECTION('',(0.707106781186552,0.707106781186543,0.));
#12584=DIRECTION('',(0.,0.,-1.));
#12585=DIRECTION('center_axis',(0.,0.,-1.));
#12586=DIRECTION('ref_axis',(-0.707106781186545,0.70710678118655,0.));
#12587=DIRECTION('center_axis',(0.,0.,1.));
#12588=DIRECTION('ref_axis',(-0.707106781186545,0.70710678118655,0.));
#12589=DIRECTION('center_axis',(0.,0.,-1.));
#12590=DIRECTION('ref_axis',(-0.707106781186545,0.70710678118655,0.));
#12591=DIRECTION('center_axis',(0.707106781186548,-0.707106781186547,0.));
#12592=DIRECTION('ref_axis',(-0.707106781186547,-0.707106781186548,0.));
#12593=DIRECTION('',(0.707106781186547,0.707106781186548,0.));
#12594=DIRECTION('',(0.,0.,-1.));
#12595=DIRECTION('',(-0.707106781186547,-0.707106781186548,0.));
#12596=DIRECTION('',(0.,0.,-1.));
#12597=DIRECTION('center_axis',(0.,0.,-1.));
#12598=DIRECTION('ref_axis',(0.707106781186548,-0.707106781186548,0.));
#12599=DIRECTION('center_axis',(0.,0.,1.));
#12600=DIRECTION('ref_axis',(0.707106781186548,-0.707106781186548,0.));
#12601=DIRECTION('center_axis',(0.,0.,-1.));
#12602=DIRECTION('ref_axis',(0.707106781186548,-0.707106781186548,0.));
#12603=DIRECTION('',(0.,0.,-1.));
#12604=DIRECTION('center_axis',(-0.707106781186548,0.707106781186547,0.));
#12605=DIRECTION('ref_axis',(0.707106781186547,0.707106781186548,0.));
#12606=DIRECTION('',(-0.707106781186547,-0.707106781186548,0.));
#12607=DIRECTION('',(0.707106781186547,0.707106781186548,0.));
#12608=DIRECTION('',(0.,0.,-1.));
#12609=DIRECTION('center_axis',(0.,0.,-1.));
#12610=DIRECTION('ref_axis',(-0.707106781186548,0.707106781186548,0.));
#12611=DIRECTION('center_axis',(0.,0.,1.));
#12612=DIRECTION('ref_axis',(-0.707106781186548,0.707106781186548,0.));
#12613=DIRECTION('center_axis',(0.,0.,-1.));
#12614=DIRECTION('ref_axis',(-0.707106781186548,0.707106781186548,0.));
#12615=DIRECTION('center_axis',(-0.707106781186548,0.707106781186547,0.));
#12616=DIRECTION('ref_axis',(0.707106781186547,0.707106781186548,0.));
#12617=DIRECTION('',(-0.707106781186547,-0.707106781186548,0.));
#12618=DIRECTION('',(0.,0.,-1.));
#12619=DIRECTION('',(0.707106781186547,0.707106781186548,0.));
#12620=DIRECTION('',(0.,0.,-1.));
#12621=DIRECTION('center_axis',(0.,0.,-1.));
#12622=DIRECTION('ref_axis',(-0.707106781186548,0.707106781186548,0.));
#12623=DIRECTION('center_axis',(0.,0.,1.));
#12624=DIRECTION('ref_axis',(-0.707106781186548,0.707106781186548,0.));
#12625=DIRECTION('center_axis',(0.,0.,-1.));
#12626=DIRECTION('ref_axis',(-0.707106781186548,0.707106781186548,0.));
#12627=DIRECTION('',(0.,0.,-1.));
#12628=DIRECTION('center_axis',(0.707106781186548,-0.707106781186547,0.));
#12629=DIRECTION('ref_axis',(-0.707106781186547,-0.707106781186548,0.));
#12630=DIRECTION('',(0.707106781186547,0.707106781186548,0.));
#12631=DIRECTION('',(-0.707106781186547,-0.707106781186548,0.));
#12632=DIRECTION('',(0.,0.,-1.));
#12633=DIRECTION('center_axis',(0.,0.,-1.));
#12634=DIRECTION('ref_axis',(0.707106781186543,-0.707106781186552,0.));
#12635=DIRECTION('center_axis',(0.,0.,1.));
#12636=DIRECTION('ref_axis',(0.707106781186543,-0.707106781186552,0.));
#12637=DIRECTION('center_axis',(0.,0.,-1.));
#12638=DIRECTION('ref_axis',(0.707106781186543,-0.707106781186552,0.));
#12639=DIRECTION('center_axis',(0.707106781186545,-0.70710678118655,0.));
#12640=DIRECTION('ref_axis',(-0.70710678118655,-0.707106781186545,0.));
#12641=DIRECTION('',(0.70710678118655,0.707106781186545,0.));
#12642=DIRECTION('',(0.,0.,-1.));
#12643=DIRECTION('',(-0.70710678118655,-0.707106781186545,0.));
#12644=DIRECTION('',(0.,0.,-1.));
#12645=DIRECTION('center_axis',(0.,0.,-1.));
#12646=DIRECTION('ref_axis',(0.70710678118655,-0.707106781186545,0.));
#12647=DIRECTION('center_axis',(0.,0.,1.));
#12648=DIRECTION('ref_axis',(0.70710678118655,-0.707106781186545,0.));
#12649=DIRECTION('center_axis',(0.,0.,-1.));
#12650=DIRECTION('ref_axis',(0.70710678118655,-0.707106781186545,0.));
#12651=DIRECTION('',(0.,0.,-1.));
#12652=DIRECTION('center_axis',(-0.707106781186546,0.70710678118655,0.));
#12653=DIRECTION('ref_axis',(0.707106781186549,0.707106781186545,0.));
#12654=DIRECTION('',(-0.707106781186549,-0.707106781186545,0.));
#12655=DIRECTION('',(0.707106781186549,0.707106781186545,0.));
#12656=DIRECTION('',(0.,0.,-1.));
#12657=DIRECTION('center_axis',(0.,0.,-1.));
#12658=DIRECTION('ref_axis',(-0.707106781186543,0.707106781186552,0.));
#12659=DIRECTION('center_axis',(0.,0.,1.));
#12660=DIRECTION('ref_axis',(-0.707106781186543,0.707106781186552,0.));
#12661=DIRECTION('center_axis',(0.,0.,-1.));
#12662=DIRECTION('ref_axis',(-0.707106781186543,0.707106781186552,0.));
#12663=DIRECTION('center_axis',(0.707106781186546,-0.70710678118655,0.));
#12664=DIRECTION('ref_axis',(-0.707106781186549,-0.707106781186545,0.));
#12665=DIRECTION('',(0.707106781186549,0.707106781186545,0.));
#12666=DIRECTION('',(0.,0.,-1.));
#12667=DIRECTION('',(-0.707106781186549,-0.707106781186545,0.));
#12668=DIRECTION('',(0.,0.,-1.));
#12669=DIRECTION('center_axis',(0.,0.,-1.));
#12670=DIRECTION('ref_axis',(0.707106781186545,-0.70710678118655,0.));
#12671=DIRECTION('center_axis',(0.,0.,1.));
#12672=DIRECTION('ref_axis',(0.707106781186545,-0.70710678118655,0.));
#12673=DIRECTION('center_axis',(0.,0.,-1.));
#12674=DIRECTION('ref_axis',(0.707106781186545,-0.70710678118655,0.));
#12675=DIRECTION('',(0.,0.,-1.));
#12676=DIRECTION('center_axis',(-0.707106781186546,0.70710678118655,0.));
#12677=DIRECTION('ref_axis',(0.707106781186549,0.707106781186545,0.));
#12678=DIRECTION('',(-0.707106781186549,-0.707106781186545,0.));
#12679=DIRECTION('',(0.707106781186549,0.707106781186545,0.));
#12680=DIRECTION('',(0.,0.,-1.));
#12681=DIRECTION('center_axis',(0.,0.,-1.));
#12682=DIRECTION('ref_axis',(-0.707106781186543,0.707106781186552,0.));
#12683=DIRECTION('center_axis',(0.,0.,1.));
#12684=DIRECTION('ref_axis',(-0.707106781186543,0.707106781186552,0.));
#12685=DIRECTION('center_axis',(0.,0.,-1.));
#12686=DIRECTION('ref_axis',(-0.707106781186543,0.707106781186552,0.));
#12687=DIRECTION('center_axis',(0.707106781186546,-0.707106781186549,0.));
#12688=DIRECTION('ref_axis',(-0.707106781186549,-0.707106781186546,0.));
#12689=DIRECTION('',(0.707106781186549,0.707106781186546,0.));
#12690=DIRECTION('',(0.,0.,-1.));
#12691=DIRECTION('',(-0.707106781186549,-0.707106781186546,0.));
#12692=DIRECTION('',(0.,0.,-1.));
#12693=DIRECTION('center_axis',(0.,0.,-1.));
#12694=DIRECTION('ref_axis',(0.707106781186545,-0.70710678118655,0.));
#12695=DIRECTION('center_axis',(0.,0.,1.));
#12696=DIRECTION('ref_axis',(0.707106781186545,-0.70710678118655,0.));
#12697=DIRECTION('center_axis',(0.,0.,-1.));
#12698=DIRECTION('ref_axis',(0.707106781186545,-0.70710678118655,0.));
#12699=DIRECTION('',(0.,0.,-1.));
#12700=DIRECTION('center_axis',(-0.707106781186546,0.70710678118655,0.));
#12701=DIRECTION('ref_axis',(0.707106781186549,0.707106781186545,0.));
#12702=DIRECTION('',(-0.707106781186549,-0.707106781186545,0.));
#12703=DIRECTION('',(0.707106781186549,0.707106781186545,0.));
#12704=DIRECTION('',(0.,0.,-1.));
#12705=DIRECTION('center_axis',(0.,0.,-1.));
#12706=DIRECTION('ref_axis',(-0.707106781186539,0.707106781186556,0.));
#12707=DIRECTION('center_axis',(0.,0.,1.));
#12708=DIRECTION('ref_axis',(-0.707106781186539,0.707106781186556,0.));
#12709=DIRECTION('center_axis',(0.,0.,-1.));
#12710=DIRECTION('ref_axis',(-0.707106781186539,0.707106781186556,0.));
#12711=DIRECTION('center_axis',(0.707106781186545,-0.70710678118655,0.));
#12712=DIRECTION('ref_axis',(-0.70710678118655,-0.707106781186545,0.));
#12713=DIRECTION('',(0.70710678118655,0.707106781186545,0.));
#12714=DIRECTION('',(0.,0.,-1.));
#12715=DIRECTION('',(-0.70710678118655,-0.707106781186545,0.));
#12716=DIRECTION('',(0.,0.,-1.));
#12717=DIRECTION('center_axis',(0.,0.,-1.));
#12718=DIRECTION('ref_axis',(0.707106781186545,-0.70710678118655,0.));
#12719=DIRECTION('center_axis',(0.,0.,1.));
#12720=DIRECTION('ref_axis',(0.707106781186545,-0.70710678118655,0.));
#12721=DIRECTION('center_axis',(0.,0.,-1.));
#12722=DIRECTION('ref_axis',(0.707106781186545,-0.70710678118655,0.));
#12723=DIRECTION('',(0.,0.,-1.));
#12724=DIRECTION('center_axis',(-0.707106781186545,0.70710678118655,0.));
#12725=DIRECTION('ref_axis',(0.70710678118655,0.707106781186545,0.));
#12726=DIRECTION('',(-0.70710678118655,-0.707106781186545,0.));
#12727=DIRECTION('',(0.70710678118655,0.707106781186545,0.));
#12728=DIRECTION('',(0.,0.,-1.));
#12729=DIRECTION('center_axis',(0.,0.,-1.));
#12730=DIRECTION('ref_axis',(-0.707106781186545,0.70710678118655,0.));
#12731=DIRECTION('center_axis',(0.,0.,1.));
#12732=DIRECTION('ref_axis',(-0.707106781186545,0.70710678118655,0.));
#12733=DIRECTION('center_axis',(0.,0.,-1.));
#12734=DIRECTION('ref_axis',(-0.707106781186545,0.70710678118655,0.));
#12735=DIRECTION('center_axis',(0.707106781186546,-0.70710678118655,0.));
#12736=DIRECTION('ref_axis',(-0.707106781186549,-0.707106781186545,0.));
#12737=DIRECTION('',(0.707106781186549,0.707106781186545,0.));
#12738=DIRECTION('',(0.,0.,-1.));
#12739=DIRECTION('',(-0.707106781186549,-0.707106781186545,0.));
#12740=DIRECTION('',(0.,0.,-1.));
#12741=DIRECTION('center_axis',(0.,0.,-1.));
#12742=DIRECTION('ref_axis',(0.70710678118655,-0.707106781186545,0.));
#12743=DIRECTION('center_axis',(0.,0.,1.));
#12744=DIRECTION('ref_axis',(0.70710678118655,-0.707106781186545,0.));
#12745=DIRECTION('center_axis',(0.,0.,-1.));
#12746=DIRECTION('ref_axis',(0.70710678118655,-0.707106781186545,0.));
#12747=DIRECTION('',(0.,0.,-1.));
#12748=DIRECTION('center_axis',(-0.707106781186546,0.70710678118655,0.));
#12749=DIRECTION('ref_axis',(0.707106781186549,0.707106781186545,0.));
#12750=DIRECTION('',(-0.707106781186549,-0.707106781186545,0.));
#12751=DIRECTION('',(0.707106781186549,0.707106781186545,0.));
#12752=DIRECTION('',(0.,0.,-1.));
#12753=DIRECTION('center_axis',(0.,0.,-1.));
#12754=DIRECTION('ref_axis',(-0.707106781186543,0.707106781186552,0.));
#12755=DIRECTION('center_axis',(0.,0.,1.));
#12756=DIRECTION('ref_axis',(-0.707106781186543,0.707106781186552,0.));
#12757=DIRECTION('center_axis',(0.,0.,-1.));
#12758=DIRECTION('ref_axis',(-0.707106781186543,0.707106781186552,0.));
#12759=DIRECTION('center_axis',(-0.707106781186546,0.707106781186549,0.));
#12760=DIRECTION('ref_axis',(0.707106781186549,0.707106781186546,0.));
#12761=DIRECTION('',(-0.707106781186549,-0.707106781186546,0.));
#12762=DIRECTION('',(0.,0.,-1.));
#12763=DIRECTION('',(0.707106781186549,0.707106781186546,0.));
#12764=DIRECTION('',(0.,0.,-1.));
#12765=DIRECTION('center_axis',(0.,0.,-1.));
#12766=DIRECTION('ref_axis',(-0.707106781186543,0.707106781186552,0.));
#12767=DIRECTION('center_axis',(0.,0.,1.));
#12768=DIRECTION('ref_axis',(-0.707106781186543,0.707106781186552,0.));
#12769=DIRECTION('center_axis',(0.,0.,-1.));
#12770=DIRECTION('ref_axis',(-0.707106781186543,0.707106781186552,0.));
#12771=DIRECTION('',(0.,0.,-1.));
#12772=DIRECTION('center_axis',(0.707106781186546,-0.707106781186549,0.));
#12773=DIRECTION('ref_axis',(-0.707106781186549,-0.707106781186546,0.));
#12774=DIRECTION('',(0.707106781186549,0.707106781186546,0.));
#12775=DIRECTION('',(-0.707106781186549,-0.707106781186546,0.));
#12776=DIRECTION('',(0.,0.,-1.));
#12777=DIRECTION('center_axis',(0.,0.,-1.));
#12778=DIRECTION('ref_axis',(0.70710678118655,-0.707106781186545,0.));
#12779=DIRECTION('center_axis',(0.,0.,1.));
#12780=DIRECTION('ref_axis',(0.70710678118655,-0.707106781186545,0.));
#12781=DIRECTION('center_axis',(0.,0.,-1.));
#12782=DIRECTION('ref_axis',(0.70710678118655,-0.707106781186545,0.));
#12783=DIRECTION('center_axis',(0.707106781186548,-0.707106781186547,0.));
#12784=DIRECTION('ref_axis',(-0.707106781186547,-0.707106781186548,0.));
#12785=DIRECTION('',(0.707106781186547,0.707106781186548,0.));
#12786=DIRECTION('',(0.,0.,-1.));
#12787=DIRECTION('',(-0.707106781186547,-0.707106781186548,0.));
#12788=DIRECTION('',(0.,0.,-1.));
#12789=DIRECTION('center_axis',(0.,0.,-1.));
#12790=DIRECTION('ref_axis',(0.707106781186543,-0.707106781186552,0.));
#12791=DIRECTION('center_axis',(0.,0.,1.));
#12792=DIRECTION('ref_axis',(0.707106781186543,-0.707106781186552,0.));
#12793=DIRECTION('center_axis',(0.,0.,-1.));
#12794=DIRECTION('ref_axis',(0.707106781186543,-0.707106781186552,0.));
#12795=DIRECTION('',(0.,0.,-1.));
#12796=DIRECTION('center_axis',(-0.707106781186549,0.707106781186547,0.));
#12797=DIRECTION('ref_axis',(0.707106781186546,0.707106781186548,0.));
#12798=DIRECTION('',(-0.707106781186546,-0.707106781186548,0.));
#12799=DIRECTION('',(0.707106781186546,0.707106781186548,0.));
#12800=DIRECTION('',(0.,0.,-1.));
#12801=DIRECTION('center_axis',(0.,0.,-1.));
#12802=DIRECTION('ref_axis',(-0.707106781186543,0.707106781186552,0.));
#12803=DIRECTION('center_axis',(0.,0.,1.));
#12804=DIRECTION('ref_axis',(-0.707106781186543,0.707106781186552,0.));
#12805=DIRECTION('center_axis',(0.,0.,-1.));
#12806=DIRECTION('ref_axis',(-0.707106781186543,0.707106781186552,0.));
#12807=DIRECTION('center_axis',(0.707106781186548,-0.707106781186547,0.));
#12808=DIRECTION('ref_axis',(-0.707106781186547,-0.707106781186548,0.));
#12809=DIRECTION('',(0.707106781186547,0.707106781186548,0.));
#12810=DIRECTION('',(0.,0.,-1.));
#12811=DIRECTION('',(-0.707106781186547,-0.707106781186548,0.));
#12812=DIRECTION('',(0.,0.,-1.));
#12813=DIRECTION('center_axis',(0.,0.,-1.));
#12814=DIRECTION('ref_axis',(0.707106781186543,-0.707106781186552,0.));
#12815=DIRECTION('center_axis',(0.,0.,1.));
#12816=DIRECTION('ref_axis',(0.707106781186543,-0.707106781186552,0.));
#12817=DIRECTION('center_axis',(0.,0.,-1.));
#12818=DIRECTION('ref_axis',(0.707106781186543,-0.707106781186552,0.));
#12819=DIRECTION('',(0.,0.,-1.));
#12820=DIRECTION('center_axis',(-0.707106781186548,0.707106781186547,0.));
#12821=DIRECTION('ref_axis',(0.707106781186547,0.707106781186548,0.));
#12822=DIRECTION('',(-0.707106781186547,-0.707106781186548,0.));
#12823=DIRECTION('',(0.707106781186547,0.707106781186548,0.));
#12824=DIRECTION('',(0.,0.,-1.));
#12825=DIRECTION('center_axis',(0.,0.,-1.));
#12826=DIRECTION('ref_axis',(-0.707106781186548,0.707106781186548,0.));
#12827=DIRECTION('center_axis',(0.,0.,1.));
#12828=DIRECTION('ref_axis',(-0.707106781186548,0.707106781186548,0.));
#12829=DIRECTION('center_axis',(0.,0.,-1.));
#12830=DIRECTION('ref_axis',(-0.707106781186548,0.707106781186548,0.));
#12831=DIRECTION('center_axis',(0.707106781186548,-0.707106781186547,0.));
#12832=DIRECTION('ref_axis',(-0.707106781186547,-0.707106781186548,0.));
#12833=DIRECTION('',(0.707106781186547,0.707106781186548,0.));
#12834=DIRECTION('',(0.,0.,-1.));
#12835=DIRECTION('',(-0.707106781186547,-0.707106781186548,0.));
#12836=DIRECTION('',(0.,0.,-1.));
#12837=DIRECTION('center_axis',(0.,0.,-1.));
#12838=DIRECTION('ref_axis',(0.707106781186548,-0.707106781186548,0.));
#12839=DIRECTION('center_axis',(0.,0.,1.));
#12840=DIRECTION('ref_axis',(0.707106781186548,-0.707106781186548,0.));
#12841=DIRECTION('center_axis',(0.,0.,-1.));
#12842=DIRECTION('ref_axis',(0.707106781186548,-0.707106781186548,0.));
#12843=DIRECTION('',(0.,0.,-1.));
#12844=DIRECTION('center_axis',(-0.707106781186549,0.707106781186546,0.));
#12845=DIRECTION('ref_axis',(0.707106781186546,0.707106781186549,0.));
#12846=DIRECTION('',(-0.707106781186546,-0.707106781186549,0.));
#12847=DIRECTION('',(0.707106781186546,0.707106781186549,0.));
#12848=DIRECTION('',(0.,0.,-1.));
#12849=DIRECTION('center_axis',(0.,0.,-1.));
#12850=DIRECTION('ref_axis',(-0.707106781186552,0.707106781186543,0.));
#12851=DIRECTION('center_axis',(0.,0.,1.));
#12852=DIRECTION('ref_axis',(-0.707106781186552,0.707106781186543,0.));
#12853=DIRECTION('center_axis',(0.,0.,-1.));
#12854=DIRECTION('ref_axis',(-0.707106781186552,0.707106781186543,0.));
#12855=DIRECTION('center_axis',(0.707106781186548,-0.707106781186548,0.));
#12856=DIRECTION('ref_axis',(-0.707106781186548,-0.707106781186548,0.));
#12857=DIRECTION('',(0.707106781186548,0.707106781186548,0.));
#12858=DIRECTION('',(0.,0.,-1.));
#12859=DIRECTION('',(-0.707106781186548,-0.707106781186548,0.));
#12860=DIRECTION('',(0.,0.,-1.));
#12861=DIRECTION('center_axis',(0.,0.,-1.));
#12862=DIRECTION('ref_axis',(0.707106781186541,-0.707106781186554,0.));
#12863=DIRECTION('center_axis',(0.,0.,1.));
#12864=DIRECTION('ref_axis',(0.707106781186541,-0.707106781186554,0.));
#12865=DIRECTION('center_axis',(0.,0.,-1.));
#12866=DIRECTION('ref_axis',(0.707106781186541,-0.707106781186554,0.));
#12867=DIRECTION('',(0.,0.,-1.));
#12868=DIRECTION('center_axis',(-0.707106781186546,0.707106781186549,0.));
#12869=DIRECTION('ref_axis',(0.707106781186549,0.707106781186546,0.));
#12870=DIRECTION('',(-0.707106781186549,-0.707106781186546,0.));
#12871=DIRECTION('',(0.707106781186549,0.707106781186546,0.));
#12872=DIRECTION('',(0.,0.,-1.));
#12873=DIRECTION('center_axis',(0.,0.,-1.));
#12874=DIRECTION('ref_axis',(-0.707106781186545,0.70710678118655,0.));
#12875=DIRECTION('center_axis',(0.,0.,1.));
#12876=DIRECTION('ref_axis',(-0.707106781186545,0.70710678118655,0.));
#12877=DIRECTION('center_axis',(0.,0.,-1.));
#12878=DIRECTION('ref_axis',(-0.707106781186545,0.70710678118655,0.));
#12879=DIRECTION('center_axis',(0.707106781186545,-0.70710678118655,0.));
#12880=DIRECTION('ref_axis',(-0.70710678118655,-0.707106781186545,0.));
#12881=DIRECTION('',(0.70710678118655,0.707106781186545,0.));
#12882=DIRECTION('',(0.,0.,-1.));
#12883=DIRECTION('',(-0.70710678118655,-0.707106781186545,0.));
#12884=DIRECTION('',(0.,0.,-1.));
#12885=DIRECTION('center_axis',(0.,0.,-1.));
#12886=DIRECTION('ref_axis',(0.707106781186536,-0.707106781186559,0.));
#12887=DIRECTION('center_axis',(0.,0.,1.));
#12888=DIRECTION('ref_axis',(0.707106781186536,-0.707106781186559,0.));
#12889=DIRECTION('center_axis',(0.,0.,-1.));
#12890=DIRECTION('ref_axis',(0.707106781186536,-0.707106781186559,0.));
#12891=DIRECTION('',(0.,0.,-1.));
#12892=DIRECTION('center_axis',(-0.707106781186546,0.707106781186549,0.));
#12893=DIRECTION('ref_axis',(0.707106781186549,0.707106781186546,0.));
#12894=DIRECTION('',(-0.707106781186549,-0.707106781186546,0.));
#12895=DIRECTION('',(0.707106781186549,0.707106781186546,0.));
#12896=DIRECTION('',(0.,0.,-1.));
#12897=DIRECTION('center_axis',(0.,0.,-1.));
#12898=DIRECTION('ref_axis',(-0.707106781186545,0.70710678118655,0.));
#12899=DIRECTION('center_axis',(0.,0.,1.));
#12900=DIRECTION('ref_axis',(-0.707106781186545,0.70710678118655,0.));
#12901=DIRECTION('center_axis',(0.,0.,-1.));
#12902=DIRECTION('ref_axis',(-0.707106781186545,0.70710678118655,0.));
#12903=DIRECTION('center_axis',(-0.707106781186546,0.707106781186549,0.));
#12904=DIRECTION('ref_axis',(0.707106781186549,0.707106781186546,0.));
#12905=DIRECTION('',(-0.707106781186549,-0.707106781186546,0.));
#12906=DIRECTION('',(0.,0.,-1.));
#12907=DIRECTION('',(0.707106781186549,0.707106781186546,0.));
#12908=DIRECTION('',(0.,0.,-1.));
#12909=DIRECTION('center_axis',(0.,0.,-1.));
#12910=DIRECTION('ref_axis',(-0.707106781186548,0.707106781186548,0.));
#12911=DIRECTION('center_axis',(0.,0.,1.));
#12912=DIRECTION('ref_axis',(-0.707106781186548,0.707106781186548,0.));
#12913=DIRECTION('center_axis',(0.,0.,-1.));
#12914=DIRECTION('ref_axis',(-0.707106781186548,0.707106781186548,0.));
#12915=DIRECTION('',(0.,0.,-1.));
#12916=DIRECTION('center_axis',(0.707106781186548,-0.707106781186548,0.));
#12917=DIRECTION('ref_axis',(-0.707106781186548,-0.707106781186548,0.));
#12918=DIRECTION('',(0.707106781186548,0.707106781186548,0.));
#12919=DIRECTION('',(-0.707106781186548,-0.707106781186548,0.));
#12920=DIRECTION('',(0.,0.,-1.));
#12921=DIRECTION('center_axis',(0.,0.,-1.));
#12922=DIRECTION('ref_axis',(0.707106781186541,-0.707106781186554,0.));
#12923=DIRECTION('center_axis',(0.,0.,1.));
#12924=DIRECTION('ref_axis',(0.707106781186541,-0.707106781186554,0.));
#12925=DIRECTION('center_axis',(0.,0.,-1.));
#12926=DIRECTION('ref_axis',(0.707106781186541,-0.707106781186554,0.));
#12927=DIRECTION('center_axis',(0.707106781186546,-0.707106781186549,0.));
#12928=DIRECTION('ref_axis',(-0.707106781186549,-0.707106781186546,0.));
#12929=DIRECTION('',(0.707106781186549,0.707106781186546,0.));
#12930=DIRECTION('',(0.,0.,-1.));
#12931=DIRECTION('',(-0.707106781186549,-0.707106781186546,0.));
#12932=DIRECTION('',(0.,0.,-1.));
#12933=DIRECTION('center_axis',(0.,0.,-1.));
#12934=DIRECTION('ref_axis',(0.707106781186545,-0.70710678118655,0.));
#12935=DIRECTION('center_axis',(0.,0.,1.));
#12936=DIRECTION('ref_axis',(0.707106781186545,-0.70710678118655,0.));
#12937=DIRECTION('center_axis',(0.,0.,-1.));
#12938=DIRECTION('ref_axis',(0.707106781186545,-0.70710678118655,0.));
#12939=DIRECTION('',(0.,0.,-1.));
#12940=DIRECTION('center_axis',(-0.707106781186546,0.707106781186549,0.));
#12941=DIRECTION('ref_axis',(0.707106781186549,0.707106781186546,0.));
#12942=DIRECTION('',(-0.707106781186549,-0.707106781186546,0.));
#12943=DIRECTION('',(0.707106781186549,0.707106781186546,0.));
#12944=DIRECTION('',(0.,0.,-1.));
#12945=DIRECTION('center_axis',(0.,0.,-1.));
#12946=DIRECTION('ref_axis',(-0.707106781186545,0.70710678118655,0.));
#12947=DIRECTION('center_axis',(0.,0.,1.));
#12948=DIRECTION('ref_axis',(-0.707106781186545,0.70710678118655,0.));
#12949=DIRECTION('center_axis',(0.,0.,-1.));
#12950=DIRECTION('ref_axis',(-0.707106781186545,0.70710678118655,0.));
#12951=DIRECTION('center_axis',(0.707106781186548,-0.707106781186548,0.));
#12952=DIRECTION('ref_axis',(-0.707106781186548,-0.707106781186548,0.));
#12953=DIRECTION('',(0.707106781186548,0.707106781186548,0.));
#12954=DIRECTION('',(0.,0.,-1.));
#12955=DIRECTION('',(-0.707106781186548,-0.707106781186548,0.));
#12956=DIRECTION('',(0.,0.,-1.));
#12957=DIRECTION('center_axis',(0.,0.,-1.));
#12958=DIRECTION('ref_axis',(0.707106781186545,-0.70710678118655,0.));
#12959=DIRECTION('center_axis',(0.,0.,1.));
#12960=DIRECTION('ref_axis',(0.707106781186545,-0.70710678118655,0.));
#12961=DIRECTION('center_axis',(0.,0.,-1.));
#12962=DIRECTION('ref_axis',(0.707106781186545,-0.70710678118655,0.));
#12963=DIRECTION('',(0.,0.,-1.));
#12964=DIRECTION('center_axis',(-0.707106781186548,0.707106781186548,0.));
#12965=DIRECTION('ref_axis',(0.707106781186548,0.707106781186548,0.));
#12966=DIRECTION('',(-0.707106781186548,-0.707106781186548,0.));
#12967=DIRECTION('',(0.707106781186548,0.707106781186548,0.));
#12968=DIRECTION('',(0.,0.,-1.));
#12969=DIRECTION('center_axis',(0.,0.,-1.));
#12970=DIRECTION('ref_axis',(-0.707106781186545,0.70710678118655,0.));
#12971=DIRECTION('center_axis',(0.,0.,1.));
#12972=DIRECTION('ref_axis',(-0.707106781186545,0.70710678118655,0.));
#12973=DIRECTION('center_axis',(0.,0.,-1.));
#12974=DIRECTION('ref_axis',(-0.707106781186545,0.70710678118655,0.));
#12975=DIRECTION('center_axis',(0.707106781186548,-0.707106781186548,0.));
#12976=DIRECTION('ref_axis',(-0.707106781186548,-0.707106781186548,0.));
#12977=DIRECTION('',(0.707106781186548,0.707106781186548,0.));
#12978=DIRECTION('',(0.,0.,-1.));
#12979=DIRECTION('',(-0.707106781186548,-0.707106781186548,0.));
#12980=DIRECTION('',(0.,0.,-1.));
#12981=DIRECTION('center_axis',(0.,0.,-1.));
#12982=DIRECTION('ref_axis',(0.707106781186545,-0.70710678118655,0.));
#12983=DIRECTION('center_axis',(0.,0.,1.));
#12984=DIRECTION('ref_axis',(0.707106781186545,-0.70710678118655,0.));
#12985=DIRECTION('center_axis',(0.,0.,-1.));
#12986=DIRECTION('ref_axis',(0.707106781186545,-0.70710678118655,0.));
#12987=DIRECTION('',(0.,0.,-1.));
#12988=DIRECTION('center_axis',(-0.707106781186548,0.707106781186548,0.));
#12989=DIRECTION('ref_axis',(0.707106781186548,0.707106781186548,0.));
#12990=DIRECTION('',(-0.707106781186548,-0.707106781186548,0.));
#12991=DIRECTION('',(0.707106781186548,0.707106781186548,0.));
#12992=DIRECTION('',(0.,0.,-1.));
#12993=DIRECTION('center_axis',(0.,0.,-1.));
#12994=DIRECTION('ref_axis',(-0.707106781186545,0.70710678118655,0.));
#12995=DIRECTION('center_axis',(0.,0.,1.));
#12996=DIRECTION('ref_axis',(-0.707106781186545,0.70710678118655,0.));
#12997=DIRECTION('center_axis',(0.,0.,-1.));
#12998=DIRECTION('ref_axis',(-0.707106781186545,0.70710678118655,0.));
#12999=DIRECTION('center_axis',(0.707106781186546,-0.70710678118655,0.));
#13000=DIRECTION('ref_axis',(-0.707106781186549,-0.707106781186545,0.));
#13001=DIRECTION('',(0.707106781186549,0.707106781186545,0.));
#13002=DIRECTION('',(0.,0.,-1.));
#13003=DIRECTION('',(-0.707106781186549,-0.707106781186545,0.));
#13004=DIRECTION('',(0.,0.,-1.));
#13005=DIRECTION('center_axis',(0.,0.,-1.));
#13006=DIRECTION('ref_axis',(0.70710678118655,-0.707106781186545,0.));
#13007=DIRECTION('center_axis',(0.,0.,1.));
#13008=DIRECTION('ref_axis',(0.70710678118655,-0.707106781186545,0.));
#13009=DIRECTION('center_axis',(0.,0.,-1.));
#13010=DIRECTION('ref_axis',(0.70710678118655,-0.707106781186545,0.));
#13011=DIRECTION('',(0.,0.,-1.));
#13012=DIRECTION('center_axis',(-0.707106781186546,0.70710678118655,0.));
#13013=DIRECTION('ref_axis',(0.707106781186549,0.707106781186545,0.));
#13014=DIRECTION('',(-0.707106781186549,-0.707106781186545,0.));
#13015=DIRECTION('',(0.707106781186549,0.707106781186545,0.));
#13016=DIRECTION('',(0.,0.,-1.));
#13017=DIRECTION('center_axis',(0.,0.,-1.));
#13018=DIRECTION('ref_axis',(-0.707106781186543,0.707106781186552,0.));
#13019=DIRECTION('center_axis',(0.,0.,1.));
#13020=DIRECTION('ref_axis',(-0.707106781186543,0.707106781186552,0.));
#13021=DIRECTION('center_axis',(0.,0.,-1.));
#13022=DIRECTION('ref_axis',(-0.707106781186543,0.707106781186552,0.));
#13023=DIRECTION('center_axis',(0.707106781186545,-0.70710678118655,0.));
#13024=DIRECTION('ref_axis',(-0.70710678118655,-0.707106781186545,0.));
#13025=DIRECTION('',(0.70710678118655,0.707106781186545,0.));
#13026=DIRECTION('',(0.,0.,-1.));
#13027=DIRECTION('',(-0.70710678118655,-0.707106781186545,0.));
#13028=DIRECTION('',(0.,0.,-1.));
#13029=DIRECTION('center_axis',(0.,0.,-1.));
#13030=DIRECTION('ref_axis',(0.707106781186545,-0.70710678118655,0.));
#13031=DIRECTION('center_axis',(0.,0.,1.));
#13032=DIRECTION('ref_axis',(0.707106781186545,-0.70710678118655,0.));
#13033=DIRECTION('center_axis',(0.,0.,-1.));
#13034=DIRECTION('ref_axis',(0.707106781186545,-0.70710678118655,0.));
#13035=DIRECTION('',(0.,0.,-1.));
#13036=DIRECTION('center_axis',(-0.707106781186545,0.70710678118655,0.));
#13037=DIRECTION('ref_axis',(0.70710678118655,0.707106781186545,0.));
#13038=DIRECTION('',(-0.70710678118655,-0.707106781186545,0.));
#13039=DIRECTION('',(0.70710678118655,0.707106781186545,0.));
#13040=DIRECTION('',(0.,0.,-1.));
#13041=DIRECTION('center_axis',(0.,0.,-1.));
#13042=DIRECTION('ref_axis',(-0.707106781186545,0.70710678118655,0.));
#13043=DIRECTION('center_axis',(0.,0.,1.));
#13044=DIRECTION('ref_axis',(-0.707106781186545,0.70710678118655,0.));
#13045=DIRECTION('center_axis',(0.,0.,-1.));
#13046=DIRECTION('ref_axis',(-0.707106781186545,0.70710678118655,0.));
#13047=DIRECTION('center_axis',(-0.707106781186546,0.707106781186549,0.));
#13048=DIRECTION('ref_axis',(0.707106781186549,0.707106781186546,0.));
#13049=DIRECTION('',(-0.707106781186549,-0.707106781186546,0.));
#13050=DIRECTION('',(0.,0.,-1.));
#13051=DIRECTION('',(0.707106781186549,0.707106781186546,0.));
#13052=DIRECTION('',(0.,0.,-1.));
#13053=DIRECTION('center_axis',(0.,0.,-1.));
#13054=DIRECTION('ref_axis',(-0.707106781186545,0.70710678118655,0.));
#13055=DIRECTION('center_axis',(0.,0.,1.));
#13056=DIRECTION('ref_axis',(-0.707106781186545,0.70710678118655,0.));
#13057=DIRECTION('center_axis',(0.,0.,-1.));
#13058=DIRECTION('ref_axis',(-0.707106781186545,0.70710678118655,0.));
#13059=DIRECTION('',(0.,0.,-1.));
#13060=DIRECTION('center_axis',(0.707106781186546,-0.707106781186549,0.));
#13061=DIRECTION('ref_axis',(-0.707106781186549,-0.707106781186546,0.));
#13062=DIRECTION('',(0.707106781186549,0.707106781186546,0.));
#13063=DIRECTION('',(-0.707106781186549,-0.707106781186546,0.));
#13064=DIRECTION('',(0.,0.,-1.));
#13065=DIRECTION('center_axis',(0.,0.,-1.));
#13066=DIRECTION('ref_axis',(0.707106781186545,-0.70710678118655,0.));
#13067=DIRECTION('center_axis',(0.,0.,1.));
#13068=DIRECTION('ref_axis',(0.707106781186545,-0.70710678118655,0.));
#13069=DIRECTION('center_axis',(0.,0.,-1.));
#13070=DIRECTION('ref_axis',(0.707106781186545,-0.70710678118655,0.));
#13071=DIRECTION('center_axis',(0.707106781186548,-0.707106781186548,0.));
#13072=DIRECTION('ref_axis',(-0.707106781186548,-0.707106781186548,0.));
#13073=DIRECTION('',(0.707106781186548,0.707106781186548,0.));
#13074=DIRECTION('',(0.,0.,-1.));
#13075=DIRECTION('',(-0.707106781186548,-0.707106781186548,0.));
#13076=DIRECTION('',(0.,0.,-1.));
#13077=DIRECTION('center_axis',(0.,0.,-1.));
#13078=DIRECTION('ref_axis',(0.707106781186541,-0.707106781186554,0.));
#13079=DIRECTION('center_axis',(0.,0.,1.));
#13080=DIRECTION('ref_axis',(0.707106781186541,-0.707106781186554,0.));
#13081=DIRECTION('center_axis',(0.,0.,-1.));
#13082=DIRECTION('ref_axis',(0.707106781186541,-0.707106781186554,0.));
#13083=DIRECTION('',(0.,0.,-1.));
#13084=DIRECTION('center_axis',(-0.707106781186546,0.707106781186549,0.));
#13085=DIRECTION('ref_axis',(0.707106781186549,0.707106781186546,0.));
#13086=DIRECTION('',(-0.707106781186549,-0.707106781186546,0.));
#13087=DIRECTION('',(0.707106781186549,0.707106781186546,0.));
#13088=DIRECTION('',(0.,0.,-1.));
#13089=DIRECTION('center_axis',(0.,0.,-1.));
#13090=DIRECTION('ref_axis',(-0.707106781186548,0.707106781186548,0.));
#13091=DIRECTION('center_axis',(0.,0.,1.));
#13092=DIRECTION('ref_axis',(-0.707106781186548,0.707106781186548,0.));
#13093=DIRECTION('center_axis',(0.,0.,-1.));
#13094=DIRECTION('ref_axis',(-0.707106781186548,0.707106781186548,0.));
#13095=DIRECTION('center_axis',(0.707106781186548,-0.707106781186548,0.));
#13096=DIRECTION('ref_axis',(-0.707106781186548,-0.707106781186548,0.));
#13097=DIRECTION('',(0.707106781186548,0.707106781186548,0.));
#13098=DIRECTION('',(0.,0.,-1.));
#13099=DIRECTION('',(-0.707106781186548,-0.707106781186548,0.));
#13100=DIRECTION('',(0.,0.,-1.));
#13101=DIRECTION('center_axis',(0.,0.,-1.));
#13102=DIRECTION('ref_axis',(0.707106781186541,-0.707106781186554,0.));
#13103=DIRECTION('center_axis',(0.,0.,1.));
#13104=DIRECTION('ref_axis',(0.707106781186541,-0.707106781186554,0.));
#13105=DIRECTION('center_axis',(0.,0.,-1.));
#13106=DIRECTION('ref_axis',(0.707106781186541,-0.707106781186554,0.));
#13107=DIRECTION('',(0.,0.,-1.));
#13108=DIRECTION('center_axis',(-0.707106781186543,0.707106781186552,0.));
#13109=DIRECTION('ref_axis',(0.707106781186552,0.707106781186543,0.));
#13110=DIRECTION('',(-0.707106781186552,-0.707106781186543,0.));
#13111=DIRECTION('',(0.707106781186552,0.707106781186543,0.));
#13112=DIRECTION('',(0.,0.,-1.));
#13113=DIRECTION('center_axis',(0.,0.,-1.));
#13114=DIRECTION('ref_axis',(-0.707106781186545,0.70710678118655,0.));
#13115=DIRECTION('center_axis',(0.,0.,1.));
#13116=DIRECTION('ref_axis',(-0.707106781186545,0.70710678118655,0.));
#13117=DIRECTION('center_axis',(0.,0.,-1.));
#13118=DIRECTION('ref_axis',(-0.707106781186545,0.70710678118655,0.));
#13119=DIRECTION('center_axis',(0.707106781186548,-0.707106781186547,0.));
#13120=DIRECTION('ref_axis',(-0.707106781186547,-0.707106781186548,0.));
#13121=DIRECTION('',(0.707106781186547,0.707106781186548,0.));
#13122=DIRECTION('',(0.,0.,-1.));
#13123=DIRECTION('',(-0.707106781186547,-0.707106781186548,0.));
#13124=DIRECTION('',(0.,0.,-1.));
#13125=DIRECTION('center_axis',(0.,0.,-1.));
#13126=DIRECTION('ref_axis',(0.707106781186548,-0.707106781186548,0.));
#13127=DIRECTION('center_axis',(0.,0.,1.));
#13128=DIRECTION('ref_axis',(0.707106781186548,-0.707106781186548,0.));
#13129=DIRECTION('center_axis',(0.,0.,-1.));
#13130=DIRECTION('ref_axis',(0.707106781186548,-0.707106781186548,0.));
#13131=DIRECTION('',(0.,0.,-1.));
#13132=DIRECTION('center_axis',(-0.707106781186548,0.707106781186547,0.));
#13133=DIRECTION('ref_axis',(0.707106781186547,0.707106781186548,0.));
#13134=DIRECTION('',(-0.707106781186547,-0.707106781186548,0.));
#13135=DIRECTION('',(0.707106781186547,0.707106781186548,0.));
#13136=DIRECTION('',(0.,0.,-1.));
#13137=DIRECTION('center_axis',(0.,0.,-1.));
#13138=DIRECTION('ref_axis',(-0.707106781186548,0.707106781186548,0.));
#13139=DIRECTION('center_axis',(0.,0.,1.));
#13140=DIRECTION('ref_axis',(-0.707106781186548,0.707106781186548,0.));
#13141=DIRECTION('center_axis',(0.,0.,-1.));
#13142=DIRECTION('ref_axis',(-0.707106781186548,0.707106781186548,0.));
#13143=DIRECTION('center_axis',(-0.5,-0.500000000000001,-0.707106781186547));
#13144=DIRECTION('ref_axis',(-0.816496580927726,0.,0.577350269189626));
#13145=DIRECTION('',(0.707106781186548,-0.707106781186547,0.));
#13146=DIRECTION('',(-0.707106781186548,0.707106781186547,0.));
#13147=DIRECTION('center_axis',(0.,-1.,0.));
#13148=DIRECTION('ref_axis',(0.,0.,-1.));
#13149=DIRECTION('',(0.,0.,1.));
#13150=DIRECTION('',(0.,0.,-1.));
#13151=DIRECTION('center_axis',(-0.500000000000002,-0.500000000000002,0.707106781186545));
#13152=DIRECTION('ref_axis',(0.816496580927724,0.,0.577350269189628));
#13153=DIRECTION('',(0.707106781186548,-0.707106781186547,-7.8504622934189E-17));
#13154=DIRECTION('',(-0.707106781186548,0.707106781186547,0.));
#13155=DIRECTION('center_axis',(-1.,0.,0.));
#13156=DIRECTION('ref_axis',(0.,0.,1.));
#13157=DIRECTION('',(0.,0.,-1.));
#13158=DIRECTION('',(0.,0.,1.));
#13159=DIRECTION('center_axis',(0.707106781186548,-0.707106781186547,0.));
#13160=DIRECTION('ref_axis',(0.,0.,1.));
#13161=DIRECTION('',(0.,0.,1.));
#13162=DIRECTION('center_axis',(0.,0.,-1.));
#13163=DIRECTION('ref_axis',(0.707106781186548,-0.707106781186547,0.));
#13164=DIRECTION('',(0.707106781186548,-0.707106781186547,0.));
#13165=DIRECTION('center_axis',(-0.707106781186547,-0.707106781186548,0.));
#13166=DIRECTION('ref_axis',(0.707106781186548,-0.707106781186547,0.));
#13167=DIRECTION('center_axis',(-0.707106781186548,0.707106781186547,0.));
#13168=DIRECTION('ref_axis',(0.,0.,-1.));
#13169=DIRECTION('',(0.,0.,-1.));
#13170=DIRECTION('center_axis',(0.,0.,1.));
#13171=DIRECTION('ref_axis',(-0.707106781186548,0.707106781186547,0.));
#13172=DIRECTION('',(-0.707106781186548,0.707106781186547,0.));
#13173=DIRECTION('center_axis',(-0.5,-0.500000000000001,-0.707106781186547));
#13174=DIRECTION('ref_axis',(-0.816496580927726,0.,0.577350269189626));
#13175=DIRECTION('',(-0.499999999999997,-0.5,0.707106781186549));
#13176=DIRECTION('',(0.707106781186548,-0.707106781186547,0.));
#13177=DIRECTION('center_axis',(0.707106781186548,0.707106781186548,0.));
#13178=DIRECTION('ref_axis',(0.5,-0.5,-0.707106781186547));
#13179=DIRECTION('center_axis',(-0.707106781186547,-0.707106781186548,0.));
#13180=DIRECTION('ref_axis',(0.5,-0.5,-0.707106781186547));
#13181=DIRECTION('',(-1.,1.88411095042056E-14,0.));
#13182=DIRECTION('center_axis',(0.,-1.,0.));
#13183=DIRECTION('ref_axis',(0.,0.,-1.));
#13184=DIRECTION('',(0.,0.,1.));
#13185=DIRECTION('center_axis',(-0.500000000000002,-0.500000000000002,0.707106781186545));
#13186=DIRECTION('ref_axis',(0.816496580927724,0.,0.577350269189628));
#13187=DIRECTION('',(-0.707106781186548,0.707106781186547,0.));
#13188=DIRECTION('',(-0.499999999999999,-0.499999999999997,-0.707106781186551));
#13189=DIRECTION('center_axis',(0.707106781186548,0.707106781186548,0.));
#13190=DIRECTION('ref_axis',(-0.500000000000001,0.5,0.707106781186547));
#13191=DIRECTION('center_axis',(-0.707106781186547,-0.707106781186548,0.));
#13192=DIRECTION('ref_axis',(-0.500000000000001,0.5,0.707106781186547));
#13193=DIRECTION('',(0.,-1.,-3.14018491736756E-15));
#13194=DIRECTION('center_axis',(-1.,0.,0.));
#13195=DIRECTION('ref_axis',(0.,0.,1.));
#13196=DIRECTION('',(0.,0.,-1.));
#13197=DIRECTION('center_axis',(0.707106781186548,-0.707106781186547,0.));
#13198=DIRECTION('ref_axis',(0.,0.,1.));
#13199=DIRECTION('',(-0.707106781186547,-0.707106781186548,0.));
#13200=DIRECTION('',(0.,0.,1.));
#13201=DIRECTION('',(-0.707106781186547,-0.707106781186548,0.));
#13202=DIRECTION('center_axis',(-0.707106781186547,-0.707106781186548,0.));
#13203=DIRECTION('ref_axis',(0.5,-0.5,-0.707106781186547));
#13204=DIRECTION('',(-0.707106781186547,-0.707106781186548,0.));
#13205=DIRECTION('center_axis',(0.707106781186547,0.707106781186548,0.));
#13206=DIRECTION('ref_axis',(0.5,-0.5,-0.707106781186547));
#13207=DIRECTION('center_axis',(0.,0.,-1.));
#13208=DIRECTION('ref_axis',(0.707106781186548,-0.707106781186547,0.));
#13209=DIRECTION('',(-0.707106781186547,-0.707106781186548,0.));
#13210=DIRECTION('',(0.707106781186548,-0.707106781186547,0.));
#13211=DIRECTION('center_axis',(-0.707106781186547,-0.707106781186548,0.));
#13212=DIRECTION('ref_axis',(-0.5,0.5,-0.707106781186547));
#13213=DIRECTION('',(-0.707106781186547,-0.707106781186548,0.));
#13214=DIRECTION('center_axis',(0.707106781186547,0.707106781186548,0.));
#13215=DIRECTION('ref_axis',(-0.5,0.5,-0.707106781186547));
#13216=DIRECTION('center_axis',(-0.707106781186548,0.707106781186547,0.));
#13217=DIRECTION('ref_axis',(0.,0.,-1.));
#13218=DIRECTION('',(-0.707106781186547,-0.707106781186548,0.));
#13219=DIRECTION('',(0.,0.,1.));
#13220=DIRECTION('center_axis',(-0.707106781186547,-0.707106781186548,0.));
#13221=DIRECTION('ref_axis',(-0.5,0.5,0.707106781186547));
#13222=DIRECTION('',(-0.707106781186547,-0.707106781186548,0.));
#13223=DIRECTION('center_axis',(0.707106781186547,0.707106781186548,0.));
#13224=DIRECTION('ref_axis',(-0.5,0.500000000000001,0.707106781186547));
#13225=DIRECTION('center_axis',(0.,0.,1.));
#13226=DIRECTION('ref_axis',(-0.707106781186548,0.707106781186547,0.));
#13227=DIRECTION('',(-0.707106781186547,-0.707106781186548,0.));
#13228=DIRECTION('',(0.707106781186548,-0.707106781186547,0.));
#13229=DIRECTION('center_axis',(-0.707106781186547,-0.707106781186548,0.));
#13230=DIRECTION('ref_axis',(0.500000000000001,-0.5,0.707106781186547));
#13231=DIRECTION('center_axis',(0.707106781186547,0.707106781186548,0.));
#13232=DIRECTION('ref_axis',(0.5,-0.500000000000001,0.707106781186547));
#13233=DIRECTION('center_axis',(-0.707106781186547,-0.707106781186548,0.));
#13234=DIRECTION('ref_axis',(0.707106781186548,-0.707106781186547,0.));
#13235=CARTESIAN_POINT('',(0.,0.,0.));
#13236=CARTESIAN_POINT('Origin',(-65.9730626847049,-27.0821897194448,0.));
#13237=CARTESIAN_POINT('',(-33.6229274454203,-59.4323249587293,55.7));
#13238=CARTESIAN_POINT('Origin',(-31.6783837971573,-61.3768686069923,55.7));
#13239=CARTESIAN_POINT('Origin',(-23.758787847868,-53.457272657703,55.7));
#13240=CARTESIAN_POINT('',(-26.0568848867243,-51.1591756188467,55.7));
#13241=CARTESIAN_POINT('Origin',(-23.758787847868,-53.457272657703,55.7));
#13242=CARTESIAN_POINT('',(-26.9054130241481,-52.0077037562706,55.7));
#13243=CARTESIAN_POINT('',(-26.0568848867243,-51.1591756188467,55.7));
#13244=CARTESIAN_POINT('Origin',(-24.6073159852919,-54.3058007951268,55.7));
#13245=CARTESIAN_POINT('Origin',(-24.6073159852919,-54.3058007951268,55.7));
#13246=CARTESIAN_POINT('',(-26.5518596335549,-52.3612571468638,55.7));
#13247=CARTESIAN_POINT('Origin',(-24.6073159852919,-54.3058007951268,55.7));
#13248=CARTESIAN_POINT('Origin',(-24.8194480196478,-52.3966124859232,7.99999999999998));
#13249=CARTESIAN_POINT('',(-29.5570634535977,-62.7910821693654,8.));
#13250=CARTESIAN_POINT('',(-32.3854905783439,-59.9626550446192,3.99999999999999));
#13251=CARTESIAN_POINT('Origin',(-32.3854905783439,-59.9626550446192,7.99999999999998));
#13252=CARTESIAN_POINT('',(-21.9910208949016,-55.2250396106694,8.));
#13253=CARTESIAN_POINT('',(-21.9910208949016,-55.2250396106694,8.));
#13254=CARTESIAN_POINT('',(-24.8194480196478,-52.3966124859232,3.99999999999999));
#13255=CARTESIAN_POINT('Origin',(-24.8194480196478,-52.3966124859232,7.99999999999998));
#13256=CARTESIAN_POINT('',(-24.8194480196478,-52.3966124859232,3.99999999999999));
#13257=CARTESIAN_POINT('Origin',(-19.869700551342,-57.346359954229,8.));
#13258=CARTESIAN_POINT('',(-28.435743110038,-63.9124025129251,8.));
#13259=CARTESIAN_POINT('',(-46.5276262020748,-45.8205194208883,8.00000000000001));
#13260=CARTESIAN_POINT('',(-26.4357431100381,-63.9124025129251,8.));
#13261=CARTESIAN_POINT('',(-26.021529547665,-63.9124025129251,8.));
#13262=CARTESIAN_POINT('',(-19.869700551342,-57.346359954229,8.));
#13263=CARTESIAN_POINT('',(-14.7078210486802,-52.1844804515672,8.));
#13264=CARTESIAN_POINT('',(-21.9910208949016,-55.2250396106694,8.));
#13265=CARTESIAN_POINT('Origin',(-24.8194480196478,-52.3966124859232,3.99999999999999));
#13266=CARTESIAN_POINT('',(-32.3854905783439,-59.9626550446192,2.41421356237309));
#13267=CARTESIAN_POINT('',(-32.3854905783439,-59.9626550446192,2.00000000000006));
#13268=CARTESIAN_POINT('',(-24.8194480196478,-52.3966124859232,1.));
#13269=CARTESIAN_POINT('',(-24.8194480196478,-52.3966124859232,3.99999999999999));
#13270=CARTESIAN_POINT('',(-31.3854905783439,-58.9626550446192,1.));
#13271=CARTESIAN_POINT('',(-19.657568516986,-47.2347329832614,1.));
#13272=CARTESIAN_POINT('',(-31.1783837971573,-58.7555482634327,0.707106781186547));
#13273=CARTESIAN_POINT('Origin',(-22.3445742854949,-54.8714862200761,4.5));
#13274=CARTESIAN_POINT('Origin',(-24.8194480196478,-52.3966124859232,8.));
#13275=CARTESIAN_POINT('Origin',(-66.3266160752982,-27.4357431100381,0.));
#13276=CARTESIAN_POINT('',(-28.8499566724111,-64.9124025129251,8.));
#13277=CARTESIAN_POINT('',(-33.0925973595304,-60.6697618258058,2.));
#13278=CARTESIAN_POINT('Origin',(-33.0925973595304,-60.6697618258058,8.));
#13279=CARTESIAN_POINT('',(-28.8499566724111,-64.9124025129251,54.2));
#13280=CARTESIAN_POINT('',(-28.8499566724111,-64.9124025129251,4.));
#13281=CARTESIAN_POINT('',(-33.0925973595304,-60.6697618258058,60.2));
#13282=CARTESIAN_POINT('Origin',(-33.0925973595304,-60.6697618258058,54.2));
#13283=CARTESIAN_POINT('',(-60.6697618258058,-33.0925973595304,60.2));
#13284=CARTESIAN_POINT('',(-49.7096067174143,-44.0527524679219,60.2));
#13285=CARTESIAN_POINT('',(-64.9124025129251,-28.8499566724111,54.2));
#13286=CARTESIAN_POINT('Origin',(-60.6697618258058,-33.0925973595304,54.2));
#13287=CARTESIAN_POINT('',(-64.9124025129251,-28.8499566724111,8.));
#13288=CARTESIAN_POINT('',(-64.9124025129251,-28.8499566724111,27.1));
#13289=CARTESIAN_POINT('',(-60.6697618258058,-33.0925973595304,2.));
#13290=CARTESIAN_POINT('Origin',(-60.6697618258058,-33.0925973595304,8.));
#13291=CARTESIAN_POINT('',(-63.498188950552,-30.2641702347842,2.));
#13292=CARTESIAN_POINT('Origin',(-19.6575685169861,-47.2347329832614,8.));
#13293=CARTESIAN_POINT('',(-14.7078210486802,-52.1844804515672,8.));
#13294=CARTESIAN_POINT('',(-14.7078210486802,-52.1844804515672,8.));
#13295=CARTESIAN_POINT('',(-19.657568516986,-47.2347329832614,1.));
#13296=CARTESIAN_POINT('Origin',(-19.657568516986,-47.2347329832614,8.));
#13297=CARTESIAN_POINT('',(-19.657568516986,-47.2347329832614,1.));
#13298=CARTESIAN_POINT('',(-18.9760423443238,-54.5982018142468,3.92090356872477));
#13299=CARTESIAN_POINT('',(-20.1141830984791,-53.4600610600915,2.31132947830886));
#13300=CARTESIAN_POINT('Origin',(-22.9985398461476,-50.575704312423,8.));
#13301=CARTESIAN_POINT('',(-21.0551013550445,-51.4584826317463,1.29133029056942));
#13302=CARTESIAN_POINT('Origin',(-18.1146563696644,-45.6918208359397,8.));
#13303=CARTESIAN_POINT('',(-19.0535229266992,-52.3994008883117,2.31132947830889));
#13304=CARTESIAN_POINT('Origin',(-26.8217631508509,-54.3989276171263,8.));
#13305=CARTESIAN_POINT('',(-17.915382172544,-53.5375416424669,3.92090356872473));
#13306=CARTESIAN_POINT('Origin',(-21.9378796743678,-49.5150441406431,8.));
#13307=CARTESIAN_POINT('',(-17.7244639159785,-54.7891200708122,6.00156292824403));
#13308=CARTESIAN_POINT('Origin',(-26.8217631508509,-54.3989276171263,8.));
#13309=CARTESIAN_POINT('Origin',(-18.1146563696644,-45.6918208359397,8.));
#13310=CARTESIAN_POINT('Origin',(-23.758787847868,-53.457272657703,55.7));
#13311=CARTESIAN_POINT('',(-28.435743110038,-63.9124025129251,52.4032062263308));
#13312=CARTESIAN_POINT('',(-27.0987929677112,-63.9124025129251,54.2));
#13313=CARTESIAN_POINT('Origin',(-34.2139177030901,-63.9124025129251,55.7));
#13314=CARTESIAN_POINT('',(-33.6560156400991,-58.692129982864,59.7857864376269));
#13315=CARTESIAN_POINT('Origin',(-31.3248304065641,-61.023315216399,55.7));
#13316=CARTESIAN_POINT('',(-31.7170155071805,-59.2941799734559,60.7311529493745));
#13317=CARTESIAN_POINT('Origin',(-34.21391770309,-63.912402512925,55.7));
#13318=CARTESIAN_POINT('',(-24.8194480196478,-52.3966124859232,60.7311529493745));
#13319=CARTESIAN_POINT('',(-24.8194480196478,-52.3966124859232,60.7311529493745));
#13320=CARTESIAN_POINT('',(-20.2012254801786,-57.0148350253924,54.2));
#13321=CARTESIAN_POINT('Origin',(-23.758787847868,-53.457272657703,55.7));
#13322=CARTESIAN_POINT('',(-20.2012254801786,-57.0148350253924,54.2));
#13323=CARTESIAN_POINT('Origin',(-24.8194480196478,-52.3966124859232,61.2));
#13324=CARTESIAN_POINT('',(-31.3854905783439,-58.9626550446193,61.2));
#13325=CARTESIAN_POINT('',(-31.1783837971574,-58.7555482634327,61.4928932188135));
#13326=CARTESIAN_POINT('',(-24.8194480196478,-52.3966124859232,61.2));
#13327=CARTESIAN_POINT('',(-19.657568516986,-47.2347329832614,61.2));
#13328=CARTESIAN_POINT('',(-24.8194480196478,-52.3966124859232,60.7311529493745));
#13329=CARTESIAN_POINT('Origin',(-23.758787847868,-53.457272657703,55.7));
#13330=CARTESIAN_POINT('',(-25.703331496131,-51.51272900944,55.7));
#13331=CARTESIAN_POINT('Origin',(-20.2012254801786,-57.0148350253924,54.2));
#13332=CARTESIAN_POINT('',(-26.435743110038,-63.9124025129251,54.2));
#13333=CARTESIAN_POINT('',(-26.0215295476649,-63.9124025129251,54.2));
#13334=CARTESIAN_POINT('',(-19.869700551342,-57.346359954229,54.2));
#13335=CARTESIAN_POINT('',(-19.869700551342,-57.346359954229,54.2));
#13336=CARTESIAN_POINT('',(-14.7078210486802,-52.1844804515672,54.2));
#13337=CARTESIAN_POINT('Origin',(-23.758787847868,-53.457272657703,55.7));
#13338=CARTESIAN_POINT('Origin',(-24.8194480196478,-52.3966124859232,54.2));
#13339=CARTESIAN_POINT('Origin',(-19.6575685169861,-47.2347329832614,54.2));
#13340=CARTESIAN_POINT('',(-19.657568516986,-47.2347329832614,61.2));
#13341=CARTESIAN_POINT('',(-19.657568516986,-47.2347329832614,61.2));
#13342=CARTESIAN_POINT('',(-14.7078210486802,-52.1844804515672,54.2));
#13343=CARTESIAN_POINT('Origin',(-19.657568516986,-47.2347329832614,54.2));
#13344=CARTESIAN_POINT('',(-14.7078210486802,-52.1844804515672,54.2));
#13345=CARTESIAN_POINT('',(-20.1439121649476,-53.48979012656,59.8886705216912));
#13346=CARTESIAN_POINT('',(-19.0057714107923,-54.6279308807153,58.2790964312752));
#13347=CARTESIAN_POINT('Origin',(-23.0282689126161,-50.6054333788915,54.2));
#13348=CARTESIAN_POINT('',(-17.7541929824471,-54.8188491372807,56.198437071756));
#13349=CARTESIAN_POINT('Origin',(-18.1443854361328,-45.7215499024081,54.2));
#13350=CARTESIAN_POINT('',(-17.9451112390125,-53.5672707089354,58.2790964312753));
#13351=CARTESIAN_POINT('Origin',(-26.8514922173194,-54.4286566835948,54.2));
#13352=CARTESIAN_POINT('',(-19.0832519931676,-52.4291299547803,59.888670521691));
#13353=CARTESIAN_POINT('Origin',(-21.9676087408363,-49.5447732071116,54.2));
#13354=CARTESIAN_POINT('',(-21.0398272882974,-51.5034529673515,60.8958323480776));
#13355=CARTESIAN_POINT('Origin',(-26.8514922173194,-54.4286566835948,54.2));
#13356=CARTESIAN_POINT('',(-21.0695891523762,-51.5332148314303,60.8958323480776));
#13357=CARTESIAN_POINT('',(-18.2143379105967,-48.6779635896508,60.8958323480776));
#13358=CARTESIAN_POINT('Origin',(-18.1443854361328,-45.7215499024081,54.2));
#13359=CARTESIAN_POINT('Origin',(-32.3854905783439,-59.9626550446193,54.2));
#13360=CARTESIAN_POINT('',(-26.0215295476649,-64.9124025129251,54.2));
#13361=CARTESIAN_POINT('',(-26.0215295476649,-64.9124025129251,54.2));
#13362=CARTESIAN_POINT('',(-31.6783837971574,-59.2555482634327,62.2));
#13363=CARTESIAN_POINT('Origin',(-31.6783837971574,-59.2555482634327,54.2));
#13364=CARTESIAN_POINT('',(-31.6783837971574,-59.2555482634327,62.2));
#13365=CARTESIAN_POINT('Origin',(-52.3966124859232,-24.8194480196478,8.));
#13366=CARTESIAN_POINT('',(-59.9626550446192,-32.3854905783439,4.));
#13367=CARTESIAN_POINT('',(-62.7910821693654,-29.5570634535977,8.));
#13368=CARTESIAN_POINT('Origin',(-59.9626550446192,-32.3854905783439,8.));
#13369=CARTESIAN_POINT('',(-52.3966124859232,-24.8194480196478,4.));
#13370=CARTESIAN_POINT('',(-52.3966124859232,-24.8194480196478,4.));
#13371=CARTESIAN_POINT('',(-55.2250396106694,-21.9910208949016,8.));
#13372=CARTESIAN_POINT('Origin',(-52.3966124859232,-24.8194480196478,8.));
#13373=CARTESIAN_POINT('',(-55.2250396106694,-21.9910208949016,8.));
#13374=CARTESIAN_POINT('Origin',(-52.3966124859232,-24.8194480196478,1.));
#13375=CARTESIAN_POINT('',(-59.9626550446192,-32.3854905783439,2.4142135623731));
#13376=CARTESIAN_POINT('',(-59.9626550446192,-32.3854905783439,0.5));
#13377=CARTESIAN_POINT('',(-58.9626550446193,-31.3854905783439,1.));
#13378=CARTESIAN_POINT('',(-58.7555482634327,-31.1783837971574,0.707106781186547));
#13379=CARTESIAN_POINT('',(-52.3966124859232,-24.8194480196478,1.));
#13380=CARTESIAN_POINT('',(-47.2347329832614,-19.657568516986,1.));
#13381=CARTESIAN_POINT('',(-52.3966124859232,-24.8194480196478,4.));
#13382=CARTESIAN_POINT('Origin',(-55.2250396106694,-21.9910208949016,8.));
#13383=CARTESIAN_POINT('',(-63.9124025129251,-28.435743110038,8.));
#13384=CARTESIAN_POINT('',(-64.2052957317385,-28.1428498912246,8.));
#13385=CARTESIAN_POINT('',(-57.346359954229,-19.869700551342,8.));
#13386=CARTESIAN_POINT('',(-55.2250396106694,-21.9910208949016,8.));
#13387=CARTESIAN_POINT('',(-63.9124025129251,-26.4357431100381,8.));
#13388=CARTESIAN_POINT('',(-52.1844804515672,-14.7078210486802,8.));
#13389=CARTESIAN_POINT('',(-63.9124025129251,-28.8499566724111,8.));
#13390=CARTESIAN_POINT('Origin',(-54.8714862200761,-22.3445742854949,4.5));
#13391=CARTESIAN_POINT('Origin',(-52.3966124859232,-24.8194480196478,8.));
#13392=CARTESIAN_POINT('Origin',(-59.9626550446192,-32.3854905783439,8.));
#13393=CARTESIAN_POINT('',(-64.9124025129251,-26.021529547665,8.));
#13394=CARTESIAN_POINT('',(-64.9124025129251,-28.8499566724111,8.));
#13395=CARTESIAN_POINT('',(-59.2555482634327,-31.6783837971574,0.));
#13396=CARTESIAN_POINT('Origin',(-59.2555482634327,-31.6783837971574,8.));
#13397=CARTESIAN_POINT('',(-59.2555482634327,-31.6783837971574,0.));
#13398=CARTESIAN_POINT('Origin',(-47.2347329832614,-19.657568516986,8.));
#13399=CARTESIAN_POINT('',(-47.2347329832614,-19.657568516986,1.));
#13400=CARTESIAN_POINT('',(-47.2347329832614,-19.657568516986,1.));
#13401=CARTESIAN_POINT('',(-52.1844804515672,-14.7078210486802,8.));
#13402=CARTESIAN_POINT('Origin',(-47.2347329832614,-19.657568516986,8.));
#13403=CARTESIAN_POINT('',(-52.1844804515672,-14.7078210486802,8.));
#13404=CARTESIAN_POINT('',(-53.5376498544117,-17.9154903844888,3.92090356872468));
#13405=CARTESIAN_POINT('',(-52.3995091002564,-19.0536311386442,2.31132947830873));
#13406=CARTESIAN_POINT('Origin',(-49.515152352588,-21.9379878863126,8.));
#13407=CARTESIAN_POINT('',(-51.458590843691,-21.0552095669894,1.29133029056936));
#13408=CARTESIAN_POINT('Origin',(-54.3990358290712,-26.8218713627958,8.));
#13409=CARTESIAN_POINT('',(-53.4601692720365,-20.1142913104237,2.31132947830905));
#13410=CARTESIAN_POINT('Origin',(-45.6919290478851,-18.1147645816098,8.));
#13411=CARTESIAN_POINT('',(-54.5983100261913,-18.9761505562689,3.92090356872423));
#13412=CARTESIAN_POINT('Origin',(-50.5758125243678,-22.9986480580924,8.));
#13413=CARTESIAN_POINT('',(-54.789228282757,-17.7245721279234,6.00156292824389));
#13414=CARTESIAN_POINT('Origin',(-45.6919290478851,-18.1147645816098,8.));
#13415=CARTESIAN_POINT('Origin',(-54.3990358290712,-26.8218713627958,8.));
#13416=CARTESIAN_POINT('Origin',(-52.3966124859232,-24.8194480196478,54.2));
#13417=CARTESIAN_POINT('',(-62.7910821693654,-29.5570634535977,54.2));
#13418=CARTESIAN_POINT('',(-59.9626550446192,-32.3854905783439,58.2));
#13419=CARTESIAN_POINT('Origin',(-59.9626550446192,-32.3854905783439,54.2));
#13420=CARTESIAN_POINT('',(-55.2250396106694,-21.9910208949016,54.2));
#13421=CARTESIAN_POINT('',(-55.2250396106694,-21.9910208949016,54.2));
#13422=CARTESIAN_POINT('',(-52.3966124859232,-24.8194480196478,58.2));
#13423=CARTESIAN_POINT('Origin',(-52.3966124859232,-24.8194480196478,54.2));
#13424=CARTESIAN_POINT('',(-52.3966124859232,-24.8194480196478,58.2));
#13425=CARTESIAN_POINT('Origin',(-57.346359954229,-19.869700551342,54.2));
#13426=CARTESIAN_POINT('',(-63.9124025129251,-28.435743110038,54.2));
#13427=CARTESIAN_POINT('',(-65.2659559035181,-27.082189719445,54.2));
#13428=CARTESIAN_POINT('',(-63.9124025129251,-26.4357431100381,54.2));
#13429=CARTESIAN_POINT('',(-63.9124025129251,-26.021529547665,54.2));
#13430=CARTESIAN_POINT('',(-57.346359954229,-19.869700551342,54.2));
#13431=CARTESIAN_POINT('',(-52.1844804515672,-14.7078210486802,54.2));
#13432=CARTESIAN_POINT('',(-55.2250396106694,-21.9910208949016,54.2));
#13433=CARTESIAN_POINT('Origin',(-52.3966124859232,-24.8194480196478,58.2));
#13434=CARTESIAN_POINT('',(-59.9626550446192,-32.3854905783439,59.7857864376269));
#13435=CARTESIAN_POINT('',(-59.9626550446192,-32.3854905783439,29.1));
#13436=CARTESIAN_POINT('',(-52.3966124859232,-24.8194480196478,61.2));
#13437=CARTESIAN_POINT('',(-52.3966124859232,-24.8194480196478,58.2));
#13438=CARTESIAN_POINT('',(-58.9626550446192,-31.3854905783439,61.2));
#13439=CARTESIAN_POINT('',(-47.2347329832614,-19.657568516986,61.2));
#13440=CARTESIAN_POINT('',(-58.7555482634327,-31.1783837971573,61.4928932188135));
#13441=CARTESIAN_POINT('Origin',(-54.8714862200761,-22.3445742854949,57.7));
#13442=CARTESIAN_POINT('Origin',(-52.3966124859232,-24.8194480196478,54.2));
#13443=CARTESIAN_POINT('Origin',(-47.2347329832614,-19.657568516986,54.2));
#13444=CARTESIAN_POINT('',(-52.1844804515672,-14.7078210486802,54.2));
#13445=CARTESIAN_POINT('',(-52.1844804515672,-14.7078210486802,54.2));
#13446=CARTESIAN_POINT('',(-47.2347329832614,-19.657568516986,61.2));
#13447=CARTESIAN_POINT('Origin',(-47.2347329832614,-19.657568516986,54.2));
#13448=CARTESIAN_POINT('',(-47.2347329832614,-19.657568516986,61.2));
#13449=CARTESIAN_POINT('',(-54.5980258272347,-18.9758663573117,58.2790964312753));
#13450=CARTESIAN_POINT('',(-53.4598850730794,-20.114007111467,59.8886705216911));
#13451=CARTESIAN_POINT('Origin',(-50.5755283254109,-22.9983638591355,54.2));
#13452=CARTESIAN_POINT('',(-51.4583066447342,-21.0549253680324,60.9086697094306));
#13453=CARTESIAN_POINT('Origin',(-45.6916448489277,-18.1144803826523,54.2));
#13454=CARTESIAN_POINT('',(-52.3992249012997,-19.0533469396871,59.8886705216911));
#13455=CARTESIAN_POINT('Origin',(-54.3987516301142,-26.8215871638388,54.2));
#13456=CARTESIAN_POINT('',(-53.5373656554548,-17.915206185532,58.2790964312754));
#13457=CARTESIAN_POINT('Origin',(-49.514868153631,-21.9377036873557,54.2));
#13458=CARTESIAN_POINT('',(-54.7889440838001,-17.7242879289665,56.198437071756));
#13459=CARTESIAN_POINT('Origin',(-54.3987516301142,-26.8215871638388,54.2));
#13460=CARTESIAN_POINT('Origin',(-45.6916448489277,-18.1144803826523,54.2));
#13461=CARTESIAN_POINT('Origin',(-18.5924476784565,-54.4514663942242,4.61871843353822));
#13462=CARTESIAN_POINT('',(-18.6701127214014,-54.9041314371691,4.35355339059326));
#13463=CARTESIAN_POINT('',(-20.2647826355115,-52.2488013512792,2.40900974233025));
#13464=CARTESIAN_POINT('Origin',(-18.1701127214014,-55.4041314371691,6.12132034355963));
#13465=CARTESIAN_POINT('Origin',(-19.8121175925666,-52.1711363083343,2.1438446993853));
#13466=CARTESIAN_POINT('',(-19.3594525496216,-52.0934712653893,1.87867965644034));
#13467=CARTESIAN_POINT('Origin',(-20.6094525496216,-50.8434712653893,1.1715728752538));
#13468=CARTESIAN_POINT('Origin',(-52.701574606169,-20.3425558904013,2.14384469938528));
#13469=CARTESIAN_POINT('',(-53.9989095632241,-18.5148908474563,4.88388347648313));
#13470=CARTESIAN_POINT('',(-53.154239649114,-20.4202209333462,1.87867965644029));
#13471=CARTESIAN_POINT('Origin',(-53.9212445202791,-18.0622258045114,4.61871843353817));
#13472=CARTESIAN_POINT('',(-53.8435794773341,-17.6095607615664,4.35355339059321));
#13473=CARTESIAN_POINT('Origin',(-20.2678956712372,-52.8354765343805,59.9086795919067));
#13474=CARTESIAN_POINT('',(-21.0652306282923,-51.5078114914355,60.8809514160382));
#13475=CARTESIAN_POINT('',(-21.0652306282922,-51.5078114914355,60.8809514160382));
#13476=CARTESIAN_POINT('',(-18.4402306282923,-54.1328114914355,57.1686408148088));
#13477=CARTESIAN_POINT('',(-20.3455607141822,-53.2881415773254,60.1738446348516));
#13478=CARTESIAN_POINT('Origin',(-20.5349005424023,-50.9774814055456,60.8809514160382));
#13479=CARTESIAN_POINT('',(-20.6125655853473,-51.4301464484906,61.1461164589831));
#13480=CARTESIAN_POINT('Origin',(-17.9875655853473,-54.0551464484906,57.4338058577537));
#13481=CARTESIAN_POINT('',(-17.5349005424023,-53.9774814055456,57.6989709006987));
#13482=CARTESIAN_POINT('Origin',(-54.4512904072121,-18.5922716914444,57.5812815664618));
#13483=CARTESIAN_POINT('',(-52.2486253642671,-20.2646066484994,59.7909902576698));
#13484=CARTESIAN_POINT('',(-54.903955450157,-18.6699367343894,57.8464466094068));
#13485=CARTESIAN_POINT('Origin',(-52.1709603213222,-19.8119416055545,60.0561553006147));
#13486=CARTESIAN_POINT('',(-52.0932952783772,-19.3592765626095,60.3213203435597));
#13487=CARTESIAN_POINT('Origin',(-55.4039554501571,-18.1699367343894,56.0786796564404));
#13488=CARTESIAN_POINT('Origin',(-50.8432952783772,-20.6092765626095,61.0284271247463));
#13489=CARTESIAN_POINT('Origin',(-21.5955607141822,-52.0381415773254,60.8809514160382));
#13490=CARTESIAN_POINT('Origin',(-17.0349005424023,-54.4774814055456,55.9312039477323));
#13491=CARTESIAN_POINT('Origin',(-54.3435794773342,-17.1095607615664,6.12132034355956));
#13492=CARTESIAN_POINT('Origin',(-51.904239649114,-21.6702209333462,1.17157287525373));
#13493=CARTESIAN_POINT('Origin',(-58.8348197286267,-19.9439467633666,45.6));
#13494=CARTESIAN_POINT('',(-62.7910821693655,-25.3144227664784,45.6));
#13495=CARTESIAN_POINT('',(-58.1277129474402,-20.6510535445531,45.6));
#13496=CARTESIAN_POINT('',(-55.1560966995037,-17.6794372966167,45.6));
#13497=CARTESIAN_POINT('',(-63.498188950552,-24.6073159852919,45.6));
#13498=CARTESIAN_POINT('',(-63.498188950552,-24.6073159852919,45.6));
#13499=CARTESIAN_POINT('',(-58.8348197286267,-19.9439467633666,45.6));
#13500=CARTESIAN_POINT('',(-55.8632034806902,-16.9723305154301,45.6));
#13501=CARTESIAN_POINT('',(-58.8348197286267,-19.9439467633666,45.6));
#13502=CARTESIAN_POINT('Origin',(-58.8348197286267,-19.9439467633666,45.6));
#13503=CARTESIAN_POINT('',(-20.6510535445531,-58.1277129474402,45.6));
#13504=CARTESIAN_POINT('',(-25.3144227664784,-62.7910821693655,45.6));
#13505=CARTESIAN_POINT('',(-17.6794372966166,-55.1560966995036,45.6));
#13506=CARTESIAN_POINT('',(-19.9439467633666,-58.8348197286267,45.6));
#13507=CARTESIAN_POINT('',(-58.8348197286267,-19.9439467633666,45.6));
#13508=CARTESIAN_POINT('',(-24.6073159852919,-63.498188950552,45.6));
#13509=CARTESIAN_POINT('',(-16.97233051543,-55.8632034806902,45.6));
#13510=CARTESIAN_POINT('',(-63.498188950552,-24.6073159852919,45.6));
#13511=CARTESIAN_POINT('Origin',(-63.498188950552,-24.6073159852919,44.6));
#13512=CARTESIAN_POINT('',(-62.7910821693654,-25.3144227664784,43.6));
#13513=CARTESIAN_POINT('Origin',(-62.7910821693655,-25.3144227664784,44.6));
#13514=CARTESIAN_POINT('',(-63.498188950552,-24.6073159852919,43.6));
#13515=CARTESIAN_POINT('',(-63.498188950552,-24.6073159852919,43.6));
#13516=CARTESIAN_POINT('Origin',(-63.498188950552,-24.6073159852919,44.6));
#13517=CARTESIAN_POINT('Origin',(-63.498188950552,-24.6073159852919,44.6));
#13518=CARTESIAN_POINT('',(-25.3144227664784,-62.7910821693654,43.6));
#13519=CARTESIAN_POINT('Origin',(-25.3144227664784,-62.7910821693655,44.6));
#13520=CARTESIAN_POINT('',(-24.6073159852918,-63.498188950552,43.6));
#13521=CARTESIAN_POINT('Origin',(-24.6073159852919,-63.498188950552,44.6));
#13522=CARTESIAN_POINT('',(-63.498188950552,-24.6073159852919,43.6));
#13523=CARTESIAN_POINT('Origin',(-58.8348197286267,-19.9439467633666,44.6));
#13524=CARTESIAN_POINT('',(-58.1277129474402,-20.6510535445531,43.6));
#13525=CARTESIAN_POINT('Origin',(-58.1277129474402,-20.6510535445531,44.6));
#13526=CARTESIAN_POINT('',(-58.8348197286267,-19.9439467633666,43.6));
#13527=CARTESIAN_POINT('Origin',(-58.8348197286267,-19.9439467633666,44.6));
#13528=CARTESIAN_POINT('',(-58.8348197286267,-19.9439467633666,43.6));
#13529=CARTESIAN_POINT('Origin',(-63.498188950552,-24.6073159852919,43.6));
#13530=CARTESIAN_POINT('',(-57.4877813104663,-20.0111219075793,43.6));
#13531=CARTESIAN_POINT('',(-58.1948880916529,-19.3040151263928,43.6));
#13532=CARTESIAN_POINT('Origin',(-63.498188950552,-24.6073159852919,43.6));
#13533=CARTESIAN_POINT('',(-20.6510535445531,-58.1277129474402,43.6));
#13534=CARTESIAN_POINT('',(-20.0111219075792,-57.4877813104663,43.6));
#13535=CARTESIAN_POINT('',(-19.9439467633666,-58.8348197286267,43.6));
#13536=CARTESIAN_POINT('',(-19.3040151263927,-58.1948880916528,43.6));
#13537=CARTESIAN_POINT('',(-58.8348197286267,-19.9439467633666,43.6));
#13538=CARTESIAN_POINT('Origin',(-58.8348197286267,-19.9439467633666,44.6));
#13539=CARTESIAN_POINT('Origin',(-20.6510535445531,-58.1277129474402,44.6));
#13540=CARTESIAN_POINT('Origin',(-19.9439467633666,-58.8348197286267,44.6));
#13541=CARTESIAN_POINT('Origin',(-58.8348197286267,-19.9439467633666,33.6));
#13542=CARTESIAN_POINT('',(-62.7910821693655,-25.3144227664784,33.6));
#13543=CARTESIAN_POINT('',(-58.1277129474402,-20.6510535445531,33.6));
#13544=CARTESIAN_POINT('',(-55.1560966995037,-17.6794372966167,33.6));
#13545=CARTESIAN_POINT('',(-63.498188950552,-24.6073159852919,33.6));
#13546=CARTESIAN_POINT('',(-63.498188950552,-24.6073159852919,33.6));
#13547=CARTESIAN_POINT('',(-58.8348197286267,-19.9439467633666,33.6));
#13548=CARTESIAN_POINT('',(-55.8632034806903,-16.9723305154301,33.6));
#13549=CARTESIAN_POINT('',(-58.8348197286267,-19.9439467633666,33.6));
#13550=CARTESIAN_POINT('Origin',(-58.8348197286267,-19.9439467633666,33.6));
#13551=CARTESIAN_POINT('',(-20.6510535445531,-58.1277129474402,33.6));
#13552=CARTESIAN_POINT('',(-25.3144227664784,-62.7910821693655,33.6));
#13553=CARTESIAN_POINT('',(-17.6794372966166,-55.1560966995036,33.6));
#13554=CARTESIAN_POINT('',(-19.9439467633666,-58.8348197286267,33.6));
#13555=CARTESIAN_POINT('',(-58.8348197286267,-19.9439467633666,33.6));
#13556=CARTESIAN_POINT('',(-24.6073159852919,-63.498188950552,33.6));
#13557=CARTESIAN_POINT('',(-16.9723305154301,-55.8632034806902,33.6));
#13558=CARTESIAN_POINT('',(-63.498188950552,-24.6073159852919,33.6));
#13559=CARTESIAN_POINT('Origin',(-63.498188950552,-24.6073159852919,32.6));
#13560=CARTESIAN_POINT('',(-62.7910821693654,-25.3144227664784,31.6));
#13561=CARTESIAN_POINT('Origin',(-62.7910821693655,-25.3144227664784,32.6));
#13562=CARTESIAN_POINT('',(-63.498188950552,-24.6073159852919,31.6));
#13563=CARTESIAN_POINT('',(-63.498188950552,-24.6073159852919,31.6));
#13564=CARTESIAN_POINT('Origin',(-63.498188950552,-24.6073159852919,32.6));
#13565=CARTESIAN_POINT('Origin',(-63.498188950552,-24.6073159852919,32.6));
#13566=CARTESIAN_POINT('',(-25.3144227664784,-62.7910821693654,31.6));
#13567=CARTESIAN_POINT('Origin',(-25.3144227664784,-62.7910821693655,32.6));
#13568=CARTESIAN_POINT('',(-24.6073159852918,-63.498188950552,31.6));
#13569=CARTESIAN_POINT('Origin',(-24.6073159852919,-63.498188950552,32.6));
#13570=CARTESIAN_POINT('',(-63.498188950552,-24.6073159852919,31.6));
#13571=CARTESIAN_POINT('Origin',(-58.8348197286267,-19.9439467633666,32.6));
#13572=CARTESIAN_POINT('',(-58.1277129474402,-20.6510535445531,31.6));
#13573=CARTESIAN_POINT('Origin',(-58.1277129474402,-20.6510535445531,32.6));
#13574=CARTESIAN_POINT('',(-58.8348197286267,-19.9439467633666,31.6));
#13575=CARTESIAN_POINT('Origin',(-58.8348197286267,-19.9439467633666,32.6));
#13576=CARTESIAN_POINT('',(-58.8348197286267,-19.9439467633666,31.6));
#13577=CARTESIAN_POINT('Origin',(-63.498188950552,-24.6073159852919,31.6));
#13578=CARTESIAN_POINT('',(-57.4877813104664,-20.0111219075793,31.6));
#13579=CARTESIAN_POINT('',(-58.1948880916529,-19.3040151263928,31.6));
#13580=CARTESIAN_POINT('Origin',(-63.498188950552,-24.6073159852919,31.6));
#13581=CARTESIAN_POINT('',(-20.6510535445531,-58.1277129474402,31.6));
#13582=CARTESIAN_POINT('',(-20.0111219075793,-57.4877813104663,31.6));
#13583=CARTESIAN_POINT('',(-19.9439467633666,-58.8348197286267,31.6));
#13584=CARTESIAN_POINT('',(-19.3040151263927,-58.1948880916528,31.6));
#13585=CARTESIAN_POINT('',(-58.8348197286267,-19.9439467633666,31.6));
#13586=CARTESIAN_POINT('Origin',(-58.8348197286267,-19.9439467633666,32.6));
#13587=CARTESIAN_POINT('Origin',(-20.6510535445531,-58.1277129474402,32.6));
#13588=CARTESIAN_POINT('Origin',(-19.9439467633666,-58.8348197286267,32.6));
#13589=CARTESIAN_POINT('Origin',(-56.2892353163551,-17.398362351095,20.5999999999554));
#13590=CARTESIAN_POINT('',(-55.5821285351658,-18.1054691322788,19.5999999999552));
#13591=CARTESIAN_POINT('',(-55.5821285351713,-18.1054691322843,21.5999999999556));
#13592=CARTESIAN_POINT('Origin',(-55.5821285351686,-18.1054691322816,20.5999999999554));
#13593=CARTESIAN_POINT('',(-56.2892353163524,-17.3983623510923,19.5999999999552));
#13594=CARTESIAN_POINT('',(-56.2892353163524,-17.3983623510923,19.5999999999552));
#13595=CARTESIAN_POINT('',(-56.2892353163579,-17.3983623510978,21.5999999999556));
#13596=CARTESIAN_POINT('Origin',(-56.2892353163551,-17.398362351095,20.5999999999554));
#13597=CARTESIAN_POINT('',(-56.2892353163579,-17.3983623510978,21.5999999999556));
#13598=CARTESIAN_POINT('Origin',(-56.2892353163551,-17.398362351095,20.5999999999554));
#13599=CARTESIAN_POINT('',(-18.1054691322843,-55.5821285351713,21.5999999999556));
#13600=CARTESIAN_POINT('',(-18.1054691322788,-55.5821285351658,19.5999999999552));
#13601=CARTESIAN_POINT('Origin',(-18.1054691322815,-55.5821285351686,20.5999999999554));
#13602=CARTESIAN_POINT('',(-17.3983623510977,-56.2892353163579,21.5999999999556));
#13603=CARTESIAN_POINT('',(-56.2892353163579,-17.3983623510978,21.5999999999556));
#13604=CARTESIAN_POINT('',(-17.3983623510922,-56.2892353163524,19.5999999999552));
#13605=CARTESIAN_POINT('Origin',(-17.398362351095,-56.2892353163551,20.5999999999554));
#13606=CARTESIAN_POINT('',(-56.2892353163524,-17.3983623510923,19.5999999999552));
#13607=CARTESIAN_POINT('Origin',(-56.2892353163524,-17.3983623510923,19.5999999999552));
#13608=CARTESIAN_POINT('',(-54.4083312783962,-16.9316718755092,19.5999999999617));
#13609=CARTESIAN_POINT('',(-53.8833044933191,-16.4066450904321,19.5999999999645));
#13610=CARTESIAN_POINT('',(-55.1154380595827,-16.2245650943226,19.5999999999617));
#13611=CARTESIAN_POINT('',(-55.1154380595827,-16.2245650943226,19.5999999999617));
#13612=CARTESIAN_POINT('',(-54.5904112745057,-15.6995383092456,19.5999999999645));
#13613=CARTESIAN_POINT('Origin',(-56.2892353163524,-17.3983623510923,19.5999999999552));
#13614=CARTESIAN_POINT('',(-16.9316718755091,-54.4083312783962,19.5999999999617));
#13615=CARTESIAN_POINT('',(-16.4066450904954,-53.8833044933824,19.5999999999645));
#13616=CARTESIAN_POINT('',(-16.2245650943226,-55.1154380595827,19.5999999999617));
#13617=CARTESIAN_POINT('',(-15.6995383093088,-54.590411274569,19.5999999999645));
#13618=CARTESIAN_POINT('',(-55.1154380595827,-16.2245650943226,19.5999999999617));
#13619=CARTESIAN_POINT('Origin',(-55.1154380595882,-16.2245650943281,21.599999999962));
#13620=CARTESIAN_POINT('',(-54.4083312784016,-16.9316718755146,21.599999999962));
#13621=CARTESIAN_POINT('',(-53.2964058649397,-15.8197464620527,21.5999999999681));
#13622=CARTESIAN_POINT('',(-55.1154380595882,-16.2245650943281,21.599999999962));
#13623=CARTESIAN_POINT('',(-54.0035126461263,-15.1126396808662,21.5999999999681));
#13624=CARTESIAN_POINT('',(-55.1154380595882,-16.2245650943281,21.599999999962));
#13625=CARTESIAN_POINT('Origin',(-55.1154380595855,-16.2245650943253,20.5999999999618));
#13626=CARTESIAN_POINT('Origin',(-54.4083312783989,-16.9316718755119,20.5999999999618));
#13627=CARTESIAN_POINT('Origin',(-55.1154380595855,-16.2245650943253,20.5999999999618));
#13628=CARTESIAN_POINT('Origin',(-55.1154380595855,-16.2245650943253,20.5999999999618));
#13629=CARTESIAN_POINT('',(-16.9316718755146,-54.4083312784016,21.599999999962));
#13630=CARTESIAN_POINT('Origin',(-16.9316718755119,-54.4083312783989,20.5999999999618));
#13631=CARTESIAN_POINT('',(-16.2245650943281,-55.1154380595882,21.599999999962));
#13632=CARTESIAN_POINT('Origin',(-16.2245650943253,-55.1154380595855,20.5999999999618));
#13633=CARTESIAN_POINT('',(-55.1154380595882,-16.2245650943281,21.599999999962));
#13634=CARTESIAN_POINT('Origin',(-55.1154380595882,-16.2245650943281,21.599999999962));
#13635=CARTESIAN_POINT('',(-15.819746462116,-53.2964058650031,21.5999999999681));
#13636=CARTESIAN_POINT('',(-15.1126396809295,-54.0035126461896,21.5999999999681));
#13637=CARTESIAN_POINT('Origin',(-55.1154380595855,-16.2245650943253,33.5999999999789));
#13638=CARTESIAN_POINT('',(-55.5821285351686,-18.1054691322816,33.5999999999789));
#13639=CARTESIAN_POINT('',(-54.4083312783989,-16.9316718755119,33.5999999999789));
#13640=CARTESIAN_POINT('',(-53.2964058650009,-15.8197464621139,33.599999999975));
#13641=CARTESIAN_POINT('',(-56.2892353163551,-17.398362351095,33.5999999999789));
#13642=CARTESIAN_POINT('',(-56.2892353163551,-17.398362351095,33.5999999999789));
#13643=CARTESIAN_POINT('',(-55.1154380595854,-16.2245650943253,33.5999999999789));
#13644=CARTESIAN_POINT('',(-54.0035126461875,-15.1126396809274,33.599999999975));
#13645=CARTESIAN_POINT('',(-55.1154380595854,-16.2245650943253,33.5999999999789));
#13646=CARTESIAN_POINT('Origin',(-55.1154380595855,-16.2245650943253,33.5999999999789));
#13647=CARTESIAN_POINT('',(-16.9316718755119,-54.4083312783989,33.5999999999789));
#13648=CARTESIAN_POINT('',(-18.1054691322815,-55.5821285351686,33.5999999999789));
#13649=CARTESIAN_POINT('',(-15.8197464620738,-53.2964058649608,33.599999999975));
#13650=CARTESIAN_POINT('',(-16.2245650943253,-55.1154380595854,33.5999999999789));
#13651=CARTESIAN_POINT('',(-55.1154380595854,-16.2245650943253,33.5999999999789));
#13652=CARTESIAN_POINT('',(-17.398362351095,-56.2892353163551,33.5999999999789));
#13653=CARTESIAN_POINT('',(-15.1126396808873,-54.0035126461474,33.599999999975));
#13654=CARTESIAN_POINT('',(-56.2892353163551,-17.398362351095,33.5999999999789));
#13655=CARTESIAN_POINT('Origin',(-56.2892353163551,-17.398362351095,32.6));
#13656=CARTESIAN_POINT('',(-55.5821285351686,-18.1054691322816,31.600000000021));
#13657=CARTESIAN_POINT('Origin',(-55.5821285351686,-18.1054691322816,32.6));
#13658=CARTESIAN_POINT('',(-56.2892353163551,-17.398362351095,31.600000000021));
#13659=CARTESIAN_POINT('',(-56.2892353163551,-17.398362351095,31.600000000021));
#13660=CARTESIAN_POINT('Origin',(-56.2892353163551,-17.398362351095,32.6));
#13661=CARTESIAN_POINT('Origin',(-56.2892353163551,-17.398362351095,32.6));
#13662=CARTESIAN_POINT('',(-18.1054691322815,-55.5821285351686,31.600000000021));
#13663=CARTESIAN_POINT('Origin',(-18.1054691322815,-55.5821285351686,32.6));
#13664=CARTESIAN_POINT('',(-17.398362351095,-56.2892353163551,31.600000000021));
#13665=CARTESIAN_POINT('Origin',(-17.398362351095,-56.2892353163551,32.6));
#13666=CARTESIAN_POINT('',(-56.2892353163551,-17.398362351095,31.600000000021));
#13667=CARTESIAN_POINT('Origin',(-55.1154380595855,-16.2245650943253,32.5999999999999));
#13668=CARTESIAN_POINT('',(-54.4083312783989,-16.9316718755119,31.600000000021));
#13669=CARTESIAN_POINT('Origin',(-54.4083312783989,-16.9316718755119,32.5999999999999));
#13670=CARTESIAN_POINT('',(-55.1154380595855,-16.2245650943253,31.600000000021));
#13671=CARTESIAN_POINT('Origin',(-55.1154380595855,-16.2245650943253,32.5999999999999));
#13672=CARTESIAN_POINT('',(-55.1154380595855,-16.2245650943253,31.600000000021));
#13673=CARTESIAN_POINT('Origin',(-56.2892353163551,-17.398362351095,31.600000000021));
#13674=CARTESIAN_POINT('',(-53.883304493368,-16.406645090481,31.600000000021));
#13675=CARTESIAN_POINT('',(-54.5904112745545,-15.6995383092944,31.600000000021));
#13676=CARTESIAN_POINT('Origin',(-56.2892353163551,-17.398362351095,31.600000000021));
#13677=CARTESIAN_POINT('',(-16.9316718755119,-54.4083312783989,31.600000000021));
#13678=CARTESIAN_POINT('',(-16.4066450904808,-53.8833044933678,31.600000000021));
#13679=CARTESIAN_POINT('',(-16.2245650943253,-55.1154380595855,31.600000000021));
#13680=CARTESIAN_POINT('',(-15.6995383092942,-54.5904112745544,31.600000000021));
#13681=CARTESIAN_POINT('',(-55.1154380595855,-16.2245650943253,31.600000000021));
#13682=CARTESIAN_POINT('Origin',(-55.1154380595855,-16.2245650943253,32.5999999999999));
#13683=CARTESIAN_POINT('Origin',(-16.9316718755119,-54.4083312783989,32.5999999999999));
#13684=CARTESIAN_POINT('Origin',(-16.2245650943253,-55.1154380595855,32.5999999999999));
#13685=CARTESIAN_POINT('Origin',(-56.2892353163551,-17.398362351095,44.6));
#13686=CARTESIAN_POINT('',(-55.5821285351686,-18.1054691322816,43.600000000021));
#13687=CARTESIAN_POINT('',(-55.5821285351686,-18.1054691322816,45.5999999999789));
#13688=CARTESIAN_POINT('Origin',(-55.5821285351686,-18.1054691322816,44.6));
#13689=CARTESIAN_POINT('',(-56.2892353163551,-17.398362351095,43.600000000021));
#13690=CARTESIAN_POINT('',(-56.2892353163551,-17.398362351095,43.600000000021));
#13691=CARTESIAN_POINT('',(-56.2892353163551,-17.398362351095,45.5999999999789));
#13692=CARTESIAN_POINT('Origin',(-56.2892353163551,-17.398362351095,44.6));
#13693=CARTESIAN_POINT('',(-56.2892353163551,-17.398362351095,45.5999999999789));
#13694=CARTESIAN_POINT('Origin',(-56.2892353163551,-17.398362351095,44.6));
#13695=CARTESIAN_POINT('',(-18.1054691322815,-55.5821285351686,45.5999999999789));
#13696=CARTESIAN_POINT('',(-18.1054691322815,-55.5821285351686,43.600000000021));
#13697=CARTESIAN_POINT('Origin',(-18.1054691322815,-55.5821285351686,44.6));
#13698=CARTESIAN_POINT('',(-17.398362351095,-56.2892353163551,45.5999999999789));
#13699=CARTESIAN_POINT('',(-56.2892353163551,-17.398362351095,45.5999999999789));
#13700=CARTESIAN_POINT('',(-17.398362351095,-56.2892353163551,43.600000000021));
#13701=CARTESIAN_POINT('Origin',(-17.398362351095,-56.2892353163551,44.6));
#13702=CARTESIAN_POINT('',(-56.2892353163551,-17.398362351095,43.600000000021));
#13703=CARTESIAN_POINT('Origin',(-56.2892353163551,-17.398362351095,43.600000000021));
#13704=CARTESIAN_POINT('',(-54.4083312783989,-16.9316718755119,43.600000000021));
#13705=CARTESIAN_POINT('',(-53.883304493368,-16.4066450904809,43.600000000021));
#13706=CARTESIAN_POINT('',(-55.1154380595855,-16.2245650943253,43.600000000021));
#13707=CARTESIAN_POINT('',(-55.1154380595855,-16.2245650943253,43.600000000021));
#13708=CARTESIAN_POINT('',(-54.5904112745545,-15.6995383092944,43.600000000021));
#13709=CARTESIAN_POINT('Origin',(-56.2892353163551,-17.398362351095,43.600000000021));
#13710=CARTESIAN_POINT('',(-16.9316718755119,-54.4083312783989,43.600000000021));
#13711=CARTESIAN_POINT('',(-16.4066450904807,-53.8833044933678,43.600000000021));
#13712=CARTESIAN_POINT('',(-16.2245650943253,-55.1154380595855,43.600000000021));
#13713=CARTESIAN_POINT('',(-15.6995383092942,-54.5904112745543,43.600000000021));
#13714=CARTESIAN_POINT('',(-55.1154380595855,-16.2245650943253,43.600000000021));
#13715=CARTESIAN_POINT('Origin',(-55.1154380595855,-16.2245650943253,45.5999999999789));
#13716=CARTESIAN_POINT('',(-54.4083312783989,-16.9316718755119,45.5999999999789));
#13717=CARTESIAN_POINT('',(-53.2964058649905,-15.8197464621035,45.599999999975));
#13718=CARTESIAN_POINT('',(-55.1154380595854,-16.2245650943253,45.5999999999789));
#13719=CARTESIAN_POINT('',(-54.0035126461771,-15.1126396809169,45.599999999975));
#13720=CARTESIAN_POINT('',(-55.1154380595854,-16.2245650943253,45.5999999999789));
#13721=CARTESIAN_POINT('Origin',(-55.1154380595855,-16.2245650943253,44.5999999999999));
#13722=CARTESIAN_POINT('Origin',(-54.4083312783989,-16.9316718755119,44.5999999999999));
#13723=CARTESIAN_POINT('Origin',(-55.1154380595855,-16.2245650943253,44.5999999999999));
#13724=CARTESIAN_POINT('Origin',(-55.1154380595855,-16.2245650943253,44.5999999999999));
#13725=CARTESIAN_POINT('',(-16.9316718755119,-54.4083312783989,45.5999999999789));
#13726=CARTESIAN_POINT('Origin',(-16.9316718755119,-54.4083312783989,44.5999999999999));
#13727=CARTESIAN_POINT('',(-16.2245650943253,-55.1154380595854,45.5999999999789));
#13728=CARTESIAN_POINT('Origin',(-16.2245650943253,-55.1154380595855,44.5999999999999));
#13729=CARTESIAN_POINT('',(-55.1154380595854,-16.2245650943253,45.5999999999789));
#13730=CARTESIAN_POINT('Origin',(-55.1154380595855,-16.2245650943253,45.5999999999789));
#13731=CARTESIAN_POINT('',(-15.8197464620634,-53.2964058649505,45.599999999975));
#13732=CARTESIAN_POINT('',(-15.1126396808769,-54.003512646137,45.599999999975));
#13733=CARTESIAN_POINT('Origin',(-58.8348197286267,-19.9439467633666,23.5999999999724));
#13734=CARTESIAN_POINT('',(-58.1276777854408,-20.6510183825538,24.5999999984729));
#13735=CARTESIAN_POINT('',(-58.1276777854462,-20.6510183825592,22.6000000014719));
#13736=CARTESIAN_POINT('Origin',(-58.1277129474402,-20.6510535445531,23.5999999999724));
#13737=CARTESIAN_POINT('',(-58.8347845666274,-19.9439116013672,24.5999999984729));
#13738=CARTESIAN_POINT('',(-58.8347845666274,-19.9439116013672,24.5999999984729));
#13739=CARTESIAN_POINT('',(-58.8347845666327,-19.9439116013726,22.6000000014719));
#13740=CARTESIAN_POINT('Origin',(-58.8348197286267,-19.9439467633666,23.5999999999724));
#13741=CARTESIAN_POINT('',(-58.8347845666327,-19.9439116013726,22.6000000014719));
#13742=CARTESIAN_POINT('Origin',(-58.8348197286267,-19.9439467633666,23.5999999999724));
#13743=CARTESIAN_POINT('',(-20.6510183825591,-58.1276777854462,22.6000000014719));
#13744=CARTESIAN_POINT('',(-20.6510183825538,-58.1276777854408,24.5999999984729));
#13745=CARTESIAN_POINT('Origin',(-20.6510535445531,-58.1277129474402,23.5999999999724));
#13746=CARTESIAN_POINT('',(-19.9439116013726,-58.8347845666327,22.6000000014719));
#13747=CARTESIAN_POINT('',(-58.8347845666327,-19.9439116013726,22.6000000014719));
#13748=CARTESIAN_POINT('',(-19.9439116013672,-58.8347845666274,24.5999999984729));
#13749=CARTESIAN_POINT('Origin',(-19.9439467633666,-58.8348197286267,23.5999999999724));
#13750=CARTESIAN_POINT('',(-58.8347845666274,-19.9439116013672,24.5999999984729));
#13751=CARTESIAN_POINT('Origin',(-58.8347845666273,-19.9439116013672,24.5999999984729));
#13752=CARTESIAN_POINT('',(-62.7910469958348,-25.3143875929478,24.6003279452436));
#13753=CARTESIAN_POINT('',(-55.1565995234418,-17.6799401205548,24.5997910603688));
#13754=CARTESIAN_POINT('',(-63.4981537770214,-24.6072808117613,24.6003279452436));
#13755=CARTESIAN_POINT('',(-63.4981537770214,-24.6072808117613,24.6003279452436));
#13756=CARTESIAN_POINT('',(-55.8637063046284,-16.9728333393683,24.5997910603688));
#13757=CARTESIAN_POINT('Origin',(-58.8347845666273,-19.9439116013672,24.5999999984729));
#13758=CARTESIAN_POINT('',(-25.3143875929478,-62.7910469958348,24.6003279452436));
#13759=CARTESIAN_POINT('',(-17.6791278783707,-55.1557872812577,24.5997910032486));
#13760=CARTESIAN_POINT('',(-24.6072808117613,-63.4981537770214,24.6003279452436));
#13761=CARTESIAN_POINT('',(-16.9720210971841,-55.8628940624442,24.5997910032486));
#13762=CARTESIAN_POINT('',(-63.4981537770214,-24.6072808117613,24.6003279452436));
#13763=CARTESIAN_POINT('Origin',(-63.4981537770273,-24.6072808117672,22.5996720547564));
#13764=CARTESIAN_POINT('',(-62.7910469958408,-25.3143875929537,22.5996720547564));
#13765=CARTESIAN_POINT('',(-57.4872081715563,-20.0105487686693,22.6000450418487));
#13766=CARTESIAN_POINT('',(-63.4981537770273,-24.6072808117672,22.5996720547564));
#13767=CARTESIAN_POINT('',(-58.1943149527428,-19.3034419874827,22.6000450418487));
#13768=CARTESIAN_POINT('',(-63.4981537770273,-24.6072808117672,22.5996720547564));
#13769=CARTESIAN_POINT('Origin',(-63.498188950552,-24.6073159852919,23.6));
#13770=CARTESIAN_POINT('Origin',(-62.7910821693655,-25.3144227664784,23.6));
#13771=CARTESIAN_POINT('Origin',(-63.498188950552,-24.6073159852919,23.6));
#13772=CARTESIAN_POINT('Origin',(-63.498188950552,-24.6073159852919,23.6));
#13773=CARTESIAN_POINT('',(-25.3143875929537,-62.7910469958408,22.5996720547564));
#13774=CARTESIAN_POINT('Origin',(-25.3144227664784,-62.7910821693655,23.6));
#13775=CARTESIAN_POINT('',(-24.6072808117672,-63.4981537770273,22.5996720547564));
#13776=CARTESIAN_POINT('Origin',(-24.6073159852919,-63.498188950552,23.6));
#13777=CARTESIAN_POINT('',(-63.4981537770273,-24.6072808117672,22.5996720547564));
#13778=CARTESIAN_POINT('Origin',(-63.4981537770273,-24.6072808117672,22.5996720547564));
#13779=CARTESIAN_POINT('',(-20.0113610107167,-57.4880204136038,22.6000449847286));
#13780=CARTESIAN_POINT('',(-19.3042542295302,-58.1951271947903,22.6000449847286));
#13781=CARTESIAN_POINT('Origin',(-58.8348197286267,-19.9439467633666,11.5999999999724));
#13782=CARTESIAN_POINT('',(-58.1276777854408,-20.6510183825538,12.5999999984729));
#13783=CARTESIAN_POINT('',(-58.1276777854462,-20.6510183825592,10.6000000014719));
#13784=CARTESIAN_POINT('Origin',(-58.1277129474402,-20.6510535445531,11.5999999999724));
#13785=CARTESIAN_POINT('',(-58.8347845666274,-19.9439116013672,12.5999999984729));
#13786=CARTESIAN_POINT('',(-58.8347845666274,-19.9439116013672,12.5999999984729));
#13787=CARTESIAN_POINT('',(-58.8347845666327,-19.9439116013726,10.6000000014719));
#13788=CARTESIAN_POINT('Origin',(-58.8348197286267,-19.9439467633666,11.5999999999724));
#13789=CARTESIAN_POINT('',(-58.8347845666327,-19.9439116013726,10.6000000014719));
#13790=CARTESIAN_POINT('Origin',(-58.8348197286267,-19.9439467633666,11.5999999999724));
#13791=CARTESIAN_POINT('',(-20.6510183825591,-58.1276777854462,10.6000000014719));
#13792=CARTESIAN_POINT('',(-20.6510183825538,-58.1276777854408,12.5999999984729));
#13793=CARTESIAN_POINT('Origin',(-20.6510535445531,-58.1277129474402,11.5999999999724));
#13794=CARTESIAN_POINT('',(-19.9439116013726,-58.8347845666327,10.6000000014719));
#13795=CARTESIAN_POINT('',(-58.8347845666327,-19.9439116013726,10.6000000014719));
#13796=CARTESIAN_POINT('',(-19.9439116013672,-58.8347845666274,12.5999999984729));
#13797=CARTESIAN_POINT('Origin',(-19.9439467633666,-58.8348197286267,11.5999999999724));
#13798=CARTESIAN_POINT('',(-58.8347845666274,-19.9439116013672,12.5999999984729));
#13799=CARTESIAN_POINT('Origin',(-58.8347845666273,-19.9439116013672,12.5999999984729));
#13800=CARTESIAN_POINT('',(-62.7910469958348,-25.3143875929478,12.6003279452436));
#13801=CARTESIAN_POINT('',(-55.1568104954377,-17.6801510925507,12.5997910752051));
#13802=CARTESIAN_POINT('',(-63.4981537770214,-24.6072808117613,12.6003279452436));
#13803=CARTESIAN_POINT('',(-63.4981537770214,-24.6072808117613,12.6003279452436));
#13804=CARTESIAN_POINT('',(-55.8639172766242,-16.9730443113641,12.5997910752051));
#13805=CARTESIAN_POINT('Origin',(-58.8347845666273,-19.9439116013672,12.5999999984729));
#13806=CARTESIAN_POINT('',(-25.3143875929478,-62.7910469958348,12.6003279452436));
#13807=CARTESIAN_POINT('',(-17.6793388503665,-55.1559982532536,12.599791018085));
#13808=CARTESIAN_POINT('',(-24.6072808117613,-63.4981537770214,12.6003279452436));
#13809=CARTESIAN_POINT('',(-16.97223206918,-55.8631050344401,12.599791018085));
#13810=CARTESIAN_POINT('',(-63.4981537770214,-24.6072808117613,12.6003279452436));
#13811=CARTESIAN_POINT('Origin',(-63.4981537770273,-24.6072808117672,10.5996720547564));
#13812=CARTESIAN_POINT('',(-62.7910469958408,-25.3143875929537,10.5996720547564));
#13813=CARTESIAN_POINT('',(-57.4869971995959,-20.0103377967089,10.6000450566851));
#13814=CARTESIAN_POINT('',(-63.4981537770273,-24.6072808117672,10.5996720547564));
#13815=CARTESIAN_POINT('',(-58.1941039807824,-19.3032310155223,10.6000450566851));
#13816=CARTESIAN_POINT('',(-63.4981537770273,-24.6072808117672,10.5996720547564));
#13817=CARTESIAN_POINT('Origin',(-63.498188950552,-24.6073159852919,11.6));
#13818=CARTESIAN_POINT('Origin',(-62.7910821693655,-25.3144227664784,11.6));
#13819=CARTESIAN_POINT('Origin',(-63.498188950552,-24.6073159852919,11.6));
#13820=CARTESIAN_POINT('Origin',(-63.498188950552,-24.6073159852919,11.6));
#13821=CARTESIAN_POINT('',(-25.3143875929537,-62.7910469958408,10.5996720547564));
#13822=CARTESIAN_POINT('Origin',(-25.3144227664784,-62.7910821693655,11.6));
#13823=CARTESIAN_POINT('',(-24.6072808117672,-63.4981537770273,10.5996720547564));
#13824=CARTESIAN_POINT('Origin',(-24.6073159852919,-63.498188950552,11.6));
#13825=CARTESIAN_POINT('',(-63.4981537770273,-24.6072808117672,10.5996720547564));
#13826=CARTESIAN_POINT('Origin',(-63.4981537770273,-24.6072808117672,10.5996720547564));
#13827=CARTESIAN_POINT('',(-20.0111500387564,-57.4878094416434,10.600044999565));
#13828=CARTESIAN_POINT('',(-19.3040432575698,-58.1949162228299,10.600044999565));
#13829=CARTESIAN_POINT('Origin',(-58.8348197286267,-19.9439467633666,14.5999999999724));
#13830=CARTESIAN_POINT('',(-58.1276777854408,-20.6510183825538,15.5999999984729));
#13831=CARTESIAN_POINT('',(-58.1276777854462,-20.6510183825592,13.6000000014719));
#13832=CARTESIAN_POINT('Origin',(-58.1277129474402,-20.6510535445531,14.5999999999724));
#13833=CARTESIAN_POINT('',(-58.8347845666274,-19.9439116013672,15.5999999984729));
#13834=CARTESIAN_POINT('',(-58.8347845666274,-19.9439116013672,15.5999999984729));
#13835=CARTESIAN_POINT('',(-58.8347845666327,-19.9439116013726,13.6000000014719));
#13836=CARTESIAN_POINT('Origin',(-58.8348197286267,-19.9439467633666,14.5999999999724));
#13837=CARTESIAN_POINT('',(-58.8347845666327,-19.9439116013726,13.6000000014719));
#13838=CARTESIAN_POINT('Origin',(-58.8348197286267,-19.9439467633666,14.5999999999724));
#13839=CARTESIAN_POINT('',(-20.6510183825591,-58.1276777854462,13.6000000014719));
#13840=CARTESIAN_POINT('',(-20.6510183825538,-58.1276777854408,15.5999999984729));
#13841=CARTESIAN_POINT('Origin',(-20.6510535445531,-58.1277129474402,14.5999999999724));
#13842=CARTESIAN_POINT('',(-19.9439116013726,-58.8347845666327,13.6000000014719));
#13843=CARTESIAN_POINT('',(-58.8347845666327,-19.9439116013726,13.6000000014719));
#13844=CARTESIAN_POINT('',(-19.9439116013672,-58.8347845666274,15.5999999984729));
#13845=CARTESIAN_POINT('Origin',(-19.9439467633666,-58.8348197286267,14.5999999999724));
#13846=CARTESIAN_POINT('',(-58.8347845666274,-19.9439116013672,15.5999999984729));
#13847=CARTESIAN_POINT('Origin',(-58.8347845666273,-19.9439116013672,15.5999999984729));
#13848=CARTESIAN_POINT('',(-62.7910469958348,-25.3143875929478,15.6003279452436));
#13849=CARTESIAN_POINT('',(-55.1567577524387,-17.6800983495517,15.599791071496));
#13850=CARTESIAN_POINT('',(-63.4981537770214,-24.6072808117613,15.6003279452436));
#13851=CARTESIAN_POINT('',(-63.4981537770214,-24.6072808117613,15.6003279452436));
#13852=CARTESIAN_POINT('',(-55.8638645336253,-16.9729915683652,15.599791071496));
#13853=CARTESIAN_POINT('Origin',(-58.8347845666273,-19.9439116013672,15.5999999984729));
#13854=CARTESIAN_POINT('',(-25.3143875929478,-62.7910469958348,15.6003279452436));
#13855=CARTESIAN_POINT('',(-17.6792861073676,-55.1559455102546,15.5997910143759));
#13856=CARTESIAN_POINT('',(-24.6072808117613,-63.4981537770214,15.6003279452436));
#13857=CARTESIAN_POINT('',(-16.972179326181,-55.8630522914412,15.5997910143759));
#13858=CARTESIAN_POINT('',(-63.4981537770214,-24.6072808117613,15.6003279452436));
#13859=CARTESIAN_POINT('Origin',(-63.4981537770273,-24.6072808117672,13.5996720547564));
#13860=CARTESIAN_POINT('',(-62.7910469958408,-25.3143875929537,13.5996720547564));
#13861=CARTESIAN_POINT('',(-57.487049942586,-20.010390539699,13.600045052976));
#13862=CARTESIAN_POINT('',(-63.4981537770273,-24.6072808117672,13.5996720547564));
#13863=CARTESIAN_POINT('',(-58.1941567237725,-19.3032837585124,13.600045052976));
#13864=CARTESIAN_POINT('',(-63.4981537770273,-24.6072808117672,13.5996720547564));
#13865=CARTESIAN_POINT('Origin',(-63.498188950552,-24.6073159852919,14.6));
#13866=CARTESIAN_POINT('Origin',(-62.7910821693655,-25.3144227664784,14.6));
#13867=CARTESIAN_POINT('Origin',(-63.498188950552,-24.6073159852919,14.6));
#13868=CARTESIAN_POINT('Origin',(-63.498188950552,-24.6073159852919,14.6));
#13869=CARTESIAN_POINT('',(-25.3143875929537,-62.7910469958408,13.5996720547564));
#13870=CARTESIAN_POINT('Origin',(-25.3144227664784,-62.7910821693655,14.6));
#13871=CARTESIAN_POINT('',(-24.6072808117672,-63.4981537770273,13.5996720547564));
#13872=CARTESIAN_POINT('Origin',(-24.6073159852919,-63.498188950552,14.6));
#13873=CARTESIAN_POINT('',(-63.4981537770273,-24.6072808117672,13.5996720547564));
#13874=CARTESIAN_POINT('Origin',(-63.4981537770273,-24.6072808117672,13.5996720547564));
#13875=CARTESIAN_POINT('',(-20.0112027817465,-57.4878621846335,13.6000449958559));
#13876=CARTESIAN_POINT('',(-19.3040960005599,-58.19496896582,13.6000449958559));
#13877=CARTESIAN_POINT('Origin',(-58.8348197286267,-19.9439467633666,26.5999999999724));
#13878=CARTESIAN_POINT('',(-58.1276777854408,-20.6510183825538,27.5999999984729));
#13879=CARTESIAN_POINT('',(-58.1276777854454,-20.6510183825584,25.6000000014719));
#13880=CARTESIAN_POINT('Origin',(-58.1277129474402,-20.6510535445531,26.5999999999724));
#13881=CARTESIAN_POINT('',(-58.8347845666274,-19.9439116013672,27.5999999984729));
#13882=CARTESIAN_POINT('',(-58.8347845666274,-19.9439116013672,27.5999999984729));
#13883=CARTESIAN_POINT('',(-58.8347845666319,-19.9439116013718,25.6000000014719));
#13884=CARTESIAN_POINT('Origin',(-58.8348197286267,-19.9439467633666,26.5999999999724));
#13885=CARTESIAN_POINT('',(-58.8347845666319,-19.9439116013718,25.6000000014719));
#13886=CARTESIAN_POINT('Origin',(-58.8348197286267,-19.9439467633666,26.5999999999724));
#13887=CARTESIAN_POINT('',(-20.6510183825584,-58.1276777854454,25.6000000014719));
#13888=CARTESIAN_POINT('',(-20.6510183825538,-58.1276777854408,27.5999999984729));
#13889=CARTESIAN_POINT('Origin',(-20.6510535445531,-58.1277129474402,26.5999999999724));
#13890=CARTESIAN_POINT('',(-19.9439116013718,-58.8347845666319,25.6000000014719));
#13891=CARTESIAN_POINT('',(-58.8347845666319,-19.9439116013718,25.6000000014719));
#13892=CARTESIAN_POINT('',(-19.9439116013672,-58.8347845666274,27.5999999984729));
#13893=CARTESIAN_POINT('Origin',(-19.9439467633666,-58.8348197286267,26.5999999999724));
#13894=CARTESIAN_POINT('',(-58.8347845666274,-19.9439116013672,27.5999999984729));
#13895=CARTESIAN_POINT('Origin',(-58.8347845666273,-19.9439116013672,27.5999999984729));
#13896=CARTESIAN_POINT('',(-62.7910469958348,-25.3143875929478,27.6003279452436));
#13897=CARTESIAN_POINT('',(-55.1565467804429,-17.6798873775558,27.5997910566597));
#13898=CARTESIAN_POINT('',(-63.4981537770214,-24.6072808117613,27.6003279452436));
#13899=CARTESIAN_POINT('',(-63.4981537770214,-24.6072808117613,27.6003279452436));
#13900=CARTESIAN_POINT('',(-55.8636535616294,-16.9727805963693,27.5997910566597));
#13901=CARTESIAN_POINT('Origin',(-58.8347845666273,-19.9439116013672,27.5999999984729));
#13902=CARTESIAN_POINT('',(-25.3143875929478,-62.7910469958348,27.6003279452436));
#13903=CARTESIAN_POINT('',(-17.6790751353717,-55.1557345382587,27.5997909995395));
#13904=CARTESIAN_POINT('',(-24.6072808117613,-63.4981537770214,27.6003279452436));
#13905=CARTESIAN_POINT('',(-16.9719683541852,-55.8628413194453,27.5997909995395));
#13906=CARTESIAN_POINT('',(-63.4981537770214,-24.6072808117613,27.6003279452436));
#13907=CARTESIAN_POINT('Origin',(-63.4981537770273,-24.6072808117672,25.5996720547564));
#13908=CARTESIAN_POINT('',(-62.7910469958408,-25.3143875929537,25.5996720547564));
#13909=CARTESIAN_POINT('',(-57.4872609145464,-20.0106015116594,25.6000450381396));
#13910=CARTESIAN_POINT('',(-63.4981537770273,-24.6072808117672,25.5996720547564));
#13911=CARTESIAN_POINT('',(-58.1943676957329,-19.3034947304728,25.6000450381396));
#13912=CARTESIAN_POINT('',(-63.4981537770273,-24.6072808117672,25.5996720547564));
#13913=CARTESIAN_POINT('Origin',(-63.498188950552,-24.6073159852919,26.6));
#13914=CARTESIAN_POINT('Origin',(-62.7910821693655,-25.3144227664784,26.6));
#13915=CARTESIAN_POINT('Origin',(-63.498188950552,-24.6073159852919,26.6));
#13916=CARTESIAN_POINT('Origin',(-63.498188950552,-24.6073159852919,26.6));
#13917=CARTESIAN_POINT('',(-25.3143875929537,-62.7910469958408,25.5996720547564));
#13918=CARTESIAN_POINT('Origin',(-25.3144227664784,-62.7910821693655,26.6));
#13919=CARTESIAN_POINT('',(-24.6072808117672,-63.4981537770273,25.5996720547564));
#13920=CARTESIAN_POINT('Origin',(-24.6073159852919,-63.498188950552,26.6));
#13921=CARTESIAN_POINT('',(-63.4981537770273,-24.6072808117672,25.5996720547564));
#13922=CARTESIAN_POINT('Origin',(-63.4981537770273,-24.6072808117672,25.5996720547564));
#13923=CARTESIAN_POINT('',(-20.0114137537068,-57.4880731565939,25.6000449810195));
#13924=CARTESIAN_POINT('',(-19.3043069725203,-58.1951799377804,25.6000449810195));
#13925=CARTESIAN_POINT('Origin',(-56.2892353163551,-17.398362351095,41.6));
#13926=CARTESIAN_POINT('',(-55.5821285351686,-18.1054691322816,40.600000000021));
#13927=CARTESIAN_POINT('',(-55.5821285351686,-18.1054691322816,42.5999999999789));
#13928=CARTESIAN_POINT('Origin',(-55.5821285351686,-18.1054691322816,41.6));
#13929=CARTESIAN_POINT('',(-56.2892353163551,-17.398362351095,40.600000000021));
#13930=CARTESIAN_POINT('',(-56.2892353163551,-17.398362351095,40.600000000021));
#13931=CARTESIAN_POINT('',(-56.2892353163551,-17.398362351095,42.5999999999789));
#13932=CARTESIAN_POINT('Origin',(-56.2892353163551,-17.398362351095,41.6));
#13933=CARTESIAN_POINT('',(-56.2892353163551,-17.398362351095,42.5999999999789));
#13934=CARTESIAN_POINT('Origin',(-56.2892353163551,-17.398362351095,41.6));
#13935=CARTESIAN_POINT('',(-18.1054691322815,-55.5821285351686,42.5999999999789));
#13936=CARTESIAN_POINT('',(-18.1054691322815,-55.5821285351686,40.600000000021));
#13937=CARTESIAN_POINT('Origin',(-18.1054691322815,-55.5821285351686,41.6));
#13938=CARTESIAN_POINT('',(-17.398362351095,-56.2892353163551,42.5999999999789));
#13939=CARTESIAN_POINT('',(-56.2892353163551,-17.398362351095,42.5999999999789));
#13940=CARTESIAN_POINT('',(-17.398362351095,-56.2892353163551,40.600000000021));
#13941=CARTESIAN_POINT('Origin',(-17.398362351095,-56.2892353163551,41.6));
#13942=CARTESIAN_POINT('',(-56.2892353163551,-17.398362351095,40.600000000021));
#13943=CARTESIAN_POINT('Origin',(-56.2892353163551,-17.398362351095,40.600000000021));
#13944=CARTESIAN_POINT('',(-54.4083312783989,-16.9316718755119,40.600000000021));
#13945=CARTESIAN_POINT('',(-53.883304493368,-16.4066450904809,40.600000000021));
#13946=CARTESIAN_POINT('',(-55.1154380595855,-16.2245650943253,40.600000000021));
#13947=CARTESIAN_POINT('',(-55.1154380595855,-16.2245650943253,40.600000000021));
#13948=CARTESIAN_POINT('',(-54.5904112745545,-15.6995383092944,40.600000000021));
#13949=CARTESIAN_POINT('Origin',(-56.2892353163551,-17.398362351095,40.600000000021));
#13950=CARTESIAN_POINT('',(-16.9316718755119,-54.4083312783989,40.600000000021));
#13951=CARTESIAN_POINT('',(-16.4066450904807,-53.8833044933678,40.600000000021));
#13952=CARTESIAN_POINT('',(-16.2245650943253,-55.1154380595855,40.600000000021));
#13953=CARTESIAN_POINT('',(-15.6995383092942,-54.5904112745543,40.600000000021));
#13954=CARTESIAN_POINT('',(-55.1154380595855,-16.2245650943253,40.600000000021));
#13955=CARTESIAN_POINT('Origin',(-55.1154380595855,-16.2245650943253,42.5999999999789));
#13956=CARTESIAN_POINT('',(-54.4083312783989,-16.9316718755119,42.5999999999789));
#13957=CARTESIAN_POINT('',(-53.2964058649931,-15.8197464621061,42.599999999975));
#13958=CARTESIAN_POINT('',(-55.1154380595854,-16.2245650943253,42.5999999999789));
#13959=CARTESIAN_POINT('',(-54.0035126461797,-15.1126396809195,42.599999999975));
#13960=CARTESIAN_POINT('',(-55.1154380595854,-16.2245650943253,42.5999999999789));
#13961=CARTESIAN_POINT('Origin',(-55.1154380595855,-16.2245650943253,41.5999999999999));
#13962=CARTESIAN_POINT('Origin',(-54.4083312783989,-16.9316718755119,41.5999999999999));
#13963=CARTESIAN_POINT('Origin',(-55.1154380595855,-16.2245650943253,41.5999999999999));
#13964=CARTESIAN_POINT('Origin',(-55.1154380595855,-16.2245650943253,41.5999999999999));
#13965=CARTESIAN_POINT('',(-16.9316718755119,-54.4083312783989,42.5999999999789));
#13966=CARTESIAN_POINT('Origin',(-16.9316718755119,-54.4083312783989,41.5999999999999));
#13967=CARTESIAN_POINT('',(-16.2245650943253,-55.1154380595854,42.5999999999789));
#13968=CARTESIAN_POINT('Origin',(-16.2245650943253,-55.1154380595855,41.5999999999999));
#13969=CARTESIAN_POINT('',(-55.1154380595854,-16.2245650943253,42.5999999999789));
#13970=CARTESIAN_POINT('Origin',(-55.1154380595855,-16.2245650943253,42.5999999999789));
#13971=CARTESIAN_POINT('',(-15.819746462066,-53.2964058649531,42.599999999975));
#13972=CARTESIAN_POINT('',(-15.1126396808795,-54.0035126461396,42.599999999975));
#13973=CARTESIAN_POINT('Origin',(-55.1154380595882,-16.2245650943281,30.599999999962));
#13974=CARTESIAN_POINT('',(-55.5821285351713,-18.1054691322843,30.5999999999556));
#13975=CARTESIAN_POINT('',(-54.4083312784016,-16.9316718755146,30.599999999962));
#13976=CARTESIAN_POINT('',(-53.2964058649521,-15.819746462065,30.5999999999681));
#13977=CARTESIAN_POINT('',(-56.2892353163579,-17.3983623510978,30.5999999999556));
#13978=CARTESIAN_POINT('',(-56.2892353163579,-17.3983623510978,30.5999999999556));
#13979=CARTESIAN_POINT('',(-55.1154380595882,-16.2245650943281,30.599999999962));
#13980=CARTESIAN_POINT('',(-54.0035126461386,-15.1126396808785,30.5999999999681));
#13981=CARTESIAN_POINT('',(-55.1154380595882,-16.2245650943281,30.599999999962));
#13982=CARTESIAN_POINT('Origin',(-55.1154380595882,-16.2245650943281,30.599999999962));
#13983=CARTESIAN_POINT('',(-16.9316718755146,-54.4083312784016,30.599999999962));
#13984=CARTESIAN_POINT('',(-18.1054691322843,-55.5821285351713,30.5999999999556));
#13985=CARTESIAN_POINT('',(-15.8197464621284,-53.2964058650154,30.5999999999681));
#13986=CARTESIAN_POINT('',(-16.2245650943281,-55.1154380595882,30.599999999962));
#13987=CARTESIAN_POINT('',(-55.1154380595882,-16.2245650943281,30.599999999962));
#13988=CARTESIAN_POINT('',(-17.3983623510977,-56.2892353163579,30.5999999999556));
#13989=CARTESIAN_POINT('',(-15.1126396809418,-54.003512646202,30.5999999999681));
#13990=CARTESIAN_POINT('',(-56.2892353163579,-17.3983623510978,30.5999999999556));
#13991=CARTESIAN_POINT('Origin',(-56.2892353163551,-17.398362351095,29.5999999999554));
#13992=CARTESIAN_POINT('',(-55.5821285351658,-18.1054691322788,28.5999999999552));
#13993=CARTESIAN_POINT('Origin',(-55.5821285351686,-18.1054691322816,29.5999999999554));
#13994=CARTESIAN_POINT('',(-56.2892353163524,-17.3983623510923,28.5999999999552));
#13995=CARTESIAN_POINT('',(-56.2892353163524,-17.3983623510923,28.5999999999552));
#13996=CARTESIAN_POINT('Origin',(-56.2892353163551,-17.398362351095,29.5999999999554));
#13997=CARTESIAN_POINT('Origin',(-56.2892353163551,-17.398362351095,29.5999999999554));
#13998=CARTESIAN_POINT('',(-18.1054691322788,-55.5821285351658,28.5999999999552));
#13999=CARTESIAN_POINT('Origin',(-18.1054691322815,-55.5821285351686,29.5999999999554));
#14000=CARTESIAN_POINT('',(-17.3983623510922,-56.2892353163524,28.5999999999552));
#14001=CARTESIAN_POINT('Origin',(-17.398362351095,-56.2892353163551,29.5999999999554));
#14002=CARTESIAN_POINT('',(-56.2892353163524,-17.3983623510923,28.5999999999552));
#14003=CARTESIAN_POINT('Origin',(-55.1154380595855,-16.2245650943253,29.5999999999618));
#14004=CARTESIAN_POINT('',(-54.4083312783962,-16.9316718755092,28.5999999999617));
#14005=CARTESIAN_POINT('Origin',(-54.4083312783989,-16.9316718755119,29.5999999999618));
#14006=CARTESIAN_POINT('',(-55.1154380595827,-16.2245650943226,28.5999999999617));
#14007=CARTESIAN_POINT('Origin',(-55.1154380595855,-16.2245650943253,29.5999999999618));
#14008=CARTESIAN_POINT('',(-55.1154380595827,-16.2245650943226,28.5999999999617));
#14009=CARTESIAN_POINT('Origin',(-56.2892353163524,-17.3983623510923,28.5999999999552));
#14010=CARTESIAN_POINT('',(-53.8833044933315,-16.4066450904444,28.5999999999645));
#14011=CARTESIAN_POINT('',(-54.590411274518,-15.6995383092579,28.5999999999645));
#14012=CARTESIAN_POINT('Origin',(-56.2892353163524,-17.3983623510923,28.5999999999552));
#14013=CARTESIAN_POINT('',(-16.9316718755091,-54.4083312783962,28.5999999999617));
#14014=CARTESIAN_POINT('',(-16.4066450905077,-53.8833044933947,28.5999999999645));
#14015=CARTESIAN_POINT('',(-16.2245650943226,-55.1154380595827,28.5999999999617));
#14016=CARTESIAN_POINT('',(-15.6995383093212,-54.5904112745813,28.5999999999645));
#14017=CARTESIAN_POINT('',(-55.1154380595827,-16.2245650943226,28.5999999999617));
#14018=CARTESIAN_POINT('Origin',(-55.1154380595855,-16.2245650943253,29.5999999999618));
#14019=CARTESIAN_POINT('Origin',(-16.9316718755119,-54.4083312783989,29.5999999999618));
#14020=CARTESIAN_POINT('Origin',(-16.2245650943253,-55.1154380595855,29.5999999999618));
#14021=CARTESIAN_POINT('Origin',(-56.2892353163551,-17.398362351095,17.5999999999554));
#14022=CARTESIAN_POINT('',(-55.5821285351658,-18.1054691322788,16.5999999999552));
#14023=CARTESIAN_POINT('',(-55.5821285351713,-18.1054691322843,18.5999999999556));
#14024=CARTESIAN_POINT('Origin',(-55.5821285351686,-18.1054691322816,17.5999999999554));
#14025=CARTESIAN_POINT('',(-56.2892353163524,-17.3983623510923,16.5999999999552));
#14026=CARTESIAN_POINT('',(-56.2892353163524,-17.3983623510923,16.5999999999552));
#14027=CARTESIAN_POINT('',(-56.2892353163579,-17.3983623510978,18.5999999999556));
#14028=CARTESIAN_POINT('Origin',(-56.2892353163551,-17.398362351095,17.5999999999554));
#14029=CARTESIAN_POINT('',(-56.2892353163579,-17.3983623510978,18.5999999999556));
#14030=CARTESIAN_POINT('Origin',(-56.2892353163551,-17.398362351095,17.5999999999554));
#14031=CARTESIAN_POINT('',(-18.1054691322843,-55.5821285351713,18.5999999999556));
#14032=CARTESIAN_POINT('',(-18.1054691322788,-55.5821285351658,16.5999999999552));
#14033=CARTESIAN_POINT('Origin',(-18.1054691322815,-55.5821285351686,17.5999999999554));
#14034=CARTESIAN_POINT('',(-17.3983623510977,-56.2892353163579,18.5999999999556));
#14035=CARTESIAN_POINT('',(-56.2892353163579,-17.3983623510978,18.5999999999556));
#14036=CARTESIAN_POINT('',(-17.3983623510922,-56.2892353163524,16.5999999999552));
#14037=CARTESIAN_POINT('Origin',(-17.398362351095,-56.2892353163551,17.5999999999554));
#14038=CARTESIAN_POINT('',(-56.2892353163524,-17.3983623510923,16.5999999999552));
#14039=CARTESIAN_POINT('Origin',(-56.2892353163524,-17.3983623510923,16.5999999999552));
#14040=CARTESIAN_POINT('',(-54.4083312783962,-16.9316718755092,16.5999999999617));
#14041=CARTESIAN_POINT('',(-53.883304493315,-16.406645090428,16.5999999999645));
#14042=CARTESIAN_POINT('',(-55.1154380595827,-16.2245650943226,16.5999999999617));
#14043=CARTESIAN_POINT('',(-55.1154380595827,-16.2245650943226,16.5999999999617));
#14044=CARTESIAN_POINT('',(-54.5904112745016,-15.6995383092415,16.5999999999645));
#14045=CARTESIAN_POINT('Origin',(-56.2892353163524,-17.3983623510923,16.5999999999552));
#14046=CARTESIAN_POINT('',(-16.9316718755091,-54.4083312783962,16.5999999999617));
#14047=CARTESIAN_POINT('',(-16.4066450904913,-53.8833044933783,16.5999999999645));
#14048=CARTESIAN_POINT('',(-16.2245650943226,-55.1154380595827,16.5999999999617));
#14049=CARTESIAN_POINT('',(-15.6995383093047,-54.5904112745648,16.5999999999645));
#14050=CARTESIAN_POINT('',(-55.1154380595827,-16.2245650943226,16.5999999999617));
#14051=CARTESIAN_POINT('Origin',(-55.1154380595882,-16.2245650943281,18.599999999962));
#14052=CARTESIAN_POINT('',(-54.4083312784016,-16.9316718755146,18.599999999962));
#14053=CARTESIAN_POINT('',(-53.2964058649356,-15.8197464620486,18.5999999999681));
#14054=CARTESIAN_POINT('',(-55.1154380595882,-16.2245650943281,18.599999999962));
#14055=CARTESIAN_POINT('',(-54.0035126461222,-15.112639680862,18.5999999999681));
#14056=CARTESIAN_POINT('',(-55.1154380595882,-16.2245650943281,18.599999999962));
#14057=CARTESIAN_POINT('Origin',(-55.1154380595855,-16.2245650943253,17.5999999999618));
#14058=CARTESIAN_POINT('Origin',(-54.4083312783989,-16.9316718755119,17.5999999999618));
#14059=CARTESIAN_POINT('Origin',(-55.1154380595855,-16.2245650943253,17.5999999999618));
#14060=CARTESIAN_POINT('Origin',(-55.1154380595855,-16.2245650943253,17.5999999999618));
#14061=CARTESIAN_POINT('',(-16.9316718755146,-54.4083312784016,18.599999999962));
#14062=CARTESIAN_POINT('Origin',(-16.9316718755119,-54.4083312783989,17.5999999999618));
#14063=CARTESIAN_POINT('',(-16.2245650943281,-55.1154380595882,18.599999999962));
#14064=CARTESIAN_POINT('Origin',(-16.2245650943253,-55.1154380595855,17.5999999999618));
#14065=CARTESIAN_POINT('',(-55.1154380595882,-16.2245650943281,18.599999999962));
#14066=CARTESIAN_POINT('Origin',(-55.1154380595882,-16.2245650943281,18.599999999962));
#14067=CARTESIAN_POINT('',(-15.8197464621119,-53.296405864999,18.5999999999681));
#14068=CARTESIAN_POINT('',(-15.1126396809254,-54.0035126461855,18.5999999999681));
#14069=CARTESIAN_POINT('Origin',(-58.8348197286267,-19.9439467633666,36.6));
#14070=CARTESIAN_POINT('',(-62.7910821693655,-25.3144227664784,36.6));
#14071=CARTESIAN_POINT('',(-58.1277129474402,-20.6510535445531,36.6));
#14072=CARTESIAN_POINT('',(-55.1560966995037,-17.6794372966167,36.6));
#14073=CARTESIAN_POINT('',(-63.498188950552,-24.6073159852919,36.6));
#14074=CARTESIAN_POINT('',(-63.498188950552,-24.6073159852919,36.6));
#14075=CARTESIAN_POINT('',(-58.8348197286267,-19.9439467633666,36.6));
#14076=CARTESIAN_POINT('',(-55.8632034806903,-16.9723305154301,36.6));
#14077=CARTESIAN_POINT('',(-58.8348197286267,-19.9439467633666,36.6));
#14078=CARTESIAN_POINT('Origin',(-58.8348197286267,-19.9439467633666,36.6));
#14079=CARTESIAN_POINT('',(-20.6510535445531,-58.1277129474402,36.6));
#14080=CARTESIAN_POINT('',(-25.3144227664784,-62.7910821693655,36.6));
#14081=CARTESIAN_POINT('',(-17.6794372966166,-55.1560966995036,36.6));
#14082=CARTESIAN_POINT('',(-19.9439467633666,-58.8348197286267,36.6));
#14083=CARTESIAN_POINT('',(-58.8348197286267,-19.9439467633666,36.6));
#14084=CARTESIAN_POINT('',(-24.6073159852919,-63.498188950552,36.6));
#14085=CARTESIAN_POINT('',(-16.9723305154301,-55.8632034806902,36.6));
#14086=CARTESIAN_POINT('',(-63.498188950552,-24.6073159852919,36.6));
#14087=CARTESIAN_POINT('Origin',(-63.498188950552,-24.6073159852919,35.6));
#14088=CARTESIAN_POINT('',(-62.7910821693654,-25.3144227664784,34.6));
#14089=CARTESIAN_POINT('Origin',(-62.7910821693655,-25.3144227664784,35.6));
#14090=CARTESIAN_POINT('',(-63.498188950552,-24.6073159852919,34.6));
#14091=CARTESIAN_POINT('',(-63.498188950552,-24.6073159852919,34.6));
#14092=CARTESIAN_POINT('Origin',(-63.498188950552,-24.6073159852919,35.6));
#14093=CARTESIAN_POINT('Origin',(-63.498188950552,-24.6073159852919,35.6));
#14094=CARTESIAN_POINT('',(-25.3144227664784,-62.7910821693654,34.6));
#14095=CARTESIAN_POINT('Origin',(-25.3144227664784,-62.7910821693655,35.6));
#14096=CARTESIAN_POINT('',(-24.6073159852918,-63.498188950552,34.6));
#14097=CARTESIAN_POINT('Origin',(-24.6073159852919,-63.498188950552,35.6));
#14098=CARTESIAN_POINT('',(-63.498188950552,-24.6073159852919,34.6));
#14099=CARTESIAN_POINT('Origin',(-58.8348197286267,-19.9439467633666,35.6));
#14100=CARTESIAN_POINT('',(-58.1277129474402,-20.6510535445531,34.6));
#14101=CARTESIAN_POINT('Origin',(-58.1277129474402,-20.6510535445531,35.6));
#14102=CARTESIAN_POINT('',(-58.8348197286267,-19.9439467633666,34.6));
#14103=CARTESIAN_POINT('Origin',(-58.8348197286267,-19.9439467633666,35.6));
#14104=CARTESIAN_POINT('',(-58.8348197286267,-19.9439467633666,34.6));
#14105=CARTESIAN_POINT('Origin',(-63.498188950552,-24.6073159852919,34.6));
#14106=CARTESIAN_POINT('',(-57.4877813104664,-20.0111219075793,34.6));
#14107=CARTESIAN_POINT('',(-58.1948880916529,-19.3040151263928,34.6));
#14108=CARTESIAN_POINT('Origin',(-63.498188950552,-24.6073159852919,34.6));
#14109=CARTESIAN_POINT('',(-20.6510535445531,-58.1277129474402,34.6));
#14110=CARTESIAN_POINT('',(-20.0111219075792,-57.4877813104663,34.6));
#14111=CARTESIAN_POINT('',(-19.9439467633666,-58.8348197286267,34.6));
#14112=CARTESIAN_POINT('',(-19.3040151263927,-58.1948880916528,34.6));
#14113=CARTESIAN_POINT('',(-58.8348197286267,-19.9439467633666,34.6));
#14114=CARTESIAN_POINT('Origin',(-58.8348197286267,-19.9439467633666,35.6));
#14115=CARTESIAN_POINT('Origin',(-20.6510535445531,-58.1277129474402,35.6));
#14116=CARTESIAN_POINT('Origin',(-19.9439467633666,-58.8348197286267,35.6));
#14117=CARTESIAN_POINT('Origin',(-58.8348197286267,-19.9439467633666,48.6));
#14118=CARTESIAN_POINT('',(-62.7910821693655,-25.3144227664784,48.6));
#14119=CARTESIAN_POINT('',(-58.1277129474402,-20.6510535445531,48.6));
#14120=CARTESIAN_POINT('',(-55.1560966995037,-17.6794372966167,48.6));
#14121=CARTESIAN_POINT('',(-63.498188950552,-24.6073159852919,48.6));
#14122=CARTESIAN_POINT('',(-63.498188950552,-24.6073159852919,48.6));
#14123=CARTESIAN_POINT('',(-58.8348197286267,-19.9439467633666,48.6));
#14124=CARTESIAN_POINT('',(-55.8632034806902,-16.9723305154301,48.6));
#14125=CARTESIAN_POINT('',(-58.8348197286267,-19.9439467633666,48.6));
#14126=CARTESIAN_POINT('Origin',(-58.8348197286267,-19.9439467633666,48.6));
#14127=CARTESIAN_POINT('',(-20.6510535445531,-58.1277129474402,48.6));
#14128=CARTESIAN_POINT('',(-25.3144227664784,-62.7910821693655,48.6));
#14129=CARTESIAN_POINT('',(-17.6794372966166,-55.1560966995036,48.6));
#14130=CARTESIAN_POINT('',(-19.9439467633666,-58.8348197286267,48.6));
#14131=CARTESIAN_POINT('',(-58.8348197286267,-19.9439467633666,48.6));
#14132=CARTESIAN_POINT('',(-24.6073159852919,-63.498188950552,48.6));
#14133=CARTESIAN_POINT('',(-16.97233051543,-55.8632034806902,48.6));
#14134=CARTESIAN_POINT('',(-63.498188950552,-24.6073159852919,48.6));
#14135=CARTESIAN_POINT('Origin',(-63.498188950552,-24.6073159852919,47.6));
#14136=CARTESIAN_POINT('',(-62.7910821693654,-25.3144227664784,46.6));
#14137=CARTESIAN_POINT('Origin',(-62.7910821693655,-25.3144227664784,47.6));
#14138=CARTESIAN_POINT('',(-63.498188950552,-24.6073159852919,46.6));
#14139=CARTESIAN_POINT('',(-63.498188950552,-24.6073159852919,46.6));
#14140=CARTESIAN_POINT('Origin',(-63.498188950552,-24.6073159852919,47.6));
#14141=CARTESIAN_POINT('Origin',(-63.498188950552,-24.6073159852919,47.6));
#14142=CARTESIAN_POINT('',(-25.3144227664784,-62.7910821693654,46.6));
#14143=CARTESIAN_POINT('Origin',(-25.3144227664784,-62.7910821693655,47.6));
#14144=CARTESIAN_POINT('',(-24.6073159852918,-63.498188950552,46.6));
#14145=CARTESIAN_POINT('Origin',(-24.6073159852919,-63.498188950552,47.6));
#14146=CARTESIAN_POINT('',(-63.498188950552,-24.6073159852919,46.6));
#14147=CARTESIAN_POINT('Origin',(-58.8348197286267,-19.9439467633666,47.6));
#14148=CARTESIAN_POINT('',(-58.1277129474402,-20.6510535445531,46.6));
#14149=CARTESIAN_POINT('Origin',(-58.1277129474402,-20.6510535445531,47.6));
#14150=CARTESIAN_POINT('',(-58.8348197286267,-19.9439467633666,46.6));
#14151=CARTESIAN_POINT('Origin',(-58.8348197286267,-19.9439467633666,47.6));
#14152=CARTESIAN_POINT('',(-58.8348197286267,-19.9439467633666,46.6));
#14153=CARTESIAN_POINT('Origin',(-63.498188950552,-24.6073159852919,46.6));
#14154=CARTESIAN_POINT('',(-57.4877813104663,-20.0111219075793,46.6));
#14155=CARTESIAN_POINT('',(-58.1948880916529,-19.3040151263928,46.6));
#14156=CARTESIAN_POINT('Origin',(-63.498188950552,-24.6073159852919,46.6));
#14157=CARTESIAN_POINT('',(-20.6510535445531,-58.1277129474402,46.6));
#14158=CARTESIAN_POINT('',(-20.0111219075792,-57.4877813104662,46.6));
#14159=CARTESIAN_POINT('',(-19.9439467633666,-58.8348197286267,46.6));
#14160=CARTESIAN_POINT('',(-19.3040151263927,-58.1948880916528,46.6));
#14161=CARTESIAN_POINT('',(-58.8348197286267,-19.9439467633666,46.6));
#14162=CARTESIAN_POINT('Origin',(-58.8348197286267,-19.9439467633666,47.6));
#14163=CARTESIAN_POINT('Origin',(-20.6510535445531,-58.1277129474402,47.6));
#14164=CARTESIAN_POINT('Origin',(-19.9439467633666,-58.8348197286267,47.6));
#14165=CARTESIAN_POINT('Origin',(-58.8348197286267,-19.9439467633666,42.6));
#14166=CARTESIAN_POINT('',(-62.7910821693655,-25.3144227664784,42.6));
#14167=CARTESIAN_POINT('',(-58.1277129474402,-20.6510535445531,42.6));
#14168=CARTESIAN_POINT('',(-55.1560966995037,-17.6794372966167,42.6));
#14169=CARTESIAN_POINT('',(-63.498188950552,-24.6073159852919,42.6));
#14170=CARTESIAN_POINT('',(-63.498188950552,-24.6073159852919,42.6));
#14171=CARTESIAN_POINT('',(-58.8348197286267,-19.9439467633666,42.6));
#14172=CARTESIAN_POINT('',(-55.8632034806902,-16.9723305154301,42.6));
#14173=CARTESIAN_POINT('',(-58.8348197286267,-19.9439467633666,42.6));
#14174=CARTESIAN_POINT('Origin',(-58.8348197286267,-19.9439467633666,42.6));
#14175=CARTESIAN_POINT('',(-20.6510535445531,-58.1277129474402,42.6));
#14176=CARTESIAN_POINT('',(-25.3144227664784,-62.7910821693655,42.6));
#14177=CARTESIAN_POINT('',(-17.6794372966166,-55.1560966995036,42.6));
#14178=CARTESIAN_POINT('',(-19.9439467633666,-58.8348197286267,42.6));
#14179=CARTESIAN_POINT('',(-58.8348197286267,-19.9439467633666,42.6));
#14180=CARTESIAN_POINT('',(-24.6073159852919,-63.498188950552,42.6));
#14181=CARTESIAN_POINT('',(-16.9723305154301,-55.8632034806902,42.6));
#14182=CARTESIAN_POINT('',(-63.498188950552,-24.6073159852919,42.6));
#14183=CARTESIAN_POINT('Origin',(-63.498188950552,-24.6073159852919,41.6));
#14184=CARTESIAN_POINT('',(-62.7910821693654,-25.3144227664784,40.6));
#14185=CARTESIAN_POINT('Origin',(-62.7910821693655,-25.3144227664784,41.6));
#14186=CARTESIAN_POINT('',(-63.498188950552,-24.6073159852919,40.6));
#14187=CARTESIAN_POINT('',(-63.498188950552,-24.6073159852919,40.6));
#14188=CARTESIAN_POINT('Origin',(-63.498188950552,-24.6073159852919,41.6));
#14189=CARTESIAN_POINT('Origin',(-63.498188950552,-24.6073159852919,41.6));
#14190=CARTESIAN_POINT('',(-25.3144227664784,-62.7910821693654,40.6));
#14191=CARTESIAN_POINT('Origin',(-25.3144227664784,-62.7910821693655,41.6));
#14192=CARTESIAN_POINT('',(-24.6073159852918,-63.498188950552,40.6));
#14193=CARTESIAN_POINT('Origin',(-24.6073159852919,-63.498188950552,41.6));
#14194=CARTESIAN_POINT('',(-63.498188950552,-24.6073159852919,40.6));
#14195=CARTESIAN_POINT('Origin',(-58.8348197286267,-19.9439467633666,41.6));
#14196=CARTESIAN_POINT('',(-58.1277129474402,-20.6510535445531,40.6));
#14197=CARTESIAN_POINT('Origin',(-58.1277129474402,-20.6510535445531,41.6));
#14198=CARTESIAN_POINT('',(-58.8348197286267,-19.9439467633666,40.6));
#14199=CARTESIAN_POINT('Origin',(-58.8348197286267,-19.9439467633666,41.6));
#14200=CARTESIAN_POINT('',(-58.8348197286267,-19.9439467633666,40.6));
#14201=CARTESIAN_POINT('Origin',(-63.498188950552,-24.6073159852919,40.6));
#14202=CARTESIAN_POINT('',(-57.4877813104663,-20.0111219075793,40.6));
#14203=CARTESIAN_POINT('',(-58.1948880916529,-19.3040151263928,40.6));
#14204=CARTESIAN_POINT('Origin',(-63.498188950552,-24.6073159852919,40.6));
#14205=CARTESIAN_POINT('',(-20.6510535445531,-58.1277129474402,40.6));
#14206=CARTESIAN_POINT('',(-20.0111219075793,-57.4877813104663,40.6));
#14207=CARTESIAN_POINT('',(-19.9439467633666,-58.8348197286267,40.6));
#14208=CARTESIAN_POINT('',(-19.3040151263927,-58.1948880916528,40.6));
#14209=CARTESIAN_POINT('',(-58.8348197286267,-19.9439467633666,40.6));
#14210=CARTESIAN_POINT('Origin',(-58.8348197286267,-19.9439467633666,41.6));
#14211=CARTESIAN_POINT('Origin',(-20.6510535445531,-58.1277129474402,41.6));
#14212=CARTESIAN_POINT('Origin',(-19.9439467633666,-58.8348197286267,41.6));
#14213=CARTESIAN_POINT('Origin',(-56.2892353163551,-17.398362351095,11.5999999999554));
#14214=CARTESIAN_POINT('',(-55.5821285351658,-18.1054691322788,10.5999999999552));
#14215=CARTESIAN_POINT('',(-55.5821285351713,-18.1054691322843,12.5999999999556));
#14216=CARTESIAN_POINT('Origin',(-55.5821285351686,-18.1054691322816,11.5999999999554));
#14217=CARTESIAN_POINT('',(-56.2892353163524,-17.3983623510923,10.5999999999552));
#14218=CARTESIAN_POINT('',(-56.2892353163524,-17.3983623510923,10.5999999999552));
#14219=CARTESIAN_POINT('',(-56.2892353163579,-17.3983623510978,12.5999999999556));
#14220=CARTESIAN_POINT('Origin',(-56.2892353163551,-17.398362351095,11.5999999999554));
#14221=CARTESIAN_POINT('',(-56.2892353163579,-17.3983623510978,12.5999999999556));
#14222=CARTESIAN_POINT('Origin',(-56.2892353163551,-17.398362351095,11.5999999999554));
#14223=CARTESIAN_POINT('',(-18.1054691322843,-55.5821285351713,12.5999999999556));
#14224=CARTESIAN_POINT('',(-18.1054691322788,-55.5821285351658,10.5999999999552));
#14225=CARTESIAN_POINT('Origin',(-18.1054691322815,-55.5821285351686,11.5999999999554));
#14226=CARTESIAN_POINT('',(-17.3983623510977,-56.2892353163579,12.5999999999556));
#14227=CARTESIAN_POINT('',(-56.2892353163579,-17.3983623510978,12.5999999999556));
#14228=CARTESIAN_POINT('',(-17.3983623510922,-56.2892353163524,10.5999999999552));
#14229=CARTESIAN_POINT('Origin',(-17.398362351095,-56.2892353163551,11.5999999999554));
#14230=CARTESIAN_POINT('',(-56.2892353163524,-17.3983623510923,10.5999999999552));
#14231=CARTESIAN_POINT('Origin',(-56.2892353163524,-17.3983623510923,10.5999999999552));
#14232=CARTESIAN_POINT('',(-54.4083312783962,-16.9316718755092,10.5999999999617));
#14233=CARTESIAN_POINT('',(-53.8833044933068,-16.4066450904198,10.5999999999645));
#14234=CARTESIAN_POINT('',(-55.1154380595827,-16.2245650943226,10.5999999999617));
#14235=CARTESIAN_POINT('',(-55.1154380595827,-16.2245650943226,10.5999999999617));
#14236=CARTESIAN_POINT('',(-54.5904112744934,-15.6995383092332,10.5999999999645));
#14237=CARTESIAN_POINT('Origin',(-56.2892353163524,-17.3983623510923,10.5999999999552));
#14238=CARTESIAN_POINT('',(-16.9316718755091,-54.4083312783962,10.5999999999617));
#14239=CARTESIAN_POINT('',(-16.4066450904831,-53.8833044933701,10.5999999999645));
#14240=CARTESIAN_POINT('',(-16.2245650943226,-55.1154380595827,10.5999999999617));
#14241=CARTESIAN_POINT('',(-15.6995383092965,-54.5904112745566,10.5999999999645));
#14242=CARTESIAN_POINT('',(-55.1154380595827,-16.2245650943226,10.5999999999617));
#14243=CARTESIAN_POINT('Origin',(-55.1154380595882,-16.2245650943281,12.599999999962));
#14244=CARTESIAN_POINT('',(-54.4083312784016,-16.9316718755146,12.599999999962));
#14245=CARTESIAN_POINT('',(-53.2964058649274,-15.8197464620404,12.5999999999681));
#14246=CARTESIAN_POINT('',(-55.1154380595882,-16.2245650943281,12.599999999962));
#14247=CARTESIAN_POINT('',(-54.0035126461139,-15.1126396808538,12.5999999999681));
#14248=CARTESIAN_POINT('',(-55.1154380595882,-16.2245650943281,12.599999999962));
#14249=CARTESIAN_POINT('Origin',(-55.1154380595855,-16.2245650943253,11.5999999999618));
#14250=CARTESIAN_POINT('Origin',(-54.4083312783989,-16.9316718755119,11.5999999999618));
#14251=CARTESIAN_POINT('Origin',(-55.1154380595855,-16.2245650943253,11.5999999999618));
#14252=CARTESIAN_POINT('Origin',(-55.1154380595855,-16.2245650943253,11.5999999999618));
#14253=CARTESIAN_POINT('',(-16.9316718755146,-54.4083312784016,12.599999999962));
#14254=CARTESIAN_POINT('Origin',(-16.9316718755119,-54.4083312783989,11.5999999999618));
#14255=CARTESIAN_POINT('',(-16.2245650943281,-55.1154380595882,12.599999999962));
#14256=CARTESIAN_POINT('Origin',(-16.2245650943253,-55.1154380595855,11.5999999999618));
#14257=CARTESIAN_POINT('',(-55.1154380595882,-16.2245650943281,12.599999999962));
#14258=CARTESIAN_POINT('Origin',(-55.1154380595882,-16.2245650943281,12.599999999962));
#14259=CARTESIAN_POINT('',(-15.8197464621037,-53.2964058649907,12.5999999999681));
#14260=CARTESIAN_POINT('',(-15.1126396809172,-54.0035126461773,12.5999999999681));
#14261=CARTESIAN_POINT('Origin',(-56.2892353163551,-17.398362351095,23.5999999999554));
#14262=CARTESIAN_POINT('',(-55.5821285351658,-18.1054691322788,22.5999999999552));
#14263=CARTESIAN_POINT('',(-55.5821285351713,-18.1054691322843,24.5999999999556));
#14264=CARTESIAN_POINT('Origin',(-55.5821285351686,-18.1054691322816,23.5999999999554));
#14265=CARTESIAN_POINT('',(-56.2892353163524,-17.3983623510923,22.5999999999552));
#14266=CARTESIAN_POINT('',(-56.2892353163524,-17.3983623510923,22.5999999999552));
#14267=CARTESIAN_POINT('',(-56.2892353163579,-17.3983623510978,24.5999999999556));
#14268=CARTESIAN_POINT('Origin',(-56.2892353163551,-17.398362351095,23.5999999999554));
#14269=CARTESIAN_POINT('',(-56.2892353163579,-17.3983623510978,24.5999999999556));
#14270=CARTESIAN_POINT('Origin',(-56.2892353163551,-17.398362351095,23.5999999999554));
#14271=CARTESIAN_POINT('',(-18.1054691322843,-55.5821285351713,24.5999999999556));
#14272=CARTESIAN_POINT('',(-18.1054691322788,-55.5821285351658,22.5999999999552));
#14273=CARTESIAN_POINT('Origin',(-18.1054691322815,-55.5821285351686,23.5999999999554));
#14274=CARTESIAN_POINT('',(-17.3983623510977,-56.2892353163579,24.5999999999556));
#14275=CARTESIAN_POINT('',(-56.2892353163579,-17.3983623510978,24.5999999999556));
#14276=CARTESIAN_POINT('',(-17.3983623510922,-56.2892353163524,22.5999999999552));
#14277=CARTESIAN_POINT('Origin',(-17.398362351095,-56.2892353163551,23.5999999999554));
#14278=CARTESIAN_POINT('',(-56.2892353163524,-17.3983623510923,22.5999999999552));
#14279=CARTESIAN_POINT('Origin',(-56.2892353163524,-17.3983623510923,22.5999999999552));
#14280=CARTESIAN_POINT('',(-54.4083312783962,-16.9316718755092,22.5999999999617));
#14281=CARTESIAN_POINT('',(-53.8833044933233,-16.4066450904362,22.5999999999645));
#14282=CARTESIAN_POINT('',(-55.1154380595827,-16.2245650943226,22.5999999999617));
#14283=CARTESIAN_POINT('',(-55.1154380595827,-16.2245650943226,22.5999999999617));
#14284=CARTESIAN_POINT('',(-54.5904112745098,-15.6995383092497,22.5999999999645));
#14285=CARTESIAN_POINT('Origin',(-56.2892353163524,-17.3983623510923,22.5999999999552));
#14286=CARTESIAN_POINT('',(-16.9316718755091,-54.4083312783962,22.5999999999617));
#14287=CARTESIAN_POINT('',(-16.4066450904995,-53.8833044933865,22.5999999999645));
#14288=CARTESIAN_POINT('',(-16.2245650943226,-55.1154380595827,22.5999999999617));
#14289=CARTESIAN_POINT('',(-15.6995383093129,-54.5904112745731,22.5999999999645));
#14290=CARTESIAN_POINT('',(-55.1154380595827,-16.2245650943226,22.5999999999617));
#14291=CARTESIAN_POINT('Origin',(-55.1154380595882,-16.2245650943281,24.599999999962));
#14292=CARTESIAN_POINT('',(-54.4083312784016,-16.9316718755146,24.599999999962));
#14293=CARTESIAN_POINT('',(-53.2964058649438,-15.8197464620568,24.5999999999681));
#14294=CARTESIAN_POINT('',(-55.1154380595882,-16.2245650943281,24.599999999962));
#14295=CARTESIAN_POINT('',(-54.0035126461304,-15.1126396808703,24.5999999999681));
#14296=CARTESIAN_POINT('',(-55.1154380595882,-16.2245650943281,24.599999999962));
#14297=CARTESIAN_POINT('Origin',(-55.1154380595855,-16.2245650943253,23.5999999999618));
#14298=CARTESIAN_POINT('Origin',(-54.4083312783989,-16.9316718755119,23.5999999999618));
#14299=CARTESIAN_POINT('Origin',(-55.1154380595855,-16.2245650943253,23.5999999999618));
#14300=CARTESIAN_POINT('Origin',(-55.1154380595855,-16.2245650943253,23.5999999999618));
#14301=CARTESIAN_POINT('',(-16.9316718755146,-54.4083312784016,24.599999999962));
#14302=CARTESIAN_POINT('Origin',(-16.9316718755119,-54.4083312783989,23.5999999999618));
#14303=CARTESIAN_POINT('',(-16.2245650943281,-55.1154380595882,24.599999999962));
#14304=CARTESIAN_POINT('Origin',(-16.2245650943253,-55.1154380595855,23.5999999999618));
#14305=CARTESIAN_POINT('',(-55.1154380595882,-16.2245650943281,24.599999999962));
#14306=CARTESIAN_POINT('Origin',(-55.1154380595882,-16.2245650943281,24.599999999962));
#14307=CARTESIAN_POINT('',(-15.8197464621202,-53.2964058650072,24.5999999999681));
#14308=CARTESIAN_POINT('',(-15.1126396809336,-54.0035126461937,24.5999999999681));
#14309=CARTESIAN_POINT('Origin',(-56.2892353163551,-17.398362351095,35.6));
#14310=CARTESIAN_POINT('',(-55.5821285351686,-18.1054691322816,34.600000000021));
#14311=CARTESIAN_POINT('',(-55.5821285351686,-18.1054691322816,36.5999999999789));
#14312=CARTESIAN_POINT('Origin',(-55.5821285351686,-18.1054691322816,35.6));
#14313=CARTESIAN_POINT('',(-56.2892353163551,-17.398362351095,34.600000000021));
#14314=CARTESIAN_POINT('',(-56.2892353163551,-17.398362351095,34.600000000021));
#14315=CARTESIAN_POINT('',(-56.2892353163551,-17.398362351095,36.5999999999789));
#14316=CARTESIAN_POINT('Origin',(-56.2892353163551,-17.398362351095,35.6));
#14317=CARTESIAN_POINT('',(-56.2892353163551,-17.398362351095,36.5999999999789));
#14318=CARTESIAN_POINT('Origin',(-56.2892353163551,-17.398362351095,35.6));
#14319=CARTESIAN_POINT('',(-18.1054691322815,-55.5821285351686,36.5999999999789));
#14320=CARTESIAN_POINT('',(-18.1054691322815,-55.5821285351686,34.600000000021));
#14321=CARTESIAN_POINT('Origin',(-18.1054691322815,-55.5821285351686,35.6));
#14322=CARTESIAN_POINT('',(-17.398362351095,-56.2892353163551,36.5999999999789));
#14323=CARTESIAN_POINT('',(-56.2892353163551,-17.398362351095,36.5999999999789));
#14324=CARTESIAN_POINT('',(-17.398362351095,-56.2892353163551,34.600000000021));
#14325=CARTESIAN_POINT('Origin',(-17.398362351095,-56.2892353163551,35.6));
#14326=CARTESIAN_POINT('',(-56.2892353163551,-17.398362351095,34.600000000021));
#14327=CARTESIAN_POINT('Origin',(-56.2892353163551,-17.398362351095,34.600000000021));
#14328=CARTESIAN_POINT('',(-54.4083312783989,-16.9316718755119,34.600000000021));
#14329=CARTESIAN_POINT('',(-53.883304493368,-16.406645090481,34.600000000021));
#14330=CARTESIAN_POINT('',(-55.1154380595855,-16.2245650943253,34.600000000021));
#14331=CARTESIAN_POINT('',(-55.1154380595855,-16.2245650943253,34.600000000021));
#14332=CARTESIAN_POINT('',(-54.5904112745545,-15.6995383092944,34.600000000021));
#14333=CARTESIAN_POINT('Origin',(-56.2892353163551,-17.398362351095,34.600000000021));
#14334=CARTESIAN_POINT('',(-16.9316718755119,-54.4083312783989,34.600000000021));
#14335=CARTESIAN_POINT('',(-16.4066450904808,-53.8833044933678,34.600000000021));
#14336=CARTESIAN_POINT('',(-16.2245650943253,-55.1154380595855,34.600000000021));
#14337=CARTESIAN_POINT('',(-15.6995383092942,-54.5904112745543,34.600000000021));
#14338=CARTESIAN_POINT('',(-55.1154380595855,-16.2245650943253,34.600000000021));
#14339=CARTESIAN_POINT('Origin',(-55.1154380595855,-16.2245650943253,36.5999999999789));
#14340=CARTESIAN_POINT('',(-54.4083312783989,-16.9316718755119,36.5999999999789));
#14341=CARTESIAN_POINT('',(-53.2964058649983,-15.8197464621113,36.599999999975));
#14342=CARTESIAN_POINT('',(-55.1154380595854,-16.2245650943253,36.5999999999789));
#14343=CARTESIAN_POINT('',(-54.0035126461849,-15.1126396809248,36.599999999975));
#14344=CARTESIAN_POINT('',(-55.1154380595854,-16.2245650943253,36.5999999999789));
#14345=CARTESIAN_POINT('Origin',(-55.1154380595855,-16.2245650943253,35.5999999999999));
#14346=CARTESIAN_POINT('Origin',(-54.4083312783989,-16.9316718755119,35.5999999999999));
#14347=CARTESIAN_POINT('Origin',(-55.1154380595855,-16.2245650943253,35.5999999999999));
#14348=CARTESIAN_POINT('Origin',(-55.1154380595855,-16.2245650943253,35.5999999999999));
#14349=CARTESIAN_POINT('',(-16.9316718755119,-54.4083312783989,36.5999999999789));
#14350=CARTESIAN_POINT('Origin',(-16.9316718755119,-54.4083312783989,35.5999999999999));
#14351=CARTESIAN_POINT('',(-16.2245650943253,-55.1154380595854,36.5999999999789));
#14352=CARTESIAN_POINT('Origin',(-16.2245650943253,-55.1154380595855,35.5999999999999));
#14353=CARTESIAN_POINT('',(-55.1154380595854,-16.2245650943253,36.5999999999789));
#14354=CARTESIAN_POINT('Origin',(-55.1154380595855,-16.2245650943253,36.5999999999789));
#14355=CARTESIAN_POINT('',(-15.8197464620712,-53.2964058649582,36.599999999975));
#14356=CARTESIAN_POINT('',(-15.1126396808846,-54.0035126461448,36.599999999975));
#14357=CARTESIAN_POINT('Origin',(-56.2892353163551,-17.398362351095,47.6));
#14358=CARTESIAN_POINT('',(-55.5821285351686,-18.1054691322816,46.600000000021));
#14359=CARTESIAN_POINT('',(-55.5821285351686,-18.1054691322816,48.5999999999789));
#14360=CARTESIAN_POINT('Origin',(-55.5821285351686,-18.1054691322816,47.6));
#14361=CARTESIAN_POINT('',(-56.2892353163551,-17.398362351095,46.600000000021));
#14362=CARTESIAN_POINT('',(-56.2892353163551,-17.398362351095,46.600000000021));
#14363=CARTESIAN_POINT('',(-56.2892353163551,-17.398362351095,48.5999999999789));
#14364=CARTESIAN_POINT('Origin',(-56.2892353163551,-17.398362351095,47.6));
#14365=CARTESIAN_POINT('',(-56.2892353163551,-17.398362351095,48.5999999999789));
#14366=CARTESIAN_POINT('Origin',(-56.2892353163551,-17.398362351095,47.6));
#14367=CARTESIAN_POINT('',(-18.1054691322815,-55.5821285351686,48.5999999999789));
#14368=CARTESIAN_POINT('',(-18.1054691322815,-55.5821285351686,46.600000000021));
#14369=CARTESIAN_POINT('Origin',(-18.1054691322815,-55.5821285351686,47.6));
#14370=CARTESIAN_POINT('',(-17.398362351095,-56.2892353163551,48.5999999999789));
#14371=CARTESIAN_POINT('',(-56.2892353163551,-17.398362351095,48.5999999999789));
#14372=CARTESIAN_POINT('',(-17.398362351095,-56.2892353163551,46.600000000021));
#14373=CARTESIAN_POINT('Origin',(-17.398362351095,-56.2892353163551,47.6));
#14374=CARTESIAN_POINT('',(-56.2892353163551,-17.398362351095,46.600000000021));
#14375=CARTESIAN_POINT('Origin',(-56.2892353163551,-17.398362351095,46.600000000021));
#14376=CARTESIAN_POINT('',(-54.4083312783989,-16.9316718755119,46.600000000021));
#14377=CARTESIAN_POINT('',(-53.8833044933679,-16.4066450904809,46.600000000021));
#14378=CARTESIAN_POINT('',(-55.1154380595855,-16.2245650943253,46.600000000021));
#14379=CARTESIAN_POINT('',(-55.1154380595855,-16.2245650943253,46.600000000021));
#14380=CARTESIAN_POINT('',(-54.5904112745545,-15.6995383092944,46.600000000021));
#14381=CARTESIAN_POINT('Origin',(-56.2892353163551,-17.398362351095,46.600000000021));
#14382=CARTESIAN_POINT('',(-16.9316718755119,-54.4083312783989,46.600000000021));
#14383=CARTESIAN_POINT('',(-16.4066450904807,-53.8833044933677,46.600000000021));
#14384=CARTESIAN_POINT('',(-16.2245650943253,-55.1154380595855,46.600000000021));
#14385=CARTESIAN_POINT('',(-15.6995383092942,-54.5904112745543,46.600000000021));
#14386=CARTESIAN_POINT('',(-55.1154380595855,-16.2245650943253,46.600000000021));
#14387=CARTESIAN_POINT('Origin',(-55.1154380595855,-16.2245650943253,48.5999999999789));
#14388=CARTESIAN_POINT('',(-54.4083312783989,-16.9316718755119,48.5999999999789));
#14389=CARTESIAN_POINT('',(-53.2964058649879,-15.8197464621009,48.599999999975));
#14390=CARTESIAN_POINT('',(-55.1154380595854,-16.2245650943253,48.5999999999789));
#14391=CARTESIAN_POINT('',(-54.0035126461745,-15.1126396809144,48.599999999975));
#14392=CARTESIAN_POINT('',(-55.1154380595854,-16.2245650943253,48.5999999999789));
#14393=CARTESIAN_POINT('Origin',(-55.1154380595855,-16.2245650943253,47.5999999999999));
#14394=CARTESIAN_POINT('Origin',(-54.4083312783989,-16.9316718755119,47.5999999999999));
#14395=CARTESIAN_POINT('Origin',(-55.1154380595855,-16.2245650943253,47.5999999999999));
#14396=CARTESIAN_POINT('Origin',(-55.1154380595855,-16.2245650943253,47.5999999999999));
#14397=CARTESIAN_POINT('',(-16.9316718755119,-54.4083312783989,48.5999999999789));
#14398=CARTESIAN_POINT('Origin',(-16.9316718755119,-54.4083312783989,47.5999999999999));
#14399=CARTESIAN_POINT('',(-16.2245650943253,-55.1154380595854,48.5999999999789));
#14400=CARTESIAN_POINT('Origin',(-16.2245650943253,-55.1154380595855,47.5999999999999));
#14401=CARTESIAN_POINT('',(-55.1154380595854,-16.2245650943253,48.5999999999789));
#14402=CARTESIAN_POINT('Origin',(-55.1154380595855,-16.2245650943253,48.5999999999789));
#14403=CARTESIAN_POINT('',(-15.8197464620608,-53.2964058649478,48.599999999975));
#14404=CARTESIAN_POINT('',(-15.1126396808742,-54.0035126461343,48.599999999975));
#14405=CARTESIAN_POINT('Origin',(-58.8348197286267,-19.9439467633666,20.5999999999724));
#14406=CARTESIAN_POINT('',(-58.1276777854408,-20.6510183825538,21.5999999984729));
#14407=CARTESIAN_POINT('',(-58.1276777854478,-20.6510183825607,19.6000000014719));
#14408=CARTESIAN_POINT('Origin',(-58.1277129474402,-20.6510535445531,20.5999999999724));
#14409=CARTESIAN_POINT('',(-58.8347845666274,-19.9439116013672,21.5999999984729));
#14410=CARTESIAN_POINT('',(-58.8347845666274,-19.9439116013672,21.5999999984729));
#14411=CARTESIAN_POINT('',(-58.8347845666343,-19.9439116013742,19.6000000014719));
#14412=CARTESIAN_POINT('Origin',(-58.8348197286267,-19.9439467633666,20.5999999999724));
#14413=CARTESIAN_POINT('',(-58.8347845666343,-19.9439116013742,19.6000000014719));
#14414=CARTESIAN_POINT('Origin',(-58.8348197286267,-19.9439467633666,20.5999999999724));
#14415=CARTESIAN_POINT('',(-20.6510183825607,-58.1276777854478,19.6000000014719));
#14416=CARTESIAN_POINT('',(-20.6510183825538,-58.1276777854408,21.5999999984729));
#14417=CARTESIAN_POINT('Origin',(-20.6510535445531,-58.1277129474402,20.5999999999724));
#14418=CARTESIAN_POINT('',(-19.9439116013742,-58.8347845666343,19.6000000014719));
#14419=CARTESIAN_POINT('',(-58.8347845666343,-19.9439116013742,19.6000000014719));
#14420=CARTESIAN_POINT('',(-19.9439116013672,-58.8347845666274,21.5999999984729));
#14421=CARTESIAN_POINT('Origin',(-19.9439467633666,-58.8348197286267,20.5999999999724));
#14422=CARTESIAN_POINT('',(-58.8347845666274,-19.9439116013672,21.5999999984729));
#14423=CARTESIAN_POINT('Origin',(-58.8347845666273,-19.9439116013672,21.5999999984729));
#14424=CARTESIAN_POINT('',(-62.7910469958348,-25.3143875929478,21.6003279452436));
#14425=CARTESIAN_POINT('',(-55.1566522664408,-17.6799928635538,21.5997910640778));
#14426=CARTESIAN_POINT('',(-63.4981537770214,-24.6072808117613,21.6003279452436));
#14427=CARTESIAN_POINT('',(-63.4981537770214,-24.6072808117613,21.6003279452436));
#14428=CARTESIAN_POINT('',(-55.8637590476274,-16.9728860823672,21.5997910640778));
#14429=CARTESIAN_POINT('Origin',(-58.8347845666273,-19.9439116013672,21.5999999984729));
#14430=CARTESIAN_POINT('',(-25.3143875929478,-62.7910469958348,21.6003279452436));
#14431=CARTESIAN_POINT('',(-17.6791806213696,-55.1558400242567,21.5997910069577));
#14432=CARTESIAN_POINT('',(-24.6072808117613,-63.4981537770214,21.6003279452436));
#14433=CARTESIAN_POINT('',(-16.9720738401831,-55.8629468054432,21.5997910069577));
#14434=CARTESIAN_POINT('',(-63.4981537770214,-24.6072808117613,21.6003279452436));
#14435=CARTESIAN_POINT('Origin',(-63.4981537770273,-24.6072808117672,19.5996720547564));
#14436=CARTESIAN_POINT('',(-62.7910469958408,-25.3143875929537,19.5996720547564));
#14437=CARTESIAN_POINT('',(-57.4871554285662,-20.0104960256792,19.6000450455578));
#14438=CARTESIAN_POINT('',(-63.4981537770273,-24.6072808117672,19.5996720547564));
#14439=CARTESIAN_POINT('',(-58.1942622097527,-19.3033892444926,19.6000450455578));
#14440=CARTESIAN_POINT('',(-63.4981537770273,-24.6072808117672,19.5996720547564));
#14441=CARTESIAN_POINT('Origin',(-63.498188950552,-24.6073159852919,20.6));
#14442=CARTESIAN_POINT('Origin',(-62.7910821693655,-25.3144227664784,20.6));
#14443=CARTESIAN_POINT('Origin',(-63.498188950552,-24.6073159852919,20.6));
#14444=CARTESIAN_POINT('Origin',(-63.498188950552,-24.6073159852919,20.6));
#14445=CARTESIAN_POINT('',(-25.3143875929537,-62.7910469958408,19.5996720547564));
#14446=CARTESIAN_POINT('Origin',(-25.3144227664784,-62.7910821693655,20.6));
#14447=CARTESIAN_POINT('',(-24.6072808117672,-63.4981537770273,19.5996720547564));
#14448=CARTESIAN_POINT('Origin',(-24.6073159852919,-63.498188950552,20.6));
#14449=CARTESIAN_POINT('',(-63.4981537770273,-24.6072808117672,19.5996720547564));
#14450=CARTESIAN_POINT('Origin',(-63.4981537770273,-24.6072808117672,19.5996720547564));
#14451=CARTESIAN_POINT('',(-20.0113082677267,-57.4879676706137,19.6000449884377));
#14452=CARTESIAN_POINT('',(-19.3042014865401,-58.1950744518002,19.6000449884377));
#14453=CARTESIAN_POINT('Origin',(-58.8347845666273,-19.9439116013672,30.5999999984729));
#14454=CARTESIAN_POINT('',(-62.7910469958351,-25.3143875929481,30.6003279452436));
#14455=CARTESIAN_POINT('',(-58.1276777854408,-20.6510183825538,30.5999999984729));
#14456=CARTESIAN_POINT('',(-55.1564940374439,-17.6798346345569,30.5997910529506));
#14457=CARTESIAN_POINT('',(-63.4981537770216,-24.6072808117615,30.6003279452436));
#14458=CARTESIAN_POINT('',(-63.4981537770216,-24.6072808117615,30.6003279452436));
#14459=CARTESIAN_POINT('',(-58.8347845666274,-19.9439116013672,30.5999999984729));
#14460=CARTESIAN_POINT('',(-55.8636008186304,-16.9727278533703,30.5997910529506));
#14461=CARTESIAN_POINT('',(-58.8347845666274,-19.9439116013672,30.5999999984729));
#14462=CARTESIAN_POINT('Origin',(-58.8347845666273,-19.9439116013672,30.5999999984729));
#14463=CARTESIAN_POINT('',(-20.6510183825538,-58.1276777854408,30.5999999984729));
#14464=CARTESIAN_POINT('',(-25.3143875929481,-62.7910469958351,30.6003279452436));
#14465=CARTESIAN_POINT('',(-17.6790223923727,-55.1556817952598,30.5997909958304));
#14466=CARTESIAN_POINT('',(-19.9439116013672,-58.8347845666274,30.5999999984729));
#14467=CARTESIAN_POINT('',(-58.8347845666274,-19.9439116013672,30.5999999984729));
#14468=CARTESIAN_POINT('',(-24.6072808117615,-63.4981537770216,30.6003279452436));
#14469=CARTESIAN_POINT('',(-16.9719156111862,-55.8627885764463,30.5997909958304));
#14470=CARTESIAN_POINT('',(-63.4981537770216,-24.6072808117615,30.6003279452436));
#14471=CARTESIAN_POINT('Origin',(-63.498188950552,-24.6073159852919,29.6));
#14472=CARTESIAN_POINT('',(-62.7910469958408,-25.3143875929537,28.5996720547564));
#14473=CARTESIAN_POINT('Origin',(-62.7910821693655,-25.3144227664784,29.6));
#14474=CARTESIAN_POINT('',(-63.4981537770273,-24.6072808117672,28.5996720547564));
#14475=CARTESIAN_POINT('',(-63.4981537770273,-24.6072808117672,28.5996720547564));
#14476=CARTESIAN_POINT('Origin',(-63.498188950552,-24.6073159852919,29.6));
#14477=CARTESIAN_POINT('Origin',(-63.498188950552,-24.6073159852919,29.6));
#14478=CARTESIAN_POINT('',(-25.3143875929537,-62.7910469958408,28.5996720547564));
#14479=CARTESIAN_POINT('Origin',(-25.3144227664784,-62.7910821693655,29.6));
#14480=CARTESIAN_POINT('',(-24.6072808117672,-63.4981537770273,28.5996720547564));
#14481=CARTESIAN_POINT('Origin',(-24.6073159852919,-63.498188950552,29.6));
#14482=CARTESIAN_POINT('',(-63.4981537770273,-24.6072808117672,28.5996720547564));
#14483=CARTESIAN_POINT('Origin',(-58.8348197286267,-19.9439467633666,29.5999999999724));
#14484=CARTESIAN_POINT('',(-58.1276777854467,-20.6510183825597,28.600000001472));
#14485=CARTESIAN_POINT('Origin',(-58.1277129474402,-20.6510535445531,29.5999999999724));
#14486=CARTESIAN_POINT('',(-58.8347845666333,-19.9439116013732,28.600000001472));
#14487=CARTESIAN_POINT('Origin',(-58.8348197286267,-19.9439467633666,29.5999999999724));
#14488=CARTESIAN_POINT('',(-58.8347845666333,-19.9439116013732,28.600000001472));
#14489=CARTESIAN_POINT('Origin',(-63.4981537770273,-24.6072808117672,28.5996720547564));
#14490=CARTESIAN_POINT('',(-57.4873136575365,-20.0106542546495,28.6000450344305));
#14491=CARTESIAN_POINT('',(-58.194420438723,-19.3035474734629,28.6000450344305));
#14492=CARTESIAN_POINT('Origin',(-63.4981537770273,-24.6072808117672,28.5996720547564));
#14493=CARTESIAN_POINT('',(-20.6510183825597,-58.1276777854467,28.600000001472));
#14494=CARTESIAN_POINT('',(-20.0114664966969,-57.488125899584,28.6000449773104));
#14495=CARTESIAN_POINT('',(-19.9439116013731,-58.8347845666333,28.600000001472));
#14496=CARTESIAN_POINT('',(-19.3043597155104,-58.1952326807705,28.6000449773104));
#14497=CARTESIAN_POINT('',(-58.8347845666333,-19.9439116013732,28.600000001472));
#14498=CARTESIAN_POINT('Origin',(-58.8348197286267,-19.9439467633666,29.5999999999724));
#14499=CARTESIAN_POINT('Origin',(-20.6510535445531,-58.1277129474402,29.5999999999724));
#14500=CARTESIAN_POINT('Origin',(-19.9439467633666,-58.8348197286267,29.5999999999724));
#14501=CARTESIAN_POINT('Origin',(-58.8348197286267,-19.9439467633666,17.5999999999724));
#14502=CARTESIAN_POINT('',(-58.1276777854408,-20.6510183825538,18.5999999984729));
#14503=CARTESIAN_POINT('',(-58.1276777854462,-20.6510183825592,16.6000000014719));
#14504=CARTESIAN_POINT('Origin',(-58.1277129474402,-20.6510535445531,17.5999999999724));
#14505=CARTESIAN_POINT('',(-58.8347845666274,-19.9439116013672,18.5999999984729));
#14506=CARTESIAN_POINT('',(-58.8347845666274,-19.9439116013672,18.5999999984729));
#14507=CARTESIAN_POINT('',(-58.8347845666327,-19.9439116013726,16.6000000014719));
#14508=CARTESIAN_POINT('Origin',(-58.8348197286267,-19.9439467633666,17.5999999999724));
#14509=CARTESIAN_POINT('',(-58.8347845666327,-19.9439116013726,16.6000000014719));
#14510=CARTESIAN_POINT('Origin',(-58.8348197286267,-19.9439467633666,17.5999999999724));
#14511=CARTESIAN_POINT('',(-20.6510183825591,-58.1276777854462,16.6000000014719));
#14512=CARTESIAN_POINT('',(-20.6510183825538,-58.1276777854408,18.5999999984729));
#14513=CARTESIAN_POINT('Origin',(-20.6510535445531,-58.1277129474402,17.5999999999724));
#14514=CARTESIAN_POINT('',(-19.9439116013726,-58.8347845666327,16.6000000014719));
#14515=CARTESIAN_POINT('',(-58.8347845666327,-19.9439116013726,16.6000000014719));
#14516=CARTESIAN_POINT('',(-19.9439116013672,-58.8347845666274,18.5999999984729));
#14517=CARTESIAN_POINT('Origin',(-19.9439467633666,-58.8348197286267,17.5999999999724));
#14518=CARTESIAN_POINT('',(-58.8347845666274,-19.9439116013672,18.5999999984729));
#14519=CARTESIAN_POINT('Origin',(-58.8347845666273,-19.9439116013672,18.5999999984729));
#14520=CARTESIAN_POINT('',(-62.7910469958348,-25.3143875929478,18.6003279452436));
#14521=CARTESIAN_POINT('',(-55.1567050094398,-17.6800456065527,18.5997910677869));
#14522=CARTESIAN_POINT('',(-63.4981537770214,-24.6072808117613,18.6003279452436));
#14523=CARTESIAN_POINT('',(-63.4981537770214,-24.6072808117613,18.6003279452436));
#14524=CARTESIAN_POINT('',(-55.8638117906263,-16.9729388253662,18.5997910677869));
#14525=CARTESIAN_POINT('Origin',(-58.8347845666273,-19.9439116013672,18.5999999984729));
#14526=CARTESIAN_POINT('',(-25.3143875929478,-62.7910469958348,18.6003279452436));
#14527=CARTESIAN_POINT('',(-17.6792333643686,-55.1558927672556,18.5997910106668));
#14528=CARTESIAN_POINT('',(-24.6072808117613,-63.4981537770214,18.6003279452436));
#14529=CARTESIAN_POINT('',(-16.9721265831821,-55.8629995484422,18.5997910106668));
#14530=CARTESIAN_POINT('',(-63.4981537770214,-24.6072808117613,18.6003279452436));
#14531=CARTESIAN_POINT('Origin',(-63.4981537770273,-24.6072808117672,16.5996720547564));
#14532=CARTESIAN_POINT('',(-62.7910469958408,-25.3143875929537,16.5996720547564));
#14533=CARTESIAN_POINT('',(-57.4871026855761,-20.0104432826891,16.6000450492669));
#14534=CARTESIAN_POINT('',(-63.4981537770273,-24.6072808117672,16.5996720547564));
#14535=CARTESIAN_POINT('',(-58.1942094667626,-19.3033365015025,16.6000450492669));
#14536=CARTESIAN_POINT('',(-63.4981537770273,-24.6072808117672,16.5996720547564));
#14537=CARTESIAN_POINT('Origin',(-63.498188950552,-24.6073159852919,17.6));
#14538=CARTESIAN_POINT('Origin',(-62.7910821693655,-25.3144227664784,17.6));
#14539=CARTESIAN_POINT('Origin',(-63.498188950552,-24.6073159852919,17.6));
#14540=CARTESIAN_POINT('Origin',(-63.498188950552,-24.6073159852919,17.6));
#14541=CARTESIAN_POINT('',(-25.3143875929537,-62.7910469958408,16.5996720547564));
#14542=CARTESIAN_POINT('Origin',(-25.3144227664784,-62.7910821693655,17.6));
#14543=CARTESIAN_POINT('',(-24.6072808117672,-63.4981537770273,16.5996720547564));
#14544=CARTESIAN_POINT('Origin',(-24.6073159852919,-63.498188950552,17.6));
#14545=CARTESIAN_POINT('',(-63.4981537770273,-24.6072808117672,16.5996720547564));
#14546=CARTESIAN_POINT('Origin',(-63.4981537770273,-24.6072808117672,16.5996720547564));
#14547=CARTESIAN_POINT('',(-20.0112555247366,-57.4879149276236,16.6000449921468));
#14548=CARTESIAN_POINT('',(-19.30414874355,-58.1950217088101,16.6000449921468));
#14549=CARTESIAN_POINT('Origin',(-56.2892353163551,-17.398362351095,50.6));
#14550=CARTESIAN_POINT('',(-55.5821285351686,-18.1054691322816,49.600000000021));
#14551=CARTESIAN_POINT('',(-55.5821285351686,-18.1054691322816,51.5999999999789));
#14552=CARTESIAN_POINT('Origin',(-55.5821285351686,-18.1054691322816,50.6));
#14553=CARTESIAN_POINT('',(-56.2892353163551,-17.398362351095,49.600000000021));
#14554=CARTESIAN_POINT('',(-56.2892353163551,-17.398362351095,49.600000000021));
#14555=CARTESIAN_POINT('',(-56.2892353163551,-17.398362351095,51.5999999999789));
#14556=CARTESIAN_POINT('Origin',(-56.2892353163551,-17.398362351095,50.6));
#14557=CARTESIAN_POINT('',(-56.2892353163551,-17.398362351095,51.5999999999789));
#14558=CARTESIAN_POINT('Origin',(-56.2892353163551,-17.398362351095,50.6));
#14559=CARTESIAN_POINT('',(-18.1054691322815,-55.5821285351686,51.5999999999789));
#14560=CARTESIAN_POINT('',(-18.1054691322815,-55.5821285351686,49.600000000021));
#14561=CARTESIAN_POINT('Origin',(-18.1054691322815,-55.5821285351686,50.6));
#14562=CARTESIAN_POINT('',(-17.398362351095,-56.2892353163551,51.5999999999789));
#14563=CARTESIAN_POINT('',(-56.2892353163551,-17.398362351095,51.5999999999789));
#14564=CARTESIAN_POINT('',(-17.398362351095,-56.2892353163551,49.600000000021));
#14565=CARTESIAN_POINT('Origin',(-17.398362351095,-56.2892353163551,50.6));
#14566=CARTESIAN_POINT('',(-56.2892353163551,-17.398362351095,49.600000000021));
#14567=CARTESIAN_POINT('Origin',(-56.2892353163551,-17.398362351095,49.600000000021));
#14568=CARTESIAN_POINT('',(-54.4083312783989,-16.9316718755119,49.600000000021));
#14569=CARTESIAN_POINT('',(-53.8833044933679,-16.4066450904809,49.600000000021));
#14570=CARTESIAN_POINT('',(-55.1154380595855,-16.2245650943253,49.600000000021));
#14571=CARTESIAN_POINT('',(-55.1154380595855,-16.2245650943253,49.600000000021));
#14572=CARTESIAN_POINT('',(-54.5904112745545,-15.6995383092944,49.600000000021));
#14573=CARTESIAN_POINT('Origin',(-56.2892353163551,-17.398362351095,49.600000000021));
#14574=CARTESIAN_POINT('',(-16.9316718755119,-54.4083312783989,49.600000000021));
#14575=CARTESIAN_POINT('',(-16.4066450904807,-53.8833044933677,49.600000000021));
#14576=CARTESIAN_POINT('',(-16.2245650943253,-55.1154380595855,49.600000000021));
#14577=CARTESIAN_POINT('',(-15.6995383092942,-54.5904112745543,49.600000000021));
#14578=CARTESIAN_POINT('',(-55.1154380595855,-16.2245650943253,49.600000000021));
#14579=CARTESIAN_POINT('Origin',(-55.1154380595855,-16.2245650943253,51.5999999999789));
#14580=CARTESIAN_POINT('',(-54.4083312783989,-16.9316718755119,51.5999999999789));
#14581=CARTESIAN_POINT('',(-53.2964058649853,-15.8197464620983,51.599999999975));
#14582=CARTESIAN_POINT('',(-55.1154380595854,-16.2245650943253,51.5999999999789));
#14583=CARTESIAN_POINT('',(-54.0035126461719,-15.1126396809117,51.599999999975));
#14584=CARTESIAN_POINT('',(-55.1154380595854,-16.2245650943253,51.5999999999789));
#14585=CARTESIAN_POINT('Origin',(-55.1154380595855,-16.2245650943253,50.5999999999999));
#14586=CARTESIAN_POINT('Origin',(-54.4083312783989,-16.9316718755119,50.5999999999999));
#14587=CARTESIAN_POINT('Origin',(-55.1154380595855,-16.2245650943253,50.5999999999999));
#14588=CARTESIAN_POINT('Origin',(-55.1154380595855,-16.2245650943253,50.5999999999999));
#14589=CARTESIAN_POINT('',(-16.9316718755119,-54.4083312783989,51.5999999999789));
#14590=CARTESIAN_POINT('Origin',(-16.9316718755119,-54.4083312783989,50.5999999999999));
#14591=CARTESIAN_POINT('',(-16.2245650943253,-55.1154380595854,51.5999999999789));
#14592=CARTESIAN_POINT('Origin',(-16.2245650943253,-55.1154380595855,50.5999999999999));
#14593=CARTESIAN_POINT('',(-55.1154380595854,-16.2245650943253,51.5999999999789));
#14594=CARTESIAN_POINT('Origin',(-55.1154380595855,-16.2245650943253,51.5999999999789));
#14595=CARTESIAN_POINT('',(-15.8197464620582,-53.2964058649452,51.599999999975));
#14596=CARTESIAN_POINT('',(-15.1126396808716,-54.0035126461317,51.599999999975));
#14597=CARTESIAN_POINT('Origin',(-56.2892353163551,-17.398362351095,38.6));
#14598=CARTESIAN_POINT('',(-55.5821285351686,-18.1054691322816,37.600000000021));
#14599=CARTESIAN_POINT('',(-55.5821285351686,-18.1054691322816,39.5999999999789));
#14600=CARTESIAN_POINT('Origin',(-55.5821285351686,-18.1054691322816,38.6));
#14601=CARTESIAN_POINT('',(-56.2892353163551,-17.398362351095,37.600000000021));
#14602=CARTESIAN_POINT('',(-56.2892353163551,-17.398362351095,37.600000000021));
#14603=CARTESIAN_POINT('',(-56.2892353163551,-17.398362351095,39.5999999999789));
#14604=CARTESIAN_POINT('Origin',(-56.2892353163551,-17.398362351095,38.6));
#14605=CARTESIAN_POINT('',(-56.2892353163551,-17.398362351095,39.5999999999789));
#14606=CARTESIAN_POINT('Origin',(-56.2892353163551,-17.398362351095,38.6));
#14607=CARTESIAN_POINT('',(-18.1054691322815,-55.5821285351686,39.5999999999789));
#14608=CARTESIAN_POINT('',(-18.1054691322815,-55.5821285351686,37.600000000021));
#14609=CARTESIAN_POINT('Origin',(-18.1054691322815,-55.5821285351686,38.6));
#14610=CARTESIAN_POINT('',(-17.398362351095,-56.2892353163551,39.5999999999789));
#14611=CARTESIAN_POINT('',(-56.2892353163551,-17.398362351095,39.5999999999789));
#14612=CARTESIAN_POINT('',(-17.398362351095,-56.2892353163551,37.600000000021));
#14613=CARTESIAN_POINT('Origin',(-17.398362351095,-56.2892353163551,38.6));
#14614=CARTESIAN_POINT('',(-56.2892353163551,-17.398362351095,37.600000000021));
#14615=CARTESIAN_POINT('Origin',(-56.2892353163551,-17.398362351095,37.600000000021));
#14616=CARTESIAN_POINT('',(-54.4083312783989,-16.9316718755119,37.600000000021));
#14617=CARTESIAN_POINT('',(-53.883304493368,-16.4066450904809,37.600000000021));
#14618=CARTESIAN_POINT('',(-55.1154380595855,-16.2245650943253,37.600000000021));
#14619=CARTESIAN_POINT('',(-55.1154380595855,-16.2245650943253,37.600000000021));
#14620=CARTESIAN_POINT('',(-54.5904112745545,-15.6995383092944,37.600000000021));
#14621=CARTESIAN_POINT('Origin',(-56.2892353163551,-17.398362351095,37.600000000021));
#14622=CARTESIAN_POINT('',(-16.9316718755119,-54.4083312783989,37.600000000021));
#14623=CARTESIAN_POINT('',(-16.4066450904808,-53.8833044933678,37.600000000021));
#14624=CARTESIAN_POINT('',(-16.2245650943253,-55.1154380595855,37.600000000021));
#14625=CARTESIAN_POINT('',(-15.6995383092942,-54.5904112745543,37.600000000021));
#14626=CARTESIAN_POINT('',(-55.1154380595855,-16.2245650943253,37.600000000021));
#14627=CARTESIAN_POINT('Origin',(-55.1154380595855,-16.2245650943253,39.5999999999789));
#14628=CARTESIAN_POINT('',(-54.4083312783989,-16.9316718755119,39.5999999999789));
#14629=CARTESIAN_POINT('',(-53.2964058649957,-15.8197464621087,39.599999999975));
#14630=CARTESIAN_POINT('',(-55.1154380595854,-16.2245650943253,39.5999999999789));
#14631=CARTESIAN_POINT('',(-54.0035126461823,-15.1126396809222,39.599999999975));
#14632=CARTESIAN_POINT('',(-55.1154380595854,-16.2245650943253,39.5999999999789));
#14633=CARTESIAN_POINT('Origin',(-55.1154380595855,-16.2245650943253,38.5999999999999));
#14634=CARTESIAN_POINT('Origin',(-54.4083312783989,-16.9316718755119,38.5999999999999));
#14635=CARTESIAN_POINT('Origin',(-55.1154380595855,-16.2245650943253,38.5999999999999));
#14636=CARTESIAN_POINT('Origin',(-55.1154380595855,-16.2245650943253,38.5999999999999));
#14637=CARTESIAN_POINT('',(-16.9316718755119,-54.4083312783989,39.5999999999789));
#14638=CARTESIAN_POINT('Origin',(-16.9316718755119,-54.4083312783989,38.5999999999999));
#14639=CARTESIAN_POINT('',(-16.2245650943253,-55.1154380595854,39.5999999999789));
#14640=CARTESIAN_POINT('Origin',(-16.2245650943253,-55.1154380595855,38.5999999999999));
#14641=CARTESIAN_POINT('',(-55.1154380595854,-16.2245650943253,39.5999999999789));
#14642=CARTESIAN_POINT('Origin',(-55.1154380595855,-16.2245650943253,39.5999999999789));
#14643=CARTESIAN_POINT('',(-15.8197464620686,-53.2964058649556,39.599999999975));
#14644=CARTESIAN_POINT('',(-15.1126396808821,-54.0035126461422,39.599999999975));
#14645=CARTESIAN_POINT('Origin',(-56.2892353163551,-17.398362351095,26.5999999999554));
#14646=CARTESIAN_POINT('',(-55.5821285351658,-18.1054691322788,25.5999999999552));
#14647=CARTESIAN_POINT('',(-55.5821285351713,-18.1054691322843,27.5999999999556));
#14648=CARTESIAN_POINT('Origin',(-55.5821285351686,-18.1054691322816,26.5999999999554));
#14649=CARTESIAN_POINT('',(-56.2892353163524,-17.3983623510923,25.5999999999552));
#14650=CARTESIAN_POINT('',(-56.2892353163524,-17.3983623510923,25.5999999999552));
#14651=CARTESIAN_POINT('',(-56.2892353163579,-17.3983623510978,27.5999999999556));
#14652=CARTESIAN_POINT('Origin',(-56.2892353163551,-17.398362351095,26.5999999999554));
#14653=CARTESIAN_POINT('',(-56.2892353163579,-17.3983623510978,27.5999999999556));
#14654=CARTESIAN_POINT('Origin',(-56.2892353163551,-17.398362351095,26.5999999999554));
#14655=CARTESIAN_POINT('',(-18.1054691322843,-55.5821285351713,27.5999999999556));
#14656=CARTESIAN_POINT('',(-18.1054691322788,-55.5821285351658,25.5999999999552));
#14657=CARTESIAN_POINT('Origin',(-18.1054691322815,-55.5821285351686,26.5999999999554));
#14658=CARTESIAN_POINT('',(-17.3983623510977,-56.2892353163579,27.5999999999556));
#14659=CARTESIAN_POINT('',(-56.2892353163579,-17.3983623510978,27.5999999999556));
#14660=CARTESIAN_POINT('',(-17.3983623510922,-56.2892353163524,25.5999999999552));
#14661=CARTESIAN_POINT('Origin',(-17.398362351095,-56.2892353163551,26.5999999999554));
#14662=CARTESIAN_POINT('',(-56.2892353163524,-17.3983623510923,25.5999999999552));
#14663=CARTESIAN_POINT('Origin',(-56.2892353163524,-17.3983623510923,25.5999999999552));
#14664=CARTESIAN_POINT('',(-54.4083312783962,-16.9316718755092,25.5999999999617));
#14665=CARTESIAN_POINT('',(-53.8833044933274,-16.4066450904403,25.5999999999645));
#14666=CARTESIAN_POINT('',(-55.1154380595827,-16.2245650943226,25.5999999999617));
#14667=CARTESIAN_POINT('',(-55.1154380595827,-16.2245650943226,25.5999999999617));
#14668=CARTESIAN_POINT('',(-54.5904112745139,-15.6995383092538,25.5999999999645));
#14669=CARTESIAN_POINT('Origin',(-56.2892353163524,-17.3983623510923,25.5999999999552));
#14670=CARTESIAN_POINT('',(-16.9316718755091,-54.4083312783962,25.5999999999617));
#14671=CARTESIAN_POINT('',(-16.4066450905036,-53.8833044933906,25.5999999999645));
#14672=CARTESIAN_POINT('',(-16.2245650943226,-55.1154380595827,25.5999999999617));
#14673=CARTESIAN_POINT('',(-15.699538309317,-54.5904112745772,25.5999999999645));
#14674=CARTESIAN_POINT('',(-55.1154380595827,-16.2245650943226,25.5999999999617));
#14675=CARTESIAN_POINT('Origin',(-55.1154380595882,-16.2245650943281,27.599999999962));
#14676=CARTESIAN_POINT('',(-54.4083312784016,-16.9316718755146,27.599999999962));
#14677=CARTESIAN_POINT('',(-53.296405864948,-15.8197464620609,27.5999999999681));
#14678=CARTESIAN_POINT('',(-55.1154380595882,-16.2245650943281,27.599999999962));
#14679=CARTESIAN_POINT('',(-54.0035126461345,-15.1126396808744,27.5999999999681));
#14680=CARTESIAN_POINT('',(-55.1154380595882,-16.2245650943281,27.599999999962));
#14681=CARTESIAN_POINT('Origin',(-55.1154380595855,-16.2245650943253,26.5999999999618));
#14682=CARTESIAN_POINT('Origin',(-54.4083312783989,-16.9316718755119,26.5999999999618));
#14683=CARTESIAN_POINT('Origin',(-55.1154380595855,-16.2245650943253,26.5999999999618));
#14684=CARTESIAN_POINT('Origin',(-55.1154380595855,-16.2245650943253,26.5999999999618));
#14685=CARTESIAN_POINT('',(-16.9316718755146,-54.4083312784016,27.599999999962));
#14686=CARTESIAN_POINT('Origin',(-16.9316718755119,-54.4083312783989,26.5999999999618));
#14687=CARTESIAN_POINT('',(-16.2245650943281,-55.1154380595882,27.599999999962));
#14688=CARTESIAN_POINT('Origin',(-16.2245650943253,-55.1154380595855,26.5999999999618));
#14689=CARTESIAN_POINT('',(-55.1154380595882,-16.2245650943281,27.599999999962));
#14690=CARTESIAN_POINT('Origin',(-55.1154380595882,-16.2245650943281,27.599999999962));
#14691=CARTESIAN_POINT('',(-15.8197464621243,-53.2964058650113,27.5999999999681));
#14692=CARTESIAN_POINT('',(-15.1126396809377,-54.0035126461979,27.5999999999681));
#14693=CARTESIAN_POINT('Origin',(-56.2892353163551,-17.398362351095,14.5999999999554));
#14694=CARTESIAN_POINT('',(-55.5821285351658,-18.1054691322788,13.5999999999552));
#14695=CARTESIAN_POINT('',(-55.5821285351713,-18.1054691322843,15.5999999999556));
#14696=CARTESIAN_POINT('Origin',(-55.5821285351686,-18.1054691322816,14.5999999999554));
#14697=CARTESIAN_POINT('',(-56.2892353163524,-17.3983623510923,13.5999999999552));
#14698=CARTESIAN_POINT('',(-56.2892353163524,-17.3983623510923,13.5999999999552));
#14699=CARTESIAN_POINT('',(-56.2892353163579,-17.3983623510978,15.5999999999556));
#14700=CARTESIAN_POINT('Origin',(-56.2892353163551,-17.398362351095,14.5999999999554));
#14701=CARTESIAN_POINT('',(-56.2892353163579,-17.3983623510978,15.5999999999556));
#14702=CARTESIAN_POINT('Origin',(-56.2892353163551,-17.398362351095,14.5999999999554));
#14703=CARTESIAN_POINT('',(-18.1054691322843,-55.5821285351713,15.5999999999556));
#14704=CARTESIAN_POINT('',(-18.1054691322788,-55.5821285351658,13.5999999999552));
#14705=CARTESIAN_POINT('Origin',(-18.1054691322815,-55.5821285351686,14.5999999999554));
#14706=CARTESIAN_POINT('',(-17.3983623510977,-56.2892353163579,15.5999999999556));
#14707=CARTESIAN_POINT('',(-56.2892353163579,-17.3983623510978,15.5999999999556));
#14708=CARTESIAN_POINT('',(-17.3983623510922,-56.2892353163524,13.5999999999552));
#14709=CARTESIAN_POINT('Origin',(-17.398362351095,-56.2892353163551,14.5999999999554));
#14710=CARTESIAN_POINT('',(-56.2892353163524,-17.3983623510923,13.5999999999552));
#14711=CARTESIAN_POINT('Origin',(-56.2892353163524,-17.3983623510923,13.5999999999552));
#14712=CARTESIAN_POINT('',(-54.4083312783962,-16.9316718755092,13.5999999999617));
#14713=CARTESIAN_POINT('',(-53.8833044933109,-16.4066450904239,13.5999999999645));
#14714=CARTESIAN_POINT('',(-55.1154380595827,-16.2245650943226,13.5999999999617));
#14715=CARTESIAN_POINT('',(-55.1154380595827,-16.2245650943226,13.5999999999617));
#14716=CARTESIAN_POINT('',(-54.5904112744975,-15.6995383092374,13.5999999999645));
#14717=CARTESIAN_POINT('Origin',(-56.2892353163524,-17.3983623510923,13.5999999999552));
#14718=CARTESIAN_POINT('',(-16.9316718755091,-54.4083312783962,13.5999999999617));
#14719=CARTESIAN_POINT('',(-16.4066450904872,-53.8833044933742,13.5999999999645));
#14720=CARTESIAN_POINT('',(-16.2245650943226,-55.1154380595827,13.5999999999617));
#14721=CARTESIAN_POINT('',(-15.6995383093006,-54.5904112745607,13.5999999999645));
#14722=CARTESIAN_POINT('',(-55.1154380595827,-16.2245650943226,13.5999999999617));
#14723=CARTESIAN_POINT('Origin',(-55.1154380595882,-16.2245650943281,15.599999999962));
#14724=CARTESIAN_POINT('',(-54.4083312784016,-16.9316718755146,15.599999999962));
#14725=CARTESIAN_POINT('',(-53.2964058649315,-15.8197464620445,15.5999999999681));
#14726=CARTESIAN_POINT('',(-55.1154380595882,-16.2245650943281,15.599999999962));
#14727=CARTESIAN_POINT('',(-54.0035126461181,-15.1126396808579,15.5999999999681));
#14728=CARTESIAN_POINT('',(-55.1154380595882,-16.2245650943281,15.599999999962));
#14729=CARTESIAN_POINT('Origin',(-55.1154380595855,-16.2245650943253,14.5999999999618));
#14730=CARTESIAN_POINT('Origin',(-54.4083312783989,-16.9316718755119,14.5999999999618));
#14731=CARTESIAN_POINT('Origin',(-55.1154380595855,-16.2245650943253,14.5999999999618));
#14732=CARTESIAN_POINT('Origin',(-55.1154380595855,-16.2245650943253,14.5999999999618));
#14733=CARTESIAN_POINT('',(-16.9316718755146,-54.4083312784016,15.599999999962));
#14734=CARTESIAN_POINT('Origin',(-16.9316718755119,-54.4083312783989,14.5999999999618));
#14735=CARTESIAN_POINT('',(-16.2245650943281,-55.1154380595882,15.599999999962));
#14736=CARTESIAN_POINT('Origin',(-16.2245650943253,-55.1154380595855,14.5999999999618));
#14737=CARTESIAN_POINT('',(-55.1154380595882,-16.2245650943281,15.599999999962));
#14738=CARTESIAN_POINT('Origin',(-55.1154380595882,-16.2245650943281,15.599999999962));
#14739=CARTESIAN_POINT('',(-15.8197464621078,-53.2964058649948,15.5999999999681));
#14740=CARTESIAN_POINT('',(-15.1126396809213,-54.0035126461814,15.5999999999681));
#14741=CARTESIAN_POINT('Origin',(-58.8348197286267,-19.9439467633666,39.6));
#14742=CARTESIAN_POINT('',(-62.7910821693655,-25.3144227664784,39.6));
#14743=CARTESIAN_POINT('',(-58.1277129474402,-20.6510535445531,39.6));
#14744=CARTESIAN_POINT('',(-55.1560966995037,-17.6794372966167,39.6));
#14745=CARTESIAN_POINT('',(-63.498188950552,-24.6073159852919,39.6));
#14746=CARTESIAN_POINT('',(-63.498188950552,-24.6073159852919,39.6));
#14747=CARTESIAN_POINT('',(-58.8348197286267,-19.9439467633666,39.6));
#14748=CARTESIAN_POINT('',(-55.8632034806902,-16.9723305154301,39.6));
#14749=CARTESIAN_POINT('',(-58.8348197286267,-19.9439467633666,39.6));
#14750=CARTESIAN_POINT('Origin',(-58.8348197286267,-19.9439467633666,39.6));
#14751=CARTESIAN_POINT('',(-20.6510535445531,-58.1277129474402,39.6));
#14752=CARTESIAN_POINT('',(-25.3144227664784,-62.7910821693655,39.6));
#14753=CARTESIAN_POINT('',(-17.6794372966166,-55.1560966995036,39.6));
#14754=CARTESIAN_POINT('',(-19.9439467633666,-58.8348197286267,39.6));
#14755=CARTESIAN_POINT('',(-58.8348197286267,-19.9439467633666,39.6));
#14756=CARTESIAN_POINT('',(-24.6073159852919,-63.498188950552,39.6));
#14757=CARTESIAN_POINT('',(-16.9723305154301,-55.8632034806902,39.6));
#14758=CARTESIAN_POINT('',(-63.498188950552,-24.6073159852919,39.6));
#14759=CARTESIAN_POINT('Origin',(-63.498188950552,-24.6073159852919,38.6));
#14760=CARTESIAN_POINT('',(-62.7910821693654,-25.3144227664784,37.6));
#14761=CARTESIAN_POINT('Origin',(-62.7910821693655,-25.3144227664784,38.6));
#14762=CARTESIAN_POINT('',(-63.498188950552,-24.6073159852919,37.6));
#14763=CARTESIAN_POINT('',(-63.498188950552,-24.6073159852919,37.6));
#14764=CARTESIAN_POINT('Origin',(-63.498188950552,-24.6073159852919,38.6));
#14765=CARTESIAN_POINT('Origin',(-63.498188950552,-24.6073159852919,38.6));
#14766=CARTESIAN_POINT('',(-25.3144227664784,-62.7910821693654,37.6));
#14767=CARTESIAN_POINT('Origin',(-25.3144227664784,-62.7910821693655,38.6));
#14768=CARTESIAN_POINT('',(-24.6073159852918,-63.498188950552,37.6));
#14769=CARTESIAN_POINT('Origin',(-24.6073159852919,-63.498188950552,38.6));
#14770=CARTESIAN_POINT('',(-63.498188950552,-24.6073159852919,37.6));
#14771=CARTESIAN_POINT('Origin',(-58.8348197286267,-19.9439467633666,38.6));
#14772=CARTESIAN_POINT('',(-58.1277129474402,-20.6510535445531,37.6));
#14773=CARTESIAN_POINT('Origin',(-58.1277129474402,-20.6510535445531,38.6));
#14774=CARTESIAN_POINT('',(-58.8348197286267,-19.9439467633666,37.6));
#14775=CARTESIAN_POINT('Origin',(-58.8348197286267,-19.9439467633666,38.6));
#14776=CARTESIAN_POINT('',(-58.8348197286267,-19.9439467633666,37.6));
#14777=CARTESIAN_POINT('Origin',(-63.498188950552,-24.6073159852919,37.6));
#14778=CARTESIAN_POINT('',(-57.4877813104664,-20.0111219075793,37.6));
#14779=CARTESIAN_POINT('',(-58.1948880916529,-19.3040151263928,37.6));
#14780=CARTESIAN_POINT('Origin',(-63.498188950552,-24.6073159852919,37.6));
#14781=CARTESIAN_POINT('',(-20.6510535445531,-58.1277129474402,37.6));
#14782=CARTESIAN_POINT('',(-20.0111219075792,-57.4877813104663,37.6));
#14783=CARTESIAN_POINT('',(-19.9439467633666,-58.8348197286267,37.6));
#14784=CARTESIAN_POINT('',(-19.3040151263927,-58.1948880916528,37.6));
#14785=CARTESIAN_POINT('',(-58.8348197286267,-19.9439467633666,37.6));
#14786=CARTESIAN_POINT('Origin',(-58.8348197286267,-19.9439467633666,38.6));
#14787=CARTESIAN_POINT('Origin',(-20.6510535445531,-58.1277129474402,38.6));
#14788=CARTESIAN_POINT('Origin',(-19.9439467633666,-58.8348197286267,38.6));
#14789=CARTESIAN_POINT('Origin',(-58.8348197286267,-19.9439467633666,51.6));
#14790=CARTESIAN_POINT('',(-62.7910821693655,-25.3144227664784,51.6));
#14791=CARTESIAN_POINT('',(-58.1277129474402,-20.6510535445531,51.6));
#14792=CARTESIAN_POINT('',(-55.1560966995037,-17.6794372966167,51.6));
#14793=CARTESIAN_POINT('',(-63.498188950552,-24.6073159852919,51.6));
#14794=CARTESIAN_POINT('',(-63.498188950552,-24.6073159852919,51.6));
#14795=CARTESIAN_POINT('',(-58.8348197286267,-19.9439467633666,51.6));
#14796=CARTESIAN_POINT('',(-55.8632034806902,-16.9723305154301,51.6));
#14797=CARTESIAN_POINT('',(-58.8348197286267,-19.9439467633666,51.6));
#14798=CARTESIAN_POINT('Origin',(-58.8348197286267,-19.9439467633666,51.6));
#14799=CARTESIAN_POINT('',(-20.6510535445531,-58.1277129474402,51.6));
#14800=CARTESIAN_POINT('',(-25.3144227664784,-62.7910821693655,51.6));
#14801=CARTESIAN_POINT('',(-17.6794372966166,-55.1560966995036,51.6));
#14802=CARTESIAN_POINT('',(-19.9439467633666,-58.8348197286267,51.6));
#14803=CARTESIAN_POINT('',(-58.8348197286267,-19.9439467633666,51.6));
#14804=CARTESIAN_POINT('',(-24.6073159852919,-63.498188950552,51.6));
#14805=CARTESIAN_POINT('',(-16.97233051543,-55.8632034806901,51.6));
#14806=CARTESIAN_POINT('',(-63.498188950552,-24.6073159852919,51.6));
#14807=CARTESIAN_POINT('Origin',(-63.498188950552,-24.6073159852919,50.6));
#14808=CARTESIAN_POINT('',(-62.7910821693654,-25.3144227664784,49.6));
#14809=CARTESIAN_POINT('Origin',(-62.7910821693655,-25.3144227664784,50.6));
#14810=CARTESIAN_POINT('',(-63.498188950552,-24.6073159852919,49.6));
#14811=CARTESIAN_POINT('',(-63.498188950552,-24.6073159852919,49.6));
#14812=CARTESIAN_POINT('Origin',(-63.498188950552,-24.6073159852919,50.6));
#14813=CARTESIAN_POINT('Origin',(-63.498188950552,-24.6073159852919,50.6));
#14814=CARTESIAN_POINT('',(-25.3144227664784,-62.7910821693654,49.6));
#14815=CARTESIAN_POINT('Origin',(-25.3144227664784,-62.7910821693655,50.6));
#14816=CARTESIAN_POINT('',(-24.6073159852918,-63.498188950552,49.6));
#14817=CARTESIAN_POINT('Origin',(-24.6073159852919,-63.498188950552,50.6));
#14818=CARTESIAN_POINT('',(-63.498188950552,-24.6073159852919,49.6));
#14819=CARTESIAN_POINT('Origin',(-58.8348197286267,-19.9439467633666,50.6));
#14820=CARTESIAN_POINT('',(-58.1277129474402,-20.6510535445531,49.6));
#14821=CARTESIAN_POINT('Origin',(-58.1277129474402,-20.6510535445531,50.6));
#14822=CARTESIAN_POINT('',(-58.8348197286267,-19.9439467633666,49.6));
#14823=CARTESIAN_POINT('Origin',(-58.8348197286267,-19.9439467633666,50.6));
#14824=CARTESIAN_POINT('',(-58.8348197286267,-19.9439467633666,49.6));
#14825=CARTESIAN_POINT('Origin',(-63.498188950552,-24.6073159852919,49.6));
#14826=CARTESIAN_POINT('',(-57.4877813104663,-20.0111219075793,49.6));
#14827=CARTESIAN_POINT('',(-58.1948880916529,-19.3040151263928,49.6));
#14828=CARTESIAN_POINT('Origin',(-63.498188950552,-24.6073159852919,49.6));
#14829=CARTESIAN_POINT('',(-20.6510535445531,-58.1277129474402,49.6));
#14830=CARTESIAN_POINT('',(-20.0111219075792,-57.4877813104663,49.6));
#14831=CARTESIAN_POINT('',(-19.9439467633666,-58.8348197286267,49.6));
#14832=CARTESIAN_POINT('',(-19.3040151263927,-58.1948880916528,49.6));
#14833=CARTESIAN_POINT('',(-58.8348197286267,-19.9439467633666,49.6));
#14834=CARTESIAN_POINT('Origin',(-58.8348197286267,-19.9439467633666,50.6));
#14835=CARTESIAN_POINT('Origin',(-20.6510535445531,-58.1277129474402,50.6));
#14836=CARTESIAN_POINT('Origin',(-19.9439467633666,-58.8348197286267,50.6));
#14837=CARTESIAN_POINT('Origin',(-26.8311668121236,-44.5088363417872,0.));
#14838=CARTESIAN_POINT('',(-28.0049640688932,-45.6826335985568,1.));
#14839=CARTESIAN_POINT('',(-26.8311668121236,-44.5088363417872,1.));
#14840=CARTESIAN_POINT('',(-25.7192413987078,-43.3969109283714,1.));
#14841=CARTESIAN_POINT('',(-28.0049640688932,-45.6826335985568,0.));
#14842=CARTESIAN_POINT('',(-28.0049640688932,-45.6826335985568,0.));
#14843=CARTESIAN_POINT('',(-26.8311668121236,-44.5088363417872,0.));
#14844=CARTESIAN_POINT('',(-25.7192413987078,-43.3969109283714,0.));
#14845=CARTESIAN_POINT('',(-26.8311668121236,-44.5088363417872,0.));
#14846=CARTESIAN_POINT('Origin',(-26.124060030937,-45.2159431229738,0.));
#14847=CARTESIAN_POINT('',(-25.4169532497505,-45.9230499041603,1.));
#14848=CARTESIAN_POINT('Origin',(-26.124060030937,-45.2159431229738,1.));
#14849=CARTESIAN_POINT('',(-25.4169532497505,-45.9230499041603,0.));
#14850=CARTESIAN_POINT('Origin',(-26.124060030937,-45.2159431229738,0.));
#14851=CARTESIAN_POINT('',(-25.4169532497505,-45.9230499041603,0.));
#14852=CARTESIAN_POINT('Origin',(-26.5907505065201,-47.0968471609299,0.));
#14853=CARTESIAN_POINT('',(-26.5907505065202,-47.0968471609298,1.));
#14854=CARTESIAN_POINT('',(-24.8919264647195,-45.3980231191293,1.));
#14855=CARTESIAN_POINT('',(-26.5907505065202,-47.0968471609298,0.));
#14856=CARTESIAN_POINT('',(-24.8919264647195,-45.3980231191293,0.));
#14857=CARTESIAN_POINT('',(-26.5907505065202,-47.0968471609298,0.));
#14858=CARTESIAN_POINT('Origin',(-27.2978572877067,-46.3897403797433,0.));
#14859=CARTESIAN_POINT('Origin',(-27.2978572877067,-46.3897403797433,1.));
#14860=CARTESIAN_POINT('Origin',(-27.2978572877067,-46.3897403797433,0.));
#14861=CARTESIAN_POINT('Origin',(-36.6281312654632,-51.4773736703806,0.));
#14862=CARTESIAN_POINT('',(-35.9210244842766,-52.1844804515671,1.));
#14863=CARTESIAN_POINT('',(-37.3352380466498,-50.7702668891941,1.));
#14864=CARTESIAN_POINT('Origin',(-36.6281312654632,-51.4773736703806,1.));
#14865=CARTESIAN_POINT('',(-35.9210244842766,-52.1844804515671,0.));
#14866=CARTESIAN_POINT('',(-35.9210244842766,-52.1844804515671,0.));
#14867=CARTESIAN_POINT('',(-37.3352380466498,-50.7702668891941,0.));
#14868=CARTESIAN_POINT('Origin',(-36.6281312654632,-51.4773736703806,0.));
#14869=CARTESIAN_POINT('',(-37.3352380466498,-50.7702668891941,0.));
#14870=CARTESIAN_POINT('Origin',(-32.6718688247245,-46.1068976672687,0.));
#14871=CARTESIAN_POINT('',(-32.6718688247245,-46.1068976672687,1.));
#14872=CARTESIAN_POINT('',(-29.700252576788,-43.1352814193321,1.));
#14873=CARTESIAN_POINT('',(-32.6718688247245,-46.1068976672687,0.));
#14874=CARTESIAN_POINT('',(-29.700252576788,-43.1352814193321,0.));
#14875=CARTESIAN_POINT('',(-32.6718688247245,-46.1068976672687,0.));
#14876=CARTESIAN_POINT('Origin',(-31.9647620435379,-46.8140044484552,0.));
#14877=CARTESIAN_POINT('',(-31.2576552623514,-47.5211112296418,1.));
#14878=CARTESIAN_POINT('Origin',(-31.9647620435379,-46.8140044484552,1.));
#14879=CARTESIAN_POINT('',(-31.2576552623514,-47.5211112296418,0.));
#14880=CARTESIAN_POINT('Origin',(-31.9647620435379,-46.8140044484552,0.));
#14881=CARTESIAN_POINT('',(-31.2576552623514,-47.5211112296418,0.));
#14882=CARTESIAN_POINT('Origin',(-35.9210244842766,-52.1844804515671,0.));
#14883=CARTESIAN_POINT('',(-30.6177236253775,-46.8811795926678,1.));
#14884=CARTESIAN_POINT('',(-30.6177236253775,-46.8811795926678,0.));
#14885=CARTESIAN_POINT('Origin',(-48.04437024772,-23.2956329061908,0.));
#14886=CARTESIAN_POINT('',(-49.2181675044897,-24.4694301629603,1.));
#14887=CARTESIAN_POINT('',(-48.04437024772,-23.2956329061908,1.));
#14888=CARTESIAN_POINT('',(-46.9324448343041,-22.1837074927751,1.));
#14889=CARTESIAN_POINT('',(-49.2181675044897,-24.4694301629603,0.));
#14890=CARTESIAN_POINT('',(-49.2181675044897,-24.4694301629603,0.));
#14891=CARTESIAN_POINT('',(-48.04437024772,-23.2956329061908,0.));
#14892=CARTESIAN_POINT('',(-46.9324448343041,-22.1837074927751,0.));
#14893=CARTESIAN_POINT('',(-48.04437024772,-23.2956329061908,0.));
#14894=CARTESIAN_POINT('Origin',(-47.3372634665335,-24.0027396873773,0.));
#14895=CARTESIAN_POINT('',(-46.6301566853469,-24.7098464685639,1.));
#14896=CARTESIAN_POINT('Origin',(-47.3372634665335,-24.0027396873773,1.));
#14897=CARTESIAN_POINT('',(-46.6301566853469,-24.7098464685639,0.));
#14898=CARTESIAN_POINT('Origin',(-47.3372634665335,-24.0027396873773,0.));
#14899=CARTESIAN_POINT('',(-46.6301566853469,-24.7098464685639,0.));
#14900=CARTESIAN_POINT('Origin',(-47.8039539421166,-25.8836437253334,0.));
#14901=CARTESIAN_POINT('',(-47.8039539421166,-25.8836437253334,1.));
#14902=CARTESIAN_POINT('',(-46.105129900316,-24.184819683533,1.));
#14903=CARTESIAN_POINT('',(-47.8039539421166,-25.8836437253334,0.));
#14904=CARTESIAN_POINT('',(-46.105129900316,-24.184819683533,0.));
#14905=CARTESIAN_POINT('',(-47.8039539421166,-25.8836437253334,0.));
#14906=CARTESIAN_POINT('Origin',(-48.5110607233032,-25.1765369441469,0.));
#14907=CARTESIAN_POINT('Origin',(-48.5110607233032,-25.1765369441469,1.));
#14908=CARTESIAN_POINT('Origin',(-48.5110607233032,-25.1765369441469,0.));
#14909=CARTESIAN_POINT('Origin',(-51.7637519167613,-27.0150145752319,0.));
#14910=CARTESIAN_POINT('',(-56.4271211386866,-31.6783837971572,1.));
#14911=CARTESIAN_POINT('',(-51.7637519167613,-27.0150145752319,1.));
#14912=CARTESIAN_POINT('',(-48.7921356688248,-24.0433983272954,1.));
#14913=CARTESIAN_POINT('',(-56.4271211386866,-31.6783837971572,0.));
#14914=CARTESIAN_POINT('',(-56.4271211386866,-31.6783837971572,0.));
#14915=CARTESIAN_POINT('',(-51.7637519167613,-27.0150145752319,0.));
#14916=CARTESIAN_POINT('',(-48.7921356688248,-24.0433983272954,0.));
#14917=CARTESIAN_POINT('',(-51.7637519167613,-27.0150145752319,0.));
#14918=CARTESIAN_POINT('Origin',(-51.0566451355747,-27.7221213564185,0.));
#14919=CARTESIAN_POINT('',(-50.3495383543882,-28.429228137605,1.));
#14920=CARTESIAN_POINT('Origin',(-51.0566451355747,-27.7221213564185,1.));
#14921=CARTESIAN_POINT('',(-50.3495383543882,-28.429228137605,0.));
#14922=CARTESIAN_POINT('Origin',(-51.0566451355747,-27.7221213564185,0.));
#14923=CARTESIAN_POINT('',(-50.3495383543882,-28.429228137605,0.));
#14924=CARTESIAN_POINT('Origin',(-55.0129075763135,-33.0925973595303,0.));
#14925=CARTESIAN_POINT('',(-55.0129075763135,-33.0925973595303,1.));
#14926=CARTESIAN_POINT('',(-49.7096067174144,-27.7892965006312,1.));
#14927=CARTESIAN_POINT('',(-55.0129075763135,-33.0925973595303,0.));
#14928=CARTESIAN_POINT('',(-49.7096067174144,-27.7892965006312,0.));
#14929=CARTESIAN_POINT('',(-55.0129075763135,-33.0925973595303,0.));
#14930=CARTESIAN_POINT('Origin',(-55.7200143575,-32.3854905783438,0.));
#14931=CARTESIAN_POINT('Origin',(-55.7200143575,-32.3854905783438,1.));
#14932=CARTESIAN_POINT('Origin',(-55.7200143575,-32.3854905783438,0.));
#14933=CARTESIAN_POINT('Origin',(-45.3997908860824,-33.3789756059108,0.));
#14934=CARTESIAN_POINT('',(-50.0631601080077,-38.0423448278362,1.));
#14935=CARTESIAN_POINT('',(-45.3997908860824,-33.3789756059108,1.));
#14936=CARTESIAN_POINT('',(-42.4281746381459,-30.4073593579744,1.));
#14937=CARTESIAN_POINT('',(-50.0631601080077,-38.0423448278362,0.));
#14938=CARTESIAN_POINT('',(-50.0631601080077,-38.0423448278362,0.));
#14939=CARTESIAN_POINT('',(-45.3997908860824,-33.3789756059108,0.));
#14940=CARTESIAN_POINT('',(-42.4281746381459,-30.4073593579744,0.));
#14941=CARTESIAN_POINT('',(-45.3997908860824,-33.3789756059108,0.));
#14942=CARTESIAN_POINT('Origin',(-44.6926841048958,-34.0860823870974,0.));
#14943=CARTESIAN_POINT('',(-43.9855773237092,-34.7931891682839,1.));
#14944=CARTESIAN_POINT('Origin',(-44.6926841048958,-34.0860823870974,1.));
#14945=CARTESIAN_POINT('',(-43.9855773237092,-34.7931891682839,0.));
#14946=CARTESIAN_POINT('Origin',(-44.6926841048958,-34.0860823870974,0.));
#14947=CARTESIAN_POINT('',(-43.9855773237092,-34.7931891682839,0.));
#14948=CARTESIAN_POINT('Origin',(-48.6489465456345,-39.4565583902093,0.));
#14949=CARTESIAN_POINT('',(-48.6489465456345,-39.4565583902093,1.));
#14950=CARTESIAN_POINT('',(-43.3456456867354,-34.1532575313101,1.));
#14951=CARTESIAN_POINT('',(-48.6489465456345,-39.4565583902093,0.));
#14952=CARTESIAN_POINT('',(-43.3456456867354,-34.1532575313101,0.));
#14953=CARTESIAN_POINT('',(-48.6489465456345,-39.4565583902093,0.));
#14954=CARTESIAN_POINT('Origin',(-49.3560533268211,-38.7494516090227,0.));
#14955=CARTESIAN_POINT('Origin',(-49.3560533268211,-38.7494516090227,1.));
#14956=CARTESIAN_POINT('Origin',(-49.3560533268211,-38.7494516090227,0.));
#14957=CARTESIAN_POINT('Origin',(-43.2784705425227,-35.5002959494705,0.));
#14958=CARTESIAN_POINT('',(-47.941839764448,-40.1636651713958,1.));
#14959=CARTESIAN_POINT('',(-43.2784705425227,-35.5002959494705,1.));
#14960=CARTESIAN_POINT('',(-40.3068542945863,-32.528679701534,1.));
#14961=CARTESIAN_POINT('',(-47.941839764448,-40.1636651713958,0.));
#14962=CARTESIAN_POINT('',(-47.941839764448,-40.1636651713958,0.));
#14963=CARTESIAN_POINT('',(-43.2784705425227,-35.5002959494705,0.));
#14964=CARTESIAN_POINT('',(-40.3068542945863,-32.528679701534,0.));
#14965=CARTESIAN_POINT('',(-43.2784705425227,-35.5002959494705,0.));
#14966=CARTESIAN_POINT('Origin',(-42.5713637613362,-36.207402730657,0.));
#14967=CARTESIAN_POINT('',(-41.8642569801496,-36.9145095118436,1.));
#14968=CARTESIAN_POINT('Origin',(-42.5713637613362,-36.207402730657,1.));
#14969=CARTESIAN_POINT('',(-41.8642569801496,-36.9145095118436,0.));
#14970=CARTESIAN_POINT('Origin',(-42.5713637613362,-36.207402730657,0.));
#14971=CARTESIAN_POINT('',(-41.8642569801496,-36.9145095118436,0.));
#14972=CARTESIAN_POINT('Origin',(-46.5276262020749,-41.5778787337689,0.));
#14973=CARTESIAN_POINT('',(-46.5276262020749,-41.5778787337689,1.));
#14974=CARTESIAN_POINT('',(-41.2243253431758,-36.2745778748698,1.));
#14975=CARTESIAN_POINT('',(-46.5276262020749,-41.5778787337689,0.));
#14976=CARTESIAN_POINT('',(-41.2243253431758,-36.2745778748698,0.));
#14977=CARTESIAN_POINT('',(-46.5276262020749,-41.5778787337689,0.));
#14978=CARTESIAN_POINT('Origin',(-47.2347329832615,-40.8707719525824,0.));
#14979=CARTESIAN_POINT('Origin',(-47.2347329832615,-40.8707719525824,1.));
#14980=CARTESIAN_POINT('Origin',(-47.2347329832615,-40.8707719525824,0.));
#14981=CARTESIAN_POINT('Origin',(-49.6424315732017,-29.1363349187915,0.));
#14982=CARTESIAN_POINT('',(-54.305800795127,-33.7997041407169,1.));
#14983=CARTESIAN_POINT('',(-49.6424315732017,-29.1363349187915,1.));
#14984=CARTESIAN_POINT('',(-46.6708153252652,-26.1647186708551,1.));
#14985=CARTESIAN_POINT('',(-54.305800795127,-33.7997041407169,0.));
#14986=CARTESIAN_POINT('',(-54.305800795127,-33.7997041407169,0.));
#14987=CARTESIAN_POINT('',(-49.6424315732017,-29.1363349187915,0.));
#14988=CARTESIAN_POINT('',(-46.6708153252652,-26.1647186708551,0.));
#14989=CARTESIAN_POINT('',(-49.6424315732017,-29.1363349187915,0.));
#14990=CARTESIAN_POINT('Origin',(-48.9353247920151,-29.8434416999781,0.));
#14991=CARTESIAN_POINT('',(-48.2282180108285,-30.5505484811647,1.));
#14992=CARTESIAN_POINT('Origin',(-48.9353247920151,-29.8434416999781,1.));
#14993=CARTESIAN_POINT('',(-48.2282180108285,-30.5505484811647,0.));
#14994=CARTESIAN_POINT('Origin',(-48.9353247920151,-29.8434416999781,0.));
#14995=CARTESIAN_POINT('',(-48.2282180108285,-30.5505484811647,0.));
#14996=CARTESIAN_POINT('Origin',(-52.8915872327538,-35.21391770309,0.));
#14997=CARTESIAN_POINT('',(-52.8915872327538,-35.21391770309,1.));
#14998=CARTESIAN_POINT('',(-47.5882863738547,-29.9106168441909,1.));
#14999=CARTESIAN_POINT('',(-52.8915872327538,-35.21391770309,0.));
#15000=CARTESIAN_POINT('',(-47.5882863738547,-29.9106168441909,0.));
#15001=CARTESIAN_POINT('',(-52.8915872327538,-35.21391770309,0.));
#15002=CARTESIAN_POINT('Origin',(-53.5986940139404,-34.5068109219034,0.));
#15003=CARTESIAN_POINT('Origin',(-53.5986940139404,-34.5068109219034,1.));
#15004=CARTESIAN_POINT('Origin',(-53.5986940139404,-34.5068109219034,0.));
#15005=CARTESIAN_POINT('Origin',(-45.9230499041604,-25.4169532497504,0.));
#15006=CARTESIAN_POINT('',(-47.0968471609301,-26.5907505065199,1.));
#15007=CARTESIAN_POINT('',(-45.9230499041604,-25.4169532497504,1.));
#15008=CARTESIAN_POINT('',(-44.8111244907446,-24.3050278363348,1.));
#15009=CARTESIAN_POINT('',(-47.0968471609301,-26.5907505065199,0.));
#15010=CARTESIAN_POINT('',(-47.0968471609301,-26.5907505065199,0.));
#15011=CARTESIAN_POINT('',(-45.9230499041604,-25.4169532497504,0.));
#15012=CARTESIAN_POINT('',(-44.8111244907446,-24.3050278363348,0.));
#15013=CARTESIAN_POINT('',(-45.9230499041604,-25.4169532497504,0.));
#15014=CARTESIAN_POINT('Origin',(-45.2159431229738,-26.124060030937,0.));
#15015=CARTESIAN_POINT('',(-44.5088363417873,-26.8311668121235,1.));
#15016=CARTESIAN_POINT('Origin',(-45.2159431229738,-26.124060030937,1.));
#15017=CARTESIAN_POINT('',(-44.5088363417873,-26.8311668121235,0.));
#15018=CARTESIAN_POINT('Origin',(-45.2159431229738,-26.124060030937,0.));
#15019=CARTESIAN_POINT('',(-44.5088363417873,-26.8311668121235,0.));
#15020=CARTESIAN_POINT('Origin',(-45.682633598557,-28.004964068893,0.));
#15021=CARTESIAN_POINT('',(-45.682633598557,-28.0049640688931,1.));
#15022=CARTESIAN_POINT('',(-43.9838095567564,-26.3061400270927,1.));
#15023=CARTESIAN_POINT('',(-45.682633598557,-28.0049640688931,0.));
#15024=CARTESIAN_POINT('',(-43.9838095567564,-26.3061400270927,0.));
#15025=CARTESIAN_POINT('',(-45.682633598557,-28.0049640688931,0.));
#15026=CARTESIAN_POINT('Origin',(-46.3897403797435,-27.2978572877065,0.));
#15027=CARTESIAN_POINT('Origin',(-46.3897403797435,-27.2978572877065,1.));
#15028=CARTESIAN_POINT('Origin',(-46.3897403797435,-27.2978572877065,0.));
#15029=CARTESIAN_POINT('Origin',(-38.7494516090228,-49.356053326821,0.));
#15030=CARTESIAN_POINT('',(-38.0423448278363,-50.0631601080075,1.));
#15031=CARTESIAN_POINT('',(-39.4565583902094,-48.6489465456344,1.));
#15032=CARTESIAN_POINT('Origin',(-38.7494516090228,-49.356053326821,1.));
#15033=CARTESIAN_POINT('',(-38.0423448278363,-50.0631601080075,0.));
#15034=CARTESIAN_POINT('',(-38.0423448278363,-50.0631601080075,0.));
#15035=CARTESIAN_POINT('',(-39.4565583902094,-48.6489465456344,0.));
#15036=CARTESIAN_POINT('Origin',(-38.7494516090228,-49.356053326821,0.));
#15037=CARTESIAN_POINT('',(-39.4565583902094,-48.6489465456344,0.));
#15038=CARTESIAN_POINT('Origin',(-34.7931891682841,-43.985577323709,0.));
#15039=CARTESIAN_POINT('',(-34.7931891682841,-43.985577323709,1.));
#15040=CARTESIAN_POINT('',(-31.8215729203476,-41.0139610757725,1.));
#15041=CARTESIAN_POINT('',(-34.7931891682841,-43.985577323709,0.));
#15042=CARTESIAN_POINT('',(-31.8215729203476,-41.0139610757725,0.));
#15043=CARTESIAN_POINT('',(-34.7931891682841,-43.985577323709,0.));
#15044=CARTESIAN_POINT('Origin',(-34.0860823870976,-44.6926841048956,0.));
#15045=CARTESIAN_POINT('',(-33.378975605911,-45.3997908860821,1.));
#15046=CARTESIAN_POINT('Origin',(-34.0860823870976,-44.6926841048956,1.));
#15047=CARTESIAN_POINT('',(-33.378975605911,-45.3997908860821,0.));
#15048=CARTESIAN_POINT('Origin',(-34.0860823870976,-44.6926841048956,0.));
#15049=CARTESIAN_POINT('',(-33.378975605911,-45.3997908860821,0.));
#15050=CARTESIAN_POINT('Origin',(-38.0423448278363,-50.0631601080075,0.));
#15051=CARTESIAN_POINT('',(-32.7390439689371,-44.7598592491082,1.));
#15052=CARTESIAN_POINT('',(-32.7390439689371,-44.7598592491082,0.));
#15053=CARTESIAN_POINT('Origin',(-24.7098464685639,-46.6301566853468,0.));
#15054=CARTESIAN_POINT('',(-25.8836437253336,-47.8039539421165,1.));
#15055=CARTESIAN_POINT('',(-24.7098464685639,-46.6301566853468,1.));
#15056=CARTESIAN_POINT('',(-23.5979210551482,-45.5182312719311,1.));
#15057=CARTESIAN_POINT('',(-25.8836437253336,-47.8039539421165,0.));
#15058=CARTESIAN_POINT('',(-25.8836437253336,-47.8039539421165,0.));
#15059=CARTESIAN_POINT('',(-24.7098464685639,-46.6301566853468,0.));
#15060=CARTESIAN_POINT('',(-23.5979210551482,-45.5182312719311,0.));
#15061=CARTESIAN_POINT('',(-24.7098464685639,-46.6301566853468,0.));
#15062=CARTESIAN_POINT('Origin',(-24.0027396873774,-47.3372634665334,0.));
#15063=CARTESIAN_POINT('',(-23.2956329061909,-48.0443702477199,1.));
#15064=CARTESIAN_POINT('Origin',(-24.0027396873774,-47.3372634665334,1.));
#15065=CARTESIAN_POINT('',(-23.2956329061909,-48.0443702477199,0.));
#15066=CARTESIAN_POINT('Origin',(-24.0027396873774,-47.3372634665334,0.));
#15067=CARTESIAN_POINT('',(-23.2956329061909,-48.0443702477199,0.));
#15068=CARTESIAN_POINT('Origin',(-24.4694301480593,-49.2181674895884,0.));
#15069=CARTESIAN_POINT('',(-24.4694301480594,-49.2181674895883,1.));
#15070=CARTESIAN_POINT('',(-22.7706061137093,-47.5193434552384,1.));
#15071=CARTESIAN_POINT('',(-24.4694301480594,-49.2181674895883,0.));
#15072=CARTESIAN_POINT('',(-22.7706061137093,-47.5193434552384,0.));
#15073=CARTESIAN_POINT('',(-24.4694301480594,-49.2181674895883,0.));
#15074=CARTESIAN_POINT('Origin',(-25.1765369441471,-48.511060723303,0.));
#15075=CARTESIAN_POINT('Origin',(-25.1765369441471,-48.511060723303,1.));
#15076=CARTESIAN_POINT('Origin',(-25.1765369441471,-48.511060723303,0.));
#15077=CARTESIAN_POINT('Origin',(-28.9524871556832,-42.3875159982276,0.));
#15078=CARTESIAN_POINT('',(-30.1262844124529,-43.5613132549972,1.));
#15079=CARTESIAN_POINT('',(-28.9524871556832,-42.3875159982275,1.));
#15080=CARTESIAN_POINT('',(-27.8405617422675,-41.2755905848118,1.));
#15081=CARTESIAN_POINT('',(-30.1262844124529,-43.5613132549972,0.));
#15082=CARTESIAN_POINT('',(-30.1262844124529,-43.5613132549972,0.));
#15083=CARTESIAN_POINT('',(-28.9524871556832,-42.3875159982275,0.));
#15084=CARTESIAN_POINT('',(-27.8405617422675,-41.2755905848118,0.));
#15085=CARTESIAN_POINT('',(-28.9524871556832,-42.3875159982275,0.));
#15086=CARTESIAN_POINT('Origin',(-28.2453803744967,-43.0946227794141,0.));
#15087=CARTESIAN_POINT('',(-27.5382735933101,-43.8017295606007,1.));
#15088=CARTESIAN_POINT('Origin',(-28.2453803744967,-43.0946227794141,1.));
#15089=CARTESIAN_POINT('',(-27.5382735933101,-43.8017295606007,0.));
#15090=CARTESIAN_POINT('Origin',(-28.2453803744967,-43.0946227794141,0.));
#15091=CARTESIAN_POINT('',(-27.5382735933101,-43.8017295606007,0.));
#15092=CARTESIAN_POINT('Origin',(-28.7120708500798,-44.9755268173703,0.));
#15093=CARTESIAN_POINT('',(-28.7120708500798,-44.9755268173702,1.));
#15094=CARTESIAN_POINT('',(-27.0132468082792,-43.2767027755697,1.));
#15095=CARTESIAN_POINT('',(-28.7120708500798,-44.9755268173702,0.));
#15096=CARTESIAN_POINT('',(-27.0132468082792,-43.2767027755697,0.));
#15097=CARTESIAN_POINT('',(-28.7120708500798,-44.9755268173702,0.));
#15098=CARTESIAN_POINT('Origin',(-29.4191776312664,-44.2684200361837,0.));
#15099=CARTESIAN_POINT('Origin',(-29.4191776312664,-44.2684200361837,1.));
#15100=CARTESIAN_POINT('Origin',(-29.4191776312664,-44.2684200361837,0.));
#15101=CARTESIAN_POINT('Origin',(-34.5068109219036,-53.5986940139402,0.));
#15102=CARTESIAN_POINT('',(-33.799704140717,-54.3058007951268,1.));
#15103=CARTESIAN_POINT('',(-35.2139177030901,-52.8915872327537,1.));
#15104=CARTESIAN_POINT('Origin',(-34.5068109219036,-53.5986940139402,1.));
#15105=CARTESIAN_POINT('',(-33.799704140717,-54.3058007951268,0.));
#15106=CARTESIAN_POINT('',(-33.799704140717,-54.3058007951268,0.));
#15107=CARTESIAN_POINT('',(-35.2139177030901,-52.8915872327537,0.));
#15108=CARTESIAN_POINT('Origin',(-34.5068109219036,-53.5986940139402,0.));
#15109=CARTESIAN_POINT('',(-35.2139177030901,-52.8915872327537,0.));
#15110=CARTESIAN_POINT('Origin',(-30.5505484811648,-48.2282180108283,0.));
#15111=CARTESIAN_POINT('',(-30.5505484811648,-48.2282180108283,1.));
#15112=CARTESIAN_POINT('',(-27.5789322332283,-45.2566017628917,1.));
#15113=CARTESIAN_POINT('',(-30.5505484811648,-48.2282180108283,0.));
#15114=CARTESIAN_POINT('',(-27.5789322332283,-45.2566017628917,0.));
#15115=CARTESIAN_POINT('',(-30.5505484811648,-48.2282180108283,0.));
#15116=CARTESIAN_POINT('Origin',(-29.8434416999783,-48.9353247920149,0.));
#15117=CARTESIAN_POINT('',(-29.1363349187917,-49.6424315732014,1.));
#15118=CARTESIAN_POINT('Origin',(-29.8434416999783,-48.9353247920149,1.));
#15119=CARTESIAN_POINT('',(-29.1363349187917,-49.6424315732014,0.));
#15120=CARTESIAN_POINT('Origin',(-29.8434416999783,-48.9353247920149,0.));
#15121=CARTESIAN_POINT('',(-29.1363349187917,-49.6424315732014,0.));
#15122=CARTESIAN_POINT('Origin',(-33.799704140717,-54.3058007951268,0.));
#15123=CARTESIAN_POINT('',(-28.4964032818178,-49.0024999362275,1.));
#15124=CARTESIAN_POINT('',(-28.4964032818178,-49.0024999362275,0.));
#15125=CARTESIAN_POINT('Origin',(-42.2849855149556,-45.8205194208882,0.));
#15126=CARTESIAN_POINT('',(-37.6216162930303,-41.1571501989628,1.));
#15127=CARTESIAN_POINT('',(-42.2849855149556,-45.8205194208882,1.));
#15128=CARTESIAN_POINT('',(-36.9816846560564,-40.5172185619889,1.));
#15129=CARTESIAN_POINT('',(-37.6216162930303,-41.1571501989628,0.));
#15130=CARTESIAN_POINT('',(-37.6216162930303,-41.1571501989628,0.));
#15131=CARTESIAN_POINT('',(-42.2849855149556,-45.8205194208882,0.));
#15132=CARTESIAN_POINT('',(-36.9816846560564,-40.5172185619889,0.));
#15133=CARTESIAN_POINT('',(-42.2849855149556,-45.8205194208882,0.));
#15134=CARTESIAN_POINT('Origin',(-42.9920922961421,-45.1134126397017,0.));
#15135=CARTESIAN_POINT('',(-43.6991990773287,-44.4063058585151,1.));
#15136=CARTESIAN_POINT('Origin',(-42.9920922961421,-45.1134126397017,1.));
#15137=CARTESIAN_POINT('',(-43.6991990773287,-44.4063058585151,0.));
#15138=CARTESIAN_POINT('Origin',(-42.9920922961421,-45.1134126397017,0.));
#15139=CARTESIAN_POINT('',(-43.6991990773287,-44.4063058585151,0.));
#15140=CARTESIAN_POINT('Origin',(-39.0358298554034,-39.7429366365898,0.));
#15141=CARTESIAN_POINT('',(-39.0358298554034,-39.7429366365898,1.));
#15142=CARTESIAN_POINT('',(-36.0642136074669,-36.7713203886532,1.));
#15143=CARTESIAN_POINT('',(-39.0358298554034,-39.7429366365898,0.));
#15144=CARTESIAN_POINT('',(-36.0642136074669,-36.7713203886532,0.));
#15145=CARTESIAN_POINT('',(-39.0358298554034,-39.7429366365898,0.));
#15146=CARTESIAN_POINT('Origin',(-38.3287230742169,-40.4500434177763,0.));
#15147=CARTESIAN_POINT('Origin',(-38.3287230742169,-40.4500434177763,1.));
#15148=CARTESIAN_POINT('Origin',(-38.3287230742169,-40.4500434177763,0.));
#15149=CARTESIAN_POINT('Origin',(-41.4399929114377,-32.2476047560123,0.));
#15150=CARTESIAN_POINT('',(-40.266195654668,-31.0738074992428,1.));
#15151=CARTESIAN_POINT('',(-41.4399929114377,-32.2476047560123,1.));
#15152=CARTESIAN_POINT('',(-39.7411688696373,-30.5487807142122,1.));
#15153=CARTESIAN_POINT('',(-40.266195654668,-31.0738074992428,0.));
#15154=CARTESIAN_POINT('',(-40.266195654668,-31.0738074992428,0.));
#15155=CARTESIAN_POINT('',(-41.4399929114377,-32.2476047560123,0.));
#15156=CARTESIAN_POINT('',(-39.7411688696373,-30.5487807142122,0.));
#15157=CARTESIAN_POINT('',(-41.4399929114377,-32.2476047560123,0.));
#15158=CARTESIAN_POINT('Origin',(-42.1470996926243,-31.5404979748258,0.));
#15159=CARTESIAN_POINT('',(-42.8542064738108,-30.8333911936392,1.));
#15160=CARTESIAN_POINT('Origin',(-42.1470996926243,-31.5404979748258,1.));
#15161=CARTESIAN_POINT('',(-42.8542064738108,-30.8333911936392,0.));
#15162=CARTESIAN_POINT('Origin',(-42.1470996926243,-31.5404979748258,0.));
#15163=CARTESIAN_POINT('',(-42.8542064738108,-30.8333911936392,0.));
#15164=CARTESIAN_POINT('Origin',(-41.6804092170411,-29.6595939368697,0.));
#15165=CARTESIAN_POINT('',(-41.6804092170411,-29.6595939368697,1.));
#15166=CARTESIAN_POINT('',(-40.5684838036255,-28.5476685234542,1.));
#15167=CARTESIAN_POINT('',(-41.6804092170411,-29.6595939368697,0.));
#15168=CARTESIAN_POINT('',(-40.5684838036255,-28.5476685234542,0.));
#15169=CARTESIAN_POINT('',(-41.6804092170411,-29.6595939368697,0.));
#15170=CARTESIAN_POINT('Origin',(-40.9733024358545,-30.3667007180562,0.));
#15171=CARTESIAN_POINT('Origin',(-40.9733024358545,-30.3667007180562,1.));
#15172=CARTESIAN_POINT('Origin',(-40.9733024358545,-30.3667007180562,0.));
#15173=CARTESIAN_POINT('Origin',(-44.4063058585152,-43.6991990773285,0.));
#15174=CARTESIAN_POINT('',(-39.74293663659,-39.0358298554032,1.));
#15175=CARTESIAN_POINT('',(-44.4063058734164,-43.6991990922297,1.));
#15176=CARTESIAN_POINT('',(-39.1030049996161,-38.3958982184294,1.));
#15177=CARTESIAN_POINT('',(-39.74293663659,-39.0358298554032,0.));
#15178=CARTESIAN_POINT('',(-39.74293663659,-39.0358298554032,0.));
#15179=CARTESIAN_POINT('',(-44.4063058734164,-43.6991990922297,0.));
#15180=CARTESIAN_POINT('',(-39.1030049996161,-38.3958982184294,0.));
#15181=CARTESIAN_POINT('',(-44.4063058734164,-43.6991990922297,0.));
#15182=CARTESIAN_POINT('Origin',(-45.1134126397018,-42.992092296142,0.));
#15183=CARTESIAN_POINT('',(-45.8205194208884,-42.2849855149554,1.));
#15184=CARTESIAN_POINT('Origin',(-45.1134126397018,-42.992092296142,1.));
#15185=CARTESIAN_POINT('',(-45.8205194208884,-42.2849855149554,0.));
#15186=CARTESIAN_POINT('Origin',(-45.1134126397018,-42.992092296142,0.));
#15187=CARTESIAN_POINT('',(-45.8205194208884,-42.2849855149554,0.));
#15188=CARTESIAN_POINT('Origin',(-41.1571501989631,-37.6216162930301,0.));
#15189=CARTESIAN_POINT('',(-41.1571501989631,-37.6216162930301,1.));
#15190=CARTESIAN_POINT('',(-38.1855339510266,-34.6500000450936,1.));
#15191=CARTESIAN_POINT('',(-41.1571501989631,-37.6216162930301,0.));
#15192=CARTESIAN_POINT('',(-38.1855339510266,-34.6500000450936,0.));
#15193=CARTESIAN_POINT('',(-41.1571501989631,-37.6216162930301,0.));
#15194=CARTESIAN_POINT('Origin',(-40.4500434177765,-38.3287230742167,0.));
#15195=CARTESIAN_POINT('Origin',(-40.4500434177765,-38.3287230742167,1.));
#15196=CARTESIAN_POINT('Origin',(-40.4500434177765,-38.3287230742167,0.));
#15197=CARTESIAN_POINT('Origin',(-47.521111229642,-31.2576552623512,0.));
#15198=CARTESIAN_POINT('',(-52.1844804515673,-35.9210244842765,1.));
#15199=CARTESIAN_POINT('',(-47.521111229642,-31.2576552623512,1.));
#15200=CARTESIAN_POINT('',(-44.5494949817056,-28.2860390144147,1.));
#15201=CARTESIAN_POINT('',(-52.1844804515673,-35.9210244842765,0.));
#15202=CARTESIAN_POINT('',(-52.1844804515673,-35.9210244842765,0.));
#15203=CARTESIAN_POINT('',(-47.521111229642,-31.2576552623512,0.));
#15204=CARTESIAN_POINT('',(-44.5494949817056,-28.2860390144147,0.));
#15205=CARTESIAN_POINT('',(-47.521111229642,-31.2576552623512,0.));
#15206=CARTESIAN_POINT('Origin',(-46.8140044484554,-31.9647620435377,0.));
#15207=CARTESIAN_POINT('',(-46.1068976672689,-32.6718688247243,1.));
#15208=CARTESIAN_POINT('Origin',(-46.8140044484554,-31.9647620435377,1.));
#15209=CARTESIAN_POINT('',(-46.1068976672689,-32.6718688247243,0.));
#15210=CARTESIAN_POINT('Origin',(-46.8140044484554,-31.9647620435377,0.));
#15211=CARTESIAN_POINT('',(-46.1068976672689,-32.6718688247243,0.));
#15212=CARTESIAN_POINT('Origin',(-50.7702668891942,-37.3352380466496,0.));
#15213=CARTESIAN_POINT('',(-50.7702668891942,-37.3352380466496,1.));
#15214=CARTESIAN_POINT('',(-45.4669660302951,-32.0319371877505,1.));
#15215=CARTESIAN_POINT('',(-50.7702668891942,-37.3352380466496,0.));
#15216=CARTESIAN_POINT('',(-45.4669660302951,-32.0319371877505,0.));
#15217=CARTESIAN_POINT('',(-50.7702668891942,-37.3352380466496,0.));
#15218=CARTESIAN_POINT('Origin',(-51.4773736703808,-36.6281312654631,0.));
#15219=CARTESIAN_POINT('Origin',(-51.4773736703808,-36.6281312654631,1.));
#15220=CARTESIAN_POINT('Origin',(-51.4773736703808,-36.6281312654631,0.));
#15221=CARTESIAN_POINT('Origin',(-43.8017295606007,-27.5382735933101,0.));
#15222=CARTESIAN_POINT('',(-44.9755268173705,-28.7120708500796,1.));
#15223=CARTESIAN_POINT('',(-43.8017295606007,-27.53827359331,1.));
#15224=CARTESIAN_POINT('',(-42.689804147185,-26.4263481798945,1.));
#15225=CARTESIAN_POINT('',(-44.9755268173705,-28.7120708500796,0.));
#15226=CARTESIAN_POINT('',(-44.9755268173705,-28.7120708500796,0.));
#15227=CARTESIAN_POINT('',(-43.8017295606007,-27.53827359331,0.));
#15228=CARTESIAN_POINT('',(-42.689804147185,-26.4263481798945,0.));
#15229=CARTESIAN_POINT('',(-43.8017295606007,-27.53827359331,0.));
#15230=CARTESIAN_POINT('Origin',(-43.0946227794142,-28.2453803744966,0.));
#15231=CARTESIAN_POINT('',(-42.3875159982276,-28.9524871556831,1.));
#15232=CARTESIAN_POINT('Origin',(-43.0946227794142,-28.2453803744966,1.));
#15233=CARTESIAN_POINT('',(-42.3875159982276,-28.9524871556831,0.));
#15234=CARTESIAN_POINT('Origin',(-43.0946227794142,-28.2453803744966,0.));
#15235=CARTESIAN_POINT('',(-42.3875159982276,-28.9524871556831,0.));
#15236=CARTESIAN_POINT('Origin',(-43.5613132549974,-30.1262844124527,0.));
#15237=CARTESIAN_POINT('',(-43.5613132549973,-30.1262844124527,1.));
#15238=CARTESIAN_POINT('',(-41.8624892131968,-28.4274603706524,1.));
#15239=CARTESIAN_POINT('',(-43.5613132549973,-30.1262844124527,0.));
#15240=CARTESIAN_POINT('',(-41.8624892131968,-28.4274603706524,0.));
#15241=CARTESIAN_POINT('',(-43.5613132549973,-30.1262844124527,0.));
#15242=CARTESIAN_POINT('Origin',(-44.2684200361839,-29.4191776312661,0.));
#15243=CARTESIAN_POINT('Origin',(-44.2684200361839,-29.4191776312661,1.));
#15244=CARTESIAN_POINT('Origin',(-44.2684200361839,-29.4191776312661,0.));
#15245=CARTESIAN_POINT('Origin',(-40.8707719525825,-47.2347329832613,0.));
#15246=CARTESIAN_POINT('',(-40.1636651713959,-47.9418397644479,1.));
#15247=CARTESIAN_POINT('',(-41.577878733769,-46.5276262020748,1.));
#15248=CARTESIAN_POINT('Origin',(-40.8707719525825,-47.2347329832613,1.));
#15249=CARTESIAN_POINT('',(-40.1636651713959,-47.9418397644479,0.));
#15250=CARTESIAN_POINT('',(-40.1636651713959,-47.9418397644479,0.));
#15251=CARTESIAN_POINT('',(-41.577878733769,-46.5276262020748,0.));
#15252=CARTESIAN_POINT('Origin',(-40.8707719525825,-47.2347329832613,0.));
#15253=CARTESIAN_POINT('',(-41.577878733769,-46.5276262020748,0.));
#15254=CARTESIAN_POINT('Origin',(-36.9145095118438,-41.8642569801494,0.));
#15255=CARTESIAN_POINT('',(-36.9145095118438,-41.8642569801494,1.));
#15256=CARTESIAN_POINT('',(-33.9428932639073,-38.8926407322128,1.));
#15257=CARTESIAN_POINT('',(-36.9145095118438,-41.8642569801494,0.));
#15258=CARTESIAN_POINT('',(-33.9428932639073,-38.8926407322128,0.));
#15259=CARTESIAN_POINT('',(-36.9145095118438,-41.8642569801494,0.));
#15260=CARTESIAN_POINT('Origin',(-36.2074027306572,-42.5713637613359,0.));
#15261=CARTESIAN_POINT('',(-35.5002959494707,-43.2784705425225,1.));
#15262=CARTESIAN_POINT('Origin',(-36.2074027306572,-42.5713637613359,1.));
#15263=CARTESIAN_POINT('',(-35.5002959494707,-43.2784705425225,0.));
#15264=CARTESIAN_POINT('Origin',(-36.2074027306572,-42.5713637613359,0.));
#15265=CARTESIAN_POINT('',(-35.5002959494707,-43.2784705425225,0.));
#15266=CARTESIAN_POINT('Origin',(-40.1636651713959,-47.9418397644479,0.));
#15267=CARTESIAN_POINT('',(-34.8603643124968,-42.6385389055486,1.));
#15268=CARTESIAN_POINT('',(-34.8603643124968,-42.6385389055486,0.));
#15269=CARTESIAN_POINT('Origin',(-32.3854905783439,-55.7200143574999,0.));
#15270=CARTESIAN_POINT('',(-31.6783837971574,-56.4271211386864,1.));
#15271=CARTESIAN_POINT('',(-33.0925973595305,-55.0129075763134,1.));
#15272=CARTESIAN_POINT('Origin',(-32.3854905783439,-55.7200143574999,1.));
#15273=CARTESIAN_POINT('',(-31.6783837971574,-56.4271211386864,0.));
#15274=CARTESIAN_POINT('',(-31.6783837971574,-56.4271211386864,0.));
#15275=CARTESIAN_POINT('',(-33.0925973595305,-55.0129075763134,0.));
#15276=CARTESIAN_POINT('Origin',(-32.3854905783439,-55.7200143574999,0.));
#15277=CARTESIAN_POINT('',(-33.0925973595305,-55.0129075763134,0.));
#15278=CARTESIAN_POINT('Origin',(-28.4292281376052,-50.349538354388,0.));
#15279=CARTESIAN_POINT('',(-28.4292281376052,-50.349538354388,1.));
#15280=CARTESIAN_POINT('',(-25.4576118896686,-47.3779221064514,1.));
#15281=CARTESIAN_POINT('',(-28.4292281376052,-50.349538354388,0.));
#15282=CARTESIAN_POINT('',(-25.4576118896686,-47.3779221064514,0.));
#15283=CARTESIAN_POINT('',(-28.4292281376052,-50.349538354388,0.));
#15284=CARTESIAN_POINT('Origin',(-27.7221213564186,-51.0566451355745,0.));
#15285=CARTESIAN_POINT('',(-27.0150145752321,-51.763751916761,1.));
#15286=CARTESIAN_POINT('Origin',(-27.7221213564186,-51.0566451355745,1.));
#15287=CARTESIAN_POINT('',(-27.0150145752321,-51.763751916761,0.));
#15288=CARTESIAN_POINT('Origin',(-27.7221213564186,-51.0566451355745,0.));
#15289=CARTESIAN_POINT('',(-27.0150145752321,-51.763751916761,0.));
#15290=CARTESIAN_POINT('Origin',(-31.6783837971574,-56.4271211386864,0.));
#15291=CARTESIAN_POINT('',(-26.3750829382581,-51.1238202797871,1.));
#15292=CARTESIAN_POINT('',(-26.3750829382581,-51.1238202797871,0.));
#15293=CARTESIAN_POINT('Origin',(-30.8333911787383,-42.8542064589095,0.));
#15294=CARTESIAN_POINT('',(-29.6595939368698,-41.680409217041,1.));
#15295=CARTESIAN_POINT('',(-30.8333911787383,-42.8542064589094,1.));
#15296=CARTESIAN_POINT('',(-29.1345671443883,-41.1553824245595,1.));
#15297=CARTESIAN_POINT('',(-29.6595939368698,-41.680409217041,0.));
#15298=CARTESIAN_POINT('',(-29.6595939368698,-41.680409217041,0.));
#15299=CARTESIAN_POINT('',(-30.8333911787383,-42.8542064589094,0.));
#15300=CARTESIAN_POINT('',(-29.1345671443883,-41.1553824245595,0.));
#15301=CARTESIAN_POINT('',(-30.8333911787383,-42.8542064589094,0.));
#15302=CARTESIAN_POINT('Origin',(-31.540497974826,-42.147099692624,0.));
#15303=CARTESIAN_POINT('',(-32.2476047560125,-41.4399929114375,1.));
#15304=CARTESIAN_POINT('Origin',(-31.540497974826,-42.147099692624,1.));
#15305=CARTESIAN_POINT('',(-32.2476047560125,-41.4399929114375,0.));
#15306=CARTESIAN_POINT('Origin',(-31.540497974826,-42.147099692624,0.));
#15307=CARTESIAN_POINT('',(-32.2476047560125,-41.4399929114375,0.));
#15308=CARTESIAN_POINT('Origin',(-31.0738074992429,-40.2661956546679,0.));
#15309=CARTESIAN_POINT('',(-31.0738074992429,-40.2661956546679,1.));
#15310=CARTESIAN_POINT('',(-29.9618820858271,-39.1542702412522,1.));
#15311=CARTESIAN_POINT('',(-31.0738074992429,-40.2661956546679,0.));
#15312=CARTESIAN_POINT('',(-29.9618820858271,-39.1542702412522,0.));
#15313=CARTESIAN_POINT('',(-31.0738074992429,-40.2661956546679,0.));
#15314=CARTESIAN_POINT('Origin',(-30.3667007180563,-40.9733024358545,0.));
#15315=CARTESIAN_POINT('Origin',(-30.3667007180563,-40.9733024358545,1.));
#15316=CARTESIAN_POINT('Origin',(-30.3667007180563,-40.9733024358545,0.));
#15317=CARTESIAN_POINT('Origin',(-23.2956329061908,-48.04437024772,62.2));
#15318=CARTESIAN_POINT('',(-24.4694301629605,-49.2181675044896,61.2));
#15319=CARTESIAN_POINT('',(-23.2956329061908,-48.04437024772,61.2));
#15320=CARTESIAN_POINT('',(-22.183707492775,-46.9324448343041,61.2));
#15321=CARTESIAN_POINT('',(-24.4694301629605,-49.2181675044896,62.2));
#15322=CARTESIAN_POINT('',(-24.4694301629605,-49.2181675044896,62.2));
#15323=CARTESIAN_POINT('',(-23.2956329061908,-48.04437024772,62.2));
#15324=CARTESIAN_POINT('',(-22.183707492775,-46.9324448343041,62.2));
#15325=CARTESIAN_POINT('',(-23.2956329061908,-48.04437024772,62.2));
#15326=CARTESIAN_POINT('Origin',(-24.0027396873774,-47.3372634665334,62.2));
#15327=CARTESIAN_POINT('',(-24.7098464685639,-46.6301566853469,61.2));
#15328=CARTESIAN_POINT('Origin',(-24.0027396873774,-47.3372634665334,61.2));
#15329=CARTESIAN_POINT('',(-24.7098464685639,-46.6301566853469,62.2));
#15330=CARTESIAN_POINT('Origin',(-24.0027396873774,-47.3372634665334,62.2));
#15331=CARTESIAN_POINT('',(-24.7098464685639,-46.6301566853469,62.2));
#15332=CARTESIAN_POINT('Origin',(-25.8836437253336,-47.8039539421166,62.2));
#15333=CARTESIAN_POINT('',(-25.8836437253336,-47.8039539421166,61.2));
#15334=CARTESIAN_POINT('',(-24.1848196835329,-46.1051299003159,61.2));
#15335=CARTESIAN_POINT('',(-25.8836437253336,-47.8039539421166,62.2));
#15336=CARTESIAN_POINT('',(-24.1848196835329,-46.1051299003159,62.2));
#15337=CARTESIAN_POINT('',(-25.8836437253336,-47.8039539421166,62.2));
#15338=CARTESIAN_POINT('Origin',(-25.176536944147,-48.5110607233031,62.2));
#15339=CARTESIAN_POINT('Origin',(-25.176536944147,-48.5110607233031,61.2));
#15340=CARTESIAN_POINT('Origin',(-25.176536944147,-48.5110607233031,62.2));
#15341=CARTESIAN_POINT('Origin',(-33.378975605911,-45.3997908860823,62.2));
#15342=CARTESIAN_POINT('',(-38.0423448278363,-50.0631601080076,61.2));
#15343=CARTESIAN_POINT('',(-33.378975605911,-45.3997908860823,61.2));
#15344=CARTESIAN_POINT('',(-30.4073593579745,-42.4281746381458,61.2));
#15345=CARTESIAN_POINT('',(-38.0423448278363,-50.0631601080076,62.2));
#15346=CARTESIAN_POINT('',(-38.0423448278363,-50.0631601080076,62.2));
#15347=CARTESIAN_POINT('',(-33.378975605911,-45.3997908860823,62.2));
#15348=CARTESIAN_POINT('',(-30.4073593579745,-42.4281746381458,62.2));
#15349=CARTESIAN_POINT('',(-33.378975605911,-45.3997908860823,62.2));
#15350=CARTESIAN_POINT('Origin',(-34.0860823870975,-44.6926841048957,62.2));
#15351=CARTESIAN_POINT('',(-34.7931891682841,-43.9855773237092,61.2));
#15352=CARTESIAN_POINT('Origin',(-34.0860823870975,-44.6926841048957,61.2));
#15353=CARTESIAN_POINT('',(-34.7931891682841,-43.9855773237092,62.2));
#15354=CARTESIAN_POINT('Origin',(-34.0860823870975,-44.6926841048957,62.2));
#15355=CARTESIAN_POINT('',(-34.7931891682841,-43.9855773237092,62.2));
#15356=CARTESIAN_POINT('Origin',(-39.4565583902094,-48.6489465456345,62.2));
#15357=CARTESIAN_POINT('',(-39.4565583902094,-48.6489465456345,61.2));
#15358=CARTESIAN_POINT('',(-34.1532575313103,-43.3456456867354,61.2));
#15359=CARTESIAN_POINT('',(-39.4565583902094,-48.6489465456345,62.2));
#15360=CARTESIAN_POINT('',(-34.1532575313103,-43.3456456867354,62.2));
#15361=CARTESIAN_POINT('',(-39.4565583902094,-48.6489465456345,62.2));
#15362=CARTESIAN_POINT('Origin',(-38.7494516090228,-49.356053326821,62.2));
#15363=CARTESIAN_POINT('Origin',(-38.7494516090228,-49.356053326821,61.2));
#15364=CARTESIAN_POINT('Origin',(-38.7494516090228,-49.356053326821,62.2));
#15365=CARTESIAN_POINT('Origin',(-43.6991990773287,-44.4063058585152,62.2));
#15366=CARTESIAN_POINT('',(-39.0358298554034,-39.7429366365899,61.2));
#15367=CARTESIAN_POINT('',(-43.6991990773287,-44.4063058585152,61.2));
#15368=CARTESIAN_POINT('',(-38.3958982184296,-39.1030049996161,61.2));
#15369=CARTESIAN_POINT('',(-39.0358298554034,-39.7429366365899,62.2));
#15370=CARTESIAN_POINT('',(-39.0358298554034,-39.7429366365899,62.2));
#15371=CARTESIAN_POINT('',(-43.6991990773287,-44.4063058585152,62.2));
#15372=CARTESIAN_POINT('',(-38.3958982184296,-39.1030049996161,62.2));
#15373=CARTESIAN_POINT('',(-43.6991990773287,-44.4063058585152,62.2));
#15374=CARTESIAN_POINT('Origin',(-42.9920922961421,-45.1134126397018,62.2));
#15375=CARTESIAN_POINT('',(-42.2849855149555,-45.8205194208883,61.2));
#15376=CARTESIAN_POINT('Origin',(-42.9920922961421,-45.1134126397018,61.2));
#15377=CARTESIAN_POINT('',(-42.2849855149555,-45.8205194208883,62.2));
#15378=CARTESIAN_POINT('Origin',(-42.9920922961421,-45.1134126397018,62.2));
#15379=CARTESIAN_POINT('',(-42.2849855149555,-45.8205194208883,62.2));
#15380=CARTESIAN_POINT('Origin',(-37.6216162930303,-41.157150198963,62.2));
#15381=CARTESIAN_POINT('',(-37.6216162930303,-41.157150198963,61.2));
#15382=CARTESIAN_POINT('',(-34.6500000450938,-38.1855339510265,61.2));
#15383=CARTESIAN_POINT('',(-37.6216162930303,-41.157150198963,62.2));
#15384=CARTESIAN_POINT('',(-34.6500000450938,-38.1855339510265,62.2));
#15385=CARTESIAN_POINT('',(-37.6216162930303,-41.157150198963,62.2));
#15386=CARTESIAN_POINT('Origin',(-38.3287230742168,-40.4500434177764,62.2));
#15387=CARTESIAN_POINT('Origin',(-38.3287230742168,-40.4500434177764,61.2));
#15388=CARTESIAN_POINT('Origin',(-38.3287230742168,-40.4500434177764,62.2));
#15389=CARTESIAN_POINT('Origin',(-41.8642569801496,-36.9145095118437,62.2));
#15390=CARTESIAN_POINT('',(-46.5276262020749,-41.577878733769,61.2));
#15391=CARTESIAN_POINT('',(-41.8642569801496,-36.9145095118437,61.2));
#15392=CARTESIAN_POINT('',(-38.892640732213,-33.9428932639073,61.2));
#15393=CARTESIAN_POINT('',(-46.5276262020749,-41.577878733769,62.2));
#15394=CARTESIAN_POINT('',(-46.5276262020749,-41.577878733769,62.2));
#15395=CARTESIAN_POINT('',(-41.8642569801496,-36.9145095118437,62.2));
#15396=CARTESIAN_POINT('',(-38.892640732213,-33.9428932639073,62.2));
#15397=CARTESIAN_POINT('',(-41.8642569801496,-36.9145095118437,62.2));
#15398=CARTESIAN_POINT('Origin',(-42.5713637613361,-36.2074027306572,62.2));
#15399=CARTESIAN_POINT('',(-43.2784705425227,-35.5002959494707,61.2));
#15400=CARTESIAN_POINT('Origin',(-42.5713637613361,-36.2074027306572,61.2));
#15401=CARTESIAN_POINT('',(-43.2784705425227,-35.5002959494707,62.2));
#15402=CARTESIAN_POINT('Origin',(-42.5713637613361,-36.2074027306572,62.2));
#15403=CARTESIAN_POINT('',(-43.2784705425227,-35.5002959494707,62.2));
#15404=CARTESIAN_POINT('Origin',(-47.9418397644479,-40.1636651713959,62.2));
#15405=CARTESIAN_POINT('',(-47.9418397644479,-40.1636651713959,61.2));
#15406=CARTESIAN_POINT('',(-42.6385389055488,-34.8603643124968,61.2));
#15407=CARTESIAN_POINT('',(-47.9418397644479,-40.1636651713959,62.2));
#15408=CARTESIAN_POINT('',(-42.6385389055488,-34.8603643124968,62.2));
#15409=CARTESIAN_POINT('',(-47.9418397644479,-40.1636651713959,62.2));
#15410=CARTESIAN_POINT('Origin',(-47.2347329832614,-40.8707719525825,62.2));
#15411=CARTESIAN_POINT('Origin',(-47.2347329832614,-40.8707719525825,61.2));
#15412=CARTESIAN_POINT('Origin',(-47.2347329832614,-40.8707719525825,62.2));
#15413=CARTESIAN_POINT('Origin',(-46.1068976672689,-32.6718688247245,62.2));
#15414=CARTESIAN_POINT('',(-50.7702668891941,-37.3352380466497,61.2));
#15415=CARTESIAN_POINT('',(-46.1068976672689,-32.6718688247245,61.2));
#15416=CARTESIAN_POINT('',(-43.1352814193323,-29.700252576788,61.2));
#15417=CARTESIAN_POINT('',(-50.7702668891941,-37.3352380466497,62.2));
#15418=CARTESIAN_POINT('',(-50.7702668891941,-37.3352380466497,62.2));
#15419=CARTESIAN_POINT('',(-46.1068976672689,-32.6718688247245,62.2));
#15420=CARTESIAN_POINT('',(-43.1352814193323,-29.700252576788,62.2));
#15421=CARTESIAN_POINT('',(-46.1068976672689,-32.6718688247245,62.2));
#15422=CARTESIAN_POINT('Origin',(-46.8140044484554,-31.9647620435379,62.2));
#15423=CARTESIAN_POINT('',(-47.5211112296419,-31.2576552623514,61.2));
#15424=CARTESIAN_POINT('Origin',(-46.8140044484554,-31.9647620435379,61.2));
#15425=CARTESIAN_POINT('',(-47.5211112296419,-31.2576552623514,62.2));
#15426=CARTESIAN_POINT('Origin',(-46.8140044484554,-31.9647620435379,62.2));
#15427=CARTESIAN_POINT('',(-47.5211112296419,-31.2576552623514,62.2));
#15428=CARTESIAN_POINT('Origin',(-52.1844804515672,-35.9210244842766,62.2));
#15429=CARTESIAN_POINT('',(-52.1844804515672,-35.9210244842766,61.2));
#15430=CARTESIAN_POINT('',(-46.8811795926681,-30.6177236253775,61.2));
#15431=CARTESIAN_POINT('',(-52.1844804515672,-35.9210244842766,62.2));
#15432=CARTESIAN_POINT('',(-46.8811795926681,-30.6177236253775,62.2));
#15433=CARTESIAN_POINT('',(-52.1844804515672,-35.9210244842766,62.2));
#15434=CARTESIAN_POINT('Origin',(-51.4773736703807,-36.6281312654632,62.2));
#15435=CARTESIAN_POINT('Origin',(-51.4773736703807,-36.6281312654632,61.2));
#15436=CARTESIAN_POINT('Origin',(-51.4773736703807,-36.6281312654632,62.2));
#15437=CARTESIAN_POINT('Origin',(-50.3495383543881,-28.4292281376052,62.2));
#15438=CARTESIAN_POINT('',(-55.0129075763134,-33.0925973595304,61.2));
#15439=CARTESIAN_POINT('',(-50.3495383543881,-28.4292281376052,61.2));
#15440=CARTESIAN_POINT('',(-47.3779221064516,-25.4576118896687,61.2));
#15441=CARTESIAN_POINT('',(-55.0129075763134,-33.0925973595304,62.2));
#15442=CARTESIAN_POINT('',(-55.0129075763134,-33.0925973595304,62.2));
#15443=CARTESIAN_POINT('',(-50.3495383543881,-28.4292281376052,62.2));
#15444=CARTESIAN_POINT('',(-47.3779221064516,-25.4576118896687,62.2));
#15445=CARTESIAN_POINT('',(-50.3495383543881,-28.4292281376052,62.2));
#15446=CARTESIAN_POINT('Origin',(-51.0566451355747,-27.7221213564186,62.2));
#15447=CARTESIAN_POINT('',(-51.7637519167612,-27.0150145752321,61.2));
#15448=CARTESIAN_POINT('Origin',(-51.0566451355747,-27.7221213564186,61.2));
#15449=CARTESIAN_POINT('',(-51.7637519167612,-27.0150145752321,62.2));
#15450=CARTESIAN_POINT('Origin',(-51.0566451355747,-27.7221213564186,62.2));
#15451=CARTESIAN_POINT('',(-51.7637519167612,-27.0150145752321,62.2));
#15452=CARTESIAN_POINT('Origin',(-56.4271211386865,-31.6783837971574,62.2));
#15453=CARTESIAN_POINT('',(-56.4271211386865,-31.6783837971574,61.2));
#15454=CARTESIAN_POINT('',(-51.1238202797873,-26.3750829382582,61.2));
#15455=CARTESIAN_POINT('',(-56.4271211386865,-31.6783837971574,62.2));
#15456=CARTESIAN_POINT('',(-51.1238202797873,-26.3750829382582,62.2));
#15457=CARTESIAN_POINT('',(-56.4271211386865,-31.6783837971574,62.2));
#15458=CARTESIAN_POINT('Origin',(-55.7200143575,-32.3854905783439,62.2));
#15459=CARTESIAN_POINT('Origin',(-55.7200143575,-32.3854905783439,61.2));
#15460=CARTESIAN_POINT('Origin',(-55.7200143575,-32.3854905783439,62.2));
#15461=CARTESIAN_POINT('Origin',(-44.5088363417872,-26.8311668121236,62.2));
#15462=CARTESIAN_POINT('',(-45.6826335985569,-28.0049640688932,61.2));
#15463=CARTESIAN_POINT('',(-44.5088363417872,-26.8311668121236,61.2));
#15464=CARTESIAN_POINT('',(-43.3969109283713,-25.7192413987077,61.2));
#15465=CARTESIAN_POINT('',(-45.6826335985569,-28.0049640688932,62.2));
#15466=CARTESIAN_POINT('',(-45.6826335985569,-28.0049640688932,62.2));
#15467=CARTESIAN_POINT('',(-44.5088363417872,-26.8311668121236,62.2));
#15468=CARTESIAN_POINT('',(-43.3969109283713,-25.7192413987077,62.2));
#15469=CARTESIAN_POINT('',(-44.5088363417872,-26.8311668121236,62.2));
#15470=CARTESIAN_POINT('Origin',(-45.2159431229738,-26.124060030937,62.2));
#15471=CARTESIAN_POINT('',(-45.9230499041603,-25.4169532497505,61.2));
#15472=CARTESIAN_POINT('Origin',(-45.2159431229738,-26.124060030937,61.2));
#15473=CARTESIAN_POINT('',(-45.9230499041603,-25.4169532497505,62.2));
#15474=CARTESIAN_POINT('Origin',(-45.2159431229738,-26.124060030937,62.2));
#15475=CARTESIAN_POINT('',(-45.9230499041603,-25.4169532497505,62.2));
#15476=CARTESIAN_POINT('Origin',(-47.09684716093,-26.5907505065201,62.2));
#15477=CARTESIAN_POINT('',(-47.09684716093,-26.5907505065201,61.2));
#15478=CARTESIAN_POINT('',(-45.3980231191293,-24.8919264647194,61.2));
#15479=CARTESIAN_POINT('',(-47.09684716093,-26.5907505065201,62.2));
#15480=CARTESIAN_POINT('',(-45.3980231191293,-24.8919264647194,62.2));
#15481=CARTESIAN_POINT('',(-47.09684716093,-26.5907505065201,62.2));
#15482=CARTESIAN_POINT('Origin',(-46.3897403797435,-27.2978572877067,62.2));
#15483=CARTESIAN_POINT('Origin',(-46.3897403797435,-27.2978572877067,61.2));
#15484=CARTESIAN_POINT('Origin',(-46.3897403797435,-27.2978572877067,62.2));
#15485=CARTESIAN_POINT('Origin',(-43.9855773237092,-34.7931891682841,62.2));
#15486=CARTESIAN_POINT('',(-48.6489465456345,-39.4565583902094,61.2));
#15487=CARTESIAN_POINT('',(-43.9855773237092,-34.7931891682841,61.2));
#15488=CARTESIAN_POINT('',(-41.0139610757727,-31.8215729203476,61.2));
#15489=CARTESIAN_POINT('',(-48.6489465456345,-39.4565583902094,62.2));
#15490=CARTESIAN_POINT('',(-48.6489465456345,-39.4565583902094,62.2));
#15491=CARTESIAN_POINT('',(-43.9855773237092,-34.7931891682841,62.2));
#15492=CARTESIAN_POINT('',(-41.0139610757727,-31.8215729203476,62.2));
#15493=CARTESIAN_POINT('',(-43.9855773237092,-34.7931891682841,62.2));
#15494=CARTESIAN_POINT('Origin',(-44.6926841048958,-34.0860823870976,62.2));
#15495=CARTESIAN_POINT('',(-45.3997908860823,-33.378975605911,61.2));
#15496=CARTESIAN_POINT('Origin',(-44.6926841048958,-34.0860823870976,61.2));
#15497=CARTESIAN_POINT('',(-45.3997908860823,-33.378975605911,62.2));
#15498=CARTESIAN_POINT('Origin',(-44.6926841048958,-34.0860823870976,62.2));
#15499=CARTESIAN_POINT('',(-45.3997908860823,-33.378975605911,62.2));
#15500=CARTESIAN_POINT('Origin',(-50.0631601080076,-38.0423448278363,62.2));
#15501=CARTESIAN_POINT('',(-50.0631601080076,-38.0423448278363,61.2));
#15502=CARTESIAN_POINT('',(-44.7598592491084,-32.7390439689371,61.2));
#15503=CARTESIAN_POINT('',(-50.0631601080076,-38.0423448278363,62.2));
#15504=CARTESIAN_POINT('',(-44.7598592491084,-32.7390439689371,62.2));
#15505=CARTESIAN_POINT('',(-50.0631601080076,-38.0423448278363,62.2));
#15506=CARTESIAN_POINT('Origin',(-49.356053326821,-38.7494516090228,62.2));
#15507=CARTESIAN_POINT('Origin',(-49.356053326821,-38.7494516090228,61.2));
#15508=CARTESIAN_POINT('Origin',(-49.356053326821,-38.7494516090228,62.2));
#15509=CARTESIAN_POINT('Origin',(-45.8205194208883,-42.2849855149556,62.2));
#15510=CARTESIAN_POINT('',(-41.157150198963,-37.6216162930303,61.2));
#15511=CARTESIAN_POINT('',(-45.8205194208883,-42.2849855149556,61.2));
#15512=CARTESIAN_POINT('',(-40.5172185619891,-36.9816846560564,61.2));
#15513=CARTESIAN_POINT('',(-41.157150198963,-37.6216162930303,62.2));
#15514=CARTESIAN_POINT('',(-41.157150198963,-37.6216162930303,62.2));
#15515=CARTESIAN_POINT('',(-45.8205194208883,-42.2849855149556,62.2));
#15516=CARTESIAN_POINT('',(-40.5172185619891,-36.9816846560564,62.2));
#15517=CARTESIAN_POINT('',(-45.8205194208883,-42.2849855149556,62.2));
#15518=CARTESIAN_POINT('Origin',(-45.1134126397017,-42.9920922961421,62.2));
#15519=CARTESIAN_POINT('',(-44.4063058585152,-43.6991990773287,61.2));
#15520=CARTESIAN_POINT('Origin',(-45.1134126397017,-42.9920922961421,61.2));
#15521=CARTESIAN_POINT('',(-44.4063058585152,-43.6991990773287,62.2));
#15522=CARTESIAN_POINT('Origin',(-45.1134126397017,-42.9920922961421,62.2));
#15523=CARTESIAN_POINT('',(-44.4063058585152,-43.6991990773287,62.2));
#15524=CARTESIAN_POINT('Origin',(-39.7429366365899,-39.0358298554034,62.2));
#15525=CARTESIAN_POINT('',(-39.7429366365899,-39.0358298554034,61.2));
#15526=CARTESIAN_POINT('',(-36.7713203886534,-36.0642136074669,61.2));
#15527=CARTESIAN_POINT('',(-39.7429366365899,-39.0358298554034,62.2));
#15528=CARTESIAN_POINT('',(-36.7713203886534,-36.0642136074669,62.2));
#15529=CARTESIAN_POINT('',(-39.7429366365899,-39.0358298554034,62.2));
#15530=CARTESIAN_POINT('Origin',(-40.4500434177765,-38.3287230742168,62.2));
#15531=CARTESIAN_POINT('Origin',(-40.4500434177765,-38.3287230742168,61.2));
#15532=CARTESIAN_POINT('Origin',(-40.4500434177765,-38.3287230742168,62.2));
#15533=CARTESIAN_POINT('Origin',(-35.5002959494706,-43.2784705425227,62.2));
#15534=CARTESIAN_POINT('',(-40.1636651713959,-47.9418397644479,61.2));
#15535=CARTESIAN_POINT('',(-35.5002959494706,-43.2784705425227,61.2));
#15536=CARTESIAN_POINT('',(-32.5286797015342,-40.3068542945862,61.2));
#15537=CARTESIAN_POINT('',(-40.1636651713959,-47.9418397644479,62.2));
#15538=CARTESIAN_POINT('',(-40.1636651713959,-47.9418397644479,62.2));
#15539=CARTESIAN_POINT('',(-35.5002959494706,-43.2784705425227,62.2));
#15540=CARTESIAN_POINT('',(-32.5286797015342,-40.3068542945862,62.2));
#15541=CARTESIAN_POINT('',(-35.5002959494706,-43.2784705425227,62.2));
#15542=CARTESIAN_POINT('Origin',(-36.2074027306572,-42.5713637613361,62.2));
#15543=CARTESIAN_POINT('',(-36.9145095118437,-41.8642569801495,61.2));
#15544=CARTESIAN_POINT('Origin',(-36.2074027306572,-42.5713637613361,61.2));
#15545=CARTESIAN_POINT('',(-36.9145095118437,-41.8642569801495,62.2));
#15546=CARTESIAN_POINT('Origin',(-36.2074027306572,-42.5713637613361,62.2));
#15547=CARTESIAN_POINT('',(-36.9145095118437,-41.8642569801495,62.2));
#15548=CARTESIAN_POINT('Origin',(-41.577878733769,-46.5276262020749,62.2));
#15549=CARTESIAN_POINT('',(-41.577878733769,-46.5276262020749,61.2));
#15550=CARTESIAN_POINT('',(-36.2745778748699,-41.2243253431757,61.2));
#15551=CARTESIAN_POINT('',(-41.577878733769,-46.5276262020749,62.2));
#15552=CARTESIAN_POINT('',(-36.2745778748699,-41.2243253431757,62.2));
#15553=CARTESIAN_POINT('',(-41.577878733769,-46.5276262020749,62.2));
#15554=CARTESIAN_POINT('Origin',(-40.8707719525825,-47.2347329832614,62.2));
#15555=CARTESIAN_POINT('Origin',(-40.8707719525825,-47.2347329832614,61.2));
#15556=CARTESIAN_POINT('Origin',(-40.8707719525825,-47.2347329832614,62.2));
#15557=CARTESIAN_POINT('Origin',(-31.2576552623513,-47.5211112296419,62.2));
#15558=CARTESIAN_POINT('',(-35.9210244842766,-52.1844804515672,61.2));
#15559=CARTESIAN_POINT('',(-31.2576552623513,-47.5211112296419,61.2));
#15560=CARTESIAN_POINT('',(-28.2860390144149,-44.5494949817055,61.2));
#15561=CARTESIAN_POINT('',(-35.9210244842766,-52.1844804515672,62.2));
#15562=CARTESIAN_POINT('',(-35.9210244842766,-52.1844804515672,62.2));
#15563=CARTESIAN_POINT('',(-31.2576552623513,-47.5211112296419,62.2));
#15564=CARTESIAN_POINT('',(-28.2860390144149,-44.5494949817055,62.2));
#15565=CARTESIAN_POINT('',(-31.2576552623513,-47.5211112296419,62.2));
#15566=CARTESIAN_POINT('Origin',(-31.9647620435379,-46.8140044484554,62.2));
#15567=CARTESIAN_POINT('',(-32.6718688247244,-46.1068976672688,61.2));
#15568=CARTESIAN_POINT('Origin',(-31.9647620435379,-46.8140044484554,61.2));
#15569=CARTESIAN_POINT('',(-32.6718688247244,-46.1068976672688,62.2));
#15570=CARTESIAN_POINT('Origin',(-31.9647620435379,-46.8140044484554,62.2));
#15571=CARTESIAN_POINT('',(-32.6718688247244,-46.1068976672688,62.2));
#15572=CARTESIAN_POINT('Origin',(-37.3352380466497,-50.7702668891941,62.2));
#15573=CARTESIAN_POINT('',(-37.3352380466497,-50.7702668891941,61.2));
#15574=CARTESIAN_POINT('',(-32.0319371877506,-45.466966030295,61.2));
#15575=CARTESIAN_POINT('',(-37.3352380466497,-50.7702668891941,62.2));
#15576=CARTESIAN_POINT('',(-32.0319371877506,-45.466966030295,62.2));
#15577=CARTESIAN_POINT('',(-37.3352380466497,-50.7702668891941,62.2));
#15578=CARTESIAN_POINT('Origin',(-36.6281312654632,-51.4773736703807,62.2));
#15579=CARTESIAN_POINT('Origin',(-36.6281312654632,-51.4773736703807,61.2));
#15580=CARTESIAN_POINT('Origin',(-36.6281312654632,-51.4773736703807,62.2));
#15581=CARTESIAN_POINT('Origin',(-27.0150145752321,-51.7637519167612,62.2));
#15582=CARTESIAN_POINT('',(-31.6783837971573,-56.4271211386865,61.2));
#15583=CARTESIAN_POINT('',(-27.0150145752321,-51.7637519167612,61.2));
#15584=CARTESIAN_POINT('',(-24.0433983272956,-48.7921356688247,61.2));
#15585=CARTESIAN_POINT('',(-31.6783837971573,-56.4271211386865,62.2));
#15586=CARTESIAN_POINT('',(-31.6783837971573,-56.4271211386865,62.2));
#15587=CARTESIAN_POINT('',(-27.0150145752321,-51.7637519167612,62.2));
#15588=CARTESIAN_POINT('',(-24.0433983272956,-48.7921356688247,62.2));
#15589=CARTESIAN_POINT('',(-27.0150145752321,-51.7637519167612,62.2));
#15590=CARTESIAN_POINT('Origin',(-27.7221213564186,-51.0566451355747,62.2));
#15591=CARTESIAN_POINT('',(-28.4292281376052,-50.3495383543881,61.2));
#15592=CARTESIAN_POINT('Origin',(-27.7221213564186,-51.0566451355747,61.2));
#15593=CARTESIAN_POINT('',(-28.4292281376052,-50.3495383543881,62.2));
#15594=CARTESIAN_POINT('Origin',(-27.7221213564186,-51.0566451355747,62.2));
#15595=CARTESIAN_POINT('',(-28.4292281376052,-50.3495383543881,62.2));
#15596=CARTESIAN_POINT('Origin',(-33.0925973595304,-55.0129075763134,62.2));
#15597=CARTESIAN_POINT('',(-33.0925973595304,-55.0129075763134,61.2));
#15598=CARTESIAN_POINT('',(-27.7892965006313,-49.7096067174143,61.2));
#15599=CARTESIAN_POINT('',(-33.0925973595304,-55.0129075763134,62.2));
#15600=CARTESIAN_POINT('',(-27.7892965006313,-49.7096067174143,62.2));
#15601=CARTESIAN_POINT('',(-33.0925973595304,-55.0129075763134,62.2));
#15602=CARTESIAN_POINT('Origin',(-32.3854905783439,-55.7200143575,62.2));
#15603=CARTESIAN_POINT('Origin',(-32.3854905783439,-55.7200143575,61.2));
#15604=CARTESIAN_POINT('Origin',(-32.3854905783439,-55.7200143575,62.2));
#15605=CARTESIAN_POINT('Origin',(-25.4169532497505,-45.9230499041604,62.2));
#15606=CARTESIAN_POINT('',(-26.5907505065201,-47.09684716093,61.2));
#15607=CARTESIAN_POINT('',(-25.4169532497505,-45.9230499041604,61.2));
#15608=CARTESIAN_POINT('',(-24.3050278363346,-44.8111244907445,61.2));
#15609=CARTESIAN_POINT('',(-26.5907505065201,-47.09684716093,62.2));
#15610=CARTESIAN_POINT('',(-26.5907505065201,-47.09684716093,62.2));
#15611=CARTESIAN_POINT('',(-25.4169532497505,-45.9230499041604,62.2));
#15612=CARTESIAN_POINT('',(-24.3050278363346,-44.8111244907445,62.2));
#15613=CARTESIAN_POINT('',(-25.4169532497505,-45.9230499041604,62.2));
#15614=CARTESIAN_POINT('Origin',(-26.124060030937,-45.2159431229738,62.2));
#15615=CARTESIAN_POINT('',(-26.8311668121236,-44.5088363417872,61.2));
#15616=CARTESIAN_POINT('Origin',(-26.124060030937,-45.2159431229738,61.2));
#15617=CARTESIAN_POINT('',(-26.8311668121236,-44.5088363417872,62.2));
#15618=CARTESIAN_POINT('Origin',(-26.124060030937,-45.2159431229738,62.2));
#15619=CARTESIAN_POINT('',(-26.8311668121236,-44.5088363417872,62.2));
#15620=CARTESIAN_POINT('Origin',(-28.0049640688932,-45.6826335985569,62.2));
#15621=CARTESIAN_POINT('',(-28.0049640688932,-45.6826335985569,61.2));
#15622=CARTESIAN_POINT('',(-26.3061400270925,-43.9838095567562,61.2));
#15623=CARTESIAN_POINT('',(-28.0049640688932,-45.6826335985569,62.2));
#15624=CARTESIAN_POINT('',(-26.3061400270925,-43.9838095567562,62.2));
#15625=CARTESIAN_POINT('',(-28.0049640688932,-45.6826335985569,62.2));
#15626=CARTESIAN_POINT('Origin',(-27.2978572877067,-46.3897403797435,62.2));
#15627=CARTESIAN_POINT('Origin',(-27.2978572877067,-46.3897403797435,61.2));
#15628=CARTESIAN_POINT('Origin',(-27.2978572877067,-46.3897403797435,62.2));
#15629=CARTESIAN_POINT('Origin',(-29.6595939368698,-41.6804092170411,62.2));
#15630=CARTESIAN_POINT('',(-30.8333911936394,-42.8542064738107,61.2));
#15631=CARTESIAN_POINT('',(-29.6595939368698,-41.6804092170411,61.2));
#15632=CARTESIAN_POINT('',(-28.5476685234539,-40.5684838036252,61.2));
#15633=CARTESIAN_POINT('',(-30.8333911936394,-42.8542064738107,62.2));
#15634=CARTESIAN_POINT('',(-30.8333911936394,-42.8542064738107,62.2));
#15635=CARTESIAN_POINT('',(-29.6595939368698,-41.6804092170411,62.2));
#15636=CARTESIAN_POINT('',(-28.5476685234539,-40.5684838036252,62.2));
#15637=CARTESIAN_POINT('',(-29.6595939368698,-41.6804092170411,62.2));
#15638=CARTESIAN_POINT('Origin',(-30.3667007180563,-40.9733024358545,62.2));
#15639=CARTESIAN_POINT('',(-31.0738074992428,-40.2661956546679,61.2));
#15640=CARTESIAN_POINT('Origin',(-30.3667007180563,-40.9733024358545,61.2));
#15641=CARTESIAN_POINT('',(-31.0738074992428,-40.2661956546679,62.2));
#15642=CARTESIAN_POINT('Origin',(-30.3667007180563,-40.9733024358545,62.2));
#15643=CARTESIAN_POINT('',(-31.0738074992428,-40.2661956546679,62.2));
#15644=CARTESIAN_POINT('Origin',(-32.2476047560125,-41.4399929114376,62.2));
#15645=CARTESIAN_POINT('',(-32.2476047560125,-41.4399929114376,61.2));
#15646=CARTESIAN_POINT('',(-30.5487807142118,-39.7411688696369,61.2));
#15647=CARTESIAN_POINT('',(-32.2476047560125,-41.4399929114376,62.2));
#15648=CARTESIAN_POINT('',(-30.5487807142118,-39.7411688696369,62.2));
#15649=CARTESIAN_POINT('',(-32.2476047560125,-41.4399929114376,62.2));
#15650=CARTESIAN_POINT('Origin',(-31.540497974826,-42.1470996926242,62.2));
#15651=CARTESIAN_POINT('Origin',(-31.540497974826,-42.1470996926242,61.2));
#15652=CARTESIAN_POINT('Origin',(-31.540497974826,-42.1470996926242,62.2));
#15653=CARTESIAN_POINT('Origin',(-36.4902454431318,-37.1973522243183,62.2));
#15654=CARTESIAN_POINT('',(-35.3164481863621,-36.0235549675487,61.2));
#15655=CARTESIAN_POINT('',(-36.4902454431318,-37.1973522243183,61.2));
#15656=CARTESIAN_POINT('',(-34.7914214013311,-35.4985281825176,61.2));
#15657=CARTESIAN_POINT('',(-35.3164481863621,-36.0235549675487,62.2));
#15658=CARTESIAN_POINT('',(-35.3164481863621,-36.0235549675487,62.2));
#15659=CARTESIAN_POINT('',(-36.4902454431318,-37.1973522243183,62.2));
#15660=CARTESIAN_POINT('',(-34.7914214013311,-35.4985281825176,62.2));
#15661=CARTESIAN_POINT('',(-36.4902454431318,-37.1973522243183,62.2));
#15662=CARTESIAN_POINT('Origin',(-35.7831386619453,-37.9044590055049,62.2));
#15663=CARTESIAN_POINT('',(-35.0760318807587,-38.6115657866914,61.2));
#15664=CARTESIAN_POINT('Origin',(-35.7831386619453,-37.9044590055049,61.2));
#15665=CARTESIAN_POINT('',(-35.0760318807587,-38.6115657866914,62.2));
#15666=CARTESIAN_POINT('Origin',(-35.7831386619453,-37.9044590055049,62.2));
#15667=CARTESIAN_POINT('',(-35.0760318807587,-38.6115657866914,62.2));
#15668=CARTESIAN_POINT('Origin',(-33.902234623989,-37.4377685299218,62.2));
#15669=CARTESIAN_POINT('',(-33.902234623989,-37.4377685299218,61.2));
#15670=CARTESIAN_POINT('',(-32.7903092105732,-36.3258431165059,61.2));
#15671=CARTESIAN_POINT('',(-33.902234623989,-37.4377685299218,62.2));
#15672=CARTESIAN_POINT('',(-32.7903092105732,-36.3258431165059,62.2));
#15673=CARTESIAN_POINT('',(-33.902234623989,-37.4377685299218,62.2));
#15674=CARTESIAN_POINT('Origin',(-34.6093414051756,-36.7306617487352,62.2));
#15675=CARTESIAN_POINT('Origin',(-34.6093414051756,-36.7306617487352,61.2));
#15676=CARTESIAN_POINT('Origin',(-34.6093414051756,-36.7306617487352,62.2));
#15677=CARTESIAN_POINT('Origin',(-38.1448753111083,-33.1951278428025,62.2));
#15678=CARTESIAN_POINT('',(-39.318672567878,-34.3689250995722,61.2));
#15679=CARTESIAN_POINT('',(-38.1448753111083,-33.1951278428025,61.2));
#15680=CARTESIAN_POINT('',(-37.0329498976924,-32.0832024293866,61.2));
#15681=CARTESIAN_POINT('',(-39.318672567878,-34.3689250995722,62.2));
#15682=CARTESIAN_POINT('',(-39.318672567878,-34.3689250995722,62.2));
#15683=CARTESIAN_POINT('',(-38.1448753111083,-33.1951278428025,62.2));
#15684=CARTESIAN_POINT('',(-37.0329498976924,-32.0832024293866,62.2));
#15685=CARTESIAN_POINT('',(-38.1448753111083,-33.1951278428025,62.2));
#15686=CARTESIAN_POINT('Origin',(-38.8519820922949,-32.488021061616,62.2));
#15687=CARTESIAN_POINT('',(-39.5590888734814,-31.7809142804294,61.2));
#15688=CARTESIAN_POINT('Origin',(-38.8519820922949,-32.488021061616,61.2));
#15689=CARTESIAN_POINT('',(-39.5590888734814,-31.7809142804294,62.2));
#15690=CARTESIAN_POINT('Origin',(-38.8519820922949,-32.488021061616,62.2));
#15691=CARTESIAN_POINT('',(-39.5590888734814,-31.7809142804294,62.2));
#15692=CARTESIAN_POINT('Origin',(-40.7328861302511,-32.9547115371991,62.2));
#15693=CARTESIAN_POINT('',(-40.7328861302511,-32.9547115371991,61.2));
#15694=CARTESIAN_POINT('',(-39.0340620884504,-31.2558874953984,61.2));
#15695=CARTESIAN_POINT('',(-40.7328861302511,-32.9547115371991,62.2));
#15696=CARTESIAN_POINT('',(-39.0340620884504,-31.2558874953984,62.2));
#15697=CARTESIAN_POINT('',(-40.7328861302511,-32.9547115371991,62.2));
#15698=CARTESIAN_POINT('Origin',(-40.0257793490645,-33.6618183183856,62.2));
#15699=CARTESIAN_POINT('Origin',(-40.0257793490645,-33.6618183183856,61.2));
#15700=CARTESIAN_POINT('Origin',(-40.0257793490645,-33.6618183183856,62.2));
#15701=CARTESIAN_POINT('Origin',(-42.3875159982276,-28.9524871556832,62.2));
#15702=CARTESIAN_POINT('',(-43.5613132549973,-30.1262844124529,61.2));
#15703=CARTESIAN_POINT('',(-42.3875159982276,-28.9524871556832,61.2));
#15704=CARTESIAN_POINT('',(-41.2755905848118,-27.8405617422674,61.2));
#15705=CARTESIAN_POINT('',(-43.5613132549973,-30.1262844124529,62.2));
#15706=CARTESIAN_POINT('',(-43.5613132549973,-30.1262844124529,62.2));
#15707=CARTESIAN_POINT('',(-42.3875159982276,-28.9524871556832,62.2));
#15708=CARTESIAN_POINT('',(-41.2755905848118,-27.8405617422674,62.2));
#15709=CARTESIAN_POINT('',(-42.3875159982276,-28.9524871556832,62.2));
#15710=CARTESIAN_POINT('Origin',(-43.0946227794142,-28.2453803744967,62.2));
#15711=CARTESIAN_POINT('',(-43.8017295606007,-27.5382735933101,61.2));
#15712=CARTESIAN_POINT('Origin',(-43.0946227794142,-28.2453803744967,61.2));
#15713=CARTESIAN_POINT('',(-43.8017295606007,-27.5382735933101,62.2));
#15714=CARTESIAN_POINT('Origin',(-43.0946227794142,-28.2453803744967,62.2));
#15715=CARTESIAN_POINT('',(-43.8017295606007,-27.5382735933101,62.2));
#15716=CARTESIAN_POINT('Origin',(-44.9755268173704,-28.7120708500798,62.2));
#15717=CARTESIAN_POINT('',(-44.9755268173704,-28.7120708500798,61.2));
#15718=CARTESIAN_POINT('',(-43.2767027755697,-27.0132468082791,61.2));
#15719=CARTESIAN_POINT('',(-44.9755268173704,-28.7120708500798,62.2));
#15720=CARTESIAN_POINT('',(-43.2767027755697,-27.0132468082791,62.2));
#15721=CARTESIAN_POINT('',(-44.9755268173704,-28.7120708500798,62.2));
#15722=CARTESIAN_POINT('Origin',(-44.2684200361838,-29.4191776312663,62.2));
#15723=CARTESIAN_POINT('Origin',(-44.2684200361838,-29.4191776312663,61.2));
#15724=CARTESIAN_POINT('Origin',(-44.2684200361838,-29.4191776312663,62.2));
#15725=CARTESIAN_POINT('Origin',(-46.6301566853469,-24.7098464685639,62.2));
#15726=CARTESIAN_POINT('',(-47.8039539421166,-25.8836437253336,61.2));
#15727=CARTESIAN_POINT('',(-46.6301566853469,-24.7098464685639,61.2));
#15728=CARTESIAN_POINT('',(-45.518231271931,-23.5979210551481,61.2));
#15729=CARTESIAN_POINT('',(-47.8039539421166,-25.8836437253336,62.2));
#15730=CARTESIAN_POINT('',(-47.8039539421166,-25.8836437253336,62.2));
#15731=CARTESIAN_POINT('',(-46.6301566853469,-24.7098464685639,62.2));
#15732=CARTESIAN_POINT('',(-45.518231271931,-23.5979210551481,62.2));
#15733=CARTESIAN_POINT('',(-46.6301566853469,-24.7098464685639,62.2));
#15734=CARTESIAN_POINT('Origin',(-47.3372634665334,-24.0027396873774,62.2));
#15735=CARTESIAN_POINT('',(-48.04437024772,-23.2956329061908,61.2));
#15736=CARTESIAN_POINT('Origin',(-47.3372634665334,-24.0027396873774,61.2));
#15737=CARTESIAN_POINT('',(-48.04437024772,-23.2956329061908,62.2));
#15738=CARTESIAN_POINT('Origin',(-47.3372634665334,-24.0027396873774,62.2));
#15739=CARTESIAN_POINT('',(-48.04437024772,-23.2956329061908,62.2));
#15740=CARTESIAN_POINT('Origin',(-49.2181675044897,-24.4694301629605,62.2));
#15741=CARTESIAN_POINT('',(-49.2181675044897,-24.4694301629605,61.2));
#15742=CARTESIAN_POINT('',(-47.519343462689,-22.7706061211598,61.2));
#15743=CARTESIAN_POINT('',(-49.2181675044897,-24.4694301629605,62.2));
#15744=CARTESIAN_POINT('',(-47.519343462689,-22.7706061211598,62.2));
#15745=CARTESIAN_POINT('',(-49.2181675044897,-24.4694301629605,62.2));
#15746=CARTESIAN_POINT('Origin',(-48.5110607233031,-25.176536944147,62.2));
#15747=CARTESIAN_POINT('Origin',(-48.5110607233031,-25.176536944147,61.2));
#15748=CARTESIAN_POINT('Origin',(-48.5110607233031,-25.176536944147,62.2));
#15749=CARTESIAN_POINT('Origin',(-48.2282180108285,-30.5505484811648,62.2));
#15750=CARTESIAN_POINT('',(-52.8915872327538,-35.2139177030901,61.2));
#15751=CARTESIAN_POINT('',(-48.2282180108285,-30.5505484811648,61.2));
#15752=CARTESIAN_POINT('',(-45.256601762892,-27.5789322332283,61.2));
#15753=CARTESIAN_POINT('',(-52.8915872327538,-35.2139177030901,62.2));
#15754=CARTESIAN_POINT('',(-52.8915872327538,-35.2139177030901,62.2));
#15755=CARTESIAN_POINT('',(-48.2282180108285,-30.5505484811648,62.2));
#15756=CARTESIAN_POINT('',(-45.256601762892,-27.5789322332283,62.2));
#15757=CARTESIAN_POINT('',(-48.2282180108285,-30.5505484811648,62.2));
#15758=CARTESIAN_POINT('Origin',(-48.935324792015,-29.8434416999783,62.2));
#15759=CARTESIAN_POINT('',(-49.6424315732016,-29.1363349187917,61.2));
#15760=CARTESIAN_POINT('Origin',(-48.935324792015,-29.8434416999783,61.2));
#15761=CARTESIAN_POINT('',(-49.6424315732016,-29.1363349187917,62.2));
#15762=CARTESIAN_POINT('Origin',(-48.935324792015,-29.8434416999783,62.2));
#15763=CARTESIAN_POINT('',(-49.6424315732016,-29.1363349187917,62.2));
#15764=CARTESIAN_POINT('Origin',(-54.3058007951269,-33.799704140717,62.2));
#15765=CARTESIAN_POINT('',(-54.3058007951269,-33.799704140717,61.2));
#15766=CARTESIAN_POINT('',(-49.0024999362277,-28.4964032818179,61.2));
#15767=CARTESIAN_POINT('',(-54.3058007951269,-33.799704140717,62.2));
#15768=CARTESIAN_POINT('',(-49.0024999362277,-28.4964032818179,62.2));
#15769=CARTESIAN_POINT('',(-54.3058007951269,-33.799704140717,62.2));
#15770=CARTESIAN_POINT('Origin',(-53.5986940139403,-34.5068109219035,62.2));
#15771=CARTESIAN_POINT('Origin',(-53.5986940139403,-34.5068109219035,61.2));
#15772=CARTESIAN_POINT('Origin',(-53.5986940139403,-34.5068109219035,62.2));
#15773=CARTESIAN_POINT('Origin',(-40.266195654668,-31.0738074992429,62.2));
#15774=CARTESIAN_POINT('',(-41.4399929114376,-32.2476047560125,61.2));
#15775=CARTESIAN_POINT('',(-40.266195654668,-31.0738074992429,61.2));
#15776=CARTESIAN_POINT('',(-39.1542702412521,-29.961882085827,61.2));
#15777=CARTESIAN_POINT('',(-41.4399929114376,-32.2476047560125,62.2));
#15778=CARTESIAN_POINT('',(-41.4399929114376,-32.2476047560125,62.2));
#15779=CARTESIAN_POINT('',(-40.266195654668,-31.0738074992429,62.2));
#15780=CARTESIAN_POINT('',(-39.1542702412521,-29.961882085827,62.2));
#15781=CARTESIAN_POINT('',(-40.266195654668,-31.0738074992429,62.2));
#15782=CARTESIAN_POINT('Origin',(-40.9733024358545,-30.3667007180563,62.2));
#15783=CARTESIAN_POINT('',(-41.6804092170411,-29.6595939368698,61.2));
#15784=CARTESIAN_POINT('Origin',(-40.9733024358545,-30.3667007180563,61.2));
#15785=CARTESIAN_POINT('',(-41.6804092170411,-29.6595939368698,62.2));
#15786=CARTESIAN_POINT('Origin',(-40.9733024358545,-30.3667007180563,62.2));
#15787=CARTESIAN_POINT('',(-41.6804092170411,-29.6595939368698,62.2));
#15788=CARTESIAN_POINT('Origin',(-42.8542064738107,-30.8333911936394,62.2));
#15789=CARTESIAN_POINT('',(-42.8542064738107,-30.8333911936394,61.2));
#15790=CARTESIAN_POINT('',(-41.15538243201,-29.1345671518387,61.2));
#15791=CARTESIAN_POINT('',(-42.8542064738107,-30.8333911936394,62.2));
#15792=CARTESIAN_POINT('',(-41.15538243201,-29.1345671518387,62.2));
#15793=CARTESIAN_POINT('',(-42.8542064738107,-30.8333911936394,62.2));
#15794=CARTESIAN_POINT('Origin',(-42.1470996926242,-31.540497974826,62.2));
#15795=CARTESIAN_POINT('Origin',(-42.1470996926242,-31.540497974826,61.2));
#15796=CARTESIAN_POINT('Origin',(-42.1470996926242,-31.540497974826,62.2));
#15797=CARTESIAN_POINT('Origin',(-38.6115657866914,-35.0760318807587,62.2));
#15798=CARTESIAN_POINT('',(-37.4377685299218,-33.902234623989,61.2));
#15799=CARTESIAN_POINT('',(-38.6115657866914,-35.0760318807587,61.2));
#15800=CARTESIAN_POINT('',(-36.9127417448907,-33.377207838958,61.2));
#15801=CARTESIAN_POINT('',(-37.4377685299218,-33.902234623989,62.2));
#15802=CARTESIAN_POINT('',(-37.4377685299218,-33.902234623989,62.2));
#15803=CARTESIAN_POINT('',(-38.6115657866914,-35.0760318807587,62.2));
#15804=CARTESIAN_POINT('',(-36.9127417448907,-33.377207838958,62.2));
#15805=CARTESIAN_POINT('',(-38.6115657866914,-35.0760318807587,62.2));
#15806=CARTESIAN_POINT('Origin',(-37.9044590055049,-35.7831386619453,62.2));
#15807=CARTESIAN_POINT('',(-37.1973522243184,-36.4902454431318,61.2));
#15808=CARTESIAN_POINT('Origin',(-37.9044590055049,-35.7831386619453,61.2));
#15809=CARTESIAN_POINT('',(-37.1973522243184,-36.4902454431318,62.2));
#15810=CARTESIAN_POINT('Origin',(-37.9044590055049,-35.7831386619453,62.2));
#15811=CARTESIAN_POINT('',(-37.1973522243184,-36.4902454431318,62.2));
#15812=CARTESIAN_POINT('Origin',(-36.0235549675487,-35.3164481863621,62.2));
#15813=CARTESIAN_POINT('',(-36.0235549675487,-35.3164481863621,61.2));
#15814=CARTESIAN_POINT('',(-34.9116295541328,-34.2045227729463,61.2));
#15815=CARTESIAN_POINT('',(-36.0235549675487,-35.3164481863621,62.2));
#15816=CARTESIAN_POINT('',(-34.9116295541328,-34.2045227729463,62.2));
#15817=CARTESIAN_POINT('',(-36.0235549675487,-35.3164481863621,62.2));
#15818=CARTESIAN_POINT('Origin',(-36.7306617487352,-34.6093414051756,62.2));
#15819=CARTESIAN_POINT('Origin',(-36.7306617487352,-34.6093414051756,61.2));
#15820=CARTESIAN_POINT('Origin',(-36.7306617487352,-34.6093414051756,62.2));
#15821=CARTESIAN_POINT('Origin',(-31.7809142804294,-39.5590888734814,62.2));
#15822=CARTESIAN_POINT('',(-32.9547115371991,-40.7328861302511,61.2));
#15823=CARTESIAN_POINT('',(-31.7809142804294,-39.5590888734814,61.2));
#15824=CARTESIAN_POINT('',(-30.6689888670135,-38.4471634600656,61.2));
#15825=CARTESIAN_POINT('',(-32.9547115371991,-40.7328861302511,62.2));
#15826=CARTESIAN_POINT('',(-32.9547115371991,-40.7328861302511,62.2));
#15827=CARTESIAN_POINT('',(-31.7809142804294,-39.5590888734814,62.2));
#15828=CARTESIAN_POINT('',(-30.6689888670135,-38.4471634600656,62.2));
#15829=CARTESIAN_POINT('',(-31.7809142804294,-39.5590888734814,62.2));
#15830=CARTESIAN_POINT('Origin',(-32.4880210616159,-38.8519820922949,62.2));
#15831=CARTESIAN_POINT('',(-33.1951278428025,-38.1448753111083,61.2));
#15832=CARTESIAN_POINT('Origin',(-32.4880210616159,-38.8519820922949,61.2));
#15833=CARTESIAN_POINT('',(-33.1951278428025,-38.1448753111083,62.2));
#15834=CARTESIAN_POINT('Origin',(-32.4880210616159,-38.8519820922949,62.2));
#15835=CARTESIAN_POINT('',(-33.1951278428025,-38.1448753111083,62.2));
#15836=CARTESIAN_POINT('Origin',(-34.3689250995722,-39.318672567878,62.2));
#15837=CARTESIAN_POINT('',(-34.3689250995722,-39.318672567878,61.2));
#15838=CARTESIAN_POINT('',(-32.6701010577715,-37.6198485260773,61.2));
#15839=CARTESIAN_POINT('',(-34.3689250995722,-39.318672567878,62.2));
#15840=CARTESIAN_POINT('',(-32.6701010577715,-37.6198485260773,62.2));
#15841=CARTESIAN_POINT('',(-34.3689250995722,-39.318672567878,62.2));
#15842=CARTESIAN_POINT('Origin',(-33.6618183183856,-40.0257793490645,62.2));
#15843=CARTESIAN_POINT('Origin',(-33.6618183183856,-40.0257793490645,61.2));
#15844=CARTESIAN_POINT('Origin',(-33.6618183183856,-40.0257793490645,62.2));
#15845=CARTESIAN_POINT('Origin',(-27.5382735933101,-43.8017295606007,62.2));
#15846=CARTESIAN_POINT('',(-28.7120708500798,-44.9755268173704,61.2));
#15847=CARTESIAN_POINT('',(-27.5382735933101,-43.8017295606007,61.2));
#15848=CARTESIAN_POINT('',(-26.4263481798943,-42.6898041471848,61.2));
#15849=CARTESIAN_POINT('',(-28.7120708500798,-44.9755268173704,62.2));
#15850=CARTESIAN_POINT('',(-28.7120708500798,-44.9755268173704,62.2));
#15851=CARTESIAN_POINT('',(-27.5382735933101,-43.8017295606007,62.2));
#15852=CARTESIAN_POINT('',(-26.4263481798943,-42.6898041471848,62.2));
#15853=CARTESIAN_POINT('',(-27.5382735933101,-43.8017295606007,62.2));
#15854=CARTESIAN_POINT('Origin',(-28.2453803744967,-43.0946227794141,62.2));
#15855=CARTESIAN_POINT('',(-28.9524871556832,-42.3875159982276,61.2));
#15856=CARTESIAN_POINT('Origin',(-28.2453803744967,-43.0946227794141,61.2));
#15857=CARTESIAN_POINT('',(-28.9524871556832,-42.3875159982276,62.2));
#15858=CARTESIAN_POINT('Origin',(-28.2453803744967,-43.0946227794141,62.2));
#15859=CARTESIAN_POINT('',(-28.9524871556832,-42.3875159982276,62.2));
#15860=CARTESIAN_POINT('Origin',(-30.1262844124529,-43.5613132549973,62.2));
#15861=CARTESIAN_POINT('',(-30.1262844124529,-43.5613132549973,61.2));
#15862=CARTESIAN_POINT('',(-28.4274603706522,-41.8624892131966,61.2));
#15863=CARTESIAN_POINT('',(-30.1262844124529,-43.5613132549973,62.2));
#15864=CARTESIAN_POINT('',(-28.4274603706522,-41.8624892131966,62.2));
#15865=CARTESIAN_POINT('',(-30.1262844124529,-43.5613132549973,62.2));
#15866=CARTESIAN_POINT('Origin',(-29.4191776312663,-44.2684200361838,62.2));
#15867=CARTESIAN_POINT('Origin',(-29.4191776312663,-44.2684200361838,61.2));
#15868=CARTESIAN_POINT('Origin',(-29.4191776312663,-44.2684200361838,62.2));
#15869=CARTESIAN_POINT('Origin',(-29.1363349187917,-49.6424315732016,62.2));
#15870=CARTESIAN_POINT('',(-33.799704140717,-54.3058007951269,61.2));
#15871=CARTESIAN_POINT('',(-29.1363349187917,-49.6424315732016,61.2));
#15872=CARTESIAN_POINT('',(-26.1647186708552,-46.6708153252651,61.2));
#15873=CARTESIAN_POINT('',(-33.799704140717,-54.3058007951269,62.2));
#15874=CARTESIAN_POINT('',(-33.799704140717,-54.3058007951269,62.2));
#15875=CARTESIAN_POINT('',(-29.1363349187917,-49.6424315732016,62.2));
#15876=CARTESIAN_POINT('',(-26.1647186708552,-46.6708153252651,62.2));
#15877=CARTESIAN_POINT('',(-29.1363349187917,-49.6424315732016,62.2));
#15878=CARTESIAN_POINT('Origin',(-29.8434416999782,-48.935324792015,62.2));
#15879=CARTESIAN_POINT('',(-30.5505484811648,-48.2282180108285,61.2));
#15880=CARTESIAN_POINT('Origin',(-29.8434416999782,-48.935324792015,61.2));
#15881=CARTESIAN_POINT('',(-30.5505484811648,-48.2282180108285,62.2));
#15882=CARTESIAN_POINT('Origin',(-29.8434416999782,-48.935324792015,62.2));
#15883=CARTESIAN_POINT('',(-30.5505484811648,-48.2282180108285,62.2));
#15884=CARTESIAN_POINT('Origin',(-35.2139177030901,-52.8915872327538,62.2));
#15885=CARTESIAN_POINT('',(-35.2139177030901,-52.8915872327538,61.2));
#15886=CARTESIAN_POINT('',(-29.910616844191,-47.5882863738547,61.2));
#15887=CARTESIAN_POINT('',(-35.2139177030901,-52.8915872327538,62.2));
#15888=CARTESIAN_POINT('',(-29.910616844191,-47.5882863738547,62.2));
#15889=CARTESIAN_POINT('',(-35.2139177030901,-52.8915872327538,62.2));
#15890=CARTESIAN_POINT('Origin',(-34.5068109219035,-53.5986940139403,62.2));
#15891=CARTESIAN_POINT('Origin',(-34.5068109219035,-53.5986940139403,61.2));
#15892=CARTESIAN_POINT('Origin',(-34.5068109219035,-53.5986940139403,62.2));
#15893=CARTESIAN_POINT('Origin',(-62.2910821693654,-29.0570634535977,1.70710678118655));
#15894=CARTESIAN_POINT('',(-60.3768686069923,-29.9712770159708,1.));
#15895=CARTESIAN_POINT('',(-64.2052957317385,-28.1428498912246,2.41421356237309));
#15896=CARTESIAN_POINT('Origin',(-27.435743110038,-63.9124025129251,4.));
#15897=CARTESIAN_POINT('',(-26.435743110038,-63.9124025129251,6.));
#15898=CARTESIAN_POINT('',(-28.435743110038,-63.9124025129251,2.));
#15899=CARTESIAN_POINT('Origin',(-48.5024999362277,-42.8456456867354,60.4928932188135));
#15900=CARTESIAN_POINT('',(-57.3110046151697,-35.0371410077934,59.7857864376269));
#15901=CARTESIAN_POINT('',(-39.6939952572858,-50.6541503656773,61.2));
#15902=CARTESIAN_POINT('Origin',(-63.9124025129251,-27.4357431100381,27.1));
#15903=CARTESIAN_POINT('',(-63.9124025129251,-26.4357431100381,40.65));
#15904=CARTESIAN_POINT('',(-63.9124025129251,-28.4357431100381,13.55));
#15905=CARTESIAN_POINT('Origin',(-14.7078210486802,-52.1844804515672,8.));
#15906=CARTESIAN_POINT('',(-14.7078210486802,-52.1844804515672,4.));
#15907=CARTESIAN_POINT('Origin',(-47.2347329832614,-19.657568516986,1.));
#15908=CARTESIAN_POINT('',(-50.0631601080076,-16.8291413922398,1.));
#15909=CARTESIAN_POINT('Origin',(-65.6195092941116,-26.7286363288515,0.));
#15910=CARTESIAN_POINT('Origin',(-52.1844804515672,-14.7078210486802,54.2));
#15911=CARTESIAN_POINT('',(-52.1844804515672,-14.7078210486802,27.1));
#15912=CARTESIAN_POINT('Origin',(-19.657568516986,-47.2347329832614,61.2));
#15913=CARTESIAN_POINT('',(-36.2745778748699,-30.6177236253775,61.2));
#15914=CARTESIAN_POINT('Origin',(-62.7910821693654,-29.5570634535977,1.));
#15915=CARTESIAN_POINT('',(-31.6783837971573,-59.2555482634327,0.));
#15916=CARTESIAN_POINT('',(-31.6783837971573,-59.2555482634327,0.));
#15917=CARTESIAN_POINT('',(-62.0839753881789,-28.8499566724112,0.));
#15918=CARTESIAN_POINT('Origin',(-32.3854905783439,-59.9626550446193,8.));
#15919=CARTESIAN_POINT('',(-26.021529547665,-64.9124025129251,8.));
#15920=CARTESIAN_POINT('Origin',(-31.6783837971574,-59.2555482634327,8.));
#15921=CARTESIAN_POINT('',(-26.021529547665,-64.9124025129251,8.));
#15922=CARTESIAN_POINT('Origin',(-27.435743110038,-64.9124025129251,4.));
#15923=CARTESIAN_POINT('',(-26.0215295476649,-64.9124025129251,4.));
#15924=CARTESIAN_POINT('Origin',(-49.0024999362277,-43.3456456867354,61.2));
#15925=CARTESIAN_POINT('',(-59.2555482634327,-31.6783837971573,62.2));
#15926=CARTESIAN_POINT('',(-48.2953931550412,-42.6385389055488,62.2));
#15927=CARTESIAN_POINT('',(-59.2555482634327,-31.6783837971573,62.2));
#15928=CARTESIAN_POINT('Origin',(-59.9626550446192,-32.3854905783439,54.2));
#15929=CARTESIAN_POINT('',(-64.9124025129251,-26.021529547665,54.2));
#15930=CARTESIAN_POINT('Origin',(-59.2555482634327,-31.6783837971573,54.2));
#15931=CARTESIAN_POINT('',(-64.9124025129251,-26.021529547665,54.2));
#15932=CARTESIAN_POINT('Origin',(-64.9124025129251,-27.4357431100381,27.1));
#15933=CARTESIAN_POINT('',(-64.9124025129251,-26.021529547665,27.1));
#15934=CARTESIAN_POINT('Origin',(-14.0007142674936,-52.8915872327537,8.));
#15935=CARTESIAN_POINT('',(-14.0007142674936,-52.8915872327537,8.));
#15936=CARTESIAN_POINT('',(-14.0007142674936,-52.8915872327537,8.));
#15937=CARTESIAN_POINT('',(-14.0007142674936,-52.8915872327537,54.2));
#15938=CARTESIAN_POINT('',(-14.0007142674936,-52.8915872327537,0.));
#15939=CARTESIAN_POINT('',(-14.0007142674936,-52.8915872327537,54.2));
#15940=CARTESIAN_POINT('Origin',(-19.6575685169861,-47.2347329832614,8.));
#15941=CARTESIAN_POINT('',(-19.657568516986,-47.2347329832614,0.));
#15942=CARTESIAN_POINT('',(-19.657568516986,-47.2347329832614,0.));
#15943=CARTESIAN_POINT('Origin',(-19.6575685169861,-47.2347329832614,8.));
#15944=CARTESIAN_POINT('Origin',(-47.2347329832614,-19.657568516986,0.));
#15945=CARTESIAN_POINT('',(-47.2347329832614,-19.657568516986,0.));
#15946=CARTESIAN_POINT('',(-47.2347329832614,-19.657568516986,0.));
#15947=CARTESIAN_POINT('',(-52.8915872327538,-14.0007142674937,0.));
#15948=CARTESIAN_POINT('Origin',(-47.2347329832614,-19.657568516986,8.));
#15949=CARTESIAN_POINT('',(-52.8915872327538,-14.0007142674937,8.));
#15950=CARTESIAN_POINT('',(-52.8915872327538,-14.0007142674937,8.));
#15951=CARTESIAN_POINT('Origin',(-47.2347329832614,-19.657568516986,8.));
#15952=CARTESIAN_POINT('Origin',(-52.8915872327538,-14.0007142674937,54.2));
#15953=CARTESIAN_POINT('',(-52.8915872327538,-14.0007142674937,54.2));
#15954=CARTESIAN_POINT('',(-52.8915872327538,-14.0007142674937,54.2));
#15955=CARTESIAN_POINT('',(-52.8915872327538,-14.0007142674937,0.));
#15956=CARTESIAN_POINT('Origin',(-47.2347329832614,-19.657568516986,54.2));
#15957=CARTESIAN_POINT('',(-47.2347329832614,-19.657568516986,62.2));
#15958=CARTESIAN_POINT('',(-47.2347329832614,-19.657568516986,62.2));
#15959=CARTESIAN_POINT('Origin',(-47.2347329832614,-19.657568516986,54.2));
#15960=CARTESIAN_POINT('Origin',(-19.657568516986,-47.2347329832614,62.2));
#15961=CARTESIAN_POINT('',(-19.657568516986,-47.2347329832614,62.2));
#15962=CARTESIAN_POINT('',(-19.657568516986,-47.2347329832614,62.2));
#15963=CARTESIAN_POINT('',(-52.8915872327538,-14.0007142674937,62.2));
#15964=CARTESIAN_POINT('Origin',(-19.6575685169861,-47.2347329832614,54.2));
#15965=CARTESIAN_POINT('Origin',(-19.6575685169861,-47.2347329832614,54.2));
#15966=CARTESIAN_POINT('Origin',(-52.8915872327538,-14.0007142674937,0.));
#15967=UNCERTAINTY_MEASURE_WITH_UNIT(LENGTH_MEASURE(0.01),#15971,
'DISTANCE_ACCURACY_VALUE',
'Maximum model space distance between geometric entities at asserted c
onnectivities');
#15968=UNCERTAINTY_MEASURE_WITH_UNIT(LENGTH_MEASURE(0.01),#15971,
'DISTANCE_ACCURACY_VALUE',
'Maximum model space distance between geometric entities at asserted c
onnectivities');
#15969=(
GEOMETRIC_REPRESENTATION_CONTEXT(3)
GLOBAL_UNCERTAINTY_ASSIGNED_CONTEXT((#15967))
GLOBAL_UNIT_ASSIGNED_CONTEXT((#15971,#15972,#15973))
REPRESENTATION_CONTEXT('','3D')
);
#15970=(
GEOMETRIC_REPRESENTATION_CONTEXT(3)
GLOBAL_UNCERTAINTY_ASSIGNED_CONTEXT((#15968))
GLOBAL_UNIT_ASSIGNED_CONTEXT((#15971,#15972,#15973))
REPRESENTATION_CONTEXT('','3D')
);
#15971=(
LENGTH_UNIT()
NAMED_UNIT(*)
SI_UNIT(.MILLI.,.METRE.)
);
#15972=(
NAMED_UNIT(*)
PLANE_ANGLE_UNIT()
SI_UNIT($,.RADIAN.)
);
#15973=(
NAMED_UNIT(*)
SI_UNIT($,.STERADIAN.)
SOLID_ANGLE_UNIT()
);
#15974=SHAPE_DEFINITION_REPRESENTATION(#15975,#15976);
#15975=PRODUCT_DEFINITION_SHAPE('',$,#15978);
#15976=SHAPE_REPRESENTATION('',(#9551),#15969);
#15977=PRODUCT_DEFINITION_CONTEXT('part definition',#15982,'design');
#15978=PRODUCT_DEFINITION('Enclosure Wallplate with SEN6X',
'Enclosure Wallplate with SEN6X v12',#15979,#15977);
#15979=PRODUCT_DEFINITION_FORMATION('',$,#15984);
#15980=PRODUCT_RELATED_PRODUCT_CATEGORY(
'Enclosure Wallplate with SEN6X v12',
'Enclosure Wallplate with SEN6X v12',(#15984));
#15981=APPLICATION_PROTOCOL_DEFINITION('international standard',
'automotive_design',2009,#15982);
#15982=APPLICATION_CONTEXT(
'Core Data for Automotive Mechanical Design Process');
#15983=PRODUCT_CONTEXT('part definition',#15982,'mechanical');
#15984=PRODUCT('Enclosure Wallplate with SEN6X',
'Enclosure Wallplate with SEN6X v12',$,(#15983));
#15985=PRESENTATION_STYLE_ASSIGNMENT((#15987));
#15986=PRESENTATION_STYLE_ASSIGNMENT((#15988));
#15987=SURFACE_STYLE_USAGE(.BOTH.,#15989);
#15988=SURFACE_STYLE_USAGE(.BOTH.,#15990);
#15989=SURFACE_SIDE_STYLE('',(#15991));
#15990=SURFACE_SIDE_STYLE('',(#15992));
#15991=SURFACE_STYLE_FILL_AREA(#15993);
#15992=SURFACE_STYLE_FILL_AREA(#15994);
#15993=FILL_AREA_STYLE('Steel - Satin',(#15995));
#15994=FILL_AREA_STYLE('Plastic - Matte (White)',(#15996));
#15995=FILL_AREA_STYLE_COLOUR('Steel - Satin',#15997);
#15996=FILL_AREA_STYLE_COLOUR('Plastic - Matte (White)',#15998);
#15997=COLOUR_RGB('Steel - Satin',0.627450980392157,0.627450980392157,0.627450980392157);
#15998=COLOUR_RGB('Plastic - Matte (White)',0.964705882352941,0.964705882352941,
0.952941176470588);
ENDSEC;
END-ISO-10303-21;
