ISO-10303-21;
HEADER;
/* Generated by software containing ST-Developer
 * from STEP Tools, Inc. (www.steptools.com) 
 */

FILE_DESCRIPTION(
/* description */ (''),
/* implementation_level */ '2;1');

FILE_NAME(
/* name */ 
'ESPHome-Indoor-Multi-Sensor-Wallplate-Speaker-Enclosure.step',
/* time_stamp */ '2025-09-29T17:45:47-05:00',
/* author */ (''),
/* organization */ (''),
/* preprocessor_version */ 'ST-DEVELOPER v20.1',
/* originating_system */ 'Autodesk Translation Framework v14.17.0.0',
/* authorisation */ '');

FILE_SCHEMA (('AUTOMOTIVE_DESIGN { 1 0 10303 214 3 1 1 }'));
ENDSEC;

DATA;
#10=MECHANICAL_DESIGN_GEOMETRIC_PRESENTATION_REPRESENTATION('',(#13),#2848);
#11=SHAPE_REPRESENTATION_RELATIONSHIP('SRR','None',#2854,#12);
#12=ADVANCED_BREP_SHAPE_REPRESENTATION('',(#14),#2847);
#13=STYLED_ITEM('',(#2863),#14);
#14=MANIFOLD_SOLID_BREP('Speaker Enclosure',#1674);
#15=CONICAL_SURFACE('',#1734,1.05,0.0277699337284818);
#16=CONICAL_SURFACE('',#1736,1.05,0.0277699337284818);
#17=CONICAL_SURFACE('',#1738,1.05,0.0277699337284818);
#18=CONICAL_SURFACE('',#1740,1.05,0.0277699337284818);
#19=CONICAL_SURFACE('',#1760,1.24999999999842,0.785398163397452);
#20=CONICAL_SURFACE('',#1763,1.24999999994981,0.785398163397459);
#21=CONICAL_SURFACE('',#1766,1.25000000021782,0.785398163397443);
#22=CONICAL_SURFACE('',#1769,1.24999999997895,0.78539816339743);
#23=FACE_BOUND('',#204,.T.);
#24=FACE_BOUND('',#205,.T.);
#25=FACE_BOUND('',#206,.T.);
#26=FACE_BOUND('',#207,.T.);
#27=FACE_BOUND('',#208,.T.);
#28=FACE_BOUND('',#237,.T.);
#29=FACE_BOUND('',#274,.T.);
#30=FACE_BOUND('',#276,.T.);
#31=FACE_BOUND('',#277,.T.);
#32=FACE_BOUND('',#278,.T.);
#33=FACE_BOUND('',#279,.T.);
#34=FACE_BOUND('',#280,.T.);
#35=PLANE('',#1718);
#36=PLANE('',#1721);
#37=PLANE('',#1724);
#38=PLANE('',#1725);
#39=PLANE('',#1742);
#40=PLANE('',#1743);
#41=PLANE('',#1744);
#42=PLANE('',#1748);
#43=PLANE('',#1749);
#44=PLANE('',#1750);
#45=PLANE('',#1751);
#46=PLANE('',#1754);
#47=PLANE('',#1755);
#48=PLANE('',#1759);
#49=PLANE('',#1762);
#50=PLANE('',#1765);
#51=PLANE('',#1768);
#52=PLANE('',#1773);
#53=PLANE('',#1776);
#54=PLANE('',#1777);
#55=PLANE('',#1781);
#56=PLANE('',#1782);
#57=PLANE('',#1783);
#58=PLANE('',#1786);
#59=PLANE('',#1787);
#60=PLANE('',#1790);
#61=PLANE('',#1793);
#62=PLANE('',#1796);
#63=PLANE('',#1800);
#64=PLANE('',#1801);
#65=PLANE('',#1805);
#66=PLANE('',#1806);
#67=PLANE('',#1810);
#68=PLANE('',#1811);
#69=PLANE('',#1812);
#70=PLANE('',#1818);
#71=PLANE('',#1819);
#72=PLANE('',#1823);
#73=PLANE('',#1824);
#74=PLANE('',#1825);
#75=PLANE('',#1829);
#76=PLANE('',#1830);
#77=PLANE('',#1831);
#78=PLANE('',#1832);
#79=PLANE('',#1833);
#80=PLANE('',#1834);
#81=PLANE('',#1837);
#82=PLANE('',#1839);
#83=TOROIDAL_SURFACE('',#1684,1.50000315773827,0.5);
#84=TOROIDAL_SURFACE('',#1690,1.49999940215251,0.5);
#85=TOROIDAL_SURFACE('',#1696,7.75,0.5);
#86=TOROIDAL_SURFACE('',#1700,1.50000227955361,0.5);
#87=TOROIDAL_SURFACE('',#1706,7.01500000281105,0.5);
#88=TOROIDAL_SURFACE('',#1709,1.49999999999998,0.5);
#89=B_SPLINE_CURVE_WITH_KNOTS('',3,(#2363,#2364,#2365,#2366,#2367,#2368,
#2369,#2370,#2371,#2372,#2373,#2374,#2375,#2376),.UNSPECIFIED.,.F.,.F.,
(4,2,2,2,2,2,4),(-0.0927221497737835,-0.0923054146023664,-0.0718747547050145,
-0.0520999616603266,-0.0306509847566565,-0.0143422790710056,0.),
 .UNSPECIFIED.);
#90=B_SPLINE_CURVE_WITH_KNOTS('',3,(#2424,#2425,#2426,#2427,#2428,#2429,
#2430,#2431,#2432,#2433,#2434,#2435,#2436,#2437),.UNSPECIFIED.,.F.,.F.,
(4,2,2,2,2,2,4),(-0.000420257495704371,0.,0.00762660303494621,0.0415223051321546,
0.068751786552996,0.0897364610558028,0.103606908986218),.UNSPECIFIED.);
#91=FACE_OUTER_BOUND('',#182,.T.);
#92=FACE_OUTER_BOUND('',#183,.T.);
#93=FACE_OUTER_BOUND('',#184,.T.);
#94=FACE_OUTER_BOUND('',#185,.T.);
#95=FACE_OUTER_BOUND('',#186,.T.);
#96=FACE_OUTER_BOUND('',#187,.T.);
#97=FACE_OUTER_BOUND('',#188,.T.);
#98=FACE_OUTER_BOUND('',#189,.T.);
#99=FACE_OUTER_BOUND('',#190,.T.);
#100=FACE_OUTER_BOUND('',#191,.T.);
#101=FACE_OUTER_BOUND('',#192,.T.);
#102=FACE_OUTER_BOUND('',#193,.T.);
#103=FACE_OUTER_BOUND('',#194,.T.);
#104=FACE_OUTER_BOUND('',#195,.T.);
#105=FACE_OUTER_BOUND('',#196,.T.);
#106=FACE_OUTER_BOUND('',#197,.T.);
#107=FACE_OUTER_BOUND('',#198,.T.);
#108=FACE_OUTER_BOUND('',#199,.T.);
#109=FACE_OUTER_BOUND('',#200,.T.);
#110=FACE_OUTER_BOUND('',#201,.T.);
#111=FACE_OUTER_BOUND('',#202,.T.);
#112=FACE_OUTER_BOUND('',#203,.T.);
#113=FACE_OUTER_BOUND('',#209,.T.);
#114=FACE_OUTER_BOUND('',#210,.T.);
#115=FACE_OUTER_BOUND('',#211,.T.);
#116=FACE_OUTER_BOUND('',#212,.T.);
#117=FACE_OUTER_BOUND('',#213,.T.);
#118=FACE_OUTER_BOUND('',#214,.T.);
#119=FACE_OUTER_BOUND('',#215,.T.);
#120=FACE_OUTER_BOUND('',#216,.T.);
#121=FACE_OUTER_BOUND('',#217,.T.);
#122=FACE_OUTER_BOUND('',#218,.T.);
#123=FACE_OUTER_BOUND('',#219,.T.);
#124=FACE_OUTER_BOUND('',#220,.T.);
#125=FACE_OUTER_BOUND('',#221,.T.);
#126=FACE_OUTER_BOUND('',#222,.T.);
#127=FACE_OUTER_BOUND('',#223,.T.);
#128=FACE_OUTER_BOUND('',#224,.T.);
#129=FACE_OUTER_BOUND('',#225,.T.);
#130=FACE_OUTER_BOUND('',#226,.T.);
#131=FACE_OUTER_BOUND('',#227,.T.);
#132=FACE_OUTER_BOUND('',#228,.T.);
#133=FACE_OUTER_BOUND('',#229,.T.);
#134=FACE_OUTER_BOUND('',#230,.T.);
#135=FACE_OUTER_BOUND('',#231,.T.);
#136=FACE_OUTER_BOUND('',#232,.T.);
#137=FACE_OUTER_BOUND('',#233,.T.);
#138=FACE_OUTER_BOUND('',#234,.T.);
#139=FACE_OUTER_BOUND('',#235,.T.);
#140=FACE_OUTER_BOUND('',#236,.T.);
#141=FACE_OUTER_BOUND('',#238,.T.);
#142=FACE_OUTER_BOUND('',#239,.T.);
#143=FACE_OUTER_BOUND('',#240,.T.);
#144=FACE_OUTER_BOUND('',#241,.T.);
#145=FACE_OUTER_BOUND('',#242,.T.);
#146=FACE_OUTER_BOUND('',#243,.T.);
#147=FACE_OUTER_BOUND('',#244,.T.);
#148=FACE_OUTER_BOUND('',#245,.T.);
#149=FACE_OUTER_BOUND('',#246,.T.);
#150=FACE_OUTER_BOUND('',#247,.T.);
#151=FACE_OUTER_BOUND('',#248,.T.);
#152=FACE_OUTER_BOUND('',#249,.T.);
#153=FACE_OUTER_BOUND('',#250,.T.);
#154=FACE_OUTER_BOUND('',#251,.T.);
#155=FACE_OUTER_BOUND('',#252,.T.);
#156=FACE_OUTER_BOUND('',#253,.T.);
#157=FACE_OUTER_BOUND('',#254,.T.);
#158=FACE_OUTER_BOUND('',#255,.T.);
#159=FACE_OUTER_BOUND('',#256,.T.);
#160=FACE_OUTER_BOUND('',#257,.T.);
#161=FACE_OUTER_BOUND('',#258,.T.);
#162=FACE_OUTER_BOUND('',#259,.T.);
#163=FACE_OUTER_BOUND('',#260,.T.);
#164=FACE_OUTER_BOUND('',#261,.T.);
#165=FACE_OUTER_BOUND('',#262,.T.);
#166=FACE_OUTER_BOUND('',#263,.T.);
#167=FACE_OUTER_BOUND('',#264,.T.);
#168=FACE_OUTER_BOUND('',#265,.T.);
#169=FACE_OUTER_BOUND('',#266,.T.);
#170=FACE_OUTER_BOUND('',#267,.T.);
#171=FACE_OUTER_BOUND('',#268,.T.);
#172=FACE_OUTER_BOUND('',#269,.T.);
#173=FACE_OUTER_BOUND('',#270,.T.);
#174=FACE_OUTER_BOUND('',#271,.T.);
#175=FACE_OUTER_BOUND('',#272,.T.);
#176=FACE_OUTER_BOUND('',#273,.T.);
#177=FACE_OUTER_BOUND('',#275,.T.);
#178=FACE_OUTER_BOUND('',#281,.T.);
#179=FACE_OUTER_BOUND('',#282,.T.);
#180=FACE_OUTER_BOUND('',#283,.T.);
#181=FACE_OUTER_BOUND('',#284,.T.);
#182=EDGE_LOOP('',(#1076,#1077,#1078,#1079));
#183=EDGE_LOOP('',(#1080,#1081,#1082,#1083));
#184=EDGE_LOOP('',(#1084,#1085,#1086,#1087));
#185=EDGE_LOOP('',(#1088,#1089,#1090,#1091));
#186=EDGE_LOOP('',(#1092,#1093,#1094,#1095));
#187=EDGE_LOOP('',(#1096,#1097,#1098,#1099));
#188=EDGE_LOOP('',(#1100,#1101,#1102,#1103));
#189=EDGE_LOOP('',(#1104,#1105,#1106,#1107));
#190=EDGE_LOOP('',(#1108,#1109,#1110,#1111));
#191=EDGE_LOOP('',(#1112,#1113,#1114,#1115));
#192=EDGE_LOOP('',(#1116,#1117,#1118,#1119));
#193=EDGE_LOOP('',(#1120,#1121,#1122,#1123));
#194=EDGE_LOOP('',(#1124,#1125,#1126,#1127));
#195=EDGE_LOOP('',(#1128,#1129,#1130,#1131));
#196=EDGE_LOOP('',(#1132,#1133,#1134,#1135));
#197=EDGE_LOOP('',(#1136,#1137,#1138,#1139));
#198=EDGE_LOOP('',(#1140,#1141,#1142,#1143));
#199=EDGE_LOOP('',(#1144,#1145,#1146,#1147));
#200=EDGE_LOOP('',(#1148,#1149,#1150,#1151));
#201=EDGE_LOOP('',(#1152,#1153,#1154,#1155));
#202=EDGE_LOOP('',(#1156,#1157,#1158,#1159));
#203=EDGE_LOOP('',(#1160,#1161,#1162,#1163,#1164,#1165,#1166,#1167,#1168,
#1169,#1170,#1171,#1172,#1173));
#204=EDGE_LOOP('',(#1174,#1175,#1176,#1177,#1178,#1179,#1180,#1181));
#205=EDGE_LOOP('',(#1182));
#206=EDGE_LOOP('',(#1183));
#207=EDGE_LOOP('',(#1184));
#208=EDGE_LOOP('',(#1185));
#209=EDGE_LOOP('',(#1186,#1187,#1188,#1189));
#210=EDGE_LOOP('',(#1190,#1191,#1192,#1193));
#211=EDGE_LOOP('',(#1194,#1195,#1196,#1197));
#212=EDGE_LOOP('',(#1198,#1199,#1200,#1201));
#213=EDGE_LOOP('',(#1202,#1203,#1204,#1205));
#214=EDGE_LOOP('',(#1206,#1207,#1208,#1209));
#215=EDGE_LOOP('',(#1210,#1211,#1212,#1213,#1214));
#216=EDGE_LOOP('',(#1215,#1216,#1217,#1218));
#217=EDGE_LOOP('',(#1219,#1220,#1221,#1222,#1223,#1224));
#218=EDGE_LOOP('',(#1225,#1226,#1227,#1228));
#219=EDGE_LOOP('',(#1229,#1230,#1231,#1232));
#220=EDGE_LOOP('',(#1233,#1234,#1235,#1236,#1237,#1238,#1239,#1240));
#221=EDGE_LOOP('',(#1241,#1242,#1243,#1244));
#222=EDGE_LOOP('',(#1245,#1246,#1247,#1248,#1249,#1250));
#223=EDGE_LOOP('',(#1251,#1252,#1253,#1254,#1255,#1256));
#224=EDGE_LOOP('',(#1257,#1258,#1259,#1260));
#225=EDGE_LOOP('',(#1261,#1262,#1263,#1264));
#226=EDGE_LOOP('',(#1265,#1266,#1267,#1268));
#227=EDGE_LOOP('',(#1269,#1270,#1271,#1272));
#228=EDGE_LOOP('',(#1273,#1274,#1275,#1276));
#229=EDGE_LOOP('',(#1277,#1278,#1279,#1280));
#230=EDGE_LOOP('',(#1281,#1282,#1283,#1284));
#231=EDGE_LOOP('',(#1285,#1286,#1287,#1288));
#232=EDGE_LOOP('',(#1289,#1290,#1291,#1292));
#233=EDGE_LOOP('',(#1293,#1294,#1295,#1296));
#234=EDGE_LOOP('',(#1297,#1298,#1299,#1300));
#235=EDGE_LOOP('',(#1301,#1302,#1303,#1304));
#236=EDGE_LOOP('',(#1305,#1306,#1307,#1308,#1309,#1310,#1311,#1312));
#237=EDGE_LOOP('',(#1313,#1314,#1315,#1316));
#238=EDGE_LOOP('',(#1317,#1318,#1319,#1320));
#239=EDGE_LOOP('',(#1321,#1322,#1323,#1324));
#240=EDGE_LOOP('',(#1325,#1326,#1327,#1328));
#241=EDGE_LOOP('',(#1329,#1330,#1331,#1332));
#242=EDGE_LOOP('',(#1333,#1334,#1335,#1336,#1337,#1338));
#243=EDGE_LOOP('',(#1339,#1340,#1341,#1342));
#244=EDGE_LOOP('',(#1343,#1344,#1345,#1346));
#245=EDGE_LOOP('',(#1347,#1348,#1349,#1350));
#246=EDGE_LOOP('',(#1351,#1352,#1353,#1354));
#247=EDGE_LOOP('',(#1355,#1356,#1357,#1358));
#248=EDGE_LOOP('',(#1359,#1360,#1361,#1362));
#249=EDGE_LOOP('',(#1363,#1364,#1365,#1366));
#250=EDGE_LOOP('',(#1367,#1368,#1369,#1370));
#251=EDGE_LOOP('',(#1371,#1372,#1373,#1374));
#252=EDGE_LOOP('',(#1375,#1376,#1377,#1378));
#253=EDGE_LOOP('',(#1379,#1380,#1381,#1382));
#254=EDGE_LOOP('',(#1383,#1384,#1385,#1386));
#255=EDGE_LOOP('',(#1387,#1388,#1389,#1390));
#256=EDGE_LOOP('',(#1391,#1392,#1393,#1394));
#257=EDGE_LOOP('',(#1395,#1396,#1397,#1398));
#258=EDGE_LOOP('',(#1399,#1400,#1401,#1402));
#259=EDGE_LOOP('',(#1403,#1404,#1405,#1406));
#260=EDGE_LOOP('',(#1407,#1408,#1409,#1410));
#261=EDGE_LOOP('',(#1411,#1412,#1413,#1414));
#262=EDGE_LOOP('',(#1415,#1416,#1417,#1418));
#263=EDGE_LOOP('',(#1419,#1420,#1421,#1422));
#264=EDGE_LOOP('',(#1423,#1424,#1425,#1426,#1427,#1428));
#265=EDGE_LOOP('',(#1429,#1430,#1431,#1432));
#266=EDGE_LOOP('',(#1433,#1434,#1435,#1436));
#267=EDGE_LOOP('',(#1437,#1438,#1439,#1440));
#268=EDGE_LOOP('',(#1441,#1442,#1443,#1444));
#269=EDGE_LOOP('',(#1445,#1446,#1447,#1448));
#270=EDGE_LOOP('',(#1449,#1450,#1451,#1452,#1453,#1454,#1455,#1456,#1457,
#1458,#1459,#1460,#1461,#1462,#1463,#1464,#1465,#1466,#1467,#1468,#1469,
#1470,#1471,#1472,#1473,#1474,#1475,#1476,#1477));
#271=EDGE_LOOP('',(#1478,#1479,#1480,#1481));
#272=EDGE_LOOP('',(#1482,#1483,#1484,#1485));
#273=EDGE_LOOP('',(#1486,#1487,#1488,#1489));
#274=EDGE_LOOP('',(#1490,#1491,#1492,#1493,#1494,#1495,#1496,#1497));
#275=EDGE_LOOP('',(#1498,#1499,#1500,#1501,#1502,#1503,#1504,#1505,#1506,
#1507,#1508,#1509,#1510));
#276=EDGE_LOOP('',(#1511));
#277=EDGE_LOOP('',(#1512));
#278=EDGE_LOOP('',(#1513));
#279=EDGE_LOOP('',(#1514));
#280=EDGE_LOOP('',(#1515,#1516,#1517,#1518,#1519,#1520,#1521,#1522,#1523,
#1524,#1525,#1526,#1527,#1528,#1529,#1530,#1531,#1532,#1533,#1534,#1535));
#281=EDGE_LOOP('',(#1536,#1537,#1538,#1539,#1540,#1541));
#282=EDGE_LOOP('',(#1542,#1543,#1544,#1545));
#283=EDGE_LOOP('',(#1546,#1547,#1548,#1549));
#284=EDGE_LOOP('',(#1550,#1551,#1552,#1553));
#285=ELLIPSE('',#1678,0.707103135079875,0.5);
#286=ELLIPSE('',#1680,0.707106781186552,0.5);
#287=ELLIPSE('',#1681,0.70710677792319,0.5);
#288=CIRCLE('',#1677,0.5);
#289=CIRCLE('',#1683,0.499999999999998);
#290=CIRCLE('',#1685,0.500000000000002);
#291=CIRCLE('',#1686,1.50000315773827);
#292=CIRCLE('',#1687,2.00000315773827);
#293=CIRCLE('',#1689,0.499999999999993);
#294=CIRCLE('',#1691,0.499999999999998);
#295=CIRCLE('',#1692,1.49999940215251);
#296=CIRCLE('',#1693,1.99999940215251);
#297=CIRCLE('',#1695,0.499999999999998);
#298=CIRCLE('',#1697,0.500000000000003);
#299=CIRCLE('',#1698,7.75);
#300=CIRCLE('',#1699,7.25);
#301=CIRCLE('',#1701,0.499999999999998);
#302=CIRCLE('',#1702,1.50000227955361);
#303=CIRCLE('',#1703,2.0000022795536);
#304=CIRCLE('',#1707,6.51500000281105);
#305=CIRCLE('',#1708,7.01500000281105);
#306=CIRCLE('',#1710,0.500000000000003);
#307=CIRCLE('',#1711,1.49999999999998);
#308=CIRCLE('',#1712,1.99999999999998);
#309=CIRCLE('',#1715,2.0000022795536);
#310=CIRCLE('',#1717,7.25);
#311=CIRCLE('',#1720,1.99999940215251);
#312=CIRCLE('',#1723,2.00000315773827);
#313=CIRCLE('',#1726,1.49999999999842);
#314=CIRCLE('',#1727,1.49999999994981);
#315=CIRCLE('',#1728,1.50000000021782);
#316=CIRCLE('',#1729,1.49999999997895);
#317=CIRCLE('',#1730,0.900003798399202);
#318=CIRCLE('',#1731,0.900003798399202);
#319=CIRCLE('',#1732,0.900003798399201);
#320=CIRCLE('',#1733,0.900003798399201);
#321=CIRCLE('',#1735,1.03888917025179);
#322=CIRCLE('',#1737,1.03888917025179);
#323=CIRCLE('',#1739,1.03888917025179);
#324=CIRCLE('',#1741,1.03888917025179);
#325=CIRCLE('',#1745,1.99999999999999);
#326=CIRCLE('',#1747,1.99999999999999);
#327=CIRCLE('',#1752,1.99999999997361);
#328=CIRCLE('',#1753,2.8);
#329=CIRCLE('',#1757,1.99999999997361);
#330=CIRCLE('',#1758,1.99999999997361);
#331=CIRCLE('',#1761,0.999999999998415);
#332=CIRCLE('',#1764,0.999999999949803);
#333=CIRCLE('',#1767,1.00000000021783);
#334=CIRCLE('',#1770,0.999999999978955);
#335=CIRCLE('',#1772,0.999999999949803);
#336=CIRCLE('',#1775,0.999999999998415);
#337=CIRCLE('',#1778,1.99999999992317);
#338=CIRCLE('',#1779,2.00000000027095);
#339=CIRCLE('',#1780,1.99999999997372);
#340=CIRCLE('',#1785,1.99999999992317);
#341=CIRCLE('',#1789,1.00000000021783);
#342=CIRCLE('',#1792,0.999999999978956);
#343=CIRCLE('',#1795,1.99999999997372);
#344=CIRCLE('',#1798,2.8);
#345=CIRCLE('',#1799,2.8);
#346=CIRCLE('',#1803,8.51499934227887);
#347=CIRCLE('',#1804,8.51499934227887);
#348=CIRCLE('',#1808,2.8);
#349=CIRCLE('',#1809,2.8);
#350=CIRCLE('',#1814,9.25000247817636);
#351=CIRCLE('',#1815,9.25000247817636);
#352=CIRCLE('',#1817,2.00000000027095);
#353=CIRCLE('',#1821,2.8);
#354=CIRCLE('',#1822,2.8);
#355=CIRCLE('',#1827,2.8);
#356=CIRCLE('',#1828,2.8);
#357=CIRCLE('',#1835,6.51500000281105);
#358=CIRCLE('',#1836,1.99999999999998);
#359=LINE('',#2340,#522);
#360=LINE('',#2344,#523);
#361=LINE('',#2349,#524);
#362=LINE('',#2353,#525);
#363=LINE('',#2358,#526);
#364=LINE('',#2362,#527);
#365=LINE('',#2387,#528);
#366=LINE('',#2388,#529);
#367=LINE('',#2399,#530);
#368=LINE('',#2400,#531);
#369=LINE('',#2414,#532);
#370=LINE('',#2415,#533);
#371=LINE('',#2417,#534);
#372=LINE('',#2418,#535);
#373=LINE('',#2445,#536);
#374=LINE('',#2446,#537);
#375=LINE('',#2449,#538);
#376=LINE('',#2452,#539);
#377=LINE('',#2455,#540);
#378=LINE('',#2459,#541);
#379=LINE('',#2460,#542);
#380=LINE('',#2463,#543);
#381=LINE('',#2467,#544);
#382=LINE('',#2468,#545);
#383=LINE('',#2471,#546);
#384=LINE('',#2475,#547);
#385=LINE('',#2476,#548);
#386=LINE('',#2480,#549);
#387=LINE('',#2484,#550);
#388=LINE('',#2488,#551);
#389=LINE('',#2492,#552);
#390=LINE('',#2505,#553);
#391=LINE('',#2509,#554);
#392=LINE('',#2513,#555);
#393=LINE('',#2517,#556);
#394=LINE('',#2520,#557);
#395=LINE('',#2522,#558);
#396=LINE('',#2523,#559);
#397=LINE('',#2526,#560);
#398=LINE('',#2527,#561);
#399=LINE('',#2530,#562);
#400=LINE('',#2533,#563);
#401=LINE('',#2536,#564);
#402=LINE('',#2539,#565);
#403=LINE('',#2541,#566);
#404=LINE('',#2545,#567);
#405=LINE('',#2547,#568);
#406=LINE('',#2549,#569);
#407=LINE('',#2550,#570);
#408=LINE('',#2554,#571);
#409=LINE('',#2556,#572);
#410=LINE('',#2558,#573);
#411=LINE('',#2559,#574);
#412=LINE('',#2562,#575);
#413=LINE('',#2565,#576);
#414=LINE('',#2567,#577);
#415=LINE('',#2569,#578);
#416=LINE('',#2573,#579);
#417=LINE('',#2575,#580);
#418=LINE('',#2576,#581);
#419=LINE('',#2579,#582);
#420=LINE('',#2581,#583);
#421=LINE('',#2582,#584);
#422=LINE('',#2585,#585);
#423=LINE('',#2589,#586);
#424=LINE('',#2593,#587);
#425=LINE('',#2595,#588);
#426=LINE('',#2596,#589);
#427=LINE('',#2599,#590);
#428=LINE('',#2603,#591);
#429=LINE('',#2604,#592);
#430=LINE('',#2607,#593);
#431=LINE('',#2611,#594);
#432=LINE('',#2612,#595);
#433=LINE('',#2615,#596);
#434=LINE('',#2619,#597);
#435=LINE('',#2620,#598);
#436=LINE('',#2625,#599);
#437=LINE('',#2628,#600);
#438=LINE('',#2631,#601);
#439=LINE('',#2632,#602);
#440=LINE('',#2635,#603);
#441=LINE('',#2639,#604);
#442=LINE('',#2640,#605);
#443=LINE('',#2643,#606);
#444=LINE('',#2645,#607);
#445=LINE('',#2649,#608);
#446=LINE('',#2653,#609);
#447=LINE('',#2657,#610);
#448=LINE('',#2659,#611);
#449=LINE('',#2661,#612);
#450=LINE('',#2662,#613);
#451=LINE('',#2665,#614);
#452=LINE('',#2667,#615);
#453=LINE('',#2668,#616);
#454=LINE('',#2671,#617);
#455=LINE('',#2672,#618);
#456=LINE('',#2675,#619);
#457=LINE('',#2677,#620);
#458=LINE('',#2678,#621);
#459=LINE('',#2681,#622);
#460=LINE('',#2684,#623);
#461=LINE('',#2687,#624);
#462=LINE('',#2688,#625);
#463=LINE('',#2692,#626);
#464=LINE('',#2695,#627);
#465=LINE('',#2696,#628);
#466=LINE('',#2701,#629);
#467=LINE('',#2703,#630);
#468=LINE('',#2704,#631);
#469=LINE('',#2708,#632);
#470=LINE('',#2710,#633);
#471=LINE('',#2716,#634);
#472=LINE('',#2719,#635);
#473=LINE('',#2722,#636);
#474=LINE('',#2724,#637);
#475=LINE('',#2725,#638);
#476=LINE('',#2728,#639);
#477=LINE('',#2730,#640);
#478=LINE('',#2731,#641);
#479=LINE('',#2737,#642);
#480=LINE('',#2740,#643);
#481=LINE('',#2742,#644);
#482=LINE('',#2743,#645);
#483=LINE('',#2746,#646);
#484=LINE('',#2748,#647);
#485=LINE('',#2749,#648);
#486=LINE('',#2755,#649);
#487=LINE('',#2758,#650);
#488=LINE('',#2760,#651);
#489=LINE('',#2761,#652);
#490=LINE('',#2764,#653);
#491=LINE('',#2766,#654);
#492=LINE('',#2767,#655);
#493=LINE('',#2770,#656);
#494=LINE('',#2772,#657);
#495=LINE('',#2773,#658);
#496=LINE('',#2779,#659);
#497=LINE('',#2783,#660);
#498=LINE('',#2784,#661);
#499=LINE('',#2787,#662);
#500=LINE('',#2788,#663);
#501=LINE('',#2793,#664);
#502=LINE('',#2797,#665);
#503=LINE('',#2799,#666);
#504=LINE('',#2800,#667);
#505=LINE('',#2803,#668);
#506=LINE('',#2805,#669);
#507=LINE('',#2806,#670);
#508=LINE('',#2809,#671);
#509=LINE('',#2811,#672);
#510=LINE('',#2812,#673);
#511=LINE('',#2817,#674);
#512=LINE('',#2820,#675);
#513=LINE('',#2821,#676);
#514=LINE('',#2825,#677);
#515=LINE('',#2826,#678);
#516=LINE('',#2828,#679);
#517=LINE('',#2834,#680);
#518=LINE('',#2837,#681);
#519=LINE('',#2839,#682);
#520=LINE('',#2841,#683);
#521=LINE('',#2843,#684);
#522=VECTOR('',#1845,10.);
#523=VECTOR('',#1848,10.);
#524=VECTOR('',#1853,10.);
#525=VECTOR('',#1856,10.);
#526=VECTOR('',#1861,10.);
#527=VECTOR('',#1864,10.);
#528=VECTOR('',#1877,10.);
#529=VECTOR('',#1878,10.);
#530=VECTOR('',#1891,10.);
#531=VECTOR('',#1892,10.);
#532=VECTOR('',#1911,10.);
#533=VECTOR('',#1912,10.);
#534=VECTOR('',#1915,10.);
#535=VECTOR('',#1916,10.);
#536=VECTOR('',#1933,10.);
#537=VECTOR('',#1934,10.);
#538=VECTOR('',#1937,10.);
#539=VECTOR('',#1940,10.);
#540=VECTOR('',#1943,10.);
#541=VECTOR('',#1948,10.);
#542=VECTOR('',#1949,10.);
#543=VECTOR('',#1952,10.);
#544=VECTOR('',#1957,10.);
#545=VECTOR('',#1958,10.);
#546=VECTOR('',#1961,10.);
#547=VECTOR('',#1966,10.);
#548=VECTOR('',#1967,10.);
#549=VECTOR('',#1970,10.);
#550=VECTOR('',#1973,10.);
#551=VECTOR('',#1976,10.);
#552=VECTOR('',#1979,10.);
#553=VECTOR('',#1994,1.05);
#554=VECTOR('',#1999,1.05);
#555=VECTOR('',#2004,1.05);
#556=VECTOR('',#2009,1.05);
#557=VECTOR('',#2012,10.);
#558=VECTOR('',#2013,10.);
#559=VECTOR('',#2014,10.);
#560=VECTOR('',#2017,10.);
#561=VECTOR('',#2018,10.);
#562=VECTOR('',#2021,10.);
#563=VECTOR('',#2024,10.);
#564=VECTOR('',#2027,10.);
#565=VECTOR('',#2030,10.);
#566=VECTOR('',#2033,10.);
#567=VECTOR('',#2036,10.);
#568=VECTOR('',#2037,10.);
#569=VECTOR('',#2038,10.);
#570=VECTOR('',#2039,10.);
#571=VECTOR('',#2042,10.);
#572=VECTOR('',#2043,10.);
#573=VECTOR('',#2044,10.);
#574=VECTOR('',#2045,10.);
#575=VECTOR('',#2048,10.);
#576=VECTOR('',#2051,10.);
#577=VECTOR('',#2052,10.);
#578=VECTOR('',#2053,10.);
#579=VECTOR('',#2058,10.);
#580=VECTOR('',#2059,10.);
#581=VECTOR('',#2060,10.);
#582=VECTOR('',#2063,10.);
#583=VECTOR('',#2064,10.);
#584=VECTOR('',#2065,10.);
#585=VECTOR('',#2068,10.);
#586=VECTOR('',#2071,10.);
#587=VECTOR('',#2076,10.);
#588=VECTOR('',#2077,10.);
#589=VECTOR('',#2078,10.);
#590=VECTOR('',#2081,10.);
#591=VECTOR('',#2086,10.);
#592=VECTOR('',#2087,10.);
#593=VECTOR('',#2090,10.);
#594=VECTOR('',#2095,10.);
#595=VECTOR('',#2096,10.);
#596=VECTOR('',#2099,10.);
#597=VECTOR('',#2104,10.);
#598=VECTOR('',#2105,10.);
#599=VECTOR('',#2112,10.);
#600=VECTOR('',#2115,10.);
#601=VECTOR('',#2118,10.);
#602=VECTOR('',#2119,10.);
#603=VECTOR('',#2122,10.);
#604=VECTOR('',#2127,10.);
#605=VECTOR('',#2128,10.);
#606=VECTOR('',#2131,10.);
#607=VECTOR('',#2132,10.);
#608=VECTOR('',#2135,10.);
#609=VECTOR('',#2138,10.);
#610=VECTOR('',#2141,10.);
#611=VECTOR('',#2142,10.);
#612=VECTOR('',#2143,10.);
#613=VECTOR('',#2144,10.);
#614=VECTOR('',#2147,10.);
#615=VECTOR('',#2148,10.);
#616=VECTOR('',#2149,10.);
#617=VECTOR('',#2152,10.);
#618=VECTOR('',#2153,10.);
#619=VECTOR('',#2156,10.);
#620=VECTOR('',#2157,10.);
#621=VECTOR('',#2158,10.);
#622=VECTOR('',#2161,10.);
#623=VECTOR('',#2166,10.);
#624=VECTOR('',#2169,10.);
#625=VECTOR('',#2170,10.);
#626=VECTOR('',#2175,10.);
#627=VECTOR('',#2178,10.);
#628=VECTOR('',#2179,10.);
#629=VECTOR('',#2186,10.);
#630=VECTOR('',#2187,10.);
#631=VECTOR('',#2188,10.);
#632=VECTOR('',#2193,10.);
#633=VECTOR('',#2196,10.);
#634=VECTOR('',#2201,10.);
#635=VECTOR('',#2204,10.);
#636=VECTOR('',#2207,10.);
#637=VECTOR('',#2208,10.);
#638=VECTOR('',#2209,10.);
#639=VECTOR('',#2212,10.);
#640=VECTOR('',#2213,10.);
#641=VECTOR('',#2214,10.);
#642=VECTOR('',#2221,10.);
#643=VECTOR('',#2224,10.);
#644=VECTOR('',#2225,10.);
#645=VECTOR('',#2226,10.);
#646=VECTOR('',#2229,10.);
#647=VECTOR('',#2230,10.);
#648=VECTOR('',#2231,10.);
#649=VECTOR('',#2238,10.);
#650=VECTOR('',#2241,10.);
#651=VECTOR('',#2242,10.);
#652=VECTOR('',#2243,10.);
#653=VECTOR('',#2246,10.);
#654=VECTOR('',#2247,10.);
#655=VECTOR('',#2248,10.);
#656=VECTOR('',#2251,10.);
#657=VECTOR('',#2252,10.);
#658=VECTOR('',#2253,10.);
#659=VECTOR('',#2260,10.);
#660=VECTOR('',#2267,10.);
#661=VECTOR('',#2268,10.);
#662=VECTOR('',#2271,10.);
#663=VECTOR('',#2272,10.);
#664=VECTOR('',#2277,10.);
#665=VECTOR('',#2282,10.);
#666=VECTOR('',#2283,10.);
#667=VECTOR('',#2284,10.);
#668=VECTOR('',#2287,10.);
#669=VECTOR('',#2288,10.);
#670=VECTOR('',#2289,10.);
#671=VECTOR('',#2292,10.);
#672=VECTOR('',#2293,10.);
#673=VECTOR('',#2294,10.);
#674=VECTOR('',#2299,10.);
#675=VECTOR('',#2304,10.);
#676=VECTOR('',#2305,10.);
#677=VECTOR('',#2310,10.);
#678=VECTOR('',#2311,10.);
#679=VECTOR('',#2314,10.);
#680=VECTOR('',#2321,10.);
#681=VECTOR('',#2324,10.);
#682=VECTOR('',#2327,10.);
#683=VECTOR('',#2330,10.);
#684=VECTOR('',#2333,10.);
#685=VERTEX_POINT('',#2338);
#686=VERTEX_POINT('',#2339);
#687=VERTEX_POINT('',#2341);
#688=VERTEX_POINT('',#2343);
#689=VERTEX_POINT('',#2347);
#690=VERTEX_POINT('',#2348);
#691=VERTEX_POINT('',#2350);
#692=VERTEX_POINT('',#2352);
#693=VERTEX_POINT('',#2356);
#694=VERTEX_POINT('',#2357);
#695=VERTEX_POINT('',#2359);
#696=VERTEX_POINT('',#2361);
#697=VERTEX_POINT('',#2378);
#698=VERTEX_POINT('',#2379);
#699=VERTEX_POINT('',#2384);
#700=VERTEX_POINT('',#2385);
#701=VERTEX_POINT('',#2390);
#702=VERTEX_POINT('',#2391);
#703=VERTEX_POINT('',#2396);
#704=VERTEX_POINT('',#2397);
#705=VERTEX_POINT('',#2402);
#706=VERTEX_POINT('',#2403);
#707=VERTEX_POINT('',#2408);
#708=VERTEX_POINT('',#2409);
#709=VERTEX_POINT('',#2420);
#710=VERTEX_POINT('',#2422);
#711=VERTEX_POINT('',#2439);
#712=VERTEX_POINT('',#2440);
#713=VERTEX_POINT('',#2448);
#714=VERTEX_POINT('',#2450);
#715=VERTEX_POINT('',#2454);
#716=VERTEX_POINT('',#2458);
#717=VERTEX_POINT('',#2462);
#718=VERTEX_POINT('',#2466);
#719=VERTEX_POINT('',#2470);
#720=VERTEX_POINT('',#2474);
#721=VERTEX_POINT('',#2478);
#722=VERTEX_POINT('',#2479);
#723=VERTEX_POINT('',#2481);
#724=VERTEX_POINT('',#2483);
#725=VERTEX_POINT('',#2485);
#726=VERTEX_POINT('',#2487);
#727=VERTEX_POINT('',#2489);
#728=VERTEX_POINT('',#2491);
#729=VERTEX_POINT('',#2494);
#730=VERTEX_POINT('',#2496);
#731=VERTEX_POINT('',#2498);
#732=VERTEX_POINT('',#2500);
#733=VERTEX_POINT('',#2503);
#734=VERTEX_POINT('',#2507);
#735=VERTEX_POINT('',#2511);
#736=VERTEX_POINT('',#2515);
#737=VERTEX_POINT('',#2519);
#738=VERTEX_POINT('',#2521);
#739=VERTEX_POINT('',#2525);
#740=VERTEX_POINT('',#2529);
#741=VERTEX_POINT('',#2531);
#742=VERTEX_POINT('',#2535);
#743=VERTEX_POINT('',#2537);
#744=VERTEX_POINT('',#2543);
#745=VERTEX_POINT('',#2544);
#746=VERTEX_POINT('',#2546);
#747=VERTEX_POINT('',#2548);
#748=VERTEX_POINT('',#2552);
#749=VERTEX_POINT('',#2553);
#750=VERTEX_POINT('',#2555);
#751=VERTEX_POINT('',#2557);
#752=VERTEX_POINT('',#2561);
#753=VERTEX_POINT('',#2564);
#754=VERTEX_POINT('',#2566);
#755=VERTEX_POINT('',#2568);
#756=VERTEX_POINT('',#2572);
#757=VERTEX_POINT('',#2574);
#758=VERTEX_POINT('',#2578);
#759=VERTEX_POINT('',#2580);
#760=VERTEX_POINT('',#2584);
#761=VERTEX_POINT('',#2586);
#762=VERTEX_POINT('',#2588);
#763=VERTEX_POINT('',#2592);
#764=VERTEX_POINT('',#2594);
#765=VERTEX_POINT('',#2598);
#766=VERTEX_POINT('',#2602);
#767=VERTEX_POINT('',#2606);
#768=VERTEX_POINT('',#2610);
#769=VERTEX_POINT('',#2614);
#770=VERTEX_POINT('',#2618);
#771=VERTEX_POINT('',#2624);
#772=VERTEX_POINT('',#2626);
#773=VERTEX_POINT('',#2630);
#774=VERTEX_POINT('',#2634);
#775=VERTEX_POINT('',#2638);
#776=VERTEX_POINT('',#2642);
#777=VERTEX_POINT('',#2644);
#778=VERTEX_POINT('',#2646);
#779=VERTEX_POINT('',#2648);
#780=VERTEX_POINT('',#2650);
#781=VERTEX_POINT('',#2652);
#782=VERTEX_POINT('',#2655);
#783=VERTEX_POINT('',#2656);
#784=VERTEX_POINT('',#2658);
#785=VERTEX_POINT('',#2660);
#786=VERTEX_POINT('',#2664);
#787=VERTEX_POINT('',#2666);
#788=VERTEX_POINT('',#2670);
#789=VERTEX_POINT('',#2674);
#790=VERTEX_POINT('',#2676);
#791=VERTEX_POINT('',#2680);
#792=VERTEX_POINT('',#2686);
#793=VERTEX_POINT('',#2690);
#794=VERTEX_POINT('',#2694);
#795=VERTEX_POINT('',#2700);
#796=VERTEX_POINT('',#2702);
#797=VERTEX_POINT('',#2706);
#798=VERTEX_POINT('',#2712);
#799=VERTEX_POINT('',#2713);
#800=VERTEX_POINT('',#2715);
#801=VERTEX_POINT('',#2717);
#802=VERTEX_POINT('',#2721);
#803=VERTEX_POINT('',#2723);
#804=VERTEX_POINT('',#2727);
#805=VERTEX_POINT('',#2729);
#806=VERTEX_POINT('',#2733);
#807=VERTEX_POINT('',#2735);
#808=VERTEX_POINT('',#2739);
#809=VERTEX_POINT('',#2741);
#810=VERTEX_POINT('',#2745);
#811=VERTEX_POINT('',#2747);
#812=VERTEX_POINT('',#2751);
#813=VERTEX_POINT('',#2753);
#814=VERTEX_POINT('',#2757);
#815=VERTEX_POINT('',#2759);
#816=VERTEX_POINT('',#2763);
#817=VERTEX_POINT('',#2765);
#818=VERTEX_POINT('',#2769);
#819=VERTEX_POINT('',#2771);
#820=VERTEX_POINT('',#2775);
#821=VERTEX_POINT('',#2777);
#822=VERTEX_POINT('',#2786);
#823=VERTEX_POINT('',#2790);
#824=VERTEX_POINT('',#2792);
#825=VERTEX_POINT('',#2796);
#826=VERTEX_POINT('',#2798);
#827=VERTEX_POINT('',#2802);
#828=VERTEX_POINT('',#2804);
#829=VERTEX_POINT('',#2808);
#830=VERTEX_POINT('',#2810);
#831=VERTEX_POINT('',#2814);
#832=VERTEX_POINT('',#2816);
#833=VERTEX_POINT('',#2824);
#834=VERTEX_POINT('',#2831);
#835=VERTEX_POINT('',#2833);
#836=VERTEX_POINT('',#2835);
#837=EDGE_CURVE('',#685,#686,#359,.T.);
#838=EDGE_CURVE('',#686,#687,#288,.T.);
#839=EDGE_CURVE('',#687,#688,#360,.T.);
#840=EDGE_CURVE('',#688,#685,#285,.T.);
#841=EDGE_CURVE('',#689,#690,#361,.T.);
#842=EDGE_CURVE('',#690,#691,#286,.T.);
#843=EDGE_CURVE('',#691,#692,#362,.T.);
#844=EDGE_CURVE('',#692,#689,#287,.T.);
#845=EDGE_CURVE('',#693,#694,#363,.T.);
#846=EDGE_CURVE('',#694,#695,#289,.T.);
#847=EDGE_CURVE('',#695,#696,#364,.T.);
#848=EDGE_CURVE('',#696,#693,#89,.T.);
#849=EDGE_CURVE('',#697,#698,#290,.T.);
#850=EDGE_CURVE('',#698,#695,#291,.T.);
#851=EDGE_CURVE('',#694,#697,#292,.T.);
#852=EDGE_CURVE('',#699,#700,#293,.T.);
#853=EDGE_CURVE('',#700,#698,#365,.T.);
#854=EDGE_CURVE('',#697,#699,#366,.T.);
#855=EDGE_CURVE('',#701,#702,#294,.T.);
#856=EDGE_CURVE('',#702,#700,#295,.T.);
#857=EDGE_CURVE('',#699,#701,#296,.T.);
#858=EDGE_CURVE('',#703,#704,#297,.T.);
#859=EDGE_CURVE('',#704,#702,#367,.T.);
#860=EDGE_CURVE('',#701,#703,#368,.T.);
#861=EDGE_CURVE('',#705,#706,#298,.T.);
#862=EDGE_CURVE('',#706,#704,#299,.T.);
#863=EDGE_CURVE('',#703,#705,#300,.T.);
#864=EDGE_CURVE('',#707,#708,#301,.T.);
#865=EDGE_CURVE('',#708,#706,#302,.T.);
#866=EDGE_CURVE('',#705,#707,#303,.T.);
#867=EDGE_CURVE('',#690,#708,#369,.T.);
#868=EDGE_CURVE('',#707,#691,#370,.T.);
#869=EDGE_CURVE('',#688,#689,#371,.T.);
#870=EDGE_CURVE('',#692,#685,#372,.T.);
#871=EDGE_CURVE('',#709,#693,#304,.T.);
#872=EDGE_CURVE('',#696,#710,#305,.T.);
#873=EDGE_CURVE('',#710,#709,#90,.T.);
#874=EDGE_CURVE('',#711,#712,#306,.T.);
#875=EDGE_CURVE('',#712,#687,#307,.T.);
#876=EDGE_CURVE('',#686,#711,#308,.T.);
#877=EDGE_CURVE('',#710,#712,#373,.T.);
#878=EDGE_CURVE('',#711,#709,#374,.T.);
#879=EDGE_CURVE('',#713,#705,#375,.T.);
#880=EDGE_CURVE('',#714,#713,#309,.T.);
#881=EDGE_CURVE('',#714,#707,#376,.T.);
#882=EDGE_CURVE('',#715,#703,#377,.T.);
#883=EDGE_CURVE('',#713,#715,#310,.T.);
#884=EDGE_CURVE('',#716,#701,#378,.T.);
#885=EDGE_CURVE('',#715,#716,#379,.T.);
#886=EDGE_CURVE('',#717,#699,#380,.T.);
#887=EDGE_CURVE('',#716,#717,#311,.T.);
#888=EDGE_CURVE('',#718,#697,#381,.T.);
#889=EDGE_CURVE('',#717,#718,#382,.T.);
#890=EDGE_CURVE('',#719,#694,#383,.T.);
#891=EDGE_CURVE('',#718,#719,#312,.T.);
#892=EDGE_CURVE('',#720,#693,#384,.T.);
#893=EDGE_CURVE('',#719,#720,#385,.T.);
#894=EDGE_CURVE('',#721,#722,#386,.T.);
#895=EDGE_CURVE('',#723,#721,#313,.T.);
#896=EDGE_CURVE('',#724,#723,#387,.T.);
#897=EDGE_CURVE('',#725,#724,#314,.T.);
#898=EDGE_CURVE('',#726,#725,#388,.T.);
#899=EDGE_CURVE('',#727,#726,#315,.T.);
#900=EDGE_CURVE('',#728,#727,#389,.T.);
#901=EDGE_CURVE('',#722,#728,#316,.T.);
#902=EDGE_CURVE('',#729,#729,#317,.T.);
#903=EDGE_CURVE('',#730,#730,#318,.T.);
#904=EDGE_CURVE('',#731,#731,#319,.T.);
#905=EDGE_CURVE('',#732,#732,#320,.T.);
#906=EDGE_CURVE('',#733,#733,#321,.T.);
#907=EDGE_CURVE('',#733,#732,#390,.T.);
#908=EDGE_CURVE('',#734,#734,#322,.T.);
#909=EDGE_CURVE('',#734,#731,#391,.T.);
#910=EDGE_CURVE('',#735,#735,#323,.T.);
#911=EDGE_CURVE('',#735,#730,#392,.T.);
#912=EDGE_CURVE('',#736,#736,#324,.T.);
#913=EDGE_CURVE('',#736,#729,#393,.T.);
#914=EDGE_CURVE('',#737,#691,#394,.T.);
#915=EDGE_CURVE('',#737,#738,#395,.T.);
#916=EDGE_CURVE('',#692,#738,#396,.T.);
#917=EDGE_CURVE('',#738,#739,#397,.T.);
#918=EDGE_CURVE('',#685,#739,#398,.T.);
#919=EDGE_CURVE('',#740,#737,#399,.T.);
#920=EDGE_CURVE('',#741,#740,#325,.T.);
#921=EDGE_CURVE('',#739,#741,#400,.T.);
#922=EDGE_CURVE('',#742,#740,#401,.T.);
#923=EDGE_CURVE('',#743,#742,#326,.T.);
#924=EDGE_CURVE('',#743,#741,#402,.T.);
#925=EDGE_CURVE('',#742,#714,#403,.T.);
#926=EDGE_CURVE('',#744,#745,#404,.T.);
#927=EDGE_CURVE('',#746,#744,#405,.T.);
#928=EDGE_CURVE('',#747,#746,#406,.T.);
#929=EDGE_CURVE('',#745,#747,#407,.T.);
#930=EDGE_CURVE('',#748,#749,#408,.T.);
#931=EDGE_CURVE('',#750,#748,#409,.T.);
#932=EDGE_CURVE('',#751,#750,#410,.T.);
#933=EDGE_CURVE('',#749,#751,#411,.T.);
#934=EDGE_CURVE('',#752,#746,#412,.T.);
#935=EDGE_CURVE('',#751,#752,#327,.T.);
#936=EDGE_CURVE('',#753,#750,#413,.T.);
#937=EDGE_CURVE('',#754,#753,#414,.T.);
#938=EDGE_CURVE('',#755,#754,#415,.T.);
#939=EDGE_CURVE('',#747,#755,#328,.T.);
#940=EDGE_CURVE('',#756,#753,#416,.T.);
#941=EDGE_CURVE('',#757,#756,#417,.T.);
#942=EDGE_CURVE('',#757,#754,#418,.T.);
#943=EDGE_CURVE('',#758,#748,#419,.F.);
#944=EDGE_CURVE('',#759,#758,#420,.T.);
#945=EDGE_CURVE('',#756,#759,#421,.T.);
#946=EDGE_CURVE('',#760,#752,#422,.T.);
#947=EDGE_CURVE('',#760,#761,#329,.T.);
#948=EDGE_CURVE('',#761,#762,#423,.T.);
#949=EDGE_CURVE('',#749,#762,#330,.F.);
#950=EDGE_CURVE('',#763,#721,#424,.T.);
#951=EDGE_CURVE('',#722,#764,#425,.T.);
#952=EDGE_CURVE('',#764,#763,#426,.T.);
#953=EDGE_CURVE('',#765,#723,#427,.T.);
#954=EDGE_CURVE('',#763,#765,#331,.T.);
#955=EDGE_CURVE('',#766,#724,#428,.T.);
#956=EDGE_CURVE('',#765,#766,#429,.T.);
#957=EDGE_CURVE('',#767,#725,#430,.T.);
#958=EDGE_CURVE('',#766,#767,#332,.T.);
#959=EDGE_CURVE('',#768,#726,#431,.T.);
#960=EDGE_CURVE('',#767,#768,#432,.T.);
#961=EDGE_CURVE('',#769,#727,#433,.T.);
#962=EDGE_CURVE('',#768,#769,#333,.T.);
#963=EDGE_CURVE('',#770,#728,#434,.T.);
#964=EDGE_CURVE('',#769,#770,#435,.T.);
#965=EDGE_CURVE('',#770,#764,#334,.T.);
#966=EDGE_CURVE('',#771,#766,#436,.T.);
#967=EDGE_CURVE('',#772,#771,#335,.T.);
#968=EDGE_CURVE('',#772,#767,#437,.T.);
#969=EDGE_CURVE('',#773,#765,#438,.T.);
#970=EDGE_CURVE('',#771,#773,#439,.T.);
#971=EDGE_CURVE('',#774,#763,#440,.T.);
#972=EDGE_CURVE('',#773,#774,#336,.T.);
#973=EDGE_CURVE('',#775,#764,#441,.T.);
#974=EDGE_CURVE('',#774,#775,#442,.T.);
#975=EDGE_CURVE('',#761,#776,#443,.T.);
#976=EDGE_CURVE('',#777,#760,#444,.T.);
#977=EDGE_CURVE('',#778,#777,#337,.T.);
#978=EDGE_CURVE('',#779,#778,#445,.T.);
#979=EDGE_CURVE('',#780,#779,#338,.T.);
#980=EDGE_CURVE('',#781,#780,#446,.T.);
#981=EDGE_CURVE('',#776,#781,#339,.T.);
#982=EDGE_CURVE('',#782,#783,#447,.T.);
#983=EDGE_CURVE('',#784,#782,#448,.T.);
#984=EDGE_CURVE('',#785,#784,#449,.T.);
#985=EDGE_CURVE('',#783,#785,#450,.T.);
#986=EDGE_CURVE('',#784,#786,#451,.T.);
#987=EDGE_CURVE('',#787,#786,#452,.F.);
#988=EDGE_CURVE('',#785,#787,#453,.T.);
#989=EDGE_CURVE('',#782,#788,#454,.T.);
#990=EDGE_CURVE('',#786,#788,#455,.F.);
#991=EDGE_CURVE('',#778,#789,#456,.T.);
#992=EDGE_CURVE('',#790,#789,#457,.F.);
#993=EDGE_CURVE('',#779,#790,#458,.T.);
#994=EDGE_CURVE('',#777,#791,#459,.T.);
#995=EDGE_CURVE('',#789,#791,#340,.F.);
#996=EDGE_CURVE('',#791,#744,#460,.F.);
#997=EDGE_CURVE('',#792,#772,#461,.T.);
#998=EDGE_CURVE('',#792,#768,#462,.T.);
#999=EDGE_CURVE('',#793,#792,#341,.T.);
#1000=EDGE_CURVE('',#793,#769,#463,.T.);
#1001=EDGE_CURVE('',#794,#793,#464,.T.);
#1002=EDGE_CURVE('',#794,#770,#465,.T.);
#1003=EDGE_CURVE('',#775,#794,#342,.T.);
#1004=EDGE_CURVE('',#780,#795,#466,.T.);
#1005=EDGE_CURVE('',#796,#795,#467,.F.);
#1006=EDGE_CURVE('',#781,#796,#468,.T.);
#1007=EDGE_CURVE('',#797,#796,#343,.F.);
#1008=EDGE_CURVE('',#776,#797,#469,.T.);
#1009=EDGE_CURVE('',#762,#797,#470,.F.);
#1010=EDGE_CURVE('',#798,#799,#344,.T.);
#1011=EDGE_CURVE('',#798,#800,#471,.T.);
#1012=EDGE_CURVE('',#801,#800,#345,.F.);
#1013=EDGE_CURVE('',#799,#801,#472,.T.);
#1014=EDGE_CURVE('',#799,#802,#473,.T.);
#1015=EDGE_CURVE('',#803,#801,#474,.F.);
#1016=EDGE_CURVE('',#802,#803,#475,.T.);
#1017=EDGE_CURVE('',#802,#804,#476,.T.);
#1018=EDGE_CURVE('',#805,#803,#477,.F.);
#1019=EDGE_CURVE('',#804,#805,#478,.T.);
#1020=EDGE_CURVE('',#804,#806,#346,.T.);
#1021=EDGE_CURVE('',#807,#805,#347,.F.);
#1022=EDGE_CURVE('',#806,#807,#479,.T.);
#1023=EDGE_CURVE('',#806,#808,#480,.T.);
#1024=EDGE_CURVE('',#809,#807,#481,.F.);
#1025=EDGE_CURVE('',#808,#809,#482,.T.);
#1026=EDGE_CURVE('',#808,#810,#483,.T.);
#1027=EDGE_CURVE('',#811,#809,#484,.F.);
#1028=EDGE_CURVE('',#810,#811,#485,.T.);
#1029=EDGE_CURVE('',#810,#812,#348,.T.);
#1030=EDGE_CURVE('',#813,#811,#349,.F.);
#1031=EDGE_CURVE('',#812,#813,#486,.T.);
#1032=EDGE_CURVE('',#812,#814,#487,.T.);
#1033=EDGE_CURVE('',#815,#813,#488,.F.);
#1034=EDGE_CURVE('',#814,#815,#489,.T.);
#1035=EDGE_CURVE('',#814,#816,#490,.T.);
#1036=EDGE_CURVE('',#817,#815,#491,.F.);
#1037=EDGE_CURVE('',#816,#817,#492,.T.);
#1038=EDGE_CURVE('',#816,#818,#493,.T.);
#1039=EDGE_CURVE('',#819,#817,#494,.F.);
#1040=EDGE_CURVE('',#818,#819,#495,.T.);
#1041=EDGE_CURVE('',#818,#820,#350,.T.);
#1042=EDGE_CURVE('',#821,#819,#351,.F.);
#1043=EDGE_CURVE('',#820,#821,#496,.T.);
#1044=EDGE_CURVE('',#795,#790,#352,.F.);
#1045=EDGE_CURVE('',#759,#798,#497,.T.);
#1046=EDGE_CURVE('',#800,#758,#498,.F.);
#1047=EDGE_CURVE('',#822,#757,#499,.T.);
#1048=EDGE_CURVE('',#822,#755,#500,.T.);
#1049=EDGE_CURVE('',#823,#822,#353,.T.);
#1050=EDGE_CURVE('',#823,#824,#501,.T.);
#1051=EDGE_CURVE('',#745,#824,#354,.F.);
#1052=EDGE_CURVE('',#825,#823,#502,.T.);
#1053=EDGE_CURVE('',#825,#826,#503,.T.);
#1054=EDGE_CURVE('',#824,#826,#504,.F.);
#1055=EDGE_CURVE('',#827,#825,#505,.T.);
#1056=EDGE_CURVE('',#827,#828,#506,.T.);
#1057=EDGE_CURVE('',#826,#828,#507,.F.);
#1058=EDGE_CURVE('',#829,#827,#508,.T.);
#1059=EDGE_CURVE('',#829,#830,#509,.T.);
#1060=EDGE_CURVE('',#828,#830,#510,.F.);
#1061=EDGE_CURVE('',#831,#829,#355,.T.);
#1062=EDGE_CURVE('',#831,#832,#511,.T.);
#1063=EDGE_CURVE('',#830,#832,#356,.F.);
#1064=EDGE_CURVE('',#820,#831,#512,.T.);
#1065=EDGE_CURVE('',#832,#821,#513,.F.);
#1066=EDGE_CURVE('',#833,#787,#514,.F.);
#1067=EDGE_CURVE('',#783,#833,#515,.T.);
#1068=EDGE_CURVE('',#788,#833,#516,.F.);
#1069=EDGE_CURVE('',#720,#834,#357,.T.);
#1070=EDGE_CURVE('',#834,#835,#517,.T.);
#1071=EDGE_CURVE('',#835,#836,#358,.T.);
#1072=EDGE_CURVE('',#836,#743,#518,.T.);
#1073=EDGE_CURVE('',#836,#686,#519,.T.);
#1074=EDGE_CURVE('',#835,#711,#520,.T.);
#1075=EDGE_CURVE('',#834,#709,#521,.T.);
#1076=ORIENTED_EDGE('',*,*,#837,.T.);
#1077=ORIENTED_EDGE('',*,*,#838,.T.);
#1078=ORIENTED_EDGE('',*,*,#839,.T.);
#1079=ORIENTED_EDGE('',*,*,#840,.T.);
#1080=ORIENTED_EDGE('',*,*,#841,.T.);
#1081=ORIENTED_EDGE('',*,*,#842,.T.);
#1082=ORIENTED_EDGE('',*,*,#843,.T.);
#1083=ORIENTED_EDGE('',*,*,#844,.T.);
#1084=ORIENTED_EDGE('',*,*,#845,.T.);
#1085=ORIENTED_EDGE('',*,*,#846,.T.);
#1086=ORIENTED_EDGE('',*,*,#847,.T.);
#1087=ORIENTED_EDGE('',*,*,#848,.T.);
#1088=ORIENTED_EDGE('',*,*,#849,.T.);
#1089=ORIENTED_EDGE('',*,*,#850,.T.);
#1090=ORIENTED_EDGE('',*,*,#846,.F.);
#1091=ORIENTED_EDGE('',*,*,#851,.T.);
#1092=ORIENTED_EDGE('',*,*,#852,.T.);
#1093=ORIENTED_EDGE('',*,*,#853,.T.);
#1094=ORIENTED_EDGE('',*,*,#849,.F.);
#1095=ORIENTED_EDGE('',*,*,#854,.T.);
#1096=ORIENTED_EDGE('',*,*,#855,.T.);
#1097=ORIENTED_EDGE('',*,*,#856,.T.);
#1098=ORIENTED_EDGE('',*,*,#852,.F.);
#1099=ORIENTED_EDGE('',*,*,#857,.T.);
#1100=ORIENTED_EDGE('',*,*,#858,.T.);
#1101=ORIENTED_EDGE('',*,*,#859,.T.);
#1102=ORIENTED_EDGE('',*,*,#855,.F.);
#1103=ORIENTED_EDGE('',*,*,#860,.T.);
#1104=ORIENTED_EDGE('',*,*,#861,.T.);
#1105=ORIENTED_EDGE('',*,*,#862,.T.);
#1106=ORIENTED_EDGE('',*,*,#858,.F.);
#1107=ORIENTED_EDGE('',*,*,#863,.T.);
#1108=ORIENTED_EDGE('',*,*,#864,.T.);
#1109=ORIENTED_EDGE('',*,*,#865,.T.);
#1110=ORIENTED_EDGE('',*,*,#861,.F.);
#1111=ORIENTED_EDGE('',*,*,#866,.T.);
#1112=ORIENTED_EDGE('',*,*,#867,.T.);
#1113=ORIENTED_EDGE('',*,*,#864,.F.);
#1114=ORIENTED_EDGE('',*,*,#868,.T.);
#1115=ORIENTED_EDGE('',*,*,#842,.F.);
#1116=ORIENTED_EDGE('',*,*,#869,.T.);
#1117=ORIENTED_EDGE('',*,*,#844,.F.);
#1118=ORIENTED_EDGE('',*,*,#870,.T.);
#1119=ORIENTED_EDGE('',*,*,#840,.F.);
#1120=ORIENTED_EDGE('',*,*,#871,.T.);
#1121=ORIENTED_EDGE('',*,*,#848,.F.);
#1122=ORIENTED_EDGE('',*,*,#872,.T.);
#1123=ORIENTED_EDGE('',*,*,#873,.T.);
#1124=ORIENTED_EDGE('',*,*,#874,.T.);
#1125=ORIENTED_EDGE('',*,*,#875,.T.);
#1126=ORIENTED_EDGE('',*,*,#838,.F.);
#1127=ORIENTED_EDGE('',*,*,#876,.T.);
#1128=ORIENTED_EDGE('',*,*,#877,.T.);
#1129=ORIENTED_EDGE('',*,*,#874,.F.);
#1130=ORIENTED_EDGE('',*,*,#878,.T.);
#1131=ORIENTED_EDGE('',*,*,#873,.F.);
#1132=ORIENTED_EDGE('',*,*,#866,.F.);
#1133=ORIENTED_EDGE('',*,*,#879,.F.);
#1134=ORIENTED_EDGE('',*,*,#880,.F.);
#1135=ORIENTED_EDGE('',*,*,#881,.T.);
#1136=ORIENTED_EDGE('',*,*,#863,.F.);
#1137=ORIENTED_EDGE('',*,*,#882,.F.);
#1138=ORIENTED_EDGE('',*,*,#883,.F.);
#1139=ORIENTED_EDGE('',*,*,#879,.T.);
#1140=ORIENTED_EDGE('',*,*,#860,.F.);
#1141=ORIENTED_EDGE('',*,*,#884,.F.);
#1142=ORIENTED_EDGE('',*,*,#885,.F.);
#1143=ORIENTED_EDGE('',*,*,#882,.T.);
#1144=ORIENTED_EDGE('',*,*,#857,.F.);
#1145=ORIENTED_EDGE('',*,*,#886,.F.);
#1146=ORIENTED_EDGE('',*,*,#887,.F.);
#1147=ORIENTED_EDGE('',*,*,#884,.T.);
#1148=ORIENTED_EDGE('',*,*,#854,.F.);
#1149=ORIENTED_EDGE('',*,*,#888,.F.);
#1150=ORIENTED_EDGE('',*,*,#889,.F.);
#1151=ORIENTED_EDGE('',*,*,#886,.T.);
#1152=ORIENTED_EDGE('',*,*,#851,.F.);
#1153=ORIENTED_EDGE('',*,*,#890,.F.);
#1154=ORIENTED_EDGE('',*,*,#891,.F.);
#1155=ORIENTED_EDGE('',*,*,#888,.T.);
#1156=ORIENTED_EDGE('',*,*,#845,.F.);
#1157=ORIENTED_EDGE('',*,*,#892,.F.);
#1158=ORIENTED_EDGE('',*,*,#893,.F.);
#1159=ORIENTED_EDGE('',*,*,#890,.T.);
#1160=ORIENTED_EDGE('',*,*,#847,.F.);
#1161=ORIENTED_EDGE('',*,*,#850,.F.);
#1162=ORIENTED_EDGE('',*,*,#853,.F.);
#1163=ORIENTED_EDGE('',*,*,#856,.F.);
#1164=ORIENTED_EDGE('',*,*,#859,.F.);
#1165=ORIENTED_EDGE('',*,*,#862,.F.);
#1166=ORIENTED_EDGE('',*,*,#865,.F.);
#1167=ORIENTED_EDGE('',*,*,#867,.F.);
#1168=ORIENTED_EDGE('',*,*,#841,.F.);
#1169=ORIENTED_EDGE('',*,*,#869,.F.);
#1170=ORIENTED_EDGE('',*,*,#839,.F.);
#1171=ORIENTED_EDGE('',*,*,#875,.F.);
#1172=ORIENTED_EDGE('',*,*,#877,.F.);
#1173=ORIENTED_EDGE('',*,*,#872,.F.);
#1174=ORIENTED_EDGE('',*,*,#894,.F.);
#1175=ORIENTED_EDGE('',*,*,#895,.F.);
#1176=ORIENTED_EDGE('',*,*,#896,.F.);
#1177=ORIENTED_EDGE('',*,*,#897,.F.);
#1178=ORIENTED_EDGE('',*,*,#898,.F.);
#1179=ORIENTED_EDGE('',*,*,#899,.F.);
#1180=ORIENTED_EDGE('',*,*,#900,.F.);
#1181=ORIENTED_EDGE('',*,*,#901,.F.);
#1182=ORIENTED_EDGE('',*,*,#902,.T.);
#1183=ORIENTED_EDGE('',*,*,#903,.T.);
#1184=ORIENTED_EDGE('',*,*,#904,.T.);
#1185=ORIENTED_EDGE('',*,*,#905,.T.);
#1186=ORIENTED_EDGE('',*,*,#906,.F.);
#1187=ORIENTED_EDGE('',*,*,#907,.T.);
#1188=ORIENTED_EDGE('',*,*,#905,.F.);
#1189=ORIENTED_EDGE('',*,*,#907,.F.);
#1190=ORIENTED_EDGE('',*,*,#908,.F.);
#1191=ORIENTED_EDGE('',*,*,#909,.T.);
#1192=ORIENTED_EDGE('',*,*,#904,.F.);
#1193=ORIENTED_EDGE('',*,*,#909,.F.);
#1194=ORIENTED_EDGE('',*,*,#910,.F.);
#1195=ORIENTED_EDGE('',*,*,#911,.T.);
#1196=ORIENTED_EDGE('',*,*,#903,.F.);
#1197=ORIENTED_EDGE('',*,*,#911,.F.);
#1198=ORIENTED_EDGE('',*,*,#912,.F.);
#1199=ORIENTED_EDGE('',*,*,#913,.T.);
#1200=ORIENTED_EDGE('',*,*,#902,.F.);
#1201=ORIENTED_EDGE('',*,*,#913,.F.);
#1202=ORIENTED_EDGE('',*,*,#843,.F.);
#1203=ORIENTED_EDGE('',*,*,#914,.F.);
#1204=ORIENTED_EDGE('',*,*,#915,.T.);
#1205=ORIENTED_EDGE('',*,*,#916,.F.);
#1206=ORIENTED_EDGE('',*,*,#870,.F.);
#1207=ORIENTED_EDGE('',*,*,#916,.T.);
#1208=ORIENTED_EDGE('',*,*,#917,.T.);
#1209=ORIENTED_EDGE('',*,*,#918,.F.);
#1210=ORIENTED_EDGE('',*,*,#917,.F.);
#1211=ORIENTED_EDGE('',*,*,#915,.F.);
#1212=ORIENTED_EDGE('',*,*,#919,.F.);
#1213=ORIENTED_EDGE('',*,*,#920,.F.);
#1214=ORIENTED_EDGE('',*,*,#921,.F.);
#1215=ORIENTED_EDGE('',*,*,#920,.T.);
#1216=ORIENTED_EDGE('',*,*,#922,.F.);
#1217=ORIENTED_EDGE('',*,*,#923,.F.);
#1218=ORIENTED_EDGE('',*,*,#924,.T.);
#1219=ORIENTED_EDGE('',*,*,#868,.F.);
#1220=ORIENTED_EDGE('',*,*,#881,.F.);
#1221=ORIENTED_EDGE('',*,*,#925,.F.);
#1222=ORIENTED_EDGE('',*,*,#922,.T.);
#1223=ORIENTED_EDGE('',*,*,#919,.T.);
#1224=ORIENTED_EDGE('',*,*,#914,.T.);
#1225=ORIENTED_EDGE('',*,*,#926,.F.);
#1226=ORIENTED_EDGE('',*,*,#927,.F.);
#1227=ORIENTED_EDGE('',*,*,#928,.F.);
#1228=ORIENTED_EDGE('',*,*,#929,.F.);
#1229=ORIENTED_EDGE('',*,*,#930,.F.);
#1230=ORIENTED_EDGE('',*,*,#931,.F.);
#1231=ORIENTED_EDGE('',*,*,#932,.F.);
#1232=ORIENTED_EDGE('',*,*,#933,.F.);
#1233=ORIENTED_EDGE('',*,*,#934,.F.);
#1234=ORIENTED_EDGE('',*,*,#935,.F.);
#1235=ORIENTED_EDGE('',*,*,#932,.T.);
#1236=ORIENTED_EDGE('',*,*,#936,.F.);
#1237=ORIENTED_EDGE('',*,*,#937,.F.);
#1238=ORIENTED_EDGE('',*,*,#938,.F.);
#1239=ORIENTED_EDGE('',*,*,#939,.F.);
#1240=ORIENTED_EDGE('',*,*,#928,.T.);
#1241=ORIENTED_EDGE('',*,*,#937,.T.);
#1242=ORIENTED_EDGE('',*,*,#940,.F.);
#1243=ORIENTED_EDGE('',*,*,#941,.F.);
#1244=ORIENTED_EDGE('',*,*,#942,.T.);
#1245=ORIENTED_EDGE('',*,*,#936,.T.);
#1246=ORIENTED_EDGE('',*,*,#931,.T.);
#1247=ORIENTED_EDGE('',*,*,#943,.F.);
#1248=ORIENTED_EDGE('',*,*,#944,.F.);
#1249=ORIENTED_EDGE('',*,*,#945,.F.);
#1250=ORIENTED_EDGE('',*,*,#940,.T.);
#1251=ORIENTED_EDGE('',*,*,#933,.T.);
#1252=ORIENTED_EDGE('',*,*,#935,.T.);
#1253=ORIENTED_EDGE('',*,*,#946,.F.);
#1254=ORIENTED_EDGE('',*,*,#947,.T.);
#1255=ORIENTED_EDGE('',*,*,#948,.T.);
#1256=ORIENTED_EDGE('',*,*,#949,.F.);
#1257=ORIENTED_EDGE('',*,*,#950,.T.);
#1258=ORIENTED_EDGE('',*,*,#894,.T.);
#1259=ORIENTED_EDGE('',*,*,#951,.T.);
#1260=ORIENTED_EDGE('',*,*,#952,.T.);
#1261=ORIENTED_EDGE('',*,*,#953,.T.);
#1262=ORIENTED_EDGE('',*,*,#895,.T.);
#1263=ORIENTED_EDGE('',*,*,#950,.F.);
#1264=ORIENTED_EDGE('',*,*,#954,.T.);
#1265=ORIENTED_EDGE('',*,*,#955,.T.);
#1266=ORIENTED_EDGE('',*,*,#896,.T.);
#1267=ORIENTED_EDGE('',*,*,#953,.F.);
#1268=ORIENTED_EDGE('',*,*,#956,.T.);
#1269=ORIENTED_EDGE('',*,*,#957,.T.);
#1270=ORIENTED_EDGE('',*,*,#897,.T.);
#1271=ORIENTED_EDGE('',*,*,#955,.F.);
#1272=ORIENTED_EDGE('',*,*,#958,.T.);
#1273=ORIENTED_EDGE('',*,*,#959,.T.);
#1274=ORIENTED_EDGE('',*,*,#898,.T.);
#1275=ORIENTED_EDGE('',*,*,#957,.F.);
#1276=ORIENTED_EDGE('',*,*,#960,.T.);
#1277=ORIENTED_EDGE('',*,*,#961,.T.);
#1278=ORIENTED_EDGE('',*,*,#899,.T.);
#1279=ORIENTED_EDGE('',*,*,#959,.F.);
#1280=ORIENTED_EDGE('',*,*,#962,.T.);
#1281=ORIENTED_EDGE('',*,*,#963,.T.);
#1282=ORIENTED_EDGE('',*,*,#900,.T.);
#1283=ORIENTED_EDGE('',*,*,#961,.F.);
#1284=ORIENTED_EDGE('',*,*,#964,.T.);
#1285=ORIENTED_EDGE('',*,*,#951,.F.);
#1286=ORIENTED_EDGE('',*,*,#901,.T.);
#1287=ORIENTED_EDGE('',*,*,#963,.F.);
#1288=ORIENTED_EDGE('',*,*,#965,.T.);
#1289=ORIENTED_EDGE('',*,*,#958,.F.);
#1290=ORIENTED_EDGE('',*,*,#966,.F.);
#1291=ORIENTED_EDGE('',*,*,#967,.F.);
#1292=ORIENTED_EDGE('',*,*,#968,.T.);
#1293=ORIENTED_EDGE('',*,*,#956,.F.);
#1294=ORIENTED_EDGE('',*,*,#969,.F.);
#1295=ORIENTED_EDGE('',*,*,#970,.F.);
#1296=ORIENTED_EDGE('',*,*,#966,.T.);
#1297=ORIENTED_EDGE('',*,*,#954,.F.);
#1298=ORIENTED_EDGE('',*,*,#971,.F.);
#1299=ORIENTED_EDGE('',*,*,#972,.F.);
#1300=ORIENTED_EDGE('',*,*,#969,.T.);
#1301=ORIENTED_EDGE('',*,*,#952,.F.);
#1302=ORIENTED_EDGE('',*,*,#973,.F.);
#1303=ORIENTED_EDGE('',*,*,#974,.F.);
#1304=ORIENTED_EDGE('',*,*,#971,.T.);
#1305=ORIENTED_EDGE('',*,*,#975,.F.);
#1306=ORIENTED_EDGE('',*,*,#947,.F.);
#1307=ORIENTED_EDGE('',*,*,#976,.F.);
#1308=ORIENTED_EDGE('',*,*,#977,.F.);
#1309=ORIENTED_EDGE('',*,*,#978,.F.);
#1310=ORIENTED_EDGE('',*,*,#979,.F.);
#1311=ORIENTED_EDGE('',*,*,#980,.F.);
#1312=ORIENTED_EDGE('',*,*,#981,.F.);
#1313=ORIENTED_EDGE('',*,*,#982,.F.);
#1314=ORIENTED_EDGE('',*,*,#983,.F.);
#1315=ORIENTED_EDGE('',*,*,#984,.F.);
#1316=ORIENTED_EDGE('',*,*,#985,.F.);
#1317=ORIENTED_EDGE('',*,*,#984,.T.);
#1318=ORIENTED_EDGE('',*,*,#986,.T.);
#1319=ORIENTED_EDGE('',*,*,#987,.F.);
#1320=ORIENTED_EDGE('',*,*,#988,.F.);
#1321=ORIENTED_EDGE('',*,*,#983,.T.);
#1322=ORIENTED_EDGE('',*,*,#989,.T.);
#1323=ORIENTED_EDGE('',*,*,#990,.F.);
#1324=ORIENTED_EDGE('',*,*,#986,.F.);
#1325=ORIENTED_EDGE('',*,*,#978,.T.);
#1326=ORIENTED_EDGE('',*,*,#991,.T.);
#1327=ORIENTED_EDGE('',*,*,#992,.F.);
#1328=ORIENTED_EDGE('',*,*,#993,.F.);
#1329=ORIENTED_EDGE('',*,*,#977,.T.);
#1330=ORIENTED_EDGE('',*,*,#994,.T.);
#1331=ORIENTED_EDGE('',*,*,#995,.F.);
#1332=ORIENTED_EDGE('',*,*,#991,.F.);
#1333=ORIENTED_EDGE('',*,*,#927,.T.);
#1334=ORIENTED_EDGE('',*,*,#996,.F.);
#1335=ORIENTED_EDGE('',*,*,#994,.F.);
#1336=ORIENTED_EDGE('',*,*,#976,.T.);
#1337=ORIENTED_EDGE('',*,*,#946,.T.);
#1338=ORIENTED_EDGE('',*,*,#934,.T.);
#1339=ORIENTED_EDGE('',*,*,#960,.F.);
#1340=ORIENTED_EDGE('',*,*,#968,.F.);
#1341=ORIENTED_EDGE('',*,*,#997,.F.);
#1342=ORIENTED_EDGE('',*,*,#998,.T.);
#1343=ORIENTED_EDGE('',*,*,#962,.F.);
#1344=ORIENTED_EDGE('',*,*,#998,.F.);
#1345=ORIENTED_EDGE('',*,*,#999,.F.);
#1346=ORIENTED_EDGE('',*,*,#1000,.T.);
#1347=ORIENTED_EDGE('',*,*,#964,.F.);
#1348=ORIENTED_EDGE('',*,*,#1000,.F.);
#1349=ORIENTED_EDGE('',*,*,#1001,.F.);
#1350=ORIENTED_EDGE('',*,*,#1002,.T.);
#1351=ORIENTED_EDGE('',*,*,#965,.F.);
#1352=ORIENTED_EDGE('',*,*,#1002,.F.);
#1353=ORIENTED_EDGE('',*,*,#1003,.F.);
#1354=ORIENTED_EDGE('',*,*,#973,.T.);
#1355=ORIENTED_EDGE('',*,*,#980,.T.);
#1356=ORIENTED_EDGE('',*,*,#1004,.T.);
#1357=ORIENTED_EDGE('',*,*,#1005,.F.);
#1358=ORIENTED_EDGE('',*,*,#1006,.F.);
#1359=ORIENTED_EDGE('',*,*,#981,.T.);
#1360=ORIENTED_EDGE('',*,*,#1006,.T.);
#1361=ORIENTED_EDGE('',*,*,#1007,.F.);
#1362=ORIENTED_EDGE('',*,*,#1008,.F.);
#1363=ORIENTED_EDGE('',*,*,#975,.T.);
#1364=ORIENTED_EDGE('',*,*,#1008,.T.);
#1365=ORIENTED_EDGE('',*,*,#1009,.F.);
#1366=ORIENTED_EDGE('',*,*,#948,.F.);
#1367=ORIENTED_EDGE('',*,*,#1010,.F.);
#1368=ORIENTED_EDGE('',*,*,#1011,.T.);
#1369=ORIENTED_EDGE('',*,*,#1012,.F.);
#1370=ORIENTED_EDGE('',*,*,#1013,.F.);
#1371=ORIENTED_EDGE('',*,*,#1014,.F.);
#1372=ORIENTED_EDGE('',*,*,#1013,.T.);
#1373=ORIENTED_EDGE('',*,*,#1015,.F.);
#1374=ORIENTED_EDGE('',*,*,#1016,.F.);
#1375=ORIENTED_EDGE('',*,*,#1017,.F.);
#1376=ORIENTED_EDGE('',*,*,#1016,.T.);
#1377=ORIENTED_EDGE('',*,*,#1018,.F.);
#1378=ORIENTED_EDGE('',*,*,#1019,.F.);
#1379=ORIENTED_EDGE('',*,*,#1020,.F.);
#1380=ORIENTED_EDGE('',*,*,#1019,.T.);
#1381=ORIENTED_EDGE('',*,*,#1021,.F.);
#1382=ORIENTED_EDGE('',*,*,#1022,.F.);
#1383=ORIENTED_EDGE('',*,*,#1023,.F.);
#1384=ORIENTED_EDGE('',*,*,#1022,.T.);
#1385=ORIENTED_EDGE('',*,*,#1024,.F.);
#1386=ORIENTED_EDGE('',*,*,#1025,.F.);
#1387=ORIENTED_EDGE('',*,*,#1026,.F.);
#1388=ORIENTED_EDGE('',*,*,#1025,.T.);
#1389=ORIENTED_EDGE('',*,*,#1027,.F.);
#1390=ORIENTED_EDGE('',*,*,#1028,.F.);
#1391=ORIENTED_EDGE('',*,*,#1029,.F.);
#1392=ORIENTED_EDGE('',*,*,#1028,.T.);
#1393=ORIENTED_EDGE('',*,*,#1030,.F.);
#1394=ORIENTED_EDGE('',*,*,#1031,.F.);
#1395=ORIENTED_EDGE('',*,*,#1032,.F.);
#1396=ORIENTED_EDGE('',*,*,#1031,.T.);
#1397=ORIENTED_EDGE('',*,*,#1033,.F.);
#1398=ORIENTED_EDGE('',*,*,#1034,.F.);
#1399=ORIENTED_EDGE('',*,*,#1035,.F.);
#1400=ORIENTED_EDGE('',*,*,#1034,.T.);
#1401=ORIENTED_EDGE('',*,*,#1036,.F.);
#1402=ORIENTED_EDGE('',*,*,#1037,.F.);
#1403=ORIENTED_EDGE('',*,*,#1038,.F.);
#1404=ORIENTED_EDGE('',*,*,#1037,.T.);
#1405=ORIENTED_EDGE('',*,*,#1039,.F.);
#1406=ORIENTED_EDGE('',*,*,#1040,.F.);
#1407=ORIENTED_EDGE('',*,*,#1041,.F.);
#1408=ORIENTED_EDGE('',*,*,#1040,.T.);
#1409=ORIENTED_EDGE('',*,*,#1042,.F.);
#1410=ORIENTED_EDGE('',*,*,#1043,.F.);
#1411=ORIENTED_EDGE('',*,*,#979,.T.);
#1412=ORIENTED_EDGE('',*,*,#993,.T.);
#1413=ORIENTED_EDGE('',*,*,#1044,.F.);
#1414=ORIENTED_EDGE('',*,*,#1004,.F.);
#1415=ORIENTED_EDGE('',*,*,#1045,.F.);
#1416=ORIENTED_EDGE('',*,*,#944,.T.);
#1417=ORIENTED_EDGE('',*,*,#1046,.F.);
#1418=ORIENTED_EDGE('',*,*,#1011,.F.);
#1419=ORIENTED_EDGE('',*,*,#938,.T.);
#1420=ORIENTED_EDGE('',*,*,#942,.F.);
#1421=ORIENTED_EDGE('',*,*,#1047,.F.);
#1422=ORIENTED_EDGE('',*,*,#1048,.T.);
#1423=ORIENTED_EDGE('',*,*,#939,.T.);
#1424=ORIENTED_EDGE('',*,*,#1048,.F.);
#1425=ORIENTED_EDGE('',*,*,#1049,.F.);
#1426=ORIENTED_EDGE('',*,*,#1050,.T.);
#1427=ORIENTED_EDGE('',*,*,#1051,.F.);
#1428=ORIENTED_EDGE('',*,*,#929,.T.);
#1429=ORIENTED_EDGE('',*,*,#1052,.F.);
#1430=ORIENTED_EDGE('',*,*,#1053,.T.);
#1431=ORIENTED_EDGE('',*,*,#1054,.F.);
#1432=ORIENTED_EDGE('',*,*,#1050,.F.);
#1433=ORIENTED_EDGE('',*,*,#1055,.F.);
#1434=ORIENTED_EDGE('',*,*,#1056,.T.);
#1435=ORIENTED_EDGE('',*,*,#1057,.F.);
#1436=ORIENTED_EDGE('',*,*,#1053,.F.);
#1437=ORIENTED_EDGE('',*,*,#1058,.F.);
#1438=ORIENTED_EDGE('',*,*,#1059,.T.);
#1439=ORIENTED_EDGE('',*,*,#1060,.F.);
#1440=ORIENTED_EDGE('',*,*,#1056,.F.);
#1441=ORIENTED_EDGE('',*,*,#1061,.F.);
#1442=ORIENTED_EDGE('',*,*,#1062,.T.);
#1443=ORIENTED_EDGE('',*,*,#1063,.F.);
#1444=ORIENTED_EDGE('',*,*,#1059,.F.);
#1445=ORIENTED_EDGE('',*,*,#1064,.F.);
#1446=ORIENTED_EDGE('',*,*,#1043,.T.);
#1447=ORIENTED_EDGE('',*,*,#1065,.F.);
#1448=ORIENTED_EDGE('',*,*,#1062,.F.);
#1449=ORIENTED_EDGE('',*,*,#926,.T.);
#1450=ORIENTED_EDGE('',*,*,#1051,.T.);
#1451=ORIENTED_EDGE('',*,*,#1054,.T.);
#1452=ORIENTED_EDGE('',*,*,#1057,.T.);
#1453=ORIENTED_EDGE('',*,*,#1060,.T.);
#1454=ORIENTED_EDGE('',*,*,#1063,.T.);
#1455=ORIENTED_EDGE('',*,*,#1065,.T.);
#1456=ORIENTED_EDGE('',*,*,#1042,.T.);
#1457=ORIENTED_EDGE('',*,*,#1039,.T.);
#1458=ORIENTED_EDGE('',*,*,#1036,.T.);
#1459=ORIENTED_EDGE('',*,*,#1033,.T.);
#1460=ORIENTED_EDGE('',*,*,#1030,.T.);
#1461=ORIENTED_EDGE('',*,*,#1027,.T.);
#1462=ORIENTED_EDGE('',*,*,#1024,.T.);
#1463=ORIENTED_EDGE('',*,*,#1021,.T.);
#1464=ORIENTED_EDGE('',*,*,#1018,.T.);
#1465=ORIENTED_EDGE('',*,*,#1015,.T.);
#1466=ORIENTED_EDGE('',*,*,#1012,.T.);
#1467=ORIENTED_EDGE('',*,*,#1046,.T.);
#1468=ORIENTED_EDGE('',*,*,#943,.T.);
#1469=ORIENTED_EDGE('',*,*,#930,.T.);
#1470=ORIENTED_EDGE('',*,*,#949,.T.);
#1471=ORIENTED_EDGE('',*,*,#1009,.T.);
#1472=ORIENTED_EDGE('',*,*,#1007,.T.);
#1473=ORIENTED_EDGE('',*,*,#1005,.T.);
#1474=ORIENTED_EDGE('',*,*,#1044,.T.);
#1475=ORIENTED_EDGE('',*,*,#992,.T.);
#1476=ORIENTED_EDGE('',*,*,#995,.T.);
#1477=ORIENTED_EDGE('',*,*,#996,.T.);
#1478=ORIENTED_EDGE('',*,*,#985,.T.);
#1479=ORIENTED_EDGE('',*,*,#988,.T.);
#1480=ORIENTED_EDGE('',*,*,#1066,.F.);
#1481=ORIENTED_EDGE('',*,*,#1067,.F.);
#1482=ORIENTED_EDGE('',*,*,#982,.T.);
#1483=ORIENTED_EDGE('',*,*,#1067,.T.);
#1484=ORIENTED_EDGE('',*,*,#1068,.F.);
#1485=ORIENTED_EDGE('',*,*,#989,.F.);
#1486=ORIENTED_EDGE('',*,*,#987,.T.);
#1487=ORIENTED_EDGE('',*,*,#990,.T.);
#1488=ORIENTED_EDGE('',*,*,#1068,.T.);
#1489=ORIENTED_EDGE('',*,*,#1066,.T.);
#1490=ORIENTED_EDGE('',*,*,#974,.T.);
#1491=ORIENTED_EDGE('',*,*,#1003,.T.);
#1492=ORIENTED_EDGE('',*,*,#1001,.T.);
#1493=ORIENTED_EDGE('',*,*,#999,.T.);
#1494=ORIENTED_EDGE('',*,*,#997,.T.);
#1495=ORIENTED_EDGE('',*,*,#967,.T.);
#1496=ORIENTED_EDGE('',*,*,#970,.T.);
#1497=ORIENTED_EDGE('',*,*,#972,.T.);
#1498=ORIENTED_EDGE('',*,*,#925,.T.);
#1499=ORIENTED_EDGE('',*,*,#880,.T.);
#1500=ORIENTED_EDGE('',*,*,#883,.T.);
#1501=ORIENTED_EDGE('',*,*,#885,.T.);
#1502=ORIENTED_EDGE('',*,*,#887,.T.);
#1503=ORIENTED_EDGE('',*,*,#889,.T.);
#1504=ORIENTED_EDGE('',*,*,#891,.T.);
#1505=ORIENTED_EDGE('',*,*,#893,.T.);
#1506=ORIENTED_EDGE('',*,*,#1069,.T.);
#1507=ORIENTED_EDGE('',*,*,#1070,.T.);
#1508=ORIENTED_EDGE('',*,*,#1071,.T.);
#1509=ORIENTED_EDGE('',*,*,#1072,.T.);
#1510=ORIENTED_EDGE('',*,*,#923,.T.);
#1511=ORIENTED_EDGE('',*,*,#906,.T.);
#1512=ORIENTED_EDGE('',*,*,#908,.T.);
#1513=ORIENTED_EDGE('',*,*,#910,.T.);
#1514=ORIENTED_EDGE('',*,*,#912,.T.);
#1515=ORIENTED_EDGE('',*,*,#1041,.T.);
#1516=ORIENTED_EDGE('',*,*,#1064,.T.);
#1517=ORIENTED_EDGE('',*,*,#1061,.T.);
#1518=ORIENTED_EDGE('',*,*,#1058,.T.);
#1519=ORIENTED_EDGE('',*,*,#1055,.T.);
#1520=ORIENTED_EDGE('',*,*,#1052,.T.);
#1521=ORIENTED_EDGE('',*,*,#1049,.T.);
#1522=ORIENTED_EDGE('',*,*,#1047,.T.);
#1523=ORIENTED_EDGE('',*,*,#941,.T.);
#1524=ORIENTED_EDGE('',*,*,#945,.T.);
#1525=ORIENTED_EDGE('',*,*,#1045,.T.);
#1526=ORIENTED_EDGE('',*,*,#1010,.T.);
#1527=ORIENTED_EDGE('',*,*,#1014,.T.);
#1528=ORIENTED_EDGE('',*,*,#1017,.T.);
#1529=ORIENTED_EDGE('',*,*,#1020,.T.);
#1530=ORIENTED_EDGE('',*,*,#1023,.T.);
#1531=ORIENTED_EDGE('',*,*,#1026,.T.);
#1532=ORIENTED_EDGE('',*,*,#1029,.T.);
#1533=ORIENTED_EDGE('',*,*,#1032,.T.);
#1534=ORIENTED_EDGE('',*,*,#1035,.T.);
#1535=ORIENTED_EDGE('',*,*,#1038,.T.);
#1536=ORIENTED_EDGE('',*,*,#837,.F.);
#1537=ORIENTED_EDGE('',*,*,#918,.T.);
#1538=ORIENTED_EDGE('',*,*,#921,.T.);
#1539=ORIENTED_EDGE('',*,*,#924,.F.);
#1540=ORIENTED_EDGE('',*,*,#1072,.F.);
#1541=ORIENTED_EDGE('',*,*,#1073,.T.);
#1542=ORIENTED_EDGE('',*,*,#876,.F.);
#1543=ORIENTED_EDGE('',*,*,#1073,.F.);
#1544=ORIENTED_EDGE('',*,*,#1071,.F.);
#1545=ORIENTED_EDGE('',*,*,#1074,.T.);
#1546=ORIENTED_EDGE('',*,*,#878,.F.);
#1547=ORIENTED_EDGE('',*,*,#1074,.F.);
#1548=ORIENTED_EDGE('',*,*,#1070,.F.);
#1549=ORIENTED_EDGE('',*,*,#1075,.T.);
#1550=ORIENTED_EDGE('',*,*,#871,.F.);
#1551=ORIENTED_EDGE('',*,*,#1075,.F.);
#1552=ORIENTED_EDGE('',*,*,#1069,.F.);
#1553=ORIENTED_EDGE('',*,*,#892,.T.);
#1554=CYLINDRICAL_SURFACE('',#1676,0.5);
#1555=CYLINDRICAL_SURFACE('',#1679,0.5);
#1556=CYLINDRICAL_SURFACE('',#1682,0.5);
#1557=CYLINDRICAL_SURFACE('',#1688,0.5);
#1558=CYLINDRICAL_SURFACE('',#1694,0.5);
#1559=CYLINDRICAL_SURFACE('',#1704,0.5);
#1560=CYLINDRICAL_SURFACE('',#1705,0.5);
#1561=CYLINDRICAL_SURFACE('',#1713,0.5);
#1562=CYLINDRICAL_SURFACE('',#1714,2.0000022795536);
#1563=CYLINDRICAL_SURFACE('',#1716,7.25);
#1564=CYLINDRICAL_SURFACE('',#1719,1.99999940215251);
#1565=CYLINDRICAL_SURFACE('',#1722,2.00000315773827);
#1566=CYLINDRICAL_SURFACE('',#1746,1.99999999999999);
#1567=CYLINDRICAL_SURFACE('',#1756,1.99999999997361);
#1568=CYLINDRICAL_SURFACE('',#1771,0.999999999949803);
#1569=CYLINDRICAL_SURFACE('',#1774,0.999999999998415);
#1570=CYLINDRICAL_SURFACE('',#1784,1.99999999992317);
#1571=CYLINDRICAL_SURFACE('',#1788,1.00000000021783);
#1572=CYLINDRICAL_SURFACE('',#1791,0.999999999978956);
#1573=CYLINDRICAL_SURFACE('',#1794,1.99999999997372);
#1574=CYLINDRICAL_SURFACE('',#1797,2.8);
#1575=CYLINDRICAL_SURFACE('',#1802,8.51499934227887);
#1576=CYLINDRICAL_SURFACE('',#1807,2.8);
#1577=CYLINDRICAL_SURFACE('',#1813,9.25000247817636);
#1578=CYLINDRICAL_SURFACE('',#1816,2.00000000027095);
#1579=CYLINDRICAL_SURFACE('',#1820,2.8);
#1580=CYLINDRICAL_SURFACE('',#1826,2.8);
#1581=CYLINDRICAL_SURFACE('',#1838,1.99999999999998);
#1582=CYLINDRICAL_SURFACE('',#1840,6.51500000281105);
#1583=ADVANCED_FACE('',(#91),#1554,.T.);
#1584=ADVANCED_FACE('',(#92),#1555,.T.);
#1585=ADVANCED_FACE('',(#93),#1556,.T.);
#1586=ADVANCED_FACE('',(#94),#83,.T.);
#1587=ADVANCED_FACE('',(#95),#1557,.T.);
#1588=ADVANCED_FACE('',(#96),#84,.T.);
#1589=ADVANCED_FACE('',(#97),#1558,.T.);
#1590=ADVANCED_FACE('',(#98),#85,.T.);
#1591=ADVANCED_FACE('',(#99),#86,.T.);
#1592=ADVANCED_FACE('',(#100),#1559,.T.);
#1593=ADVANCED_FACE('',(#101),#1560,.T.);
#1594=ADVANCED_FACE('',(#102),#87,.T.);
#1595=ADVANCED_FACE('',(#103),#88,.T.);
#1596=ADVANCED_FACE('',(#104),#1561,.T.);
#1597=ADVANCED_FACE('',(#105),#1562,.T.);
#1598=ADVANCED_FACE('',(#106),#1563,.F.);
#1599=ADVANCED_FACE('',(#107),#35,.T.);
#1600=ADVANCED_FACE('',(#108),#1564,.T.);
#1601=ADVANCED_FACE('',(#109),#36,.T.);
#1602=ADVANCED_FACE('',(#110),#1565,.T.);
#1603=ADVANCED_FACE('',(#111),#37,.T.);
#1604=ADVANCED_FACE('',(#112,#23,#24,#25,#26,#27),#38,.T.);
#1605=ADVANCED_FACE('',(#113),#15,.F.);
#1606=ADVANCED_FACE('',(#114),#16,.F.);
#1607=ADVANCED_FACE('',(#115),#17,.F.);
#1608=ADVANCED_FACE('',(#116),#18,.F.);
#1609=ADVANCED_FACE('',(#117),#39,.F.);
#1610=ADVANCED_FACE('',(#118),#40,.F.);
#1611=ADVANCED_FACE('',(#119),#41,.T.);
#1612=ADVANCED_FACE('',(#120),#1566,.T.);
#1613=ADVANCED_FACE('',(#121),#42,.T.);
#1614=ADVANCED_FACE('',(#122),#43,.T.);
#1615=ADVANCED_FACE('',(#123),#44,.T.);
#1616=ADVANCED_FACE('',(#124),#45,.F.);
#1617=ADVANCED_FACE('',(#125),#46,.F.);
#1618=ADVANCED_FACE('',(#126),#47,.F.);
#1619=ADVANCED_FACE('',(#127),#1567,.T.);
#1620=ADVANCED_FACE('',(#128),#48,.T.);
#1621=ADVANCED_FACE('',(#129),#19,.F.);
#1622=ADVANCED_FACE('',(#130),#49,.T.);
#1623=ADVANCED_FACE('',(#131),#20,.F.);
#1624=ADVANCED_FACE('',(#132),#50,.T.);
#1625=ADVANCED_FACE('',(#133),#21,.F.);
#1626=ADVANCED_FACE('',(#134),#51,.T.);
#1627=ADVANCED_FACE('',(#135),#22,.F.);
#1628=ADVANCED_FACE('',(#136),#1568,.F.);
#1629=ADVANCED_FACE('',(#137),#52,.F.);
#1630=ADVANCED_FACE('',(#138),#1569,.F.);
#1631=ADVANCED_FACE('',(#139),#53,.F.);
#1632=ADVANCED_FACE('',(#140,#28),#54,.T.);
#1633=ADVANCED_FACE('',(#141),#55,.F.);
#1634=ADVANCED_FACE('',(#142),#56,.F.);
#1635=ADVANCED_FACE('',(#143),#57,.F.);
#1636=ADVANCED_FACE('',(#144),#1570,.T.);
#1637=ADVANCED_FACE('',(#145),#58,.F.);
#1638=ADVANCED_FACE('',(#146),#59,.F.);
#1639=ADVANCED_FACE('',(#147),#1571,.F.);
#1640=ADVANCED_FACE('',(#148),#60,.F.);
#1641=ADVANCED_FACE('',(#149),#1572,.F.);
#1642=ADVANCED_FACE('',(#150),#61,.F.);
#1643=ADVANCED_FACE('',(#151),#1573,.T.);
#1644=ADVANCED_FACE('',(#152),#62,.F.);
#1645=ADVANCED_FACE('',(#153),#1574,.T.);
#1646=ADVANCED_FACE('',(#154),#63,.F.);
#1647=ADVANCED_FACE('',(#155),#64,.F.);
#1648=ADVANCED_FACE('',(#156),#1575,.T.);
#1649=ADVANCED_FACE('',(#157),#65,.F.);
#1650=ADVANCED_FACE('',(#158),#66,.F.);
#1651=ADVANCED_FACE('',(#159),#1576,.T.);
#1652=ADVANCED_FACE('',(#160),#67,.F.);
#1653=ADVANCED_FACE('',(#161),#68,.F.);
#1654=ADVANCED_FACE('',(#162),#69,.F.);
#1655=ADVANCED_FACE('',(#163),#1577,.T.);
#1656=ADVANCED_FACE('',(#164),#1578,.T.);
#1657=ADVANCED_FACE('',(#165),#70,.F.);
#1658=ADVANCED_FACE('',(#166),#71,.F.);
#1659=ADVANCED_FACE('',(#167),#1579,.T.);
#1660=ADVANCED_FACE('',(#168),#72,.F.);
#1661=ADVANCED_FACE('',(#169),#73,.F.);
#1662=ADVANCED_FACE('',(#170),#74,.F.);
#1663=ADVANCED_FACE('',(#171),#1580,.T.);
#1664=ADVANCED_FACE('',(#172),#75,.F.);
#1665=ADVANCED_FACE('',(#173),#76,.F.);
#1666=ADVANCED_FACE('',(#174),#77,.F.);
#1667=ADVANCED_FACE('',(#175),#78,.F.);
#1668=ADVANCED_FACE('',(#176,#29),#79,.F.);
#1669=ADVANCED_FACE('',(#177,#30,#31,#32,#33,#34),#80,.T.);
#1670=ADVANCED_FACE('',(#178),#81,.T.);
#1671=ADVANCED_FACE('',(#179),#1581,.T.);
#1672=ADVANCED_FACE('',(#180),#82,.T.);
#1673=ADVANCED_FACE('',(#181),#1582,.F.);
#1674=CLOSED_SHELL('',(#1583,#1584,#1585,#1586,#1587,#1588,#1589,#1590,
#1591,#1592,#1593,#1594,#1595,#1596,#1597,#1598,#1599,#1600,#1601,#1602,
#1603,#1604,#1605,#1606,#1607,#1608,#1609,#1610,#1611,#1612,#1613,#1614,
#1615,#1616,#1617,#1618,#1619,#1620,#1621,#1622,#1623,#1624,#1625,#1626,
#1627,#1628,#1629,#1630,#1631,#1632,#1633,#1634,#1635,#1636,#1637,#1638,
#1639,#1640,#1641,#1642,#1643,#1644,#1645,#1646,#1647,#1648,#1649,#1650,
#1651,#1652,#1653,#1654,#1655,#1656,#1657,#1658,#1659,#1660,#1661,#1662,
#1663,#1664,#1665,#1666,#1667,#1668,#1669,#1670,#1671,#1672,#1673));
#1675=AXIS2_PLACEMENT_3D('',#2336,#1841,#1842);
#1676=AXIS2_PLACEMENT_3D('',#2337,#1843,#1844);
#1677=AXIS2_PLACEMENT_3D('',#2342,#1846,#1847);
#1678=AXIS2_PLACEMENT_3D('',#2345,#1849,#1850);
#1679=AXIS2_PLACEMENT_3D('',#2346,#1851,#1852);
#1680=AXIS2_PLACEMENT_3D('',#2351,#1854,#1855);
#1681=AXIS2_PLACEMENT_3D('',#2354,#1857,#1858);
#1682=AXIS2_PLACEMENT_3D('',#2355,#1859,#1860);
#1683=AXIS2_PLACEMENT_3D('',#2360,#1862,#1863);
#1684=AXIS2_PLACEMENT_3D('',#2377,#1865,#1866);
#1685=AXIS2_PLACEMENT_3D('',#2380,#1867,#1868);
#1686=AXIS2_PLACEMENT_3D('',#2381,#1869,#1870);
#1687=AXIS2_PLACEMENT_3D('',#2382,#1871,#1872);
#1688=AXIS2_PLACEMENT_3D('',#2383,#1873,#1874);
#1689=AXIS2_PLACEMENT_3D('',#2386,#1875,#1876);
#1690=AXIS2_PLACEMENT_3D('',#2389,#1879,#1880);
#1691=AXIS2_PLACEMENT_3D('',#2392,#1881,#1882);
#1692=AXIS2_PLACEMENT_3D('',#2393,#1883,#1884);
#1693=AXIS2_PLACEMENT_3D('',#2394,#1885,#1886);
#1694=AXIS2_PLACEMENT_3D('',#2395,#1887,#1888);
#1695=AXIS2_PLACEMENT_3D('',#2398,#1889,#1890);
#1696=AXIS2_PLACEMENT_3D('',#2401,#1893,#1894);
#1697=AXIS2_PLACEMENT_3D('',#2404,#1895,#1896);
#1698=AXIS2_PLACEMENT_3D('',#2405,#1897,#1898);
#1699=AXIS2_PLACEMENT_3D('',#2406,#1899,#1900);
#1700=AXIS2_PLACEMENT_3D('',#2407,#1901,#1902);
#1701=AXIS2_PLACEMENT_3D('',#2410,#1903,#1904);
#1702=AXIS2_PLACEMENT_3D('',#2411,#1905,#1906);
#1703=AXIS2_PLACEMENT_3D('',#2412,#1907,#1908);
#1704=AXIS2_PLACEMENT_3D('',#2413,#1909,#1910);
#1705=AXIS2_PLACEMENT_3D('',#2416,#1913,#1914);
#1706=AXIS2_PLACEMENT_3D('',#2419,#1917,#1918);
#1707=AXIS2_PLACEMENT_3D('',#2421,#1919,#1920);
#1708=AXIS2_PLACEMENT_3D('',#2423,#1921,#1922);
#1709=AXIS2_PLACEMENT_3D('',#2438,#1923,#1924);
#1710=AXIS2_PLACEMENT_3D('',#2441,#1925,#1926);
#1711=AXIS2_PLACEMENT_3D('',#2442,#1927,#1928);
#1712=AXIS2_PLACEMENT_3D('',#2443,#1929,#1930);
#1713=AXIS2_PLACEMENT_3D('',#2444,#1931,#1932);
#1714=AXIS2_PLACEMENT_3D('',#2447,#1935,#1936);
#1715=AXIS2_PLACEMENT_3D('',#2451,#1938,#1939);
#1716=AXIS2_PLACEMENT_3D('',#2453,#1941,#1942);
#1717=AXIS2_PLACEMENT_3D('',#2456,#1944,#1945);
#1718=AXIS2_PLACEMENT_3D('',#2457,#1946,#1947);
#1719=AXIS2_PLACEMENT_3D('',#2461,#1950,#1951);
#1720=AXIS2_PLACEMENT_3D('',#2464,#1953,#1954);
#1721=AXIS2_PLACEMENT_3D('',#2465,#1955,#1956);
#1722=AXIS2_PLACEMENT_3D('',#2469,#1959,#1960);
#1723=AXIS2_PLACEMENT_3D('',#2472,#1962,#1963);
#1724=AXIS2_PLACEMENT_3D('',#2473,#1964,#1965);
#1725=AXIS2_PLACEMENT_3D('',#2477,#1968,#1969);
#1726=AXIS2_PLACEMENT_3D('',#2482,#1971,#1972);
#1727=AXIS2_PLACEMENT_3D('',#2486,#1974,#1975);
#1728=AXIS2_PLACEMENT_3D('',#2490,#1977,#1978);
#1729=AXIS2_PLACEMENT_3D('',#2493,#1980,#1981);
#1730=AXIS2_PLACEMENT_3D('',#2495,#1982,#1983);
#1731=AXIS2_PLACEMENT_3D('',#2497,#1984,#1985);
#1732=AXIS2_PLACEMENT_3D('',#2499,#1986,#1987);
#1733=AXIS2_PLACEMENT_3D('',#2501,#1988,#1989);
#1734=AXIS2_PLACEMENT_3D('',#2502,#1990,#1991);
#1735=AXIS2_PLACEMENT_3D('',#2504,#1992,#1993);
#1736=AXIS2_PLACEMENT_3D('',#2506,#1995,#1996);
#1737=AXIS2_PLACEMENT_3D('',#2508,#1997,#1998);
#1738=AXIS2_PLACEMENT_3D('',#2510,#2000,#2001);
#1739=AXIS2_PLACEMENT_3D('',#2512,#2002,#2003);
#1740=AXIS2_PLACEMENT_3D('',#2514,#2005,#2006);
#1741=AXIS2_PLACEMENT_3D('',#2516,#2007,#2008);
#1742=AXIS2_PLACEMENT_3D('',#2518,#2010,#2011);
#1743=AXIS2_PLACEMENT_3D('',#2524,#2015,#2016);
#1744=AXIS2_PLACEMENT_3D('',#2528,#2019,#2020);
#1745=AXIS2_PLACEMENT_3D('',#2532,#2022,#2023);
#1746=AXIS2_PLACEMENT_3D('',#2534,#2025,#2026);
#1747=AXIS2_PLACEMENT_3D('',#2538,#2028,#2029);
#1748=AXIS2_PLACEMENT_3D('',#2540,#2031,#2032);
#1749=AXIS2_PLACEMENT_3D('',#2542,#2034,#2035);
#1750=AXIS2_PLACEMENT_3D('',#2551,#2040,#2041);
#1751=AXIS2_PLACEMENT_3D('',#2560,#2046,#2047);
#1752=AXIS2_PLACEMENT_3D('',#2563,#2049,#2050);
#1753=AXIS2_PLACEMENT_3D('',#2570,#2054,#2055);
#1754=AXIS2_PLACEMENT_3D('',#2571,#2056,#2057);
#1755=AXIS2_PLACEMENT_3D('',#2577,#2061,#2062);
#1756=AXIS2_PLACEMENT_3D('',#2583,#2066,#2067);
#1757=AXIS2_PLACEMENT_3D('',#2587,#2069,#2070);
#1758=AXIS2_PLACEMENT_3D('',#2590,#2072,#2073);
#1759=AXIS2_PLACEMENT_3D('',#2591,#2074,#2075);
#1760=AXIS2_PLACEMENT_3D('',#2597,#2079,#2080);
#1761=AXIS2_PLACEMENT_3D('',#2600,#2082,#2083);
#1762=AXIS2_PLACEMENT_3D('',#2601,#2084,#2085);
#1763=AXIS2_PLACEMENT_3D('',#2605,#2088,#2089);
#1764=AXIS2_PLACEMENT_3D('',#2608,#2091,#2092);
#1765=AXIS2_PLACEMENT_3D('',#2609,#2093,#2094);
#1766=AXIS2_PLACEMENT_3D('',#2613,#2097,#2098);
#1767=AXIS2_PLACEMENT_3D('',#2616,#2100,#2101);
#1768=AXIS2_PLACEMENT_3D('',#2617,#2102,#2103);
#1769=AXIS2_PLACEMENT_3D('',#2621,#2106,#2107);
#1770=AXIS2_PLACEMENT_3D('',#2622,#2108,#2109);
#1771=AXIS2_PLACEMENT_3D('',#2623,#2110,#2111);
#1772=AXIS2_PLACEMENT_3D('',#2627,#2113,#2114);
#1773=AXIS2_PLACEMENT_3D('',#2629,#2116,#2117);
#1774=AXIS2_PLACEMENT_3D('',#2633,#2120,#2121);
#1775=AXIS2_PLACEMENT_3D('',#2636,#2123,#2124);
#1776=AXIS2_PLACEMENT_3D('',#2637,#2125,#2126);
#1777=AXIS2_PLACEMENT_3D('',#2641,#2129,#2130);
#1778=AXIS2_PLACEMENT_3D('',#2647,#2133,#2134);
#1779=AXIS2_PLACEMENT_3D('',#2651,#2136,#2137);
#1780=AXIS2_PLACEMENT_3D('',#2654,#2139,#2140);
#1781=AXIS2_PLACEMENT_3D('',#2663,#2145,#2146);
#1782=AXIS2_PLACEMENT_3D('',#2669,#2150,#2151);
#1783=AXIS2_PLACEMENT_3D('',#2673,#2154,#2155);
#1784=AXIS2_PLACEMENT_3D('',#2679,#2159,#2160);
#1785=AXIS2_PLACEMENT_3D('',#2682,#2162,#2163);
#1786=AXIS2_PLACEMENT_3D('',#2683,#2164,#2165);
#1787=AXIS2_PLACEMENT_3D('',#2685,#2167,#2168);
#1788=AXIS2_PLACEMENT_3D('',#2689,#2171,#2172);
#1789=AXIS2_PLACEMENT_3D('',#2691,#2173,#2174);
#1790=AXIS2_PLACEMENT_3D('',#2693,#2176,#2177);
#1791=AXIS2_PLACEMENT_3D('',#2697,#2180,#2181);
#1792=AXIS2_PLACEMENT_3D('',#2698,#2182,#2183);
#1793=AXIS2_PLACEMENT_3D('',#2699,#2184,#2185);
#1794=AXIS2_PLACEMENT_3D('',#2705,#2189,#2190);
#1795=AXIS2_PLACEMENT_3D('',#2707,#2191,#2192);
#1796=AXIS2_PLACEMENT_3D('',#2709,#2194,#2195);
#1797=AXIS2_PLACEMENT_3D('',#2711,#2197,#2198);
#1798=AXIS2_PLACEMENT_3D('',#2714,#2199,#2200);
#1799=AXIS2_PLACEMENT_3D('',#2718,#2202,#2203);
#1800=AXIS2_PLACEMENT_3D('',#2720,#2205,#2206);
#1801=AXIS2_PLACEMENT_3D('',#2726,#2210,#2211);
#1802=AXIS2_PLACEMENT_3D('',#2732,#2215,#2216);
#1803=AXIS2_PLACEMENT_3D('',#2734,#2217,#2218);
#1804=AXIS2_PLACEMENT_3D('',#2736,#2219,#2220);
#1805=AXIS2_PLACEMENT_3D('',#2738,#2222,#2223);
#1806=AXIS2_PLACEMENT_3D('',#2744,#2227,#2228);
#1807=AXIS2_PLACEMENT_3D('',#2750,#2232,#2233);
#1808=AXIS2_PLACEMENT_3D('',#2752,#2234,#2235);
#1809=AXIS2_PLACEMENT_3D('',#2754,#2236,#2237);
#1810=AXIS2_PLACEMENT_3D('',#2756,#2239,#2240);
#1811=AXIS2_PLACEMENT_3D('',#2762,#2244,#2245);
#1812=AXIS2_PLACEMENT_3D('',#2768,#2249,#2250);
#1813=AXIS2_PLACEMENT_3D('',#2774,#2254,#2255);
#1814=AXIS2_PLACEMENT_3D('',#2776,#2256,#2257);
#1815=AXIS2_PLACEMENT_3D('',#2778,#2258,#2259);
#1816=AXIS2_PLACEMENT_3D('',#2780,#2261,#2262);
#1817=AXIS2_PLACEMENT_3D('',#2781,#2263,#2264);
#1818=AXIS2_PLACEMENT_3D('',#2782,#2265,#2266);
#1819=AXIS2_PLACEMENT_3D('',#2785,#2269,#2270);
#1820=AXIS2_PLACEMENT_3D('',#2789,#2273,#2274);
#1821=AXIS2_PLACEMENT_3D('',#2791,#2275,#2276);
#1822=AXIS2_PLACEMENT_3D('',#2794,#2278,#2279);
#1823=AXIS2_PLACEMENT_3D('',#2795,#2280,#2281);
#1824=AXIS2_PLACEMENT_3D('',#2801,#2285,#2286);
#1825=AXIS2_PLACEMENT_3D('',#2807,#2290,#2291);
#1826=AXIS2_PLACEMENT_3D('',#2813,#2295,#2296);
#1827=AXIS2_PLACEMENT_3D('',#2815,#2297,#2298);
#1828=AXIS2_PLACEMENT_3D('',#2818,#2300,#2301);
#1829=AXIS2_PLACEMENT_3D('',#2819,#2302,#2303);
#1830=AXIS2_PLACEMENT_3D('',#2822,#2306,#2307);
#1831=AXIS2_PLACEMENT_3D('',#2823,#2308,#2309);
#1832=AXIS2_PLACEMENT_3D('',#2827,#2312,#2313);
#1833=AXIS2_PLACEMENT_3D('',#2829,#2315,#2316);
#1834=AXIS2_PLACEMENT_3D('',#2830,#2317,#2318);
#1835=AXIS2_PLACEMENT_3D('',#2832,#2319,#2320);
#1836=AXIS2_PLACEMENT_3D('',#2836,#2322,#2323);
#1837=AXIS2_PLACEMENT_3D('',#2838,#2325,#2326);
#1838=AXIS2_PLACEMENT_3D('',#2840,#2328,#2329);
#1839=AXIS2_PLACEMENT_3D('',#2842,#2331,#2332);
#1840=AXIS2_PLACEMENT_3D('',#2844,#2334,#2335);
#1841=DIRECTION('axis',(0.,0.,1.));
#1842=DIRECTION('refdir',(1.,0.,0.));
#1843=DIRECTION('center_axis',(-7.29226974751397E-6,7.29226974679289E-6,
-0.999999999946823));
#1844=DIRECTION('ref_axis',(-0.999999999973411,-2.65910858802682E-11,7.29226972994254E-6));
#1845=DIRECTION('',(-7.29226974751397E-6,7.29226974679288E-6,-0.999999999946823));
#1846=DIRECTION('center_axis',(7.29226974878372E-6,-7.29226974878372E-6,
0.999999999946823));
#1847=DIRECTION('ref_axis',(-0.707106781148941,0.70710678114895,1.0312826779213E-5));
#1848=DIRECTION('',(7.29226974751396E-6,-7.29226974679289E-6,0.999999999946823));
#1849=DIRECTION('center_axis',(-0.500002578200044,0.50000257820005,-0.707103135042273));
#1850=DIRECTION('ref_axis',(-0.499997421786655,0.499997421786662,0.707110427312021));
#1851=DIRECTION('center_axis',(-6.52671000400911E-9,6.52670928292488E-9,
-1.));
#1852=DIRECTION('ref_axis',(-1.,-1.25607396694702E-14,6.52671106113276E-9));
#1853=DIRECTION('',(6.52671000400911E-9,-6.52670928292488E-9,1.));
#1854=DIRECTION('center_axis',(-0.500000004615095,0.500000004615071,-0.707106774659834));
#1855=DIRECTION('ref_axis',(-0.499999995384928,0.499999995384905,0.707106787713261));
#1856=DIRECTION('',(-6.52671000400911E-9,6.52670928292488E-9,-1.));
#1857=DIRECTION('center_axis',(0.500000002307541,-0.500000002307535,0.707106777923196));
#1858=DIRECTION('ref_axis',(-0.499999997692464,0.499999997692459,0.707106784449899));
#1859=DIRECTION('center_axis',(0.707106781186547,-0.707106781186548,7.12243590354485E-32));
#1860=DIRECTION('ref_axis',(-0.5,-0.5,-0.707106781186547));
#1861=DIRECTION('',(0.707106781186547,-0.707106781186548,7.12243590354485E-32));
#1862=DIRECTION('center_axis',(-0.707106781186548,0.707106781186548,6.28036983473512E-15));
#1863=DIRECTION('ref_axis',(-8.88178419700128E-15,0.,-1.));
#1864=DIRECTION('',(-0.707106781186547,0.707106781186548,-7.12243590354485E-32));
#1865=DIRECTION('center_axis',(-0.707106781186548,-0.707106781186547,5.09883550963504E-16));
#1866=DIRECTION('ref_axis',(0.,0.,1.));
#1867=DIRECTION('center_axis',(-6.52671106113276E-9,6.52671106113268E-9,
-1.));
#1868=DIRECTION('ref_axis',(0.707106781186552,-0.707106781186543,-9.23016330034439E-9));
#1869=DIRECTION('center_axis',(0.707106781186548,0.707106781186547,-5.09883550963504E-16));
#1870=DIRECTION('ref_axis',(0.499999997692458,-0.499999997692459,-0.707106784449904));
#1871=DIRECTION('center_axis',(-0.707106781186548,-0.707106781186547,5.09883550963504E-16));
#1872=DIRECTION('ref_axis',(0.499999997692458,-0.499999997692459,-0.707106784449903));
#1873=DIRECTION('center_axis',(6.5267103526247E-9,-6.52670963154047E-9,
1.));
#1874=DIRECTION('ref_axis',(0.,-1.,-6.52671106113293E-9));
#1875=DIRECTION('center_axis',(-6.5267110611328E-9,6.52671106113288E-9,
-1.));
#1876=DIRECTION('ref_axis',(0.707106781186539,-0.707106781186556,-9.23016330034456E-9));
#1877=DIRECTION('',(-6.5267103526247E-9,6.52670963154047E-9,-1.));
#1878=DIRECTION('',(6.5267103526247E-9,-6.52670963154047E-9,1.));
#1879=DIRECTION('center_axis',(-0.707106781186548,-0.707106781186547,5.09883550963504E-16));
#1880=DIRECTION('ref_axis',(0.,0.,1.));
#1881=DIRECTION('center_axis',(0.707106781186548,-0.707106781186548,0.));
#1882=DIRECTION('ref_axis',(0.,0.,1.));
#1883=DIRECTION('center_axis',(0.707106781186548,0.707106781186547,-5.09883550963504E-16));
#1884=DIRECTION('ref_axis',(0.500000002307539,-0.500000002307538,0.707106777923195));
#1885=DIRECTION('center_axis',(-0.707106781186548,-0.707106781186547,5.09883550963504E-16));
#1886=DIRECTION('ref_axis',(0.500000002307539,-0.500000002307538,0.707106777923195));
#1887=DIRECTION('center_axis',(-0.707106781186547,0.707106781186548,3.34113424329923E-9));
#1888=DIRECTION('ref_axis',(-0.499999998329436,-0.500000001670568,0.707106781186544));
#1889=DIRECTION('center_axis',(0.707106781186552,-0.707106781186543,-3.34113163059975E-9));
#1890=DIRECTION('ref_axis',(2.36253683283395E-9,-2.36253683283395E-9,1.));
#1891=DIRECTION('',(0.707106781186547,-0.707106781186548,-3.34113424329923E-9));
#1892=DIRECTION('',(-0.707106781186547,0.707106781186548,3.34113424329923E-9));
#1893=DIRECTION('center_axis',(0.707106781186548,0.707106781186547,-5.09883550963504E-16));
#1894=DIRECTION('ref_axis',(-8.61263922133455E-16,0.,-1.));
#1895=DIRECTION('center_axis',(0.114666606247717,-0.114666606247717,-0.986763973209025));
#1896=DIRECTION('ref_axis',(0.697747496886678,-0.697747496886687,0.162163069706817));
#1897=DIRECTION('center_axis',(-0.707106781186548,-0.707106781186547,5.09883550963504E-16));
#1898=DIRECTION('ref_axis',(-0.457667163529672,0.457667163529671,-0.762287042296673));
#1899=DIRECTION('center_axis',(0.707106781186548,0.707106781186547,-5.09883550963504E-16));
#1900=DIRECTION('ref_axis',(-0.457667163529672,0.457667163529671,-0.762287042296673));
#1901=DIRECTION('center_axis',(-0.707106781186548,-0.707106781186547,5.09883550963504E-16));
#1902=DIRECTION('ref_axis',(0.,0.,1.));
#1903=DIRECTION('center_axis',(0.707106781186543,-0.707106781186552,-9.23015906019285E-9));
#1904=DIRECTION('ref_axis',(6.52670806289282E-9,-6.52670806289282E-9,1.));
#1905=DIRECTION('center_axis',(0.707106781186548,0.707106781186547,-5.09883550963504E-16));
#1906=DIRECTION('ref_axis',(0.457667166017281,-0.45766716601728,0.762287039309617));
#1907=DIRECTION('center_axis',(-0.707106781186548,-0.707106781186547,5.09883550963504E-16));
#1908=DIRECTION('ref_axis',(0.457667166017281,-0.45766716601728,0.762287039309617));
#1909=DIRECTION('center_axis',(-0.707106781186547,0.707106781186548,9.23015971989498E-9));
#1910=DIRECTION('ref_axis',(-0.499999995384913,-0.500000004615085,0.707106781186549));
#1911=DIRECTION('',(0.707106781186547,-0.707106781186548,-9.23015971989498E-9));
#1912=DIRECTION('',(-0.707106781186547,0.707106781186548,9.23015971989498E-9));
#1913=DIRECTION('center_axis',(-0.707106781186547,0.707106781186548,-7.12176445295259E-32));
#1914=DIRECTION('ref_axis',(-0.500000000000008,-0.499999999999995,0.707106781186545));
#1915=DIRECTION('',(0.707106781186547,-0.707106781186548,7.12176445295259E-32));
#1916=DIRECTION('',(-0.707106781186547,0.707106781186548,-7.12176445295259E-32));
#1917=DIRECTION('center_axis',(0.707106781186548,0.707106781186547,-5.09883550963504E-16));
#1918=DIRECTION('ref_axis',(0.,9.45499315361697E-16,1.));
#1919=DIRECTION('center_axis',(0.707106781186548,0.707106781186547,-5.09883550963504E-16));
#1920=DIRECTION('ref_axis',(-9.79859154081384E-16,1.71475351964242E-15,
1.));
#1921=DIRECTION('center_axis',(-0.707106781186548,-0.707106781186547,5.09883550963504E-16));
#1922=DIRECTION('ref_axis',(-9.86764220360132E-16,1.70784845336367E-15,
1.));
#1923=DIRECTION('center_axis',(-0.707106781186548,-0.707106781186547,5.09883550963504E-16));
#1924=DIRECTION('ref_axis',(0.,0.,1.));
#1925=DIRECTION('center_axis',(-0.707106781186548,0.707106781186548,0.));
#1926=DIRECTION('ref_axis',(0.,0.,-1.));
#1927=DIRECTION('center_axis',(0.707106781186548,0.707106781186547,-5.09883550963504E-16));
#1928=DIRECTION('ref_axis',(-0.500002578200049,0.500002578200048,-0.707103135042272));
#1929=DIRECTION('center_axis',(-0.707106781186548,-0.707106781186547,5.09883550963504E-16));
#1930=DIRECTION('ref_axis',(-0.500002578200049,0.500002578200048,-0.707103135042272));
#1931=DIRECTION('center_axis',(0.707106781186547,-0.707106781186548,-1.50490088038131E-31));
#1932=DIRECTION('ref_axis',(-0.5,-0.5,-0.707106781186547));
#1933=DIRECTION('',(-0.707106781186547,0.707106781186548,1.50490088038131E-31));
#1934=DIRECTION('',(0.707106781186547,-0.707106781186548,-1.50490088038131E-31));
#1935=DIRECTION('center_axis',(-0.707106781186548,-0.707106781186547,0.));
#1936=DIRECTION('ref_axis',(0.69774749688668,-0.697747496886681,0.162163069706833));
#1937=DIRECTION('',(-0.707106781186548,-0.707106781186547,0.));
#1938=DIRECTION('center_axis',(0.707106781186548,0.707106781186547,-5.09883550963504E-16));
#1939=DIRECTION('ref_axis',(0.69774749688668,-0.697747496886681,0.162163069706833));
#1940=DIRECTION('',(-0.707106781186548,-0.707106781186547,0.));
#1941=DIRECTION('center_axis',(-0.707106781186548,-0.707106781186547,0.));
#1942=DIRECTION('ref_axis',(-0.697747496886681,0.697747496886682,-0.162163069706823));
#1943=DIRECTION('',(-0.707106781186548,-0.707106781186547,0.));
#1944=DIRECTION('center_axis',(-0.707106781186548,-0.707106781186547,5.09883550963504E-16));
#1945=DIRECTION('ref_axis',(-0.697747496886681,0.697747496886682,-0.162163069706823));
#1946=DIRECTION('center_axis',(2.36253868029147E-9,-2.36253868029147E-9,
1.));
#1947=DIRECTION('ref_axis',(-0.707106781186547,0.707106781186548,3.34113424329923E-9));
#1948=DIRECTION('',(-0.707106781186548,-0.707106781186547,0.));
#1949=DIRECTION('',(0.707106781186547,-0.707106781186548,-3.34113424329923E-9));
#1950=DIRECTION('center_axis',(-0.707106781186548,-0.707106781186547,0.));
#1951=DIRECTION('ref_axis',(0.707106781186547,-0.707106781186548,-9.23016161856681E-9));
#1952=DIRECTION('',(-0.707106781186548,-0.707106781186547,0.));
#1953=DIRECTION('center_axis',(0.707106781186548,0.707106781186547,-5.09883550963504E-16));
#1954=DIRECTION('ref_axis',(0.707106781186547,-0.707106781186548,-9.23016161856681E-9));
#1955=DIRECTION('center_axis',(0.707106781186547,-0.707106781186548,-9.23016178847919E-9));
#1956=DIRECTION('ref_axis',(6.52671035262605E-9,-6.52670963153912E-9,1.));
#1957=DIRECTION('',(-0.707106781186548,-0.707106781186547,0.));
#1958=DIRECTION('',(-6.5267103526247E-9,6.52670963154047E-9,-1.));
#1959=DIRECTION('center_axis',(-0.707106781186548,-0.707106781186547,0.));
#1960=DIRECTION('ref_axis',(1.23259321830444E-31,-1.23259321830444E-31,
-1.));
#1961=DIRECTION('',(-0.707106781186548,-0.707106781186547,0.));
#1962=DIRECTION('center_axis',(0.707106781186548,0.707106781186547,-5.09883550963504E-16));
#1963=DIRECTION('ref_axis',(1.23259321830444E-31,-1.23259321830444E-31,
-1.));
#1964=DIRECTION('center_axis',(5.03632272596309E-32,-5.0363227259631E-32,
-1.));
#1965=DIRECTION('ref_axis',(0.707106781186547,-0.707106781186548,7.12243590354485E-32));
#1966=DIRECTION('',(-0.707106781186548,-0.707106781186547,0.));
#1967=DIRECTION('',(-0.707106781186547,0.707106781186548,-7.12243590354485E-32));
#1968=DIRECTION('center_axis',(-0.707106781186548,-0.707106781186547,5.09883550963504E-16));
#1969=DIRECTION('ref_axis',(0.707106781186547,-0.707106781186548,7.12177242945685E-32));
#1970=DIRECTION('',(-5.1796301223615E-15,4.45854588935796E-15,-1.));
#1971=DIRECTION('center_axis',(-0.707106781186548,-0.707106781186547,5.09883550963504E-16));
#1972=DIRECTION('ref_axis',(3.6054211650177E-16,3.6054211650177E-16,1.));
#1973=DIRECTION('',(-0.707106781186547,0.707106781186548,-9.86076131526265E-32));
#1974=DIRECTION('center_axis',(-0.707106781186548,-0.707106781186547,5.09883550963504E-16));
#1975=DIRECTION('ref_axis',(0.707106781186547,-0.707106781186548,-6.77085966519564E-33));
#1976=DIRECTION('',(-2.74854691959533E-15,3.46963115259887E-15,1.));
#1977=DIRECTION('center_axis',(-0.707106781186548,-0.707106781186547,5.09883550963504E-16));
#1978=DIRECTION('ref_axis',(-3.6054211650177E-16,-3.6054211650177E-16,-1.));
#1979=DIRECTION('',(0.707106781186547,-0.707106781186548,9.86076131526265E-32));
#1980=DIRECTION('center_axis',(-0.707106781186548,-0.707106781186547,5.09883550963504E-16));
#1981=DIRECTION('ref_axis',(-0.707106781186547,0.707106781186548,-7.12177242945685E-32));
#1982=DIRECTION('center_axis',(0.707106781186548,0.707106781186547,-5.09883550963504E-16));
#1983=DIRECTION('ref_axis',(0.707106781186547,-0.707106781186548,7.12177242945685E-32));
#1984=DIRECTION('center_axis',(0.707106781186548,0.707106781186547,-5.09883550963504E-16));
#1985=DIRECTION('ref_axis',(0.707106781186547,-0.707106781186548,7.12177242945685E-32));
#1986=DIRECTION('center_axis',(0.707106781186548,0.707106781186547,-5.09883550963504E-16));
#1987=DIRECTION('ref_axis',(0.707106781186547,-0.707106781186548,7.12177242945685E-32));
#1988=DIRECTION('center_axis',(0.707106781186548,0.707106781186547,-5.09883550963504E-16));
#1989=DIRECTION('ref_axis',(0.707106781186547,-0.707106781186548,7.12177242945685E-32));
#1990=DIRECTION('center_axis',(0.707106781186548,0.707106781186547,0.));
#1991=DIRECTION('ref_axis',(0.707106781186547,-0.707106781186548,7.12177242945685E-32));
#1992=DIRECTION('center_axis',(-0.707106781186548,-0.707106781186547,5.09883550963504E-16));
#1993=DIRECTION('ref_axis',(0.707106781186547,-0.707106781186548,7.12177242945685E-32));
#1994=DIRECTION('',(-0.687200364485093,-0.726467933945853,3.40039895881933E-18));
#1995=DIRECTION('center_axis',(0.707106781186548,0.707106781186547,-7.47624932407512E-16));
#1996=DIRECTION('ref_axis',(0.707106781186547,-0.707106781186548,7.12177242945685E-32));
#1997=DIRECTION('center_axis',(-0.707106781186548,-0.707106781186547,5.09883550963504E-16));
#1998=DIRECTION('ref_axis',(0.707106781186547,-0.707106781186548,7.12177242945685E-32));
#1999=DIRECTION('',(-0.687200364485093,-0.726467933945853,7.50737077223718E-16));
#2000=DIRECTION('center_axis',(0.707106781186548,0.707106781186547,-7.47624932407511E-16));
#2001=DIRECTION('ref_axis',(0.707106781186547,-0.707106781186548,7.12177242945685E-32));
#2002=DIRECTION('center_axis',(-0.707106781186548,-0.707106781186547,5.09883550963504E-16));
#2003=DIRECTION('ref_axis',(0.707106781186547,-0.707106781186548,7.12177242945685E-32));
#2004=DIRECTION('',(-0.687200364485093,-0.726467933945852,7.50737077223718E-16));
#2005=DIRECTION('center_axis',(0.707106781186548,0.707106781186547,0.));
#2006=DIRECTION('ref_axis',(0.707106781186547,-0.707106781186548,7.12177242945685E-32));
#2007=DIRECTION('center_axis',(-0.707106781186548,-0.707106781186547,5.09883550963504E-16));
#2008=DIRECTION('ref_axis',(0.707106781186547,-0.707106781186548,7.12177242945685E-32));
#2009=DIRECTION('',(-0.687200364485093,-0.726467933945852,3.40039895881933E-18));
#2010=DIRECTION('center_axis',(0.707106781186549,-0.707106781186546,-9.23016129546229E-9));
#2011=DIRECTION('ref_axis',(-6.52671000400911E-9,6.52670928292488E-9,-1.));
#2012=DIRECTION('',(-0.707106781186546,-0.707106781186549,-1.90251540887196E-23));
#2013=DIRECTION('',(-6.52671000400911E-9,6.52670928292488E-9,-1.));
#2014=DIRECTION('',(0.707106781186546,0.707106781186549,0.));
#2015=DIRECTION('center_axis',(5.03584793869608E-32,-5.03584793869607E-32,
-1.));
#2016=DIRECTION('ref_axis',(-0.707106781186547,0.707106781186548,-7.12176445295258E-32));
#2017=DIRECTION('',(-0.707106781186547,0.707106781186548,-7.12176445295258E-32));
#2018=DIRECTION('',(0.707106781186548,0.707106781186547,1.47793197417117E-46));
#2019=DIRECTION('center_axis',(-0.707106781186548,-0.707106781186547,5.09883550963504E-16));
#2020=DIRECTION('ref_axis',(7.21084233003541E-16,0.,1.));
#2021=DIRECTION('',(0.707106781186547,-0.707106781186548,-9.23015971989497E-9));
#2022=DIRECTION('center_axis',(0.707106781186548,0.707106781186547,-5.09883550963504E-16));
#2023=DIRECTION('ref_axis',(6.52671027608654E-9,-6.52671027608655E-9,1.));
#2024=DIRECTION('',(7.29226974751397E-6,-7.29226974679289E-6,0.999999999946823));
#2025=DIRECTION('center_axis',(-0.707106781186548,-0.707106781186547,0.));
#2026=DIRECTION('ref_axis',(6.52671027608654E-9,-6.52671027608655E-9,1.));
#2027=DIRECTION('',(-0.707106781186548,-0.707106781186547,0.));
#2028=DIRECTION('center_axis',(0.707106781186548,0.707106781186547,-5.09883550963504E-16));
#2029=DIRECTION('ref_axis',(6.52671027608654E-9,-6.52671027608655E-9,1.));
#2030=DIRECTION('',(-0.707106781186548,-0.707106781186547,0.));
#2031=DIRECTION('center_axis',(6.52670852937266E-9,-6.52670852937266E-9,
1.));
#2032=DIRECTION('ref_axis',(-0.707106781186547,0.707106781186548,9.23015971989497E-9));
#2033=DIRECTION('',(0.707106781186547,-0.707106781186548,-9.23015971989498E-9));
#2034=DIRECTION('center_axis',(0.707106781186548,-0.707106781186548,-9.23015972005269E-9));
#2035=DIRECTION('ref_axis',(-6.5267088900263E-9,6.52670816894207E-9,-1.));
#2036=DIRECTION('',(6.5267088900263E-9,-6.52670816894207E-9,1.));
#2037=DIRECTION('',(-0.707106781186548,-0.707106781186548,6.39897996902107E-16));
#2038=DIRECTION('',(-6.5267088900263E-9,6.52670816894207E-9,-1.));
#2039=DIRECTION('',(0.707106781186548,0.707106781186548,-6.39897996902107E-16));
#2040=DIRECTION('center_axis',(5.03584738572735E-32,-5.03584738572735E-32,
-1.));
#2041=DIRECTION('ref_axis',(-0.707106781186547,0.707106781186548,-7.12176367093671E-32));
#2042=DIRECTION('',(0.707106781186547,-0.707106781186548,7.12176367093671E-32));
#2043=DIRECTION('',(-0.707106781186548,-0.707106781186548,0.));
#2044=DIRECTION('',(-0.707106781186547,0.707106781186548,-7.12176367093671E-32));
#2045=DIRECTION('',(0.707106781186548,0.707106781186548,-6.39897996902107E-16));
#2046=DIRECTION('center_axis',(-0.707106781186548,-0.707106781186547,5.09883550963504E-16));
#2047=DIRECTION('ref_axis',(7.21084233003541E-16,0.,1.));
#2048=DIRECTION('',(0.707106781186547,-0.707106781186548,1.4791141972894E-31));
#2049=DIRECTION('center_axis',(0.707106781186548,0.707106781186547,-5.09883550963504E-16));
#2050=DIRECTION('ref_axis',(4.52476212877168E-16,4.52476212877168E-16,1.));
#2051=DIRECTION('',(5.56051675912128E-7,-5.56051676633213E-7,-0.999999999999691));
#2052=DIRECTION('',(-0.707106781186329,0.707106781186329,-7.86375787146888E-7));
#2053=DIRECTION('',(0.00339251412411232,-0.0033925141241116,0.999988490781687));
#2054=DIRECTION('center_axis',(0.707106781186548,0.707106781186547,-5.09883550963504E-16));
#2055=DIRECTION('ref_axis',(-0.707098642940232,0.707098642940232,0.00479773948484561));
#2056=DIRECTION('center_axis',(-5.56051651199997E-7,5.5605165210495E-7,
0.999999999999691));
#2057=DIRECTION('ref_axis',(-0.70710678118633,0.707106781186328,-7.86375787146888E-7));
#2058=DIRECTION('',(-0.707106781186548,-0.707106781186548,6.39897996902107E-16));
#2059=DIRECTION('',(-0.707106781186329,0.707106781186329,-7.86375787146888E-7));
#2060=DIRECTION('',(-0.707106781186548,-0.707106781186548,6.39897996902107E-16));
#2061=DIRECTION('center_axis',(-0.707106781186329,0.707106781186329,-7.86375821965104E-7));
#2062=DIRECTION('ref_axis',(5.56051675912128E-7,-5.56051676633213E-7,-0.999999999999691));
#2063=DIRECTION('',(5.56051675912128E-7,-5.56051676633213E-7,-0.999999999999691));
#2064=DIRECTION('',(-0.707106781186548,-0.707106781186548,6.39897996902107E-16));
#2065=DIRECTION('',(5.56051675912128E-7,-5.56051676633213E-7,-0.999999999999691));
#2066=DIRECTION('center_axis',(-0.707106781186548,-0.707106781186548,6.39897996902107E-16));
#2067=DIRECTION('ref_axis',(4.52476212877168E-16,4.52476212877168E-16,1.));
#2068=DIRECTION('',(-0.707106781186548,-0.707106781186548,6.39897996902107E-16));
#2069=DIRECTION('center_axis',(-0.707106781186548,-0.707106781186547,5.09883550963504E-16));
#2070=DIRECTION('ref_axis',(4.52476212877168E-16,4.52476212877168E-16,1.));
#2071=DIRECTION('',(-0.707106781186548,-0.707106781186548,6.39897996902107E-16));
#2072=DIRECTION('center_axis',(0.707106781186548,0.707106781186547,-5.09883550963504E-16));
#2073=DIRECTION('ref_axis',(4.52476212877168E-16,4.52476212877168E-16,1.));
#2074=DIRECTION('center_axis',(-1.25607396694702E-14,-1.,-4.45854588935789E-15));
#2075=DIRECTION('ref_axis',(0.,4.45854588935789E-15,-1.));
#2076=DIRECTION('',(-1.,1.25607396694702E-14,0.));
#2077=DIRECTION('',(1.,-1.25607396694704E-14,0.));
#2078=DIRECTION('',(5.1796301223615E-15,-4.45854588935796E-15,1.));
#2079=DIRECTION('center_axis',(-0.707106781186548,-0.707106781186548,0.));
#2080=DIRECTION('ref_axis',(3.4193266659577E-16,3.4193266659577E-16,1.));
#2081=DIRECTION('',(-0.499999999999996,-0.499999999999996,0.707106781186553));
#2082=DIRECTION('center_axis',(0.707106781186548,0.707106781186547,-5.09883550963504E-16));
#2083=DIRECTION('ref_axis',(3.14018491736755E-16,3.14018491736755E-16,1.));
#2084=DIRECTION('center_axis',(-0.5,-0.5,-0.707106781186548));
#2085=DIRECTION('ref_axis',(-0.816496580927726,0.,0.577350269189625));
#2086=DIRECTION('',(-0.5,-0.5,0.707106781186547));
#2087=DIRECTION('',(0.707106781186547,-0.707106781186548,9.86076131526265E-32));
#2088=DIRECTION('center_axis',(-0.707106781186543,-0.707106781186552,0.));
#2089=DIRECTION('ref_axis',(0.707106781186547,-0.707106781186548,1.20986222738235E-32));
#2090=DIRECTION('',(1.25607396694701E-14,-1.,0.));
#2091=DIRECTION('center_axis',(0.707106781186548,0.707106781186547,-5.09883550963504E-16));
#2092=DIRECTION('ref_axis',(0.707106781186547,-0.707106781186548,4.04028451828259E-32));
#2093=DIRECTION('center_axis',(-1.,0.,-2.74854691959533E-15));
#2094=DIRECTION('ref_axis',(-2.74854691959533E-15,0.,1.));
#2095=DIRECTION('',(6.28036983473511E-15,-1.,0.));
#2096=DIRECTION('',(2.74854691959533E-15,-3.46963115259887E-15,-1.));
#2097=DIRECTION('center_axis',(-0.707106781186548,-0.707106781186548,0.));
#2098=DIRECTION('ref_axis',(-3.41932666594953E-16,-3.41932666594953E-16,
-1.));
#2099=DIRECTION('',(-0.500000000000003,-0.500000000000003,-0.707106781186544));
#2100=DIRECTION('center_axis',(0.707106781186548,0.707106781186547,-5.09883550963504E-16));
#2101=DIRECTION('ref_axis',(-3.14018491736755E-16,-3.14018491736755E-16,
-1.));
#2102=DIRECTION('center_axis',(-0.499999999999998,-0.499999999999997,0.707106781186551));
#2103=DIRECTION('ref_axis',(0.816496580927729,0.,0.577350269189622));
#2104=DIRECTION('',(-0.500000000000003,-0.500000000000003,-0.707106781186544));
#2105=DIRECTION('',(-0.707106781186547,0.707106781186548,-9.86076131526265E-32));
#2106=DIRECTION('center_axis',(-0.707106781186548,-0.707106781186548,0.));
#2107=DIRECTION('ref_axis',(-0.707106781186547,0.707106781186548,-7.12177242945685E-32));
#2108=DIRECTION('center_axis',(0.707106781186548,0.707106781186547,-5.09883550963504E-16));
#2109=DIRECTION('ref_axis',(-0.707106781186547,0.707106781186548,-7.12177242945685E-32));
#2110=DIRECTION('center_axis',(-0.707106781186548,-0.707106781186547,4.44089209850063E-16));
#2111=DIRECTION('ref_axis',(0.707106781186547,-0.707106781186548,4.04028451828259E-32));
#2112=DIRECTION('',(-0.707106781186548,-0.707106781186547,4.44089209850062E-16));
#2113=DIRECTION('center_axis',(-0.707106781186548,-0.707106781186547,5.09883550963504E-16));
#2114=DIRECTION('ref_axis',(0.707106781186547,-0.707106781186548,4.04028451828259E-32));
#2115=DIRECTION('',(-0.707106781186548,-0.707106781186547,4.44089209850062E-16));
#2116=DIRECTION('center_axis',(3.14018491736755E-16,3.14018491736755E-16,
1.));
#2117=DIRECTION('ref_axis',(-0.707106781186547,0.707106781186548,-7.12177242945685E-32));
#2118=DIRECTION('',(-0.707106781186548,-0.707106781186547,4.44089209850062E-16));
#2119=DIRECTION('',(-0.707106781186547,0.707106781186548,-9.86076131526265E-32));
#2120=DIRECTION('center_axis',(-0.707106781186548,-0.707106781186547,4.44089209850063E-16));
#2121=DIRECTION('ref_axis',(3.14018491736755E-16,3.14018491736755E-16,1.));
#2122=DIRECTION('',(-0.707106781186548,-0.707106781186547,4.44089209850062E-16));
#2123=DIRECTION('center_axis',(-0.707106781186548,-0.707106781186547,5.09883550963504E-16));
#2124=DIRECTION('ref_axis',(3.14018491736755E-16,3.14018491736755E-16,1.));
#2125=DIRECTION('center_axis',(-0.707106781186547,0.707106781186548,6.81521961615634E-15));
#2126=DIRECTION('ref_axis',(-5.1796301223615E-15,4.45854588935796E-15,-1.));
#2127=DIRECTION('',(-0.707106781186548,-0.707106781186547,4.44089209850062E-16));
#2128=DIRECTION('',(-5.1796301223615E-15,4.45854588935796E-15,-1.));
#2129=DIRECTION('center_axis',(0.707106781186548,0.707106781186547,-5.09883550963504E-16));
#2130=DIRECTION('ref_axis',(-7.21084233003541E-16,0.,-1.));
#2131=DIRECTION('',(-2.6989741032165E-15,1.97788987021296E-15,-1.));
#2132=DIRECTION('',(-0.707106781186547,0.707106781186548,-1.4791141972894E-31));
#2133=DIRECTION('center_axis',(-0.707106781186548,-0.707106781186547,5.09883550963504E-16));
#2134=DIRECTION('ref_axis',(0.707106781186548,-0.707106781186547,-1.50791491205284E-31));
#2135=DIRECTION('',(4.0352209528321E-15,-3.31413671982856E-15,1.));
#2136=DIRECTION('center_axis',(-0.707106781186548,-0.707106781186547,5.09883550963504E-16));
#2137=DIRECTION('ref_axis',(-4.52476212877169E-16,-4.52476212877168E-16,
-1.));
#2138=DIRECTION('',(0.707106781186547,-0.707106781186548,1.4791141972894E-31));
#2139=DIRECTION('center_axis',(-0.707106781186548,-0.707106781186547,5.09883550963504E-16));
#2140=DIRECTION('ref_axis',(-0.707106781186547,0.707106781186548,1.06389648100825E-31));
#2141=DIRECTION('',(0.707106781186547,-0.707106781186548,-3.52451753849254E-16));
#2142=DIRECTION('',(-2.42330956003386E-15,3.1443937930374E-15,1.));
#2143=DIRECTION('',(-0.707106781186547,0.707106781186548,-1.97215226305253E-31));
#2144=DIRECTION('',(-5.37147549527977E-15,4.65039126227623E-15,-1.));
#2145=DIRECTION('center_axis',(-4.52476212877168E-16,-4.52476212877168E-16,
-1.));
#2146=DIRECTION('ref_axis',(0.707106781186547,-0.707106781186548,7.12177242945685E-32));
#2147=DIRECTION('',(-0.707106781186548,-0.707106781186547,6.39897996902107E-16));
#2148=DIRECTION('',(0.707106781186547,-0.707106781186548,1.97215226305253E-31));
#2149=DIRECTION('',(-0.707106781186548,-0.707106781186547,6.39897996902107E-16));
#2150=DIRECTION('center_axis',(-0.707106781186547,0.707106781186548,-3.93696079659177E-15));
#2151=DIRECTION('ref_axis',(2.42330956003386E-15,-3.1443937930374E-15,-1.));
#2152=DIRECTION('',(-0.707106781186548,-0.707106781186547,6.39897996902107E-16));
#2153=DIRECTION('',(2.42330956003386E-15,-3.1443937930374E-15,-1.));
#2154=DIRECTION('center_axis',(-0.707106781186548,0.707106781186548,5.19678064770373E-15));
#2155=DIRECTION('ref_axis',(-4.0352209528321E-15,3.31413671982856E-15,-1.));
#2156=DIRECTION('',(-0.707106781186548,-0.707106781186548,6.39897996902107E-16));
#2157=DIRECTION('',(-4.0352209528321E-15,3.31413671982856E-15,-1.));
#2158=DIRECTION('',(-0.707106781186548,-0.707106781186548,6.39897996902107E-16));
#2159=DIRECTION('center_axis',(-0.707106781186548,-0.707106781186548,6.39897996902107E-16));
#2160=DIRECTION('ref_axis',(0.707106781186548,-0.707106781186547,-1.50791491205284E-31));
#2161=DIRECTION('',(-0.707106781186548,-0.707106781186548,6.39897996902107E-16));
#2162=DIRECTION('center_axis',(0.707106781186548,0.707106781186547,-5.09883550963504E-16));
#2163=DIRECTION('ref_axis',(0.707106781186548,-0.707106781186547,-1.50791491205284E-31));
#2164=DIRECTION('center_axis',(-4.52476212877168E-16,-4.52476212877168E-16,
-1.));
#2165=DIRECTION('ref_axis',(0.707106781186547,-0.707106781186548,7.12177242945685E-32));
#2166=DIRECTION('',(0.707106781186547,-0.707106781186548,1.4791141972894E-31));
#2167=DIRECTION('center_axis',(0.707106781186547,-0.707106781186548,4.39691588147402E-15));
#2168=DIRECTION('ref_axis',(-2.74854691959533E-15,3.46963115259887E-15,
1.));
#2169=DIRECTION('',(-2.74854691959533E-15,3.46963115259887E-15,1.));
#2170=DIRECTION('',(-0.707106781186548,-0.707106781186547,4.44089209850062E-16));
#2171=DIRECTION('center_axis',(-0.707106781186548,-0.707106781186547,4.44089209850063E-16));
#2172=DIRECTION('ref_axis',(-3.14018491736755E-16,-3.14018491736755E-16,
-1.));
#2173=DIRECTION('center_axis',(-0.707106781186548,-0.707106781186547,5.09883550963504E-16));
#2174=DIRECTION('ref_axis',(-3.14018491736755E-16,-3.14018491736755E-16,
-1.));
#2175=DIRECTION('',(-0.707106781186548,-0.707106781186547,4.44089209850062E-16));
#2176=DIRECTION('center_axis',(-3.14018491736755E-16,-3.14018491736755E-16,
-1.));
#2177=DIRECTION('ref_axis',(0.707106781186547,-0.707106781186548,7.12177242945685E-32));
#2178=DIRECTION('',(0.707106781186547,-0.707106781186548,9.86076131526265E-32));
#2179=DIRECTION('',(-0.707106781186548,-0.707106781186547,4.44089209850062E-16));
#2180=DIRECTION('center_axis',(-0.707106781186548,-0.707106781186547,4.44089209850063E-16));
#2181=DIRECTION('ref_axis',(-0.707106781186547,0.707106781186548,-7.12177242945685E-32));
#2182=DIRECTION('center_axis',(-0.707106781186548,-0.707106781186547,5.09883550963504E-16));
#2183=DIRECTION('ref_axis',(-0.707106781186547,0.707106781186548,-7.12177242945685E-32));
#2184=DIRECTION('center_axis',(4.52476212877168E-16,4.52476212877168E-16,
1.));
#2185=DIRECTION('ref_axis',(-0.707106781186547,0.707106781186548,-7.12177242945685E-32));
#2186=DIRECTION('',(-0.707106781186548,-0.707106781186548,6.39897996902107E-16));
#2187=DIRECTION('',(-0.707106781186547,0.707106781186548,-1.4791141972894E-31));
#2188=DIRECTION('',(-0.707106781186548,-0.707106781186548,6.39897996902107E-16));
#2189=DIRECTION('center_axis',(-0.707106781186548,-0.707106781186548,6.39897996902107E-16));
#2190=DIRECTION('ref_axis',(-0.707106781186547,0.707106781186548,1.06389648100825E-31));
#2191=DIRECTION('center_axis',(0.707106781186548,0.707106781186547,-5.09883550963504E-16));
#2192=DIRECTION('ref_axis',(-0.707106781186547,0.707106781186548,1.06389648100825E-31));
#2193=DIRECTION('',(-0.707106781186548,-0.707106781186548,6.39897996902107E-16));
#2194=DIRECTION('center_axis',(0.707106781186548,-0.707106781186548,-3.30704223029904E-15));
#2195=DIRECTION('ref_axis',(2.6989741032165E-15,-1.97788987021296E-15,1.));
#2196=DIRECTION('',(2.6989741032165E-15,-1.97788987021296E-15,1.));
#2197=DIRECTION('center_axis',(-0.707106781186548,-0.707106781186548,6.39897996902107E-16));
#2198=DIRECTION('ref_axis',(0.707106781186548,-0.707106781186547,-1.82507093409802E-31));
#2199=DIRECTION('center_axis',(0.707106781186548,0.707106781186547,-5.09883550963504E-16));
#2200=DIRECTION('ref_axis',(0.707106781186548,-0.707106781186547,-1.82507093409802E-31));
#2201=DIRECTION('',(-0.707106781186548,-0.707106781186548,6.39897996902107E-16));
#2202=DIRECTION('center_axis',(0.707106781186548,0.707106781186547,-5.09883550963504E-16));
#2203=DIRECTION('ref_axis',(0.707106781186548,-0.707106781186547,-1.82507093409802E-31));
#2204=DIRECTION('',(-0.707106781186548,-0.707106781186548,6.39897996902107E-16));
#2205=DIRECTION('center_axis',(-0.707106781186548,0.707106781186548,9.86076131526265E-32));
#2206=DIRECTION('ref_axis',(-3.6054211650177E-16,-3.6054211650177E-16,-1.));
#2207=DIRECTION('',(-3.60542116501771E-16,-3.6054211650177E-16,-1.));
#2208=DIRECTION('',(-3.6054211650177E-16,-3.6054211650177E-16,-1.));
#2209=DIRECTION('',(-0.707106781186548,-0.707106781186548,6.39897996902107E-16));
#2210=DIRECTION('center_axis',(5.12952483812378E-16,-1.41790490956672E-15,
-1.));
#2211=DIRECTION('ref_axis',(0.707106781186547,-0.707106781186548,1.36532235636254E-15));
#2212=DIRECTION('',(0.707106781186547,-0.707106781186548,1.36532235636254E-15));
#2213=DIRECTION('',(0.707106781186547,-0.707106781186548,1.36532235636254E-15));
#2214=DIRECTION('',(-0.707106781186548,-0.707106781186548,6.39897996902107E-16));
#2215=DIRECTION('center_axis',(-0.707106781186548,-0.707106781186548,6.39897996902107E-16));
#2216=DIRECTION('ref_axis',(0.680729826910722,-0.680729826910722,0.270580497279826));
#2217=DIRECTION('center_axis',(0.707106781186548,0.707106781186547,-5.09883550963504E-16));
#2218=DIRECTION('ref_axis',(0.680729826910722,-0.680729826910722,0.270580497279826));
#2219=DIRECTION('center_axis',(0.707106781186548,0.707106781186547,-5.09883550963504E-16));
#2220=DIRECTION('ref_axis',(0.680729826910722,-0.680729826910722,0.270580497279826));
#2221=DIRECTION('',(-0.707106781186548,-0.707106781186548,6.39897996902107E-16));
#2222=DIRECTION('center_axis',(-4.52507050695251E-15,3.62011808119817E-15,
-1.));
#2223=DIRECTION('ref_axis',(0.707106781186547,-0.707106781186548,-5.75951808472463E-15));
#2224=DIRECTION('',(0.707106781186547,-0.707106781186548,-5.75951808472463E-15));
#2225=DIRECTION('',(0.707106781186547,-0.707106781186548,-5.75951808472463E-15));
#2226=DIRECTION('',(-0.707106781186548,-0.707106781186548,6.39897996902107E-16));
#2227=DIRECTION('center_axis',(0.707106781186548,-0.707106781186548,4.16331749389014E-15));
#2228=DIRECTION('ref_axis',(-2.58336791566053E-15,3.30445214866408E-15,
1.));
#2229=DIRECTION('',(-2.58336791566053E-15,3.30445214866408E-15,1.));
#2230=DIRECTION('',(-2.58336791566053E-15,3.30445214866408E-15,1.));
#2231=DIRECTION('',(-0.707106781186548,-0.707106781186548,6.39897996902107E-16));
#2232=DIRECTION('center_axis',(-0.707106781186548,-0.707106781186548,6.39897996902107E-16));
#2233=DIRECTION('ref_axis',(3.81696005291383E-15,-2.91200762715949E-15,
1.));
#2234=DIRECTION('center_axis',(0.707106781186548,0.707106781186547,-5.09883550963504E-16));
#2235=DIRECTION('ref_axis',(3.81696005291383E-15,-2.91200762715949E-15,
1.));
#2236=DIRECTION('center_axis',(0.707106781186548,0.707106781186547,-5.09883550963504E-16));
#2237=DIRECTION('ref_axis',(3.81696005291383E-15,-2.91200762715949E-15,
1.));
#2238=DIRECTION('',(-0.707106781186548,-0.707106781186548,6.39897996902107E-16));
#2239=DIRECTION('center_axis',(-4.37770862977426E-15,3.47275620401992E-15,
-1.));
#2240=DIRECTION('ref_axis',(0.707106781186547,-0.707106781186548,-5.55111691944239E-15));
#2241=DIRECTION('',(0.707106781186547,-0.707106781186548,-5.55111691944239E-15));
#2242=DIRECTION('',(0.707106781186547,-0.707106781186548,-5.55111691944239E-15));
#2243=DIRECTION('',(-0.707106781186548,-0.707106781186548,6.39897996902107E-16));
#2244=DIRECTION('center_axis',(0.707106781186537,-0.707106781186537,-1.73022047909438E-7));
#2245=DIRECTION('ref_axis',(1.22345063732085E-7,-1.2234506301101E-7,0.999999999999985));
#2246=DIRECTION('',(1.2234506373209E-7,-1.22345063011005E-7,0.999999999999985));
#2247=DIRECTION('',(1.2234506373209E-7,-1.22345063011005E-7,0.999999999999985));
#2248=DIRECTION('',(-0.707106781186548,-0.707106781186548,6.39897996902107E-16));
#2249=DIRECTION('center_axis',(4.52476212877168E-16,4.52476212877168E-16,
1.));
#2250=DIRECTION('ref_axis',(-0.707106781186547,0.707106781186548,-7.12298135649892E-32));
#2251=DIRECTION('',(-0.707106781186547,0.707106781186548,-1.4791141972894E-31));
#2252=DIRECTION('',(-0.707106781186547,0.707106781186548,-1.4791141972894E-31));
#2253=DIRECTION('',(-0.707106781186548,-0.707106781186548,6.39897996902107E-16));
#2254=DIRECTION('center_axis',(-0.707106781186548,-0.707106781186548,6.39897996902107E-16));
#2255=DIRECTION('ref_axis',(-0.538199790320037,0.538199790320036,-0.64860000878734));
#2256=DIRECTION('center_axis',(0.707106781186548,0.707106781186547,-5.09883550963504E-16));
#2257=DIRECTION('ref_axis',(-0.538199790320037,0.538199790320036,-0.64860000878734));
#2258=DIRECTION('center_axis',(0.707106781186548,0.707106781186547,-5.09883550963504E-16));
#2259=DIRECTION('ref_axis',(-0.538199790320037,0.538199790320036,-0.64860000878734));
#2260=DIRECTION('',(-0.707106781186548,-0.707106781186548,6.39897996902107E-16));
#2261=DIRECTION('center_axis',(-0.707106781186548,-0.707106781186548,6.39897996902107E-16));
#2262=DIRECTION('ref_axis',(-4.52476212877169E-16,-4.52476212877168E-16,
-1.));
#2263=DIRECTION('center_axis',(0.707106781186548,0.707106781186547,-5.09883550963504E-16));
#2264=DIRECTION('ref_axis',(-4.52476212877169E-16,-4.52476212877168E-16,
-1.));
#2265=DIRECTION('center_axis',(-1.24533270432939E-15,3.40380278575055E-16,
-1.));
#2266=DIRECTION('ref_axis',(0.707106781186547,-0.707106781186548,-1.12126840322728E-15));
#2267=DIRECTION('',(0.707106781186547,-0.707106781186548,-1.12126840322728E-15));
#2268=DIRECTION('',(0.707106781186547,-0.707106781186548,-1.12126840322728E-15));
#2269=DIRECTION('center_axis',(0.707098642940232,-0.707098642940232,-0.00479773948486141));
#2270=DIRECTION('ref_axis',(0.00339251412411232,-0.0033925141241116,0.999988490781687));
#2271=DIRECTION('',(0.00339251412411232,-0.0033925141241116,0.999988490781687));
#2272=DIRECTION('',(-0.707106781186548,-0.707106781186548,6.39897996902107E-16));
#2273=DIRECTION('center_axis',(-0.707106781186548,-0.707106781186548,6.39897996902107E-16));
#2274=DIRECTION('ref_axis',(4.57945913933879E-6,-4.57945914028475E-6,-0.999999999979029));
#2275=DIRECTION('center_axis',(0.707106781186548,0.707106781186547,-5.09883550963504E-16));
#2276=DIRECTION('ref_axis',(-0.707098642940232,0.707098642940232,0.00479773948484561));
#2277=DIRECTION('',(-0.707106781186548,-0.707106781186548,6.39897996902107E-16));
#2278=DIRECTION('center_axis',(0.707106781186548,0.707106781186547,-5.09883550963504E-16));
#2279=DIRECTION('ref_axis',(-0.707098642940232,0.707098642940232,0.00479773948484561));
#2280=DIRECTION('center_axis',(-0.707098598938813,0.707098598938813,-0.00481069200164988));
#2281=DIRECTION('ref_axis',(0.00340167293656616,-0.00340167293656688,-0.999988428554283));
#2282=DIRECTION('',(0.00340167293656616,-0.00340167293656688,-0.999988428554283));
#2283=DIRECTION('',(-0.707106781186548,-0.707106781186548,6.39897996902107E-16));
#2284=DIRECTION('',(0.00340167293656616,-0.00340167293656688,-0.999988428554283));
#2285=DIRECTION('center_axis',(-5.56051651881635E-7,5.56051652786588E-7,
0.999999999999691));
#2286=DIRECTION('ref_axis',(-0.707106781186328,0.707106781186329,-7.86375788110869E-7));
#2287=DIRECTION('',(-0.707106781186329,0.707106781186329,-7.8637578811087E-7));
#2288=DIRECTION('',(-0.707106781186548,-0.707106781186548,6.39897996902107E-16));
#2289=DIRECTION('',(-0.707106781186329,0.707106781186329,-7.8637578811087E-7));
#2290=DIRECTION('center_axis',(0.707106781186548,-0.707106781186548,-9.86076131526265E-32));
#2291=DIRECTION('ref_axis',(3.6054211650177E-16,3.6054211650177E-16,1.));
#2292=DIRECTION('',(3.60542116501771E-16,3.6054211650177E-16,1.));
#2293=DIRECTION('',(-0.707106781186548,-0.707106781186548,6.39897996902107E-16));
#2294=DIRECTION('',(3.6054211650177E-16,3.6054211650177E-16,1.));
#2295=DIRECTION('center_axis',(-0.707106781186548,-0.707106781186548,6.39897996902107E-16));
#2296=DIRECTION('ref_axis',(-0.707106781186548,0.707106781186547,1.82507093409802E-31));
#2297=DIRECTION('center_axis',(0.707106781186548,0.707106781186547,-5.09883550963504E-16));
#2298=DIRECTION('ref_axis',(-0.707106781186548,0.707106781186547,1.82507093409802E-31));
#2299=DIRECTION('',(-0.707106781186548,-0.707106781186548,6.39897996902107E-16));
#2300=DIRECTION('center_axis',(0.707106781186548,0.707106781186547,-5.09883550963504E-16));
#2301=DIRECTION('ref_axis',(-0.707106781186548,0.707106781186547,1.82507093409802E-31));
#2302=DIRECTION('center_axis',(4.52476212877168E-16,4.52476212877168E-16,
1.));
#2303=DIRECTION('ref_axis',(-0.707106781186547,0.707106781186548,-7.12175888751109E-32));
#2304=DIRECTION('',(-0.707106781186547,0.707106781186548,-1.4791141972894E-31));
#2305=DIRECTION('',(-0.707106781186547,0.707106781186548,-1.4791141972894E-31));
#2306=DIRECTION('center_axis',(-0.707106781186548,-0.707106781186547,5.09883550963504E-16));
#2307=DIRECTION('ref_axis',(7.2108423300354E-16,0.,1.));
#2308=DIRECTION('center_axis',(0.707106781186547,-0.707106781186548,-7.08652994441589E-15));
#2309=DIRECTION('ref_axis',(5.37147549527977E-15,-4.65039126227623E-15,
1.));
#2310=DIRECTION('',(5.37147549527977E-15,-4.65039126227623E-15,1.));
#2311=DIRECTION('',(-0.707106781186548,-0.707106781186547,6.39897996902107E-16));
#2312=DIRECTION('center_axis',(7.01697238065068E-16,2.03255187689268E-16,
1.));
#2313=DIRECTION('ref_axis',(-0.707106781186547,0.707106781186548,3.52451753849254E-16));
#2314=DIRECTION('',(-0.707106781186547,0.707106781186548,3.52451753849254E-16));
#2315=DIRECTION('center_axis',(-0.707106781186548,-0.707106781186547,5.09883550963504E-16));
#2316=DIRECTION('ref_axis',(7.2108423300354E-16,0.,1.));
#2317=DIRECTION('center_axis',(0.707106781186548,0.707106781186547,-5.09883550963504E-16));
#2318=DIRECTION('ref_axis',(-7.21084233003541E-16,0.,-1.));
#2319=DIRECTION('center_axis',(-0.707106781186548,-0.707106781186547,5.09883550963504E-16));
#2320=DIRECTION('ref_axis',(0.706336601534568,-0.706336601534569,0.0466605900647676));
#2321=DIRECTION('',(-0.707106781186547,0.707106781186548,1.50490088038131E-31));
#2322=DIRECTION('center_axis',(0.707106781186548,0.707106781186547,-5.09883550963504E-16));
#2323=DIRECTION('ref_axis',(-0.707106781148945,0.707106781148946,1.03128267769926E-5));
#2324=DIRECTION('',(7.29226974751397E-6,-7.29226974679288E-6,0.999999999946823));
#2325=DIRECTION('center_axis',(-0.707106781148945,0.707106781148946,1.03128267769074E-5));
#2326=DIRECTION('ref_axis',(-7.29226974751397E-6,7.29226974679289E-6,-0.999999999946823));
#2327=DIRECTION('',(-0.707106781186548,-0.707106781186547,0.));
#2328=DIRECTION('center_axis',(-0.707106781186548,-0.707106781186547,0.));
#2329=DIRECTION('ref_axis',(-0.707106781148945,0.707106781148946,1.03128267769926E-5));
#2330=DIRECTION('',(-0.707106781186548,-0.707106781186547,0.));
#2331=DIRECTION('center_axis',(-1.06412561753123E-31,1.06412561753123E-31,
-1.));
#2332=DIRECTION('ref_axis',(0.707106781186548,-0.707106781186547,-1.50490088038131E-31));
#2333=DIRECTION('',(-0.707106781186548,-0.707106781186547,0.));
#2334=DIRECTION('center_axis',(-0.707106781186548,-0.707106781186547,0.));
#2335=DIRECTION('ref_axis',(0.706336601534568,-0.706336601534569,0.0466605900647676));
#2336=CARTESIAN_POINT('',(0.,0.,0.));
#2337=CARTESIAN_POINT('Origin',(-55.9116460542305,-28.1209238219789,45.9501185678571));
#2338=CARTESIAN_POINT('',(-56.2652001756582,-27.7673697005511,45.8499007081052));
#2339=CARTESIAN_POINT('',(-56.2653799292786,-27.7671899469307,21.2000143700566));
#2340=CARTESIAN_POINT('',(-56.2651994448049,-27.7673704314044,45.9501237242705));
#2341=CARTESIAN_POINT('',(-56.2653799292974,-28.4742967280985,21.2000092136432));
#2342=CARTESIAN_POINT('Origin',(-55.9118265387042,-28.1207433375052,21.2000092136432));
#2343=CARTESIAN_POINT('',(-56.2652038217743,-28.4744728356216,45.3499007081052));
#2344=CARTESIAN_POINT('',(-56.2651994448237,-28.4744772125721,45.9501185678571));
#2345=CARTESIAN_POINT('Origin',(-55.911650431181,-28.1209194450283,45.3499007081052));
#2346=CARTESIAN_POINT('Origin',(-50.8904227480648,-33.1421471281445,46.9499938264135));
#2347=CARTESIAN_POINT('',(-51.2439761491014,-33.4957005082944,45.3499007081052));
#2348=CARTESIAN_POINT('',(-51.2439760815494,-33.4957005758465,55.6999937405283));
#2349=CARTESIAN_POINT('',(-51.2439761386581,-33.4957005187378,46.9499938264135));
#2350=CARTESIAN_POINT('',(-51.243976078286,-32.7885937979233,56.1999937451434));
#2351=CARTESIAN_POINT('Origin',(-50.8904226909561,-33.1421471852532,55.6999937405283));
#2352=CARTESIAN_POINT('',(-51.2439761458381,-32.7885937303713,45.8499007081052));
#2353=CARTESIAN_POINT('',(-51.2439761386581,-32.7885937375512,46.9499938310286));
#2354=CARTESIAN_POINT('Origin',(-50.8904227585081,-33.1421471177012,45.3499007081052));
#2355=CARTESIAN_POINT('Origin',(-38.6372787721266,-45.3952911040827,19.6999937444031));
#2356=CARTESIAN_POINT('',(-37.4145019771215,-46.6180678990879,19.1999937444031));
#2357=CARTESIAN_POINT('',(-24.8689471649404,-59.1636227112689,19.1999937444031));
#2358=CARTESIAN_POINT('',(-38.6372787721266,-45.3952911040827,19.1999937444031));
#2359=CARTESIAN_POINT('',(-25.2225005555337,-59.5171761018622,19.6999937444031));
#2360=CARTESIAN_POINT('Origin',(-24.8689471649404,-59.1636227112689,19.6999937444031));
#2361=CARTESIAN_POINT('',(-37.4421705690779,-47.297506088318,19.6999937444031));
#2362=CARTESIAN_POINT('',(-38.9908321627199,-45.748844494676,19.6999937444031));
#2363=CARTESIAN_POINT('Ctrl Pts',(-37.4421705690778,-47.297506088318,19.6999937444031));
#2364=CARTESIAN_POINT('Ctrl Pts',(-37.4428296388004,-47.2968470185955,19.6989479632566));
#2365=CARTESIAN_POINT('Ctrl Pts',(-37.4434864634035,-47.2961855539939,19.6979022731));
#2366=CARTESIAN_POINT('Ctrl Pts',(-37.4762317263284,-47.2629761754374,19.645596394426));
#2367=CARTESIAN_POINT('Ctrl Pts',(-37.5030612127211,-47.2245437875094,19.5943568283165));
#2368=CARTESIAN_POINT('Ctrl Pts',(-37.5431370562046,-47.1396706213356,19.4972102387011));
#2369=CARTESIAN_POINT('Ctrl Pts',(-37.5569902332649,-47.0930957518711,19.4506981018845));
#2370=CARTESIAN_POINT('Ctrl Pts',(-37.5700512382157,-46.9886467009774,19.3610214587239));
#2371=CARTESIAN_POINT('Ctrl Pts',(-37.5679865409935,-46.9294790052923,19.3179186193333));
#2372=CARTESIAN_POINT('Ctrl Pts',(-37.5430968270638,-46.8222671580244,19.2561888261523));
#2373=CARTESIAN_POINT('Ctrl Pts',(-37.5253795188553,-46.7751699492592,19.2343122711515));
#2374=CARTESIAN_POINT('Ctrl Pts',(-37.4767290224127,-46.6895473524675,19.2068403246164));
#2375=CARTESIAN_POINT('Ctrl Pts',(-37.4483070530841,-46.6518729750505,19.1999937444031));
#2376=CARTESIAN_POINT('Ctrl Pts',(-37.4145019771215,-46.6180678990879,19.1999937444031));
#2377=CARTESIAN_POINT('Origin',(-24.8689471649404,-59.1636227112689,21.1999969021413));
#2378=CARTESIAN_POINT('',(-23.4547313697092,-60.5778385065002,21.199996883681));
#2379=CARTESIAN_POINT('',(-24.1618381508957,-60.5778385065002,21.1999968882961));
#2380=CARTESIAN_POINT('Origin',(-23.8082847603025,-60.2242851159069,21.1999968882961));
#2381=CARTESIAN_POINT('Origin',(-25.2225005555337,-59.5171761018622,21.1999969021413));
#2382=CARTESIAN_POINT('Origin',(-24.8689471649404,-59.1636227112689,21.1999969021413));
#2383=CARTESIAN_POINT('Origin',(-23.8082847064571,-60.2242851697522,29.4499952235402));
#2384=CARTESIAN_POINT('',(-23.4547312049097,-60.5778386712996,46.4500005384062));
#2385=CARTESIAN_POINT('',(-24.1618379860963,-60.5778386712996,46.4500005430213));
#2386=CARTESIAN_POINT('Origin',(-23.808284595503,-60.2242852807063,46.4500005430213));
#2387=CARTESIAN_POINT('',(-24.1618380970504,-60.5778385603455,29.4499952235402));
#2388=CARTESIAN_POINT('',(-23.4547313158638,-60.5778385603455,29.4499952189251));
#2389=CARTESIAN_POINT('Origin',(-24.8689443445408,-59.1636255316685,46.4500005568666));
#2390=CARTESIAN_POINT('',(-24.8689443445408,-59.1636255316685,48.4499999590191));
#2391=CARTESIAN_POINT('',(-25.2224977351341,-59.5171789222618,47.9499999590191));
#2392=CARTESIAN_POINT('Origin',(-24.8689443445408,-59.1636255316685,47.9499999590191));
#2393=CARTESIAN_POINT('Origin',(-25.2224977351341,-59.5171789222618,46.4500005568666));
#2394=CARTESIAN_POINT('Origin',(-24.8689443445408,-59.1636255316685,46.4500005568666));
#2395=CARTESIAN_POINT('Origin',(-32.3644999443189,-51.6680699318904,47.9500000245584));
#2396=CARTESIAN_POINT('',(-27.1670425331872,-56.8655273430221,48.45));
#2397=CARTESIAN_POINT('',(-27.5205959249618,-57.2190807324341,47.95));
#2398=CARTESIAN_POINT('Origin',(-27.1670425343685,-56.8655273418408,47.95));
#2399=CARTESIAN_POINT('',(-32.7180533349122,-52.0216233224837,47.9500000245584));
#2400=CARTESIAN_POINT('',(-32.3644999431376,-51.6680699330717,48.4500000245584));
#2401=CARTESIAN_POINT('Origin',(-27.1670425331872,-56.8655273430221,55.7));
#2402=CARTESIAN_POINT('',(-32.2257118856157,-51.8068579905937,54.5243177446255));
#2403=CARTESIAN_POINT('',(-32.9281390246523,-51.8115376327436,54.4432362097721));
#2404=CARTESIAN_POINT('Origin',(-32.574585634059,-51.4579842421503,54.4432362097721));
#2405=CARTESIAN_POINT('Origin',(-27.5205959237805,-57.2190807336154,55.7));
#2406=CARTESIAN_POINT('Origin',(-27.1670425331872,-56.8655273430221,55.7));
#2407=CARTESIAN_POINT('Origin',(-33.6212084699418,-50.4113614062675,54.1999912355524));
#2408=CARTESIAN_POINT('',(-33.6212084568884,-50.4113614193209,56.1999935151061));
#2409=CARTESIAN_POINT('',(-33.974761850745,-50.7649148066508,55.6999935151061));
#2410=CARTESIAN_POINT('Origin',(-33.6212084601518,-50.4113614160576,55.6999935151061));
#2411=CARTESIAN_POINT('Origin',(-33.9747618605351,-50.7649147968608,54.1999912355524));
#2412=CARTESIAN_POINT('Origin',(-33.6212084699418,-50.4113614062675,54.1999912355524));
#2413=CARTESIAN_POINT('Origin',(-36.7406319549014,-47.2919379213079,55.6999935558252));
#2414=CARTESIAN_POINT('',(-37.0941853454947,-47.6454913119012,55.6999935558252));
#2415=CARTESIAN_POINT('',(-36.740631951638,-47.2919379245713,56.1999935558252));
#2416=CARTESIAN_POINT('Origin',(-45.5520158564849,-38.4805540197244,45.3499007081052));
#2417=CARTESIAN_POINT('',(-45.9055692470782,-38.8341074103177,45.3499007081052));
#2418=CARTESIAN_POINT('',(-45.5520158564849,-38.4805540197244,45.8499007081052));
#2419=CARTESIAN_POINT('Origin',(-42.0162849381047,-42.0162849381046,18.896));
#2420=CARTESIAN_POINT('',(-46.618067899088,-37.4145019771213,19.1999937444031));
#2421=CARTESIAN_POINT('Origin',(-42.0162849381047,-42.0162849381046,18.896));
#2422=CARTESIAN_POINT('',(-47.2975060883182,-37.4421705690777,19.6999937444031));
#2423=CARTESIAN_POINT('Origin',(-42.369838328698,-42.3698383286979,18.896));
#2424=CARTESIAN_POINT('Ctrl Pts',(-47.2975060883181,-37.4421705690777,19.6999937444031));
#2425=CARTESIAN_POINT('Ctrl Pts',(-47.2968470185914,-37.4428296388045,19.6989479632498));
#2426=CARTESIAN_POINT('Ctrl Pts',(-47.296185553997,-37.4434864634005,19.6979022731031));
#2427=CARTESIAN_POINT('Ctrl Pts',(-47.283474542359,-37.4560198330754,19.6778820059011));
#2428=CARTESIAN_POINT('Ctrl Pts',(-47.2706342109002,-37.4671643886728,19.6589299412041));
#2429=CARTESIAN_POINT('Ctrl Pts',(-47.1967483908314,-37.5235481610427,19.5563719198104));
#2430=CARTESIAN_POINT('Ctrl Pts',(-47.1234194758616,-37.5529632910931,19.4769237116415));
#2431=CARTESIAN_POINT('Ctrl Pts',(-46.9808666777297,-37.5712092760681,19.3541916132728));
#2432=CARTESIAN_POINT('Ctrl Pts',(-46.9151881501515,-37.5667033422741,19.3081228412386));
#2433=CARTESIAN_POINT('Ctrl Pts',(-46.8020847823844,-37.5362830604658,19.2462085108082));
#2434=CARTESIAN_POINT('Ctrl Pts',(-46.7524374251317,-37.5150902567657,19.2250570064222));
#2435=CARTESIAN_POINT('Ctrl Pts',(-46.673980793526,-37.4646604107532,19.2042535952078));
#2436=CARTESIAN_POINT('Ctrl Pts',(-46.6447197997605,-37.4411538777938,19.1999937444031));
#2437=CARTESIAN_POINT('Ctrl Pts',(-46.618067899088,-37.4145019771213,19.1999937444031));
#2438=CARTESIAN_POINT('Origin',(-54.8511663669807,-29.1814035092286,21.1999937444031));
#2439=CARTESIAN_POINT('',(-54.8511663669807,-29.1814035092286,19.1999937444031));
#2440=CARTESIAN_POINT('',(-55.204719757574,-29.5349568998219,19.6999937444031));
#2441=CARTESIAN_POINT('Origin',(-54.8511663669807,-29.1814035092286,19.6999937444031));
#2442=CARTESIAN_POINT('Origin',(-55.204719757574,-29.5349568998219,21.1999937444031));
#2443=CARTESIAN_POINT('Origin',(-54.8511663669807,-29.1814035092286,21.1999937444031));
#2444=CARTESIAN_POINT('Origin',(-47.3556109670563,-36.6769589091531,19.6999937444031));
#2445=CARTESIAN_POINT('',(-47.7091643576495,-37.0305122997463,19.6999937444031));
#2446=CARTESIAN_POINT('',(-47.3556109670563,-36.6769589091531,19.1999937444031));
#2447=CARTESIAN_POINT('Origin',(-30.1563852421277,-46.9465381784534,54.1999912355524));
#2448=CARTESIAN_POINT('',(-29.0437313702762,-48.6248774752542,54.5243177446255));
#2449=CARTESIAN_POINT('',(-28.7608886578016,-48.3420347627796,54.5243177446255));
#2450=CARTESIAN_POINT('',(-30.4392279415489,-47.2293809039815,56.1999935151061));
#2451=CARTESIAN_POINT('Origin',(-30.4392279546024,-47.229380890928,54.1999912355524));
#2452=CARTESIAN_POINT('',(-30.1563852290743,-46.9465381915068,56.1999935151061));
#2453=CARTESIAN_POINT('Origin',(-23.7022193053731,-53.400704115208,55.7));
#2454=CARTESIAN_POINT('',(-23.9850620178478,-53.6835468276826,48.45));
#2455=CARTESIAN_POINT('',(-23.7022193053731,-53.400704115208,48.45));
#2456=CARTESIAN_POINT('Origin',(-23.9850620178478,-53.6835468276827,55.7));
#2457=CARTESIAN_POINT('Origin',(-21.4041211167267,-55.6988023038544,48.4499999891413));
#2458=CARTESIAN_POINT('',(-21.6869638292013,-55.9816450163291,48.4499999590191));
#2459=CARTESIAN_POINT('',(-21.4041211167267,-55.6988023038544,48.4499999590191));
#2460=CARTESIAN_POINT('',(-29.1825194277982,-48.4860894177322,48.4500000245584));
#2461=CARTESIAN_POINT('Origin',(-21.4041211167267,-55.6988023038544,46.4500005568666));
#2462=CARTESIAN_POINT('',(-20.2727506895703,-57.3958581559601,46.4500005384062));
#2463=CARTESIAN_POINT('',(-19.9899079770956,-57.1130154434855,46.4500005384062));
#2464=CARTESIAN_POINT('Origin',(-21.6869638292014,-55.9816450163291,46.4500005568666));
#2465=CARTESIAN_POINT('Origin',(-19.9899081418951,-57.1130152786861,21.199996883681));
#2466=CARTESIAN_POINT('',(-20.2727508543697,-57.3958579911607,21.199996883681));
#2467=CARTESIAN_POINT('',(-19.9899081418951,-57.1130152786861,21.199996883681));
#2468=CARTESIAN_POINT('',(-20.2727508005244,-57.395858045006,29.4499952189251));
#2469=CARTESIAN_POINT('Origin',(-21.4041239371263,-55.6987994834548,21.1999969021413));
#2470=CARTESIAN_POINT('',(-21.686966649601,-55.9816421959295,19.1999937444031));
#2471=CARTESIAN_POINT('',(-21.4041239371263,-55.6987994834548,19.1999937444031));
#2472=CARTESIAN_POINT('Origin',(-21.686966649601,-55.9816421959295,21.1999969021413));
#2473=CARTESIAN_POINT('Origin',(-33.9496787493074,-43.1532446712738,19.1999937444031));
#2474=CARTESIAN_POINT('',(-34.232521461782,-43.4360873837484,19.1999937444031));
#2475=CARTESIAN_POINT('',(-33.9496787493074,-43.1532446712738,19.1999937444031));
#2476=CARTESIAN_POINT('',(-35.4552982567872,-42.2133105887433,19.1999937444031));
#2477=CARTESIAN_POINT('Origin',(-40.2136089577251,-44.5260676996708,37.6999937683147));
#2478=CARTESIAN_POINT('',(-50.925830381116,-33.8138462762799,42.7500035604949));
#2479=CARTESIAN_POINT('',(-50.925830381116,-33.8138462762798,32.6499875076621));
#2480=CARTESIAN_POINT('',(-50.925830381116,-33.8138462762799,40.2249986644049));
#2481=CARTESIAN_POINT('',(-49.8651702093373,-34.8745064480586,44.2500035604933));
#2482=CARTESIAN_POINT('Origin',(-49.8651702093373,-34.8745064480586,42.7500035604949));
#2483=CARTESIAN_POINT('',(-34.8745064481167,-49.8651702092792,44.2500035604933));
#2484=CARTESIAN_POINT('',(-37.5440577029209,-47.195618954475,44.2500035604933));
#2485=CARTESIAN_POINT('',(-33.8138462763723,-50.9258303810236,42.7500035605435));
#2486=CARTESIAN_POINT('Origin',(-34.8745064481167,-49.8651702092792,42.7500035605435));
#2487=CARTESIAN_POINT('',(-33.8138462763723,-50.9258303810236,32.649987507901));
#2488=CARTESIAN_POINT('',(-33.8138462763723,-50.9258303810236,35.1749906381079));
#2489=CARTESIAN_POINT('',(-34.8745064483062,-49.8651702090897,31.1499875076832));
#2490=CARTESIAN_POINT('Origin',(-34.8745064483062,-49.8651702090897,32.649987507901));
#2491=CARTESIAN_POINT('',(-49.8651702093511,-34.8745064480448,31.1499875076832));
#2492=CARTESIAN_POINT('',(-45.0393895835381,-39.7002870738578,31.1499875076832));
#2493=CARTESIAN_POINT('Origin',(-49.8651702093511,-34.8745064480448,32.6499875076621));
#2494=CARTESIAN_POINT('',(-49.7944622170305,-34.9452144403654,52.4999999999999));
#2495=CARTESIAN_POINT('Origin',(-49.1580634280887,-35.5816132293071,52.4999999999999));
#2496=CARTESIAN_POINT('',(-53.082508749548,-31.6571679078478,22.8));
#2497=CARTESIAN_POINT('Origin',(-52.4461099606063,-32.2935666967896,22.8));
#2498=CARTESIAN_POINT('',(-28.6873247986121,-56.0523518587838,22.8));
#2499=CARTESIAN_POINT('Origin',(-28.0509260096704,-56.6887506477255,22.8));
#2500=CARTESIAN_POINT('',(-35.7583926104775,-48.9812840469184,52.4999999999999));
#2501=CARTESIAN_POINT('Origin',(-35.1219938215358,-49.6176828358601,52.4999999999999));
#2502=CARTESIAN_POINT('Origin',(-31.3036172031284,-45.7993062174527,52.4999999999999));
#2503=CARTESIAN_POINT('',(-32.3210654927893,-45.3475433527411,52.4999999999999));
#2504=CARTESIAN_POINT('Origin',(-31.586459915603,-46.0821489299274,52.4999999999999));
#2505=CARTESIAN_POINT('',(-32.0460793233743,-45.0568440972069,52.4999999999999));
#2506=CARTESIAN_POINT('Origin',(-24.232549391263,-52.8703740293181,22.7999999999999));
#2507=CARTESIAN_POINT('',(-25.249997680924,-52.4186111646065,22.7999999999999));
#2508=CARTESIAN_POINT('Origin',(-24.5153921037377,-53.1532167417928,22.7999999999999));
#2509=CARTESIAN_POINT('',(-24.9750115115089,-52.1279119090723,22.7999999999999));
#2510=CARTESIAN_POINT('Origin',(-48.627733342199,-28.4751900783822,22.8));
#2511=CARTESIAN_POINT('',(-49.6451816318599,-28.0234272136705,22.8));
#2512=CARTESIAN_POINT('Origin',(-48.9105760546736,-28.7580327908568,22.8));
#2513=CARTESIAN_POINT('',(-49.3701954624448,-27.7327279581363,22.8));
#2514=CARTESIAN_POINT('Origin',(-45.3396868096814,-31.7632366108998,52.4999999999999));
#2515=CARTESIAN_POINT('',(-46.3571350993423,-31.3114737461881,52.4999999999999));
#2516=CARTESIAN_POINT('Origin',(-45.622529522156,-32.0460793233744,52.4999999999999));
#2517=CARTESIAN_POINT('',(-46.0821489299273,-31.0207744906539,52.4999999999999));
#2518=CARTESIAN_POINT('Origin',(-51.5975294688793,-33.1421471885166,56.1999937451434));
#2519=CARTESIAN_POINT('',(-50.1833159065062,-31.7279336261435,56.1999937451434));
#2520=CARTESIAN_POINT('',(-49.6883411596756,-31.2329588793129,56.1999937451434));
#2521=CARTESIAN_POINT('',(-50.1833159740582,-31.7279335585914,45.8499007081052));
#2522=CARTESIAN_POINT('',(-50.1833159571702,-31.7279335754795,48.4374239627495));
#2523=CARTESIAN_POINT('',(-51.5975295364313,-33.1421471209645,45.8499007081052));
#2524=CARTESIAN_POINT('Origin',(-51.5975295364313,-33.1421471209645,45.8499007081052));
#2525=CARTESIAN_POINT('',(-55.2045400038767,-26.7067095287729,45.8499007081052));
#2526=CARTESIAN_POINT('',(-53.9492339795345,-27.9620155531152,45.8499007081052));
#2527=CARTESIAN_POINT('',(-54.7095652570478,-26.2117347819407,45.8499007081052));
#2528=CARTESIAN_POINT('Origin',(-52.6939279551923,-29.2173215774574,51.0249472501658));
#2529=CARTESIAN_POINT('',(-53.7902655372455,-28.1209839954042,56.1999937922264));
#2530=CARTESIAN_POINT('',(-42.6272381032624,-39.2840114293873,56.1999936465108));
#2531=CARTESIAN_POINT('',(-55.2044791125968,-26.7067704200529,54.20001441788));
#2532=CARTESIAN_POINT('Origin',(-53.7902655502989,-28.1209839823508,54.1999937922264));
#2533=CARTESIAN_POINT('',(-55.2044906891864,-26.7067588434633,52.612499141808));
#2534=CARTESIAN_POINT('Origin',(-51.3861024942646,-25.7168209263165,54.1999937922264));
#2535=CARTESIAN_POINT('',(-51.6689451936858,-25.9996636518446,56.1999937922264));
#2536=CARTESIAN_POINT('',(-51.3861024812112,-25.7168209393699,56.1999937922264));
#2537=CARTESIAN_POINT('',(-53.0831587690371,-24.5854500764932,54.20001441788));
#2538=CARTESIAN_POINT('Origin',(-51.6689452067393,-25.9996636387911,54.1999937922264));
#2539=CARTESIAN_POINT('',(-52.8003160565625,-24.3026073640186,54.20001441788));
#2540=CARTESIAN_POINT('Origin',(-30.1563852290743,-46.9465381915068,56.1999935151061));
#2541=CARTESIAN_POINT('',(-33.5586514362986,-44.1099574092318,56.1999935558252));
#2542=CARTESIAN_POINT('Origin',(-50.7834314524391,-33.9562452049568,50.9011386642865));
#2543=CARTESIAN_POINT('',(-50.0763246983458,-33.249138396677,46.7500082582548));
#2544=CARTESIAN_POINT('',(-50.0763246712526,-33.2491384237702,50.9011386642865));
#2545=CARTESIAN_POINT('',(-50.0763247143327,-33.2491383806901,44.3005449707822));
#2546=CARTESIAN_POINT('',(-48.5206897797354,-31.6935034780666,46.7500082582548));
#2547=CARTESIAN_POINT('',(-48.8742431703287,-32.0470568686599,46.7500082582548));
#2548=CARTESIAN_POINT('',(-48.5206897526422,-31.6935035051598,50.9011386642865));
#2549=CARTESIAN_POINT('',(-48.5206897706799,-31.693503487122,48.1374527714927));
#2550=CARTESIAN_POINT('',(-46.9650548340317,-30.1378685865494,50.9011386642865));
#2551=CARTESIAN_POINT('Origin',(-52.6918322659564,-32.0478443914395,44.8499007081052));
#2552=CARTESIAN_POINT('',(-54.5395787689203,-28.7858843261024,44.8499007081052));
#2553=CARTESIAN_POINT('',(-51.9847254847699,-31.3407376102529,44.8499007081052));
#2554=CARTESIAN_POINT('',(-45.7561063514117,-37.5693567436111,44.8499007081052));
#2555=CARTESIAN_POINT('',(-52.9839438503099,-27.230249407492,44.8499007081052));
#2556=CARTESIAN_POINT('',(-53.3374972409032,-27.5838027980853,44.8499007081052));
#2557=CARTESIAN_POINT('',(-50.4290905661594,-29.7851026916425,44.8499007081052));
#2558=CARTESIAN_POINT('',(-51.8681316256622,-28.3460616321398,44.8499007081052));
#2559=CARTESIAN_POINT('',(-48.873455647549,-28.2294677730321,44.8499007081052));
#2560=CARTESIAN_POINT('Origin',(-50.7523194010145,-29.4618738567875,49.524897313861));
#2561=CARTESIAN_POINT('',(-49.0166420718131,-31.1975511859889,46.7500082582548));
#2562=CARTESIAN_POINT('',(-49.8844807364138,-30.3297125213882,46.7500082582548));
#2563=CARTESIAN_POINT('Origin',(-49.0166420718131,-31.1975511859889,44.7500082582812));
#2564=CARTESIAN_POINT('',(-52.9839490493868,-27.2302442084152,54.1998893438983));
#2565=CARTESIAN_POINT('',(-52.9839477496175,-27.2302455081844,51.8623920879797));
#2566=CARTESIAN_POINT('',(-48.8694765224609,-31.344716735341,54.1998939196168));
#2567=CARTESIAN_POINT('',(-49.8108992615069,-30.4032939962951,54.1998928726575));
#2568=CARTESIAN_POINT('',(-48.8751979285245,-31.3389953292774,52.5134336705576));
#2569=CARTESIAN_POINT('',(-48.8802888001573,-31.3339044576446,51.0128317999132));
#2570=CARTESIAN_POINT('Origin',(-46.8953217282919,-33.3188715295101,52.5));
#2571=CARTESIAN_POINT('Origin',(-47.3138416038505,-29.7890818167306,54.1998939196168));
#2572=CARTESIAN_POINT('',(-51.711156843251,-25.9574520022794,54.1998893438983));
#2573=CARTESIAN_POINT('',(-51.4283141307764,-25.6746092898048,54.1998893438983));
#2574=CARTESIAN_POINT('',(-47.5966843163252,-30.0719245292052,54.1998939196168));
#2575=CARTESIAN_POINT('',(-42.1373842714605,-35.5312245740699,54.1998999909224));
#2576=CARTESIAN_POINT('',(-47.3138416038505,-29.7890818167306,54.1998939196168));
#2577=CARTESIAN_POINT('Origin',(-51.4283141307764,-25.6746092898048,54.1998893438983));
#2578=CARTESIAN_POINT('',(-54.5395680649808,-28.785895030042,25.5999999999999));
#2579=CARTESIAN_POINT('',(-54.5395793805834,-28.7858837144394,45.9499118942425));
#2580=CARTESIAN_POINT('',(-51.7111409402346,-25.9574679052958,25.5999999999999));
#2581=CARTESIAN_POINT('',(-51.42829822776,-25.6746251928212,25.5999999999999));
#2582=CARTESIAN_POINT('',(-51.7111522558491,-25.9574565896813,45.9499331969413));
#2583=CARTESIAN_POINT('Origin',(-47.4610071532027,-29.6419162673785,44.7500082582812));
#2584=CARTESIAN_POINT('',(-48.6630886812198,-30.8439977953956,46.7500082582548));
#2585=CARTESIAN_POINT('',(-47.4610071532027,-29.6419162673785,46.7500082582548));
#2586=CARTESIAN_POINT('',(-50.0773022435742,-29.4297842330412,44.7500082582812));
#2587=CARTESIAN_POINT('Origin',(-48.6630886812198,-30.8439977953956,44.7500082582812));
#2588=CARTESIAN_POINT('',(-51.9864905527779,-31.3389725422449,44.7500082582812));
#2589=CARTESIAN_POINT('',(-48.8752207155571,-28.227702705024,44.7500082582812));
#2590=CARTESIAN_POINT('Origin',(-50.5722769904235,-32.7531861045993,44.7500082582812));
#2591=CARTESIAN_POINT('Origin',(-50.5722769905227,-33.8138462762799,40.2249986644049));
#2592=CARTESIAN_POINT('',(-50.2187235999294,-33.8138462762799,42.7500035604949));
#2593=CARTESIAN_POINT('',(-50.2187235999294,-33.8138462762799,42.7500035604949));
#2594=CARTESIAN_POINT('',(-50.2187235999295,-33.8138462762798,32.6499875076621));
#2595=CARTESIAN_POINT('',(-50.925830381116,-33.8138462762798,32.6499875076621));
#2596=CARTESIAN_POINT('',(-50.2187235999294,-33.8138462762799,40.2249986644049));
#2597=CARTESIAN_POINT('Origin',(-49.6883935140406,-34.697729752762,42.7500035604949));
#2598=CARTESIAN_POINT('',(-49.511616818744,-34.5209530574653,43.7500035604933));
#2599=CARTESIAN_POINT('',(-49.511616818744,-34.5209530574653,43.7500035604933));
#2600=CARTESIAN_POINT('Origin',(-49.511616818744,-34.5209530574653,42.7500035604949));
#2601=CARTESIAN_POINT('Origin',(-37.3672810076242,-47.0188422591784,44.0000035604933));
#2602=CARTESIAN_POINT('',(-34.5209530575234,-49.511616818686,43.7500035604933));
#2603=CARTESIAN_POINT('',(-34.5209530575234,-49.511616818686,43.7500035604933));
#2604=CARTESIAN_POINT('',(-37.1905043123276,-46.8420655638817,43.7500035604933));
#2605=CARTESIAN_POINT('Origin',(-34.69772975282,-49.6883935139826,42.7500035605435));
#2606=CARTESIAN_POINT('',(-33.8138462763723,-50.218723599837,42.7500035605435));
#2607=CARTESIAN_POINT('',(-33.8138462763723,-50.218723599837,42.7500035605435));
#2608=CARTESIAN_POINT('Origin',(-34.5209530575234,-49.511616818686,42.7500035605435));
#2609=CARTESIAN_POINT('Origin',(-33.8138462763723,-50.5722769904303,35.1749906381079));
#2610=CARTESIAN_POINT('',(-33.8138462763723,-50.218723599837,32.649987507901));
#2611=CARTESIAN_POINT('',(-33.8138462763723,-50.218723599837,32.649987507901));
#2612=CARTESIAN_POINT('',(-33.8138462763723,-50.218723599837,35.1749906381079));
#2613=CARTESIAN_POINT('Origin',(-34.6977297530095,-49.6883935137931,32.649987507901));
#2614=CARTESIAN_POINT('',(-34.5209530577129,-49.5116168184965,31.6499875076832));
#2615=CARTESIAN_POINT('',(-34.5209530577129,-49.5116168184965,31.6499875076832));
#2616=CARTESIAN_POINT('Origin',(-34.5209530577129,-49.5116168184965,32.649987507901));
#2617=CARTESIAN_POINT('Origin',(-44.8626128882414,-39.5235103785612,31.3999875076832));
#2618=CARTESIAN_POINT('',(-49.5116168187578,-34.5209530574515,31.6499875076832));
#2619=CARTESIAN_POINT('',(-49.5116168187578,-34.5209530574515,31.6499875076832));
#2620=CARTESIAN_POINT('',(-44.6858361929448,-39.3467336832645,31.6499875076832));
#2621=CARTESIAN_POINT('Origin',(-49.6883935140544,-34.6977297527481,32.6499875076621));
#2622=CARTESIAN_POINT('Origin',(-49.5116168187578,-34.5209530574515,32.6499875076621));
#2623=CARTESIAN_POINT('Origin',(-31.0561298297093,-46.0467935908719,42.7500035605435));
#2624=CARTESIAN_POINT('',(-34.1673996669301,-49.1580634280927,43.7500035604933));
#2625=CARTESIAN_POINT('',(-31.0561298297093,-46.0467935908719,43.7500035604933));
#2626=CARTESIAN_POINT('',(-33.4602928857791,-49.8651702092437,42.7500035605435));
#2627=CARTESIAN_POINT('Origin',(-34.1673996669301,-49.1580634280927,42.7500035605435));
#2628=CARTESIAN_POINT('',(-30.3490230485582,-46.7539003720229,42.7500035605435));
#2629=CARTESIAN_POINT('Origin',(-31.0561298297093,-46.0467935908719,43.7500035604933));
#2630=CARTESIAN_POINT('',(-49.1580634281507,-34.167399666872,43.7500035604933));
#2631=CARTESIAN_POINT('',(-46.0467935909299,-31.0561298296512,43.7500035604933));
#2632=CARTESIAN_POINT('',(-36.8474434424918,-46.478019652531,43.7500035604933));
#2633=CARTESIAN_POINT('Origin',(-46.0467935909299,-31.0561298296512,42.7500035604949));
#2634=CARTESIAN_POINT('',(-49.8651702093362,-33.4602928856866,42.7500035604949));
#2635=CARTESIAN_POINT('',(-46.7539003721153,-30.3490230484658,42.7500035604949));
#2636=CARTESIAN_POINT('Origin',(-49.1580634281507,-34.167399666872,42.7500035604949));
#2637=CARTESIAN_POINT('Origin',(-46.7539003721153,-30.3490230484658,42.7500035604949));
#2638=CARTESIAN_POINT('',(-49.8651702093362,-33.4602928856866,32.6499875076621));
#2639=CARTESIAN_POINT('',(-46.7539003721154,-30.3490230484658,32.6499875076621));
#2640=CARTESIAN_POINT('',(-49.8651702093362,-33.4602928856866,40.2249773500373));
#2641=CARTESIAN_POINT('Origin',(-39.7535432382467,-39.7535432383687,37.6999974348572));
#2642=CARTESIAN_POINT('',(-50.0773022435743,-29.4297842330411,30.6499866114333));
#2643=CARTESIAN_POINT('',(-50.0773022435743,-29.4297842330412,34.1749920231453));
#2644=CARTESIAN_POINT('',(-30.843997795238,-48.6630886813775,46.7500082582548));
#2645=CARTESIAN_POINT('',(-44.2083159597333,-35.2987705168821,46.7500082582548));
#2646=CARTESIAN_POINT('',(-29.4297842329192,-50.0773022436962,44.7500082583317));
#2647=CARTESIAN_POINT('Origin',(-30.843997795238,-48.6630886813775,44.7500082583317));
#2648=CARTESIAN_POINT('',(-29.4297842329193,-50.0773022436962,30.6499866117306));
#2649=CARTESIAN_POINT('',(-29.4297842329192,-50.0773022436962,41.2250028465944));
#2650=CARTESIAN_POINT('',(-30.8439977954839,-48.6630886811315,28.6499866114596));
#2651=CARTESIAN_POINT('Origin',(-30.843997795484,-48.6630886811315,30.6499866117306));
#2652=CARTESIAN_POINT('',(-48.6630886812198,-30.8439977953957,28.6499866114596));
#2653=CARTESIAN_POINT('',(-35.2987705168653,-44.2083159597501,28.6499866114596));
#2654=CARTESIAN_POINT('Origin',(-48.6630886812198,-30.8439977953957,30.6499866114333));
#2655=CARTESIAN_POINT('',(-48.6630886812584,-30.843997795357,44.7499947602409));
#2656=CARTESIAN_POINT('',(-30.8439977953573,-48.6630886812581,44.7499947602409));
#2657=CARTESIAN_POINT('',(-35.298770516802,-44.2083159598134,44.7499947602409));
#2658=CARTESIAN_POINT('',(-48.6630886812584,-30.8439977953571,30.6499947602409));
#2659=CARTESIAN_POINT('',(-48.6630886812584,-30.843997795357,41.2249960975491));
#2660=CARTESIAN_POINT('',(-30.8439977953574,-48.6630886812581,30.6499947602409));
#2661=CARTESIAN_POINT('',(-44.2083159597526,-35.2987705168629,30.6499947602409));
#2662=CARTESIAN_POINT('',(-30.8439977953574,-48.6630886812581,34.174996097549));
#2663=CARTESIAN_POINT('Origin',(-47.4610071532412,-29.6419162673399,30.6499947602409));
#2664=CARTESIAN_POINT('',(-50.572276990462,-32.7531861045607,30.6499947602409));
#2665=CARTESIAN_POINT('',(-47.4610071532412,-29.6419162673399,30.6499947602409));
#2666=CARTESIAN_POINT('',(-32.7531861045611,-50.5722769904617,30.6499947602409));
#2667=CARTESIAN_POINT('',(-45.0498821042577,-38.275580990765,30.6499947602409));
#2668=CARTESIAN_POINT('',(-29.6419162673402,-47.4610071532409,30.6499947602409));
#2669=CARTESIAN_POINT('Origin',(-47.4610071532413,-29.6419162673399,44.7499947602409));
#2670=CARTESIAN_POINT('',(-50.5722769904621,-32.7531861045607,44.7499947602409));
#2671=CARTESIAN_POINT('',(-47.4610071532413,-29.6419162673399,44.7499947602409));
#2672=CARTESIAN_POINT('',(-50.5722769904621,-32.7531861045607,41.2249729499102));
#2673=CARTESIAN_POINT('Origin',(-28.2277027049021,-48.8752207156791,44.7500082583317));
#2674=CARTESIAN_POINT('',(-31.3389725421229,-51.9864905528999,44.7500082583317));
#2675=CARTESIAN_POINT('',(-28.2277027049021,-48.8752207156791,44.7500082583317));
#2676=CARTESIAN_POINT('',(-31.3389725421229,-51.9864905528999,30.6499866117306));
#2677=CARTESIAN_POINT('',(-31.3389725421229,-51.9864905528999,41.2249796989556));
#2678=CARTESIAN_POINT('',(-28.2277027049021,-48.875220715679,30.6499866117306));
#2679=CARTESIAN_POINT('Origin',(-29.6419162672208,-47.4610071533603,44.7500082583317));
#2680=CARTESIAN_POINT('',(-32.7531861044417,-50.5722769905811,46.7500082582548));
#2681=CARTESIAN_POINT('',(-29.6419162672208,-47.4610071533603,46.7500082582548));
#2682=CARTESIAN_POINT('Origin',(-32.7531861044416,-50.5722769905811,44.7500082583317));
#2683=CARTESIAN_POINT('Origin',(-47.4610071532027,-29.6419162673785,46.7500082582548));
#2684=CARTESIAN_POINT('',(-45.0498821042385,-38.2755809907843,46.7500082582548));
#2685=CARTESIAN_POINT('Origin',(-30.3490230485582,-46.7539003720229,32.649987507901));
#2686=CARTESIAN_POINT('',(-33.460292885779,-49.8651702092438,32.649987507901));
#2687=CARTESIAN_POINT('',(-33.460292885779,-49.8651702092438,35.1749693237403));
#2688=CARTESIAN_POINT('',(-30.3490230485582,-46.7539003720229,32.649987507901));
#2689=CARTESIAN_POINT('Origin',(-31.0561298298988,-46.0467935906824,32.649987507901));
#2690=CARTESIAN_POINT('',(-34.1673996671196,-49.1580634279032,31.6499875076832));
#2691=CARTESIAN_POINT('Origin',(-34.1673996671196,-49.1580634279032,32.649987507901));
#2692=CARTESIAN_POINT('',(-31.0561298298988,-46.0467935906824,31.6499875076832));
#2693=CARTESIAN_POINT('Origin',(-46.0467935909437,-31.0561298296374,31.6499875076832));
#2694=CARTESIAN_POINT('',(-49.1580634281645,-34.1673996668582,31.6499875076832));
#2695=CARTESIAN_POINT('',(-44.342775323109,-38.9826877719138,31.6499875076832));
#2696=CARTESIAN_POINT('',(-46.0467935909437,-31.0561298296374,31.6499875076832));
#2697=CARTESIAN_POINT('Origin',(-46.0467935909437,-31.0561298296374,32.6499875076621));
#2698=CARTESIAN_POINT('Origin',(-49.1580634281645,-34.1673996668582,32.6499875076621));
#2699=CARTESIAN_POINT('Origin',(-29.6419162674668,-47.4610071531144,28.6499866114596));
#2700=CARTESIAN_POINT('',(-32.7531861046876,-50.5722769903352,28.6499866114596));
#2701=CARTESIAN_POINT('',(-29.6419162674668,-47.4610071531144,28.6499866114596));
#2702=CARTESIAN_POINT('',(-50.5722769904234,-32.7531861045993,28.6499866114596));
#2703=CARTESIAN_POINT('',(-36.1403366613705,-47.1851264336522,28.6499866114596));
#2704=CARTESIAN_POINT('',(-47.4610071532026,-29.6419162673785,28.6499866114596));
#2705=CARTESIAN_POINT('Origin',(-47.4610071532026,-29.6419162673785,30.6499866114333));
#2706=CARTESIAN_POINT('',(-51.986490552778,-31.3389725422448,30.6499866114333));
#2707=CARTESIAN_POINT('Origin',(-50.5722769904234,-32.7531861045993,30.6499866114333));
#2708=CARTESIAN_POINT('',(-48.8752207155571,-28.227702705024,30.6499866114333));
#2709=CARTESIAN_POINT('Origin',(-48.8752207155571,-28.227702705024,30.6499866114333));
#2710=CARTESIAN_POINT('',(-51.986490552778,-31.3389725422448,34.1749688755065));
#2711=CARTESIAN_POINT('Origin',(-48.627733342199,-28.4751900783822,22.8));
#2712=CARTESIAN_POINT('',(-48.9105760546734,-28.758032790857,25.5999999999998));
#2713=CARTESIAN_POINT('',(-46.9306770673511,-30.7379317781793,22.7999999999999));
#2714=CARTESIAN_POINT('Origin',(-48.9105760546736,-28.7580327908568,22.8));
#2715=CARTESIAN_POINT('',(-51.7390031794196,-31.5864599156032,25.5999999999999));
#2716=CARTESIAN_POINT('',(-48.6277333421988,-28.4751900783823,25.5999999999998));
#2717=CARTESIAN_POINT('',(-49.7591041920973,-33.5663589029255,22.7999999999999));
#2718=CARTESIAN_POINT('Origin',(-51.7390031794198,-31.586459915603,22.8));
#2719=CARTESIAN_POINT('',(-46.6478343548765,-30.4550890657047,22.7999999999999));
#2720=CARTESIAN_POINT('Origin',(-46.6478343548765,-30.4550890657047,22.7999999999999));
#2721=CARTESIAN_POINT('',(-46.9306770673511,-30.7379317781793,21.1999927563713));
#2722=CARTESIAN_POINT('',(-46.9306770673511,-30.7379317781793,30.2499968841573));
#2723=CARTESIAN_POINT('',(-49.7591041920973,-33.5663589029255,21.1999927563713));
#2724=CARTESIAN_POINT('',(-49.7591041920973,-33.5663589029255,30.2499755697897));
#2725=CARTESIAN_POINT('',(-46.6478343548765,-30.4550890657047,21.1999927563713));
#2726=CARTESIAN_POINT('Origin',(-46.6478343548765,-30.4550890657047,21.1999927563713));
#2727=CARTESIAN_POINT('',(-44.6307184511796,-33.0378903943508,21.1999927563713));
#2728=CARTESIAN_POINT('',(-41.8043760595717,-35.8642327859587,21.1999927563713));
#2729=CARTESIAN_POINT('',(-47.4591455759258,-35.866317519097,21.1999927563713));
#2730=CARTESIAN_POINT('',(-44.6432957050754,-38.6821673899474,21.1999927563713));
#2731=CARTESIAN_POINT('',(-44.347875738705,-32.7550476818761,21.1999927563713));
#2732=CARTESIAN_POINT('Origin',(-38.5514617102906,-38.5514617102905,18.896));
#2733=CARTESIAN_POINT('',(-33.0378903943509,-44.6307184511796,21.1999927563712));
#2734=CARTESIAN_POINT('Origin',(-38.8343044227653,-38.8343044227652,18.896));
#2735=CARTESIAN_POINT('',(-35.8663175190971,-47.4591455759257,21.1999927563712));
#2736=CARTESIAN_POINT('Origin',(-41.6627315475115,-41.6627315475113,18.896));
#2737=CARTESIAN_POINT('',(-32.7550476818762,-44.3478757387049,21.1999927563712));
#2738=CARTESIAN_POINT('Origin',(-32.7550476818762,-44.3478757387049,21.1999927563712));
#2739=CARTESIAN_POINT('',(-26.49529109106,-51.1733177544704,21.1999927563711));
#2740=CARTESIAN_POINT('',(-34.8579827230716,-42.8106261224588,21.1999927563712));
#2741=CARTESIAN_POINT('',(-29.3237182158062,-54.0017448792166,21.1999927563711));
#2742=CARTESIAN_POINT('',(-37.6969023685753,-45.6285607264475,21.1999927563712));
#2743=CARTESIAN_POINT('',(-26.2124483785854,-50.8904750419958,21.1999927563711));
#2744=CARTESIAN_POINT('Origin',(-26.2124483785854,-50.8904750419958,21.1999927563711));
#2745=CARTESIAN_POINT('',(-26.49529109106,-51.1733177544704,22.8));
#2746=CARTESIAN_POINT('',(-26.49529109106,-51.1733177544704,29.449993262343));
#2747=CARTESIAN_POINT('',(-29.3237182158062,-54.0017448792166,22.8));
#2748=CARTESIAN_POINT('',(-29.3237182158062,-54.0017448792166,29.4499719479754));
#2749=CARTESIAN_POINT('',(-26.2124483785854,-50.8904750419958,22.8));
#2750=CARTESIAN_POINT('Origin',(-24.232549391263,-52.8703740293181,22.7999999999999));
#2751=CARTESIAN_POINT('',(-24.5153921037376,-53.1532167417928,25.6));
#2752=CARTESIAN_POINT('Origin',(-24.5153921037376,-53.1532167417928,22.7999999999999));
#2753=CARTESIAN_POINT('',(-27.3438192284838,-55.981643866539,25.6));
#2754=CARTESIAN_POINT('Origin',(-27.3438192284838,-55.981643866539,22.8));
#2755=CARTESIAN_POINT('',(-24.232549391263,-52.8703740293182,25.6));
#2756=CARTESIAN_POINT('Origin',(-24.232549391263,-52.8703740293182,25.6));
#2757=CARTESIAN_POINT('',(-21.6869658942578,-55.9816429512726,25.5999999999999));
#2758=CARTESIAN_POINT('',(-30.596733577765,-47.0718752677654,25.6));
#2759=CARTESIAN_POINT('',(-24.515393019004,-58.8100700760188,25.5999999999999));
#2760=CARTESIAN_POINT('',(-33.4356532232687,-49.8898098717541,25.6));
#2761=CARTESIAN_POINT('',(-21.4041231817832,-55.698800238798,25.5999999999999));
#2762=CARTESIAN_POINT('Origin',(-21.4041231817832,-55.698800238798,25.5999999999999));
#2763=CARTESIAN_POINT('',(-21.6869633433635,-55.9816455021669,46.4499975414519));
#2764=CARTESIAN_POINT('',(-21.6869651540708,-55.9816436914596,31.649995050069));
#2765=CARTESIAN_POINT('',(-24.5153904681097,-58.8100726269131,46.4499975414519));
#2766=CARTESIAN_POINT('',(-24.5153922788196,-58.8100708162032,31.649973733134));
#2767=CARTESIAN_POINT('',(-21.4041206308889,-55.6988027896922,46.4499975414519));
#2768=CARTESIAN_POINT('Origin',(-21.4041206308889,-55.6988027896922,46.4499975414519));
#2769=CARTESIAN_POINT('',(-23.9850620178477,-53.6835468276827,46.4499975414519));
#2770=CARTESIAN_POINT('',(-29.1825191975779,-48.4860896479525,46.4499975414519));
#2771=CARTESIAN_POINT('',(-26.8134891425939,-56.5119739524289,46.4499975414519));
#2772=CARTESIAN_POINT('',(-32.0214388430816,-51.3040242519412,46.4499975414519));
#2773=CARTESIAN_POINT('',(-23.7022193053731,-53.400704115208,46.4499975414519));
#2774=CARTESIAN_POINT('Origin',(-23.7022193053731,-53.400704115208,55.7));
#2775=CARTESIAN_POINT('',(-28.9634114120621,-48.7051974334683,49.7004483113719));
#2776=CARTESIAN_POINT('Origin',(-23.9850620178477,-53.6835468276826,55.7));
#2777=CARTESIAN_POINT('',(-31.7918385368083,-51.5336245582145,49.7004483113719));
#2778=CARTESIAN_POINT('Origin',(-26.8134891425939,-56.5119739524288,55.7));
#2779=CARTESIAN_POINT('',(-28.6805686995875,-48.4223547209937,49.7004483113719));
#2780=CARTESIAN_POINT('Origin',(-29.6419162674668,-47.4610071531144,30.6499866117306));
#2781=CARTESIAN_POINT('Origin',(-32.7531861046876,-50.5722769903352,30.6499866117306));
#2782=CARTESIAN_POINT('Origin',(-51.42829822776,-25.6746251928212,25.5999999999999));
#2783=CARTESIAN_POINT('',(-44.1946079960135,-33.4740008495169,25.5999999999998));
#2784=CARTESIAN_POINT('',(-47.0335276415171,-36.2919354535057,25.5999999999998));
#2785=CARTESIAN_POINT('Origin',(-47.3195630099141,-29.783360410667,52.5134336705576));
#2786=CARTESIAN_POINT('',(-47.6024057223888,-30.0662031231416,52.5134336705576));
#2787=CARTESIAN_POINT('',(-47.6274071054564,-30.041201740074,45.1439447291228));
#2788=CARTESIAN_POINT('',(-47.3195630099141,-29.783360410667,52.5134336705576));
#2789=CARTESIAN_POINT('Origin',(-45.3396868096815,-31.7632366108997,52.5));
#2790=CARTESIAN_POINT('',(-43.6426534451274,-34.025955400403,52.5134699376051));
#2791=CARTESIAN_POINT('Origin',(-45.6225295221561,-32.0460793233743,52.5));
#2792=CARTESIAN_POINT('',(-46.4710805698736,-36.8543825251491,52.5134699376051));
#2793=CARTESIAN_POINT('',(-43.3598107326528,-33.7431126879283,52.5134699376051));
#2794=CARTESIAN_POINT('Origin',(-48.4509566469023,-34.8745064481205,52.5));
#2795=CARTESIAN_POINT('Origin',(-43.3655474767909,-33.7373759437903,54.1998983105278));
#2796=CARTESIAN_POINT('',(-43.6483901892655,-34.0202186562649,54.1998983105278));
#2797=CARTESIAN_POINT('',(-43.6202462184772,-34.0483626270532,45.9264265080713));
#2798=CARTESIAN_POINT('',(-46.4768173140117,-36.8486457810111,54.1998983105278));
#2799=CARTESIAN_POINT('',(-43.3655474767909,-33.7373759437903,54.1998983105278));
#2800=CARTESIAN_POINT('',(-46.4486735135456,-36.8767895814772,45.9264765776188));
#2801=CARTESIAN_POINT('Origin',(-33.2835161904507,-43.8194072301304,54.1999095227881));
#2802=CARTESIAN_POINT('',(-33.5663589029254,-44.102249942605,54.1999095227881));
#2803=CARTESIAN_POINT('',(-35.1222215647606,-42.5463872807698,54.1999077925081));
#2804=CARTESIAN_POINT('',(-36.3947860276716,-46.9306770673512,54.1999095227881));
#2805=CARTESIAN_POINT('',(-33.2835161904507,-43.8194072301304,54.1999095227881));
#2806=CARTESIAN_POINT('',(-37.9611412102761,-45.3643218847467,54.1999077808393));
#2807=CARTESIAN_POINT('Origin',(-33.2835161904507,-43.8194072301304,52.4999999999999));
#2808=CARTESIAN_POINT('',(-33.5663589029254,-44.102249942605,52.4999999999999));
#2809=CARTESIAN_POINT('',(-33.5663589029254,-44.102249942605,45.0999968841573));
#2810=CARTESIAN_POINT('',(-36.3947860276716,-46.9306770673512,52.4999999999999));
#2811=CARTESIAN_POINT('',(-33.2835161904507,-43.8194072301304,52.4999999999999));
#2812=CARTESIAN_POINT('',(-36.3947860276716,-46.9306770673512,45.0999755697897));
#2813=CARTESIAN_POINT('Origin',(-31.3036172031284,-45.7993062174527,52.4999999999999));
#2814=CARTESIAN_POINT('',(-31.5510315180897,-46.1175773274407,49.7004483113719));
#2815=CARTESIAN_POINT('Origin',(-31.586459915603,-46.0821489299274,52.4999999999999));
#2816=CARTESIAN_POINT('',(-34.3794586428359,-48.9460044521869,49.7004483113719));
#2817=CARTESIAN_POINT('',(-31.2681888056151,-45.834734614966,49.7004483113719));
#2818=CARTESIAN_POINT('Origin',(-34.4148870403492,-48.9105760546736,52.4999999999999));
#2819=CARTESIAN_POINT('Origin',(-28.6805686995875,-48.4223547209937,49.7004483113719));
#2820=CARTESIAN_POINT('',(-32.8207432319272,-44.8478656136032,49.7004483113719));
#2821=CARTESIAN_POINT('',(-35.6596628774309,-47.6658002175919,49.7004483113719));
#2822=CARTESIAN_POINT('Origin',(-39.5274872180535,-43.7979758769693,37.6999511395796));
#2823=CARTESIAN_POINT('Origin',(-29.6419162673402,-47.4610071532409,30.6499947602409));
#2824=CARTESIAN_POINT('',(-32.753186104561,-50.5722769904618,44.7499947602409));
#2825=CARTESIAN_POINT('',(-32.753186104561,-50.5722769904617,34.1749729499102));
#2826=CARTESIAN_POINT('',(-29.6419162673402,-47.461007153241,44.7499947602409));
#2827=CARTESIAN_POINT('Origin',(-29.6419162673402,-47.461007153241,44.7499947602409));
#2828=CARTESIAN_POINT('',(-36.1403366613072,-47.1851264337156,44.7499947602409));
#2829=CARTESIAN_POINT('Origin',(-39.5274872180535,-43.7979758769693,37.6999511395796));
#2830=CARTESIAN_POINT('Origin',(-36.6780750517923,-40.9905337937381,37.6999937683147));
#2831=CARTESIAN_POINT('',(-43.4360873837485,-34.2325214617819,19.1999937444031));
#2832=CARTESIAN_POINT('Origin',(-38.8343044227653,-38.8343044227651,18.896));
#2833=CARTESIAN_POINT('',(-51.6691858516413,-25.9994229938891,19.1999937444031));
#2834=CARTESIAN_POINT('',(-44.1736304517168,-33.4949783938136,19.1999937444031));
#2835=CARTESIAN_POINT('',(-53.0833994139392,-24.5852094315912,21.2000143700566));
#2836=CARTESIAN_POINT('Origin',(-51.6691858516413,-25.9994229938891,21.1999937444031));
#2837=CARTESIAN_POINT('',(-53.0832189294655,-24.5853899160649,45.9501237242705));
#2838=CARTESIAN_POINT('Origin',(-52.8003160565625,-24.3026073640186,54.20001441788));
#2839=CARTESIAN_POINT('',(-52.8005567014645,-24.3023667191166,21.2000143700566));
#2840=CARTESIAN_POINT('Origin',(-51.3863431391667,-25.7165802814145,21.1999937444031));
#2841=CARTESIAN_POINT('',(-51.3863431391667,-25.7165802814145,19.1999937444031));
#2842=CARTESIAN_POINT('Origin',(-51.3863431391667,-25.7165802814145,19.1999937444031));
#2843=CARTESIAN_POINT('',(-43.1532446712739,-33.9496787493073,19.1999937444031));
#2844=CARTESIAN_POINT('Origin',(-38.5514617102906,-38.5514617102905,18.896));
#2845=UNCERTAINTY_MEASURE_WITH_UNIT(LENGTH_MEASURE(0.01),#2849,
'DISTANCE_ACCURACY_VALUE',
'Maximum model space distance between geometric entities at asserted c
onnectivities');
#2846=UNCERTAINTY_MEASURE_WITH_UNIT(LENGTH_MEASURE(0.01),#2849,
'DISTANCE_ACCURACY_VALUE',
'Maximum model space distance between geometric entities at asserted c
onnectivities');
#2847=(
GEOMETRIC_REPRESENTATION_CONTEXT(3)
GLOBAL_UNCERTAINTY_ASSIGNED_CONTEXT((#2845))
GLOBAL_UNIT_ASSIGNED_CONTEXT((#2849,#2850,#2851))
REPRESENTATION_CONTEXT('','3D')
);
#2848=(
GEOMETRIC_REPRESENTATION_CONTEXT(3)
GLOBAL_UNCERTAINTY_ASSIGNED_CONTEXT((#2846))
GLOBAL_UNIT_ASSIGNED_CONTEXT((#2849,#2850,#2851))
REPRESENTATION_CONTEXT('','3D')
);
#2849=(
LENGTH_UNIT()
NAMED_UNIT(*)
SI_UNIT(.MILLI.,.METRE.)
);
#2850=(
NAMED_UNIT(*)
PLANE_ANGLE_UNIT()
SI_UNIT($,.RADIAN.)
);
#2851=(
NAMED_UNIT(*)
SI_UNIT($,.STERADIAN.)
SOLID_ANGLE_UNIT()
);
#2852=SHAPE_DEFINITION_REPRESENTATION(#2853,#2854);
#2853=PRODUCT_DEFINITION_SHAPE('',$,#2856);
#2854=SHAPE_REPRESENTATION('',(#1675),#2847);
#2855=PRODUCT_DEFINITION_CONTEXT('part definition',#2860,'design');
#2856=PRODUCT_DEFINITION('Enclosure Wallplate with SEN6X',
'Enclosure Wallplate with SEN6X v14',#2857,#2855);
#2857=PRODUCT_DEFINITION_FORMATION('',$,#2862);
#2858=PRODUCT_RELATED_PRODUCT_CATEGORY(
'Enclosure Wallplate with SEN6X v14',
'Enclosure Wallplate with SEN6X v14',(#2862));
#2859=APPLICATION_PROTOCOL_DEFINITION('international standard',
'automotive_design',2009,#2860);
#2860=APPLICATION_CONTEXT(
'Core Data for Automotive Mechanical Design Process');
#2861=PRODUCT_CONTEXT('part definition',#2860,'mechanical');
#2862=PRODUCT('Enclosure Wallplate with SEN6X',
'Enclosure Wallplate with SEN6X v14',$,(#2861));
#2863=PRESENTATION_STYLE_ASSIGNMENT((#2865));
#2864=PRESENTATION_STYLE_ASSIGNMENT((#2866));
#2865=SURFACE_STYLE_USAGE(.BOTH.,#2867);
#2866=SURFACE_STYLE_USAGE(.BOTH.,#2868);
#2867=SURFACE_SIDE_STYLE('',(#2869));
#2868=SURFACE_SIDE_STYLE('',(#2870));
#2869=SURFACE_STYLE_FILL_AREA(#2871);
#2870=SURFACE_STYLE_FILL_AREA(#2872);
#2871=FILL_AREA_STYLE('Steel - Satin',(#2873));
#2872=FILL_AREA_STYLE('Plastic - Matte (White)',(#2874));
#2873=FILL_AREA_STYLE_COLOUR('Steel - Satin',#2875);
#2874=FILL_AREA_STYLE_COLOUR('Plastic - Matte (White)',#2876);
#2875=COLOUR_RGB('Steel - Satin',0.627450980392157,0.627450980392157,0.627450980392157);
#2876=COLOUR_RGB('Plastic - Matte (White)',0.964705882352941,0.964705882352941,
0.952941176470588);
ENDSEC;
END-ISO-10303-21;
